{
	"format_version": "1.12.0",
	"minecraft:geometry": [
		{
			"description": {
				"identifier": "geometry.delta_beldum",
				"texture_width": 64,
				"texture_height": 32,
				"visible_bounds_width": 3,
				"visible_bounds_height": 2.5,
				"visible_bounds_offset": [0, 0.75, 0]
			},
			"bones": [
				{
					"name": "delta_beldum",
					"pivot": [0, 0, 0]
				},
				{
					"name": "body",
					"parent": "delta_beldum",
					"pivot": [0, 8, 0]
				},
				{
					"name": "torso",
					"parent": "body",
					"pivot": [0, 8, 0],
					"cubes": [
						{"origin": [-3.5, 5, 5], "size": [7, 7, 2], "uv": [19, 8]},
						{"origin": [-3, 5.5, -1.5], "size": [6, 5, 7], "uv": [0, 10]},
						{"origin": [3.2, 5.5, -1.5], "size": [0, 5, 7], "uv": [0, 20]},
						{"origin": [-3.2, 5.5, -1.5], "size": [0, 5, 7], "uv": [20, 20]},
						{"origin": [-3, 5.3, -1.5], "size": [6, 0, 7], "uv": [19, 19]}
					]
				},
				{
					"name": "vine_front",
					"parent": "torso",
					"pivot": [1.5, 4.99, 6],
					"cubes": [
						{"origin": [0.5, 4.99, 6], "size": [2, 0, 4], "uv": [34, 19]}
					]
				},
				{
					"name": "vine_right",
					"parent": "torso",
					"pivot": [-3.51, 9, 6],
					"cubes": [
						{"origin": [-3.51, 8, 6], "size": [0, 2, 4], "uv": [42, 15]}
					]
				},
				{
					"name": "vine_left",
					"parent": "torso",
					"pivot": [3.51, 10.5, 6],
					"cubes": [
						{"origin": [3.51, 9.5, 6], "size": [0, 2, 3], "uv": [42, 18]}
					]
				},
				{
					"name": "neck",
					"parent": "torso",
					"pivot": [0, 9.5, -1.45],
					"cubes": [
						{"origin": [-1, 7.5, -2.95], "size": [2, 2, 2], "uv": [15, 0]}
					]
				},
				{
					"name": "head",
					"parent": "neck",
					"pivot": [0.075, 7.78548, -4.30469],
					"cubes": [
						{"origin": [-2.5, 5.28413, -6.7845], "size": [5, 5, 5], "uv": [0, 0]},
						{"origin": [0.15, 5.63413, -6.7945], "size": [2, 2, 0], "uv": [20, 5]}
					]
				},
				{
					"name": "eye",
					"parent": "head",
					"pivot": [0, 7.78413, -6.7945],
					"cubes": [
						{"origin": [-1, 6.78413, -6.7945], "size": [2, 2, 0], "uv": [0, 0]},
						{"origin": [-1, 7.78413, -6.8145], "size": [1, 1, 0], "uv": [2, 2]}
					]
				},
				{
					"name": "pupil",
					"parent": "eye",
					"pivot": [-1, 9.33413, -1.7845],
					"cubes": [
						{"origin": [-0.5, 7.28413, -6.8045], "size": [1, 1, 0], "uv": [0, 2]}
					]
				},
				{
					"name": "eye_closed",
					"parent": "head",
					"pivot": [0, 7.78413, -6.6945],
					"cubes": [
						{"origin": [-1, 7.28413, -6.6945], "size": [2, 1, 0], "uv": [0, 3]}
					]
				},
				{
					"name": "upper_metal",
					"parent": "torso",
					"pivot": [0, 10.5, 5],
					"cubes": [
						{"origin": [-2, 9.5, -2], "size": [4, 2, 7], "inflate": 0.02, "uv": [30, 10]}
					]
				},
				{
					"name": "upper_metal2",
					"parent": "upper_metal",
					"pivot": [0.5, 9.5, -2],
					"rotation": [-22.5, 0, 0],
					"cubes": [
						{"origin": [-2, 9.5, -5], "size": [4, 2, 3], "inflate": 0.01, "uv": [0, 22]}
					]
				},
				{
					"name": "upper_metal3",
					"parent": "upper_metal2",
					"pivot": [0, 11.5, -5],
					"rotation": [37.5, 0, 0],
					"cubes": [
						{"origin": [-1.5, 10.5, -10], "size": [3, 1, 5], "uv": [20, 2]}
					]
				},
				{
					"name": "spikes",
					"parent": "torso",
					"pivot": [0, 8.5, 6.75]
				},
				{
					"name": "spike_right",
					"parent": "spikes",
					"pivot": [-2.1, 9.75, 7],
					"rotation": [0, 0, 120],
					"cubes": [
						{"origin": [-3.6, 9.75, 6.5], "size": [3, 0, 3], "uv": [14, 22], "mirror": true}
					]
				},
				{
					"name": "spike_bottom",
					"parent": "spikes",
					"pivot": [0, 6, 7],
					"cubes": [
						{"origin": [-1.5, 6, 6.5], "size": [3, 0, 3], "uv": [11, 25]}
					]
				},
				{
					"name": "spike_left",
					"parent": "spikes",
					"pivot": [2.1, 9.75, 7],
					"rotation": [0, 0, -120],
					"cubes": [
						{"origin": [0.6, 9.75, 6.5], "size": [3, 0, 3], "uv": [8, 22]}
					]
				}
			]
		}
	]
}