{
	"format_version": "1.12.0",
	"minecraft:geometry": [
		{
			"description": {
				"identifier": "geometry.breloom",
				"texture_width": 128,
				"texture_height": 64,
				"visible_bounds_width": 5,
				"visible_bounds_height": 3.5,
				"visible_bounds_offset": [0, 1.25, 0]
			},
			"bones": [
				{
					"name": "breloom",
					"pivot": [0, 0, 0]
				},
				{
					"name": "body",
					"parent": "breloom",
					"pivot": [0, 8.5, 0]
				},
				{
					"name": "torso",
					"parent": "body",
					"pivot": [0, 7, 0],
					"cubes": [
						{"origin": [-2, 12.35, -2], "size": [4, 2, 4], "uv": [21, 14]},
						{"origin": [-3.5, 4.85, -4], "size": [7, 7, 7], "uv": [0, 14]},
						{"origin": [-3, 11.85, -3.5], "size": [6, 1, 6], "uv": [0, 28]}
					]
				},
				{
					"name": "frills",
					"parent": "torso",
					"pivot": [0, 14.35, 0]
				},
				{
					"name": "frill",
					"parent": "frills",
					"pivot": [0, 14.35, -2],
					"rotation": [22.5, 0, 0],
					"cubes": [
						{"origin": [-1, 13.35, -6], "size": [2, 1, 4], "uv": [68, 23]}
					]
				},
				{
					"name": "frill2",
					"parent": "frills",
					"pivot": [0, 14.35, 2],
					"rotation": [-22.5, 0, 0],
					"cubes": [
						{"origin": [-1, 13.35, 2], "size": [2, 1, 4], "uv": [46, 10]}
					]
				},
				{
					"name": "frill3",
					"parent": "frills",
					"pivot": [2, 14.35, 0],
					"rotation": [0, 0, 22.5],
					"cubes": [
						{"origin": [2, 13.35, -1], "size": [4, 1, 2], "uv": [53, 19]}
					]
				},
				{
					"name": "frill4",
					"parent": "frills",
					"pivot": [-2, 14.35, 0],
					"rotation": [0, 0, -22.5],
					"cubes": [
						{"origin": [-6, 13.35, -1], "size": [4, 1, 2], "uv": [72, 29]}
					]
				},
				{
					"name": "frill5",
					"parent": "frills",
					"pivot": [1.25, 14.35, -1.25],
					"rotation": [0, 45, 0]
				},
				{
					"name": "frill5_2",
					"parent": "frill5",
					"pivot": [1.25, 14.35, -1.25],
					"rotation": [0, 0, 22.5],
					"cubes": [
						{"origin": [1.25, 13.35, -2.25], "size": [4, 1, 2], "uv": [52, 45]}
					]
				},
				{
					"name": "frill6",
					"parent": "frills",
					"pivot": [-1.25, 14.35, -1.25],
					"rotation": [0, -45, 0]
				},
				{
					"name": "frill6_2",
					"parent": "frill6",
					"pivot": [-1.25, 14.35, -1.25],
					"rotation": [0, 0, -22.5],
					"cubes": [
						{"origin": [-5.25, 13.35, -2.25], "size": [4, 1, 2], "uv": [62, 28]}
					]
				},
				{
					"name": "frill7",
					"parent": "frills",
					"pivot": [1.25, 14.35, 1.25],
					"rotation": [0, -45, 0]
				},
				{
					"name": "frill7_2",
					"parent": "frill7",
					"pivot": [1.25, 14.35, 1.25],
					"rotation": [0, 0, 22.5],
					"cubes": [
						{"origin": [1.25, 13.35, 0.25], "size": [4, 1, 2], "uv": [111, 1]}
					]
				},
				{
					"name": "frill8",
					"parent": "frills",
					"pivot": [-1.25, 14.35, 1.25],
					"rotation": [0, 45, 0]
				},
				{
					"name": "frill8_2",
					"parent": "frill8",
					"pivot": [-1.25, 14.35, 1.25],
					"rotation": [0, 0, -22.5],
					"cubes": [
						{"origin": [-5.25, 13.35, 0.25], "size": [4, 1, 2], "uv": [32, 30]}
					]
				},
				{
					"name": "tail",
					"parent": "torso",
					"pivot": [0, 4.85, -1],
					"cubes": [
						{"origin": [-2, 4.85, -1], "size": [4, 4, 6], "uv": [18, 30]}
					]
				},
				{
					"name": "tail2",
					"parent": "tail",
					"pivot": [0, 5.35, 5],
					"cubes": [
						{"origin": [-1.5, 5.35, 5], "size": [3, 3, 6], "uv": [0, 35]}
					]
				},
				{
					"name": "tail3",
					"parent": "tail2",
					"pivot": [0, 5.85, 11],
					"cubes": [
						{"origin": [-1, 5.85, 11], "size": [2, 2, 7], "uv": [31, 33]}
					]
				},
				{
					"name": "tail4",
					"parent": "tail3",
					"pivot": [0, 6.35, 18],
					"cubes": [
						{"origin": [-0.5, 6.35, 18], "size": [1, 1, 4], "uv": [52, 24]},
						{"origin": [-1.5, 5.35, 20], "size": [3, 3, 2], "inflate": 0.001, "uv": [116, 58]},
						{"origin": [1.5, 4.35, 22], "size": [0, 5, 4], "inflate": 0.001, "pivot": [1.5, 6.85, 22], "rotation": [0, 17.5, 0], "uv": [118, 29]},
						{"origin": [-1.5, 4.35, 22], "size": [0, 5, 4], "inflate": 0.001, "pivot": [-1.5, 6.85, 22], "rotation": [0, -17.5, 0], "uv": [120, 15], "mirror": true},
						{"origin": [-2.5, 8.35, 22], "size": [5, 0, 4], "inflate": 0.001, "pivot": [0, 8.35, 22], "rotation": [17.5, 0, 0], "uv": [114, 45]},
						{"origin": [-2.5, 5.35, 22], "size": [5, 0, 4], "inflate": 0.001, "pivot": [0, 5.35, 22], "rotation": [-17.5, 0, 0], "uv": [114, 39]}
					]
				},
				{
					"name": "arm_left",
					"parent": "torso",
					"pivot": [0.75, 10.35, 0.75],
					"rotation": [0, 60, 0],
					"cubes": [
						{"origin": [0.75, 9.35, -0.25], "size": [4, 2, 2], "uv": [80, 25]}
					]
				},
				{
					"name": "arm_left2",
					"parent": "arm_left",
					"pivot": [1.75, 10.35, 0.75],
					"cubes": [
						{"origin": [1.25, 9.35, -0.25], "size": [4, 2, 2], "inflate": 0.01, "uv": [49, 37]}
					]
				},
				{
					"name": "arm_left3",
					"parent": "arm_left2",
					"pivot": [2.25, 10.35, 0.75],
					"cubes": [
						{"origin": [1.75, 9.35, -0.25], "size": [4, 2, 2], "inflate": 0.02, "uv": [50, 6]}
					]
				},
				{
					"name": "arm_left4",
					"parent": "arm_left3",
					"pivot": [2.75, 10.35, 0.75],
					"cubes": [
						{"origin": [2.25, 9.35, -0.25], "size": [4, 2, 2], "inflate": 0.03, "uv": [90, 27]}
					]
				},
				{
					"name": "arm_left5",
					"parent": "arm_left4",
					"pivot": [3.25, 10.35, 0.75],
					"cubes": [
						{"origin": [2.75, 9.35, -0.25], "size": [4, 2, 2], "inflate": 0.04, "uv": [51, 41]}
					]
				},
				{
					"name": "arm_left6",
					"parent": "arm_left5",
					"pivot": [4.75, 10.35, 0.75],
					"cubes": [
						{"origin": [4.25, 9.35, -0.25], "size": [2, 2, 2], "inflate": 0.05, "uv": [63, 13]}
					]
				},
				{
					"name": "hand_left",
					"parent": "arm_left6",
					"pivot": [6.5, 10.35, 0.75],
					"rotation": [0, 0, 42.5],
					"cubes": [
						{"origin": [9.35, 9.35, -0.25], "size": [2, 2, 2], "inflate": 0.06, "pivot": [9.35, 11.35, 0.75], "rotation": [0, 0, 27.5], "uv": [58, 22]},
						{"origin": [6.35, 9.35, -0.75], "size": [3, 2, 3], "inflate": 0.06, "uv": [44, 19]}
					]
				},
				{
					"name": "arm_right",
					"parent": "torso",
					"pivot": [-0.75, 10.35, 0.75],
					"rotation": [0, -60, 0],
					"cubes": [
						{"origin": [-4.75, 9.35, -0.25], "size": [4, 2, 2], "uv": [49, 15]}
					]
				},
				{
					"name": "arm_right2",
					"parent": "arm_right",
					"pivot": [-1.75, 10.35, 0.75],
					"cubes": [
						{"origin": [-5.25, 9.35, -0.25], "size": [4, 2, 2], "inflate": 0.01, "uv": [48, 0]}
					]
				},
				{
					"name": "arm_right3",
					"parent": "arm_right2",
					"pivot": [-2.25, 10.35, 0.75],
					"cubes": [
						{"origin": [-5.75, 9.35, -0.25], "size": [4, 2, 2], "inflate": 0.02, "uv": [42, 47]}
					]
				},
				{
					"name": "arm_right4",
					"parent": "arm_right3",
					"pivot": [-2.75, 10.35, 0.75],
					"cubes": [
						{"origin": [-6.25, 9.35, -0.25], "size": [4, 2, 2], "inflate": 0.03, "uv": [44, 24]}
					]
				},
				{
					"name": "arm_right5",
					"parent": "arm_right4",
					"pivot": [-3.25, 10.35, 0.75],
					"cubes": [
						{"origin": [-6.75, 9.35, -0.25], "size": [4, 2, 2], "inflate": 0.04, "uv": [36, 8]}
					]
				},
				{
					"name": "arm_right6",
					"parent": "arm_right5",
					"pivot": [-4.75, 10.35, 0.75],
					"cubes": [
						{"origin": [-6.25, 9.35, -0.25], "size": [2, 2, 2], "inflate": 0.05, "uv": [54, 10]}
					]
				},
				{
					"name": "hand_right",
					"parent": "arm_right6",
					"pivot": [-6.5, 10.35, 0.75],
					"rotation": [0, 0, -42.5],
					"cubes": [
						{"origin": [-11.35, 9.35, -0.25], "size": [2, 2, 2], "inflate": 0.06, "pivot": [-9.35, 11.35, 0.75], "rotation": [0, 0, -27.5], "uv": [24, 40]},
						{"origin": [-9.35, 9.35, -0.75], "size": [3, 2, 3], "inflate": 0.06, "uv": [37, 14]}
					]
				},
				{
					"name": "neck",
					"parent": "torso",
					"pivot": [0, 14.35, -0.25],
					"cubes": [
						{"origin": [-1, 12.35, -1.25], "size": [2, 5, 2], "uv": [89, 0]}
					]
				},
				{
					"name": "head",
					"parent": "neck",
					"pivot": [0, 16.6, -0.2],
					"cubes": [
						{"origin": [-2, 16.35, -2.5], "size": [4, 4, 4], "inflate": -0.001, "uv": [36, 0]},
						{"origin": [-2, 17.55, -4.5], "size": [4, 3, 4], "pivot": [0, 17.6, -1.7], "rotation": [35, 0, 0], "uv": [42, 30]}
					]
				},
				{
					"name": "jaw",
					"parent": "head",
					"pivot": [0, 16.85, -2],
					"rotation": [12.5, 0, 0],
					"cubes": [
						{"origin": [-1.5, 16.35, -4], "size": [3, 1, 3], "uv": [102, 1]}
					]
				},
				{
					"name": "eye_right",
					"parent": "head",
					"pivot": [-1.51, 18.35, -1.5],
					"cubes": [
						{"origin": [-2.01, 17.35, -2.5], "size": [1, 2, 2], "uv": [0, 35]}
					]
				},
				{
					"name": "eyelid_right",
					"parent": "eye_right",
					"pivot": [-1.51, 18.35, -1.5],
					"cubes": [
						{"origin": [-1.91, 17.35, -2.5], "size": [1, 2, 2], "inflate": 0.01, "uv": [18, 30]}
					]
				},
				{
					"name": "eye_left",
					"parent": "head",
					"pivot": [1.51, 18.35, -1.5],
					"cubes": [
						{"origin": [1.01, 17.35, -2.5], "size": [1, 2, 2], "uv": [0, 14]}
					]
				},
				{
					"name": "eyelid_left",
					"parent": "eye_left",
					"pivot": [1.41, 18.35, -1.5],
					"cubes": [
						{"origin": [0.91, 17.35, -2.5], "size": [1, 2, 2], "inflate": 0.01, "uv": [0, 28]}
					]
				},
				{
					"name": "hat",
					"parent": "head",
					"pivot": [0, 21.3, -0.05],
					"cubes": [
						{"origin": [-6, 19.3, -6.05], "size": [12, 2, 12], "pivot": [0, 21.3, -0.05], "rotation": [-22.5, 0, 0], "uv": [0, 0]},
						{"origin": [-10, 19.45224, -6.81537], "size": [4, 0, 12], "pivot": [-6, 19.45224, -0.81537], "rotation": [-16.32495, -15.69986, -42.73421], "uv": [64, 34]},
						{"origin": [6, 19.45224, -6.81537], "size": [4, 0, 12], "pivot": [6, 19.45224, -0.81537], "rotation": [-16.32495, 15.69986, 42.73421], "uv": [56, 34], "mirror": true},
						{"origin": [-4, 21.3, -4.05], "size": [8, 2, 8], "pivot": [0, 21.3, -0.05], "rotation": [-22.5, 0, 0], "uv": [20, 20]}
					]
				},
				{
					"name": "bone2",
					"parent": "hat",
					"pivot": [0, 17.155, 4.728],
					"rotation": [-65, 0, 0],
					"cubes": [
						{"origin": [-6, 17.155, 4.728], "size": [12, 0, 4], "uv": [80, 39]}
					]
				},
				{
					"name": "bone",
					"parent": "hat",
					"pivot": [0, 21.8, -6.3],
					"cubes": [
						{"origin": [-6, 21.75, -10.357], "size": [12, 0, 4], "pivot": [0, 21.75, -6.357], "rotation": [17.5, 0, 0], "uv": [80, 35]}
					]
				},
				{
					"name": "bone3",
					"parent": "hat",
					"pivot": [0, 24.99552, 1.48073],
					"rotation": [-10, 0, 0],
					"cubes": [
						{"origin": [-3, 21.99552, -1.51927], "size": [6, 4, 5], "uv": [85, 15]},
						{"origin": [-3, 25.99552, 3.48073], "size": [6, 4, 0], "pivot": [0, 25.99552, 3.48073], "rotation": [-17.5, 0, 0], "uv": [98, 56]},
						{"origin": [3, 25.99552, -1.51927], "size": [0, 4, 5], "pivot": [3, 25.99552, 0.98073], "rotation": [0, 0, 17.5], "uv": [88, 51]},
						{"origin": [-3, 25.99552, -1.51927], "size": [6, 4, 0], "pivot": [0, 25.99552, -1.51927], "rotation": [17.5, 0, 0], "uv": [98, 60]},
						{"origin": [-3, 25.99552, -1.51927], "size": [0, 4, 5], "pivot": [-3, 25.99552, 0.98073], "rotation": [0, 0, -17.5], "uv": [88, 55], "mirror": true}
					]
				},
				{
					"name": "leg_left",
					"parent": "body",
					"pivot": [3, 7.3088, -1.09672],
					"rotation": [-5, 0, 0],
					"cubes": [
						{"origin": [2, 3.3126, -2.50956], "size": [3, 5, 4], "uv": [28, 42]}
					]
				},
				{
					"name": "leg_left2",
					"parent": "leg_left",
					"pivot": [3, 3.84403, 2.00937],
					"rotation": [2.5, 0, 0],
					"cubes": [
						{"origin": [2.5, 0.56203, -0.11997], "size": [2, 4, 3], "uv": [0, 44]}
					]
				},
				{
					"name": "foot_left",
					"parent": "leg_left2",
					"pivot": [3, 1.58241, 1.31413],
					"rotation": [2.5, 0, 0],
					"cubes": [
						{"origin": [2, 0.33241, -0.93587], "size": [3, 2, 3], "uv": [42, 42]},
						{"origin": [2.25, 0.33241, -3.93587], "size": [1, 2, 3], "inflate": 0.01, "pivot": [3.25, 1.33241, -0.93587], "rotation": [0, 7.5, 0], "uv": [97, 2]},
						{"origin": [3.75, 0.33241, -3.93587], "size": [1, 2, 3], "inflate": 0.01, "pivot": [3.75, 1.33241, -0.93587], "rotation": [0, -7.5, 0], "uv": [67, 2]}
					]
				},
				{
					"name": "leg_right",
					"parent": "body",
					"pivot": [-3, 7.3088, -1.09672],
					"rotation": [-5, 0, 0],
					"cubes": [
						{"origin": [-5, 3.3126, -2.50956], "size": [3, 5, 4], "uv": [14, 40]}
					]
				},
				{
					"name": "leg_right2",
					"parent": "leg_right",
					"pivot": [-3, 3.84403, 2.00937],
					"rotation": [2.5, 0, 0],
					"cubes": [
						{"origin": [-4.5, 0.56203, -0.11997], "size": [2, 4, 3], "uv": [0, 5]}
					]
				},
				{
					"name": "foot_right",
					"parent": "leg_right2",
					"pivot": [-3, 1.58241, 1.31413],
					"rotation": [2.5, 0, 0],
					"cubes": [
						{"origin": [-5, 0.33241, -0.93587], "size": [3, 2, 3], "uv": [0, 0]},
						{"origin": [-3.25, 0.33241, -3.93587], "size": [1, 2, 3], "inflate": 0.01, "pivot": [-3.25, 1.33241, -0.93587], "rotation": [0, -7.5, 0], "uv": [74, 12]},
						{"origin": [-4.75, 0.33241, -3.93587], "size": [1, 2, 3], "inflate": 0.01, "pivot": [-3.75, 1.33241, -0.93587], "rotation": [0, 7.5, 0], "uv": [54, 29]}
					]
				}
			]
		}
	]
}