{
	"format_version": "1.12.0",
	"minecraft:geometry": [
		{
			"description": {
				"identifier": "geometry.wyveon",
				"texture_width": 64,
				"texture_height": 64,
				"visible_bounds_width": 6,
				"visible_bounds_height": 3.5,
				"visible_bounds_offset": [0, 1.25, 0]
			},
			"bones": [
				{
					"name": "vaporeon",
					"pivot": [0, 0, 0]
				},
				{
					"name": "body",
					"parent": "vaporeon",
					"pivot": [0, 9.75, 0]
				},
				{
					"name": "torso",
					"parent": "body",
					"pivot": [0, 9.75, 0],
					"cubes": [
						{"origin": [-3.5, 6.74997, -7], "size": [7, 6, 7], "uv": [22, 7]},
						{"origin": [0, 12.74997, -6.98093], "size": [0, 4, 7], "uv": [14, 38]}
					]
				},
				{
					"name": "head",
					"parent": "torso",
					"pivot": [0, 11.49997, -6.48093],
					"cubes": [
						{"origin": [-3.5, 9.99997, -12.5], "size": [7, 7, 7], "inflate": 0.01, "uv": [0, 0]},
						{"origin": [3.5, 8.99997, -9.75], "size": [4, 6, 0], "pivot": [3.5, 12.49997, -9.75], "rotation": [0, -37.5, 0], "uv": [35, 0]},
						{"origin": [-7.5, 8.99997, -9.75], "size": [4, 6, 0], "pivot": [-3.5, 12.49997, -9.75], "rotation": [0, 37.5, 0], "uv": [35, 0], "mirror": true},
						{"origin": [-1, 15.99997, -13.48093], "size": [2, 2, 2], "pivot": [0, 17.99997, -12.48093], "rotation": [32.5, 0, 0], "uv": [50, 12]},
						{"origin": [-0.5, 16.99997, -12.98093], "size": [1, 2, 1], "pivot": [0, 17.99997, -12.48093], "rotation": [32.5, 0, 0], "uv": [18, 32]}
					]
				},
				{
					"name": "muzzle",
					"parent": "head",
					"pivot": [0, 10.92497, -12.005],
					"rotation": [7.5, 0, 0],
					"cubes": [
						{"origin": [-2.5, 10.04997, -13.5], "size": [5, 3, 2], "uv": [12, 49]},
						{"origin": [-1.25, 11.79997, -13.51], "size": [1, 1, 0], "pivot": [-1, 12.29997, -13.51], "rotation": [0, 0, 17.5], "uv": [0, 6]},
						{"origin": [0.25, 11.79997, -13.51], "size": [1, 1, 0], "pivot": [1, 12.29997, -13.51], "rotation": [0, 0, -17.5], "uv": [0, 6], "mirror": true}
					]
				},
				{
					"name": "mouth",
					"parent": "muzzle",
					"pivot": [0, 0.55, 0.5],
					"cubes": [
						{"origin": [-2.23744, 10.51967, -13.51], "size": [1, 1, 0], "pivot": [-1.73744, 11.01967, -13.535], "rotation": [-10.15108, 9.84655, 43.24622], "uv": [0, 19]},
						{"origin": [1.23744, 10.51967, -13.51], "size": [1, 1, 0], "pivot": [1.73744, 11.01967, -13.535], "rotation": [-10.15108, -9.84655, -43.24622], "uv": [0, 19], "mirror": true}
					]
				},
				{
					"name": "horn_left",
					"parent": "head",
					"pivot": [2.125, 21.59901, -6.50246],
					"cubes": [
						{"origin": [1.25, 14.99997, -12.83093], "size": [2, 2, 2], "pivot": [2.5, 16.24997, -11.73093], "rotation": [0, 0, -12.5], "uv": [32, 37]},
						{"origin": [1.125, 16.67497, -12.75593], "size": [2, 5, 2], "inflate": 0.01, "pivot": [2.125, 16.67497, -12.75593], "rotation": [-22.5, 0, 0], "uv": [0, 27]},
						{"origin": [1.625, 21.29429, -10.83175], "size": [1, 4, 2], "pivot": [2.125, 21.32139, -10.83692], "rotation": [-62.29788, 6.64851, 3.47875], "uv": [0, 0]},
						{"origin": [2.64357, 22.24857, -7.87892], "size": [0, 2, 1], "pivot": [2.64357, 22.24857, -6.87892], "rotation": [-36.42117, 11.89618, 8.91015], "uv": [0, 26]}
					]
				},
				{
					"name": "horn_right",
					"parent": "head",
					"pivot": [-2.125, 21.59901, -6.50246],
					"cubes": [
						{"origin": [-3.25, 14.99997, -12.80593], "size": [2, 2, 2], "pivot": [-2.5, 16.24997, -11.73093], "rotation": [0, 0, 12.5], "uv": [32, 37], "mirror": true},
						{"origin": [-3.125, 16.67497, -12.75593], "size": [2, 5, 2], "inflate": 0.01, "pivot": [-2.125, 16.67497, -12.75593], "rotation": [-22.5, 0, 0], "uv": [0, 27], "mirror": true},
						{"origin": [-2.625, 21.29429, -10.83175], "size": [1, 4, 2], "pivot": [-2.125, 21.32139, -10.83692], "rotation": [-62.29788, -6.64851, -3.47875], "uv": [0, 0], "mirror": true},
						{"origin": [-2.64357, 22.24857, -7.87892], "size": [0, 2, 1], "pivot": [-2.64357, 22.24857, -6.87892], "rotation": [-36.42117, -11.89618, -8.91015], "uv": [0, 26], "mirror": true}
					]
				},
				{
					"name": "eyes",
					"parent": "head",
					"pivot": [0, 14.12178, -12.48093]
				},
				{
					"name": "eye_left",
					"parent": "eyes",
					"pivot": [2.515, 14.25, -12.015],
					"cubes": [
						{"origin": [1.515, 13.25, -12.515], "size": [2, 2, 1], "uv": [18, 54]}
					]
				},
				{
					"name": "eyelid_left",
					"parent": "eye_left",
					"pivot": [2.415, 14.25, -11.915],
					"cubes": [
						{"origin": [1.415, 13.25, -12.415], "size": [2, 2, 1], "inflate": 0.01, "uv": [12, 54]}
					]
				},
				{
					"name": "eye_right",
					"parent": "eyes",
					"pivot": [-2.515, 14.25, -12.015],
					"cubes": [
						{"origin": [-3.515, 13.25, -12.515], "size": [2, 2, 1], "uv": [18, 54], "mirror": true}
					]
				},
				{
					"name": "eyelid_right",
					"parent": "eye_right",
					"pivot": [-2.415, 14.25, -11.915],
					"cubes": [
						{"origin": [-3.415, 13.25, -12.415], "size": [2, 2, 1], "inflate": 0.01, "uv": [12, 54], "mirror": true}
					]
				},
				{
					"name": "ear_left",
					"parent": "head",
					"pivot": [2.5, 13.99997, -9.48093],
					"rotation": [0, -12.5, 0],
					"cubes": [
						{"origin": [0.61777, 14.56181, -9.9288], "size": [7, 12, 0], "pivot": [3.21644, 14.99997, -9.50463], "rotation": [-20.98998, -31.81666, 36.04466], "uv": [43, 0]}
					]
				},
				{
					"name": "ear_right",
					"parent": "head",
					"pivot": [-2.5, 13.99997, -8.48093],
					"rotation": [0, 12.5, 0],
					"cubes": [
						{"origin": [-7.92853, 14.86619, -10.11174], "size": [7, 12, 0], "pivot": [-3, 14.99997, -10.48093], "rotation": [-20.98998, 31.81666, -36.04466], "uv": [43, 0], "mirror": true}
					]
				},
				{
					"name": "hips",
					"parent": "torso",
					"pivot": [0, 9.74997, 0.01907],
					"cubes": [
						{"origin": [-3.5, 6.74997, 0], "size": [7, 6, 7], "uv": [21, 20]},
						{"origin": [0, 12.74997, 0.01907], "size": [0, 5, 7], "uv": [0, 34]}
					]
				},
				{
					"name": "leg_back_left",
					"parent": "hips",
					"pivot": [2.5, 8.99997, 4.75],
					"rotation": [5, 0, 0],
					"cubes": [
						{"origin": [1, 4.49997, 2.75], "size": [3, 6, 4], "inflate": 0.01, "uv": [44, 33]}
					]
				},
				{
					"name": "leg_back_left2",
					"parent": "leg_back_left",
					"pivot": [2.5, 4.49997, 6.25],
					"rotation": [-12.5, 0, 0],
					"cubes": [
						{"origin": [1, 0.74997, 4.25], "size": [3, 4, 4], "uv": [46, 16]}
					]
				},
				{
					"name": "leg_back_left3",
					"parent": "leg_back_left2",
					"pivot": [2.5, 1.24997, 5.75],
					"rotation": [7.5, 0, 0],
					"cubes": [
						{"origin": [1, -0.25003, 4], "size": [3, 2, 3], "inflate": 0.01, "uv": [49, 26]},
						{"origin": [1.5, -0.25003, 3], "size": [0, 1, 1], "uv": [4, 18]},
						{"origin": [2.5, -0.25003, 3], "size": [0, 1, 1], "uv": [4, 0]},
						{"origin": [3.5, -0.25003, 3], "size": [0, 1, 1], "uv": [0, 0]}
					]
				},
				{
					"name": "leg_back_right",
					"parent": "hips",
					"pivot": [-2.5, 8.99997, 4.75],
					"rotation": [5, 0, 0],
					"cubes": [
						{"origin": [-4, 4.49997, 2.75], "size": [3, 6, 4], "inflate": 0.01, "uv": [44, 33], "mirror": true}
					]
				},
				{
					"name": "leg_back_right2",
					"parent": "leg_back_right",
					"pivot": [-2.5, 4.49997, 6.25],
					"rotation": [-12.5, 0, 0],
					"cubes": [
						{"origin": [-4, 0.74997, 4.25], "size": [3, 4, 4], "uv": [46, 16], "mirror": true}
					]
				},
				{
					"name": "leg_back_right3",
					"parent": "leg_back_right2",
					"pivot": [-2.5, 1.24997, 5.75],
					"rotation": [7.5, 0, 0],
					"cubes": [
						{"origin": [-4, -0.25003, 4], "size": [3, 2, 3], "inflate": 0.01, "uv": [49, 26], "mirror": true},
						{"origin": [-1.5, -0.25003, 3], "size": [0, 1, 1], "uv": [4, 18], "mirror": true},
						{"origin": [-2.5, -0.25003, 3], "size": [0, 1, 1], "uv": [4, 0], "mirror": true},
						{"origin": [-3.5, -0.25003, 3], "size": [0, 1, 1], "uv": [0, 0], "mirror": true}
					]
				},
				{
					"name": "tail",
					"parent": "hips",
					"pivot": [0.07143, 9.67854, 6.98336],
					"cubes": [
						{"origin": [-2.5, 6.74997, 7], "size": [5, 6, 8], "uv": [0, 27]},
						{"origin": [0, 12.74997, 7.01907], "size": [0, 4, 8], "uv": [32, 25]}
					]
				},
				{
					"name": "tail2",
					"parent": "tail",
					"pivot": [0, 8.99997, 15.01907],
					"cubes": [
						{"origin": [-1.5, 7.74997, 14], "size": [3, 4, 8], "uv": [18, 33]},
						{"origin": [0, 11.74997, 15.01907], "size": [0, 3, 7], "uv": [0, 39]}
					]
				},
				{
					"name": "tail3",
					"parent": "tail2",
					"pivot": [0, 8.74997, 22.01907],
					"cubes": [
						{"origin": [-1, 8.74997, 21], "size": [2, 2, 7], "uv": [33, 38]},
						{"origin": [0, 10.74997, 22.01907], "size": [0, 2, 6], "uv": [42, 18]}
					]
				},
				{
					"name": "tailfin",
					"parent": "tail3",
					"pivot": [0, 8.74997, 27.51907],
					"cubes": [
						{"origin": [-3.5, 9.74997, 27.01907], "size": [7, 0, 7], "uv": [14, 0]}
					]
				},
				{
					"name": "fur_front",
					"parent": "torso",
					"pivot": [0, 8.5, -8.75],
					"cubes": [
						{"origin": [-4, 6.5, -7.25], "size": [8, 7, 6], "inflate": 0.05, "pivot": [0, 8.5, -8.75], "rotation": [5, 0, 0], "uv": [0, 14]}
					]
				},
				{
					"name": "leg_front_left",
					"parent": "body",
					"pivot": [2.5, 9, -4.5],
					"rotation": [7.5, 0, 0],
					"cubes": [
						{"origin": [1, 4.5, -6], "size": [3, 6, 3], "inflate": 0.01, "uv": [42, 47]},
						{"origin": [4, 3.5, -3], "size": [5, 7, 0], "pivot": [4, 7.5, -3], "rotation": [0, -50, 0], "uv": [42, 56]}
					]
				},
				{
					"name": "leg_front_left2",
					"parent": "leg_front_left",
					"pivot": [2.5, 4.5, -3],
					"rotation": [-22.5, 0, 0],
					"cubes": [
						{"origin": [1, 0.5, -6], "size": [3, 4, 3], "uv": [0, 49]},
						{"origin": [4, 0.5, -3], "size": [4, 5, 0], "pivot": [4, 2.5, -3], "rotation": [0, -50, 0], "uv": [0, 14]}
					]
				},
				{
					"name": "leg_front_left3",
					"parent": "leg_front_left2",
					"pivot": [2.5, 1, -4.5],
					"rotation": [15, 0, 0],
					"cubes": [
						{"origin": [1, -0.75, -6.25], "size": [3, 2, 3], "inflate": 0.01, "uv": [51, 43]},
						{"origin": [1.5, -0.75, -7.25], "size": [0, 1, 1], "uv": [6, 27]},
						{"origin": [2.5, -0.75, -7.25], "size": [0, 1, 1], "uv": [18, 26]},
						{"origin": [3.5, -0.75, -7.25], "size": [0, 1, 1], "uv": [6, 26]}
					]
				},
				{
					"name": "leg_front_right",
					"parent": "body",
					"pivot": [-2.5, 9, -4.5],
					"rotation": [7.5, 0, 0],
					"cubes": [
						{"origin": [-4, 4.5, -6], "size": [3, 6, 3], "inflate": 0.01, "uv": [42, 47], "mirror": true},
						{"origin": [-9, 3.5, -3], "size": [5, 7, 0], "pivot": [-4, 7.5, -3], "rotation": [0, 50, 0], "uv": [42, 56], "mirror": true}
					]
				},
				{
					"name": "leg_front_right2",
					"parent": "leg_front_right",
					"pivot": [-2.5, 4.5, -3],
					"rotation": [-22.5, 0, 0],
					"cubes": [
						{"origin": [-4, 0.5, -6], "size": [3, 4, 3], "uv": [0, 49], "mirror": true},
						{"origin": [-8, 0.5, -3], "size": [4, 5, 0], "pivot": [-4, 2.5, -3], "rotation": [0, 50, 0], "uv": [0, 14], "mirror": true}
					]
				},
				{
					"name": "leg_front_right3",
					"parent": "leg_front_right2",
					"pivot": [-2.5, 1, -4.5],
					"rotation": [15, 0, 0],
					"cubes": [
						{"origin": [-4, -0.75, -6.25], "size": [3, 2, 3], "inflate": 0.01, "uv": [51, 43], "mirror": true},
						{"origin": [-1.5, -0.75, -7.25], "size": [0, 1, 1], "uv": [6, 27], "mirror": true},
						{"origin": [-2.5, -0.75, -7.25], "size": [0, 1, 1], "uv": [18, 26], "mirror": true},
						{"origin": [-3.5, -0.75, -7.25], "size": [0, 1, 1], "uv": [6, 26], "mirror": true}
					]
				}
			]
		}
	]
}