{
	"format_version": "1.12.0",
	"minecraft:geometry": [
		{
			"description": {
				"identifier": "geometry.delta_dragonite",
				"texture_width": 128,
				"texture_height": 128,
				"visible_bounds_width": 6,
				"visible_bounds_height": 8,
				"visible_bounds_offset": [0, 1, 0]
			},
			"bones": [
				{
					"name": "delta_dragonite",
					"pivot": [0, 0, 0]
				},
				{
					"name": "body",
					"parent": "delta_dragonite",
					"pivot": [-0.5, 24, 0]
				},
				{
					"name": "torso",
					"parent": "body",
					"pivot": [0, 19, 0],
					"cubes": [
						{"origin": [-4.5, 19, -3], "size": [9, 11, 6], "uv": [46, 42]},
						{"origin": [-3.5, 30, -2.5], "size": [7, 1, 5], "uv": [72, 13]}
					]
				},
				{
					"name": "neck",
					"parent": "torso",
					"pivot": [0, 30, 0],
					"cubes": [
						{"origin": [-4, 30, -3], "size": [8, 7, 6], "uv": [0, 0]}
					]
				},
				{
					"name": "neck2",
					"parent": "neck",
					"pivot": [0, 37, 0],
					"cubes": [
						{"origin": [-3.5, 36, -2.5], "size": [7, 8, 5], "inflate": 0.01, "uv": [54, 0]}
					]
				},
				{
					"name": "neck3",
					"parent": "neck2",
					"pivot": [0, 44, 0],
					"cubes": [
						{"origin": [-2.5, 43, -2.5], "size": [5, 11, 5], "uv": [45, 59]}
					]
				},
				{
					"name": "head",
					"parent": "neck3",
					"pivot": [0, 52, 0],
					"cubes": [
						{"origin": [-3, 52, -6], "size": [6, 7, 9], "uv": [30, 23]},
						{"origin": [-2, 52.25, -9], "size": [4, 4, 3], "uv": [76, 48]}
					]
				},
				{
					"name": "eye_left",
					"parent": "head",
					"pivot": [3.01, 56.5, -3.5],
					"rotation": [15, 0, 0],
					"cubes": [
						{"origin": [3.01, 55, -5.5], "size": [0, 3, 4], "uv": [21, 82]}
					]
				},
				{
					"name": "eyelid_left",
					"parent": "eye_left",
					"pivot": [-0.5, 0, 0],
					"cubes": [
						{"origin": [1.92, 55, -5.5], "size": [1, 3, 4], "inflate": 0.01, "uv": [4, 88]}
					]
				},
				{
					"name": "eye_right",
					"parent": "head",
					"pivot": [-3.01, 56.5, -3.5],
					"rotation": [15, 0, 0],
					"cubes": [
						{"origin": [-3.01, 55, -5.5], "size": [0, 3, 4], "uv": [21, 82], "mirror": true}
					]
				},
				{
					"name": "eyelid_right",
					"parent": "eye_right",
					"pivot": [0.5, 0, 0],
					"cubes": [
						{"origin": [-2.92, 55, -5.5], "size": [1, 3, 4], "inflate": 0.01, "uv": [4, 88], "mirror": true}
					]
				},
				{
					"name": "horn",
					"parent": "head",
					"pivot": [0, 61.75, -7.25],
					"rotation": [30, 0, 0],
					"cubes": [
						{"origin": [0, 56.5, -9.25], "size": [0, 10, 5], "uv": [60, 27]}
					]
				},
				{
					"name": "head_wing_left",
					"parent": "head",
					"pivot": [3.01, 55, 0],
					"cubes": [
						{"origin": [3.01, 54, -1], "size": [0, 9, 14], "uv": [30, 0]}
					]
				},
				{
					"name": "head_wing_right",
					"parent": "head",
					"pivot": [-3.01, 55, 0],
					"cubes": [
						{"origin": [-3.01, 54, -1], "size": [0, 9, 14], "uv": [24, 25]}
					]
				},
				{
					"name": "ear_tail_right",
					"parent": "head",
					"pivot": [-3, 52.5, 2.5],
					"rotation": [90, 0, 0],
					"cubes": [
						{"origin": [-4.51, 51, 1], "size": [3, 3, 3], "uv": [77, 19]}
					]
				},
				{
					"name": "ear_tail_right2",
					"parent": "ear_tail_right",
					"pivot": [-3, 51, 3.5],
					"cubes": [
						{"origin": [-3.01, 45, 1.5], "size": [0, 6, 2], "uv": [38, 67]}
					]
				},
				{
					"name": "ear_tail_right3",
					"parent": "ear_tail_right2",
					"pivot": [-3, 45, 1.5],
					"cubes": [
						{"origin": [-3.01, 39, 1.5], "size": [0, 6, 2], "uv": [0, 61]}
					]
				},
				{
					"name": "ear_tail_right4",
					"parent": "ear_tail_right3",
					"pivot": [-3, 39, 1.5],
					"cubes": [
						{"origin": [-3.01, 33, 1.5], "size": [0, 6, 2], "uv": [40, 51]}
					]
				},
				{
					"name": "ear_tail_right5",
					"parent": "ear_tail_right4",
					"pivot": [-3, 33, 3.5],
					"cubes": [
						{"origin": [-3.01, 26, 1.5], "size": [0, 7, 2], "uv": [30, 21]}
					]
				},
				{
					"name": "ear_tail_right6",
					"parent": "ear_tail_right5",
					"pivot": [-3, 27, 2.5],
					"cubes": [
						{"origin": [-4.51, 24, 1], "size": [3, 3, 3], "uv": [8, 77]},
						{"origin": [-3.01, 16, -0.5], "size": [0, 8, 6], "uv": [65, 68]}
					]
				},
				{
					"name": "ear_tail_left",
					"parent": "head",
					"pivot": [3, 52.5, 2.5],
					"rotation": [90, 0, 0],
					"cubes": [
						{"origin": [1.51, 51, 1], "size": [3, 3, 3], "uv": [77, 74]}
					]
				},
				{
					"name": "ear_tail_left2",
					"parent": "ear_tail_left",
					"pivot": [3, 51, 3.5],
					"cubes": [
						{"origin": [3.01, 45, 1.5], "size": [0, 6, 2], "uv": [76, 82]}
					]
				},
				{
					"name": "ear_tail_left3",
					"parent": "ear_tail_left2",
					"pivot": [3, 45, 1.5],
					"cubes": [
						{"origin": [3.01, 39, 1.5], "size": [0, 6, 2], "uv": [72, 82]}
					]
				},
				{
					"name": "ear_tail_left4",
					"parent": "ear_tail_left3",
					"pivot": [3, 39, 1.5],
					"cubes": [
						{"origin": [3.01, 33, 1.5], "size": [0, 6, 2], "uv": [45, 81]}
					]
				},
				{
					"name": "ear_tail_left5",
					"parent": "ear_tail_left4",
					"pivot": [3, 33, 3.5],
					"cubes": [
						{"origin": [3.01, 26, 1.5], "size": [0, 7, 2], "uv": [34, 21]}
					]
				},
				{
					"name": "ear_tail_left6",
					"parent": "ear_tail_left5",
					"pivot": [3, 27, 2.5],
					"cubes": [
						{"origin": [1.51, 24, 1], "size": [3, 3, 3], "uv": [77, 25]},
						{"origin": [3.01, 16, -0.5], "size": [0, 8, 6], "uv": [38, 69]}
					]
				},
				{
					"name": "wing_right",
					"parent": "torso",
					"pivot": [-4.5, 28, 3],
					"cubes": [
						{"origin": [-4.5, 18, 3], "size": [0, 12, 15], "uv": [0, 0]}
					]
				},
				{
					"name": "wing_left",
					"parent": "torso",
					"pivot": [4.5, 28, 3],
					"cubes": [
						{"origin": [4.5, 18, 3], "size": [0, 12, 15], "uv": [0, 12]}
					]
				},
				{
					"name": "arm_right",
					"parent": "torso",
					"pivot": [-4.5, 29, -1],
					"cubes": [
						{"origin": [-6.5, 26, -1], "size": [2, 3, 3], "uv": [62, 82]}
					]
				},
				{
					"name": "arm_right2",
					"parent": "arm_right",
					"pivot": [-6.5, 27, 0.5],
					"cubes": [
						{"origin": [-10.5, 26, -0.5], "size": [5, 2, 2], "inflate": -0.01, "uv": [0, 59]}
					]
				},
				{
					"name": "arm_right3",
					"parent": "arm_right2",
					"pivot": [-10.5, 27, 1.5],
					"cubes": [
						{"origin": [-14.5, 26, -0.5], "size": [4, 2, 2], "uv": [82, 31]}
					]
				},
				{
					"name": "hand_right",
					"parent": "arm_right3",
					"pivot": [-14.5, 28, 0.5],
					"cubes": [
						{"origin": [-15.5, 26, -0.5], "size": [1, 2, 2], "inflate": 0.01, "uv": [0, 0]}
					]
				},
				{
					"name": "finger_right1",
					"parent": "hand_right",
					"pivot": [-14.5, 26.5, -0.5],
					"cubes": [
						{"origin": [-15.5, 26, -2.5], "size": [1, 1, 2], "uv": [49, 0]}
					]
				},
				{
					"name": "claw_right1",
					"parent": "finger_right1",
					"pivot": [-15.5, 26.5, -2.5],
					"cubes": [
						{"origin": [-16.5, 26.5, -2.5], "size": [1, 0, 1], "uv": [3, 1]}
					]
				},
				{
					"name": "finger_right2",
					"parent": "hand_right",
					"pivot": [-14.5, 28, 0.5],
					"cubes": [
						{"origin": [-15.5, 28, 0], "size": [1, 2, 1], "uv": [24, 48]}
					]
				},
				{
					"name": "claw_right2",
					"parent": "finger_right2",
					"pivot": [-15.5, 30, 0.5],
					"cubes": [
						{"origin": [-16.5, 29, 0.5], "size": [1, 1, 0], "uv": [0, 0]}
					]
				},
				{
					"name": "finger_right3",
					"parent": "hand_right",
					"pivot": [-14.5, 26.5, 1.5],
					"cubes": [
						{"origin": [-15.5, 26, 1.5], "size": [1, 1, 2], "uv": [26, 2]}
					]
				},
				{
					"name": "claw_right3",
					"parent": "finger_right3",
					"pivot": [-15.5, 26.5, 3.5],
					"cubes": [
						{"origin": [-16.5, 26.5, 2.5], "size": [1, 0, 1], "uv": [3, 0]}
					]
				},
				{
					"name": "arm_left",
					"parent": "torso",
					"pivot": [4.5, 29, -1],
					"cubes": [
						{"origin": [4.5, 26, -1], "size": [2, 3, 3], "uv": [35, 83]}
					]
				},
				{
					"name": "arm_left2",
					"parent": "arm_left",
					"pivot": [6.5, 27, 0.5],
					"cubes": [
						{"origin": [5.5, 26, -0.5], "size": [5, 2, 2], "inflate": -0.01, "uv": [73, 0]}
					]
				},
				{
					"name": "arm_left3",
					"parent": "arm_left2",
					"pivot": [10.5, 27, 1.5],
					"cubes": [
						{"origin": [10.5, 26, -0.5], "size": [4, 2, 2], "uv": [8, 83]}
					]
				},
				{
					"name": "hand_left",
					"parent": "arm_left3",
					"pivot": [14.5, 28, 0.5],
					"cubes": [
						{"origin": [14.5, 26, -0.5], "size": [1, 2, 2], "inflate": 0.01, "uv": [22, 0]}
					]
				},
				{
					"name": "finger_left1",
					"parent": "hand_left",
					"pivot": [14.5, 26.5, -0.5],
					"cubes": [
						{"origin": [14.5, 26, -2.5], "size": [1, 1, 2], "uv": [53, 1]}
					]
				},
				{
					"name": "claw_left1",
					"parent": "finger_left1",
					"pivot": [15.5, 26.5, -2.5],
					"cubes": [
						{"origin": [15.5, 26.5, -2.5], "size": [1, 0, 1], "uv": [2, 4]}
					]
				},
				{
					"name": "finger_left2",
					"parent": "hand_left",
					"pivot": [14.5, 28, 0.5],
					"cubes": [
						{"origin": [14.5, 28, 0], "size": [1, 2, 1], "uv": [42, 48]}
					]
				},
				{
					"name": "claw_left2",
					"parent": "finger_left2",
					"pivot": [15.5, 30, 0.5],
					"cubes": [
						{"origin": [15.5, 29, 0.5], "size": [1, 1, 0], "uv": [0, 1]}
					]
				},
				{
					"name": "finger_left3",
					"parent": "hand_left",
					"pivot": [14.5, 26.5, 1.5],
					"cubes": [
						{"origin": [14.5, 26, 1.5], "size": [1, 1, 2], "uv": [52, 39]}
					]
				},
				{
					"name": "claw_left3",
					"parent": "finger_left3",
					"pivot": [15.5, 26.5, 3.5],
					"cubes": [
						{"origin": [15.5, 26.5, 2.5], "size": [1, 0, 1], "uv": [0, 4]}
					]
				},
				{
					"name": "tail",
					"parent": "body",
					"pivot": [0, 19, 0],
					"cubes": [
						{"origin": [-4, 11, -2.5], "size": [8, 10, 5], "inflate": 0.01, "uv": [19, 54]}
					]
				},
				{
					"name": "tail2",
					"parent": "tail",
					"pivot": [0, 11, 0],
					"cubes": [
						{"origin": [-4, 3, -2.5], "size": [8, 8, 5], "uv": [28, 0]},
						{"origin": [-3.5, 11, -2], "size": [7, 1, 4], "uv": [24, 48]}
					]
				},
				{
					"name": "tail3",
					"parent": "tail2",
					"pivot": [0, 3, 0],
					"cubes": [
						{"origin": [-3.5, -5, -2.5], "size": [7, 9, 5], "inflate": -0.01, "uv": [53, 18]}
					]
				},
				{
					"name": "tail4",
					"parent": "tail3",
					"pivot": [0, -5, 0],
					"cubes": [
						{"origin": [-3, -13, -2.5], "size": [6, 8, 5], "uv": [0, 64]},
						{"origin": [-2.5, -5, -2], "size": [5, 1, 4], "uv": [58, 13]}
					]
				},
				{
					"name": "tail5",
					"parent": "tail4",
					"pivot": [0, -13, 0],
					"cubes": [
						{"origin": [-2.5, -23, -2], "size": [5, 11, 4], "inflate": 0.01, "uv": [65, 59]}
					]
				},
				{
					"name": "tail6",
					"parent": "tail5",
					"pivot": [0, -23, 0],
					"cubes": [
						{"origin": [-2, -35, -2], "size": [4, 13, 4], "uv": [22, 69]}
					]
				},
				{
					"name": "tail7",
					"parent": "tail6",
					"pivot": [0, -35, 0],
					"cubes": [
						{"origin": [-2, -47, -2], "size": [4, 12, 4], "inflate": -0.01, "uv": [70, 32]},
						{"origin": [-1.5, -35, -1.5], "size": [3, 1, 3], "uv": [74, 80]}
					]
				},
				{
					"name": "tail8",
					"parent": "tail7",
					"pivot": [0, -47, 0],
					"cubes": [
						{"origin": [-1.5, -55, -1.5], "size": [3, 9, 3], "uv": [50, 75]}
					]
				},
				{
					"name": "tail9",
					"parent": "tail8",
					"pivot": [0, -55, 0],
					"cubes": [
						{"origin": [-1, -67, -1], "size": [2, 13, 2], "uv": [0, 77]},
						{"origin": [-1.5, -65, -1.5], "size": [3, 3, 3], "uv": [79, 55]},
						{"origin": [-1.5, -68.5, -1.5], "size": [3, 3, 3], "uv": [78, 4]},
						{"origin": [0, -88, -6], "size": [0, 20, 12], "uv": [0, 27]}
					]
				}
			]
		}
	]
}