{
	"format_version": "1.12.0",
	"minecraft:geometry": [
		{
			"description": {
				"identifier": "geometry.ectarachnid",
				"texture_width": 64,
				"texture_height": 64,
				"visible_bounds_width": 4,
				"visible_bounds_height": 2.5,
				"visible_bounds_offset": [0, 0.75, 0]
			},
			"bones": [
				{
					"name": "ectarachnid",
					"pivot": [0, 0, 0]
				},
				{
					"name": "body",
					"parent": "ectarachnid",
					"pivot": [0, 0, 0]
				},
				{
					"name": "torso",
					"parent": "body",
					"pivot": [0, 7.25, 1],
					"cubes": [
						{"origin": [-6, 3.5, -2], "size": [12, 8, 13], "uv": [0, 0]}
					]
				},
				{
					"name": "stinger",
					"parent": "torso",
					"pivot": [0, 7.5, 11],
					"rotation": [0, 0, 45],
					"cubes": [
						{"origin": [-2, 6.5, 10.5], "size": [3, 3, 3], "uv": [0, 0]},
						{"origin": [-1.5, 7, 13], "size": [2, 2, 3], "uv": [0, 21]},
						{"origin": [-1, 7.5, 16], "size": [1, 1, 2], "uv": [12, 31]}
					]
				},
				{
					"name": "neck",
					"parent": "torso",
					"pivot": [0, 6.5, -2.5],
					"cubes": [
						{"origin": [-2, 4.5, -5], "size": [4, 4, 4], "uv": [33, 30]}
					]
				},
				{
					"name": "head",
					"parent": "neck",
					"pivot": [0, 6.5, -5],
					"cubes": [
						{"origin": [-2.5, 4.5, -11], "size": [5, 5, 5], "inflate": 0.01, "pivot": [0, 7, -8.5], "rotation": [0, -45, 0], "uv": [13, 30]},
						{"origin": [-3.5, 4.5, -8.5], "size": [7, 5, 4], "inflate": 0.02, "uv": [18, 21]}
					]
				},
				{
					"name": "head_point_left",
					"parent": "head",
					"pivot": [3.5, 9.5, -6.25],
					"cubes": [
						{"origin": [0.5, 8.5, -6.25], "size": [3, 1, 4], "inflate": 0.02, "pivot": [3.5, 9.5, -6.25], "rotation": [35, 17.5, 0], "uv": [0, 27]},
						{"origin": [2.5, 8.5, -3.25], "size": [0, 1, 1], "pivot": [3.5, 9.5, -6.25], "rotation": [35, 17.5, 0], "uv": [3, 30]},
						{"origin": [1.5, 8.5, -3.25], "size": [1, 1, 0], "pivot": [3.5, 9.5, -6.25], "rotation": [35, 17.5, 0], "uv": [4, 31]},
						{"origin": [1.5, 8.5, -5.25], "size": [0, 1, 2], "pivot": [3.5, 9.5, -6.25], "rotation": [35, 17.5, 0], "uv": [2, 29]},
						{"origin": [0.5, 8.5, -5.25], "size": [1, 1, 0], "pivot": [3.5, 9.5, -6.25], "rotation": [35, 17.5, 0], "uv": [4, 31]},
						{"origin": [0.5, 8.5, -6.25], "size": [3, 1, 4], "pivot": [3.5, 9.5, -6.25], "rotation": [35, 17.5, 0], "uv": [0, 27]}
					]
				},
				{
					"name": "head_point_right",
					"parent": "head",
					"pivot": [-3.5, 9.5, -6.25],
					"cubes": [
						{"origin": [-3.5, 8.5, -6.25], "size": [3, 1, 4], "inflate": 0.02, "pivot": [-3.5, 9.5, -6.25], "rotation": [35, -17.5, 0], "uv": [0, 27], "mirror": true},
						{"origin": [-2.5, 8.5, -3.25], "size": [0, 1, 1], "pivot": [-3.5, 9.5, -6.25], "rotation": [35, -17.5, 0], "uv": [3, 30], "mirror": true},
						{"origin": [-2.5, 8.5, -3.25], "size": [1, 1, 0], "pivot": [-3.5, 9.5, -6.25], "rotation": [35, -17.5, 0], "uv": [4, 31], "mirror": true},
						{"origin": [-1.5, 8.5, -5.25], "size": [0, 1, 2], "pivot": [-3.5, 9.5, -6.25], "rotation": [35, -17.5, 0], "uv": [2, 29], "mirror": true},
						{"origin": [-1.5, 8.5, -5.25], "size": [1, 1, 0], "pivot": [-3.5, 9.5, -6.25], "rotation": [35, -17.5, 0], "uv": [4, 31], "mirror": true},
						{"origin": [-3.5, 8.5, -6.25], "size": [3, 1, 4], "pivot": [-3.5, 9.5, -6.25], "rotation": [35, -17.5, 0], "uv": [0, 27], "mirror": true}
					]
				},
				{
					"name": "eye_left",
					"parent": "head",
					"pivot": [1.82, 7.5, -10.25],
					"rotation": [0, 45, 0],
					"cubes": [
						{"origin": [0.82, 6.5, -11.25], "size": [1, 2, 3], "pivot": [1.8, 7.5, -10.25], "rotation": [10, 0, 0], "uv": [33, 45]}
					]
				},
				{
					"name": "eyelid_left",
					"parent": "eye_left",
					"pivot": [1.8, 7.5, -10.25],
					"cubes": [
						{"origin": [-0.155, 6.5, -11.25], "size": [1, 2, 3], "inflate": 0.01, "pivot": [1.8, 7.5, -10.25], "rotation": [10, 0, 0], "uv": [45, 28]}
					]
				},
				{
					"name": "pupil_left",
					"parent": "eye_left",
					"pivot": [1.8, 7.25, -10.5],
					"rotation": [25, 0, 0],
					"cubes": [
						{"origin": [1.83, 6.55, -10.75], "size": [0, 1, 2], "uv": [0, 9]},
						{"origin": [1.84, 7.05, -10], "size": [0, 1, 1], "uv": [0, 0]}
					]
				},
				{
					"name": "eye_right",
					"parent": "head",
					"pivot": [-1.82, 7.5, -10.25],
					"rotation": [0, -45, 0],
					"cubes": [
						{"origin": [-1.82, 6.5, -11.25], "size": [1, 2, 3], "pivot": [-1.8, 7.5, -10.25], "rotation": [10, 0, 0], "uv": [33, 45], "mirror": true}
					]
				},
				{
					"name": "eyelid_right",
					"parent": "eye_right",
					"pivot": [-1.8, 7.5, -10.25],
					"cubes": [
						{"origin": [-0.845, 6.5, -11.25], "size": [1, 2, 3], "inflate": 0.01, "pivot": [-1.8, 7.5, -10.25], "rotation": [10, 0, 0], "uv": [45, 28], "mirror": true}
					]
				},
				{
					"name": "pupil_right",
					"parent": "eye_right",
					"pivot": [-1.8, 7.25, -10.5],
					"rotation": [25, 0, 0],
					"cubes": [
						{"origin": [-1.83, 6.55, -10.75], "size": [0, 1, 2], "uv": [0, 9], "mirror": true},
						{"origin": [-1.84, 7.05, -10], "size": [0, 1, 1], "uv": [0, 0], "mirror": true}
					]
				},
				{
					"name": "horn",
					"parent": "head",
					"pivot": [0, 9.5, -8.5],
					"rotation": [45, 0, 0],
					"cubes": [
						{"origin": [-1, 7.5, -9.5], "size": [2, 4, 3], "uv": [43, 42]},
						{"origin": [-0.5, 11.5, -9.25], "size": [1, 3, 2], "pivot": [0, 11, -9.25], "rotation": [-12.5, 0, 0], "uv": [39, 48]},
						{"origin": [0, 13.26141, -8.02802], "size": [0, 3, 1], "pivot": [0, 14.17689, -7.79973], "rotation": [-25, 0, 0], "uv": [0, 20]}
					]
				},
				{
					"name": "fang_left",
					"parent": "head",
					"pivot": [2, 6, -10.5],
					"cubes": [
						{"origin": [1.5, 6, -16], "size": [4, 0, 10], "pivot": [3, 6, -10.5], "rotation": [0, 15, 0], "uv": [0, 21]}
					]
				},
				{
					"name": "fang_left2",
					"parent": "head",
					"pivot": [-2, 6, -10.5],
					"cubes": [
						{"origin": [-5.5, 6, -16], "size": [4, 0, 10], "pivot": [-3, 6, -10.5], "rotation": [0, -15, 0], "uv": [0, 21], "mirror": true}
					]
				},
				{
					"name": "fang_right",
					"parent": "head",
					"pivot": [-2, 6, -10.5]
				},
				{
					"name": "leg_front_left",
					"parent": "torso",
					"pivot": [5.5, 8.25, 0],
					"cubes": [
						{"origin": [5.5, 7, -0.5], "size": [5, 2, 1], "pivot": [5.5, 7, 0.5], "rotation": [0, 0, -35], "uv": [24, 45]}
					]
				},
				{
					"name": "leg_front2_left",
					"parent": "leg_front_left",
					"pivot": [8.5, 10, 0.5],
					"cubes": [
						{"origin": [8, 9, -1.5], "size": [5, 4, 3], "uv": [40, 21]},
						{"origin": [12.5, 9.75, -1], "size": [4, 3, 2], "inflate": 0.01, "pivot": [13, 12.75, 0], "rotation": [0, 0, 10], "uv": [16, 40]},
						{"origin": [15.87683, 9.883, -0.5], "size": [3, 2, 1], "pivot": [16.46457, 11.73757, 0], "rotation": [0, 0, 20], "uv": [49, 10]},
						{"origin": [18.38318, 9.30725, 0], "size": [2, 1, 0], "pivot": [19.63318, 10.05725, 0], "rotation": [0, 0, 30], "uv": [4, 11]}
					]
				},
				{
					"name": "leg_front_right",
					"parent": "torso",
					"pivot": [-5.5, 8.25, 0],
					"cubes": [
						{"origin": [-10.5, 7, -0.5], "size": [5, 2, 1], "pivot": [-5.5, 7, 0.5], "rotation": [0, 0, 35], "uv": [24, 45], "mirror": true}
					]
				},
				{
					"name": "leg_front2_right",
					"parent": "leg_front_right",
					"pivot": [-8.5, 10, 0.5],
					"cubes": [
						{"origin": [-13, 9, -1.5], "size": [5, 4, 3], "uv": [40, 21], "mirror": true},
						{"origin": [-16.5, 9.75, -1], "size": [4, 3, 2], "inflate": 0.01, "pivot": [-13, 12.75, 0], "rotation": [0, 0, -10], "uv": [16, 40], "mirror": true},
						{"origin": [-18.87683, 9.883, -0.5], "size": [3, 2, 1], "pivot": [-16.46457, 11.73757, 0], "rotation": [0, 0, -20], "uv": [49, 10], "mirror": true},
						{"origin": [-20.38318, 9.30725, 0], "size": [2, 1, 0], "pivot": [-19.63318, 10.05725, 0], "rotation": [0, 0, -30], "uv": [4, 11], "mirror": true}
					]
				},
				{
					"name": "leg_mid_left",
					"parent": "torso",
					"pivot": [5.5, 8.25, 4],
					"cubes": [
						{"origin": [5.5, 7, 3.5], "size": [5, 2, 1], "pivot": [5.5, 7, 4.5], "rotation": [0, 0, -35], "uv": [12, 45]}
					]
				},
				{
					"name": "leg_mid_left2",
					"parent": "leg_mid_left",
					"pivot": [8.5, 10, 4.5],
					"cubes": [
						{"origin": [8, 9, 2.5], "size": [5, 4, 3], "uv": [30, 38]},
						{"origin": [12.5, 9.75, 3], "size": [4, 3, 2], "inflate": 0.01, "pivot": [13, 12.75, 4], "rotation": [0, 0, 10], "uv": [37, 7]},
						{"origin": [15.87683, 9.883, 3.5], "size": [3, 2, 1], "pivot": [16.46457, 11.73757, 4], "rotation": [0, 0, 20], "uv": [49, 7]},
						{"origin": [18.38318, 9.30725, 4], "size": [2, 1, 0], "pivot": [19.63318, 10.05725, 4], "rotation": [0, 0, 30], "uv": [9, 2]}
					]
				},
				{
					"name": "leg_mid_right",
					"parent": "torso",
					"pivot": [-5.5, 8.25, 4],
					"cubes": [
						{"origin": [-10.5, 7, 3.5], "size": [5, 2, 1], "pivot": [-5.5, 7, 4.5], "rotation": [0, 0, 35], "uv": [12, 45], "mirror": true}
					]
				},
				{
					"name": "leg_mid_right2",
					"parent": "leg_mid_right",
					"pivot": [-8.5, 10, 4.5],
					"cubes": [
						{"origin": [-13, 9, 2.5], "size": [5, 4, 3], "uv": [30, 38], "mirror": true},
						{"origin": [-16.5, 9.75, 3], "size": [4, 3, 2], "inflate": 0.01, "pivot": [-13, 12.75, 4], "rotation": [0, 0, -10], "uv": [37, 7], "mirror": true},
						{"origin": [-18.87683, 9.883, 3.5], "size": [3, 2, 1], "pivot": [-16.46457, 11.73757, 4], "rotation": [0, 0, -20], "uv": [49, 7], "mirror": true},
						{"origin": [-20.38318, 9.30725, 4], "size": [2, 1, 0], "pivot": [-19.63318, 10.05725, 4], "rotation": [0, 0, -30], "uv": [9, 2], "mirror": true}
					]
				},
				{
					"name": "leg_back_left",
					"parent": "torso",
					"pivot": [5.5, 8.25, 8],
					"cubes": [
						{"origin": [5.5, 7, 7.5], "size": [5, 2, 1], "pivot": [5.5, 7, 8.5], "rotation": [0, 0, -35], "uv": [0, 44]}
					]
				},
				{
					"name": "leg_back_left2",
					"parent": "leg_back_left",
					"pivot": [8.5, 10, 8.5],
					"cubes": [
						{"origin": [8, 9, 6.5], "size": [5, 4, 3], "uv": [37, 0]},
						{"origin": [12.5, 9.75, 7], "size": [4, 3, 2], "inflate": 0.01, "pivot": [13, 12.75, 8], "rotation": [0, 0, 10], "uv": [0, 32]},
						{"origin": [15.87683, 9.883, 7.5], "size": [3, 2, 1], "pivot": [16.46457, 11.73757, 8], "rotation": [0, 0, 20], "uv": [24, 48]},
						{"origin": [18.38318, 9.30725, 8], "size": [2, 1, 0], "pivot": [19.63318, 10.05725, 8], "rotation": [0, 0, 30], "uv": [9, 1]}
					]
				},
				{
					"name": "leg_back_right",
					"parent": "torso",
					"pivot": [-5.5, 8.25, 8],
					"cubes": [
						{"origin": [-10.5, 7, 7.5], "size": [5, 2, 1], "pivot": [-5.5, 7, 8.5], "rotation": [0, 0, 35], "uv": [0, 44], "mirror": true}
					]
				},
				{
					"name": "leg_back_right2",
					"parent": "leg_back_right",
					"pivot": [-8.5, 10, 8.5],
					"cubes": [
						{"origin": [-13, 9, 6.5], "size": [5, 4, 3], "uv": [37, 0], "mirror": true},
						{"origin": [-16.5, 9.75, 7], "size": [4, 3, 2], "inflate": 0.01, "pivot": [-13, 12.75, 8], "rotation": [0, 0, -10], "uv": [0, 32], "mirror": true},
						{"origin": [-18.87683, 9.883, 7.5], "size": [3, 2, 1], "pivot": [-16.46457, 11.73757, 8], "rotation": [0, 0, -20], "uv": [24, 48], "mirror": true},
						{"origin": [-20.38318, 9.30725, 8], "size": [2, 1, 0], "pivot": [-19.63318, 10.05725, 8], "rotation": [0, 0, -30], "uv": [9, 1], "mirror": true}
					]
				},
				{
					"name": "leg_top_left",
					"parent": "torso",
					"pivot": [2.5, 11.5, 1],
					"cubes": [
						{"origin": [0.5, 11.5, 1], "size": [4, 4, 0], "uv": [8, 48]}
					]
				},
				{
					"name": "leg_top_left2",
					"parent": "leg_top_left",
					"pivot": [4.5, 15.5, 1],
					"cubes": [
						{"origin": [0.5, 15.5, 1.001], "size": [4, 4, 0], "uv": [0, 47]}
					]
				},
				{
					"name": "leg_top_left3",
					"parent": "leg_top_left2",
					"pivot": [0.5, 19.5, 1],
					"cubes": [
						{"origin": [0.5, 19.5, 1.002], "size": [4, 4, 0], "uv": [28, 30]}
					]
				},
				{
					"name": "leg_top_right",
					"parent": "torso",
					"pivot": [-2.5, 11.5, 1],
					"cubes": [
						{"origin": [-4.5, 11.5, 1], "size": [4, 4, 0], "uv": [8, 52], "mirror": true}
					]
				},
				{
					"name": "leg_top_right2",
					"parent": "leg_top_right",
					"pivot": [-4.5, 15.5, 1],
					"cubes": [
						{"origin": [-4.5, 15.5, 1.001], "size": [4, 4, 0], "uv": [0, 51], "mirror": true}
					]
				},
				{
					"name": "leg_top_right3",
					"parent": "leg_top_right2",
					"pivot": [-0.5, 19.5, 1],
					"cubes": [
						{"origin": [-4.5, 19.5, 1.002], "size": [4, 4, 0], "uv": [28, 30], "mirror": true}
					]
				}
			]
		}
	]
}