{
	"format_version": "1.12.0",
	"minecraft:geometry": [
		{
			"description": {
				"identifier": "geometry.eeveeon",
				"texture_width": 64,
				"texture_height": 64,
				"visible_bounds_width": 5,
				"visible_bounds_height": 3.5,
				"visible_bounds_offset": [0, 1.25, 0]
			},
			"bones": [
				{
					"name": "eeveeon",
					"pivot": [0, 0, 0]
				},
				{
					"name": "body",
					"parent": "eeveeon",
					"pivot": [0, 9.75, 0]
				},
				{
					"name": "torso",
					"parent": "body",
					"pivot": [0, 9.75, 0],
					"cubes": [
						{"origin": [-3.5, 6.74997, -6.64], "size": [7, 6, 7], "uv": [0, 28]},
						{"origin": [-4, 6.01055, -12.37648], "size": [8, 3, 8], "inflate": 0.3, "pivot": [0, 8.01055, -5.87648], "rotation": [-110, 0, 0], "uv": [0, 15]},
						{"origin": [-4.5, 9.84987, -7.46521], "size": [9, 3, 5], "inflate": 0.3, "pivot": [0, 13.34987, -4.46521], "rotation": [-97.5, 0, 0], "uv": [0, 55]}
					]
				},
				{
					"name": "leg_front_left",
					"parent": "torso",
					"pivot": [2.5, 9, -4.5],
					"rotation": [7.5, 0, 0],
					"cubes": [
						{"origin": [1, 4.5, -6], "size": [3, 6, 3], "inflate": 0.01, "uv": [28, 46]}
					]
				},
				{
					"name": "leg_front_left2",
					"parent": "leg_front_left",
					"pivot": [2.5, 4.5, -3],
					"rotation": [-22.5, 0, 0],
					"cubes": [
						{"origin": [1, 0.5, -6], "size": [3, 4, 3], "uv": [50, 32]},
						{"origin": [3, 0.5, -4], "size": [0, 4, 3], "pivot": [2.5, 2.5, -3.5], "rotation": [10.34527, 14.76689, 2.66399], "uv": [40, 50]}
					]
				},
				{
					"name": "leg_front_left3",
					"parent": "leg_front_left2",
					"pivot": [2.5, 1, -4.5],
					"rotation": [15, 0, 0],
					"cubes": [
						{"origin": [1, -0.75, -6.25], "size": [3, 2, 3], "inflate": 0.01, "uv": [0, 50]}
					]
				},
				{
					"name": "leg_front_right",
					"parent": "torso",
					"pivot": [-2.5, 9, -4.5],
					"rotation": [7.5, 0, 0],
					"cubes": [
						{"origin": [-4, 4.5, -6], "size": [3, 6, 3], "inflate": 0.01, "uv": [28, 46], "mirror": true}
					]
				},
				{
					"name": "leg_front_right2",
					"parent": "leg_front_right",
					"pivot": [-2.5, 4.5, -3],
					"rotation": [-22.5, 0, 0],
					"cubes": [
						{"origin": [-4, 0.5, -6], "size": [3, 4, 3], "uv": [50, 32], "mirror": true},
						{"origin": [-3, 0.5, -4], "size": [0, 4, 3], "pivot": [-2.5, 2.5, -3.5], "rotation": [10.34527, -14.76689, -2.66399], "uv": [40, 50], "mirror": true}
					]
				},
				{
					"name": "leg_front_right3",
					"parent": "leg_front_right2",
					"pivot": [-2.5, 1, -4.5],
					"rotation": [15, 0, 0],
					"cubes": [
						{"origin": [-4, -0.75, -6.25], "size": [3, 2, 3], "inflate": 0.01, "uv": [0, 50], "mirror": true}
					]
				},
				{
					"name": "head",
					"parent": "torso",
					"pivot": [0, 12.49997, -5.96093],
					"cubes": [
						{"origin": [-3.5, 10.99997, -11.98], "size": [7, 7, 7], "inflate": 0.01, "uv": [24, 8]},
						{"origin": [-2.5, 10.99997, -12.7], "size": [5, 2, 1], "uv": [32, 0]},
						{"origin": [-0.5, 11.99997, -12.71], "size": [1, 1, 0], "uv": [0, 1]},
						{"origin": [-3.48, 17.81997, -8.96093], "size": [6, 2, 0], "pivot": [0.02, 18.81997, -8.96093], "rotation": [0, 90, 0], "uv": [0, 26]}
					]
				},
				{
					"name": "mouth",
					"parent": "head",
					"pivot": [0, 11.5, -12.715],
					"cubes": [
						{"origin": [-1, 11, -12.715], "size": [2, 1, 0], "uv": [0, 0]}
					]
				},
				{
					"name": "eyes",
					"parent": "head",
					"pivot": [0, 14.12178, -11.96093]
				},
				{
					"name": "eye_left",
					"parent": "eyes",
					"pivot": [2.515, 14.25, -11.495],
					"cubes": [
						{"origin": [1.515, 13.25, -11.995], "size": [2, 2, 3], "uv": [52, 15]}
					]
				},
				{
					"name": "eyelid_left",
					"parent": "eye_left",
					"pivot": [2.415, 14.25, -11.395],
					"cubes": [
						{"origin": [1.415, 13.25, -11.895], "size": [2, 2, 3], "inflate": 0.01, "uv": [23, 55]}
					]
				},
				{
					"name": "eye_right",
					"parent": "eyes",
					"pivot": [-2.515, 14.25, -11.495],
					"cubes": [
						{"origin": [-3.515, 13.25, -11.995], "size": [2, 2, 3], "uv": [52, 15], "mirror": true}
					]
				},
				{
					"name": "eyelid_right",
					"parent": "eye_right",
					"pivot": [-2.415, 14.25, -11.395],
					"cubes": [
						{"origin": [-3.415, 13.25, -11.895], "size": [2, 2, 3], "inflate": 0.01, "uv": [23, 55], "mirror": true}
					]
				},
				{
					"name": "ear_right",
					"parent": "head",
					"pivot": [-3.5, 14.99997, -8.96093],
					"rotation": [0, 12.5, 0],
					"cubes": [
						{"origin": [-5.55848, 16.03356, -7.08416], "size": [6, 14, 0], "pivot": [-3.5, 14.99997, -8.96093], "rotation": [-29.83194, 25.98482, -59.42373], "uv": [52, 50], "mirror": true},
						{"origin": [-4.16571, 17.28915, -7.85274], "size": [3, 2, 0], "pivot": [-2.66571, 18.28915, -7.85274], "rotation": [-10.30126, 37.57373, -23.40223], "uv": [30, 56], "mirror": true}
					]
				},
				{
					"name": "ear_left",
					"parent": "head",
					"pivot": [3.5, 14.99997, -8.96093],
					"rotation": [0, -12.5, 0],
					"cubes": [
						{"origin": [-0.44152, 16.03356, -7.08416], "size": [6, 14, 0], "pivot": [3.5, 14.99997, -8.96093], "rotation": [-29.83194, -25.98482, 59.42373], "uv": [52, 50]},
						{"origin": [1.16571, 17.28915, -7.85274], "size": [3, 2, 0], "pivot": [2.66571, 18.28915, -7.85274], "rotation": [-10.30126, -37.57373, 23.40223], "uv": [30, 56]}
					]
				},
				{
					"name": "hips",
					"parent": "torso",
					"pivot": [0, 9.74997, 0.01907],
					"cubes": [
						{"origin": [-3.5, 6.74997, 0.36], "size": [7, 6, 7], "uv": [25, 22]}
					]
				},
				{
					"name": "leg_back_left",
					"parent": "hips",
					"pivot": [2.5, 8.99997, 4.75],
					"rotation": [5, 0, 0],
					"cubes": [
						{"origin": [1, 4.49997, 2.75], "size": [3, 6, 4], "inflate": 0.01, "uv": [45, 0]}
					]
				},
				{
					"name": "leg_back_left2",
					"parent": "leg_back_left",
					"pivot": [2.5, 4.49997, 6.25],
					"rotation": [-12.5, 0, 0],
					"cubes": [
						{"origin": [1, 0.74997, 4.25], "size": [3, 4, 3], "uv": [46, 22]},
						{"origin": [3, 0.74997, 6.25], "size": [0, 4, 4], "pivot": [2.5, 2.74997, 7.75], "rotation": [15.91527, 19.291, 5.38152], "uv": [48, 38]}
					]
				},
				{
					"name": "leg_back_left3",
					"parent": "leg_back_left2",
					"pivot": [2.5, 1.24997, 5.75],
					"rotation": [7.5, 0, 0],
					"cubes": [
						{"origin": [1, -0.25003, 4], "size": [3, 2, 3], "inflate": 0.01, "uv": [45, 10]}
					]
				},
				{
					"name": "leg_back_right",
					"parent": "hips",
					"pivot": [-2.5, 8.99997, 4.75],
					"rotation": [5, 0, 0],
					"cubes": [
						{"origin": [-4, 4.49997, 2.75], "size": [3, 6, 4], "inflate": 0.01, "uv": [45, 0], "mirror": true}
					]
				},
				{
					"name": "leg_back_right2",
					"parent": "leg_back_right",
					"pivot": [-2.5, 4.49997, 6.25],
					"rotation": [-12.5, 0, 0],
					"cubes": [
						{"origin": [-4, 0.74997, 4.25], "size": [3, 4, 3], "uv": [46, 22], "mirror": true},
						{"origin": [-3, 0.74997, 6.25], "size": [0, 4, 4], "pivot": [-2.5, 2.74997, 7.75], "rotation": [15.91527, -19.291, -5.38152], "uv": [48, 38], "mirror": true}
					]
				},
				{
					"name": "leg_back_right3",
					"parent": "leg_back_right2",
					"pivot": [-2.5, 1.24997, 5.75],
					"rotation": [7.5, 0, 0],
					"cubes": [
						{"origin": [-4, -0.25003, 4], "size": [3, 2, 3], "inflate": 0.01, "uv": [45, 10], "mirror": true}
					]
				},
				{
					"name": "tail",
					"parent": "hips",
					"pivot": [0.07143, 11.77854, 6.78336],
					"cubes": [
						{"origin": [-1.42857, 10.27854, 5.78336], "size": [3, 3, 4], "uv": [14, 46]}
					]
				},
				{
					"name": "tail2",
					"parent": "tail",
					"pivot": [0.07143, 11.71854, 8.78336],
					"cubes": [
						{"origin": [-2.42857, 9.27854, 8.78336], "size": [5, 5, 6], "uv": [22, 35]}
					]
				},
				{
					"name": "tail3",
					"parent": "tail2",
					"pivot": [0.07143, 11.71854, 13.78336],
					"cubes": [
						{"origin": [-3.42857, 8.27854, 13.78336], "size": [7, 7, 8], "uv": [0, 0]}
					]
				},
				{
					"name": "tail4",
					"parent": "tail3",
					"pivot": [0.07143, 11.71854, 21.78336],
					"cubes": [
						{"origin": [-2.42857, 9.27854, 20.78336], "size": [5, 5, 4], "uv": [0, 41]}
					]
				},
				{
					"name": "tail5",
					"parent": "tail4",
					"pivot": [0.07143, 11.71854, 24.78336],
					"cubes": [
						{"origin": [-1.42857, 10.27854, 22.78336], "size": [3, 3, 4], "uv": [22, 0]}
					]
				}
			]
		}
	]
}