{
	"format_version": "1.12.0",
	"minecraft:geometry": [
		{
			"description": {
				"identifier": "geometry.golurk",
				"texture_width": 256,
				"texture_height": 256,
				"visible_bounds_width": 5,
				"visible_bounds_height": 6.5,
				"visible_bounds_offset": [0, 2.75, 0]
			},
			"bones": [
				{
					"name": "golurk",
					"pivot": [0, 0, 0]
				},
				{
					"name": "body",
					"parent": "golurk",
					"pivot": [0, 38, 0]
				},
				{
					"name": "torso",
					"parent": "body",
					"pivot": [0, 21.5, 0],
					"cubes": [
						{"origin": [-9, 14, -9], "size": [18, 10, 18], "uv": [62, 74]},
						{"origin": [-7.5, 24, -7.5], "size": [15, 2, 15], "uv": [60, 52]},
						{"origin": [-10, 26, -10], "size": [20, 20, 20], "uv": [0, 52]},
						{"origin": [-4.87868, 29.71447, -11], "size": [11, 5, 1], "pivot": [0.62132, 31.96447, -10.5], "rotation": [0, 0, 30], "uv": [0, 18]}
					]
				},
				{
					"name": "sphere",
					"parent": "torso",
					"pivot": [1, 52, 4],
					"rotation": [-14.87739, 1.93597, 7.24721],
					"cubes": [
						{"origin": [-12, 47, -9], "size": [26, 26, 26], "uv": [0, 0]}
					]
				},
				{
					"name": "head",
					"parent": "torso",
					"pivot": [0.5, 42, -10.5],
					"cubes": [
						{"origin": [-3, 40.75, -14], "size": [6, 6, 6], "uv": [0, 122]},
						{"origin": [-4.5, 45.5, -10.5], "size": [4, 5, 0], "uv": [78, 0]},
						{"origin": [0.5, 45.5, -10.5], "size": [4, 5, 0], "uv": [0, 0]}
					]
				},
				{
					"name": "eye_left",
					"parent": "head",
					"pivot": [-1.1, 43.5, -13.51],
					"cubes": [
						{"origin": [0.6, 42.5, -14.01], "size": [1, 3, 1], "uv": [0, 64]}
					]
				},
				{
					"name": "eye_right",
					"parent": "head",
					"pivot": [-1.65, 44.25, -13.51],
					"cubes": [
						{"origin": [-1.85, 42.5, -14.01], "size": [1, 3, 1], "uv": [60, 52]},
						{"origin": [-2.35, 42.5, -14.01], "size": [1, 1, 1], "uv": [0, 24]}
					]
				},
				{
					"name": "eyelid_right",
					"parent": "eye_right",
					"pivot": [-1.1, 43.5, -13.41],
					"cubes": [
						{"origin": [-1.85, 42.5, -13.91], "size": [1, 3, 1], "inflate": 0.001, "uv": [15, 52]},
						{"origin": [-2.35, 42.5, -13.91], "size": [1, 1, 1], "inflate": 0.001, "uv": [4, 24]}
					]
				},
				{
					"name": "eyelid_left",
					"parent": "eye_right",
					"pivot": [1.1, 44, -13.41],
					"cubes": [
						{"origin": [0.6, 42.5, -13.91], "size": [1, 3, 1], "inflate": 0.001, "uv": [0, 52]}
					]
				},
				{
					"name": "arm_right",
					"parent": "torso",
					"pivot": [-13.6, 44, 0],
					"cubes": [
						{"origin": [-20.1, 40.9, -4.75], "size": [9, 7, 2], "pivot": [-13.6, 45.4, -1], "rotation": [90, 0, -90], "uv": [115, 0]},
						{"origin": [-21.6, 43.4, -4.5], "size": [14, 6, 9], "pivot": [-13.6, 45.4, 0], "rotation": [0, 0, -90], "uv": [0, 92]}
					]
				},
				{
					"name": "arm_right2",
					"parent": "arm_right",
					"pivot": [-16.1, 43.9, 0],
					"cubes": [
						{"origin": [-25.6, 41.4, -2.5], "size": [9, 5, 5], "uv": [122, 115]}
					]
				},
				{
					"name": "hand_right",
					"parent": "arm_right2",
					"pivot": [-24.85, 44, 0],
					"cubes": [
						{"origin": [-31.6, 38.4, -5.5], "size": [5, 11, 11], "uv": [67, 102]},
						{"origin": [-26.6, 39.4, -4.5], "size": [3, 9, 9], "uv": [116, 60]}
					]
				},
				{
					"name": "hand_right2",
					"parent": "hand_right",
					"pivot": [-31.85, 42.5, 0],
					"cubes": [
						{"origin": [-38.1, 40.9, -4.5], "size": [7, 6, 9], "uv": [90, 115]}
					]
				},
				{
					"name": "finger_right",
					"parent": "hand_right2",
					"pivot": [-38.1, 46.4, -3.5],
					"cubes": [
						{"origin": [-41.1, 44.4, -4.5], "size": [3, 2, 2], "inflate": 0.001, "uv": [56, 102]}
					]
				},
				{
					"name": "finger_right2",
					"parent": "finger_right",
					"pivot": [-41.1, 46.4, -3.5],
					"cubes": [
						{"origin": [-43.1, 44.4, -4.5], "size": [2, 2, 2], "uv": [104, 32]}
					]
				},
				{
					"name": "finger_right3",
					"parent": "hand_right2",
					"pivot": [-38.1, 46.4, -1.25],
					"cubes": [
						{"origin": [-41.1, 44.4, -2.25], "size": [3, 2, 2], "inflate": 0.001, "uv": [100, 69]}
					]
				},
				{
					"name": "finger_right4",
					"parent": "finger_right3",
					"pivot": [-41.1, 46.4, -1.25],
					"cubes": [
						{"origin": [-44.1, 44.4, -2.25], "size": [3, 2, 2], "uv": [47, 92]}
					]
				},
				{
					"name": "finger_right5",
					"parent": "hand_right2",
					"pivot": [-38.1, 46.4, 1],
					"cubes": [
						{"origin": [-41.1, 44.4, 0], "size": [3, 2, 2], "inflate": 0.001, "uv": [37, 92]}
					]
				},
				{
					"name": "finger_right6",
					"parent": "finger_right5",
					"pivot": [-41.1, 46.4, 1],
					"cubes": [
						{"origin": [-43.1, 44.4, 0], "size": [2, 2, 2], "uv": [104, 28]}
					]
				},
				{
					"name": "finger_right7",
					"parent": "hand_right2",
					"pivot": [-38.1, 46.4, 3.25],
					"cubes": [
						{"origin": [-40.1, 44.4, 2.25], "size": [2, 2, 2], "inflate": 0.001, "uv": [66, 102]}
					]
				},
				{
					"name": "finger_right8",
					"parent": "finger_right7",
					"pivot": [-40.1, 46.4, 3.25],
					"cubes": [
						{"origin": [-42.1, 44.4, 2.25], "size": [2, 2, 2], "uv": [37, 96]}
					]
				},
				{
					"name": "finger_right9",
					"parent": "hand_right2",
					"pivot": [-35.6, 43.15, -3.5],
					"cubes": [
						{"origin": [-38.1, 41.65, -5.5], "size": [3, 3, 3], "inflate": 0.001, "uv": [124, 9]}
					]
				},
				{
					"name": "finger_right10",
					"parent": "finger_right9",
					"pivot": [-38.1, 43.15, -5.5],
					"cubes": [
						{"origin": [-41.1, 41.65, -5.5], "size": [3, 3, 3], "uv": [23, 107]}
					]
				},
				{
					"name": "arm_left",
					"parent": "torso",
					"pivot": [13.6, 44, 0],
					"cubes": [
						{"origin": [11.1, 40.9, -4.75], "size": [9, 7, 2], "pivot": [13.6, 45.4, -1], "rotation": [90, 0, 90], "uv": [88, 102]},
						{"origin": [7.6, 43.4, -4.5], "size": [14, 6, 9], "pivot": [13.6, 45.4, 0], "rotation": [0, 0, 90], "uv": [78, 0]}
					]
				},
				{
					"name": "arm_left2",
					"parent": "arm_left",
					"pivot": [16.1, 43.9, 0],
					"cubes": [
						{"origin": [16.6, 41.4, -2.5], "size": [9, 5, 5], "uv": [27, 118]}
					]
				},
				{
					"name": "hand_left",
					"parent": "arm_left2",
					"pivot": [24.85, 44, 0],
					"cubes": [
						{"origin": [26.6, 38.4, -5.5], "size": [5, 11, 11], "uv": [35, 96]},
						{"origin": [23.6, 39.4, -4.5], "size": [3, 9, 9], "uv": [0, 0]}
					]
				},
				{
					"name": "hand_left2",
					"parent": "hand_left",
					"pivot": [31.85, 42.5, 0],
					"cubes": [
						{"origin": [31.1, 40.9, -4.5], "size": [7, 6, 9], "uv": [0, 107]}
					]
				},
				{
					"name": "finger_left",
					"parent": "hand_left2",
					"pivot": [38.1, 46.4, -3.5],
					"cubes": [
						{"origin": [38.1, 44.4, -4.5], "size": [3, 2, 2], "inflate": 0.001, "uv": [90, 69]}
					]
				},
				{
					"name": "finger_left2",
					"parent": "finger_left",
					"pivot": [41.1, 46.4, -3.5],
					"cubes": [
						{"origin": [41.1, 44.4, -4.5], "size": [2, 2, 2], "uv": [0, 96]}
					]
				},
				{
					"name": "finger_left3",
					"parent": "hand_left2",
					"pivot": [38.1, 46.4, -1.25],
					"cubes": [
						{"origin": [38.1, 44.4, -2.25], "size": [3, 2, 2], "inflate": 0.001, "uv": [80, 69]}
					]
				},
				{
					"name": "finger_left4",
					"parent": "finger_left3",
					"pivot": [41.1, 46.4, -1.25],
					"cubes": [
						{"origin": [41.1, 44.4, -2.25], "size": [3, 2, 2], "uv": [15, 4]}
					]
				},
				{
					"name": "finger_left5",
					"parent": "hand_left2",
					"pivot": [38.1, 46.4, 1],
					"cubes": [
						{"origin": [38.1, 44.4, 0], "size": [3, 2, 2], "inflate": 0.001, "uv": [15, 0]}
					]
				},
				{
					"name": "finger_left6",
					"parent": "finger_left5",
					"pivot": [41.1, 46.4, 1],
					"cubes": [
						{"origin": [41.1, 44.4, 0], "size": [2, 2, 2], "uv": [0, 92]}
					]
				},
				{
					"name": "finger_left7",
					"parent": "hand_left2",
					"pivot": [38.1, 46.4, 3.25],
					"cubes": [
						{"origin": [38.1, 44.4, 2.25], "size": [2, 2, 2], "inflate": 0.001, "uv": [78, 5]}
					]
				},
				{
					"name": "finger_left8",
					"parent": "finger_left7",
					"pivot": [40.1, 46.4, 3.25],
					"cubes": [
						{"origin": [40.1, 44.4, 2.25], "size": [2, 2, 2], "uv": [0, 5]}
					]
				},
				{
					"name": "finger_left9",
					"parent": "hand_left2",
					"pivot": [35.6, 43.15, -3.5],
					"cubes": [
						{"origin": [35.1, 41.65, -5.5], "size": [3, 3, 3], "inflate": 0.001, "uv": [99, 15]}
					]
				},
				{
					"name": "finger_left10",
					"parent": "finger_left9",
					"pivot": [38.1, 43.15, -5.5],
					"cubes": [
						{"origin": [38.1, 41.65, -5.5], "size": [3, 3, 3], "uv": [60, 61]}
					]
				},
				{
					"name": "leg_left",
					"parent": "body",
					"pivot": [5, 20, 0],
					"cubes": [
						{"origin": [2.5, 14, -2.5], "size": [5, 7, 5], "uv": [50, 123]}
					]
				},
				{
					"name": "leg_left2",
					"parent": "leg_left",
					"pivot": [5, 15, -0.25],
					"cubes": [
						{"origin": [3.5, 10, -2.25], "size": [3, 5, 4], "uv": [70, 124]}
					]
				},
				{
					"name": "foot_left",
					"parent": "leg_left2",
					"pivot": [5, 9.5, 0],
					"cubes": [
						{"origin": [1.5, 7, -3.5], "size": [7, 4, 7], "uv": [116, 78]},
						{"origin": [0.5, 2, -4.5], "size": [9, 5, 9], "uv": [105, 42]},
						{"origin": [1, 0, -7.5], "size": [8, 2, 11], "uv": [104, 15]}
					]
				},
				{
					"name": "leg_right",
					"parent": "body",
					"pivot": [-5, 20, 0],
					"cubes": [
						{"origin": [-7.5, 14, -2.5], "size": [5, 7, 5], "uv": [0, 52]}
					]
				},
				{
					"name": "leg_right2",
					"parent": "leg_right",
					"pivot": [-5, 15, -0.25],
					"cubes": [
						{"origin": [-6.5, 10, -2.25], "size": [3, 5, 4], "uv": [60, 52]}
					]
				},
				{
					"name": "foot_right",
					"parent": "leg_right2",
					"pivot": [-5, 10.5, 0],
					"cubes": [
						{"origin": [-8.5, 7, -3.5], "size": [7, 4, 7], "uv": [78, 15]},
						{"origin": [-9.5, 2, -4.5], "size": [9, 5, 9], "uv": [104, 28]},
						{"origin": [-9, 0, -7.5], "size": [8, 2, 11], "uv": [99, 102]}
					]
				}
			]
		}
	]
}