{
	"format_version": "1.12.0",
	"minecraft:geometry": [
		{
			"description": {
				"identifier": "geometry.lugia",
				"texture_width": 256,
				"texture_height": 256,
				"visible_bounds_width": 13,
				"visible_bounds_height": 7.5,
				"visible_bounds_offset": [0, 3.25, 0]
			},
			"bones": [
				{
					"name": "lugia",
					"pivot": [0, 0, -3.5]
				},
				{
					"name": "body",
					"parent": "lugia",
					"pivot": [0, 24, -5.5]
				},
				{
					"name": "torso",
					"parent": "body",
					"pivot": [-1, 24, -5.5],
					"cubes": [
						{"origin": [-12, 12, -12.5], "size": [24, 24, 23], "inflate": 0.01, "uv": [0, 47]},
						{"origin": [-12, 12, -12.5], "size": [24, 24, 23], "inflate": 0.2, "uv": [0, 0]}
					]
				},
				{
					"name": "torso_spike_right",
					"parent": "torso",
					"pivot": [-6, 31.5, 10.5],
					"rotation": [0, -22.5, 0],
					"cubes": [
						{"origin": [-6.59567, 29.1, 9.76903], "size": [0, 5, 20], "uv": [134, 7]}
					]
				},
				{
					"name": "torso_spike_left",
					"parent": "torso",
					"pivot": [6, 31.5, 10.5],
					"rotation": [0, 22.5, 0],
					"cubes": [
						{"origin": [6.59567, 29.1, 9.76903], "size": [0, 5, 20], "uv": [102, 129]}
					]
				},
				{
					"name": "chest",
					"parent": "torso",
					"pivot": [-1, 36.2, 0.5],
					"cubes": [
						{"origin": [-10, 36.2, -10.5], "size": [20, 13, 21], "uv": [73, 26]}
					]
				},
				{
					"name": "chest_spikes_left",
					"parent": "chest",
					"pivot": [6, 45.2, 10.5],
					"rotation": [0, 25, 0],
					"cubes": [
						{"origin": [5.95315, 42.2, 9.46131], "size": [0, 6, 24], "uv": [71, 36]}
					]
				},
				{
					"name": "chest_spikes_right",
					"parent": "chest",
					"pivot": [-6, 45.2, 10.5],
					"rotation": [0, -25, 0],
					"cubes": [
						{"origin": [-5.95315, 42.2, 9.46131], "size": [0, 6, 24], "uv": [71, 36], "mirror": true}
					]
				},
				{
					"name": "neck",
					"parent": "chest",
					"pivot": [-1, 51.2, 0],
					"cubes": [
						{"origin": [-5, 48.2, -6], "size": [10, 14, 10], "inflate": 0.2, "uv": [207, 25]},
						{"origin": [-5, 48.2, -6], "size": [10, 14, 10], "uv": [142, 139]}
					]
				},
				{
					"name": "neck2",
					"parent": "neck",
					"pivot": [-1, 62.2, 5],
					"cubes": [
						{"origin": [-4, 62.2, -5], "size": [8, 9, 8], "inflate": 0.01, "uv": [70, 171]},
						{"origin": [-4, 62.2, -5], "size": [8, 9, 8], "inflate": 0.2, "uv": [205, 137]}
					]
				},
				{
					"name": "neck3",
					"parent": "neck2",
					"pivot": [-1, 71.2, 5],
					"cubes": [
						{"origin": [-4, 71.2, -5], "size": [8, 10, 8], "uv": [164, 163]},
						{"origin": [-4, 72.2, -5], "size": [8, 9, 8], "inflate": 0.2, "uv": [204, 164]},
						{"origin": [-3.5, 81.2, -4.5], "size": [7, 2, 7], "uv": [94, 66]}
					]
				},
				{
					"name": "head",
					"parent": "neck3",
					"pivot": [-1, 81.175, -1],
					"cubes": [
						{"origin": [-5.5, 81.175, -5], "size": [11, 9, 9], "uv": [155, 32]},
						{"origin": [4.73648, 77.1437, -3.94257], "size": [0, 3, 12], "pivot": [4.73648, 78.6437, 2.05743], "rotation": [-45, 2.5, 0], "uv": [58, 190]},
						{"origin": [-4.73648, 77.1437, -3.94257], "size": [0, 3, 12], "pivot": [-4.73648, 78.6437, 2.05743], "rotation": [-45, -2.5, 0], "uv": [58, 190], "mirror": true},
						{"origin": [-3.5, 85.175, 4], "size": [7, 5, 4], "uv": [0, 0]},
						{"origin": [-2.5, 86.175, 8], "size": [5, 4, 4], "pivot": [0, 90.175, 8], "rotation": [-2.5, 0, 0], "uv": [18, 179]},
						{"origin": [-1.5, 86.83192, 11.85785], "size": [3, 3, 4], "pivot": [1, 88.33192, 13.85785], "rotation": [-5, 0, 0], "uv": [71, 0]},
						{"origin": [-5, 83.175, -10], "size": [10, 7, 5], "uv": [102, 171]},
						{"origin": [-3, 83.175, -13], "size": [6, 5, 3], "uv": [0, 179]},
						{"origin": [-1.7, 81.925, -12.975], "size": [2, 2, 0], "pivot": [0, 82.175, -13], "rotation": [0, 0, 45], "uv": [0, 0]},
						{"origin": [-4.974, 85.925, -9.58579], "size": [0, 2, 2], "pivot": [-3.989, 83.175, -11.58579], "rotation": [-45, 0, 0], "uv": [18, 0]},
						{"origin": [4.974, 85.925, -9.58579], "size": [0, 2, 2], "pivot": [3.989, 83.175, -11.58579], "rotation": [-45, 0, 0], "uv": [0, 0]}
					]
				},
				{
					"name": "scale_eye_left",
					"parent": "head",
					"pivot": [4.99966, 88.12135, -9.15383],
					"rotation": [12.5, -1.8, 0],
					"cubes": [
						{"origin": [4.97733, 84.6489, -9.16052], "size": [0, 7, 10], "inflate": 0.01, "pivot": [5, 86.15746, -9.28906], "rotation": [0, 10, 0], "uv": [0, 0]},
						{"origin": [6.73648, 85.6489, -2.52315], "size": [0, 4, 18], "pivot": [7.95202, 88.6489, 0.5832], "rotation": [0, 10, 0], "uv": [0, 184]}
					]
				},
				{
					"name": "eye_left",
					"parent": "scale_eye_left",
					"pivot": [5.40302, 85.15746, -7.07542],
					"cubes": [
						{"origin": [4.98733, 84.8989, -8.66052], "size": [0, 3, 4], "inflate": 0.01, "pivot": [5, 86.15746, -9.28906], "rotation": [0, 10, 0], "uv": [15, 50]},
						{"origin": [4.99233, 84.8989, -7.66052], "size": [0, 2, 1], "inflate": 0.01, "pivot": [5, 86.15746, -9.28906], "rotation": [0, 10, 0], "uv": [0, 16]}
					]
				},
				{
					"name": "scale_eye_right",
					"parent": "head",
					"pivot": [-4.99966, 88.12135, -9.15383],
					"rotation": [12.5, 1.8, 0],
					"cubes": [
						{"origin": [-4.97733, 84.6489, -9.16052], "size": [0, 7, 10], "inflate": 0.01, "pivot": [-5, 86.15746, -9.28906], "rotation": [0, -10, 0], "uv": [0, 0], "mirror": true},
						{"origin": [-6.73648, 85.6489, -2.52315], "size": [0, 4, 18], "pivot": [-7.95202, 88.6489, 0.5832], "rotation": [0, -10, 0], "uv": [0, 184], "mirror": true}
					]
				},
				{
					"name": "eye_right",
					"parent": "scale_eye_right",
					"pivot": [-5.40302, 85.15746, -7.07542],
					"cubes": [
						{"origin": [-4.98733, 84.8989, -8.66052], "size": [0, 3, 4], "inflate": 0.01, "pivot": [-5, 86.15746, -9.28906], "rotation": [0, -10, 0], "uv": [15, 50], "mirror": true},
						{"origin": [-4.99233, 84.8989, -7.66052], "size": [0, 2, 1], "inflate": 0.01, "pivot": [-5, 86.15746, -9.28906], "rotation": [0, -10, 0], "uv": [0, 16], "mirror": true}
					]
				},
				{
					"name": "jaw",
					"parent": "head",
					"pivot": [0, 83.175, -5],
					"cubes": [
						{"origin": [-4, 81.175, -9], "size": [8, 2, 4], "uv": [47, 98]},
						{"origin": [-2.5, 81.175, -12], "size": [5, 2, 3], "uv": [134, 42]},
						{"origin": [-2.474, 83.175, -11.29289], "size": [0, 1, 1], "pivot": [-3.499, 83.175, -11.29289], "rotation": [-45, 0, 0], "uv": [2, 8]},
						{"origin": [2.474, 83.175, -11.29289], "size": [0, 1, 1], "pivot": [3.499, 83.175, -11.29289], "rotation": [-45, 0, 0], "uv": [0, 8]}
					]
				},
				{
					"name": "wing_left",
					"parent": "chest",
					"pivot": [9, 45.2, 0],
					"cubes": [
						{"origin": [9, 42.2, -2.5], "size": [5, 5, 5], "inflate": 0.01, "uv": [134, 32]},
						{"origin": [14, 41.7, -3.5], "size": [7, 6, 7], "inflate": 0.01, "uv": [172, 50]},
						{"origin": [21, 42.7, -2.5], "size": [5, 4, 5], "inflate": 0.01, "uv": [118, 154]}
					]
				},
				{
					"name": "wing_left2",
					"parent": "wing_left",
					"pivot": [24, 44.95, 0],
					"cubes": [
						{"origin": [27, 39.2, -1.5], "size": [9, 11, 3], "uv": [176, 63]},
						{"origin": [21, 47.2, -1.5], "size": [6, 3, 3], "uv": [0, 64]},
						{"origin": [23, 39.2, -1.5], "size": [4, 3, 3], "uv": [191, 83]}
					]
				},
				{
					"name": "wing_left3",
					"parent": "wing_left2",
					"pivot": [37, 45.2, 0],
					"cubes": [
						{"origin": [37, 35.2, -2], "size": [12, 19, 4], "uv": [132, 163]},
						{"origin": [37, 35.2, -2], "size": [12, 19, 4], "inflate": 0.2, "uv": [207, 0]}
					]
				},
				{
					"name": "hand_left",
					"parent": "wing_left3",
					"pivot": [49, 45.2, 1],
					"cubes": [
						{"origin": [49, 33.2, -2], "size": [23, 23, 4], "inflate": 0.01, "uv": [139, 87]},
						{"origin": [49, 33.2, -2], "size": [23, 23, 4], "inflate": 0.2, "uv": [48, 135]}
					]
				},
				{
					"name": "finger_left",
					"parent": "hand_left",
					"pivot": [72, 51.2, 1],
					"cubes": [
						{"origin": [72, 50.2, 0], "size": [8, 6, 1], "inflate": -0.01, "uv": [186, 27]},
						{"origin": [73, 50.7, -1], "size": [7, 5, 1], "inflate": -0.01, "uv": [53, 191]}
					]
				},
				{
					"name": "finger_left1_2",
					"parent": "finger_left",
					"pivot": [80, 53.2, 1],
					"cubes": [
						{"origin": [80, 50.7, 0], "size": [8, 5, 1], "uv": [188, 7]},
						{"origin": [80, 51.2, -1], "size": [6, 4, 1], "uv": [36, 192]},
						{"origin": [80, 52.7, -1], "size": [6, 1, 1], "inflate": 0.01, "uv": [21, 194]}
					]
				},
				{
					"name": "finger_left2",
					"parent": "hand_left",
					"pivot": [72, 45.2, 1],
					"cubes": [
						{"origin": [72, 45.2, 0], "size": [8, 6, 1], "uv": [186, 27]},
						{"origin": [73, 45.7, -1], "size": [7, 5, 1], "uv": [156, 188]}
					]
				},
				{
					"name": "finger_left2_2",
					"parent": "finger_left2",
					"pivot": [80, 48.2, 1],
					"cubes": [
						{"origin": [80, 45.7, 0], "size": [8, 5, 1], "inflate": 0.01, "uv": [188, 7]},
						{"origin": [80, 46.2, -1], "size": [6, 4, 1], "uv": [86, 188]},
						{"origin": [80, 47.7, -1], "size": [6, 1, 1], "inflate": 0.01, "uv": [21, 194]}
					]
				},
				{
					"name": "finger_left3",
					"parent": "hand_left",
					"pivot": [72, 45.2, 1],
					"cubes": [
						{"origin": [72, 39.2, 0], "size": [8, 6, 1], "inflate": -0.01, "uv": [0, 187]},
						{"origin": [73, 39.7, -1], "size": [7, 5, 1], "inflate": -0.01, "uv": [188, 162]}
					]
				},
				{
					"name": "finger_left3_2",
					"parent": "finger_left3",
					"pivot": [80, 42.2, 1],
					"cubes": [
						{"origin": [80, 39.7, 0], "size": [8, 5, 1], "uv": [138, 186]},
						{"origin": [80, 40.2, -1], "size": [6, 4, 1], "uv": [172, 188]},
						{"origin": [80, 41.7, -1], "size": [6, 1, 1], "inflate": 0.01, "uv": [21, 194]}
					]
				},
				{
					"name": "finger_left4",
					"parent": "hand_left",
					"pivot": [72, 39.2, 1],
					"cubes": [
						{"origin": [72, 33.2, 0], "size": [8, 6, 1], "uv": [0, 187]},
						{"origin": [73, 33.7, -1], "size": [7, 5, 1], "uv": [102, 190]}
					]
				},
				{
					"name": "finger_left4_2",
					"parent": "finger_left4",
					"pivot": [80, 36.2, 1],
					"cubes": [
						{"origin": [80, 33.7, 0], "size": [8, 5, 1], "inflate": 0.01, "uv": [138, 186]},
						{"origin": [80, 34.2, -1], "size": [6, 4, 1], "uv": [188, 188]},
						{"origin": [80, 35.7, -1], "size": [6, 1, 1], "inflate": 0.01, "uv": [21, 194]}
					]
				},
				{
					"name": "wing_right",
					"parent": "chest",
					"pivot": [-9, 45.2, 0],
					"cubes": [
						{"origin": [-14, 42.2, -2.5], "size": [5, 5, 5], "inflate": 0.01, "uv": [134, 32], "mirror": true},
						{"origin": [-21, 41.7, -3.5], "size": [7, 6, 7], "inflate": 0.01, "uv": [172, 50], "mirror": true},
						{"origin": [-26, 42.7, -2.5], "size": [5, 4, 5], "inflate": 0.01, "uv": [118, 154], "mirror": true}
					]
				},
				{
					"name": "wing_right2",
					"parent": "wing_right",
					"pivot": [-24, 44.95, 0],
					"cubes": [
						{"origin": [-36, 39.2, -1.5], "size": [9, 11, 3], "uv": [176, 63], "mirror": true},
						{"origin": [-27, 47.2, -1.5], "size": [6, 3, 3], "uv": [0, 64], "mirror": true},
						{"origin": [-27, 39.2, -1.5], "size": [4, 3, 3], "uv": [191, 83], "mirror": true}
					]
				},
				{
					"name": "wing_right3",
					"parent": "wing_right2",
					"pivot": [-37, 45.2, 0],
					"cubes": [
						{"origin": [-49, 35.2, -2], "size": [12, 19, 4], "uv": [132, 163], "mirror": true},
						{"origin": [-49, 35.2, -2], "size": [12, 19, 4], "inflate": 0.2, "uv": [207, 0], "mirror": true}
					]
				},
				{
					"name": "hand_right",
					"parent": "wing_right3",
					"pivot": [-49, 45.2, 1],
					"cubes": [
						{"origin": [-72, 33.2, -2], "size": [23, 23, 4], "inflate": 0.01, "uv": [139, 87], "mirror": true},
						{"origin": [-72, 33.2, -2], "size": [23, 23, 4], "inflate": 0.2, "uv": [48, 135], "mirror": true}
					]
				},
				{
					"name": "finger_right",
					"parent": "hand_right",
					"pivot": [-72, 51.2, 1],
					"cubes": [
						{"origin": [-80, 50.2, 0], "size": [8, 6, 1], "inflate": -0.01, "uv": [186, 27], "mirror": true},
						{"origin": [-80, 50.7, -1], "size": [7, 5, 1], "inflate": -0.01, "uv": [53, 191], "mirror": true}
					]
				},
				{
					"name": "finger_right1_2",
					"parent": "finger_right",
					"pivot": [-80, 53.2, 1],
					"cubes": [
						{"origin": [-88, 50.7, 0], "size": [8, 5, 1], "uv": [188, 7], "mirror": true},
						{"origin": [-86, 51.2, -1], "size": [6, 4, 1], "uv": [36, 192], "mirror": true},
						{"origin": [-86, 52.7, -1], "size": [6, 1, 1], "inflate": 0.01, "uv": [21, 194], "mirror": true}
					]
				},
				{
					"name": "finger_right2",
					"parent": "hand_right",
					"pivot": [-72, 45.2, 1],
					"cubes": [
						{"origin": [-80, 45.2, 0], "size": [8, 6, 1], "uv": [186, 27], "mirror": true},
						{"origin": [-80, 45.7, -1], "size": [7, 5, 1], "uv": [156, 188], "mirror": true}
					]
				},
				{
					"name": "finger_right2_2",
					"parent": "finger_right2",
					"pivot": [-80, 48.2, 1],
					"cubes": [
						{"origin": [-88, 45.7, 0], "size": [8, 5, 1], "inflate": 0.01, "uv": [188, 7], "mirror": true},
						{"origin": [-86, 46.2, -1], "size": [6, 4, 1], "uv": [86, 188], "mirror": true},
						{"origin": [-86, 47.7, -1], "size": [6, 1, 1], "inflate": 0.01, "uv": [21, 194], "mirror": true}
					]
				},
				{
					"name": "finger_right3",
					"parent": "hand_right",
					"pivot": [-72, 45.2, 1],
					"cubes": [
						{"origin": [-80, 39.2, 0], "size": [8, 6, 1], "inflate": -0.01, "uv": [0, 187], "mirror": true},
						{"origin": [-80, 39.7, -1], "size": [7, 5, 1], "inflate": -0.01, "uv": [188, 162], "mirror": true}
					]
				},
				{
					"name": "finger_right3_2",
					"parent": "finger_right3",
					"pivot": [-80, 42.2, 1],
					"cubes": [
						{"origin": [-88, 39.7, 0], "size": [8, 5, 1], "uv": [138, 186], "mirror": true},
						{"origin": [-86, 40.2, -1], "size": [6, 4, 1], "uv": [172, 188], "mirror": true},
						{"origin": [-86, 41.7, -1], "size": [6, 1, 1], "inflate": 0.01, "uv": [21, 194], "mirror": true}
					]
				},
				{
					"name": "finger_right4",
					"parent": "hand_right",
					"pivot": [-72, 39.2, 1],
					"cubes": [
						{"origin": [-80, 33.2, 0], "size": [8, 6, 1], "uv": [0, 187], "mirror": true},
						{"origin": [-80, 33.7, -1], "size": [7, 5, 1], "uv": [102, 190], "mirror": true}
					]
				},
				{
					"name": "finger_right4_2",
					"parent": "finger_right4",
					"pivot": [-80, 36.2, 1],
					"cubes": [
						{"origin": [-88, 33.7, 0], "size": [8, 5, 1], "inflate": 0.01, "uv": [138, 186], "mirror": true},
						{"origin": [-86, 34.2, -1], "size": [6, 4, 1], "uv": [188, 188], "mirror": true},
						{"origin": [-86, 35.7, -1], "size": [6, 1, 1], "inflate": 0.01, "uv": [21, 194], "mirror": true}
					]
				},
				{
					"name": "tail",
					"parent": "torso",
					"pivot": [0, 25, 10.5],
					"cubes": [
						{"origin": [-8, 10, 9.5], "size": [16, 15, 15], "uv": [0, 94]},
						{"origin": [-8, 10, 9.5], "size": [16, 15, 15], "inflate": 0.2, "uv": [194, 77]}
					]
				},
				{
					"name": "tail_spikes_right",
					"parent": "tail",
					"pivot": [-5.5, 25, 17.25],
					"rotation": [0, 0, -20],
					"cubes": [
						{"origin": [-4.5, 23.5, 18.5], "size": [0, 14, 5], "uv": [0, 119]}
					]
				},
				{
					"name": "tail_spikes_left",
					"parent": "tail",
					"pivot": [5.5, 25, 17.25],
					"rotation": [0, 0, 20],
					"cubes": [
						{"origin": [4.5, 23.5, 18.5], "size": [0, 14, 5], "uv": [0, 89]}
					]
				},
				{
					"name": "tail2",
					"parent": "tail",
					"pivot": [0, 17.5, 24.5],
					"cubes": [
						{"origin": [-7, 11, 21.5], "size": [14, 13, 17], "uv": [77, 77]}
					]
				},
				{
					"name": "tail3",
					"parent": "tail2",
					"pivot": [0, 17.5, 38.5],
					"cubes": [
						{"origin": [-6, 12, 35.5], "size": [12, 11, 17], "uv": [45, 107]}
					]
				},
				{
					"name": "tail4",
					"parent": "tail3",
					"pivot": [0, 17.5, 52.5],
					"cubes": [
						{"origin": [-5, 13, 50.5], "size": [10, 9, 14], "uv": [71, 0]}
					]
				},
				{
					"name": "tail5",
					"parent": "tail4",
					"pivot": [0, 17.5, 64.5],
					"cubes": [
						{"origin": [-4, 14, 63.5], "size": [8, 7, 13], "uv": [151, 114]}
					]
				},
				{
					"name": "tail6",
					"parent": "tail5",
					"pivot": [0, 17.5, 76.5],
					"cubes": [
						{"origin": [-3, 15, 75.5], "size": [6, 5, 13], "uv": [0, 161]},
						{"origin": [-17, 10, 78.5], "size": [15, 5, 0], "pivot": [-9.5, 13.5, 78.5], "rotation": [0, 0, -22.5], "uv": [1, 223]},
						{"origin": [2, 10, 78.5], "size": [15, 5, 0], "pivot": [9.5, 13.5, 78.5], "rotation": [0, 0, 22.5], "uv": [1, 223], "mirror": true},
						{"origin": [-17, 17, 78.5], "size": [15, 5, 0], "pivot": [-2.5, 21.5, 78.5], "rotation": [0, 0, 22.5], "uv": [1, 217], "mirror": true},
						{"origin": [2, 17, 78.5], "size": [15, 5, 0], "pivot": [2.5, 21.5, 78.5], "rotation": [0, 0, -22.5], "uv": [1, 217]}
					]
				},
				{
					"name": "leg_left",
					"parent": "body",
					"pivot": [14, 22, -5.5],
					"cubes": [
						{"origin": [12, 7, -14], "size": [7, 20, 17], "uv": [0, 124]},
						{"origin": [12, 7, -14], "size": [7, 20, 17], "inflate": 0.2, "uv": [103, 107]}
					]
				},
				{
					"name": "leg_left2",
					"parent": "leg_left",
					"pivot": [15.5, 10, -8]
				},
				{
					"name": "foot_left",
					"parent": "leg_left2",
					"pivot": [15.5, 2, -4.25],
					"cubes": [
						{"origin": [11.5, 0, -13], "size": [8, 3, 14], "inflate": 0.01, "uv": [88, 154]}
					]
				},
				{
					"name": "toe_left1",
					"parent": "foot_left",
					"pivot": [14.5, 2, -13],
					"rotation": [0, 7.5, 0],
					"cubes": [
						{"origin": [11.5, 0, -19], "size": [3, 3, 6], "uv": [176, 77]},
						{"origin": [11.5, 0, -21], "size": [3, 2, 2], "uv": [119, 13]}
					]
				},
				{
					"name": "toe_left2",
					"parent": "foot_left",
					"pivot": [15.5, 2, -13],
					"cubes": [
						{"origin": [14, 0, -19], "size": [3, 3, 6], "inflate": 0.01, "uv": [70, 162]},
						{"origin": [14, 0, -22], "size": [3, 2, 3], "inflate": 0.01, "uv": [47, 104]}
					]
				},
				{
					"name": "toe_left3",
					"parent": "foot_left",
					"pivot": [16.5, 2, -13],
					"rotation": [0, -7.5, 0],
					"cubes": [
						{"origin": [16.5, 0, -19], "size": [3, 3, 6], "uv": [31, 129]},
						{"origin": [16.5, 0, -21], "size": [3, 2, 2], "uv": [67, 98]}
					]
				},
				{
					"name": "leg_right",
					"parent": "body",
					"pivot": [-14, 22, -5.5],
					"cubes": [
						{"origin": [-19, 7, -14], "size": [7, 20, 17], "uv": [0, 124], "mirror": true},
						{"origin": [-19, 7, -14], "size": [7, 20, 17], "inflate": 0.2, "uv": [103, 107], "mirror": true}
					]
				},
				{
					"name": "leg_right2",
					"parent": "leg_right",
					"pivot": [-15.5, 10, -8]
				},
				{
					"name": "foot_right",
					"parent": "leg_right2",
					"pivot": [-15.5, 2, -4.25],
					"cubes": [
						{"origin": [-19.5, 0, -13], "size": [8, 3, 14], "inflate": 0.01, "uv": [88, 154], "mirror": true}
					]
				},
				{
					"name": "toe_right1",
					"parent": "foot_right",
					"pivot": [-14.5, 2, -13],
					"rotation": [0, -7.5, 0],
					"cubes": [
						{"origin": [-14.5, 0, -19], "size": [3, 3, 6], "uv": [176, 77], "mirror": true},
						{"origin": [-14.5, 0, -21], "size": [3, 2, 2], "uv": [119, 13], "mirror": true}
					]
				},
				{
					"name": "toe_right2",
					"parent": "foot_right",
					"pivot": [-15.5, 2, -13],
					"cubes": [
						{"origin": [-17, 0, -19], "size": [3, 3, 6], "inflate": 0.01, "uv": [70, 162], "mirror": true},
						{"origin": [-17, 0, -22], "size": [3, 2, 3], "inflate": 0.01, "uv": [47, 104], "mirror": true}
					]
				},
				{
					"name": "toe_right3",
					"parent": "foot_right",
					"pivot": [-16.5, 2, -13],
					"rotation": [0, 7.5, 0],
					"cubes": [
						{"origin": [-19.5, 0, -19], "size": [3, 3, 6], "uv": [31, 129], "mirror": true},
						{"origin": [-19.5, 0, -21], "size": [3, 2, 2], "uv": [67, 98], "mirror": true}
					]
				}
			]
		}
	]
}