{
	"format_version": "1.12.0",
	"minecraft:geometry": [
		{
			"description": {
				"identifier": "geometry.labsire",
				"texture_width": 128,
				"texture_height": 128,
				"visible_bounds_width": 4,
				"visible_bounds_height": 3.5,
				"visible_bounds_offset": [0, 1.25, 0]
			},
			"bones": [
				{
					"name": "labsire",
					"pivot": [0, 1, 0]
				},
				{
					"name": "body",
					"parent": "labsire",
					"pivot": [0, 2, -1],
					"cubes": [
						{"origin": [-5, 7, -4], "size": [10, 0, 8], "uv": [18, 0]},
						{"origin": [-5, 1, -4], "size": [10, 0, 8], "uv": [0, 15]},
						{"origin": [-5, 1, 4], "size": [10, 6, 0], "uv": [32, 41]},
						{"origin": [-5, 1, -4], "size": [10, 6, 0], "uv": [42, 16]},
						{"origin": [-3.5, 1.5, -2.5], "size": [7, 5, 5], "uv": [0, 68]},
						{"origin": [-5, 1, -4], "size": [0, 6, 8], "uv": [0, 30]},
						{"origin": [5, 1, -4], "size": [0, 6, 8], "uv": [16, 30]}
					]
				},
				{
					"name": "torso1",
					"parent": "body",
					"pivot": [0, 7, 0],
					"cubes": [
						{"origin": [-3.5, 11, -2.5], "size": [7, 0, 5], "uv": [36, 24]},
						{"origin": [-3.5, 7, 2.5], "size": [7, 4, 0], "uv": [52, 38]},
						{"origin": [-3.5, 7, -2.5], "size": [7, 4, 0], "uv": [50, 11]},
						{"origin": [3.5, 7, -2.5], "size": [0, 4, 5], "uv": [47, 29]},
						{"origin": [-3.5, 7, -2.5], "size": [0, 4, 5], "uv": [36, 48]},
						{"origin": [0, 7, 2.5], "size": [0, 4, 2], "uv": [26, 46]}
					]
				},
				{
					"name": "torso2",
					"parent": "torso1",
					"pivot": [0, 11, 2.5],
					"cubes": [
						{"origin": [-2.5, 11, 2.5], "size": [5, 6, 0], "uv": [52, 52]},
						{"origin": [-2.5, 11, -2.5], "size": [5, 6, 0], "uv": [52, 46]},
						{"origin": [2.5, 11, -2.5], "size": [0, 6, 5], "uv": [32, 42]},
						{"origin": [-2.5, 11, -2.5], "size": [0, 6, 5], "uv": [42, 42]},
						{"origin": [-0.01, 10, 2.5], "size": [0, 5, 2], "uv": [18, 30]}
					]
				},
				{
					"name": "arm_right",
					"parent": "torso2",
					"pivot": [2.5, 11.5, 0],
					"cubes": [
						{"origin": [-7.51, 10, -1], "size": [0, 3, 2], "uv": [46, 52]},
						{"origin": [-2.51, 10, -1], "size": [0, 3, 2], "uv": [46, 3]},
						{"origin": [-7.51, 10, -1], "size": [5, 0, 2], "uv": [40, 22]},
						{"origin": [-7.51, 13, -1], "size": [5, 0, 2], "uv": [50, 22]},
						{"origin": [-7.51, 10, 1], "size": [5, 3, 0], "uv": [20, 58]},
						{"origin": [-7.51, 10, -1], "size": [5, 3, 0], "uv": [30, 58]},
						{"origin": [-7.01, 10.5, -0.5], "size": [2, 2, 1], "uv": [31, 74]}
					]
				},
				{
					"name": "arm_left",
					"parent": "torso2",
					"pivot": [2.5, 11.5, 0],
					"cubes": [
						{"origin": [7.51, 10, -1], "size": [0, 3, 2], "uv": [48, 62]},
						{"origin": [2.51, 10, -1], "size": [0, 3, 2], "uv": [48, 59]},
						{"origin": [2.51, 10, -1], "size": [5, 0, 2], "uv": [50, 42]},
						{"origin": [2.51, 13, -1], "size": [5, 0, 2], "uv": [50, 44]},
						{"origin": [2.51, 10, 1], "size": [5, 3, 0], "uv": [40, 58]},
						{"origin": [2.51, 10, -1], "size": [5, 3, 0], "uv": [50, 58]},
						{"origin": [5.01, 10.5, -0.5], "size": [2, 2, 1], "uv": [29, 70]}
					]
				},
				{
					"name": "head",
					"parent": "torso2",
					"pivot": [0, 16, 0],
					"cubes": [
						{"origin": [-4.5, 16, -4], "size": [9, 7, 8], "uv": [0, 0]}
					]
				},
				{
					"name": "mouth_closed",
					"parent": "head",
					"pivot": [0, 1, 0.1],
					"cubes": [
						{"origin": [-3, 16, -3.91], "size": [6, 2, 0], "uv": [28, 66]}
					]
				},
				{
					"name": "mouth_open",
					"parent": "head",
					"pivot": [0, 1, 0],
					"cubes": [
						{"origin": [-3, 16.5, -4.01], "size": [6, 3, 0], "uv": [53, 70]}
					]
				},
				{
					"name": "eye_right",
					"parent": "head",
					"pivot": [0, 1, 0],
					"cubes": [
						{"origin": [-4.5, 18.5, -4.01], "size": [1, 2, 0], "uv": [62, 48]}
					]
				},
				{
					"name": "eyelid_right",
					"parent": "eye_right",
					"pivot": [0.1, 1, 0.1],
					"cubes": [
						{"origin": [-4.4, 18.5, -3.91], "size": [1, 2, 0], "inflate": 0.02, "uv": [66, 48]}
					]
				},
				{
					"name": "eye_left",
					"parent": "head",
					"pivot": [0, 1, 0],
					"cubes": [
						{"origin": [3.5, 18.5, -4.01], "size": [1, 2, 0], "uv": [62, 50]}
					]
				},
				{
					"name": "eyelid_left",
					"parent": "eye_left",
					"pivot": [-0.1, 1, 0.1],
					"cubes": [
						{"origin": [3.4, 18.5, -3.91], "size": [1, 2, 0], "inflate": 0.02, "uv": [66, 48]}
					]
				},
				{
					"name": "ear_left_top",
					"parent": "head",
					"pivot": [4.75, 22, 0],
					"rotation": [0, 0, -52.5],
					"cubes": [
						{"origin": [3.75, 24, -0.5], "size": [4, 0, 1], "uv": [0, 31]},
						{"origin": [3.75, 22, -0.5], "size": [4, 0, 1], "uv": [33, 14]},
						{"origin": [3.75, 22, 0.5], "size": [4, 2, 0], "uv": [60, 58]},
						{"origin": [3.75, 22, -0.5], "size": [4, 2, 0], "uv": [60, 60]}
					]
				},
				{
					"name": "ear_left_top2",
					"parent": "ear_left_top",
					"pivot": [7.75, 22, 0],
					"rotation": [0, 0, -47.5],
					"cubes": [
						{"origin": [11.75, 22, -0.5], "size": [0, 3, 1], "uv": [0, 62]},
						{"origin": [7.75, 22, -0.5], "size": [4, 0, 1], "uv": [0, 30]},
						{"origin": [9, 22.5, 0], "size": [2, 2, 0], "uv": [0, 66]},
						{"origin": [7.75, 25, -0.5], "size": [4, 0, 1], "uv": [0, 29]},
						{"origin": [7.75, 22, 0.5], "size": [4, 3, 0], "inflate": 0.01, "uv": [34, 8]},
						{"origin": [7.75, 22, -0.5], "size": [4, 3, 0], "inflate": 0.01, "uv": [34, 11]}
					]
				},
				{
					"name": "ear_right_top",
					"parent": "head",
					"pivot": [-4.75, 22, 0],
					"rotation": [0, 0, 52.5],
					"cubes": [
						{"origin": [-7.75, 24, -0.5], "size": [4, 0, 1], "uv": [0, 25]},
						{"origin": [-7.75, 22, -0.5], "size": [4, 0, 1], "uv": [0, 26]},
						{"origin": [-7.75, 22, -0.5], "size": [4, 2, 0], "uv": [0, 6]},
						{"origin": [-7.75, 22, 0.5], "size": [4, 2, 0], "uv": [0, 21]}
					]
				},
				{
					"name": "ear_right_top2",
					"parent": "ear_right_top",
					"pivot": [-7.75, 22, 0],
					"rotation": [0, 0, 47.5],
					"cubes": [
						{"origin": [-11.75, 22, -0.5], "size": [0, 3, 1], "uv": [10, 50]},
						{"origin": [-11.75, 25, -0.5], "size": [4, 0, 1], "uv": [0, 23]},
						{"origin": [-11.75, 22, -0.5], "size": [4, 0, 1], "uv": [0, 24]},
						{"origin": [-11, 22.5, 0], "size": [2, 2, 0], "uv": [4, 66]},
						{"origin": [-11.75, 22, 0.5], "size": [4, 3, 0], "inflate": 0.01, "uv": [0, 0]},
						{"origin": [-11.75, 22, -0.5], "size": [4, 3, 0], "inflate": 0.01, "uv": [0, 3]}
					]
				},
				{
					"name": "ear_left_middle",
					"parent": "head",
					"pivot": [0, 1, 0],
					"cubes": [
						{"origin": [4.5, 18.5, -0.5], "size": [2, 0, 1], "uv": [45, 57]},
						{"origin": [4.5, 20.5, -0.5], "size": [2, 0, 1], "uv": [15, 60]},
						{"origin": [4.5, 18.5, 0.5], "size": [2, 2, 0], "uv": [62, 44]},
						{"origin": [4.5, 18.5, -0.5], "size": [2, 2, 0], "uv": [62, 46]}
					]
				},
				{
					"name": "ear_left_middle2",
					"parent": "ear_left_middle",
					"pivot": [0, 1, 0],
					"cubes": [
						{"origin": [6.5, 17.5, -0.5], "size": [0, 4, 1], "uv": [60, 61]},
						{"origin": [11.5, 17.5, -0.5], "size": [0, 4, 1], "uv": [58, 60]},
						{"origin": [7.75, 18.5, 0], "size": [3, 2, 0], "uv": [8, 66]},
						{"origin": [6.5, 21.5, -0.5], "size": [5, 0, 1], "uv": [35, 57]},
						{"origin": [6.5, 17.5, -0.5], "size": [5, 0, 1], "uv": [56, 37]},
						{"origin": [6.5, 17.5, 0.5], "size": [5, 4, 0], "inflate": 0.01, "uv": [57, 29]},
						{"origin": [6.5, 17.5, -0.5], "size": [5, 4, 0], "inflate": 0.01, "uv": [57, 33]}
					]
				},
				{
					"name": "ear_right_middle",
					"parent": "head",
					"pivot": [0, 1, 0],
					"cubes": [
						{"origin": [-6.5, 20.5, -0.5], "size": [2, 0, 1], "uv": [17, 37]},
						{"origin": [-6.5, 18.5, -0.5], "size": [2, 0, 1], "uv": [22, 23]},
						{"origin": [-6.5, 18.5, 0.5], "size": [2, 2, 0], "uv": [62, 22]},
						{"origin": [-6.5, 18.5, -0.5], "size": [2, 2, 0], "uv": [62, 42]}
					]
				},
				{
					"name": "ear_right_middle2",
					"parent": "ear_right_middle",
					"pivot": [0, 1, 0],
					"cubes": [
						{"origin": [-6.5, 17.5, -0.5], "size": [0, 4, 1], "uv": [30, 47]},
						{"origin": [-11.5, 17.5, -0.5], "size": [0, 4, 1], "uv": [50, 53]},
						{"origin": [-11.5, 17.5, -0.5], "size": [5, 0, 1], "uv": [49, 15]},
						{"origin": [-11.5, 21.5, -0.5], "size": [5, 0, 1], "uv": [55, 4]},
						{"origin": [-11.5, 17.5, -0.5], "size": [5, 4, 0], "inflate": 0.01, "uv": [0, 56]},
						{"origin": [-10.75, 18.5, 0], "size": [3, 2, 0], "uv": [14, 66]},
						{"origin": [-11.5, 17.5, 0.5], "size": [5, 4, 0], "inflate": 0.01, "uv": [56, 0]}
					]
				},
				{
					"name": "ear_left_bottom",
					"parent": "head",
					"pivot": [4.5, 18, 0],
					"rotation": [0, 0, 17.5],
					"cubes": [
						{"origin": [4.5, 18, -0.5], "size": [3, 0, 1], "uv": [19, 54]},
						{"origin": [4.5, 16, -0.5], "size": [3, 0, 1], "uv": [45, 53]},
						{"origin": [4.5, 16, 0.5], "size": [3, 2, 0], "uv": [62, 18]},
						{"origin": [4.5, 16, -0.5], "size": [3, 2, 0], "uv": [62, 20]}
					]
				},
				{
					"name": "ear_left_bottom2",
					"parent": "ear_left_bottom",
					"pivot": [7.5, 18, 0],
					"rotation": [0, 0, 7.5],
					"cubes": [
						{"origin": [11.5, 15, -0.5], "size": [0, 3, 1], "uv": [4, 62]},
						{"origin": [7.5, 15, -0.5], "size": [0, 3, 1], "uv": [2, 62]},
						{"origin": [7.5, 15, -0.5], "size": [4, 0, 1], "uv": [9, 59]},
						{"origin": [7.5, 18, -0.5], "size": [4, 0, 1], "uv": [59, 15]},
						{"origin": [7.5, 15, 0.5], "size": [4, 3, 0], "inflate": 0.01, "uv": [0, 60]},
						{"origin": [7.5, 15, -0.5], "size": [4, 3, 0], "inflate": 0.01, "uv": [8, 60]},
						{"origin": [8.75, 15.5, 0], "size": [2, 2, 0], "uv": [24, 66]}
					]
				},
				{
					"name": "ear_right_bottom",
					"parent": "head",
					"pivot": [-4.5, 18, 0],
					"rotation": [0, 0, -17.5],
					"cubes": [
						{"origin": [-7.5, 16, -0.5], "size": [3, 2, 0], "uv": [52, 61]},
						{"origin": [-7.5, 18, -0.5], "size": [3, 0, 1], "uv": [25, 52]},
						{"origin": [-7.5, 16, -0.5], "size": [3, 0, 1], "uv": [40, 29]},
						{"origin": [-7.5, 16, 0.5], "size": [3, 2, 0], "uv": [62, 16]}
					]
				},
				{
					"name": "ear_right_bottom2",
					"parent": "ear_right_bottom",
					"pivot": [-7.5, 18, 0],
					"rotation": [0, 0, -7.5],
					"cubes": [
						{"origin": [-7.5, 15, -0.5], "size": [0, 3, 1], "uv": [24, 54]},
						{"origin": [-11.5, 15, -0.5], "size": [0, 3, 1], "uv": [50, 37]},
						{"origin": [-11.5, 15, -0.5], "size": [4, 0, 1], "uv": [0, 27]},
						{"origin": [-11.5, 18, -0.5], "size": [4, 0, 1], "inflate": 0.01, "uv": [0, 28]},
						{"origin": [-11.5, 15, 0.5], "size": [4, 3, 0], "inflate": 0.01, "uv": [0, 15]},
						{"origin": [-11.5, 15, -0.5], "size": [4, 3, 0], "inflate": 0.01, "uv": [0, 18]},
						{"origin": [-10.75, 15.5, 0], "size": [2, 2, 0], "uv": [20, 66]}
					]
				},
				{
					"name": "tail",
					"parent": "torso1",
					"pivot": [0, 4.5, 4],
					"cubes": [
						{"origin": [-2.5, 1.99, 3], "size": [5, 0, 5], "uv": [41, 0]},
						{"origin": [-2.5, 6.99, 3], "size": [5, 0, 5], "uv": [42, 29]},
						{"origin": [-2.5, 1.99, 3], "size": [0, 5, 5], "uv": [0, 46]},
						{"origin": [-2.5, 1.99, 3], "size": [5, 5, 0], "uv": [10, 54]},
						{"origin": [2.5, 1.99, 3], "size": [0, 5, 5], "uv": [26, 48]},
						{"origin": [-2.5, 1.99, 8], "size": [5, 5, 0], "uv": [55, 24]},
						{"origin": [-0.01, 7, 3], "size": [0, 3, 6], "uv": [0, 42]}
					]
				},
				{
					"name": "tail2",
					"parent": "tail",
					"pivot": [0, 2, 8],
					"cubes": [
						{"origin": [-3.5, 1, 8], "size": [7, 6, 0], "uv": [50, 5]},
						{"origin": [-3.5, 1, 17], "size": [7, 6, 0], "uv": [12, 48]},
						{"origin": [-3.5, 1, 8], "size": [7, 0, 9], "uv": [19, 15]},
						{"origin": [-3.5, 7, 8], "size": [7, 0, 9], "uv": [0, 23]},
						{"origin": [-3.5, 1, 8], "size": [0, 6, 9], "uv": [0, 23]},
						{"origin": [3.5, 1, 8], "size": [0, 6, 9], "uv": [23, 15]},
						{"origin": [-2.5, 2, 10], "size": [5, 4, 6], "uv": [37, 67]},
						{"origin": [0, 7, 8], "size": [0, 3, 9], "uv": [32, 29]}
					]
				},
				{
					"name": "foot_left",
					"parent": "body",
					"pivot": [4, 2, -1],
					"cubes": [
						{"origin": [2, 2, -8], "size": [4, 0, 8], "uv": [34, 8]},
						{"origin": [2, 0, -8], "size": [4, 0, 8], "uv": [31, 30]},
						{"origin": [2, 0, -8], "size": [4, 2, 0], "uv": [32, 61]},
						{"origin": [2, 0, 0], "size": [4, 2, 0], "uv": [40, 61]},
						{"origin": [6, 0, -8], "size": [0, 2, 8], "uv": [0, 38]},
						{"origin": [3, 0.5, -7], "size": [2, 1, 3], "uv": [19, 69]},
						{"origin": [2, 0, -8], "size": [0, 2, 8], "uv": [16, 38]}
					]
				},
				{
					"name": "foot_right",
					"parent": "body",
					"pivot": [-4, 2, -1],
					"cubes": [
						{"origin": [-6, 0, -8], "size": [4, 2, 0], "uv": [16, 61]},
						{"origin": [-6, 0, 0], "size": [4, 2, 0], "uv": [24, 61]},
						{"origin": [-2, 0, -8], "size": [0, 2, 8], "uv": [0, 36]},
						{"origin": [-6, 0, -8], "size": [0, 2, 8], "uv": [16, 36]},
						{"origin": [-5, 0.5, -7], "size": [2, 1, 3], "uv": [24, 74]},
						{"origin": [-6, 2, -8], "size": [4, 0, 8], "uv": [23, 30]},
						{"origin": [-6, 0, -8], "size": [4, 0, 8], "uv": [15, 30]}
					]
				}
			]
		}
	]
}