{
	"format_version": "1.12.0",
	"minecraft:geometry": [
		{
			"description": {
				"identifier": "geometry.chathroom",
				"texture_width": 64,
				"texture_height": 64,
				"visible_bounds_width": 4,
				"visible_bounds_height": 3.5,
				"visible_bounds_offset": [0, 1.25, 0]
			},
			"bones": [
				{
					"name": "chathroom",
					"pivot": [0, 0, 0]
				},
				{
					"name": "body",
					"parent": "chathroom",
					"pivot": [0, 6.31567, -1.05911]
				},
				{
					"name": "torso_lower",
					"parent": "body",
					"pivot": [0, 6.39104, 0.99764],
					"cubes": [
						{"origin": [-3.98411, 5.125, -0.56589], "size": [8, 9, 7], "inflate": 0.002, "pivot": [-0.98411, 8, 1.05911], "rotation": [47.5, 0, 0], "uv": [0, 0]}
					]
				},
				{
					"name": "torso_upper",
					"parent": "torso_lower",
					"pivot": [0, 10.93426, -4.56828],
					"cubes": [
						{"origin": [-3.98411, 10.59104, -3.80236], "size": [8, 7, 6], "inflate": 0.001, "pivot": [0.01589, 15.39104, -2.00236], "rotation": [-10, 0, 0], "uv": [0, 16]},
						{"origin": [3.99089, 13.84061, 1.9826], "size": [0, 3, 3], "inflate": 0.001, "pivot": [3.99089, 15.09061, 3.7326], "rotation": [2.5, 0, 0], "uv": [0, 0]},
						{"origin": [-3.96589, 13.84061, 1.9826], "size": [0, 3, 3], "inflate": 0.001, "pivot": [-3.99089, 15.09061, 3.7326], "rotation": [2.5, 0, 0], "uv": [0, 0], "mirror": true},
						{"origin": [-3.48411, 11.1046, -5.57238], "size": [7, 6, 2], "uv": [30, 0]},
						{"origin": [-2.98411, 7.1046, -5.57238], "size": [6, 4, 0], "uv": [30, 11]}
					]
				},
				{
					"name": "head_ai",
					"parent": "torso_upper",
					"pivot": [0, 17.605, -0.322]
				},
				{
					"name": "head",
					"parent": "head_ai",
					"pivot": [0, 17.605, -0.322],
					"cubes": [
						{"origin": [-3.98411, 17.76604, -1.30236], "size": [8, 2, 4], "inflate": 0.002, "pivot": [0.01589, 15.56604, -3.00236], "rotation": [-10, 0, 0], "uv": [22, 16]},
						{"origin": [-2.98411, 17.76604, -3.80236], "size": [6, 5, 6], "pivot": [0.01589, 15.56604, -3.00236], "rotation": [-10, 0, 0], "uv": [22, 23]},
						{"origin": [-2.98411, 17.76604, -3.80236], "size": [6, 5, 6], "pivot": [0.01589, 15.56604, -3.00236], "rotation": [-10, 0, 0], "uv": [22, 23]},
						{"origin": [-1.98411, 22.76604, -3.80236], "size": [4, 2, 6], "pivot": [0.01589, 15.56604, -3.00236], "rotation": [-10, 0, 0], "uv": [0, 29]},
						{"origin": [-1.48411, 19.76604, -4.30236], "size": [3, 2, 1], "pivot": [0.01589, 15.56604, -3.00236], "rotation": [-10, 0, 0], "uv": [42, 8]}
					]
				},
				{
					"name": "eye_left",
					"parent": "head",
					"pivot": [2.51656, 20.17384, -2.12002],
					"cubes": [
						{"origin": [2.01589, 19.19104, -3.95236], "size": [1, 2, 2], "inflate": 0.001, "pivot": [0.01589, 14.99104, -3.15236], "rotation": [-10, 0, 0], "uv": [23, 0]},
						{"origin": [2.01589, 20.19104, -3.95236], "size": [1, 1, 2], "inflate": 0.003, "pivot": [0.01589, 14.99104, -3.15236], "rotation": [-10, 0, 0], "uv": [0, 0]}
					]
				},
				{
					"name": "pupil_left",
					"parent": "eye_left",
					"pivot": [2.51789, 19.87452, -2.34204],
					"cubes": [
						{"origin": [2.01789, 19.44104, -3.70236], "size": [1, 1, 1], "pivot": [0.01589, 14.99104, -3.15236], "rotation": [-10, 0, 0], "uv": [27, 0]}
					]
				},
				{
					"name": "eyelid_left",
					"parent": "eye_left",
					"pivot": [1.51589, 19.90366, -1.06762],
					"cubes": [
						{"origin": [1.01589, 19.19104, -2.95236], "size": [1, 2, 2], "inflate": 0.004, "pivot": [0.01589, 14.99104, -3.15236], "rotation": [-10, 0, 0], "uv": [0, 16]}
					]
				},
				{
					"name": "eye_right",
					"parent": "head",
					"pivot": [-2.51656, 20.17384, -2.12002],
					"cubes": [
						{"origin": [-3.01589, 19.19104, -3.95236], "size": [1, 2, 2], "inflate": 0.001, "pivot": [-0.01589, 14.99104, -3.15236], "rotation": [-10, 0, 0], "uv": [23, 0], "mirror": true},
						{"origin": [-3.01589, 20.19104, -3.95236], "size": [1, 1, 2], "inflate": 0.003, "pivot": [-0.01589, 14.99104, -3.15236], "rotation": [-10, 0, 0], "uv": [0, 0], "mirror": true}
					]
				},
				{
					"name": "pupil_right",
					"parent": "eye_right",
					"pivot": [-2.51789, 19.87452, -2.34204],
					"cubes": [
						{"origin": [-3.01789, 19.44104, -3.70236], "size": [1, 1, 1], "pivot": [-0.01589, 14.99104, -3.15236], "rotation": [-10, 0, 0], "uv": [27, 0], "mirror": true}
					]
				},
				{
					"name": "eyelid_right",
					"parent": "eye_right",
					"pivot": [-1.51589, 19.90366, -1.06762],
					"cubes": [
						{"origin": [-2.01589, 19.19104, -2.95236], "size": [1, 2, 2], "inflate": 0.004, "pivot": [-0.01589, 14.99104, -3.15236], "rotation": [-10, 0, 0], "uv": [0, 16], "mirror": true}
					]
				},
				{
					"name": "head_feather",
					"parent": "head",
					"pivot": [0, 22.59523, 3.43007],
					"cubes": [
						{"origin": [0.01589, 20.09523, 5.93007], "size": [0, 3, 6], "pivot": [0.01589, 20.59523, 4.18007], "rotation": [17.5, 0, 0], "uv": [30, 2]},
						{"origin": [0.01589, 22.09523, 3.93007], "size": [0, 1, 2], "pivot": [0.01589, 20.59523, 4.18007], "rotation": [17.5, 0, 0], "uv": [0, 4]}
					]
				},
				{
					"name": "beak",
					"parent": "head",
					"pivot": [0, 20, -3]
				},
				{
					"name": "beak_top",
					"parent": "beak",
					"pivot": [0, 20.56604, -3.00236],
					"cubes": [
						{"origin": [-0.98411, 19.342, -5.43412], "size": [2, 2, 3], "pivot": [0.01589, 20.56604, -3.00236], "rotation": [-10, 0, 0], "uv": [11, 41]}
					]
				},
				{
					"name": "beak_bottom",
					"parent": "beak",
					"pivot": [0, 18.81604, -3.25236],
					"cubes": [
						{"origin": [-0.98411, 18.26604, -5.80236], "size": [2, 1, 3], "pivot": [0.01589, 15.56604, -3.00236], "rotation": [-10, 0, 0], "uv": [39, 12]}
					]
				},
				{
					"name": "wing_left",
					"parent": "torso_upper",
					"pivot": [4.01589, 16.40241, -1.04633],
					"cubes": [
						{"origin": [4.01589, 10.40241, -1.046], "size": [4, 7, 0], "uv": [32, 41]}
					]
				},
				{
					"name": "wing_left1",
					"parent": "wing_left",
					"pivot": [8.01589, 17.40241, -1.04633],
					"cubes": [
						{"origin": [8.01589, 10.40241, -1.047], "size": [6, 7, 0], "uv": [32, 34]}
					]
				},
				{
					"name": "wing_left2",
					"parent": "wing_left1",
					"pivot": [14.01589, 17.40241, -1.04633],
					"cubes": [
						{"origin": [14.01589, 10.40241, -1.048], "size": [5, 7, 0], "uv": [40, 22]}
					]
				},
				{
					"name": "finger_left1",
					"parent": "wing_left2",
					"pivot": [19.01589, 17.363, -1.049],
					"cubes": [
						{"origin": [19.01589, 15.363, -1.049], "size": [3, 2, 0], "uv": [14, 33]}
					]
				},
				{
					"name": "finger_left2",
					"parent": "wing_left2",
					"pivot": [19.01589, 14.39481, -1.049],
					"cubes": [
						{"origin": [19.01589, 13.39481, -1.05], "size": [3, 2, 0], "uv": [0, 32]}
					]
				},
				{
					"name": "finger_left3",
					"parent": "wing_left2",
					"pivot": [19.01589, 11.4252, -1.049],
					"cubes": [
						{"origin": [19.01589, 12.4252, -1.051], "size": [3, 1, 0], "uv": [0, 20]}
					]
				},
				{
					"name": "wing_right",
					"parent": "torso_upper",
					"pivot": [-4.01589, 16.40241, -1.04633],
					"cubes": [
						{"origin": [-8.01589, 10.40241, -1.046], "size": [4, 7, 0], "uv": [32, 41], "mirror": true}
					]
				},
				{
					"name": "wing_right1",
					"parent": "wing_right",
					"pivot": [-8.01589, 17.40241, -1.04633],
					"cubes": [
						{"origin": [-14.01589, 10.40241, -1.047], "size": [6, 7, 0], "uv": [32, 34], "mirror": true}
					]
				},
				{
					"name": "wing_right2",
					"parent": "wing_right1",
					"pivot": [-14.01589, 17.40241, -1.04633],
					"cubes": [
						{"origin": [-19.01589, 10.40241, -1.048], "size": [5, 7, 0], "uv": [40, 22], "mirror": true}
					]
				},
				{
					"name": "finger_right1",
					"parent": "wing_right2",
					"pivot": [-19.01589, 17.363, -1.049],
					"cubes": [
						{"origin": [-22.01589, 15.363, -1.049], "size": [3, 2, 0], "uv": [14, 33], "mirror": true}
					]
				},
				{
					"name": "finger_right2",
					"parent": "wing_right2",
					"pivot": [-19.01589, 14.39481, -1.049],
					"cubes": [
						{"origin": [-22.01589, 13.39481, -1.05], "size": [3, 2, 0], "uv": [0, 32], "mirror": true}
					]
				},
				{
					"name": "finger_right3",
					"parent": "wing_right2",
					"pivot": [-19.01589, 11.4252, -1.049],
					"cubes": [
						{"origin": [-22.01589, 12.4252, -1.051], "size": [3, 1, 0], "uv": [0, 20], "mirror": true}
					]
				},
				{
					"name": "tail",
					"parent": "torso_lower",
					"pivot": [0, 9.25, 5.69089],
					"cubes": [
						{"origin": [0.01589, 2, 3.43411], "size": [0, 5, 7], "inflate": 0.001, "pivot": [-0.98411, 8, 1.05911], "rotation": [47.5, 0, 0], "uv": [0, 30]}
					]
				},
				{
					"name": "tail2",
					"parent": "tail",
					"pivot": [0.01589, 14.07027, 8.3432],
					"cubes": [
						{"origin": [0.01589, 4.75252, 9.38336], "size": [0, 10, 6], "inflate": 0.001, "pivot": [0.01589, 13.07027, 9.3432], "rotation": [47.5, 0, 0], "uv": [20, 28]}
					]
				},
				{
					"name": "leg_left",
					"parent": "body",
					"pivot": [2.51589, 6.75, 0.55911],
					"cubes": [
						{"origin": [2.01589, 4, 0.05911], "size": [1, 3, 1], "uv": [14, 37]}
					]
				},
				{
					"name": "leg_left2",
					"parent": "leg_left",
					"pivot": [2.51589, 4, 1.05911],
					"cubes": [
						{"origin": [2.01589, 1, 0.05911], "size": [1, 3, 1], "uv": [22, 16]}
					]
				},
				{
					"name": "foot_left",
					"parent": "leg_left2",
					"pivot": [2.51589, 1, 0.48575],
					"cubes": [
						{"origin": [2.01589, 0, -0.44089], "size": [1, 1, 2], "inflate": 0.02, "uv": [23, 4]}
					]
				},
				{
					"name": "toe_left_back",
					"parent": "foot_left",
					"pivot": [0.01589, 0, 1.05911],
					"cubes": [
						{"origin": [2.01589, 0, 1.55911], "size": [1, 1, 2], "uv": [0, 29]},
						{"origin": [2.51589, 0, 3.55911], "size": [0, 1, 1], "uv": [0, 0]}
					]
				},
				{
					"name": "toes_left_front",
					"parent": "foot_left",
					"pivot": [2.51589, 1, -0.51425]
				},
				{
					"name": "toe_left_outer",
					"parent": "toes_left_front",
					"pivot": [2.51589, 0.5, -0.44089],
					"cubes": [
						{"origin": [2.01589, 0, -3.44089], "size": [1, 1, 3], "pivot": [2.51589, 0.5, -0.44089], "rotation": [0, -30, 0], "uv": [0, 42]},
						{"origin": [2.51589, 0, -4.44089], "size": [0, 1, 1], "pivot": [2.51589, 0.5, -0.44089], "rotation": [0, -30, 0], "uv": [4, 5]}
					]
				},
				{
					"name": "toe_left_mid",
					"parent": "toes_left_front",
					"pivot": [2.51589, 0.5, -0.44089],
					"cubes": [
						{"origin": [2.01589, 0, -3.44089], "size": [1, 1, 3], "inflate": 0.01, "uv": [14, 29]},
						{"origin": [2.51589, 0, -4.44089], "size": [0, 1, 1], "uv": [0, 15]}
					]
				},
				{
					"name": "toe_left_inner",
					"parent": "toes_left_front",
					"pivot": [2.51589, 0.5, -0.44089],
					"cubes": [
						{"origin": [2.51589, 0, -4.44089], "size": [0, 1, 1], "pivot": [2.51589, 0.5, -0.44089], "rotation": [0, 30, 0], "uv": [4, 0]},
						{"origin": [2.01589, 0, -3.44089], "size": [1, 1, 3], "pivot": [2.51589, 0.5, -0.44089], "rotation": [0, 30, 0], "uv": [41, 38]}
					]
				},
				{
					"name": "leg_right",
					"parent": "body",
					"pivot": [-2.51589, 6.75, 0.55911],
					"cubes": [
						{"origin": [-3.01589, 4, 0.05911], "size": [1, 3, 1], "uv": [14, 37], "mirror": true}
					]
				},
				{
					"name": "leg_right2",
					"parent": "leg_right",
					"pivot": [-2.51589, 4, 1.05911],
					"cubes": [
						{"origin": [-3.01589, 1, 0.05911], "size": [1, 3, 1], "uv": [22, 16], "mirror": true}
					]
				},
				{
					"name": "foot_right",
					"parent": "leg_right2",
					"pivot": [-2.51589, 1, 0.48575],
					"cubes": [
						{"origin": [-3.01589, 0, -0.44089], "size": [1, 1, 2], "inflate": 0.02, "uv": [23, 4], "mirror": true}
					]
				},
				{
					"name": "toe_right_back",
					"parent": "foot_right",
					"pivot": [-0.01589, 0, 1.05911],
					"cubes": [
						{"origin": [-3.01589, 0, 1.55911], "size": [1, 1, 2], "uv": [0, 29], "mirror": true},
						{"origin": [-2.51589, 0, 3.55911], "size": [0, 1, 1], "uv": [0, 0], "mirror": true}
					]
				},
				{
					"name": "toes_right_front",
					"parent": "foot_right",
					"pivot": [-2.51589, 1, -0.51425]
				},
				{
					"name": "toe_right_outer",
					"parent": "toes_right_front",
					"pivot": [-2.51589, 0.5, -0.44089],
					"cubes": [
						{"origin": [-3.01589, 0, -3.44089], "size": [1, 1, 3], "pivot": [-2.51589, 0.5, -0.44089], "rotation": [0, 30, 0], "uv": [0, 42], "mirror": true},
						{"origin": [-2.51589, 0, -4.44089], "size": [0, 1, 1], "pivot": [-2.51589, 0.5, -0.44089], "rotation": [0, 30, 0], "uv": [4, 5], "mirror": true}
					]
				},
				{
					"name": "toe_right_mid",
					"parent": "toes_right_front",
					"pivot": [-2.51589, 0.5, -0.44089],
					"cubes": [
						{"origin": [-3.01589, 0, -3.44089], "size": [1, 1, 3], "inflate": 0.01, "uv": [14, 29], "mirror": true},
						{"origin": [-2.51589, 0, -4.44089], "size": [0, 1, 1], "uv": [0, 15], "mirror": true}
					]
				},
				{
					"name": "toe_right_inner",
					"parent": "toes_right_front",
					"pivot": [-2.51589, 0.5, -0.44089],
					"cubes": [
						{"origin": [-2.51589, 0, -4.44089], "size": [0, 1, 1], "pivot": [-2.51589, 0.5, -0.44089], "rotation": [0, -30, 0], "uv": [4, 0], "mirror": true},
						{"origin": [-3.01589, 0, -3.44089], "size": [1, 1, 3], "pivot": [-2.51589, 0.5, -0.44089], "rotation": [0, -30, 0], "uv": [41, 38], "mirror": true}
					]
				}
			]
		}
	]
}