{
	"format_version": "1.12.0",
	"minecraft:geometry": [
		{
			"description": {
				"identifier": "geometry.rattata_male",
				"texture_width": 32,
				"texture_height": 32,
				"visible_bounds_width": 3,
				"visible_bounds_height": 2.5,
				"visible_bounds_offset": [0, 0.75, 0]
			},
			"bones": [
				{
					"name": "rattata",
					"pivot": [0, 0, 0]
				},
				{
					"name": "body",
					"parent": "rattata",
					"pivot": [0, 4, 0],
					"cubes": [
						{"origin": [-2.5, 2, -4], "size": [5, 4, 8], "uv": [0, 0]}
					]
				},
				{
					"name": "head",
					"parent": "body",
					"pivot": [0, 5, -3.75],
					"cubes": [
						{"origin": [-2.5, 3.25, -7.25], "size": [5, 5, 4], "inflate": 0.01, "uv": [0, 12]},
						{"origin": [-1.5, 4, -9.25], "size": [3, 2, 2], "uv": [16, 23]},
						{"origin": [-1, 2.5, -8.755], "size": [2, 2, 0], "uv": [0, 12]}
					]
				},
				{
					"name": "jaw",
					"parent": "head",
					"pivot": [0, 4.05, -7.05],
					"cubes": [
						{"origin": [-1, 3.25, -8.75], "size": [2, 1, 2], "uv": [24, 5]}
					]
				},
				{
					"name": "whisker_right",
					"parent": "head",
					"pivot": [-2.5, 4.5, -5.75],
					"rotation": [0, 15, 5],
					"cubes": [
						{"origin": [-7.25, 4, -5.75], "size": [5, 2, 0], "pivot": [-4.75, 4.75, -5.25], "rotation": [0, 0, 0], "uv": [8, 30]}
					]
				},
				{
					"name": "whisker_left",
					"parent": "head",
					"pivot": [2.5, 4.5, -5.75],
					"rotation": [0, -15, -5],
					"cubes": [
						{"origin": [2.25, 4, -5.75], "size": [5, 2, 0], "pivot": [4.75, 4.75, -5.25], "rotation": [0, 0, 0], "uv": [8, 28]}
					]
				},
				{
					"name": "ear_right",
					"parent": "head",
					"pivot": [-2.5, 7.5, -4],
					"rotation": [10, 30, 10],
					"cubes": [
						{"origin": [-5.5, 6, -3.75], "size": [4, 4, 0], "uv": [24, 12], "mirror": true}
					]
				},
				{
					"name": "ear_left",
					"parent": "head",
					"pivot": [2.5, 7.5, -4],
					"rotation": [10, -30, -10],
					"cubes": [
						{"origin": [1.5, 6, -3.75], "size": [4, 4, 0], "uv": [24, 12]}
					]
				},
				{
					"name": "eyes",
					"parent": "head",
					"pivot": [0, 6.25, -6]
				},
				{
					"name": "eye_right",
					"parent": "eyes",
					"pivot": [-2.515, 6.25, -5.74],
					"cubes": [
						{"origin": [-2.515, 5.25, -7.24], "size": [0, 2, 3], "uv": [26, 20], "mirror": true}
					]
				},
				{
					"name": "eyelid_right",
					"parent": "eye_right",
					"pivot": [-1.915, 6.25, -5.74],
					"cubes": [
						{"origin": [-2.415, 5.25, -7.24], "size": [1, 2, 3], "inflate": 0.01, "uv": [0, 27], "mirror": true}
					]
				},
				{
					"name": "eye_left",
					"parent": "eyes",
					"pivot": [2.515, 6.25, -5.74],
					"cubes": [
						{"origin": [2.515, 5.25, -7.24], "size": [0, 2, 3], "uv": [26, 20]}
					]
				},
				{
					"name": "eyelid_left",
					"parent": "eye_left",
					"pivot": [1.915, 6.25, -5.74],
					"cubes": [
						{"origin": [1.415, 5.25, -7.24], "size": [1, 2, 3], "inflate": 0.01, "uv": [0, 27]}
					]
				},
				{
					"name": "tail",
					"parent": "body",
					"pivot": [0, 4, 4],
					"cubes": [
						{"origin": [0, 4, 4], "size": [0, 1, 3], "uv": [1, 20]}
					]
				},
				{
					"name": "tail2",
					"parent": "tail",
					"pivot": [0, 4, 7],
					"cubes": [
						{"origin": [0, 4, 7], "size": [0, 1, 3], "inflate": 0.01, "uv": [1, 21]}
					]
				},
				{
					"name": "tail3",
					"parent": "tail2",
					"pivot": [0, 4, 10],
					"cubes": [
						{"origin": [0, 4, 10], "size": [0, 4, 5], "uv": [14, 7]}
					]
				},
				{
					"name": "leg_front_right",
					"parent": "body",
					"pivot": [-1.75, 4, -2.5],
					"cubes": [
						{"origin": [-2.75, 0, -3.5], "size": [2, 5, 2], "uv": [8, 21]}
					]
				},
				{
					"name": "leg_front_left",
					"parent": "body",
					"pivot": [1.75, 4, -2.5],
					"cubes": [
						{"origin": [0.75, 0, -3.5], "size": [2, 5, 2], "uv": [18, 16]}
					]
				},
				{
					"name": "leg_back_right",
					"parent": "body",
					"pivot": [-1.75, 4, 2.75],
					"cubes": [
						{"origin": [-2.75, 0, 1.75], "size": [2, 5, 2], "uv": [18, 0]}
					]
				},
				{
					"name": "leg_back_left",
					"parent": "body",
					"pivot": [1.75, 4, 2.75],
					"cubes": [
						{"origin": [0.75, 0, 1.75], "size": [2, 5, 2], "uv": [0, 0]}
					]
				}
			]
		}
	]
}