{
	"format_version": "1.12.0",
	"minecraft:geometry": [
		{
			"description": {
				"identifier": "geometry.shellder_delta",
				"texture_width": 64,
				"texture_height": 64,
				"visible_bounds_width": 3,
				"visible_bounds_height": 2.5,
				"visible_bounds_offset": [0, 0.75, 0]
			},
			"bones": [
				{
					"name": "shellder",
					"pivot": [0, 0, 0]
				},
				{
					"name": "body",
					"parent": "shellder",
					"pivot": [0, 5, 0.25],
					"cubes": [
						{"origin": [-3.5, 2.16912, -4.30634], "size": [7, 3, 9], "pivot": [0, 3.16912, 0.19366], "rotation": [2.5, 0, 0], "uv": [0, 0]},
						{"origin": [-3.475, 2.16912, -4.30634], "size": [0, 3, 9], "pivot": [0, 3.16912, 0.19366], "rotation": [2.5, 0, 0], "uv": [7, 0]},
						{"origin": [3.475, 2.16912, -4.30634], "size": [0, 3, 9], "pivot": [0, 3.16912, 0.19366], "rotation": [2.5, 0, 0], "uv": [0, 0]},
						{"origin": [-3.5, 2.19412, -4.30634], "size": [7, 0, 9], "pivot": [0, 3.16912, 0.19366], "rotation": [2.5, 0, 0], "uv": [7, 0]},
						{"origin": [1.63528, 2.39153, -4.2158], "size": [1, 1, 0], "pivot": [2.13528, 2.71653, -4.2158], "rotation": [1.91561, -1.60667, 39.97314], "uv": [32, 21]},
						{"origin": [-2.63528, 2.39153, -4.2158], "size": [1, 1, 0], "pivot": [-2.13528, 2.71653, -4.2158], "rotation": [1.91561, 1.60667, -39.97314], "uv": [32, 21], "mirror": true},
						{"origin": [-3, 2.5, -2.75], "size": [6, 5, 7], "uv": [0, 24]},
						{"origin": [-2, 3.75, 3.75], "size": [4, 1, 4], "pivot": [0, 4.25, 5.75], "rotation": [-15, 0, 0], "uv": [23, 0]},
						{"origin": [1.75, 0.10607, 1.55414], "size": [2, 3, 0], "pivot": [2.75, 1.60607, -1.44586], "rotation": [0, -10, -30], "uv": [4, 3]},
						{"origin": [-3.75, 0.10607, 1.55414], "size": [2, 3, 0], "pivot": [-2.75, 1.60607, -1.44586], "rotation": [0, 10, 30], "uv": [0, 0]}
					]
				},
				{
					"name": "topshell",
					"parent": "body",
					"pivot": [0, 4.85, 4.62],
					"cubes": [
						{"origin": [-3.5, 5.25, -4.25], "size": [7, 3, 9], "inflate": 0.02, "pivot": [0, 6.75, 0.25], "rotation": [-5, 0, 0], "uv": [0, 12]},
						{"origin": [-2, 5.25, 3.75], "size": [4, 1, 4], "inflate": 0.02, "pivot": [0, 5.75, 5.75], "rotation": [15, 0, 0], "uv": [23, 12]},
						{"origin": [-0.5, 6.26764, 7.18185], "size": [1, 0, 1], "pivot": [0, 6.26764, 7.68185], "rotation": [19.9727, 40.73565, 13.34199], "uv": [26, 17]},
						{"origin": [2, 7.80395, -0.23568], "size": [2, 3, 0], "pivot": [3, 9.30395, -0.23568], "rotation": [-10, -5, 20], "uv": [4, 0]},
						{"origin": [-4, 7.80395, -0.23568], "size": [2, 3, 0], "pivot": [-3, 9.30395, -0.23568], "rotation": [-10, 5, -20], "uv": [0, 3]},
						{"origin": [-2.04858, 5.99173, -4.24942], "size": [1, 1, 0], "pivot": [-1.69858, 6.49173, -3.89942], "rotation": [-8.24796, -4.40709, -46.68209], "uv": [32, 21], "mirror": true},
						{"origin": [1.04858, 5.99173, -4.24942], "size": [1, 1, 0], "pivot": [1.69858, 6.49173, -3.89942], "rotation": [-8.24796, 4.40709, 46.68209], "uv": [32, 21]}
					]
				},
				{
					"name": "lefteye",
					"parent": "body",
					"pivot": [1.75, 5.25, -2.825],
					"cubes": [
						{"origin": [1.25, 4.75, -2.775], "size": [1, 1, 0], "uv": [0, 24]}
					]
				},
				{
					"name": "righteye",
					"parent": "body",
					"pivot": [-1.75, 5.25, -2.825],
					"cubes": [
						{"origin": [-2.25, 4.75, -2.775], "size": [1, 1, 0], "uv": [0, 24], "mirror": true}
					]
				},
				{
					"name": "lefteyelid",
					"parent": "body",
					"pivot": [1.75, 5.5, -2.5],
					"cubes": [
						{"origin": [0.75, 4.5, -2.5], "size": [2, 2, 0], "uv": [40, 0]}
					]
				},
				{
					"name": "righteyelid",
					"parent": "body",
					"pivot": [-1.75, 5.5, -2.5],
					"cubes": [
						{"origin": [-2.75, 4.5, -2.5], "size": [2, 2, 0], "uv": [40, 0], "mirror": true}
					]
				},
				{
					"name": "tongue",
					"parent": "body",
					"pivot": [0, 3.5, -2.75],
					"cubes": [
						{"origin": [-1.5, 3, -5.75], "size": [3, 1, 4], "uv": [19, 24]}
					]
				},
				{
					"name": "tongue2",
					"parent": "tongue",
					"pivot": [0, 4, -5.75],
					"cubes": [
						{"origin": [-1.5, 3, -7.75], "size": [3, 1, 2], "uv": [23, 5]}
					]
				}
			]
		}
	]
}