{
	"format_version": "1.12.0",
	"minecraft:geometry": [
		{
			"description": {
				"identifier": "geometry.shinx",
				"texture_width": 64,
				"texture_height": 64,
				"visible_bounds_width": 3,
				"visible_bounds_height": 3.5,
				"visible_bounds_offset": [0, 1.25, 0]
			},
			"bones": [
				{
					"name": "shinx",
					"pivot": [0, 0, 1.5]
				},
				{
					"name": "body",
					"parent": "shinx",
					"pivot": [0, 6, 1.5]
				},
				{
					"name": "torso",
					"parent": "body",
					"pivot": [0, 6, 4],
					"cubes": [
						{"origin": [-3, 3.5, -3.5], "size": [6, 5, 5], "inflate": 0.01, "uv": [20, 25]}
					]
				},
				{
					"name": "waist",
					"parent": "torso",
					"pivot": [0, 8.5, 0.5],
					"cubes": [
						{"origin": [-3, 3.5, 0.5], "size": [6, 5, 6], "uv": [0, 17]}
					]
				},
				{
					"name": "tail",
					"parent": "waist",
					"pivot": [0, 7.25, 5.5]
				},
				{
					"name": "tail_fluff_left",
					"parent": "tail",
					"pivot": [0.75, 7, 6],
					"cubes": [
						{"origin": [1.5, 4.25, 5.5], "size": [0, 4, 3], "inflate": 0.01, "pivot": [2.17263, 6.93812, 7.51864], "rotation": [15, 22.75, 24.75], "uv": [0, 1]}
					]
				},
				{
					"name": "tail_fluff",
					"parent": "tail",
					"pivot": [0, 8.5, 6.5],
					"cubes": [
						{"origin": [-1.5, 8.5, 6.5], "size": [3, 0, 3], "inflate": 0.01, "pivot": [0, 8.5, 6.5], "rotation": [45, 0, 0], "uv": [15, 19]}
					]
				},
				{
					"name": "tail_fluff_right",
					"parent": "tail",
					"pivot": [-0.75, 7, 6],
					"cubes": [
						{"origin": [-1.5, 4.25, 5.5], "size": [0, 4, 3], "inflate": 0.01, "pivot": [-2.17263, 6.93812, 7.51864], "rotation": [15, -22.75, -24.75], "uv": [0, -3], "mirror": true}
					]
				},
				{
					"name": "tail_1",
					"parent": "tail",
					"pivot": [0, 7.25, 5.5],
					"cubes": [
						{"origin": [-0.5, 6.75, 5.5], "size": [1, 1, 5], "uv": [39, 32]}
					]
				},
				{
					"name": "tail_2",
					"parent": "tail_1",
					"pivot": [0, 7.25, 10.5],
					"cubes": [
						{"origin": [-0.5, 6.75, 10.5], "size": [1, 1, 4], "inflate": 0.01, "uv": [43, 27]}
					]
				},
				{
					"name": "tail_3",
					"parent": "tail_2",
					"pivot": [0, 7.25, 14.5],
					"cubes": [
						{"origin": [-0.5, 6.75, 14.5], "size": [1, 1, 4], "uv": [40, 21]},
						{"origin": [-3.5, 3.75, 18.5], "size": [7, 7, 0], "inflate": 0.01, "uv": [38, 38]}
					]
				},
				{
					"name": "neck",
					"parent": "torso",
					"pivot": [0, 8, -1.5],
					"cubes": [
						{"origin": [-2.5, 7.5, -3.5], "size": [5, 3, 4], "uv": [27, 0]}
					]
				},
				{
					"name": "head",
					"parent": "neck",
					"pivot": [0, 9.25, -2.75],
					"cubes": [
						{"origin": [-4.5, 9.25, -7.75], "size": [9, 8, 9], "uv": [0, 0]},
						{"origin": [-0.5, 11.75, -8], "size": [1, 1, 1], "inflate": 0.03, "uv": [0, 55]},
						{"origin": [-5.5, 8.25, -7.25], "size": [3, 2, 0], "pivot": [-3.4, 8.94134, -7.25], "rotation": [0, 0, 32.5], "uv": [38, 50]},
						{"origin": [2.5, 8.25, -7.25], "size": [3, 2, 0], "pivot": [3.46194, 8.94134, -7.25], "rotation": [0, 0, -32.5], "uv": [38, 52], "mirror": true}
					]
				},
				{
					"name": "eye_left",
					"parent": "head",
					"pivot": [2.63333, 13.25, -7.75],
					"cubes": [
						{"origin": [1.9, 12.75, -7.75], "size": [1, 1, 0], "inflate": 0.03, "uv": [0, 63], "mirror": true},
						{"origin": [1.75, 11.75, -7.75], "size": [2, 3, 0], "inflate": 0.01, "uv": [4, 57], "mirror": true},
						{"origin": [2.25, 11.75, -7.75], "size": [1, 3, 0], "inflate": 0.02, "uv": [2, 60], "mirror": true}
					]
				},
				{
					"name": "eyelid_right2",
					"parent": "eye_left",
					"pivot": [2.75, 13.25, -5.25],
					"cubes": [
						{"origin": [1.75, 11.75, -5.75], "size": [2, 3, 1], "inflate": 0.01, "uv": [25, 35], "mirror": true}
					]
				},
				{
					"name": "eye_right",
					"parent": "head",
					"pivot": [-2.63333, 13.25, -7.75],
					"cubes": [
						{"origin": [-3.25, 11.75, -7.75], "size": [1, 3, 0], "inflate": 0.02, "uv": [0, 60]},
						{"origin": [-3.75, 11.75, -7.75], "size": [2, 3, 0], "inflate": 0.01, "uv": [0, 57]},
						{"origin": [-2.9, 12.75, -7.75], "size": [1, 1, 0], "inflate": 0.03, "uv": [0, 63]}
					]
				},
				{
					"name": "eyelid_right",
					"parent": "eye_right",
					"pivot": [-2.75, 13.25, -5.25],
					"cubes": [
						{"origin": [-3.75, 11.75, -5.75], "size": [2, 3, 1], "inflate": 0.01, "uv": [31, 35]}
					]
				},
				{
					"name": "ear_left",
					"parent": "head",
					"pivot": [4, 14.25, -0.25],
					"cubes": [
						{"origin": [6, 11.75, -4.25], "size": [1, 7, 0], "inflate": 0.01, "uv": [58, 57], "mirror": true},
						{"origin": [4.5, 12.75, -4.25], "size": [4, 3, 0], "inflate": 0.02, "uv": [50, 58], "mirror": true},
						{"origin": [5, 18.75, -2.75], "size": [4, 5, 0], "pivot": [6.5, 18.75, -2.75], "rotation": [0, 0, 20], "uv": [52, 39]},
						{"origin": [4, 11.25, -4.25], "size": [5, 8, 2], "uv": [36, 54], "mirror": true}
					]
				},
				{
					"name": "ear_right",
					"parent": "head",
					"pivot": [-4, 14.25, -0.25],
					"cubes": [
						{"origin": [-9, 11.25, -4.25], "size": [5, 8, 2], "uv": [22, 54]},
						{"origin": [-8.5, 12.75, -4.25], "size": [4, 3, 0], "inflate": 0.02, "uv": [50, 61]},
						{"origin": [-7, 11.75, -4.25], "size": [1, 7, 0], "inflate": 0.01, "uv": [60, 57]},
						{"origin": [-9, 18.75, -2.75], "size": [4, 5, 0], "pivot": [-6.5, 18.75, -2.75], "rotation": [0, 0, -20], "uv": [52, 39], "mirror": true}
					]
				},
				{
					"name": "fluff",
					"parent": "head",
					"pivot": [0, 17, -5],
					"cubes": [
						{"origin": [-4, 17, -6.25], "size": [5, 4, 0], "inflate": 0.01, "pivot": [0.5, 18.25, -5.75], "rotation": [0, 90, 0], "uv": [24, 50]},
						{"origin": [0.5, 17, -6.25], "size": [1, 2, 0], "pivot": [0.5, 18.25, -5.75], "rotation": [0, 90, 0], "uv": [28, 48]}
					]
				},
				{
					"name": "open_mouth",
					"parent": "head",
					"pivot": [0, 10.25, -5.75],
					"cubes": [
						{"origin": [-1.5, 10.25, -5.75], "size": [3, 1, 0], "inflate": 0.02, "uv": [16, 63]},
						{"origin": [-1, 9.25, -5.75], "size": [2, 1, 0], "inflate": 0.01, "uv": [12, 63]}
					]
				},
				{
					"name": "closed_mouth",
					"parent": "head",
					"pivot": [0, 10.25, -7.75],
					"cubes": [
						{"origin": [-2, 9.25, -7.75], "size": [4, 2, 0], "inflate": 0.03, "uv": [9, 58]}
					]
				},
				{
					"name": "eyebrow_left",
					"parent": "head",
					"pivot": [2.5, 15, -7.5],
					"rotation": [0, 0, -20],
					"cubes": [
						{"origin": [1.5, 14.5, -8], "size": [2, 1, 1], "uv": [18, 3]}
					]
				},
				{
					"name": "eyebrow_right",
					"parent": "head",
					"pivot": [-2.5, 15, -7.5],
					"rotation": [0, 0, 20],
					"cubes": [
						{"origin": [-3.5, 14.5, -8], "size": [2, 1, 1], "uv": [18, 3], "mirror": true}
					]
				},
				{
					"name": "ascot",
					"parent": "torso",
					"pivot": [3.5, 7.75, -2.75],
					"cubes": [
						{"origin": [-3.5, 5.25, -3.75], "size": [7, 4, 3], "uv": [44, 45]}
					]
				},
				{
					"name": "ascot_2",
					"parent": "ascot",
					"pivot": [3.5, 7.75, -2.75],
					"cubes": [
						{"origin": [3.5, 5.25, -2.75], "size": [6, 5, 0], "uv": [52, 34]}
					]
				},
				{
					"name": "back_leg_right",
					"parent": "body",
					"pivot": [-1.75, 5, 5],
					"cubes": [
						{"origin": [-3.25, 3.5, 3.5], "size": [3, 3, 3], "inflate": 0.01, "uv": [36, 6]}
					]
				},
				{
					"name": "knee_right",
					"parent": "back_leg_right",
					"pivot": [-1.75, 3.5, 3.5],
					"cubes": [
						{"origin": [-3.25, 0.5, 3.5], "size": [3, 3, 3], "uv": [12, 35]}
					]
				},
				{
					"name": "back_foot_right",
					"parent": "knee_right",
					"pivot": [0, 1, 5.5],
					"cubes": [
						{"origin": [-3.25, 0, 3], "size": [3, 1, 3], "inflate": 0.01, "uv": [12, 47]}
					]
				},
				{
					"name": "leg_right",
					"parent": "body",
					"pivot": [-1.75, 5, -1.5],
					"cubes": [
						{"origin": [-3.25, 3.5, -3], "size": [3, 3, 3], "uv": [52, 0]}
					]
				},
				{
					"name": "elbow_right",
					"parent": "leg_right",
					"pivot": [-1.75, 3.5, 0],
					"cubes": [
						{"origin": [-3.25, 0.5, -3], "size": [3, 3, 3], "inflate": 0.01, "uv": [52, 14]}
					]
				},
				{
					"name": "front_foot_right",
					"parent": "elbow_right",
					"pivot": [-1.75, 1, -1],
					"cubes": [
						{"origin": [-3.25, 0, -3.5], "size": [3, 1, 3], "uv": [52, 26]}
					]
				},
				{
					"name": "back_leg_left",
					"parent": "body",
					"pivot": [1.75, 5, 5],
					"cubes": [
						{"origin": [0.25, 3.5, 3.5], "size": [3, 3, 3], "inflate": 0.01, "uv": [36, 13], "mirror": true}
					]
				},
				{
					"name": "knee_left",
					"parent": "back_leg_left",
					"pivot": [1.75, 3.5, 3.5],
					"cubes": [
						{"origin": [0.25, 0.5, 3.5], "size": [3, 3, 3], "uv": [12, 41]}
					]
				},
				{
					"name": "back_foot_left",
					"parent": "knee_left",
					"pivot": [1.75, 1, 5],
					"cubes": [
						{"origin": [0.25, 0, 3], "size": [3, 1, 3], "inflate": 0.01, "uv": [12, 51], "mirror": true}
					]
				},
				{
					"name": "leg_left",
					"parent": "body",
					"pivot": [1.75, 5, -1.5],
					"cubes": [
						{"origin": [0.25, 3.5, -3], "size": [3, 3, 3], "uv": [52, 7], "mirror": true}
					]
				},
				{
					"name": "elbow_left",
					"parent": "leg_left",
					"pivot": [1.75, 3.5, 0],
					"cubes": [
						{"origin": [0.25, 0.5, -3], "size": [3, 3, 3], "inflate": 0.01, "uv": [52, 20], "mirror": true}
					]
				},
				{
					"name": "front_foot_left",
					"parent": "elbow_left",
					"pivot": [1.75, 1, -1],
					"cubes": [
						{"origin": [0.25, 0, -3.5], "size": [3, 1, 3], "uv": [52, 30], "mirror": true}
					]
				}
			]
		}
	]
}