{
	"format_version": "1.12.0",
	"minecraft:geometry": [
		{
			"description": {
				"identifier": "geometry.shrookle",
				"texture_width": 128,
				"texture_height": 128,
				"visible_bounds_width": 4,
				"visible_bounds_height": 4.5,
				"visible_bounds_offset": [0, 1.75, 0]
			},
			"bones": [
				{
					"name": "shrookle",
					"pivot": [0, 0, 0]
				},
				{
					"name": "body",
					"parent": "shrookle",
					"pivot": [0, 2, 0],
					"cubes": [
						{"origin": [-10, 7, -10], "size": [20, 10, 20], "uv": [0, 0]},
						{"origin": [-8, 17, -8], "size": [16, 3, 16], "uv": [0, 30]},
						{"origin": [-1, 0, -1], "size": [2, 3, 2], "uv": [29, 59]},
						{"origin": [-3, 4, -3], "size": [6, 3, 6], "uv": [72, 79]},
						{"origin": [-2, 2, -2], "size": [4, 2, 4], "uv": [42, 76]}
					]
				},
				{
					"name": "leaf",
					"parent": "body",
					"pivot": [-5, 14, -9.5],
					"rotation": [0, 37.5, 0],
					"cubes": [
						{"origin": [-5, 11, -15.5], "size": [0, 6, 6], "uv": [44, 58]}
					]
				},
				{
					"name": "mushroom_big",
					"parent": "body",
					"pivot": [6.69147, 17.41588, 7.47037],
					"rotation": [-29.54393, 36.41953, -2.53362],
					"cubes": [
						{"origin": [4.25, 16.25, 5], "size": [5, 5, 5], "pivot": [5.75, 19.75, 9.5], "rotation": [0.31189, 0.56143, -0.60557], "uv": [0, 85]},
						{"origin": [4.75, 21.25, 5.5], "size": [4, 6, 4], "pivot": [5.75, 19.75, 9.5], "rotation": [0.31189, 0.56143, -0.60557], "uv": [20, 87]},
						{"origin": [1.75, 27.3, 2.5], "size": [10, 0, 10], "pivot": [5.75, 19.75, 9.5], "rotation": [0.31189, 0.56143, -0.60557], "uv": [13, 49]},
						{"origin": [1.69886, 27.32677, 12.44879], "size": [10, 0, 2], "pivot": [6.70866, 27.33222, 12.44885], "rotation": [62.81189, 0.56143, -0.60557], "uv": [66, 49]},
						{"origin": [11.64949, 27.35173, 2.40018], "size": [2, 0, 10], "pivot": [11.64959, 27.36235, 7.39044], "rotation": [-0.35399, 0.53588, -63.10876], "uv": [0, 0]},
						{"origin": [-0.34906, 27.24615, 2.49828], "size": [2, 0, 10], "pivot": [1.65084, 27.23553, 7.50802], "rotation": [0.64201, -0.01741, 61.8928], "uv": [4, 0]},
						{"origin": [1.60157, 27.2711, 0.44967], "size": [10, 0, 2], "pivot": [6.59178, 27.26566, 2.44961], "rotation": [-62.18811, 0.56143, -0.60557], "uv": [66, 51]}
					]
				},
				{
					"name": "mushroom_small",
					"parent": "body",
					"pivot": [8.69147, 14.41588, 8.47037],
					"rotation": [-44.9772, 47.049, 11.73516],
					"cubes": [
						{"origin": [7.25, 13.25, 7], "size": [3, 5, 3], "pivot": [7.75, 16.75, 10.5], "rotation": [0.31189, 0.56143, -0.60557], "uv": [84, 88]},
						{"origin": [7.75, 18.25, 7.5], "size": [2, 4, 2], "pivot": [7.75, 16.75, 10.5], "rotation": [0.31189, 0.56143, -0.60557], "uv": [43, 49]},
						{"origin": [5.75, 22.3, 5.5], "size": [6, 0, 6], "pivot": [7.75, 16.75, 10.5], "rotation": [0.31189, 0.56143, -0.60557], "uv": [0, 10]}
					]
				},
				{
					"name": "arm_front_middle",
					"parent": "body",
					"pivot": [0, 12.5, -8.75],
					"cubes": [
						{"origin": [-1.5, 11, -14], "size": [3, 3, 9], "inflate": 0.01, "uv": [68, 67]}
					]
				},
				{
					"name": "bone",
					"parent": "arm_front_middle",
					"pivot": [-1.5, 11, -14],
					"cubes": [
						{"origin": [-1.5, 11, -22], "size": [3, 3, 8], "uv": [84, 4]}
					]
				},
				{
					"name": "arm_back_middle",
					"parent": "body",
					"pivot": [0, 12.5, 8.75],
					"cubes": [
						{"origin": [-1.5, 11, 5], "size": [3, 3, 9], "inflate": 0.01, "uv": [68, 0]}
					]
				},
				{
					"name": "bone2",
					"parent": "arm_back_middle",
					"pivot": [-1.5, 11, 14],
					"cubes": [
						{"origin": [-1.5, 11, 14], "size": [3, 3, 8], "uv": [50, 76]}
					]
				},
				{
					"name": "arm_front_left",
					"parent": "body",
					"pivot": [6, 12.5, -4],
					"rotation": [0, -52.5, 0],
					"cubes": [
						{"origin": [4.5, 11, -12], "size": [3, 3, 9], "inflate": 0.01, "uv": [68, 55]}
					]
				},
				{
					"name": "arm_front_left2",
					"parent": "arm_front_left",
					"pivot": [6, 2, 2],
					"cubes": [
						{"origin": [4.5, 11, -20], "size": [3, 3, 8], "uv": [83, 49]}
					]
				},
				{
					"name": "arm_front_right",
					"parent": "body",
					"pivot": [-6, 12.5, -4],
					"rotation": [0, 52.5, 0],
					"cubes": [
						{"origin": [-7.5, 11, -12], "size": [3, 3, 9], "inflate": 0.01, "uv": [53, 64]}
					]
				},
				{
					"name": "arm_front_right2",
					"parent": "arm_front_right",
					"pivot": [-6, 2, 2],
					"cubes": [
						{"origin": [-7.5, 11, -20], "size": [3, 3, 8], "uv": [76, 33]}
					]
				},
				{
					"name": "arm_back_right",
					"parent": "body",
					"pivot": [-6, 12.5, 4],
					"rotation": [0, -52.5, 0],
					"cubes": [
						{"origin": [-7.5, 11, 3], "size": [3, 3, 9], "inflate": 0.01, "uv": [29, 64]}
					]
				},
				{
					"name": "arm_back_right2",
					"parent": "arm_back_right",
					"pivot": [-6, 2, -2],
					"cubes": [
						{"origin": [-7.5, 11, 12], "size": [3, 3, 8], "uv": [28, 76]}
					]
				},
				{
					"name": "arm_back_left",
					"parent": "body",
					"pivot": [6, 12.5, 4],
					"rotation": [0, 52.5, 0],
					"cubes": [
						{"origin": [4.5, 11, 3], "size": [3, 3, 9], "inflate": 0.01, "uv": [14, 59]}
					]
				},
				{
					"name": "arm_back_left2",
					"parent": "arm_back_left",
					"pivot": [6, 2, -2],
					"cubes": [
						{"origin": [4.5, 11, 12], "size": [3, 3, 8], "uv": [76, 22]}
					]
				},
				{
					"name": "neck",
					"parent": "body",
					"pivot": [0, 20, 2],
					"cubes": [
						{"origin": [-2, 17, 0], "size": [4, 10, 4], "uv": [0, 30]}
					]
				},
				{
					"name": "neck2",
					"parent": "neck",
					"pivot": [0, 27, 4],
					"cubes": [
						{"origin": [-2.5, 27, -1], "size": [5, 9, 5], "uv": [8, 71]}
					]
				},
				{
					"name": "head",
					"parent": "neck2",
					"pivot": [0, 35.99459, 1.88994],
					"cubes": [
						{"origin": [-4, 35, -5], "size": [8, 6, 9], "uv": [43, 49]},
						{"origin": [-7, 41, -8], "size": [14, 0, 15], "uv": [33, 30]},
						{"origin": [-11, 41, -8], "size": [4, 0, 15], "pivot": [-7, 41, -0.5], "rotation": [0, 0, 62.5], "uv": [45, 0]},
						{"origin": [7, 41, -8], "size": [4, 0, 15], "pivot": [7, 41, -0.5], "rotation": [0, 0, -62.5], "uv": [0, 49]},
						{"origin": [-7, 41, 7], "size": [14, 0, 4], "pivot": [0, 41, 7], "rotation": [62.5, 0, 0], "uv": [56, 15]},
						{"origin": [-7, 41, -12], "size": [14, 0, 4], "pivot": [0, 41, -8], "rotation": [-62.5, 0, 0], "uv": [60, 45]},
						{"origin": [-1, 41, -3], "size": [2, 6, 4], "inflate": 0.001, "uv": [88, 63]},
						{"origin": [0, 51, -3], "size": [0, 3, 3], "pivot": [0, 47, -3], "rotation": [-55, 0, 0], "uv": [0, 4]},
						{"origin": [-0.5, 47, -3], "size": [1, 4, 3], "pivot": [0, 47, -3], "rotation": [-55, 0, 0], "uv": [0, 0]}
					]
				},
				{
					"name": "mouth",
					"parent": "head",
					"pivot": [0, 37, -5.05],
					"cubes": [
						{"origin": [-2, 36, -5.05], "size": [4, 2, 0], "uv": [12, 16]}
					]
				},
				{
					"name": "drool",
					"parent": "mouth",
					"pivot": [0, 35, -5.025],
					"cubes": [
						{"origin": [-3, 33, -5.025], "size": [6, 4, 0], "uv": [0, 16]}
					]
				},
				{
					"name": "eye_right",
					"parent": "head",
					"pivot": [-2, 39.25, -4.5],
					"cubes": [
						{"origin": [-3, 38.75, -5], "size": [2, 1, 1], "inflate": 0.01, "pivot": [-2, 39.25, -4.5], "rotation": [0, 0, 25], "uv": [0, 12]}
					]
				},
				{
					"name": "eye_left",
					"parent": "head",
					"pivot": [2, 39.25, -4.5],
					"cubes": [
						{"origin": [1, 38.75, -5], "size": [2, 1, 1], "inflate": 0.01, "pivot": [2, 39.25, -4.5], "rotation": [0, 0, -25], "uv": [0, 10]}
					]
				},
				{
					"name": "stick",
					"parent": "body",
					"pivot": [-5, 19, -5],
					"rotation": [10, 0, -15],
					"cubes": [
						{"origin": [-6, 15, -6], "size": [2, 28, 2], "uv": [0, 49]}
					]
				},
				{
					"name": "arm_top_left",
					"parent": "body",
					"pivot": [5.5, 20.08333, 3.5],
					"cubes": [
						{"origin": [4, 17, 2], "size": [3, 10, 3], "inflate": 0.02, "uv": [48, 87]}
					]
				},
				{
					"name": "arm_top_left2",
					"parent": "arm_top_left",
					"pivot": [7, 27, 5],
					"cubes": [
						{"origin": [4, 27, 2], "size": [3, 8, 3], "inflate": 0.01, "uv": [72, 88]}
					]
				},
				{
					"name": "arm_top_left3",
					"parent": "arm_top_left2",
					"pivot": [7, 35, 5],
					"cubes": [
						{"origin": [4, 35, 2], "size": [3, 4, 3], "uv": [90, 22]}
					]
				},
				{
					"name": "arm_top_right",
					"parent": "body",
					"pivot": [-5.5, 20.08333, 3.5],
					"cubes": [
						{"origin": [-7, 17, 2], "size": [3, 10, 3], "inflate": 0.02, "uv": [36, 87]}
					]
				},
				{
					"name": "arm_top_right2",
					"parent": "arm_top_right",
					"pivot": [-7, 27, 5],
					"cubes": [
						{"origin": [-7, 27, 2], "size": [3, 8, 3], "inflate": 0.01, "uv": [60, 87]}
					]
				},
				{
					"name": "arm_top_right3",
					"parent": "arm_top_right2",
					"pivot": [-7, 35, 5],
					"cubes": [
						{"origin": [-7, 35, 2], "size": [3, 4, 3], "uv": [88, 15]}
					]
				}
			]
		}
	]
}