{
	"format_version": "1.12.0",
	"minecraft:geometry": [
		{
			"description": {
				"identifier": "geometry.tandemaus",
				"texture_width": 64,
				"texture_height": 64,
				"visible_bounds_width": 3,
				"visible_bounds_height": 2.5,
				"visible_bounds_offset": [0, 0.75, 0]
			},
			"bones": [
				{
					"name": "tandemaus",
					"pivot": [0, 0, 0]
				},
				{
					"name": "bodies",
					"parent": "tandemaus",
					"pivot": [0, 0, 0]
				},
				{
					"name": "body_2",
					"parent": "bodies",
					"pivot": [-8, 3, 0]
				},
				{
					"name": "leg_right2",
					"parent": "body_2",
					"pivot": [-9, 2, 0],
					"cubes": [
						{"origin": [-10, 0, -1], "size": [2, 2, 2], "uv": [0, 36]}
					]
				},
				{
					"name": "leg_left2",
					"parent": "body_2",
					"pivot": [-7, 2, 0],
					"cubes": [
						{"origin": [-8, 0, -1], "size": [2, 2, 2], "uv": [12, 24]}
					]
				},
				{
					"name": "torso2",
					"parent": "body_2",
					"pivot": [-8, 2, 0],
					"cubes": [
						{"origin": [-10, 2, -1], "size": [4, 2, 2], "uv": [24, 30]}
					]
				},
				{
					"name": "tail2",
					"parent": "torso2",
					"pivot": [-8, 1.5, 1],
					"rotation": [-30, 0, 0],
					"cubes": [
						{"origin": [-8, 1.5, 0], "size": [0, 2, 2], "uv": [1, 1]}
					]
				},
				{
					"name": "tail3",
					"parent": "tail2",
					"pivot": [-8, 1.5, 5],
					"cubes": [
						{"origin": [-7.975, 1.41197, 1.8215], "size": [0, 2, 3], "pivot": [-8.025, 1.63697, 1.8215], "rotation": [52.5, 0, 0], "uv": [0, 0]}
					]
				},
				{
					"name": "tail_tip2",
					"parent": "tail3",
					"pivot": [-7.975, 1.63697, 1.8215],
					"cubes": [
						{"origin": [-8.975, 3.08697, 2.4965], "size": [2, 2, 2], "uv": [0, 46]}
					]
				},
				{
					"name": "head2",
					"parent": "torso2",
					"pivot": [-8, 4, 0],
					"cubes": [
						{"origin": [-12, 4, -3], "size": [8, 6, 6], "uv": [22, 6]},
						{"origin": [-8.5, 5.5, -3], "size": [1, 1, 0], "inflate": 0.001, "uv": [0, 0]},
						{"origin": [-11.55, 7.8, -3.025], "size": [1, 1, 0], "uv": [0, 41]}
					]
				},
				{
					"name": "ear_right2",
					"parent": "head2",
					"pivot": [-8.5, 7.5, 0],
					"rotation": [0, 0, -12.5],
					"cubes": [
						{"origin": [-14.5, 7.5, 0], "size": [6, 6, 0], "uv": [0, 24]}
					]
				},
				{
					"name": "ear_left2",
					"parent": "head2",
					"pivot": [-7.5, 7.5, 0],
					"rotation": [0, 0, 12.5],
					"cubes": [
						{"origin": [-7.5, 7.5, 0], "size": [6, 6, 0], "uv": [22, 0]},
						{"origin": [-4.975, 12.9, 0], "size": [1, 1, 0], "uv": [0, 40]},
						{"origin": [-3.025, 12.9, 0], "size": [1, 1, 0], "uv": [0, 40]}
					]
				},
				{
					"name": "mouth2",
					"parent": "head2",
					"pivot": [-8, 4, 0],
					"cubes": [
						{"origin": [-12, 4, -3], "size": [8, 6, 6], "inflate": -0.01, "uv": [0, 12]}
					]
				},
				{
					"name": "eyes2",
					"parent": "head2",
					"pivot": [-8, 6, -3],
					"cubes": [
						{"origin": [-6, 6, -3.01], "size": [1, 1, 0], "uv": [4, 14]},
						{"origin": [-11, 6, -3.01], "size": [1, 1, 0], "uv": [4, 15]},
						{"origin": [-11.3, 6.3, -3.32], "size": [1, 1, 1], "inflate": -0.3, "uv": [1, 42]},
						{"origin": [-6.3, 6.3, -3.32], "size": [1, 1, 1], "inflate": -0.3, "uv": [1, 42]}
					]
				},
				{
					"name": "eyelids2",
					"parent": "eyes2",
					"pivot": [-8, 6, -2.9],
					"cubes": [
						{"origin": [-6.5, 6, -2.91], "size": [2, 2, 1], "inflate": 0.01, "uv": [46, 3]},
						{"origin": [-11.5, 6, -2.91], "size": [2, 2, 1], "inflate": 0.01, "uv": [52, 3]}
					]
				},
				{
					"name": "arm_left2",
					"parent": "torso2",
					"pivot": [-6, 4, 0],
					"rotation": [0, 0, 20],
					"cubes": [
						{"origin": [-6, 2, -1], "size": [2, 2, 2], "inflate": -0.001, "uv": [22, 34]}
					]
				},
				{
					"name": "arm_right2",
					"parent": "torso2",
					"pivot": [-10, 4, 0],
					"rotation": [0, 0, -20],
					"cubes": [
						{"origin": [-12, 2, -1], "size": [2, 2, 2], "inflate": -0.001, "uv": [30, 34]}
					]
				},
				{
					"name": "body_1",
					"parent": "bodies",
					"pivot": [8, 3, 0]
				},
				{
					"name": "leg_right",
					"parent": "body_1",
					"pivot": [7, 2, 0],
					"cubes": [
						{"origin": [6, 0, -1], "size": [2, 2, 2], "uv": [36, 36]}
					]
				},
				{
					"name": "leg_left",
					"parent": "body_1",
					"pivot": [9, 2, 0],
					"cubes": [
						{"origin": [8, 0, -1], "size": [2, 2, 2], "uv": [36, 30]}
					]
				},
				{
					"name": "torso",
					"parent": "body_1",
					"pivot": [8, 2, 0],
					"cubes": [
						{"origin": [6, 2, -1], "size": [4, 2, 2], "uv": [34, 0]}
					]
				},
				{
					"name": "arm_right",
					"parent": "torso",
					"pivot": [6, 4, 0],
					"rotation": [0, 0, -20],
					"cubes": [
						{"origin": [4, 2, -1], "size": [2, 2, 2], "inflate": -0.001, "uv": [16, 36]}
					]
				},
				{
					"name": "tail",
					"parent": "torso",
					"pivot": [8, 1.5, 1],
					"rotation": [-30, 0, 0],
					"cubes": [
						{"origin": [8, 1.5, 0], "size": [0, 2, 2], "uv": [1, 10]}
					]
				},
				{
					"name": "tail4",
					"parent": "tail",
					"pivot": [8, 1.5, 5],
					"cubes": [
						{"origin": [7.975, 1.41197, 1.8215], "size": [0, 2, 3], "pivot": [8.025, 1.63697, 1.8215], "rotation": [52.5, 0, 0], "uv": [0, 0], "mirror": true}
					]
				},
				{
					"name": "tail_tip",
					"parent": "tail4",
					"pivot": [8.025, 1.63697, 1.8215],
					"cubes": [
						{"origin": [7.025, 3.08697, 2.4965], "size": [2, 2, 2], "uv": [0, 46]}
					]
				},
				{
					"name": "head",
					"parent": "torso",
					"pivot": [8, 4, 0],
					"cubes": [
						{"origin": [4, 4, -3], "size": [8, 6, 6], "uv": [22, 18]},
						{"origin": [7.5, 5.5, -3], "size": [1, 1, 0], "inflate": 0.001, "uv": [0, 1]},
						{"origin": [10.55, 7.8, -3.025], "size": [1, 1, 0], "uv": [0, 41], "mirror": true}
					]
				},
				{
					"name": "ear_right",
					"parent": "head",
					"pivot": [7.5, 7.5, 0],
					"rotation": [0, 0, -12.5],
					"cubes": [
						{"origin": [2.025, 12.9, 0], "size": [1, 1, 0], "uv": [0, 40]},
						{"origin": [5.025, 12.9, 0], "size": [1, 1, 0], "uv": [0, 44]},
						{"origin": [1.5, 7.5, 0], "size": [6, 6, 0], "uv": [12, 30]}
					]
				},
				{
					"name": "ear_left",
					"parent": "head",
					"pivot": [8.5, 7.5, 0],
					"rotation": [0, 0, 12.5],
					"cubes": [
						{"origin": [8.5, 7.5, 0], "size": [6, 6, 0], "uv": [0, 30]}
					]
				},
				{
					"name": "mouth",
					"parent": "head",
					"pivot": [8, 4, 0],
					"cubes": [
						{"origin": [4, 4, -3], "size": [8, 6, 6], "inflate": -0.01, "uv": [0, 0]}
					]
				},
				{
					"name": "eyes",
					"parent": "head",
					"pivot": [8, 6, -3],
					"cubes": [
						{"origin": [9.7, 6.3, -3.32], "size": [1, 1, 1], "inflate": -0.3, "uv": [1, 42]},
						{"origin": [4.7, 6.3, -3.32], "size": [1, 1, 1], "inflate": -0.3, "uv": [1, 42]},
						{"origin": [10, 6, -3.01], "size": [1, 1, 0], "uv": [4, 0]},
						{"origin": [5, 6, -3.01], "size": [1, 1, 0], "uv": [4, 1]}
					]
				},
				{
					"name": "eyelids",
					"parent": "eyes",
					"pivot": [8, 6, -2.9],
					"cubes": [
						{"origin": [9.5, 6, -2.91], "size": [2, 2, 1], "inflate": 0.01, "uv": [46, 0]},
						{"origin": [4.5, 6, -2.91], "size": [2, 2, 1], "inflate": 0.01, "uv": [52, 0]}
					]
				},
				{
					"name": "arm_left",
					"parent": "torso",
					"pivot": [10, 4, 0],
					"rotation": [0, 0, 20],
					"cubes": [
						{"origin": [10, 2, -1], "size": [2, 2, 2], "inflate": -0.001, "uv": [8, 36]}
					]
				}
			]
		}
	]
}