{
	"format_version": "1.12.0",
	"minecraft:geometry": [
		{
			"description": {
				"identifier": "geometry.tinkatuff_delta",
				"texture_width": 64,
				"texture_height": 64,
				"visible_bounds_width": 4,
				"visible_bounds_height": 2.5,
				"visible_bounds_offset": [0, 0.75, 0]
			},
			"bones": [
				{
					"name": "tinkatuff",
					"pivot": [0, 0, 0]
				},
				{
					"name": "body",
					"parent": "tinkatuff",
					"pivot": [0, -1, -1]
				},
				{
					"name": "torso",
					"parent": "body",
					"pivot": [0, -1, -1],
					"cubes": [
						{"origin": [-2, 2, -2], "size": [4, 4, 3], "uv": [21, 0]},
						{"origin": [-2, 2.5, -2], "size": [4, 2, 3], "inflate": 0.1, "uv": [18, 10]}
					]
				},
				{
					"name": "head",
					"parent": "torso",
					"pivot": [0, 6, -0.5],
					"cubes": [
						{"origin": [-3, 6, -3.5], "size": [6, 6, 6], "uv": [0, 10]},
						{"origin": [-3.5, 9.5, -4], "size": [7, 3, 7], "uv": [0, 0]},
						{"origin": [-3.575, 11.5, -1], "size": [0, 5, 3], "pivot": [-3.575, 12, 0], "rotation": [-62.95379, -63.15525, 27.04621], "uv": [0, 7]}
					]
				},
				{
					"name": "tail1",
					"parent": "head",
					"pivot": [0, 13, 3],
					"cubes": [
						{"origin": [-2.5, 9.5, 0], "size": [5, 6, 4], "pivot": [0, 13, 3], "rotation": [-40, 0, 0], "uv": [20, 18]}
					]
				},
				{
					"name": "tail2",
					"parent": "tail1",
					"pivot": [0, 16.45, 2.95],
					"rotation": [-102.5, 0, 0],
					"cubes": [
						{"origin": [-1.5, 16.27823, 2.9577], "size": [3, 4, 2], "uv": [20, 28]}
					]
				},
				{
					"name": "tail3",
					"parent": "tail2",
					"pivot": [0, 20.27823, 4.2077],
					"rotation": [-25, 0, 0],
					"cubes": [
						{"origin": [-1, 19.27823, 3.4577], "size": [2, 5, 1], "uv": [0, 0]}
					]
				},
				{
					"name": "tail4",
					"parent": "tail3",
					"pivot": [0, 24.27823, 3.9577],
					"cubes": [
						{"origin": [-0.5, 24.27823, 3.9577], "size": [1, 3, 0], "uv": [36, 7]}
					]
				},
				{
					"name": "mouth",
					"parent": "head",
					"pivot": [0.5, 7.25, -3.505],
					"cubes": [
						{"origin": [-1, 6.75, -3.505], "size": [1, 1, 0], "pivot": [-0.5, 7.25, -3.505], "rotation": [0, 0, 45], "uv": [27, 15]},
						{"origin": [0, 6.75, -3.505], "size": [1, 1, 0], "pivot": [0.5, 7.25, -3.505], "rotation": [0, 0, -45], "uv": [22, 15]},
						{"origin": [-0.4, 7.1, -3.505], "size": [1, 1, 0], "pivot": [0.5, 7.25, -3.505], "rotation": [0, 0, -45], "uv": [22, 15]},
						{"origin": [-0.53033, 6.71464, -3.505], "size": [1, 1, 0], "pivot": [-0.03033, 7.21464, -3.505], "rotation": [0, 0, -45], "uv": [22, 15]}
					]
				},
				{
					"name": "eye_right",
					"parent": "head",
					"pivot": [-1.75, 9, -3],
					"cubes": [
						{"origin": [-2.25, 8, -3.5], "size": [1, 2, 1], "inflate": 0.002, "pivot": [-1.75, 9, -3], "rotation": [0, 0, -7.5], "uv": [14, 35]},
						{"origin": [-2.75, 9.5, -3.5], "size": [1, 1, 1], "inflate": 0.001, "pivot": [-1.75, 9, -3], "rotation": [0, 0, -7.5], "uv": [32, 0]}
					]
				},
				{
					"name": "eyelid_right",
					"parent": "eye_right",
					"pivot": [-1.75, 9, -3],
					"cubes": [
						{"origin": [-2.25, 8, -2.5], "size": [1, 2, 1], "inflate": 0.002, "pivot": [-1.75, 9, -3], "rotation": [0, 0, -7.5], "uv": [35, 4]}
					]
				},
				{
					"name": "eye_left",
					"parent": "head",
					"pivot": [1.75, 9, -3],
					"cubes": [
						{"origin": [1.25, 8, -3.5], "size": [1, 2, 1], "inflate": 0.002, "pivot": [1.75, 9, -3], "rotation": [0, 0, 7.5], "uv": [28, 7]},
						{"origin": [1.75, 9.5, -3.5], "size": [1, 1, 1], "inflate": 0.001, "pivot": [1.75, 9, -3], "rotation": [0, 0, 7.5], "uv": [28, 28]}
					]
				},
				{
					"name": "eyelid_left",
					"parent": "eye_left",
					"pivot": [1.75, 9, -3],
					"cubes": [
						{"origin": [1.25, 8, -2.5], "size": [1, 2, 1], "inflate": 0.002, "pivot": [1.75, 9, -3], "rotation": [0, 0, 7.5], "uv": [24, 15]}
					]
				},
				{
					"name": "arm_right",
					"parent": "torso",
					"pivot": [-3, 5, -0.5],
					"cubes": [
						{"origin": [-3, 4, -1.5], "size": [1, 2, 2], "uv": [35, 0]},
						{"origin": [-6, 4, -1.5], "size": [3, 2, 2], "inflate": 0.1, "uv": [26, 34]}
					]
				},
				{
					"name": "finger1",
					"parent": "arm_right",
					"pivot": [-6, 5.575, 0.25],
					"cubes": [
						{"origin": [-7, 5.075, 0.25], "size": [1, 1, 0], "uv": [21, 2]}
					]
				},
				{
					"name": "finger2",
					"parent": "arm_right",
					"pivot": [-6, 4.425, 0.25],
					"cubes": [
						{"origin": [-7, 3.925, 0.25], "size": [1, 1, 0], "uv": [20, 15]}
					]
				},
				{
					"name": "finger3",
					"parent": "arm_right",
					"pivot": [-6, 4.925, -1.25],
					"cubes": [
						{"origin": [-7, 4.425, -1.25], "size": [1, 1, 0], "uv": [18, 15]}
					]
				},
				{
					"name": "blade_right",
					"parent": "arm_right",
					"pivot": [-6.5, 5.26914, -0.57143],
					"cubes": [
						{"origin": [-7, 4.25, -1], "size": [1, 3, 1], "uv": [10, 35]},
						{"origin": [-6.5, 6.25, -3], "size": [0, 17, 5], "uv": [45, 17]},
						{"origin": [-7.5, 0.25, -1.5], "size": [2, 4, 2], "uv": [18, 34]},
						{"origin": [-6.5, 0.25, 0.5], "size": [0, 2, 1], "uv": [24, 33]}
					]
				},
				{
					"name": "arm_left",
					"parent": "torso",
					"pivot": [3, 5, -0.5],
					"cubes": [
						{"origin": [2, 4, -1.5], "size": [1, 2, 2], "uv": [0, 35]},
						{"origin": [3, 4, -1.5], "size": [3, 2, 2], "inflate": 0.1, "uv": [34, 17]}
					]
				},
				{
					"name": "blade_left",
					"parent": "arm_left",
					"pivot": [6.5, 5.25, -0.625],
					"cubes": [
						{"origin": [6, 4.25, -1], "size": [1, 3, 1], "uv": [6, 35]},
						{"origin": [6.5, 6.25, -3], "size": [0, 17, 5], "uv": [45, 17]},
						{"origin": [5.5, 0.25, -1.5], "size": [2, 4, 2], "uv": [30, 28]},
						{"origin": [6.5, 0.25, 0.5], "size": [0, 2, 1], "uv": [20, 27]}
					]
				},
				{
					"name": "finger4",
					"parent": "arm_left",
					"pivot": [6, 5.575, 0.25],
					"cubes": [
						{"origin": [6, 5.075, 0.25], "size": [1, 1, 0], "uv": [18, 12]}
					]
				},
				{
					"name": "finger5",
					"parent": "arm_left",
					"pivot": [6, 4.425, 0.25],
					"cubes": [
						{"origin": [6, 3.925, 0.25], "size": [1, 1, 0], "uv": [5, 6]}
					]
				},
				{
					"name": "finger6",
					"parent": "arm_left",
					"pivot": [6, 4.925, -1.25],
					"cubes": [
						{"origin": [6, 4.425, -1.25], "size": [1, 1, 0], "uv": [5, 0]}
					]
				},
				{
					"name": "leg_right",
					"parent": "body",
					"pivot": [-1.25, 2, 0],
					"cubes": [
						{"origin": [-2.25, 0, -2], "size": [2, 2, 3], "uv": [29, 12]},
						{"origin": [-1.75, -0.001, -1.5], "size": [1, 0, 2], "uv": [19, 0]}
					]
				},
				{
					"name": "leg_left",
					"parent": "body",
					"pivot": [1.25, 2, 0],
					"cubes": [
						{"origin": [0.25, 0, -2], "size": [2, 2, 3], "uv": [29, 7]},
						{"origin": [0.75, -0.001, -1.5], "size": [1, 0, 2], "uv": [16, 10]}
					]
				}
			]
		}
	]
}