{
	"format_version": "1.12.0",
	"minecraft:geometry": [
		{
			"description": {
				"identifier": "geometry.tinkatink_delta",
				"texture_width": 32,
				"texture_height": 32,
				"visible_bounds_width": 3,
				"visible_bounds_height": 2.5,
				"visible_bounds_offset": [0, 0.75, 0]
			},
			"bones": [
				{
					"name": "tinkatink",
					"pivot": [0, 0, 0]
				},
				{
					"name": "body",
					"parent": "tinkatink",
					"pivot": [0, 0, 0]
				},
				{
					"name": "legs",
					"parent": "body",
					"pivot": [0, 1, 0]
				},
				{
					"name": "foot_left",
					"parent": "legs",
					"pivot": [1.25, 1, 0.5],
					"cubes": [
						{"origin": [0.25, 0, -2], "size": [2, 1, 3], "uv": [15, 18]},
						{"origin": [0.75, -0.001, -1.5], "size": [1, 0, 2], "uv": [2, 4]}
					]
				},
				{
					"name": "foot_right",
					"parent": "legs",
					"pivot": [-1.25, 1, 0.5],
					"cubes": [
						{"origin": [-2.25, 0, -2], "size": [2, 1, 3], "uv": [18, 0]},
						{"origin": [-1.75, -0.001, -1.5], "size": [1, 0, 2], "uv": [0, 4]}
					]
				},
				{
					"name": "torso",
					"parent": "body",
					"pivot": [0, 2.75, -0.625],
					"cubes": [
						{"origin": [-2, 1, -1], "size": [4, 3, 2], "inflate": 0.002, "uv": [6, 11]}
					]
				},
				{
					"name": "head",
					"parent": "torso",
					"pivot": [0, 4, 0],
					"cubes": [
						{"origin": [-3, 4, -3], "size": [6, 5, 6], "uv": [0, 0]},
						{"origin": [-1, 4.5, -3], "size": [1, 1, 1], "inflate": 0.001, "pivot": [0, 5.5, -2.5], "rotation": [0, 0, -12.5], "uv": [8, 23]},
						{"origin": [0, 4.5, -3], "size": [1, 1, 1], "inflate": 0.001, "pivot": [0, 5.5, -2.5], "rotation": [0, 0, 12.5], "uv": [20, 22]}
					]
				},
				{
					"name": "head_thing",
					"parent": "head",
					"pivot": [0, 9.09884, -2.93414],
					"cubes": [
						{"origin": [-2.5, 8.19884, -1.70914], "size": [5, 3, 0], "pivot": [0, 10.19884, -2.20914], "rotation": [-55, 0, 0], "uv": [19, 27]}
					]
				},
				{
					"name": "head_thing2",
					"parent": "head_thing",
					"pivot": [0, 10.19884, -2.20914],
					"cubes": [
						{"origin": [-1.5, 11.19884, -1.70914], "size": [3, 4, 0], "pivot": [0, 10.19884, -2.20914], "rotation": [-55, 0, 0], "uv": [0, 0]}
					]
				},
				{
					"name": "antenna_mid",
					"parent": "head_thing2",
					"pivot": [0, 10.19884, -2.20914],
					"cubes": [
						{"origin": [-0.5, 15.19884, -1.70914], "size": [1, 3, 0], "pivot": [0, 10.19884, -2.20914], "rotation": [-55, 0, 0], "uv": [18, 0]}
					]
				},
				{
					"name": "antenna_left",
					"parent": "head_thing",
					"pivot": [3, 9.39962, -2.49363],
					"cubes": [
						{"origin": [2.5, 9.19884, -1.70914], "size": [1, 5, 0], "pivot": [0, 10.19884, -2.20914], "rotation": [-55, 0, 0], "uv": [4, 19]}
					]
				},
				{
					"name": "antenna_right",
					"parent": "head_thing",
					"pivot": [-3, 9.39962, -2.49363],
					"cubes": [
						{"origin": [-3.5, 9.19884, -1.70914], "size": [1, 5, 0], "pivot": [0, 10.19884, -2.20914], "rotation": [-55, 0, 0], "uv": [4, 19], "mirror": true}
					]
				},
				{
					"name": "eye_left",
					"parent": "head",
					"pivot": [0.2, -2.5, 0],
					"cubes": [
						{"origin": [1.2, 5.5, -3], "size": [1, 2, 1], "inflate": 0.002, "pivot": [1.7, 6.5, -2.5], "rotation": [0, 0, -10], "uv": [22, 18]},
						{"origin": [1.7, 7, -3], "size": [1, 1, 1], "inflate": 0.001, "pivot": [1.7, 6.5, -2.5], "rotation": [0, 0, -10], "uv": [22, 4]}
					]
				},
				{
					"name": "eyelid_left",
					"parent": "eye_left",
					"pivot": [0.2, -2.5, 0],
					"cubes": [
						{"origin": [1.2, 5.5, -2], "size": [1, 2, 1], "inflate": 0.003, "pivot": [1.7, 6.5, -1.5], "rotation": [0, 0, -10], "uv": [16, 22]}
					]
				},
				{
					"name": "eye_right",
					"parent": "head",
					"pivot": [-0.2, -2.5, 0],
					"cubes": [
						{"origin": [-2.2, 5.5, -3], "size": [1, 2, 1], "inflate": 0.002, "pivot": [-1.7, 6.5, -2.5], "rotation": [0, 0, 10], "uv": [12, 21]},
						{"origin": [-2.7, 7, -3], "size": [1, 1, 1], "inflate": 0.001, "pivot": [-1.7, 6.5, -2.5], "rotation": [0, 0, 10], "uv": [18, 4]}
					]
				},
				{
					"name": "eyelid_right",
					"parent": "eye_right",
					"pivot": [-0.2, -2.5, 0],
					"cubes": [
						{"origin": [-2.2, 5.5, -2], "size": [1, 2, 1], "inflate": 0.003, "pivot": [-1.7, 6.5, -1.5], "rotation": [0, 0, 10], "uv": [8, 20]}
					]
				},
				{
					"name": "pearl",
					"parent": "head",
					"pivot": [0, 11.3, 0]
				},
				{
					"name": "arm_left",
					"parent": "torso",
					"pivot": [3.5, 3.5, 0.5],
					"rotation": [-90, 0, 0],
					"cubes": [
						{"origin": [2, 2, -0.5], "size": [4, 2, 2], "uv": [16, 14]}
					]
				},
				{
					"name": "finger_left1",
					"parent": "arm_left",
					"pivot": [5.5, 3.5, 0.5],
					"cubes": [
						{"origin": [5.5, 3, 0], "size": [1, 0, 1], "pivot": [6, 3, 0.5], "rotation": [0, 45, 0], "uv": [17, 13]}
					]
				},
				{
					"name": "finger_left2",
					"parent": "arm_left",
					"pivot": [5.20315, 3.5, 1.46131],
					"cubes": [
						{"origin": [5.20315, 3, 1.21131], "size": [1, 0, 1], "pivot": [5.70315, 3, 1.71131], "rotation": [0, -65, 0], "uv": [19, 13]}
					]
				},
				{
					"name": "finger_left3",
					"parent": "arm_left",
					"pivot": [5.20315, 3.5, -0.46131],
					"cubes": [
						{"origin": [5.20315, 3, -1.21131], "size": [1, 0, 1], "pivot": [5.70315, 3, -0.71131], "rotation": [0, 65, 0], "uv": [5, 17]}
					]
				},
				{
					"name": "arm_right",
					"parent": "torso",
					"pivot": [-3.5, 3.5, 0.5],
					"rotation": [-90, 0, 0],
					"cubes": [
						{"origin": [-6, 2, -0.5], "size": [4, 2, 2], "uv": [6, 16]}
					]
				},
				{
					"name": "finger_right1",
					"parent": "arm_right",
					"pivot": [-5.5, 3.5, 0.5],
					"cubes": [
						{"origin": [-6.5, 3, 0], "size": [1, 0, 1], "pivot": [-6, 3, 0.5], "rotation": [0, -45, 0], "uv": [5, 16]}
					]
				},
				{
					"name": "finger_right2",
					"parent": "arm_right",
					"pivot": [-5.20315, 3.5, 1.46131],
					"cubes": [
						{"origin": [-6.20315, 3, 1.21131], "size": [1, 0, 1], "pivot": [-5.70315, 3, 1.71131], "rotation": [0, 65, 0], "uv": [5, 12]}
					]
				},
				{
					"name": "finger_right3",
					"parent": "arm_right",
					"pivot": [-5.20315, 3.5, -0.46131],
					"cubes": [
						{"origin": [-6.20315, 3, -1.21131], "size": [1, 0, 1], "pivot": [-5.70315, 3, -0.71131], "rotation": [0, -65, 0], "uv": [5, 11]}
					]
				},
				{
					"name": "spear",
					"parent": "arm_right",
					"pivot": [-6.25, 1.75, -1.25],
					"rotation": [90, 0, 0],
					"cubes": [
						{"origin": [-6.75, -2.25, -1.25], "size": [1, 5, 1], "uv": [0, 19]},
						{"origin": [-6.25, 2.75, -3.25], "size": [0, 8, 3], "uv": [0, 8]}
					]
				},
				{
					"name": "bone",
					"pivot": [0, 0, 0]
				}
			]
		}
	]
}