{
	"format_version": "1.12.0",
	"minecraft:geometry": [
		{
			"description": {
				"identifier": "geometry.tinkatink_delta",
				"texture_width": 32,
				"texture_height": 32,
				"visible_bounds_width": 2,
				"visible_bounds_height": 2.5,
				"visible_bounds_offset": [0, 0.75, 0]
			},
			"bones": [
				{
					"name": "tinkatink",
					"pivot": [0, 0, 0]
				},
				{
					"name": "body",
					"parent": "tinkatink",
					"pivot": [0, 3, 0]
				},
				{
					"name": "legs",
					"parent": "body",
					"pivot": [0, 1, 0]
				},
				{
					"name": "foot_left",
					"parent": "legs",
					"pivot": [1.25, 1, 0.5],
					"cubes": [
						{"origin": [0.25, 0, -2], "size": [2, 1, 3], "uv": [4, 19]},
						{"origin": [0.75, -0.001, -1.5], "size": [1, 0, 2], "uv": [10, 26]}
					]
				},
				{
					"name": "foot_right",
					"parent": "legs",
					"pivot": [-1.25, 1, 0.5],
					"cubes": [
						{"origin": [-2.25, 0, -2], "size": [2, 1, 3], "uv": [4, 19], "mirror": true},
						{"origin": [-1.75, -0.001, -1.5], "size": [1, 0, 2], "uv": [10, 26], "mirror": true}
					]
				},
				{
					"name": "torso",
					"parent": "body",
					"pivot": [0, 2.75, -0.625],
					"cubes": [
						{"origin": [-2, 1, -1], "size": [4, 3, 2], "inflate": 0.002, "uv": [16, 14]},
						{"origin": [-1.5, 1.5, -1.25], "size": [3, 3, 0], "uv": [17, 19]}
					]
				},
				{
					"name": "head",
					"parent": "torso",
					"pivot": [0, 4, 0],
					"cubes": [
						{"origin": [-3, 4, -3], "size": [6, 5, 6], "uv": [0, 0]},
						{"origin": [-1, 4.5, -3], "size": [1, 1, 1], "inflate": 0.001, "pivot": [0, 5.5, -2.5], "rotation": [0, 0, -12.5], "uv": [22, 4]},
						{"origin": [0, 4.5, -3], "size": [1, 1, 1], "inflate": 0.001, "pivot": [0, 5.5, -2.5], "rotation": [0, 0, 12.5], "uv": [18, 4]},
						{"origin": [-2.5, 8.075, -3.1], "size": [5, 1, 2], "uv": [12, 11]}
					]
				},
				{
					"name": "eye_left",
					"parent": "head",
					"pivot": [0.2, -2.5, 0],
					"cubes": [
						{"origin": [1.2, 5.5, -3], "size": [1, 2, 1], "inflate": 0.002, "pivot": [1.7, 6.5, -2.5], "rotation": [0, 0, -10], "uv": [13, 22]},
						{"origin": [1.7, 5, -3], "size": [1, 1, 1], "inflate": 0.001, "pivot": [1.7, 6.5, -2.5], "rotation": [0, 0, -10], "uv": [0, 0]}
					]
				},
				{
					"name": "eyelid_left",
					"parent": "eye_left",
					"pivot": [0.2, -2.5, 0],
					"cubes": [
						{"origin": [1.2, 5.5, -2], "size": [1, 2, 1], "inflate": 0.003, "pivot": [1.7, 6.5, -1.5], "rotation": [0, 0, -10], "uv": [0, 11]}
					]
				},
				{
					"name": "eye_right",
					"parent": "head",
					"pivot": [-0.2, -2.5, 0],
					"cubes": [
						{"origin": [-2.2, 5.5, -3], "size": [1, 2, 1], "inflate": 0.002, "pivot": [-1.7, 6.5, -2.5], "rotation": [0, 0, 10], "uv": [13, 22], "mirror": true},
						{"origin": [-2.7, 5, -3], "size": [1, 1, 1], "inflate": 0.001, "pivot": [-1.7, 6.5, -2.5], "rotation": [0, 0, 10], "uv": [0, 0], "mirror": true}
					]
				},
				{
					"name": "eyelid_right",
					"parent": "eye_right",
					"pivot": [-0.2, -2.5, 0],
					"cubes": [
						{"origin": [-2.2, 5.5, -2], "size": [1, 2, 1], "inflate": 0.003, "pivot": [-1.7, 6.5, -1.5], "rotation": [0, 0, 10], "uv": [0, 11], "mirror": true}
					]
				},
				{
					"name": "pearl",
					"parent": "head",
					"pivot": [0, 11.3, 0],
					"cubes": [
						{"origin": [-2, 9.3, -2], "size": [4, 4, 4], "inflate": -0.25, "uv": [0, 11]},
						{"origin": [-0.5, 10.8, -0.5], "size": [1, 1, 1], "inflate": -2.675, "uv": [12, 30]},
						{"origin": [-2, 9.3, -2], "size": [4, 4, 4], "inflate": -4.049, "uv": [16, 24]}
					]
				},
				{
					"name": "arm_left",
					"parent": "torso",
					"pivot": [2.5, 3.5, 0.5],
					"rotation": [-90, 0, 0],
					"cubes": [
						{"origin": [2, 2, -0.5], "size": [3, 2, 2], "uv": [18, 0]}
					]
				},
				{
					"name": "finger_left1",
					"parent": "arm_left",
					"pivot": [4.5, 3.5, 0.5],
					"cubes": [
						{"origin": [4.5, 3, 0], "size": [1, 0, 1], "pivot": [5, 3, 0.5], "rotation": [0, 45, 0], "uv": [3, 1]}
					]
				},
				{
					"name": "finger_left2",
					"parent": "arm_left",
					"pivot": [4.20315, 3.5, 1.46131],
					"cubes": [
						{"origin": [4.20315, 3, 1.21131], "size": [1, 0, 1], "pivot": [4.70315, 3, 1.71131], "rotation": [0, -65, 0], "uv": [3, 2]}
					]
				},
				{
					"name": "finger_left3",
					"parent": "arm_left",
					"pivot": [4.20315, 3.5, -0.46131],
					"cubes": [
						{"origin": [4.20315, 3, -1.21131], "size": [1, 0, 1], "pivot": [4.70315, 3, -0.71131], "rotation": [0, 65, 0], "uv": [2, 0]}
					]
				},
				{
					"name": "arm_right",
					"parent": "torso",
					"pivot": [-2.5, 3.5, 0.5],
					"rotation": [-90, 0, 0],
					"cubes": [
						{"origin": [-5, 2, -0.5], "size": [3, 2, 2], "uv": [18, 0], "mirror": true}
					]
				},
				{
					"name": "finger_right1",
					"parent": "arm_right",
					"pivot": [-4.5, 3.5, 0.5],
					"cubes": [
						{"origin": [-5.5, 3, 0], "size": [1, 0, 1], "pivot": [-5, 3, 0.5], "rotation": [0, -45, 0], "uv": [3, 1], "mirror": true}
					]
				},
				{
					"name": "finger_right2",
					"parent": "arm_right",
					"pivot": [-4.20315, 3.5, 1.46131],
					"cubes": [
						{"origin": [-5.20315, 3, 1.21131], "size": [1, 0, 1], "pivot": [-4.70315, 3, 1.71131], "rotation": [0, 65, 0], "uv": [3, 2], "mirror": true}
					]
				},
				{
					"name": "finger_right3",
					"parent": "arm_right",
					"pivot": [-4.20315, 3.5, -0.46131],
					"cubes": [
						{"origin": [-5.20315, 3, -1.21131], "size": [1, 0, 1], "pivot": [-4.70315, 3, -0.71131], "rotation": [0, -65, 0], "uv": [2, 0], "mirror": true}
					]
				},
				{
					"name": "spear",
					"parent": "arm_right",
					"pivot": [-5.25, 1.75, -0.25],
					"rotation": [90, 0, 0],
					"cubes": [
						{"origin": [-5.75, 0.75, -0.25], "size": [1, 10, 1], "uv": [0, 19]},
						{"origin": [-5.25, 5.75, -2.25], "size": [0, 6, 3], "uv": [4, 20]},
						{"origin": [-6.75, -1.75, 0.25], "size": [3, 3, 0], "uv": [11, 19]}
					]
				}
			]
		}
	]
}