{
	"format_version": "1.12.0",
	"minecraft:geometry": [
		{
			"description": {
				"identifier": "geometry.delta_trapinch",
				"texture_width": 64,
				"texture_height": 32,
				"visible_bounds_width": 2,
				"visible_bounds_height": 2.5,
				"visible_bounds_offset": [0, 0.75, 0]
			},
			"bones": [
				{
					"name": "delta_trapinch",
					"pivot": [0, 2, -4]
				},
				{
					"name": "main_body",
					"parent": "delta_trapinch",
					"pivot": [0, 2, -4]
				},
				{
					"name": "body",
					"parent": "main_body",
					"pivot": [0, 2.5, 3],
					"cubes": [
						{"origin": [-2, 2, -5], "size": [4, 4, 9], "uv": [0, 10]}
					]
				},
				{
					"name": "body2",
					"parent": "body",
					"pivot": [0, 2, 4],
					"rotation": [10, 0, 0],
					"cubes": [
						{"origin": [-2, 2, 4], "size": [4, 4, 4], "inflate": -0.01, "uv": [22, 19]}
					]
				},
				{
					"name": "head",
					"parent": "body",
					"pivot": [0, 6, -4],
					"cubes": [
						{"origin": [-3.5, 9, -11], "size": [7, 2, 8], "inflate": 0.01, "uv": [0, 0]},
						{"origin": [-3.5, 7, -11.02], "size": [7, 2, 0], "uv": [27, 17]},
						{"origin": [-3.52, 7, -11], "size": [0, 2, 5], "uv": [12, 18]},
						{"origin": [3.52, 7, -11], "size": [0, 2, 5], "uv": [17, 12]},
						{"origin": [-3.5, 4, -6], "size": [7, 5, 3], "uv": [22, 0]},
						{"origin": [-3.53, 4.5, -6.5], "size": [0, 3, 3], "uv": [0, 7]},
						{"origin": [3.53, 4.5, -6.5], "size": [0, 3, 3], "uv": [0, 10], "mirror": true}
					]
				},
				{
					"name": "eye_right",
					"parent": "head",
					"pivot": [0, 3, -4],
					"cubes": [
						{"origin": [-3.54, 8.3, -6.68], "size": [0, 1.36, 1.36], "uv": [6, 9]},
						{"origin": [-3.55, 8.45, -6.3], "size": [0, 1, 1], "uv": [1, 15]},
						{"origin": [-3.53, 8, -7], "size": [0, 2, 2], "uv": [0, 14]}
					]
				},
				{
					"name": "eyelid_right",
					"parent": "eye_right",
					"pivot": [0.1, 3, -4],
					"cubes": [
						{"origin": [-3.44, 8, -7], "size": [1, 2, 2], "inflate": 0.02, "uv": [41, 15]}
					]
				},
				{
					"name": "eye_left",
					"parent": "head",
					"pivot": [0, 3, -4],
					"cubes": [
						{"origin": [3.54, 8.3, -6.68], "size": [0, 1.36, 1.36], "uv": [6, 9], "mirror": true},
						{"origin": [3.55, 8.45, -6.3], "size": [0, 1, 1], "uv": [1, 15], "mirror": true},
						{"origin": [3.53, 8, -7], "size": [0, 2, 2], "uv": [0, 14], "mirror": true}
					]
				},
				{
					"name": "eyelid_left",
					"parent": "eye_left",
					"pivot": [-0.1, 3, -4],
					"cubes": [
						{"origin": [2.44, 8, -7], "size": [1, 2, 2], "inflate": 0.02, "uv": [41, 15], "mirror": true}
					]
				},
				{
					"name": "jaw",
					"parent": "head",
					"pivot": [0, 6, -6],
					"cubes": [
						{"origin": [-3.5, 4, -11], "size": [7, 2, 5], "inflate": -0.01, "uv": [17, 10]},
						{"origin": [-3.5, 5, -11.01], "size": [7, 3, 0], "uv": [12, 27]},
						{"origin": [-3.51, 5, -11], "size": [0, 3, 6], "uv": [0, 20]},
						{"origin": [3.51, 5, -11], "size": [0, 3, 6], "uv": [0, 17]}
					]
				},
				{
					"name": "ear_right",
					"parent": "head",
					"pivot": [-1.75, 11, -10],
					"cubes": [
						{"origin": [-2.25, 10.5, -10], "size": [1, 1, 0], "uv": [4, 0]}
					]
				},
				{
					"name": "ear_right2",
					"parent": "ear_right",
					"pivot": [-1.75, 11.5, -10],
					"cubes": [
						{"origin": [-2.75, 11.5, -10], "size": [2, 3, 0], "uv": [0, 0]}
					]
				},
				{
					"name": "ear_left",
					"parent": "head",
					"pivot": [1.75, 11, -10],
					"cubes": [
						{"origin": [1.25, 10.5, -10], "size": [1, 1, 0], "uv": [4, 1]}
					]
				},
				{
					"name": "ear_left2",
					"parent": "ear_left",
					"pivot": [1.75, 11.5, -10],
					"cubes": [
						{"origin": [0.75, 11.5, -10], "size": [2, 3, 0], "uv": [0, 3]}
					]
				},
				{
					"name": "leg_right3",
					"parent": "main_body",
					"pivot": [-2, 3, 3],
					"rotation": [0, 0, -90],
					"cubes": [
						{"origin": [-5, 2.5, 2], "size": [3, 1, 2], "uv": [26, 27]}
					]
				},
				{
					"name": "leg_right1",
					"parent": "main_body",
					"pivot": [-2, 3, -3],
					"rotation": [0, 0, -90],
					"cubes": [
						{"origin": [-5, 2.5, -4], "size": [3, 1, 2], "uv": [42, 6]}
					]
				},
				{
					"name": "leg_right2",
					"parent": "main_body",
					"pivot": [-2, 3, 0],
					"rotation": [0, 0, -90],
					"cubes": [
						{"origin": [-5, 2.5, -1], "size": [3, 1, 2], "uv": [42, 0]}
					]
				},
				{
					"name": "leg_left1",
					"parent": "main_body",
					"pivot": [2, 3, -3],
					"rotation": [0, 0, 90],
					"cubes": [
						{"origin": [2, 2.5, -4], "size": [3, 1, 2], "uv": [42, 3]}
					]
				},
				{
					"name": "leg_left2",
					"parent": "main_body",
					"pivot": [2, 3, 0],
					"rotation": [0, 0, 90],
					"cubes": [
						{"origin": [2, 2.5, -1], "size": [3, 1, 2], "uv": [42, 12]}
					]
				},
				{
					"name": "leg_left3",
					"parent": "main_body",
					"pivot": [2, 3, 3],
					"rotation": [0, 0, 90],
					"cubes": [
						{"origin": [2, 2.5, 2], "size": [3, 1, 2], "uv": [42, 9]}
					]
				}
			]
		}
	]
}