{
	"format_version": "1.12.0",
	"minecraft:geometry": [
		{
			"description": {
				"identifier": "geometry.omega_wooper",
				"texture_width": 64,
				"texture_height": 64,
				"visible_bounds_width": 3,
				"visible_bounds_height": 2.5,
				"visible_bounds_offset": [0, 0.75, 0]
			},
			"bones": [
				{
					"name": "wooper",
					"pivot": [0, 0, 0]
				},
				{
					"name": "body",
					"parent": "wooper",
					"pivot": [0, 4, 0]
				},
				{
					"name": "foot_left",
					"parent": "body",
					"pivot": [1.75, 1, 0],
					"cubes": [
						{"origin": [0.25, 1, -4.25], "size": [3, 0, 5], "uv": [-5, 52]},
						{"origin": [0.25, 0, -4.25], "size": [3, 0, 5], "uv": [-5, 42]},
						{"origin": [0.25, 0, 0.75], "size": [3, 1, 0], "uv": [0, 49]},
						{"origin": [0.25, 0, -4.25], "size": [3, 1, 0], "uv": [0, 50]},
						{"origin": [0.25, 0, -4.25], "size": [0, 1, 5], "uv": [1, 42]},
						{"origin": [3.25, 0, -4.25], "size": [0, 1, 5], "uv": [1, 43]},
						{"origin": [0.75, 0, -3.75], "size": [2, 1, 3], "uv": [6, 43]}
					]
				},
				{
					"name": "foot_right",
					"parent": "body",
					"pivot": [-1.75, 1, 0],
					"cubes": [
						{"origin": [-3.25, 0, -4.25], "size": [3, 0, 5], "uv": [1, 38]},
						{"origin": [-3.25, 1, -4.25], "size": [3, 0, 5], "uv": [4, 38]},
						{"origin": [-3.25, 0, 0.75], "size": [3, 1, 0], "uv": [0, 37]},
						{"origin": [-3.25, 0, -4.25], "size": [3, 1, 0], "uv": [10, 36]},
						{"origin": [-3.25, 0, -4.25], "size": [0, 1, 5], "uv": [0, 31]},
						{"origin": [-2.75, 0, -3.75], "size": [2, 1, 3], "uv": [16, 43]},
						{"origin": [-0.25, 0, -4.25], "size": [0, 1, 5], "uv": [0, 30]}
					]
				},
				{
					"name": "torso",
					"parent": "body",
					"pivot": [0, 4, 0],
					"cubes": [
						{"origin": [-2.5, 5, 2], "size": [5, 2, 0], "uv": [54, 61]},
						{"origin": [-2.5, 5, -2], "size": [0, 2, 4], "uv": [56, 55]},
						{"origin": [2.5, 5, -2], "size": [0, 2, 4], "uv": [56, 53]},
						{"origin": [-2.5, 5, -2], "size": [5, 2, 0], "uv": [54, 55]},
						{"origin": [-3, 1, -2.5], "size": [0, 4, 5], "uv": [54, 41]},
						{"origin": [3, 1, -2.5], "size": [0, 4, 5], "uv": [54, 33]},
						{"origin": [-1, 1.5, -1], "size": [2, 2, 2], "uv": [30, 40]},
						{"origin": [1, 4, -0.5], "size": [1, 1, 1], "uv": [28, 40]},
						{"origin": [-2, 4, -0.5], "size": [1, 1, 1], "uv": [28, 44]},
						{"origin": [1, 2.5, -1], "size": [1, 1, 2], "uv": [30, 44]},
						{"origin": [-2, 2.5, -1], "size": [1, 1, 2], "uv": [24, 40]},
						{"origin": [-3, 1, -2.5], "size": [6, 0, 5], "uv": [35, 41]},
						{"origin": [-3, 1, 2.5], "size": [6, 4, 0], "uv": [52, 42]},
						{"origin": [-3, 5, -2.5], "size": [6, 0, 5], "uv": [47, 50]},
						{"origin": [-3, 1, -2.5], "size": [6, 4, 0], "uv": [52, 34]}
					]
				},
				{
					"name": "tail",
					"parent": "torso",
					"pivot": [0, 2.25, 2.5],
					"cubes": [
						{"origin": [-1.5, 1.25, 2.25], "size": [3, 0, 3], "uv": [45, 46]},
						{"origin": [-1.5, 1.25, 2.25], "size": [0, 2, 3], "uv": [48, 53]},
						{"origin": [-1.5, 3.25, 2.25], "size": [3, 0, 3], "uv": [42, 51]},
						{"origin": [1.5, 1.25, 2.25], "size": [0, 2, 3], "uv": [48, 46]}
					]
				},
				{
					"name": "tail2",
					"parent": "tail",
					"pivot": [0, 2.25, 6],
					"cubes": [
						{"origin": [-2.5, 0.75, 5], "size": [5, 3, 0], "uv": [34, 61]},
						{"origin": [-2.5, 0.75, 12], "size": [5, 3, 0], "uv": [24, 55]},
						{"origin": [-2.5, 0.75, 5], "size": [5, 0, 7], "uv": [3, 57]},
						{"origin": [2.5, 0.75, 5], "size": [0, 3, 7], "uv": [20, 54]},
						{"origin": [-1.5, 1.25, 7], "size": [3, 2, 4], "uv": [30, 49]},
						{"origin": [-2.5, 0.75, 5], "size": [0, 3, 7], "uv": [20, 51]},
						{"origin": [-2.5, 3.75, 5], "size": [5, 0, 7], "uv": [-7, 57]}
					]
				},
				{
					"name": "head",
					"parent": "torso",
					"pivot": [0, 7, 0],
					"cubes": [
						{"origin": [-5.5, 7, -5], "size": [11, 8, 10], "uv": [0, 0]},
						{"origin": [5.5, 10, -0.5], "size": [3, 2, 0], "uv": [57, 21]},
						{"origin": [5.5, 10, -0.5], "size": [3, 0, 1], "uv": [56, 25]},
						{"origin": [5.5, 10, 0.5], "size": [3, 2, 0], "uv": [57, 23]},
						{"origin": [5.5, 12, -0.5], "size": [3, 0, 1], "uv": [56, 26]},
						{"origin": [8.5, 9.5, 0.5], "size": [4, 3, 0], "uv": [55, 13]},
						{"origin": [8.5, 9.5, -0.5], "size": [4, 0, 1], "uv": [54, 10]},
						{"origin": [8.5, 12.5, -0.5], "size": [4, 0, 1], "uv": [54, 11]},
						{"origin": [8.5, 9.5, -0.5], "size": [0, 3, 1], "uv": [51, 9]},
						{"origin": [12.5, 9.5, -0.5], "size": [0, 3, 1], "uv": [52, 12]},
						{"origin": [8.5, 9.5, -0.5], "size": [4, 3, 0], "uv": [55, 18]},
						{"origin": [9, 10, 0], "size": [3, 2, 0], "uv": [54, 16]},
						{"origin": [6, 12, -0.5], "size": [2, 2, 0], "uv": [53, 23]},
						{"origin": [6, 12, 0.5], "size": [2, 2, 0], "uv": [53, 25]},
						{"origin": [6, 8, -0.5], "size": [2, 2, 0], "uv": [60, 27]},
						{"origin": [6, 8, -0.5], "size": [2, 0, 1], "uv": [59, 31]},
						{"origin": [6, 14, -0.5], "size": [2, 0, 1], "uv": [55, 31]},
						{"origin": [-8, 14, -0.5], "size": [2, 0, 1], "uv": [55, 31]},
						{"origin": [6, 8, 0.5], "size": [2, 2, 0], "uv": [60, 29]},
						{"origin": [8, 8, -0.5], "size": [0, 2, 1], "uv": [62, 31]},
						{"origin": [8, 12, -0.5], "size": [0, 2, 1], "uv": [62, 31]},
						{"origin": [-8.5, 10, -0.5], "size": [3, 2, 0], "uv": [57, 21], "mirror": true},
						{"origin": [-8, 12, -0.5], "size": [2, 2, 0], "uv": [53, 23], "mirror": true},
						{"origin": [-8, 8, -0.5], "size": [2, 2, 0], "uv": [60, 27], "mirror": true},
						{"origin": [-12.5, 9.5, 0.5], "size": [4, 3, 0], "uv": [55, 13], "mirror": true},
						{"origin": [-12, 10, 0], "size": [3, 2, 0], "uv": [54, 16], "mirror": true},
						{"origin": [-12.5, 9.5, -0.5], "size": [4, 3, 0], "uv": [55, 18], "mirror": true},
						{"origin": [-12.5, 9.5, -0.5], "size": [0, 3, 1], "uv": [52, 12], "mirror": true},
						{"origin": [-12.5, 9.5, -0.5], "size": [4, 0, 1], "uv": [54, 10], "mirror": true},
						{"origin": [-12.5, 12.5, -0.5], "size": [4, 0, 1], "uv": [54, 11], "mirror": true},
						{"origin": [-8.5, 10, 0.5], "size": [3, 2, 0], "uv": [57, 23], "mirror": true},
						{"origin": [-8.5, 9.5, -0.5], "size": [0, 3, 1], "uv": [51, 9], "mirror": true},
						{"origin": [-8.5, 10, -0.5], "size": [3, 0, 1], "uv": [56, 25], "mirror": true},
						{"origin": [-8.5, 12, -0.5], "size": [3, 0, 1], "uv": [56, 26], "mirror": true},
						{"origin": [-8, 8, 0.5], "size": [2, 2, 0], "uv": [60, 29], "mirror": true},
						{"origin": [-8, 8, -0.5], "size": [2, 0, 1], "uv": [59, 31], "mirror": true},
						{"origin": [-8, 8, -0.5], "size": [0, 2, 1], "uv": [62, 31], "mirror": true},
						{"origin": [-8, 12, 0.5], "size": [2, 2, 0], "uv": [53, 25], "mirror": true},
						{"origin": [-8, 12, -0.5], "size": [0, 2, 1], "uv": [62, 31], "mirror": true},
						{"origin": [6, 8, -0.5], "size": [0, 2, 1], "uv": [60, 31]},
						{"origin": [6, 12, -0.5], "size": [0, 2, 1], "uv": [60, 31]},
						{"origin": [-6, 12, -0.5], "size": [0, 2, 1], "uv": [56, 31]},
						{"origin": [-6, 8, -0.5], "size": [0, 2, 1], "uv": [56, 31]}
					]
				},
				{
					"name": "mouth_open_wide",
					"parent": "head",
					"pivot": [0, -3, -3.4],
					"cubes": [
						{"origin": [-4.5, 7.5, -4.93], "size": [9, 3, 0], "uv": [16, 18]}
					]
				},
				{
					"name": "mouth_open_small",
					"parent": "head",
					"pivot": [-3, -3.25, -3.4],
					"cubes": [
						{"origin": [-1, 8, -4.93], "size": [2, 3, 0], "uv": [0, 6]}
					]
				},
				{
					"name": "mouth_closed",
					"parent": "head",
					"pivot": [0, -3, -3.5],
					"cubes": [
						{"origin": [-3.5, 8, -5.025], "size": [7, 1, 0], "uv": [32, 7]},
						{"origin": [-4.5, 8.5, -5.025], "size": [9, 1, 0], "uv": [16, 21]}
					]
				},
				{
					"name": "lefteye",
					"parent": "head",
					"pivot": [3.25, 12.25, -5.025],
					"cubes": [
						{"origin": [1.5, 10, -5.021], "size": [4, 4, 0], "uv": [0, 20]},
						{"origin": [3, 11.5, -5.022], "size": [1, 1, 0], "uv": [0, 0]}
					]
				},
				{
					"name": "righteye",
					"parent": "head",
					"pivot": [-3.25, 12.25, -5.025],
					"cubes": [
						{"origin": [-5.5, 10, -5.021], "size": [4, 4, 0], "uv": [0, 28]},
						{"origin": [-4, 11.5, -5.022], "size": [1, 1, 0], "uv": [0, 1]}
					]
				},
				{
					"name": "lefteyelid",
					"parent": "head",
					"pivot": [3.75, 11.75, -4.475],
					"cubes": [
						{"origin": [2.5, 11, -4.93], "size": [2, 2, 0], "inflate": 0.02, "uv": [0, 18]}
					]
				},
				{
					"name": "righteyelid",
					"parent": "head",
					"pivot": [-3.75, 11.75, -4.425],
					"cubes": [
						{"origin": [-4.5, 11, -4.93], "size": [2, 2, 0], "inflate": 0.02, "uv": [4, 7]}
					]
				},
				{
					"name": "gills_right",
					"parent": "head",
					"pivot": [-5.5, 10.25, 0]
				},
				{
					"name": "gills_left",
					"parent": "head",
					"pivot": [5.5, 10.25, 0]
				}
			]
		}
	]
}