{
	"format_version": "1.12.0",
	"minecraft:geometry": [
		{
			"description": {
				"identifier": "geometry.yanmellia",
				"texture_width": 128,
				"texture_height": 128,
				"visible_bounds_width": 6,
				"visible_bounds_height": 4.5,
				"visible_bounds_offset": [0, 1.75, 0]
			},
			"bones": [
				{
					"name": "yanmega",
					"pivot": [0, 0, 0]
				},
				{
					"name": "body",
					"parent": "yanmega",
					"pivot": [0, 11, -2],
					"cubes": [
						{"origin": [-4.5, 8, -8], "size": [9, 6, 12], "uv": [0, 37]}
					]
				},
				{
					"name": "head",
					"parent": "body",
					"pivot": [0, 11, -8],
					"cubes": [
						{"origin": [-5, 7.5, -16], "size": [10, 7, 8], "inflate": 0.02, "uv": [42, 36]},
						{"origin": [-0.5, 14.52, -16.03], "size": [1, 0, 3], "uv": [91, 25]},
						{"origin": [-0.5, 11.521, -16.03], "size": [1, 3, 0], "uv": [91, 25]},
						{"origin": [-2, 8.75, -17.5], "size": [4, 3, 2], "uv": [83, 43]},
						{"origin": [-5.5, 7.75, -16.5], "size": [4, 5, 8], "pivot": [0, 10.75, -12.5], "rotation": [2.5, 0, 0], "uv": [53, 17], "mirror": true},
						{"origin": [1.5, 7.75, -16.5], "size": [4, 5, 8], "pivot": [0, 10.75, -12.5], "rotation": [2.5, 0, 0], "uv": [53, 17]},
						{"origin": [-2.75, 7, -17.75], "size": [1, 3, 1], "pivot": [-2.25, 8.5, -17.25], "rotation": [2.5, 0, 0], "uv": [65, 7]},
						{"origin": [1.75, 7, -17.75], "size": [1, 3, 1], "pivot": [2.25, 8.5, -17.25], "rotation": [2.5, 0, 0], "uv": [55, 19]}
					]
				},
				{
					"name": "head_vine",
					"parent": "head",
					"pivot": [0, 14.5, -12],
					"cubes": [
						{"origin": [-1.5, 14.5, -12], "size": [3, 7, 3], "uv": [70, 7]},
						{"origin": [0, 15, -21], "size": [0, 5, 9], "uv": [85, -3]}
					]
				},
				{
					"name": "vine2",
					"parent": "head_vine",
					"pivot": [0, 21.5, -11.5],
					"cubes": [
						{"origin": [-1, 21.5, -11.5], "size": [2, 5, 2], "uv": [85, 16]},
						{"origin": [0, 22, -18.5], "size": [0, 3, 7], "uv": [43, 45]}
					]
				},
				{
					"name": "vine3",
					"parent": "vine2",
					"pivot": [0, 26.5, -11.5],
					"cubes": [
						{"origin": [-1, 26.5, -11.5], "size": [2, 5, 2], "uv": [93, 16]},
						{"origin": [0, 27, -18.5], "size": [0, 3, 7], "uv": [85, 4]}
					]
				},
				{
					"name": "vine4",
					"parent": "vine3",
					"pivot": [0, 31.5, -10.5],
					"cubes": [
						{"origin": [-0.5, 30.5, -11], "size": [1, 6, 1], "uv": [98, 25]},
						{"origin": [0, 31.5, -16], "size": [0, 2, 5], "uv": [85, 9]}
					]
				},
				{
					"name": "vine5",
					"parent": "vine4",
					"pivot": [0, 36.5, -10],
					"cubes": [
						{"origin": [-0.5, 36.5, -11], "size": [1, 5, 1], "uv": [79, 18]},
						{"origin": [0, 37.5, -16], "size": [0, 2, 5], "uv": [58, 47]}
					]
				},
				{
					"name": "vine6",
					"parent": "vine5",
					"pivot": [0, 41.5, -10],
					"cubes": [
						{"origin": [-0.5, 41.5, -11], "size": [1, 5, 1], "uv": [79, 25]},
						{"origin": [0, 43.5, -16], "size": [0, 2, 5], "uv": [69, 47]}
					]
				},
				{
					"name": "vine7",
					"parent": "vine6",
					"pivot": [0, 46.5, -10],
					"cubes": [
						{"origin": [-0.5, 46.5, -11], "size": [1, 5, 1], "uv": [60, 6]},
						{"origin": [0, 49.5, -16], "size": [0, 2, 5], "uv": [80, 47]}
					]
				},
				{
					"name": "vine8",
					"parent": "vine7",
					"pivot": [0, 51.5, -11],
					"cubes": [
						{"origin": [-0.5, 51.5, -11], "size": [1, 3, 3], "uv": [87, 30]}
					]
				},
				{
					"name": "jaw",
					"parent": "head",
					"pivot": [0, 8.75, -15.5],
					"cubes": [
						{"origin": [-2, 7.75, -17.5], "size": [4, 1, 2], "uv": [60, 31]}
					]
				},
				{
					"name": "wing_right1",
					"parent": "body",
					"pivot": [-3.75, 14, -4.5],
					"rotation": [0, -5, 2.5],
					"cubes": [
						{"origin": [-29.75, 14, -9], "size": [26, 0, 9], "uv": [-9, 9]}
					]
				},
				{
					"name": "wing_right2",
					"parent": "body",
					"pivot": [-3.75, 14, 0.5],
					"rotation": [0, 5, 0],
					"cubes": [
						{"origin": [-29.75, 14, -4], "size": [26, 0, 9], "uv": [-9, 0]}
					]
				},
				{
					"name": "wing_left1",
					"parent": "body",
					"pivot": [3.75, 14, -4.5],
					"rotation": [0, 5, -2.5],
					"cubes": [
						{"origin": [3.75, 14, -9], "size": [26, 0, 9], "uv": [-9, 27]}
					]
				},
				{
					"name": "wing_left2",
					"parent": "body",
					"pivot": [3.75, 14, 0.5],
					"rotation": [0, -5, 0],
					"cubes": [
						{"origin": [3.75, 14, -4], "size": [26, 0, 9], "uv": [-9, 18]}
					]
				},
				{
					"name": "leg_right1",
					"parent": "body",
					"pivot": [3.25, 8.5, -6.75],
					"cubes": [
						{"origin": [2.25, 4.5, -6.75], "size": [2, 4, 0], "uv": [55, 14]}
					]
				},
				{
					"name": "leg_right_joint1",
					"parent": "leg_right1",
					"pivot": [4.25, 4.5, -6.75],
					"cubes": [
						{"origin": [2.25, 0.5, -6.75], "size": [2, 4, 0], "inflate": 0.01, "uv": [79, 33]}
					]
				},
				{
					"name": "leg_right_foot1",
					"parent": "leg_right_joint1",
					"pivot": [3.25, 0.5, -6.75],
					"cubes": [
						{"origin": [1.75, -4.5, -6.75], "size": [3, 5, 0], "uv": [32, 73]},
						{"origin": [4.25, -3, -6.74], "size": [2, 4, 0], "uv": [79, 39]},
						{"origin": [0.25, -2, -6.74], "size": [2, 3, 0], "uv": [85, 25]}
					]
				},
				{
					"name": "leg_left1",
					"parent": "body",
					"pivot": [-3.25, 8.5, -6.75],
					"cubes": [
						{"origin": [-4.25, 4.5, -6.75], "size": [2, 4, 0], "uv": [55, 14], "mirror": true}
					]
				},
				{
					"name": "leg_left_joint1",
					"parent": "leg_left1",
					"pivot": [-4.25, 4.5, -6.75],
					"cubes": [
						{"origin": [-4.25, 0.5, -6.75], "size": [2, 4, 0], "inflate": 0.01, "uv": [79, 33], "mirror": true}
					]
				},
				{
					"name": "leg_left_foot1",
					"parent": "leg_left_joint1",
					"pivot": [-3.25, 0.5, -6.75],
					"cubes": [
						{"origin": [-4.75, -4.5, -6.75], "size": [3, 5, 0], "uv": [32, 73], "mirror": true},
						{"origin": [-6.25, -3, -6.74], "size": [2, 4, 0], "uv": [79, 39], "mirror": true},
						{"origin": [-2.25, -2, -6.74], "size": [2, 3, 0], "uv": [85, 25], "mirror": true}
					]
				},
				{
					"name": "leg_right2",
					"parent": "body",
					"pivot": [3.25, 8.5, -2.25],
					"cubes": [
						{"origin": [2.25, 4.5, -2.25], "size": [2, 4, 0], "uv": [55, 14]}
					]
				},
				{
					"name": "leg_right_joint2",
					"parent": "leg_right2",
					"pivot": [4.25, 4.5, -2.25],
					"cubes": [
						{"origin": [2.25, 0.5, -2.25], "size": [2, 4, 0], "inflate": 0.01, "uv": [79, 33]}
					]
				},
				{
					"name": "leg_right_foot2",
					"parent": "leg_right_joint2",
					"pivot": [3.25, 0.5, -2.25],
					"cubes": [
						{"origin": [1.75, -4.5, -2.25], "size": [3, 5, 0], "uv": [32, 73]},
						{"origin": [4.25, -3, -2.24], "size": [2, 4, 0], "uv": [79, 39]},
						{"origin": [0.25, -2, -2.24], "size": [2, 3, 0], "uv": [85, 25]}
					]
				},
				{
					"name": "leg_left2",
					"parent": "body",
					"pivot": [-3.25, 8.5, -2.25],
					"cubes": [
						{"origin": [-4.25, 4.5, -2.25], "size": [2, 4, 0], "uv": [55, 14], "mirror": true}
					]
				},
				{
					"name": "leg_left_joint2",
					"parent": "leg_left2",
					"pivot": [-4.25, 4.5, -2.25],
					"cubes": [
						{"origin": [-4.25, 0.5, -2.25], "size": [2, 4, 0], "inflate": 0.01, "uv": [79, 33], "mirror": true}
					]
				},
				{
					"name": "leg_left_foot2",
					"parent": "leg_left_joint2",
					"pivot": [-3.25, 0.5, -2.25],
					"cubes": [
						{"origin": [-4.75, -4.5, -2.25], "size": [3, 5, 0], "uv": [32, 73], "mirror": true},
						{"origin": [-6.25, -3, -2.24], "size": [2, 4, 0], "uv": [79, 39], "mirror": true},
						{"origin": [-2.25, -2, -2.24], "size": [2, 3, 0], "uv": [85, 25], "mirror": true}
					]
				},
				{
					"name": "leg_right3",
					"parent": "body",
					"pivot": [3.25, 8.5, 2.25],
					"cubes": [
						{"origin": [2.25, 4.5, 2.25], "size": [2, 4, 0], "uv": [55, 14]}
					]
				},
				{
					"name": "leg_right_joint3",
					"parent": "leg_right3",
					"pivot": [4.25, 4.5, 2.25],
					"cubes": [
						{"origin": [2.25, 0.5, 2.25], "size": [2, 4, 0], "inflate": 0.01, "uv": [79, 33]}
					]
				},
				{
					"name": "leg_right_foot3",
					"parent": "leg_right_joint3",
					"pivot": [3.25, 0.5, 2.25],
					"cubes": [
						{"origin": [1.75, -4.5, 2.25], "size": [3, 5, 0], "uv": [32, 73]},
						{"origin": [4.25, -3, 2.26], "size": [2, 4, 0], "uv": [79, 39]},
						{"origin": [0.25, -2, 2.26], "size": [2, 3, 0], "uv": [85, 25]}
					]
				},
				{
					"name": "leg_left3",
					"parent": "body",
					"pivot": [-3.25, 8.5, 2.25],
					"cubes": [
						{"origin": [-4.25, 4.5, 2.25], "size": [2, 4, 0], "uv": [55, 14], "mirror": true}
					]
				},
				{
					"name": "leg_left_joint3",
					"parent": "leg_left3",
					"pivot": [-4.25, 4.5, 2.25],
					"cubes": [
						{"origin": [-4.25, 0.5, 2.25], "size": [2, 4, 0], "inflate": 0.01, "uv": [79, 33], "mirror": true}
					]
				},
				{
					"name": "leg_left_foot3",
					"parent": "leg_left_joint3",
					"pivot": [-3.25, 0.5, 2.25],
					"cubes": [
						{"origin": [-4.75, -4.5, 2.25], "size": [3, 5, 0], "uv": [53, 6], "mirror": true},
						{"origin": [-6.25, -3, 2.26], "size": [2, 4, 0], "uv": [79, 39], "mirror": true},
						{"origin": [-2.25, -2, 2.26], "size": [2, 3, 0], "uv": [85, 25], "mirror": true}
					]
				},
				{
					"name": "tail1",
					"parent": "body",
					"pivot": [0, 12.5, 4],
					"cubes": [
						{"origin": [-3, 9.5, 3], "size": [6, 3, 7], "uv": [102, 39]}
					]
				},
				{
					"name": "tail2",
					"parent": "tail1",
					"pivot": [0, 12.5, 10],
					"cubes": [
						{"origin": [-2.5, 9.5, 10], "size": [5, 3, 6], "inflate": 0.01, "uv": [106, 9]}
					]
				},
				{
					"name": "tail3",
					"parent": "tail2",
					"pivot": [0, 12.5, 16],
					"cubes": [
						{"origin": [-2.5, 9.5, 16], "size": [5, 3, 6], "uv": [106, 0]}
					]
				},
				{
					"name": "tail4",
					"parent": "tail3",
					"pivot": [0, 9.5, 22],
					"cubes": [
						{"origin": [-2, 9.5, 22], "size": [4, 3, 6], "uv": [108, 29]}
					]
				},
				{
					"name": "tail5",
					"parent": "tail4",
					"pivot": [0, 9.5, 28],
					"cubes": [
						{"origin": [-1.5, 9.5, 28], "size": [3, 3, 6], "uv": [90, 33]}
					]
				},
				{
					"name": "tail_fin",
					"parent": "tail5",
					"pivot": [0, 12.5, 31]
				},
				{
					"name": "wing_right",
					"parent": "tail5",
					"pivot": [-3, 11, 31],
					"cubes": [
						{"origin": [-12.5, 11, 28.5], "size": [11, 0, 5], "uv": [47, 0]}
					]
				},
				{
					"name": "wing_left",
					"parent": "tail5",
					"pivot": [0.5, 11, 31],
					"cubes": [
						{"origin": [1.5, 11, 28.5], "size": [11, 0, 5], "uv": [69, 0]}
					]
				},
				{
					"name": "tail_end_right",
					"parent": "tail5",
					"pivot": [1, 11, 34],
					"cubes": [
						{"origin": [-5, 11, 34], "size": [10, 0, 10], "uv": [98, 19]}
					]
				}
			]
		}
	]
}