{
	"format_version": "1.12.0",
	"minecraft:geometry": [
		{
			"description": {
				"identifier": "geometry.volcanion",
				"texture_width": 256,
				"texture_height": 188,
				"visible_bounds_width": 16,
				"visible_bounds_height": 6.5,
				"visible_bounds_offset": [0, 2.75, 0]
			},
			"bones": [
				{
					"name": "volcanion",
					"pivot": [0, 0, 0]
				},
				{
					"name": "body",
					"parent": "volcanion",
					"pivot": [0, 22, -10.71916]
				},
				{
					"name": "legs_front",
					"parent": "body",
					"pivot": [35.04357, 22.5, -11]
				},
				{
					"name": "leg_frontright",
					"parent": "legs_front",
					"pivot": [-16.04357, 19, -11],
					"cubes": [
						{"origin": [-20.04357, 15, -15.5], "size": [6, 8, 9], "uv": [68, 73]}
					]
				},
				{
					"name": "leg_frontright2",
					"parent": "leg_frontright",
					"pivot": [-17.54357, 18, -11],
					"rotation": [0, 0, -47.5],
					"cubes": [
						{"origin": [-26.83173, 18.02677, -13.5], "size": [11, 4, 5], "uv": [108, 62]}
					]
				},
				{
					"name": "leg_frontright3",
					"parent": "leg_frontright2",
					"pivot": [-26, 20, -11.21916],
					"rotation": [0, 0, 47.5],
					"cubes": [
						{"origin": [-35.506, 6.95104, -16.5], "size": [11, 15, 11], "uv": [148, 46]},
						{"origin": [-37.85718, 21.42559, -13.5], "size": [5, 7, 5], "pivot": [-31.006, 23.45104, -11], "rotation": [0, 0, -47.5], "uv": [236, 48]},
						{"origin": [-33.506, 6.95104, -23.5], "size": [0, 5, 7], "uv": [148, 65]},
						{"origin": [-29.756, 6.95104, -23.5], "size": [0, 5, 7], "uv": [162, 65]},
						{"origin": [-26.506, 6.95104, -23.5], "size": [0, 5, 7], "uv": [176, 65]}
					]
				},
				{
					"name": "leg_frontleft",
					"parent": "legs_front",
					"pivot": [16.04357, 19, -11],
					"cubes": [
						{"origin": [14, 15, -15.46916], "size": [6, 8, 9], "uv": [98, 73]}
					]
				},
				{
					"name": "leg_frontleft2",
					"parent": "leg_frontleft",
					"pivot": [18.04357, 18, -11],
					"rotation": [0, 0, 47.5],
					"cubes": [
						{"origin": [16, 17.75, -13.46916], "size": [11, 4, 5], "uv": [108, 53]}
					]
				},
				{
					"name": "leg_frontleft3",
					"parent": "leg_frontleft2",
					"pivot": [26, 20, -10.96916],
					"rotation": [0, 0, -47.5],
					"cubes": [
						{"origin": [24.61995, 6.46767, -16.46916], "size": [11, 15, 11], "uv": [192, 46]},
						{"origin": [32.86995, 20.56767, -13.46916], "size": [5, 7, 5], "pivot": [31.11624, 22.93804, -11], "rotation": [0, 0, 47.5], "uv": [236, 72]},
						{"origin": [33.61995, 6.46767, -23.46916], "size": [0, 5, 7], "uv": [218, 65]},
						{"origin": [29.96995, 6.46767, -23.46916], "size": [0, 5, 7], "uv": [204, 65]},
						{"origin": [26.61995, 6.46767, -23.46916], "size": [0, 5, 7], "uv": [190, 65]}
					]
				},
				{
					"name": "torso",
					"parent": "body",
					"pivot": [0.01697, 26.89286, -7.69034],
					"cubes": [
						{"origin": [-8.5, 31, -17.46916], "size": [17, 14, 13], "uv": [0, 0]},
						{"origin": [-3.5, 45, -14.46916], "size": [7, 8, 7], "uv": [201, 145]},
						{"origin": [-12.5, 35, -10.96916], "size": [25, 21, 0], "uv": [193, 0]},
						{"origin": [-12.75, 35, -10.81916], "size": [25, 21, 0], "pivot": [-0.16857, 45.5, -11], "rotation": [0, 90, 0], "uv": [143, 0]},
						{"origin": [-12.725, 6, -10.81916], "size": [25, 8, 0], "pivot": [-0.16857, 3.5, -11], "rotation": [0, 90, 0], "uv": [193, 21]},
						{"origin": [-12.5, 6, -10.96916], "size": [25, 8, 0], "uv": [143, 21]},
						{"origin": [-14.5, 14, -23.46916], "size": [29, 21, 25], "uv": [0, 27]},
						{"origin": [-9.5, 10, -18.46916], "size": [19, 4, 15], "uv": [0, 73]},
						{"origin": [12.5, 15, -24.46916], "size": [3, 7, 3], "uv": [0, 32]},
						{"origin": [-15.54357, 15, -24.5], "size": [3, 7, 3], "uv": [12, 32]},
						{"origin": [-15.54357, 15, -0.5], "size": [3, 7, 3], "uv": [0, 42]},
						{"origin": [12.45643, 15, -0.5], "size": [3, 7, 3], "uv": [12, 42]}
					]
				},
				{
					"name": "neck",
					"parent": "torso",
					"pivot": [-0.04357, 24.5, -23.5],
					"cubes": [
						{"origin": [-5.54357, 20, -25.5], "size": [11, 10, 2], "uv": [121, 99]}
					]
				},
				{
					"name": "head",
					"parent": "neck",
					"pivot": [0, 24, -25.71916]
				},
				{
					"name": "head_bot",
					"parent": "head",
					"pivot": [-0.01452, 21.72222, -26.09934],
					"cubes": [
						{"origin": [-6.54357, 20, -32], "size": [13, 4, 7], "inflate": 0.0011, "uv": [80, 92]},
						{"origin": [6.33143, 23.75, -31.65], "size": [0, 1, 6], "inflate": 0.001, "pivot": [6.33143, 24.25, -31.65], "rotation": [0, -2.5, 0], "uv": [30, 120]},
						{"origin": [-6.33143, 23.75, -31.65], "size": [0, 1, 6], "inflate": 0.001, "pivot": [-6.33143, 24.25, -31.65], "rotation": [0, 2.5, 0], "uv": [0, 120]},
						{"origin": [5.45643, 20, -29], "size": [2, 5, 3], "inflate": 0.002, "uv": [43, 109]},
						{"origin": [7.45643, 20, -27.5], "size": [3, 4, 0], "uv": [37, 113]},
						{"origin": [-7.45643, 20, -29], "size": [2, 5, 3], "inflate": 0.002, "uv": [27, 109]},
						{"origin": [-10.45643, 20, -27.5], "size": [3, 4, 0], "inflate": 0.001, "uv": [37, 109]}
					]
				},
				{
					"name": "head_bot2",
					"parent": "head_bot",
					"pivot": [0.13105, 22, -31.81066],
					"cubes": [
						{"origin": [-4.54357, 20, -36.5], "size": [9, 4, 9], "inflate": 0.001, "pivot": [-0.04357, 24.5, -32], "rotation": [0, -45, 0], "uv": [78, 103]},
						{"origin": [-0.04357, 20, -42], "size": [0, 3, 5], "uv": [15, 101]},
						{"origin": [-4.29357, 23.75, -36.25], "size": [9, 1, 0], "inflate": 0.001, "pivot": [-0.04357, 24.25, -32], "rotation": [0, -45, 0], "uv": [18, 128]},
						{"origin": [-4.29357, 23.75, -36.25], "size": [0, 1, 9], "inflate": 0.001, "pivot": [-0.04357, 24.25, -32], "rotation": [0, -45, 0], "uv": [12, 117]},
						{"origin": [-6.38105, 20, -34.97487], "size": [0, 3, 4], "pivot": [-6.38105, 22, -32.06066], "rotation": [0, 65, 0], "uv": [53, 105]},
						{"origin": [6.38105, 20, -34.97487], "size": [0, 3, 4], "pivot": [6.38105, 22, -32.06066], "rotation": [0, -65, 0], "uv": [61, 105]}
					]
				},
				{
					"name": "head_top",
					"parent": "head",
					"pivot": [-4.95643, 28, -28],
					"cubes": [
						{"origin": [6.33143, 22.25, -31.65], "size": [0, 2, 6], "inflate": 0.002, "uv": [0, 118]},
						{"origin": [-4.29357, 22.25, -36.25], "size": [9, 2, 0], "inflate": 0.002, "pivot": [-0.04357, 23.75, -32], "rotation": [0, -45, 0], "uv": [0, 128]},
						{"origin": [-3.22555, 22.25, -39.32843], "size": [0, 2, 9], "inflate": 0.002, "pivot": [-3.22555, 23.25, -34.82843], "rotation": [0, -42.5, 0], "uv": [12, 115]},
						{"origin": [-6.33143, 22.25, -31.65], "size": [0, 2, 6], "inflate": 0.002, "uv": [30, 118]},
						{"origin": [-4.54357, 24, -37], "size": [9, 6, 9], "inflate": 0.003, "pivot": [-0.04357, 25.5, -32.5], "rotation": [0, -45, 0], "uv": [0, 109]},
						{"origin": [-7.6, 29, -35.39914], "size": [7, 2, 0], "pivot": [-3.56268, 27, -35.39914], "rotation": [7.37375, 45, 10.45685], "uv": [55, 78]},
						{"origin": [-0.5, 29, -35.39914], "size": [8, 2, 0], "pivot": [3.56268, 27, -35.39914], "rotation": [7.31253, -45, -10.36836], "uv": [54, 73]},
						{"origin": [-7.6, 28, -35.64914], "size": [8, 1, 1], "inflate": 0.003, "pivot": [-3.56268, 27, -35.39914], "rotation": [7.43656, 44.5119, 10.54684], "uv": [53, 80]},
						{"origin": [-0.5, 28, -35.64914], "size": [8, 1, 1], "inflate": 0.003, "pivot": [3.56268, 27, -35.39914], "rotation": [7.43656, -44.5119, -10.54684], "uv": [53, 75]},
						{"origin": [-4.54357, 23, -37], "size": [1, 1, 0], "inflate": 0.003, "pivot": [-0.04357, 25.5, -32.5], "rotation": [0, -45, 0], "uv": [9, 130]},
						{"origin": [2.45643, 21, -37], "size": [2, 3, 0], "inflate": 0.003, "pivot": [-0.04357, 25.5, -32.5], "rotation": [0, -45, 0], "uv": [36, 118]},
						{"origin": [-4.54357, 23, -37], "size": [0, 1, 1], "inflate": 0.003, "pivot": [-0.04357, 25.5, -32.5], "rotation": [0, -45, 0], "uv": [7, 129]},
						{"origin": [-4.54357, 21, -30], "size": [0, 3, 2], "inflate": 0.003, "pivot": [-0.04357, 25.5, -32.5], "rotation": [0, -45, 0], "uv": [36, 119]},
						{"origin": [-6.54357, 24, -32.5], "size": [13, 6, 7], "inflate": 0.0035, "uv": [0, 92]},
						{"origin": [2.45643, 26, -31.5], "size": [4, 11, 6], "inflate": 0.003, "pivot": [4.95643, 28, -28], "rotation": [-10, 0, 55], "uv": [60, 92]},
						{"origin": [-6.45643, 26, -31.5], "size": [4, 11, 6], "inflate": 0.003, "pivot": [-4.95643, 28, -28], "rotation": [-10, 0, -55], "uv": [40, 92]}
					]
				},
				{
					"name": "eyes",
					"parent": "head_top",
					"pivot": [-3.56268, 27, -35.39914]
				},
				{
					"name": "eyes_left",
					"parent": "eyes",
					"pivot": [3.56268, 27, -35.39914],
					"cubes": [
						{"origin": [0.5, 25, -35.49914], "size": [7, 4, 0], "pivot": [3.56268, 27, -35.39914], "rotation": [7.08267, -45, -10.02835], "uv": [0, 105]}
					]
				},
				{
					"name": "eyes_close_left",
					"parent": "eyes",
					"pivot": [2.56268, 27, -35.39914],
					"cubes": [
						{"origin": [0.56268, 25, -35.39914], "size": [7, 4, 0], "pivot": [2.56268, 27, -35.39914], "rotation": [7.43656, -44.5119, -10.54684], "uv": [78, 116]}
					]
				},
				{
					"name": "eyes_right",
					"parent": "eyes",
					"pivot": [-3.56268, 27, -35.39914],
					"cubes": [
						{"origin": [-7.6, 25, -35.49914], "size": [7, 4, 0], "pivot": [-3.56268, 27, -35.39914], "rotation": [7.31253, 45, 10.36836], "uv": [26, 105]}
					]
				},
				{
					"name": "eyes_close_right",
					"parent": "eyes",
					"pivot": [-2.56268, 27, -35.39914],
					"cubes": [
						{"origin": [-6.56268, 25, -35.39914], "size": [7, 4, 0], "pivot": [-2.56268, 27, -35.39914], "rotation": [7.43656, 44.5119, 10.54684], "uv": [78, 121]}
					]
				},
				{
					"name": "waist",
					"parent": "torso",
					"pivot": [-0.04357, 22, 1.5],
					"cubes": [
						{"origin": [-7.54357, 16, 1], "size": [15, 12, 5], "uv": [109, 111]}
					]
				},
				{
					"name": "hip",
					"parent": "waist",
					"pivot": [-0.04357, 21.5, 5.5],
					"cubes": [
						{"origin": [-5.48772, 29, 12.08143], "size": [11, 10, 0], "uv": [75, 2]},
						{"origin": [-28.75, 29, -10.81916], "size": [11, 10, 0], "pivot": [-0.16857, 45.5, -11], "rotation": [0, 90, 0], "uv": [53, 2]},
						{"origin": [-8.54357, 14, 5.5], "size": [17, 15, 13], "uv": [83, 14]},
						{"origin": [-4.54357, 27, 7.5], "size": [9, 6, 9], "uv": [60, 12]},
						{"origin": [-5.54357, 12, 7.5], "size": [11, 2, 9], "uv": [108, 42]}
					]
				},
				{
					"name": "leg_backright_joint",
					"parent": "hip",
					"pivot": [-8.54357, 17, 12]
				},
				{
					"name": "leg_backright",
					"parent": "leg_backright_joint",
					"pivot": [-8.54357, 17, 12],
					"rotation": [0, 0, -47.5],
					"cubes": [
						{"origin": [-14.72989, 15.12189, 9.5], "size": [11, 4, 5], "uv": [119, 73]}
					]
				},
				{
					"name": "leg_backright2",
					"parent": "leg_backright",
					"pivot": [-14.18525, 16.97952, 11.6],
					"rotation": [0, 0, 47.5],
					"cubes": [
						{"origin": [-23.72989, 4.12189, 6.5], "size": [11, 15, 11], "uv": [148, 77]},
						{"origin": [-26.72989, 17.12189, 9.5], "size": [5, 7, 5], "pivot": [-21.22989, 20.62189, 12], "rotation": [0, 0, -47.5], "uv": [236, 60]},
						{"origin": [-21.72989, 4.12189, -0.5], "size": [0, 5, 7], "uv": [148, 96]},
						{"origin": [-17.97989, 4.12189, -0.5], "size": [0, 5, 7], "uv": [162, 96]},
						{"origin": [-14.72989, 4.12189, -0.5], "size": [0, 5, 7], "uv": [176, 96]}
					]
				},
				{
					"name": "leg_backleft_joint",
					"parent": "hip",
					"pivot": [8.54357, 17, 12]
				},
				{
					"name": "leg_backleft",
					"parent": "leg_backleft_joint",
					"pivot": [8.54357, 17, 12],
					"rotation": [0, 0, 47.5],
					"cubes": [
						{"origin": [3.72989, 15.12189, 9.5], "size": [11, 4, 5], "uv": [116, 90]}
					]
				},
				{
					"name": "leg_backleft2",
					"parent": "leg_backleft",
					"pivot": [14.18525, 16.97952, 11.6],
					"rotation": [0, 0, -47.5],
					"cubes": [
						{"origin": [12.72989, 4.12189, 6.5], "size": [11, 15, 11], "uv": [191, 77]},
						{"origin": [21.72989, 17.37189, 9.5], "size": [5, 7, 5], "pivot": [21.22989, 20.62189, 12], "rotation": [0, 0, 47.5], "uv": [236, 84]},
						{"origin": [21.72989, 4.12189, -0.5], "size": [0, 5, 7], "uv": [218, 96]},
						{"origin": [17.97989, 4.12189, -0.5], "size": [0, 5, 7], "uv": [204, 96]},
						{"origin": [14.72989, 4.12189, -0.5], "size": [0, 5, 7], "uv": [190, 96]}
					]
				},
				{
					"name": "tail",
					"parent": "hip",
					"pivot": [-0.04357, 21.5, 18.5],
					"cubes": [
						{"origin": [-4.54357, 17, 18.5], "size": [9, 9, 8], "uv": [143, 29]}
					]
				},
				{
					"name": "tail2",
					"parent": "tail",
					"pivot": [-0.04357, 23.37993, 26.40363],
					"cubes": [
						{"origin": [-2.54357, 18, 25.5], "size": [5, 7, 10], "uv": [177, 29]},
						{"origin": [-2.54357, 24, 25.5], "size": [5, 3, 8], "inflate": 0.1, "pivot": [-0.04357, 24.5, 30.5], "rotation": [12.5, 0, 0], "uv": [207, 29]}
					]
				},
				{
					"name": "tail3",
					"parent": "tail2",
					"pivot": [-0.04357, 22.5, 35.5],
					"cubes": [
						{"origin": [-1.54357, 20, 34.5], "size": [3, 5, 10], "uv": [230, 30]}
					]
				},
				{
					"name": "arms",
					"parent": "torso",
					"pivot": [35.04357, 22.5, -11]
				},
				{
					"name": "arm_left",
					"parent": "arms",
					"pivot": [13.5, 31, -10.96916],
					"cubes": [
						{"origin": [12.5, 27.5, -15.46916], "size": [2, 9, 9], "inflate": 0.2, "uv": [149, 108]},
						{"origin": [9.5, 27.5, -15.46916], "size": [3, 9, 9], "uv": [61, 116]}
					]
				},
				{
					"name": "arm_left2",
					"parent": "arm_left",
					"pivot": [14.25, 31.75, -10.96916],
					"cubes": [
						{"origin": [19.5, 25.5, -14.46916], "size": [7, 4, 7], "uv": [144, 144]},
						{"origin": [14.5, 27.5, -15.46916], "size": [9, 9, 9], "inflate": 0.025, "uv": [0, 134]}
					]
				},
				{
					"name": "hole_left1",
					"parent": "arm_left2",
					"pivot": [23.5, 32, -15.56916],
					"cubes": [
						{"origin": [19, 28, -15.56916], "size": [8, 8, 0], "uv": [27, 153]}
					]
				},
				{
					"name": "arm_left3",
					"parent": "arm_left2",
					"pivot": [23.5, 32, -10.96916],
					"cubes": [
						{"origin": [23.5, 27.5, -15.46916], "size": [9, 9, 9], "inflate": 0.026, "uv": [36, 134]}
					]
				},
				{
					"name": "bone",
					"parent": "arm_left3",
					"pivot": [15, 32.95643, -11]
				},
				{
					"name": "arm_left4",
					"parent": "arm_left3",
					"pivot": [33.5, 32, -10.96916],
					"cubes": [
						{"origin": [32.5, 27.5, -15.46916], "size": [2, 9, 9], "inflate": 0.2, "uv": [171, 108]}
					]
				},
				{
					"name": "arm_left5",
					"parent": "arm_left4",
					"pivot": [34.5, 32, -10.96916],
					"cubes": [
						{"origin": [34.5, 27.5, -15.46916], "size": [9, 9, 9], "inflate": 0.05, "uv": [0, 152]},
						{"origin": [39.5, 25.5, -14.46916], "size": [7, 4, 7], "uv": [144, 155]}
					]
				},
				{
					"name": "hole_left2",
					"parent": "arm_left5",
					"pivot": [43.5, 32, -15.56916],
					"cubes": [
						{"origin": [39, 28, -15.56916], "size": [8, 8, 0], "uv": [63, 153]}
					]
				},
				{
					"name": "arm_left6",
					"parent": "arm_left5",
					"pivot": [43.5, 32, -10.96916],
					"cubes": [
						{"origin": [43.5, 27.5, -15.46916], "size": [9, 9, 9], "inflate": 0.055, "uv": [36, 152]}
					]
				},
				{
					"name": "arm_left7",
					"parent": "arm_left6",
					"pivot": [53.5, 32, -10.96916],
					"cubes": [
						{"origin": [52.5, 27.5, -15.46916], "size": [2, 9, 9], "inflate": 0.2, "uv": [193, 108]}
					]
				},
				{
					"name": "arm_left8",
					"parent": "arm_left7",
					"pivot": [53.75, 32.25, -10.96916],
					"cubes": [
						{"origin": [54.5, 27.5, -15.46916], "size": [13, 9, 9], "inflate": 0.102, "uv": [0, 170]},
						{"origin": [59.5, 25.5, -14.46916], "size": [7, 4, 7], "uv": [144, 166]}
					]
				},
				{
					"name": "hole_left3",
					"parent": "arm_left8",
					"pivot": [63.5, 32, -15.56916],
					"cubes": [
						{"origin": [59, 28, -15.66916], "size": [8, 8, 0], "uv": [99, 153]}
					]
				},
				{
					"name": "arm_left9",
					"parent": "arm_left8",
					"pivot": [67.5, 32.27713, -10.97696],
					"cubes": [
						{"origin": [67.5, 27.5, -15.46916], "size": [5, 9, 9], "inflate": 0.106, "uv": [44, 170]},
						{"origin": [69.5, 14.125, 12.53084], "size": [5, 3, 2], "inflate": 0.01, "pivot": [40.76955, -13.00551, -15.5], "rotation": [45, 0, 0], "uv": [63, 138]},
						{"origin": [69.5, 14.15, -36.46916], "size": [5, 3, 2], "inflate": 0.01, "pivot": [40.76955, -13.00551, -6.5], "rotation": [-45, 0, 0], "uv": [27, 133]},
						{"origin": [69.5, 36.6, -12.5], "size": [5, 2, 3], "inflate": 0.01, "uv": [27, 138]}
					]
				},
				{
					"name": "arm_right",
					"parent": "arms",
					"pivot": [-13.5, 31, -10.96916],
					"cubes": [
						{"origin": [-14.5, 27.5, -15.46916], "size": [2, 9, 9], "inflate": 0.2, "uv": [149, 126], "mirror": true},
						{"origin": [-12.5, 27.5, -15.46916], "size": [3, 9, 9], "uv": [85, 116], "mirror": true}
					]
				},
				{
					"name": "arm_right2",
					"parent": "arm_right",
					"pivot": [-14.25, 31.75, -10.96916],
					"cubes": [
						{"origin": [-27, 25.5, -14.46916], "size": [7, 4, 7], "uv": [172, 144], "mirror": true},
						{"origin": [-23.5, 27.5, -15.46916], "size": [9, 9, 9], "inflate": 0.025, "uv": [72, 134], "mirror": true}
					]
				},
				{
					"name": "hole_right1",
					"parent": "arm_right2",
					"pivot": [-23.5, 32, -15.56916],
					"cubes": [
						{"origin": [-27, 28, -15.56916], "size": [8, 8, 0], "uv": [35, 171], "mirror": true}
					]
				},
				{
					"name": "arm_right3",
					"parent": "arm_right2",
					"pivot": [-23.5, 32, -10.96916],
					"cubes": [
						{"origin": [-32.5, 27.5, -15.46916], "size": [9, 9, 9], "inflate": 0.025, "uv": [108, 134], "mirror": true}
					]
				},
				{
					"name": "arm_right4",
					"parent": "arm_right3",
					"pivot": [-33.5, 32, -10.96916],
					"cubes": [
						{"origin": [-34.5, 27.5, -15.46916], "size": [2, 9, 9], "inflate": 0.2, "uv": [171, 126], "mirror": true}
					]
				},
				{
					"name": "arm_right5",
					"parent": "arm_right4",
					"pivot": [-34.5, 32, -10.96916],
					"cubes": [
						{"origin": [-43.5, 27.5, -15.46916], "size": [9, 9, 9], "inflate": 0.05, "uv": [72, 152], "mirror": true},
						{"origin": [-46.5, 25.5, -14.46916], "size": [7, 4, 7], "uv": [172, 155], "mirror": true}
					]
				},
				{
					"name": "hole_right2",
					"parent": "arm_right5",
					"pivot": [-43.5, 32, -15.56916],
					"cubes": [
						{"origin": [-47, 28, -15.56916], "size": [8, 8, 0], "uv": [63, 171], "mirror": true}
					]
				},
				{
					"name": "arm_right6",
					"parent": "arm_right5",
					"pivot": [-43.5, 32, -10.96916],
					"cubes": [
						{"origin": [-52.5, 27.5, -15.46916], "size": [9, 9, 9], "inflate": 0.05, "uv": [108, 152], "mirror": true}
					]
				},
				{
					"name": "arm_right7",
					"parent": "arm_right6",
					"pivot": [-53.5, 32, -10.96916],
					"cubes": [
						{"origin": [-54.5, 27.5, -15.46916], "size": [2, 9, 9], "inflate": 0.2, "uv": [193, 126], "mirror": true}
					]
				},
				{
					"name": "arm_right8",
					"parent": "arm_right7",
					"pivot": [-53.75, 32.25, -10.96916],
					"cubes": [
						{"origin": [-67.5, 27.5, -15.46916], "size": [13, 9, 9], "inflate": 0.101, "uv": [72, 170], "mirror": true},
						{"origin": [-66.5, 25.5, -14.46916], "size": [7, 4, 7], "uv": [172, 166], "mirror": true}
					]
				},
				{
					"name": "hole_right3",
					"parent": "arm_right8",
					"pivot": [-63.5, 32, -15.56916],
					"cubes": [
						{"origin": [-67, 28, -15.76916], "size": [8, 8, 0], "uv": [107, 171], "mirror": true}
					]
				},
				{
					"name": "arm_right9",
					"parent": "arm_right8",
					"pivot": [-67.5, 32.27713, -10.97696],
					"cubes": [
						{"origin": [-72.5, 27.5, -15.46916], "size": [5, 9, 9], "inflate": 0.1, "uv": [116, 170], "mirror": true},
						{"origin": [-74.5, 14.125, 12.53084], "size": [5, 3, 2], "pivot": [-40.76955, -13.00551, -15.5], "rotation": [45, 0, 0], "uv": [45, 119], "mirror": true},
						{"origin": [-74.5, 14.15, -36.46916], "size": [5, 3, 2], "pivot": [-40.76955, -13.00551, -6.5], "rotation": [-45, 0, 0], "uv": [45, 124], "mirror": true},
						{"origin": [-74.5, 36.6, -12.5], "size": [5, 2, 3], "uv": [45, 129], "mirror": true}
					]
				}
			]
		}
	]
}