{
	"format_version": "1.12.0",
	"minecraft:geometry": [
		{
			"description": {
				"identifier": "geometry.unknown",
				"texture_width": 128,
				"texture_height": 128,
				"visible_bounds_width": 4,
				"visible_bounds_height": 2.5,
				"visible_bounds_offset": [0, 0.75, 0]
			},
			"bones": [
				{
					"name": "zacian",
					"pivot": [0, 0, 0],
					"cubes": [
						{"origin": [-3, 9, -1], "size": [6, 4, 11], "uv": [0, 11]},
						{"origin": [-4, 8, -8], "size": [8, 6, 7], "uv": [0, 26]},
						{"origin": [-3, 6.23956, -8.02788], "size": [6, 5, 7], "pivot": [0, 16, 1], "rotation": [-35, 0, 0], "uv": [33, 4]},
						{"origin": [-4, 6.73956, 0.87212], "size": [8, 3, 3], "pivot": [0, 16, 1], "rotation": [-100, 0, 0], "uv": [45, 58]},
						{"origin": [2.2, 6.63956, -0.12788], "size": [2, 1, 3], "pivot": [0, 16, 1], "rotation": [-90, -10, 0], "uv": [83, 12]},
						{"origin": [-2.2, 5.23956, -0.12788], "size": [3, 1, 3], "pivot": [-1, 16, 1], "rotation": [-90, -45, 0], "uv": [76, 76]},
						{"origin": [-3.1, 5.23956, -0.12788], "size": [9, 1, 3], "pivot": [-1, 16, 1], "rotation": [-90, -65, 0], "uv": [24, 55]},
						{"origin": [-1.4, 5.33956, -2.62788], "size": [5, 1, 3], "pivot": [-1, 16, 1], "rotation": [-90, -65, 0], "uv": [73, 59]},
						{"origin": [-2.4, 5.33956, 2.37212], "size": [7, 1, 4], "pivot": [-1, 16, 1], "rotation": [-90, -65, 0], "uv": [0, 59]},
						{"origin": [-2.4, 4.53956, 5.37212], "size": [5, 1, 3], "pivot": [-1, 15, 1], "rotation": [-90, -65, 0], "uv": [58, 38]},
						{"origin": [-1.6, 5.33956, -1.72788], "size": [3, 1, 3], "pivot": [-1, 16, 1], "rotation": [-32.31223, -37.75546, -68.83069], "uv": [75, 34]},
						{"origin": [-0.1, 5.23956, -8.02788], "size": [2, 1, 3], "pivot": [-1, 16, 1], "rotation": [-153.94427, -15.81499, 82.40999], "uv": [82, 8]},
						{"origin": [3.5, 5.23956, -6.72788], "size": [1, 1, 3], "pivot": [-1, 16, 1], "rotation": [-150.34902, -31.3213, 73.51543], "uv": [85, 82]},
						{"origin": [-1.3, 7.83956, -10.32788], "size": [2, 1, 3], "pivot": [-2.2, 18.6, -1.3], "rotation": [-153.94427, -15.81499, 82.40999], "uv": [9, 81]},
						{"origin": [2.3, 7.83956, -9.02788], "size": [1, 1, 3], "pivot": [-2.2, 18.6, -1.3], "rotation": [-150.34902, -31.3213, 73.51543], "uv": [78, 85]},
						{"origin": [5.8, 7.83956, -7.32788], "size": [2, 1, 3], "pivot": [-2.2, 18.6, -1.3], "rotation": [-153.21865, -20.29348, 80.07074], "uv": [64, 79]},
						{"origin": [2.7, 7.83956, -10.72788], "size": [2, 1, 3], "pivot": [-2.2, 18.6, -1.3], "rotation": [-155, 0, 90], "uv": [0, 18]},
						{"origin": [1.9, 4.23956, -11.22788], "size": [1, 1, 3], "pivot": [-2.8, 15, -1.8], "rotation": [-155, 0, 90], "uv": [84, 48]},
						{"origin": [5, 4.23956, -8.02788], "size": [1, 1, 3], "pivot": [-2.8, 15, -1.8], "rotation": [-153.21865, -20.29348, 80.07074], "uv": [7, 85]},
						{"origin": [3.1, 7.83956, -2.32788], "size": [2, 1, 3], "pivot": [-2.2, 18.6, -1.3], "rotation": [-154.91623, -4.53051, 87.88249], "uv": [33, 79]},
						{"origin": [5.6, 7.03956, -3.52788], "size": [2, 1, 3], "pivot": [-2.2, 17.6, -1.3], "rotation": [-154.91623, -4.53051, 87.88249], "uv": [19, 50]},
						{"origin": [-7.6, 4.63956, -1.62788], "size": [10, 1, 10], "pivot": [0, 16, 1], "rotation": [-90, 0, -45], "uv": [0, 0]},
						{"origin": [-10.7, 3.08956, -0.62788], "size": [2, 1, 3], "pivot": [0, 16, 1], "rotation": [-90, 15, -90], "uv": [16, 83]},
						{"origin": [-9.1, 3.18956, 5.87212], "size": [2, 1, 1], "pivot": [0, 16, 1], "rotation": [-83.53933, 13.56626, -64.23073], "uv": [46, 17]},
						{"origin": [0.5, 4.33956, 2.37212], "size": [4, 1, 4], "pivot": [0, 16, 1], "rotation": [-86.55257, -10.67163, -21.17986], "uv": [10, 72]},
						{"origin": [-4.5, 4.33956, 2.37212], "size": [4, 1, 4], "pivot": [0, 16, 1], "rotation": [-86.55257, 10.67163, 21.17986], "uv": [67, 54]},
						{"origin": [7.1, 3.18956, 5.87212], "size": [2, 1, 1], "pivot": [0, 16, 1], "rotation": [-83.53933, -13.56626, 64.23073], "uv": [0, 43]},
						{"origin": [0.6, 4.18956, -1.52788], "size": [10, 2, 5], "pivot": [0, 16, 1], "rotation": [-90, -7.5, 90], "uv": [45, 42]},
						{"origin": [-4.2, 6.63956, -0.12788], "size": [2, 1, 3], "pivot": [0, 16, 1], "rotation": [-90, 10, 0], "uv": [52, 82]},
						{"origin": [-0.8, 5.23956, -0.12788], "size": [3, 1, 3], "pivot": [1, 16, 1], "rotation": [-90, 45, 0], "uv": [76, 66]},
						{"origin": [-1.4, 5.33956, -1.72788], "size": [3, 1, 3], "pivot": [1, 16, 1], "rotation": [-32.31223, 37.75546, 68.83069], "uv": [67, 75]},
						{"origin": [-0.7, 7.83956, -10.32788], "size": [2, 1, 3], "pivot": [2.2, 18.6, -1.3], "rotation": [-153.94427, 15.81499, -82.40999], "uv": [78, 81]},
						{"origin": [-4.5, 5.23956, -6.72788], "size": [1, 1, 3], "pivot": [1, 16, 1], "rotation": [-150.34902, 31.3213, -73.51543], "uv": [85, 77]},
						{"origin": [-1.9, 5.23956, -8.02788], "size": [2, 1, 3], "pivot": [1, 16, 1], "rotation": [-153.94427, 15.81499, -82.40999], "uv": [71, 80]},
						{"origin": [-5.9, 5.23956, -0.12788], "size": [9, 1, 3], "pivot": [1, 16, 1], "rotation": [-90, 65, 0], "uv": [30, 0]},
						{"origin": [-3.6, 5.33956, -2.62788], "size": [5, 1, 3], "pivot": [1, 16, 1], "rotation": [-90, 65, 0], "uv": [72, 30]},
						{"origin": [-3.3, 7.83956, -9.02788], "size": [1, 1, 3], "pivot": [2.2, 18.6, -1.3], "rotation": [-150.34902, 31.3213, -73.51543], "uv": [85, 67]},
						{"origin": [-5.1, 7.83956, -2.32788], "size": [2, 1, 3], "pivot": [2.2, 18.6, -1.3], "rotation": [-154.91623, 4.53051, -87.88249], "uv": [33, 79], "mirror": true},
						{"origin": [-4.6, 5.33956, 2.37212], "size": [7, 1, 4], "pivot": [1, 16, 1], "rotation": [-90, 65, 0], "uv": [0, 59], "mirror": true},
						{"origin": [-4.7, 7.83956, -10.72788], "size": [2, 1, 3], "pivot": [2.2, 18.6, -1.3], "rotation": [-155, 0, -90], "uv": [0, 18], "mirror": true},
						{"origin": [-7.8, 7.83956, -7.32788], "size": [2, 1, 3], "pivot": [2.2, 18.6, -1.3], "rotation": [-153.21865, 20.29348, -80.07074], "uv": [64, 79], "mirror": true},
						{"origin": [-2.9, 4.23956, -11.22788], "size": [1, 1, 3], "pivot": [2.8, 15, -1.8], "rotation": [-155, 0, -90], "uv": [84, 48], "mirror": true},
						{"origin": [-6, 4.23956, -8.02788], "size": [1, 1, 3], "pivot": [2.8, 15, -1.8], "rotation": [-153.21865, 20.29348, -80.07074], "uv": [7, 85], "mirror": true},
						{"origin": [-2.6, 4.53956, 5.37212], "size": [5, 1, 3], "pivot": [1, 15, 1], "rotation": [-90, 65, 0], "uv": [58, 38], "mirror": true},
						{"origin": [-7.6, 7.03956, -3.52788], "size": [2, 1, 3], "pivot": [2.2, 17.6, -1.3], "rotation": [-154.91623, 4.53051, -87.88249], "uv": [19, 50], "mirror": true}
					]
				},
				{
					"name": "head",
					"parent": "zacian",
					"pivot": [0, 16, -11],
					"cubes": [
						{"origin": [-18, 13.93604, 1.36396], "size": [0, 1, 1], "pivot": [0, 16, 1], "rotation": [49.59312, -87.49293, -95.73366], "uv": [8, 16]},
						{"origin": [18, 13.93604, 1.36396], "size": [0, 1, 1], "pivot": [0, 16, 1], "rotation": [49.59312, 87.49293, 95.73366], "uv": [0, 19]},
						{"origin": [-1, -1.96327, 0.96283], "size": [2, 3, 2], "pivot": [0, 16, 1], "rotation": [-85, 0, 0], "uv": [9, 64]},
						{"origin": [10.5, 2.43673, 0.66283], "size": [2, 2, 0], "pivot": [0, 16, 1], "rotation": [-83.23267, 42.30053, 4.56615], "uv": [23, 29]},
						{"origin": [9.9, 3.13673, 0.56283], "size": [2, 2, 0], "pivot": [0, 16, 1], "rotation": [-83.23267, 42.30053, 4.56615], "uv": [29, 19]},
						{"origin": [-0.5, -1.61492, 4.64415], "size": [1, 1, 1], "pivot": [0, 16, 1], "rotation": [-97.5, 0, 0], "uv": [45, 44]},
						{"origin": [-0.5, -0.36575, -3.8844], "size": [1, 2, 1], "pivot": [0, 16, 1], "rotation": [-70, 0, 0], "uv": [23, 26]},
						{"origin": [1.3, 1.73425, -5.8844], "size": [2, 4, 1], "pivot": [0, 16, 1], "rotation": [-69.98246, 2.34914, 0.85553], "uv": [30, 31]},
						{"origin": [-2.5, 1.03673, -2.03717], "size": [5, 5, 5], "pivot": [0, 16, 1], "rotation": [-85, 0, 0], "uv": [52, 0]},
						{"origin": [-4.5, 2.13673, -2.03717], "size": [9, 2, 3], "pivot": [0, 16, 1], "rotation": [-85, 0, 0], "uv": [51, 33]},
						{"origin": [3.9, 2.73673, 0.56283], "size": [2, 2, 2], "pivot": [0, 16, 1], "rotation": [-85.90082, 2.86544, -34.89743], "uv": [86, 4]},
						{"origin": [-0.1, 2.73673, -1.03717], "size": [5, 2, 4], "pivot": [0, 16, 1], "rotation": [-85.23032, -1.50179, 17.43745], "uv": [70, 38]},
						{"origin": [-1, 9.03673, -13.83717], "size": [2, 3, 1], "pivot": [0, 16, 1], "rotation": [-27.5, 0, 0], "uv": [0, 39]},
						{"origin": [-2.7, 13.53673, -14.83717], "size": [2, 2, 1], "pivot": [0, 16, 1], "rotation": [-6.79333, -7.35559, -47.06283], "uv": [35, 16]},
						{"origin": [-0.5, 13.23673, -14.93717], "size": [3, 1, 1], "pivot": [0, 16, 1], "rotation": [-9.76758, -2.15393, -12.31594], "uv": [30, 8]},
						{"origin": [-5.4, 10.23673, -12.63717], "size": [1, 1, 1], "pivot": [0, 16, 1], "rotation": [-31.53655, -26.00057, -35.54004], "uv": [45, 42]},
						{"origin": [-1, 4.83673, -8.63717], "size": [2, 4, 2], "pivot": [0, 16, 1], "rotation": [-57.5, 0, 0], "uv": [26, 83]},
						{"origin": [-0.5, 6.93673, -6.43717], "size": [1, 1, 1], "pivot": [0, 16, 1], "rotation": [-70, 0, 0], "uv": [7, 19]},
						{"origin": [-0.9, 7.93673, -6.93717], "size": [2, 1, 2], "pivot": [0, 16, 1], "rotation": [-70, 0, 0], "uv": [23, 19]},
						{"origin": [-0.9, 9.63673, -5.03717], "size": [2, 2, 2], "pivot": [0, 16, 1], "rotation": [-87.5, 0, 0], "uv": [52, 86]},
						{"origin": [-1.4, 7.93673, -6.53717], "size": [3, 3, 3], "pivot": [0, 16, 1], "rotation": [-77.5, 0, 0], "uv": [23, 13]},
						{"origin": [1.69601, 3.93673, -4.05054], "size": [1, 0, 4], "pivot": [0, 16, 1], "rotation": [-85.04256, 0.65182, -7.47178], "uv": [4, 4]},
						{"origin": [1.29601, 4.03673, -5.05054], "size": [2, 1, 4], "pivot": [0, 16, 1], "rotation": [-85.04256, 0.65182, -7.47178], "uv": [74, 8]},
						{"origin": [-2.69601, 3.93673, -4.05054], "size": [1, 0, 4], "pivot": [0, 16, 1], "rotation": [-85.04256, -0.65182, 7.47178], "uv": [4, 0]},
						{"origin": [-3.29601, 4.03673, -5.05054], "size": [2, 1, 4], "pivot": [0, 16, 1], "rotation": [-85.04256, -0.65182, 7.47178], "uv": [75, 44]},
						{"origin": [0.79601, 0.83673, -0.05054], "size": [1, 0, 1], "pivot": [0, 16, 1], "rotation": [-85.04256, 0.65182, -7.47178], "uv": [7, 13]},
						{"origin": [0.49601, 0.93673, -0.15054], "size": [2, 0, 1], "pivot": [0, 16, 1], "rotation": [-85.04256, 0.65182, -7.47178], "uv": [6, 18]},
						{"origin": [-2.49601, 0.93673, -0.15054], "size": [2, 0, 1], "pivot": [0, 16, 1], "rotation": [-85.04256, -0.65182, 7.47178], "uv": [5, 12]},
						{"origin": [-1.79601, 0.83673, -0.05054], "size": [1, 0, 1], "pivot": [0, 16, 1], "rotation": [-85.04256, -0.65182, 7.47178], "uv": [7, 14]},
						{"origin": [-3.3, 1.73425, -5.8844], "size": [2, 4, 1], "pivot": [0, 16, 1], "rotation": [-69.98246, -2.34914, -0.85553], "uv": [0, 26]},
						{"origin": [-2.5, 13.23673, -14.93717], "size": [3, 1, 1], "pivot": [0, 16, 1], "rotation": [-9.76758, 2.15393, 12.31594], "uv": [23, 11]},
						{"origin": [-5.9, 2.73673, 0.56283], "size": [2, 2, 2], "pivot": [0, 16, 1], "rotation": [-85.90082, -2.86544, 34.89743], "uv": [86, 0]},
						{"origin": [-4.9, 2.73673, -1.03717], "size": [5, 2, 4], "pivot": [0, 16, 1], "rotation": [-85.23032, 1.50179, -17.43745], "uv": [62, 69]},
						{"origin": [-2.8, 2.13673, -1.03717], "size": [5, 2, 5], "pivot": [0, 16, 1], "rotation": [-86.30934, 3.37562, -42.39121], "uv": [17, 59]},
						{"origin": [-4.9, 2.83673, -0.23717], "size": [6, 2, 6], "pivot": [0, 16, 1], "rotation": [-86.45998, 3.53329, -44.89078], "uv": [51, 25]}
					]
				},
				{
					"name": "frontlegleft",
					"parent": "zacian",
					"pivot": [3, 10, -4],
					"cubes": [
						{"origin": [3, 7.5, -6.4], "size": [2, 6, 5], "uv": [48, 64]},
						{"origin": [1.8, 4.5, -5.4], "size": [3, 4, 3], "uv": [55, 75]},
						{"origin": [2.3, 0.4, -5.1], "size": [2, 4, 2], "pivot": [0, -1, 0], "rotation": [-2.5, 0, 0], "uv": [70, 84]},
						{"origin": [2.3, 2, -6], "size": [2, 1, 3], "pivot": [0, 0, 0], "rotation": [17.5, 0, 0], "uv": [84, 20]},
						{"origin": [1.8, 3, -4.3], "size": [3, 2, 0], "pivot": [0, 0, 0], "rotation": [17.5, 0, 0], "uv": [41, 16]},
						{"origin": [2.4, 0, -7.2], "size": [2, 1, 1], "uv": [48, 23]},
						{"origin": [1.8, 0, -6.2], "size": [3, 1, 3], "uv": [79, 53]}
					]
				},
				{
					"name": "backlegleft",
					"parent": "zacian",
					"pivot": [3, 11, 8],
					"cubes": [
						{"origin": [2, 8.5, 5.6], "size": [3, 5, 5], "uv": [32, 61]},
						{"origin": [1.4, 2.5, 9.8], "size": [4, 5, 3], "pivot": [0, -1, 0], "rotation": [12.5, 0, 0], "uv": [72, 0]},
						{"origin": [2, 2.5, 8.4], "size": [3, 5, 3], "pivot": [0, -1, 0], "rotation": [12.5, 0, 0], "uv": [43, 75]},
						{"origin": [2.3, -0.5, 8.7], "size": [2, 5, 2], "pivot": [0, -1, 0], "rotation": [5, 0, 0], "uv": [0, 11]},
						{"origin": [2.3, 2, 8], "size": [2, 1, 3], "pivot": [0, 0, 14], "rotation": [17.5, 0, 0], "uv": [44, 83]},
						{"origin": [2.4, 0, 6.8], "size": [2, 1, 1], "uv": [51, 0]},
						{"origin": [1.8, 0, 7.8], "size": [3, 1, 3], "uv": [21, 79]}
					]
				},
				{
					"name": "frontlegright",
					"parent": "zacian",
					"pivot": [-3, 10, -4],
					"cubes": [
						{"origin": [-4.8, 0, -6.2], "size": [3, 1, 3], "uv": [77, 72]},
						{"origin": [-4.4, 0, -7.2], "size": [2, 1, 1], "uv": [28, 53]},
						{"origin": [-4.3, 2, -6], "size": [2, 1, 3], "pivot": [0, 0, 0], "rotation": [17.5, 0, 0], "uv": [34, 83]},
						{"origin": [-4.9, 3, -4.4], "size": [3, 2, 0], "pivot": [0, 0, 0], "rotation": [17.5, 0, 0], "uv": [30, 36]},
						{"origin": [-4.3, 0.4, -5.1], "size": [2, 4, 2], "pivot": [0, -1, 0], "rotation": [-2.5, 0, 0], "uv": [62, 83]},
						{"origin": [-4.8, 4.5, -5.4], "size": [3, 4, 3], "uv": [19, 39]},
						{"origin": [-5, 7.5, -6.4], "size": [2, 6, 5], "uv": [0, 64]}
					]
				},
				{
					"name": "backlegright",
					"parent": "zacian",
					"pivot": [-3, 11, 8],
					"cubes": [
						{"origin": [-5, 2.5, 8.4], "size": [3, 5, 3], "pivot": [0, -1, 0], "rotation": [12.5, 0, 0], "uv": [0, 75]},
						{"origin": [-5.4, 2.5, 9.8], "size": [4, 5, 3], "pivot": [0, -1, 0], "rotation": [12.5, 0, 0], "uv": [29, 71]},
						{"origin": [-5, 8.5, 5.6], "size": [3, 5, 5], "uv": [62, 59]},
						{"origin": [-4.3, -0.5, 8.7], "size": [2, 5, 2], "pivot": [0, -1, 0], "rotation": [5, 0, 0], "uv": [0, 0]},
						{"origin": [-4.3, 2, 8], "size": [2, 1, 3], "pivot": [0, 0, 14], "rotation": [17.5, 0, 0], "uv": [83, 44]},
						{"origin": [-4.8, 0, 7.8], "size": [3, 1, 3], "uv": [12, 77]},
						{"origin": [-4.4, 0, 6.8], "size": [2, 1, 1], "uv": [26, 46]}
					]
				},
				{
					"name": "Mane",
					"pivot": [0, 0, 0],
					"cubes": [
						{"origin": [-3.6, 12.7, -6], "size": [7, 4, 7], "uv": [30, 31]},
						{"origin": [-3.6, 12.1, -0.5], "size": [7, 5, 7], "pivot": [0, 0, 0], "rotation": [-5, 0, 0], "uv": [27, 19]},
						{"origin": [-3.6, 21.7, -1.3], "size": [7, 4, 5], "pivot": [0, 7, -2.5], "rotation": [-77.5, 0, 0], "uv": [0, 50]},
						{"origin": [-3.1, 23.2, -1.4], "size": [6, 3, 3], "pivot": [0, 7, -2.5], "rotation": [-90, 0, 0], "uv": [69, 23]},
						{"origin": [-3.1, 24.2, 1.6], "size": [0, 2, 1], "pivot": [0, 7, -2.5], "rotation": [-90, 0, 0], "uv": [7, 7]},
						{"origin": [2.9, 23.2, 1.6], "size": [0, 2, 1], "pivot": [0, 7, -2.5], "rotation": [-90, 0, 0], "uv": [0, 6]},
						{"origin": [-1.1, 26.2, 1.6], "size": [3, 0, 1], "pivot": [0, 7, -2.5], "rotation": [-90, 0, 0], "uv": [22, 31]},
						{"origin": [-3.1, 23.2, 1.6], "size": [3, 0, 1], "pivot": [0, 7, -2.5], "rotation": [-90, 0, 0], "uv": [0, 31]},
						{"origin": [0.9, 23.2, 1.6], "size": [2, 0, 1], "pivot": [0, 7, -2.5], "rotation": [-90, 0, 0], "uv": [5, 11]},
						{"origin": [-3.1, 26.2, 1.6], "size": [1, 0, 1], "pivot": [0, 7, -2.5], "rotation": [-90, 0, 0], "uv": [5, 0]},
						{"origin": [-7.1, 22.2, -5.5], "size": [6, 3, 3], "pivot": [0, 7, -2.5], "rotation": [-84.95707, 7.4713, -64.3426], "uv": [14, 66]},
						{"origin": [1.1, 22.2, -5.5], "size": [6, 3, 3], "pivot": [0, 7, -2.5], "rotation": [-84.95707, -7.4713, 64.3426], "uv": [59, 10]},
						{"origin": [7.1, 25.2, -5.5], "size": [1, 0, 3], "pivot": [0, 7, -2.5], "rotation": [-84.95707, -7.4713, 64.3426], "uv": [2, 7]},
						{"origin": [7.1, 22.2, -3.5], "size": [1, 0, 1], "pivot": [0, 7, -2.5], "rotation": [-84.95707, -7.4713, 64.3426], "uv": [0, 9]},
						{"origin": [7.1, 22.2, -5.5], "size": [1, 2, 0], "pivot": [0, 7, -2.5], "rotation": [-84.95707, -7.4713, 64.3426], "uv": [0, 18]},
						{"origin": [7.1, 23.2, -2.5], "size": [1, 2, 0], "pivot": [0, 7, -2.5], "rotation": [-84.95707, -7.4713, 64.3426], "uv": [8, 15]},
						{"origin": [-2.9, 14.2, -1.1], "size": [6, 4, 7], "pivot": [0, 0, 0], "rotation": [-25, 0, 0], "uv": [0, 39]},
						{"origin": [-3.5, 14.2, -7.9], "size": [7, 4, 5], "pivot": [0, 0, 0], "rotation": [-67.5, 0, 0], "uv": [47, 49]},
						{"origin": [-8.1, 22.2, -3.5], "size": [1, 0, 1], "pivot": [0, 7, -2.5], "rotation": [-84.95707, 7.4713, -64.3426], "uv": [5, 1]},
						{"origin": [-8.1, 22.2, -5.5], "size": [1, 2, 0], "pivot": [0, 7, -2.5], "rotation": [-84.95707, 7.4713, -64.3426], "uv": [0, 11]},
						{"origin": [-8.1, 25.2, -5.5], "size": [1, 0, 3], "pivot": [0, 7, -2.5], "rotation": [-84.95707, 7.4713, -64.3426], "uv": [0, 7]},
						{"origin": [-8.1, 23.2, -2.5], "size": [1, 2, 0], "pivot": [0, 7, -2.5], "rotation": [-84.95707, 7.4713, -64.3426], "uv": [0, 0]}
					]
				}
			]
		}
	]
}