{
	"format_version": "1.12.0",
	"minecraft:geometry": [
		{
			"description": {
				"identifier": "geometry.craggeon",
				"texture_width": 64,
				"texture_height": 64,
				"visible_bounds_width": 6,
				"visible_bounds_height": 3.5,
				"visible_bounds_offset": [0, 1.25, 0]
			},
			"bones": [
				{
					"name": "vaporeon",
					"pivot": [0, 0, 0]
				},
				{
					"name": "body",
					"parent": "vaporeon",
					"pivot": [0, 9.75, 0]
				},
				{
					"name": "torso",
					"parent": "body",
					"pivot": [0, 9.75, 0],
					"cubes": [
						{"origin": [-3.5, 6.74997, -7], "size": [7, 6, 7], "uv": [21, 21]}
					]
				},
				{
					"name": "head",
					"parent": "torso",
					"pivot": [0, 11.49997, -6.48093],
					"cubes": [
						{"origin": [-3.5, 9.99997, -12.5], "size": [7, 7, 7], "inflate": 0.01, "uv": [0, 14]},
						{"origin": [-2.5, 16.99997, -9.75], "size": [5, 3, 0], "inflate": 0.01, "uv": [0, 52]},
						{"origin": [3.25, 8.99997, -9.75], "size": [4, 4, 0], "pivot": [3.5, 12.49997, -9.75], "rotation": [-3.13388, -17.22575, 10.47479], "uv": [40, 47]},
						{"origin": [-7.25, 8.99997, -9.75], "size": [4, 4, 0], "pivot": [-3.5, 12.49997, -9.75], "rotation": [-3.13388, 17.22575, -10.47479], "uv": [40, 47], "mirror": true}
					]
				},
				{
					"name": "muzzle",
					"parent": "head",
					"pivot": [0, 10.92497, -12.005],
					"cubes": [
						{"origin": [-2.5, 10.04997, -13.5], "size": [5, 2, 2], "uv": [40, 34]},
						{"origin": [-0.5, 11.04997, -13.525], "size": [1, 1, 0], "uv": [2, 0]}
					]
				},
				{
					"name": "mouth",
					"parent": "muzzle",
					"pivot": [0, 0.55, 0.45]
				},
				{
					"name": "tooth_left",
					"parent": "mouth",
					"pivot": [-1.23744, 10.81967, -13.585],
					"cubes": [
						{"origin": [0.66256, 8.5143, -13.52089], "size": [1, 2, 0], "uv": [0, 0]}
					]
				},
				{
					"name": "tooth_right",
					"parent": "mouth",
					"pivot": [1.23744, 11.06967, -13.585],
					"cubes": [
						{"origin": [-1.66256, 8.7643, -13.52089], "size": [1, 2, 0], "uv": [0, 0], "mirror": true}
					]
				},
				{
					"name": "eyes",
					"parent": "head",
					"pivot": [0, 13.12178, -12.48093]
				},
				{
					"name": "eye_left",
					"parent": "eyes",
					"pivot": [2.515, 13.25, -12.015],
					"cubes": [
						{"origin": [1.515, 12.25, -12.515], "size": [2, 2, 1], "uv": [0, 17]}
					]
				},
				{
					"name": "eyelid_left",
					"parent": "eye_left",
					"pivot": [2.415, 13.25, -11.915],
					"cubes": [
						{"origin": [1.415, 12.25, -12.415], "size": [2, 2, 1], "inflate": 0.01, "uv": [0, 14]}
					]
				},
				{
					"name": "eye_right",
					"parent": "eyes",
					"pivot": [-2.515, 13.25, -12.015],
					"cubes": [
						{"origin": [-3.515, 12.25, -12.515], "size": [2, 2, 1], "uv": [0, 17], "mirror": true}
					]
				},
				{
					"name": "eyelid_right",
					"parent": "eye_right",
					"pivot": [-2.415, 13.25, -11.915],
					"cubes": [
						{"origin": [-3.415, 12.25, -12.415], "size": [2, 2, 1], "inflate": 0.01, "uv": [0, 14], "mirror": true}
					]
				},
				{
					"name": "ear_left",
					"parent": "head",
					"pivot": [2.5, 13.99997, -9.48093],
					"rotation": [0, -12.5, 0],
					"cubes": [
						{"origin": [0.61777, 13.56181, -9.9288], "size": [6, 13, 0], "pivot": [3.21644, 14.99997, -9.50463], "rotation": [-3.3594, -6.1351, 3.28993], "uv": [14, 34]}
					]
				},
				{
					"name": "ear_right",
					"parent": "head",
					"pivot": [-2.5, 13.99997, -9.48093],
					"rotation": [0, 12.5, 0],
					"cubes": [
						{"origin": [-6.61777, 13.56181, -9.9288], "size": [6, 13, 0], "pivot": [-3.21644, 14.99997, -9.50463], "rotation": [-3.3594, 6.1351, -3.28993], "uv": [14, 34], "mirror": true}
					]
				},
				{
					"name": "hips",
					"parent": "torso",
					"pivot": [0, 9.74997, 0.01907],
					"cubes": [
						{"origin": [-3.5, 6.74997, 0], "size": [7, 6, 7], "uv": [21, 7]}
					]
				},
				{
					"name": "leg_back_left",
					"parent": "hips",
					"pivot": [2.5, 8.99997, 4.75],
					"rotation": [5, 0, 0],
					"cubes": [
						{"origin": [1, 4.49997, 2.75], "size": [3, 6, 4], "inflate": 0.01, "uv": [0, 35]},
						{"origin": [4.025, 5.49997, 3.75], "size": [0, 7, 7], "uv": [0, 21]}
					]
				},
				{
					"name": "leg_back_left2",
					"parent": "leg_back_left",
					"pivot": [2.5, 4.49997, 6.25],
					"rotation": [-12.5, 0, 0],
					"cubes": [
						{"origin": [1, 0.74997, 4.25], "size": [3, 4, 3], "uv": [28, 0]}
					]
				},
				{
					"name": "leg_back_left3",
					"parent": "leg_back_left2",
					"pivot": [2.5, 1.24997, 5.75],
					"rotation": [7.5, 0, 0],
					"cubes": [
						{"origin": [1, -0.25003, 4], "size": [3, 2, 3], "inflate": 0.01, "uv": [42, 8]},
						{"origin": [1.5, -0.25003, 3], "size": [0, 1, 1], "uv": [4, 0]},
						{"origin": [2.5, -0.25003, 3], "size": [0, 1, 1], "uv": [0, 4]},
						{"origin": [3.5, -0.25003, 3], "size": [0, 1, 1], "uv": [2, 0]}
					]
				},
				{
					"name": "leg_back_right",
					"parent": "hips",
					"pivot": [-2.5, 8.99997, 4.75],
					"rotation": [5, 0, 0],
					"cubes": [
						{"origin": [-4, 4.49997, 2.75], "size": [3, 6, 4], "inflate": 0.01, "uv": [0, 35], "mirror": true},
						{"origin": [-4.025, 5.49997, 3.75], "size": [0, 7, 7], "uv": [0, 21], "mirror": true}
					]
				},
				{
					"name": "leg_back_right2",
					"parent": "leg_back_right",
					"pivot": [-2.5, 4.49997, 6.25],
					"rotation": [-12.5, 0, 0],
					"cubes": [
						{"origin": [-4, 0.74997, 4.25], "size": [3, 4, 3], "uv": [28, 0], "mirror": true}
					]
				},
				{
					"name": "leg_back_right3",
					"parent": "leg_back_right2",
					"pivot": [-2.5, 1.24997, 5.75],
					"rotation": [7.5, 0, 0],
					"cubes": [
						{"origin": [-4, -0.25003, 4], "size": [3, 2, 3], "inflate": 0.01, "uv": [42, 8], "mirror": true},
						{"origin": [-1.5, -0.25003, 3], "size": [0, 1, 1], "uv": [4, 0], "mirror": true},
						{"origin": [-2.5, -0.25003, 3], "size": [0, 1, 1], "uv": [0, 4], "mirror": true},
						{"origin": [-3.5, -0.25003, 3], "size": [0, 1, 1], "uv": [2, 0], "mirror": true}
					]
				},
				{
					"name": "tail",
					"parent": "hips",
					"pivot": [0, 10.74997, 7],
					"cubes": [
						{"origin": [-2, 8.74997, 7], "size": [4, 4, 5], "uv": [41, 38]}
					]
				},
				{
					"name": "tail2",
					"parent": "tail",
					"pivot": [0, 10.74997, 12],
					"cubes": [
						{"origin": [-1.5, 9.24997, 11], "size": [3, 3, 6], "uv": [28, 34]}
					]
				},
				{
					"name": "tail3",
					"parent": "tail2",
					"pivot": [0, 10.74997, 16],
					"cubes": [
						{"origin": [-2, 8.74997, 16], "size": [4, 4, 4], "uv": [42, 0]}
					]
				},
				{
					"name": "fur_front",
					"parent": "torso",
					"pivot": [0, 9.63649, -5.64786],
					"rotation": [2.5, 0, 0],
					"cubes": [
						{"origin": [-4, 6.13649, -8.64786], "size": [8, 8, 6], "inflate": 0.05, "pivot": [0, 9.63649, -5.64786], "rotation": [5, 0, 0], "uv": [0, 0]},
						{"origin": [0, 7.13649, -10.64786], "size": [0, 3, 2], "pivot": [0, 9.63649, -5.64786], "rotation": [5, 0, 0], "uv": [0, 0]},
						{"origin": [4, 7.80254, -6.54584], "size": [5, 7, 0], "pivot": [4, 10.30254, -6.54584], "rotation": [-11.50839, -29.4987, 5.72511], "uv": [0, 45]},
						{"origin": [-9, 7.80254, -6.54584], "size": [5, 7, 0], "pivot": [-4, 10.30254, -6.54584], "rotation": [-11.50839, 29.4987, -5.72511], "uv": [0, 45], "mirror": true}
					]
				},
				{
					"name": "leg_front_left",
					"parent": "body",
					"pivot": [2.5, 9, -4.5],
					"rotation": [7.5, 0, 0],
					"cubes": [
						{"origin": [1, 4.5, -6], "size": [3, 6, 3], "inflate": 0.01, "uv": [28, 43]}
					]
				},
				{
					"name": "leg_front_left2",
					"parent": "leg_front_left",
					"pivot": [2.5, 4.5, -3],
					"rotation": [-22.5, 0, 0],
					"cubes": [
						{"origin": [1, 0.5, -6], "size": [3, 4, 3], "uv": [42, 20]}
					]
				},
				{
					"name": "leg_front_left3",
					"parent": "leg_front_left2",
					"pivot": [2.5, 1, -4.5],
					"rotation": [15, 0, 0],
					"cubes": [
						{"origin": [1, -0.75, -6.25], "size": [3, 2, 3], "inflate": 0.01, "uv": [10, 47]},
						{"origin": [1.5, -0.75, -7.25], "size": [0, 1, 1], "uv": [4, 2]},
						{"origin": [2.5, -0.75, -7.25], "size": [0, 1, 1], "uv": [2, 4]},
						{"origin": [3.5, -0.75, -7.25], "size": [0, 1, 1], "uv": [4, 1]}
					]
				},
				{
					"name": "leg_front_right",
					"parent": "body",
					"pivot": [-2.5, 9, -4.5],
					"rotation": [7.5, 0, 0],
					"cubes": [
						{"origin": [-4, 4.5, -6], "size": [3, 6, 3], "inflate": 0.01, "uv": [28, 43], "mirror": true}
					]
				},
				{
					"name": "leg_front_right2",
					"parent": "leg_front_right",
					"pivot": [-2.5, 4.5, -3],
					"rotation": [-22.5, 0, 0],
					"cubes": [
						{"origin": [-4, 0.5, -6], "size": [3, 4, 3], "uv": [42, 20], "mirror": true}
					]
				},
				{
					"name": "leg_front_right3",
					"parent": "leg_front_right2",
					"pivot": [-2.5, 1, -4.5],
					"rotation": [15, 0, 0],
					"cubes": [
						{"origin": [-4, -0.75, -6.25], "size": [3, 2, 3], "inflate": 0.01, "uv": [10, 47], "mirror": true},
						{"origin": [-1.5, -0.75, -7.25], "size": [0, 1, 1], "uv": [4, 2], "mirror": true},
						{"origin": [-2.5, -0.75, -7.25], "size": [0, 1, 1], "uv": [2, 4], "mirror": true},
						{"origin": [-3.5, -0.75, -7.25], "size": [0, 1, 1], "uv": [4, 1], "mirror": true}
					]
				}
			]
		}
	]
}