{
	"format_version": "1.12.0",
	"minecraft:geometry": [
		{
			"description": {
				"identifier": "geometry.brawleon",
				"texture_width": 64,
				"texture_height": 64,
				"visible_bounds_width": 4,
				"visible_bounds_height": 3.5,
				"visible_bounds_offset": [0, 1.25, 0]
			},
			"bones": [
				{
					"name": "leafeon",
					"pivot": [0, 0, 0]
				},
				{
					"name": "body",
					"parent": "leafeon",
					"pivot": [0, 9.75, 0]
				},
				{
					"name": "torso",
					"parent": "body",
					"pivot": [0, 9.75, 0],
					"cubes": [
						{"origin": [-3.5, 6.75, -7], "size": [7, 6, 14], "uv": [0, 0]}
					]
				},
				{
					"name": "fur_front",
					"parent": "torso",
					"pivot": [0, 8.5, -8.75],
					"cubes": [
						{"origin": [-4, 6.5, -7.25], "size": [8, 4, 4], "inflate": 0.05, "pivot": [0, 8.5, -8.75], "rotation": [5, 0, 0], "uv": [22, 34]}
					]
				},
				{
					"name": "head",
					"parent": "torso",
					"pivot": [0, 12.25, -6],
					"cubes": [
						{"origin": [-3.5, 10.75, -12], "size": [7, 7, 7], "inflate": 0.01, "uv": [26, 20]},
						{"origin": [-2.5, 16.25, -11.5], "size": [5, 4, 0], "pivot": [-1, 19.25, -10.5], "rotation": [-17.5, 0, 0], "uv": [12, 36]},
						{"origin": [-2.5, 10.75, -13], "size": [5, 2, 1], "uv": [44, 5]},
						{"origin": [-0.5, 11.5, -13.01], "size": [1, 1, 0], "uv": [0, 1]}
					]
				},
				{
					"name": "mouth",
					"parent": "head",
					"pivot": [0, 11.26, -13.015],
					"cubes": [
						{"origin": [-1, 10.76, -13.015], "size": [2, 1, 0], "uv": [0, 0]}
					]
				},
				{
					"name": "eyes",
					"parent": "head",
					"pivot": [0, 13.75, -12]
				},
				{
					"name": "eye_left",
					"parent": "eyes",
					"pivot": [2.515, 14, -11.015],
					"cubes": [
						{"origin": [1.515, 13, -12.015], "size": [2, 2, 2], "uv": [28, 0]}
					]
				},
				{
					"name": "eyelid_left",
					"parent": "eye_left",
					"pivot": [2.415, 14, -10.915],
					"cubes": [
						{"origin": [1.415, 13, -11.915], "size": [2, 2, 2], "inflate": 0.01, "uv": [0, 24]}
					]
				},
				{
					"name": "eye_right",
					"parent": "eyes",
					"pivot": [-2.515, 14, -11.015],
					"cubes": [
						{"origin": [-3.515, 13, -12.015], "size": [2, 2, 2], "uv": [28, 0], "mirror": true}
					]
				},
				{
					"name": "eyelid_right",
					"parent": "eye_right",
					"pivot": [-2.415, 14, -10.915],
					"cubes": [
						{"origin": [-3.415, 13, -11.915], "size": [2, 2, 2], "inflate": 0.01, "uv": [0, 24], "mirror": true}
					]
				},
				{
					"name": "ear_left",
					"parent": "head",
					"pivot": [3, 16.25, -9],
					"rotation": [-13.34376, -23.80592, 15.28355],
					"cubes": [
						{"origin": [1, 16.25, -9], "size": [5, 9, 0], "uv": [27, 42]}
					]
				},
				{
					"name": "ear_left2",
					"parent": "ear_left",
					"pivot": [3.5, 21.25, -9],
					"cubes": [
						{"origin": [1, 25.25, -9], "size": [5, 3, 0], "pivot": [3.5, 25.25, -9], "rotation": [120, 0, 0], "uv": [46, 39]}
					]
				},
				{
					"name": "ear_right",
					"parent": "head",
					"pivot": [-3, 16.25, -9],
					"rotation": [-13.34376, 23.80592, -15.28355],
					"cubes": [
						{"origin": [-6, 16.25, -9], "size": [5, 9, 0], "uv": [27, 42], "mirror": true}
					]
				},
				{
					"name": "ear_right2",
					"parent": "ear_right",
					"pivot": [-3.5, 21.25, -9],
					"cubes": [
						{"origin": [-6, 25.25, -9], "size": [5, 3, 0], "pivot": [-3.5, 25.25, -9], "rotation": [120, 0, 0], "uv": [46, 39], "mirror": true}
					]
				},
				{
					"name": "fur_left",
					"parent": "head",
					"pivot": [3.39666, 12.14476, -10.69539],
					"rotation": [4.31658, -54.93056, 9.29138],
					"cubes": [
						{"origin": [3.20735, 11.28875, -10.86626], "size": [4, 1, 0], "pivot": [2.98327, 12.01996, -10.86626], "rotation": [0, 0, -32.5], "uv": [0, 20]},
						{"origin": [3.18235, 11.28875, -10.89126], "size": [4, 1, 0], "pivot": [2.98327, 12.01996, -10.86626], "rotation": [0, 0, 2.5], "uv": [0, 21]}
					]
				},
				{
					"name": "fur_right",
					"parent": "head",
					"pivot": [-3.39666, 12.14476, -10.69539],
					"rotation": [4.31658, 54.93056, -9.29138],
					"cubes": [
						{"origin": [-7.20735, 11.28875, -10.86626], "size": [4, 1, 0], "pivot": [-2.98327, 12.01996, -10.86626], "rotation": [0, 0, 32.5], "uv": [0, 20], "mirror": true},
						{"origin": [-7.13235, 11.28875, -10.89126], "size": [4, 1, 0], "pivot": [-2.98327, 12.01996, -10.86626], "rotation": [0, 0, -2.5], "uv": [0, 21], "mirror": true}
					]
				},
				{
					"name": "tail",
					"parent": "torso",
					"pivot": [0, 12.25, 7],
					"rotation": [-15, 0, 0],
					"cubes": [
						{"origin": [-1.5, 9.25, 5.75], "size": [3, 3, 6], "uv": [0, 36]}
					]
				},
				{
					"name": "tail2",
					"parent": "tail",
					"pivot": [0, 9.75, 11.25],
					"rotation": [12.5, 0, 0],
					"cubes": [
						{"origin": [-2, 9.73497, 10.56297], "size": [4, 5, 8], "pivot": [0, 10.89158, 12.02567], "rotation": [42.5, 0, 0], "uv": [28, 0]}
					]
				},
				{
					"name": "tail3",
					"parent": "tail2",
					"pivot": [-0.5, 17.41313, 14.76836],
					"rotation": [-70, 0, 0],
					"cubes": [
						{"origin": [-2.5, 13.16313, 14.01836], "size": [5, 8, 8], "pivot": [0, 18.66313, 18.51836], "rotation": [42.5, 0, 0], "uv": [0, 20]},
						{"origin": [0, 17.56472, 13.51165], "size": [0, 3.25, 4], "pivot": [0, 17.51543, 13.63835], "rotation": [25, 0, 0], "uv": [0, 6]}
					]
				},
				{
					"name": "fluff",
					"parent": "torso",
					"pivot": [-1.83716, 10.61627, 7.05438],
					"rotation": [-15, 0, 0],
					"cubes": [
						{"origin": [-2, 12.25, 6.6], "size": [4, 0, 2], "pivot": [0, 12.25, 6.6], "rotation": [60, 0, 0], "uv": [4, 56]},
						{"origin": [-2, 9.15342, 7.30438], "size": [4, 0, 2], "pivot": [0, 8.81627, 7.55818], "rotation": [-17.5, 0, 0], "uv": [4, 56]},
						{"origin": [-0.09721, 10.81627, 7.04707], "size": [4, 0, 2], "pivot": [1.83716, 10.61627, 7.05438], "rotation": [22.5, -15, 90], "uv": [4, 56]},
						{"origin": [-3.90279, 10.81627, 7.04707], "size": [4, 0, 2], "pivot": [-1.83716, 10.61627, 7.05438], "rotation": [22.5, 15, -90], "uv": [4, 56], "mirror": true}
					]
				},
				{
					"name": "leg_front_left",
					"parent": "body",
					"pivot": [2.5, 9, -4.5],
					"rotation": [7.5, 0, 0],
					"cubes": [
						{"origin": [1, 4.5, -6], "size": [3, 6, 3], "inflate": 0.01, "uv": [15, 42]}
					]
				},
				{
					"name": "leg_front_left2",
					"parent": "leg_front_left",
					"pivot": [2.5, 4.5, -3],
					"rotation": [-22.5, 0, 0],
					"cubes": [
						{"origin": [1, 0.5, -6], "size": [3, 4, 3], "uv": [42, 13]},
						{"origin": [1, 0.5, -6], "size": [3, 3, 3], "inflate": 0.15, "uv": [38, 51]}
					]
				},
				{
					"name": "leg_front_left3",
					"parent": "leg_front_left2",
					"pivot": [2.5, 1, -4.5],
					"rotation": [15, 0, 0],
					"cubes": [
						{"origin": [1, -0.75, -6.25], "size": [3, 2, 3], "inflate": 0.01, "uv": [46, 34]}
					]
				},
				{
					"name": "leg_front_right",
					"parent": "body",
					"pivot": [-2.5, 9, -4.5],
					"rotation": [7.5, 0, 0],
					"cubes": [
						{"origin": [-4, 4.5, -6], "size": [3, 6, 3], "inflate": 0.01, "uv": [15, 42], "mirror": true}
					]
				},
				{
					"name": "leg_front_right2",
					"parent": "leg_front_right",
					"pivot": [-2.5, 4.5, -3],
					"rotation": [-22.5, 0, 0],
					"cubes": [
						{"origin": [-4, 0.5, -6], "size": [3, 4, 3], "uv": [42, 13], "mirror": true},
						{"origin": [-4, 0.5, -6], "size": [3, 3, 3], "inflate": 0.15, "uv": [38, 51], "mirror": true}
					]
				},
				{
					"name": "leg_front_right3",
					"parent": "leg_front_right2",
					"pivot": [-2.5, 1, -4.5],
					"rotation": [15, 0, 0],
					"cubes": [
						{"origin": [-4, -0.75, -6.25], "size": [3, 2, 3], "inflate": 0.01, "uv": [46, 34], "mirror": true}
					]
				},
				{
					"name": "leg_back_left",
					"parent": "body",
					"pivot": [2.5, 9, 4.75],
					"rotation": [5, 0, 0],
					"cubes": [
						{"origin": [1, 4.5, 2.75], "size": [3, 6, 4], "inflate": 0.01, "uv": [0, 0]}
					]
				},
				{
					"name": "leg_back_left2",
					"parent": "leg_back_left",
					"pivot": [2.5, 4.5, 6.25],
					"rotation": [-12.5, 0, 0],
					"cubes": [
						{"origin": [1, 0.75, 4.25], "size": [3, 4, 3], "uv": [18, 20]},
						{"origin": [1, 0.75, 4.25], "size": [3, 3, 3], "inflate": 0.15, "uv": [52, 50]}
					]
				},
				{
					"name": "leg_back_left3",
					"parent": "leg_back_left2",
					"pivot": [2.5, 1.25, 5.75],
					"rotation": [7.5, 0, 0],
					"cubes": [
						{"origin": [1, -0.25, 4], "size": [3, 2, 3], "inflate": 0.01, "uv": [0, 45]}
					]
				},
				{
					"name": "leg_back_right",
					"parent": "body",
					"pivot": [-2.5, 9, 4.75],
					"rotation": [5, 0, 0],
					"cubes": [
						{"origin": [-4, 4.5, 2.75], "size": [3, 6, 4], "inflate": 0.01, "uv": [0, 0], "mirror": true}
					]
				},
				{
					"name": "leg_back_right2",
					"parent": "leg_back_right",
					"pivot": [-2.5, 4.5, 6.25],
					"rotation": [-12.5, 0, 0],
					"cubes": [
						{"origin": [-4, 0.75, 4.25], "size": [3, 4, 3], "uv": [18, 20], "mirror": true},
						{"origin": [-4, 0.75, 4.25], "size": [3, 3, 3], "inflate": 0.15, "uv": [52, 50], "mirror": true}
					]
				},
				{
					"name": "leg_back_right3",
					"parent": "leg_back_right2",
					"pivot": [-2.5, 1.25, 5.75],
					"rotation": [7.5, 0, 0],
					"cubes": [
						{"origin": [-4, -0.25, 4], "size": [3, 2, 3], "inflate": 0.01, "uv": [0, 45], "mirror": true}
					]
				}
			]
		}
	]
}