{
	"format_version": "1.12.0",
	"minecraft:geometry": [
		{
			"description": {
				"identifier": "geometry.unknown",
				"texture_width": 128,
				"texture_height": 128,
				"visible_bounds_width": 4,
				"visible_bounds_height": 6.5,
				"visible_bounds_offset": [0, 2.75, 0]
			},
			"bones": [
				{
					"name": "overall",
					"pivot": [0, 0, 0]
				},
				{
					"name": "sinistea",
					"parent": "overall",
					"pivot": [0, 13, 0],
					"rotation": [-180, 0, 130]
				},
				{
					"name": "canbody",
					"parent": "sinistea",
					"pivot": [-2.47342, 0.99216, -4],
					"cubes": [
						{"origin": [-6.47342, 9.99216, -5], "size": [10, 13, 10], "uv": [40, 34]}
					]
				},
				{
					"name": "cap2",
					"parent": "sinistea",
					"pivot": [-3.04842, 22.76716, 0],
					"rotation": [0, 0, -17.5],
					"cubes": [
						{"origin": [-4.04842, 22.21716, -0.3], "size": [2, 0, 3], "pivot": [-3.04842, 22.76716, 0], "rotation": [0, 90, -121], "uv": [0, 25]},
						{"origin": [-3.78128, 23.96163, -0.6], "size": [1, 1, 0], "pivot": [-3.75628, 24.91163, -0.5], "rotation": [0, -90, -31], "uv": [9, 0]},
						{"origin": [-3.78128, 23.96163, -0.525], "size": [1, 1, 0], "pivot": [-3.75628, 24.91163, -0.5], "rotation": [0, -90, -31], "uv": [0, 0]}
					]
				},
				{
					"name": "top_sec",
					"parent": "sinistea",
					"pivot": [-2.97342, 0.99216, -3.5],
					"cubes": [
						{"origin": [-3.97342, 22.99216, 2.5], "size": [5, 1, 2], "uv": [72, 63]},
						{"origin": [1.02658, 22.99216, -4.5], "size": [2, 1, 9], "uv": [70, 25]},
						{"origin": [-3.97342, 22.99216, -4.5], "size": [5, 1, 2], "uv": [72, 66]},
						{"origin": [-5.97342, 22.99216, -4.5], "size": [2, 1, 9], "uv": [63, 69]}
					]
				},
				{
					"name": "top_bolt",
					"parent": "sinistea",
					"pivot": [-0.28579, 22.97755, -1.18527],
					"cubes": [
						{"origin": [0.56727, 22.12395, -1.48939], "size": [0, 8, 10], "pivot": [0.65565, 23.61895, -1.15136], "rotation": [40, -87.5, 0], "uv": [50, 60]},
						{"origin": [0.56727, 30.11395, 0.51061], "size": [0, 7, 14], "pivot": [0.65565, 23.61895, -1.15136], "rotation": [40, -87.5, 0], "uv": [40, 11]},
						{"origin": [0.56727, 21.11395, 9.51061], "size": [0, 9, 14], "pivot": [0.65565, 23.61895, -1.15136], "rotation": [40, -87.5, 0], "uv": [0, 30]}
					]
				},
				{
					"name": "torso_sec_1",
					"parent": "top_bolt",
					"pivot": [-18.71582, 34.65995, -0.86973],
					"rotation": [0, 0, 40],
					"cubes": [
						{"origin": [-22.21582, 31.15995, -2.86973], "size": [7, 7, 4], "uv": [64, 14]}
					]
				},
				{
					"name": "head",
					"parent": "torso_sec_1",
					"pivot": [-21.21659, 34.09166, -0.76973],
					"cubes": [
						{"origin": [-38.01582, 23.10995, -6.76973], "size": [18, 13, 12], "uv": [0, 0]}
					]
				},
				{
					"name": "mouth2",
					"parent": "head",
					"pivot": [-28.41582, 28.65162, 5.28027],
					"rotation": [0, 0, -77.25],
					"cubes": [
						{"origin": [-29.91582, 27.98495, 5.28027], "size": [1, 1, 0], "uv": [1, 110]},
						{"origin": [-27.91582, 28.48495, 5.28027], "size": [1, 1, 0], "uv": [1, 108]},
						{"origin": [-28.91582, 27.98495, 5.28027], "size": [1, 1, 0], "uv": [1, 109]}
					]
				},
				{
					"name": "head_knot",
					"parent": "head",
					"pivot": [-38.07376, 23.94471, -0.76973]
				},
				{
					"name": "bone5",
					"parent": "head_knot",
					"pivot": [-42.35033, 35.47328, -2.73451]
				},
				{
					"name": "bone6",
					"parent": "bone5",
					"pivot": [-36.92875, 30.03706, -0.76973],
					"cubes": [
						{"origin": [-55.08242, 24.22817, -0.5606], "size": [18, 13, 0], "uv": [36, 57]}
					]
				},
				{
					"name": "bone7",
					"parent": "bone6",
					"pivot": [-46.08242, 30.72817, -0.5606],
					"cubes": [
						{"origin": [-58.08242, 36.59545, 1.6193], "size": [18, 13, 0], "pivot": [-37.09426, 33.42846, -0.4807], "rotation": [34.75, 0, 0], "uv": [0, 53]}
					]
				},
				{
					"name": "head_spark",
					"parent": "head",
					"pivot": [-10.84082, 35.10995, -5.16973],
					"cubes": [
						{"origin": [-38.4918, 35.46188, -3.76973], "size": [5, 6, 0], "pivot": [-35.9918, 35.26188, -3.76973], "rotation": [0, 0, -41], "uv": [0, 5]},
						{"origin": [-42.68858, 16.905, 3.23027], "size": [10, 8, 0], "pivot": [-37.93858, 22.205, 3.23027], "rotation": [0, 0, -28], "uv": [70, 35]}
					]
				},
				{
					"name": "ligthing",
					"parent": "head",
					"pivot": [-29, 36.15, 5],
					"rotation": [-38.71554, 11.80875, -9.31601]
				},
				{
					"name": "l1",
					"parent": "ligthing",
					"pivot": [-23.49404, 47.36222, 5.28027],
					"cubes": [
						{"origin": [-37.99082, 36.25995, 0.23027], "size": [18, 0, 5], "uv": [-5, 96]}
					]
				},
				{
					"name": "l2",
					"parent": "l1",
					"pivot": [-28.74404, 36.36222, -0.19473],
					"rotation": [0, -20.5, 0],
					"cubes": [
						{"origin": [-38.79371, 36.25995, -6.74722], "size": [18, 0, 7], "uv": [-7, 101]}
					]
				},
				{
					"name": "arm_r2",
					"parent": "head",
					"pivot": [-26.86582, 35.69005, 3.23027],
					"rotation": [9.44312, 46.42933, 55.08066],
					"cubes": [
						{"origin": [-27.97203, 34.67609, 2.74027], "size": [0, 3, 1], "pivot": [-27.97203, 34.72609, 3.21527], "rotation": [0, 0, 33.5], "uv": [0, 24]}
					]
				},
				{
					"name": "arm_sec_5",
					"parent": "arm_r2",
					"pivot": [-26.36582, 37.21505, 3.20527],
					"rotation": [0, 0, -21.25],
					"cubes": [
						{"origin": [-26.36582, 37.19005, 2.73027], "size": [0, 3, 1], "inflate": 0.01, "uv": [10, 7]}
					]
				},
				{
					"name": "arm_sec_6",
					"parent": "arm_sec_5",
					"pivot": [-26.79082, 39.91505, 3.23027],
					"rotation": [0, 0, -56.5],
					"cubes": [
						{"origin": [-26.31307, 39.70961, 2.74027], "size": [0, 3, 1], "uv": [10, 4]}
					]
				},
				{
					"name": "arm_sec_7",
					"parent": "arm_sec_6",
					"pivot": [-26.29082, 42.91505, 3.20527],
					"rotation": [0, 0, -16],
					"cubes": [
						{"origin": [-26.36883, 42.7237, 2.21527], "size": [0, 2, 2], "uv": [0, 26]}
					]
				},
				{
					"name": "hand_r2",
					"parent": "arm_sec_7",
					"pivot": [-4.01582, 44.91505, -1.16973]
				},
				{
					"name": "finger_mid2",
					"parent": "hand_r2",
					"pivot": [-4.01582, 44.91505, -1.16973]
				},
				{
					"name": "sec_right2",
					"parent": "finger_mid2",
					"pivot": [-26.26582, 44.65933, 3.82122],
					"rotation": [-36.60016, -5.84957, -7.81393],
					"cubes": [
						{"origin": [-26.36756, 44.52786, 3.44323], "size": [0, 1, 1], "uv": [0, 1]}
					]
				},
				{
					"name": "bone8",
					"parent": "sec_right2",
					"pivot": [-3.99082, 44.65933, 8.22009],
					"cubes": [
						{"origin": [-26.36756, 45.52786, 3.44323], "size": [0, 1, 1], "inflate": 0.01, "pivot": [-26.36756, 45.52786, 3.94323], "rotation": [0, 0, -24], "uv": [0, 0]}
					]
				},
				{
					"name": "sec_left2",
					"parent": "finger_mid2",
					"pivot": [-26.26582, 44.64005, 2.63027],
					"rotation": [36.69631, 5.10343, -6.80645],
					"cubes": [
						{"origin": [-26.36645, 44.51949, 2.0231], "size": [0, 1, 1], "uv": [9, 1]}
					]
				},
				{
					"name": "bone9",
					"parent": "sec_left2",
					"pivot": [-3.99082, 44.66505, -1.76973],
					"cubes": [
						{"origin": [-26.36645, 45.51949, 2.0231], "size": [0, 1, 1], "inflate": 0.01, "pivot": [-26.36645, 45.51949, 2.5231], "rotation": [0, 0, -24], "uv": [9, 0]}
					]
				},
				{
					"name": "sec_mid2",
					"parent": "finger_mid2",
					"pivot": [-26.29082, 44.91505, 3.23027],
					"rotation": [0, 0, -15.5],
					"cubes": [
						{"origin": [-26.41713, 44.75151, 2.74027], "size": [0, 1, 1], "uv": [2, 10]}
					]
				},
				{
					"name": "bone10",
					"parent": "sec_mid2",
					"pivot": [-4.01582, 44.91505, -1.16973],
					"cubes": [
						{"origin": [-26.41713, 45.75151, 2.74027], "size": [0, 1, 1], "inflate": 0.01, "pivot": [-26.41713, 45.75151, 3.24027], "rotation": [0, 0, -24], "uv": [0, 10]}
					]
				},
				{
					"name": "arm_r",
					"parent": "head",
					"pivot": [-26.86582, 23.30995, 3.23027],
					"rotation": [-9.44312, 46.42933, -55.08066],
					"cubes": [
						{"origin": [-27.97203, 21.32391, 2.74027], "size": [0, 3, 1], "pivot": [-27.97203, 24.27391, 3.21527], "rotation": [0, 0, -33.5], "uv": [0, 24]}
					]
				},
				{
					"name": "arm_sec_2",
					"parent": "arm_r",
					"pivot": [-26.36582, 21.78495, 3.20527],
					"rotation": [0, 0, 21.25],
					"cubes": [
						{"origin": [-26.36582, 18.80995, 2.73027], "size": [0, 3, 1], "inflate": 0.01, "uv": [10, 7]}
					]
				},
				{
					"name": "arm_sec_4",
					"parent": "arm_sec_2",
					"pivot": [-26.79082, 19.08495, 3.23027],
					"rotation": [0, 0, 56.5],
					"cubes": [
						{"origin": [-26.31307, 16.29039, 2.74027], "size": [0, 3, 1], "uv": [10, 4]}
					]
				},
				{
					"name": "arm_sec_3",
					"parent": "arm_sec_4",
					"pivot": [-26.29082, 16.08495, 3.20527],
					"rotation": [0, 0, 16],
					"cubes": [
						{"origin": [-26.36883, 14.2763, 2.21527], "size": [0, 2, 2], "uv": [0, 26]}
					]
				},
				{
					"name": "hand_r",
					"parent": "arm_sec_3",
					"pivot": [-4.01582, 14.08495, -1.16973]
				},
				{
					"name": "finger_mid",
					"parent": "hand_r",
					"pivot": [-4.01582, 14.08495, -1.16973]
				},
				{
					"name": "sec_right",
					"parent": "finger_mid",
					"pivot": [-26.26582, 14.34067, 3.82122],
					"rotation": [36.60016, -5.84957, 7.81393],
					"cubes": [
						{"origin": [-26.36756, 13.47214, 3.44323], "size": [0, 1, 1], "uv": [0, 1]}
					]
				},
				{
					"name": "bone4",
					"parent": "sec_right",
					"pivot": [-3.99082, 14.34067, 8.22009],
					"cubes": [
						{"origin": [-26.36756, 12.47214, 3.44323], "size": [0, 1, 1], "inflate": 0.01, "pivot": [-26.36756, 13.47214, 3.94323], "rotation": [0, 0, 24], "uv": [0, 0]}
					]
				},
				{
					"name": "sec_left",
					"parent": "finger_mid",
					"pivot": [-26.26582, 14.35995, 2.63027],
					"rotation": [-36.69631, 5.10343, 6.80645],
					"cubes": [
						{"origin": [-26.36645, 13.48051, 2.0231], "size": [0, 1, 1], "uv": [9, 1]}
					]
				},
				{
					"name": "bone3",
					"parent": "sec_left",
					"pivot": [-3.99082, 14.33495, -1.76973],
					"cubes": [
						{"origin": [-26.36645, 12.48051, 2.0231], "size": [0, 1, 1], "inflate": 0.01, "pivot": [-26.36645, 13.48051, 2.5231], "rotation": [0, 0, 24], "uv": [9, 0]}
					]
				},
				{
					"name": "sec_mid",
					"parent": "finger_mid",
					"pivot": [-26.29082, 14.08495, 3.23027],
					"rotation": [0, 0, 15.5],
					"cubes": [
						{"origin": [-26.41713, 13.24849, 2.74027], "size": [0, 1, 1], "uv": [2, 10]}
					]
				},
				{
					"name": "bone2",
					"parent": "sec_mid",
					"pivot": [-4.01582, 14.08495, -1.16973],
					"cubes": [
						{"origin": [-26.41713, 12.24849, 2.74027], "size": [0, 1, 1], "inflate": 0.01, "pivot": [-26.41713, 13.24849, 3.24027], "rotation": [0, 0, 24], "uv": [0, 10]}
					]
				},
				{
					"name": "bot",
					"parent": "sinistea",
					"pivot": [-1.47342, 0.99216, 0],
					"cubes": [
						{"origin": [-5.97342, 8.99216, -4.5], "size": [9, 1, 9], "uv": [48, 0]}
					]
				},
				{
					"name": "left_energy",
					"parent": "bot",
					"pivot": [-1.47342, 0.99216, 0],
					"cubes": [
						{"origin": [-4.09842, 6.99216, -3], "size": [4, 2, 4], "uv": [72, 57]}
					]
				},
				{
					"name": "bot_bolt",
					"parent": "left_energy",
					"pivot": [-1.80505, 7.31216, -0.38162],
					"rotation": [14.25, 64, 0],
					"cubes": [
						{"origin": [-2.55099, 2.17979, -5.34752], "size": [0, 7, 13], "pivot": [-2.4626, 5.09979, -2.33448], "rotation": [154.13361, -25.99809, 178.7808], "uv": [0, 53]},
						{"origin": [-2.55099, 7.16979, -1.34752], "size": [0, 7, 12], "pivot": [-2.4626, 5.09979, -2.33448], "rotation": [154.13361, -25.99809, 178.7808], "uv": [26, 58]}
					]
				},
				{
					"name": "right_energy",
					"parent": "bot",
					"pivot": [-1.47342, 0.99216, 0],
					"cubes": [
						{"origin": [-1.09842, 7.99216, -1], "size": [3, 2, 3], "uv": [0, 0]}
					]
				}
			]
		}
	]
}