{
	"format_version": "1.12.0",
	"minecraft:geometry": [
		{
			"description": {
				"identifier": "geometry.mega_flygon",
				"texture_width": 256,
				"texture_height": 256,
				"visible_bounds_width": 11,
				"visible_bounds_height": 9.5,
				"visible_bounds_offset": [0, 4.25, 0]
			},
			"bones": [
				{
					"name": "mega_flygon",
					"pivot": [0, 0, 0]
				},
				{
					"name": "body",
					"parent": "mega_flygon",
					"pivot": [0, 21, 0]
				},
				{
					"name": "torso",
					"parent": "body",
					"pivot": [0, 10, 1],
					"cubes": [
						{"origin": [-6.5, 4, -5.5], "size": [13, 14, 14], "uv": [42, 44]}
					]
				},
				{
					"name": "chest",
					"parent": "torso",
					"pivot": [0, 18, 2],
					"cubes": [
						{"origin": [-5, 16.5, -3], "size": [10, 8, 10], "uv": [98, 0]}
					]
				},
				{
					"name": "arms",
					"parent": "chest",
					"pivot": [0, 22, 3]
				},
				{
					"name": "arm_left",
					"parent": "arms",
					"pivot": [5.5, 23, 3],
					"cubes": [
						{"origin": [5, 21, 1], "size": [6, 2, 2], "inflate": 0.01, "uv": [200, 64]}
					]
				},
				{
					"name": "arm_left2",
					"parent": "arm_left",
					"pivot": [11, 21, 3],
					"cubes": [
						{"origin": [11, 21, 1], "size": [5, 2, 2], "uv": [187, 75]}
					]
				},
				{
					"name": "hand_left",
					"parent": "arm_left2",
					"pivot": [16, 22, 2],
					"cubes": [
						{"origin": [16, 21, 0], "size": [3, 2, 4], "inflate": 0.02, "uv": [197, 76]}
					]
				},
				{
					"name": "finger_back_left",
					"parent": "hand_left",
					"pivot": [19, 21, 2.5],
					"rotation": [0, -45, 0]
				},
				{
					"name": "finger_back_left_rotation",
					"parent": "finger_back_left",
					"pivot": [19, 23, 3.5],
					"cubes": [
						{"origin": [19, 21, 2.5], "size": [2, 2, 2], "uv": [203, 88]}
					]
				},
				{
					"name": "finger_back_left2",
					"parent": "finger_back_left_rotation",
					"pivot": [21, 23, 3.5],
					"cubes": [
						{"origin": [21, 21, 2.5], "size": [2, 2, 2], "inflate": 0.01, "uv": [197, 104]}
					]
				},
				{
					"name": "finger_back_left3",
					"parent": "finger_back_left2",
					"pivot": [23, 23, 3.5],
					"cubes": [
						{"origin": [23, 21, 3], "size": [2, 2, 1], "uv": [182, 113]}
					]
				},
				{
					"name": "finger_center_left",
					"parent": "hand_left",
					"pivot": [19, 21, 2],
					"cubes": [
						{"origin": [19, 21, 1], "size": [2, 2, 2], "inflate": 0.01, "uv": [195, 88]}
					]
				},
				{
					"name": "finger_center_left2",
					"parent": "finger_center_left",
					"pivot": [21, 23, 2],
					"cubes": [
						{"origin": [21, 21, 1], "size": [2, 2, 2], "inflate": 0.02, "uv": [205, 96]}
					]
				},
				{
					"name": "finger_center_left3",
					"parent": "finger_center_left2",
					"pivot": [23, 23, 2],
					"cubes": [
						{"origin": [23, 21, 1.5], "size": [2, 2, 1], "uv": [188, 107]}
					]
				},
				{
					"name": "finger_front_left",
					"parent": "hand_left",
					"pivot": [19, 21, 1.5],
					"rotation": [0, 45, 0]
				},
				{
					"name": "finger_front_left_rotation",
					"parent": "finger_front_left",
					"pivot": [19, 23, 0.5],
					"cubes": [
						{"origin": [19, 21, -0.5], "size": [2, 2, 2], "uv": [187, 88]}
					]
				},
				{
					"name": "finger_front_left2",
					"parent": "finger_front_left_rotation",
					"pivot": [21, 23, 0.5],
					"cubes": [
						{"origin": [21, 21, -0.5], "size": [2, 2, 2], "inflate": 0.01, "uv": [197, 96]}
					]
				},
				{
					"name": "finger_front_left3",
					"parent": "finger_front_left2",
					"pivot": [23, 23, 0.5],
					"cubes": [
						{"origin": [23, 21, 0], "size": [2, 2, 1], "uv": [182, 107]}
					]
				},
				{
					"name": "arm_right",
					"parent": "arms",
					"pivot": [-5.5, 23, 3],
					"cubes": [
						{"origin": [-11, 21, 1], "size": [6, 2, 2], "inflate": 0.01, "uv": [200, 64], "mirror": true}
					]
				},
				{
					"name": "arm_right2",
					"parent": "arm_right",
					"pivot": [-11, 21, 3],
					"cubes": [
						{"origin": [-16, 21, 1], "size": [5, 2, 2], "uv": [187, 75], "mirror": true}
					]
				},
				{
					"name": "hand_right",
					"parent": "arm_right2",
					"pivot": [-16, 22, 2],
					"cubes": [
						{"origin": [-19, 21, 0], "size": [3, 2, 4], "inflate": 0.02, "uv": [197, 76], "mirror": true}
					]
				},
				{
					"name": "finger_back_right",
					"parent": "hand_right",
					"pivot": [-19, 21, 2.5],
					"rotation": [0, 45, 0]
				},
				{
					"name": "finger_back_right_rotation",
					"parent": "finger_back_right",
					"pivot": [-19, 23, 3.5],
					"cubes": [
						{"origin": [-21, 21, 2.5], "size": [2, 2, 2], "uv": [203, 88], "mirror": true}
					]
				},
				{
					"name": "finger_back_right2",
					"parent": "finger_back_right_rotation",
					"pivot": [-21, 23, 3.5],
					"cubes": [
						{"origin": [-23, 21, 2.5], "size": [2, 2, 2], "inflate": 0.01, "uv": [197, 104], "mirror": true}
					]
				},
				{
					"name": "finger_back_right3",
					"parent": "finger_back_right2",
					"pivot": [-23, 23, 3.5],
					"cubes": [
						{"origin": [-25, 21, 3], "size": [2, 2, 1], "uv": [182, 113], "mirror": true}
					]
				},
				{
					"name": "finger_center_right",
					"parent": "hand_right",
					"pivot": [-19, 21, 2],
					"cubes": [
						{"origin": [-21, 21, 1], "size": [2, 2, 2], "inflate": 0.01, "uv": [195, 88], "mirror": true}
					]
				},
				{
					"name": "finger_center_right2",
					"parent": "finger_center_right",
					"pivot": [-21, 23, 2],
					"cubes": [
						{"origin": [-23, 21, 1], "size": [2, 2, 2], "inflate": 0.02, "uv": [205, 96], "mirror": true}
					]
				},
				{
					"name": "finger_center_right3",
					"parent": "finger_center_right2",
					"pivot": [-23, 23, 2],
					"cubes": [
						{"origin": [-25, 21, 1.5], "size": [2, 2, 1], "uv": [188, 107], "mirror": true}
					]
				},
				{
					"name": "finger_front_right",
					"parent": "hand_right",
					"pivot": [-19, 21, 1.5],
					"rotation": [0, -45, 0]
				},
				{
					"name": "finger_front_right_rotation",
					"parent": "finger_front_right",
					"pivot": [-19, 23, 0.5],
					"cubes": [
						{"origin": [-21, 21, -0.5], "size": [2, 2, 2], "uv": [187, 88], "mirror": true}
					]
				},
				{
					"name": "finger_front_right2",
					"parent": "finger_front_right_rotation",
					"pivot": [-21, 23, 0.5],
					"cubes": [
						{"origin": [-23, 21, -0.5], "size": [2, 2, 2], "inflate": 0.01, "uv": [197, 96], "mirror": true}
					]
				},
				{
					"name": "finger_front_right3",
					"parent": "finger_front_right2",
					"pivot": [-23, 23, 0.5],
					"cubes": [
						{"origin": [-25, 21, 0], "size": [2, 2, 1], "uv": [182, 107], "mirror": true}
					]
				},
				{
					"name": "wings",
					"parent": "chest",
					"pivot": [0, 23, 10.8],
					"rotation": [5, 0, 0]
				},
				{
					"name": "wing_left",
					"parent": "wings",
					"pivot": [5, 23, 5.8]
				},
				{
					"name": "wing_left_rotation",
					"parent": "wing_left",
					"pivot": [4, 23, 5.8],
					"cubes": [
						{"origin": [5, 12.5, 5.81], "size": [26, 19, 0], "inflate": 0.01, "uv": [52, 72]}
					]
				},
				{
					"name": "wing_left2",
					"parent": "wing_left_rotation",
					"pivot": [31, 23, 5.8],
					"cubes": [
						{"origin": [31, 8.5, 5.81], "size": [49, 27, 0], "inflate": 0.01, "uv": [0, 0]}
					]
				},
				{
					"name": "wing_left_top",
					"parent": "wing_left2",
					"pivot": [61.5, 39, 5.81],
					"cubes": [
						{"origin": [42, 30.5, 5.81], "size": [39, 17, 0], "inflate": 0.01, "uv": [56, 27]}
					]
				},
				{
					"name": "wing_left_bot",
					"parent": "wing_left2",
					"pivot": [61.5, 5, 5.81],
					"cubes": [
						{"origin": [42, -3.5, 5.81], "size": [39, 17, 0], "inflate": 0.01, "uv": [56, 27]}
					]
				},
				{
					"name": "wing_right",
					"parent": "wings",
					"pivot": [-5, 23, 5.8]
				},
				{
					"name": "wing_right_rotation",
					"parent": "wing_right",
					"pivot": [-4, 23, 5.8],
					"cubes": [
						{"origin": [-31, 12.5, 5.81], "size": [26, 19, 0], "inflate": 0.01, "uv": [52, 72], "mirror": true}
					]
				},
				{
					"name": "wing_right2",
					"parent": "wing_right_rotation",
					"pivot": [-31, 23, 5.8],
					"cubes": [
						{"origin": [-80, 8.5, 5.81], "size": [49, 27, 0], "inflate": 0.01, "uv": [0, 0], "mirror": true}
					]
				},
				{
					"name": "wing_right_top",
					"parent": "wing_right2",
					"pivot": [-61.5, 39, 5.81],
					"cubes": [
						{"origin": [-81, 30.5, 5.81], "size": [39, 17, 0], "inflate": 0.01, "uv": [56, 27], "mirror": true}
					]
				},
				{
					"name": "wing_right_bot",
					"parent": "wing_right2",
					"pivot": [-61.5, 5, 5.81],
					"cubes": [
						{"origin": [-81, -3.5, 5.81], "size": [39, 17, 0], "inflate": 0.01, "uv": [56, 27], "mirror": true}
					]
				},
				{
					"name": "neck",
					"parent": "chest",
					"pivot": [0, 24.5, 2.75],
					"cubes": [
						{"origin": [-3.5, 23.5, -1.25], "size": [7, 9, 7], "inflate": 0.02, "uv": [109, 117]},
						{"origin": [1.5, 26.5, 5.75], "size": [0, 5, 11], "inflate": 0.01, "pivot": [1.5, 36, 4.75], "rotation": [0, 15, 0], "uv": [60, 84]},
						{"origin": [-1.5, 26.5, 5.75], "size": [0, 5, 11], "inflate": 0.01, "pivot": [-1.5, 36, 4.75], "rotation": [0, -15, 0], "uv": [60, 84], "mirror": true}
					]
				},
				{
					"name": "neck2",
					"parent": "neck",
					"pivot": [-0.25, 31.5, 2.25],
					"cubes": [
						{"origin": [-3, 31.5, -0.25], "size": [6, 6, 5], "inflate": 0.01, "uv": [23, 130]},
						{"origin": [1, 33.5, 4.75], "size": [0, 5, 11], "inflate": 0.01, "pivot": [1.5, 36, 4.75], "rotation": [0, 15, 0], "uv": [60, 84]},
						{"origin": [-1, 33.5, 4.75], "size": [0, 5, 11], "inflate": 0.01, "pivot": [-1.5, 36, 4.75], "rotation": [0, -15, 0], "uv": [60, 84], "mirror": true}
					]
				},
				{
					"name": "neck3",
					"parent": "neck2",
					"pivot": [-0.25, 37.5, 2.25],
					"cubes": [
						{"origin": [-2.5, 36.5, 0.25], "size": [5, 6, 4], "uv": [128, 0]}
					]
				},
				{
					"name": "head",
					"parent": "neck3",
					"pivot": [0.25, 42.5, 2.25],
					"cubes": [
						{"origin": [-4.5, 42.5, -6.25], "size": [9, 8, 12], "uv": [72, 91]},
						{"origin": [4, 42.75, 1.75], "size": [1, 2, 3], "uv": [42, 82]},
						{"origin": [-5, 42.75, 1.75], "size": [1, 2, 3], "uv": [42, 82], "mirror": true}
					]
				},
				{
					"name": "front_antenna",
					"parent": "head",
					"pivot": [4.5, 49, -5.25],
					"cubes": [
						{"origin": [4.5, 48.5, -5.25], "size": [5, 1, 0], "uv": [40, 57]}
					]
				},
				{
					"name": "front_antenna2",
					"parent": "front_antenna",
					"pivot": [9.5, 49, -5.25],
					"cubes": [
						{"origin": [9.5, 48.5, -5.25], "size": [5, 1, 0], "uv": [30, 57]}
					]
				},
				{
					"name": "front_antenna3",
					"parent": "front_antenna2",
					"pivot": [14.5, 49, -5.25],
					"cubes": [
						{"origin": [14.5, 48.5, -5.25], "size": [5, 1, 0], "uv": [20, 57]}
					]
				},
				{
					"name": "front_antenna4",
					"parent": "front_antenna3",
					"pivot": [19.5, 49, -5.25],
					"cubes": [
						{"origin": [19.5, 48.5, -5.25], "size": [5, 1, 0], "uv": [10, 57]}
					]
				},
				{
					"name": "front_antenna5",
					"parent": "head",
					"pivot": [-4.5, 49, -5.25],
					"cubes": [
						{"origin": [-9.5, 48.5, -5.25], "size": [5, 1, 0], "uv": [40, 57], "mirror": true}
					]
				},
				{
					"name": "front_antenna6",
					"parent": "front_antenna5",
					"pivot": [-9.5, 49, -5.25],
					"cubes": [
						{"origin": [-14.5, 48.5, -5.25], "size": [5, 1, 0], "uv": [30, 57], "mirror": true}
					]
				},
				{
					"name": "front_antenna7",
					"parent": "front_antenna6",
					"pivot": [-14.5, 49, -5.25],
					"cubes": [
						{"origin": [-19.5, 48.5, -5.25], "size": [5, 1, 0], "uv": [20, 57], "mirror": true}
					]
				},
				{
					"name": "front_antenna8",
					"parent": "front_antenna7",
					"pivot": [-19.5, 49, -5.25],
					"cubes": [
						{"origin": [-24.5, 48.5, -5.25], "size": [5, 1, 0], "uv": [10, 57], "mirror": true}
					]
				},
				{
					"name": "eyes",
					"parent": "head",
					"pivot": [0.25, 46.5, -1.25]
				},
				{
					"name": "eye_left",
					"parent": "eyes",
					"pivot": [4.51, 46.5, -1.75],
					"cubes": [
						{"origin": [4.51, 45, -3.75], "size": [0, 3, 4], "uv": [0, 26]}
					]
				},
				{
					"name": "eye_shine_left",
					"parent": "eye_left",
					"pivot": [4.52, 46.5, -2.75],
					"cubes": [
						{"origin": [4.52, 46, -3.25], "size": [0, 1, 1], "uv": [2, 32]}
					]
				},
				{
					"name": "eyelid_left",
					"parent": "eye_left",
					"pivot": [3.92, 46.5, -1.75],
					"cubes": [
						{"origin": [3.42, 45, -3.75], "size": [1, 3, 4], "inflate": 0.01, "uv": [32, 82]}
					]
				},
				{
					"name": "eye_right",
					"parent": "eyes",
					"pivot": [-4.51, 46.5, -1.75],
					"cubes": [
						{"origin": [-4.51, 45, -3.75], "size": [0, 3, 4], "uv": [0, 23]}
					]
				},
				{
					"name": "eye_shine_right",
					"parent": "eye_right",
					"pivot": [-4.52, 46.5, -2.75],
					"cubes": [
						{"origin": [-4.52, 46, -3.25], "size": [0, 1, 1], "uv": [0, 32]}
					]
				},
				{
					"name": "eyelid_right",
					"parent": "eye_right",
					"pivot": [-3.92, 46.5, -1.75],
					"cubes": [
						{"origin": [-4.42, 45, -3.75], "size": [1, 3, 4], "inflate": 0.01, "uv": [0, 65]}
					]
				},
				{
					"name": "mouth",
					"parent": "head",
					"pivot": [0, 42.59, -3.25],
					"cubes": [
						{"origin": [-2.5, 42.59, -4.75], "size": [5, 0, 3], "uv": [14, 47]}
					]
				},
				{
					"name": "eye_bubble_left",
					"parent": "head",
					"pivot": [4.5, 45.5, -2.25],
					"cubes": [
						{"origin": [6, 44.5, -5.25], "size": [0, 4, 6], "uv": [17, 37]},
						{"origin": [4, 48.5, -5.25], "size": [2, 0, 6], "uv": [19, 27]},
						{"origin": [4, 44.5, -5.25], "size": [2, 0, 6], "uv": [15, 27]},
						{"origin": [4, 44.5, -5.25], "size": [2, 4, 0], "uv": [38, 58]},
						{"origin": [4, 44.5, 0.75], "size": [2, 4, 0], "uv": [0, 57]}
					]
				},
				{
					"name": "eye_bubble_right",
					"parent": "head",
					"pivot": [-4.5, 45.5, -2.25],
					"cubes": [
						{"origin": [-6, 44.5, -5.25], "size": [0, 4, 6], "uv": [17, 37], "mirror": true},
						{"origin": [-6, 48.5, -5.25], "size": [2, 0, 6], "uv": [19, 27], "mirror": true},
						{"origin": [-6, 44.5, -5.25], "size": [2, 0, 6], "uv": [15, 27], "mirror": true},
						{"origin": [-6, 44.5, -5.25], "size": [2, 4, 0], "uv": [38, 58], "mirror": true},
						{"origin": [-6, 44.5, 0.75], "size": [2, 4, 0], "uv": [0, 57], "mirror": true}
					]
				},
				{
					"name": "antenna_left",
					"parent": "head",
					"pivot": [1.5, 50.52827, -1.38895],
					"rotation": [12.92638, 14.63639, 3.31914],
					"cubes": [
						{"origin": [1.5, 50.02511, 0.71796], "size": [2, 5, 12], "inflate": 0.01, "uv": [81, 115]},
						{"origin": [1.5, 48.02511, 0.31796], "size": [2, 5, 4], "pivot": [2.5, 52.52511, 2.71796], "rotation": [-32.5, 0, 0], "uv": [0, 82]}
					]
				},
				{
					"name": "antenna_left2",
					"parent": "antenna_left",
					"pivot": [2, 53.02511, 12.71796],
					"cubes": [
						{"origin": [2, 51.02511, 12.71796], "size": [1, 4, 8], "inflate": 0.01, "uv": [129, 125]}
					]
				},
				{
					"name": "antenna_left3",
					"parent": "antenna_left2",
					"pivot": [2, 53.02511, 25.71796],
					"cubes": [
						{"origin": [2.5, 51.02511, 20.71796], "size": [0, 4, 20], "uv": [44, 71]}
					]
				},
				{
					"name": "antenna_right",
					"parent": "head",
					"pivot": [-1.5, 50.52827, -1.38895],
					"rotation": [12.92638, -14.63639, -3.31914],
					"cubes": [
						{"origin": [-3.5, 50.02511, 0.71796], "size": [2, 5, 12], "inflate": 0.01, "uv": [81, 115], "mirror": true},
						{"origin": [-3.5, 48.02511, 0.31796], "size": [2, 5, 4], "pivot": [-2.5, 52.52511, 2.71796], "rotation": [-32.5, 0, 0], "uv": [0, 82], "mirror": true}
					]
				},
				{
					"name": "antenna_right2",
					"parent": "antenna_right",
					"pivot": [-2, 53.02511, 12.71796],
					"cubes": [
						{"origin": [-3, 51.02511, 12.71796], "size": [1, 4, 8], "inflate": 0.01, "uv": [129, 125], "mirror": true}
					]
				},
				{
					"name": "antenna_right3",
					"parent": "antenna_right2",
					"pivot": [-2, 53.02511, 25.71796],
					"cubes": [
						{"origin": [-2.5, 51.02511, 20.71796], "size": [0, 4, 20], "uv": [44, 71], "mirror": true}
					]
				},
				{
					"name": "tail",
					"parent": "torso",
					"pivot": [0, 3, -1],
					"cubes": [
						{"origin": [-6, 3, -5], "size": [12, 10, 14], "uv": [0, 58]}
					]
				},
				{
					"name": "tail2",
					"parent": "tail",
					"pivot": [0, 8.00556, 7.58333],
					"cubes": [
						{"origin": [-5, 3.5, 7.5], "size": [10, 9, 12], "uv": [0, 82]}
					]
				},
				{
					"name": "tail3",
					"parent": "tail2",
					"pivot": [0, 8.00588, 18.58824],
					"cubes": [
						{"origin": [-4, 4.5, 18], "size": [8, 7, 12], "uv": [32, 95]}
					]
				},
				{
					"name": "tail4",
					"parent": "tail3",
					"pivot": [0, 8.00625, 30.125],
					"cubes": [
						{"origin": [-4, 4.5, 30], "size": [8, 7, 12], "uv": [32, 95]}
					]
				},
				{
					"name": "tail_spike",
					"parent": "tail4",
					"pivot": [0, 11.5, 37.25],
					"cubes": [
						{"origin": [0, 11.5, 34.75], "size": [0, 11, 5], "inflate": 0.01, "uv": [0, 38]}
					]
				},
				{
					"name": "tail5",
					"parent": "tail4",
					"pivot": [0, 8.00667, 42.6],
					"cubes": [
						{"origin": [-3.5, 5, 42], "size": [7, 6, 12], "uv": [102, 79]}
					]
				},
				{
					"name": "tail6",
					"parent": "tail5",
					"pivot": [0, 8.00714, 54],
					"cubes": [
						{"origin": [-3.5, 5, 54], "size": [7, 6, 12], "uv": [102, 47]}
					]
				},
				{
					"name": "tail7",
					"parent": "tail6",
					"pivot": [0, 8.00769, 66.30769],
					"cubes": [
						{"origin": [-3, 5, 66], "size": [6, 6, 12], "uv": [102, 99]}
					]
				},
				{
					"name": "tail8",
					"parent": "tail7",
					"pivot": [0, 8.00833, 78.5],
					"cubes": [
						{"origin": [-3, 5, 78], "size": [6, 6, 11], "uv": [0, 103]}
					]
				},
				{
					"name": "tail_spike2",
					"parent": "tail8",
					"pivot": [0, 11, 82.25],
					"cubes": [
						{"origin": [0, 11, 79.75], "size": [0, 11, 5], "inflate": 0.01, "uv": [0, 38]}
					]
				},
				{
					"name": "tail9",
					"parent": "tail8",
					"pivot": [0, 8.00909, 88.59091],
					"cubes": [
						{"origin": [-2.5, 5.5, 89], "size": [5, 5, 11], "uv": [23, 114]}
					]
				},
				{
					"name": "tail10",
					"parent": "tail9",
					"pivot": [0, 8.01, 100.6],
					"cubes": [
						{"origin": [-2.5, 5.5, 100], "size": [5, 5, 11], "uv": [61, 111]}
					]
				},
				{
					"name": "tail11",
					"parent": "tail10",
					"pivot": [0, 8.01111, 111],
					"cubes": [
						{"origin": [-2, 6, 111], "size": [4, 4, 10], "uv": [45, 127]}
					]
				},
				{
					"name": "tail12",
					"parent": "tail11",
					"pivot": [0, 8.0125, 121.3125],
					"cubes": [
						{"origin": [-2, 6, 121], "size": [4, 4, 10], "uv": [126, 97]}
					]
				},
				{
					"name": "tail_spike3",
					"parent": "tail12",
					"pivot": [0, 10, 127.25],
					"cubes": [
						{"origin": [0, 10, 124.75], "size": [0, 11, 5], "inflate": 0.01, "uv": [0, 38]}
					]
				},
				{
					"name": "tail13",
					"parent": "tail12",
					"pivot": [0, 8.01429, 131.07143],
					"cubes": [
						{"origin": [-2, 6, 131], "size": [4, 4, 10], "uv": [0, 120]}
					]
				},
				{
					"name": "tail14",
					"parent": "tail13",
					"pivot": [0, 8.01667, 140.75],
					"cubes": [
						{"origin": [-1.5, 6.5, 140.5], "size": [3, 3, 11], "uv": [0, 43]}
					]
				},
				{
					"name": "tail15",
					"parent": "tail14",
					"pivot": [0, 8.02, 151.3],
					"cubes": [
						{"origin": [-1.5, 6.5, 151.5], "size": [3, 3, 11], "uv": [104, 65]}
					]
				},
				{
					"name": "tail16",
					"parent": "tail15",
					"pivot": [0, 8.01667, 162.5],
					"cubes": [
						{"origin": [-1.5, 6.5, 162.5], "size": [3, 3, 10], "uv": [124, 34]}
					]
				},
				{
					"name": "tail17",
					"parent": "tail16",
					"pivot": [0, 8.02, 172.3],
					"cubes": [
						{"origin": [-1, 7, 172.5], "size": [2, 2, 9], "uv": [128, 76]}
					]
				},
				{
					"name": "bone",
					"parent": "tail17",
					"pivot": [1.01041, 8, 179.53249],
					"rotation": [0, 67.5, 0],
					"cubes": [
						{"origin": [-3.48959, 8, 179.53249], "size": [9, 0, 15], "inflate": 0.01, "uv": [81, 44]}
					]
				},
				{
					"name": "bone2",
					"parent": "tail17",
					"pivot": [-1.01041, 8, 179.53249],
					"rotation": [0, -67.5, 0],
					"cubes": [
						{"origin": [-5.51041, 8, 179.53249], "size": [9, 0, 15], "inflate": 0.01, "uv": [81, 44], "mirror": true}
					]
				},
				{
					"name": "tail18",
					"parent": "tail17",
					"pivot": [0, 8.025, 181.375],
					"cubes": [
						{"origin": [-6.5, 8.1, 183.5], "size": [13, 0, 30], "uv": [0, 27]},
						{"origin": [-1, 7, 181.5], "size": [2, 2, 8], "uv": [63, 127]}
					]
				},
				{
					"name": "legs",
					"parent": "body",
					"pivot": [0, 13.75, 0]
				},
				{
					"name": "leg_right",
					"parent": "legs",
					"pivot": [-6.5, 8.5, 0],
					"cubes": [
						{"origin": [-10.25, 9.25, -4], "size": [5, 4, 8], "uv": [128, 47]},
						{"origin": [-10.75, 2.25, -4.5], "size": [6, 7, 9], "uv": [0, 27]}
					]
				},
				{
					"name": "leg_right2",
					"parent": "leg_right",
					"pivot": [-7.75, 2.75, 0.5],
					"cubes": [
						{"origin": [-9.25, -1.25, -1.5], "size": [3, 4, 4], "uv": [0, 57]}
					]
				},
				{
					"name": "foot_right",
					"parent": "leg_right2",
					"pivot": [-7.75, -1.25, 0.5],
					"cubes": [
						{"origin": [-10.25, -3.25, -5.5], "size": [5, 2, 9], "inflate": 0.01, "uv": [121, 65]}
					]
				},
				{
					"name": "foot_right2",
					"parent": "foot_right",
					"pivot": [-7.75, -1.25, -5.5],
					"cubes": [
						{"origin": [-10.25, -3.25, -12.5], "size": [5, 2, 7], "inflate": 0.02, "uv": [98, 18]},
						{"origin": [-9.75, -3.25, -14.5], "size": [4, 2, 2], "inflate": 0.02, "uv": [17, 50]}
					]
				},
				{
					"name": "leg_left",
					"parent": "legs",
					"pivot": [6.5, 8.5, 0],
					"cubes": [
						{"origin": [5.25, 9.25, -4], "size": [5, 4, 8], "uv": [128, 47], "mirror": true},
						{"origin": [4.75, 2.25, -4.5], "size": [6, 7, 9], "uv": [0, 27], "mirror": true}
					]
				},
				{
					"name": "leg_left2",
					"parent": "leg_left",
					"pivot": [7.75, 2.75, 0.5],
					"cubes": [
						{"origin": [6.25, -1.25, -1.5], "size": [3, 4, 4], "uv": [0, 57], "mirror": true}
					]
				},
				{
					"name": "foot_left",
					"parent": "leg_left2",
					"pivot": [7.75, -1.25, 0.5],
					"cubes": [
						{"origin": [5.25, -3.25, -5.5], "size": [5, 2, 9], "inflate": 0.01, "uv": [121, 65], "mirror": true}
					]
				},
				{
					"name": "foot_left2",
					"parent": "foot_left",
					"pivot": [7.75, -1.25, -5.5],
					"cubes": [
						{"origin": [5.25, -3.25, -12.5], "size": [5, 2, 7], "inflate": 0.02, "uv": [98, 18], "mirror": true},
						{"origin": [5.75, -3.25, -14.5], "size": [4, 2, 2], "inflate": 0.02, "uv": [17, 50], "mirror": true}
					]
				}
			]
		}
	]
}