{
	"format_version": "1.12.0",
	"minecraft:geometry": [
		{
			"description": {
				"identifier": "geometry.gorchu_ashhat",
				"texture_width": 128,
				"texture_height": 128,
				"visible_bounds_width": 7,
				"visible_bounds_height": 3.5,
				"visible_bounds_offset": [0, 1.25, 0]
			},
			"bones": [
				{
					"name": "raichu",
					"pivot": [0, 0, 0]
				},
				{
					"name": "body",
					"parent": "raichu",
					"pivot": [0, 0, 0]
				},
				{
					"name": "torso",
					"parent": "body",
					"pivot": [0, 9.5, 0],
					"cubes": [
						{"origin": [-5.75, 4, -5], "size": [12, 12, 11], "uv": [25, 23]},
						{"origin": [3.25, 4, 6], "size": [0, 12, 3], "uv": [34, 43]},
						{"origin": [-2.75, 4, 6], "size": [0, 12, 3], "uv": [34, 43]}
					]
				},
				{
					"name": "head",
					"parent": "torso",
					"pivot": [0, 16, 0.25],
					"cubes": [
						{"origin": [-5, 16, -4.25], "size": [10, 8, 9], "uv": [0, 0]},
						{"origin": [3.25, 16, 4.75], "size": [0, 8, 3], "uv": [0, 45]},
						{"origin": [-3.25, 16, 4.75], "size": [0, 8, 3], "uv": [0, 45], "mirror": true},
						{"origin": [3, 21, -4.25], "size": [0, 8, 2], "pivot": [2, 23, -3], "rotation": [42.39121, -3.37562, 3.69066], "uv": [30, 46]},
						{"origin": [-3, 21, -4.25], "size": [0, 8, 2], "pivot": [-2, 23, -3], "rotation": [42.39121, 3.37562, -3.69066], "uv": [30, 46], "mirror": true},
						{"origin": [-0.5, 18.5, -4.25], "size": [1, 1, 0], "inflate": 0.01, "uv": [5, 0]},
						{"origin": [-1.5, 17.25, -4.25], "size": [3, 1, 0], "inflate": 0.01, "uv": [0, 5]}
					]
				},
				{
					"name": "eyes",
					"parent": "head",
					"pivot": [0, 20.5, -4.25]
				},
				{
					"name": "eye_left",
					"parent": "eyes",
					"pivot": [2.75, 20, -4.25],
					"rotation": [0, 0, -17.5],
					"cubes": [
						{"origin": [1.75, 19, -4.25], "size": [2, 2, 0], "inflate": 0.01, "uv": [4, 3], "mirror": true}
					]
				},
				{
					"name": "eyelid_left",
					"parent": "eye_left",
					"pivot": [0, 0.5, 0],
					"cubes": [
						{"origin": [1.75, 19, -4.15], "size": [2, 2, 1], "inflate": 0.02, "uv": [0, 0], "mirror": true}
					]
				},
				{
					"name": "eye_right",
					"parent": "eyes",
					"pivot": [-2.75, 20, -4.25],
					"rotation": [0, 0, 17.5],
					"cubes": [
						{"origin": [-3.75, 19, -4.25], "size": [2, 2, 0], "inflate": 0.01, "uv": [4, 3]}
					]
				},
				{
					"name": "eyelid_right",
					"parent": "eye_right",
					"pivot": [0, 0.5, 0],
					"cubes": [
						{"origin": [-3.75, 19, -4.15], "size": [2, 2, 1], "inflate": 0.02, "uv": [0, 0]}
					]
				},
				{
					"name": "ear_left",
					"parent": "head",
					"pivot": [5, 24, -1.25],
					"rotation": [2.5, 20, 2.5],
					"cubes": [
						{"origin": [4, 21.5, -3.25], "size": [0, 12, 12], "inflate": 0.01, "pivot": [4.75, 23.5, 0.75], "rotation": [7.5, -35, 15], "uv": [0, 22]}
					]
				},
				{
					"name": "ear_right",
					"parent": "head",
					"pivot": [-5, 24, -1.25],
					"rotation": [2.5, -20, -2.5],
					"cubes": [
						{"origin": [-4, 21.5, -3.25], "size": [0, 12, 12], "inflate": 0.01, "pivot": [-4.75, 23.5, 0.75], "rotation": [7.5, 35, -15], "uv": [0, 22], "mirror": true}
					]
				},
				{
					"name": "ashhat",
					"parent": "head",
					"pivot": [0, 13.25, 0.25],
					"cubes": [
						{"origin": [-5, 21.25, -4.25], "size": [10, 4, 9], "inflate": 0.01, "uv": [0, 66]},
						{"origin": [-5, 22.25, -8.25], "size": [10, 0, 4], "uv": [40, 80]},
						{"origin": [-5, 21.25, -7.25], "size": [0, 1, 3], "uv": [58, 71]},
						{"origin": [5, 21.25, -7.25], "size": [0, 1, 3], "uv": [58, 68]}
					]
				},
				{
					"name": "tail",
					"parent": "torso",
					"pivot": [0, 6, 4.5],
					"cubes": [
						{"origin": [0, 5.5, 3.5], "size": [0, 2, 9], "inflate": 0.02, "uv": [0, 37]}
					]
				},
				{
					"name": "tail2",
					"parent": "tail",
					"pivot": [0, 6, 12.5],
					"cubes": [
						{"origin": [0, 5.5, 12.5], "size": [0, 2, 8], "inflate": 0.01, "uv": [18, 38]}
					]
				},
				{
					"name": "tail3",
					"parent": "tail2",
					"pivot": [0, 6, 20.5],
					"cubes": [
						{"origin": [0, 5.5, 20.5], "size": [0, 2, 8], "inflate": 0.02, "uv": [38, 0]}
					]
				},
				{
					"name": "tail4",
					"parent": "tail3",
					"pivot": [0, 6, 28.5],
					"cubes": [
						{"origin": [0, 2.5, 28.5], "size": [0, 16, 18], "inflate": 0.01, "uv": [0, 0]}
					]
				},
				{
					"name": "arm_right",
					"parent": "torso",
					"pivot": [-5.5, 15.5, 0.25],
					"cubes": [
						{"origin": [-9.5, 12.5, -1.75], "size": [4, 3, 4], "uv": [45, 0]}
					]
				},
				{
					"name": "arm_right2",
					"parent": "arm_right",
					"pivot": [-9.5, 14, 2.25],
					"cubes": [
						{"origin": [-13.5, 12.5, -1.75], "size": [4, 3, 4], "inflate": 0.01, "uv": [29, 0]}
					]
				},
				{
					"name": "arm_left",
					"parent": "torso",
					"pivot": [5.5, 15.5, 0.25],
					"cubes": [
						{"origin": [5.5, 12.5, -1.75], "size": [4, 3, 4], "uv": [45, 0], "mirror": true}
					]
				},
				{
					"name": "arm_left2",
					"parent": "arm_left",
					"pivot": [9.5, 14, 2.25],
					"cubes": [
						{"origin": [9.5, 12.5, -1.75], "size": [4, 3, 4], "inflate": 0.01, "uv": [29, 0], "mirror": true}
					]
				},
				{
					"name": "leg_right",
					"parent": "body",
					"pivot": [-5.5, 6.5, 0.25],
					"cubes": [
						{"origin": [-8, 3, -3.25], "size": [4, 6, 7], "uv": [36, 10]},
						{"origin": [-7, 2, -1.25], "size": [2, 1, 4], "uv": [18, 48]}
					]
				},
				{
					"name": "foot_right",
					"parent": "leg_right",
					"pivot": [-6, 2, 1.25],
					"cubes": [
						{"origin": [-7.5, 0, -0.75], "size": [3, 2, 4], "uv": [40, 46], "mirror": true}
					]
				},
				{
					"name": "foot_right2",
					"parent": "foot_right",
					"pivot": [-6, 0, -0.75],
					"cubes": [
						{"origin": [-5, 0, -2.75], "size": [0, 2, 2], "uv": [0, 1], "mirror": true},
						{"origin": [-6, 0, -2.75], "size": [0, 2, 2], "uv": [0, 1], "mirror": true},
						{"origin": [-7, 0, -2.75], "size": [0, 2, 2], "uv": [0, 1], "mirror": true}
					]
				},
				{
					"name": "leg_left",
					"parent": "body",
					"pivot": [5.5, 6.5, 0.25],
					"cubes": [
						{"origin": [5, 2, -1.25], "size": [2, 1, 4], "uv": [6, 48]},
						{"origin": [4, 3, -3.25], "size": [4, 6, 7], "uv": [36, 10], "mirror": true}
					]
				},
				{
					"name": "foot_left",
					"parent": "leg_left",
					"pivot": [6, 2, 1.25],
					"cubes": [
						{"origin": [4.5, 0, -0.75], "size": [3, 2, 4], "uv": [40, 46]}
					]
				},
				{
					"name": "foot_left2",
					"parent": "foot_left",
					"pivot": [6, 0, -0.75],
					"cubes": [
						{"origin": [7, 0, -2.75], "size": [0, 2, 2], "uv": [0, 1]},
						{"origin": [6, 0, -2.75], "size": [0, 2, 2], "uv": [0, 1]},
						{"origin": [5, 0, -2.75], "size": [0, 2, 2], "uv": [0, 1]}
					]
				}
			]
		}
	]
}