{
	"format_version": "1.12.0",
	"minecraft:geometry": [
		{
			"description": {
				"identifier": "geometry.larvesta_delta",
				"texture_width": 64,
				"texture_height": 64,
				"visible_bounds_width": 3,
				"visible_bounds_height": 2.5,
				"visible_bounds_offset": [0, 0.75, 0]
			},
			"bones": [
				{
					"name": "larvesta",
					"pivot": [0, 0, 0]
				},
				{
					"name": "body",
					"parent": "larvesta",
					"pivot": [0, 6.07943, -1.22766],
					"cubes": [
						{"origin": [-4.5, 1.75, -1], "size": [9, 9, 8], "uv": [30, 23]},
						{"origin": [-4.5, 1.75, -2], "size": [9, 9, 11], "inflate": 0.1, "uv": [1, 29]},
						{"origin": [-5.5, 1.25, -7], "size": [11, 4, 8], "inflate": 0.001, "uv": [0, 17]},
						{"origin": [4.75, 5.25, -4], "size": [2, 3, 0], "pivot": [5.75, 6.75, -3], "rotation": [-35, 0, 0], "uv": [4, 22]},
						{"origin": [-6.75, 5.25, -4], "size": [2, 3, 0], "pivot": [-5.75, 6.75, -3], "rotation": [-35, 0, 0], "uv": [4, 22], "mirror": true}
					]
				},
				{
					"name": "tail",
					"parent": "body",
					"pivot": [0, 6.375, 7],
					"cubes": [
						{"origin": [-3.5, 3.5, 7], "size": [7, 7, 4], "uv": [36, 12]}
					]
				},
				{
					"name": "tail2",
					"parent": "tail",
					"pivot": [0, 7.75, 11],
					"cubes": [
						{"origin": [-2.5, 5.25, 11], "size": [5, 5, 2], "uv": [44, 5]}
					]
				},
				{
					"name": "leg_front_right",
					"parent": "body",
					"pivot": [-4.5, 2, -4.5],
					"rotation": [0, 0, 22.5],
					"cubes": [
						{"origin": [-5, 0, -6], "size": [3, 3, 3], "inflate": -0.25, "uv": [48, 40]}
					]
				},
				{
					"name": "leg_front_left",
					"parent": "body",
					"pivot": [4.5, 2, -4.5],
					"rotation": [0, 0, -22.5],
					"cubes": [
						{"origin": [2, 0, -6], "size": [3, 3, 3], "inflate": -0.25, "uv": [48, 40], "mirror": true}
					]
				},
				{
					"name": "leg_back_right",
					"parent": "body",
					"pivot": [-3.5, 2, 2.5],
					"rotation": [0, 0, 22.5],
					"cubes": [
						{"origin": [-4, 0, 1], "size": [3, 3, 3], "inflate": -0.25, "uv": [45, 47]}
					]
				},
				{
					"name": "leg_back_left",
					"parent": "body",
					"pivot": [3.5, 2, 2.5],
					"rotation": [0, 0, -22.5],
					"cubes": [
						{"origin": [1, 0, 1], "size": [3, 3, 3], "inflate": -0.25, "uv": [45, 47], "mirror": true}
					]
				},
				{
					"name": "head",
					"parent": "body",
					"pivot": [-0.04289, 5, -2.68934],
					"cubes": [
						{"origin": [-5, 3.25, -8], "size": [10, 9, 8], "uv": [0, 0]},
						{"origin": [-6.75, 10.25, -11.25], "size": [8, 0, 8], "pivot": [-1.5, 6.25, -10.5], "rotation": [0, 45, 0], "uv": [20, 0]}
					]
				},
				{
					"name": "banana_mid",
					"parent": "head",
					"pivot": [0, 12.25, -2],
					"cubes": [
						{"origin": [0, 12.25, -8], "size": [0, 10, 8], "uv": [48, 46]}
					]
				},
				{
					"name": "banana_right_top",
					"parent": "head",
					"pivot": [-4.95812, 11.98848, -1.25],
					"cubes": [
						{"origin": [-5.02061, 11.84885, -6], "size": [0, 7, 6], "pivot": [-5, 12, -1.5], "rotation": [0, 0, -35], "uv": [12, 43]}
					]
				},
				{
					"name": "banana_left_top",
					"parent": "head",
					"pivot": [4.95812, 11.98848, -1.25],
					"cubes": [
						{"origin": [4.5, 12, -6], "size": [0, 7, 6], "pivot": [4.5, 11.25, -5.5], "rotation": [0, 0, 35], "uv": [12, 43], "mirror": true}
					]
				},
				{
					"name": "banana_right_top2",
					"parent": "head",
					"pivot": [-4.95812, 11.98848, -1.25],
					"cubes": [
						{"origin": [-4.5, 12, -6], "size": [0, 7, 6], "pivot": [-4.5, 11.25, -5.5], "rotation": [0, 0, -35], "uv": [12, 43]}
					]
				},
				{
					"name": "banana_right_bot",
					"parent": "head",
					"pivot": [-4.92491, 7.61836, -1],
					"cubes": [
						{"origin": [-9.66558, 4.26775, -6], "size": [0, 7, 6], "pivot": [-8.16558, 7.26775, -5.5], "rotation": [0, 0, -125], "uv": [0, 43]}
					]
				},
				{
					"name": "banana_left_bot",
					"parent": "head",
					"pivot": [4.92491, 7.61836, -1],
					"cubes": [
						{"origin": [9.66558, 4.26775, -6], "size": [0, 7, 6], "pivot": [8.16558, 7.26775, -5.5], "rotation": [0, 0, 125], "uv": [0, 43], "mirror": true}
					]
				},
				{
					"name": "eye_left",
					"parent": "head",
					"pivot": [3.75, 8.425, -7.55],
					"cubes": [
						{"origin": [3.25, 7.175, -8.05], "size": [1, 3, 1], "inflate": 0.001, "uv": [37, 53]},
						{"origin": [2.75, 6.175, -8.05], "size": [2, 4, 1], "uv": [44, 0]}
					]
				},
				{
					"name": "eyelid_left",
					"parent": "eye_left",
					"pivot": [3.75, 8.175, -6.55],
					"cubes": [
						{"origin": [2.75, 6.175, -7.05], "size": [2, 4, 1], "inflate": 0.002, "uv": [24, 49]}
					]
				},
				{
					"name": "eye_right",
					"parent": "head",
					"pivot": [-3.75, 8.425, -7.55],
					"cubes": [
						{"origin": [-4.25, 7.175, -8.05], "size": [1, 3, 1], "inflate": 0.001, "uv": [37, 53], "mirror": true},
						{"origin": [-4.75, 6.175, -8.05], "size": [2, 4, 1], "uv": [44, 0], "mirror": true}
					]
				},
				{
					"name": "eyelid_right",
					"parent": "eye_right",
					"pivot": [-3.75, 8.175, -6.55],
					"cubes": [
						{"origin": [-4.75, 6.175, -7.05], "size": [2, 4, 1], "inflate": 0.002, "uv": [24, 49], "mirror": true}
					]
				}
			]
		}
	]
}