{
	"format_version": "1.12.0",
	"minecraft:geometry": [
		{
			"description": {
				"identifier": "geometry.meowth",
				"texture_width": 64,
				"texture_height": 32,
				"visible_bounds_width": 3,
				"visible_bounds_height": 3.5,
				"visible_bounds_offset": [0, 1.25, 0]
			},
			"bones": [
				{
					"name": "meowth",
					"pivot": [0, 0, 0]
				},
				{
					"name": "body",
					"parent": "meowth",
					"pivot": [0, 7, 0]
				},
				{
					"name": "torso",
					"parent": "body",
					"pivot": [-2.5, 4, 1],
					"cubes": [
						{"origin": [-2.5, 4, -2], "size": [5, 6, 4], "uv": [0, 14]}
					]
				},
				{
					"name": "fur_left",
					"parent": "torso",
					"pivot": [-8, 5.35, 1],
					"rotation": [0, 0, 12.5],
					"cubes": [
						{"origin": [-3, 5.15, -2], "size": [0, 3, 4], "uv": [52, 7]}
					]
				},
				{
					"name": "fur_right",
					"parent": "torso",
					"pivot": [-1.75, 3.1, 1],
					"rotation": [0, 0, -12.5],
					"cubes": [
						{"origin": [3.25, 3, -2], "size": [0, 3, 4], "uv": [52, 7]}
					]
				},
				{
					"name": "fur_front",
					"parent": "torso",
					"pivot": [-2.5, 3.75, 0.25],
					"rotation": [-12.5, 0, 0],
					"cubes": [
						{"origin": [-2.5, 3.45, -2.65], "size": [5, 3, 0], "uv": [51, 5]}
					]
				},
				{
					"name": "fur_back",
					"parent": "torso",
					"pivot": [-2.5, 4, 5.5],
					"rotation": [12.5, 0, 0],
					"cubes": [
						{"origin": [-2.5, 3.7, 2.525], "size": [5, 3, 0], "uv": [51, 8]}
					]
				},
				{
					"name": "necklace",
					"parent": "torso",
					"pivot": [-2.5, 4, 1],
					"cubes": [
						{"origin": [-2.75, 8.49, -2.75], "size": [1.5, 1.5, 1.5], "uv": [39, 4]},
						{"origin": [-0.75, 8.49, -2.75], "size": [1.5, 1.5, 1.5], "uv": [39, 4]},
						{"origin": [-0.38, 8.87, -2.76], "size": [0.75, 0.75, 0], "uv": [61, 1]},
						{"origin": [1.62, 8.87, -2.76], "size": [0.75, 0.75, 0], "uv": [62, 1]},
						{"origin": [-2.38, 8.87, -2.76], "size": [0.75, 0.75, 0], "uv": [62, 1]},
						{"origin": [-2.38, 8.87, 2.76], "size": [0.75, 0.75, 0], "uv": [62, 1]},
						{"origin": [-0.38, 8.87, 2.76], "size": [0.75, 0.75, 0], "uv": [62, 1]},
						{"origin": [1.62, 8.87, 2.76], "size": [0.75, 0.75, 0], "uv": [62, 1]},
						{"origin": [0.12, 8.87, 6.26], "size": [0.75, 0.75, 0], "pivot": [-2.5, 4, 1], "rotation": [0, 90, 0], "uv": [61, 1]},
						{"origin": [-3.88, 8.87, 6.26], "size": [0.75, 0.75, 0], "pivot": [-2.5, 4, 1], "rotation": [0, 90, 0], "uv": [61, 1]},
						{"origin": [0.12, 8.87, 0.74], "size": [0.75, 0.75, 0], "pivot": [-2.5, 4, 1], "rotation": [0, 90, 0], "uv": [61, 1]},
						{"origin": [-3.88, 8.87, 0.74], "size": [0.75, 0.75, 0], "pivot": [-2.5, 4, 1], "rotation": [0, 90, 0], "uv": [61, 1]},
						{"origin": [1.25, 8.49, -2.75], "size": [1.5, 1.5, 1.5], "uv": [39, 4]},
						{"origin": [1.25, 8.49, 1.25], "size": [1.5, 1.5, 1.5], "uv": [39, 4]},
						{"origin": [-0.75, 8.49, 1.25], "size": [1.5, 1.5, 1.5], "uv": [39, 4]},
						{"origin": [-2.75, 8.49, 1.25], "size": [1.5, 1.5, 1.5], "uv": [39, 4]}
					]
				},
				{
					"name": "head",
					"parent": "torso",
					"pivot": [0, 10, 0],
					"cubes": [
						{"origin": [-5, 10, -3.5], "size": [10, 7, 7], "uv": [0, 0]},
						{"origin": [-1.5, 15, -3.5], "size": [3, 5, 0], "pivot": [0, 17.5, -3.5], "rotation": [-10, 0, 0], "uv": [49, 0]}
					]
				},
				{
					"name": "mouth_lips",
					"parent": "head",
					"pivot": [0, 11.00139, -3.52988],
					"cubes": [
						{"origin": [-1.5, 11, -3.53], "size": [3, 1, 0], "inflate": 0.01, "uv": [0, 6]},
						{"origin": [-3.5, 10.5, -3.53], "size": [7, 1, 0], "uv": [26, 22]},
						{"origin": [-4.5, 11, -3.53], "size": [9, 1, 0], "uv": [14, 14]},
						{"origin": [-3, 10, -3.53], "size": [1, 1, 0], "pivot": [-2.5, 10.5, -3.51], "rotation": [-7.10708, 7.05302, 44.56145], "uv": [0, 1]},
						{"origin": [2, 10, -3.53], "size": [1, 1, 0], "pivot": [2.5, 10.5, -3.51], "rotation": [-7.10708, 7.05302, 44.56145], "uv": [0, 0]}
					]
				},
				{
					"name": "mouth_opening",
					"parent": "head",
					"pivot": [0, 11.25, -3.41],
					"cubes": [
						{"origin": [-2.5, 10.25, -3.41], "size": [5, 2, 0], "inflate": 0.01, "uv": [32, 26]}
					]
				},
				{
					"name": "eyes",
					"parent": "head",
					"pivot": [0, 14, -3.525]
				},
				{
					"name": "eye_right",
					"parent": "eyes",
					"pivot": [-3, 14, -3.45],
					"cubes": [
						{"origin": [-3.5, 13, -3.52], "size": [2, 1, 0], "pivot": [-3, 14, -3.45], "rotation": [0, 0, 5], "uv": [34, 11]},
						{"origin": [-4.46, 12.75, -3.51], "size": [3, 1, 0], "pivot": [-3, 14, -3.45], "rotation": [0, 0, 10], "uv": [34, 10]},
						{"origin": [-1.5, 14, -3.51], "size": [1, 1, 0], "pivot": [-3, 14, -3.45], "rotation": [0, 0, 5], "uv": [34, 11]},
						{"origin": [-4.5, 14, -3.51], "size": [1, 1, 0], "pivot": [-3, 14, -3.45], "rotation": [0, 0, 5], "uv": [34, 11]},
						{"origin": [-4.5, 13, -3.51], "size": [1, 1, 0], "pivot": [-3, 14, -3.45], "rotation": [0, 0, 5], "uv": [34, 10]}
					]
				},
				{
					"name": "eye_left",
					"parent": "eyes",
					"pivot": [3, 14, -3.45],
					"cubes": [
						{"origin": [1.5, 13, -3.52], "size": [2, 1, 0], "pivot": [3, 14, -3.45], "rotation": [0, 0, -5], "uv": [34, 8]},
						{"origin": [1.46, 12.75, -3.51], "size": [3, 1, 0], "pivot": [3, 14, -3.45], "rotation": [0, 0, -10], "uv": [34, 9]},
						{"origin": [0.5, 14, -3.51], "size": [1, 1, 0], "pivot": [3, 14, -3.45], "rotation": [0, 0, -5], "uv": [34, 8]},
						{"origin": [3.5, 14, -3.51], "size": [1, 1, 0], "pivot": [3, 14, -3.45], "rotation": [0, 0, -5], "uv": [34, 8]},
						{"origin": [3.5, 13, -3.51], "size": [1, 1, 0], "pivot": [3, 14, -3.45], "rotation": [0, 0, -5], "uv": [34, 9]}
					]
				},
				{
					"name": "eyelids",
					"parent": "head",
					"pivot": [0, 14, -2.95]
				},
				{
					"name": "ear_right",
					"parent": "head",
					"pivot": [-3.25, 16.25, 1],
					"rotation": [0, 10, -20],
					"cubes": [
						{"origin": [-5.25, 15.75, 0], "size": [4, 5, 2], "uv": [16, 22]}
					]
				},
				{
					"name": "ear_left",
					"parent": "head",
					"pivot": [3.25, 16.25, 1],
					"rotation": [0, -10, 20],
					"cubes": [
						{"origin": [1.25, 15.75, 0], "size": [4, 5, 2], "uv": [18, 15]}
					]
				},
				{
					"name": "head_whisker_right",
					"parent": "head",
					"pivot": [-2, 16.75, -2.5],
					"rotation": [0, 15, -5],
					"cubes": [
						{"origin": [-2.5, 16.75, -2.5], "size": [1, 5, 0], "uv": [57, 0]}
					]
				},
				{
					"name": "head_whisker_left",
					"parent": "head",
					"pivot": [2, 16.75, -2.5],
					"rotation": [0, -15, 5],
					"cubes": [
						{"origin": [1.5, 16.75, -2.5], "size": [1, 5, 0], "uv": [55, 0]}
					]
				},
				{
					"name": "whisker_top_right",
					"parent": "head",
					"pivot": [-5, 15, -3],
					"rotation": [0, 10, 12.5],
					"cubes": [
						{"origin": [-8, 14.5, -2.25], "size": [4, 1, 0], "uv": [35, 7]}
					]
				},
				{
					"name": "whisker_top_left",
					"parent": "head",
					"pivot": [5, 15, -3],
					"rotation": [0, -10, -12.5],
					"cubes": [
						{"origin": [4, 14.5, -2.25], "size": [4, 1, 0], "uv": [35, 6]}
					]
				},
				{
					"name": "whisker_bottom_right",
					"parent": "head",
					"pivot": [-5, 12.5, -2.75],
					"rotation": [0, 7.5, -5],
					"cubes": [
						{"origin": [-8, 12, -2], "size": [4, 1, 0], "uv": [32, 28]}
					]
				},
				{
					"name": "whisker_bottom_left",
					"parent": "head",
					"pivot": [5, 12.5, -2.75],
					"rotation": [0, -7.5, 5],
					"cubes": [
						{"origin": [4, 12, -2], "size": [4, 1, 0], "uv": [27, 6]}
					]
				},
				{
					"name": "arm_right",
					"parent": "torso",
					"pivot": [-2.5, 9.75, 0],
					"cubes": [
						{"origin": [-5.5, 8.75, -1], "size": [3, 1, 2], "inflate": 0.01, "uv": [27, 3]}
					]
				},
				{
					"name": "forearm_right",
					"parent": "arm_right",
					"pivot": [-6.5, 9.25, 1],
					"cubes": [
						{"origin": [-7.5, 8, -1], "size": [2, 2, 2], "uv": [39, 15]},
						{"origin": [-10.5, 7.25, -1.5], "size": [3, 3, 3], "uv": [38, 21]},
						{"origin": [-10.5, 5.25, -1], "size": [0, 2, 2], "uv": [53, 14]},
						{"origin": [-10.5, 5.25, -1], "size": [3, 2, 0], "uv": [48, 19]},
						{"origin": [-10.5, 5.25, 1], "size": [3, 2, 0], "uv": [48, 19]}
					]
				},
				{
					"name": "hand_right",
					"parent": "forearm_right",
					"pivot": [-9.5, 9.25, 0],
					"cubes": [
						{"origin": [-11.5, 0.75, -1], "size": [2, 1, 2], "pivot": [-14.5, 4.75, -0.5], "rotation": [0, 0, -90], "uv": [31, 15]}
					]
				},
				{
					"name": "arm_left",
					"parent": "torso",
					"pivot": [2.5, 9.75, 0],
					"cubes": [
						{"origin": [2.5, 8.75, -1], "size": [3, 1, 2], "inflate": 0.01, "uv": [27, 0]}
					]
				},
				{
					"name": "forearm_left",
					"parent": "arm_left",
					"pivot": [6.5, 9.25, 1],
					"cubes": [
						{"origin": [5.5, 8, -1], "size": [2, 2, 2], "uv": [44, 11]},
						{"origin": [7.5, 7.25, -1.5], "size": [3, 3, 3], "uv": [48, 25]},
						{"origin": [7.5, 5.25, -1], "size": [3, 2, 0], "uv": [48, 19], "mirror": true},
						{"origin": [7.5, 5.25, 1], "size": [3, 2, 0], "uv": [48, 19], "mirror": true},
						{"origin": [10.5, 5.25, -1], "size": [0, 2, 2], "uv": [53, 14], "mirror": true}
					]
				},
				{
					"name": "hand_left",
					"parent": "forearm_left",
					"pivot": [9.5, 9.25, 0],
					"cubes": [
						{"origin": [9.5, 0.75, -1], "size": [2, 1, 2], "pivot": [14.5, 4.75, -0.5], "rotation": [0, 0, 90], "uv": [40, 28]}
					]
				},
				{
					"name": "tail1",
					"parent": "torso",
					"pivot": [0, 5.25, 2],
					"cubes": [
						{"origin": [0, 5, 1.5], "size": [0, 1, 4], "uv": [26, 19]}
					]
				},
				{
					"name": "tail2",
					"parent": "tail1",
					"pivot": [0, 4.75, 5.5],
					"cubes": [
						{"origin": [0, 5, 5.5], "size": [0, 1, 2], "inflate": 0.01, "uv": [8, 22]}
					]
				},
				{
					"name": "tail3",
					"parent": "tail2",
					"pivot": [-3, 4.75, 8.5],
					"cubes": [
						{"origin": [0, 5, 7.5], "size": [0, 1, 2], "inflate": 0.01, "uv": [12, 22]}
					]
				},
				{
					"name": "tail4",
					"parent": "tail3",
					"pivot": [-3, 4.75, 8.5],
					"cubes": [
						{"origin": [0, 5, 9.5], "size": [0, 1, 2], "inflate": 0.01, "uv": [4, 27]}
					]
				},
				{
					"name": "tail5",
					"parent": "tail4",
					"pivot": [-3, 4.75, 8.5],
					"cubes": [
						{"origin": [0, 5, 11.5], "size": [0, 1, 2], "inflate": 0.01, "uv": [0, 27]}
					]
				},
				{
					"name": "tail6",
					"parent": "tail5",
					"pivot": [0, 5.75, 9.5],
					"rotation": [0, 0, -180],
					"cubes": [
						{"origin": [0, 5.5, 13.5], "size": [0, 3, 4], "uv": [40, -4]}
					]
				},
				{
					"name": "leg_right",
					"parent": "body",
					"pivot": [-1.75, 5, 0.25],
					"cubes": [
						{"origin": [-2.25, 1, -0.75], "size": [1, 4, 2], "uv": [45, 3]}
					]
				},
				{
					"name": "foot_right",
					"parent": "leg_right",
					"pivot": [-1.75, 1, 0.25],
					"cubes": [
						{"origin": [-2.75, 0, -2.25], "size": [2, 1, 4], "uv": [0, 24]}
					]
				},
				{
					"name": "foot_right_2",
					"parent": "foot_right",
					"pivot": [-1.75, 0.5, -2.25],
					"cubes": [
						{"origin": [-2.75, 0, -4.25], "size": [2, 1, 2], "uv": [31, 19]}
					]
				},
				{
					"name": "leg_left",
					"parent": "body",
					"pivot": [1.75, 5, 0.25],
					"cubes": [
						{"origin": [1.25, 1, -0.75], "size": [1, 4, 2], "uv": [0, 0]}
					]
				},
				{
					"name": "foot_left",
					"parent": "leg_left",
					"pivot": [1.75, 1, 0.25],
					"cubes": [
						{"origin": [0.75, 0, -2.25], "size": [2, 1, 4], "uv": [8, 25]}
					]
				},
				{
					"name": "foot_left_2",
					"parent": "foot_left",
					"pivot": [1.75, 0.5, -2.25],
					"cubes": [
						{"origin": [0.75, 0, -4.25], "size": [2, 1, 2], "uv": [26, 27]}
					]
				}
			]
		}
	]
}