{
	"format_version": "1.12.0",
	"minecraft:geometry": [
		{
			"description": {
				"identifier": "geometry.delta_metang",
				"texture_width": 64,
				"texture_height": 64,
				"visible_bounds_width": 4,
				"visible_bounds_height": 2.5,
				"visible_bounds_offset": [0, 0.75, 0]
			},
			"bones": [
				{
					"name": "delta_metang",
					"pivot": [0, 0, 0]
				},
				{
					"name": "body",
					"parent": "delta_metang",
					"pivot": [0, 0, 0]
				},
				{
					"name": "torso",
					"parent": "body",
					"pivot": [0, 6.75, 0],
					"cubes": [
						{"origin": [-6, 6.75, -6], "size": [12, 2, 12], "uv": [0, 30]},
						{"origin": [-7, 8.75, -7], "size": [14, 2, 14], "uv": [0, 14]},
						{"origin": [-0.5, 6.74, -6.01], "size": [1, 2, 1], "uv": [50, 0]},
						{"origin": [-0.5, 8.74, -7.01], "size": [1, 2, 1], "uv": [46, 3]},
						{"origin": [-5, 10.25, -5], "size": [10, 4, 10], "uv": [0, 0]},
						{"origin": [-4.5, 10.75, -5.01], "size": [1, 3, 0], "uv": [4, 22]}
					]
				},
				{
					"name": "torso_vine_front",
					"parent": "torso",
					"pivot": [-5.5, 9.75, -7.01],
					"cubes": [
						{"origin": [-6.5, 2.75, -7.01], "size": [2, 7, 0], "uv": [0, 18]}
					]
				},
				{
					"name": "torso_vine_back",
					"parent": "torso",
					"pivot": [-4.5, 6.75, 6.01],
					"cubes": [
						{"origin": [-5, 3.75, 6.01], "size": [2, 3, 0], "uv": [6, 22]}
					]
				},
				{
					"name": "torso_vine_under1",
					"parent": "torso",
					"pivot": [-2.12132, 6.75, -3.12132],
					"rotation": [0, -45, 0],
					"cubes": [
						{"origin": [-4.12132, 1.75, -3.12132], "size": [4, 5, 0], "uv": [4, 17]}
					]
				},
				{
					"name": "torso_vine_under2",
					"parent": "torso",
					"pivot": [2.86933, 6.75, -3.22326],
					"rotation": [0, 52.5, 0],
					"cubes": [
						{"origin": [0.36933, 2.75, -3.22326], "size": [5, 4, 0], "uv": [30, 6]}
					]
				},
				{
					"name": "eyes",
					"parent": "torso",
					"pivot": [0, 12.25, -4.01]
				},
				{
					"name": "eye_left",
					"parent": "eyes",
					"pivot": [3.25, 12, -4.01]
				},
				{
					"name": "eye_open_left",
					"parent": "eye_left",
					"pivot": [3.5, 12.05, -4.01],
					"cubes": [
						{"origin": [2.25, 11, -4.01], "size": [2, 2, 0], "uv": [0, 0]}
					]
				},
				{
					"name": "pupil_left",
					"parent": "eye_open_left",
					"pivot": [3.25, 12, -4.02],
					"cubes": [
						{"origin": [2.75, 11.5, -4.02], "size": [1, 1, 0], "uv": [0, 2]}
					]
				},
				{
					"name": "eye_closed_left",
					"parent": "eye_left",
					"pivot": [3.25, 12, -3.91],
					"cubes": [
						{"origin": [2.25, 11.5, -3.91], "size": [2, 1, 0], "uv": [0, 3]}
					]
				},
				{
					"name": "torso_spike_right",
					"parent": "torso",
					"pivot": [-6, 8, 3.75],
					"rotation": [1.63219, 7.32123, 12.60443],
					"cubes": [
						{"origin": [-10.5, 7.85, 3.75], "size": [5, 3, 0], "uv": [53, 6], "mirror": true}
					]
				},
				{
					"name": "torso_spike_right2",
					"parent": "torso",
					"pivot": [-6, 8, 5.75],
					"rotation": [7.85085, 31.63886, 14.72765],
					"cubes": [
						{"origin": [-10.25, 7.85, 5.75], "size": [5, 3, 0], "uv": [53, 9], "mirror": true}
					]
				},
				{
					"name": "torso_spike_left",
					"parent": "torso",
					"pivot": [6, 8, 3.75],
					"rotation": [1.63219, -7.32123, -12.60443],
					"cubes": [
						{"origin": [5.5, 7.85, 3.75], "size": [5, 3, 0], "uv": [53, 0]}
					]
				},
				{
					"name": "torso_spike_left2",
					"parent": "torso",
					"pivot": [6, 8, 5.75],
					"rotation": [7.85085, -31.63886, -14.72765],
					"cubes": [
						{"origin": [5.25, 7.85, 5.75], "size": [5, 3, 0], "uv": [53, 3]}
					]
				},
				{
					"name": "arm_right",
					"parent": "torso",
					"pivot": [-6.1, 7.75, -2.5],
					"cubes": [
						{"origin": [-7.1, 6.75, -3.5], "size": [2, 2, 2], "inflate": 0.01, "uv": [0, 48], "mirror": true},
						{"origin": [-12.1, 7.25, -3], "size": [6, 1, 1], "uv": [6, 48], "mirror": true}
					]
				},
				{
					"name": "arm_right2",
					"parent": "arm_right",
					"pivot": [-12, 7.75, -2.5],
					"cubes": [
						{"origin": [-13.1, 6.75, -3.5], "size": [2, 2, 2], "uv": [18, 48], "mirror": true},
						{"origin": [-14.75, 2, -5], "size": [4, 6, 5], "uv": [46, 39], "mirror": true},
						{"origin": [-16.25, 0, -5.5], "size": [6, 2, 6], "uv": [22, 46], "mirror": true}
					]
				},
				{
					"name": "arm_vine_right1",
					"parent": "arm_right2",
					"pivot": [-10.74, 3, -1],
					"cubes": [
						{"origin": [-10.74, 2.5, -1], "size": [0, 1, 4], "uv": [0, 12], "mirror": true}
					]
				},
				{
					"name": "arm_vine_right2",
					"parent": "arm_right2",
					"pivot": [-15.76, 4.5, -1],
					"cubes": [
						{"origin": [-15.76, 3.5, -1], "size": [0, 2, 6], "uv": [0, 8], "mirror": true}
					]
				},
				{
					"name": "arm_detail_right",
					"parent": "arm_right2",
					"pivot": [-15.75, 2, -2.5],
					"rotation": [0, 0, -1],
					"cubes": [
						{"origin": [-15.75, 2, -4], "size": [3, 7, 3], "inflate": 0.01, "uv": [49, 52], "mirror": true}
					]
				},
				{
					"name": "arm_detail_right2",
					"parent": "arm_detail_right",
					"pivot": [-16, 9, -2.5],
					"rotation": [0, 0, 5],
					"cubes": [
						{"origin": [-15.75, 9, -3.5], "size": [1, 3, 2], "uv": [46, 50], "mirror": true}
					]
				},
				{
					"name": "finger_right1",
					"parent": "arm_right2",
					"pivot": [-11, 0, -2.5],
					"cubes": [
						{"origin": [-11, -2.75, -4], "size": [0, 3, 3], "uv": [54, 27], "mirror": true}
					]
				},
				{
					"name": "finger_right2",
					"parent": "arm_right2",
					"pivot": [-14.3, 0, -4.4],
					"rotation": [0, 120, 0],
					"cubes": [
						{"origin": [-14.375, -2.75, -5.9], "size": [0, 3, 3], "uv": [54, 33], "mirror": true}
					]
				},
				{
					"name": "finger_right3",
					"parent": "arm_right2",
					"pivot": [-14.3, 0, -0.5],
					"rotation": [0, -120, 0],
					"cubes": [
						{"origin": [-14.375, -2.75, -2], "size": [0, 3, 3], "uv": [54, 30], "mirror": true}
					]
				},
				{
					"name": "arm_left",
					"parent": "torso",
					"pivot": [6.1, 7.75, -2.5],
					"cubes": [
						{"origin": [5.1, 6.75, -3.5], "size": [2, 2, 2], "inflate": 0.01, "uv": [0, 44]},
						{"origin": [6.1, 7.25, -3], "size": [6, 1, 1], "uv": [6, 44]}
					]
				},
				{
					"name": "arm_left2",
					"parent": "arm_left",
					"pivot": [12, 7.75, -2.5],
					"cubes": [
						{"origin": [11.1, 6.75, -3.5], "size": [2, 2, 2], "uv": [18, 44]},
						{"origin": [10.75, 2, -5], "size": [4, 6, 5], "uv": [0, 53]},
						{"origin": [10.25, 0, -5.5], "size": [6, 2, 6], "uv": [30, 56]}
					]
				},
				{
					"name": "arm_vine_left1",
					"parent": "arm_left2",
					"pivot": [11.75, 2.5, 0],
					"cubes": [
						{"origin": [11.75, 2, 0], "size": [0, 1, 5], "uv": [0, 20]}
					]
				},
				{
					"name": "arm_vine_left2",
					"parent": "arm_left2",
					"pivot": [15.75, 3.5, -1],
					"cubes": [
						{"origin": [15.75, 2.5, -1], "size": [0, 2, 6], "inflate": 0.01, "uv": [0, 20]}
					]
				},
				{
					"name": "arm_detail_left",
					"parent": "arm_left2",
					"pivot": [15.75, 2, -2.5],
					"rotation": [0, 0, 1],
					"cubes": [
						{"origin": [12.75, 2, -4], "size": [3, 7, 3], "inflate": 0.01, "uv": [18, 54]}
					]
				},
				{
					"name": "arm_detail_left2",
					"parent": "arm_detail_left",
					"pivot": [16, 9, -2.5],
					"rotation": [0, 0, -5],
					"cubes": [
						{"origin": [14.75, 9, -3.5], "size": [1, 3, 2], "uv": [13, 52]}
					]
				},
				{
					"name": "finger_left1",
					"parent": "arm_left2",
					"pivot": [11, 0, -2.5],
					"cubes": [
						{"origin": [11, -2.75, -4], "size": [0, 3, 3], "uv": [48, 27]}
					]
				},
				{
					"name": "finger_left2",
					"parent": "arm_left2",
					"pivot": [14.3, 0, -4.4],
					"rotation": [0, -120, 0],
					"cubes": [
						{"origin": [14.375, -2.75, -5.9], "size": [0, 3, 3], "uv": [48, 30]}
					]
				},
				{
					"name": "finger_left3",
					"parent": "arm_left2",
					"pivot": [14.3, 0, -0.5],
					"rotation": [0, 120, 0],
					"cubes": [
						{"origin": [14.375, -2.75, -2], "size": [0, 3, 3], "uv": [48, 33]}
					]
				},
				{
					"name": "eye_holes",
					"parent": "torso",
					"pivot": [0, 11.75, -4],
					"cubes": [
						{"origin": [-5, 10.25, -4], "size": [10, 3, 0], "uv": [30, 0]}
					]
				},
				{
					"name": "eye_hole_right",
					"parent": "eye_holes",
					"pivot": [0, 0.25, 9],
					"cubes": [
						{"origin": [-2, 10.25, -5], "size": [0, 3, 1], "uv": [32, 2], "mirror": true},
						{"origin": [-5, 13.25, -5], "size": [4, 0, 1], "uv": [33, 4], "mirror": true}
					]
				},
				{
					"name": "eye_hole_left",
					"parent": "eye_holes",
					"pivot": [0, 0.25, 9],
					"cubes": [
						{"origin": [2, 10.25, -5], "size": [0, 3, 1], "uv": [30, 2]},
						{"origin": [1, 13.25, -5], "size": [4, 0, 1], "uv": [33, 3]}
					]
				},
				{
					"name": "nose",
					"parent": "torso",
					"pivot": [0, 0.5, 0],
					"cubes": [
						{"origin": [-1.5, 10.5, -8], "size": [3, 3, 3], "uv": [0, 30]},
						{"origin": [-1, 11, -11], "size": [2, 2, 3], "uv": [0, 36]},
						{"origin": [-1.5, 10.5, 5], "size": [3, 3, 3], "uv": [36, 30], "mirror": true},
						{"origin": [-1, 11, 8], "size": [2, 2, 3], "uv": [36, 36], "mirror": true}
					]
				}
			]
		}
	]
}