{
	"format_version": "1.12.0",
	"minecraft:geometry": [
		{
			"description": {
				"identifier": "geometry.necromauser",
				"texture_width": 64,
				"texture_height": 64,
				"visible_bounds_width": 3,
				"visible_bounds_height": 2.5,
				"visible_bounds_offset": [0, 0.75, 0]
			},
			"bones": [
				{
					"name": "mainbody",
					"pivot": [0, 0, 0]
				},
				{
					"name": "dead_body_4",
					"parent": "mainbody",
					"pivot": [-4, 6, 2],
					"rotation": [23.49664, 24.6467, -20.47818]
				},
				{
					"name": "leg_right7",
					"parent": "dead_body_4",
					"pivot": [-6.98158, 5.89944, 2],
					"rotation": [0, 0, 15],
					"cubes": [
						{"origin": [-7.81762, 3.80457, 1], "size": [2, 2, 2], "uv": [42, 40]}
					]
				},
				{
					"name": "leg_left7",
					"parent": "dead_body_4",
					"pivot": [-4.74705, 5.91165, 2],
					"rotation": [0, 0, -17.5],
					"cubes": [
						{"origin": [-5.88709, 3.80242, 1], "size": [2, 2, 2], "uv": [42, 44]}
					]
				},
				{
					"name": "torso6",
					"parent": "dead_body_4",
					"pivot": [-4, 5, 2],
					"cubes": [
						{"origin": [-7.84776, 5.76537, 1], "size": [4, 2, 2], "uv": [52, 48]}
					]
				},
				{
					"name": "tail10",
					"parent": "torso6",
					"pivot": [-4, 5.7, 2.45],
					"rotation": [-42.5, 0, 0],
					"cubes": [
						{"origin": [-5.84776, 5.50006, 2.00924], "size": [0, 1, 2], "uv": [54, 45]}
					]
				},
				{
					"name": "tail11",
					"parent": "tail10",
					"pivot": [-4, 5.33577, 4.42631],
					"rotation": [-72.5, 0, 0],
					"cubes": [
						{"origin": [-5.82276, 4.97615, 3.66892], "size": [0, 1, 3], "pivot": [-4.025, 4.84774, 4.34781], "rotation": [52.5, 0, 0], "uv": [53, 43]}
					]
				},
				{
					"name": "tail_tip6",
					"parent": "tail11",
					"pivot": [-3.975, 4.84774, 4.34781],
					"cubes": [
						{"origin": [-6.82276, 5.97428, 4.32915], "size": [2, 2, 2], "uv": [54, 42]}
					]
				},
				{
					"name": "head6",
					"parent": "torso6",
					"pivot": [-4, 7, 2],
					"rotation": [-35.36707, -7.14244, -8.53828],
					"cubes": [
						{"origin": [-9.91657, 6.84834, -1.55116], "size": [8, 6, 6], "uv": [36, 52]},
						{"origin": [-6.41657, 8.34834, -1.55116], "size": [1, 1, 0], "inflate": 0.001, "uv": [0, 0]},
						{"origin": [-9.46657, 10.64834, -1.57616], "size": [1, 1, 0], "uv": [40, 50]}
					]
				},
				{
					"name": "ear_right6",
					"parent": "head6",
					"pivot": [-7.99477, 12.62791, 0.69884],
					"rotation": [2.94919, 29.80954, -11.48053],
					"cubes": [
						{"origin": [-13.10819, 10.3583, 0.69884], "size": [6, 6, 0], "uv": [52, 36]}
					]
				},
				{
					"name": "ear_left6",
					"parent": "head6",
					"pivot": [-2.26646, 11.84255, 1.44884],
					"rotation": [-16.40417, -41.56254, 25.75785],
					"cubes": [
						{"origin": [-5.10328, 9.53147, 1.44884], "size": [6, 6, 0], "uv": [52, 30]},
						{"origin": [-2.54726, 15.04437, 1.44884], "size": [1, 1, 0], "uv": [0, 49]},
						{"origin": [-0.59726, 15.04437, 1.44884], "size": [1, 1, 0], "uv": [0, 49]}
					]
				},
				{
					"name": "bone8",
					"parent": "head6",
					"pivot": [-1.5, 9.775, -1.025],
					"cubes": [
						{"origin": [-9.37298, 22.16254, -1.60116], "size": [1, 2, 0], "pivot": [-22.5, 9.775, -1.025], "rotation": [0, 0, 45], "uv": [36, 56]},
						{"origin": [-3.46246, 10.02298, -1.57616], "size": [1, 2, 0], "pivot": [-1.5, 9.775, -1.025], "rotation": [0, 0, -45], "uv": [36, 56], "mirror": true}
					]
				},
				{
					"name": "bone9",
					"parent": "head6",
					"pivot": [-6.5, 9.775, -1.025],
					"cubes": [
						{"origin": [-2.33746, 24.87298, -1.60116], "size": [1, 2, 0], "pivot": [14.5, 9.775, -1.025], "rotation": [0, 0, -45], "uv": [36, 56], "mirror": true},
						{"origin": [-8.24798, 7.31254, -1.57616], "size": [1, 2, 0], "pivot": [-6.5, 9.775, -1.025], "rotation": [0, 0, 45], "uv": [36, 56]}
					]
				},
				{
					"name": "arm_left6",
					"parent": "torso6",
					"pivot": [-4.13919, 6.50698, 1.70687],
					"rotation": [0, 17.5, 20],
					"cubes": [
						{"origin": [-4.40398, 5.78915, 0.78598], "size": [2, 2, 2], "inflate": -0.001, "pivot": [-4.53894, 6.78915, 1.48187], "rotation": [0, 15, 0], "uv": [42, 48], "mirror": true}
					]
				},
				{
					"name": "arm_right6",
					"parent": "torso6",
					"pivot": [-7.35319, 6.6477, 2],
					"rotation": [0, -59.25, -22.5],
					"cubes": [
						{"origin": [-9.74868, 5.89043, 1], "size": [2, 2, 2], "inflate": -0.001, "uv": [42, 48]}
					]
				},
				{
					"name": "dead_body_2",
					"parent": "mainbody",
					"pivot": [3, 1, 2],
					"rotation": [79.19476, -22.13991, 4.11405]
				},
				{
					"name": "leg_right5",
					"parent": "dead_body_2",
					"pivot": [6.10658, 0.37444, 2],
					"rotation": [0, 0, -15],
					"cubes": [
						{"origin": [4.95776, -1.18097, 1], "size": [2, 2, 2], "uv": [42, 40], "mirror": true}
					]
				},
				{
					"name": "leg_left5",
					"parent": "dead_body_2",
					"pivot": [3.99705, 0.28665, 2],
					"rotation": [0, 0, 17.5],
					"cubes": [
						{"origin": [2.71072, -1.30168, 1], "size": [2, 2, 2], "uv": [42, 44], "mirror": true}
					]
				},
				{
					"name": "torso4",
					"parent": "dead_body_2",
					"pivot": [3, 0, 2],
					"cubes": [
						{"origin": [2.84776, 0.76537, 1], "size": [4, 2, 2], "uv": [52, 48], "mirror": true}
					]
				},
				{
					"name": "tail6",
					"parent": "torso4",
					"pivot": [3, 0.7, 2.45],
					"rotation": [-42.5, 0, 0],
					"cubes": [
						{"origin": [4.84776, 0.50006, 2.00924], "size": [0, 1, 2], "uv": [54, 45], "mirror": true}
					]
				},
				{
					"name": "tail7",
					"parent": "tail6",
					"pivot": [3, 0.33577, 4.42631],
					"rotation": [-72.5, 0, 0],
					"cubes": [
						{"origin": [4.82276, -0.02385, 3.66892], "size": [0, 1, 3], "pivot": [3.025, -0.15226, 4.34781], "rotation": [52.5, 0, 0], "uv": [53, 43], "mirror": true}
					]
				},
				{
					"name": "tail_tip4",
					"parent": "tail7",
					"pivot": [2.975, -0.15226, 4.34781],
					"cubes": [
						{"origin": [3.82276, 0.97428, 4.32915], "size": [2, 2, 2], "uv": [54, 42], "mirror": true}
					]
				},
				{
					"name": "head4",
					"parent": "torso4",
					"pivot": [3, 2, 2],
					"rotation": [-56.45154, -12.67353, -11.67761],
					"cubes": [
						{"origin": [0.91657, 1.84834, -1.55116], "size": [8, 6, 6], "uv": [36, 52], "mirror": true},
						{"origin": [4.41657, 3.34834, -1.55116], "size": [1, 1, 0], "inflate": 0.001, "uv": [0, 0], "mirror": true},
						{"origin": [7.46657, 5.64834, -1.57616], "size": [1, 1, 0], "uv": [40, 50], "mirror": true}
					]
				},
				{
					"name": "ear_right4",
					"parent": "head4",
					"pivot": [7.99477, 6.62791, 1.44884],
					"rotation": [0, 0, 12.5],
					"cubes": [
						{"origin": [5.75463, 4.82065, 1.44884], "size": [6, 6, 0], "uv": [52, 36], "mirror": true}
					]
				},
				{
					"name": "ear_left4",
					"parent": "head4",
					"pivot": [2.76905, 6.37112, 1.44884],
					"rotation": [0, 11.25, -12.5],
					"cubes": [
						{"origin": [-1.84386, 5.016, 1.44884], "size": [6, 6, 0], "uv": [52, 36]}
					]
				},
				{
					"name": "bone4",
					"parent": "head4",
					"pivot": [0.5, 4.775, -1.025],
					"cubes": [
						{"origin": [7.37298, 17.16254, -1.60116], "size": [1, 2, 0], "pivot": [21.5, 4.775, -1.025], "rotation": [0, 0, -45], "uv": [36, 56], "mirror": true},
						{"origin": [1.46246, 5.02298, -1.57616], "size": [1, 2, 0], "pivot": [0.5, 4.775, -1.025], "rotation": [0, 0, 45], "uv": [36, 56]}
					]
				},
				{
					"name": "bone5",
					"parent": "head4",
					"pivot": [5.5, 4.775, -1.025],
					"cubes": [
						{"origin": [0.33746, 19.87298, -1.60116], "size": [1, 2, 0], "pivot": [-15.5, 4.775, -1.025], "rotation": [0, 0, 45], "uv": [36, 56]},
						{"origin": [6.24798, 2.31254, -1.57616], "size": [1, 2, 0], "pivot": [5.5, 4.775, -1.025], "rotation": [0, 0, -45], "uv": [36, 56], "mirror": true}
					]
				},
				{
					"name": "arm_left4",
					"parent": "torso4",
					"pivot": [3.07509, 1.48365, 2],
					"rotation": [0, 0, -20],
					"cubes": [
						{"origin": [1.29984, 0.76582, 1], "size": [2, 2, 2], "inflate": -0.001, "uv": [42, 48]}
					]
				},
				{
					"name": "arm_right4",
					"parent": "torso4",
					"pivot": [7.12819, 1.4727, 2],
					"rotation": [0, 0, 2.5],
					"cubes": [
						{"origin": [6.79164, 0.7519, 1], "size": [2, 2, 2], "inflate": -0.001, "uv": [42, 48], "mirror": true}
					]
				},
				{
					"name": "dead_body_1",
					"parent": "mainbody",
					"pivot": [-6, 1, 0],
					"rotation": [79.65473, 14.76689, -2.66399]
				},
				{
					"name": "leg_right4",
					"parent": "dead_body_1",
					"pivot": [-7, 0, 0],
					"cubes": [
						{"origin": [-6.06815, -2.51764, -1], "size": [2, 2, 2], "uv": [42, 40]}
					]
				},
				{
					"name": "leg_left4",
					"parent": "dead_body_1",
					"pivot": [-5, 0, 0],
					"rotation": [0, 0, -17.5],
					"cubes": [
						{"origin": [-4.31322, -3.0746, -1], "size": [2, 2, 2], "uv": [42, 44]}
					]
				},
				{
					"name": "torso3",
					"parent": "dead_body_1",
					"pivot": [-6, 0, 0],
					"cubes": [
						{"origin": [-6.06815, -0.51764, -1], "size": [4, 2, 2], "uv": [52, 48]}
					]
				},
				{
					"name": "tail4",
					"parent": "torso3",
					"pivot": [-6, 0.7, 0.45],
					"rotation": [-42.5, 0, 0],
					"cubes": [
						{"origin": [-4.06815, -0.44587, 0.87603], "size": [0, 1, 2], "uv": [54, 45]}
					]
				},
				{
					"name": "tail5",
					"parent": "tail4",
					"pivot": [-6, 0.33577, 2.42631],
					"rotation": [-72.5, 0, 0],
					"cubes": [
						{"origin": [-4.04315, -0.61628, 2.80696], "size": [0, 1, 3], "pivot": [-6.025, -0.15226, 2.34781], "rotation": [52.5, 0, 0], "uv": [53, 43]}
					]
				},
				{
					"name": "tail_tip3",
					"parent": "tail5",
					"pivot": [-5.975, -0.15226, 2.34781],
					"cubes": [
						{"origin": [-5.04315, 1.5165, 3.49195], "size": [2, 2, 2], "uv": [54, 42]}
					]
				},
				{
					"name": "head3",
					"parent": "torso3",
					"pivot": [-4.25197, 1.60005, -1.83127],
					"rotation": [-57.26905, 4.29357, 6.15518],
					"cubes": [
						{"origin": [-8.19424, 3.09592, -3.75413], "size": [8, 6, 6], "uv": [36, 52]},
						{"origin": [-4.69424, 4.59592, -3.75413], "size": [1, 1, 0], "inflate": 0.001, "uv": [0, 0]},
						{"origin": [-7.74424, 6.89592, -3.77913], "size": [1, 1, 0], "uv": [40, 50]}
					]
				},
				{
					"name": "ear_right3",
					"parent": "head3",
					"pivot": [-6.38991, 7.41274, -1.09282],
					"rotation": [20.75, 0, -12.5],
					"cubes": [
						{"origin": [-10.91122, 6.29349, -1.00111], "size": [6, 6, 0], "uv": [52, 36]}
					]
				},
				{
					"name": "ear_left3",
					"parent": "head3",
					"pivot": [-1.82172, 8.1187, -1.50413],
					"rotation": [20, 0, 12.5],
					"cubes": [
						{"origin": [-3.32026, 6.18718, -1.27981], "size": [6, 6, 0], "uv": [52, 30]},
						{"origin": [-0.79526, 11.58718, -1.27981], "size": [1, 1, 0], "uv": [0, 49]},
						{"origin": [1.15474, 11.58718, -1.27981], "size": [1, 1, 0], "uv": [0, 49]}
					]
				},
				{
					"name": "bone3",
					"parent": "head3",
					"pivot": [-3.66491, 5.91274, -4.11782],
					"cubes": [
						{"origin": [-8.86687, 21.12664, -3.80413], "size": [1, 2, 0], "pivot": [-24.66491, 5.91274, -4.11782], "rotation": [0, 0, 45], "uv": [36, 56]},
						{"origin": [-2.801, 3.48969, -3.77913], "size": [1, 2, 0], "pivot": [-3.66491, 5.91274, -4.11782], "rotation": [0, 0, -45], "uv": [36, 56], "mirror": true}
					]
				},
				{
					"name": "bone2",
					"parent": "head3",
					"pivot": [-8.66491, 5.91274, -4.11782],
					"cubes": [
						{"origin": [-1.676, 18.33969, -3.80413], "size": [1, 2, 0], "pivot": [12.33509, 5.91274, -4.11782], "rotation": [0, 0, -45], "uv": [36, 56], "mirror": true},
						{"origin": [-7.74187, 6.27664, -3.77913], "size": [1, 2, 0], "pivot": [-8.66491, 5.91274, -4.11782], "rotation": [0, 0, 45], "uv": [36, 56]}
					]
				},
				{
					"name": "arm_left3",
					"parent": "torso3",
					"pivot": [-2.32048, 0.20065, 0],
					"rotation": [0, 0, 20],
					"cubes": [
						{"origin": [-2.52174, -0.50863, -1], "size": [2, 2, 2], "inflate": -0.001, "uv": [42, 48], "mirror": true}
					]
				},
				{
					"name": "arm_right3",
					"parent": "torso3",
					"pivot": [-6.37358, 0.76469, 0],
					"rotation": [0, 0, -2.5],
					"cubes": [
						{"origin": [-8.03713, -0.53164, -1], "size": [2, 2, 2], "inflate": -0.001, "uv": [42, 48]}
					]
				},
				{
					"name": "dead_body_3",
					"parent": "mainbody",
					"pivot": [4, 6.25, 3.65],
					"rotation": [22.11034, -39.42273, -10.75586]
				},
				{
					"name": "leg_right6",
					"parent": "dead_body_3",
					"pivot": [5, 4.25, 3.65],
					"rotation": [-7.5, 0, -15],
					"cubes": [
						{"origin": [5.98289, 2.51105, 2.65], "size": [2, 2, 2], "uv": [42, 40], "mirror": true}
					]
				},
				{
					"name": "leg_left6",
					"parent": "dead_body_3",
					"pivot": [3, 4.25, 3.65],
					"rotation": [0, 0, 17.5],
					"cubes": [
						{"origin": [3.53209, 3.53558, 2.65], "size": [2, 2, 2], "uv": [42, 44], "mirror": true}
					]
				},
				{
					"name": "torso5",
					"parent": "dead_body_3",
					"pivot": [4, 5.25, 3.65],
					"cubes": [
						{"origin": [3.84776, 5.01537, 2.65], "size": [4, 2, 2], "uv": [52, 48], "mirror": true}
					]
				},
				{
					"name": "tail8",
					"parent": "torso5",
					"pivot": [4, 5.95, 4.1],
					"rotation": [-42.5, 0, 0],
					"cubes": [
						{"origin": [5.84776, 5.75006, 3.65924], "size": [0, 1, 2], "uv": [54, 45], "mirror": true}
					]
				},
				{
					"name": "tail9",
					"parent": "tail8",
					"pivot": [4, 5.58577, 6.07631],
					"rotation": [-72.5, 0, 0],
					"cubes": [
						{"origin": [5.82276, 5.22615, 5.31892], "size": [0, 1, 3], "pivot": [4.025, 5.09774, 5.99781], "rotation": [52.5, 0, 0], "uv": [53, 43], "mirror": true}
					]
				},
				{
					"name": "tail_tip5",
					"parent": "tail9",
					"pivot": [3.975, 5.09774, 5.99781],
					"cubes": [
						{"origin": [4.82276, 6.22428, 5.97915], "size": [2, 2, 2], "uv": [54, 42], "mirror": true}
					]
				},
				{
					"name": "head5",
					"parent": "torso5",
					"pivot": [5.47368, 6.79722, 2.64271],
					"rotation": [-10.9112, 32.94634, 22.96359],
					"cubes": [
						{"origin": [1.38129, 6.82395, -0.74581], "size": [8, 6, 6], "uv": [36, 52], "mirror": true},
						{"origin": [4.88129, 8.32395, -0.74581], "size": [1, 1, 0], "inflate": 0.001, "uv": [0, 0], "mirror": true},
						{"origin": [7.93129, 10.62395, -0.77081], "size": [1, 1, 0], "uv": [40, 50], "mirror": true}
					]
				},
				{
					"name": "ear_right5",
					"parent": "head5",
					"pivot": [7.4595, 11.60352, 2.25419],
					"rotation": [0, 0, 20],
					"cubes": [
						{"origin": [6.19565, 10.01269, 2.25419], "size": [6, 6, 0], "uv": [52, 36], "mirror": true}
					]
				},
				{
					"name": "ear_left5",
					"parent": "head5",
					"pivot": [2.23377, 12.34673, 2.25419],
					"rotation": [0, 0, -18],
					"cubes": [
						{"origin": [-1.61927, 9.79887, 2.25419], "size": [6, 6, 0], "uv": [52, 30], "mirror": true},
						{"origin": [0.85573, 15.19887, 2.25419], "size": [1, 1, 0], "uv": [0, 49], "mirror": true},
						{"origin": [-1.09427, 15.19887, 2.25419], "size": [1, 1, 0], "uv": [0, 49], "mirror": true}
					]
				},
				{
					"name": "bone6",
					"parent": "head5",
					"pivot": [0.96473, 9.75061, -0.21966],
					"cubes": [
						{"origin": [7.83771, 22.13815, -0.79581], "size": [1, 2, 0], "pivot": [21.96473, 9.75061, -0.21966], "rotation": [0, 0, -45], "uv": [36, 56], "mirror": true},
						{"origin": [1.92718, 9.99858, -0.77081], "size": [1, 2, 0], "pivot": [0.96473, 9.75061, -0.21966], "rotation": [0, 0, 45], "uv": [36, 56]}
					]
				},
				{
					"name": "bone7",
					"parent": "head5",
					"pivot": [5.96473, 9.75061, -0.21966],
					"cubes": [
						{"origin": [0.80218, 24.84858, -0.79581], "size": [1, 2, 0], "pivot": [-15.03527, 9.75061, -0.21966], "rotation": [0, 0, 45], "uv": [36, 56]},
						{"origin": [6.71271, 7.28815, -0.77081], "size": [1, 2, 0], "pivot": [5.96473, 9.75061, -0.21966], "rotation": [0, 0, -45], "uv": [36, 56], "mirror": true}
					]
				},
				{
					"name": "arm_left5",
					"parent": "torso5",
					"pivot": [2, 7.25, 3.65],
					"rotation": [0, 0, -20],
					"cubes": [
						{"origin": [1.9981, 4.33724, 2.65], "size": [2, 2, 2], "inflate": -0.001, "pivot": [5, 5.25, 3.65], "rotation": [0, -30, 0], "uv": [42, 48]}
					]
				},
				{
					"name": "arm_right5",
					"parent": "torso5",
					"pivot": [7.67819, 6.9727, 3.65],
					"rotation": [0, 0, 22.5],
					"cubes": [
						{"origin": [7.80212, 5.02177, 2.65], "size": [2, 2, 2], "inflate": -0.001, "pivot": [8.80212, 7.02177, 3.65], "rotation": [0, 18.25, 0], "uv": [42, 48], "mirror": true}
					]
				},
				{
					"name": "body_2",
					"parent": "mainbody",
					"pivot": [0.26971, 7, -0.04791]
				},
				{
					"name": "leg_right2",
					"parent": "body_2",
					"pivot": [-1.13633, 8.98368, -0.76317],
					"cubes": [
						{"origin": [-2.00822, 7, -1.76317], "size": [2, 2, 2], "pivot": [-1.00822, 8.95, -0.76317], "rotation": [0, 0, 7.75], "uv": [34, 11]}
					]
				},
				{
					"name": "leg_left2",
					"parent": "body_2",
					"pivot": [1.11252, 8.90791, -0.76317],
					"cubes": [
						{"origin": [-0.00822, 7, -1.76317], "size": [2, 2, 2], "pivot": [0.99178, 8.925, -0.76317], "rotation": [0, 0, -7.5], "uv": [10, 34]}
					]
				},
				{
					"name": "torso2",
					"parent": "body_2",
					"pivot": [-7.73029, 9, -0.04791],
					"cubes": [
						{"origin": [-2.00822, 9, -1.76317], "size": [4, 3, 2], "uv": [28, 6]}
					]
				},
				{
					"name": "tail2",
					"parent": "torso2",
					"pivot": [-0.00822, 9.52366, -0.09234],
					"rotation": [-30, 0, 0],
					"cubes": [
						{"origin": [-0.00822, 9.15936, -0.39127], "size": [0, 2, 2], "uv": [28, 20]}
					]
				},
				{
					"name": "tail3",
					"parent": "tail2",
					"pivot": [0.01678, 9.60815, 1.55352],
					"cubes": [
						{"origin": [0.01678, 9.07133, 1.43023], "size": [0, 2, 3], "pivot": [-9.03322, 9.29633, 1.43023], "rotation": [52.5, 0, 0], "uv": [0, 9]}
					]
				},
				{
					"name": "tail_tip2",
					"parent": "tail3",
					"pivot": [-7.70529, 9.29633, 2.14548],
					"cubes": [
						{"origin": [-0.98322, 10.74633, 2.10523], "size": [2, 2, 2], "uv": [34, 0]}
					]
				},
				{
					"name": "head2",
					"parent": "torso2",
					"pivot": [-0.00822, 12.125, -0.63817],
					"cubes": [
						{"origin": [-4.00822, 12, -3.76317], "size": [8, 6, 6], "uv": [0, 12]},
						{"origin": [-0.50822, 13.5, -3.76317], "size": [1, 1, 0], "inflate": 0.001, "uv": [28, 6]}
					]
				},
				{
					"name": "ear_right2",
					"parent": "head2",
					"pivot": [-2.6986, 16.5419, -0.76317],
					"rotation": [0, 0, -12.5],
					"cubes": [
						{"origin": [-7.81594, 15.44901, -0.76317], "size": [7, 7, 0], "uv": [0, 53]}
					]
				},
				{
					"name": "body_3",
					"parent": "ear_right2",
					"pivot": [-8.09438, 11.22197, 0]
				},
				{
					"name": "leg_right3",
					"parent": "body_3",
					"pivot": [-9.09438, 10.22197, 0]
				},
				{
					"name": "leg_left3",
					"parent": "body_3",
					"pivot": [-7.09438, 10.22197, 0]
				},
				{
					"name": "ear_left2",
					"parent": "head2",
					"pivot": [2.37739, 16.57351, -0.76317],
					"rotation": [0, 0, 12.5],
					"cubes": [
						{"origin": [0.73853, 15.39392, -0.76317], "size": [7, 7, 0], "uv": [45, 3]},
						{"origin": [3.71353, 21.79392, -0.76317], "size": [1, 1, 0], "uv": [28, 18]}
					]
				},
				{
					"name": "mouth2",
					"parent": "head2",
					"pivot": [-7.73029, 12, -0.04791]
				},
				{
					"name": "eyes2",
					"parent": "head2",
					"pivot": [-7.73029, 14, -3.04791]
				},
				{
					"name": "eye_left",
					"parent": "eyes2",
					"pivot": [2.49178, 15, -3.52317],
					"cubes": [
						{"origin": [1.99178, 14, -3.82317], "size": [1, 2, 0], "uv": [0, 4]},
						{"origin": [1.99178, 14, -3.72317], "size": [1, 2, 1], "inflate": 0.075, "uv": [-1, 49]}
					]
				},
				{
					"name": "eye_flame",
					"parent": "eye_left",
					"pivot": [-0.00822, 12, -0.76317],
					"cubes": [
						{"origin": [-0.00822, 6.95, -3.78817], "size": [10, 10, 0], "uv": [0, 24]}
					]
				},
				{
					"name": "bone",
					"parent": "eyes2",
					"pivot": [-0.00822, 12, -0.76317]
				},
				{
					"name": "eye_flame_2",
					"parent": "bone",
					"pivot": [-0.00822, 12, -0.76317],
					"cubes": [
						{"origin": [-9.00822, 6.95, -3.78817], "size": [10, 10, 0], "uv": [0, 39]}
					]
				},
				{
					"name": "eye_right",
					"parent": "bone",
					"pivot": [-2.5, 15, -3.52317],
					"cubes": [
						{"origin": [-2.99178, 14, -3.72317], "size": [1, 2, 1], "inflate": 0.075, "uv": [-1, 49], "mirror": true},
						{"origin": [-3.00822, 14, -3.82317], "size": [1, 2, 0], "uv": [0, 2]}
					]
				},
				{
					"name": "arm_right2",
					"parent": "torso2",
					"pivot": [-2.08637, 11.10935, -0.76317],
					"rotation": [0, 0, -20],
					"cubes": [
						{"origin": [-4.59455, 9.97082, -1.76317], "size": [3, 2, 2], "inflate": -0.001, "uv": [28, 18]}
					]
				},
				{
					"name": "arm_left2",
					"parent": "torso2",
					"pivot": [2.06137, 11.00935, -0.76317],
					"rotation": [0, 0, 20],
					"cubes": [
						{"origin": [1.55884, 9.97334, -1.76317], "size": [3, 2, 2], "inflate": -0.001, "uv": [0, 34]}
					]
				}
			]
		}
	]
}