{
	"format_version": "1.12.0",
	"minecraft:geometry": [
		{
			"description": {
				"identifier": "geometry.aereon",
				"texture_width": 64,
				"texture_height": 64,
				"visible_bounds_width": 4,
				"visible_bounds_height": 3.5,
				"visible_bounds_offset": [0, 1.25, 0]
			},
			"bones": [
				{
					"name": "leafeon",
					"pivot": [0, 0, 0]
				},
				{
					"name": "body",
					"parent": "leafeon",
					"pivot": [0, 9.75, 0]
				},
				{
					"name": "torso",
					"parent": "body",
					"pivot": [0, 9.75, 0],
					"cubes": [
						{"origin": [-3.5, 6.75, -7], "size": [7, 6, 14], "uv": [0, 0]}
					]
				},
				{
					"name": "fur",
					"parent": "torso",
					"pivot": [0, 7.75, -7.25],
					"cubes": [
						{"origin": [-3.5, 4.75, -7.25], "size": [7, 6, 0], "uv": [34, 26]}
					]
				},
				{
					"name": "wing_left",
					"parent": "torso",
					"pivot": [3.5, 8.75, -7.5],
					"rotation": [12.5, 0, 0],
					"cubes": [
						{"origin": [3.5, 6.75, -7.5], "size": [3, 4, 0], "pivot": [3.5, 8.75, -7.5], "rotation": [0, -57.5, 0], "uv": [0, 20]},
						{"origin": [6.5, 6.75, -7.5], "size": [7, 6, 0], "pivot": [3.5, 8.75, -7.5], "rotation": [0, -57.5, 0], "uv": [0, 34]}
					]
				},
				{
					"name": "wing_right",
					"parent": "torso",
					"pivot": [-3.5, 8.75, -7.5],
					"rotation": [12.5, 0, 0],
					"cubes": [
						{"origin": [-6.5, 6.75, -7.5], "size": [3, 4, 0], "pivot": [-3.5, 8.75, -7.5], "rotation": [0, 57.5, 0], "uv": [0, 20], "mirror": true},
						{"origin": [-13.5, 6.75, -7.5], "size": [7, 6, 0], "pivot": [-3.5, 8.75, -7.5], "rotation": [0, 57.5, 0], "uv": [0, 34], "mirror": true}
					]
				},
				{
					"name": "head",
					"parent": "torso",
					"pivot": [0, 12.25, -6],
					"cubes": [
						{"origin": [-3.5, 10.75, -12], "size": [7, 7, 7], "inflate": 0.01, "uv": [0, 20]},
						{"origin": [-2.5, 10.75, -12.5], "size": [5, 2, 1], "uv": [0, 10]},
						{"origin": [-0.5, 11.5, -12.51], "size": [1, 1, 0], "uv": [0, 1]}
					]
				},
				{
					"name": "leaf_top",
					"parent": "head",
					"pivot": [0.5, 18, -12],
					"rotation": [-10, 0, 0]
				},
				{
					"name": "mouth",
					"parent": "head",
					"pivot": [0, 11.26, -12.565],
					"cubes": [
						{"origin": [-1, 10.76, -12.52], "size": [2, 1, 0], "uv": [0, 0]}
					]
				},
				{
					"name": "eyes",
					"parent": "head",
					"pivot": [0, 13.75, -12]
				},
				{
					"name": "eye_left",
					"parent": "eyes",
					"pivot": [2.515, 14, -11.015],
					"cubes": [
						{"origin": [1.515, 13, -12.015], "size": [2, 2, 1], "uv": [42, 45]},
						{"origin": [1.765, 13, -12.016], "size": [1, 2, 0], "uv": [43, 48]}
					]
				},
				{
					"name": "eyelid_left",
					"parent": "eye_left",
					"pivot": [2.415, 14, -10.915],
					"cubes": [
						{"origin": [1.415, 13, -11.915], "size": [2, 2, 1], "inflate": 0.01, "uv": [36, 45]}
					]
				},
				{
					"name": "eye_right",
					"parent": "eyes",
					"pivot": [-2.515, 14, -11.015],
					"cubes": [
						{"origin": [-3.515, 13, -12.015], "size": [2, 2, 1], "uv": [42, 45], "mirror": true},
						{"origin": [-2.765, 13, -12.016], "size": [1, 2, 0], "uv": [43, 48], "mirror": true}
					]
				},
				{
					"name": "eyelid_right",
					"parent": "eye_right",
					"pivot": [-2.415, 14, -10.915],
					"cubes": [
						{"origin": [-3.415, 13, -11.915], "size": [2, 2, 1], "inflate": 0.01, "uv": [36, 45], "mirror": true}
					]
				},
				{
					"name": "ear_left",
					"parent": "head",
					"pivot": [2.24204, 16.41759, -9.38041],
					"rotation": [-16.49322, -27.35244, 22.06244],
					"cubes": [
						{"origin": [1.09863, 15.31245, -9.43037], "size": [6, 6, 0], "uv": [37, 39]},
						{"origin": [2.09863, 16.31245, -9.43037], "size": [5, 5, 0], "pivot": [2.09863, 17.31245, -9.43037], "rotation": [0, 15, 0], "uv": [0, 40]}
					]
				},
				{
					"name": "ear_left2",
					"parent": "ear_left",
					"pivot": [3.59863, 21.31245, -9.43037],
					"cubes": [
						{"origin": [1.09863, 21.31245, -9.43037], "size": [9, 6, 0], "uv": [28, 0]}
					]
				},
				{
					"name": "ear_left3",
					"parent": "ear_left2",
					"pivot": [3.59863, 22.31245, -9.43037],
					"cubes": [
						{"origin": [1.09863, 27.31245, -9.43037], "size": [9, 5, 0], "uv": [28, 6]}
					]
				},
				{
					"name": "ear_right",
					"parent": "head",
					"pivot": [-2.24204, 16.41759, -9.38041],
					"rotation": [-16.49322, 27.35244, -22.06244],
					"cubes": [
						{"origin": [-7.09863, 15.31245, -9.43037], "size": [6, 6, 0], "uv": [37, 39], "mirror": true},
						{"origin": [-7.09863, 16.31245, -9.43037], "size": [5, 5, 0], "pivot": [-2.09863, 17.31245, -9.43037], "rotation": [0, -15, 0], "uv": [0, 40], "mirror": true}
					]
				},
				{
					"name": "ear_right2",
					"parent": "ear_right",
					"pivot": [-3.59863, 21.31245, -9.43037],
					"cubes": [
						{"origin": [-10.09863, 21.31245, -9.43037], "size": [9, 6, 0], "uv": [28, 0], "mirror": true}
					]
				},
				{
					"name": "ear_right3",
					"parent": "ear_right2",
					"pivot": [-3.59863, 22.31245, -9.43037],
					"cubes": [
						{"origin": [-10.09863, 27.31245, -9.43037], "size": [9, 5, 0], "uv": [28, 6], "mirror": true}
					]
				},
				{
					"name": "tail",
					"parent": "torso",
					"pivot": [0, 12.25, 7],
					"cubes": [
						{"origin": [-1.5, 11.25, 6], "size": [4, 0, 6], "pivot": [0, 11.25, 6.5], "rotation": [0, 0, 90], "uv": [25, 20]}
					]
				},
				{
					"name": "tail2",
					"parent": "tail",
					"pivot": [0, 12.25, 9.5],
					"cubes": [
						{"origin": [-1.5, 11.25, 12], "size": [5, 0, 6], "pivot": [0, 11.25, 12], "rotation": [0, 0, 90], "uv": [15, 20]}
					]
				},
				{
					"name": "tail3",
					"parent": "tail2",
					"pivot": [0, 12.25, 9.5],
					"cubes": [
						{"origin": [-1.5, 11.25, 18], "size": [3, 0, 5], "pivot": [0, 11.25, 18], "rotation": [0, 0, 90], "uv": [23, 27]}
					]
				},
				{
					"name": "leg_front_left",
					"parent": "body",
					"pivot": [2.5, 9, -4.5],
					"rotation": [7.5, 0, 0],
					"cubes": [
						{"origin": [1, 4.5, -6], "size": [3, 6, 3], "inflate": 0.01, "uv": [25, 32]}
					]
				},
				{
					"name": "leg_front_left2",
					"parent": "leg_front_left",
					"pivot": [2.5, 4.5, -3],
					"rotation": [-22.5, 0, 0],
					"cubes": [
						{"origin": [1, 0.5, -6], "size": [3, 4, 3], "inflate": 0.1, "uv": [37, 32]},
						{"origin": [4, 1.5, -3], "size": [4, 5, 0], "pivot": [4, 2.5, -3], "rotation": [0, -50, 0], "uv": [10, 44]}
					]
				},
				{
					"name": "leg_front_left3",
					"parent": "leg_front_left2",
					"pivot": [2.5, 1, -4.5],
					"rotation": [15, 0, 0],
					"cubes": [
						{"origin": [1, -0.75, -6.25], "size": [3, 2, 3], "inflate": 0.01, "uv": [23, 41]}
					]
				},
				{
					"name": "leg_front_right",
					"parent": "body",
					"pivot": [-2.5, 9, -4.5],
					"rotation": [7.5, 0, 0],
					"cubes": [
						{"origin": [-4, 4.5, -6], "size": [3, 6, 3], "inflate": 0.01, "uv": [25, 32], "mirror": true}
					]
				},
				{
					"name": "leg_front_right2",
					"parent": "leg_front_right",
					"pivot": [-2.5, 4.5, -3],
					"rotation": [-22.5, 0, 0],
					"cubes": [
						{"origin": [-4, 0.5, -6], "size": [3, 4, 3], "inflate": 0.1, "uv": [37, 32], "mirror": true},
						{"origin": [-8, 1.5, -3], "size": [4, 5, 0], "pivot": [-4, 2.5, -3], "rotation": [0, 50, 0], "uv": [10, 44], "mirror": true}
					]
				},
				{
					"name": "leg_front_right3",
					"parent": "leg_front_right2",
					"pivot": [-2.5, 1, -4.5],
					"rotation": [15, 0, 0],
					"cubes": [
						{"origin": [-4, -0.75, -6.25], "size": [3, 2, 3], "inflate": 0.01, "uv": [23, 41], "mirror": true}
					]
				},
				{
					"name": "leg_back_left",
					"parent": "body",
					"pivot": [2.5, 9, 4.75],
					"rotation": [5, 0, 0],
					"cubes": [
						{"origin": [1, 4.5, 2.75], "size": [3, 6, 4], "inflate": 0.01, "uv": [0, 0]}
					]
				},
				{
					"name": "leg_back_left2",
					"parent": "leg_back_left",
					"pivot": [2.5, 4.5, 6.25],
					"rotation": [-12.5, 0, 0],
					"cubes": [
						{"origin": [1, 0.75, 4.25], "size": [3, 4, 3], "inflate": 0.1, "uv": [11, 37]},
						{"origin": [11.75, 1.5, 3.5], "size": [4, 5, 0], "pivot": [4, 2.5, -3], "rotation": [0, -50, 0], "uv": [42, 11]}
					]
				},
				{
					"name": "leg_back_left3",
					"parent": "leg_back_left2",
					"pivot": [2.5, 1.25, 5.75],
					"rotation": [7.5, 0, 0],
					"cubes": [
						{"origin": [1, -0.25, 4], "size": [3, 2, 3], "inflate": 0.01, "uv": [39, 17]}
					]
				},
				{
					"name": "leg_back_right",
					"parent": "body",
					"pivot": [-2.5, 9, 4.75],
					"rotation": [5, 0, 0],
					"cubes": [
						{"origin": [-4, 4.5, 2.75], "size": [3, 6, 4], "inflate": 0.01, "uv": [0, 0], "mirror": true}
					]
				},
				{
					"name": "leg_back_right2",
					"parent": "leg_back_right",
					"pivot": [-2.5, 4.5, 6.25],
					"rotation": [-12.5, 0, 0],
					"cubes": [
						{"origin": [-4, 0.75, 4.25], "size": [3, 4, 3], "inflate": 0.1, "uv": [11, 37], "mirror": true},
						{"origin": [-15.75, 1.5, 3.5], "size": [4, 5, 0], "pivot": [-4, 2.5, -3], "rotation": [0, 50, 0], "uv": [42, 11], "mirror": true}
					]
				},
				{
					"name": "leg_back_right3",
					"parent": "leg_back_right2",
					"pivot": [-2.5, 1.25, 5.75],
					"rotation": [7.5, 0, 0],
					"cubes": [
						{"origin": [-4, -0.25, 4], "size": [3, 2, 3], "inflate": 0.01, "uv": [39, 17], "mirror": true}
					]
				}
			]
		}
	]
}