{
	"format_version": "1.12.0",
	"minecraft:geometry": [
		{
			"description": {
				"identifier": "geometry.chatheide",
				"texture_width": 64,
				"texture_height": 64,
				"visible_bounds_width": 4,
				"visible_bounds_height": 3.5,
				"visible_bounds_offset": [0, 1.25, 0]
			},
			"bones": [
				{
					"name": "chathroom",
					"pivot": [0, 0, 0]
				},
				{
					"name": "body",
					"parent": "chathroom",
					"pivot": [0, 6.31567, -1.05911]
				},
				{
					"name": "torso_lower",
					"parent": "body",
					"pivot": [0, 6.39104, 0.99764],
					"cubes": [
						{"origin": [-3.48411, 5.125, -0.56589], "size": [7, 9, 7], "inflate": 0.002, "pivot": [-0.98411, 8, 1.05911], "rotation": [47.5, 0, 0], "uv": [23, 24]}
					]
				},
				{
					"name": "dress",
					"parent": "torso_lower",
					"pivot": [0, 6.39104, 0.99764]
				},
				{
					"name": "dress_front",
					"parent": "dress",
					"pivot": [0, 10.04914, -4.79966],
					"rotation": [-180, 0, 180],
					"cubes": [
						{"origin": [0, 3.29914, -8.79966], "size": [0, 8, 10], "pivot": [0, 7.29914, -3.79966], "rotation": [90, -75, -90], "uv": [0, 31]}
					]
				},
				{
					"name": "dress_front2",
					"parent": "dress_front",
					"pivot": [-0.00882, 8.26507, -5.04966],
					"cubes": [
						{"origin": [-0.25882, 0.26507, -9.29966], "size": [0, 10, 10], "pivot": [-0.25882, 5.26507, -4.04966], "rotation": [90, -75, -90], "uv": [0, 21]}
					]
				},
				{
					"name": "dress_back",
					"parent": "dress",
					"pivot": [0, 9.14104, 6.99764],
					"rotation": [0, 0, 0],
					"cubes": [
						{"origin": [-0.28437, 2.231, 1.99764], "size": [0, 8, 10], "pivot": [0, 10.39104, 6.99764], "rotation": [90, -55, -90], "uv": [38, 3]}
					]
				},
				{
					"name": "dress_back2",
					"parent": "dress_back",
					"pivot": [0, 7.39104, 6.99764],
					"cubes": [
						{"origin": [-0.28437, -0.769, 1.99764], "size": [0, 10, 10], "pivot": [0, 7.39104, 6.99764], "rotation": [90, -55, -90], "uv": [20, 30]}
					]
				},
				{
					"name": "dress_left",
					"parent": "dress",
					"pivot": [4.5, 8.64104, 0.99764],
					"rotation": [-5, 0, 0],
					"cubes": [
						{"origin": [3.75, 3.64104, -6.00236], "size": [0, 7, 15], "pivot": [4.5, 9.64104, 0.99764], "rotation": [0, 0, -15], "uv": [0, 9]}
					]
				},
				{
					"name": "dress_left2",
					"parent": "dress_left",
					"pivot": [4.5, 5.39104, 0.99764],
					"rotation": [5, 0, 0],
					"cubes": [
						{"origin": [3.75, 0.39104, -6.00236], "size": [0, 8, 16], "pivot": [4.5, 6.39104, 0.99764], "rotation": [0, 0, -15], "uv": [0, 0]}
					]
				},
				{
					"name": "dress_right",
					"parent": "dress",
					"pivot": [-4.5, 8.64104, 0.99764],
					"rotation": [-5, 0, 0],
					"cubes": [
						{"origin": [-3.75, 3.64104, -6.00236], "size": [0, 7, 15], "pivot": [-4.5, 9.64104, 0.99764], "rotation": [0, 0, 15], "uv": [0, 9], "mirror": true}
					]
				},
				{
					"name": "dress_right2",
					"parent": "dress_right",
					"pivot": [-4.5, 5.39104, 0.99764],
					"rotation": [5, 0, 0],
					"cubes": [
						{"origin": [-3.75, 0.39104, -6.00236], "size": [0, 8, 16], "pivot": [-4.5, 6.39104, 0.99764], "rotation": [0, 0, 15], "uv": [0, 0], "mirror": true}
					]
				},
				{
					"name": "torso_upper",
					"parent": "torso_lower",
					"pivot": [0, 10.93426, -4.56828],
					"cubes": [
						{"origin": [-3.48411, 10.59104, -3.80236], "size": [7, 7, 6], "inflate": 0.001, "pivot": [0.01589, 15.39104, -2.00236], "rotation": [-10, 0, 0], "uv": [38, 0]},
						{"origin": [-4.48411, 13.59104, -2.77736], "size": [9, 4, 9], "inflate": 0.003, "pivot": [0.01589, 15.39104, -2.00236], "rotation": [5, 0, 0], "uv": [0, 0]}
					]
				},
				{
					"name": "head_ai",
					"parent": "torso_upper",
					"pivot": [0, 17.605, -0.322]
				},
				{
					"name": "head",
					"parent": "head_ai",
					"pivot": [0, 17.605, -0.322],
					"cubes": [
						{"origin": [-2.98411, 17.31261, -3.01963], "size": [6, 5, 6], "pivot": [0.01589, 19.81261, -0.01963], "rotation": [-10, 0, 0], "uv": [40, 40]},
						{"origin": [-0.98411, 18.81769, -2.51996], "size": [2, 4, 6], "pivot": [0.01589, 22.75943, -2.41186], "rotation": [45, 0, 0], "uv": [44, 21]},
						{"origin": [1.01589, 19.68975, -2.1497], "size": [2, 4, 5], "inflate": -0.001, "pivot": [2.01589, 22.50245, -0.63396], "rotation": [30, 0, 0], "uv": [0, 49]},
						{"origin": [-2.98, 19.68975, -2.1497], "size": [2, 4, 5], "inflate": -0.001, "pivot": [-2.01589, 22.50245, -0.63396], "rotation": [30, 0, 0], "uv": [0, 49], "mirror": true}
					]
				},
				{
					"name": "feather_left",
					"parent": "head",
					"pivot": [3.01589, 19.49385, -1.09126],
					"cubes": [
						{"origin": [2.74089, 12.99385, -3.09126], "size": [0, 6, 3], "pivot": [3.01589, 19.49385, -1.09126], "rotation": [-6.46635, -7.64427, -49.56754], "uv": [58, -3]}
					]
				},
				{
					"name": "feather_right",
					"parent": "head",
					"pivot": [-3.01589, 19.49385, -1.09126],
					"cubes": [
						{"origin": [-2.74089, 12.99385, -3.09126], "size": [0, 6, 3], "pivot": [-3.01589, 19.49385, -1.09126], "rotation": [-6.46635, 7.64427, 49.56754], "uv": [58, -3], "mirror": true}
					]
				},
				{
					"name": "v_left",
					"parent": "head",
					"pivot": [2.89666, 20.14476, -0.82039],
					"rotation": [-27.35539, -54.44244, 26.61471],
					"cubes": [
						{"origin": [2.70735, 19.28875, -0.99126], "size": [3, 1, 0], "pivot": [2.48327, 20.01996, -0.99126], "rotation": [0, 0, -32.5], "uv": [6, 15]},
						{"origin": [2.68235, 19.28875, -1.01626], "size": [3, 1, 0], "pivot": [2.48327, 20.01996, -0.99126], "rotation": [0, 0, 2.5], "uv": [0, 15]}
					]
				},
				{
					"name": "v_right",
					"parent": "head",
					"pivot": [-2.89666, 20.14476, -0.82039],
					"rotation": [-27.35539, 54.44244, -26.61471],
					"cubes": [
						{"origin": [-5.70735, 19.28875, -0.99126], "size": [3, 1, 0], "pivot": [-2.48327, 20.01996, -0.99126], "rotation": [0, 0, 32.5], "uv": [6, 15], "mirror": true},
						{"origin": [-5.68235, 19.28875, -1.01626], "size": [3, 1, 0], "pivot": [-2.48327, 20.01996, -0.99126], "rotation": [0, 0, -2.5], "uv": [0, 15], "mirror": true}
					]
				},
				{
					"name": "eye_left",
					"parent": "head",
					"pivot": [2.51656, 20.17384, -2.12002],
					"cubes": [
						{"origin": [2.01589, 19.19104, -3.95236], "size": [1, 2, 2], "inflate": 0.001, "pivot": [0.01589, 14.99104, -3.15236], "rotation": [-10, 0, 0], "uv": [44, 21]},
						{"origin": [2.09089, 19.94104, -4.02736], "size": [1, 1, 2], "inflate": -0.05, "pivot": [0.01589, 14.99104, -3.15236], "rotation": [-10, 0, 0], "uv": [14, 13]}
					]
				},
				{
					"name": "eyelid_left",
					"parent": "eye_left",
					"pivot": [1.51589, 19.90366, -1.06762],
					"cubes": [
						{"origin": [1.01589, 19.19104, -2.95236], "size": [1, 2, 2], "inflate": 0.004, "pivot": [0.01589, 14.99104, -3.15236], "rotation": [-10, 0, 0], "uv": [40, 40]}
					]
				},
				{
					"name": "eye_right",
					"parent": "head",
					"pivot": [-2.51656, 20.17384, -2.12002],
					"cubes": [
						{"origin": [-3.01589, 19.19104, -3.95236], "size": [1, 2, 2], "inflate": 0.001, "pivot": [-0.01589, 14.99104, -3.15236], "rotation": [-10, 0, 0], "uv": [44, 21], "mirror": true},
						{"origin": [-3.09089, 19.94104, -4.02736], "size": [1, 1, 2], "inflate": -0.05, "pivot": [-0.01589, 14.99104, -3.15236], "rotation": [-10, 0, 0], "uv": [14, 13], "mirror": true}
					]
				},
				{
					"name": "eyelid_right",
					"parent": "eye_right",
					"pivot": [-1.51589, 19.90366, -1.06762],
					"cubes": [
						{"origin": [-2.01589, 19.19104, -2.95236], "size": [1, 2, 2], "inflate": 0.004, "pivot": [-0.01589, 14.99104, -3.15236], "rotation": [-10, 0, 0], "uv": [40, 40], "mirror": true}
					]
				},
				{
					"name": "beak",
					"parent": "head",
					"pivot": [0, 20, -3]
				},
				{
					"name": "beak_top",
					"parent": "beak",
					"pivot": [0, 20.56604, -3.00236],
					"cubes": [
						{"origin": [-0.98411, 19.342, -5.43412], "size": [2, 2, 3], "pivot": [0.01589, 20.56604, -3.00236], "rotation": [-10, 0, 0], "uv": [54, 22]}
					]
				},
				{
					"name": "beak_bottom",
					"parent": "beak",
					"pivot": [0, 18.81604, -3.25236],
					"cubes": [
						{"origin": [-0.98411, 18.26604, -5.80236], "size": [2, 1, 3], "pivot": [0.01589, 15.56604, -3.00236], "rotation": [-10, 0, 0], "uv": [44, 51]}
					]
				},
				{
					"name": "wing_left",
					"parent": "torso_upper",
					"pivot": [3.51589, 14.40241, -0.04633],
					"cubes": [
						{"origin": [3.51589, 11.40241, -0.046], "size": [4, 6, 0], "uv": [36, 51]}
					]
				},
				{
					"name": "wing_left1",
					"parent": "wing_left",
					"pivot": [7.51589, 11.40241, -0.04633],
					"cubes": [
						{"origin": [7.51589, 10.40241, -0.047], "size": [6, 7, 0], "uv": [14, 50]}
					]
				},
				{
					"name": "wing_left2",
					"parent": "wing_left1",
					"pivot": [13.51589, 10.40241, -0.04633],
					"cubes": [
						{"origin": [13.51589, 9.40241, -0.048], "size": [5, 8, 0], "uv": [26, 50]}
					]
				},
				{
					"name": "finger_left1",
					"parent": "wing_left2",
					"pivot": [18.51589, 15.363, -0.049],
					"cubes": [
						{"origin": [18.51589, 14.363, -0.049], "size": [4, 3, 0], "uv": [0, 6]}
					]
				},
				{
					"name": "finger_left2",
					"parent": "wing_left2",
					"pivot": [18.51589, 13.39481, -0.049],
					"cubes": [
						{"origin": [18.51589, 12.39481, -0.05], "size": [4, 2, 0], "uv": [8, 13]}
					]
				},
				{
					"name": "finger_left3",
					"parent": "wing_left2",
					"pivot": [18.51589, 11.4252, -0.049],
					"cubes": [
						{"origin": [18.51589, 10.4252, -0.051], "size": [4, 2, 0], "uv": [0, 13]}
					]
				},
				{
					"name": "wing_right",
					"parent": "torso_upper",
					"pivot": [-3.51589, 14.40241, -0.04633],
					"cubes": [
						{"origin": [-7.51589, 11.40241, -0.046], "size": [4, 6, 0], "uv": [36, 51], "mirror": true}
					]
				},
				{
					"name": "wing_right1",
					"parent": "wing_right",
					"pivot": [-7.51589, 11.40241, -0.04633],
					"cubes": [
						{"origin": [-13.51589, 10.40241, -0.047], "size": [6, 7, 0], "uv": [14, 50], "mirror": true}
					]
				},
				{
					"name": "wing_right2",
					"parent": "wing_right1",
					"pivot": [-13.51589, 10.40241, -0.04633],
					"cubes": [
						{"origin": [-18.51589, 9.40241, -0.048], "size": [5, 8, 0], "uv": [26, 50], "mirror": true}
					]
				},
				{
					"name": "finger_right1",
					"parent": "wing_right2",
					"pivot": [-18.51589, 15.363, -0.049],
					"cubes": [
						{"origin": [-22.51589, 14.363, -0.049], "size": [4, 3, 0], "uv": [0, 6], "mirror": true}
					]
				},
				{
					"name": "finger_right2",
					"parent": "wing_right2",
					"pivot": [-18.51589, 13.39481, -0.049],
					"cubes": [
						{"origin": [-22.51589, 12.39481, -0.05], "size": [4, 2, 0], "uv": [8, 13], "mirror": true}
					]
				},
				{
					"name": "finger_right3",
					"parent": "wing_right2",
					"pivot": [-18.51589, 11.4252, -0.049],
					"cubes": [
						{"origin": [-22.51589, 10.4252, -0.051], "size": [4, 2, 0], "uv": [0, 13], "mirror": true}
					]
				},
				{
					"name": "tail",
					"parent": "torso_lower",
					"pivot": [0, 10.14104, 6.99764],
					"cubes": [
						{"origin": [-2, 7.14104, 5.49764], "size": [4, 6, 0], "pivot": [0, 7.39104, 8.99764], "rotation": [-50, 0, 0], "uv": [0, 0]}
					]
				},
				{
					"name": "tail2",
					"parent": "tail",
					"pivot": [0, 13.64104, 11.24764],
					"cubes": [
						{"origin": [-2.5, 13.14104, 5.49764], "size": [5, 7, 0], "pivot": [0, 7.39104, 8.99764], "rotation": [-50, 0, 0], "uv": [51, 31]}
					]
				},
				{
					"name": "leg_left",
					"parent": "body",
					"pivot": [2.51589, 6.75, 0.55911],
					"cubes": [
						{"origin": [2.01589, 4, 0.05911], "size": [1, 3, 1], "uv": [9, 49]}
					]
				},
				{
					"name": "leg_left2",
					"parent": "leg_left",
					"pivot": [2.51589, 4, 1.05911],
					"cubes": [
						{"origin": [2.01589, 1, 0.05911], "size": [1, 3, 1], "uv": [0, 49]}
					]
				},
				{
					"name": "foot_left",
					"parent": "leg_left2",
					"pivot": [2.51589, 1, 0.48575],
					"cubes": [
						{"origin": [2.01589, 0, -0.44089], "size": [1, 1, 2], "inflate": 0.02, "uv": [20, 13]}
					]
				},
				{
					"name": "toe_left_back",
					"parent": "foot_left",
					"pivot": [0.01589, 0, 1.05911],
					"cubes": [
						{"origin": [2.01589, 0, 1.55911], "size": [1, 1, 1], "uv": [18, 13]},
						{"origin": [2.51589, 0, 2.55911], "size": [0, 1, 1], "uv": [12, 14]}
					]
				},
				{
					"name": "toes_left_front",
					"parent": "foot_left",
					"pivot": [2.51589, 1, -0.51425]
				},
				{
					"name": "toe_left_outer",
					"parent": "toes_left_front",
					"pivot": [2.51589, 0.5, -0.44089],
					"cubes": [
						{"origin": [2.01589, 0, -2.44089], "size": [1, 1, 2], "pivot": [2.51589, 0.5, -0.44089], "rotation": [0, -30, 0], "uv": [58, 19]},
						{"origin": [2.51589, 0, -3.44089], "size": [0, 1, 1], "pivot": [2.51589, 0.5, -0.44089], "rotation": [0, -30, 0], "uv": [54, 23]}
					]
				},
				{
					"name": "toe_left_mid",
					"parent": "toes_left_front",
					"pivot": [2.51589, 0.5, -0.44089],
					"cubes": [
						{"origin": [2.01589, 0, -2.44089], "size": [1, 1, 2], "inflate": 0.01, "uv": [26, 13]},
						{"origin": [2.51589, 0, -3.44089], "size": [0, 1, 1], "uv": [24, 12]}
					]
				},
				{
					"name": "toe_left_inner",
					"parent": "toes_left_front",
					"pivot": [2.51589, 0.5, -0.44089],
					"cubes": [
						{"origin": [2.51589, 0, -3.44089], "size": [0, 1, 1], "pivot": [2.51589, 0.5, -0.44089], "rotation": [0, 30, 0], "uv": [54, 22]},
						{"origin": [2.01589, 0, -2.44089], "size": [1, 1, 2], "pivot": [2.51589, 0.5, -0.44089], "rotation": [0, 30, 0], "uv": [57, 16]}
					]
				},
				{
					"name": "leg_right",
					"parent": "body",
					"pivot": [-2.51589, 6.75, 0.55911],
					"cubes": [
						{"origin": [-3.01589, 4, 0.05911], "size": [1, 3, 1], "uv": [9, 49], "mirror": true}
					]
				},
				{
					"name": "leg_right2",
					"parent": "leg_right",
					"pivot": [-2.51589, 4, 1.05911],
					"cubes": [
						{"origin": [-3.01589, 1, 0.05911], "size": [1, 3, 1], "uv": [0, 49], "mirror": true}
					]
				},
				{
					"name": "foot_right",
					"parent": "leg_right2",
					"pivot": [-2.51589, 1, 0.48575],
					"cubes": [
						{"origin": [-3.01589, 0, -0.44089], "size": [1, 1, 2], "inflate": 0.02, "uv": [20, 13], "mirror": true}
					]
				},
				{
					"name": "toe_right_back",
					"parent": "foot_right",
					"pivot": [-0.01589, 0, 1.05911],
					"cubes": [
						{"origin": [-3.01589, 0, 1.55911], "size": [1, 1, 1], "uv": [18, 13], "mirror": true},
						{"origin": [-2.51589, 0, 2.55911], "size": [0, 1, 1], "uv": [12, 14], "mirror": true}
					]
				},
				{
					"name": "toes_right_front",
					"parent": "foot_right",
					"pivot": [-2.51589, 1, -0.51425]
				},
				{
					"name": "toe_right_outer",
					"parent": "toes_right_front",
					"pivot": [-2.51589, 0.5, -0.44089],
					"cubes": [
						{"origin": [-3.01589, 0, -2.44089], "size": [1, 1, 2], "pivot": [-2.51589, 0.5, -0.44089], "rotation": [0, 30, 0], "uv": [58, 19], "mirror": true},
						{"origin": [-2.51589, 0, -3.44089], "size": [0, 1, 1], "pivot": [-2.51589, 0.5, -0.44089], "rotation": [0, 30, 0], "uv": [54, 23], "mirror": true}
					]
				},
				{
					"name": "toe_right_mid",
					"parent": "toes_right_front",
					"pivot": [-2.51589, 0.5, -0.44089],
					"cubes": [
						{"origin": [-3.01589, 0, -2.44089], "size": [1, 1, 2], "inflate": 0.01, "uv": [26, 13], "mirror": true},
						{"origin": [-2.51589, 0, -3.44089], "size": [0, 1, 1], "uv": [24, 12], "mirror": true}
					]
				},
				{
					"name": "toe_right_inner",
					"parent": "toes_right_front",
					"pivot": [-2.51589, 0.5, -0.44089],
					"cubes": [
						{"origin": [-2.51589, 0, -3.44089], "size": [0, 1, 1], "pivot": [-2.51589, 0.5, -0.44089], "rotation": [0, -30, 0], "uv": [54, 22], "mirror": true},
						{"origin": [-3.01589, 0, -2.44089], "size": [1, 1, 2], "pivot": [-2.51589, 0.5, -0.44089], "rotation": [0, -30, 0], "uv": [57, 16], "mirror": true}
					]
				}
			]
		}
	]
}