{
	"format_version": "1.12.0",
	"minecraft:geometry": [
		{
			"description": {
				"identifier": "geometry.persian",
				"texture_width": 128,
				"texture_height": 64,
				"visible_bounds_width": 6,
				"visible_bounds_height": 3.5,
				"visible_bounds_offset": [0, 1.25, 0]
			},
			"bones": [
				{
					"name": "persian",
					"pivot": [0, 0, 0]
				},
				{
					"name": "body",
					"parent": "persian",
					"pivot": [0, 14, 2]
				},
				{
					"name": "torso",
					"parent": "body",
					"pivot": [0, 14, 1.75],
					"cubes": [
						{"origin": [-3.5, 2, -14], "size": [7, 6, 8], "pivot": [0, 2.5, -1.5], "rotation": [-90, 0, 0], "uv": [33, 16]},
						{"origin": [-3, 7.75, -10.75], "size": [6, 5, 7], "pivot": [0, 2.75, 8.5], "rotation": [90, 0, 180], "uv": [37, 31]}
					]
				},
				{
					"name": "front_beads",
					"parent": "torso",
					"pivot": [-2.5, 4, 1],
					"cubes": [
						{"origin": [-3.5, 19.5, -2.5], "size": [2, 2, 2], "uv": [6, 35]},
						{"origin": [-1, 19.25, -2.5], "size": [2, 2, 2], "uv": [6, 35]},
						{"origin": [1.5, 19.5, -2.5], "size": [2, 2, 2], "uv": [6, 35]},
						{"origin": [-3, 20, -2.51], "size": [1, 1, 0], "uv": [6, 41]},
						{"origin": [2, 20, -2.51], "size": [1, 1, 0], "uv": [6, 41]},
						{"origin": [-0.5, 19.75, -2.51], "size": [1, 1, 0], "uv": [6, 41]},
						{"origin": [3.51, 20, -2], "size": [0, 1, 1], "uv": [6, 40]},
						{"origin": [-3.51, 20, -2], "size": [0, 1, 1], "uv": [6, 40]}
					]
				},
				{
					"name": "back_beads",
					"parent": "torso",
					"pivot": [-2.5, 4, 1],
					"cubes": [
						{"origin": [1.5, 19.5, 2.5], "size": [2, 2, 2], "uv": [6, 35]},
						{"origin": [-1, 19, 2.5], "size": [2, 2, 2], "uv": [6, 35]},
						{"origin": [-3.5, 19.5, 2.5], "size": [2, 2, 2], "uv": [6, 35]},
						{"origin": [-0.5, 19.5, 4.51], "size": [1, 1, 0], "uv": [6, 41]},
						{"origin": [2, 20, 4.51], "size": [1, 1, 0], "uv": [6, 41]},
						{"origin": [-3, 20, 4.51], "size": [1, 1, 0], "uv": [6, 41]},
						{"origin": [3.51, 20, 3], "size": [0, 1, 1], "uv": [6, 40]},
						{"origin": [-3.51, 20, 3], "size": [0, 1, 1], "uv": [6, 40]}
					]
				},
				{
					"name": "arms",
					"parent": "torso",
					"pivot": [0, 3.25, -3.75]
				},
				{
					"name": "arm_left1",
					"parent": "arms",
					"pivot": [-3.7028, 18.88173, 1],
					"cubes": [
						{"origin": [-30.13782, -1.78984, -0.5], "size": [3, 4, 3], "pivot": [-12.13782, 5.21016, -3.75], "rotation": [0, 0, 90], "uv": [81, 0], "mirror": true}
					]
				},
				{
					"name": "arm_left2",
					"parent": "arm_left1",
					"pivot": [-12.13782, 5.21016, -3.75],
					"cubes": [
						{"origin": [-30.63782, -5.78984, -1], "size": [4, 4, 4], "pivot": [-12.13782, 5.21016, -3.75], "rotation": [0, 0, 90], "uv": [64, 10], "mirror": true}
					]
				},
				{
					"name": "arm_left3",
					"parent": "arm_left2",
					"pivot": [-12.13782, 5.21016, -3.75],
					"cubes": [
						{"origin": [-31.13782, -12.78984, -1.5], "size": [5, 7, 5], "pivot": [-12.13782, 5.21016, -3.75], "rotation": [0, 0, 90], "uv": [64, 20], "mirror": true},
						{"origin": [-26.13782, -12.78984, -0.5], "size": [2, 5, 0], "pivot": [-12.13782, 5.21016, -3.75], "rotation": [0, 0, 90], "uv": [85, 52], "mirror": true},
						{"origin": [-26.13782, -12.78984, 2.5], "size": [2, 5, 0], "pivot": [-12.13782, 5.21016, -3.75], "rotation": [0, 0, 90], "uv": [90, 52], "mirror": true},
						{"origin": [-31.13782, -15.78984, 2.5], "size": [5, 4, 0], "pivot": [-12.13782, 5.21016, -3.75], "rotation": [-12.5, 0, 90], "uv": [85, 46], "mirror": true},
						{"origin": [-31.13782, -17.78984, -0.5], "size": [5, 4, 0], "pivot": [-12.13782, 5.21016, -3.75], "rotation": [12.5, 0, 90], "uv": [85, 46], "mirror": true},
						{"origin": [-26.78782, -20.43984, -1.5], "size": [0, 4, 5], "pivot": [-12.13782, 5.21016, -3.75], "rotation": [0, 0, 102.5], "uv": [85, 53], "mirror": true},
						{"origin": [-29.73782, -13.33984, -1.5], "size": [0, 4, 5], "pivot": [-12.13782, 5.21016, -3.75], "rotation": [0, 0, 77.5], "uv": [85, 53], "mirror": true}
					]
				},
				{
					"name": "arm_right1",
					"parent": "arms",
					"pivot": [3.7028, 18.88173, 1],
					"cubes": [
						{"origin": [27.13782, -1.78985, -0.5], "size": [3, 4, 3], "pivot": [12.13782, 5.21015, -3.75], "rotation": [0, 0, -90], "uv": [81, 0]}
					]
				},
				{
					"name": "arm_right2",
					"parent": "arm_right1",
					"pivot": [12.13782, 5.21015, -3.75],
					"cubes": [
						{"origin": [26.63782, -5.78985, -1], "size": [4, 4, 4], "pivot": [12.13782, 5.21015, -3.75], "rotation": [0, 0, -90], "uv": [64, 0]}
					]
				},
				{
					"name": "arm_right3",
					"parent": "arm_right2",
					"pivot": [12.13782, 5.21015, -3.75],
					"cubes": [
						{"origin": [24.13782, -13.78985, -0.5], "size": [2, 6, 0], "pivot": [12.13782, 5.21015, -3.75], "rotation": [0, 0, -90], "uv": [86, 35]},
						{"origin": [23.13782, -12.78985, 2.5], "size": [3, 5, 0], "pivot": [12.13782, 5.21015, -3.75], "rotation": [0, 0, -90], "uv": [90, 35]},
						{"origin": [26.13782, -12.78985, -1.5], "size": [5, 7, 5], "pivot": [12.13782, 5.21015, -3.75], "rotation": [0, 0, -90], "uv": [64, 33]},
						{"origin": [26.78782, -20.43985, -1.5], "size": [0, 4, 5], "pivot": [12.13782, 5.21015, -3.75], "rotation": [0, 0, -102.5], "uv": [85, 53]},
						{"origin": [29.73782, -13.33985, -1.5], "size": [0, 4, 5], "pivot": [12.13782, 5.21015, -3.75], "rotation": [0, 0, -77.5], "uv": [85, 53]},
						{"origin": [26.13782, -15.78985, 2.35], "size": [5, 4, 0], "pivot": [12.13782, 5.21015, -3.75], "rotation": [-12.5, 0, -90], "uv": [85, 30]},
						{"origin": [26.13782, -17.78985, -0.55], "size": [5, 4, 0], "pivot": [12.13782, 5.21015, -3.75], "rotation": [12.5, 0, -90], "uv": [85, 41]}
					]
				},
				{
					"name": "fur_bottom",
					"parent": "torso",
					"pivot": [0, 0, 0]
				},
				{
					"name": "fur_right",
					"parent": "fur_bottom",
					"pivot": [-3.75, 7, 0],
					"rotation": [0, 0, -12.5],
					"cubes": [
						{"origin": [4.15, 4, -2], "size": [0, 5, 6], "uv": [85, 19]}
					]
				},
				{
					"name": "fur_left",
					"parent": "fur_bottom",
					"pivot": [-3.25, 8, 0],
					"rotation": [0, 0, 12.5],
					"cubes": [
						{"origin": [-4.1, 5.5, -2], "size": [0, 5, 6], "uv": [81, 11]}
					]
				},
				{
					"name": "fur_back",
					"parent": "fur_bottom",
					"pivot": [0, 0.5, -0.75],
					"rotation": [12.5, 0, 0],
					"cubes": [
						{"origin": [-3.5, 4.4, 6.1], "size": [7, 5, 0], "uv": [81, 12]}
					]
				},
				{
					"name": "fur_front",
					"parent": "fur_bottom",
					"pivot": [0, 0, 0.75],
					"rotation": [-12.5, 0, 0],
					"cubes": [
						{"origin": [-3.5, 5, -4.25], "size": [7, 5, 0], "uv": [81, 7]}
					]
				},
				{
					"name": "neck",
					"parent": "torso",
					"pivot": [0, 21.9731, 0.47148],
					"rotation": [40, 0, 0],
					"cubes": [
						{"origin": [13.23481, 6.9242, -8.97314], "size": [3, 4, 4], "pivot": [0, 8.9242, -6.39679], "rotation": [0, -30, -90], "uv": [65, 0]}
					]
				},
				{
					"name": "head",
					"parent": "neck",
					"pivot": [0, 28.16345, 1.53286],
					"rotation": [-37.5, 0, 0],
					"cubes": [
						{"origin": [-3, 24.29064, 0.02481], "size": [6, 7, 6], "pivot": [-0.5, 11.52402, -12.62829], "rotation": [-2.5, 0, 0], "uv": [7, 18]},
						{"origin": [-2, 28.29064, 0.02171], "size": [4, 1, 0], "pivot": [-0.5, 11.52402, -12.62829], "rotation": [-2.5, 0, 0], "uv": [9, 41]},
						{"origin": [-3.5, 23.08692, 0.65432], "size": [7, 2, 5], "inflate": 0.01, "pivot": [0, 21.27402, -8.12829], "rotation": [12.5, 0, 0], "uv": [38, 44]},
						{"origin": [-1.5, 29.02402, -1.52829], "size": [3, 3, 0], "pivot": [0, 17.52402, 0.62171], "rotation": [-10, 0, 0], "uv": [2, 6]},
						{"origin": [-1.5, 26.52402, -3.52829], "size": [3, 2, 0], "pivot": [0, 17.52402, 0.62171], "rotation": [-20, 0, 0], "uv": [2, 9]}
					]
				},
				{
					"name": "muzzle",
					"parent": "head",
					"pivot": [0, 21.77402, -10.62829],
					"rotation": [17.5, 0, 0],
					"cubes": [
						{"origin": [-2.5, 22.07029, -0.73419], "size": [5, 2, 2], "inflate": 0.01, "pivot": [-1.5, 11.77402, -14.62829], "rotation": [-2.5, 0, 0], "uv": [26, 18]},
						{"origin": [-2, 12.23733, -2.09419], "size": [0, 1, 1], "inflate": 0.01, "pivot": [-2, 19.77402, -11.87829], "rotation": [42.5, 0, 0], "uv": [40, 30]},
						{"origin": [2, 12.23733, -2.09419], "size": [0, 1, 1], "inflate": 0.01, "pivot": [2, 19.77402, -11.87829], "rotation": [42.5, 0, 0], "uv": [40, 30], "mirror": true}
					]
				},
				{
					"name": "jaw",
					"parent": "muzzle",
					"pivot": [0, 20.89205, 0.69112],
					"rotation": [-7.5, 0, 0],
					"cubes": [
						{"origin": [-2, 21.03733, -0.87649], "size": [4, 1, 2], "pivot": [-1.5, 8.20821, -14.37911], "rotation": [-2.5, 0, 0], "uv": [44, 52]}
					]
				},
				{
					"name": "eye_right",
					"parent": "head",
					"pivot": [-2.51, 22.02402, -9.12829]
				},
				{
					"name": "eyelid_right",
					"parent": "eye_right",
					"pivot": [-2.41, 22.02402, -9.02829]
				},
				{
					"name": "eye_left",
					"parent": "head",
					"pivot": [2.51, 22.02402, -9.12829]
				},
				{
					"name": "eyelid_left",
					"parent": "eye_left",
					"pivot": [2.41, 22.02402, -9.02829]
				},
				{
					"name": "anntenae_left",
					"parent": "head",
					"pivot": [-1.52179, 30.52402, 1.87266],
					"cubes": [
						{"origin": [-2, 30.02402, 1.87171], "size": [1, 5, 0], "pivot": [-1.5, 15.77402, 2.12171], "rotation": [0, 5, 0], "uv": [3, 14]}
					]
				},
				{
					"name": "anntenae_right",
					"parent": "head",
					"pivot": [1.52179, 30.52402, 1.87266],
					"cubes": [
						{"origin": [1, 30.02402, 1.87171], "size": [1, 5, 0], "pivot": [1.5, 15.77402, 2.12171], "rotation": [0, -5, 0], "uv": [3, 14]}
					]
				},
				{
					"name": "whisker_right",
					"parent": "head",
					"pivot": [2.75, 19.52402, -9.37829],
					"rotation": [0, -20, 17.5],
					"cubes": [
						{"origin": [-2.20393, 23.53528, 1.22564], "size": [4, 1, 0], "pivot": [5.25, 8.02402, -11.37829], "rotation": [-2.5, 0, 25], "uv": [47, 0]}
					]
				},
				{
					"name": "whisker_left",
					"parent": "head",
					"pivot": [-2.75, 19.52402, -9.37829],
					"rotation": [0, 20, -17.5],
					"cubes": [
						{"origin": [-1.79607, 23.53528, 1.22564], "size": [4, 1, 0], "pivot": [-5.25, 8.02402, -11.37829], "rotation": [-2.5, 0, -25], "uv": [55, 0]}
					]
				},
				{
					"name": "ear_right",
					"parent": "head",
					"pivot": [-1.5, 23.52402, -7.62829],
					"rotation": [-5, -30, -25],
					"cubes": [
						{"origin": [5.66349, 29.63472, -1.84701], "size": [0, 5, 5], "pivot": [1, 16.52402, -12.12829], "rotation": [-2.5, 0, 0], "uv": [23, -5]}
					]
				},
				{
					"name": "ear_left",
					"parent": "head",
					"pivot": [1.5, 23.52402, -7.62829],
					"rotation": [-5, 30, 25],
					"cubes": [
						{"origin": [-5.66349, 29.63472, -1.84701], "size": [0, 5, 5], "pivot": [-1, 16.52402, -12.12829], "rotation": [-2.5, 0, 0], "uv": [23, 2]}
					]
				},
				{
					"name": "tail1",
					"parent": "torso",
					"pivot": [0, 16.75, 8.5],
					"cubes": [
						{"origin": [0, 9, 3.5], "size": [0, 2, 3], "uv": [13, -3]}
					]
				},
				{
					"name": "tail2",
					"parent": "tail1",
					"pivot": [0, 18.25, 13.5],
					"cubes": [
						{"origin": [0, 9, 6.5], "size": [0, 2, 4], "inflate": 0.01, "uv": [12, -1]}
					]
				},
				{
					"name": "tail3",
					"parent": "tail2",
					"pivot": [0, 18.25, 17.5],
					"cubes": [
						{"origin": [0, 9, 10.5], "size": [0, 2, 4], "uv": [12, 2]}
					]
				},
				{
					"name": "tail4",
					"parent": "tail3",
					"pivot": [0, 18.25, 21.5],
					"cubes": [
						{"origin": [0, 9, 14.5], "size": [0, 2, 4], "inflate": 0.01, "uv": [12, 5]}
					]
				},
				{
					"name": "tail8",
					"parent": "tail4",
					"pivot": [0.5, 2.75, 18.5],
					"cubes": [
						{"origin": [0, 8, 18.5], "size": [0, 3, 4], "uv": [12, 8]}
					]
				},
				{
					"name": "tail9",
					"parent": "tail8",
					"pivot": [0.5, 2.75, 22.5],
					"cubes": [
						{"origin": [0, 6, 22.5], "size": [0, 5, 5], "inflate": 0.01, "uv": [0, -5]}
					]
				},
				{
					"name": "leg_back_left1",
					"parent": "body",
					"pivot": [2.5, 13.75, 9.5],
					"rotation": [5, 0, 0]
				},
				{
					"name": "leg_back_left2",
					"parent": "leg_back_left1",
					"pivot": [2.5, 7, 2],
					"rotation": [-15, 0, 0],
					"cubes": [
						{"origin": [1, 1.25, -0.5], "size": [3, 6, 3], "pivot": [0, 3.25, -3.75], "rotation": [10, 0, 0], "uv": [36, 7]}
					]
				},
				{
					"name": "leg_back_left3",
					"parent": "leg_back_left2",
					"pivot": [2.5, 2, 1.5],
					"rotation": [10, 0, 0],
					"cubes": [
						{"origin": [1, 0.5, -1.25], "size": [3, 2, 4], "inflate": 0.01, "uv": [49, 9]}
					]
				},
				{
					"name": "toe_back_left",
					"parent": "leg_back_left3",
					"pivot": [2.25, 1.5, -1.25]
				},
				{
					"name": "toe_back_left2",
					"parent": "leg_back_left3",
					"pivot": [3.25, 1.5, -1.25]
				},
				{
					"name": "toe_back_left3",
					"parent": "leg_back_left3",
					"pivot": [1.25, 1.5, -1.25]
				},
				{
					"name": "leg_back_right1",
					"parent": "body",
					"pivot": [-2.5, 13.75, 0.75],
					"rotation": [5, 0, 0]
				},
				{
					"name": "leg_back_right2",
					"parent": "leg_back_right1",
					"pivot": [-2.5, 6.25, 2],
					"rotation": [-15, 0, 0],
					"cubes": [
						{"origin": [-4, 0.5, -0.5], "size": [3, 6, 3], "pivot": [0, 2.5, -3.75], "rotation": [10, 0, 0], "uv": [51, 1]}
					]
				},
				{
					"name": "leg_back_right3",
					"parent": "leg_back_right2",
					"pivot": [-2.5, 1.25, 1.5],
					"rotation": [10, 0, 0],
					"cubes": [
						{"origin": [-4, -0.25, -1.25], "size": [3, 2, 4], "inflate": 0.01, "uv": [35, 0]}
					]
				},
				{
					"name": "toe_back_right",
					"parent": "leg_back_right3",
					"pivot": [-2.25, 0.75, -1.25]
				},
				{
					"name": "toe_back_right2",
					"parent": "leg_back_right3",
					"pivot": [-3.25, 0.75, -1.25]
				},
				{
					"name": "toe_back_right3",
					"parent": "leg_back_right3",
					"pivot": [-1.25, 0.75, -1.25]
				},
				{
					"name": "floating_bead",
					"parent": "body",
					"pivot": [-8.5, 27.5, 2.5],
					"cubes": [
						{"origin": [-9.9992, 26.98677, -1.04988], "size": [2, 2, 2], "uv": [22, 35]},
						{"origin": [-9.4992, 28.97677, -0.54988], "size": [1, 0, 1], "uv": [5, 41]},
						{"origin": [-9.4992, 26.97677, -0.54988], "size": [1, 0, 1], "uv": [5, 41]},
						{"origin": [-9.4992, 28.98677, -0.54988], "size": [1, 0, 1], "uv": [5, 41]},
						{"origin": [-9.4992, 27.47677, 0.96012], "size": [1, 1, 0], "uv": [6, 41]},
						{"origin": [-9.9992, 27.47677, -0.54988], "size": [0, 1, 1], "uv": [6, 40]},
						{"origin": [-7.9892, 27.47677, -0.54988], "size": [0, 1, 1], "uv": [6, 40]},
						{"origin": [-9.4992, 27.47677, -1.05988], "size": [1, 1, 0], "uv": [6, 41]}
					]
				}
			]
		}
	]
}