{
	"format_version": "1.12.0",
	"minecraft:geometry": [
		{
			"description": {
				"identifier": "geometry.raticate_chriscendo",
				"texture_width": 64,
				"texture_height": 64,
				"visible_bounds_width": 5,
				"visible_bounds_height": 2.5,
				"visible_bounds_offset": [0, 0.75, 0]
			},
			"bones": [
				{
					"name": "raticate",
					"pivot": [0, 0, 0]
				},
				{
					"name": "body",
					"parent": "raticate",
					"pivot": [0, 0, 0]
				},
				{
					"name": "foot_left",
					"parent": "body",
					"pivot": [2.75, 1, 0.5],
					"cubes": [
						{"origin": [1.25, 0, -2.5], "size": [3, 1, 5], "uv": [16, 29]},
						{"origin": [1.75, 1, -1], "size": [2, 2, 3], "pivot": [2.75, 1, 2], "rotation": [10, 0, 0], "uv": [0, 40]}
					]
				},
				{
					"name": "toe_left",
					"parent": "foot_left",
					"pivot": [2.75, 0, -2.5],
					"cubes": [
						{"origin": [1.5, 0, -5.5], "size": [0, 1, 3], "pivot": [1.5, 0.5, -2.5], "rotation": [0, 10, 0], "uv": [0, 13]},
						{"origin": [2.75, 0, -5.5], "size": [0, 1, 3], "uv": [0, 12]},
						{"origin": [4, 0, -5.5], "size": [0, 1, 3], "pivot": [4, 0.5, -2.5], "rotation": [0, -10, 0], "uv": [0, 3]}
					]
				},
				{
					"name": "foot_right",
					"parent": "body",
					"pivot": [-2.75, 1, 0.5],
					"cubes": [
						{"origin": [-4.25, 0, -2.5], "size": [3, 1, 5], "uv": [0, 29]},
						{"origin": [-3.75, 1, -1], "size": [2, 2, 3], "pivot": [-2.75, 1, 2], "rotation": [10, 0, 0], "uv": [36, 36]}
					]
				},
				{
					"name": "toe_right",
					"parent": "foot_right",
					"pivot": [-2.75, 0, -2.5],
					"cubes": [
						{"origin": [-4, 0, -5.5], "size": [0, 1, 3], "pivot": [-4, 0.5, -2.5], "rotation": [0, 10, 0], "uv": [0, 2]},
						{"origin": [-2.75, 0, -5.5], "size": [0, 1, 3], "uv": [0, 1]},
						{"origin": [-1.5, 0, -5.5], "size": [0, 1, 3], "pivot": [-1.5, 0.5, -2.5], "rotation": [0, -10, 0], "uv": [0, 0]}
					]
				},
				{
					"name": "torso",
					"parent": "body",
					"pivot": [0, 5, 0],
					"cubes": [
						{"origin": [-5, 1, -3.5], "size": [10, 8, 7], "uv": [0, 0]}
					]
				},
				{
					"name": "head",
					"parent": "torso",
					"pivot": [0, 9.49619, -4.08716],
					"cubes": [
						{"origin": [-5, 9, -4], "size": [10, 7, 7], "uv": [0, 15]},
						{"origin": [-1, 9, -4], "size": [2, 1, 0], "pivot": [0, 9, -4], "rotation": [5, 0, 0], "uv": [11, 33]},
						{"origin": [-1, 11, -4], "size": [2, 1, 0], "pivot": [0, 11, -4], "rotation": [5, 0, -180], "uv": [31, 21]}
					]
				},
				{
					"name": "whisker_right",
					"parent": "head",
					"pivot": [0, 9.49619, -4.08716],
					"cubes": [
						{"origin": [-13.5, 6.99619, -4.08716], "size": [11, 4, 0], "pivot": [-2.5, 10.49619, -4.08716], "rotation": [0, 0, -32.5], "uv": [27, 15]}
					]
				},
				{
					"name": "whisker_left",
					"parent": "head",
					"pivot": [0, 9.49619, -4.08716],
					"cubes": [
						{"origin": [2.5, 6.99619, -4.08716], "size": [11, 4, 0], "pivot": [2.5, 10.49619, -4.08716], "rotation": [0, 0, 32.5], "uv": [27, 0]}
					]
				},
				{
					"name": "ear_right",
					"parent": "head",
					"pivot": [-1, 16, 1],
					"cubes": [
						{"origin": [-7, 16, 1], "size": [6, 7, 0], "pivot": [-1, 16, 1], "rotation": [0, 15, -15], "uv": [34, 4]}
					]
				},
				{
					"name": "ear_left",
					"parent": "head",
					"pivot": [1, 16, 1],
					"cubes": [
						{"origin": [1, 16, 1], "size": [6, 7, 0], "pivot": [1, 16, 1], "rotation": [0, -15, 15], "uv": [32, 29]}
					]
				},
				{
					"name": "eyes",
					"parent": "head",
					"pivot": [0, 9.99619, -4.03716]
				},
				{
					"name": "eye_right",
					"parent": "eyes",
					"pivot": [-0.5, 9.99619, -4.03716],
					"cubes": [
						{"origin": [-4, 11.99619, -4.03716], "size": [2, 2, 0], "uv": [27, 32]},
						{"origin": [-3.25, 12.24619, -4.06216], "size": [1, 1, 0], "uv": [11, 24]}
					]
				},
				{
					"name": "eyelid_right",
					"parent": "eye_right",
					"pivot": [-0.5, 9.99619, -2.03716],
					"cubes": [
						{"origin": [-4, 11.99619, -2.08716], "size": [2, 2, 0], "uv": [31, 19]}
					]
				},
				{
					"name": "eye_left",
					"parent": "eyes",
					"pivot": [0, 9.99619, -4.03716],
					"cubes": [
						{"origin": [2.25, 12.24619, -4.06216], "size": [1, 1, 0], "uv": [11, 24], "mirror": true},
						{"origin": [2, 11.99619, -4.03716], "size": [2, 2, 0], "uv": [0, 32]}
					]
				},
				{
					"name": "eyelid_left",
					"parent": "eye_left",
					"pivot": [0.5, 9.99619, -4.08716],
					"cubes": [
						{"origin": [2, 11.99619, -3.08716], "size": [2, 2, 0], "uv": [27, 30]}
					]
				},
				{
					"name": "fluff_top",
					"parent": "head",
					"pivot": [0, 15.99619, -2.08716],
					"rotation": [-20, 0, 0],
					"cubes": [
						{"origin": [-1, 15.99619, -2.08716], "size": [2, 2, 0], "uv": [0, 30]}
					]
				},
				{
					"name": "fluff_right",
					"parent": "head",
					"pivot": [-4.5, 10.49619, -3.83716],
					"cubes": [
						{"origin": [-7, 8.99619, -3.83716], "size": [2, 3, 0], "uv": [27, 4]}
					]
				},
				{
					"name": "fluff_left",
					"parent": "head",
					"pivot": [4.5, 10.49619, -3.83716],
					"cubes": [
						{"origin": [5, 8.99619, -3.83716], "size": [2, 3, 0], "uv": [0, 19]}
					]
				},
				{
					"name": "hand_right",
					"parent": "torso",
					"pivot": [-4.25, 7.25, -2.5],
					"cubes": [
						{"origin": [-5.25, 6.5, -4.25], "size": [2, 1, 1], "uv": [0, 17]}
					]
				},
				{
					"name": "finger_right1",
					"parent": "hand_right",
					"pivot": [-5, 7.5, -4.25],
					"rotation": [0, 10, 0],
					"cubes": [
						{"origin": [-5, 6.5, -6.25], "size": [0, 1, 2], "uv": [27, 27]}
					]
				},
				{
					"name": "finger_right2",
					"parent": "hand_right",
					"pivot": [-4.25, 7.5, -4.25],
					"cubes": [
						{"origin": [-4.25, 6.5, -6.25], "size": [0, 1, 2], "uv": [27, 19]}
					]
				},
				{
					"name": "finger_right3",
					"parent": "hand_right",
					"pivot": [-3.5, 7.5, -4.25],
					"rotation": [0, -10, 0],
					"cubes": [
						{"origin": [-3.5, 6.5, -6.25], "size": [0, 1, 2], "uv": [27, 18]}
					]
				},
				{
					"name": "hand_left",
					"parent": "torso",
					"pivot": [4.25, 7.25, -2.5],
					"cubes": [
						{"origin": [3.25, 6.5, -4.25], "size": [2, 1, 1], "uv": [0, 0]}
					]
				},
				{
					"name": "finger_left1",
					"parent": "hand_left",
					"pivot": [3.5, 7.5, -4.25],
					"rotation": [0, 10, 0],
					"cubes": [
						{"origin": [3.5, 6.5, -6.25], "size": [0, 1, 2], "uv": [27, 17]}
					]
				},
				{
					"name": "finger_left2",
					"parent": "hand_left",
					"pivot": [4.25, 7.5, -4.25],
					"cubes": [
						{"origin": [4.25, 6.5, -6.25], "size": [0, 1, 2], "uv": [0, 27]}
					]
				},
				{
					"name": "finger_left3",
					"parent": "hand_left",
					"pivot": [5, 7.5, -4.25],
					"rotation": [0, -10, 0],
					"cubes": [
						{"origin": [5, 6.5, -6.25], "size": [0, 1, 2], "uv": [0, 0]}
					]
				},
				{
					"name": "tail",
					"parent": "body",
					"pivot": [0, 9, -4]
				},
				{
					"name": "tail1",
					"parent": "tail",
					"pivot": [-0.5, 2.5, 3],
					"cubes": [
						{"origin": [-1, 2, 3], "size": [1, 1, 4], "uv": [26, 36]}
					]
				},
				{
					"name": "tail2",
					"parent": "tail1",
					"pivot": [-0.5, 2.5, 7],
					"cubes": [
						{"origin": [-1, 2, 7], "size": [1, 1, 4], "uv": [20, 35]}
					]
				},
				{
					"name": "tail3",
					"parent": "tail2",
					"pivot": [-0.5, 2.5, 11],
					"cubes": [
						{"origin": [-1, 2, 11], "size": [1, 1, 4], "uv": [10, 35]}
					]
				},
				{
					"name": "tail4",
					"parent": "tail3",
					"pivot": [-0.5, 2.5, 15],
					"cubes": [
						{"origin": [-1, 2, 15], "size": [1, 1, 4], "uv": [0, 35]}
					]
				},
				{
					"name": "tail5",
					"parent": "tail4",
					"pivot": [-0.5, 2.5, 19],
					"cubes": [
						{"origin": [-1, 2, 19], "size": [1, 1, 4], "uv": [34, 24]}
					]
				},
				{
					"name": "tail6",
					"parent": "tail5",
					"pivot": [-0.5, 2.5, 23],
					"cubes": [
						{"origin": [-1, 2, 23], "size": [1, 1, 4], "uv": [34, 19]}
					]
				},
				{
					"name": "tail_tip",
					"parent": "tail6",
					"pivot": [-0.5, 2.5, 26.82843],
					"cubes": [
						{"origin": [-0.5, 2.5, 26], "size": [0, 4, 4], "pivot": [-0.5, 2.5, 26], "rotation": [-45, 0, 0], "uv": [11, 25]}
					]
				}
			]
		}
	]
}