{
	"format_version": "1.12.0",
	"minecraft:geometry": [
		{
			"description": {
				"identifier": "geometry.shimmer_wing",
				"texture_width": 256,
				"texture_height": 256,
				"visible_bounds_width": 20,
				"visible_bounds_height": 7.5,
				"visible_bounds_offset": [0, 3.25, 0]
			},
			"bones": [
				{
					"name": "shimmer_wing",
					"pivot": [0, 0, -3.5]
				},
				{
					"name": "body",
					"parent": "shimmer_wing",
					"pivot": [0, 24, -5.5]
				},
				{
					"name": "torso",
					"parent": "body",
					"pivot": [-1, 24, -5.5],
					"cubes": [
						{"origin": [-9, 12, -11.5], "size": [18, 24, 19], "inflate": 0.01, "uv": [0, 34]}
					]
				},
				{
					"name": "chest",
					"parent": "torso",
					"pivot": [-1, 34, -12.5],
					"cubes": [
						{"origin": [-8, 34, -10.5], "size": [16, 15, 17], "uv": [89, 78]}
					]
				},
				{
					"name": "neck",
					"parent": "chest",
					"pivot": [0, 48, -2],
					"cubes": [
						{"origin": [-5.5, 46, -8.5], "size": [11, 14, 13], "uv": [121, 123]},
						{"origin": [-6, 57, -2.5], "size": [1, 2, 3], "uv": [96, 88]},
						{"origin": [5, 57, -2.5], "size": [1, 2, 3], "uv": [96, 88], "mirror": true}
					]
				},
				{
					"name": "right_arm",
					"parent": "neck",
					"pivot": [-5.16667, 51, -2.5],
					"cubes": [
						{"origin": [-10, 48, -6.5], "size": [6, 8, 8], "uv": [110, 60]},
						{"origin": [-25, 49, -5.5], "size": [15, 6, 6], "uv": [138, 82]}
					]
				},
				{
					"name": "spike_right",
					"parent": "right_arm",
					"pivot": [-10, 56, -2.5],
					"rotation": [0, 0, 22.5],
					"cubes": [
						{"origin": [-10, 60, -2.5], "size": [3, 4, 0], "uv": [23, 81]},
						{"origin": [-10, 56, -3.5], "size": [3, 4, 2], "uv": [80, 10]}
					]
				},
				{
					"name": "spike_right2",
					"parent": "right_arm",
					"pivot": [-23, 54, -2.5],
					"rotation": [0, 0, 22.5],
					"cubes": [
						{"origin": [-23, 57, -2.5], "size": [3, 4, 0], "uv": [23, 77]},
						{"origin": [-23, 54, -3.5], "size": [3, 3, 2], "uv": [105, 29]}
					]
				},
				{
					"name": "feathers_group_right",
					"parent": "right_arm",
					"pivot": [-17.5, 52, -2.5],
					"cubes": [
						{"origin": [-25, 52, 0.5], "size": [18, 0, 5], "inflate": 0.02, "uv": [61, 0]}
					]
				},
				{
					"name": "red_feather_right",
					"parent": "feathers_group_right",
					"pivot": [-9, 52, 2.5],
					"cubes": [
						{"origin": [-12, 52, 1.5], "size": [5, 0, 13], "inflate": 0.01, "uv": [0, 90]}
					]
				},
				{
					"name": "green_feather_right",
					"parent": "feathers_group_right",
					"pivot": [-14, 51.75, 2.5],
					"cubes": [
						{"origin": [-18, 51.75, 1.5], "size": [6, 0, 29], "inflate": 0.01, "uv": [48, 78]}
					]
				},
				{
					"name": "green_feather_right2",
					"parent": "feathers_group_right",
					"pivot": [-10, 51.75, 2.5],
					"cubes": [
						{"origin": [-14, 51.85, 1.5], "size": [6, 0, 29], "inflate": 0.01, "uv": [36, 78]}
					]
				},
				{
					"name": "green_feather_right3",
					"parent": "feathers_group_right",
					"pivot": [-19, 51.75, 2.5],
					"cubes": [
						{"origin": [-23, 51.85, 1.5], "size": [6, 0, 29], "inflate": 0.01, "uv": [24, 77]}
					]
				},
				{
					"name": "green_feather_right4",
					"parent": "feathers_group_right",
					"pivot": [-23, 51.75, 2.5],
					"cubes": [
						{"origin": [-27, 51.75, 1.5], "size": [6, 0, 29], "inflate": 0.01, "uv": [12, 77]}
					]
				},
				{
					"name": "green_feather_right5",
					"parent": "feathers_group_right",
					"pivot": [-17, 51.75, 2.5],
					"cubes": [
						{"origin": [-29, 51.75, 1.5], "size": [6, 0, 29], "inflate": 0.01, "uv": [0, 77]}
					]
				},
				{
					"name": "green_feather_right6",
					"parent": "feathers_group_right",
					"pivot": [-27, 51.75, 2.5],
					"cubes": [
						{"origin": [-31, 51.75, 1.5], "size": [6, 0, 29], "inflate": 0.01, "uv": [76, 0]}
					]
				},
				{
					"name": "red_feather_right2",
					"parent": "feathers_group_right",
					"pivot": [-13, 52, 5.5],
					"cubes": [
						{"origin": [-16, 52, 4.5], "size": [5, 0, 13], "inflate": 0.01, "uv": [76, 78]}
					]
				},
				{
					"name": "red_feather_right3",
					"parent": "feathers_group_right",
					"pivot": [-17, 52, 5.5],
					"cubes": [
						{"origin": [-20, 52, 4.5], "size": [5, 0, 13], "inflate": 0.01, "uv": [0, 77]}
					]
				},
				{
					"name": "red_feather_right4",
					"parent": "feathers_group_right",
					"pivot": [-21, 52, 5.5],
					"cubes": [
						{"origin": [-24, 52, 4.5], "size": [5, 0, 13], "inflate": 0.01, "uv": [10, 13]}
					]
				},
				{
					"name": "red_feather_right5",
					"parent": "feathers_group_right",
					"pivot": [-25, 52, 5.5],
					"cubes": [
						{"origin": [-27, 52, 4.5], "size": [5, 0, 13], "inflate": 0.01, "uv": [0, 0]}
					]
				},
				{
					"name": "right_arm2",
					"parent": "right_arm",
					"pivot": [-25, 51, 0.5],
					"cubes": [
						{"origin": [-36, 49, -5.5], "size": [11, 6, 6], "inflate": 0.01, "uv": [40, 157]},
						{"origin": [-36, 52, -3.5], "size": [11, 3, 4], "inflate": 0.01, "pivot": [-35.5, 53.5, -1.5], "rotation": [9.00717, -20.70481, -24.14867], "uv": [133, 0]}
					]
				},
				{
					"name": "feathers_group_forearm_right",
					"parent": "right_arm2",
					"pivot": [-17.5, 52, -2.5],
					"cubes": [
						{"origin": [-36, 52, 0.5], "size": [14, 0, 5], "inflate": 0.02, "uv": [61, 5]}
					]
				},
				{
					"name": "green_feather_right7",
					"parent": "feathers_group_forearm_right",
					"pivot": [-23, 51.75, 2.5],
					"cubes": [
						{"origin": [-35, 51.85, 1.5], "size": [6, 0, 29], "inflate": 0.01, "uv": [69, 49]}
					]
				},
				{
					"name": "green_feather_right8",
					"parent": "feathers_group_forearm_right",
					"pivot": [-21, 51.75, 2.5],
					"cubes": [
						{"origin": [-33, 51.75, 1.5], "size": [6, 0, 29], "inflate": 0.01, "uv": [57, 49]}
					]
				},
				{
					"name": "green_feather_right9",
					"parent": "feathers_group_forearm_right",
					"pivot": [-19, 51.75, 2.5],
					"cubes": [
						{"origin": [-31, 51.85, 1.5], "size": [6, 0, 29], "inflate": 0.01, "uv": [45, 49]}
					]
				},
				{
					"name": "red_forearm_feather_right",
					"parent": "feathers_group_forearm_right",
					"pivot": [-33, 52, 3.5],
					"cubes": [
						{"origin": [-35, 52, 2.5], "size": [5, 0, 13], "inflate": 0.01, "uv": [0, 13]}
					]
				},
				{
					"name": "red_forearm_feather_right2",
					"parent": "feathers_group_forearm_right",
					"pivot": [-29, 52, 5.5],
					"cubes": [
						{"origin": [-31, 52, 4.5], "size": [5, 0, 13], "inflate": 0.01, "uv": [10, 0]}
					]
				},
				{
					"name": "red_forearm_feather_right3",
					"parent": "feathers_group_forearm_right",
					"pivot": [-25, 52, 5.5],
					"cubes": [
						{"origin": [-27, 52, 4.5], "size": [5, 0, 13], "inflate": 0.01, "uv": [0, 0]}
					]
				},
				{
					"name": "right_arm3",
					"parent": "right_arm2",
					"pivot": [-36, 52, -2.5],
					"cubes": [
						{"origin": [-43, 50, -4.5], "size": [7, 4, 4], "uv": [168, 49]}
					]
				},
				{
					"name": "foot_right",
					"parent": "right_arm3",
					"pivot": [-41.3, 52.15, -2.5],
					"rotation": [0, 90, 90],
					"cubes": [
						{"origin": [-44.3, 48.40442, -1.15301], "size": [6, 4, 5], "uv": [167, 94]}
					]
				},
				{
					"name": "foot_right_front",
					"parent": "foot_right",
					"pivot": [-41.3, 50.40442, -1.15301],
					"cubes": [
						{"origin": [-45.3, 48.40442, -8.15301], "size": [8, 4, 7], "inflate": 0.01, "uv": [118, 110]}
					]
				},
				{
					"name": "toe_middle_right",
					"parent": "foot_right_front",
					"pivot": [-39.3, 52.30442, -6.15301],
					"rotation": [0, -22.5, 0],
					"cubes": [
						{"origin": [-40.8, 48.40442, -15.15301], "size": [3, 4, 9], "uv": [159, 150]}
					]
				},
				{
					"name": "toe_middle_right_cla",
					"parent": "toe_middle_right",
					"pivot": [-39.3, 52.40442, -15.15301],
					"cubes": [
						{"origin": [-39.8, 48.40442, -19.15301], "size": [1, 4, 4], "uv": [24, 26]},
						{"origin": [-39.3, 48.40442, -22.15301], "size": [0, 3, 3], "uv": [66, 23]}
					]
				},
				{
					"name": "toe_middle_right2",
					"parent": "foot_right_front",
					"pivot": [-43.3, 52.30442, -6.15301],
					"rotation": [0, 22.5, 0],
					"cubes": [
						{"origin": [-44.8, 48.40442, -15.15301], "size": [3, 4, 9], "uv": [159, 150]}
					]
				},
				{
					"name": "toe_middle_right_cla2",
					"parent": "toe_middle_right2",
					"pivot": [-43.3, 52.40442, -15.15301],
					"cubes": [
						{"origin": [-43.8, 48.40442, -19.15301], "size": [1, 4, 4], "uv": [24, 26]},
						{"origin": [-43.3, 48.40442, -22.15301], "size": [0, 3, 3], "uv": [66, 23]}
					]
				},
				{
					"name": "toe_back_right",
					"parent": "foot_right",
					"pivot": [-41.3, 52.40442, 3.84699],
					"cubes": [
						{"origin": [-42.8, 48.40442, 3.84699], "size": [3, 4, 7], "uv": [26, 162]}
					]
				},
				{
					"name": "toe_back_right_cla",
					"parent": "toe_back_right",
					"pivot": [-41.3, 52.40442, 10.84699],
					"cubes": [
						{"origin": [-41.8, 48.40442, 10.84699], "size": [1, 4, 4], "uv": [24, 26]},
						{"origin": [-41.3, 48.40442, 14.84699], "size": [0, 3, 3], "uv": [66, 20]}
					]
				},
				{
					"name": "left_arm",
					"parent": "neck",
					"pivot": [5.16667, 51, -2.5],
					"cubes": [
						{"origin": [4, 48, -6.5], "size": [6, 8, 8], "uv": [110, 60], "mirror": true},
						{"origin": [10, 49, -5.5], "size": [15, 6, 6], "uv": [138, 82], "mirror": true}
					]
				},
				{
					"name": "spike_left",
					"parent": "left_arm",
					"pivot": [10, 56, -2.5],
					"rotation": [0, 0, -22.5],
					"cubes": [
						{"origin": [7, 60, -2.5], "size": [3, 4, 0], "uv": [23, 81], "mirror": true},
						{"origin": [7, 56, -3.5], "size": [3, 4, 2], "uv": [80, 10], "mirror": true}
					]
				},
				{
					"name": "spike_left2",
					"parent": "left_arm",
					"pivot": [23, 54, -2.5],
					"rotation": [0, 0, -22.5],
					"cubes": [
						{"origin": [20, 57, -2.5], "size": [3, 4, 0], "uv": [23, 77], "mirror": true},
						{"origin": [20, 54, -3.5], "size": [3, 3, 2], "uv": [105, 29], "mirror": true}
					]
				},
				{
					"name": "feathers_group_left",
					"parent": "left_arm",
					"pivot": [17.5, 52, -2.5],
					"cubes": [
						{"origin": [7, 52, 0.5], "size": [18, 0, 5], "inflate": 0.02, "uv": [61, 0], "mirror": true}
					]
				},
				{
					"name": "red_feather_left",
					"parent": "feathers_group_left",
					"pivot": [9, 52, 2.5],
					"cubes": [
						{"origin": [7, 52, 1.5], "size": [5, 0, 13], "inflate": 0.01, "uv": [0, 90], "mirror": true}
					]
				},
				{
					"name": "green_feather_left",
					"parent": "feathers_group_left",
					"pivot": [14, 51.75, 2.5],
					"cubes": [
						{"origin": [12, 51.75, 1.5], "size": [6, 0, 29], "inflate": 0.01, "uv": [48, 78], "mirror": true}
					]
				},
				{
					"name": "green_feather_left2",
					"parent": "feathers_group_left",
					"pivot": [10, 51.75, 2.5],
					"cubes": [
						{"origin": [8, 51.85, 1.5], "size": [6, 0, 29], "inflate": 0.01, "uv": [36, 78], "mirror": true}
					]
				},
				{
					"name": "green_feather_left3",
					"parent": "feathers_group_left",
					"pivot": [19, 51.75, 2.5],
					"cubes": [
						{"origin": [17, 51.85, 1.5], "size": [6, 0, 29], "inflate": 0.01, "uv": [24, 77], "mirror": true}
					]
				},
				{
					"name": "green_feather_left4",
					"parent": "feathers_group_left",
					"pivot": [23, 51.75, 2.5],
					"cubes": [
						{"origin": [21, 51.75, 1.5], "size": [6, 0, 29], "inflate": 0.01, "uv": [12, 77], "mirror": true}
					]
				},
				{
					"name": "green_feather_left5",
					"parent": "feathers_group_left",
					"pivot": [17, 51.75, 2.5],
					"cubes": [
						{"origin": [23, 51.75, 1.5], "size": [6, 0, 29], "inflate": 0.01, "uv": [0, 77], "mirror": true}
					]
				},
				{
					"name": "green_feather_left6",
					"parent": "feathers_group_left",
					"pivot": [27, 51.75, 2.5],
					"cubes": [
						{"origin": [25, 51.75, 1.5], "size": [6, 0, 29], "inflate": 0.01, "uv": [76, 0], "mirror": true}
					]
				},
				{
					"name": "red_feather_left2",
					"parent": "feathers_group_left",
					"pivot": [13, 52, 5.5],
					"cubes": [
						{"origin": [11, 52, 4.5], "size": [5, 0, 13], "inflate": 0.01, "uv": [76, 78], "mirror": true}
					]
				},
				{
					"name": "red_feather_left3",
					"parent": "feathers_group_left",
					"pivot": [17, 52, 5.5],
					"cubes": [
						{"origin": [15, 52, 4.5], "size": [5, 0, 13], "inflate": 0.01, "uv": [0, 77], "mirror": true}
					]
				},
				{
					"name": "red_feather_left4",
					"parent": "feathers_group_left",
					"pivot": [21, 52, 5.5],
					"cubes": [
						{"origin": [19, 52, 4.5], "size": [5, 0, 13], "inflate": 0.01, "uv": [10, 13], "mirror": true}
					]
				},
				{
					"name": "red_feather_left5",
					"parent": "feathers_group_left",
					"pivot": [25, 52, 5.5],
					"cubes": [
						{"origin": [22, 52, 4.5], "size": [5, 0, 13], "inflate": 0.01, "uv": [0, 0], "mirror": true}
					]
				},
				{
					"name": "left_arm2",
					"parent": "left_arm",
					"pivot": [25, 51, 0.5],
					"cubes": [
						{"origin": [25, 49, -5.5], "size": [11, 6, 6], "inflate": 0.01, "uv": [40, 157], "mirror": true},
						{"origin": [25, 52, -3.5], "size": [11, 3, 4], "inflate": 0.01, "pivot": [35.5, 53.5, -1.5], "rotation": [9.00717, 20.70481, 24.14867], "uv": [133, 0], "mirror": true}
					]
				},
				{
					"name": "feathers_group_forearm_left",
					"parent": "left_arm2",
					"pivot": [17.5, 52, -2.5],
					"cubes": [
						{"origin": [22, 52, 0.5], "size": [14, 0, 5], "inflate": 0.02, "uv": [61, 5], "mirror": true}
					]
				},
				{
					"name": "green_feather_left7",
					"parent": "feathers_group_forearm_left",
					"pivot": [23, 51.75, 2.5],
					"cubes": [
						{"origin": [29, 51.85, 1.5], "size": [6, 0, 29], "inflate": 0.01, "uv": [69, 49], "mirror": true}
					]
				},
				{
					"name": "green_feather_left8",
					"parent": "feathers_group_forearm_left",
					"pivot": [21, 51.75, 2.5],
					"cubes": [
						{"origin": [27, 51.75, 1.5], "size": [6, 0, 29], "inflate": 0.01, "uv": [57, 49], "mirror": true}
					]
				},
				{
					"name": "green_feather_left9",
					"parent": "feathers_group_forearm_left",
					"pivot": [19, 51.75, 2.5],
					"cubes": [
						{"origin": [25, 51.85, 1.5], "size": [6, 0, 29], "inflate": 0.01, "uv": [45, 49], "mirror": true}
					]
				},
				{
					"name": "red_forearm_feather_left",
					"parent": "feathers_group_forearm_left",
					"pivot": [33, 52, 3.5],
					"cubes": [
						{"origin": [30, 52, 2.5], "size": [5, 0, 13], "inflate": 0.01, "uv": [0, 13], "mirror": true}
					]
				},
				{
					"name": "red_forearm_feather_left2",
					"parent": "feathers_group_forearm_left",
					"pivot": [29, 52, 5.5],
					"cubes": [
						{"origin": [26, 52, 4.5], "size": [5, 0, 13], "inflate": 0.01, "uv": [10, 0], "mirror": true}
					]
				},
				{
					"name": "red_forearm_feather_left3",
					"parent": "feathers_group_forearm_left",
					"pivot": [25, 52, 5.5],
					"cubes": [
						{"origin": [22, 52, 4.5], "size": [5, 0, 13], "inflate": 0.01, "uv": [0, 0], "mirror": true}
					]
				},
				{
					"name": "left_arm3",
					"parent": "left_arm2",
					"pivot": [36, 52, -2.5],
					"cubes": [
						{"origin": [36, 50, -4.5], "size": [7, 4, 4], "uv": [168, 49], "mirror": true}
					]
				},
				{
					"name": "foot_left",
					"parent": "left_arm3",
					"pivot": [41.3, 52.15, -2.5],
					"rotation": [0, -90, -90],
					"cubes": [
						{"origin": [38.3, 48.40442, -1.15301], "size": [6, 4, 5], "uv": [167, 94], "mirror": true}
					]
				},
				{
					"name": "foot_left_front",
					"parent": "foot_left",
					"pivot": [41.3, 50.40442, -1.15301],
					"cubes": [
						{"origin": [37.3, 48.40442, -8.15301], "size": [8, 4, 7], "inflate": 0.01, "uv": [118, 110], "mirror": true}
					]
				},
				{
					"name": "toe_middle_left",
					"parent": "foot_left_front",
					"pivot": [39.3, 52.30442, -6.15301],
					"rotation": [0, 22.5, 0],
					"cubes": [
						{"origin": [37.8, 48.40442, -15.15301], "size": [3, 4, 9], "uv": [159, 150], "mirror": true}
					]
				},
				{
					"name": "toe_middle_left_cla",
					"parent": "toe_middle_left",
					"pivot": [39.3, 52.40442, -15.15301],
					"cubes": [
						{"origin": [38.8, 48.40442, -19.15301], "size": [1, 4, 4], "uv": [24, 26], "mirror": true},
						{"origin": [39.3, 48.40442, -22.15301], "size": [0, 3, 3], "uv": [66, 23], "mirror": true}
					]
				},
				{
					"name": "toe_middle_left2",
					"parent": "foot_left_front",
					"pivot": [43.3, 52.30442, -6.15301],
					"rotation": [0, -22.5, 0],
					"cubes": [
						{"origin": [41.8, 48.40442, -15.15301], "size": [3, 4, 9], "uv": [159, 150], "mirror": true}
					]
				},
				{
					"name": "toe_middle_left_cla2",
					"parent": "toe_middle_left2",
					"pivot": [43.3, 52.40442, -15.15301],
					"cubes": [
						{"origin": [42.8, 48.40442, -19.15301], "size": [1, 4, 4], "uv": [24, 26], "mirror": true},
						{"origin": [43.3, 48.40442, -22.15301], "size": [0, 3, 3], "uv": [66, 23], "mirror": true}
					]
				},
				{
					"name": "toe_back_left",
					"parent": "foot_left",
					"pivot": [41.3, 52.40442, 3.84699],
					"cubes": [
						{"origin": [39.8, 48.40442, 3.84699], "size": [3, 4, 7], "uv": [26, 162], "mirror": true}
					]
				},
				{
					"name": "toe_back_left_cla",
					"parent": "toe_back_left",
					"pivot": [41.3, 52.40442, 10.84699],
					"cubes": [
						{"origin": [40.8, 48.40442, 10.84699], "size": [1, 4, 4], "uv": [24, 26], "mirror": true},
						{"origin": [41.3, 48.40442, 14.84699], "size": [0, 3, 3], "uv": [66, 20], "mirror": true}
					]
				},
				{
					"name": "neck_front_feathers",
					"parent": "neck",
					"pivot": [-3.5, 51.75, -8.5],
					"cubes": [
						{"origin": [-9.47728, 55.47141, -10.45], "size": [3, 4, 0], "inflate": 0.01, "pivot": [-4.47728, 59.87141, -9.5], "rotation": [0, 90, 30], "uv": [23, 85]},
						{"origin": [6.47728, 55.47141, -10.45], "size": [3, 4, 0], "pivot": [4.47728, 59.87141, -9.5], "rotation": [0, -90, -30], "uv": [23, 85], "mirror": true},
						{"origin": [-5.51851, 55.76735, -8.49436], "size": [3, 4, 0], "inflate": 0.01, "pivot": [-4.17103, 59.77713, -8.5], "rotation": [-30, 0, 10], "uv": [23, 89]},
						{"origin": [2.51851, 55.76735, -8.49436], "size": [3, 4, 0], "inflate": 0.01, "pivot": [4.17103, 59.77713, -8.5], "rotation": [-30, 0, -10], "uv": [23, 89], "mirror": true},
						{"origin": [-1.5, 55.25, -8.25], "size": [3, 4, 0], "inflate": 0.01, "pivot": [2.25, 59.75, -8.5], "rotation": [-30, 0, 0], "uv": [89, 91]}
					]
				},
				{
					"name": "right_feather",
					"parent": "neck_front_feathers",
					"pivot": [-5.5, 53, -7],
					"rotation": [0, 0, 10],
					"cubes": [
						{"origin": [-7.5, 45.475, -9.5], "size": [3, 7, 0], "inflate": 0.01, "pivot": [-4.5, 52.75, -8.5], "rotation": [0, 90, 30], "uv": [66, 16]}
					]
				},
				{
					"name": "right_feather2",
					"parent": "neck_front_feathers",
					"pivot": [-5.5, 53, 3],
					"rotation": [0, 0, 10],
					"cubes": [
						{"origin": [-8.5, 42.475, 0.5], "size": [4, 10, 0], "inflate": 0.01, "pivot": [-4.5, 52.75, 1.5], "rotation": [0, 90, 30], "uv": [151, 31]}
					]
				},
				{
					"name": "left_feather",
					"parent": "neck_front_feathers",
					"pivot": [5.5, 53, -7],
					"rotation": [0, 0, -10],
					"cubes": [
						{"origin": [4.5, 45.475, -9.5], "size": [3, 7, 0], "inflate": 0.01, "pivot": [4.5, 52.75, -8.5], "rotation": [0, -90, -30], "uv": [66, 16], "mirror": true}
					]
				},
				{
					"name": "left_feather2",
					"parent": "neck_front_feathers",
					"pivot": [5.5, 53, 3],
					"rotation": [0, 0, -10],
					"cubes": [
						{"origin": [3.5, 42.475, 0.5], "size": [4, 10, 0], "inflate": 0.01, "pivot": [4.5, 52.75, 1.5], "rotation": [0, -90, -30], "uv": [151, 31], "mirror": true}
					]
				},
				{
					"name": "front_feather",
					"parent": "neck_front_feathers",
					"pivot": [0, 52.27836, -8.59175],
					"rotation": [-7.5, 0, 0],
					"cubes": [
						{"origin": [-6.57051, 44.76184, -9.5], "size": [4, 8, 0], "inflate": 0.01, "pivot": [-5.07051, 50.76184, -9.5], "rotation": [-30, 0, 30], "uv": [110, 60]},
						{"origin": [-4, 43.20577, -8.48205], "size": [4, 9, 0], "inflate": 0.01, "pivot": [-2, 52.29487, -8.53349], "rotation": [-29.9055, 2.49762, 4.33287], "uv": [150, 150], "mirror": true},
						{"origin": [0, 43.20577, -8.48205], "size": [4, 9, 0], "inflate": 0.01, "pivot": [2, 52.29487, -8.53349], "rotation": [-29.9055, -2.49762, -4.33287], "uv": [150, 150]},
						{"origin": [2.57051, 44.76184, -9.5], "size": [4, 8, 0], "inflate": 0.01, "pivot": [5.07051, 50.76184, -9.5], "rotation": [-30, 0, -30], "uv": [110, 60], "mirror": true}
					]
				},
				{
					"name": "back_feather",
					"parent": "neck_front_feathers",
					"pivot": [0, 52.27836, 4.59175],
					"rotation": [7.5, 0, 0],
					"cubes": [
						{"origin": [-6.57051, 40.76184, 5.5], "size": [4, 12, 0], "inflate": 0.01, "pivot": [-5.07051, 50.76184, 5.5], "rotation": [30, 0, 30], "uv": [0, 13]},
						{"origin": [-0.5, 39.18808, 4.54808], "size": [4, 13, 0], "inflate": 0.01, "pivot": [2, 52.16282, 4.53349], "rotation": [29.78729, 3.74196, -6.50446], "uv": [0, 0]},
						{"origin": [-3.5, 39.18808, 4.54808], "size": [4, 13, 0], "inflate": 0.01, "pivot": [-2, 52.16282, 4.53349], "rotation": [29.78729, -3.74196, 6.50446], "uv": [0, 0], "mirror": true},
						{"origin": [2.57051, 40.76184, 5.5], "size": [4, 12, 0], "inflate": 0.01, "pivot": [5.07051, 50.76184, 5.5], "rotation": [30, 0, -30], "uv": [0, 13], "mirror": true}
					]
				},
				{
					"name": "neck2",
					"parent": "neck",
					"pivot": [0, 59, -4],
					"cubes": [
						{"origin": [-5, 59, -7], "size": [10, 12, 10], "uv": [138, 60]},
						{"origin": [-2, 62, -8], "size": [4, 6, 1], "uv": [153, 7]},
						{"origin": [-5.5, 63, -7.5], "size": [2, 3, 2], "uv": [21, 101]},
						{"origin": [3.5, 63, -7.5], "size": [2, 3, 2], "uv": [21, 101], "mirror": true}
					]
				},
				{
					"name": "neck3",
					"parent": "neck2",
					"pivot": [-1, 70, -2],
					"cubes": [
						{"origin": [-4.5, 70, -6.5], "size": [9, 10, 9], "uv": [123, 150]}
					]
				},
				{
					"name": "neck_feathers",
					"parent": "neck3",
					"pivot": [-3.5, 71, -6.5],
					"cubes": [
						{"origin": [-4.5, 69, -6.5], "size": [2, 4, 0], "inflate": 0.01, "pivot": [-3.5, 73, -6.5], "rotation": [-30, 0, 22.5], "uv": [8, 85]},
						{"origin": [2.5, 69, -6.5], "size": [2, 4, 0], "inflate": 0.01, "pivot": [3.5, 73, -6.5], "rotation": [-30, 0, -22.5], "uv": [8, 77]},
						{"origin": [-2.25, 69, -6.5], "size": [2, 4, 0], "inflate": 0.01, "pivot": [-1.25, 73, -6.5], "rotation": [-30, 0, 5], "uv": [8, 81]},
						{"origin": [0.25, 69, -6.5], "size": [2, 4, 0], "inflate": 0.01, "pivot": [1.25, 73, -6.5], "rotation": [-30, 0, -5], "uv": [69, 49]}
					]
				},
				{
					"name": "neck_feathers3",
					"parent": "neck3",
					"pivot": [-4.5, 72.33717, -2],
					"rotation": [0, 90, 0],
					"cubes": [
						{"origin": [-9, 69, -2], "size": [2, 4, 0], "inflate": 0.01, "pivot": [-8, 73, -2], "rotation": [-30, 0, 22.5], "uv": [8, 17]},
						{"origin": [-2, 69, -2], "size": [2, 4, 0], "inflate": 0.01, "pivot": [-1, 73, -2], "rotation": [-30, 0, -22.5], "uv": [8, 13], "mirror": true},
						{"origin": [-6.75, 69, -2], "size": [2, 4, 0], "inflate": 0.01, "pivot": [-5.75, 73, -2], "rotation": [-30, 0, 5], "uv": [8, 9]},
						{"origin": [-4.25, 69, -2], "size": [2, 4, 0], "inflate": 0.01, "pivot": [-3.25, 73, -2], "rotation": [-30, 0, -5], "uv": [8, 5], "mirror": true}
					]
				},
				{
					"name": "neck_feathers4",
					"parent": "neck3",
					"pivot": [4.5, 72.33717, -2],
					"rotation": [0, -90, 0],
					"cubes": [
						{"origin": [7, 69, -2], "size": [2, 4, 0], "pivot": [8, 73, -2], "rotation": [-30, 0, -22.5], "uv": [8, 17], "mirror": true},
						{"origin": [0, 69, -2], "size": [2, 4, 0], "pivot": [1, 73, -2], "rotation": [-30, 0, 22.5], "uv": [8, 13]},
						{"origin": [4.75, 69, -2], "size": [2, 4, 0], "pivot": [5.75, 73, -2], "rotation": [-30, 0, -5], "uv": [8, 9], "mirror": true},
						{"origin": [2.25, 69, -2], "size": [2, 4, 0], "pivot": [3.25, 73, -2], "rotation": [-30, 0, 5], "uv": [8, 5]}
					]
				},
				{
					"name": "neck_feathers2",
					"parent": "neck3",
					"pivot": [-3.5, 71, 2.5],
					"cubes": [
						{"origin": [-4.5, 69, 2.5], "size": [2, 4, 0], "inflate": 0.01, "pivot": [-3.5, 73, 2.5], "rotation": [30, 0, 22.5], "uv": [14, 49]},
						{"origin": [2.5, 69, 2.5], "size": [2, 4, 0], "inflate": 0.01, "pivot": [3.5, 73, 2.5], "rotation": [30, 0, -22.5], "uv": [30, 26]},
						{"origin": [-2.25, 69, 2.5], "size": [2, 4, 0], "inflate": 0.01, "pivot": [-1.25, 73, 2.5], "rotation": [30, 0, 5], "uv": [24, 26]},
						{"origin": [0.25, 69, 2.5], "size": [2, 4, 0], "inflate": 0.01, "pivot": [1.25, 73, 2.5], "rotation": [30, 0, -5], "uv": [8, 21]}
					]
				},
				{
					"name": "neck4",
					"parent": "neck3",
					"pivot": [-1, 80, -2],
					"cubes": [
						{"origin": [-4, 80, -6], "size": [8, 9, 8], "inflate": -0.01, "uv": [156, 116]}
					]
				},
				{
					"name": "head",
					"parent": "neck4",
					"pivot": [0, 89, -1],
					"cubes": [
						{"origin": [-6, 87, -12], "size": [12, 10, 16], "uv": [78, 110]},
						{"origin": [-6, 97, -12], "size": [12, 9, 0], "uv": [159, 163]},
						{"origin": [6, 87, -2], "size": [0, 10, 9], "pivot": [6, 91.5, -2], "rotation": [0, 70, 0], "uv": [0, 25]},
						{"origin": [-6, 87, -2], "size": [0, 10, 9], "pivot": [-6, 91.5, -2], "rotation": [0, -70, 0], "uv": [0, 25], "mirror": true}
					]
				},
				{
					"name": "mane_left",
					"parent": "head",
					"pivot": [5.5, 97, -12],
					"cubes": [
						{"origin": [6, 97, -12], "size": [0, 5, 9], "uv": [0, 35]}
					]
				},
				{
					"name": "bone2",
					"parent": "mane_left",
					"pivot": [6, 97, -3],
					"cubes": [
						{"origin": [6, 97, -3], "size": [0, 6, 7], "uv": [66, 3]}
					]
				},
				{
					"name": "bone3",
					"parent": "bone2",
					"pivot": [6, 100, 4],
					"cubes": [
						{"origin": [6, 96, 4], "size": [0, 8, 12], "uv": [0, 14]}
					]
				},
				{
					"name": "mane_right",
					"parent": "head",
					"pivot": [-5.5, 97, -12],
					"cubes": [
						{"origin": [-6, 97, -12], "size": [0, 5, 9], "uv": [0, 35], "mirror": true}
					]
				},
				{
					"name": "bone4",
					"parent": "mane_right",
					"pivot": [-6, 97, -3],
					"cubes": [
						{"origin": [-6, 97, -3], "size": [0, 6, 7], "uv": [66, 3], "mirror": true}
					]
				},
				{
					"name": "bone5",
					"parent": "bone4",
					"pivot": [-6, 100, 4],
					"cubes": [
						{"origin": [-6, 96, 4], "size": [0, 8, 12], "uv": [0, 14], "mirror": true}
					]
				},
				{
					"name": "eye_left",
					"parent": "head",
					"pivot": [5.5, 93.5, -11.5],
					"cubes": [
						{"origin": [3, 92, -12], "size": [3, 3, 4], "inflate": 0.01, "uv": [148, 116]}
					]
				},
				{
					"name": "eye_left2",
					"parent": "head",
					"pivot": [-5.5, 93.5, -11.5],
					"cubes": [
						{"origin": [-6, 92, -12], "size": [3, 3, 4], "inflate": 0.01, "uv": [148, 116], "mirror": true}
					]
				},
				{
					"name": "eye_right",
					"parent": "head",
					"pivot": [-5.5, 93.5, -11.5]
				},
				{
					"name": "beak",
					"parent": "head",
					"pivot": [0, 3.5, -2.75]
				},
				{
					"name": "beak_top",
					"parent": "beak",
					"pivot": [0, 90.04171, -12.0274],
					"cubes": [
						{"origin": [-3.5, 89.97031, -17.02503], "size": [7, 3, 5], "uv": [167, 18]},
						{"origin": [-2, 92.97031, -14.02503], "size": [4, 3, 2], "pivot": [0, 92.97031, -14.02503], "rotation": [-45, 0, 0], "uv": [0, 98]},
						{"origin": [-2.5, 89.97031, -24.02503], "size": [5, 3, 7], "uv": [78, 136]},
						{"origin": [2.475, 88.97031, -23.61082], "size": [0, 2, 2], "inflate": 0.01, "pivot": [2.5, 89.97031, -22.61082], "rotation": [45, 0, 0], "uv": [8, 89]},
						{"origin": [2.475, 86.97031, -21.61082], "size": [0, 2, 2], "inflate": 0.01, "pivot": [2.5, 89.97031, -22.61082], "rotation": [45, 0, 0], "uv": [8, 89]},
						{"origin": [3.475, 83.97031, -18.68188], "size": [0, 2, 2], "inflate": 0.01, "pivot": [3.5, 89.97031, -22.68188], "rotation": [45, 0, 0], "uv": [8, 87]},
						{"origin": [-3.475, 83.97031, -18.68188], "size": [0, 2, 2], "inflate": 0.01, "pivot": [-3.5, 89.97031, -22.68188], "rotation": [45, 0, 0], "uv": [8, 87], "mirror": true},
						{"origin": [-2.475, 86.97031, -21.61082], "size": [0, 2, 2], "inflate": 0.01, "pivot": [-2.5, 89.97031, -22.61082], "rotation": [45, 0, 0], "uv": [8, 89], "mirror": true},
						{"origin": [-2.475, 88.97031, -23.61082], "size": [0, 2, 2], "inflate": 0.01, "pivot": [-2.5, 89.97031, -22.61082], "rotation": [45, 0, 0], "uv": [8, 89], "mirror": true},
						{"origin": [-2.5, 87.97031, -27.02503], "size": [5, 5, 3], "inflate": 0.01, "pivot": [0, 89.97031, -24.02503], "rotation": [-45, 0, 0], "uv": [130, 60]},
						{"origin": [-1.5, 87.97031, -24.02503], "size": [3, 0, 2], "inflate": 0.01, "pivot": [0, 89.97031, -24.02503], "rotation": [-45, 0, 0], "uv": [64, 29]}
					]
				},
				{
					"name": "beak_bottom",
					"parent": "beak",
					"pivot": [0, 90.03764, -12.01939],
					"cubes": [
						{"origin": [-3, 88.03049, -16.99672], "size": [6, 2, 5], "uv": [97, 157]},
						{"origin": [-2, 88.03049, -20.99672], "size": [4, 2, 4], "uv": [78, 120]},
						{"origin": [-1.975, 90.53049, -19.59672], "size": [0, 2, 2], "inflate": 0.01, "pivot": [-2, 91.03049, -20.99672], "rotation": [-45, 0, 0], "uv": [66, 29], "mirror": true},
						{"origin": [1.975, 90.53049, -19.59672], "size": [0, 2, 2], "inflate": 0.01, "pivot": [2, 91.03049, -20.99672], "rotation": [-45, 0, 0], "uv": [66, 29]},
						{"origin": [2.975, 94.02044, -17.82931], "size": [0, 2, 2], "inflate": 0.01, "pivot": [3, 91.02044, -22.22931], "rotation": [-45, 0, 0], "uv": [66, 29]},
						{"origin": [-2.975, 94.02044, -17.82931], "size": [0, 2, 2], "inflate": 0.01, "pivot": [-3, 91.02044, -22.22931], "rotation": [-45, 0, 0], "uv": [66, 29], "mirror": true},
						{"origin": [-2, 89.78049, -25.09672], "size": [4, 3, 4], "inflate": 0.01, "pivot": [0, 88.53049, -25.49672], "rotation": [-45, 0, 0], "uv": [62, 129]}
					]
				},
				{
					"name": "head_tuft",
					"parent": "head",
					"pivot": [0, 96.9, -8.25],
					"cubes": [
						{"origin": [-2.5, 96.95026, -10.32687], "size": [5, 8, 4], "uv": [60, 169]}
					]
				},
				{
					"name": "head_tuft_top",
					"parent": "head_tuft",
					"pivot": [0, 104.98225, -10.35161],
					"cubes": [
						{"origin": [-4, 111.1729, -11.50537], "size": [8, 7, 7], "pivot": [0, 112.05559, -7.3315], "rotation": [-22.5, 0, 0], "uv": [74, 157]},
						{"origin": [-2.5, 104.95026, -11.32687], "size": [5, 8, 4], "uv": [42, 169]}
					]
				},
				{
					"name": "head_tuft2",
					"parent": "head",
					"pivot": [0, 96.9, -4.25],
					"cubes": [
						{"origin": [-2.5, 96.95026, -6.32687], "size": [5, 8, 4], "uv": [60, 169]}
					]
				},
				{
					"name": "head_tuft_top2",
					"parent": "head_tuft2",
					"pivot": [0, 104.98225, -6.35161],
					"cubes": [
						{"origin": [-4, 111.1729, -7.50537], "size": [8, 7, 7], "pivot": [0, 112.05559, -3.3315], "rotation": [-22.5, 0, 0], "uv": [74, 157]},
						{"origin": [-2.5, 104.95026, -7.32687], "size": [5, 8, 4], "uv": [42, 169]}
					]
				},
				{
					"name": "head_tuft3",
					"parent": "head",
					"pivot": [0, 96.9, -0.25],
					"cubes": [
						{"origin": [-2, 96.95026, -2.32687], "size": [4, 6, 4], "uv": [0, 111]}
					]
				},
				{
					"name": "head_tuft_top3",
					"parent": "head_tuft3",
					"pivot": [0, 102.98225, -2.35161],
					"cubes": [
						{"origin": [-3.5, 107.1729, -3.50537], "size": [7, 6, 6], "pivot": [0, 110.05559, 0.6685], "rotation": [-22.5, 0, 0], "uv": [32, 136]},
						{"origin": [-2, 102.95026, -3.32687], "size": [4, 6, 4], "uv": [78, 110]}
					]
				},
				{
					"name": "head_tuft4",
					"parent": "head",
					"pivot": [0, 96.9, 3.75],
					"cubes": [
						{"origin": [-1.5, 95.95026, 1.67313], "size": [3, 6, 4], "uv": [90, 6]}
					]
				},
				{
					"name": "head_tuft_top4",
					"parent": "head_tuft4",
					"pivot": [0, 100.98225, 1.64839],
					"cubes": [
						{"origin": [-3, 105.1729, 1.49463], "size": [6, 5, 5], "pivot": [0, 108.05559, 4.6685], "rotation": [-22.5, 0, 0], "uv": [104, 164]},
						{"origin": [-1.5, 101.95026, 0.67313], "size": [3, 5, 4], "uv": [0, 136]}
					]
				},
				{
					"name": "head_tuft5",
					"parent": "head",
					"pivot": [0, 94.9, 4],
					"rotation": [-90, 0, 0],
					"cubes": [
						{"origin": [-1.5, 94.70026, 1.92313], "size": [3, 6, 4], "uv": [90, 6]}
					]
				},
				{
					"name": "head_tuft_top5",
					"parent": "head_tuft5",
					"pivot": [0, 100.73225, 1.89839],
					"cubes": [
						{"origin": [-2.5, 103.9229, 1.49463], "size": [5, 5, 5], "pivot": [0, 106.80559, 4.9185], "rotation": [-22.5, 0, 0], "uv": [168, 57]},
						{"origin": [-1.5, 100.70026, 0.92313], "size": [3, 5, 4], "uv": [0, 136]}
					]
				},
				{
					"name": "head_tuft6",
					"parent": "head",
					"pivot": [0, 90.9, 4],
					"rotation": [-90, 0, 0],
					"cubes": [
						{"origin": [-1.5, 90.70026, 1.92313], "size": [3, 6, 4], "uv": [90, 6]}
					]
				},
				{
					"name": "head_tuft_top6",
					"parent": "head_tuft6",
					"pivot": [0, 96.73225, 1.89839],
					"cubes": [
						{"origin": [-2.5, 99.9229, 1.49463], "size": [5, 5, 5], "pivot": [0, 102.80559, 4.9185], "rotation": [-22.5, 0, 0], "uv": [168, 57]},
						{"origin": [-1.5, 96.70026, 0.92313], "size": [3, 5, 4], "uv": [0, 136]}
					]
				},
				{
					"name": "eyelid_right",
					"parent": "head",
					"pivot": [-5.1, 94, -6]
				},
				{
					"name": "eyelid_left",
					"parent": "head",
					"pivot": [5.1, 94, -6]
				},
				{
					"name": "tail",
					"parent": "torso",
					"pivot": [0, 12.5, -2],
					"rotation": [-90, 0, 0],
					"cubes": [
						{"origin": [-8, 5, -5.5], "size": [16, 15, 18], "uv": [55, 16]}
					]
				},
				{
					"name": "tail2",
					"parent": "tail",
					"pivot": [0, 12.5, 9.5],
					"cubes": [
						{"origin": [-7, 6, 9.5], "size": [14, 13, 17], "uv": [0, 106]}
					]
				},
				{
					"name": "tail_feathers_left",
					"parent": "tail2",
					"pivot": [6.97837, 15.0759, 26.5],
					"rotation": [0, -22.5, 0],
					"cubes": [
						{"origin": [7, 11, 26.5], "size": [7, 4, 0], "pivot": [7, 13, 26.5], "rotation": [0, 0, 5], "uv": [55, 49]},
						{"origin": [7, 15, 26.5], "size": [7, 4, 0], "pivot": [7, 17, 26.5], "rotation": [0, 0, -7.5], "uv": [0, 49]}
					]
				},
				{
					"name": "tail_feathers_right",
					"parent": "tail2",
					"pivot": [-6.97837, 15.0759, 26.5],
					"rotation": [0, 22.5, 0],
					"cubes": [
						{"origin": [-14, 11, 26.5], "size": [7, 4, 0], "pivot": [-7, 13, 26.5], "rotation": [0, 0, -5], "uv": [55, 49], "mirror": true},
						{"origin": [-14, 15, 26.5], "size": [7, 4, 0], "pivot": [-7, 17, 26.5], "rotation": [0, 0, 7.5], "uv": [0, 49], "mirror": true}
					]
				},
				{
					"name": "tail_feathers",
					"parent": "tail2",
					"pivot": [0, 18.89325, 26.5],
					"rotation": [-35, 0, 0],
					"cubes": [
						{"origin": [-4, 19, 26.5], "size": [4, 11, 0], "pivot": [-2, 19, 26.5], "rotation": [0, 0, -2.5], "uv": [0, 77]},
						{"origin": [0, 19, 26.5], "size": [4, 11, 0], "pivot": [2, 19, 26.5], "rotation": [0, 0, 2.5], "uv": [0, 77], "mirror": true},
						{"origin": [-7, 18, 26.5], "size": [4, 10, 0], "pivot": [-5, 19, 26.5], "rotation": [0, 0, -17.5], "uv": [0, 88]},
						{"origin": [3, 18, 26.5], "size": [4, 10, 0], "pivot": [5, 19, 26.5], "rotation": [0, 0, 17.5], "uv": [0, 88], "mirror": true}
					]
				},
				{
					"name": "tail3",
					"parent": "tail2",
					"pivot": [0, 12.5, 26.5],
					"cubes": [
						{"origin": [-6, 7, 23.5], "size": [12, 11, 17], "uv": [110, 32]}
					]
				},
				{
					"name": "tail4",
					"parent": "tail3",
					"pivot": [0, 12.5, 40.5],
					"cubes": [
						{"origin": [-5, 8, 38.5], "size": [10, 9, 14], "inflate": 0.01, "uv": [119, 8]}
					]
				},
				{
					"name": "bone",
					"parent": "tail4",
					"pivot": [0, 12.5, 52.5],
					"cubes": [
						{"origin": [-5, 8, 52.5], "size": [10, 9, 12], "uv": [46, 136]}
					]
				},
				{
					"name": "right_right",
					"parent": "bone",
					"pivot": [-4.95, 7.5, 58.5],
					"cubes": [
						{"origin": [-10.95, 3, 55], "size": [6, 9, 7], "uv": [0, 158]},
						{"origin": [-8.95, 7, 55], "size": [2, 5, 0], "pivot": [-7.95, 7, 55], "rotation": [21.80633, 5.68422, -13.9042], "uv": [8, 0]}
					]
				},
				{
					"name": "bone6",
					"parent": "right_right",
					"pivot": [-8.95, 12, 58.5],
					"cubes": [
						{"origin": [-8.95, 12, 55], "size": [0, 8, 7], "uv": [0, 96]}
					]
				},
				{
					"name": "right_right2",
					"parent": "right_right",
					"pivot": [-6.95, 4.2528, 58.86503],
					"rotation": [-25, 0, 0],
					"cubes": [
						{"origin": [-9.95, -3.5532, 56.98473], "size": [4, 8, 4], "uv": [45, 106]}
					]
				},
				{
					"name": "foot_right2",
					"parent": "right_right2",
					"pivot": [-7.3, -3.85, 58.5],
					"cubes": [
						{"origin": [-10.3, -7.59558, 59.84699], "size": [6, 4, 5], "uv": [167, 94]}
					]
				},
				{
					"name": "foot_right_front3",
					"parent": "foot_right2",
					"pivot": [-7.3, -5.59558, 59.84699],
					"cubes": [
						{"origin": [-11.3, -7.59558, 52.84699], "size": [8, 4, 7], "inflate": 0.01, "uv": [118, 110]}
					]
				},
				{
					"name": "toe_middle_right3",
					"parent": "foot_right_front3",
					"pivot": [-5.3, -3.69558, 54.84699],
					"rotation": [0, -22.5, 0],
					"cubes": [
						{"origin": [-6.8, -7.59558, 45.84699], "size": [3, 4, 9], "uv": [159, 150]}
					]
				},
				{
					"name": "toe_middle_right_cla3",
					"parent": "toe_middle_right3",
					"pivot": [-5.3, -3.59558, 45.84699],
					"cubes": [
						{"origin": [-5.8, -7.59558, 41.84699], "size": [1, 4, 4], "uv": [24, 26]},
						{"origin": [-5.3, -7.59558, 38.84699], "size": [0, 3, 3], "uv": [66, 23]}
					]
				},
				{
					"name": "toe_middle_right4",
					"parent": "foot_right_front3",
					"pivot": [-9.3, -3.69558, 54.84699],
					"rotation": [0, 22.5, 0],
					"cubes": [
						{"origin": [-10.8, -7.59558, 45.84699], "size": [3, 4, 9], "uv": [159, 150]}
					]
				},
				{
					"name": "toe_middle_right_cla4",
					"parent": "toe_middle_right4",
					"pivot": [-9.3, -3.59558, 45.84699],
					"cubes": [
						{"origin": [-9.8, -7.59558, 41.84699], "size": [1, 4, 4], "uv": [24, 26]},
						{"origin": [-9.3, -7.59558, 38.84699], "size": [0, 3, 3], "uv": [66, 23]}
					]
				},
				{
					"name": "toe_back_right2",
					"parent": "foot_right2",
					"pivot": [-7.3, -3.59558, 64.84699],
					"cubes": [
						{"origin": [-8.8, -7.59558, 64.84699], "size": [3, 4, 7], "uv": [26, 162]}
					]
				},
				{
					"name": "toe_back_right_cla2",
					"parent": "toe_back_right2",
					"pivot": [-7.3, -3.59558, 71.84699],
					"cubes": [
						{"origin": [-7.8, -7.59558, 71.84699], "size": [1, 4, 4], "uv": [24, 26]},
						{"origin": [-7.3, -7.59558, 75.84699], "size": [0, 3, 3], "uv": [66, 20]}
					]
				},
				{
					"name": "left_right",
					"parent": "bone",
					"pivot": [4.95, 7.5, 58.5],
					"cubes": [
						{"origin": [4.95, 3, 55], "size": [6, 9, 7], "uv": [0, 158], "mirror": true},
						{"origin": [6.95, 7, 55], "size": [2, 5, 0], "pivot": [7.95, 7, 55], "rotation": [21.80633, -5.68422, 13.9042], "uv": [8, 0], "mirror": true}
					]
				},
				{
					"name": "bone7",
					"parent": "left_right",
					"pivot": [8.95, 12, 58.5],
					"cubes": [
						{"origin": [8.95, 12, 55], "size": [0, 8, 7], "uv": [0, 96], "mirror": true}
					]
				},
				{
					"name": "left_right2",
					"parent": "left_right",
					"pivot": [6.95, 4.2528, 58.86503],
					"rotation": [-25, 0, 0],
					"cubes": [
						{"origin": [5.95, -3.5532, 56.98473], "size": [4, 8, 4], "uv": [45, 106], "mirror": true}
					]
				},
				{
					"name": "foot_left2",
					"parent": "left_right2",
					"pivot": [7.3, -3.85, 58.5],
					"cubes": [
						{"origin": [4.3, -7.59558, 59.84699], "size": [6, 4, 5], "uv": [167, 94], "mirror": true}
					]
				},
				{
					"name": "foot_left_front3",
					"parent": "foot_left2",
					"pivot": [7.3, -5.59558, 59.84699],
					"cubes": [
						{"origin": [3.3, -7.59558, 52.84699], "size": [8, 4, 7], "inflate": 0.01, "uv": [118, 110], "mirror": true}
					]
				},
				{
					"name": "toe_middle_left3",
					"parent": "foot_left_front3",
					"pivot": [5.3, -3.69558, 54.84699],
					"rotation": [0, 22.5, 0],
					"cubes": [
						{"origin": [3.8, -7.59558, 45.84699], "size": [3, 4, 9], "uv": [159, 150], "mirror": true}
					]
				},
				{
					"name": "toe_middle_left_cla3",
					"parent": "toe_middle_left3",
					"pivot": [5.3, -3.59558, 45.84699],
					"cubes": [
						{"origin": [4.8, -7.59558, 41.84699], "size": [1, 4, 4], "uv": [24, 26], "mirror": true},
						{"origin": [5.3, -7.59558, 38.84699], "size": [0, 3, 3], "uv": [66, 23], "mirror": true}
					]
				},
				{
					"name": "toe_middle_left4",
					"parent": "foot_left_front3",
					"pivot": [9.3, -3.69558, 54.84699],
					"rotation": [0, -22.5, 0],
					"cubes": [
						{"origin": [7.8, -7.59558, 45.84699], "size": [3, 4, 9], "uv": [159, 150], "mirror": true}
					]
				},
				{
					"name": "toe_middle_left_cla4",
					"parent": "toe_middle_left4",
					"pivot": [9.3, -3.59558, 45.84699],
					"cubes": [
						{"origin": [8.8, -7.59558, 41.84699], "size": [1, 4, 4], "uv": [24, 26], "mirror": true},
						{"origin": [9.3, -7.59558, 38.84699], "size": [0, 3, 3], "uv": [66, 23], "mirror": true}
					]
				},
				{
					"name": "toe_back_left2",
					"parent": "foot_left2",
					"pivot": [7.3, -3.59558, 64.84699],
					"cubes": [
						{"origin": [5.8, -7.59558, 64.84699], "size": [3, 4, 7], "uv": [26, 162], "mirror": true}
					]
				},
				{
					"name": "toe_back_left_cla2",
					"parent": "toe_back_left2",
					"pivot": [7.3, -3.59558, 71.84699],
					"cubes": [
						{"origin": [6.8, -7.59558, 71.84699], "size": [1, 4, 4], "uv": [24, 26], "mirror": true},
						{"origin": [7.3, -7.59558, 75.84699], "size": [0, 3, 3], "uv": [66, 20], "mirror": true}
					]
				},
				{
					"name": "tail5",
					"parent": "bone",
					"pivot": [0, 12.5, 64.5],
					"cubes": [
						{"origin": [-4.5, 8.5, 64.5], "size": [9, 8, 14], "uv": [0, 136]}
					]
				},
				{
					"name": "tail6",
					"parent": "tail5",
					"pivot": [0, 12.5, 78.5],
					"cubes": [
						{"origin": [-4, 9, 77.5], "size": [8, 7, 13], "uv": [90, 137]}
					]
				},
				{
					"name": "tail7",
					"parent": "tail6",
					"pivot": [0, 12.5, 90.5],
					"cubes": [
						{"origin": [-3, 9.5, 89.5], "size": [6, 6, 13], "uv": [142, 97]}
					]
				},
				{
					"name": "tail8",
					"parent": "tail7",
					"pivot": [0, 12.5, 102.5],
					"cubes": [
						{"origin": [-2.5, 10, 102.5], "size": [5, 5, 13], "uv": [151, 31]}
					]
				},
				{
					"name": "tail9",
					"parent": "tail8",
					"pivot": [0, 12.5, 116],
					"cubes": [
						{"origin": [-2, 10.5, 115.5], "size": [4, 4, 14], "uv": [153, 0]}
					]
				},
				{
					"name": "tail10",
					"parent": "tail9",
					"pivot": [0, 12.75, 130]
				},
				{
					"name": "small_tail17",
					"parent": "tail10",
					"pivot": [1, 10.25, 129],
					"rotation": [-18.32292, 0.35715, -49.07398],
					"cubes": [
						{"origin": [-3, 10.25, 129], "size": [8, 0, 22], "inflate": 0.01, "uv": [40, 107]}
					]
				},
				{
					"name": "small_tail18",
					"parent": "small_tail17",
					"pivot": [1, 10.25, 151],
					"rotation": [7.5, 0, 0],
					"cubes": [
						{"origin": [-3, 10.25, 151], "size": [8, 0, 22], "inflate": 0.01, "uv": [95, 0]}
					]
				},
				{
					"name": "small_tail19",
					"parent": "tail10",
					"pivot": [-1, 10.25, 129],
					"rotation": [-18.32292, -0.35715, 49.07398],
					"cubes": [
						{"origin": [-5, 10.25, 129], "size": [8, 0, 22], "inflate": 0.01, "uv": [40, 107], "mirror": true}
					]
				},
				{
					"name": "small_tail20",
					"parent": "small_tail19",
					"pivot": [-1, 10.25, 151],
					"rotation": [7.5, 0, 0],
					"cubes": [
						{"origin": [-5, 10.25, 151], "size": [8, 0, 22], "inflate": 0.01, "uv": [95, 0], "mirror": true}
					]
				},
				{
					"name": "small_tail15",
					"parent": "tail10",
					"pivot": [-1, 14.25, 129],
					"rotation": [33.32292, -0.35715, -49.07398],
					"cubes": [
						{"origin": [-5, 14.25, 129], "size": [8, 0, 22], "inflate": 0.01, "uv": [40, 107], "mirror": true}
					]
				},
				{
					"name": "small_tail16",
					"parent": "small_tail15",
					"pivot": [-1, 14.25, 151],
					"rotation": [-7.5, 0, 0],
					"cubes": [
						{"origin": [-5, 14.25, 151], "size": [8, 0, 22], "inflate": 0.01, "uv": [95, 0], "mirror": true}
					]
				},
				{
					"name": "small_tail13",
					"parent": "tail10",
					"pivot": [1, 14.25, 129],
					"rotation": [18.32292, 0.35715, 49.07398],
					"cubes": [
						{"origin": [-3, 14.25, 129], "size": [8, 0, 22], "inflate": 0.01, "uv": [40, 107]}
					]
				},
				{
					"name": "small_tail14",
					"parent": "small_tail13",
					"pivot": [1, 14.25, 151],
					"rotation": [-7.5, 0, 0],
					"cubes": [
						{"origin": [-3, 14.25, 151], "size": [8, 0, 22], "inflate": 0.01, "uv": [95, 0]}
					]
				},
				{
					"name": "small_tail11",
					"parent": "tail10",
					"pivot": [-2, 12.25, 129],
					"rotation": [23.04809, -2.65716, -95.34794],
					"cubes": [
						{"origin": [-6, 12.25, 129], "size": [8, 0, 22], "inflate": 0.01, "uv": [40, 107], "mirror": true}
					]
				},
				{
					"name": "small_tail12",
					"parent": "small_tail11",
					"pivot": [-2, 12.25, 151],
					"rotation": [-7.5, 0, 0],
					"cubes": [
						{"origin": [-6, 12.25, 151], "size": [8, 0, 22], "inflate": 0.01, "uv": [95, 0], "mirror": true}
					]
				},
				{
					"name": "small_tail9",
					"parent": "tail10",
					"pivot": [2, 12.25, 129],
					"rotation": [23.04809, 2.65716, 95.34794],
					"cubes": [
						{"origin": [-2, 12.25, 129], "size": [8, 0, 22], "inflate": 0.01, "uv": [40, 107]}
					]
				},
				{
					"name": "small_tail10",
					"parent": "small_tail9",
					"pivot": [2, 12.25, 151],
					"rotation": [-7.5, 0, 0],
					"cubes": [
						{"origin": [-2, 12.25, 151], "size": [8, 0, 22], "inflate": 0.01, "uv": [95, 0]}
					]
				},
				{
					"name": "big_tail11",
					"parent": "tail10",
					"pivot": [-2, 14.75, 130],
					"rotation": [26.59547, 0.331, -65.39566],
					"cubes": [
						{"origin": [-6, 14.75, 130], "size": [8, 0, 34], "inflate": 0.01, "uv": [16, 0], "mirror": true}
					]
				},
				{
					"name": "big_tail12",
					"parent": "big_tail11",
					"pivot": [-2, 14.75, 164],
					"rotation": [-10, 0, 0],
					"cubes": [
						{"origin": [-6, 14.75, 164], "size": [8, 0, 34], "inflate": 0.01, "uv": [0, 0], "mirror": true}
					]
				},
				{
					"name": "big_tail9",
					"parent": "tail10",
					"pivot": [2, 14.75, 130],
					"rotation": [26.59547, -0.331, 65.39566],
					"cubes": [
						{"origin": [-2, 14.75, 130], "size": [8, 0, 34], "inflate": 0.01, "uv": [16, 0]}
					]
				},
				{
					"name": "big_tail10",
					"parent": "big_tail9",
					"pivot": [2, 14.75, 164],
					"rotation": [-10, 0, 0],
					"cubes": [
						{"origin": [-2, 14.75, 164], "size": [8, 0, 34], "inflate": 0.01, "uv": [0, 0]}
					]
				},
				{
					"name": "small_tail7",
					"parent": "tail10",
					"pivot": [-2, 12.75, 129],
					"rotation": [20.80886, -5.6045, -26.27425],
					"cubes": [
						{"origin": [-6, 12.75, 129], "size": [8, 0, 22], "inflate": 0.01, "uv": [40, 107], "mirror": true}
					]
				},
				{
					"name": "small_tail8",
					"parent": "small_tail7",
					"pivot": [-2, 12.75, 151],
					"rotation": [-7.5, 0, 0],
					"cubes": [
						{"origin": [-6, 12.75, 151], "size": [8, 0, 22], "inflate": 0.01, "uv": [95, 0], "mirror": true}
					]
				},
				{
					"name": "small_tail5",
					"parent": "tail10",
					"pivot": [2, 12.75, 129],
					"rotation": [35.80886, 5.6045, 26.27425],
					"cubes": [
						{"origin": [-2, 12.75, 129], "size": [8, 0, 22], "inflate": 0.01, "uv": [40, 107]}
					]
				},
				{
					"name": "small_tail6",
					"parent": "small_tail5",
					"pivot": [2, 12.75, 151],
					"rotation": [-7.5, 0, 0],
					"cubes": [
						{"origin": [-2, 12.75, 151], "size": [8, 0, 22], "inflate": 0.01, "uv": [95, 0]}
					]
				},
				{
					"name": "big_tail7",
					"parent": "tail10",
					"pivot": [0, 13.75, 130],
					"rotation": [17.5, 0, 0],
					"cubes": [
						{"origin": [-4, 13.75, 130], "size": [8, 0, 34], "inflate": 0.01, "uv": [16, 0]}
					]
				},
				{
					"name": "big_tail8",
					"parent": "big_tail7",
					"pivot": [0, 13.75, 164],
					"rotation": [-10, 0, 0],
					"cubes": [
						{"origin": [-4, 13.75, 164], "size": [8, 0, 34], "inflate": 0.01, "uv": [0, 0]}
					]
				},
				{
					"name": "big_tail5",
					"parent": "tail10",
					"pivot": [-2, 9.75, 130],
					"rotation": [-26.59547, 0.331, 65.39566],
					"cubes": [
						{"origin": [-6, 9.75, 130], "size": [8, 0, 34], "inflate": 0.01, "uv": [16, 0], "mirror": true}
					]
				},
				{
					"name": "big_tail6",
					"parent": "big_tail5",
					"pivot": [-2, 9.75, 164],
					"rotation": [10, 0, 0],
					"cubes": [
						{"origin": [-6, 9.75, 164], "size": [8, 0, 34], "inflate": 0.01, "uv": [0, 0], "mirror": true}
					]
				},
				{
					"name": "big_tail3",
					"parent": "tail10",
					"pivot": [2, 9.75, 130],
					"rotation": [-26.41213, 2.51644, -55.80689],
					"cubes": [
						{"origin": [-2, 9.75, 130], "size": [8, 0, 34], "inflate": 0.01, "uv": [16, 0]}
					]
				},
				{
					"name": "big_tail4",
					"parent": "big_tail3",
					"pivot": [2, 9.75, 164],
					"rotation": [10, 0, 0],
					"cubes": [
						{"origin": [-2, 9.75, 164], "size": [8, 0, 34], "inflate": 0.01, "uv": [0, 0]}
					]
				},
				{
					"name": "small_tail3",
					"parent": "tail10",
					"pivot": [-2, 10.75, 129],
					"rotation": [-35.80886, -5.6045, 26.27425],
					"cubes": [
						{"origin": [-6, 10.75, 129], "size": [8, 0, 22], "inflate": 0.01, "uv": [40, 107], "mirror": true}
					]
				},
				{
					"name": "small_tail4",
					"parent": "small_tail3",
					"pivot": [-2, 10.75, 151],
					"rotation": [7.5, 0, 0],
					"cubes": [
						{"origin": [-6, 10.75, 151], "size": [8, 0, 22], "inflate": 0.01, "uv": [95, 0], "mirror": true}
					]
				},
				{
					"name": "small_tail1",
					"parent": "tail10",
					"pivot": [2, 10.75, 129],
					"rotation": [-35.80886, 5.6045, -26.27425],
					"cubes": [
						{"origin": [-2, 10.75, 129], "size": [8, 0, 22], "inflate": 0.01, "uv": [40, 107]}
					]
				},
				{
					"name": "small_tail2",
					"parent": "small_tail1",
					"pivot": [2, 10.75, 151],
					"rotation": [7.5, 0, 0],
					"cubes": [
						{"origin": [-2, 10.75, 151], "size": [8, 0, 22], "inflate": 0.01, "uv": [95, 0]}
					]
				},
				{
					"name": "big_tail1",
					"parent": "tail10",
					"pivot": [0, 10.75, 130],
					"rotation": [-17.5, 0, 0],
					"cubes": [
						{"origin": [-4, 10.75, 130], "size": [8, 0, 34], "inflate": 0.01, "uv": [16, 0]}
					]
				},
				{
					"name": "big_tail2",
					"parent": "big_tail1",
					"pivot": [0, 10.75, 164],
					"rotation": [10, 0, 0],
					"cubes": [
						{"origin": [-4, 10.75, 164], "size": [8, 0, 34], "inflate": 0.01, "uv": [0, 0]}
					]
				},
				{
					"name": "big_tail13",
					"parent": "tail10",
					"pivot": [0, 12.75, 130],
					"rotation": [18.46297, -4.61008, -48.59067],
					"cubes": [
						{"origin": [-4, 12.75, 130], "size": [8, 0, 34], "inflate": 0.01, "uv": [16, 0], "mirror": true}
					]
				},
				{
					"name": "big_tail14",
					"parent": "big_tail13",
					"pivot": [0, 12.75, 164],
					"rotation": [-10, 0, 0],
					"cubes": [
						{"origin": [-4, 12.75, 164], "size": [8, 0, 34], "inflate": 0.01, "uv": [0, 0], "mirror": true}
					]
				},
				{
					"name": "big_tail15",
					"parent": "tail10",
					"pivot": [0, 12.75, 130],
					"rotation": [18.46297, 4.61008, 48.59067],
					"cubes": [
						{"origin": [-4, 12.75, 130], "size": [8, 0, 34], "inflate": 0.01, "uv": [16, 0]}
					]
				},
				{
					"name": "big_tail16",
					"parent": "big_tail15",
					"pivot": [0, 12.75, 164],
					"rotation": [-10, 0, 0],
					"cubes": [
						{"origin": [-4, 12.75, 164], "size": [8, 0, 34], "inflate": 0.01, "uv": [0, 0]}
					]
				},
				{
					"name": "big_tail17",
					"parent": "tail10",
					"pivot": [0, 11.75, 130],
					"rotation": [-18.46297, 4.61008, -48.59067],
					"cubes": [
						{"origin": [-4, 11.75, 130], "size": [8, 0, 34], "inflate": 0.01, "uv": [16, 0]}
					]
				},
				{
					"name": "big_tail18",
					"parent": "big_tail17",
					"pivot": [0, 11.75, 164],
					"rotation": [10, 0, 0],
					"cubes": [
						{"origin": [-4, 11.75, 164], "size": [8, 0, 34], "inflate": 0.01, "uv": [0, 0]}
					]
				},
				{
					"name": "big_tail19",
					"parent": "tail10",
					"pivot": [0, 11.75, 130],
					"rotation": [-18.46297, -4.61008, 48.59067],
					"cubes": [
						{"origin": [-4, 11.75, 130], "size": [8, 0, 34], "inflate": 0.01, "uv": [16, 0], "mirror": true}
					]
				},
				{
					"name": "big_tail20",
					"parent": "big_tail19",
					"pivot": [0, 11.75, 164],
					"rotation": [10, 0, 0],
					"cubes": [
						{"origin": [-4, 11.75, 164], "size": [8, 0, 34], "inflate": 0.01, "uv": [0, 0], "mirror": true}
					]
				}
			]
		}
	]
}