{
	"format_version": "1.12.0",
	"minecraft:geometry": [
		{
			"description": {
				"identifier": "geometry.spectreon",
				"texture_width": 64,
				"texture_height": 64,
				"visible_bounds_width": 5,
				"visible_bounds_height": 4.5,
				"visible_bounds_offset": [0, 1.75, 0]
			},
			"bones": [
				{
					"name": "spectreon",
					"pivot": [0, 0, 0]
				},
				{
					"name": "body",
					"parent": "spectreon",
					"pivot": [0, 9.75, 0]
				},
				{
					"name": "torso",
					"parent": "body",
					"pivot": [0, 9.75, 0],
					"cubes": [
						{"origin": [-3.5, 6.75, -7], "size": [7, 6, 7], "uv": [21, 20]},
						{"origin": [-4, 10.4, -6], "size": [8, 2, 1], "pivot": [0, 0.75, -1], "rotation": [-10, 0, 0], "uv": [28, 33]}
					]
				},
				{
					"name": "torso2",
					"parent": "torso",
					"pivot": [0, 12.75, 0],
					"cubes": [
						{"origin": [-3.5, 6.75, 0], "size": [7, 6, 4], "uv": [24, 10]}
					]
				},
				{
					"name": "tail",
					"parent": "torso2",
					"pivot": [0, 12.24167, 2.98333],
					"cubes": [
						{"origin": [-4, 6.24167, 2.98333], "size": [8, 7, 6], "uv": [0, 14]}
					]
				},
				{
					"name": "tail2",
					"parent": "tail",
					"pivot": [0, 12.24167, 7.98333],
					"cubes": [
						{"origin": [-2.5, 7.24167, 7.98333], "size": [5, 5, 3], "uv": [28, 0]}
					]
				},
				{
					"name": "tail3",
					"parent": "tail2",
					"pivot": [0, 11.24167, 9.98333],
					"cubes": [
						{"origin": [-1, 8.24167, 9.98333], "size": [2, 3, 3], "uv": [42, 5]}
					]
				},
				{
					"name": "tail4",
					"parent": "tail3",
					"pivot": [0, 9.74167, 11.98333],
					"cubes": [
						{"origin": [0, 5.74167, 11.98333], "size": [0, 8, 8], "uv": [0, 19]}
					]
				},
				{
					"name": "bone",
					"parent": "tail4",
					"pivot": [0, 9.74167, 19.98333],
					"cubes": [
						{"origin": [0, 6.74167, 19.98333], "size": [0, 6, 6], "uv": [16, 27]}
					]
				},
				{
					"name": "head",
					"parent": "torso",
					"pivot": [0, 12.25, -5],
					"cubes": [
						{"origin": [-3.5, 10.75, -12], "size": [7, 7, 7], "inflate": 0.01, "uv": [0, 0]},
						{"origin": [-1.25, 14.25, -12.01], "size": [3, 3, 0], "inflate": 0.01, "pivot": [0, 16, -12.1], "rotation": [0, 0, 45], "uv": [0, 0]},
						{"origin": [-2.5, 10.75, -13], "size": [5, 2, 1], "uv": [41, 0]}
					]
				},
				{
					"name": "mouth",
					"parent": "head",
					"pivot": [0, 11.26, -12.91],
					"cubes": [
						{"origin": [-1, 10.76, -12.91], "size": [2, 1, 0], "uv": [0, 18]}
					]
				},
				{
					"name": "eyes",
					"parent": "head",
					"pivot": [0.00001, 13.75273, -11.025]
				},
				{
					"name": "eye_right",
					"parent": "eyes",
					"pivot": [-2.515, 13.75, -11.515],
					"cubes": [
						{"origin": [-3.515, 12.75, -12.015], "size": [2, 2, 1], "uv": [46, 14]}
					]
				},
				{
					"name": "eyelid_right",
					"parent": "eye_right",
					"pivot": [-2.415, 13.75, -11.415],
					"cubes": [
						{"origin": [-3.415, 12.75, -11.915], "size": [2, 2, 1], "inflate": 0.01, "uv": [9, 35]}
					]
				},
				{
					"name": "eye_left",
					"parent": "eyes",
					"pivot": [2.515, 13.75, -11.515],
					"cubes": [
						{"origin": [1.515, 12.75, -12.015], "size": [2, 2, 1], "uv": [46, 17]}
					]
				},
				{
					"name": "eyelid_left",
					"parent": "eye_left",
					"pivot": [2.415, 13.75, -11.415],
					"cubes": [
						{"origin": [1.415, 12.75, -11.915], "size": [2, 2, 1], "inflate": 0.01, "uv": [42, 11]}
					]
				},
				{
					"name": "hair_right",
					"parent": "head",
					"pivot": [-3.5, 13.75, -9.5],
					"rotation": [30, 52.5, 45],
					"cubes": [
						{"origin": [-2.75, 10, -10], "size": [2, 4, 0], "inflate": 0.01, "uv": [38, 46]}
					]
				},
				{
					"name": "hair_right2",
					"parent": "hair_right",
					"pivot": [-2.75, 11.5, -10],
					"cubes": [
						{"origin": [-5.75, 10, -10], "size": [3, 3, 0], "inflate": 0.01, "uv": [21, 3]}
					]
				},
				{
					"name": "hair_left",
					"parent": "head",
					"pivot": [3.5, 13.75, -9.5],
					"rotation": [30, -52.5, -45],
					"cubes": [
						{"origin": [0.75, 10, -10], "size": [2, 4, 0], "inflate": 0.01, "uv": [16, 27]}
					]
				},
				{
					"name": "hair_left2",
					"parent": "hair_left",
					"pivot": [2.75, 11.5, -10],
					"cubes": [
						{"origin": [2.75, 10, -10], "size": [3, 3, 0], "inflate": 0.01, "uv": [21, 0]}
					]
				},
				{
					"name": "ear_right",
					"parent": "head",
					"pivot": [-3, 17, -8.5],
					"rotation": [-20, 15, -40],
					"cubes": [
						{"origin": [-5.99118, 16.66963, -8.40767], "size": [5, 10, 0], "uv": [37, 36]}
					]
				},
				{
					"name": "ear_right2",
					"parent": "ear_right",
					"pivot": [-3, 26.6696, -8.4077],
					"cubes": [
						{"origin": [-4.99118, 26.66963, -8.40767], "size": [5, 5, 0], "uv": [42, 20]}
					]
				},
				{
					"name": "ear_left",
					"parent": "head",
					"pivot": [3, 17, -8.5],
					"rotation": [-20, -15, 40],
					"cubes": [
						{"origin": [0.99118, 16.66963, -8.40767], "size": [5, 10, 0], "uv": [12, 39]}
					]
				},
				{
					"name": "ear_left2",
					"parent": "ear_left",
					"pivot": [3, 26.6696, -8.4077],
					"cubes": [
						{"origin": [-0.00882, 26.66963, -8.40767], "size": [5, 5, 0], "uv": [0, 44]}
					]
				},
				{
					"name": "leg_front_right",
					"parent": "torso",
					"pivot": [-2.5, 9, -4.5],
					"rotation": [7.5, 0, 0],
					"cubes": [
						{"origin": [-4, 4.5, -6], "size": [3, 6, 3], "inflate": 0.01, "uv": [25, 36]},
						{"origin": [-4, 4.5, -6], "size": [0, 4, 3], "inflate": 0.01, "pivot": [-4, 4.5, -6], "rotation": [0, 0, -17.5], "uv": [0, 0]}
					]
				},
				{
					"name": "leg_front_right2",
					"parent": "leg_front_right",
					"pivot": [-2.5, 4.5, -3],
					"rotation": [-22.5, 0, 0],
					"cubes": [
						{"origin": [-3, 1.5, -6], "size": [2, 3, 2], "uv": [30, 45]}
					]
				},
				{
					"name": "leg_front_right3",
					"parent": "leg_front_right2",
					"pivot": [-2.5, 1, -4.5],
					"rotation": [15, 0, 0]
				},
				{
					"name": "leg_front_left",
					"parent": "torso",
					"pivot": [2.5, 9, -4.5],
					"rotation": [7.5, 0, 0],
					"cubes": [
						{"origin": [1, 4.5, -6], "size": [3, 6, 3], "inflate": 0.01, "uv": [0, 35]},
						{"origin": [4, 4.5, -6], "size": [0, 4, 3], "inflate": 0.01, "pivot": [4, 4.5, -6], "rotation": [0, 0, 17.5], "uv": [0, 11]}
					]
				},
				{
					"name": "leg_front_left2",
					"parent": "leg_front_left",
					"pivot": [2.5, 4.5, -3],
					"rotation": [-22.5, 0, 0],
					"cubes": [
						{"origin": [1, 1.5, -6], "size": [2, 3, 2], "uv": [22, 45]}
					]
				},
				{
					"name": "leg_front_left3",
					"parent": "leg_front_left2",
					"pivot": [2.5, 1, -4.5],
					"rotation": [15, 0, 0]
				}
			]
		}
	]
}