{
	"format_version": "1.12.0",
	"minecraft:geometry": [
		{
			"description": {
				"identifier": "geometry.staraptor",
				"texture_width": 128,
				"texture_height": 128,
				"visible_bounds_width": 6,
				"visible_bounds_height": 3.5,
				"visible_bounds_offset": [0, 1.25, 0]
			},
			"bones": [
				{
					"name": "staraptor",
					"pivot": [0, 0, 0]
				},
				{
					"name": "body",
					"parent": "staraptor",
					"pivot": [0, 7, -2]
				},
				{
					"name": "torso",
					"parent": "body",
					"pivot": [0, 7.5, -0.75],
					"rotation": [-22.5, 0, 0],
					"cubes": [
						{"origin": [-5, 5.2706, -9.65328], "size": [10, 10, 8], "uv": [0, 36]},
						{"origin": [-4, 5.5, -5], "size": [8, 8, 8], "uv": [50, 16]},
						{"origin": [-3, 6.5, 1], "size": [6, 6, 5], "uv": [57, 58]}
					]
				},
				{
					"name": "wing_right",
					"parent": "torso",
					"pivot": [-5, 11, -7.25],
					"cubes": [
						{"origin": [-14, 11, -11.75], "size": [9, 0, 12], "uv": [28, 12]}
					]
				},
				{
					"name": "wing_right2",
					"parent": "wing_right",
					"pivot": [-14, 12, 0.25],
					"cubes": [
						{"origin": [-23, 11, -11.75], "size": [9, 0, 12], "inflate": 0.01, "uv": [28, 0]}
					]
				},
				{
					"name": "wing_right3",
					"parent": "wing_right2",
					"pivot": [-23, 12, -11.75],
					"cubes": [
						{"origin": [-37, 11, -11.75], "size": [14, 0, 12], "uv": [0, 12]}
					]
				},
				{
					"name": "wig_tip_right",
					"parent": "wing_right3",
					"pivot": [-36, 11, -8.75],
					"cubes": [
						{"origin": [-44, 11, -8.75], "size": [8, 0, 2], "inflate": 0.03, "uv": [64, 53]}
					]
				},
				{
					"name": "wig_tip_right2",
					"parent": "wing_right3",
					"pivot": [-35, 11, -6.25],
					"cubes": [
						{"origin": [-43, 11, -6.75], "size": [8, 0, 2], "inflate": 0.02, "uv": [64, 51]}
					]
				},
				{
					"name": "wig_tip_right3",
					"parent": "wing_right3",
					"pivot": [-33, 11, -5.25],
					"cubes": [
						{"origin": [-41, 11, -5.25], "size": [8, 0, 2], "inflate": 0.01, "uv": [64, 49]}
					]
				},
				{
					"name": "wing_left",
					"parent": "torso",
					"pivot": [5, 11, -7.25],
					"cubes": [
						{"origin": [5, 11, -11.75], "size": [9, 0, 12], "uv": [18, 24]}
					]
				},
				{
					"name": "wing_left2",
					"parent": "wing_left",
					"pivot": [14, 12, 0.25],
					"cubes": [
						{"origin": [14, 11, -11.75], "size": [9, 0, 12], "inflate": 0.01, "uv": [0, 24]}
					]
				},
				{
					"name": "wing_left3",
					"parent": "wing_left2",
					"pivot": [23, 12, -11.75],
					"cubes": [
						{"origin": [23, 11, -11.75], "size": [14, 0, 12], "uv": [0, 0]}
					]
				},
				{
					"name": "wig_tip_left",
					"parent": "wing_left3",
					"pivot": [36, 11, -8.75],
					"cubes": [
						{"origin": [36, 11, -8.75], "size": [8, 0, 2], "inflate": 0.03, "uv": [64, 47]}
					]
				},
				{
					"name": "wig_tip_left2",
					"parent": "wing_left3",
					"pivot": [35, 11, -6.75],
					"cubes": [
						{"origin": [35, 11, -6.75], "size": [8, 0, 2], "inflate": 0.02, "uv": [64, 45]}
					]
				},
				{
					"name": "wig_tip_left3",
					"parent": "wing_left3",
					"pivot": [33, 11, -5.25],
					"cubes": [
						{"origin": [33, 11, -5.25], "size": [8, 0, 2], "inflate": 0.01, "uv": [64, 43]}
					]
				},
				{
					"name": "tail",
					"parent": "torso",
					"pivot": [0, 11.6, 6]
				},
				{
					"name": "tail_middle",
					"parent": "tail",
					"pivot": [0, 11.6, 7],
					"cubes": [
						{"origin": [-1.5, 11.6, 6.5], "size": [3, 0, 14], "inflate": 0.02, "uv": [44, 0]}
					]
				},
				{
					"name": "tail_left",
					"parent": "tail",
					"pivot": [-0.75, 11.6, 6],
					"rotation": [0, 14, 0],
					"cubes": [
						{"origin": [-1, 11.6, 6], "size": [3, 0, 13], "inflate": 0.01, "uv": [47, 45]}
					]
				},
				{
					"name": "tail_right",
					"parent": "tail",
					"pivot": [0.75, 11.6, 6],
					"rotation": [0, -14, 0],
					"cubes": [
						{"origin": [-2, 11.6, 6], "size": [3, 0, 13], "inflate": 0.01, "uv": [47, 32]}
					]
				},
				{
					"name": "tail_left2",
					"parent": "tail",
					"pivot": [-0.25, 11.5, 6],
					"rotation": [0, 25.5, 0],
					"cubes": [
						{"origin": [-0.25, 11.5, 6], "size": [3, 0, 11], "uv": [55, 32]}
					]
				},
				{
					"name": "tail_right2",
					"parent": "tail",
					"pivot": [0.25, 11.5, 6],
					"rotation": [0, -25.5, 0],
					"cubes": [
						{"origin": [-2.75, 11.5, 6], "size": [3, 0, 11], "uv": [53, 0]}
					]
				},
				{
					"name": "neck",
					"parent": "torso",
					"pivot": [0, 9.09965, -6.72686],
					"rotation": [32.5, 0, 0]
				},
				{
					"name": "head_ai",
					"parent": "neck",
					"pivot": [0, 12.09965, -5.72686],
					"cubes": [
						{"origin": [-3.5, 8.09965, -8.47686], "size": [7, 8, 7], "uv": [29, 51]}
					]
				},
				{
					"name": "head",
					"parent": "head_ai",
					"pivot": [0, 16.09965, -5.47686],
					"rotation": [-7.5, 0, 0],
					"cubes": [
						{"origin": [-3.5, 13.59965, -8.47686], "size": [7, 7, 7], "inflate": 0.01, "uv": [0, 54]}
					]
				},
				{
					"name": "beak",
					"parent": "head",
					"pivot": [0, 16.34965, -8.47686],
					"rotation": [5, 0, 0],
					"cubes": [
						{"origin": [-1, 15.34965, -11.47686], "size": [2, 2, 4], "inflate": 0.01, "uv": [0, 0]},
						{"origin": [-0.5, 14.84965, -11.47686], "size": [1, 1, 0], "uv": [8, 0]}
					]
				},
				{
					"name": "eyebrow_left_pos",
					"parent": "head",
					"pivot": [0.25, 17.59965, -9.47686],
					"rotation": [0, 0, -37.5]
				},
				{
					"name": "eyebrow_left",
					"parent": "eyebrow_left_pos",
					"pivot": [0.25, 17.59965, -9.47686],
					"cubes": [
						{"origin": [-0.25, 16.59965, -9.47686], "size": [5, 2, 1], "uv": [0, 21]}
					]
				},
				{
					"name": "eyebrow_left2",
					"parent": "eyebrow_left",
					"pivot": [4.75, 17.59965, -9.47686],
					"rotation": [0, -30, 0],
					"cubes": [
						{"origin": [4.75, 16.09965, -9.47686], "size": [9, 3, 1], "inflate": 0.01, "uv": [28, 66]},
						{"origin": [6.25, 18.09965, -8.97686], "size": [4, 2, 0], "inflate": 0.01, "pivot": [8.25, 19.09965, -8.97686], "rotation": [0, 0, -20], "uv": [48, 34]}
					]
				},
				{
					"name": "eyebrow_right_pos",
					"parent": "head",
					"pivot": [-0.25, 17.59965, -9.47686],
					"rotation": [0, 0, 37.5]
				},
				{
					"name": "eyebrow_right",
					"parent": "eyebrow_right_pos",
					"pivot": [-0.25, 17.59965, -9.47686],
					"cubes": [
						{"origin": [-4.75, 16.59965, -9.47686], "size": [5, 2, 1], "uv": [0, 18]}
					]
				},
				{
					"name": "eyebrow_right2",
					"parent": "eyebrow_right",
					"pivot": [-4.75, 17.59965, -9.47686],
					"rotation": [0, 30, 0],
					"cubes": [
						{"origin": [-13.75, 16.09965, -9.47686], "size": [9, 3, 1], "inflate": 0.01, "uv": [64, 11]},
						{"origin": [-10.25, 18.09965, -8.97686], "size": [4, 2, 0], "inflate": 0.01, "pivot": [-8.25, 19.09965, -8.97686], "rotation": [0, 0, 20], "uv": [48, 32]}
					]
				},
				{
					"name": "fire",
					"parent": "head",
					"pivot": [0, 20, -7],
					"rotation": [7.5, 0, 0],
					"cubes": [
						{"origin": [0, 18.50048, -13.02181], "size": [0, 15, 12], "uv": [36, 24]}
					]
				},
				{
					"name": "eye_left",
					"parent": "head",
					"pivot": [2.51167, 17.93298, -7.65686],
					"cubes": [
						{"origin": [1.51, 16.59965, -8.48686], "size": [2, 2, 2], "inflate": 0.01, "uv": [0, 40]}
					]
				},
				{
					"name": "eyelid_left",
					"parent": "eye_left",
					"pivot": [2.61, 17.59965, -7.58686],
					"cubes": [
						{"origin": [1.41, 16.59965, -8.38686], "size": [2, 2, 2], "inflate": 0.03, "uv": [28, 36]}
					]
				},
				{
					"name": "eye_right",
					"parent": "head",
					"pivot": [-2.51167, 17.93298, -7.65686],
					"cubes": [
						{"origin": [-3.51, 16.59965, -8.48686], "size": [2, 2, 2], "inflate": 0.01, "uv": [0, 36]}
					]
				},
				{
					"name": "eyelid_right",
					"parent": "eye_right",
					"pivot": [-2.51, 17.59965, -7.48686],
					"cubes": [
						{"origin": [-3.41, 16.59965, -8.38686], "size": [2, 2, 2], "inflate": 0.03, "uv": [0, 32]}
					]
				},
				{
					"name": "jaw",
					"parent": "head",
					"pivot": [0, 15.09965, -8.47686],
					"rotation": [-7.5, 0, 0],
					"cubes": [
						{"origin": [-1, 14.59965, -9.97686], "size": [2, 1, 2], "uv": [28, 40]}
					]
				},
				{
					"name": "leg_right",
					"parent": "body",
					"pivot": [-2.5, 5, -0.25],
					"rotation": [5, 0, 0],
					"cubes": [
						{"origin": [-3.5, 3.75, -1.75], "size": [2, 3, 3], "inflate": 0.01, "uv": [0, 12]},
						{"origin": [-3, 2.75, -1.25], "size": [1, 1, 2], "inflate": 0.01, "uv": [0, 54]}
					]
				},
				{
					"name": "leg_right2",
					"parent": "leg_right",
					"pivot": [-2.5, 2.75, 0.25],
					"rotation": [-15, 0, 0],
					"cubes": [
						{"origin": [-3, 0.75, -0.75], "size": [1, 2, 1], "uv": [7, 6]}
					]
				},
				{
					"name": "foot_right",
					"parent": "leg_right2",
					"pivot": [-2.5, 0.75, 0.25],
					"rotation": [10, 0, 0],
					"cubes": [
						{"origin": [-3.5, -0.07635, -1.98481], "size": [2, 1, 3], "uv": [0, 28]}
					]
				},
				{
					"name": "toe_back_right",
					"parent": "foot_right",
					"pivot": [-2.5, 0.92365, 1.01519],
					"cubes": [
						{"origin": [-3, -0.07635, 1.01519], "size": [1, 1, 2], "inflate": 0.01, "uv": [48, 66]}
					]
				},
				{
					"name": "claw_back_right",
					"parent": "toe_back_right",
					"pivot": [-2.5, 0.92365, 3.01519],
					"cubes": [
						{"origin": [-2.5, -0.07635, 3.01519], "size": [0, 1, 1], "uv": [8, 2]}
					]
				},
				{
					"name": "toe_inner_right",
					"parent": "foot_right",
					"pivot": [-2.25, 0.92365, -1.73481],
					"rotation": [0, -20, 0],
					"cubes": [
						{"origin": [-2.25, -0.07635, -3.73481], "size": [1, 1, 2], "inflate": 0.01, "uv": [21, 57]}
					]
				},
				{
					"name": "claw_inner_right",
					"parent": "toe_inner_right",
					"pivot": [-1.75, 0.92365, -3.73481],
					"cubes": [
						{"origin": [-1.75, -0.07635, -4.73481], "size": [0, 1, 1], "uv": [8, 1]}
					]
				},
				{
					"name": "toe_middle_right",
					"parent": "foot_right",
					"pivot": [-2.5, 0.92365, -1.73481],
					"cubes": [
						{"origin": [-3, -0.07635, -3.73481], "size": [1, 1, 2], "inflate": 0.01, "uv": [54, 55]}
					]
				},
				{
					"name": "claw_middle_right",
					"parent": "toe_middle_right",
					"pivot": [-2.5, 0.92365, -3.73481],
					"cubes": [
						{"origin": [-2.5, -0.07635, -4.73481], "size": [0, 1, 1], "uv": [0, 7]}
					]
				},
				{
					"name": "toe_outer_right",
					"parent": "foot_right",
					"pivot": [-2.75, 0.92365, -1.73481],
					"rotation": [0, 20, 0],
					"cubes": [
						{"origin": [-3.75, -0.07635, -3.73481], "size": [1, 1, 2], "inflate": 0.01, "uv": [0, 57]}
					]
				},
				{
					"name": "claw_outer_right",
					"parent": "toe_outer_right",
					"pivot": [-3.25, 0.92365, -3.73481],
					"cubes": [
						{"origin": [-3.25, -0.07635, -4.73481], "size": [0, 1, 1], "uv": [8, 0]}
					]
				},
				{
					"name": "leg_left",
					"parent": "body",
					"pivot": [2.5, 5, -0.25],
					"rotation": [5, 0, 0],
					"cubes": [
						{"origin": [1.5, 3.75, -1.75], "size": [2, 3, 3], "inflate": 0.01, "uv": [0, 6]},
						{"origin": [2, 2.75, -1.25], "size": [1, 1, 2], "inflate": 0.01, "uv": [50, 51]}
					]
				},
				{
					"name": "leg_left2",
					"parent": "leg_left",
					"pivot": [2.5, 2.75, 0.25],
					"rotation": [-15, 0, 0],
					"cubes": [
						{"origin": [2, 0.75, -0.75], "size": [1, 2, 1], "uv": [0, 0]}
					]
				},
				{
					"name": "foot_left",
					"parent": "leg_left2",
					"pivot": [2.5, 0.75, 0.25],
					"rotation": [10, 0, 0],
					"cubes": [
						{"origin": [1.5, -0.07635, -1.98481], "size": [2, 1, 3], "uv": [0, 24]}
					]
				},
				{
					"name": "toe_back_left",
					"parent": "foot_left",
					"pivot": [2.5, 0.92365, 1.01519],
					"cubes": [
						{"origin": [2, -0.07635, 1.01519], "size": [1, 1, 2], "inflate": 0.01, "uv": [54, 52]}
					]
				},
				{
					"name": "claw_back_left",
					"parent": "toe_back_left",
					"pivot": [2.5, 0.92365, 3.01519],
					"cubes": [
						{"origin": [2.5, -0.07635, 3.01519], "size": [0, 1, 1], "uv": [0, 6]}
					]
				},
				{
					"name": "toe_inner_left",
					"parent": "foot_left",
					"pivot": [2.25, 0.92365, -1.73481],
					"rotation": [0, 20, 0],
					"cubes": [
						{"origin": [1.25, -0.07635, -3.73481], "size": [1, 1, 2], "inflate": 0.01, "uv": [50, 54]}
					]
				},
				{
					"name": "claw_inner_left",
					"parent": "toe_inner_left",
					"pivot": [1.75, 0.92365, -3.73481],
					"cubes": [
						{"origin": [1.75, -0.07635, -4.73481], "size": [0, 1, 1], "uv": [0, 5]}
					]
				},
				{
					"name": "toe_middle_left",
					"parent": "foot_left",
					"pivot": [2.5, 0.92365, -1.73481],
					"cubes": [
						{"origin": [2, -0.07635, -3.73481], "size": [1, 1, 2], "inflate": 0.01, "uv": [27, 54]}
					]
				},
				{
					"name": "claw_middle_left",
					"parent": "toe_middle_left",
					"pivot": [2.5, 0.92365, -3.73481],
					"cubes": [
						{"origin": [2.5, -0.07635, -4.73481], "size": [0, 1, 1], "uv": [2, 2]}
					]
				},
				{
					"name": "toe_outer_left",
					"parent": "foot_left",
					"pivot": [2.75, 0.92365, -1.73481],
					"rotation": [0, -20, 0],
					"cubes": [
						{"origin": [2.75, -0.07635, -3.73481], "size": [1, 1, 2], "inflate": 0.01, "uv": [21, 54]}
					]
				},
				{
					"name": "claw_outer_left",
					"parent": "toe_outer_left",
					"pivot": [3.25, 0.92365, -3.73481],
					"cubes": [
						{"origin": [3.25, -0.07635, -4.73481], "size": [0, 1, 1], "uv": [0, 2]}
					]
				}
			]
		}
	]
}