{
	"format_version": "1.12.0",
	"minecraft:geometry": [
		{
			"description": {
				"identifier": "geometry.turnimite",
				"texture_width": 64,
				"texture_height": 32,
				"visible_bounds_width": 3,
				"visible_bounds_height": 2.5,
				"visible_bounds_offset": [0, 0.75, 0]
			},
			"bones": [
				{
					"name": "turnimite",
					"pivot": [0, 0, 0]
				},
				{
					"name": "body",
					"parent": "turnimite",
					"pivot": [0, 0, 0]
				},
				{
					"name": "torso",
					"parent": "body",
					"pivot": [0, 4, 0],
					"cubes": [
						{"origin": [-4, 3, -4], "size": [8, 8, 8], "uv": [0, 0]},
						{"origin": [-2, 5.5, -4.01], "size": [4, 4, 0], "uv": [8, 26]}
					]
				},
				{
					"name": "pupil",
					"parent": "torso",
					"pivot": [0, 7.5, -4.02],
					"cubes": [
						{"origin": [-0.5, 7, -4.02], "size": [1, 1, 0], "uv": [0, 4]}
					]
				},
				{
					"name": "eyelid_half",
					"parent": "torso",
					"pivot": [0, 9.5, -4.03],
					"cubes": [
						{"origin": [-2, 7.5, -4.03], "size": [4, 2, 0], "uv": [0, 26]}
					]
				},
				{
					"name": "eyelid_full",
					"parent": "torso",
					"pivot": [0, 7.5, -3.93],
					"cubes": [
						{"origin": [-2, 5.5, -3.93], "size": [4, 4, 0], "uv": [0, 0]}
					]
				},
				{
					"name": "stem",
					"parent": "torso",
					"pivot": [0, 11, 0],
					"cubes": [
						{"origin": [-0.5, 10, -0.5], "size": [1, 4, 1], "uv": [32, 0]}
					]
				},
				{
					"name": "stem2",
					"parent": "stem",
					"pivot": [0, 13, 0],
					"cubes": [
						{"origin": [-3.5, 13, -1], "size": [7, 2, 2], "uv": [16, 26]}
					]
				},
				{
					"name": "leaf_right",
					"parent": "torso",
					"pivot": [-4, 7, 0],
					"cubes": [
						{"origin": [-13, 2, 0], "size": [9, 10, 0], "uv": [0, 16]}
					]
				},
				{
					"name": "leaf_left",
					"parent": "torso",
					"pivot": [4, 7, 0],
					"cubes": [
						{"origin": [4, 2, 0], "size": [9, 10, 0], "uv": [18, 16]}
					]
				},
				{
					"name": "leg_right",
					"parent": "torso",
					"pivot": [-2.5, 3, -3],
					"rotation": [0, 0, 45],
					"cubes": [
						{"origin": [-4.5, 1, -4], "size": [2, 2, 2], "inflate": -0.01, "uv": [24, 4]},
						{"origin": [-4, 0, -3.5], "size": [1, 1, 1], "uv": [32, 9]}
					]
				},
				{
					"name": "leg_left",
					"parent": "torso",
					"pivot": [2.5, 3, -3],
					"rotation": [0, 0, -45],
					"cubes": [
						{"origin": [2.5, 1, -4], "size": [2, 2, 2], "inflate": -0.01, "uv": [24, 0]},
						{"origin": [3, 0, -3.5], "size": [1, 1, 1], "uv": [32, 5]}
					]
				},
				{
					"name": "leg_back",
					"parent": "torso",
					"pivot": [0, 3, 2.5],
					"rotation": [45, 0, 0],
					"cubes": [
						{"origin": [-1, 1, 2.5], "size": [2, 2, 2], "inflate": -0.01, "uv": [0, 4]},
						{"origin": [-0.5, 0, 3], "size": [1, 1, 1], "uv": [32, 7]}
					]
				}
			]
		}
	]
}