{
	"format_version": "1.12.0",
	"minecraft:geometry": [
		{
			"description": {
				"identifier": "geometry.turnizone",
				"texture_width": 128,
				"texture_height": 64,
				"visible_bounds_width": 5,
				"visible_bounds_height": 3.5,
				"visible_bounds_offset": [0, 1.25, 0]
			},
			"bones": [
				{
					"name": "turnizone",
					"pivot": [0, 0, 0.5]
				},
				{
					"name": "allbodies",
					"parent": "turnizone",
					"pivot": [0, 11, 0.5]
				},
				{
					"name": "body_right",
					"parent": "allbodies",
					"pivot": [-16, 9, -0.25]
				},
				{
					"name": "torso_right",
					"parent": "body_right",
					"pivot": [-16, 10, 0],
					"cubes": [
						{"origin": [-20, 9, -4], "size": [8, 8, 8], "uv": [0, 0]},
						{"origin": [-18, 11.5, -4.01], "size": [4, 4, 0], "pivot": [-16, 13.5, -4.01], "rotation": [0, 0, 15], "uv": [0, 4]}
					]
				},
				{
					"name": "root_right",
					"parent": "torso_right",
					"pivot": [-16, 10.5, -4],
					"cubes": [
						{"origin": [-17, 7.5, -7.75], "size": [2, 3, 5], "inflate": 0.01, "uv": [51, 35]}
					]
				},
				{
					"name": "root_right_bottom1",
					"parent": "root_right",
					"pivot": [-16, 9.5, -7.75],
					"cubes": [
						{"origin": [-17, 7.5, -11.75], "size": [2, 2, 4], "inflate": -0.01, "uv": [65, 45]}
					]
				},
				{
					"name": "root_right_bottom2",
					"parent": "root_right_bottom1",
					"pivot": [-16, 7.5, -11.75],
					"cubes": [
						{"origin": [-17, 7.5, -16.75], "size": [2, 2, 5], "uv": [77, 48]}
					]
				},
				{
					"name": "root_right_bottom_thorn2",
					"parent": "root_right_bottom2",
					"pivot": [-16, 7.5, -14.75],
					"rotation": [-45, 0, 0],
					"cubes": [
						{"origin": [-16, 5.5, -15.75], "size": [0, 2, 1], "uv": [59, 56]}
					]
				},
				{
					"name": "root_right_bottom_thorn1",
					"parent": "root_right_bottom2",
					"pivot": [-16, 9.5, -12.75],
					"rotation": [45, 0, 0],
					"cubes": [
						{"origin": [-16, 9.5, -13.75], "size": [0, 2, 1], "uv": [61, 56]}
					]
				},
				{
					"name": "root_right_bottom3",
					"parent": "root_right_bottom2",
					"pivot": [-16, 9.5, -16.75],
					"cubes": [
						{"origin": [-17, 7.5, -19.75], "size": [2, 2, 3], "inflate": -0.01, "uv": [92, 44]},
						{"origin": [-16, 7.5, -21.75], "size": [0, 2, 2], "uv": [53, 55]}
					]
				},
				{
					"name": "root_right_top1",
					"parent": "root_right",
					"pivot": [-16, 8.5, -7.75],
					"cubes": [
						{"origin": [-17, 8.5, -11.75], "size": [2, 2, 4], "uv": [65, 39]}
					]
				},
				{
					"name": "root_right_top2",
					"parent": "root_right_top1",
					"pivot": [-16, 10.5, -11.75],
					"cubes": [
						{"origin": [-17, 8.5, -16.75], "size": [2, 2, 5], "inflate": 0.01, "uv": [77, 41]}
					]
				},
				{
					"name": "root_right_top_thorn2",
					"parent": "root_right_top2",
					"pivot": [-16, 8.5, -12.75],
					"rotation": [-45, 0, 0],
					"cubes": [
						{"origin": [-16, 6.5, -13.75], "size": [0, 2, 1], "uv": [63, 56]}
					]
				},
				{
					"name": "root_right_top3",
					"parent": "root_right_top2",
					"pivot": [-16, 8.5, -16.75],
					"cubes": [
						{"origin": [-17, 8.5, -20.75], "size": [2, 2, 4], "uv": [91, 38]},
						{"origin": [-16, 8.5, -22.75], "size": [0, 2, 2], "uv": [49, 55]}
					]
				},
				{
					"name": "root_right_top_thorn1",
					"parent": "root_right_top3",
					"pivot": [-16, 10.5, -16.75],
					"rotation": [45, 0, 0],
					"cubes": [
						{"origin": [-16, 10.5, -17.75], "size": [0, 2, 1], "uv": [57, 56]}
					]
				},
				{
					"name": "stem_right",
					"parent": "torso_right",
					"pivot": [-19, 9, 3],
					"cubes": [
						{"origin": [-17, 17, -1], "size": [2, 3, 2], "uv": [44, 0]},
						{"origin": [-15, 18, -1], "size": [4, 2, 2], "uv": [32, 8]}
					]
				},
				{
					"name": "pupil_right",
					"parent": "torso_right",
					"pivot": [-16, 13.5, -4.02],
					"cubes": [
						{"origin": [-16.5, 12.75, -4.02], "size": [1, 1, 0], "uv": [25, 16]}
					]
				},
				{
					"name": "eyelid_half_right",
					"parent": "torso_right",
					"pivot": [-16, 14.5, -4.03],
					"rotation": [0, 0, 15],
					"cubes": [
						{"origin": [-17.75, 13.5, -4.03], "size": [4, 2, 0], "uv": [28, 0]}
					]
				},
				{
					"name": "eyelid_full_right",
					"parent": "torso_right",
					"pivot": [-16, 13.5, -3.93],
					"rotation": [0, 0, 15],
					"cubes": [
						{"origin": [-18, 11.5, -3.93], "size": [4, 4, 0], "uv": [36, 0]}
					]
				},
				{
					"name": "leaf_right",
					"parent": "torso_right",
					"pivot": [-20, 14, 2],
					"cubes": [
						{"origin": [-31, 10, 2], "size": [11, 11, 0], "uv": [0, 43]}
					]
				},
				{
					"name": "leg_back_middle3",
					"parent": "torso_right",
					"pivot": [-16, 9, 2.75],
					"rotation": [45, 0, 0],
					"cubes": [
						{"origin": [-17, 7, 2.75], "size": [2, 2, 2], "inflate": -0.01, "uv": [24, 4]},
						{"origin": [-16.5, 6, 3.25], "size": [1, 1, 1], "uv": [40, 4]}
					]
				},
				{
					"name": "leg_right_right",
					"parent": "torso_right",
					"pivot": [-18.5, 9, -1],
					"rotation": [0, 0, 45],
					"cubes": [
						{"origin": [-20.5, 7, -2], "size": [2, 2, 2], "inflate": -0.01, "uv": [32, 4]},
						{"origin": [-20, 6, -1.5], "size": [1, 1, 1], "uv": [40, 6]}
					]
				},
				{
					"name": "body_middle",
					"parent": "allbodies",
					"pivot": [0, 8, 0.5]
				},
				{
					"name": "torso_middle",
					"parent": "body_middle",
					"pivot": [0, 12, 0.5],
					"cubes": [
						{"origin": [-12, 7.5, -6.5], "size": [24, 14, 13], "uv": [50, 0]}
					]
				},
				{
					"name": "horn_right",
					"parent": "torso_middle",
					"pivot": [-6, 18.5, -6],
					"rotation": [-10, 15, 0],
					"cubes": [
						{"origin": [-7.5, 18.5, -11], "size": [3, 0, 5], "uv": [27, 38]},
						{"origin": [-6, 17, -11], "size": [0, 3, 5], "uv": [38, 33]}
					]
				},
				{
					"name": "horn_right_back",
					"parent": "torso_middle",
					"pivot": [-5, 18.5, 6],
					"rotation": [10, -15, 0],
					"cubes": [
						{"origin": [-6.5, 18.5, 6], "size": [3, 0, 5], "uv": [27, 53]},
						{"origin": [-5, 17, 6], "size": [0, 3, 5], "uv": [38, 48]}
					]
				},
				{
					"name": "horn_middle",
					"parent": "torso_middle",
					"pivot": [0, 18.5, -6],
					"rotation": [-15, 0, 0],
					"cubes": [
						{"origin": [-1.5, 18.5, -11], "size": [3, 0, 5], "uv": [27, 33]},
						{"origin": [0, 17, -11], "size": [0, 3, 5], "uv": [38, 28]}
					]
				},
				{
					"name": "horn_left",
					"parent": "torso_middle",
					"pivot": [6, 18.5, -6],
					"rotation": [-10, -15, 0],
					"cubes": [
						{"origin": [4.5, 18.5, -11], "size": [3, 0, 5], "uv": [27, 43]},
						{"origin": [6, 17, -11], "size": [0, 3, 5], "uv": [38, 38]}
					]
				},
				{
					"name": "horn_left_back",
					"parent": "torso_middle",
					"pivot": [5, 18.5, 6],
					"rotation": [10, 15, 0],
					"cubes": [
						{"origin": [3.5, 18.5, 6], "size": [3, 0, 5], "uv": [27, 48]},
						{"origin": [5, 17, 6], "size": [0, 3, 5], "uv": [38, 43]}
					]
				},
				{
					"name": "stem_middle",
					"parent": "torso_middle",
					"pivot": [0, 21.5, 0],
					"cubes": [
						{"origin": [-1.5, 20.5, -1.5], "size": [3, 7, 3], "uv": [51, 3]}
					]
				},
				{
					"name": "stem_middle_thorn1",
					"parent": "stem_middle",
					"pivot": [1.5, 25.5, 0.5],
					"rotation": [0, 0, -45],
					"cubes": [
						{"origin": [0.5, 24.5, 0], "size": [2, 1, 0], "uv": [49, 63]}
					]
				},
				{
					"name": "stem_middle2",
					"parent": "stem_middle",
					"pivot": [0, 27.5, 0],
					"cubes": [
						{"origin": [-1, 26.5, -1], "size": [2, 8, 2], "uv": [111, 3]}
					]
				},
				{
					"name": "stem_middle_thorn2",
					"parent": "stem_middle2",
					"pivot": [0, 32.5, -1],
					"rotation": [-45, 0, 0],
					"cubes": [
						{"origin": [0, 32.5, -3], "size": [0, 1, 2], "uv": [53, 61]}
					]
				},
				{
					"name": "leaf_middle",
					"parent": "stem_middle2",
					"pivot": [-1, 30.5, 0],
					"cubes": [
						{"origin": [-10, 26.5, 0], "size": [9, 10, 0], "uv": [0, 54]}
					]
				},
				{
					"name": "stem_middle3",
					"parent": "stem_middle2",
					"pivot": [0, 34.5, 0],
					"cubes": [
						{"origin": [-0.5, 33.5, -0.5], "size": [1, 5, 1], "uv": [119, 7]}
					]
				},
				{
					"name": "stem_middle_thorn3",
					"parent": "stem_middle3",
					"pivot": [0, 35.5, 0.5],
					"rotation": [45, 0, 0],
					"cubes": [
						{"origin": [0, 35.5, 0.5], "size": [0, 1, 2], "uv": [57, 61]}
					]
				},
				{
					"name": "body_left",
					"parent": "allbodies",
					"pivot": [16, 9, 0]
				},
				{
					"name": "torso_left",
					"parent": "body_left",
					"pivot": [16, 10, 0],
					"cubes": [
						{"origin": [12, 9, -4], "size": [8, 8, 8], "uv": [0, 16]},
						{"origin": [14, 11.5, -4.01], "size": [4, 4, 0], "pivot": [16, 13.5, -4.01], "rotation": [0, 0, -15], "uv": [0, 20]}
					]
				},
				{
					"name": "root_back",
					"parent": "torso_left",
					"pivot": [-0.5, 10, 6.5],
					"cubes": [
						{"origin": [-1.5, 8, 5.5], "size": [3, 2, 5], "inflate": 0.01, "uv": [49, 43]}
					]
				},
				{
					"name": "root_back_bottom1",
					"parent": "root_back",
					"pivot": [-0.5, 9, 10.5],
					"cubes": [
						{"origin": [-0.5, 8, 10.5], "size": [2, 2, 4], "inflate": -0.01, "uv": [65, 57]}
					]
				},
				{
					"name": "root_back_bottom2",
					"parent": "root_back_bottom1",
					"pivot": [1.5, 9, 14.5],
					"cubes": [
						{"origin": [-0.5, 8, 14.5], "size": [2, 2, 5], "uv": [51, 50]}
					]
				},
				{
					"name": "root_back_bottom_thorn2",
					"parent": "root_back_bottom2",
					"pivot": [-0.5, 9, 16.5],
					"rotation": [0, 45, 0],
					"cubes": [
						{"origin": [-3.20711, 9, 17.20711], "size": [2, 0, 1], "uv": [56, 62]}
					]
				},
				{
					"name": "root_back_bottom3",
					"parent": "root_back_bottom2",
					"pivot": [-0.5, 9, 19.5],
					"cubes": [
						{"origin": [-0.5, 8, 19.5], "size": [2, 2, 4], "inflate": -0.01, "uv": [91, 55]},
						{"origin": [-0.5, 9, 23.5], "size": [2, 0, 2], "uv": [51, 61]}
					]
				},
				{
					"name": "root_back_bottom_thorn1",
					"parent": "root_back_bottom3",
					"pivot": [1.5, 9, 21.5],
					"rotation": [0, -45, 0],
					"cubes": [
						{"origin": [1.5, 9, 21.5], "size": [2, 0, 1], "uv": [60, 61]}
					]
				},
				{
					"name": "root_back_top1",
					"parent": "root_back",
					"pivot": [0.5, 9, 10.5],
					"cubes": [
						{"origin": [-1.5, 8, 10.5], "size": [2, 2, 4], "uv": [65, 51]}
					]
				},
				{
					"name": "root_back_top2",
					"parent": "root_back_top1",
					"pivot": [-1.5, 9, 14.5],
					"cubes": [
						{"origin": [-1.5, 8, 14.5], "size": [2, 2, 5], "inflate": 0.01, "uv": [77, 55]}
					]
				},
				{
					"name": "root_back_top_thorn2",
					"parent": "root_back_top2",
					"pivot": [-1.5, 9, 17.5],
					"rotation": [0, 45, 0],
					"cubes": [
						{"origin": [-3.5, 9, 17.5], "size": [2, 0, 1], "uv": [56, 61]}
					]
				},
				{
					"name": "root_back_top_thorn1",
					"parent": "root_back_top2",
					"pivot": [0.5, 9, 15.5],
					"rotation": [0, -45, 0],
					"cubes": [
						{"origin": [0.5, 9, 15.5], "size": [2, 0, 1], "uv": [60, 62]}
					]
				},
				{
					"name": "root_back_top3",
					"parent": "root_back_top2",
					"pivot": [0.5, 9, 19.5],
					"cubes": [
						{"origin": [-1.5, 8, 19.5], "size": [2, 2, 4], "uv": [91, 49]},
						{"origin": [-1.5, 9, 23.5], "size": [2, 0, 2], "uv": [47, 61]}
					]
				},
				{
					"name": "root_left",
					"parent": "torso_left",
					"pivot": [16, 10.5, -4],
					"cubes": [
						{"origin": [15, 7.5, -8], "size": [2, 3, 5], "inflate": 0.01, "uv": [51, 27]}
					]
				},
				{
					"name": "root_left_bottom1",
					"parent": "root_left",
					"pivot": [16, 9.5, -8],
					"cubes": [
						{"origin": [15, 7.5, -12], "size": [2, 2, 4], "inflate": -0.01, "uv": [65, 33]}
					]
				},
				{
					"name": "root_left_bottom2",
					"parent": "root_left_bottom1",
					"pivot": [16, 7.5, -12],
					"cubes": [
						{"origin": [15, 7.5, -17], "size": [2, 2, 5], "uv": [77, 34]}
					]
				},
				{
					"name": "root_left_bottom_thorn2",
					"parent": "root_left_bottom2",
					"pivot": [16, 9.5, -13],
					"rotation": [45, 0, 0],
					"cubes": [
						{"origin": [16, 9.5, -14], "size": [0, 2, 1], "uv": [63, 58]}
					]
				},
				{
					"name": "root_left_bottom3",
					"parent": "root_left_bottom2",
					"pivot": [16, 9.5, -17],
					"cubes": [
						{"origin": [15, 7.5, -20], "size": [2, 2, 3], "inflate": -0.01, "uv": [92, 33]},
						{"origin": [16, 7.5, -22], "size": [0, 2, 2], "uv": [53, 57]}
					]
				},
				{
					"name": "root_left_bottom_thorn3",
					"parent": "root_left_bottom3",
					"pivot": [16, 7.5, -17],
					"rotation": [-45, 0, 0],
					"cubes": [
						{"origin": [16, 5.5, -18], "size": [0, 2, 1], "uv": [57, 58]}
					]
				},
				{
					"name": "root_left_top1",
					"parent": "root_left",
					"pivot": [16, 8.5, -8],
					"cubes": [
						{"origin": [15, 8.5, -12], "size": [2, 2, 4], "uv": [65, 27]}
					]
				},
				{
					"name": "root_left_top2",
					"parent": "root_left_top1",
					"pivot": [16, 10.5, -12],
					"cubes": [
						{"origin": [15, 8.5, -17], "size": [2, 2, 5], "inflate": 0.01, "uv": [77, 27]}
					]
				},
				{
					"name": "root_left_top_thorn1",
					"parent": "root_left_top2",
					"pivot": [16, 10.5, -14],
					"rotation": [45, 0, 0],
					"cubes": [
						{"origin": [16, 10.5, -15], "size": [0, 2, 1], "uv": [61, 58]}
					]
				},
				{
					"name": "root_left_top_thorn2",
					"parent": "root_left_top2",
					"pivot": [16, 8.5, -12],
					"rotation": [-45, 0, 0],
					"cubes": [
						{"origin": [16, 6.5, -13], "size": [0, 2, 1], "uv": [59, 58]}
					]
				},
				{
					"name": "root_left_top3",
					"parent": "root_left_top2",
					"pivot": [16, 8.5, -17],
					"cubes": [
						{"origin": [15, 8.5, -21], "size": [2, 2, 4], "uv": [91, 27]},
						{"origin": [16, 8.5, -23], "size": [0, 2, 2], "uv": [49, 57]}
					]
				},
				{
					"name": "stem_left",
					"parent": "torso_left",
					"pivot": [13, 9, 3],
					"cubes": [
						{"origin": [15, 17, -1], "size": [2, 3, 2], "uv": [32, 28]},
						{"origin": [11, 18, -1], "size": [4, 2, 2], "uv": [32, 24]}
					]
				},
				{
					"name": "pupil_left",
					"parent": "torso_left",
					"pivot": [16, 13.5, -4.02],
					"cubes": [
						{"origin": [15.5, 12.75, -4.02], "size": [1, 1, 0], "uv": [25, 0]}
					]
				},
				{
					"name": "eyelid_half_left",
					"parent": "torso_left",
					"pivot": [16, 14.5, -4.03],
					"rotation": [0, 0, -15],
					"cubes": [
						{"origin": [13.75, 13.5, -4.03], "size": [4, 2, 0], "uv": [28, 16]}
					]
				},
				{
					"name": "eyelid_full_left",
					"parent": "torso_left",
					"pivot": [16, 13.5, -3.93],
					"rotation": [0, 0, -15],
					"cubes": [
						{"origin": [14, 11.5, -3.93], "size": [4, 4, 0], "uv": [36, 16]}
					]
				},
				{
					"name": "leaf_left",
					"parent": "torso_left",
					"pivot": [20, 14, 2],
					"cubes": [
						{"origin": [20, 10, 2], "size": [11, 11, 0], "uv": [0, 32]}
					]
				},
				{
					"name": "leg_back_middle2",
					"parent": "torso_left",
					"pivot": [16, 9, 2.5],
					"rotation": [45, 0, 0],
					"cubes": [
						{"origin": [15, 7, 2.5], "size": [2, 2, 2], "inflate": -0.01, "uv": [24, 20]},
						{"origin": [15.5, 6, 3], "size": [1, 1, 1], "uv": [40, 22]}
					]
				},
				{
					"name": "leg_left_left",
					"parent": "torso_left",
					"pivot": [18.5, 9, -1],
					"rotation": [0, 0, -45],
					"cubes": [
						{"origin": [18.5, 7, -2], "size": [2, 2, 2], "inflate": -0.01, "uv": [32, 20]},
						{"origin": [19, 6, -1.5], "size": [1, 1, 1], "uv": [40, 20]}
					]
				}
			]
		}
	]
}