{
	"format_version": "1.12.0",
	"minecraft:geometry": [
		{
			"description": {
				"identifier": "geometry.abyssal_wyrm",
				"texture_width": 256,
				"texture_height": 256,
				"visible_bounds_width": 16,
				"visible_bounds_height": 8,
				"visible_bounds_offset": [0, 3, 0]
			},
			"bones": [
				{
					"name": "abyssal_wyrm",
					"pivot": [0, 0, -3.5]
				},
				{
					"name": "body",
					"parent": "abyssal_wyrm",
					"pivot": [0, 24, -5.5]
				},
				{
					"name": "torso",
					"parent": "body",
					"pivot": [-1, 24, -5.5],
					"cubes": [
						{"origin": [-12, 12, -12.5], "size": [24, 24, 23], "inflate": 0.01, "uv": [0, 0]},
						{"origin": [-9, 29, -14.5], "size": [18, 7, 2], "uv": [130, 48]},
						{"origin": [-7, 24, -14.5], "size": [14, 5, 2], "uv": [94, 37]},
						{"origin": [2, 17, -13.5], "size": [5, 3, 1], "inflate": 0.01, "uv": [126, 37]},
						{"origin": [0, 11, -13.5], "size": [6, 7, 3], "uv": [0, 168]},
						{"origin": [12, 30, -11.5], "size": [1, 5, 4], "inflate": 0.01, "uv": [124, 76]},
						{"origin": [-13, 30, -11.5], "size": [1, 5, 4], "inflate": 0.01, "uv": [124, 76], "mirror": true},
						{"origin": [11, 28, -13.5], "size": [2, 4, 5], "uv": [138, 97]},
						{"origin": [-13, 28, -13.5], "size": [2, 4, 5], "uv": [138, 97], "mirror": true}
					]
				},
				{
					"name": "torso_spike_left",
					"parent": "torso",
					"pivot": [6, 31.5, 10.5],
					"rotation": [-15, 22.5, 0],
					"cubes": [
						{"origin": [6, 30, 15], "size": [0, 4, 8], "uv": [0, 9]},
						{"origin": [5.5, 30, 9], "size": [1, 4, 6], "uv": [136, 140]}
					]
				},
				{
					"name": "torso_spike_right",
					"parent": "torso",
					"pivot": [-6, 31.5, 10.5],
					"rotation": [-15, -22.5, 0],
					"cubes": [
						{"origin": [-6, 30, 15], "size": [0, 4, 8], "uv": [71, 8]},
						{"origin": [-6.5, 30, 9], "size": [1, 4, 6], "uv": [18, 168]}
					]
				},
				{
					"name": "chest",
					"parent": "torso",
					"pivot": [-1, 34, -12.5],
					"cubes": [
						{"origin": [-11, 34, -12.5], "size": [22, 15, 22], "uv": [0, 61]},
						{"origin": [-9, 36, -14.5], "size": [18, 4, 2], "uv": [88, 74]},
						{"origin": [4, 40, -14.5], "size": [4, 3, 2], "uv": [108, 120]},
						{"origin": [-8, 40, -14.5], "size": [4, 3, 2], "uv": [147, 69]},
						{"origin": [-3, 47, -13.5], "size": [3, 1, 1], "uv": [0, 21]},
						{"origin": [-3, 44, -13.5], "size": [5, 3, 1], "uv": [130, 57]},
						{"origin": [-2, 41, -13.5], "size": [4, 3, 1], "uv": [142, 57]}
					]
				},
				{
					"name": "chest_spikes_left",
					"parent": "chest",
					"pivot": [5.73732, 44, 9.33654],
					"rotation": [10, 25, 0],
					"cubes": [
						{"origin": [5.85946, 42, 14.55701], "size": [0, 4, 8], "uv": [0, 9]},
						{"origin": [5.35946, 42, 8.55701], "size": [1, 4, 6], "uv": [136, 140]}
					]
				},
				{
					"name": "chest_spikes_right",
					"parent": "chest",
					"pivot": [-5.73732, 44, 9.33654],
					"rotation": [10, -25, 0],
					"cubes": [
						{"origin": [-5.85946, 42, 14.55701], "size": [0, 4, 8], "uv": [71, 8]},
						{"origin": [-6.35946, 42, 8.55701], "size": [1, 4, 6], "uv": [18, 168]}
					]
				},
				{
					"name": "neck",
					"parent": "chest",
					"pivot": [0, 48, -2],
					"cubes": [
						{"origin": [-5.5, 46, -8.5], "size": [11, 14, 13], "uv": [108, 113]}
					]
				},
				{
					"name": "neck2",
					"parent": "neck",
					"pivot": [0, 59, -4],
					"cubes": [
						{"origin": [-5, 59, -7], "size": [10, 12, 10], "uv": [36, 140]}
					]
				},
				{
					"name": "chest_spikes_left3",
					"parent": "neck2",
					"pivot": [0, 78, 0.5],
					"cubes": [
						{"origin": [0, 65, 5.25], "size": [0, 3, 4], "uv": [71, 1]},
						{"origin": [-0.5, 65, 2.25], "size": [1, 3, 3], "uv": [84, 17]}
					]
				},
				{
					"name": "neck3",
					"parent": "neck2",
					"pivot": [-1, 71, 2],
					"cubes": [
						{"origin": [-4.5, 71, -6.5], "size": [9, 9, 9], "uv": [143, 97]}
					]
				},
				{
					"name": "chest_spikes_left2",
					"parent": "neck3",
					"pivot": [0, 73, 2.5],
					"cubes": [
						{"origin": [0, 74, 5.25], "size": [0, 3, 4], "uv": [76, 67]},
						{"origin": [-0.5, 74, 2.25], "size": [1, 3, 3], "uv": [102, 2]}
					]
				},
				{
					"name": "neck4",
					"parent": "neck3",
					"pivot": [-1, 80, 1],
					"cubes": [
						{"origin": [-4, 80, -6], "size": [8, 9, 8], "inflate": -0.01, "uv": [135, 0]}
					]
				},
				{
					"name": "neck5",
					"parent": "neck4",
					"pivot": [0, 88.5, 0],
					"cubes": [
						{"origin": [-3.5, 88, -5.5], "size": [7, 7, 7], "uv": [154, 69]}
					]
				},
				{
					"name": "head",
					"parent": "neck5",
					"pivot": [-1, 92.175, -1],
					"cubes": [
						{"origin": [-4.5, 89.175, -8], "size": [9, 8, 8], "inflate": 0.01, "uv": [71, 0]},
						{"origin": [-4.5, 91.175, -14], "size": [9, 6, 6], "uv": [147, 57]},
						{"origin": [-3, 91.175, -18], "size": [6, 4, 4], "uv": [168, 83]},
						{"origin": [-4.474, 92.925, -14.58579], "size": [0, 2, 2], "pivot": [-3.989, 91.175, -15.58579], "rotation": [-45, 0, 0], "uv": [16, 19]},
						{"origin": [-4.474, 94.925, -12.58579], "size": [0, 2, 2], "pivot": [-3.989, 91.175, -15.58579], "rotation": [-45, 0, 0], "uv": [66, 59]},
						{"origin": [4.474, 92.925, -14.58579], "size": [0, 2, 2], "pivot": [3.989, 91.175, -15.58579], "rotation": [-45, 0, 0], "uv": [8, 19]},
						{"origin": [4.474, 94.925, -12.58579], "size": [0, 2, 2], "pivot": [3.989, 91.175, -15.58579], "rotation": [-45, 0, 0], "uv": [12, 19]}
					]
				},
				{
					"name": "horn_left",
					"parent": "head",
					"pivot": [3.25, 95.33192, 0.10785],
					"rotation": [12.5, 15, 0],
					"cubes": [
						{"origin": [0.75, 92.175, -1], "size": [4, 5, 5], "uv": [66, 61]},
						{"origin": [1.25, 93.175, 4], "size": [3, 4, 5], "pivot": [2.25, 97.175, 4], "rotation": [-2.5, 0, 0], "uv": [54, 98]},
						{"origin": [1.75, 93.83192, 8.85785], "size": [2, 3, 4], "pivot": [3.25, 95.33192, 9.85785], "rotation": [-5, 0, 0], "uv": [0, 132]}
					]
				},
				{
					"name": "horn_right",
					"parent": "head",
					"pivot": [-3.25, 95.33192, 0.10785],
					"rotation": [12.5, -15, 0],
					"cubes": [
						{"origin": [-4.75, 92.175, -1], "size": [4, 5, 5], "uv": [66, 61], "mirror": true},
						{"origin": [-4.25, 93.175, 4], "size": [3, 4, 5], "pivot": [-2.25, 97.175, 4], "rotation": [-2.5, 0, 0], "uv": [54, 98], "mirror": true},
						{"origin": [-3.75, 93.83192, 8.85785], "size": [2, 3, 4], "pivot": [-3.25, 95.33192, 9.85785], "rotation": [-5, 0, 0], "uv": [0, 132], "mirror": true}
					]
				},
				{
					"name": "scale_eye_left",
					"parent": "head",
					"pivot": [5.21714, 97.21299, -8.33215],
					"rotation": [12.5, -1.8, 0],
					"cubes": [
						{"origin": [4.70526, 93.71299, -13.247], "size": [0, 7, 10], "inflate": 0.01, "pivot": [4.47454, 86.54584, -11.21498], "rotation": [0, 10, 0], "uv": [0, 51]}
					]
				},
				{
					"name": "scale_eye_left2",
					"parent": "scale_eye_left",
					"pivot": [6.05092, 97.21299, -3.41446],
					"cubes": [
						{"origin": [4.70526, 93.71299, -3.247], "size": [0, 7, 4], "inflate": 0.01, "pivot": [4.47454, 86.54584, -11.21498], "rotation": [0, 10, 0], "uv": [143, 111]}
					]
				},
				{
					"name": "scale_eye_left3",
					"parent": "scale_eye_left2",
					"pivot": [6.77592, 93.71299, 0.53554],
					"cubes": [
						{"origin": [5.40333, 93.71299, 0.71193], "size": [0, 7, 6], "inflate": 0.01, "pivot": [5.17261, 86.54584, -7.25605], "rotation": [0, 10, 0], "uv": [0, 119]}
					]
				},
				{
					"name": "scale_eye_left4",
					"parent": "scale_eye_left3",
					"pivot": [7.84976, 97.21299, 6.45878],
					"cubes": [
						{"origin": [6.44869, 93.71299, 6.64047], "size": [0, 7, 6], "inflate": 0.01, "pivot": [6.21797, 86.54584, -1.32751], "rotation": [0, 10, 0], "uv": [108, 107]}
					]
				},
				{
					"name": "eye_left",
					"parent": "scale_eye_left",
					"pivot": [4.87756, 85.54584, -9.00133],
					"cubes": [
						{"origin": [4.71526, 93.96299, -12.747], "size": [0, 3, 5], "inflate": 0.01, "pivot": [4.47454, 86.54584, -11.21498], "rotation": [0, 10, 0], "uv": [71, 15]},
						{"origin": [4.72026, 93.96299, -11.747], "size": [0, 2, 2], "inflate": 0.01, "pivot": [4.47454, 86.54584, -11.21498], "rotation": [0, 10, 0], "uv": [0, 79]}
					]
				},
				{
					"name": "scale_eye_right",
					"parent": "head",
					"pivot": [-5.21714, 97.21299, -8.33215],
					"rotation": [12.5, 1.8, 0],
					"cubes": [
						{"origin": [-4.70526, 93.71299, -13.247], "size": [0, 7, 10], "inflate": 0.01, "pivot": [-4.47454, 86.54584, -11.21498], "rotation": [0, -10, 0], "uv": [0, 51], "mirror": true}
					]
				},
				{
					"name": "scale_eye_right2",
					"parent": "scale_eye_right",
					"pivot": [-6.05092, 97.21299, -3.41446],
					"cubes": [
						{"origin": [-4.70526, 93.71299, -3.247], "size": [0, 7, 4], "inflate": 0.01, "pivot": [-4.47454, 86.54584, -11.21498], "rotation": [0, -10, 0], "uv": [143, 111], "mirror": true}
					]
				},
				{
					"name": "scale_eye_right3",
					"parent": "scale_eye_right2",
					"pivot": [-6.77592, 93.71299, 0.53554],
					"cubes": [
						{"origin": [-5.40333, 93.71299, 0.71193], "size": [0, 7, 6], "inflate": 0.01, "pivot": [-5.17261, 86.54584, -7.25605], "rotation": [0, -10, 0], "uv": [0, 119], "mirror": true}
					]
				},
				{
					"name": "scale_eye_right4",
					"parent": "scale_eye_right3",
					"pivot": [-7.84976, 97.21299, 6.45878],
					"cubes": [
						{"origin": [-6.44869, 93.71299, 6.64047], "size": [0, 7, 6], "inflate": 0.01, "pivot": [-6.21797, 86.54584, -1.32751], "rotation": [0, -10, 0], "uv": [108, 107], "mirror": true}
					]
				},
				{
					"name": "eye_right",
					"parent": "scale_eye_right",
					"pivot": [-4.87756, 85.54584, -9.00133],
					"cubes": [
						{"origin": [-4.71526, 93.96299, -12.747], "size": [0, 3, 5], "inflate": 0.01, "pivot": [-4.47454, 86.54584, -11.21498], "rotation": [0, -10, 0], "uv": [71, 15], "mirror": true},
						{"origin": [-4.72026, 93.96299, -11.747], "size": [0, 2, 2], "inflate": 0.01, "pivot": [-4.47454, 86.54584, -11.21498], "rotation": [0, -10, 0], "uv": [0, 79], "mirror": true}
					]
				},
				{
					"name": "jaw",
					"parent": "head",
					"pivot": [0, 90.175, -7.96789],
					"cubes": [
						{"origin": [-4, 89.175, -13], "size": [8, 2, 6], "uv": [152, 17]},
						{"origin": [-2, 91.175, -13], "size": [4, 1, 6], "uv": [174, 54]},
						{"origin": [-2.5, 89.175, -16], "size": [5, 2, 3], "uv": [54, 107]},
						{"origin": [3.974, 93.675, -12.54289], "size": [0, 2, 2], "pivot": [3.499, 91.175, -15.29289], "rotation": [-45, 0, 0], "uv": [13, -1]},
						{"origin": [-3.974, 93.675, -12.54289], "size": [0, 2, 2], "pivot": [-3.499, 91.175, -15.29289], "rotation": [-45, 0, 0], "uv": [13, -1], "mirror": true}
					]
				},
				{
					"name": "wing_left",
					"parent": "chest",
					"pivot": [11, 41.5, -2],
					"cubes": [
						{"origin": [11, 36.5, -3], "size": [10, 11, 2], "inflate": 0.01, "pivot": [47, 42, -2.5], "rotation": [-90, 0, 0], "uv": [156, 115]}
					]
				},
				{
					"name": "spike_left2",
					"parent": "wing_left",
					"pivot": [19.2643, 42.36293, -2],
					"rotation": [0, -67.5, 22.5],
					"cubes": [
						{"origin": [17.64819, 39.38143, -12.32322], "size": [3, 0, 4], "inflate": 0.01, "pivot": [40.64819, 38.38143, -2.82322], "rotation": [-90, 0, 0], "uv": [75, 61]},
						{"origin": [17.64819, 38.88143, -8.32322], "size": [3, 1, 2], "inflate": 0.01, "pivot": [40.64819, 38.38143, -2.82322], "rotation": [-90, 0, 0], "uv": [143, 122]}
					]
				},
				{
					"name": "spike_left",
					"parent": "wing_left",
					"pivot": [14.25, 42.5, -2],
					"rotation": [0, -67.5, 22.5],
					"cubes": [
						{"origin": [12, 42.5, -12], "size": [4, 0, 5], "inflate": 0.01, "pivot": [42, 42, -2.5], "rotation": [-90, 0, 0], "uv": [92, 0]},
						{"origin": [12, 42, -7], "size": [4, 1, 5], "inflate": 0.01, "pivot": [42, 42, -2.5], "rotation": [-90, 0, 0], "uv": [168, 43]}
					]
				},
				{
					"name": "wing_left2",
					"parent": "wing_left",
					"pivot": [21, 41.5, -2.5],
					"cubes": [
						{"origin": [21, 36.5, -3], "size": [9, 11, 2], "pivot": [47, 42, -2.5], "rotation": [-90, 0, 0], "uv": [32, 125]}
					]
				},
				{
					"name": "wing_left3",
					"parent": "wing_left2",
					"pivot": [30, 41.5, -2.5],
					"cubes": [
						{"origin": [30, 33.5, -4], "size": [9, 17, 4], "pivot": [47, 42, -2.5], "rotation": [-90, 0, 0], "uv": [150, 140]}
					]
				},
				{
					"name": "hand_left",
					"parent": "wing_left3",
					"pivot": [39, 41.5, -2.5],
					"cubes": [
						{"origin": [39, 30.5, -4], "size": [23, 23, 4], "inflate": 0.01, "pivot": [47, 42, -2.5], "rotation": [-90, 0, 0], "uv": [54, 113]}
					]
				},
				{
					"name": "finger_left",
					"parent": "hand_left",
					"pivot": [56, 41.5, 4.5],
					"cubes": [
						{"origin": [56, 49, -2], "size": [11, 8, 0], "inflate": 0.01, "pivot": [47, 42, -2.5], "rotation": [-90, 0, 0], "uv": [116, 167]}
					]
				},
				{
					"name": "finger_left1_2",
					"parent": "finger_left",
					"pivot": [67, 41.5, 8.5],
					"cubes": [
						{"origin": [67, 49, -2], "size": [12, 8, 0], "inflate": 0.01, "pivot": [47, 42, -2.5], "rotation": [-90, 0, 0], "uv": [26, 162]}
					]
				},
				{
					"name": "finger_left2",
					"parent": "hand_left",
					"pivot": [61, 42.5, 2],
					"cubes": [
						{"origin": [61, 42, -3], "size": [11, 9, 0], "inflate": 0.01, "pivot": [47, 42, -2.5], "rotation": [-90, 0, 0], "uv": [162, 161]}
					]
				},
				{
					"name": "finger_left2_2",
					"parent": "finger_left2",
					"pivot": [72, 42.5, 2],
					"cubes": [
						{"origin": [72, 42, -3], "size": [12, 9, 0], "inflate": 0.01, "pivot": [47, 42, -2.5], "rotation": [-90, 0, 0], "uv": [159, 25]}
					]
				},
				{
					"name": "finger_left3",
					"parent": "hand_left",
					"pivot": [61, 42.5, -7],
					"cubes": [
						{"origin": [61, 33, -3], "size": [11, 9, 0], "inflate": 0.01, "pivot": [47, 42, -2.5], "rotation": [-90, 0, 0], "uv": [50, 162]}
					]
				},
				{
					"name": "finger_left3_2",
					"parent": "finger_left3",
					"pivot": [72, 42.5, -7],
					"cubes": [
						{"origin": [72, 33, -3], "size": [12, 9, 0], "inflate": 0.01, "pivot": [47, 42, -2.5], "rotation": [-90, 0, 0], "uv": [114, 158]}
					]
				},
				{
					"name": "finger_left4",
					"parent": "hand_left",
					"pivot": [49, 41.5, -9.5],
					"cubes": [
						{"origin": [49, 27, -2], "size": [11, 8, 0], "inflate": 0.01, "pivot": [47, 42, -2.5], "rotation": [-90, 0, 0], "uv": [94, 167]}
					]
				},
				{
					"name": "finger_left4_2",
					"parent": "finger_left4",
					"pivot": [60, 41.5, -13.5],
					"cubes": [
						{"origin": [60, 27, -2], "size": [12, 8, 0], "inflate": 0.01, "pivot": [47, 42, -2.5], "rotation": [-90, 0, 0], "uv": [138, 161]}
					]
				},
				{
					"name": "wing_right",
					"parent": "chest",
					"pivot": [-11, 41.5, -2],
					"cubes": [
						{"origin": [-21, 36.5, -3], "size": [10, 11, 2], "inflate": 0.01, "pivot": [-47, 42, -2.5], "rotation": [-90, 0, 0], "uv": [156, 115], "mirror": true}
					]
				},
				{
					"name": "spike_right2",
					"parent": "wing_right",
					"pivot": [-19.2643, 42.36293, -2],
					"rotation": [0, 67.5, -22.5],
					"cubes": [
						{"origin": [-20.64819, 39.38143, -12.32322], "size": [3, 0, 4], "inflate": 0.01, "pivot": [-40.64819, 38.38143, -2.82322], "rotation": [-90, 0, 0], "uv": [75, 61], "mirror": true},
						{"origin": [-20.64819, 38.88143, -8.32322], "size": [3, 1, 2], "inflate": 0.01, "pivot": [-40.64819, 38.38143, -2.82322], "rotation": [-90, 0, 0], "uv": [143, 122], "mirror": true}
					]
				},
				{
					"name": "spike_right",
					"parent": "wing_right",
					"pivot": [-14.25, 42.5, -2],
					"rotation": [0, 67.5, -22.5],
					"cubes": [
						{"origin": [-16, 42.5, -12], "size": [4, 0, 5], "inflate": 0.01, "pivot": [-42, 42, -2.5], "rotation": [-90, 0, 0], "uv": [92, 0], "mirror": true},
						{"origin": [-16, 42, -7], "size": [4, 1, 5], "inflate": 0.01, "pivot": [-42, 42, -2.5], "rotation": [-90, 0, 0], "uv": [168, 43], "mirror": true}
					]
				},
				{
					"name": "wing_right2",
					"parent": "wing_right",
					"pivot": [-21, 41.5, -2.5],
					"cubes": [
						{"origin": [-30, 36.5, -3], "size": [9, 11, 2], "pivot": [-47, 42, -2.5], "rotation": [-90, 0, 0], "uv": [32, 125], "mirror": true}
					]
				},
				{
					"name": "wing_right3",
					"parent": "wing_right2",
					"pivot": [-30, 41.5, -2.5],
					"cubes": [
						{"origin": [-39, 33.5, -4], "size": [9, 17, 4], "pivot": [-47, 42, -2.5], "rotation": [-90, 0, 0], "uv": [150, 140], "mirror": true}
					]
				},
				{
					"name": "hand_right",
					"parent": "wing_right3",
					"pivot": [-39, 41.5, -2.5],
					"cubes": [
						{"origin": [-62, 30.5, -4], "size": [23, 23, 4], "inflate": 0.01, "pivot": [-47, 42, -2.5], "rotation": [-90, 0, 0], "uv": [54, 113], "mirror": true}
					]
				},
				{
					"name": "finger_right",
					"parent": "hand_right",
					"pivot": [-56, 41.5, 4.5],
					"cubes": [
						{"origin": [-67, 49, -2], "size": [11, 8, 0], "inflate": 0.01, "pivot": [-47, 42, -2.5], "rotation": [-90, 0, 0], "uv": [116, 167], "mirror": true}
					]
				},
				{
					"name": "finger_right1_2",
					"parent": "finger_right",
					"pivot": [-67, 41.5, 8.5],
					"cubes": [
						{"origin": [-79, 49, -2], "size": [12, 8, 0], "inflate": 0.01, "pivot": [-47, 42, -2.5], "rotation": [-90, 0, 0], "uv": [26, 162], "mirror": true}
					]
				},
				{
					"name": "finger_right2",
					"parent": "hand_right",
					"pivot": [-61, 42.5, 2],
					"cubes": [
						{"origin": [-72, 42, -3], "size": [11, 9, 0], "inflate": 0.01, "pivot": [-47, 42, -2.5], "rotation": [-90, 0, 0], "uv": [162, 161], "mirror": true}
					]
				},
				{
					"name": "finger_right2_2",
					"parent": "finger_right2",
					"pivot": [-72, 42.5, 2],
					"cubes": [
						{"origin": [-84, 42, -3], "size": [12, 9, 0], "inflate": 0.01, "pivot": [-47, 42, -2.5], "rotation": [-90, 0, 0], "uv": [159, 25], "mirror": true}
					]
				},
				{
					"name": "finger_right3",
					"parent": "hand_right",
					"pivot": [-61, 42.5, -7],
					"cubes": [
						{"origin": [-72, 33, -3], "size": [11, 9, 0], "inflate": 0.01, "pivot": [-47, 42, -2.5], "rotation": [-90, 0, 0], "uv": [50, 162], "mirror": true}
					]
				},
				{
					"name": "finger_right3_2",
					"parent": "finger_right3",
					"pivot": [-72, 42.5, -7],
					"cubes": [
						{"origin": [-84, 33, -3], "size": [12, 9, 0], "inflate": 0.01, "pivot": [-47, 42, -2.5], "rotation": [-90, 0, 0], "uv": [114, 158], "mirror": true}
					]
				},
				{
					"name": "finger_right4",
					"parent": "hand_right",
					"pivot": [-49, 41.5, -9.5],
					"cubes": [
						{"origin": [-60, 27, -2], "size": [11, 8, 0], "inflate": 0.01, "pivot": [-47, 42, -2.5], "rotation": [-90, 0, 0], "uv": [94, 167], "mirror": true}
					]
				},
				{
					"name": "finger_right4_2",
					"parent": "finger_right4",
					"pivot": [-60, 41.5, -13.5],
					"cubes": [
						{"origin": [-72, 27, -2], "size": [12, 8, 0], "inflate": 0.01, "pivot": [-47, 42, -2.5], "rotation": [-90, 0, 0], "uv": [138, 161], "mirror": true}
					]
				},
				{
					"name": "tail",
					"parent": "torso",
					"pivot": [0, 12.5, -1],
					"rotation": [-90, 0, 0],
					"cubes": [
						{"origin": [-8, 5, -4.5], "size": [16, 15, 18], "uv": [70, 80]}
					]
				},
				{
					"name": "tail2",
					"parent": "tail",
					"pivot": [0, 12.5, 10.5],
					"cubes": [
						{"origin": [-7, 6, 10.5], "size": [14, 13, 17], "uv": [85, 44]}
					]
				},
				{
					"name": "tail3",
					"parent": "tail2",
					"pivot": [0, 12.5, 27.5],
					"cubes": [
						{"origin": [-6, 7, 24.5], "size": [12, 11, 17], "uv": [94, 0]}
					]
				},
				{
					"name": "torso_spike_left2",
					"parent": "tail3",
					"pivot": [3, 18, 31],
					"rotation": [70.59196, 3.40487, 19.71975],
					"cubes": [
						{"origin": [3, 14, 37], "size": [0, 4, 8], "uv": [0, 9]},
						{"origin": [2.5, 14, 31], "size": [1, 4, 6], "uv": [136, 140]}
					]
				},
				{
					"name": "torso_spike_right2",
					"parent": "tail3",
					"pivot": [-3, 18, 31],
					"rotation": [70.59196, -3.40487, -19.71975],
					"cubes": [
						{"origin": [-3, 14, 37], "size": [0, 4, 8], "uv": [71, 8]},
						{"origin": [-3.5, 14, 31], "size": [1, 4, 6], "uv": [18, 168]}
					]
				},
				{
					"name": "tail4",
					"parent": "tail3",
					"pivot": [0, 12.5, 41.5],
					"cubes": [
						{"origin": [-5, 8, 39.5], "size": [10, 9, 14], "uv": [120, 74]}
					]
				},
				{
					"name": "torso_spike_right3",
					"parent": "tail4",
					"pivot": [0, 16.5, 46.5],
					"rotation": [70, 0, 0],
					"cubes": [
						{"origin": [0, 14.5, 52], "size": [0, 4, 8], "uv": [0, 9]},
						{"origin": [-0.5, 14.5, 46], "size": [1, 4, 6], "uv": [136, 140]}
					]
				},
				{
					"name": "tail5",
					"parent": "tail4",
					"pivot": [0, 12.5, 51.5],
					"cubes": [
						{"origin": [-4.5, 8.5, 51.5], "size": [9, 8, 14], "uv": [0, 125]}
					]
				},
				{
					"name": "tail_spike_left3",
					"parent": "tail5",
					"pivot": [4.37917, 12.5, 58.64711],
					"rotation": [0, -30, 0],
					"cubes": [
						{"origin": [3.84327, 12.5, 54.74519], "size": [11, 0, 9], "inflate": 0.01, "uv": [85, 28]}
					]
				},
				{
					"name": "tail_spike_left4",
					"parent": "tail_spike_left3",
					"pivot": [14.84327, 12.5, 59.24519],
					"cubes": [
						{"origin": [14.84327, 12.5, 54.74519], "size": [11, 0, 9], "inflate": 0.01, "uv": [57, 74]}
					]
				},
				{
					"name": "tail_spike_right3",
					"parent": "tail5",
					"pivot": [-4.37917, 12.5, 58.64711],
					"rotation": [0, 30, 0],
					"cubes": [
						{"origin": [-14.84327, 12.5, 54.74519], "size": [11, 0, 9], "inflate": 0.01, "uv": [85, 28], "mirror": true}
					]
				},
				{
					"name": "tail_spike_right4",
					"parent": "tail_spike_right3",
					"pivot": [-14.84327, 12.5, 59.24519],
					"cubes": [
						{"origin": [-25.84327, 12.5, 54.74519], "size": [11, 0, 9], "inflate": 0.01, "uv": [57, 74], "mirror": true}
					]
				},
				{
					"name": "tail6",
					"parent": "tail5",
					"pivot": [0, 12.5, 65.5],
					"cubes": [
						{"origin": [-4, 9, 64.5], "size": [8, 7, 13], "uv": [130, 28]}
					]
				},
				{
					"name": "tail7",
					"parent": "tail6",
					"pivot": [0, 12.5, 77.5],
					"cubes": [
						{"origin": [-3, 9.5, 76.5], "size": [6, 6, 13], "uv": [76, 140]}
					]
				},
				{
					"name": "bone",
					"parent": "tail7",
					"pivot": [0, 12.5, 89],
					"cubes": [
						{"origin": [-2, 10.5, 88.5], "size": [4, 4, 14], "uv": [114, 140]}
					]
				},
				{
					"name": "tail_spike_left",
					"parent": "bone",
					"pivot": [2, 12.5, 90.5],
					"rotation": [0, -30, 0],
					"cubes": [
						{"origin": [3, 12.5, 88.5], "size": [44, 0, 14], "inflate": 0.01, "uv": [0, 47]}
					]
				},
				{
					"name": "tail_spike_left2",
					"parent": "bone",
					"pivot": [-2, 12.5, 90.5],
					"rotation": [0, 30, 0],
					"cubes": [
						{"origin": [-47, 12.5, 88.5], "size": [44, 0, 14], "inflate": 0.01, "uv": [0, 47], "mirror": true}
					]
				}
			]
		}
	]
}