{
	"format_version": "1.12.0",
	"minecraft:geometry": [
		{
			"description": {
				"identifier": "geometry.beedrill",
				"texture_width": 64,
				"texture_height": 64,
				"visible_bounds_width": 4,
				"visible_bounds_height": 3.5,
				"visible_bounds_offset": [0, 1.25, 0]
			},
			"bones": [
				{
					"name": "beedrill",
					"pivot": [0, 3, 0]
				},
				{
					"name": "body",
					"parent": "beedrill",
					"pivot": [0, 15.5, -0.5]
				},
				{
					"name": "torso",
					"parent": "body",
					"pivot": [0, 15, 0],
					"cubes": [
						{"origin": [-2, 13.5, -2], "size": [4, 3, 3], "uv": [0, 24]},
						{"origin": [-1.5, 13, -1.5], "size": [3, 5, 2], "uv": [27, 5]},
						{"origin": [-1, 8.75, -1.5], "size": [2, 5, 2], "inflate": -0.2, "pivot": [0, 13, -0.5], "rotation": [-22.5, 0, 0], "uv": [17, 42]}
					]
				},
				{
					"name": "abdomen",
					"parent": "torso",
					"pivot": [0, 11.5, -1.05],
					"rotation": [-22.5, 0, 0],
					"cubes": [
						{"origin": [-2, 3.55563, -3.06351], "size": [4, 7, 4], "inflate": 0.01, "uv": [25, 46]},
						{"origin": [-2.5, 1.55563, -3.06351], "size": [5, 2, 4], "inflate": 0.01, "uv": [38, 44]},
						{"origin": [-1, 3.55563, -4.06351], "size": [2, 7, 1], "uv": [28, 33]},
						{"origin": [-1, 3.55563, 0.93649], "size": [2, 7, 1], "uv": [17, 51]},
						{"origin": [-3.25, 3.55563, -3.06351], "size": [2, 7, 4], "uv": [25, 14]},
						{"origin": [1.25, 3.55563, -3.06351], "size": [2, 7, 4], "uv": [25, 14], "mirror": true},
						{"origin": [-1.49, 0.54563, -2.57351], "size": [3, 1, 3], "uv": [1, 14]},
						{"origin": [-1.49, 10.54563, -2.57351], "size": [3, 1, 3], "uv": [2, 19]},
						{"origin": [-0.99, -3.45437, -2.07351], "size": [2, 4, 2], "uv": [16, 15]},
						{"origin": [0.01, -6.45437, -2.07351], "size": [0, 3, 2], "uv": [13, 11]}
					]
				},
				{
					"name": "wing_right",
					"parent": "torso",
					"pivot": [-0.75, 16.5, 1],
					"rotation": [0, 10, 0],
					"cubes": [
						{"origin": [-13, 18.5, 1], "size": [12, 7, 0], "pivot": [0, 1.5, -0.5], "rotation": [0, 7.5, 0], "uv": [40, 1]},
						{"origin": [-12.74432, 12.75, 1.90085], "size": [12, 5, 0], "pivot": [-6.74432, 15, 1.90085], "rotation": [-1.95155, 7.24305, -15.12353], "uv": [40, 29]}
					]
				},
				{
					"name": "wing_right2",
					"parent": "wing_right",
					"pivot": [-0.75, 13.5, 1],
					"rotation": [0, 5, 0],
					"cubes": [
						{"origin": [-11.71438, 8.5, 1.31348], "size": [11, 8, 0], "pivot": [-2.2486, 15.5, 1.83559], "rotation": [0, 7.5, -40], "uv": [41, 13]}
					]
				},
				{
					"name": "wing_left",
					"parent": "torso",
					"pivot": [0.75, 16.5, 1],
					"rotation": [0, -10, 0],
					"cubes": [
						{"origin": [1, 18.5, 1], "size": [12, 7, 0], "pivot": [0, 1.5, -0.5], "rotation": [0, -7.5, 0], "uv": [40, 1], "mirror": true},
						{"origin": [0.74432, 12.75, 1.90085], "size": [12, 5, 0], "pivot": [6.74432, 15, 1.90085], "rotation": [-1.95155, -7.24305, 15.12353], "uv": [40, 29], "mirror": true}
					]
				},
				{
					"name": "wing_left2",
					"parent": "wing_left",
					"pivot": [0.75, 13.5, 1],
					"rotation": [0, -5, 0],
					"cubes": [
						{"origin": [0.71438, 8.5, 1.31348], "size": [11, 8, 0], "pivot": [2.2486, 15.5, 1.83559], "rotation": [0, -7.5, 40], "uv": [41, 13], "mirror": true}
					]
				},
				{
					"name": "head_AI",
					"parent": "torso",
					"pivot": [0, 17, -0.5]
				},
				{
					"name": "head",
					"parent": "head_AI",
					"pivot": [0, 17, -0.5],
					"rotation": [15, 0, 0],
					"cubes": [
						{"origin": [-2, 17, -4], "size": [4, 4, 5], "uv": [1, 3]},
						{"origin": [-0.5, 16.51109, -3.96967], "size": [1, 1, 0], "pivot": [0, 17.01109, -3.46967], "rotation": [0, 0, 45], "uv": [20, 38]}
					]
				},
				{
					"name": "eyes",
					"parent": "head",
					"pivot": [0, 19.13456, -1.72175],
					"cubes": [
						{"origin": [1.5, 17.88456, -3.47175], "size": [1, 2, 3], "pivot": [2, 18.88456, -1.97175], "rotation": [15, 0, 0], "uv": [16, 3], "mirror": true},
						{"origin": [-2.5, 17.88456, -3.47175], "size": [1, 2, 3], "pivot": [-2, 18.88456, -1.97175], "rotation": [15, 0, 0], "uv": [16, 3]},
						{"origin": [2, 18.54752, -0.23658], "size": [0, 1, 2], "inflate": 0.01, "pivot": [2, 18.31247, -0.2267], "rotation": [60, 0, 0], "uv": [23, 1], "mirror": true},
						{"origin": [2, 17.79752, -3.73658], "size": [0, 1, 1], "inflate": 0.01, "pivot": [2, 18.29752, -3.23658], "rotation": [15, 0, 0], "uv": [24, 2], "mirror": true},
						{"origin": [-2, 18.54752, -0.23658], "size": [0, 1, 2], "inflate": 0.01, "pivot": [-2, 18.31247, -0.2267], "rotation": [60, 0, 0], "uv": [23, 1]},
						{"origin": [-2, 17.79752, -3.73658], "size": [0, 1, 1], "inflate": 0.01, "pivot": [-2, 18.29752, -3.23658], "rotation": [15, 0, 0], "uv": [24, 2]}
					]
				},
				{
					"name": "antenna_left",
					"parent": "head",
					"pivot": [1.20176, 20.8919, -3.03745],
					"rotation": [7.5, -12.5, 22.5],
					"cubes": [
						{"origin": [0.77751, 20.60562, -2.0812], "size": [1, 2, 0], "pivot": [1.27751, 22.60562, -2.0812], "rotation": [-30, 0, 0], "uv": [2, 1]}
					]
				},
				{
					"name": "antenna_left2",
					"parent": "antenna_left",
					"pivot": [1.52751, 22.60562, -2.0812],
					"rotation": [114, 26, 7],
					"cubes": [
						{"origin": [0.77751, 19.35562, -2.0812], "size": [1, 6, 0], "pivot": [1.27751, 22.35562, -2.0812], "rotation": [0, 67.5, 0], "uv": [19, 30]}
					]
				},
				{
					"name": "antenna_right",
					"parent": "head",
					"pivot": [-1.20176, 20.8919, -3.03745],
					"rotation": [7.5, 12.5, -22.5],
					"cubes": [
						{"origin": [-1.77751, 20.60562, -2.0812], "size": [1, 2, 0], "pivot": [-1.27751, 22.60562, -2.0812], "rotation": [-30, 0, 0], "uv": [2, 1], "mirror": true}
					]
				},
				{
					"name": "antenna_right2",
					"parent": "antenna_right",
					"pivot": [-1.52751, 22.60562, -2.0812],
					"rotation": [114, -26, -7],
					"cubes": [
						{"origin": [-1.77751, 19.35562, -2.0812], "size": [1, 6, 0], "pivot": [-1.27751, 22.35562, -2.0812], "rotation": [0, -67.5, 0], "uv": [19, 30], "mirror": true}
					]
				},
				{
					"name": "arm_right",
					"parent": "body",
					"pivot": [-2, 16, -0.5],
					"cubes": [
						{"origin": [-7, 16, -1], "size": [5, 0, 1], "uv": [15, 0]},
						{"origin": [-6, 15.5, -1], "size": [3, 1, 1], "uv": [14, 1]}
					]
				},
				{
					"name": "arm_stinger_right",
					"parent": "arm_right",
					"pivot": [-6, 16.5, -0.5],
					"cubes": [
						{"origin": [-8.45, 14.2, -2.5], "size": [2, 5, 4], "pivot": [-7, 16.75, -0.5], "rotation": [0, 0, 22.5], "uv": [1, 40], "mirror": true},
						{"origin": [-14, 15, -2], "size": [6, 3, 3], "uv": [46, 58], "mirror": true},
						{"origin": [-19, 15.5, -1.5], "size": [5, 2, 2], "uv": [26, 60], "mirror": true},
						{"origin": [-22, 16, -0.5], "size": [3, 1, 0], "uv": [8, 1]}
					]
				},
				{
					"name": "arm_left",
					"parent": "body",
					"pivot": [2, 16, -0.5],
					"cubes": [
						{"origin": [2, 16, -1], "size": [5, 0, 1], "uv": [25, 0], "mirror": true},
						{"origin": [3, 15.5, -1], "size": [3, 1, 1], "uv": [14, 1], "mirror": true}
					]
				},
				{
					"name": "arm_stinger_left",
					"parent": "arm_left",
					"pivot": [6, 16.5, -0.5],
					"cubes": [
						{"origin": [6.45, 14.2, -2.5], "size": [2, 5, 4], "pivot": [7, 16.75, -0.5], "rotation": [0, 0, -22.5], "uv": [1, 40]},
						{"origin": [8, 15, -2], "size": [6, 3, 3], "uv": [46, 58]},
						{"origin": [14, 15.5, -1.5], "size": [5, 2, 2], "uv": [26, 60]},
						{"origin": [19, 16, -0.5], "size": [3, 1, 0], "uv": [8, 1], "mirror": true}
					]
				},
				{
					"name": "leg_right",
					"parent": "body",
					"pivot": [-2, 13.5, -0.5],
					"rotation": [0, 0, -42.5],
					"cubes": [
						{"origin": [-6, 13.5, -1], "size": [4, 0, 1], "uv": [35, 0]},
						{"origin": [-5.5, 13.1, -1], "size": [3, 1, 1], "uv": [14, 1]}
					]
				},
				{
					"name": "leg_left3",
					"parent": "leg_right",
					"pivot": [-6, 13.5, -0.5],
					"cubes": [
						{"origin": [-11, 12, -2], "size": [5, 3, 3], "uv": [0, 30], "mirror": true},
						{"origin": [-16, 12.5, -1.5], "size": [5, 2, 2], "uv": [25, 26], "mirror": true},
						{"origin": [-19, 13, -0.5], "size": [3, 1, 0], "uv": [8, 1]}
					]
				},
				{
					"name": "leg_left",
					"parent": "body",
					"pivot": [2, 13.5, -0.5],
					"rotation": [0, 0, 42.5],
					"cubes": [
						{"origin": [2, 13.5, -1], "size": [4, 0, 1], "uv": [47, 0], "mirror": true},
						{"origin": [2.5, 13.1, -1], "size": [3, 1, 1], "uv": [14, 1], "mirror": true}
					]
				},
				{
					"name": "leg_left2",
					"parent": "leg_left",
					"pivot": [6, 13.5, -0.5],
					"cubes": [
						{"origin": [6, 12, -2], "size": [5, 3, 3], "uv": [0, 30]},
						{"origin": [11, 12.5, -1.5], "size": [5, 2, 2], "uv": [25, 26]},
						{"origin": [16, 13, -0.5], "size": [3, 1, 0], "uv": [8, 1], "mirror": true}
					]
				}
			]
		}
	]
}