{
	"format_version": "1.12.0",
	"minecraft:geometry": [
		{
			"description": {
				"identifier": "geometry.camerupt",
				"texture_width": 256,
				"texture_height": 256,
				"visible_bounds_width": 5,
				"visible_bounds_height": 4.5,
				"visible_bounds_offset": [0, 1.75, 0]
			},
			"bones": [
				{
					"name": "camerupt",
					"pivot": [0, 0, 0]
				},
				{
					"name": "body",
					"parent": "camerupt",
					"pivot": [0, 2, 0]
				},
				{
					"name": "torso",
					"parent": "body",
					"pivot": [0, 10, 1.5],
					"cubes": [
						{"origin": [-12, 6, -16], "size": [24, 22, 35], "uv": [0, 0]},
						{"origin": [5.9, 28, -16], "size": [6, 4, 3], "pivot": [8.9, 29.5, -14.5], "rotation": [0, -22.5, 0], "uv": [234, 123]},
						{"origin": [-0.1, 28, -16], "size": [6, 3, 3], "uv": [234, 131]},
						{"origin": [-6, 28, -16], "size": [6, 3, 3], "uv": [234, 131], "mirror": true},
						{"origin": [-12, 28, -16], "size": [6, 4, 3], "pivot": [-9, 29.5, -14.5], "rotation": [0, 22.5, 0], "uv": [234, 123], "mirror": true},
						{"origin": [-6, 28, 16], "size": [6, 3, 3], "uv": [234, 131], "mirror": true},
						{"origin": [-12, 28, 16], "size": [6, 4, 3], "pivot": [-9, 29.5, 17.5], "rotation": [0, -22.5, 0], "uv": [234, 123], "mirror": true},
						{"origin": [0, 28, 16], "size": [6, 3, 3], "uv": [234, 131]},
						{"origin": [6, 28, 16], "size": [6, 4, 3], "pivot": [9, 29.5, 17.5], "rotation": [0, 22.5, 0], "uv": [234, 123]},
						{"origin": [-10, 28, -13], "size": [20, 2, 29], "uv": [3, 129]}
					]
				},
				{
					"name": "fur_front",
					"parent": "torso",
					"pivot": [0, 7.99448, -15.99262],
					"rotation": [-45, 0, 0],
					"cubes": [
						{"origin": [-12, 3, -16], "size": [24, 5, 0], "uv": [147, 107]}
					]
				},
				{
					"name": "bone2",
					"parent": "fur_front",
					"pivot": [0, 3, -16],
					"rotation": [-25, 0, 0],
					"cubes": [
						{"origin": [-12, -3, -16], "size": [24, 6, 0], "uv": [87, 115]}
					]
				},
				{
					"name": "fur_back",
					"parent": "torso",
					"pivot": [0, 7.99448, 18.99262],
					"rotation": [45, 0, 0],
					"cubes": [
						{"origin": [-12, 3, 19], "size": [24, 5, 0], "uv": [149, 77]}
					]
				},
				{
					"name": "bone3",
					"parent": "fur_back",
					"pivot": [0, 3, 19],
					"rotation": [25, 0, 0],
					"cubes": [
						{"origin": [-12, -3, 19], "size": [24, 6, 0], "uv": [149, 115]}
					]
				},
				{
					"name": "fur_left",
					"parent": "torso",
					"pivot": [12.06066, 7.98934, 1.5],
					"rotation": [0, 0, -45],
					"cubes": [
						{"origin": [12, 3, -16], "size": [0, 5, 35], "uv": [117, 65]}
					]
				},
				{
					"name": "fur_left2",
					"parent": "fur_left",
					"pivot": [12, 3, 1.5],
					"rotation": [0, 0, -25],
					"cubes": [
						{"origin": [12, -3, -16], "size": [0, 6, 35], "uv": [74, 72]}
					]
				},
				{
					"name": "fur_right",
					"parent": "torso",
					"pivot": [-12.06066, 7.98934, 1.5],
					"rotation": [0, 0, 45],
					"cubes": [
						{"origin": [-12, 3, -16], "size": [0, 5, 35], "uv": [117, 65], "mirror": true}
					]
				},
				{
					"name": "fur_right2",
					"parent": "fur_right",
					"pivot": [-12, 3, 1.5],
					"rotation": [0, 0, 25],
					"cubes": [
						{"origin": [-12, -3, -16], "size": [0, 6, 35], "uv": [74, 72], "mirror": true}
					]
				},
				{
					"name": "volcano_left",
					"parent": "torso",
					"pivot": [12.75, 15.15189, 10.9333],
					"cubes": [
						{"origin": [12, 22, -15], "size": [3, 6, 3], "pivot": [13.5, 25.5, -13.5], "rotation": [10, 0, 0], "uv": [135, 47]},
						{"origin": [11.25, 17, -14.5], "size": [3, 6, 3], "pivot": [13.25, 17.22606, -12.28303], "rotation": [12.5, 0, 0], "uv": [147, 46]},
						{"origin": [11.25, 23, 13.5], "size": [3, 6, 3], "pivot": [13.25, 16.22606, -13.28303], "rotation": [-12.5, 0, 0], "uv": [191, 47]},
						{"origin": [12.25, 22.54008, 13.91903], "size": [3, 6, 3], "pivot": [12.75, 25.04008, 17.41903], "rotation": [5, 0, 0], "uv": [161, 56]},
						{"origin": [12, 13.45212, -14], "size": [3, 4, 3], "pivot": [13.25, 17.22606, -12.28303], "rotation": [47.5, 0, 0], "uv": [160, 48]},
						{"origin": [12, 33.45212, 4], "size": [3, 4, 3], "pivot": [13.25, 16.22606, -13.28303], "rotation": [-47.5, 0, 0], "uv": [193, 39]},
						{"origin": [11.25, 12.65189, -9.5667], "size": [3, 3, 5], "uv": [159, 39]},
						{"origin": [11.25, 13.65189, -4.5667], "size": [4, 4, 4], "uv": [136, 57]},
						{"origin": [11.25, 12.65189, -0.5667], "size": [3, 3, 5], "pivot": [12.75, 14.15189, 1.9333], "rotation": [7.5, 0, 0], "uv": [159, 30]},
						{"origin": [11.25, 13.65189, 4.4333], "size": [4, 4, 4], "uv": [173, 47]},
						{"origin": [11.25, 12.65189, 8.4333], "size": [3, 3, 4], "pivot": [12.75, 14.15189, 10.9333], "rotation": [-7.5, 0, 0], "uv": [177, 39]},
						{"origin": [10.1611, 19.33637, -11], "size": [9, 8, 8], "pivot": [14.6611, 22.58637, -6.5], "rotation": [7.5, 0, -20], "uv": [222, 65]},
						{"origin": [12.13854, 19.64835, -1.42239], "size": [7, 5, 7], "pivot": [14.63854, 22.64835, 3.57761], "rotation": [0, 0, -20], "uv": [199, 87]},
						{"origin": [10.83863, 18.04855, 10.06057], "size": [7, 1, 4], "pivot": [14.33863, 20.54855, 10.06057], "rotation": [15, 0, -20], "uv": [232, 116]},
						{"origin": [10.88289, 23.92694, 7.07761], "size": [7, 1, 4], "pivot": [14.38289, 20.42694, 9.57761], "rotation": [15, 0, -20], "uv": [204, 114]},
						{"origin": [10.88289, 18.92694, 7.07761], "size": [7, 5, 7], "pivot": [14.38289, 20.42694, 9.57761], "rotation": [15, 0, -20], "uv": [228, 103]},
						{"origin": [12.13854, 18.64835, 0.57761], "size": [7, 1, 5], "pivot": [14.63854, 22.64835, 3.57761], "rotation": [0, 0, -20], "uv": [201, 99]},
						{"origin": [12.13854, 24.64835, -1.42239], "size": [7, 1, 5], "pivot": [14.63854, 22.64835, 3.57761], "rotation": [0, 0, -20], "uv": [201, 107]},
						{"origin": [19.1611, 20.33637, -10], "size": [4, 6, 6], "pivot": [14.6611, 22.58637, -6.5], "rotation": [7.5, 0, -20], "uv": [235, 90]},
						{"origin": [10.1611, 18.33637, -10], "size": [9, 1, 5], "pivot": [14.6611, 22.58637, -6.5], "rotation": [7.5, 0, -20], "uv": [226, 84]}
					]
				},
				{
					"name": "volcano_right",
					"parent": "torso",
					"pivot": [-12.75, 15.15189, 10.9333],
					"cubes": [
						{"origin": [-15, 22, -15], "size": [3, 6, 3], "pivot": [-13.5, 25.5, -13.5], "rotation": [10, 0, 0], "uv": [135, 47], "mirror": true},
						{"origin": [-14.25, 17, -14.5], "size": [3, 6, 3], "pivot": [-13.25, 17.22606, -12.28303], "rotation": [12.5, 0, 0], "uv": [147, 46], "mirror": true},
						{"origin": [-14.25, 23, 13.5], "size": [3, 6, 3], "pivot": [-13.25, 16.22606, -13.28303], "rotation": [-12.5, 0, 0], "uv": [191, 47], "mirror": true},
						{"origin": [-15.25, 22.54008, 13.91903], "size": [3, 6, 3], "pivot": [-12.75, 25.04008, 17.41903], "rotation": [5, 0, 0], "uv": [161, 56], "mirror": true},
						{"origin": [-15, 13.45212, -14], "size": [3, 4, 3], "pivot": [-13.25, 17.22606, -12.28303], "rotation": [47.5, 0, 0], "uv": [160, 48], "mirror": true},
						{"origin": [-15, 33.45212, 4], "size": [3, 4, 3], "pivot": [-13.25, 16.22606, -13.28303], "rotation": [-47.5, 0, 0], "uv": [193, 39], "mirror": true},
						{"origin": [-14.25, 12.65189, -9.5667], "size": [3, 3, 5], "uv": [159, 39], "mirror": true},
						{"origin": [-15.25, 13.65189, -4.5667], "size": [4, 4, 4], "uv": [136, 57], "mirror": true},
						{"origin": [-14.25, 12.65189, -0.5667], "size": [3, 3, 5], "pivot": [-12.75, 14.15189, 1.9333], "rotation": [7.5, 0, 0], "uv": [159, 30], "mirror": true},
						{"origin": [-15.25, 13.65189, 4.4333], "size": [4, 4, 4], "uv": [173, 47], "mirror": true},
						{"origin": [-14.25, 12.65189, 8.4333], "size": [3, 3, 4], "pivot": [-12.75, 14.15189, 10.9333], "rotation": [-7.5, 0, 0], "uv": [177, 39], "mirror": true},
						{"origin": [-19.1611, 19.33637, -11], "size": [9, 8, 8], "pivot": [-14.6611, 22.58637, -6.5], "rotation": [7.5, 0, 20], "uv": [222, 65], "mirror": true},
						{"origin": [-19.13854, 19.64835, -1.42239], "size": [7, 5, 7], "pivot": [-14.63854, 22.64835, 3.57761], "rotation": [0, 0, 20], "uv": [199, 87], "mirror": true},
						{"origin": [-17.83863, 18.04855, 10.06057], "size": [7, 1, 4], "pivot": [-14.33863, 20.54855, 10.06057], "rotation": [15, 0, 20], "uv": [232, 116], "mirror": true},
						{"origin": [-17.88289, 23.92694, 7.07761], "size": [7, 1, 4], "pivot": [-14.38289, 20.42694, 9.57761], "rotation": [15, 0, 20], "uv": [204, 114], "mirror": true},
						{"origin": [-17.88289, 18.92694, 7.07761], "size": [7, 5, 7], "pivot": [-14.38289, 20.42694, 9.57761], "rotation": [15, 0, 20], "uv": [228, 103], "mirror": true},
						{"origin": [-19.13854, 18.64835, 0.57761], "size": [7, 1, 5], "pivot": [-14.63854, 22.64835, 3.57761], "rotation": [0, 0, 20], "uv": [201, 99], "mirror": true},
						{"origin": [-19.13854, 24.64835, -1.42239], "size": [7, 1, 5], "pivot": [-14.63854, 22.64835, 3.57761], "rotation": [0, 0, 20], "uv": [201, 107], "mirror": true},
						{"origin": [-23.1611, 20.33637, -10], "size": [4, 6, 6], "pivot": [-14.6611, 22.58637, -6.5], "rotation": [7.5, 0, 20], "uv": [235, 90], "mirror": true},
						{"origin": [-19.1611, 18.33637, -10], "size": [9, 1, 5], "pivot": [-14.6611, 22.58637, -6.5], "rotation": [7.5, 0, 20], "uv": [226, 84], "mirror": true}
					]
				},
				{
					"name": "tail",
					"parent": "torso",
					"pivot": [0, 17, 18],
					"cubes": [
						{"origin": [-4, 13, 16], "size": [8, 8, 8], "uv": [0, 0]}
					]
				},
				{
					"name": "tail2",
					"parent": "tail",
					"pivot": [0, 17, 23.5],
					"cubes": [
						{"origin": [-3, 14, 23], "size": [6, 6, 7], "uv": [0, 57]}
					]
				},
				{
					"name": "volcano",
					"parent": "torso",
					"pivot": [0, 31, -5],
					"cubes": [
						{"origin": [-6, 30, -7], "size": [12, 16, 17], "uv": [20, 176]},
						{"origin": [6, 30, -5], "size": [2, 9, 14], "uv": [82, 179]},
						{"origin": [-8, 30, -5], "size": [2, 9, 14], "uv": [82, 179], "mirror": true},
						{"origin": [-6, 30, -10], "size": [10, 6, 3], "uv": [67, 166]},
						{"origin": [-3, 30, 10], "size": [7, 10, 3], "uv": [103, 166]}
					]
				},
				{
					"name": "neck",
					"parent": "torso",
					"pivot": [0, 20, -14.5],
					"rotation": [-17.5, 0, 0],
					"cubes": [
						{"origin": [-6, 14, -22], "size": [12, 13, 9], "uv": [73, 81]}
					]
				},
				{
					"name": "head",
					"parent": "neck",
					"pivot": [0, 19.5, -20.5],
					"rotation": [17.5, 0, 0],
					"cubes": [
						{"origin": [-6.5, 13.5, -29], "size": [13, 14, 10], "inflate": 0.01, "uv": [55, 57]}
					]
				},
				{
					"name": "ear_right",
					"parent": "head",
					"pivot": [-6.5, 26.5, -22.5],
					"cubes": [
						{"origin": [-12, 24, -25], "size": [6, 5, 5], "uv": [188, 4]}
					]
				},
				{
					"name": "ear_right2",
					"parent": "ear_right",
					"pivot": [-11.5, 26.5, -22.5],
					"cubes": [
						{"origin": [-15, 25, -24.25], "size": [4, 3, 3.5], "uv": [101, 75]}
					]
				},
				{
					"name": "ear_left",
					"parent": "head",
					"pivot": [6.5, 26.5, -22.5],
					"cubes": [
						{"origin": [6, 24, -25], "size": [6, 5, 5], "uv": [0, 96]}
					]
				},
				{
					"name": "ear_left2",
					"parent": "ear_left",
					"pivot": [11.5, 26.5, -22.5],
					"cubes": [
						{"origin": [11, 25, -24.25], "size": [4, 3, 3.5], "uv": [58, 90]}
					]
				},
				{
					"name": "comb_right",
					"parent": "head",
					"pivot": [-3.5, 27.5, -22.75],
					"rotation": [-30, 0, -25],
					"cubes": [
						{"origin": [-6, 27.5, -22.75], "size": [5, 5, 0], "uv": [0, 75]}
					]
				},
				{
					"name": "comb_right2",
					"parent": "comb_right",
					"pivot": [-3.5, 32.5, -22.75],
					"rotation": [-5, 0, 0],
					"cubes": [
						{"origin": [-6, 32.5, -22.75], "size": [5, 5, 0], "uv": [0, 70]}
					]
				},
				{
					"name": "comb_left",
					"parent": "head",
					"pivot": [3.5, 27.5, -22.75],
					"rotation": [-30, 0, 25],
					"cubes": [
						{"origin": [1, 27.5, -22.75], "size": [5, 5, 0], "uv": [0, 75], "mirror": true}
					]
				},
				{
					"name": "comb_left2",
					"parent": "comb_left",
					"pivot": [3.5, 32.5, -22.75],
					"rotation": [-5, 0, 0],
					"cubes": [
						{"origin": [1, 32.5, -22.75], "size": [5, 5, 0], "uv": [0, 70], "mirror": true}
					]
				},
				{
					"name": "comb_left3",
					"parent": "head",
					"pivot": [0, 26.5, -20.75],
					"rotation": [-25, 0, 0],
					"cubes": [
						{"origin": [-2.5, 26.5, -24.25], "size": [5, 8, 7], "uv": [6, 112], "mirror": true}
					]
				},
				{
					"name": "comb_left4",
					"parent": "comb_left3",
					"pivot": [0, 31.5, -21.75],
					"rotation": [-12.5, 0, 0],
					"cubes": [
						{"origin": [-2.5, 34.5, -21.75], "size": [5, 5, 0], "uv": [0, 70], "mirror": true}
					]
				},
				{
					"name": "eye_right",
					"parent": "head",
					"pivot": [-6.01, 21.5, -25.75],
					"rotation": [10, 0, 0],
					"cubes": [
						{"origin": [-6.51, 18, -28.25], "size": [1, 7, 5], "inflate": 0.01, "uv": [214, 59]}
					]
				},
				{
					"name": "eyelid_right",
					"parent": "eye_right",
					"pivot": [-5.41, 21.5, -25.26],
					"cubes": [
						{"origin": [-6.41, 18, -28.26], "size": [2, 7, 5], "inflate": 0.02, "uv": [228, 18]}
					]
				},
				{
					"name": "eye_left",
					"parent": "head",
					"pivot": [6.01, 21.5, -25.75],
					"rotation": [10, 0, 0],
					"cubes": [
						{"origin": [5.51, 18, -28.25], "size": [1, 7, 5], "inflate": 0.01, "uv": [202, 59]}
					]
				},
				{
					"name": "eyelid_left",
					"parent": "eye_left",
					"pivot": [5.41, 21.5, -25.26],
					"cubes": [
						{"origin": [4.41, 18, -28.26], "size": [2, 7, 5], "inflate": 0.02, "uv": [118, 45]}
					]
				},
				{
					"name": "snout",
					"parent": "head",
					"pivot": [0, 19.75, -29],
					"rotation": [25, 0, 0],
					"cubes": [
						{"origin": [-5, 14.75, -35], "size": [10, 5, 6], "inflate": 0.01, "pivot": [0, 19.75, -29], "rotation": [-7.5, 0, 0], "uv": [0, 16]},
						{"origin": [-3.5, 14, -34.5], "size": [7, 1, 5], "inflate": 0.1, "pivot": [0, 15, -31], "rotation": [-7.5, 0, 0], "uv": [151, 138]}
					]
				},
				{
					"name": "jaw",
					"parent": "snout",
					"pivot": [0, 14.5, -29.5],
					"rotation": [5, 0, 0],
					"cubes": [
						{"origin": [-4.5, 12.5, -34.5], "size": [9, 2, 7], "uv": [83, 20]},
						{"origin": [-3.5, 14.5, -34.5], "size": [7, 1, 7], "uv": [121, 136]}
					]
				},
				{
					"name": "leg_front_left",
					"parent": "body",
					"pivot": [6.75, 15, -9.75],
					"cubes": [
						{"origin": [1.75, 8, -14.75], "size": [10, 8, 10], "uv": [188, 18]}
					]
				},
				{
					"name": "leg_front_left2",
					"parent": "leg_front_left",
					"pivot": [6.75, 8, -14.75],
					"cubes": [
						{"origin": [1.75, 0, -14.75], "size": [10, 8, 10], "uv": [113, 9]}
					]
				},
				{
					"name": "leg_front_right",
					"parent": "body",
					"pivot": [-6.75, 15, -9.75],
					"cubes": [
						{"origin": [-11.75, 8, -14.75], "size": [10, 8, 10], "uv": [158, 4]}
					]
				},
				{
					"name": "leg_front_right2",
					"parent": "leg_front_right",
					"pivot": [-6.75, 8, -14.75],
					"cubes": [
						{"origin": [-11.75, 0, -14.75], "size": [10, 8, 10], "uv": [216, 41]}
					]
				},
				{
					"name": "leg_back_left",
					"parent": "body",
					"pivot": [6.75, 15, 12.25],
					"cubes": [
						{"origin": [1.75, 8, 7.25], "size": [10, 8, 10], "uv": [118, 27]}
					]
				},
				{
					"name": "leg_back_left2",
					"parent": "leg_back_left",
					"pivot": [6.75, 8, 7.25],
					"cubes": [
						{"origin": [1.75, 0, 7.25], "size": [10, 8, 10], "uv": [115, 75]}
					]
				},
				{
					"name": "leg_back_right",
					"parent": "body",
					"pivot": [-6.75, 15, 12.25],
					"cubes": [
						{"origin": [-11.75, 8, 7.25], "size": [10, 8, 10], "uv": [216, 0]}
					]
				},
				{
					"name": "leg_back_right2",
					"parent": "leg_back_right",
					"pivot": [-6.75, 8, 7.25],
					"cubes": [
						{"origin": [-11.75, 0, 7.25], "size": [10, 8, 10], "uv": [101, 57]}
					]
				}
			]
		}
	]
}