{
	"format_version": "1.12.0",
	"minecraft:geometry": [
		{
			"description": {
				"identifier": "geometry.chandelure",
				"texture_width": 128,
				"texture_height": 64,
				"visible_bounds_width": 4,
				"visible_bounds_height": 3.5,
				"visible_bounds_offset": [0, 1.25, 0]
			},
			"bones": [
				{
					"name": "chandelure",
					"pivot": [0, 0, 0]
				},
				{
					"name": "body",
					"parent": "chandelure",
					"pivot": [0, 0, 0]
				},
				{
					"name": "swing",
					"parent": "body",
					"pivot": [0, 41, 0]
				},
				{
					"name": "head",
					"parent": "swing",
					"pivot": [0, 5, 0],
					"cubes": [
						{"origin": [-6.5, 5, -6.4], "size": [13, 9, 13], "uv": [0, 0]},
						{"origin": [-6.5, 5, -6.4], "size": [13, 0, 13], "uv": [51, 18]},
						{"origin": [-6.5, 14, -6.4], "size": [13, 0, 13], "uv": [51, 31]},
						{"origin": [-6.5, 5, -6.4], "size": [13, 9, 0], "uv": [63, 0]},
						{"origin": [-6.5, 5, 6.6], "size": [13, 9, 0], "uv": [89, 0]},
						{"origin": [-6.5, 5, -6.4], "size": [0, 9, 13], "uv": [63, -4]},
						{"origin": [6.5, 5, -6.4], "size": [0, 9, 13], "uv": [89, -4]},
						{"origin": [-1.5, 0, -1.5], "size": [3, 5, 3], "pivot": [0, 0, 0], "rotation": [0, -45, 0], "uv": [16, 36]}
					]
				},
				{
					"name": "eyes",
					"parent": "head",
					"pivot": [0.5, 9, -6]
				},
				{
					"name": "eye_left",
					"parent": "eyes",
					"pivot": [4.5, 9.5, -6],
					"cubes": [
						{"origin": [3, 8, -6.42], "size": [3, 3, 0], "uv": [26, 47]},
						{"origin": [3, 8, -6.39], "size": [3, 3, 0], "uv": [26, 53]},
						{"origin": [3.5, 8.5, -6.43], "size": [2, 2, 0], "uv": [12, 42]}
					]
				},
				{
					"name": "eyelid_left",
					"parent": "eye_left",
					"pivot": [0.5, 3.5, 0],
					"cubes": [
						{"origin": [-0.5, 2.5, -0.43], "size": [2, 2, 1], "inflate": 0.01, "uv": [51, 21]}
					]
				},
				{
					"name": "eye_right",
					"parent": "eyes",
					"pivot": [-4.5, 9.5, -6],
					"cubes": [
						{"origin": [-6, 8, -6.42], "size": [3, 3, 0], "uv": [20, 47]},
						{"origin": [-5.5, 8.5, -6.43], "size": [2, 2, 0], "uv": [12, 40]},
						{"origin": [-6, 8, -6.39], "size": [3, 3, 0], "uv": [32, 53]}
					]
				},
				{
					"name": "eyelid_left2",
					"parent": "eye_right",
					"pivot": [-0.5, 3.5, 0],
					"cubes": [
						{"origin": [-1.5, 2.5, -0.43], "size": [2, 2, 1], "inflate": 0.01, "uv": [52, 18]}
					]
				},
				{
					"name": "brim",
					"parent": "head",
					"pivot": [0, 14, 0],
					"cubes": [
						{"origin": [-4, 14, -3], "size": [8, 3, 0], "pivot": [0, 14.5, -3], "rotation": [20, 0, 0], "uv": [40, 25]},
						{"origin": [-3, 14, -4], "size": [0, 3, 8], "pivot": [-3, 14.5, 0], "rotation": [0, 0, -20], "uv": [16, 14]},
						{"origin": [-4, 14, 3], "size": [8, 3, 0], "pivot": [0, 14.5, 3], "rotation": [-20, 0, 0], "uv": [39, 10]},
						{"origin": [3, 14, -4], "size": [0, 3, 8], "pivot": [3, 14.5, 0], "rotation": [0, 0, 20], "uv": [0, 14]},
						{"origin": [-3, 14.16, -3], "size": [6, 0, 6], "inflate": -0.15, "uv": [84, 18]}
					]
				},
				{
					"name": "flame_middle",
					"parent": "head",
					"pivot": [0, 14, 0],
					"cubes": [
						{"origin": [-3, 14, 0], "size": [6, 7, 0], "uv": [28, 36]},
						{"origin": [0, 14, -3], "size": [0, 7, 6], "uv": [12, 19]}
					]
				},
				{
					"name": "flame_middle2",
					"parent": "flame_middle",
					"pivot": [0, 21, 0],
					"cubes": [
						{"origin": [-3, 21, 0], "size": [6, 7, 0], "uv": [39, 3]},
						{"origin": [0, 21, -3], "size": [0, 7, 6], "uv": [0, 19]}
					]
				},
				{
					"name": "flame_middle3",
					"parent": "flame_middle2",
					"pivot": [0, 28, 0],
					"cubes": [
						{"origin": [-3, 28, 0], "size": [6, 7, 0], "uv": [0, 40]},
						{"origin": [0, 28, -3], "size": [0, 7, 6], "uv": [0, 0]}
					]
				},
				{
					"name": "flame_inner",
					"parent": "head",
					"pivot": [0, 5, 0],
					"cubes": [
						{"origin": [-5, 5, 0], "size": [10, 9, 0], "uv": [100, 27]},
						{"origin": [0, 5, -5], "size": [0, 9, 10], "uv": [100, 26]}
					]
				},
				{
					"name": "arm_left",
					"parent": "head",
					"pivot": [2.125, 3, 0],
					"cubes": [
						{"origin": [1.125, 2, 0], "size": [6, 2, 0], "inflate": 0.01, "uv": [14, 54]}
					]
				},
				{
					"name": "arm_left2",
					"parent": "arm_left",
					"pivot": [7.125, 2, 0],
					"cubes": [
						{"origin": [7.125, 2, 0], "size": [6, 2, 0], "uv": [40, 34]}
					]
				},
				{
					"name": "arm_left3",
					"parent": "arm_left2",
					"pivot": [13.125, 2, 0],
					"cubes": [
						{"origin": [13.125, 2, 0], "size": [6, 2, 0], "inflate": 0.01, "uv": [0, 0]}
					]
				},
				{
					"name": "arm_left4",
					"parent": "arm_left3",
					"pivot": [19.125, 2, 0],
					"cubes": [
						{"origin": [19.125, 2, 0], "size": [8, 8, 0], "uv": [0, 32]}
					]
				},
				{
					"name": "candleholder_front_left",
					"parent": "arm_left4",
					"pivot": [19.125, 2, 0],
					"cubes": [
						{"origin": [19.125, 2, -2], "size": [4, 0, 2], "uv": [10, 46]}
					]
				},
				{
					"name": "candleholder_front_left2",
					"parent": "candleholder_front_left",
					"pivot": [23.125, 2, -2],
					"cubes": [
						{"origin": [23.125, 2, -2], "size": [2, 0, 2], "uv": [30, 45]},
						{"origin": [25.125, 0.5, -2.5], "size": [2, 3, 3], "uv": [49, 35]}
					]
				},
				{
					"name": "flame_front_left",
					"parent": "candleholder_front_left2",
					"pivot": [27.125, 2, -1],
					"cubes": [
						{"origin": [26.625, 2, -2.5], "size": [7, 0, 3], "uv": [36, 0]},
						{"origin": [26.625, 0.5, -1], "size": [7, 3, 0], "uv": [40, 31]}
					]
				},
				{
					"name": "candleholder_back_left",
					"parent": "arm_left4",
					"pivot": [19.125, 2, 0],
					"cubes": [
						{"origin": [19.125, 2, 0], "size": [4, 0, 2], "uv": [22, 45]}
					]
				},
				{
					"name": "candleholder_back_left2",
					"parent": "candleholder_back_left",
					"pivot": [23.125, 2, 2],
					"cubes": [
						{"origin": [23.125, 2, 0], "size": [2, 0, 2], "uv": [38, 44]},
						{"origin": [25.125, 0.5, -0.5], "size": [2, 3, 3], "uv": [54, 25]}
					]
				},
				{
					"name": "flame_back_left",
					"parent": "candleholder_back_left2",
					"pivot": [27.125, 2, 1],
					"cubes": [
						{"origin": [26.625, 2, -0.5], "size": [7, 0, 3], "uv": [-3, 50]},
						{"origin": [26.625, 0.5, 1], "size": [7, 3, 0], "uv": [40, 28]}
					]
				},
				{
					"name": "arm_right",
					"parent": "head",
					"pivot": [-2.125, 3, 0],
					"cubes": [
						{"origin": [-7.125, 2, 0], "size": [6, 2, 0], "inflate": 0.01, "uv": [14, 51]}
					]
				},
				{
					"name": "arm_right2",
					"parent": "arm_right",
					"pivot": [-7.125, 2, 0],
					"cubes": [
						{"origin": [-13.125, 2, 0], "size": [6, 2, 0], "uv": [40, 36]}
					]
				},
				{
					"name": "arm_right3",
					"parent": "arm_right2",
					"pivot": [-13.125, 2, 0],
					"cubes": [
						{"origin": [-19.125, 2, 0], "size": [6, 2, 0], "inflate": 0.01, "uv": [0, 3]}
					]
				},
				{
					"name": "arm_right4",
					"parent": "arm_right3",
					"pivot": [-19.125, 2, 0],
					"cubes": [
						{"origin": [-27.125, 2, 0], "size": [8, 8, 0], "uv": [24, 25]}
					]
				},
				{
					"name": "candleholder_front_right",
					"parent": "arm_right4",
					"pivot": [-19.125, 2, 0],
					"cubes": [
						{"origin": [-23.125, 2, -2], "size": [4, 0, 2], "uv": [38, 42]}
					]
				},
				{
					"name": "candleholder_front_right2",
					"parent": "candleholder_front_right",
					"pivot": [-23.125, 2, -2],
					"cubes": [
						{"origin": [-25.125, 2, -2], "size": [2, 0, 2], "uv": [30, 22]},
						{"origin": [-27.125, 0.5, -2.5], "size": [2, 3, 3], "uv": [52, 10]}
					]
				},
				{
					"name": "flame_front_right",
					"parent": "candleholder_front_right2",
					"pivot": [-27.125, 2, -1],
					"cubes": [
						{"origin": [-33.625, 2, -2.5], "size": [7, 0, 3], "uv": [13, 33]},
						{"origin": [-33.625, 0.5, -1], "size": [7, 3, 0], "uv": [36, 46]}
					]
				},
				{
					"name": "candleholder_back_right",
					"parent": "arm_right4",
					"pivot": [-19.125, 2, 0],
					"cubes": [
						{"origin": [-23.125, 2, 0], "size": [4, 0, 2], "uv": [38, 40]}
					]
				},
				{
					"name": "candleholder_back_right2",
					"parent": "candleholder_back_right",
					"pivot": [-23.125, 2, 2],
					"cubes": [
						{"origin": [-25.125, 2, 0], "size": [2, 0, 2], "uv": [38, 38]},
						{"origin": [-27.125, 0.5, -0.5], "size": [2, 3, 3], "uv": [29, 47]}
					]
				},
				{
					"name": "flame_back_right",
					"parent": "candleholder_back_right2",
					"pivot": [-27.125, 2, 1],
					"cubes": [
						{"origin": [-33.625, 2, -0.5], "size": [7, 0, 3], "uv": [-3, 47]},
						{"origin": [-33.625, 0.5, 1], "size": [7, 3, 0], "uv": [48, 41]}
					]
				}
			]
		}
	]
}