{
	"format_version": "1.12.0",
	"minecraft:geometry": [
		{
			"description": {
				"identifier": "geometry.charcadet",
				"texture_width": 64,
				"texture_height": 32,
				"visible_bounds_width": 3,
				"visible_bounds_height": 3.5,
				"visible_bounds_offset": [0, 1.25, 0]
			},
			"bones": [
				{
					"name": "charcadet",
					"pivot": [0, 0, 0]
				},
				{
					"name": "body",
					"parent": "charcadet",
					"pivot": [0, 0, 0]
				},
				{
					"name": "neck",
					"parent": "body",
					"pivot": [0, 11.2, 0.2],
					"cubes": [
						{"origin": [-0.5, 10.6, -0.3], "size": [1, 3, 1], "uv": [59, 28]}
					]
				},
				{
					"name": "head",
					"parent": "neck",
					"pivot": [0, 12.3, 0.2],
					"cubes": [
						{"origin": [-4, 12.3, -4], "size": [8, 8, 8], "uv": [0, 0]}
					]
				},
				{
					"name": "eyes",
					"parent": "head",
					"pivot": [0, 14.3, -3]
				},
				{
					"name": "eye_left",
					"parent": "eyes",
					"pivot": [3.01, 14.4, -3.01],
					"cubes": [
						{"origin": [2.01, 13.4, -4.01], "size": [2, 2, 2], "uv": [0, 4]}
					]
				},
				{
					"name": "eyelid_left",
					"parent": "eye_left",
					"pivot": [2.91, 14.4, -2.91],
					"cubes": [
						{"origin": [1.91, 13.4, -3.91], "size": [2, 2, 2], "inflate": 0.01, "uv": [34, 28]}
					]
				},
				{
					"name": "flame_left",
					"parent": "eye_left",
					"pivot": [3.96262, 14.33223, -3.9734],
					"rotation": [-38.88671, 12.02449, 60.78248],
					"cubes": [
						{"origin": [3.71621, 14.4696, -7.14719], "size": [0, 3, 3], "uv": [58, -3]}
					]
				},
				{
					"name": "eye_right",
					"parent": "eyes",
					"pivot": [-3.01, 14.4, -3.01],
					"cubes": [
						{"origin": [-4.01, 13.4, -4.01], "size": [2, 2, 2], "uv": [0, 0], "mirror": true}
					]
				},
				{
					"name": "eyelid_right",
					"parent": "eye_right",
					"pivot": [-2.91, 14.4, -2.91],
					"cubes": [
						{"origin": [-3.91, 13.4, -3.91], "size": [2, 2, 2], "inflate": 0.01, "uv": [34, 24], "mirror": true}
					]
				},
				{
					"name": "flame_right",
					"parent": "eye_right",
					"pivot": [-3.96262, 14.33223, -3.9734],
					"rotation": [-38.88671, -12.02449, -60.78248],
					"cubes": [
						{"origin": [-3.71621, 14.4696, -7.14719], "size": [0, 3, 3], "uv": [25, 2], "mirror": true}
					]
				},
				{
					"name": "helmet",
					"parent": "head",
					"pivot": [0, 20.3, 0.5],
					"cubes": [
						{"origin": [-4.5, 14.6, -5.3], "size": [9, 6, 6], "pivot": [0, 18.3, -2], "rotation": [7, 0, 0], "uv": [0, 16]},
						{"origin": [-4.5, 14.6, -2.3], "size": [9, 1, 0], "pivot": [0, 18.3, -2], "rotation": [7, 0, 0], "uv": [46, 16]},
						{"origin": [-4.5, 15.6, -5.3], "size": [9, 0, 3], "pivot": [0, 18.3, -2], "rotation": [7, 0, 0], "uv": [43, 21]},
						{"origin": [2.5, 14.6, -5.3], "size": [0, 1, 3], "pivot": [0, 18.3, -2], "rotation": [7, 0, 0], "uv": [42, 14]},
						{"origin": [-2.5, 14.6, -5.3], "size": [0, 1, 3], "pivot": [0, 18.3, -2], "rotation": [7, 0, 0], "uv": [48, 14]}
					]
				},
				{
					"name": "flame_head",
					"parent": "head",
					"pivot": [0, 19.8, 2.9],
					"rotation": [-10, 0, 0],
					"cubes": [
						{"origin": [0, 19.84409, -0.12512], "size": [0, 7, 6], "uv": [32, -1]}
					]
				},
				{
					"name": "torso",
					"parent": "body",
					"pivot": [0, 8.4, 0.52],
					"cubes": [
						{"origin": [-1.5, 8.4, -1.5], "size": [3, 1, 2], "uv": [51, 24]},
						{"origin": [-0.5, 7.70038, -1.53], "size": [1, 2, 0], "uv": [0, 20]}
					]
				},
				{
					"name": "chest",
					"parent": "torso",
					"pivot": [0, 9.4, 0.49792],
					"rotation": [-10, 0, 0],
					"cubes": [
						{"origin": [-1.5, 9.06325, -1.46301], "size": [3, 2, 3], "inflate": 0.01, "uv": [42, 24]},
						{"origin": [-0.61701, 9.26325, -1.87018], "size": [1, 2, 1], "pivot": [0.0707, 9.86173, -1.28246], "rotation": [0, -45, 0], "uv": [0, 16]},
						{"origin": [1.58217, 9.08527, -1.04872], "size": [0, 3, 4], "pivot": [0, 10.33395, -1.1939], "rotation": [17.53693, 4.22759, 3.94574], "uv": [32, 11]},
						{"origin": [-1.58217, 9.08527, -1.04872], "size": [0, 3, 4], "pivot": [0, 10.33395, -1.1939], "rotation": [17.53693, -4.22759, -3.94574], "uv": [32, 8], "mirror": true}
					]
				},
				{
					"name": "back_flame",
					"parent": "chest",
					"pivot": [0, 10.05847, 1.22374],
					"rotation": [2.5, 0, 0],
					"cubes": [
						{"origin": [0, 7.03234, 1.21892], "size": [0, 5, 7], "uv": [44, -7]}
					]
				},
				{
					"name": "arms",
					"parent": "chest",
					"pivot": [0, 10.65847, -0.07626],
					"rotation": [10, 0, 0]
				},
				{
					"name": "arm_left",
					"parent": "arms",
					"pivot": [1.5, 10.46173, 0.11962],
					"cubes": [
						{"origin": [1.5, 9.96173, -0.38038], "size": [3, 1, 1], "uv": [44, 5]}
					]
				},
				{
					"name": "arm_left2",
					"parent": "arm_left",
					"pivot": [4.5, 11, 0.15],
					"cubes": [
						{"origin": [4.5, 9.1, -0.775], "size": [3, 2, 2], "uv": [44, 7]}
					]
				},
				{
					"name": "hand_left",
					"parent": "arm_left2",
					"pivot": [7.5, 11.1, 0.225],
					"cubes": [
						{"origin": [7.5, 9.1, -0.775], "size": [1, 2, 2], "uv": [40, 12]}
					]
				},
				{
					"name": "fingers_left",
					"parent": "arm_left2",
					"pivot": [6.7, 9.86173, -0.78038],
					"cubes": [
						{"origin": [6.7, 9.36173, -1.18038], "size": [1, 1, 1], "uv": [44, 11]}
					]
				},
				{
					"name": "arm_right",
					"parent": "arms",
					"pivot": [-1.5, 10.46173, 0.11962],
					"cubes": [
						{"origin": [-4.5, 9.96173, -0.38038], "size": [3, 1, 1], "uv": [24, 16], "mirror": true}
					]
				},
				{
					"name": "arm_right2",
					"parent": "arm_right",
					"pivot": [-4.5, 11, 0.15],
					"cubes": [
						{"origin": [-7.5, 9.1, -0.775], "size": [3, 2, 2], "uv": [24, 18], "mirror": true}
					]
				},
				{
					"name": "hand_right",
					"parent": "arm_right2",
					"pivot": [-7.5, 11.1, 0.225],
					"cubes": [
						{"origin": [-8.5, 9.1, -0.775], "size": [1, 2, 2], "uv": [30, 22], "mirror": true}
					]
				},
				{
					"name": "fingers_right",
					"parent": "arm_right2",
					"pivot": [-6.7, 9.86173, -0.78038],
					"cubes": [
						{"origin": [-7.7, 9.36173, -1.18038], "size": [1, 1, 1], "uv": [32, 18], "mirror": true}
					]
				},
				{
					"name": "hips",
					"parent": "body",
					"pivot": [0, 8.39237, -0.42375],
					"rotation": [1, 0, 0],
					"cubes": [
						{"origin": [-1.5, 6.4, -1.5], "size": [3, 2, 2.1], "inflate": 0.01, "uv": [52, 5]}
					]
				},
				{
					"name": "hips_flame_left",
					"parent": "hips",
					"pivot": [1.50104, 7.33125, -0.60366],
					"cubes": [
						{"origin": [1.8106, 6.49347, -0.65562], "size": [0, 3, 4], "inflate": 0.01, "pivot": [1.45061, 7.99347, 1.24438], "rotation": [4.67088, 7.07682, -0.28948], "uv": [56, 8]}
					]
				},
				{
					"name": "hips_flame_right",
					"parent": "hips",
					"pivot": [-1.50104, 7.33125, -0.60366],
					"cubes": [
						{"origin": [-1.8106, 6.49347, -0.65562], "size": [0, 3, 4], "inflate": 0.01, "pivot": [-1.45061, 7.99347, 1.24438], "rotation": [4.67088, -7.07682, 0.28948], "uv": [56, 5], "mirror": true}
					]
				},
				{
					"name": "legs",
					"parent": "hips",
					"pivot": [0, 6.4, -0.6]
				},
				{
					"name": "leg_left",
					"parent": "legs",
					"pivot": [1, 6.4, -0.5],
					"rotation": [-1, 0, 0],
					"cubes": [
						{"origin": [0.5, 3.4, -1], "size": [1, 4, 1], "uv": [35, 19]}
					]
				},
				{
					"name": "leg_left2",
					"parent": "leg_left",
					"pivot": [1, 3.4, -1],
					"cubes": [
						{"origin": [0.5, 0.4, -1.2], "size": [1, 3, 2], "inflate": 0.01, "uv": [39, 19]}
					]
				},
				{
					"name": "foot_left",
					"parent": "leg_left2",
					"pivot": [1.08716, 1, 0.79619],
					"cubes": [
						{"origin": [0.5, 0, -1.2], "size": [1, 1, 2], "inflate": 0.02, "uv": [43, 18]}
					]
				},
				{
					"name": "leg_right",
					"parent": "legs",
					"pivot": [-1, 6.4, -0.5],
					"rotation": [-1, 0, 0],
					"cubes": [
						{"origin": [-1.5, 3.4, -1], "size": [1, 4, 1], "uv": [52, 11], "mirror": true}
					]
				},
				{
					"name": "leg_right2",
					"parent": "leg_right",
					"pivot": [-1, 3.4, -1],
					"cubes": [
						{"origin": [-1.5, 0.4, -1.2], "size": [1, 3, 2], "inflate": 0.01, "uv": [46, 11], "mirror": true}
					]
				},
				{
					"name": "foot_right",
					"parent": "leg_right2",
					"pivot": [-1.08716, 1, 0.79619],
					"cubes": [
						{"origin": [-1.5, 0, -1.2], "size": [1, 1, 2], "inflate": 0.02, "uv": [38, 16], "mirror": true}
					]
				}
			]
		}
	]
}