{
	"format_version": "1.12.0",
	"minecraft:geometry": [
		{
			"description": {
				"identifier": "geometry.cinderace",
				"texture_width": 128,
				"texture_height": 64,
				"visible_bounds_width": 4,
				"visible_bounds_height": 5.5,
				"visible_bounds_offset": [0, 2.25, 0]
			},
			"bones": [
				{
					"name": "cinderace",
					"pivot": [0, 0, 0]
				},
				{
					"name": "body",
					"parent": "cinderace",
					"pivot": [0, 0, 0]
				},
				{
					"name": "torso",
					"parent": "body",
					"pivot": [0, 19.25, 1.5],
					"cubes": [
						{"origin": [-4, 17.25, -2], "size": [8, 7, 6], "uv": [0, 14]}
					]
				},
				{
					"name": "chest",
					"parent": "torso",
					"pivot": [0, 24.25, -2],
					"cubes": [
						{"origin": [0.70776, 28.30813, -2], "size": [3, 3, 0], "inflate": 0.001, "pivot": [2.20776, 29.80813, -2], "rotation": [0, 0, 15], "uv": [114, 39]},
						{"origin": [-0.5, 31.5, -2.5], "size": [1, 1, 1], "uv": [105, 35]},
						{"origin": [0.5, 31.5, -2.5], "size": [1, 1, 1], "inflate": 0.2, "uv": [105, 32]},
						{"origin": [-1.5, 31.5, -2.5], "size": [1, 1, 1], "inflate": 0.2, "uv": [105, 32]},
						{"origin": [-3, 24.25, -2], "size": [6, 8, 5], "uv": [30, 0]}
					]
				},
				{
					"name": "neck",
					"parent": "chest",
					"pivot": [0, 31.75, 0.5],
					"cubes": [
						{"origin": [-1, 31.75, -0.5], "size": [2, 3, 2], "uv": [69, 13]}
					]
				},
				{
					"name": "head",
					"parent": "neck",
					"pivot": [0, 33.75, 0.5],
					"cubes": [
						{"origin": [-4.5, 33.75, -3.25], "size": [9, 7, 7], "uv": [49, 46]},
						{"origin": [-1, 36.3, -3.25], "size": [2, 1, 0], "inflate": 0.02, "uv": [36, 20]},
						{"origin": [-0.5, 37, -3.27], "size": [1, 5, 0], "pivot": [-0.5, 37, -3.26], "rotation": [0, 0.25, -55], "uv": [18, 34]},
						{"origin": [-0.5, 37, -3.27], "size": [1, 1, 0], "inflate": 0.01, "uv": [22, 44]},
						{"origin": [-0.5, 37, -3.27], "size": [1, 5, 0], "pivot": [0.5, 37, -3.26], "rotation": [0, -0.25, 55], "uv": [20, 34]}
					]
				},
				{
					"name": "eyes",
					"parent": "head",
					"pivot": [0, 37.75, -3.26]
				},
				{
					"name": "eye_right",
					"parent": "eyes",
					"pivot": [-3, 37.7, -3.25],
					"rotation": [0, 0, 2.5],
					"cubes": [
						{"origin": [-4, 36.2, -3.25], "size": [2, 3, 0], "inflate": 0.01, "uv": [32, 20], "mirror": true}
					]
				},
				{
					"name": "eyelid_right",
					"parent": "eye_right",
					"pivot": [-3, 37.7, -2.65],
					"cubes": [
						{"origin": [-4, 36.2, -3.15], "size": [2, 3, 1], "inflate": 0.02, "uv": [0, 0], "mirror": true}
					]
				},
				{
					"name": "eye_left",
					"parent": "eyes",
					"pivot": [3, 37.7, -3.25],
					"rotation": [0, 0, -2.5],
					"cubes": [
						{"origin": [2, 36.2, -3.25], "size": [2, 3, 0], "inflate": 0.01, "uv": [28, 20]}
					]
				},
				{
					"name": "eyelid_left",
					"parent": "eye_left",
					"pivot": [3, 37.7, -2.65],
					"cubes": [
						{"origin": [2, 36.2, -3.15], "size": [2, 3, 1], "inflate": 0.02, "uv": [6, 0]}
					]
				},
				{
					"name": "mouth_open",
					"parent": "head",
					"pivot": [0, 34.95, -3.15],
					"cubes": [
						{"origin": [-2.5, 33.95, -3.15], "size": [5, 2, 0], "inflate": 0.01, "uv": [0, 29]}
					]
				},
				{
					"name": "mouth_closed",
					"parent": "head",
					"pivot": [0, 34.95, -3.25],
					"cubes": [
						{"origin": [-2.5, 33.95, -3.25], "size": [5, 2, 0], "inflate": 0.01, "uv": [0, 31]}
					]
				},
				{
					"name": "crest",
					"parent": "head",
					"pivot": [0, 40.75, -3.25],
					"rotation": [-30, 0, 0],
					"cubes": [
						{"origin": [-2.5, 40.75, -3.25], "size": [5, 5, 4], "uv": [44, 27]}
					]
				},
				{
					"name": "crest2",
					"parent": "crest",
					"pivot": [0, 45.75, 0.75],
					"rotation": [20, 0, 0],
					"cubes": [
						{"origin": [-2, 45.75, -2.25], "size": [4, 4, 3], "uv": [90, 16]}
					]
				},
				{
					"name": "crest3",
					"parent": "crest2",
					"pivot": [0, 49.25, 0.75],
					"rotation": [12.5, 0, 0],
					"cubes": [
						{"origin": [-1.5, 49.25, -1.25], "size": [3, 3, 2], "uv": [23, 0]}
					]
				},
				{
					"name": "crest4",
					"parent": "crest3",
					"pivot": [0, 52.25, -0.25],
					"rotation": [22.5, 0, 0],
					"cubes": [
						{"origin": [-1, 52.25, -0.25], "size": [2, 2, 0], "uv": [23, 5]}
					]
				},
				{
					"name": "ear_right",
					"parent": "head",
					"pivot": [-3.5, 40.25, 0.75],
					"rotation": [-15, 0, -20],
					"cubes": [
						{"origin": [-6, 39.75, -0.75], "size": [5, 5, 3], "uv": [90, 8]}
					]
				},
				{
					"name": "ear_right2",
					"parent": "ear_right",
					"pivot": [-6, 44.75, 0.75],
					"cubes": [
						{"origin": [-6, 44.75, -0.25], "size": [5, 5, 2], "uv": [28, 27]}
					]
				},
				{
					"name": "ear_right3",
					"parent": "ear_right2",
					"pivot": [-5.25, 49.75, 0.75],
					"cubes": [
						{"origin": [-5.25, 49.75, 0.75], "size": [4, 6, 0], "uv": [77, 36]}
					]
				},
				{
					"name": "ear_left",
					"parent": "head",
					"pivot": [3.5, 40.25, 0.75],
					"rotation": [-15, 0, 20],
					"cubes": [
						{"origin": [1, 39.75, -0.75], "size": [5, 5, 3], "uv": [56, 16]}
					]
				},
				{
					"name": "ear_left2",
					"parent": "ear_left",
					"pivot": [6, 44.75, 0.75],
					"cubes": [
						{"origin": [-0.5, 48.18969, -2.65798], "size": [7, 2, 7], "pivot": [3, 50.93969, 0.59202], "rotation": [0, 0, -7.5], "uv": [91, 50]},
						{"origin": [0.5, 50.18969, -1.65798], "size": [5, 6, 5], "inflate": 0.001, "pivot": [3, 50.93969, 0.59202], "rotation": [0, 0, -7.5], "uv": [97, 38]},
						{"origin": [1, 44.75, -0.25], "size": [5, 5, 2], "uv": [14, 27], "mirror": true}
					]
				},
				{
					"name": "ear_left3",
					"parent": "ear_left2",
					"pivot": [5.25, 49.75, 0.75],
					"cubes": [
						{"origin": [1.25, 49.75, 0.75], "size": [4, 6, 0], "uv": [77, 42]}
					]
				},
				{
					"name": "whisker_right_top",
					"parent": "head",
					"pivot": [-4, 36.25, -0.65],
					"rotation": [0, 22.5, 12.5],
					"cubes": [
						{"origin": [-10, 36.25, -0.65], "size": [6, 2, 0], "uv": [51, 44]}
					]
				},
				{
					"name": "whisker_right_bottom",
					"parent": "head",
					"pivot": [-4.25, 34.25, -0.65],
					"rotation": [-5, 17.5, 5],
					"cubes": [
						{"origin": [-9.25, 34.25, -0.65], "size": [5, 2, 0], "uv": [68, 4]}
					]
				},
				{
					"name": "whisker_left_top",
					"parent": "head",
					"pivot": [4, 36.25, -0.65],
					"rotation": [0, -22.5, -12.5],
					"cubes": [
						{"origin": [4, 36.25, -0.65], "size": [6, 2, 0], "uv": [13, 0]}
					]
				},
				{
					"name": "whisker_left_bottom",
					"parent": "head",
					"pivot": [4.25, 34.25, -0.65],
					"rotation": [-5, -17.5, -5],
					"cubes": [
						{"origin": [4.25, 34.25, -0.65], "size": [5, 2, 0], "uv": [68, 6]}
					]
				},
				{
					"name": "head_back",
					"parent": "head",
					"pivot": [0, 34.75, 3.75],
					"rotation": [15, 0, 0],
					"cubes": [
						{"origin": [-3, 34.75, 3.75], "size": [6, 6, 2], "uv": [85, 26]}
					]
				},
				{
					"name": "head_back2",
					"parent": "head_back",
					"pivot": [0, 34.75, 5.75],
					"rotation": [17.5, 0, 0],
					"cubes": [
						{"origin": [-2.5, 34.75, 5.75], "size": [5, 5, 3], "uv": [85, 34]}
					]
				},
				{
					"name": "head_back3",
					"parent": "head_back2",
					"pivot": [0, 34.75, 8.75],
					"rotation": [20, 0, 0],
					"cubes": [
						{"origin": [-1.5, 34.75, 8.75], "size": [3, 4, 3], "uv": [16, 7]}
					]
				},
				{
					"name": "head_back4",
					"parent": "head_back3",
					"pivot": [0, 34.75, 11.75],
					"rotation": [20, 0, 0],
					"cubes": [
						{"origin": [0, 34.75, 11.75], "size": [0, 3, 3], "uv": [28, 20]}
					]
				},
				{
					"name": "shoulder_right",
					"parent": "chest",
					"pivot": [-3.5, 29.25, 1],
					"rotation": [-14.87739, -1.93597, -7.24721],
					"cubes": [
						{"origin": [-4.5, 27.25, -1.5], "size": [2, 5, 5], "uv": [62, 31]},
						{"origin": [-3.95, 32.25, -1.5], "size": [0, 3, 5], "pivot": [-3.95, 32.25, 1], "rotation": [0, 0, -10], "uv": [90, 18]}
					]
				},
				{
					"name": "shoulder_left",
					"parent": "chest",
					"pivot": [3.5, 29.25, 1],
					"rotation": [-14.87739, 1.93597, 7.24721],
					"cubes": [
						{"origin": [2.5, 27.25, -1.5], "size": [2, 5, 5], "uv": [71, 26]},
						{"origin": [3.95, 32.25, -1.5], "size": [0, 3, 5], "pivot": [3.95, 32.25, 1], "rotation": [0, 0, 10], "uv": [48, 11]}
					]
				},
				{
					"name": "arm_right",
					"parent": "chest",
					"pivot": [-4.5, 29.75, 1],
					"cubes": [
						{"origin": [-10.5, 28.25, -1], "size": [7, 3, 4], "uv": [26, 13]}
					]
				},
				{
					"name": "arm_right2",
					"parent": "arm_right",
					"pivot": [-10.5, 29.75, 3],
					"cubes": [
						{"origin": [-17.5, 28.25, -1], "size": [7, 3, 4], "inflate": 0.01, "uv": [22, 34]}
					]
				},
				{
					"name": "hand_right",
					"parent": "arm_right2",
					"pivot": [-17.5, 29.75, 1],
					"cubes": [
						{"origin": [-20.5, 28.75, -0.5], "size": [4, 2, 3], "uv": [62, 8]}
					]
				},
				{
					"name": "arm_left",
					"parent": "chest",
					"pivot": [4.5, 29.75, 1],
					"cubes": [
						{"origin": [3.5, 28.25, -1], "size": [7, 3, 4], "uv": [0, 40]}
					]
				},
				{
					"name": "arm_left2",
					"parent": "arm_left",
					"pivot": [10.5, 29.75, 3],
					"cubes": [
						{"origin": [10.5, 28.25, -1], "size": [7, 3, 4], "inflate": 0.01, "uv": [38, 20]}
					]
				},
				{
					"name": "hand_left",
					"parent": "arm_left2",
					"pivot": [17.5, 29.75, 1],
					"cubes": [
						{"origin": [16.5, 28.75, -0.5], "size": [4, 2, 3], "uv": [63, 41]}
					]
				},
				{
					"name": "tail",
					"parent": "torso",
					"pivot": [0, 22.15, 4],
					"rotation": [10, 0, 0],
					"cubes": [
						{"origin": [-2, 20.15, 3.5], "size": [4, 4, 4], "uv": [52, 0]},
						{"origin": [0, 20.4, 4.25], "size": [0, 4, 7], "pivot": [0, 23.9, 4.25], "rotation": [20, 0, 0], "uv": [64, -7]}
					]
				},
				{
					"name": "leg_right",
					"parent": "body",
					"pivot": [-2.25, 19.75, 1],
					"cubes": [
						{"origin": [-5.25, 14.75, -1.5], "size": [5, 7, 5], "uv": [0, 47]},
						{"origin": [-4.75, 11.75, -1], "size": [4, 3, 4], "uv": [58, 24]}
					]
				},
				{
					"name": "leg_right2",
					"parent": "leg_right",
					"pivot": [-2.75, 12.25, 0],
					"cubes": [
						{"origin": [-4.25, 1, -0.5], "size": [3, 10, 3], "uv": [78, 13]},
						{"origin": [-5.25, 10.5, -1.5], "size": [5, 3, 5], "uv": [39, 36]},
						{"origin": [-3.5, 10.5, 3.5], "size": [0, 3, 4], "pivot": [-3.5, 10.5, 3.5], "rotation": [15, -45, 0], "uv": [22, 10]}
					]
				},
				{
					"name": "foot_right",
					"parent": "leg_right2",
					"pivot": [-2.75, 1.5, 2],
					"cubes": [
						{"origin": [-4.75, 0, -2], "size": [4, 3, 5], "uv": [38, 44]}
					]
				},
				{
					"name": "toes_right",
					"parent": "foot_right",
					"pivot": [-2.75, 0, -2],
					"cubes": [
						{"origin": [-5.25, 0, -6], "size": [5, 3, 4], "uv": [48, 9]}
					]
				},
				{
					"name": "leg_left",
					"parent": "body",
					"pivot": [2.25, 19.75, 1],
					"cubes": [
						{"origin": [0.25, 14.75, -1.5], "size": [5, 7, 5], "uv": [20, 49]},
						{"origin": [0.75, 11.75, -1], "size": [4, 3, 4], "uv": [0, 7]}
					]
				},
				{
					"name": "leg_left2",
					"parent": "leg_left",
					"pivot": [2.75, 12.25, 0],
					"cubes": [
						{"origin": [1.25, 1, -0.5], "size": [3, 10, 3], "uv": [78, 0]},
						{"origin": [0.25, 10.5, -1.5], "size": [5, 3, 5], "uv": [22, 41]},
						{"origin": [3.5, 10.5, 3.5], "size": [0, 3, 4], "pivot": [3.5, 10.5, 3.5], "rotation": [15, 45, 0], "uv": [18, 37]}
					]
				},
				{
					"name": "foot_left",
					"parent": "leg_left2",
					"pivot": [2.75, 1.5, 2],
					"cubes": [
						{"origin": [0.75, 0, -2], "size": [4, 3, 5], "uv": [90, 0]}
					]
				},
				{
					"name": "toes_left",
					"parent": "foot_left",
					"pivot": [2.75, 0, -2],
					"cubes": [
						{"origin": [0.25, 0, -6], "size": [5, 3, 4], "uv": [0, 33]}
					]
				}
			]
		}
	]
}