{
	"format_version": "1.12.0",
	"minecraft:geometry": [
		{
			"description": {
				"identifier": "geometry.conkeldurr",
				"texture_width": 256,
				"texture_height": 128,
				"visible_bounds_width": 7,
				"visible_bounds_height": 4,
				"visible_bounds_offset": [0, 1, 0]
			},
			"bones": [
				{
					"name": "conkeldurr",
					"pivot": [0, 0, 0]
				},
				{
					"name": "torso",
					"parent": "conkeldurr",
					"pivot": [0, 3.5, -0.25],
					"cubes": [
						{"origin": [-7.5, 3.5, -4.75], "size": [15, 8, 9], "inflate": 0.01, "uv": [34, 27]}
					]
				},
				{
					"name": "waist",
					"parent": "torso",
					"pivot": [0, 11.5, -0.5],
					"cubes": [
						{"origin": [-4.5, 10.5, -4.5], "size": [9, 7, 8], "uv": [0, 26]}
					]
				},
				{
					"name": "chest",
					"parent": "waist",
					"pivot": [0, 17.5, 3.5],
					"cubes": [
						{"origin": [-7.5, 17.5, -8.5], "size": [15, 14, 13], "uv": [32, 0]},
						{"origin": [-1, 17.49, -8.51], "size": [2, 7, 7], "inflate": 0.01, "uv": [157, 1]},
						{"origin": [-4, 21.5, 4.5], "size": [8, 9, 1], "uv": [110, 30]}
					]
				},
				{
					"name": "arms",
					"parent": "chest",
					"pivot": [0, 19.5, -3]
				},
				{
					"name": "shoulder_left",
					"parent": "arms",
					"pivot": [7, 24.5, -1.5],
					"cubes": [
						{"origin": [7, 17, -9], "size": [6, 15, 15], "uv": [88, 0]},
						{"origin": [9.5, 17, -9], "size": [1, 15, 15], "inflate": 0.01, "uv": [172, 0]}
					]
				},
				{
					"name": "arm_left",
					"parent": "shoulder_left",
					"pivot": [13, 24.5, -1.5]
				},
				{
					"name": "arm_left_rotation",
					"parent": "arm_left",
					"pivot": [13, 29, 3.5],
					"cubes": [
						{"origin": [13, 20, -6.5], "size": [9, 9, 10], "uv": [82, 30]}
					]
				},
				{
					"name": "arm_left2",
					"parent": "arm_left_rotation",
					"pivot": [22, 28.5, 2.5],
					"cubes": [
						{"origin": [22, 20.5, -5.5], "size": [7, 8, 8], "uv": [60, 44]}
					]
				},
				{
					"name": "wrist_left",
					"parent": "arm_left2",
					"pivot": [29, 24.5, -1.5],
					"cubes": [
						{"origin": [28, 22, -5], "size": [5, 6, 7], "uv": [75, 0]}
					]
				},
				{
					"name": "hand_left",
					"parent": "wrist_left",
					"pivot": [33, 28, -1.5],
					"cubes": [
						{"origin": [33, 24, -5.5], "size": [6, 4, 8], "inflate": 0.02, "uv": [42, 60]}
					]
				},
				{
					"name": "fingers_left",
					"parent": "hand_left",
					"pivot": [40, 28, 0.5]
				},
				{
					"name": "finger_back_left",
					"parent": "fingers_left",
					"pivot": [39, 28, 1],
					"cubes": [
						{"origin": [39, 25, -0.5], "size": [5, 3, 3], "inflate": 0.01, "uv": [3, 70]}
					]
				},
				{
					"name": "finger_back_left2",
					"parent": "finger_back_left",
					"pivot": [44, 28, 1],
					"cubes": [
						{"origin": [41, 23, -0.5], "size": [3, 5, 3], "uv": [0, 76]}
					]
				},
				{
					"name": "finger_middle_left",
					"parent": "fingers_left",
					"pivot": [39, 28, -4],
					"cubes": [
						{"origin": [39, 25, -5.5], "size": [6, 3, 3], "inflate": 0.01, "uv": [24, 76]}
					]
				},
				{
					"name": "finger_middle_left2",
					"parent": "finger_middle_left",
					"pivot": [45, 28, -4],
					"cubes": [
						{"origin": [42, 23, -5.5], "size": [3, 5, 3], "uv": [28, 82]}
					]
				},
				{
					"name": "thumb_left",
					"parent": "hand_left",
					"pivot": [35.5, 24.5, -5.5],
					"rotation": [0, 42.5, 0],
					"cubes": [
						{"origin": [34, 23, -7], "size": [4, 3, 3], "inflate": 0.01, "uv": [0, 84]}
					]
				},
				{
					"name": "thumb_left2",
					"parent": "thumb_left",
					"pivot": [38, 23, -7],
					"cubes": [
						{"origin": [38, 23, -7], "size": [4, 3, 3], "uv": [0, 90]}
					]
				},
				{
					"name": "pillar_left",
					"parent": "hand_left",
					"pivot": [39, 15, -1.5],
					"cubes": [
						{"origin": [33, -12, -7.5], "size": [12, 27, 12], "uv": [160, 89]},
						{"origin": [37, 15, -4], "size": [5, 0, 5], "pivot": [42, 15, 0.5], "rotation": [0, 0, 27.5], "uv": [171, 79]}
					]
				},
				{
					"name": "shoulder_right",
					"parent": "arms",
					"pivot": [-7, 24.5, -1.5],
					"cubes": [
						{"origin": [-13, 17, -9], "size": [6, 15, 15], "uv": [130, 0], "mirror": true},
						{"origin": [-10.5, 17, -9], "size": [1, 15, 15], "inflate": 0.01, "uv": [204, 0], "mirror": true}
					]
				},
				{
					"name": "arm_right",
					"parent": "shoulder_right",
					"pivot": [-13, 24.5, -1.5]
				},
				{
					"name": "arm_right_rotation",
					"parent": "arm_right",
					"pivot": [-13, 29, 3.5],
					"cubes": [
						{"origin": [-22, 20, -6.5], "size": [9, 9, 10], "uv": [120, 30], "mirror": true}
					]
				},
				{
					"name": "arm_right2",
					"parent": "arm_right_rotation",
					"pivot": [-22, 28.5, 2.5],
					"cubes": [
						{"origin": [-29, 20.5, -5.5], "size": [7, 8, 8], "uv": [90, 49], "mirror": true}
					]
				},
				{
					"name": "wrist_right",
					"parent": "arm_right2",
					"pivot": [-29, 24.5, -1.5],
					"cubes": [
						{"origin": [-33, 22, -5], "size": [5, 6, 7], "uv": [115, 2], "mirror": true}
					]
				},
				{
					"name": "hand_right",
					"parent": "wrist_right",
					"pivot": [-33, 28, -1.5],
					"cubes": [
						{"origin": [-39, 24, -5.5], "size": [6, 4, 8], "inflate": 0.02, "uv": [70, 60], "mirror": true}
					]
				},
				{
					"name": "fingers_right",
					"parent": "hand_right",
					"pivot": [-40, 28, 0.5]
				},
				{
					"name": "finger_back_right",
					"parent": "fingers_right",
					"pivot": [-39, 28, 1],
					"cubes": [
						{"origin": [-44, 25, -0.5], "size": [5, 3, 3], "inflate": 0.01, "uv": [19, 70], "mirror": true}
					]
				},
				{
					"name": "finger_back_right2",
					"parent": "finger_back_right",
					"pivot": [-44, 28, 1],
					"cubes": [
						{"origin": [-44, 23, -0.5], "size": [3, 5, 3], "uv": [12, 76], "mirror": true}
					]
				},
				{
					"name": "finger_middle_right",
					"parent": "fingers_right",
					"pivot": [-39, 28, -4],
					"cubes": [
						{"origin": [-45, 25, -5.5], "size": [6, 3, 3], "inflate": 0.01, "uv": [39, 73], "mirror": true}
					]
				},
				{
					"name": "finger_middle_right2",
					"parent": "finger_middle_right",
					"pivot": [-45, 28, -4],
					"cubes": [
						{"origin": [-45, 23, -5.5], "size": [3, 5, 3], "uv": [40, 79], "mirror": true}
					]
				},
				{
					"name": "thumb_right",
					"parent": "hand_right",
					"pivot": [-35.5, 24.5, -5.5],
					"rotation": [0, -42.5, 0],
					"cubes": [
						{"origin": [-38, 23, -7], "size": [4, 3, 3], "inflate": 0.01, "uv": [14, 84], "mirror": true}
					]
				},
				{
					"name": "thumb_right2",
					"parent": "thumb_right",
					"pivot": [-38, 23, -7],
					"cubes": [
						{"origin": [-42, 23, -7], "size": [4, 3, 3], "uv": [14, 90], "mirror": true}
					]
				},
				{
					"name": "pillar_right",
					"parent": "hand_right",
					"pivot": [-39, 15, -1.5],
					"cubes": [
						{"origin": [-45, -12, -7.5], "size": [12, 27, 12], "uv": [208, 89], "mirror": true},
						{"origin": [-42, 15, -4], "size": [5, 0, 5], "pivot": [-42, 15, 0.5], "rotation": [0, 0, -27.5], "uv": [171, 84], "mirror": true}
					]
				},
				{
					"name": "head",
					"parent": "chest",
					"pivot": [0, 26, -8.5],
					"cubes": [
						{"origin": [-4, 24.5, -16.5], "size": [8, 9, 8], "uv": [0, 0]},
						{"origin": [-5, 27, -16.6], "size": [10, 4, 0], "uv": [140, 124]},
						{"origin": [-3, 31, -16.51], "size": [6, 1, 0], "uv": [10, 17]},
						{"origin": [-1, 29, -16.51], "size": [2, 1, 0], "uv": [10, 18]}
					]
				},
				{
					"name": "energists_cap",
					"parent": "head",
					"pivot": [0, 33.5, -14.25],
					"cubes": [
						{"origin": [-4, 34, -15.25], "size": [2, 3, 2], "uv": [148, 119]},
						{"origin": [-3.5, 36, -14.75], "size": [1, 1, 1], "inflate": 0.01, "uv": [140, 114]},
						{"origin": [2, 34, -15.25], "size": [2, 3, 2], "uv": [140, 119]},
						{"origin": [2.5, 36, -14.75], "size": [1, 1, 1], "inflate": 0.01, "uv": [140, 112]}
					]
				},
				{
					"name": "bone",
					"parent": "energists_cap",
					"pivot": [-2, 34, -14.25],
					"rotation": [-18.90666, -7.40989, 80.38335],
					"cubes": [
						{"origin": [-2, 30, -14.75], "size": [0, 4, 1], "uv": [158, 116]}
					]
				},
				{
					"name": "bone2",
					"parent": "bone",
					"pivot": [-2, 30, -14.25],
					"rotation": [0, 0, -77.5],
					"cubes": [
						{"origin": [-2, 26, -14.75], "size": [0, 4, 1], "uv": [156, 116]}
					]
				},
				{
					"name": "bone3",
					"parent": "bone2",
					"pivot": [-2, 26, -13.75],
					"rotation": [-15, 0, 0],
					"cubes": [
						{"origin": [-2, 23, -15.75], "size": [0, 3, 2], "uv": [156, 119]}
					]
				},
				{
					"name": "bone4",
					"parent": "energists_cap",
					"pivot": [2, 34, -14.25],
					"rotation": [-18.90666, 7.40989, -80.38335],
					"cubes": [
						{"origin": [2, 30, -14.75], "size": [0, 4, 1], "uv": [158, 116], "mirror": true}
					]
				},
				{
					"name": "bone5",
					"parent": "bone4",
					"pivot": [2, 30, -14.25],
					"rotation": [0, 0, 77.5],
					"cubes": [
						{"origin": [2, 26, -14.75], "size": [0, 4, 1], "uv": [156, 116], "mirror": true}
					]
				},
				{
					"name": "bone6",
					"parent": "bone5",
					"pivot": [2, 26, -13.75],
					"rotation": [-15, 0, 0],
					"cubes": [
						{"origin": [2, 23, -15.75], "size": [0, 3, 2], "uv": [156, 119], "mirror": true}
					]
				},
				{
					"name": "energy_hat_small",
					"parent": "energists_cap",
					"pivot": [0, 33.5, -14.25],
					"cubes": [
						{"origin": [-2, 33.5, -16.25], "size": [4, 3, 4], "uv": [140, 112]}
					]
				},
				{
					"name": "energy_hat_small_brim",
					"parent": "energy_hat_small",
					"pivot": [-0.5, 33.75, -13.25],
					"cubes": [
						{"origin": [0, 33.75, -18.25], "size": [2, 0, 2], "pivot": [0, 33.75, -13.25], "rotation": [0, 0, 5], "uv": [150, 112]},
						{"origin": [-2, 33.75, -18.25], "size": [2, 0, 2], "pivot": [0, 33.75, -13.25], "rotation": [0, 0, -5], "uv": [144, 119]}
					]
				},
				{
					"name": "eyes",
					"parent": "head",
					"pivot": [0, 29.65, -16.51]
				},
				{
					"name": "eye_left",
					"parent": "eyes",
					"pivot": [2.5, 29, -16.51],
					"cubes": [
						{"origin": [1, 28, -16.51], "size": [3, 2, 0], "uv": [0, 0]}
					]
				},
				{
					"name": "eye_main_left",
					"parent": "eye_left",
					"pivot": [2.55, 29.25, -16.52],
					"cubes": [
						{"origin": [1.65, 28.25, -16.52], "size": [1.75, 1.75, 0], "uv": [6, 2]}
					]
				},
				{
					"name": "pupil_left",
					"parent": "eye_main_left",
					"pivot": [2.5, 29.5, -16.53],
					"cubes": [
						{"origin": [2, 29, -16.53], "size": [1, 1, 0], "uv": [6, 0]}
					]
				},
				{
					"name": "eyelid_left",
					"parent": "eye_main_left",
					"pivot": [2.55, 29, -15.93],
					"cubes": [
						{"origin": [1.55, 28, -16.43], "size": [2, 2, 1], "inflate": 0.01, "uv": [34, 0]}
					]
				},
				{
					"name": "eye_right",
					"parent": "eyes",
					"pivot": [-2.5, 29, -16.51],
					"cubes": [
						{"origin": [-4, 28, -16.51], "size": [3, 2, 0], "uv": [0, 2], "mirror": true}
					]
				},
				{
					"name": "eye_main_right",
					"parent": "eye_right",
					"pivot": [-2.55, 29.25, -16.52],
					"cubes": [
						{"origin": [-3.4, 28.25, -16.52], "size": [1.75, 1.75, 0], "inflate": 0.001, "uv": [6, 3], "mirror": true}
					]
				},
				{
					"name": "pupil_right",
					"parent": "eye_main_right",
					"pivot": [-2.5, 29.5, -16.53],
					"cubes": [
						{"origin": [-3, 29, -16.53], "size": [1, 1, 0], "uv": [6, 1], "mirror": true}
					]
				},
				{
					"name": "eyelid_right",
					"parent": "eye_main_right",
					"pivot": [-2.55, 29, -15.93],
					"cubes": [
						{"origin": [-3.55, 28, -16.43], "size": [2, 2, 1], "inflate": 0.01, "uv": [38, 3], "mirror": true}
					]
				},
				{
					"name": "mouth",
					"parent": "head",
					"pivot": [0, 26.55, -16.5]
				},
				{
					"name": "mouth_closed",
					"parent": "mouth",
					"pivot": [0, 26.65, -16.51],
					"cubes": [
						{"origin": [-2.5, 26.05, -16.52], "size": [5, 1, 0], "uv": [24, 0]},
						{"origin": [2.5, 26.55, -16.51], "size": [1, 1, 0], "uv": [24, 1]},
						{"origin": [-3.5, 26.55, -16.51], "size": [1, 1, 0], "uv": [26, 1], "mirror": true}
					]
				},
				{
					"name": "mouth_open",
					"parent": "mouth",
					"pivot": [-0.5, 26.25, -16.41],
					"cubes": [
						{"origin": [-3, 25.25, -16.41], "size": [6, 2, 0], "uv": [26, 27]}
					]
				},
				{
					"name": "nose",
					"parent": "head",
					"pivot": [0, 28, -16.5],
					"cubes": [
						{"origin": [-1.5, 26.5, -20.5], "size": [3, 3, 5], "uv": [14, 18]}
					]
				},
				{
					"name": "beard",
					"parent": "head",
					"pivot": [0, 24.5, -16.49],
					"cubes": [
						{"origin": [-1.5, 23, -16.49], "size": [3, 3, 4], "pivot": [0, 24.5, -13.9], "rotation": [0, 0, 45], "uv": [24, 1]}
					]
				},
				{
					"name": "hair",
					"parent": "head",
					"pivot": [0, 33.5, -12.5],
					"cubes": [
						{"origin": [-1, 32.5, -14], "size": [2, 2, 3], "uv": [32, 8]}
					]
				},
				{
					"name": "hair2",
					"parent": "hair",
					"pivot": [0, 34.5, -14],
					"cubes": [
						{"origin": [-1.5, 34.5, -14], "size": [3, 5, 4], "inflate": 0.01, "uv": [0, 17]}
					]
				},
				{
					"name": "legs",
					"parent": "conkeldurr",
					"pivot": [0, 7.5, -1]
				},
				{
					"name": "leg_left",
					"parent": "legs",
					"pivot": [6.5, 7.5, -1],
					"cubes": [
						{"origin": [3, 2.5, -5], "size": [7, 7, 8], "uv": [0, 41]}
					]
				},
				{
					"name": "leg_left2",
					"parent": "leg_left",
					"pivot": [7, 2.55, -1],
					"cubes": [
						{"origin": [4.5, 1, -3.5], "size": [5, 2, 5], "uv": [0, 56]}
					]
				},
				{
					"name": "foot_left",
					"parent": "leg_left2",
					"pivot": [7, 1, -0.9],
					"cubes": [
						{"origin": [5.5, 0, -5.9], "size": [3, 1, 6], "uv": [0, 63]}
					]
				},
				{
					"name": "leg_right",
					"parent": "legs",
					"pivot": [-6.5, 7.5, -1],
					"cubes": [
						{"origin": [-10, 2.5, -5], "size": [7, 7, 8], "uv": [30, 44], "mirror": true}
					]
				},
				{
					"name": "leg_right2",
					"parent": "leg_right",
					"pivot": [-7, 2.55, -1],
					"cubes": [
						{"origin": [-9.5, 1, -3.5], "size": [5, 2, 5], "uv": [15, 58], "mirror": true}
					]
				},
				{
					"name": "foot_right",
					"parent": "leg_right2",
					"pivot": [-7, 1, -0.9],
					"cubes": [
						{"origin": [-8.5, 0, -5.9], "size": [3, 1, 6], "uv": [29, 59], "mirror": true}
					]
				}
			]
		}
	]
}