{
	"format_version": "1.12.0",
	"minecraft:geometry": [
		{
			"description": {
				"identifier": "geometry.cubone",
				"texture_width": 64,
				"texture_height": 64,
				"visible_bounds_width": 3,
				"visible_bounds_height": 2.5,
				"visible_bounds_offset": [0, 0.75, 0]
			},
			"bones": [
				{
					"name": "cubone",
					"pivot": [0, 0, 0]
				},
				{
					"name": "body",
					"parent": "cubone",
					"pivot": [0, 5, 0],
					"cubes": [
						{"origin": [-3, 1.5, -2.5], "size": [6, 7, 5], "uv": [0, 11]}
					]
				},
				{
					"name": "head",
					"parent": "body",
					"pivot": [0, 8.5, 0],
					"cubes": [
						{"origin": [-2, 7.5, -4.5], "size": [0, 1, 2], "inflate": 0.02, "pivot": [0, 10, -4], "rotation": [10, 0, 0], "uv": [0, 3]},
						{"origin": [-2, 8.5, -5.5], "size": [4, 3, 3], "pivot": [1, 10, -4], "rotation": [10, 0, 0], "uv": [18, 0]},
						{"origin": [2, 7.5, -4.5], "size": [0, 1, 2], "inflate": 0.02, "pivot": [1, 10, -4], "rotation": [10, 0, 0], "uv": [0, 2]},
						{"origin": [-4.52401, 8.37939, 1.8424], "size": [2, 4, 0], "inflate": 0.02, "pivot": [-3.52401, 10.37939, 1.8424], "rotation": [-20, 30, 0], "uv": [0, 11]},
						{"origin": [-5.75, 12.75, 2.75], "size": [4, 2, 0], "inflate": 0.02, "pivot": [-3.75, 13.75, 2.75], "rotation": [0, 30, 35], "uv": [8, 25]},
						{"origin": [1.75, 12.75, 2.75], "size": [4, 2, 0], "inflate": 0.02, "pivot": [3.75, 13.75, 2.75], "rotation": [0, -30, -35], "uv": [8, 23]},
						{"origin": [2.52401, 8.37939, 1.8424], "size": [2, 4, 0], "inflate": 0.02, "pivot": [3.52401, 10.37939, 1.8424], "rotation": [-20, -30, 0], "uv": [0, 0]},
						{"origin": [-3, 8.5, -3], "size": [6, 5, 6], "uv": [0, 0]},
						{"origin": [-5, 10, -3.25], "size": [10, 4, 0], "uv": [0, 60]}
					]
				},
				{
					"name": "energists_cap",
					"parent": "head",
					"pivot": [0, 13.5, 0.5],
					"cubes": [
						{"origin": [-4, 14, -0.5], "size": [2, 3, 2], "uv": [28, 59]},
						{"origin": [-3.5, 16, 0], "size": [1, 1, 1], "inflate": 0.01, "uv": [20, 54]},
						{"origin": [2, 14, -0.5], "size": [2, 3, 2], "uv": [20, 59], "mirror": true},
						{"origin": [2.5, 16, 0], "size": [1, 1, 1], "inflate": 0.01, "uv": [20, 54], "mirror": true}
					]
				},
				{
					"name": "bone2",
					"parent": "energists_cap",
					"pivot": [0, 14, 0.5],
					"rotation": [5.80307, -6.59371, 82.76414],
					"cubes": [
						{"origin": [0, 10, 0], "size": [0, 4, 1], "uv": [38, 56]}
					]
				},
				{
					"name": "bone3",
					"parent": "bone2",
					"pivot": [0, 10, 0.5],
					"rotation": [0, 0, -87.5],
					"cubes": [
						{"origin": [0, 6, 0], "size": [0, 4, 1], "uv": [36, 56]}
					]
				},
				{
					"name": "bone4",
					"parent": "bone3",
					"pivot": [0, 6, 1],
					"rotation": [-15, 0, 0],
					"cubes": [
						{"origin": [0, 3, -1], "size": [0, 3, 2], "uv": [36, 59]}
					]
				},
				{
					"name": "bone5",
					"parent": "energists_cap",
					"pivot": [0, 14, 0.5],
					"rotation": [5.80307, 6.59371, -82.76414],
					"cubes": [
						{"origin": [0, 10, 0], "size": [0, 4, 1], "uv": [38, 56], "mirror": true}
					]
				},
				{
					"name": "bone6",
					"parent": "bone5",
					"pivot": [0, 10, 0.5],
					"rotation": [0, 0, 87.5],
					"cubes": [
						{"origin": [0, 6, 0], "size": [0, 4, 1], "uv": [36, 56], "mirror": true}
					]
				},
				{
					"name": "bone7",
					"parent": "bone6",
					"pivot": [0, 6, 1],
					"rotation": [-15, 0, 0],
					"cubes": [
						{"origin": [0, 3, -1], "size": [0, 3, 2], "uv": [36, 59], "mirror": true}
					]
				},
				{
					"name": "energy_hat_small",
					"parent": "energists_cap",
					"pivot": [0, 13.5, 0.5],
					"cubes": [
						{"origin": [-2, 13.5, -1.5], "size": [4, 3, 4], "uv": [20, 52]}
					]
				},
				{
					"name": "energy_hat_small_brim",
					"parent": "energy_hat_small",
					"pivot": [-0.5, 13.75, 1.5],
					"cubes": [
						{"origin": [0, 13.75, -3.5], "size": [2, 0, 2], "pivot": [0, 13.75, 1.5], "rotation": [0, 0, 5], "uv": [30, 52]},
						{"origin": [-2, 13.75, -3.5], "size": [2, 0, 2], "pivot": [0, 13.75, 1.5], "rotation": [0, 0, -5], "uv": [30, 52], "mirror": true}
					]
				},
				{
					"name": "leftarm",
					"parent": "body",
					"pivot": [3, 7, 0],
					"cubes": [
						{"origin": [2, 6, -1], "size": [6, 2, 2], "uv": [17, 11]}
					]
				},
				{
					"name": "rightarm",
					"parent": "body",
					"pivot": [-3, 7, 0],
					"cubes": [
						{"origin": [-8, 6, -1], "size": [6, 2, 2], "uv": [20, 21]}
					]
				},
				{
					"name": "bone",
					"parent": "rightarm",
					"pivot": [-7.5, 7, 0],
					"cubes": [
						{"origin": [-9, 4, 0], "size": [3, 9, 0], "inflate": 0.02, "uv": [0, 31]}
					]
				},
				{
					"name": "tail",
					"parent": "body",
					"pivot": [0, 3.5, 2.5],
					"cubes": [
						{"origin": [-1, 2, 1.5], "size": [2, 3, 4], "uv": [24, 25]}
					]
				},
				{
					"name": "tail2",
					"parent": "tail",
					"pivot": [0, 2.5, 5.5],
					"cubes": [
						{"origin": [-0.5, 2.5, 5.5], "size": [1, 2, 3], "uv": [30, 12]}
					]
				},
				{
					"name": "leftleg",
					"parent": "body",
					"pivot": [2.5, 4.25, -0.25],
					"cubes": [
						{"origin": [1.5, 1, -2.25], "size": [2, 4, 4], "uv": [0, 23]}
					]
				},
				{
					"name": "leftfoot",
					"parent": "leftleg",
					"pivot": [2.5, 1, 0],
					"cubes": [
						{"origin": [1.5, 0, -2.75], "size": [2, 1, 4], "uv": [22, 15]}
					]
				},
				{
					"name": "rightleg",
					"parent": "body",
					"pivot": [-2.5, 4.25, -0.25],
					"cubes": [
						{"origin": [-3.5, 1, -2.25], "size": [2, 4, 4], "uv": [12, 23]}
					]
				},
				{
					"name": "rightfoot",
					"parent": "rightleg",
					"pivot": [-2.5, 1, 0],
					"cubes": [
						{"origin": [-3.5, 0, -2.75], "size": [2, 1, 4], "uv": [24, 6]}
					]
				}
			]
		}
	]
}