{
	"format_version": "1.12.0",
	"minecraft:geometry": [
		{
			"description": {
				"identifier": "geometry.dragonite_amethyst",
				"texture_width": 128,
				"texture_height": 128,
				"visible_bounds_width": 4,
				"visible_bounds_height": 3.5,
				"visible_bounds_offset": [0, 1.25, 0]
			},
			"bones": [
				{
					"name": "dragonite",
					"pivot": [0, 0, 0]
				},
				{
					"name": "body",
					"parent": "dragonite",
					"pivot": [0, 11.25, 0],
					"cubes": [
						{"origin": [-4, 13.5, -3.5], "size": [8, 4, 7], "uv": [25, 26]},
						{"origin": [-5, 4.5, -4], "size": [10, 9, 8], "uv": [0, 0]}
					]
				},
				{
					"name": "wing_right1",
					"parent": "body",
					"pivot": [-3, 15, 3.5],
					"cubes": [
						{"origin": [-3, 11.5, 3.5], "size": [0, 10, 7], "uv": [14, 43]}
					]
				},
				{
					"name": "wing_right2",
					"parent": "wing_right1",
					"pivot": [-3, 16.5, 10.5],
					"cubes": [
						{"origin": [-3, 10.5, 10.5], "size": [0, 11, 7], "uv": [40, 30]}
					]
				},
				{
					"name": "wing_left1",
					"parent": "body",
					"pivot": [3, 15, 3.5],
					"cubes": [
						{"origin": [3, 11.5, 3.5], "size": [0, 10, 7], "uv": [40, 41]}
					]
				},
				{
					"name": "wing_left2",
					"parent": "wing_left1",
					"pivot": [3, 16.5, 10.5],
					"cubes": [
						{"origin": [3, 10.5, 10.5], "size": [0, 11, 7], "uv": [0, 39]}
					]
				},
				{
					"name": "neck",
					"parent": "body",
					"pivot": [0, 17.5, 0.25],
					"cubes": [
						{"origin": [-2.5, 16.5, -2.25], "size": [5, 5, 5], "uv": [36, 0]}
					]
				},
				{
					"name": "head",
					"parent": "neck",
					"pivot": [0, 20, 0.25],
					"cubes": [
						{"origin": [-3, 20, -3.75], "size": [6, 7, 7], "uv": [29, 10]},
						{"origin": [0, 26.75, -0.25], "size": [0, 2, 2], "pivot": [0, 27.75, 0.75], "rotation": [-5, 0, 0], "uv": [0, 0]},
						{"origin": [-2.5, 21.25, -6.75], "size": [5, 3, 3], "uv": [48, 10]}
					]
				},
				{
					"name": "jaw",
					"parent": "head",
					"pivot": [0, 21.25, -3.5],
					"cubes": [
						{"origin": [-2, 20.25, -6.5], "size": [4, 1, 3], "uv": [69, 20]}
					]
				},
				{
					"name": "eyes",
					"parent": "head",
					"pivot": [0, 24.5, -2],
					"cubes": [
						{"origin": [-3.025, 22.5, -3.5], "size": [0, 4, 3], "inflate": 0.02, "pivot": [-3.025, 24.5, -2], "rotation": [-2.5, 0, 0], "uv": [72, -3], "mirror": true},
						{"origin": [3.025, 22.5, -3.5], "size": [0, 4, 3], "inflate": 0.02, "pivot": [3.025, 24.5, -2], "rotation": [-2.5, 0, 0], "uv": [72, -3]}
					]
				},
				{
					"name": "eyelid",
					"parent": "head",
					"pivot": [0, 24.5, -2],
					"cubes": [
						{"origin": [-2.925, 22.5, -3.5], "size": [1, 4, 3], "inflate": 0.04, "pivot": [-2.925, 24.5, -2], "rotation": [-2.5, 0, 0], "uv": [73, 5], "mirror": true},
						{"origin": [1.925, 22.5, -3.5], "size": [1, 4, 3], "inflate": 0.04, "pivot": [2.925, 24.5, -2], "rotation": [-2.5, 0, 0], "uv": [73, 5]}
					]
				},
				{
					"name": "antenna_right1",
					"parent": "head",
					"pivot": [1.75, 26.5, -3.5],
					"cubes": [
						{"origin": [1.25, 26.5, -3.5], "size": [1, 3, 0], "uv": [0, 19]}
					]
				},
				{
					"name": "antenna_right2",
					"parent": "antenna_right1",
					"pivot": [1.25, 29.5, -3.5],
					"cubes": [
						{"origin": [1.25, 29.5, -3.5], "size": [1, 3, 0], "uv": [8, 17]}
					]
				},
				{
					"name": "antenna_right3",
					"parent": "antenna_right2",
					"pivot": [2.25, 32.5, -3.5],
					"cubes": [
						{"origin": [1.25, 32.5, -3.5], "size": [1, 2, 0], "uv": [8, 20]}
					]
				},
				{
					"name": "antenna_right4",
					"parent": "antenna_right3",
					"pivot": [2.25, 34.5, -3.5],
					"cubes": [
						{"origin": [1.25, 34.5, -3.5], "size": [1, 2, 0], "uv": [6, 20]}
					]
				},
				{
					"name": "antenna_left1",
					"parent": "head",
					"pivot": [-1.75, 26.5, -3.5],
					"cubes": [
						{"origin": [-2.25, 26.5, -3.5], "size": [1, 3, 0], "uv": [6, 17]}
					]
				},
				{
					"name": "antenna_left2",
					"parent": "antenna_left1",
					"pivot": [-1.25, 29.5, -3.5],
					"cubes": [
						{"origin": [-2.25, 29.5, -3.5], "size": [1, 3, 0], "uv": [4, 17]}
					]
				},
				{
					"name": "antenna_left3",
					"parent": "antenna_left2",
					"pivot": [-2.25, 32.5, -3.5],
					"cubes": [
						{"origin": [-2.25, 32.5, -3.5], "size": [1, 2, 0], "uv": [4, 20]}
					]
				},
				{
					"name": "antenna_left4",
					"parent": "antenna_left3",
					"pivot": [-2.25, 34.5, -3.5],
					"cubes": [
						{"origin": [-2.25, 34.5, -3.5], "size": [1, 2, 0], "uv": [2, 19]}
					]
				},
				{
					"name": "arm_right",
					"parent": "body",
					"pivot": [-4, 17, 0],
					"cubes": [
						{"origin": [-9, 14, -1.5], "size": [5, 3, 3], "inflate": 0.02, "uv": [0, 57]}
					]
				},
				{
					"name": "forearm_right",
					"parent": "arm_right",
					"pivot": [-9, 15.5, 1.25],
					"cubes": [
						{"origin": [-13, 14, -1.5], "size": [4, 3, 3], "uv": [27, 60]},
						{"origin": [-13.85, 15.7, -1.55], "size": [1, 0, 1], "pivot": [-13.35, 15.7, -1.05], "rotation": [10, -15, 0], "uv": [2, 1]},
						{"origin": [-14, 16, -0.5], "size": [1, 0, 1], "pivot": [-13.5, 16, 0], "rotation": [0, 0, -2.5], "uv": [4, 1]},
						{"origin": [-13.85, 15.7, 0.55], "size": [1, 0, 1], "pivot": [-13.35, 15.7, 1.05], "rotation": [-10, 15, 0], "uv": [4, 0]}
					]
				},
				{
					"name": "arm_left",
					"parent": "body",
					"pivot": [4, 17, 0],
					"cubes": [
						{"origin": [4, 14, -1.5], "size": [5, 3, 3], "inflate": 0.02, "uv": [56, 0]}
					]
				},
				{
					"name": "forearm_left",
					"parent": "arm_left",
					"pivot": [9, 15.5, 1.25],
					"cubes": [
						{"origin": [9, 14, -1.5], "size": [4, 3, 3], "uv": [13, 60]},
						{"origin": [12.85, 15.7, -1.55], "size": [1, 0, 1], "pivot": [13.35, 15.7, -1.05], "rotation": [10, 15, 0], "uv": [2, 0]},
						{"origin": [13, 16, -0.5], "size": [1, 0, 1], "pivot": [13.5, 16, 0], "rotation": [0, 0, 2.5], "uv": [0, 1]},
						{"origin": [12.85, 15.7, 0.55], "size": [1, 0, 1], "pivot": [13.35, 15.7, 1.05], "rotation": [-10, -15, 0], "uv": [0, 0]}
					]
				},
				{
					"name": "leg_right",
					"parent": "body",
					"pivot": [-5, 8.5, 0],
					"cubes": [
						{"origin": [-7, 3, -3], "size": [4, 7, 6], "uv": [20, 37]},
						{"origin": [-6.5, 1, -1.75], "size": [3, 2, 4], "uv": [41, 60]}
					]
				},
				{
					"name": "foot_right1",
					"parent": "leg_right",
					"pivot": [-5, 2, 0.25],
					"cubes": [
						{"origin": [-6.5, 0, -2.25], "size": [3, 2, 5], "inflate": 0.02, "uv": [49, 53]}
					]
				},
				{
					"name": "foot_right2",
					"parent": "foot_right1",
					"pivot": [-5, 0, -2.25],
					"cubes": [
						{"origin": [-6.5, 0, -5.25], "size": [3, 2, 3], "uv": [14, 34]},
						{"origin": [-3.57734, 0, -7.23498], "size": [0, 2, 2], "pivot": [-3.57734, 1, -6.23498], "rotation": [0, -10, 0], "uv": [4, 2]},
						{"origin": [-5, 0, -7.25], "size": [0, 2, 2], "uv": [0, 15]},
						{"origin": [-6.42266, 0, -7.23498], "size": [0, 2, 2], "pivot": [-6.42266, 1, -6.23498], "rotation": [0, 10, 0], "uv": [4, 4]}
					]
				},
				{
					"name": "leg_left",
					"parent": "body",
					"pivot": [5, 8.5, 0],
					"cubes": [
						{"origin": [3, 3, -3], "size": [4, 7, 6], "uv": [0, 33]},
						{"origin": [3.5, 1, -1.75], "size": [3, 2, 4], "uv": [60, 13]}
					]
				},
				{
					"name": "foot_left3",
					"parent": "leg_left",
					"pivot": [5, 2, 0.25],
					"cubes": [
						{"origin": [3.5, 0, -2.25], "size": [3, 2, 5], "inflate": 0.02, "uv": [28, 53]}
					]
				},
				{
					"name": "foot_left4",
					"parent": "foot_left3",
					"pivot": [5, 0, -2.25],
					"cubes": [
						{"origin": [3.5, 0, -5.25], "size": [3, 2, 3], "uv": [28, 0]},
						{"origin": [3.57734, 0, -7.23498], "size": [0, 2, 2], "pivot": [3.57734, 1, -6.23498], "rotation": [0, 10, 0], "uv": [4, 0]},
						{"origin": [5, 0, -7.25], "size": [0, 2, 2], "uv": [0, 4]},
						{"origin": [6.42266, 0, -7.23498], "size": [0, 2, 2], "pivot": [6.42266, 1, -6.23498], "rotation": [0, -10, 0], "uv": [0, 2]}
					]
				},
				{
					"name": "tail1",
					"parent": "body",
					"pivot": [0, 6, 0.5],
					"cubes": [
						{"origin": [-3, 3.5, -2], "size": [6, 6, 10], "uv": [0, 17]}
					]
				},
				{
					"name": "tail2",
					"parent": "tail1",
					"pivot": [0, 3.6, 8],
					"cubes": [
						{"origin": [-2, 3.6, 8], "size": [4, 5, 5], "uv": [50, 19]}
					]
				},
				{
					"name": "tail3",
					"parent": "tail2",
					"pivot": [0, 3.7, 13],
					"cubes": [
						{"origin": [-1.5, 3.7, 13], "size": [3, 4, 4], "uv": [54, 40]}
					]
				},
				{
					"name": "tail4",
					"parent": "tail3",
					"pivot": [0, 3.8, 17],
					"cubes": [
						{"origin": [-1, 3.8, 17], "size": [2, 3, 5], "uv": [54, 32]}
					]
				}
			]
		}
	]
}