{
	"format_version": "1.12.0",
	"minecraft:geometry": [
		{
			"description": {
				"identifier": "geometry.flittle",
				"texture_width": 64,
				"texture_height": 64,
				"visible_bounds_width": 3,
				"visible_bounds_height": 3.5,
				"visible_bounds_offset": [0, 1.25, 0]
			},
			"bones": [
				{
					"name": "flittle",
					"pivot": [0, 0, 0]
				},
				{
					"name": "body",
					"parent": "flittle",
					"pivot": [0, 6, 0]
				},
				{
					"name": "torso",
					"parent": "body",
					"pivot": [0, 1, 0],
					"cubes": [
						{"origin": [-4.5, 1, -4], "size": [9, 11, 8], "inflate": 0.01, "uv": [0, 0]},
						{"origin": [-1, 10.02, -4.01], "size": [2, 1, 0], "inflate": 0.01, "uv": [0, 6]},
						{"origin": [-0.5, 6.7, -4.25], "size": [1, 1, 1], "uv": [0, 0]}
					]
				},
				{
					"name": "eyes",
					"parent": "torso",
					"pivot": [0, 8.2, 0]
				},
				{
					"name": "eye_left",
					"parent": "eyes",
					"pivot": [2.3, 8.2, -4.02],
					"cubes": [
						{"origin": [1.3, 6.7, -4.02], "size": [2, 3, 0], "uv": [54, 0]}
					]
				},
				{
					"name": "pupil_left",
					"parent": "eye_left",
					"pivot": [2.3, 8.2, -4.03],
					"cubes": [
						{"origin": [1.8, 7.2, -4.03], "size": [1, 2, 0], "uv": [54, 3]}
					]
				},
				{
					"name": "eyelash_left",
					"parent": "eye_left",
					"pivot": [2.3, 9.7, -4.02],
					"rotation": [20, 0, 0],
					"cubes": [
						{"origin": [1.8, 9.7, -4.02], "size": [1, 1, 0], "uv": [54, 5]}
					]
				},
				{
					"name": "eyelid_left",
					"parent": "eye_left",
					"pivot": [2.3, 8.2, -3.43],
					"cubes": [
						{"origin": [1.3, 6.7, -3.93], "size": [2, 3, 1], "inflate": 0.01, "uv": [54, 6]}
					]
				},
				{
					"name": "eye_right",
					"parent": "eyes",
					"pivot": [-2.3, 8.2, -4.02],
					"cubes": [
						{"origin": [-3.3, 6.7, -4.02], "size": [2, 3, 0], "uv": [58, 0], "mirror": true}
					]
				},
				{
					"name": "pupil_right",
					"parent": "eye_right",
					"pivot": [-2.3, 8.2, -4.03],
					"cubes": [
						{"origin": [-2.8, 7.2, -4.03], "size": [1, 2, 0], "uv": [56, 3], "mirror": true}
					]
				},
				{
					"name": "eyelash_right",
					"parent": "eye_right",
					"pivot": [-2.3, 9.7, -4.02],
					"rotation": [20, 0, 0],
					"cubes": [
						{"origin": [-2.8, 9.7, -4.02], "size": [1, 1, 0], "uv": [56, 5], "mirror": true}
					]
				},
				{
					"name": "eyelid_right",
					"parent": "eye_right",
					"pivot": [-2.3, 8.2, -3.43],
					"cubes": [
						{"origin": [-3.3, 6.7, -3.93], "size": [2, 3, 1], "inflate": 0.01, "uv": [56, 10], "mirror": true}
					]
				},
				{
					"name": "dress_upper",
					"parent": "torso",
					"pivot": [0, 5.7, -8]
				},
				{
					"name": "dress_upper_back",
					"parent": "dress_upper",
					"pivot": [0, 6.2, 4],
					"rotation": [0, 180, 0]
				},
				{
					"name": "dress_upper_back_rotation",
					"parent": "dress_upper_back",
					"pivot": [0, 6.2, 4],
					"cubes": [
						{"origin": [-2.5, 6.2, 1], "size": [5, 0, 3], "inflate": 0.01, "uv": [17, 27]},
						{"origin": [-2.5, 4.2, 1], "size": [0, 2, 3], "inflate": 0.01, "uv": [50, 7]},
						{"origin": [2.5, 4.2, 1], "size": [0, 2, 3], "inflate": 0.01, "uv": [50, 9]}
					]
				},
				{
					"name": "dress_upper_left",
					"parent": "dress_upper",
					"pivot": [0.25, 6.2, -4],
					"rotation": [0, -32.5, 0]
				},
				{
					"name": "dress_upper_left_rotation",
					"parent": "dress_upper_left",
					"pivot": [2.75, 6.2, -4],
					"cubes": [
						{"origin": [0.25, 6.2, -8], "size": [5, 0, 4], "inflate": 0.01, "uv": [-4, 19]},
						{"origin": [0.25, 4.2, -8], "size": [0, 2, 4], "inflate": 0.01, "uv": [34, 6]},
						{"origin": [5.25, 4.2, -8], "size": [0, 2, 4], "inflate": 0.01, "uv": [34, 8]}
					]
				},
				{
					"name": "dress_upper_left2",
					"parent": "dress_upper",
					"pivot": [4.5, 6.2, -1],
					"rotation": [0, -112, 0]
				},
				{
					"name": "dress_upper_left_rotation2",
					"parent": "dress_upper_left2",
					"pivot": [7, 6.2, -1],
					"cubes": [
						{"origin": [4.5, 6.2, -5], "size": [5, 0, 4], "inflate": 0.01, "uv": [6, 19]},
						{"origin": [4.5, 4.2, -5], "size": [0, 2, 4], "inflate": 0.01, "uv": [42, 6]},
						{"origin": [9.5, 4.2, -5], "size": [0, 2, 4], "inflate": 0.01, "uv": [42, 8]}
					]
				},
				{
					"name": "dress_upper_right",
					"parent": "dress_upper",
					"pivot": [-0.25, 6.2, -4],
					"rotation": [0, 32.5, 0]
				},
				{
					"name": "dress_upper_right_rotation",
					"parent": "dress_upper_right",
					"pivot": [-2.75, 6.2, -4],
					"cubes": [
						{"origin": [-5.25, 6.2, -8], "size": [5, 0, 4], "inflate": 0.01, "uv": [-4, 23], "mirror": true},
						{"origin": [-0.25, 4.2, -8], "size": [0, 2, 4], "inflate": 0.01, "uv": [34, 10], "mirror": true},
						{"origin": [-5.25, 4.2, -8], "size": [0, 2, 4], "inflate": 0.01, "uv": [34, 12], "mirror": true}
					]
				},
				{
					"name": "dress_upper_right2",
					"parent": "dress_upper",
					"pivot": [-4.5, 6.2, -1],
					"rotation": [0, 113, 0]
				},
				{
					"name": "dress_upper_right_rotation2",
					"parent": "dress_upper_right2",
					"pivot": [-7, 6.2, -1],
					"cubes": [
						{"origin": [-9.5, 6.2, -5], "size": [5, 0, 4], "inflate": 0.01, "uv": [6, 23], "mirror": true},
						{"origin": [-4.5, 4.2, -5], "size": [0, 2, 4], "inflate": 0.01, "uv": [42, 10], "mirror": true},
						{"origin": [-9.5, 4.2, -5], "size": [0, 2, 4], "inflate": 0.01, "uv": [42, 12], "mirror": true}
					]
				},
				{
					"name": "dress_upper_base_front",
					"parent": "dress_upper",
					"pivot": [0, 4.2, -3.5]
				},
				{
					"name": "dress_upper_base_front_rotation",
					"parent": "dress_upper_base_front",
					"pivot": [0, 4.2, -3.5],
					"cubes": [
						{"origin": [-2.5, 4.2, -7.45], "size": [5, 0, 4], "uv": [-4, 27]}
					]
				},
				{
					"name": "dress_upper_base_left",
					"parent": "dress_upper",
					"pivot": [4.25, 4.2, 1.25],
					"rotation": [0, -75, 0]
				},
				{
					"name": "dress_upper_base_left_rotation",
					"parent": "dress_upper_base_left",
					"pivot": [1.75, 4.2, 1.25],
					"cubes": [
						{"origin": [-0.75, 4.2, -2.75], "size": [5, 0, 4], "uv": [16, 19]}
					]
				},
				{
					"name": "dress_upper_base_left2",
					"parent": "dress_upper",
					"pivot": [0.5, 4.2, 3.75],
					"rotation": [0, -152.5, 0]
				},
				{
					"name": "dress_upper_base_left_rotation2",
					"parent": "dress_upper_base_left2",
					"pivot": [-2, 4.2, 3.75],
					"cubes": [
						{"origin": [-4.5, 4.2, -0.25], "size": [5, 0, 4], "uv": [26, 19]}
					]
				},
				{
					"name": "dress_upper_base_right",
					"parent": "dress_upper",
					"pivot": [-4.25, 4.2, 1.25],
					"rotation": [0, 75, 0]
				},
				{
					"name": "dress_upper_base_right_rotation",
					"parent": "dress_upper_base_right",
					"pivot": [-1.75, 4.2, 1.25],
					"cubes": [
						{"origin": [-4.25, 4.2, -2.75], "size": [5, 0, 4], "uv": [16, 23], "mirror": true}
					]
				},
				{
					"name": "dress_upper_base_right2",
					"parent": "dress_upper",
					"pivot": [-0.5, 4.2, 3.75],
					"rotation": [0, 152.5, 0]
				},
				{
					"name": "dress_upper_base_right_rotation2",
					"parent": "dress_upper_base_right2",
					"pivot": [2, 4.2, 3.75],
					"cubes": [
						{"origin": [-0.5, 4.2, -0.25], "size": [5, 0, 4], "uv": [26, 23], "mirror": true}
					]
				},
				{
					"name": "dress_lower",
					"parent": "torso",
					"pivot": [0, 5.6, -8]
				},
				{
					"name": "dress_lower_back",
					"parent": "dress_lower",
					"pivot": [0, 6.1, 4],
					"rotation": [0, 180, 0]
				},
				{
					"name": "dress_lower_back_rotation",
					"parent": "dress_lower_back",
					"pivot": [0, 6.1, 4],
					"cubes": [
						{"origin": [-2, 6.1, 1], "size": [4, 0, 3], "inflate": 0.01, "uv": [27, 27]},
						{"origin": [-2, 4.1, 1], "size": [0, 2, 3], "uv": [50, 11]},
						{"origin": [2, 4.1, 1], "size": [0, 2, 3], "uv": [50, 13]}
					]
				},
				{
					"name": "dress_lower_left",
					"parent": "dress_lower",
					"pivot": [0.25, 6.1, -4],
					"rotation": [0, -32.5, 0]
				},
				{
					"name": "dress_lower_left_rotation",
					"parent": "dress_lower_left",
					"pivot": [2.75, 6.1, -4],
					"cubes": [
						{"origin": [0.75, 6.1, -8], "size": [4, 0, 4], "inflate": 0.01, "uv": [-4, 31]},
						{"origin": [0.75, 4.1, -8], "size": [0, 2, 4], "uv": [40, 14]},
						{"origin": [4.75, 4.1, -8], "size": [0, 2, 4], "uv": [40, 16]}
					]
				},
				{
					"name": "dress_lower_left2",
					"parent": "dress_lower",
					"pivot": [4.5, 6.1, -1],
					"rotation": [0, -112, 0]
				},
				{
					"name": "dress_lower_left_rotation2",
					"parent": "dress_lower_left2",
					"pivot": [7, 6.1, -1],
					"cubes": [
						{"origin": [5, 6.1, -5], "size": [4, 0, 4], "inflate": 0.01, "uv": [4, 31]},
						{"origin": [5, 4.1, -5], "size": [0, 2, 4], "uv": [48, 14]},
						{"origin": [9, 4.1, -5], "size": [0, 2, 4], "uv": [48, 16]}
					]
				},
				{
					"name": "dress_lower_right",
					"parent": "dress_lower",
					"pivot": [-0.25, 6.1, -4],
					"rotation": [0, 32.5, 0]
				},
				{
					"name": "dress_lower_right_rotation",
					"parent": "dress_lower_right",
					"pivot": [-2.75, 6.1, -4],
					"cubes": [
						{"origin": [-4.75, 6.1, -8], "size": [4, 0, 4], "inflate": 0.01, "uv": [-4, 35], "mirror": true},
						{"origin": [-0.75, 4.1, -8], "size": [0, 2, 4], "uv": [40, 18], "mirror": true},
						{"origin": [-4.75, 4.1, -8], "size": [0, 2, 4], "uv": [40, 20], "mirror": true}
					]
				},
				{
					"name": "dress_lower_right2",
					"parent": "dress_lower",
					"pivot": [-4.5, 6.1, -1],
					"rotation": [0, 111, 0]
				},
				{
					"name": "dress_lower_right_rotation2",
					"parent": "dress_lower_right2",
					"pivot": [-7, 6.1, -1],
					"cubes": [
						{"origin": [-9, 6.1, -5], "size": [4, 0, 4], "inflate": 0.01, "uv": [4, 35], "mirror": true},
						{"origin": [-5, 4.1, -5], "size": [0, 2, 4], "uv": [48, 18], "mirror": true},
						{"origin": [-9, 4.1, -5], "size": [0, 2, 4], "uv": [48, 20], "mirror": true}
					]
				},
				{
					"name": "dress_lower_base_front",
					"parent": "dress_lower",
					"pivot": [0, 4.1, -3.5]
				},
				{
					"name": "dress_lower_base_front_rotation",
					"parent": "dress_lower_base_front",
					"pivot": [0, 4.1, -3.5],
					"cubes": [
						{"origin": [-2.5, 4.1, -7.3], "size": [5, 0, 4], "uv": [6, 27]}
					]
				},
				{
					"name": "dress_lower_base_left",
					"parent": "dress_lower",
					"pivot": [4.25, 4.1, 1.25],
					"rotation": [0, -75, 0]
				},
				{
					"name": "dress_lower_base_left_rotation",
					"parent": "dress_lower_base_left",
					"pivot": [1.75, 4.1, 1.25],
					"cubes": [
						{"origin": [-0.75, 4.1, -2.65], "size": [5, 0, 4], "uv": [12, 31]}
					]
				},
				{
					"name": "dress_lower_base_left2",
					"parent": "dress_lower",
					"pivot": [0.5, 4.1, 3.75],
					"rotation": [0, -152.5, 0]
				},
				{
					"name": "dress_lower_base_left_rotation2",
					"parent": "dress_lower_base_left2",
					"pivot": [-2, 4.1, 3.75],
					"cubes": [
						{"origin": [-4.5, 4.1, -0.15], "size": [5, 0, 4], "uv": [22, 31]}
					]
				},
				{
					"name": "dress_lower_base_right",
					"parent": "dress_lower",
					"pivot": [-4.25, 4.1, 1.25],
					"rotation": [0, 75, 0]
				},
				{
					"name": "dress_lower_base_right_rotation",
					"parent": "dress_lower_base_right",
					"pivot": [-1.75, 4.1, 1.25],
					"cubes": [
						{"origin": [-4.25, 4.1, -2.65], "size": [5, 0, 4], "uv": [12, 35], "mirror": true}
					]
				},
				{
					"name": "dress_lower_base_right2",
					"parent": "dress_lower",
					"pivot": [-0.5, 4.1, 3.75],
					"rotation": [0, 152.5, 0]
				},
				{
					"name": "dress_lower_base_right_rotation2",
					"parent": "dress_lower_base_right2",
					"pivot": [2, 4.1, 3.75],
					"cubes": [
						{"origin": [-0.5, 4.1, -0.15], "size": [5, 0, 4], "uv": [22, 35], "mirror": true}
					]
				},
				{
					"name": "tail",
					"parent": "torso",
					"pivot": [0, 3.5, 4],
					"rotation": [10, 0, 0],
					"cubes": [
						{"origin": [-1, 1.5, 3.5], "size": [2, 2, 2], "uv": [0, 2]}
					]
				},
				{
					"name": "ears",
					"parent": "torso",
					"pivot": [0, 12, 0]
				},
				{
					"name": "ear_left",
					"parent": "ears",
					"pivot": [3.45, 12, 0],
					"rotation": [0, 0, 15],
					"cubes": [
						{"origin": [1.45, 12, 0], "size": [3, 5, 0], "pivot": [4.45, 12, 0], "rotation": [0, 20, 0], "uv": [42, 0]},
						{"origin": [4.45, 12, 0], "size": [1, 5, 0], "pivot": [4.45, 12, 0], "rotation": [0, -41.5, 0], "uv": [48, 0]},
						{"origin": [4.95, 12, 0], "size": [2, 5, 0], "inflate": 0.01, "pivot": [5.95, 12, 0], "rotation": [0, 41.5, 0], "uv": [50, 0]}
					]
				},
				{
					"name": "ear_right",
					"parent": "ears",
					"pivot": [-3.45, 12, 0],
					"rotation": [0, 0, -15],
					"cubes": [
						{"origin": [-4.45, 12, 0], "size": [3, 5, 0], "pivot": [-4.45, 12, 0], "rotation": [0, -20, 0], "uv": [42, 5], "mirror": true},
						{"origin": [-5.45, 12, 0], "size": [1, 5, 0], "pivot": [-4.45, 12, 0], "rotation": [0, 41.5, 0], "uv": [48, 5], "mirror": true},
						{"origin": [-6.95, 12, 0], "size": [2, 5, 0], "inflate": 0.01, "pivot": [-5.95, 12, 0], "rotation": [0, -41.5, 0], "uv": [50, 5], "mirror": true}
					]
				},
				{
					"name": "ear_base_left",
					"parent": "ears",
					"pivot": [3.7, 11.75, 0.25],
					"rotation": [0, 0, 20.5]
				},
				{
					"name": "ear_base_left2",
					"parent": "ear_base_left",
					"pivot": [3.75, 11.75, -0.25],
					"rotation": [45, 0, 0],
					"cubes": [
						{"origin": [2.75, 11.75, -0.25], "size": [2, 2, 0], "uv": [34, 0]}
					]
				},
				{
					"name": "ear_base_left3",
					"parent": "ear_base_left",
					"pivot": [3.75, 11.75, 0.75],
					"rotation": [-45, 0, 0],
					"cubes": [
						{"origin": [2.75, 11.75, 0.75], "size": [2, 2, 0], "uv": [38, 0]}
					]
				},
				{
					"name": "ear_base_left4",
					"parent": "ear_base_left",
					"pivot": [4.2, 11.75, 0.25],
					"rotation": [0, 0, 45],
					"cubes": [
						{"origin": [4.2, 11.75, -0.75], "size": [0, 2, 2], "uv": [34, 2]}
					]
				},
				{
					"name": "ear_base_left5",
					"parent": "ear_base_left",
					"pivot": [3.2, 11.75, 0.25],
					"rotation": [0, 0, -45],
					"cubes": [
						{"origin": [3.2, 11.75, -0.75], "size": [0, 2, 2], "uv": [38, 2]}
					]
				},
				{
					"name": "ear_base_right",
					"parent": "ears",
					"pivot": [-3.7, 11.75, 0.25],
					"rotation": [0, 0, -20.5]
				},
				{
					"name": "ear_base_right2",
					"parent": "ear_base_right",
					"pivot": [-3.75, 11.75, -0.25],
					"rotation": [45, 0, 0],
					"cubes": [
						{"origin": [-4.75, 11.75, -0.25], "size": [2, 2, 0], "uv": [34, 2], "mirror": true}
					]
				},
				{
					"name": "ear_base_right3",
					"parent": "ear_base_right",
					"pivot": [-3.75, 11.75, 0.75],
					"rotation": [-45, 0, 0],
					"cubes": [
						{"origin": [-4.75, 11.75, 0.75], "size": [2, 2, 0], "uv": [38, 2], "mirror": true}
					]
				},
				{
					"name": "ear_base_right4",
					"parent": "ear_base_right",
					"pivot": [-4.2, 11.75, 0.25],
					"rotation": [0, 0, -45],
					"cubes": [
						{"origin": [-4.2, 11.75, -0.75], "size": [0, 2, 2], "uv": [34, 4], "mirror": true}
					]
				},
				{
					"name": "ear_base_right5",
					"parent": "ear_base_right",
					"pivot": [-3.2, 11.75, 0.25],
					"rotation": [0, 0, 45],
					"cubes": [
						{"origin": [-3.2, 11.75, -0.75], "size": [0, 2, 2], "uv": [38, 4], "mirror": true}
					]
				},
				{
					"name": "legs",
					"parent": "body",
					"pivot": [0, 0.75, 0]
				},
				{
					"name": "leg_left",
					"parent": "legs",
					"pivot": [2, 0.75, 0],
					"rotation": [0, 0, -5],
					"cubes": [
						{"origin": [1, -0.5, -1], "size": [2, 2, 2], "uv": [26, 0]}
					]
				},
				{
					"name": "leg_right",
					"parent": "legs",
					"pivot": [-2, 0.75, 0],
					"rotation": [0, 0, 5],
					"cubes": [
						{"origin": [-3, -0.5, -1], "size": [2, 2, 2], "uv": [26, 4], "mirror": true}
					]
				}
			]
		}
	]
}