{
	"format_version": "1.12.0",
	"minecraft:geometry": [
		{
			"description": {
				"identifier": "geometry.gallade",
				"texture_width": 128,
				"texture_height": 64,
				"visible_bounds_width": 5,
				"visible_bounds_height": 4.5,
				"visible_bounds_offset": [0, 1.75, 0]
			},
			"bones": [
				{
					"name": "gallade",
					"pivot": [0, 0, 0]
				},
				{
					"name": "body",
					"parent": "gallade",
					"pivot": [0, 20, 0]
				},
				{
					"name": "torso",
					"parent": "body",
					"pivot": [0, 16.5, 0],
					"cubes": [
						{"origin": [-4, 16.5, -4], "size": [8, 4, 8], "inflate": 0.01, "uv": [20, 28]}
					]
				},
				{
					"name": "waist",
					"parent": "torso",
					"pivot": [0, 20.5, 0],
					"cubes": [
						{"origin": [-1.5, 20, -1.5], "size": [3, 3, 3], "uv": [36, 16]}
					]
				},
				{
					"name": "chest",
					"parent": "waist",
					"pivot": [0, 22.5, 0],
					"cubes": [
						{"origin": [-1.5, 22.5, -1.5], "size": [3, 5, 3], "inflate": 0.01, "uv": [27, 20]}
					]
				},
				{
					"name": "cape_left",
					"parent": "chest",
					"pivot": [0, 26.5, 1.51],
					"rotation": [0, 0, 25],
					"cubes": [
						{"origin": [0, 17.5, 1.51], "size": [11, 9, 0], "uv": [48, 0]}
					]
				},
				{
					"name": "cape_left2",
					"parent": "cape_left",
					"pivot": [11, 26.5, 1.51],
					"cubes": [
						{"origin": [11, 12.5, 1.51], "size": [15, 14, 0], "uv": [59, 9]}
					]
				},
				{
					"name": "cape_end1",
					"parent": "cape_left2",
					"pivot": [26, 26.5, 1.51],
					"cubes": [
						{"origin": [26, 21.5, 1.51], "size": [4, 5, 0], "uv": [51, 9]}
					]
				},
				{
					"name": "cape_end2",
					"parent": "cape_left2",
					"pivot": [26, 20.5, 1.51],
					"rotation": [0, 0, 7.5],
					"cubes": [
						{"origin": [25.75, 16, 1.5], "size": [4, 5, 0], "uv": [51, 14]}
					]
				},
				{
					"name": "cape_end3",
					"parent": "cape_left2",
					"pivot": [26, 16, 1.51],
					"rotation": [0, 0, 47.5],
					"cubes": [
						{"origin": [26, 11, 1.5], "size": [4, 5, 0], "uv": [51, 19]}
					]
				},
				{
					"name": "cape_right",
					"parent": "chest",
					"pivot": [0, 26.5, 1.51],
					"rotation": [0, 0, -25],
					"cubes": [
						{"origin": [-11, 17.5, 1.51], "size": [11, 9, 0], "uv": [48, 0], "mirror": true}
					]
				},
				{
					"name": "cape_right2",
					"parent": "cape_right",
					"pivot": [-11, 26.5, 1.51],
					"cubes": [
						{"origin": [-26, 12.5, 1.51], "size": [15, 14, 0], "uv": [59, 9], "mirror": true}
					]
				},
				{
					"name": "cape_end_right1",
					"parent": "cape_right2",
					"pivot": [-26, 26.5, 1.51],
					"cubes": [
						{"origin": [-30, 21.5, 1.51], "size": [4, 5, 0], "uv": [51, 9], "mirror": true}
					]
				},
				{
					"name": "cape_end_right2",
					"parent": "cape_right2",
					"pivot": [-26, 20.5, 1.51],
					"rotation": [0, 0, -7.5],
					"cubes": [
						{"origin": [-29.75, 16, 1.5], "size": [4, 5, 0], "uv": [51, 14], "mirror": true}
					]
				},
				{
					"name": "cape_end_right3",
					"parent": "cape_right2",
					"pivot": [-26, 16, 1.51],
					"rotation": [0, 0, -47.5],
					"cubes": [
						{"origin": [-30, 11, 1.5], "size": [4, 5, 0], "uv": [51, 19], "mirror": true}
					]
				},
				{
					"name": "chest_spike",
					"parent": "chest",
					"pivot": [0, 26.2, -1.5],
					"cubes": [
						{"origin": [0, 22.5, -4], "size": [0, 4, 9], "uv": [33, 3]}
					]
				},
				{
					"name": "arms",
					"parent": "chest",
					"pivot": [0, 27.5, 0]
				},
				{
					"name": "arm_left",
					"parent": "arms",
					"pivot": [1.5, 27.5, 0],
					"cubes": [
						{"origin": [1.5, 26.5, -0.5], "size": [9, 1, 1], "uv": [0, 37]}
					]
				},
				{
					"name": "arm_left2",
					"parent": "arm_left",
					"pivot": [10, 27, -0.5],
					"rotation": [0, 90, 0],
					"cubes": [
						{"origin": [8, 25.8, -0.5], "size": [10, 2, 2], "inflate": 0.01, "uv": [0, 31]},
						{"origin": [10, 27.81, 0], "size": [4, 0, 1], "uv": [15, 40]},
						{"origin": [4.5, 26.8, 1.5], "size": [12, 0, 4], "uv": [24, 48]},
						{"origin": [7, 26.2, -0.5], "size": [1, 1, 2], "inflate": 0.01, "uv": [42, 3]}
					]
				},
				{
					"name": "arm_blade_left",
					"parent": "arm_left2",
					"pivot": [8, 26.9, 1.5],
					"cubes": [
						{"origin": [3, 26.2, -0.5], "size": [5, 1, 2], "uv": [39, 25]}
					]
				},
				{
					"name": "arm_blade_left2",
					"parent": "arm_blade_left",
					"pivot": [3, 26.8, 1.5],
					"cubes": [
						{"origin": [-3.5, 26.8, -1.5], "size": [8, 0, 4], "uv": [20, 44]}
					]
				},
				{
					"name": "hand_left",
					"parent": "arm_left2",
					"pivot": [18, 27.8, 0.5]
				},
				{
					"name": "finger_front_left",
					"parent": "hand_left",
					"pivot": [18, 25.8, -0.5],
					"cubes": [
						{"origin": [18, 25.8, -0.5], "size": [2, 2, 0], "uv": [18, 21]}
					]
				},
				{
					"name": "finger_center_left",
					"parent": "hand_left",
					"pivot": [18, 25.8, 0.5],
					"cubes": [
						{"origin": [17.5, 25.8, 0.5], "size": [4, 2, 0], "uv": [22, 21]}
					]
				},
				{
					"name": "finger_back_left",
					"parent": "hand_left",
					"pivot": [18, 25.8, 1.5],
					"cubes": [
						{"origin": [18, 25.8, 1.5], "size": [2, 2, 0], "uv": [14, 21]}
					]
				},
				{
					"name": "arm_right",
					"parent": "arms",
					"pivot": [-1.5, 27.5, 0],
					"cubes": [
						{"origin": [-10.5, 26.5, -0.5], "size": [9, 1, 1], "uv": [0, 35]}
					]
				},
				{
					"name": "arm_right2",
					"parent": "arm_right",
					"pivot": [-10, 27, -0.5],
					"rotation": [0, -90, 0],
					"cubes": [
						{"origin": [-18, 25.8, -0.5], "size": [10, 2, 2], "inflate": 0.01, "uv": [0, 27]},
						{"origin": [-14, 27.81, 0], "size": [4, 0, 1], "uv": [15, 41]},
						{"origin": [-16.5, 26.8, 1.5], "size": [12, 0, 4], "uv": [24, 40]},
						{"origin": [-8, 26.2, -0.5], "size": [1, 1, 2], "inflate": 0.01, "uv": [42, 0]}
					]
				},
				{
					"name": "arm_blade_right",
					"parent": "arm_right2",
					"pivot": [-8, 26.9, 1.5],
					"cubes": [
						{"origin": [-8, 26.2, -0.5], "size": [5, 1, 2], "uv": [39, 22]}
					]
				},
				{
					"name": "arm_blade_right2",
					"parent": "arm_blade_right",
					"pivot": [-3, 26.8, 1.5],
					"cubes": [
						{"origin": [-4.5, 26.8, -1.5], "size": [8, 0, 4], "uv": [36, 44]}
					]
				},
				{
					"name": "hand_right",
					"parent": "arm_right2",
					"pivot": [-18, 27.8, 0.5]
				},
				{
					"name": "finger_front_right",
					"parent": "hand_right",
					"pivot": [-18, 25.8, -0.5],
					"cubes": [
						{"origin": [-20, 25.8, -0.5], "size": [2, 2, 0], "uv": [18, 23]}
					]
				},
				{
					"name": "finger_center_right",
					"parent": "hand_right",
					"pivot": [-18, 25.8, 0.5],
					"cubes": [
						{"origin": [-21.5, 25.8, 0.5], "size": [4, 2, 0], "uv": [14, 25]}
					]
				},
				{
					"name": "finger_back_right",
					"parent": "hand_right",
					"pivot": [-18, 25.8, 1.5],
					"cubes": [
						{"origin": [-20, 25.8, 1.5], "size": [2, 2, 0], "uv": [14, 23]}
					]
				},
				{
					"name": "neck",
					"parent": "chest",
					"pivot": [0, 27.5, 0],
					"cubes": [
						{"origin": [-0.5, 26.75, -0.5], "size": [1, 3, 1], "uv": [2, 2]}
					]
				},
				{
					"name": "Head",
					"parent": "neck",
					"pivot": [0, 28.5, 0],
					"cubes": [
						{"origin": [-1.8, 28.5, -2.7], "size": [6, 6, 6], "pivot": [0, 28.5, 1.5], "rotation": [0, 45, 0], "uv": [0, 0]}
					]
				},
				{
					"name": "mouth_open",
					"parent": "Head",
					"pivot": [0, 28.6, 1.6],
					"cubes": [
						{"origin": [3.2, 28.6, -2.6], "size": [1, 1, 1], "inflate": 0.01, "pivot": [0, 28.6, 1.6], "rotation": [0, 45, 0], "uv": [44, 28]}
					]
				},
				{
					"name": "hair",
					"parent": "Head",
					"pivot": [0, 32.25, -0.7],
					"rotation": [7.5, 0, 0],
					"cubes": [
						{"origin": [-1.8, 29.25, -3.4], "size": [6, 6, 6], "pivot": [0, 29.25, 0.8], "rotation": [0, 45, 0], "uv": [24, 0]}
					]
				},
				{
					"name": "eyes",
					"parent": "Head",
					"pivot": [0, 31.5, 3.5]
				},
				{
					"name": "eye_left",
					"parent": "eyes",
					"pivot": [2.75, 31.25, -1.7],
					"rotation": [0, -45, 0]
				},
				{
					"name": "eye_left_rotation",
					"parent": "eye_left",
					"pivot": [2.5, 31.25, -1.7],
					"rotation": [0, 0, -5],
					"cubes": [
						{"origin": [0.75, 29.5, -1.71], "size": [3, 3, 0], "uv": [0, 12]},
						{"origin": [1, 30, -1.72], "size": [2, 3, 0], "uv": [6, 12]}
					]
				},
				{
					"name": "pupil_left",
					"parent": "eye_left_rotation",
					"pivot": [2, 31.5, -1.73],
					"cubes": [
						{"origin": [1.5, 30.5, -1.73], "size": [1, 2, 0], "uv": [10, 12]}
					]
				},
				{
					"name": "eye_shine_left",
					"parent": "eye_left_rotation",
					"pivot": [1.5, 32, -1.74],
					"cubes": [
						{"origin": [1, 31.5, -1.74], "size": [1, 1, 0], "uv": [10, 14]}
					]
				},
				{
					"name": "eyelid_left",
					"parent": "eye_left_rotation",
					"pivot": [2.25, 31, -1.1],
					"cubes": [
						{"origin": [0.75, 29.5, -1.64], "size": [3, 3, 1], "inflate": 0.01, "uv": [26, 12]}
					]
				},
				{
					"name": "eye_right",
					"parent": "eyes",
					"pivot": [-2.75, 31.25, -1.7],
					"rotation": [0, 45, 0]
				},
				{
					"name": "eye_right_rotation",
					"parent": "eye_right",
					"pivot": [-2.5, 31.25, -1.7],
					"rotation": [0, 0, 5],
					"cubes": [
						{"origin": [-3.75, 29.5, -1.71], "size": [3, 3, 0], "uv": [12, 12], "mirror": true},
						{"origin": [-3, 30, -1.72], "size": [2, 3, 0], "uv": [18, 12], "mirror": true}
					]
				},
				{
					"name": "pupil_right",
					"parent": "eye_right_rotation",
					"pivot": [-2, 31.5, -1.73],
					"cubes": [
						{"origin": [-2.5, 30.5, -1.73], "size": [1, 2, 0], "uv": [22, 12], "mirror": true}
					]
				},
				{
					"name": "eye_shine_right",
					"parent": "eye_right_rotation",
					"pivot": [-1.5, 32, -1.74],
					"cubes": [
						{"origin": [-2, 31.5, -1.74], "size": [1, 1, 0], "uv": [22, 14], "mirror": true}
					]
				},
				{
					"name": "eyelid_right",
					"parent": "eye_right_rotation",
					"pivot": [-2.25, 31, -1.1],
					"cubes": [
						{"origin": [-3.75, 29.5, -1.64], "size": [3, 3, 1], "inflate": 0.01, "uv": [26, 16], "mirror": true}
					]
				},
				{
					"name": "hair_blade",
					"parent": "Head",
					"pivot": [0, 35.15, -1.15],
					"cubes": [
						{"origin": [0, 29.65, -3.15], "size": [0, 12, 9], "uv": [37, 43]},
						{"origin": [0, 29.55, -6.35], "size": [0, 6, 6], "inflate": 0.01, "pivot": [0, 34.4, -5.5], "rotation": [7.5, 0, 0], "uv": [14, 9]},
						{"origin": [-1.5, 29.55, -5.85], "size": [0, 5, 3], "inflate": 0.01, "pivot": [0, 34.4, -5.5], "rotation": [7.5, 0, -15], "uv": [0, 19]},
						{"origin": [1.5, 29.55, -5.85], "size": [0, 5, 3], "inflate": 0.01, "pivot": [0, 34.4, -5.5], "rotation": [7.5, 0, 15], "uv": [0, 19], "mirror": true}
					]
				},
				{
					"name": "head_side_left",
					"parent": "Head",
					"pivot": [3.5, 29.2, -1],
					"rotation": [30, 47.5, 0],
					"cubes": [
						{"origin": [3.47, 29.15, -0.95], "size": [0, 3, 6], "uv": [1, 10]},
						{"origin": [3.45, 29.4, -0.2], "size": [0, 1, 2], "pivot": [3.45, 29.15, -0.95], "rotation": [-15, 0, 0], "uv": [26, -2]}
					]
				},
				{
					"name": "head_side_right",
					"parent": "Head",
					"pivot": [-3.5, 29.2, -1],
					"rotation": [30, -47.5, 0],
					"cubes": [
						{"origin": [-3.47, 29.15, -0.95], "size": [0, 3, 6], "uv": [1, 13], "mirror": true},
						{"origin": [-3.45, 29.4, -0.2], "size": [0, 1, 2], "pivot": [-3.45, 29.15, -0.95], "rotation": [-15, 0, 0], "uv": [26, -1], "mirror": true}
					]
				},
				{
					"name": "legs",
					"parent": "body",
					"pivot": [0, 16.5, 0]
				},
				{
					"name": "leg_right",
					"parent": "legs",
					"pivot": [-2, 16.5, 0],
					"cubes": [
						{"origin": [-3, 9.5, -1], "size": [2, 7, 2], "uv": [8, 39]}
					]
				},
				{
					"name": "leg_right2",
					"parent": "leg_right",
					"pivot": [-2, 10, -1],
					"cubes": [
						{"origin": [-3.5, 5, -1.5], "size": [3, 5, 3], "uv": [0, 56]}
					]
				},
				{
					"name": "foot_right",
					"parent": "leg_right2",
					"pivot": [-2, 5, 0],
					"cubes": [
						{"origin": [-4, 0, -2], "size": [4, 6, 4], "uv": [12, 54]}
					]
				},
				{
					"name": "leg_left",
					"parent": "legs",
					"pivot": [2, 16.5, 0],
					"cubes": [
						{"origin": [1, 9.5, -1], "size": [2, 7, 2], "uv": [0, 39], "mirror": true}
					]
				},
				{
					"name": "leg_left2",
					"parent": "leg_left",
					"pivot": [2, 10, -1],
					"cubes": [
						{"origin": [0.5, 5, -1.5], "size": [3, 5, 3], "uv": [0, 48], "mirror": true}
					]
				},
				{
					"name": "foot_left",
					"parent": "leg_left2",
					"pivot": [2, 5, 0],
					"cubes": [
						{"origin": [0, 0, -2], "size": [4, 6, 4], "uv": [12, 44], "mirror": true}
					]
				}
			]
		}
	]
}