{
	"format_version": "1.12.0",
	"minecraft:geometry": [
		{
			"description": {
				"identifier": "geometry.garchomp",
				"texture_width": 128,
				"texture_height": 128,
				"visible_bounds_width": 6,
				"visible_bounds_height": 4.5,
				"visible_bounds_offset": [0, 1.75, 0]
			},
			"bones": [
				{
					"name": "garchomp",
					"pivot": [0, 0, 0]
				},
				{
					"name": "body",
					"parent": "garchomp",
					"pivot": [0, 24.2, 0]
				},
				{
					"name": "torso",
					"parent": "body",
					"pivot": [0, 18, 0],
					"cubes": [
						{"origin": [-3.5, 16.7, -3], "size": [7, 11, 6], "uv": [94, 0]}
					]
				},
				{
					"name": "bone4",
					"parent": "torso",
					"pivot": [-3.5, 24.9019, -3],
					"rotation": [0, -22.5, 0],
					"cubes": [
						{"origin": [-4.5, 24.78579, -3], "size": [2, 2, 0], "pivot": [-3.5, 25.78579, -3], "rotation": [0, 0, -45], "uv": [94, 75], "mirror": true},
						{"origin": [-4, 22.70736, -3], "size": [2, 2, 0], "pivot": [-3.5, 22.95736, -3], "rotation": [0, 0, -45], "uv": [94, 75], "mirror": true},
						{"origin": [-5.25, 21.20736, -3], "size": [2, 2, 0], "pivot": [-3.5, 22.95736, -3], "rotation": [0, 0, -45], "uv": [94, 75], "mirror": true}
					]
				},
				{
					"name": "bone2",
					"parent": "torso",
					"pivot": [3.5, 24.9019, -3],
					"rotation": [0, 22.5, 0],
					"cubes": [
						{"origin": [2.5, 24.78579, -3], "size": [2, 2, 0], "pivot": [3.5, 25.78579, -3], "rotation": [0, 0, 45], "uv": [94, 75]},
						{"origin": [2, 22.70736, -3], "size": [2, 2, 0], "pivot": [3.5, 22.95736, -3], "rotation": [0, 0, 45], "uv": [94, 75]},
						{"origin": [3.25, 21.20736, -3], "size": [2, 2, 0], "pivot": [3.5, 22.95736, -3], "rotation": [0, 0, 45], "uv": [94, 75]}
					]
				},
				{
					"name": "chest",
					"parent": "torso",
					"pivot": [0, 27.2, 0],
					"cubes": [
						{"origin": [-4.5, 27.2, -4], "size": [9, 6, 7], "inflate": 0.01, "uv": [0, 0]}
					]
				},
				{
					"name": "bone",
					"parent": "chest",
					"pivot": [4.51, 30.79579, -4.01],
					"rotation": [0, 45, 0],
					"cubes": [
						{"origin": [3.51, 29.79579, -4.01], "size": [2, 2, 0], "pivot": [4.51, 30.79579, -4.01], "rotation": [0, 0, 45], "uv": [94, 75]},
						{"origin": [3.01, 27.39711, -4.01], "size": [2, 2, 0], "pivot": [4.51, 27.89711, -4.01], "rotation": [0, 0, 45], "uv": [94, 75]}
					]
				},
				{
					"name": "bone3",
					"parent": "chest",
					"pivot": [-4.51, 30.79579, -4.01],
					"rotation": [0, -45, 0],
					"cubes": [
						{"origin": [-5.51, 29.79579, -4.01], "size": [2, 2, 0], "pivot": [-4.51, 30.79579, -4.01], "rotation": [0, 0, -45], "uv": [94, 75], "mirror": true},
						{"origin": [-5.01, 27.39711, -4.01], "size": [2, 2, 0], "pivot": [-4.51, 27.89711, -4.01], "rotation": [0, 0, -45], "uv": [94, 75], "mirror": true}
					]
				},
				{
					"name": "fin",
					"parent": "chest",
					"pivot": [0, 30.7, 2.5],
					"cubes": [
						{"origin": [0, 25.2, 1], "size": [0, 9, 21], "uv": [20, 63]}
					]
				},
				{
					"name": "neck0",
					"parent": "chest",
					"pivot": [0, 32.95, -0.5]
				},
				{
					"name": "neck",
					"parent": "neck0",
					"pivot": [0, 31.7, 1.25],
					"cubes": [
						{"origin": [-3.5, 31.7, -3], "size": [7, 8, 5], "inflate": 0.01, "uv": [48, 19]}
					]
				},
				{
					"name": "head",
					"parent": "neck",
					"pivot": [0, 39.7, -0.5],
					"cubes": [
						{"origin": [-4, 38.7, -7.5], "size": [8, 4, 8], "inflate": 0.003, "pivot": [0, 38.7, -3.5], "rotation": [0, -45, 0], "uv": [92, 32]},
						{"origin": [-1.47235, 37.71639, -8.49929], "size": [0, 1, 1], "pivot": [-1.49735, 37.21639, -6.99929], "rotation": [-45, -45, 0], "uv": [0, 3]},
						{"origin": [-1.97235, 38.4235, -6.99929], "size": [0, 1, 1], "pivot": [-1.99735, 37.9235, -6.49929], "rotation": [-45, -45, 0], "uv": [0, 3]},
						{"origin": [-3.15561, 38.13061, -5.35081], "size": [0, 1, 1], "pivot": [-3.35561, 38.63061, -4.85081], "rotation": [45, -15, 0], "uv": [0, 2]},
						{"origin": [3.15561, 38.13061, -5.35081], "size": [0, 1, 1], "pivot": [3.35561, 38.63061, -4.85081], "rotation": [45, 15, 0], "uv": [0, 2], "mirror": true},
						{"origin": [1.97235, 38.4235, -6.99929], "size": [0, 1, 1], "pivot": [1.99735, 37.9235, -6.49929], "rotation": [-45, 45, 0], "uv": [0, 3], "mirror": true},
						{"origin": [1.47235, 37.71639, -8.49929], "size": [0, 1, 1], "pivot": [1.49735, 37.21639, -6.99929], "rotation": [-45, 45, 0], "uv": [0, 3], "mirror": true},
						{"origin": [3.5, 41.2, -5], "size": [4, 1, 3], "uv": [75, 66]},
						{"origin": [-4, 37.7, -7.5], "size": [0, 2, 3], "pivot": [0, 38.7, -3.5], "rotation": [0, -45, 0], "uv": [0, 16]},
						{"origin": [-4, 37.7, -7.5], "size": [3, 2, 0], "pivot": [0, 38.7, -3.5], "rotation": [0, -45, 0], "uv": [18, 19]},
						{"origin": [-3.5, 39.7, -4], "size": [7, 3, 6], "inflate": 0.002, "uv": [48, 51]},
						{"origin": [-9.5, 40.2, -7], "size": [3, 3, 7], "uv": [20, 61]},
						{"origin": [-9, 40.7, -8], "size": [2, 2, 1], "uv": [39, 63]},
						{"origin": [-9, 40.7, 0], "size": [2, 2, 1], "uv": [39, 59]},
						{"origin": [7, 40.7, 0], "size": [2, 2, 1], "uv": [39, 59], "mirror": true},
						{"origin": [7, 40.7, -8], "size": [2, 2, 1], "uv": [39, 63], "mirror": true},
						{"origin": [-7.5, 41.2, -5], "size": [4, 1, 3], "uv": [78, 6]},
						{"origin": [6.5, 40.2, -7], "size": [3, 3, 7], "uv": [41, 60]},
						{"origin": [-3.5, 37.7, -3.025], "size": [7, 3, 3], "inflate": -0.001, "uv": [0, 86]}
					]
				},
				{
					"name": "eye_right",
					"parent": "head",
					"pivot": [-2.8355, 39.95, -5.62839],
					"cubes": [
						{"origin": [-3.3355, 38.95, -7.12839], "size": [1, 1, 2], "inflate": 0.001, "pivot": [-2.8355, 39.95, -5.62839], "rotation": [0, -45, 0], "uv": [71, 81], "mirror": true},
						{"origin": [-3.3355, 39.45, -6.62839], "size": [1, 1, 2], "inflate": 0.001, "pivot": [-2.8355, 39.95, -5.62839], "rotation": [0, -45, 0], "uv": [71, 81], "mirror": true},
						{"origin": [-3.3355, 38.95, -7.62839], "size": [1, 1, 2], "inflate": 0.001, "pivot": [-2.8355, 39.95, -5.62839], "rotation": [0, -45, 0], "uv": [71, 81], "mirror": true},
						{"origin": [-4.013, 39.2, -4.4], "size": [0, 1, 1], "pivot": [0, 37.7, -3.5], "rotation": [0, -45, 0], "uv": [89, 22]},
						{"origin": [-4.215, 39.2, -4.5], "size": [1, 1, 1], "inflate": -0.2, "pivot": [0, 37.7, -3.5], "rotation": [0, -45, 0], "uv": [89, 25]}
					]
				},
				{
					"name": "eyelid_right2",
					"parent": "eye_right",
					"pivot": [-2.8355, 39.95, -5.62839],
					"cubes": [
						{"origin": [-3.33903, 39.95, -7.10693], "size": [1, 1, 3], "inflate": 0.001, "pivot": [-2.83903, 40.45, -5.63193], "rotation": [0, -45, 0], "uv": [85, 14]}
					]
				},
				{
					"name": "eyelid_right",
					"parent": "eye_right",
					"pivot": [-2.8355, 40.2, -5.52839],
					"cubes": [
						{"origin": [-4.01, 38.95, -4.4], "size": [1, 2, 3], "inflate": 0.01, "pivot": [0, 37.7, -3.4], "rotation": [0, -45, 0], "uv": [42, 77], "mirror": true}
					]
				},
				{
					"name": "eye_left",
					"parent": "head",
					"pivot": [2.8355, 39.95, -5.62839],
					"cubes": [
						{"origin": [2.3355, 38.95, -7.12839], "size": [1, 1, 2], "inflate": 0.001, "pivot": [2.8355, 39.95, -5.62839], "rotation": [0, 45, 0], "uv": [71, 81]},
						{"origin": [2.3355, 39.45, -6.62839], "size": [1, 1, 2], "inflate": 0.001, "pivot": [2.8355, 39.95, -5.62839], "rotation": [0, 45, 0], "uv": [71, 81]},
						{"origin": [2.3355, 38.95, -7.62839], "size": [1, 1, 2], "inflate": 0.001, "pivot": [2.8355, 39.95, -5.62839], "rotation": [0, 45, 0], "uv": [71, 81]},
						{"origin": [4.013, 39.2, -4.4], "size": [0, 1, 1], "pivot": [0, 37.7, -3.5], "rotation": [0, 45, 0], "uv": [89, 22], "mirror": true},
						{"origin": [3.215, 39.2, -4.5], "size": [1, 1, 1], "inflate": -0.2, "pivot": [0, 37.7, -3.5], "rotation": [0, 45, 0], "uv": [89, 25], "mirror": true}
					]
				},
				{
					"name": "eyelid_left2",
					"parent": "eye_left",
					"pivot": [2.8355, 39.95, -5.62839],
					"cubes": [
						{"origin": [2.33903, 39.95, -7.10693], "size": [1, 1, 3], "inflate": 0.001, "pivot": [2.83903, 40.45, -5.63193], "rotation": [0, 45, 0], "uv": [85, 14], "mirror": true}
					]
				},
				{
					"name": "eyelid_left",
					"parent": "eye_left",
					"pivot": [2.8355, 40.2, -5.52839],
					"cubes": [
						{"origin": [3.01, 38.95, -4.4], "size": [1, 2, 3], "inflate": 0.01, "pivot": [0, 37.7, -3.4], "rotation": [0, 45, 0], "uv": [42, 77]}
					]
				},
				{
					"name": "jaw",
					"parent": "head",
					"pivot": [0, 39.7, -2.25],
					"cubes": [
						{"origin": [-2.5, 35.7, -7.5], "size": [5, 2, 5], "inflate": -0.0265, "pivot": [0, 36.7, -5], "rotation": [0, -45, 0], "uv": [66, 38]},
						{"origin": [-2.82235, 37.1735, -5.99929], "size": [0, 1, 1], "pivot": [-2.99735, 37.6735, -5.49929], "rotation": [-45, -45, 0], "uv": [0, 2]},
						{"origin": [-1.82235, 37.1735, -6.99929], "size": [0, 1, 1], "pivot": [-1.99735, 37.6735, -6.49929], "rotation": [-45, -45, 0], "uv": [0, 3]},
						{"origin": [-1.32235, 36.46639, -8.49929], "size": [0, 1, 1], "pivot": [-1.49735, 36.96639, -6.99929], "rotation": [-45, -45, 0], "uv": [0, 3]},
						{"origin": [2.82235, 37.1735, -5.99929], "size": [0, 1, 1], "pivot": [2.99735, 37.6735, -5.49929], "rotation": [-45, 45, 0], "uv": [0, 2], "mirror": true},
						{"origin": [1.82235, 37.1735, -6.99929], "size": [0, 1, 1], "pivot": [1.99735, 37.6735, -6.49929], "rotation": [-45, 45, 0], "uv": [0, 3], "mirror": true},
						{"origin": [1.32235, 36.46639, -8.49929], "size": [0, 1, 1], "pivot": [1.49735, 36.96639, -6.99929], "rotation": [-45, 45, 0], "uv": [0, 3], "mirror": true},
						{"origin": [-3.5, 35.7, -5], "size": [7, 2, 4], "uv": [65, 0]},
						{"origin": [3.5, 37.7, -5], "size": [0, 2, 3], "uv": [86, -3]},
						{"origin": [-3.5, 37.7, -5], "size": [0, 2, 3], "uv": [86, -3], "mirror": true},
						{"origin": [-2, 37.2, -6], "size": [4, 1, 4], "uv": [39, 0]},
						{"origin": [3.51, 35.69, -3.01], "size": [0, 3, 4], "pivot": [3.51, 37.19, -3.01], "rotation": [0, 10, 0], "uv": [95, 52]},
						{"origin": [-3.51, 35.69, -3.01], "size": [0, 3, 4], "pivot": [-3.51, 37.19, -3.01], "rotation": [0, -10, 0], "uv": [95, 52], "mirror": true}
					]
				},
				{
					"name": "arm_left",
					"parent": "chest",
					"pivot": [3.75, 30.7, -1],
					"cubes": [
						{"origin": [3.25, 28.7, -3], "size": [4, 4, 4], "uv": [72, 19]},
						{"origin": [3.71653, 29.15638, -3], "size": [5, 4, 4], "inflate": 0.01, "pivot": [5.21653, 31.15638, -1], "rotation": [0, 0, -15], "uv": [108, 50]}
					]
				},
				{
					"name": "arm_left2",
					"parent": "arm_left",
					"pivot": [6.75, 30.2, -1],
					"cubes": [
						{"origin": [6.25, 29.2, -2], "size": [7, 2, 2], "uv": [25, 0]},
						{"origin": [10, 35.2, -1], "size": [2, 2, 0], "pivot": [9.75, 32.2, -1], "rotation": [0, 0, -180], "uv": [14, 19]},
						{"origin": [7.5, 35.2, -1], "size": [2, 2, 0], "pivot": [9.75, 32.2, -1], "rotation": [0, 0, -180], "uv": [10, 19]}
					]
				},
				{
					"name": "arm_left3",
					"parent": "arm_left2",
					"pivot": [13.15, 30.2, -1],
					"cubes": [
						{"origin": [13.25, 29.2, -2], "size": [8, 2, 2], "inflate": 0.1, "uv": [85, 88]},
						{"origin": [18.25, 13.1, -1], "size": [9, 25, 0], "uv": [107, 92]}
					]
				},
				{
					"name": "arm_right",
					"parent": "chest",
					"pivot": [-3.75, 30.7, -1],
					"cubes": [
						{"origin": [-7.25, 28.7, -3], "size": [4, 4, 4], "uv": [71, 71]},
						{"origin": [-8.71653, 29.15638, -3], "size": [5, 4, 4], "inflate": 0.01, "pivot": [-5.21653, 31.15638, -1], "rotation": [0, 0, 15], "uv": [108, 50], "mirror": true}
					]
				},
				{
					"name": "arm_right2",
					"parent": "arm_right",
					"pivot": [-6.75, 30.2, -1],
					"cubes": [
						{"origin": [-13.25, 29.2, -2], "size": [7, 2, 2], "uv": [24, 17]},
						{"origin": [-12, 35.2, -1], "size": [2, 2, 0], "pivot": [-9.75, 32.2, -1], "rotation": [0, 0, -180], "uv": [6, 19]},
						{"origin": [-9.5, 35.2, -1], "size": [2, 2, 0], "pivot": [-9.75, 32.2, -1], "rotation": [0, 0, -180], "uv": [0, 1]}
					]
				},
				{
					"name": "arm_right3",
					"parent": "arm_right2",
					"pivot": [-13.15, 30.2, -1],
					"cubes": [
						{"origin": [-21.25, 29.2, -2], "size": [8, 2, 2], "inflate": 0.1, "uv": [85, 93]},
						{"origin": [-27.25, 13.1, -1], "size": [9, 25, 0], "uv": [107, 92], "mirror": true}
					]
				},
				{
					"name": "tail",
					"parent": "torso",
					"pivot": [0, 16.7, -3],
					"rotation": [-45, 0, 0],
					"cubes": [
						{"origin": [-3.5, 16.7, -3], "size": [7, 7, 7], "uv": [0, 30]}
					]
				},
				{
					"name": "tail2",
					"parent": "tail",
					"pivot": [0, 19.7, 3.5],
					"cubes": [
						{"origin": [-3, 17.2, 2], "size": [6, 6, 7], "uv": [47, 38]}
					]
				},
				{
					"name": "tail3",
					"parent": "tail2",
					"pivot": [0, 19.7, 8.5],
					"cubes": [
						{"origin": [-2.5, 17.7, 7], "size": [5, 5, 7], "uv": [48, 0]}
					]
				},
				{
					"name": "tail4",
					"parent": "tail3",
					"pivot": [0, 19.7, 13.5],
					"cubes": [
						{"origin": [-2, 18.2, 12.75], "size": [4, 4, 6], "uv": [0, 60]},
						{"origin": [-1, 19.2, 21.75], "size": [2, 2, 2], "uv": [81, 39]},
						{"origin": [-1.5, 18.7, 18.75], "size": [3, 3, 3], "uv": [21, 30]},
						{"origin": [0, 11.7, 17.75], "size": [0, 7, 11], "uv": [19, 40]},
						{"origin": [0, 21.7, 17.75], "size": [0, 7, 11], "uv": [18, 33]}
					]
				},
				{
					"name": "leg_left0",
					"parent": "body",
					"pivot": [3, 16.2, 0.25],
					"rotation": [0, 0, -15]
				},
				{
					"name": "leg_left1",
					"parent": "leg_left0",
					"pivot": [3, 16.2, 0.25],
					"rotation": [-35, -15, 0],
					"cubes": [
						{"origin": [1, 7.7, -2.75], "size": [6, 11, 6], "uv": [46, 96]},
						{"origin": [4, 6.45, -5.5], "size": [0, 3, 5], "pivot": [4, 7.2, -1.75], "rotation": [45, 0, 0], "uv": [95, 76], "mirror": true},
						{"origin": [4, 12.7, -6.75], "size": [0, 2, 4], "uv": [62, 71]},
						{"origin": [4, 9.7, -6.75], "size": [0, 2, 4], "uv": [28, 70]}
					]
				},
				{
					"name": "leg_left2",
					"parent": "leg_left1",
					"pivot": [4, 8.2, -0.25],
					"rotation": [50, 0, 15],
					"cubes": [
						{"origin": [2.5, 4.7, -0.75], "size": [3, 4, 3], "uv": [28, 77]},
						{"origin": [2.5, -2.3, -0.75], "size": [3, 7, 4], "uv": [14, 71]}
					]
				},
				{
					"name": "foot_left",
					"parent": "leg_left2",
					"pivot": [4, -2.3, 3.25],
					"rotation": [15, 0, 2.5],
					"cubes": [
						{"origin": [2, -2.3, 0.25], "size": [4, 3, 3], "uv": [51, 75]}
					]
				},
				{
					"name": "foot_left2",
					"parent": "foot_left",
					"pivot": [4, -2.3, 0.25],
					"rotation": [-30, 0, 0],
					"cubes": [
						{"origin": [1.5, -2.3, -3.75], "size": [5, 3, 4], "uv": [36, 70]},
						{"origin": [2.5, -2.3, -7.75], "size": [0, 3, 4], "pivot": [2.5, -0.8, -3.75], "rotation": [0, 10, 0], "uv": [65, 75]},
						{"origin": [4, -2.3, -7.75], "size": [0, 3, 4], "uv": [37, 73]},
						{"origin": [5.5, -2.3, -7.75], "size": [0, 3, 4], "pivot": [5.5, -0.8, -3.75], "rotation": [0, -10, 0], "uv": [72, 23]}
					]
				},
				{
					"name": "leg_right0",
					"parent": "body",
					"pivot": [-3, 16.2, 0.25],
					"rotation": [0, 0, 15]
				},
				{
					"name": "leg_right1",
					"parent": "leg_right0",
					"pivot": [-3, 16.2, 0.25],
					"rotation": [-35, 15, 0],
					"cubes": [
						{"origin": [-7, 7.7, -2.75], "size": [6, 11, 6], "uv": [19, 96]},
						{"origin": [-4, 12.7, -6.75], "size": [0, 2, 4], "uv": [50, 66]},
						{"origin": [-4, 9.7, -6.75], "size": [0, 2, 4], "uv": [48, 28]},
						{"origin": [-4, 6.45, -5.5], "size": [0, 3, 5], "pivot": [-4, 7.2, -1.75], "rotation": [45, 0, 0], "uv": [95, 76]}
					]
				},
				{
					"name": "leg_right2",
					"parent": "leg_right1",
					"pivot": [-4, 8.2, -0.25],
					"rotation": [50, 0, -15],
					"cubes": [
						{"origin": [-5.5, 4.7, -0.75], "size": [3, 4, 3], "uv": [77, 27]},
						{"origin": [-5.5, -2.3, -0.75], "size": [3, 7, 4], "uv": [68, 8]}
					]
				},
				{
					"name": "foot_right",
					"parent": "leg_right2",
					"pivot": [-4, -2.3, 3.25],
					"rotation": [15, 0, -2.5],
					"cubes": [
						{"origin": [-6, -2.3, 0.25], "size": [4, 3, 3], "uv": [74, 54]}
					]
				},
				{
					"name": "foot_right2",
					"parent": "foot_right",
					"pivot": [-4, -2.3, 0.25],
					"rotation": [-30, 0, 0],
					"cubes": [
						{"origin": [-6.5, -2.3, -3.75], "size": [5, 3, 4], "uv": [69, 47]},
						{"origin": [-2.5, -2.3, -7.75], "size": [0, 3, 4], "pivot": [-2.5, -0.8, -3.75], "rotation": [0, -10, 0], "uv": [68, 50]},
						{"origin": [-4, -2.3, -7.75], "size": [0, 3, 4], "uv": [32, 67]},
						{"origin": [-5.5, -2.3, -7.75], "size": [0, 3, 4], "pivot": [-5.5, -0.8, -3.75], "rotation": [0, 10, 0], "uv": [24, 67]}
					]
				}
			]
		}
	]
}