{
	"format_version": "1.12.0",
	"minecraft:geometry": [
		{
			"description": {
				"identifier": "geometry.gardevoir",
				"texture_width": 128,
				"texture_height": 64,
				"visible_bounds_width": 3,
				"visible_bounds_height": 3.5,
				"visible_bounds_offset": [0, 1.25, 0]
			},
			"bones": [
				{
					"name": "gardevoir",
					"pivot": [0, 0, 0]
				},
				{
					"name": "body",
					"parent": "gardevoir",
					"pivot": [0, 0, 0]
				},
				{
					"name": "torso",
					"parent": "body",
					"pivot": [0, 16.5, 0],
					"cubes": [
						{"origin": [-2, 16.5, -1.5], "size": [4, 3, 3], "inflate": 0.01, "uv": [50, 19]}
					]
				},
				{
					"name": "skirt",
					"parent": "torso",
					"pivot": [0, 0, 0],
					"cubes": [
						{"origin": [-4.5, 17.5, -3.5], "size": [4, 1, 8], "inflate": 0.01, "uv": [64, 4]},
						{"origin": [0.5, 17.5, -3.5], "size": [4, 1, 8], "inflate": 0.01, "uv": [61, 13]},
						{"origin": [-4.5, 15.5, -3.5], "size": [9, 2, 8], "inflate": 0.01, "uv": [81, 0]}
					]
				},
				{
					"name": "skirt_front",
					"parent": "skirt",
					"pivot": [0, 15.5, -3.5],
					"rotation": [-20, 0, 0],
					"cubes": [
						{"origin": [-2.5, 11.5, -3.5], "size": [5, 4, 0], "inflate": 0.01, "uv": [63, 31]}
					]
				},
				{
					"name": "skirt_front2",
					"parent": "skirt_front",
					"pivot": [0, 11.5, -3.5],
					"rotation": [12.5, 0, 0],
					"cubes": [
						{"origin": [-2.5, 7.5, -3.5], "size": [5, 4, 0], "inflate": 0.01, "uv": [64, 35]}
					]
				},
				{
					"name": "skirt_front3",
					"parent": "skirt_front2",
					"pivot": [0, 7.5, -3.5],
					"rotation": [5, 0, 0],
					"cubes": [
						{"origin": [-2.5, 3.5, -3.5], "size": [5, 4, 0], "inflate": 0.01, "uv": [63, 39]}
					]
				},
				{
					"name": "skirt_front4",
					"parent": "skirt_front3",
					"pivot": [0, 3.5, -3.5],
					"rotation": [7.5, 0, 0],
					"cubes": [
						{"origin": [-2.5, -0.5, -3.5], "size": [5, 4, 0], "inflate": 0.01, "uv": [64, 43]}
					]
				},
				{
					"name": "skirt_back",
					"parent": "skirt",
					"pivot": [2.5, 15.5, 4.5],
					"rotation": [20, 0, 0],
					"cubes": [
						{"origin": [0, 11.5, 4.5], "size": [4, 4, 0], "inflate": 0.01, "uv": [96, 48], "mirror": true}
					]
				},
				{
					"name": "skirt_back2",
					"parent": "skirt_back",
					"pivot": [2.5, 11.5, 4.5],
					"rotation": [-5, 0, 0],
					"cubes": [
						{"origin": [0, 7.5, 4.5], "size": [4, 4, 0], "inflate": 0.01, "uv": [98, 52], "mirror": true}
					]
				},
				{
					"name": "skirt_back3",
					"parent": "skirt_back2",
					"pivot": [2.5, 7.5, 4.5],
					"rotation": [2.5, 0, 0],
					"cubes": [
						{"origin": [0, 3.5, 4.5], "size": [4, 4, 0], "inflate": 0.01, "uv": [106, 54], "mirror": true}
					]
				},
				{
					"name": "skirt_back4",
					"parent": "skirt_back3",
					"pivot": [2.5, 3.5, 4.5],
					"rotation": [5, 0, 0],
					"cubes": [
						{"origin": [0, -3.5, 4.5], "size": [4, 7, 0], "inflate": 0.01, "uv": [106, 47], "mirror": true}
					]
				},
				{
					"name": "skirt_back5",
					"parent": "skirt",
					"pivot": [-1.5, 15.5, 4.5],
					"rotation": [20, 0, 0],
					"cubes": [
						{"origin": [-4, 11.5, 4.5], "size": [4, 4, 0], "inflate": 0.01, "uv": [110, 58], "mirror": true}
					]
				},
				{
					"name": "skirt_back6",
					"parent": "skirt_back5",
					"pivot": [-1.5, 11.5, 4.5],
					"rotation": [-5, 0, 0],
					"cubes": [
						{"origin": [-4, 7.5, 4.5], "size": [4, 4, 0], "inflate": 0.01, "uv": [118, 60], "mirror": true}
					]
				},
				{
					"name": "skirt_back7",
					"parent": "skirt_back6",
					"pivot": [-1.5, 7.5, 4.5],
					"rotation": [2.5, 0, 0],
					"cubes": [
						{"origin": [-4, 3.5, 4.5], "size": [4, 4, 0], "inflate": 0.01, "uv": [118, 56], "mirror": true}
					]
				},
				{
					"name": "skirt_back8",
					"parent": "skirt_back7",
					"pivot": [-1.5, 3.5, 4.5],
					"rotation": [5, 0, 0],
					"cubes": [
						{"origin": [-4, -3.5, 4.5], "size": [4, 7, 0], "inflate": 0.01, "uv": [114, 49], "mirror": true}
					]
				},
				{
					"name": "skirt_left",
					"parent": "skirt",
					"pivot": [4.5, 15.5, 0],
					"rotation": [0, -90, -20],
					"cubes": [
						{"origin": [2, 11.5, 0], "size": [5, 4, 0], "inflate": 0.01, "uv": [63, 47]}
					]
				},
				{
					"name": "skirt_left2",
					"parent": "skirt_left",
					"pivot": [4.5, 11.5, 0],
					"rotation": [5, 0, 0],
					"cubes": [
						{"origin": [2, 7.5, 0], "size": [5, 4, 0], "inflate": 0.01, "uv": [64, 51]}
					]
				},
				{
					"name": "skirt_left3",
					"parent": "skirt_left2",
					"pivot": [4.5, 7.5, 0],
					"rotation": [5, 0, 0],
					"cubes": [
						{"origin": [2, 3.5, 0], "size": [6, 4, 0], "inflate": 0.01, "uv": [64, 55]}
					]
				},
				{
					"name": "skirt_left4",
					"parent": "skirt_left3",
					"pivot": [4.5, 3.5, 0],
					"rotation": [7.5, 0, 0],
					"cubes": [
						{"origin": [2, -1.5, 0], "size": [6, 5, 0], "inflate": 0.01, "uv": [64, 59]}
					]
				},
				{
					"name": "skirt_right",
					"parent": "skirt",
					"pivot": [-4.5, 15.5, 0],
					"rotation": [0, 90, 20],
					"cubes": [
						{"origin": [-7, 11.5, 0], "size": [5, 4, 0], "inflate": 0.01, "uv": [93, 31], "mirror": true}
					]
				},
				{
					"name": "skirt_right2",
					"parent": "skirt_right",
					"pivot": [-4.5, 11.5, 0],
					"rotation": [5, 0, 0],
					"cubes": [
						{"origin": [-7, 7.5, 0], "size": [5, 4, 0], "inflate": 0.01, "uv": [94, 35], "mirror": true}
					]
				},
				{
					"name": "skirt_right3",
					"parent": "skirt_right2",
					"pivot": [-4.5, 7.5, 0],
					"rotation": [5, 0, 0],
					"cubes": [
						{"origin": [-8, 3.5, 0], "size": [6, 4, 0], "inflate": 0.01, "uv": [93, 39], "mirror": true}
					]
				},
				{
					"name": "skirt_right4",
					"parent": "skirt_right3",
					"pivot": [-4.5, 3.5, 0],
					"rotation": [7.5, 0, 0],
					"cubes": [
						{"origin": [-8, -1.5, 0], "size": [6, 5, 0], "inflate": 0.01, "uv": [94, 43], "mirror": true}
					]
				},
				{
					"name": "skirt_front_left",
					"parent": "skirt",
					"pivot": [4, 15.5, -3],
					"rotation": [-17.5, -35, 0],
					"cubes": [
						{"origin": [1.5, 11.5, -3], "size": [5, 4, 0], "inflate": 0.01, "uv": [73, 31]}
					]
				},
				{
					"name": "skirt_front_left2",
					"parent": "skirt_front_left",
					"pivot": [4, 11.5, -3],
					"rotation": [12.5, 0, 0],
					"cubes": [
						{"origin": [1.5, 7.5, -3], "size": [5, 4, 0], "inflate": 0.01, "uv": [74, 35]}
					]
				},
				{
					"name": "skirt_front_left3",
					"parent": "skirt_front_left2",
					"pivot": [4, 7.5, -3],
					"rotation": [5, 0, 0],
					"cubes": [
						{"origin": [1.5, 3.5, -3], "size": [5, 4, 0], "inflate": 0.01, "uv": [73, 39]}
					]
				},
				{
					"name": "skirt_front_left4",
					"parent": "skirt_front_left3",
					"pivot": [4, 3.5, -3],
					"rotation": [7.5, 0, 0],
					"cubes": [
						{"origin": [1.5, -0.5, -3], "size": [5, 4, 0], "inflate": 0.01, "uv": [74, 43]}
					]
				},
				{
					"name": "skirt_back_left",
					"parent": "skirt",
					"pivot": [4, 15.5, 3.5],
					"rotation": [17.5, 50, 0],
					"cubes": [
						{"origin": [1.5, 11.5, 3.5], "size": [5, 4, 0], "inflate": 0.01, "uv": [73, 47]}
					]
				},
				{
					"name": "skirt_back_left2",
					"parent": "skirt_back_left",
					"pivot": [4, 11.5, 3.5],
					"cubes": [
						{"origin": [1.5, 7.5, 3.5], "size": [5, 4, 0], "inflate": 0.01, "uv": [74, 51]}
					]
				},
				{
					"name": "skirt_back_left3",
					"parent": "skirt_back_left2",
					"pivot": [4, 7.5, 3.5],
					"rotation": [-5, 0, 0],
					"cubes": [
						{"origin": [0.5, 3.5, 3.5], "size": [6, 4, 0], "inflate": 0.01, "uv": [76, 55]}
					]
				},
				{
					"name": "skirt_back_left4",
					"parent": "skirt_back_left3",
					"pivot": [4, 3.5, 3.5],
					"rotation": [-7.5, 0, 0],
					"cubes": [
						{"origin": [0.5, -2.5, 3.5], "size": [6, 6, 0], "inflate": 0.01, "uv": [84, 48]}
					]
				},
				{
					"name": "skirt_back_right",
					"parent": "skirt",
					"pivot": [-4, 15.5, 3.5],
					"rotation": [17.5, -50, 0],
					"cubes": [
						{"origin": [-6.5, 11.5, 3.5], "size": [5, 4, 0], "inflate": 0.01, "uv": [76, 60], "mirror": true}
					]
				},
				{
					"name": "skirt_back_right2",
					"parent": "skirt_back_right",
					"pivot": [-4, 11.5, 3.5],
					"cubes": [
						{"origin": [-6.5, 7.5, 3.5], "size": [5, 4, 0], "inflate": 0.01, "uv": [88, 54], "mirror": true}
					]
				},
				{
					"name": "skirt_back_right3",
					"parent": "skirt_back_right2",
					"pivot": [-4, 7.5, 3.5],
					"rotation": [-5, 0, 0],
					"cubes": [
						{"origin": [-6.5, 3.5, 3.5], "size": [6, 4, 0], "inflate": 0.01, "uv": [86, 60], "mirror": true}
					]
				},
				{
					"name": "skirt_back_right4",
					"parent": "skirt_back_right3",
					"pivot": [-4, 3.5, 3.5],
					"rotation": [-7.5, 0, 0],
					"cubes": [
						{"origin": [-6.5, -2.5, 3.5], "size": [6, 6, 0], "inflate": 0.01, "uv": [98, 58], "mirror": true}
					]
				},
				{
					"name": "skirt_front_right",
					"parent": "skirt",
					"pivot": [-4, 15.5, -3],
					"rotation": [-17.5, 35, 0],
					"cubes": [
						{"origin": [-6.5, 11.5, -3], "size": [5, 4, 0], "inflate": 0.01, "uv": [83, 31], "mirror": true}
					]
				},
				{
					"name": "skirt_front_right2",
					"parent": "skirt_front_right",
					"pivot": [-4, 11.5, -3],
					"rotation": [12.5, 0, 0],
					"cubes": [
						{"origin": [-6.5, 7.5, -3], "size": [5, 4, 0], "inflate": 0.01, "uv": [84, 35], "mirror": true}
					]
				},
				{
					"name": "skirt_front_right3",
					"parent": "skirt_front_right2",
					"pivot": [-4, 7.5, -3],
					"rotation": [5, 0, 0],
					"cubes": [
						{"origin": [-6.5, 3.5, -3], "size": [5, 4, 0], "inflate": 0.01, "uv": [83, 39], "mirror": true}
					]
				},
				{
					"name": "skirt_front_right4",
					"parent": "skirt_front_right3",
					"pivot": [-4, 3.5, -3],
					"rotation": [7.5, 0, 0],
					"cubes": [
						{"origin": [-6.5, -0.5, -3], "size": [5, 4, 0], "inflate": 0.01, "uv": [84, 43], "mirror": true}
					]
				},
				{
					"name": "waist",
					"parent": "torso",
					"pivot": [0, 19.5, 0],
					"cubes": [
						{"origin": [-1.5, 19, -1.5], "size": [3, 3, 3], "uv": [49, 13]}
					]
				},
				{
					"name": "chest",
					"parent": "waist",
					"pivot": [0, 21.5, 0],
					"cubes": [
						{"origin": [-1.5, 21.5, -1.5], "size": [3, 5, 3], "inflate": 0.01, "uv": [49, 5]}
					]
				},
				{
					"name": "chest_spike",
					"parent": "chest",
					"pivot": [0, 24, -1.4],
					"cubes": [
						{"origin": [0, 21, -0.9], "size": [0, 4, 4], "inflate": 0.01, "uv": [64, -4]},
						{"origin": [0, 22, -4.9], "size": [0, 3, 4], "inflate": 0.01, "pivot": [0, 23.5, -1.5], "rotation": [0, 40, 0], "uv": [72, -4]},
						{"origin": [0, 22, -4.9], "size": [0, 3, 4], "inflate": 0.01, "pivot": [0, 23.5, -1.5], "rotation": [0, -40, 0], "uv": [72, -4], "mirror": true}
					]
				},
				{
					"name": "arms",
					"parent": "chest",
					"pivot": [0, 26.5, 0]
				},
				{
					"name": "arm_left",
					"parent": "arms",
					"pivot": [1, 26.5, 0],
					"cubes": [
						{"origin": [1, 25.5, -0.5], "size": [7, 1, 1], "uv": [0, 28]}
					]
				},
				{
					"name": "arm_left2",
					"parent": "arm_left",
					"pivot": [8, 26, 0.5],
					"cubes": [
						{"origin": [8, 24.8, -0.9], "size": [7, 2, 2], "inflate": 0.01, "uv": [32, 21]}
					]
				},
				{
					"name": "glove_flare_left",
					"parent": "arm_left2",
					"pivot": [9, 26.8, 0.1],
					"rotation": [0, 0, 30],
					"cubes": [
						{"origin": [7, 25.8, -0.9], "size": [2, 1, 2], "uv": [58, 13]}
					]
				},
				{
					"name": "hand_left",
					"parent": "arm_left2",
					"pivot": [15, 26.8, 0.1]
				},
				{
					"name": "finger_front_left",
					"parent": "hand_left",
					"pivot": [15, 24.8, -0.9],
					"cubes": [
						{"origin": [15, 24.8, -0.9], "size": [3, 2, 0], "uv": [0, 42]}
					]
				},
				{
					"name": "finger_center_left",
					"parent": "hand_left",
					"pivot": [15, 24.8, 0.1],
					"cubes": [
						{"origin": [14.5, 24.8, 0.1], "size": [5, 2, 0], "uv": [0, 36]}
					]
				},
				{
					"name": "finger_back_left",
					"parent": "hand_left",
					"pivot": [15, 24.8, 1.1],
					"cubes": [
						{"origin": [15, 24.8, 1.1], "size": [3, 2, 0], "uv": [0, 44]}
					]
				},
				{
					"name": "arm_right",
					"parent": "arms",
					"pivot": [-1, 26.5, 0],
					"cubes": [
						{"origin": [-8, 25.5, -0.5], "size": [7, 1, 1], "uv": [17, 24], "mirror": true}
					]
				},
				{
					"name": "arm_right2",
					"parent": "arm_right",
					"pivot": [-8, 26, 0.5],
					"cubes": [
						{"origin": [-15, 24.8, -0.9], "size": [7, 2, 2], "inflate": 0.01, "uv": [0, 24], "mirror": true}
					]
				},
				{
					"name": "glove_flare_right",
					"parent": "arm_right2",
					"pivot": [-9, 26.8, 0.1],
					"rotation": [0, 0, -30],
					"cubes": [
						{"origin": [-9, 25.8, -0.9], "size": [2, 1, 2], "uv": [58, 13], "mirror": true}
					]
				},
				{
					"name": "hand_right",
					"parent": "arm_right2",
					"pivot": [-15, 26.8, 0.1]
				},
				{
					"name": "finger_front_right",
					"parent": "hand_right",
					"pivot": [-15, 24.8, -0.9],
					"cubes": [
						{"origin": [-18, 24.8, -0.9], "size": [3, 2, 0], "uv": [0, 48], "mirror": true}
					]
				},
				{
					"name": "finger_center_right",
					"parent": "hand_right",
					"pivot": [-15, 24.8, 0.1],
					"cubes": [
						{"origin": [-19.5, 24.8, 0.1], "size": [5, 2, 0], "uv": [0, 38], "mirror": true}
					]
				},
				{
					"name": "finger_back_right",
					"parent": "hand_right",
					"pivot": [-15, 24.8, 1.1],
					"cubes": [
						{"origin": [-18, 24.8, 1.1], "size": [3, 2, 0], "uv": [0, 46], "mirror": true}
					]
				},
				{
					"name": "neck",
					"parent": "chest",
					"pivot": [0, 26.5, 0],
					"cubes": [
						{"origin": [-0.5, 25.5, -0.5], "size": [1, 3, 1], "uv": [24, 0]}
					]
				},
				{
					"name": "head",
					"parent": "neck",
					"pivot": [0, 27.5, 0],
					"cubes": [
						{"origin": [-3, 27.5, -2.7], "size": [6, 6, 6], "pivot": [0, 29.5, 0.3], "rotation": [0, 45, 0], "uv": [0, 0]}
					]
				},
				{
					"name": "mouth_open",
					"parent": "head",
					"pivot": [0, 29.6, 0.4],
					"cubes": [
						{"origin": [2, 27.6, -2.6], "size": [1, 1, 1], "inflate": 0.01, "pivot": [0, 29.6, 0.4], "rotation": [0, 45, 0], "uv": [26, 22]}
					]
				},
				{
					"name": "eyes",
					"parent": "head",
					"pivot": [0, 31.5, 3.5]
				},
				{
					"name": "eye_left",
					"parent": "eyes",
					"pivot": [2.75, 30.25, -1.7],
					"rotation": [0, -45, 0]
				},
				{
					"name": "eye_left_rotation",
					"parent": "eye_left",
					"pivot": [2.8, 30.25, -1.35],
					"rotation": [0, 0, -5],
					"cubes": [
						{"origin": [1.05, 28.5, -1.36], "size": [3, 3, 0], "uv": [0, 0]},
						{"origin": [1.05, 29, -1.37], "size": [2, 3, 0], "uv": [0, 3]}
					]
				},
				{
					"name": "pupil_left",
					"parent": "eye_left_rotation",
					"pivot": [2.05, 30.5, -1.38],
					"cubes": [
						{"origin": [1.55, 29.5, -1.38], "size": [1, 2, 0], "uv": [4, 3]}
					]
				},
				{
					"name": "eye_shine_left",
					"parent": "eye_left_rotation",
					"pivot": [2.55, 31, -1.39],
					"cubes": [
						{"origin": [2.05, 30.5, -1.39], "size": [1, 1, 0], "uv": [4, 5]}
					]
				},
				{
					"name": "eyelid_left",
					"parent": "eye_left_rotation",
					"pivot": [2.55, 30, -0.75],
					"cubes": [
						{"origin": [1.05, 28.5, -1.29], "size": [3, 3, 1], "inflate": 0.01, "uv": [20, 38]}
					]
				},
				{
					"name": "eye_right",
					"parent": "eyes",
					"pivot": [-2.75, 30.25, -1.7],
					"rotation": [0, 45, 0]
				},
				{
					"name": "eye_right_rotation",
					"parent": "eye_right",
					"pivot": [-2.8, 30.25, -1.35],
					"rotation": [0, 0, 5],
					"cubes": [
						{"origin": [-4.05, 28.5, -1.36], "size": [3, 3, 0], "uv": [0, 12], "mirror": true},
						{"origin": [-3.05, 29, -1.37], "size": [2, 3, 0], "uv": [0, 15], "mirror": true}
					]
				},
				{
					"name": "pupil_right",
					"parent": "eye_right_rotation",
					"pivot": [-2.05, 30.5, -1.38],
					"cubes": [
						{"origin": [-2.55, 29.5, -1.38], "size": [1, 2, 0], "uv": [4, 15], "mirror": true}
					]
				},
				{
					"name": "eye_shine_right",
					"parent": "eye_right_rotation",
					"pivot": [-2.55, 31, -1.39],
					"cubes": [
						{"origin": [-3.05, 30.5, -1.39], "size": [1, 1, 0], "uv": [4, 17], "mirror": true}
					]
				},
				{
					"name": "eyelid_right",
					"parent": "eye_right_rotation",
					"pivot": [-2.55, 30, -0.75],
					"cubes": [
						{"origin": [-4.05, 28.5, -1.29], "size": [3, 3, 1], "inflate": 0.01, "uv": [10, 58], "mirror": true}
					]
				},
				{
					"name": "hair",
					"parent": "head",
					"pivot": [0, 31.1, -0.35],
					"rotation": [7.5, 0, 0],
					"cubes": [
						{"origin": [-3, 28.1, -3.35], "size": [6, 6, 6], "pivot": [0, 30.1, -0.35], "rotation": [0, 45, 0], "uv": [0, 12]}
					]
				},
				{
					"name": "hair_back",
					"parent": "head",
					"pivot": [0, 34.5, -0.5]
				},
				{
					"name": "hair_back_left",
					"parent": "hair_back",
					"pivot": [4.3, 33.6, 3.35],
					"rotation": [2.5, 10, -2.5],
					"cubes": [
						{"origin": [1.3, 30.6, 0.35], "size": [3, 3, 3], "uv": [25, 1]}
					]
				},
				{
					"name": "hair_back_left2",
					"parent": "hair_back_left",
					"pivot": [4.3, 33.6, 3.35],
					"rotation": [25, 0, 0],
					"cubes": [
						{"origin": [1.3, 29.6, 0.35], "size": [3, 4, 3], "inflate": 0.01, "uv": [24, 7]}
					]
				},
				{
					"name": "hair_back_left3",
					"parent": "hair_back_left2",
					"pivot": [2.8, 29.6, 2.85],
					"rotation": [-50, 0, 0],
					"cubes": [
						{"origin": [1.3, 25.6, -0.15], "size": [3, 4, 3], "uv": [25, 14]}
					]
				},
				{
					"name": "hair_back_left4",
					"parent": "hair_back_left3",
					"pivot": [2.8, 25.6, 2.35],
					"rotation": [-60, 0, 0],
					"cubes": [
						{"origin": [1.8, 22.6, 0.35], "size": [2, 3, 2], "inflate": 0.01, "uv": [18, 12]}
					]
				},
				{
					"name": "hair_back_right",
					"parent": "hair_back",
					"pivot": [-4.3, 33.6, 3.35],
					"rotation": [2.5, -10, 2.5],
					"cubes": [
						{"origin": [-4.3, 30.6, 0.35], "size": [3, 3, 3], "uv": [37, 1], "mirror": true}
					]
				},
				{
					"name": "hair_back_right2",
					"parent": "hair_back_right",
					"pivot": [-4.3, 33.6, 3.35],
					"rotation": [25, 0, 0],
					"cubes": [
						{"origin": [-4.3, 29.6, 0.35], "size": [3, 4, 3], "inflate": 0.01, "uv": [36, 7], "mirror": true}
					]
				},
				{
					"name": "hair_back_right3",
					"parent": "hair_back_right2",
					"pivot": [-2.8, 29.6, 2.85],
					"rotation": [-50, 0, 0],
					"cubes": [
						{"origin": [-4.3, 25.6, -0.15], "size": [3, 4, 3], "uv": [37, 14], "mirror": true}
					]
				},
				{
					"name": "hair_back_right4",
					"parent": "hair_back_right3",
					"pivot": [-2.8, 25.6, 2.35],
					"rotation": [-60, 0, 0],
					"cubes": [
						{"origin": [-3.8, 22.6, 0.35], "size": [2, 3, 2], "inflate": 0.01, "uv": [0, 31], "mirror": true}
					]
				},
				{
					"name": "head_side_left",
					"parent": "head",
					"pivot": [4, 28, 0.05],
					"rotation": [0, 47.5, 0],
					"cubes": [
						{"origin": [4, 28, 0.05], "size": [0, 4, 4], "uv": [64, 0]}
					]
				},
				{
					"name": "head_side_right",
					"parent": "head",
					"pivot": [-4, 28, 0.05],
					"rotation": [5, -45, 0],
					"cubes": [
						{"origin": [-4, 28, 0.05], "size": [0, 4, 4], "uv": [64, 4], "mirror": true}
					]
				},
				{
					"name": "legs",
					"parent": "body",
					"pivot": [0, 17, 0]
				},
				{
					"name": "leg_left",
					"parent": "legs",
					"pivot": [1.8, 16.5, 0],
					"cubes": [
						{"origin": [0.8, 9, -1], "size": [1, 8, 2], "uv": [14, 32]}
					]
				},
				{
					"name": "leg_left2",
					"parent": "leg_left",
					"pivot": [1.3, 9, -1],
					"cubes": [
						{"origin": [0.8, 0, -1], "size": [1, 9, 1], "uv": [10, 30]}
					]
				},
				{
					"name": "leg_right",
					"parent": "legs",
					"pivot": [-1.8, 16.5, 0],
					"cubes": [
						{"origin": [-1.8, 9, -1], "size": [1, 8, 2], "uv": [10, 40], "mirror": true}
					]
				},
				{
					"name": "leg_right2",
					"parent": "leg_right",
					"pivot": [-1.3, 9, -1],
					"cubes": [
						{"origin": [-1.8, 0, -1], "size": [1, 9, 1], "uv": [6, 40], "mirror": true}
					]
				}
			]
		}
	]
}