{
	"format_version": "1.12.0",
	"minecraft:geometry": [
		{
			"description": {
				"identifier": "geometry.giratina",
				"texture_width": 256,
				"texture_height": 256,
				"visible_bounds_width": 13,
				"visible_bounds_height": 6.5,
				"visible_bounds_offset": [0, 2.75, 0]
			},
			"bones": [
				{
					"name": "giratina",
					"pivot": [0, 0, 0]
				},
				{
					"name": "body",
					"parent": "giratina",
					"pivot": [0, 30, -6.2]
				},
				{
					"name": "torso",
					"parent": "body",
					"pivot": [-0.102, 25.052, -1.958],
					"cubes": [
						{"origin": [-11, 14.59168, -29.53963], "size": [22, 21, 15], "inflate": 0.01, "uv": [0, 37]},
						{"origin": [11, 21.09168, -27.03963], "size": [9, 7, 7], "uv": [201, 178]},
						{"origin": [20, 22.09168, -26.03963], "size": [7, 5, 5], "uv": [209, 117]},
						{"origin": [27, 23.09168, -25.03963], "size": [7, 3, 3], "uv": [182, 40]},
						{"origin": [-20, 21.09168, -27.03963], "size": [9, 7, 7], "uv": [201, 178], "mirror": true},
						{"origin": [-27, 22.09168, -26.03963], "size": [7, 5, 5], "uv": [209, 117], "mirror": true},
						{"origin": [-34, 23.09168, -25.03963], "size": [7, 3, 3], "uv": [182, 40], "mirror": true}
					]
				},
				{
					"name": "chest",
					"parent": "torso",
					"pivot": [0, 17.09168, -29.53963],
					"cubes": [
						{"origin": [-8.5, 16.59168, -42.53963], "size": [17, 17, 17], "uv": [57, 56]}
					]
				},
				{
					"name": "neck",
					"parent": "chest",
					"pivot": [0, 22.19168, -41.98963],
					"cubes": [
						{"origin": [-7.5, 18.98449, -54.33244], "size": [15, 11, 13], "pivot": [0, 24.75949, -48.26463], "rotation": [90, 0, 0], "uv": [76, 0]}
					]
				},
				{
					"name": "neck2",
					"parent": "neck",
					"pivot": [0, 30.19168, -53.48963],
					"cubes": [
						{"origin": [-6.5, 20.98449, -62.33244], "size": [13, 11, 11], "inflate": 0.01, "pivot": [0.1, 24.75949, -57.26463], "rotation": [90, 0, 0], "uv": [0, 105]}
					]
				},
				{
					"name": "right_ring",
					"parent": "neck2",
					"pivot": [-10.29926, 13.19752, -58.48963],
					"cubes": [
						{"origin": [-6.42098, 31.07317, -59.23963], "size": [3, 1, 7], "pivot": [-6.92098, 31.57317, -58.48963], "rotation": [90, 0, 0], "uv": [142, 201]},
						{"origin": [-8.92098, 30.07317, -62.48963], "size": [4, 3, 7], "pivot": [-6.92098, 31.57317, -58.48963], "rotation": [90, 0, 67.5], "uv": [209, 194]},
						{"origin": [-12.35089, 29.41167, -69.03291], "size": [6, 4, 11], "pivot": [-11.647, 31.41167, -58.48963], "rotation": [90, 0, 13.5], "uv": [194, 43]},
						{"origin": [-13.15957, 14.27566, -57.98963], "size": [5, 2, 6], "pivot": [-13.15957, 15.27566, -58.48963], "rotation": [90, 0, -9], "uv": [147, 0]},
						{"origin": [-10.79926, 13.19752, -60.48963], "size": [4, 0, 6], "inflate": 0.01, "pivot": [-10.29926, 13.19752, -58.48963], "rotation": [90, 0, -31.5], "uv": [0, 37]}
					]
				},
				{
					"name": "right_arm_top",
					"parent": "right_ring",
					"pivot": [-5, 36.8, -58.5],
					"cubes": [
						{"origin": [-5.42098, 30.57317, -53.23963], "size": [1, 2, 4], "pivot": [-6.92098, 31.57317, -58.48963], "rotation": [90, 0, 0], "uv": [63, 45]},
						{"origin": [-5.92098, 30.07317, -49.23963], "size": [2, 3, 7], "pivot": [-6.92098, 31.57317, -58.48963], "rotation": [90, 0, 0], "uv": [159, 214]}
					]
				},
				{
					"name": "right_arm_top2",
					"parent": "right_arm_top",
					"pivot": [-4.92098, 47.82317, -58.48963],
					"cubes": [
						{"origin": [-6.92098, 28.57317, -42.23963], "size": [4, 6, 17], "pivot": [-6.92098, 31.57317, -58.48963], "rotation": [90, 0, 0], "uv": [167, 108]}
					]
				},
				{
					"name": "right_arm_top3",
					"parent": "right_arm_top2",
					"pivot": [-4.92098, 64.82317, -58.48963],
					"cubes": [
						{"origin": [-8.42098, 28.07317, -25.23963], "size": [7, 7, 16], "pivot": [-6.92098, 31.57317, -58.48963], "rotation": [90, 0, 0], "uv": [138, 132]}
					]
				},
				{
					"name": "right_arm_top4",
					"parent": "right_arm_top3",
					"pivot": [-4.92098, 80.82317, -58.48963],
					"cubes": [
						{"origin": [-8.42098, 28.07317, -9.23963], "size": [7, 7, 16], "pivot": [-6.92098, 31.57317, -58.48963], "rotation": [90, 0, 0], "uv": [92, 132]}
					]
				},
				{
					"name": "right_arm_top5",
					"parent": "right_arm_top4",
					"pivot": [-4.92098, 96.82317, -58.48963],
					"cubes": [
						{"origin": [-8.42098, 28.07317, 6.76037], "size": [7, 7, 16], "pivot": [-6.92098, 31.57317, -58.48963], "rotation": [90, 0, 0], "uv": [0, 127]}
					]
				},
				{
					"name": "right_arm_top6",
					"parent": "right_arm_top5",
					"pivot": [-4.92098, 112.77317, -58.48963],
					"cubes": [
						{"origin": [-6.92098, 29.57317, 32.76037], "size": [4, 4, 3], "pivot": [-6.92098, 31.57317, -58.48963], "rotation": [90, 0, 0], "uv": [123, 109]},
						{"origin": [-5.92098, 30.57317, 35.76037], "size": [2, 2, 4], "pivot": [-6.92098, 31.57317, -58.48963], "rotation": [90, 0, 0], "uv": [154, 31]},
						{"origin": [-8.42098, 28.07317, 22.76037], "size": [7, 7, 10], "inflate": 0.01, "pivot": [-6.92098, 31.57317, -58.48963], "rotation": [90, 0, 0], "uv": [28, 187]}
					]
				},
				{
					"name": "right_ring2",
					"parent": "neck2",
					"pivot": [-11.29926, 14.19752, -48.48963],
					"cubes": [
						{"origin": [-7.42098, 32.07317, -49.23963], "size": [3, 1, 7], "pivot": [-7.92098, 32.57317, -48.48963], "rotation": [90, 0, 0], "uv": [142, 201]},
						{"origin": [-9.92098, 31.07317, -52.48963], "size": [4, 3, 7], "pivot": [-7.92098, 32.57317, -48.48963], "rotation": [90, 0, 67.5], "uv": [209, 194]},
						{"origin": [-13.35089, 30.41167, -59.03291], "size": [6, 4, 11], "pivot": [-12.647, 32.41167, -48.48963], "rotation": [90, 0, 13.5], "uv": [194, 43]},
						{"origin": [-14.15957, 15.27566, -47.98963], "size": [5, 2, 6], "pivot": [-14.15957, 16.27566, -48.48963], "rotation": [90, 0, -9], "uv": [147, 0]},
						{"origin": [-11.79926, 14.19752, -50.48963], "size": [4, 0, 6], "inflate": 0.01, "pivot": [-11.29926, 14.19752, -48.48963], "rotation": [90, 0, -31.5], "uv": [0, 37]}
					]
				},
				{
					"name": "right_arm_top7",
					"parent": "right_ring2",
					"pivot": [-6, 37.8, -48.5],
					"cubes": [
						{"origin": [-6.42098, 31.57317, -43.23963], "size": [1, 2, 4], "pivot": [-7.92098, 32.57317, -48.48963], "rotation": [90, 0, 0], "uv": [63, 45]},
						{"origin": [-6.92098, 31.07317, -39.23963], "size": [2, 3, 7], "pivot": [-7.92098, 32.57317, -48.48963], "rotation": [90, 0, 0], "uv": [159, 214]}
					]
				},
				{
					"name": "right_arm_top8",
					"parent": "right_arm_top7",
					"pivot": [-5.92098, 48.82317, -48.48963],
					"cubes": [
						{"origin": [-7.92098, 29.57317, -32.23963], "size": [4, 6, 17], "pivot": [-7.92098, 32.57317, -48.48963], "rotation": [90, 0, 0], "uv": [167, 108]}
					]
				},
				{
					"name": "right_arm_top9",
					"parent": "right_arm_top8",
					"pivot": [-5.92098, 65.82317, -48.48963],
					"cubes": [
						{"origin": [-9.42098, 29.07317, -15.23963], "size": [7, 7, 16], "pivot": [-7.92098, 32.57317, -48.48963], "rotation": [90, 0, 0], "uv": [138, 132]}
					]
				},
				{
					"name": "right_arm_top10",
					"parent": "right_arm_top9",
					"pivot": [-5.92098, 81.82317, -48.48963],
					"cubes": [
						{"origin": [-9.42098, 29.07317, 0.76037], "size": [7, 7, 16], "pivot": [-7.92098, 32.57317, -48.48963], "rotation": [90, 0, 0], "uv": [92, 132]}
					]
				},
				{
					"name": "right_arm_top11",
					"parent": "right_arm_top10",
					"pivot": [-5.92098, 97.82317, -48.48963],
					"cubes": [
						{"origin": [-9.42098, 29.07317, 16.76037], "size": [7, 7, 16], "pivot": [-7.92098, 32.57317, -48.48963], "rotation": [90, 0, 0], "uv": [0, 127]}
					]
				},
				{
					"name": "right_arm_top12",
					"parent": "right_arm_top11",
					"pivot": [-5.92098, 113.77317, -48.48963],
					"cubes": [
						{"origin": [-7.92098, 30.57317, 42.76037], "size": [4, 4, 3], "pivot": [-7.92098, 32.57317, -48.48963], "rotation": [90, 0, 0], "uv": [123, 109]},
						{"origin": [-6.92098, 31.57317, 45.76037], "size": [2, 2, 4], "pivot": [-7.92098, 32.57317, -48.48963], "rotation": [90, 0, 0], "uv": [154, 31]},
						{"origin": [-9.42098, 29.07317, 32.76037], "size": [7, 7, 10], "inflate": 0.01, "pivot": [-7.92098, 32.57317, -48.48963], "rotation": [90, 0, 0], "uv": [28, 187]}
					]
				},
				{
					"name": "left_ring2",
					"parent": "neck2",
					"pivot": [11.29926, 14.19752, -48.48963],
					"cubes": [
						{"origin": [4.42098, 32.07317, -49.23963], "size": [3, 1, 7], "pivot": [7.92098, 32.57317, -48.48963], "rotation": [90, 0, 0], "uv": [142, 201], "mirror": true},
						{"origin": [5.92098, 31.07317, -52.48963], "size": [4, 3, 7], "pivot": [7.92098, 32.57317, -48.48963], "rotation": [90, 0, -67.5], "uv": [209, 194], "mirror": true},
						{"origin": [7.35089, 30.41167, -59.03291], "size": [6, 4, 11], "pivot": [12.647, 32.41167, -48.48963], "rotation": [90, 0, -13.5], "uv": [194, 43], "mirror": true},
						{"origin": [9.15957, 15.27566, -47.98963], "size": [5, 2, 6], "pivot": [14.15957, 16.27566, -48.48963], "rotation": [90, 0, 9], "uv": [147, 0], "mirror": true},
						{"origin": [7.79926, 14.19752, -50.48963], "size": [4, 0, 6], "inflate": 0.01, "pivot": [11.29926, 14.19752, -48.48963], "rotation": [90, 0, 31.5], "uv": [0, 37], "mirror": true}
					]
				},
				{
					"name": "left_arm_top7",
					"parent": "left_ring2",
					"pivot": [6, 37.8, -48.5],
					"cubes": [
						{"origin": [5.42098, 31.57317, -43.23963], "size": [1, 2, 4], "pivot": [7.92098, 32.57317, -48.48963], "rotation": [90, 0, 0], "uv": [63, 45], "mirror": true},
						{"origin": [4.92098, 31.07317, -39.23963], "size": [2, 3, 7], "pivot": [7.92098, 32.57317, -48.48963], "rotation": [90, 0, 0], "uv": [159, 214], "mirror": true}
					]
				},
				{
					"name": "left_arm_top8",
					"parent": "left_arm_top7",
					"pivot": [5.92098, 48.82317, -48.48963],
					"cubes": [
						{"origin": [3.92098, 29.57317, -32.23963], "size": [4, 6, 17], "pivot": [7.92098, 32.57317, -48.48963], "rotation": [90, 0, 0], "uv": [167, 108], "mirror": true}
					]
				},
				{
					"name": "left_arm_top9",
					"parent": "left_arm_top8",
					"pivot": [5.92098, 65.82317, -48.48963],
					"cubes": [
						{"origin": [2.42098, 29.07317, -15.23963], "size": [7, 7, 16], "pivot": [7.92098, 32.57317, -48.48963], "rotation": [90, 0, 0], "uv": [138, 132], "mirror": true}
					]
				},
				{
					"name": "left_arm_top10",
					"parent": "left_arm_top9",
					"pivot": [5.92098, 81.82317, -48.48963],
					"cubes": [
						{"origin": [2.42098, 29.07317, 0.76037], "size": [7, 7, 16], "inflate": 0.01, "pivot": [7.92098, 32.57317, -48.48963], "rotation": [90, 0, 0], "uv": [92, 132], "mirror": true}
					]
				},
				{
					"name": "left_arm_top11",
					"parent": "left_arm_top10",
					"pivot": [5.92098, 97.82317, -48.48963],
					"cubes": [
						{"origin": [2.42098, 29.07317, 16.76037], "size": [7, 7, 16], "pivot": [7.92098, 32.57317, -48.48963], "rotation": [90, 0, 0], "uv": [0, 127], "mirror": true}
					]
				},
				{
					"name": "left_arm_top12",
					"parent": "left_arm_top11",
					"pivot": [5.92098, 113.77317, -48.48963],
					"cubes": [
						{"origin": [3.92098, 30.57317, 42.76037], "size": [4, 4, 3], "pivot": [7.92098, 32.57317, -48.48963], "rotation": [90, 0, 0], "uv": [123, 109], "mirror": true},
						{"origin": [4.92098, 31.57317, 45.76037], "size": [2, 2, 4], "pivot": [7.92098, 32.57317, -48.48963], "rotation": [90, 0, 0], "uv": [154, 31], "mirror": true},
						{"origin": [2.42098, 29.07317, 32.76037], "size": [7, 7, 10], "inflate": 0.01, "pivot": [7.92098, 32.57317, -48.48963], "rotation": [90, 0, 0], "uv": [28, 187], "mirror": true}
					]
				},
				{
					"name": "right_ring3",
					"parent": "neck2",
					"pivot": [-12.29926, 16.19752, -37.48963],
					"cubes": [
						{"origin": [-8.42098, 34.07317, -38.23963], "size": [3, 1, 7], "pivot": [-8.92098, 34.57317, -37.48963], "rotation": [90, 0, 0], "uv": [142, 201]},
						{"origin": [-10.92098, 33.07317, -41.48963], "size": [4, 3, 7], "pivot": [-8.92098, 34.57317, -37.48963], "rotation": [90, 0, 67.5], "uv": [209, 194]},
						{"origin": [-14.35089, 32.41167, -48.03291], "size": [6, 4, 11], "pivot": [-13.647, 34.41167, -37.48963], "rotation": [90, 0, 13.5], "uv": [194, 43]},
						{"origin": [-15.15957, 17.27566, -36.98963], "size": [5, 2, 6], "pivot": [-15.15957, 18.27566, -37.48963], "rotation": [90, 0, -9], "uv": [147, 0]},
						{"origin": [-12.79926, 16.19752, -39.48963], "size": [4, 0, 6], "inflate": 0.01, "pivot": [-12.29926, 16.19752, -37.48963], "rotation": [90, 0, -31.5], "uv": [0, 37]}
					]
				},
				{
					"name": "right_arm_top13",
					"parent": "right_ring3",
					"pivot": [-7, 39.8, -37.5],
					"cubes": [
						{"origin": [-7.42098, 33.57317, -32.23963], "size": [1, 2, 4], "pivot": [-8.92098, 34.57317, -37.48963], "rotation": [90, 0, 0], "uv": [63, 45]},
						{"origin": [-7.92098, 33.07317, -28.23963], "size": [2, 3, 7], "pivot": [-8.92098, 34.57317, -37.48963], "rotation": [90, 0, 0], "uv": [159, 214]}
					]
				},
				{
					"name": "right_arm_top14",
					"parent": "right_arm_top13",
					"pivot": [-6.92098, 50.82317, -37.48963],
					"cubes": [
						{"origin": [-8.92098, 31.57317, -21.23963], "size": [4, 6, 17], "pivot": [-8.92098, 34.57317, -37.48963], "rotation": [90, 0, 0], "uv": [167, 108]}
					]
				},
				{
					"name": "right_arm_top15",
					"parent": "right_arm_top14",
					"pivot": [-6.92098, 67.82317, -37.48963],
					"cubes": [
						{"origin": [-10.42098, 31.07317, -4.23963], "size": [7, 7, 16], "pivot": [-8.92098, 34.57317, -37.48963], "rotation": [90, 0, 0], "uv": [138, 132]}
					]
				},
				{
					"name": "right_arm_top16",
					"parent": "right_arm_top15",
					"pivot": [-6.92098, 83.82317, -37.48963],
					"cubes": [
						{"origin": [-10.42098, 31.07317, 11.76037], "size": [7, 7, 16], "pivot": [-8.92098, 34.57317, -37.48963], "rotation": [90, 0, 0], "uv": [92, 132]}
					]
				},
				{
					"name": "right_arm_top17",
					"parent": "right_arm_top16",
					"pivot": [-6.92098, 99.82317, -37.48963],
					"cubes": [
						{"origin": [-10.42098, 31.07317, 27.76037], "size": [7, 7, 16], "pivot": [-8.92098, 34.57317, -37.48963], "rotation": [90, 0, 0], "uv": [0, 127]}
					]
				},
				{
					"name": "right_arm_top18",
					"parent": "right_arm_top17",
					"pivot": [-6.92098, 115.77317, -37.48963],
					"cubes": [
						{"origin": [-8.92098, 32.57317, 53.76037], "size": [4, 4, 3], "pivot": [-8.92098, 34.57317, -37.48963], "rotation": [90, 0, 0], "uv": [123, 109]},
						{"origin": [-7.92098, 33.57317, 56.76037], "size": [2, 2, 4], "pivot": [-8.92098, 34.57317, -37.48963], "rotation": [90, 0, 0], "uv": [154, 31]},
						{"origin": [-10.42098, 31.07317, 43.76037], "size": [7, 7, 10], "inflate": 0.01, "pivot": [-8.92098, 34.57317, -37.48963], "rotation": [90, 0, 0], "uv": [28, 187]}
					]
				},
				{
					"name": "left_ring3",
					"parent": "neck2",
					"pivot": [12.29926, 16.19752, -37.48963],
					"cubes": [
						{"origin": [5.42098, 34.07317, -38.23963], "size": [3, 1, 7], "pivot": [8.92098, 34.57317, -37.48963], "rotation": [90, 0, 0], "uv": [142, 201], "mirror": true},
						{"origin": [6.92098, 33.07317, -41.48963], "size": [4, 3, 7], "pivot": [8.92098, 34.57317, -37.48963], "rotation": [90, 0, -67.5], "uv": [209, 194], "mirror": true},
						{"origin": [8.35089, 32.41167, -48.03291], "size": [6, 4, 11], "pivot": [13.647, 34.41167, -37.48963], "rotation": [90, 0, -13.5], "uv": [194, 43], "mirror": true},
						{"origin": [10.15957, 17.27566, -36.98963], "size": [5, 2, 6], "pivot": [15.15957, 18.27566, -37.48963], "rotation": [90, 0, 9], "uv": [147, 0], "mirror": true},
						{"origin": [8.79926, 16.19752, -39.48963], "size": [4, 0, 6], "inflate": 0.01, "pivot": [12.29926, 16.19752, -37.48963], "rotation": [90, 0, 31.5], "uv": [0, 37], "mirror": true}
					]
				},
				{
					"name": "left_arm_top13",
					"parent": "left_ring3",
					"pivot": [7, 39.8, -37.5],
					"cubes": [
						{"origin": [6.42098, 33.57317, -32.23963], "size": [1, 2, 4], "pivot": [8.92098, 34.57317, -37.48963], "rotation": [90, 0, 0], "uv": [63, 45], "mirror": true},
						{"origin": [5.92098, 33.07317, -28.23963], "size": [2, 3, 7], "pivot": [8.92098, 34.57317, -37.48963], "rotation": [90, 0, 0], "uv": [159, 214], "mirror": true}
					]
				},
				{
					"name": "left_arm_top14",
					"parent": "left_arm_top13",
					"pivot": [6.92098, 50.82317, -37.48963],
					"cubes": [
						{"origin": [4.92098, 31.57317, -21.23963], "size": [4, 6, 17], "pivot": [8.92098, 34.57317, -37.48963], "rotation": [90, 0, 0], "uv": [167, 108], "mirror": true}
					]
				},
				{
					"name": "left_arm_top15",
					"parent": "left_arm_top14",
					"pivot": [6.92098, 67.82317, -37.48963],
					"cubes": [
						{"origin": [3.42098, 31.07317, -4.23963], "size": [7, 7, 16], "pivot": [8.92098, 34.57317, -37.48963], "rotation": [90, 0, 0], "uv": [138, 132], "mirror": true}
					]
				},
				{
					"name": "left_arm_top16",
					"parent": "left_arm_top15",
					"pivot": [6.92098, 83.82317, -37.48963],
					"cubes": [
						{"origin": [3.42098, 31.07317, 11.76037], "size": [7, 7, 16], "inflate": 0.01, "pivot": [8.92098, 34.57317, -37.48963], "rotation": [90, 0, 0], "uv": [92, 132], "mirror": true}
					]
				},
				{
					"name": "left_arm_top17",
					"parent": "left_arm_top16",
					"pivot": [6.92098, 99.82317, -37.48963],
					"cubes": [
						{"origin": [3.42098, 31.07317, 27.76037], "size": [7, 7, 16], "pivot": [8.92098, 34.57317, -37.48963], "rotation": [90, 0, 0], "uv": [0, 127], "mirror": true}
					]
				},
				{
					"name": "left_arm_top18",
					"parent": "left_arm_top17",
					"pivot": [6.92098, 115.77317, -37.48963],
					"cubes": [
						{"origin": [4.92098, 32.57317, 53.76037], "size": [4, 4, 3], "pivot": [8.92098, 34.57317, -37.48963], "rotation": [90, 0, 0], "uv": [123, 109], "mirror": true},
						{"origin": [5.92098, 33.57317, 56.76037], "size": [2, 2, 4], "pivot": [8.92098, 34.57317, -37.48963], "rotation": [90, 0, 0], "uv": [154, 31], "mirror": true},
						{"origin": [3.42098, 31.07317, 43.76037], "size": [7, 7, 10], "inflate": 0.01, "pivot": [8.92098, 34.57317, -37.48963], "rotation": [90, 0, 0], "uv": [28, 187], "mirror": true}
					]
				},
				{
					"name": "left_ring",
					"parent": "neck2",
					"pivot": [10.29926, 13.19752, -58.48963],
					"cubes": [
						{"origin": [3.42098, 31.07317, -59.23963], "size": [3, 1, 7], "pivot": [6.92098, 31.57317, -58.48963], "rotation": [90, 0, 0], "uv": [142, 201], "mirror": true},
						{"origin": [4.92098, 30.07317, -62.48963], "size": [4, 3, 7], "pivot": [6.92098, 31.57317, -58.48963], "rotation": [90, 0, -67.5], "uv": [209, 194], "mirror": true},
						{"origin": [6.35089, 29.41167, -69.03291], "size": [6, 4, 11], "pivot": [11.647, 31.41167, -58.48963], "rotation": [90, 0, -13.5], "uv": [194, 43], "mirror": true},
						{"origin": [8.15957, 14.27566, -57.98963], "size": [5, 2, 6], "pivot": [13.15957, 15.27566, -58.48963], "rotation": [90, 0, 9], "uv": [147, 0], "mirror": true},
						{"origin": [6.79926, 13.19752, -60.48963], "size": [4, 0, 6], "inflate": 0.01, "pivot": [10.29926, 13.19752, -58.48963], "rotation": [90, 0, 31.5], "uv": [0, 37], "mirror": true}
					]
				},
				{
					"name": "left_arm_top",
					"parent": "left_ring",
					"pivot": [5, 36.8, -58.5],
					"cubes": [
						{"origin": [4.42098, 30.57317, -53.23963], "size": [1, 2, 4], "pivot": [6.92098, 31.57317, -58.48963], "rotation": [90, 0, 0], "uv": [63, 45], "mirror": true},
						{"origin": [3.92098, 30.07317, -49.23963], "size": [2, 3, 7], "pivot": [6.92098, 31.57317, -58.48963], "rotation": [90, 0, 0], "uv": [159, 214], "mirror": true}
					]
				},
				{
					"name": "left_arm_top2",
					"parent": "left_arm_top",
					"pivot": [4.92098, 47.82317, -58.48963],
					"cubes": [
						{"origin": [2.92098, 28.57317, -42.23963], "size": [4, 6, 17], "pivot": [6.92098, 31.57317, -58.48963], "rotation": [90, 0, 0], "uv": [167, 108], "mirror": true}
					]
				},
				{
					"name": "left_arm_top3",
					"parent": "left_arm_top2",
					"pivot": [4.92098, 64.82317, -58.48963],
					"cubes": [
						{"origin": [1.42098, 28.07317, -25.23963], "size": [7, 7, 16], "pivot": [6.92098, 31.57317, -58.48963], "rotation": [90, 0, 0], "uv": [138, 132], "mirror": true}
					]
				},
				{
					"name": "left_arm_top4",
					"parent": "left_arm_top3",
					"pivot": [4.92098, 80.82317, -58.48963],
					"cubes": [
						{"origin": [1.42098, 28.07317, -9.23963], "size": [7, 7, 16], "inflate": 0.01, "pivot": [6.92098, 31.57317, -58.48963], "rotation": [90, 0, 0], "uv": [92, 132], "mirror": true}
					]
				},
				{
					"name": "left_arm_top5",
					"parent": "left_arm_top4",
					"pivot": [4.92098, 96.82317, -58.48963],
					"cubes": [
						{"origin": [1.42098, 28.07317, 6.76037], "size": [7, 7, 16], "pivot": [6.92098, 31.57317, -58.48963], "rotation": [90, 0, 0], "uv": [0, 127], "mirror": true}
					]
				},
				{
					"name": "left_arm_top6",
					"parent": "left_arm_top5",
					"pivot": [4.92098, 112.77317, -58.48963],
					"cubes": [
						{"origin": [2.92098, 29.57317, 32.76037], "size": [4, 4, 3], "pivot": [6.92098, 31.57317, -58.48963], "rotation": [90, 0, 0], "uv": [123, 109], "mirror": true},
						{"origin": [3.92098, 30.57317, 35.76037], "size": [2, 2, 4], "pivot": [6.92098, 31.57317, -58.48963], "rotation": [90, 0, 0], "uv": [154, 31], "mirror": true},
						{"origin": [1.42098, 28.07317, 22.76037], "size": [7, 7, 10], "inflate": 0.01, "pivot": [6.92098, 31.57317, -58.48963], "rotation": [90, 0, 0], "uv": [28, 187], "mirror": true}
					]
				},
				{
					"name": "bone2",
					"parent": "neck2",
					"pivot": [0, 29.19168, -64.48963],
					"cubes": [
						{"origin": [-6, 33.98449, -59.83244], "size": [12, 9, 10], "pivot": [0.1, 24.75949, -55.26463], "rotation": [90, 0, 0], "uv": [61, 178]}
					]
				},
				{
					"name": "head",
					"parent": "bone2",
					"pivot": [0.04908, 29.73221, -73.57838],
					"cubes": [
						{"origin": [-4.49772, 22.39, -84.97043], "size": [9, 8, 9], "inflate": -0.2, "pivot": [0.00228, 26.39221, -80.47043], "rotation": [0, 45, 0], "uv": [182, 23]},
						{"origin": [-4.49772, 20.04, -84.97043], "size": [9, 3, 9], "inflate": -0.21, "pivot": [0.00228, 26.79221, -80.47043], "rotation": [0, 45, 0], "uv": [194, 58]},
						{"origin": [-6, 20.19168, -80.48963], "size": [12, 10, 7], "inflate": 0.01, "uv": [105, 178]},
						{"origin": [-1.00566, 23.05721, -86.71714], "size": [2, 6, 2], "inflate": 0.01, "uv": [143, 15]},
						{"origin": [-0.50566, 22.05721, -86.71714], "size": [1, 1, 0], "inflate": 0.01, "uv": [140, 15]},
						{"origin": [-0.50566, 29.05721, -86.71714], "size": [1, 1, 0], "inflate": 0.01, "uv": [140, 15]},
						{"origin": [-6.44999, 25.43221, -80.38431], "size": [0, 10, 5], "uv": [2, 70]},
						{"origin": [6.44999, 25.43221, -80.38431], "size": [0, 10, 5], "uv": [2, 70], "mirror": true},
						{"origin": [-7.0196, 25.43221, -81.78114], "size": [9, 4, 0], "pivot": [-5.0196, 26.93221, -81.78114], "rotation": [0, 44.3, 0], "uv": [112, 93]},
						{"origin": [-1.9814, 25.43221, -81.78114], "size": [9, 4, 0], "pivot": [5.0186, 26.93221, -81.78114], "rotation": [0, -44.3, 0], "uv": [112, 93], "mirror": true},
						{"origin": [12.84867, 21.59, -81.52094], "size": [2, 1, 0], "pivot": [1.35299, -3.842, -66.11506], "rotation": [0, 45, 0], "uv": [0, 5]},
						{"origin": [-13.99431, 21.59, -79.75217], "size": [2, 1, 0], "pivot": [1.21157, -3.842, -66.25649], "rotation": [0, -45, 0], "uv": [0, 4]}
					]
				},
				{
					"name": "right_eye",
					"parent": "head",
					"pivot": [1.39885, -3.84979, -65.6808],
					"cubes": [
						{"origin": [6.34454, 23.3822, -81.7619], "size": [5, 3, 0], "pivot": [1.34885, -3.84979, -66.9308], "rotation": [0, 45, 0], "uv": [153, 61]},
						{"origin": [8.34454, 24.3822, -81.7619], "size": [1, 1, 0], "inflate": 0.01, "pivot": [1.34885, -3.84979, -66.9308], "rotation": [0, 45, 0], "uv": [154, 66]}
					]
				},
				{
					"name": "left_eye",
					"parent": "head",
					"pivot": [-1.29885, -3.84979, -65.6808],
					"cubes": [
						{"origin": [-11.34454, 23.38221, -81.7619], "size": [5, 3, 0], "pivot": [-1.34885, -3.84979, -66.9308], "rotation": [0, -45, 0], "uv": [153, 56]},
						{"origin": [-9.34454, 24.38221, -81.7619], "size": [1, 1, 0], "inflate": 0.02, "pivot": [-1.34885, -3.84979, -66.9308], "rotation": [0, -45, 0], "uv": [154, 66]}
					]
				},
				{
					"name": "bone30",
					"parent": "head",
					"pivot": [0, 8.31154, -86.11354],
					"rotation": [-2.5, 0, 0],
					"cubes": [
						{"origin": [-5.30071, 19.65814, -86.96964], "size": [5, 2, 3], "inflate": 0.01, "pivot": [-1.59951, 20.91311, -86.25795], "rotation": [29.80476, 7.38791, 9.28217], "uv": [30, 127]},
						{"origin": [-1.05071, 19.65404, -88.9376], "size": [1, 1, 3], "inflate": 0.01, "pivot": [-0.80071, 20.15404, -87.4376], "rotation": [30.88499, -8.60492, -5.11393], "uv": [50, 118]},
						{"origin": [0.05071, 19.65404, -88.9376], "size": [1, 1, 3], "inflate": 0.01, "pivot": [0.80071, 20.15404, -87.4376], "rotation": [30.88499, 8.60492, 5.11393], "uv": [50, 118], "mirror": true},
						{"origin": [0.30071, 19.65814, -86.96964], "size": [5, 2, 3], "inflate": 0.01, "pivot": [1.59951, 20.91311, -86.25795], "rotation": [29.80476, -7.38791, -9.28217], "uv": [30, 127], "mirror": true},
						{"origin": [-4.63258, 20.78835, -85.49914], "size": [3, 2, 9], "pivot": [-2.85107, 22.04332, -84.46598], "rotation": [36.09188, -33.2005, -16.69114], "uv": [129, 62]},
						{"origin": [1.63258, 20.78835, -85.49914], "size": [3, 2, 9], "pivot": [2.85107, 22.04332, -84.46598], "rotation": [36.09188, 33.2005, 16.69114], "uv": [88, 90]},
						{"origin": [-1.9742, 24.2046, -73.29355], "size": [7, 3, 8], "pivot": [0, 26.24172, -78.39144], "rotation": [87.13978, 50.45231, 80.57529], "uv": [120, 202]},
						{"origin": [-5.0258, 24.2046, -73.29355], "size": [7, 3, 8], "pivot": [0, 26.24172, -78.39144], "rotation": [87.13978, -50.45231, -80.57529], "uv": [120, 202], "mirror": true},
						{"origin": [-11.5324, 32.22976, -73.61047], "size": [6, 0, 4], "inflate": 0.01, "pivot": [-11.5324, 32.22976, -71.61047], "rotation": [115.04038, -45.42046, -117.54245], "uv": [72, 0]},
						{"origin": [2.45138, 27.26029, -78.59172], "size": [8, 2, 7], "pivot": [8.95138, 28.26029, -76.09172], "rotation": [115.04038, 45.42046, 117.54245], "uv": [108, 62]},
						{"origin": [-10.45138, 27.26029, -78.59172], "size": [8, 2, 7], "pivot": [-8.95138, 28.26029, -76.09172], "rotation": [115.04038, -45.42046, -117.54245], "uv": [108, 62], "mirror": true},
						{"origin": [5.5324, 32.22976, -73.61047], "size": [6, 0, 4], "inflate": 0.01, "pivot": [11.5324, 32.22976, -71.61047], "rotation": [115.04038, 45.42046, 117.54245], "uv": [0, 12]}
					]
				},
				{
					"name": "bone3",
					"parent": "head",
					"pivot": [0.17571, 23.98221, -86.41714]
				},
				{
					"name": "jaw",
					"parent": "head",
					"pivot": [0.04815, 22.18221, -80.46043]
				},
				{
					"name": "dbody",
					"parent": "torso",
					"pivot": [0, 16.09168, -14.53963],
					"cubes": [
						{"origin": [-11, 14.59168, -14.53963], "size": [22, 21, 16], "uv": [0, 0]},
						{"origin": [11, 21.09168, -10.03963], "size": [9, 7, 7], "uv": [120, 155]},
						{"origin": [27, 23.09168, -8.03963], "size": [7, 3, 3], "uv": [182, 40]},
						{"origin": [20, 22.09168, -9.03963], "size": [7, 5, 5], "uv": [209, 117]},
						{"origin": [-20, 21.09168, -10.03963], "size": [9, 7, 7], "uv": [120, 155], "mirror": true},
						{"origin": [-27, 22.09168, -9.03963], "size": [7, 5, 5], "uv": [209, 117], "mirror": true},
						{"origin": [-34, 23.09168, -8.03963], "size": [7, 3, 3], "uv": [182, 40], "mirror": true}
					]
				},
				{
					"name": "dbody2",
					"parent": "dbody",
					"pivot": [-0.01, 18.01, 1.41],
					"cubes": [
						{"origin": [-9.51, 16.01, 0.41], "size": [19, 18, 13], "uv": [74, 24]},
						{"origin": [23.5, 23.09168, 6.96037], "size": [7, 3, 3], "uv": [25, 173]},
						{"origin": [17.5, 22.09168, 5.96037], "size": [6, 5, 5], "uv": [115, 213]},
						{"origin": [9.5, 21.09168, 4.96037], "size": [8, 7, 7], "uv": [27, 205]},
						{"origin": [-17.5, 21.09168, 4.96037], "size": [8, 7, 7], "uv": [27, 205], "mirror": true},
						{"origin": [-23.5, 22.09168, 5.96037], "size": [6, 5, 5], "uv": [115, 213], "mirror": true},
						{"origin": [-30.5, 23.09168, 6.96037], "size": [7, 3, 3], "uv": [25, 173], "mirror": true}
					]
				},
				{
					"name": "tail",
					"parent": "dbody2",
					"pivot": [-0.102, 25.052, 13.437],
					"cubes": [
						{"origin": [-7.602, 18.052, 13.437], "size": [15, 14, 16], "uv": [0, 74]}
					]
				},
				{
					"name": "bone",
					"parent": "tail",
					"pivot": [-0.102, 25.052, 29.687],
					"cubes": [
						{"origin": [-6.602, 19.552, 29.437], "size": [13, 11, 15], "uv": [47, 90]}
					]
				},
				{
					"name": "bone4",
					"parent": "bone",
					"pivot": [-0.102, 25.052, 44.437],
					"cubes": [
						{"origin": [-5.102, 20.552, 44.437], "size": [10, 9, 14], "inflate": 0.01, "uv": [89, 102]},
						{"origin": [4.898, 23.552, 54.937], "size": [4, 3, 3], "inflate": 0.01, "uv": [152, 39]},
						{"origin": [8.898, 24.052, 55.437], "size": [4, 2, 2], "inflate": 0.01, "uv": [139, 73]},
						{"origin": [-8.898, 23.552, 54.937], "size": [4, 3, 3], "inflate": 0.01, "uv": [152, 39], "mirror": true},
						{"origin": [-12.898, 24.052, 55.437], "size": [4, 2, 2], "inflate": 0.01, "uv": [139, 73], "mirror": true}
					]
				},
				{
					"name": "bone5",
					"parent": "bone4",
					"pivot": [-0.102, 25.052, 58.487],
					"cubes": [
						{"origin": [-3.102, 22.052, 57.437], "size": [6, 6, 13], "inflate": 0.01, "uv": [0, 173]},
						{"origin": [6.898, 24.052, 64.437], "size": [4, 2, 2], "inflate": 0.01, "uv": [139, 73]},
						{"origin": [2.898, 23.552, 63.937], "size": [4, 3, 3], "inflate": 0.01, "uv": [152, 39]},
						{"origin": [-6.898, 23.552, 63.937], "size": [4, 3, 3], "inflate": 0.01, "uv": [152, 39], "mirror": true},
						{"origin": [-10.898, 24.052, 64.437], "size": [4, 2, 2], "inflate": 0.01, "uv": [139, 73], "mirror": true}
					]
				},
				{
					"name": "bone6",
					"parent": "bone5",
					"pivot": [-0.102, 25.052, 70.437],
					"cubes": [
						{"origin": [-1.602, 23.552, 69.437], "size": [3, 3, 10], "inflate": 0.01, "uv": [60, 0]}
					]
				}
			]
		}
	]
}