{
	"format_version": "1.12.0",
	"minecraft:geometry": [
		{
			"description": {
				"identifier": "geometry.unknown",
				"texture_width": 256,
				"texture_height": 256,
				"visible_bounds_width": 11,
				"visible_bounds_height": 7.5,
				"visible_bounds_offset": [0, 3.25, 0]
			},
			"bones": [
				{
					"name": "hooh",
					"pivot": [0, 0, 0]
				},
				{
					"name": "body",
					"parent": "hooh",
					"pivot": [0, 55, 0]
				},
				{
					"name": "torso",
					"parent": "body",
					"pivot": [0, 29, 0],
					"cubes": [
						{"origin": [-9, 43, -9], "size": [18, 21, 19], "uv": [0, 54]},
						{"origin": [-11, 24, -11], "size": [22, 31, 23], "uv": [0, 0]}
					]
				},
				{
					"name": "wing_right",
					"parent": "torso",
					"pivot": [-9, 60, 0.5],
					"cubes": [
						{"origin": [-46, 42.9, -1], "size": [41, 21, 3], "uv": [74, 54]},
						{"origin": [-46, 36.9, -1], "size": [41, 6, 0], "uv": [74, 84]},
						{"origin": [-46, 28.9, 0.5], "size": [41, 14, 0], "uv": [67, 0]},
						{"origin": [-46, 36.9, 2], "size": [41, 6, 0], "uv": [74, 84]}
					]
				},
				{
					"name": "wing_right2",
					"parent": "wing_right",
					"pivot": [-46, 64, -1],
					"cubes": [
						{"origin": [-73, 47.9, -1], "size": [27, 16, 3], "uv": [90, 90]},
						{"origin": [-73, 40.9, -1], "size": [27, 7, 0], "uv": [80, 124]},
						{"origin": [-73, 32.9, 0.5], "size": [27, 15, 0], "uv": [90, 109]},
						{"origin": [-73, 40.9, 2], "size": [27, 7, 0], "uv": [80, 124]}
					]
				},
				{
					"name": "wing_right3",
					"parent": "wing_right2",
					"pivot": [-73, 64, -1],
					"cubes": [
						{"origin": [-94, 54.9, -1], "size": [21, 9, 3], "uv": [130, 21]},
						{"origin": [-94, 45.9, -1], "size": [21, 9, 0], "uv": [122, 142]},
						{"origin": [-94, 45.9, 2], "size": [21, 9, 0], "uv": [122, 142]},
						{"origin": [-94, 37.9, 0.5], "size": [21, 17, 0], "uv": [80, 131]}
					]
				},
				{
					"name": "wing_right4",
					"parent": "wing_right3",
					"pivot": [-94, 64, -1],
					"cubes": [
						{"origin": [-107, 59.9, -1], "size": [13, 4, 3], "uv": [130, 33]},
						{"origin": [-107, 52.9, -1], "size": [13, 7, 0], "uv": [68, 148]},
						{"origin": [-107, 52.9, 2], "size": [13, 7, 0], "uv": [68, 148]},
						{"origin": [-107, 43.9, 0.5], "size": [13, 16, 0], "uv": [42, 145]}
					]
				},
				{
					"name": "wing_left",
					"parent": "torso",
					"pivot": [9, 60, 0.5],
					"cubes": [
						{"origin": [5, 42.9, -1], "size": [41, 21, 3], "uv": [74, 54], "mirror": true},
						{"origin": [5, 36.9, -1], "size": [41, 6, 0], "uv": [74, 84], "mirror": true},
						{"origin": [5, 28.9, 0.5], "size": [41, 14, 0], "uv": [67, 0], "mirror": true},
						{"origin": [5, 36.9, 2], "size": [41, 6, 0], "uv": [74, 84], "mirror": true}
					]
				},
				{
					"name": "wing_left2",
					"parent": "wing_left",
					"pivot": [46, 64, -1],
					"cubes": [
						{"origin": [46, 47.9, -1], "size": [27, 16, 3], "uv": [90, 90], "mirror": true},
						{"origin": [46, 40.9, -1], "size": [27, 7, 0], "uv": [80, 124], "mirror": true},
						{"origin": [46, 32.9, 0.5], "size": [27, 15, 0], "uv": [90, 109], "mirror": true},
						{"origin": [46, 40.9, 2], "size": [27, 7, 0], "uv": [80, 124], "mirror": true}
					]
				},
				{
					"name": "wing_left3",
					"parent": "wing_left2",
					"pivot": [73, 64, -1],
					"cubes": [
						{"origin": [73, 54.9, -1], "size": [21, 9, 3], "uv": [130, 21], "mirror": true},
						{"origin": [73, 45.9, -1], "size": [21, 9, 0], "uv": [122, 142], "mirror": true},
						{"origin": [73, 45.9, 2], "size": [21, 9, 0], "uv": [122, 142], "mirror": true},
						{"origin": [73, 37.9, 0.5], "size": [21, 17, 0], "uv": [80, 131], "mirror": true}
					]
				},
				{
					"name": "wing_left4",
					"parent": "wing_left3",
					"pivot": [94, 64, -1],
					"cubes": [
						{"origin": [94, 59.9, -1], "size": [13, 4, 3], "uv": [130, 33], "mirror": true},
						{"origin": [94, 52.9, -1], "size": [13, 7, 0], "uv": [68, 148], "mirror": true},
						{"origin": [94, 52.9, 2], "size": [13, 7, 0], "uv": [68, 148], "mirror": true},
						{"origin": [94, 43.9, 0.5], "size": [13, 16, 0], "uv": [42, 145], "mirror": true}
					]
				},
				{
					"name": "neck",
					"parent": "torso",
					"pivot": [0, 62, 0],
					"cubes": [
						{"origin": [-5, 61, -6.9], "size": [10, 12, 12], "uv": [36, 110]}
					]
				},
				{
					"name": "neck2",
					"parent": "neck",
					"pivot": [0, 71, 0],
					"cubes": [
						{"origin": [-4, 71, -4.7], "size": [8, 9, 9], "pivot": [0, 75.5, 0], "rotation": [-12.5, 0, 0], "uv": [125, 124]}
					]
				},
				{
					"name": "neck3",
					"parent": "neck2",
					"pivot": [0, 74, 3],
					"cubes": [
						{"origin": [-3, 74, -3], "size": [6, 13, 7], "uv": [144, 102]}
					]
				},
				{
					"name": "head_ai",
					"parent": "neck3",
					"pivot": [0, 87, -3]
				},
				{
					"name": "head",
					"parent": "head_ai",
					"pivot": [0, 87, -3],
					"cubes": [
						{"origin": [-6, 87, -12], "size": [12, 11, 16], "uv": [90, 24]}
					]
				},
				{
					"name": "head_tuft",
					"parent": "head",
					"pivot": [0, 98, -10],
					"cubes": [
						{"origin": [-2, 96.05026, -9.32687], "size": [4, 10, 4], "pivot": [0, 100.32779, -1.23173], "rotation": [-11, 0, 0], "uv": [94, 148]},
						{"origin": [-2, 105.86327, -2.67609], "size": [4, 5, 5], "inflate": -0.002, "pivot": [0, 100.32779, -1.23173], "rotation": [22.5, 0, 0], "uv": [150, 122]},
						{"origin": [-2, 96.8135, -5.40036], "size": [4, 10, 4], "inflate": -0.001, "pivot": [0, 100.32779, -1.23173], "rotation": [-11, 0, 0], "uv": [26, 148]},
						{"origin": [-2, 105.26534, -0.62093], "size": [4, 5, 5], "inflate": -0.003, "pivot": [0, 100.32779, -1.23173], "rotation": [7.5, 0, 0], "uv": [150, 90]},
						{"origin": [-2, 97.44921, -3.35657], "size": [4, 10, 4], "inflate": -0.002, "pivot": [0, 100.32779, -1.23173], "rotation": [-26, 0, 0], "uv": [55, 54]},
						{"origin": [-2, 104.59321, 0.77042], "size": [4, 5, 5], "inflate": -0.004, "pivot": [0, 100.32779, -1.23173], "rotation": [-15, 0, 0], "uv": [149, 0]},
						{"origin": [-2, 97.65666, -1.82537], "size": [4, 10, 4], "inflate": -0.003, "pivot": [0, 100.32779, -1.23173], "rotation": [-48.5, 0, 0], "uv": [0, 54]},
						{"origin": [-2, 107.39401, -6.37161], "size": [4, 5, 5], "inflate": -0.001, "pivot": [0, 100.32779, -1.23173], "rotation": [22.5, 0, 0], "uv": [110, 151]}
					]
				},
				{
					"name": "beak_top",
					"parent": "head",
					"pivot": [0, 92, -12],
					"cubes": [
						{"origin": [-6, 91.47031, -15.37503], "size": [12, 5, 6], "inflate": -0.001, "pivot": [0, 91.16009, -11.87115], "rotation": [22.5, 0, 0], "uv": [42, 134]},
						{"origin": [-4.5, 90.0255, -23.30344], "size": [9, 5, 8], "uv": [35, 94]},
						{"origin": [-2.5, 91.70801, -26.23404], "size": [5, 4, 5], "pivot": [0, 91.16009, -11.87115], "rotation": [7.5, 0, 0], "uv": [68, 112]},
						{"origin": [-1.5, 100.3856, -22.99336], "size": [3, 4, 4], "pivot": [0, 91.16009, -11.87115], "rotation": [52.5, 0, 0], "uv": [156, 78]}
					]
				},
				{
					"name": "beak_bottom",
					"parent": "head",
					"pivot": [0, 92, -12],
					"cubes": [
						{"origin": [-3.5, 88.90549, -17.24672], "size": [7, 3, 7], "pivot": [0, 91.28124, -11.4164], "rotation": [17.5, 0, 0], "uv": [139, 44]},
						{"origin": [-2.5, 87.3172, -22.3019], "size": [5, 3, 6], "uv": [67, 14]},
						{"origin": [-1.5, 83.5737, -23.8781], "size": [3, 3, 4], "pivot": [0, 91.28124, -11.4164], "rotation": [-22.5, 0, 0], "uv": [156, 155]}
					]
				},
				{
					"name": "eyelid_right",
					"parent": "head",
					"pivot": [-5.1, 94, -6],
					"cubes": [
						{"origin": [-5.1, 91, -11], "size": [0, 6, 10], "uv": [168, 79]}
					]
				},
				{
					"name": "eyelid_left",
					"parent": "head",
					"pivot": [5.1, 94, -6],
					"cubes": [
						{"origin": [5.1, 91, -11], "size": [0, 6, 10], "uv": [168, 79], "mirror": true}
					]
				},
				{
					"name": "leg_right",
					"parent": "body",
					"pivot": [-7, 31, -2],
					"cubes": [
						{"origin": [-14, 18, -6], "size": [11, 15, 13], "uv": [0, 94]}
					]
				},
				{
					"name": "leg_right2",
					"parent": "leg_right",
					"pivot": [-8, 20, 0.5],
					"cubes": [
						{"origin": [-10.5, 11, -1.5], "size": [4, 10, 4], "uv": [167, 0]}
					]
				},
				{
					"name": "leg_right3",
					"parent": "leg_right2",
					"pivot": [-8.5, 12, 0.5],
					"cubes": [
						{"origin": [-10, 5, -1], "size": [3, 8, 3], "uv": [1, 0]}
					]
				},
				{
					"name": "foot_right_back",
					"parent": "leg_right3",
					"pivot": [-8.5, 5, -0.5],
					"cubes": [
						{"origin": [-12.5, 1, -2.5], "size": [8, 4, 7], "uv": [0, 122]}
					]
				},
				{
					"name": "foot_right_front",
					"parent": "foot_right_back",
					"pivot": [-8.5, 5, -2.5],
					"cubes": [
						{"origin": [-12.5, 1, -8.5], "size": [8, 4, 6], "uv": [143, 11]}
					]
				},
				{
					"name": "toe_middle_right",
					"parent": "foot_right_front",
					"pivot": [-8.5, 4, -8.5],
					"cubes": [
						{"origin": [-10, 1, -13.5], "size": [3, 3, 5], "uv": [26, 134]}
					]
				},
				{
					"name": "toe_middle_right2",
					"parent": "toe_middle_right",
					"pivot": [-8.5, 4, -8.5],
					"cubes": [
						{"origin": [-9.5, 0.4, -15.7], "size": [2, 2, 3], "pivot": [-8.5, 2, -15.5], "rotation": [22.5, 0, 0], "uv": [1, 101]},
						{"origin": [-9.5, 1.4, -17.7], "size": [2, 0, 2], "pivot": [-8.5, 2, -15.5], "rotation": [22.5, 0, 0], "uv": [6, 102]}
					]
				},
				{
					"name": "toe_right_right",
					"parent": "foot_right_front",
					"pivot": [-10.5, 4, -8.5],
					"cubes": [
						{"origin": [-14, 1, -12.5], "size": [3, 3, 5], "pivot": [-12.5, 2.12591, -11.76564], "rotation": [0, 22.5, 0], "uv": [144, 151]}
					]
				},
				{
					"name": "toe_right_right2",
					"parent": "toe_right_right",
					"pivot": [-10.5, 4, -8.5],
					"cubes": [
						{"origin": [-13.5, 1.45598, -14.54004], "size": [2, 2, 3], "pivot": [-12.5, 2.12591, -11.76564], "rotation": [22.5, 22.5, 0], "uv": [62, 95]},
						{"origin": [-13.5, 2.45598, -16.54004], "size": [2, 0, 2], "pivot": [-12.5, 2.12591, -11.76564], "rotation": [22.5, 22.5, 0], "uv": [6, 102]}
					]
				},
				{
					"name": "toe_left_right",
					"parent": "foot_right_front",
					"pivot": [-6.5, 4, -8.5],
					"cubes": [
						{"origin": [-6, 1, -12.5], "size": [3, 3, 5], "pivot": [-4.5, 2.12591, -11.76564], "rotation": [0, -22.5, 0], "uv": [128, 151]}
					]
				},
				{
					"name": "toe_left_right2",
					"parent": "toe_left_right",
					"pivot": [-6.5, 4, -8.5],
					"cubes": [
						{"origin": [-5.5, 1.45598, -14.54004], "size": [2, 2, 3], "pivot": [-4.5, 2.12591, -11.76564], "rotation": [22.5, -22.5, 0], "uv": [1, 95]},
						{"origin": [-5.5, 2.45598, -16.54004], "size": [2, 0, 2], "pivot": [-4.5, 2.12591, -11.76564], "rotation": [22.5, -22.5, 0], "uv": [6, 100]}
					]
				},
				{
					"name": "toe_back_right",
					"parent": "foot_right_back",
					"pivot": [-8.5, 4, 4.5],
					"cubes": [
						{"origin": [-10.5, 1, 4.5], "size": [4, 3, 4], "uv": [68, 155]}
					]
				},
				{
					"name": "toe_back_right2",
					"parent": "toe_back_right",
					"pivot": [-8.5, 4, 4.5],
					"cubes": [
						{"origin": [-10, 0.9, 8], "size": [3, 2, 2], "pivot": [-8.5, 2, 9.5], "rotation": [-22.5, 0, 0], "uv": [1, 69]},
						{"origin": [-10, 1.9, 10], "size": [3, 0, 2], "pivot": [-8.5, 2, 9.5], "rotation": [-22.5, 0, 0], "uv": [7, 69]}
					]
				},
				{
					"name": "tail",
					"parent": "body",
					"pivot": [0, 31, 9]
				},
				{
					"name": "small_tail17",
					"parent": "tail",
					"pivot": [3, 26.5, 8],
					"rotation": [-13.32292, 0.35715, -49.07398],
					"cubes": [
						{"origin": [-1, 26.5, 8], "size": [8, 0, 22], "uv": [52, 90]}
					]
				},
				{
					"name": "small_tail18",
					"parent": "small_tail17",
					"pivot": [3, 26.5, 30],
					"rotation": [7.5, 0, 0],
					"cubes": [
						{"origin": [-1, 26.5, 30], "size": [8, 0, 22], "uv": [148, 67]}
					]
				},
				{
					"name": "small_tail19",
					"parent": "tail",
					"pivot": [-3, 26.5, 8],
					"rotation": [-13.32292, -0.35715, 49.07398],
					"cubes": [
						{"origin": [-7, 26.5, 8], "size": [8, 0, 22], "uv": [52, 90], "mirror": true}
					]
				},
				{
					"name": "small_tail20",
					"parent": "small_tail19",
					"pivot": [-3, 26.5, 30],
					"rotation": [7.5, 0, 0],
					"cubes": [
						{"origin": [-7, 26.5, 30], "size": [8, 0, 22], "uv": [148, 67], "mirror": true}
					]
				},
				{
					"name": "small_tail21",
					"parent": "tail",
					"pivot": [0, 31.5, 9],
					"rotation": [17.5, 0, 0],
					"cubes": [
						{"origin": [-4, 31.5, 9], "size": [8, 0, 22], "uv": [148, 67], "mirror": true}
					]
				},
				{
					"name": "small_tail22",
					"parent": "tail",
					"pivot": [0, 31.5, 9],
					"rotation": [-17.5, 0, 0],
					"cubes": [
						{"origin": [-4, 31.5, 9], "size": [8, 0, 22], "uv": [148, 67], "mirror": true}
					]
				},
				{
					"name": "small_tail23",
					"parent": "tail",
					"pivot": [-1, 31.5, 9],
					"rotation": [-22.5, 0, -90],
					"cubes": [
						{"origin": [-5, 31.5, 9], "size": [8, 0, 22], "uv": [148, 67], "mirror": true}
					]
				},
				{
					"name": "small_tail24",
					"parent": "tail",
					"pivot": [1, 31.5, 9],
					"rotation": [-22.5, 0, 90],
					"cubes": [
						{"origin": [-3, 31.5, 9], "size": [8, 0, 22], "uv": [148, 67]}
					]
				},
				{
					"name": "small_tail15",
					"parent": "tail",
					"pivot": [-3, 35.5, 8],
					"rotation": [13.32292, -0.35715, -49.07398],
					"cubes": [
						{"origin": [-7, 35.5, 8], "size": [8, 0, 22], "uv": [52, 90], "mirror": true}
					]
				},
				{
					"name": "small_tail16",
					"parent": "small_tail15",
					"pivot": [-3, 35.5, 30],
					"rotation": [-7.5, 0, 0],
					"cubes": [
						{"origin": [-7, 35.5, 30], "size": [8, 0, 22], "uv": [148, 67], "mirror": true}
					]
				},
				{
					"name": "small_tail13",
					"parent": "tail",
					"pivot": [3, 35.5, 8],
					"rotation": [13.32292, 0.35715, 49.07398],
					"cubes": [
						{"origin": [-1, 35.5, 8], "size": [8, 0, 22], "uv": [52, 90]}
					]
				},
				{
					"name": "small_tail14",
					"parent": "small_tail13",
					"pivot": [3, 35.5, 30],
					"rotation": [-7.5, 0, 0],
					"cubes": [
						{"origin": [-1, 35.5, 30], "size": [8, 0, 22], "uv": [148, 67]}
					]
				},
				{
					"name": "small_tail11",
					"parent": "tail",
					"pivot": [-4, 31.5, 8],
					"rotation": [20.54809, -2.65716, -95.34794],
					"cubes": [
						{"origin": [-8, 31.5, 8], "size": [8, 0, 22], "uv": [52, 90], "mirror": true}
					]
				},
				{
					"name": "small_tail12",
					"parent": "small_tail11",
					"pivot": [-4, 31.5, 30],
					"rotation": [-7.5, 0, 0],
					"cubes": [
						{"origin": [-8, 31.5, 30], "size": [8, 0, 22], "uv": [148, 67], "mirror": true}
					]
				},
				{
					"name": "small_tail9",
					"parent": "tail",
					"pivot": [4, 31.5, 8],
					"rotation": [20.54809, 2.65716, 95.34794],
					"cubes": [
						{"origin": [0, 31.5, 8], "size": [8, 0, 22], "uv": [52, 90]}
					]
				},
				{
					"name": "small_tail10",
					"parent": "small_tail9",
					"pivot": [4, 31.5, 30],
					"rotation": [-7.5, 0, 0],
					"cubes": [
						{"origin": [0, 31.5, 30], "size": [8, 0, 22], "uv": [148, 67]}
					]
				},
				{
					"name": "big_tail11",
					"parent": "tail",
					"pivot": [-7, 34, 9],
					"rotation": [16.50811, 1.75624, -70.18915],
					"cubes": [
						{"origin": [-11, 34, 9], "size": [8, 0, 34], "uv": [-34, 133], "mirror": true}
					]
				},
				{
					"name": "big_tail12",
					"parent": "big_tail11",
					"pivot": [-7, 34, 43],
					"rotation": [-10, 0, 0],
					"cubes": [
						{"origin": [-11, 34, 43], "size": [8, 0, 34], "uv": [133, 33], "mirror": true}
					]
				},
				{
					"name": "big_tail9",
					"parent": "tail",
					"pivot": [7, 34, 9],
					"rotation": [16.50811, -1.75624, 70.18915],
					"cubes": [
						{"origin": [3, 34, 9], "size": [8, 0, 34], "uv": [-34, 133]}
					]
				},
				{
					"name": "big_tail10",
					"parent": "big_tail9",
					"pivot": [7, 34, 43],
					"rotation": [-10, 0, 0],
					"cubes": [
						{"origin": [3, 34, 43], "size": [8, 0, 34], "uv": [133, 33]}
					]
				},
				{
					"name": "small_tail7",
					"parent": "tail",
					"pivot": [-4, 38, 8],
					"rotation": [20.80886, -5.6045, -26.27425],
					"cubes": [
						{"origin": [-8, 38, 8], "size": [8, 0, 22], "uv": [52, 90], "mirror": true}
					]
				},
				{
					"name": "small_tail8",
					"parent": "small_tail7",
					"pivot": [-4, 38, 30],
					"rotation": [-7.5, 0, 0],
					"cubes": [
						{"origin": [-8, 38, 30], "size": [8, 0, 22], "uv": [148, 67], "mirror": true}
					]
				},
				{
					"name": "small_tail5",
					"parent": "tail",
					"pivot": [4, 38, 8],
					"rotation": [20.80886, 5.6045, 26.27425],
					"cubes": [
						{"origin": [0, 38, 8], "size": [8, 0, 22], "uv": [52, 90]}
					]
				},
				{
					"name": "small_tail6",
					"parent": "small_tail5",
					"pivot": [4, 38, 30],
					"rotation": [-7.5, 0, 0],
					"cubes": [
						{"origin": [0, 38, 30], "size": [8, 0, 22], "uv": [148, 67]}
					]
				},
				{
					"name": "big_tail7",
					"parent": "tail",
					"pivot": [0, 38, 9],
					"rotation": [12.5, 0, 0],
					"cubes": [
						{"origin": [-4, 38, 9], "size": [8, 0, 34], "uv": [-34, 133]}
					]
				},
				{
					"name": "big_tail8",
					"parent": "big_tail7",
					"pivot": [0, 38, 43],
					"rotation": [-10, 0, 0],
					"cubes": [
						{"origin": [-4, 38, 43], "size": [8, 0, 34], "uv": [133, 33]}
					]
				},
				{
					"name": "big_tail5",
					"parent": "tail",
					"pivot": [-7, 27, 9],
					"rotation": [-16.50811, 1.75624, 70.18915],
					"cubes": [
						{"origin": [-11, 27, 9], "size": [8, 0, 34], "uv": [-34, 133], "mirror": true}
					]
				},
				{
					"name": "big_tail6",
					"parent": "big_tail5",
					"pivot": [-7, 27, 43],
					"rotation": [10, 0, 0],
					"cubes": [
						{"origin": [-11, 27, 43], "size": [8, 0, 34], "uv": [133, 33], "mirror": true}
					]
				},
				{
					"name": "big_tail3",
					"parent": "tail",
					"pivot": [7, 27, 9],
					"rotation": [-16.50811, -1.75624, -70.18915],
					"cubes": [
						{"origin": [3, 27, 9], "size": [8, 0, 34], "uv": [-34, 133]}
					]
				},
				{
					"name": "big_tail4",
					"parent": "big_tail3",
					"pivot": [7, 27, 43],
					"rotation": [10, 0, 0],
					"cubes": [
						{"origin": [3, 27, 43], "size": [8, 0, 34], "uv": [133, 33]}
					]
				},
				{
					"name": "small_tail3",
					"parent": "tail",
					"pivot": [-4, 22, 8],
					"rotation": [-20.80886, -5.6045, 26.27425],
					"cubes": [
						{"origin": [-8, 22, 8], "size": [8, 0, 22], "uv": [52, 90], "mirror": true}
					]
				},
				{
					"name": "small_tail4",
					"parent": "small_tail3",
					"pivot": [-4, 22, 30],
					"rotation": [7.5, 0, 0],
					"cubes": [
						{"origin": [-8, 22, 30], "size": [8, 0, 22], "uv": [148, 67], "mirror": true}
					]
				},
				{
					"name": "small_tail1",
					"parent": "tail",
					"pivot": [4, 22, 8],
					"rotation": [-20.80886, 5.6045, -26.27425],
					"cubes": [
						{"origin": [0, 22, 8], "size": [8, 0, 22], "uv": [52, 90]}
					]
				},
				{
					"name": "small_tail2",
					"parent": "small_tail1",
					"pivot": [4, 22, 30],
					"rotation": [7.5, 0, 0],
					"cubes": [
						{"origin": [0, 22, 30], "size": [8, 0, 22], "uv": [148, 67]}
					]
				},
				{
					"name": "big_tail1",
					"parent": "tail",
					"pivot": [0, 23, 9],
					"rotation": [-12.5, 0, 0],
					"cubes": [
						{"origin": [-4, 23, 9], "size": [8, 0, 34], "uv": [-34, 133]}
					]
				},
				{
					"name": "big_tail2",
					"parent": "big_tail1",
					"pivot": [0, 23, 43],
					"rotation": [10, 0, 0],
					"cubes": [
						{"origin": [-4, 23, 43], "size": [8, 0, 34], "uv": [133, 33]}
					]
				},
				{
					"name": "big_tail13",
					"parent": "tail",
					"pivot": [0, 34, 9],
					"rotation": [15.96297, -4.61008, -48.59067],
					"cubes": [
						{"origin": [-4, 34, 9], "size": [8, 0, 34], "uv": [-34, 133], "mirror": true}
					]
				},
				{
					"name": "big_tail14",
					"parent": "big_tail13",
					"pivot": [0, 34, 43],
					"rotation": [-10, 0, 0],
					"cubes": [
						{"origin": [-4, 34, 43], "size": [8, 0, 34], "uv": [133, 33], "mirror": true}
					]
				},
				{
					"name": "big_tail15",
					"parent": "tail",
					"pivot": [0, 34, 9],
					"rotation": [15.96297, 4.61008, 48.59067],
					"cubes": [
						{"origin": [-4, 34, 9], "size": [8, 0, 34], "uv": [-34, 133]}
					]
				},
				{
					"name": "big_tail16",
					"parent": "big_tail15",
					"pivot": [0, 34, 43],
					"rotation": [-10, 0, 0],
					"cubes": [
						{"origin": [-4, 34, 43], "size": [8, 0, 34], "uv": [133, 33]}
					]
				},
				{
					"name": "big_tail17",
					"parent": "tail",
					"pivot": [0, 29, 9],
					"rotation": [-15.96297, 4.61008, -48.59067],
					"cubes": [
						{"origin": [-4, 29, 9], "size": [8, 0, 34], "uv": [-34, 133]}
					]
				},
				{
					"name": "big_tail18",
					"parent": "big_tail17",
					"pivot": [0, 29, 43],
					"rotation": [10, 0, 0],
					"cubes": [
						{"origin": [-4, 29, 43], "size": [8, 0, 34], "uv": [133, 33]}
					]
				},
				{
					"name": "big_tail19",
					"parent": "tail",
					"pivot": [0, 29, 9],
					"rotation": [-15.96297, -4.61008, 48.59067],
					"cubes": [
						{"origin": [-4, 29, 9], "size": [8, 0, 34], "uv": [-34, 133], "mirror": true}
					]
				},
				{
					"name": "big_tail20",
					"parent": "big_tail19",
					"pivot": [0, 29, 43],
					"rotation": [10, 0, 0],
					"cubes": [
						{"origin": [-4, 29, 43], "size": [8, 0, 34], "uv": [133, 33], "mirror": true}
					]
				},
				{
					"name": "leg_left",
					"parent": "body",
					"pivot": [7, 31, -2],
					"cubes": [
						{"origin": [3, 18, -6], "size": [11, 15, 13], "uv": [0, 94], "mirror": true}
					]
				},
				{
					"name": "leg_left2",
					"parent": "leg_left",
					"pivot": [8, 20, 0.5],
					"cubes": [
						{"origin": [6.5, 11, -1.5], "size": [4, 10, 4], "uv": [167, 0], "mirror": true}
					]
				},
				{
					"name": "leg_left3",
					"parent": "leg_left2",
					"pivot": [8.5, 12, 0.5],
					"cubes": [
						{"origin": [7, 5, -1], "size": [3, 8, 3], "uv": [1, 0], "mirror": true}
					]
				},
				{
					"name": "foot_left_back",
					"parent": "leg_left3",
					"pivot": [8.5, 5, -0.5],
					"cubes": [
						{"origin": [4.5, 1, -2.5], "size": [8, 4, 7], "uv": [0, 122], "mirror": true}
					]
				},
				{
					"name": "foot_left_front",
					"parent": "foot_left_back",
					"pivot": [8.5, 5, -2.5],
					"cubes": [
						{"origin": [4.5, 1, -8.5], "size": [8, 4, 6], "uv": [143, 11], "mirror": true}
					]
				},
				{
					"name": "toe_middle_left",
					"parent": "foot_left_front",
					"pivot": [8.5, 4, -8.5],
					"cubes": [
						{"origin": [7, 1, -13.5], "size": [3, 3, 5], "uv": [26, 134], "mirror": true}
					]
				},
				{
					"name": "toe_middle_left2",
					"parent": "toe_middle_left",
					"pivot": [8.5, 4, -8.5],
					"cubes": [
						{"origin": [7.5, 0.4, -15.7], "size": [2, 2, 3], "pivot": [8.5, 2, -15.5], "rotation": [22.5, 0, 0], "uv": [1, 101], "mirror": true},
						{"origin": [7.5, 1.4, -17.7], "size": [2, 0, 2], "pivot": [8.5, 2, -15.5], "rotation": [22.5, 0, 0], "uv": [6, 102], "mirror": true}
					]
				},
				{
					"name": "toe_right_right3",
					"parent": "foot_left_front",
					"pivot": [10.5, 4, -8.5],
					"cubes": [
						{"origin": [11, 1, -12.5], "size": [3, 3, 5], "pivot": [12.5, 2.12591, -11.76564], "rotation": [0, -22.5, 0], "uv": [144, 151], "mirror": true}
					]
				},
				{
					"name": "toe_right_right4",
					"parent": "toe_right_right3",
					"pivot": [10.5, 4, -8.5],
					"cubes": [
						{"origin": [11.5, 1.45598, -14.54004], "size": [2, 2, 3], "pivot": [12.5, 2.12591, -11.76564], "rotation": [22.5, -22.5, 0], "uv": [62, 95], "mirror": true},
						{"origin": [11.5, 2.45598, -16.54004], "size": [2, 0, 2], "pivot": [12.5, 2.12591, -11.76564], "rotation": [22.5, -22.5, 0], "uv": [6, 102], "mirror": true}
					]
				},
				{
					"name": "toe_left_left",
					"parent": "foot_left_front",
					"pivot": [6.5, 4, -8.5],
					"cubes": [
						{"origin": [3, 1, -12.5], "size": [3, 3, 5], "pivot": [4.5, 2.12591, -11.76564], "rotation": [0, 22.5, 0], "uv": [128, 151], "mirror": true}
					]
				},
				{
					"name": "toe_left_left2",
					"parent": "toe_left_left",
					"pivot": [6.5, 4, -8.5],
					"cubes": [
						{"origin": [3.5, 1.45598, -14.54004], "size": [2, 2, 3], "pivot": [4.5, 2.12591, -11.76564], "rotation": [22.5, 22.5, 0], "uv": [1, 95], "mirror": true},
						{"origin": [3.5, 2.45598, -16.54004], "size": [2, 0, 2], "pivot": [4.5, 2.12591, -11.76564], "rotation": [22.5, 22.5, 0], "uv": [6, 100], "mirror": true}
					]
				},
				{
					"name": "toe_back_left",
					"parent": "foot_left_back",
					"pivot": [8.5, 4, 4.5],
					"cubes": [
						{"origin": [6.5, 1, 4.5], "size": [4, 3, 4], "uv": [68, 155], "mirror": true}
					]
				},
				{
					"name": "toe_back_left2",
					"parent": "toe_back_left",
					"pivot": [8.5, 4, 4.5],
					"cubes": [
						{"origin": [7, 0.9, 8], "size": [3, 2, 2], "pivot": [8.5, 2, 9.5], "rotation": [-22.5, 0, 0], "uv": [1, 69], "mirror": true},
						{"origin": [7, 1.9, 10], "size": [3, 0, 2], "pivot": [8.5, 2, 9.5], "rotation": [-22.5, 0, 0], "uv": [7, 69], "mirror": true}
					]
				}
			]
		}
	]
}