{
	"format_version": "1.12.0",
	"minecraft:geometry": [
		{
			"description": {
				"identifier": "geometry.iron_jugulis",
				"texture_width": 256,
				"texture_height": 256,
				"visible_bounds_width": 6,
				"visible_bounds_height": 5.5,
				"visible_bounds_offset": [0, 2.25, 0]
			},
			"bones": [
				{
					"name": "iron_jugulis",
					"pivot": [0, 23, 0]
				},
				{
					"name": "body",
					"parent": "iron_jugulis",
					"pivot": [0, 22, 0]
				},
				{
					"name": "torso",
					"parent": "body",
					"pivot": [0, 27.5, 0],
					"cubes": [
						{"origin": [-8.5, 14, -8.25], "size": [17, 17, 17], "uv": [0, 0]},
						{"origin": [-4, 13, -9.25], "size": [8, 16, 19], "uv": [0, 34]}
					]
				},
				{
					"name": "wings_right",
					"parent": "torso",
					"pivot": [-1.25, 28.24589, 3.15666],
					"rotation": [90, 0, 0]
				},
				{
					"name": "wing_front_right",
					"parent": "wings_right",
					"pivot": [-4.18198, 32.65656, 5.85128],
					"rotation": [0, 45, 0],
					"cubes": [
						{"origin": [-13.18198, 30.65656, 5.85128], "size": [9, 4, 0], "inflate": 0.01, "uv": [153, 19]}
					]
				},
				{
					"name": "wing_front_right2",
					"parent": "wing_front_right",
					"pivot": [-13.18198, 32.65656, 5.85128],
					"cubes": [
						{"origin": [-24.18198, 30.65656, 5.85128], "size": [11, 4, 0], "inflate": 0.01, "uv": [151, 14]}
					]
				},
				{
					"name": "wing_front_right3",
					"parent": "wing_front_right2",
					"pivot": [-24.18198, 32.65656, 5.85128],
					"cubes": [
						{"origin": [-35.18198, 30.65656, 5.85128], "size": [11, 4, 0], "inflate": 0.01, "uv": [151, 9]}
					]
				},
				{
					"name": "wing_front_right4",
					"parent": "wing_front_right3",
					"pivot": [-35.18198, 32.65656, 5.85128],
					"cubes": [
						{"origin": [-44.18198, 30.65656, 5.85128], "size": [9, 4, 0], "inflate": 0.01, "uv": [153, 4]}
					]
				},
				{
					"name": "wing_mid_right",
					"parent": "wings_right",
					"pivot": [-4.18198, 28.65656, 5.85128],
					"rotation": [0, 45, 0],
					"cubes": [
						{"origin": [-13.18198, 26.65656, 5.85128], "size": [9, 4, 0], "inflate": 0.01, "uv": [153, 42]}
					]
				},
				{
					"name": "wing_mid_right2",
					"parent": "wing_mid_right",
					"pivot": [-13.18198, 28.65656, 5.85128],
					"cubes": [
						{"origin": [-24.18198, 26.65656, 5.85128], "size": [11, 4, 0], "inflate": 0.01, "uv": [151, 37]}
					]
				},
				{
					"name": "wing_mid_right3",
					"parent": "wing_mid_right2",
					"pivot": [-24.18198, 28.65656, 5.85128],
					"cubes": [
						{"origin": [-35.18198, 26.65656, 5.85128], "size": [11, 4, 0], "inflate": 0.01, "uv": [151, 32]}
					]
				},
				{
					"name": "wing_mid_right4",
					"parent": "wing_mid_right3",
					"pivot": [-35.18198, 28.65656, 5.85128],
					"cubes": [
						{"origin": [-44.18198, 26.65656, 5.85128], "size": [9, 4, 0], "inflate": 0.01, "uv": [153, 27]}
					]
				},
				{
					"name": "wing_back_right",
					"parent": "wings_right",
					"pivot": [-4.18198, 24.65656, 5.85128],
					"rotation": [0, 45, 0],
					"cubes": [
						{"origin": [-13.18198, 22.65656, 5.85128], "size": [9, 4, 0], "inflate": 0.01, "uv": [153, 65]}
					]
				},
				{
					"name": "wing_back_right2",
					"parent": "wing_back_right",
					"pivot": [-13.18198, 24.65656, 5.85128],
					"cubes": [
						{"origin": [-24.18198, 22.65656, 5.85128], "size": [11, 4, 0], "inflate": 0.01, "uv": [151, 60]}
					]
				},
				{
					"name": "wing_back_right3",
					"parent": "wing_back_right2",
					"pivot": [-24.18198, 24.65656, 5.85128],
					"cubes": [
						{"origin": [-35.18198, 22.65656, 5.85128], "size": [11, 4, 0], "inflate": 0.01, "uv": [151, 55]}
					]
				},
				{
					"name": "wing_back_right4",
					"parent": "wing_back_right3",
					"pivot": [-35.18198, 24.65656, 5.85128],
					"cubes": [
						{"origin": [-44.18198, 22.65656, 5.85128], "size": [9, 4, 0], "inflate": 0.01, "uv": [153, 50]}
					]
				},
				{
					"name": "wings_left",
					"parent": "torso",
					"pivot": [1.25, 28.24589, 3.15666],
					"rotation": [90, 0, 0]
				},
				{
					"name": "wing_front_left",
					"parent": "wings_left",
					"pivot": [4.18198, 32.65656, 5.85128],
					"rotation": [0, -45, 0],
					"cubes": [
						{"origin": [4.18198, 30.65656, 5.85128], "size": [9, 4, 0], "inflate": 0.01, "uv": [181, 19], "mirror": true}
					]
				},
				{
					"name": "wing_front_left2",
					"parent": "wing_front_left",
					"pivot": [13.18198, 32.65656, 5.85128],
					"cubes": [
						{"origin": [13.18198, 30.65656, 5.85128], "size": [11, 4, 0], "inflate": 0.01, "uv": [179, 14], "mirror": true}
					]
				},
				{
					"name": "wing_front_left3",
					"parent": "wing_front_left2",
					"pivot": [24.18198, 32.65656, 5.85128],
					"cubes": [
						{"origin": [24.18198, 30.65656, 5.85128], "size": [11, 4, 0], "inflate": 0.01, "uv": [179, 9], "mirror": true}
					]
				},
				{
					"name": "wing_front_left4",
					"parent": "wing_front_left3",
					"pivot": [35.18198, 32.65656, 5.85128],
					"cubes": [
						{"origin": [35.18198, 30.65656, 5.85128], "size": [9, 4, 0], "inflate": 0.01, "uv": [181, 4], "mirror": true}
					]
				},
				{
					"name": "wing_mid_left",
					"parent": "wings_left",
					"pivot": [4.18198, 28.65656, 5.85128],
					"rotation": [0, -45, 0],
					"cubes": [
						{"origin": [4.18198, 26.65656, 5.85128], "size": [9, 4, 0], "inflate": 0.01, "uv": [181, 42], "mirror": true}
					]
				},
				{
					"name": "wing_mid_left2",
					"parent": "wing_mid_left",
					"pivot": [13.18198, 28.65656, 5.85128],
					"cubes": [
						{"origin": [13.18198, 26.65656, 5.85128], "size": [11, 4, 0], "inflate": 0.01, "uv": [179, 37], "mirror": true}
					]
				},
				{
					"name": "wing_mid_left3",
					"parent": "wing_mid_left2",
					"pivot": [24.18198, 28.65656, 5.85128],
					"cubes": [
						{"origin": [24.18198, 26.65656, 5.85128], "size": [11, 4, 0], "inflate": 0.01, "uv": [179, 32], "mirror": true}
					]
				},
				{
					"name": "wing_mid_left4",
					"parent": "wing_mid_left3",
					"pivot": [35.18198, 28.65656, 5.85128],
					"cubes": [
						{"origin": [35.18198, 26.65656, 5.85128], "size": [9, 4, 0], "inflate": 0.01, "uv": [181, 27], "mirror": true}
					]
				},
				{
					"name": "wing_back_left",
					"parent": "wings_left",
					"pivot": [4.18198, 24.65656, 5.85128],
					"rotation": [0, -45, 0],
					"cubes": [
						{"origin": [4.18198, 22.65656, 5.85128], "size": [9, 4, 0], "inflate": 0.01, "uv": [181, 65], "mirror": true}
					]
				},
				{
					"name": "wing_back_left2",
					"parent": "wing_back_left",
					"pivot": [13.18198, 24.65656, 5.85128],
					"cubes": [
						{"origin": [13.18198, 22.65656, 5.85128], "size": [11, 4, 0], "inflate": 0.01, "uv": [179, 60], "mirror": true}
					]
				},
				{
					"name": "wing_back_left3",
					"parent": "wing_back_left2",
					"pivot": [24.18198, 24.65656, 5.85128],
					"cubes": [
						{"origin": [24.18198, 22.65656, 5.85128], "size": [11, 4, 0], "inflate": 0.01, "uv": [179, 55], "mirror": true}
					]
				},
				{
					"name": "wing_back_left4",
					"parent": "wing_back_left3",
					"pivot": [35.18198, 24.65656, 5.85128],
					"cubes": [
						{"origin": [35.18198, 22.65656, 5.85128], "size": [9, 4, 0], "inflate": 0.01, "uv": [181, 50], "mirror": true}
					]
				},
				{
					"name": "neck_fur",
					"parent": "torso",
					"pivot": [0, 50, 1.5]
				},
				{
					"name": "neck_fur_front2",
					"parent": "neck_fur",
					"pivot": [0, 48.999, -8.25],
					"rotation": [60, 0, 0],
					"cubes": [
						{"origin": [-8.5, 39.999, -31.83846], "size": [17, 0, 8], "uv": [0, 69]}
					]
				},
				{
					"name": "neck_fur_back2",
					"parent": "neck_fur",
					"pivot": [0, 30.999, 8.75],
					"rotation": [-60, 0, 0],
					"cubes": [
						{"origin": [-8.5, 30.999, 8.75], "size": [17, 0, 11], "uv": [24, 34]}
					]
				},
				{
					"name": "neck_fur_left2",
					"parent": "neck_fur",
					"pivot": [8.5, 48.999, 0.25],
					"rotation": [0, 0, 65],
					"cubes": [
						{"origin": [24.81354, 41.39187, -8.25], "size": [8, 0, 17], "uv": [37, 45]}
					]
				},
				{
					"name": "neck_fur_right2",
					"parent": "neck_fur",
					"pivot": [-8.5, 48.999, 0.25],
					"rotation": [0, 0, -65],
					"cubes": [
						{"origin": [-32.81354, 41.39187, -8.25], "size": [8, 0, 17], "uv": [34, 0]}
					]
				},
				{
					"name": "neck_bottom",
					"parent": "torso",
					"pivot": [0.25, 32, -4.15],
					"cubes": [
						{"origin": [-3.5, 30.5, -8.15], "size": [7, 3, 7], "uv": [83, 0]}
					]
				},
				{
					"name": "neck",
					"parent": "neck_bottom",
					"pivot": [0.01, 33.42189, -1.63348],
					"rotation": [10, 0, 0],
					"cubes": [
						{"origin": [-2.99, 33.49168, -7.64619], "size": [6, 6, 6], "inflate": 0.02, "uv": [86, 60]}
					]
				},
				{
					"name": "neck2",
					"parent": "neck",
					"pivot": [0.005, 39.49293, -1.63609],
					"rotation": [30, 0, 0],
					"cubes": [
						{"origin": [-2.995, 39.49556, -7.6368], "size": [6, 6, 6], "inflate": 0.01, "uv": [86, 48]}
					]
				},
				{
					"name": "neck3",
					"parent": "neck2",
					"pivot": [0, 45.50162, -1.61857],
					"rotation": [25, 0, 0],
					"cubes": [
						{"origin": [-3, 45.50624, -7.63101], "size": [6, 6, 6], "uv": [86, 36]}
					]
				},
				{
					"name": "head",
					"parent": "neck3",
					"pivot": [0, 50.73837, -4.31747],
					"rotation": [-65, 0, 0]
				},
				{
					"name": "head_rotation",
					"parent": "head",
					"pivot": [0, 51.33917, -3.53818],
					"rotation": [90, 0, 0],
					"cubes": [
						{"origin": [-3.99, 51.35207, -8.20997], "size": [8, 3, 8], "inflate": 0.02, "uv": [61, 82]},
						{"origin": [-4.5, 54.36207, -8.19997], "size": [9, 3, 9], "uv": [0, 77]}
					]
				},
				{
					"name": "head_fur",
					"parent": "head_rotation",
					"pivot": [0, 52.11207, 17.30003]
				},
				{
					"name": "head_fur_left",
					"parent": "head_fur",
					"pivot": [2.65247, 53.46417, -3.71437],
					"rotation": [0, -2.5, -32.5],
					"cubes": [
						{"origin": [2.75724, 53.22476, -7.5464], "size": [15, 0, 7], "inflate": 0.01, "uv": [48, 157]}
					]
				},
				{
					"name": "head_fur_right",
					"parent": "head_fur",
					"pivot": [-2.65247, 53.46417, -3.71437],
					"rotation": [0, 2.5, 32.5],
					"cubes": [
						{"origin": [-17.75724, 53.22476, -7.5464], "size": [15, 0, 7], "inflate": 0.01, "uv": [48, 147]}
					]
				},
				{
					"name": "head_fur_top",
					"parent": "head_fur",
					"pivot": [0, 53.78171, 0.09734],
					"rotation": [37.5, 0, 0],
					"cubes": [
						{"origin": [-3.5, 53.78171, -0.40266], "size": [7, 0, 15], "inflate": 0.01, "uv": [-11, 148]}
					]
				},
				{
					"name": "head_fur_top_left",
					"parent": "head_fur",
					"pivot": [3.59436, 53.10674, -0.81606],
					"rotation": [35, 42.5, 0],
					"cubes": [
						{"origin": [0.09436, 53.10674, -0.81606], "size": [7, 0, 15], "inflate": 0.01, "uv": [6, 148]}
					]
				},
				{
					"name": "head_fur_top_left2",
					"parent": "head_fur",
					"pivot": [3.59436, 52.75674, -5.83163],
					"rotation": [-39.63233, -48.47277, 6.48397],
					"cubes": [
						{"origin": [0.09436, 52.75674, -20.83163], "size": [7, 0, 15], "inflate": 0.01, "uv": [6, 166]}
					]
				},
				{
					"name": "head_fur_top_right2",
					"parent": "head_fur",
					"pivot": [-3.59436, 52.75674, -5.83163],
					"rotation": [-39.63233, 48.47277, -6.48397],
					"cubes": [
						{"origin": [-7.09436, 52.75674, -20.83163], "size": [7, 0, 15], "inflate": 0.01, "uv": [-11, 166]}
					]
				},
				{
					"name": "head_fur_top_right",
					"parent": "head_fur",
					"pivot": [-3.59436, 53.10674, -0.81606],
					"rotation": [35, -42.5, 0],
					"cubes": [
						{"origin": [-7.09436, 53.10674, -0.81606], "size": [7, 0, 15], "inflate": 0.01, "uv": [23, 148]}
					]
				},
				{
					"name": "nuzzle",
					"parent": "head_rotation",
					"pivot": [0, 57.36207, 18.80003],
					"cubes": [
						{"origin": [-4.5, 57.36207, -6.69997], "size": [9, 6, 7], "uv": [29, 82]}
					]
				},
				{
					"name": "eyes",
					"parent": "nuzzle",
					"pivot": [0, 57.36207, 18.80003]
				},
				{
					"name": "eye_left",
					"parent": "eyes",
					"pivot": [4.515, 58.48707, 15.20003],
					"rotation": [5, 0, 0],
					"cubes": [
						{"origin": [4.515, 57.05587, -4.98148], "size": [0, 6, 5], "uv": [54, 57]}
					]
				},
				{
					"name": "eye_right",
					"parent": "eyes",
					"pivot": [-4.515, 58.48707, 15.20003],
					"rotation": [5, 0, 0],
					"cubes": [
						{"origin": [-4.515, 57.05587, -4.98148], "size": [0, 6, 5], "uv": [0, 5]}
					]
				},
				{
					"name": "nuzzle2",
					"parent": "nuzzle",
					"pivot": [0, 63.36207, 15.80003],
					"cubes": [
						{"origin": [-3, 63.36207, -6.69997], "size": [6, 3, 5], "uv": [104, 31]},
						{"origin": [-2.974, 75.39189, -1.77036], "size": [0, 2, 2], "pivot": [-3.014, 64.06397, 10.55757], "rotation": [45, 0, 0], "uv": [0, 35]},
						{"origin": [2.974, 75.39189, -1.77036], "size": [0, 2, 2], "pivot": [3.014, 64.06397, 10.55757], "rotation": [45, 0, 0], "uv": [0, 0]}
					]
				},
				{
					"name": "jaw",
					"parent": "head_rotation",
					"pivot": [0.00167, 54.13544, -8.27333],
					"cubes": [
						{"origin": [-3.995, 54.05707, -8.20497], "size": [8, 9, 2], "uv": [20, 109]},
						{"origin": [-2.495, 63.05707, -8.20497], "size": [5, 1, 2], "uv": [0, 50]},
						{"origin": [-3.95, 60.64786, -7.53073], "size": [0, 2, 2], "pivot": [0, 61.64786, -6.53073], "rotation": [45, 0, 0], "uv": [9, 1]},
						{"origin": [3.95, 60.64786, -7.53073], "size": [0, 2, 2], "pivot": [0, 61.64786, -6.53073], "rotation": [45, 0, 0], "uv": [9, 1], "mirror": true}
					]
				},
				{
					"name": "tail",
					"parent": "torso",
					"pivot": [0.01, 16.74, 6.74],
					"cubes": [
						{"origin": [-2.99, 10.24, 3.74], "size": [6, 7, 6], "inflate": 0.02, "uv": [85, 23]}
					]
				},
				{
					"name": "tail2",
					"parent": "tail",
					"pivot": [0.01, 10.24, 7.74],
					"cubes": [
						{"origin": [-2.99, 3.24, 3.74], "size": [6, 7, 6], "uv": [84, 10]}
					]
				},
				{
					"name": "tail3",
					"parent": "tail2",
					"pivot": [0.01, 3.49, 8.24],
					"cubes": [
						{"origin": [-2.49, -3.51, 5.24], "size": [5, 7, 4], "uv": [79, 107]}
					]
				},
				{
					"name": "tail4",
					"parent": "tail3",
					"pivot": [0.015, -3.015, 8.235],
					"cubes": [
						{"origin": [-1.485, -8.765, 5.735], "size": [3, 6, 3], "inflate": 0.01, "uv": [63, 122]},
						{"origin": [0.015, -11.765, 5.735], "size": [0, 3, 3], "inflate": 0.01, "uv": [10, 7]}
					]
				},
				{
					"name": "arms",
					"parent": "torso",
					"pivot": [0.75, 27.5, -0.75]
				},
				{
					"name": "arm_left",
					"parent": "arms",
					"pivot": [8.75, 19.25, -4.15],
					"cubes": [
						{"origin": [8.75, 18.25, -5.15], "size": [7, 2, 2], "uv": [121, 32]}
					]
				},
				{
					"name": "arm_left2",
					"parent": "arm_left",
					"pivot": [14.755, 19.245, -4.155],
					"cubes": [
						{"origin": [14.755, 17.745, -5.655], "size": [6, 3, 3], "inflate": 0.01, "uv": [116, 52]}
					]
				},
				{
					"name": "arm_left3",
					"parent": "arm_left2",
					"pivot": [19.755, 19.245, -4.155],
					"cubes": [
						{"origin": [19.755, 17.245, -6.155], "size": [6, 4, 4], "uv": [109, 93]}
					]
				},
				{
					"name": "wrist_left",
					"parent": "arm_left3",
					"pivot": [25, 34.75, -4]
				},
				{
					"name": "hand_left",
					"parent": "wrist_left",
					"pivot": [24.505, 19.245, -4.205],
					"cubes": [
						{"origin": [24.51, 16.74, -6.66], "size": [2, 5, 5], "uv": [60, 112]},
						{"origin": [26.5, 15.75, -7.75], "size": [3, 7, 7], "uv": [94, 97]}
					]
				},
				{
					"name": "hand_hair_left",
					"parent": "hand_left",
					"pivot": [29.25, 19, -4]
				},
				{
					"name": "hand_hair_left_left",
					"parent": "hand_hair_left",
					"pivot": [29.5, 18.75, -7.75],
					"rotation": [0, 30, 0],
					"cubes": [
						{"origin": [29.5, 16.25, -7.75], "size": [10, 5, 0], "inflate": 0.01, "uv": [3, 201]}
					]
				},
				{
					"name": "hand_hair_right_left",
					"parent": "hand_hair_left",
					"pivot": [29.5, 18.75, -0.751],
					"rotation": [0, -30, 0],
					"cubes": [
						{"origin": [29.5, 16.25, -0.751], "size": [10, 5, 0], "inflate": 0.01, "uv": [3, 222]}
					]
				},
				{
					"name": "hand_hair_up_left",
					"parent": "hand_hair_left",
					"pivot": [28.75, 40.75, -3],
					"rotation": [0, 0, -30],
					"cubes": [
						{"origin": [20.39952, 24.78554, -6.75], "size": [10, 0, 5], "inflate": 0.01, "uv": [-2, 187]}
					]
				},
				{
					"name": "hand_hair_up_left_left",
					"parent": "hand_hair_left",
					"pivot": [28.75, 38.85, -7.6],
					"rotation": [45, 25, -25],
					"cubes": [
						{"origin": [22.3556, 29.58787, -23.6587], "size": [10, 0, 5], "inflate": 0.01, "uv": [-2, 194]}
					]
				},
				{
					"name": "hand_hair_up_right_left",
					"parent": "hand_hair_left",
					"pivot": [28.75, 38.85, -0.9],
					"rotation": [-45, -25, -25],
					"cubes": [
						{"origin": [22.3556, 29.58787, 10.6587], "size": [10, 0, 5], "inflate": 0.01, "uv": [-2, 215]}
					]
				},
				{
					"name": "hand_hair_down_left_left",
					"parent": "hand_hair_left",
					"pivot": [29.26067, 17.60159, -8.01419],
					"rotation": [-45, 25, 25],
					"cubes": [
						{"origin": [29.15752, 17.56945, -10.37359], "size": [10, 0, 5], "inflate": 0.01, "uv": [-2, 208]}
					]
				},
				{
					"name": "hand_hair_down_left_left2",
					"parent": "hand_hair_left",
					"pivot": [29.26067, 17.60159, -0.48581],
					"rotation": [45, -25, 25],
					"cubes": [
						{"origin": [29.15752, 17.56945, -3.12641], "size": [10, 0, 5], "inflate": 0.01, "uv": [-2, 229]}
					]
				},
				{
					"name": "upper_hand_left",
					"parent": "hand_left",
					"pivot": [30, 39.6, -4.25],
					"cubes": [
						{"origin": [29.505, 17.095, -7.255], "size": [5, 5, 6], "uv": [57, 101]},
						{"origin": [34.505, 17.095, -7.255], "size": [3, 4, 6], "uv": [104, 54]},
						{"origin": [29.5, 16.25, -7.25], "size": [2, 2, 1], "inflate": 0.02, "uv": [12, 34]},
						{"origin": [29.5, 16.25, -2.25], "size": [2, 2, 1], "inflate": 0.02, "uv": [0, 34]}
					]
				},
				{
					"name": "hand_eyes_left",
					"parent": "upper_hand_left",
					"pivot": [34.875, 36.975, -3.5]
				},
				{
					"name": "hand_eye_front_left",
					"parent": "hand_eyes_left",
					"pivot": [33.525, 37.425, -7.28],
					"rotation": [0, 0, 5],
					"cubes": [
						{"origin": [32.3438, 17.9935, -7.28], "size": [5, 3, 0], "uv": [63, 98]}
					]
				},
				{
					"name": "hand_eye_back_left",
					"parent": "hand_eyes_left",
					"pivot": [33.525, 37.425, -1.22],
					"rotation": [0, 0, 5],
					"cubes": [
						{"origin": [32.3438, 17.9935, -1.22], "size": [5, 3, 0], "uv": [87, 97]}
					]
				},
				{
					"name": "lower_hand_left",
					"parent": "upper_hand_left",
					"pivot": [29, 16.75, -4.25],
					"cubes": [
						{"origin": [29, 16.25, -6.75], "size": [8, 1, 5], "uv": [104, 0]}
					]
				},
				{
					"name": "arm_right",
					"parent": "arms",
					"pivot": [-8.75, 19.25, -4.15],
					"cubes": [
						{"origin": [-15.75, 18.25, -5.15], "size": [7, 2, 2], "uv": [120, 13]}
					]
				},
				{
					"name": "arm_right2",
					"parent": "arm_right",
					"pivot": [-14.755, 19.245, -4.155],
					"cubes": [
						{"origin": [-20.755, 17.745, -5.655], "size": [6, 3, 3], "inflate": 0.01, "uv": [35, 45]}
					]
				},
				{
					"name": "arm_right3",
					"parent": "arm_right2",
					"pivot": [-19.755, 19.245, -4.155],
					"cubes": [
						{"origin": [-25.755, 17.245, -6.155], "size": [6, 4, 4], "uv": [105, 77]}
					]
				},
				{
					"name": "wrist_right",
					"parent": "arm_right3",
					"pivot": [-25, 34.75, -4]
				},
				{
					"name": "hand_right",
					"parent": "wrist_right",
					"pivot": [-24.505, 19.245, -4.205],
					"cubes": [
						{"origin": [-26.51, 16.74, -6.66], "size": [2, 5, 5], "uv": [0, 0]},
						{"origin": [-29.5, 15.75, -7.75], "size": [3, 7, 7], "uv": [74, 93]}
					]
				},
				{
					"name": "hand_hair_right",
					"parent": "hand_right",
					"pivot": [-29.25, 19, -4]
				},
				{
					"name": "hand_hair_left_left2",
					"parent": "hand_hair_right",
					"pivot": [-29.5, 18.75, -7.75],
					"rotation": [0, -30, 0],
					"cubes": [
						{"origin": [-39.5, 16.25, -7.75], "size": [10, 5, 0], "inflate": 0.01, "uv": [29, 201]}
					]
				},
				{
					"name": "hand_hair_right_left2",
					"parent": "hand_hair_right",
					"pivot": [-29.5, 18.75, -0.751],
					"rotation": [0, 30, 0],
					"cubes": [
						{"origin": [-39.5, 16.25, -0.751], "size": [10, 5, 0], "inflate": 0.01, "uv": [29, 222]}
					]
				},
				{
					"name": "hand_hair_up_right",
					"parent": "hand_hair_right",
					"pivot": [-28.75, 40.75, -3],
					"rotation": [0, 0, 30],
					"cubes": [
						{"origin": [-30.39952, 24.78554, -6.75], "size": [10, 0, 5], "inflate": 0.01, "uv": [24, 187]}
					]
				},
				{
					"name": "hand_hair_up_left_left2",
					"parent": "hand_hair_right",
					"pivot": [-28.75, 38.85, -7.6],
					"rotation": [45, -25, 25],
					"cubes": [
						{"origin": [-32.3556, 29.58787, -23.6587], "size": [10, 0, 5], "inflate": 0.01, "uv": [24, 194]}
					]
				},
				{
					"name": "hand_hair_up_right_left2",
					"parent": "hand_hair_right",
					"pivot": [-28.75, 38.85, -0.9],
					"rotation": [-45, 25, 25],
					"cubes": [
						{"origin": [-32.3556, 29.58787, 10.6587], "size": [10, 0, 5], "inflate": 0.01, "uv": [24, 215]}
					]
				},
				{
					"name": "hand_hair_down_right_left",
					"parent": "hand_hair_right",
					"pivot": [-29.26067, 17.60159, -8.01419],
					"rotation": [-45, -25, -25],
					"cubes": [
						{"origin": [-39.15752, 17.56945, -10.37359], "size": [10, 0, 5], "inflate": 0.01, "uv": [24, 208]}
					]
				},
				{
					"name": "hand_hair_down_right_left2",
					"parent": "hand_hair_right",
					"pivot": [-29.26067, 17.60159, -0.48581],
					"rotation": [45, 25, -25],
					"cubes": [
						{"origin": [-39.15752, 17.56945, -3.12641], "size": [10, 0, 5], "inflate": 0.01, "uv": [24, 229]}
					]
				},
				{
					"name": "upper_hand_right",
					"parent": "hand_right",
					"pivot": [-30, 39.6, -4.25],
					"cubes": [
						{"origin": [-34.505, 17.095, -7.255], "size": [5, 5, 6], "uv": [0, 99]},
						{"origin": [-37.505, 17.095, -7.255], "size": [3, 4, 6], "uv": [104, 42]},
						{"origin": [-31.5, 16.25, -7.25], "size": [2, 2, 1], "inflate": 0.02, "uv": [10, 13]},
						{"origin": [-31.5, 16.25, -2.25], "size": [2, 2, 1], "inflate": 0.02, "uv": [9, 0]}
					]
				},
				{
					"name": "hand_eyes_right",
					"parent": "upper_hand_right",
					"pivot": [-34.875, 36.975, -3.5]
				},
				{
					"name": "hand_eye_front_right",
					"parent": "hand_eyes_right",
					"pivot": [-33.525, 37.425, -7.28],
					"rotation": [0, 0, -5],
					"cubes": [
						{"origin": [-37.3438, 17.9935, -7.28], "size": [5, 3, 0], "uv": [86, 72]}
					]
				},
				{
					"name": "hand_eye_back_right",
					"parent": "hand_eyes_right",
					"pivot": [-33.525, 37.425, -1.22],
					"rotation": [0, 0, -5],
					"cubes": [
						{"origin": [-37.3438, 17.9935, -1.22], "size": [5, 3, 0], "uv": [27, 77]}
					]
				},
				{
					"name": "lower_hand_right",
					"parent": "upper_hand_right",
					"pivot": [-29, 16.75, -4.25],
					"cubes": [
						{"origin": [-37, 16.25, -6.75], "size": [8, 1, 5], "uv": [103, 18]}
					]
				},
				{
					"name": "legs",
					"parent": "body",
					"pivot": [0, 38, 0]
				},
				{
					"name": "leg_left",
					"parent": "legs",
					"pivot": [11.005, 17.3814, 2.93002],
					"cubes": [
						{"origin": [8.505, 15.8814, 1.43002], "size": [1, 3, 3], "uv": [0, 69]}
					]
				},
				{
					"name": "leg_left2",
					"parent": "leg_left",
					"pivot": [9.57167, 17.46474, 2.93002],
					"cubes": [
						{"origin": [9.505, 17.3814, 0.93002], "size": [2, 2, 4], "uv": [51, 95]},
						{"origin": [9.505, 7.3814, -0.06998], "size": [3, 10, 6], "uv": [39, 95]},
						{"origin": [9.505, 4.3814, 0.43002], "size": [2, 3, 5], "uv": [121, 72]}
					]
				},
				{
					"name": "leg_right",
					"parent": "legs",
					"pivot": [-11.005, 17.3814, 2.93002],
					"cubes": [
						{"origin": [-9.505, 15.8814, 1.43002], "size": [1, 3, 3], "uv": [62, 65]}
					]
				},
				{
					"name": "leg_right2",
					"parent": "leg_right",
					"pivot": [-9.57167, 17.46474, 2.93002],
					"cubes": [
						{"origin": [-11.505, 17.3814, 0.93002], "size": [2, 2, 4], "uv": [54, 82]},
						{"origin": [-12.505, 7.3814, -0.06998], "size": [3, 10, 6], "uv": [0, 34]},
						{"origin": [-11.505, 4.3814, 0.43002], "size": [2, 3, 5], "uv": [49, 120]}
					]
				}
			]
		}
	]
}