{
	"format_version": "1.12.0",
	"minecraft:geometry": [
		{
			"description": {
				"identifier": "geometry.iron_moth",
				"texture_width": 128,
				"texture_height": 128,
				"visible_bounds_width": 8,
				"visible_bounds_height": 6.5,
				"visible_bounds_offset": [0, 2.75, 0]
			},
			"bones": [
				{
					"name": "iron_moth",
					"pivot": [0, 0, 0]
				},
				{
					"name": "body",
					"parent": "iron_moth",
					"pivot": [0, 38.5, 2]
				},
				{
					"name": "wings",
					"parent": "body",
					"pivot": [0, 39.5, 6.5]
				},
				{
					"name": "wings_right",
					"parent": "wings",
					"pivot": [-3, 40, 7.5]
				},
				{
					"name": "wing_right",
					"parent": "wings_right",
					"pivot": [-7, 41, 7.5],
					"cubes": [
						{"origin": [-50.86081, 33.34737, 7.38191], "size": [36, 16, 0], "uv": [0, 89], "mirror": true}
					]
				},
				{
					"name": "wing_right_top",
					"parent": "wings_right",
					"pivot": [-12, 37, 7.5],
					"rotation": [0, 0, 40],
					"cubes": [
						{"origin": [-55.86081, 39.84737, 7.38191], "size": [36, 16, 0], "uv": [0, 89], "mirror": true}
					]
				},
				{
					"name": "wing_right_bottom",
					"parent": "wings_right",
					"pivot": [-12, 47, 7.5],
					"rotation": [0, 0, -40],
					"cubes": [
						{"origin": [-55.86081, 26.84737, 7.38191], "size": [36, 16, 0], "uv": [0, 89], "mirror": true}
					]
				},
				{
					"name": "wings_left",
					"parent": "wings",
					"pivot": [3, 40, 7.5]
				},
				{
					"name": "wing_left",
					"parent": "wings_left",
					"pivot": [7, 41, 7.5],
					"cubes": [
						{"origin": [14.86081, 33.34737, 7.38191], "size": [36, 16, 0], "uv": [0, 89]}
					]
				},
				{
					"name": "wing_left_top",
					"parent": "wings_left",
					"pivot": [12, 37, 7.5],
					"rotation": [0, 0, -40],
					"cubes": [
						{"origin": [19.86081, 39.84737, 7.38191], "size": [36, 16, 0], "uv": [0, 89]}
					]
				},
				{
					"name": "wing_left_bottom",
					"parent": "wings_left",
					"pivot": [12, 47, 7.5],
					"rotation": [0, 0, 40],
					"cubes": [
						{"origin": [19.86081, 26.84737, 7.38191], "size": [36, 16, 0], "uv": [0, 89]}
					]
				},
				{
					"name": "torso",
					"parent": "body",
					"pivot": [0, 35.10791, -1.08592],
					"rotation": [12.5, 0, 0],
					"cubes": [
						{"origin": [-8.5, 36, -6.5], "size": [17, 9, 12], "uv": [0, 0]},
						{"origin": [-8.5, 36, -6.5], "size": [17, 9, 12], "inflate": 0.2, "uv": [0, 61]},
						{"origin": [8.5, 30, -1.5], "size": [0, 6, 4], "pivot": [8.5, 36, 0.5], "rotation": [0, 0, -35], "uv": [10, 50]},
						{"origin": [4.45, 30, 1.5], "size": [0, 6, 4], "pivot": [4.5, 36, 5.5], "rotation": [0, -90, -15], "uv": [20, 50]},
						{"origin": [-4.45, 30, 1.5], "size": [0, 6, 4], "pivot": [-4.5, 36, 5.5], "rotation": [0, 90, 15], "uv": [20, 50], "mirror": true},
						{"origin": [-8.5, 30, -1.5], "size": [0, 6, 4], "pivot": [-8.5, 36, 0.5], "rotation": [0, 0, 35], "uv": [10, 50], "mirror": true},
						{"origin": [-5.4, 32.33032, -5.85785], "size": [10.8, 8, 8], "pivot": [0, 36.33032, -0.35785], "rotation": [50, 0, 0], "uv": [59, 65]}
					]
				},
				{
					"name": "neck",
					"parent": "torso",
					"pivot": [0, 43, 6],
					"cubes": [
						{"origin": [-6.5, 43, -6], "size": [13, 9, 10], "uv": [0, 22]}
					]
				},
				{
					"name": "head",
					"parent": "neck",
					"pivot": [0, 49.25, -5.5],
					"cubes": [
						{"origin": [-4, 45.75, -9.25], "size": [8, 7, 4], "uv": [46, 47]}
					]
				},
				{
					"name": "eyes",
					"parent": "head",
					"pivot": [0, 49.25, -9.26]
				},
				{
					"name": "eye_left",
					"parent": "eyes",
					"pivot": [3, 48.25, -9.26],
					"cubes": [
						{"origin": [1.92, 46.35, -9.17], "size": [2, 3, 1], "inflate": 0.1, "uv": [82, 18]},
						{"origin": [3.826, 48.25, -8.81], "size": [0, 1, 1], "inflate": 0.2, "uv": [90, 15]},
						{"origin": [3.826, 46.5, -8.81], "size": [0, 1, 1], "inflate": 0.2, "uv": [90, 15]},
						{"origin": [2.51, 48.25, -9.075], "size": [1, 1, 0], "inflate": 0.2, "uv": [90, 15]},
						{"origin": [2.51, 46.5, -9.075], "size": [1, 1, 0], "inflate": 0.2, "uv": [90, 15]}
					]
				},
				{
					"name": "eye_right",
					"parent": "eyes",
					"pivot": [-3, 48.25, -9.26],
					"cubes": [
						{"origin": [-3.92, 46.35, -9.17], "size": [2, 3, 1], "inflate": 0.1, "uv": [82, 18], "mirror": true},
						{"origin": [-3.826, 48.25, -8.81], "size": [0, 1, 1], "inflate": 0.2, "uv": [90, 15], "mirror": true},
						{"origin": [-3.826, 46.5, -8.81], "size": [0, 1, 1], "inflate": 0.2, "uv": [90, 15], "mirror": true},
						{"origin": [-3.51, 48.25, -9.075], "size": [1, 1, 0], "inflate": 0.2, "uv": [90, 15], "mirror": true},
						{"origin": [-3.51, 46.5, -9.075], "size": [1, 1, 0], "inflate": 0.2, "uv": [90, 15], "mirror": true}
					]
				},
				{
					"name": "muzzle",
					"parent": "head",
					"pivot": [0, 44.25, -7],
					"cubes": [
						{"origin": [-1.5, 43.75, -9], "size": [3, 2, 0], "uv": [47, 32]}
					]
				},
				{
					"name": "horn_left",
					"parent": "head",
					"pivot": [3.95, 49.75, -6.5],
					"rotation": [-10, 0, 2.5],
					"cubes": [
						{"origin": [3.2, 47.25, -8], "size": [4, 3, 2], "inflate": 0.01, "uv": [114, 3], "mirror": true}
					]
				},
				{
					"name": "horn_top_left",
					"parent": "horn_left",
					"pivot": [6.95, 52.25, -7],
					"rotation": [0, 0, -17.5],
					"cubes": [
						{"origin": [3.45, 50.25, -7.5], "size": [3, 4, 1], "uv": [70, 1], "mirror": true}
					]
				},
				{
					"name": "horn_top_left2",
					"parent": "horn_top_left",
					"pivot": [4.31506, 53.34641, -7],
					"rotation": [0, 0, 30],
					"cubes": [
						{"origin": [3.29711, 53.32846, -7], "size": [2, 6, 0], "uv": [113, 37]}
					]
				},
				{
					"name": "horn_bottom_left",
					"parent": "horn_left",
					"pivot": [7.05, 47.25, -7],
					"rotation": [0, 0, 47.5],
					"cubes": [
						{"origin": [5.05, 44.25, -7.5], "size": [2, 3, 1], "uv": [81, 31], "mirror": true}
					]
				},
				{
					"name": "horn_bottom_left2",
					"parent": "horn_bottom_left",
					"pivot": [5.05, 44.25, -7],
					"rotation": [0, 0, -35],
					"cubes": [
						{"origin": [4.8, 41, -7], "size": [2, 3, 0], "uv": [4, 29], "mirror": true}
					]
				},
				{
					"name": "horn_right",
					"parent": "head",
					"pivot": [-3.95, 49.75, -6.5],
					"rotation": [-10, 0, -2.5],
					"cubes": [
						{"origin": [-7.2, 47.25, -8], "size": [4, 3, 2], "inflate": 0.01, "uv": [114, 3]}
					]
				},
				{
					"name": "horn_top_right",
					"parent": "horn_right",
					"pivot": [-6.95, 52.25, -7],
					"rotation": [0, 0, 17.5],
					"cubes": [
						{"origin": [-6.45, 50.25, -7.5], "size": [3, 4, 1], "uv": [70, 1]}
					]
				},
				{
					"name": "horn_top_right2",
					"parent": "horn_top_right",
					"pivot": [-4.31506, 53.34641, -7],
					"rotation": [0, 0, -30],
					"cubes": [
						{"origin": [-5.29711, 53.32846, -7], "size": [2, 6, 0], "uv": [113, 37], "mirror": true}
					]
				},
				{
					"name": "horn_bottom_right",
					"parent": "horn_right",
					"pivot": [-7.05, 47.25, -7],
					"rotation": [0, 0, -47.5],
					"cubes": [
						{"origin": [-7.05, 44.25, -7.5], "size": [2, 3, 1], "uv": [81, 31]}
					]
				},
				{
					"name": "horn_bottom_right2",
					"parent": "horn_bottom_right",
					"pivot": [-5.05, 44.25, -7],
					"rotation": [0, 0, 35],
					"cubes": [
						{"origin": [-6.8, 41, -7], "size": [2, 3, 0], "uv": [4, 29]}
					]
				},
				{
					"name": "arms",
					"parent": "torso",
					"pivot": [-1, 42.5, -6.25]
				},
				{
					"name": "arm_top_left",
					"parent": "arms",
					"pivot": [5.5, 42.75, -6.25],
					"rotation": [0, 0, -15],
					"cubes": [
						{"origin": [3.5, 41.75, -7.25], "size": [3, 2, 1], "uv": [36, 27]},
						{"origin": [2.5, 42.25, -7.25], "size": [1, 1, 1], "uv": [36, 30]}
					]
				},
				{
					"name": "arm_top_right",
					"parent": "arms",
					"pivot": [-5.5, 42.75, -6.25],
					"rotation": [0, 0, 15],
					"cubes": [
						{"origin": [-6.5, 41.75, -7.25], "size": [3, 2, 1], "uv": [36, 27], "mirror": true},
						{"origin": [-3.5, 42.25, -7.25], "size": [1, 1, 1], "uv": [36, 30], "mirror": true}
					]
				},
				{
					"name": "arm_bottom_left",
					"parent": "arms",
					"pivot": [5.5, 39.25, -6.25],
					"rotation": [0, 0, 7.5],
					"cubes": [
						{"origin": [3.5, 38.25, -7.25], "size": [3, 2, 1], "uv": [70, 6]},
						{"origin": [2.5, 38.75, -7.25], "size": [1, 1, 1], "uv": [78, 7]}
					]
				},
				{
					"name": "arm_bottom_right",
					"parent": "arms",
					"pivot": [-5.5, 39.25, -6.25],
					"rotation": [0, 0, -7.5],
					"cubes": [
						{"origin": [-6.5, 38.25, -7.25], "size": [3, 2, 1], "uv": [70, 6], "mirror": true},
						{"origin": [-3.5, 38.75, -7.25], "size": [1, 1, 1], "uv": [78, 7], "mirror": true}
					]
				},
				{
					"name": "back",
					"parent": "torso",
					"pivot": [0, 43, 5.5],
					"rotation": [-12.5, 0, 0],
					"cubes": [
						{"origin": [-4.5, 34, 5.5], "size": [9, 9, 3], "uv": [104, 52]},
						{"origin": [0, 25, 4], "size": [0, 9, 9], "pivot": [0, 34, 8.5], "rotation": [0, -90, 0], "uv": [84, 44]}
					]
				},
				{
					"name": "tail",
					"parent": "body",
					"pivot": [0, 28.8, 2.2],
					"rotation": [-30, 0, 0],
					"cubes": [
						{"origin": [-5.5, 19.8, -9.8], "size": [11, 9, 13], "inflate": 0.02, "uv": [47, 9]}
					]
				},
				{
					"name": "tail_detail",
					"parent": "tail",
					"pivot": [3.5, 29.05, -3.2],
					"rotation": [0, 0, 5],
					"cubes": [
						{"origin": [3.5, 21.05, -6.2], "size": [6, 7, 6], "pivot": [6.5, 25.55, -3.2], "rotation": [0, 45, 0], "uv": [0, 41]}
					]
				},
				{
					"name": "tail_detail2",
					"parent": "tail_detail",
					"pivot": [7.5, 21.55, -3.2],
					"rotation": [0, 0, 12.5],
					"cubes": [
						{"origin": [3.5, 17.05, -6.2], "size": [5, 5, 5], "pivot": [5.5, 17.05, -3.2], "rotation": [0, -45, 0], "uv": [95, 14]}
					]
				},
				{
					"name": "tail_detail3",
					"parent": "tail_detail2",
					"pivot": [8.29289, 18.05, -3.2],
					"rotation": [0, 0, 12.5],
					"cubes": [
						{"origin": [5, 12.05, -4.2], "size": [3, 6, 3], "pivot": [7, 12.05, -3.2], "rotation": [0, -45, 0], "uv": [46, 0]}
					]
				},
				{
					"name": "tail_detail4",
					"parent": "tail",
					"pivot": [-3.5, 29.05, -3.2],
					"rotation": [0, 0, -5],
					"cubes": [
						{"origin": [-9.5, 21.05, -6.2], "size": [6, 7, 6], "pivot": [-6.5, 25.55, -3.2], "rotation": [0, -45, 0], "uv": [82, 1]}
					]
				},
				{
					"name": "tail_detail5",
					"parent": "tail_detail4",
					"pivot": [-7.5, 21.55, -3.2],
					"rotation": [0, 0, -12.5],
					"cubes": [
						{"origin": [-8.5, 17.05, -6.2], "size": [5, 5, 5], "pivot": [-5.5, 17.05, -3.2], "rotation": [0, 45, 0], "uv": [90, 26]}
					]
				},
				{
					"name": "tail_detail6",
					"parent": "tail_detail5",
					"pivot": [-8.29289, 18.05, -3.2],
					"rotation": [0, 0, -12.5],
					"cubes": [
						{"origin": [-8, 12.05, -4.2], "size": [3, 6, 3], "pivot": [-7, 12.05, -3.2], "rotation": [0, 45, 0], "uv": [0, 0]}
					]
				},
				{
					"name": "tail2",
					"parent": "tail",
					"pivot": [0, 19.8, 1.2],
					"cubes": [
						{"origin": [-4.5, 15.8, -8.3], "size": [9, 5, 10], "inflate": 0.01, "uv": [80, 37]}
					]
				},
				{
					"name": "tail3",
					"parent": "tail2",
					"pivot": [0.7, 15.8, 1.2],
					"cubes": [
						{"origin": [-2.5, 11.3, -6.325], "size": [5, 5, 6], "uv": [24, 41]}
					]
				}
			]
		}
	]
}