{
	"format_version": "1.12.0",
	"minecraft:geometry": [
		{
			"description": {
				"identifier": "geometry.ambipom_delta",
				"texture_width": 128,
				"texture_height": 64,
				"visible_bounds_width": 5,
				"visible_bounds_height": 4.5,
				"visible_bounds_offset": [0, 1.75, 0]
			},
			"bones": [
				{
					"name": "ambipom_delta",
					"pivot": [0, 2, 0]
				},
				{
					"name": "body",
					"parent": "ambipom_delta",
					"pivot": [0, 11.25, 0],
					"cubes": [
						{"origin": [-3, 12, -3], "size": [6, 6, 6], "uv": [24, 19]}
					]
				},
				{
					"name": "chest",
					"parent": "body",
					"pivot": [0, 19, 0],
					"cubes": [
						{"origin": [-2.5, 17.5, -2.5], "size": [5, 4, 5], "pivot": [0, 19, 0], "rotation": [0, 0, -5], "uv": [0, 19]},
						{"origin": [-1, 19.48, -2.51], "size": [2, 1, 0], "pivot": [0, 19, 0], "rotation": [0, 0, -5], "uv": [34, 7]}
					]
				},
				{
					"name": "head",
					"parent": "chest",
					"pivot": [0, 24, -0.5],
					"cubes": [
						{"origin": [-6, 24, -4.5], "size": [12, 10, 9], "uv": [0, 0]}
					]
				},
				{
					"name": "hair_tie",
					"parent": "head",
					"pivot": [0.5, 33.5, 2],
					"rotation": [-15, 0, 0],
					"cubes": [
						{"origin": [-1, 33.5, 0.5], "size": [3, 3, 3], "uv": [42, 19]}
					]
				},
				{
					"name": "hair_front",
					"parent": "hair_tie",
					"pivot": [0.5, 36.5, 0.75],
					"rotation": [-15, 0, 0],
					"cubes": [
						{"origin": [-1, 36.5, 0.75], "size": [3, 4, 0], "uv": [55, 12]}
					]
				},
				{
					"name": "hair_front2",
					"parent": "hair_front",
					"pivot": [0.5, 40.5, 0.75],
					"rotation": [-20, 0, 0],
					"cubes": [
						{"origin": [-1, 40.5, 0.75], "size": [3, 4, 0], "uv": [55, 16]}
					]
				},
				{
					"name": "hair_right",
					"parent": "hair_tie",
					"pivot": [-0.75, 36.5, 0.75],
					"rotation": [-20, 0, -20],
					"cubes": [
						{"origin": [-0.75, 36.5, 0.75], "size": [0, 3, 3], "uv": [55, -3]}
					]
				},
				{
					"name": "hair_right2",
					"parent": "hair_right",
					"pivot": [-0.75, 39.5, 2.25],
					"rotation": [0, 0, 10],
					"cubes": [
						{"origin": [-0.75, 39.5, 0.75], "size": [0, 3, 3], "uv": [55, 0]}
					]
				},
				{
					"name": "hair_left",
					"parent": "hair_tie",
					"pivot": [1.75, 36.5, 0.75],
					"rotation": [-20, 0, 20],
					"cubes": [
						{"origin": [1.75, 36.5, 0.75], "size": [0, 3, 3], "uv": [55, 3]}
					]
				},
				{
					"name": "hair_left2",
					"parent": "hair_left",
					"pivot": [1.75, 39.5, 2.25],
					"rotation": [0, 0, -10],
					"cubes": [
						{"origin": [1.75, 39.5, 0.75], "size": [0, 3, 3], "uv": [55, 6]}
					]
				},
				{
					"name": "ear_left",
					"parent": "head",
					"pivot": [6, 27, -0.5],
					"rotation": [0, -22.5, 0],
					"cubes": [
						{"origin": [5, 25, -0.5], "size": [5, 9, 0], "pivot": [6, 27, -0.5], "rotation": [0, 0, 22.5], "uv": [42, 9]}
					]
				},
				{
					"name": "ear_right",
					"parent": "head",
					"pivot": [-6, 27, -0.5],
					"rotation": [0, 22.5, 0],
					"cubes": [
						{"origin": [-10, 25, -0.5], "size": [5, 9, 0], "pivot": [-6, 27, -0.5], "rotation": [0, 0, -22.5], "uv": [45, 0], "mirror": true}
					]
				},
				{
					"name": "eye_right",
					"parent": "head",
					"pivot": [-3.25, 28.75, -4.5],
					"cubes": [
						{"origin": [-5.5, 27, -4.5], "size": [3, 4, 0], "inflate": 0.01, "uv": [39, 0], "mirror": true},
						{"origin": [-5, 27.5, -4.5], "size": [2, 3, 0], "inflate": 0.015, "uv": [34, 0], "mirror": true}
					]
				},
				{
					"name": "eye_left",
					"parent": "head",
					"pivot": [3.25, 28.75, -4.5],
					"cubes": [
						{"origin": [2.5, 27, -4.5], "size": [3, 4, 0], "inflate": 0.01, "uv": [39, 0]},
						{"origin": [3, 27.5, -4.5], "size": [2, 3, 0], "inflate": 0.015, "uv": [34, 0]}
					]
				},
				{
					"name": "bangs",
					"parent": "head",
					"pivot": [0, 33.5, -4.5],
					"rotation": [-15, 0, 0],
					"cubes": [
						{"origin": [-6, 31.5, -4.5], "size": [12, 2, 0], "uv": [0, 28]}
					]
				},
				{
					"name": "nose",
					"parent": "head",
					"pivot": [0, 28, -4.5],
					"cubes": [
						{"origin": [-2, 27, -4.5], "size": [4, 1, 0], "inflate": 0.01, "uv": [34, 5]}
					]
				},
				{
					"name": "arm_right",
					"parent": "body",
					"pivot": [-5, 20.5, 0],
					"cubes": [
						{"origin": [-11, 19.5, -1], "size": [6, 2, 2], "inflate": 0.01, "uv": [61, 0], "mirror": true}
					]
				},
				{
					"name": "arm_right2",
					"parent": "arm_right",
					"pivot": [-11, 19.5, 0],
					"cubes": [
						{"origin": [-17, 19.5, -1], "size": [6, 2, 2], "uv": [61, 4], "mirror": true}
					]
				},
				{
					"name": "arm_right3",
					"parent": "arm_right2",
					"pivot": [-18, 17, -1.5],
					"cubes": [
						{"origin": [-22.5, 16, -3.5], "size": [4, 11, 4], "uv": [61, 8], "mirror": true}
					]
				},
				{
					"name": "arm_right4",
					"parent": "arm_right3",
					"pivot": [-20.5, 17, -1.5],
					"cubes": [
						{"origin": [-23, 9, -4], "size": [5, 8, 5], "uv": [101, 0], "mirror": true}
					]
				},
				{
					"name": "branch3",
					"parent": "arm_right4",
					"pivot": [-23, 14.5, -1.5],
					"cubes": [
						{"origin": [-27, 14.5, -2.5], "size": [5, 2, 2], "uv": [26, 31], "mirror": true}
					]
				},
				{
					"name": "branch1_3",
					"parent": "branch3",
					"pivot": [-27, 16.5, -1.5],
					"cubes": [
						{"origin": [-30, 15.5, -2.5], "size": [3, 1, 2], "uv": [95, 0], "mirror": true}
					]
				},
				{
					"name": "branch4",
					"parent": "arm_right4",
					"pivot": [-18, 12, -1.5],
					"cubes": [
						{"origin": [-19, 12, -2.5], "size": [4, 2, 2], "uv": [116, 1], "mirror": true}
					]
				},
				{
					"name": "branch2_3",
					"parent": "branch4",
					"pivot": [-15, 12, -1.5],
					"cubes": [
						{"origin": [-15, 12, -2.5], "size": [2, 1, 2], "uv": [119, 11], "mirror": true}
					]
				},
				{
					"name": "arm_right5",
					"parent": "arm_right4",
					"pivot": [-20.5, 10, -1.5],
					"cubes": [
						{"origin": [-23.5, 3, -4.5], "size": [6, 7, 6], "uv": [77, 0], "mirror": true}
					]
				},
				{
					"name": "hand_right",
					"parent": "arm_right5",
					"pivot": [-20.5, 4, -2.5],
					"cubes": [
						{"origin": [-24, 0, -6.5], "size": [7, 4, 8], "inflate": 0.01, "uv": [77, 13], "mirror": true}
					]
				},
				{
					"name": "finger_right1",
					"parent": "hand_right",
					"pivot": [-17, 3, -2],
					"cubes": [
						{"origin": [-18, 0, -3.5], "size": [6, 3, 3], "inflate": 0.01, "uv": [99, 13]}
					]
				},
				{
					"name": "finger_right1_2",
					"parent": "finger_right1",
					"pivot": [-12, 2, -2],
					"cubes": [
						{"origin": [-12, 0, -3.5], "size": [5, 2, 3], "uv": [107, 19]}
					]
				},
				{
					"name": "finger_right1_3",
					"parent": "finger_right1_2",
					"pivot": [-9, 2, -2],
					"cubes": [
						{"origin": [-9, 2, -2], "size": [2, 2, 0], "uv": [79, 0]}
					]
				},
				{
					"name": "finger_right2",
					"parent": "hand_right",
					"pivot": [-20.5, 3, -6.5],
					"cubes": [
						{"origin": [-22, 0, -11.5], "size": [3, 3, 6], "inflate": 0.01, "uv": [48, 20], "mirror": true}
					]
				},
				{
					"name": "finger_right2_2",
					"parent": "finger_right2",
					"pivot": [-20.5, 2, -11.5],
					"cubes": [
						{"origin": [-22, 0, -15.5], "size": [3, 2, 4], "uv": [66, 23], "mirror": true}
					]
				},
				{
					"name": "finger_right2_3",
					"parent": "finger_right2_2",
					"pivot": [-20.5, 2, -13.5],
					"cubes": [
						{"origin": [-20.5, 2, -15.5], "size": [0, 2, 2], "uv": [79, 0], "mirror": true}
					]
				},
				{
					"name": "finger_right3",
					"parent": "hand_right",
					"pivot": [-24, 3, -2],
					"cubes": [
						{"origin": [-29, 0, -3.5], "size": [6, 3, 3], "inflate": 0.01, "uv": [104, 24], "mirror": true}
					]
				},
				{
					"name": "finger_right3_2",
					"parent": "finger_right3",
					"pivot": [-29, 2, -2],
					"cubes": [
						{"origin": [-34, 0, -3.5], "size": [5, 2, 3], "uv": [88, 25], "mirror": true}
					]
				},
				{
					"name": "finger_right3_3",
					"parent": "finger_right3_2",
					"pivot": [-32, 2, -2],
					"cubes": [
						{"origin": [-34, 2, -2], "size": [2, 2, 0], "uv": [79, 4], "mirror": true}
					]
				},
				{
					"name": "arm_left",
					"parent": "body",
					"pivot": [5, 20.5, 0],
					"cubes": [
						{"origin": [5, 19.5, -1], "size": [6, 2, 2], "inflate": 0.01, "uv": [61, 0]}
					]
				},
				{
					"name": "arm_left2",
					"parent": "arm_left",
					"pivot": [11, 19.5, 0],
					"cubes": [
						{"origin": [11, 19.5, -1], "size": [6, 2, 2], "uv": [61, 4]}
					]
				},
				{
					"name": "arm_left3",
					"parent": "arm_left2",
					"pivot": [18, 17, -1.5],
					"cubes": [
						{"origin": [18.5, 16, -3.5], "size": [4, 11, 4], "uv": [61, 8]}
					]
				},
				{
					"name": "arm_left4",
					"parent": "arm_left3",
					"pivot": [20.5, 17, -1.5],
					"cubes": [
						{"origin": [18, 9, -4], "size": [5, 8, 5], "uv": [101, 0]}
					]
				},
				{
					"name": "branch1",
					"parent": "arm_left4",
					"pivot": [23, 14, -1.5],
					"cubes": [
						{"origin": [22, 14, -2.5], "size": [5, 2, 2], "inflate": 0.01, "uv": [26, 31]}
					]
				},
				{
					"name": "branch1_2",
					"parent": "branch1",
					"pivot": [27, 15, -1.5],
					"cubes": [
						{"origin": [27, 15, -2.5], "size": [3, 1, 2], "uv": [95, 0]}
					]
				},
				{
					"name": "branch2",
					"parent": "arm_left4",
					"pivot": [18, 11, -1.5],
					"cubes": [
						{"origin": [15, 11, -2.5], "size": [4, 2, 2], "inflate": 0.01, "uv": [116, 1]}
					]
				},
				{
					"name": "branch2_2",
					"parent": "branch2",
					"pivot": [15, 12, -1.5],
					"cubes": [
						{"origin": [13, 11, -2.5], "size": [2, 1, 2], "uv": [119, 11]}
					]
				},
				{
					"name": "arm_left5",
					"parent": "arm_left4",
					"pivot": [20.5, 10, -1.5],
					"cubes": [
						{"origin": [17.5, 3, -4.5], "size": [6, 7, 6], "uv": [77, 0]}
					]
				},
				{
					"name": "hand_left",
					"parent": "arm_left5",
					"pivot": [20.5, 4, -2.5],
					"cubes": [
						{"origin": [17, 0, -6.5], "size": [7, 4, 8], "inflate": 0.01, "uv": [77, 13]}
					]
				},
				{
					"name": "finger_left1",
					"parent": "hand_left",
					"pivot": [17, 3, -2],
					"cubes": [
						{"origin": [12, 0, -3.5], "size": [6, 3, 3], "inflate": 0.01, "uv": [99, 13], "mirror": true}
					]
				},
				{
					"name": "finger_left1_2",
					"parent": "finger_left1",
					"pivot": [12, 2, -2],
					"cubes": [
						{"origin": [7, 0, -3.5], "size": [5, 2, 3], "uv": [107, 19], "mirror": true}
					]
				},
				{
					"name": "finger_left1_3",
					"parent": "finger_left1_2",
					"pivot": [9, 2, -2],
					"cubes": [
						{"origin": [7, 2, -2], "size": [2, 2, 0], "uv": [79, 0], "mirror": true}
					]
				},
				{
					"name": "finger_left2",
					"parent": "hand_left",
					"pivot": [20.5, 3, -6.5],
					"cubes": [
						{"origin": [19, 0, -11.5], "size": [3, 3, 6], "inflate": 0.01, "uv": [48, 20]}
					]
				},
				{
					"name": "finger_left2_2",
					"parent": "finger_left2",
					"pivot": [20.5, 2, -11.5],
					"cubes": [
						{"origin": [19, 0, -15.5], "size": [3, 2, 4], "uv": [66, 23]}
					]
				},
				{
					"name": "finger_left2_3",
					"parent": "finger_left2_2",
					"pivot": [20.5, 2, -13.5],
					"cubes": [
						{"origin": [20.5, 2, -15.5], "size": [0, 2, 2], "uv": [79, 0]}
					]
				},
				{
					"name": "finger_left3",
					"parent": "hand_left",
					"pivot": [24, 3, -2],
					"cubes": [
						{"origin": [23, 0, -3.5], "size": [6, 3, 3], "inflate": 0.01, "uv": [104, 24]}
					]
				},
				{
					"name": "finger_left3_2",
					"parent": "finger_left3",
					"pivot": [29, 2, -2],
					"cubes": [
						{"origin": [29, 0, -3.5], "size": [5, 2, 3], "uv": [88, 25]}
					]
				},
				{
					"name": "finger_left3_3",
					"parent": "finger_left3_2",
					"pivot": [32, 2, -2],
					"cubes": [
						{"origin": [32, 2, -2], "size": [2, 2, 0], "uv": [79, 4]}
					]
				},
				{
					"name": "leg_left",
					"parent": "ambipom_delta",
					"pivot": [2.25, 13, 0],
					"cubes": [
						{"origin": [0.75, 8, -1.5], "size": [3, 5, 3], "inflate": 0.01, "uv": [0, 30]}
					]
				},
				{
					"name": "leg_left2",
					"parent": "leg_left",
					"pivot": [2.25, 8, -1],
					"cubes": [
						{"origin": [1.25, 3, -1], "size": [2, 5, 2], "uv": [0, 0]}
					]
				},
				{
					"name": "foot_left",
					"parent": "leg_left2",
					"pivot": [2.25, 4, 0],
					"cubes": [
						{"origin": [0.75, 2, -2.5], "size": [3, 2, 4], "inflate": 0.01, "uv": [12, 30]}
					]
				},
				{
					"name": "toes_left",
					"parent": "foot_left",
					"pivot": [2.25, 3, -2],
					"cubes": [
						{"origin": [0.75, 2, -4], "size": [3, 2, 2], "uv": [20, 20]}
					]
				},
				{
					"name": "leg_right",
					"parent": "ambipom_delta",
					"pivot": [-2.25, 13, 0],
					"cubes": [
						{"origin": [-3.75, 8, -1.5], "size": [3, 5, 3], "inflate": 0.01, "uv": [0, 30], "mirror": true}
					]
				},
				{
					"name": "leg_right2",
					"parent": "leg_right",
					"pivot": [-2.25, 8, -1],
					"cubes": [
						{"origin": [-3.25, 3, -1], "size": [2, 5, 2], "uv": [0, 0], "mirror": true}
					]
				},
				{
					"name": "foot_right",
					"parent": "leg_right2",
					"pivot": [-2.25, 4, 0],
					"cubes": [
						{"origin": [-3.75, 2, -2.5], "size": [3, 2, 4], "inflate": 0.01, "uv": [12, 30], "mirror": true}
					]
				},
				{
					"name": "toes_right",
					"parent": "foot_right",
					"pivot": [-2.25, 3, -2],
					"cubes": [
						{"origin": [-3.75, 2, -4], "size": [3, 2, 2], "uv": [20, 20], "mirror": true}
					]
				}
			]
		}
	]
}