{
	"format_version": "1.12.0",
	"minecraft:geometry": [
		{
			"description": {
				"identifier": "geometry.cloyster_delta",
				"texture_width": 64,
				"texture_height": 64,
				"visible_bounds_width": 4,
				"visible_bounds_height": 2.5,
				"visible_bounds_offset": [0, 0.75, 0]
			},
			"bones": [
				{
					"name": "cloyster",
					"pivot": [0, 0, 0]
				},
				{
					"name": "body",
					"parent": "cloyster",
					"pivot": [0, 9.75, 0]
				},
				{
					"name": "spike",
					"parent": "body",
					"pivot": [0, 14.07184, -3.1195],
					"rotation": [5, 0, 0],
					"cubes": [
						{"origin": [-1, 13.56537, -15.99715], "size": [2, 2, 7], "pivot": [0, 14.56537, -9.24715], "rotation": [-10, 0, 0], "uv": [28, 37]},
						{"origin": [-0.5, 14.06537, -20.99715], "size": [1, 1, 5], "pivot": [0, 14.56537, -9.24715], "rotation": [-10, 0, 0], "uv": [39, 37]},
						{"origin": [-1.5, 13.06537, -8.99715], "size": [3, 3, 7], "pivot": [0, 14.56537, -9.24715], "rotation": [-10, 0, 0], "uv": [15, 34]}
					]
				},
				{
					"name": "head",
					"parent": "body",
					"pivot": [0, 9, -3],
					"cubes": [
						{"origin": [-3, 6, -6], "size": [6, 6, 6], "uv": [30, 25]},
						{"origin": [-1.25, 7.15, -6.025], "size": [3, 1, 0], "pivot": [-0.25, 7.15, -6.025], "rotation": [0, 0, -2.5], "uv": [0, 8]}
					]
				},
				{
					"name": "lefteye",
					"parent": "head",
					"pivot": [2.025, 9.75, -5.025],
					"cubes": [
						{"origin": [1.025, 8.75, -6.025], "size": [2, 2, 2], "inflate": 0.02, "pivot": [2.025, 9.75, -5.025], "rotation": [0, 0, -2.5], "uv": [46, 37]}
					]
				},
				{
					"name": "righteye",
					"parent": "head",
					"pivot": [-2.025, 9.75, -5.025],
					"cubes": [
						{"origin": [-3.025, 8.75, -6.025], "size": [2, 2, 2], "inflate": 0.02, "pivot": [-2.025, 9.75, -5.025], "rotation": [0, 0, 2.5], "uv": [0, 4]}
					]
				},
				{
					"name": "lefteyelid",
					"parent": "head",
					"pivot": [1.775, 9.75, -4.775],
					"cubes": [
						{"origin": [0.775, 8.75, -5.775], "size": [2, 2, 2], "inflate": 0.04, "pivot": [1.775, 9.75, -4.775], "rotation": [0, 0, -2.5], "uv": [0, 20]}
					]
				},
				{
					"name": "righteyelid",
					"parent": "head",
					"pivot": [-1.775, 9.75, -4.775],
					"cubes": [
						{"origin": [-2.775, 8.75, -5.775], "size": [2, 2, 2], "inflate": 0.04, "pivot": [-1.775, 9.75, -4.775], "rotation": [0, 0, 2.5], "uv": [0, 16]}
					]
				},
				{
					"name": "shell_bottom",
					"parent": "body",
					"pivot": [-0.12132, 9.25, 1.32843],
					"rotation": [15, 0, 0],
					"cubes": [
						{"origin": [6.975, 3.75, -7.5], "size": [0, 6, 9], "inflate": 0.002, "pivot": [2, 6.75, -6.5], "rotation": [0, -45, 0], "uv": [0, 47]},
						{"origin": [-2, 3.75, -7.5], "size": [9, 6, 9], "inflate": 0.002, "pivot": [2, 6.75, -6.5], "rotation": [0, -45, 0], "uv": [0, 16]},
						{"origin": [-2, 3.75, -7.45], "size": [9, 6, 0], "inflate": 0.002, "pivot": [2, 6.75, -6.5], "rotation": [0, -45, 0], "uv": [43, 47]},
						{"origin": [-1.975, 3.75, -7.5], "size": [0, 6, 9], "inflate": 0.002, "pivot": [2, 6.75, -6.5], "rotation": [0, -45, 0], "uv": [0, 16]},
						{"origin": [-2, 3.75, 1.475], "size": [9, 6, 0], "inflate": 0.002, "pivot": [2, 6.75, -6.5], "rotation": [0, -45, 0], "uv": [0, 53]},
						{"origin": [-2, 3.775, -7.5], "size": [9, 0, 9], "inflate": 0.002, "pivot": [2, 6.75, -6.5], "rotation": [0, -45, 0], "uv": [-9, 53]}
					]
				},
				{
					"name": "shell_top",
					"parent": "body",
					"pivot": [-0.12132, 12, 3.07843],
					"rotation": [-15, 0, 0],
					"cubes": [
						{"origin": [-4.62132, 7.5, -7.42157], "size": [9, 7, 9], "pivot": [-0.12132, 11, -2.92157], "rotation": [0, -45, 0], "uv": [0, 0]},
						{"origin": [-4.62132, 7.5, 1.52843], "size": [9, 7, 0], "pivot": [-0.12132, 11, -2.92157], "rotation": [0, -45, 0], "uv": [0, 53]},
						{"origin": [4.32868, 7.5, -7.42157], "size": [0, 7, 9], "pivot": [-0.12132, 11, -2.92157], "rotation": [0, -45, 0], "uv": [0, 44]},
						{"origin": [-4.62132, 14.425, -7.42157], "size": [9, 0, 9], "pivot": [-0.12132, 11, -2.92157], "rotation": [0, -45, 0], "uv": [-9, 53]},
						{"origin": [3.14251, 12.00133, -3.72946], "size": [5, 7, 0], "pivot": [5.14251, 15.00133, -3.72946], "rotation": [6.47777, -15.54426, 47.43223], "uv": [36, 9]},
						{"origin": [2.64251, 12.00133, -4.22946], "size": [5, 7, 0], "pivot": [5.14251, 15.00133, -3.72946], "rotation": [149.36502, -77.68411, -100.77155], "uv": [37, 18]},
						{"origin": [-8.14251, 12.00133, -3.72946], "size": [5, 7, 0], "pivot": [-5.14251, 15.00133, -3.72946], "rotation": [6.47777, 15.54426, -47.43223], "uv": [36, 9], "mirror": true},
						{"origin": [-7.64251, 12.00133, -4.22946], "size": [5, 7, 0], "pivot": [-5.14251, 15.00133, -3.72946], "rotation": [149.36502, 77.68411, 100.77155], "uv": [37, 18], "mirror": true}
					]
				},
				{
					"name": "shell_back",
					"parent": "body",
					"pivot": [0, 9.75, 0],
					"cubes": [
						{"origin": [-4.5, 5.25, -1], "size": [9, 8, 7], "uv": [18, 46]},
						{"origin": [-3, 6.75, 6], "size": [6, 5, 5], "uv": [0, 31]},
						{"origin": [-2, 7.25, 11], "size": [4, 4, 4], "uv": [0, 41]},
						{"origin": [-1, 8.25, 15], "size": [2, 2, 7], "uv": [27, 0]}
					]
				},
				{
					"name": "spikes",
					"parent": "shell_back",
					"pivot": [-3.84057, 7.22822, 9.43358],
					"cubes": [
						{"origin": [2.14251, 1.50133, 3.27054], "size": [5, 8, 0], "pivot": [5.14251, 5.50133, 3.27054], "rotation": [149.36502, -77.68411, -30.77155], "uv": [45, 0]},
						{"origin": [2.64251, 0.50133, 2.77054], "size": [5, 9, 0], "pivot": [5.14251, 5.50133, 3.27054], "rotation": [6.47777, -15.54426, 117.43223], "uv": [27, 16]},
						{"origin": [2.34057, 4.72822, 8.93358], "size": [3, 4, 0], "pivot": [3.84057, 7.22822, 9.43358], "rotation": [-22.00671, 0.71423, 121.22266], "uv": [28, 37]},
						{"origin": [1.84057, 4.72822, 9.43358], "size": [3, 4, 0], "pivot": [3.84057, 7.22822, 9.43358], "rotation": [-76.02917, -67.28748, -163.58233], "uv": [27, 0]},
						{"origin": [-1.64343, 11.30121, 8.55826], "size": [3, 3, 0], "pivot": [-0.14343, 12.80121, 9.05826], "rotation": [10.50642, -3.59272, -179.61098], "uv": [17, 31]},
						{"origin": [-2.14343, 11.30121, 9.05826], "size": [3, 3, 0], "pivot": [-0.14343, 12.80121, 9.05826], "rotation": [82.76575, -79.42936, 98.41262], "uv": [27, 4]},
						{"origin": [-7.14251, 1.50133, 3.27054], "size": [5, 8, 0], "pivot": [-5.14251, 5.50133, 3.27054], "rotation": [149.36502, 77.68411, 30.77155], "uv": [45, 0], "mirror": true},
						{"origin": [-7.64251, 0.50133, 2.77054], "size": [5, 9, 0], "pivot": [-5.14251, 5.50133, 3.27054], "rotation": [6.47777, 15.54426, -117.43223], "uv": [27, 16], "mirror": true},
						{"origin": [-4.84057, 4.72822, 9.43358], "size": [3, 4, 0], "pivot": [-3.84057, 7.22822, 9.43358], "rotation": [-76.02917, 67.28748, 163.58233], "uv": [27, 0], "mirror": true},
						{"origin": [-5.34057, 4.72822, 8.93358], "size": [3, 4, 0], "pivot": [-3.84057, 7.22822, 9.43358], "rotation": [-22.00671, -0.71423, -121.22266], "uv": [28, 37], "mirror": true}
					]
				}
			]
		}
	]
}