{
	"format_version": "1.12.0",
	"minecraft:geometry": [
		{
			"description": {
				"identifier": "geometry.cursola_delta",
				"texture_width": 64,
				"texture_height": 64,
				"visible_bounds_width": 4,
				"visible_bounds_height": 3.5,
				"visible_bounds_offset": [0, 1.25, 0]
			},
			"bones": [
				{
					"name": "cursola",
					"pivot": [0, 0, 0]
				},
				{
					"name": "body",
					"parent": "cursola",
					"pivot": [0, 0, 0],
					"cubes": [
						{"origin": [-2, 0, -2], "size": [4, 4, 4], "uv": [16, 36]}
					]
				},
				{
					"name": "grass_front",
					"parent": "body",
					"pivot": [0, 3, -2.01],
					"cubes": [
						{"origin": [-3, 0, -2.01], "size": [6, 3, 0], "pivot": [0, 3, -2.01], "rotation": [-22.5, 0, 0], "uv": [50, 0]},
						{"origin": [-3, -0.77164, -3.15805], "size": [6, 1, 0], "pivot": [0, 0.22836, -3.15805], "rotation": [-80, 0, 0], "uv": [45, 37]},
						{"origin": [-3, 1, -2.01], "size": [6, 2, 0], "pivot": [0, 3, -2.01], "rotation": [-140, 0, 0], "uv": [48, 51]}
					]
				},
				{
					"name": "grass_left",
					"parent": "body",
					"pivot": [2, 3, -0.01],
					"rotation": [0, -90, 0],
					"cubes": [
						{"origin": [-1, 0, -0.01], "size": [8, 3, 0], "pivot": [2, 3, -0.01], "rotation": [-22.5, 0, 0], "uv": [40, 30]},
						{"origin": [-2.30171, 0.69149, -1.12848], "size": [3, 3, 0], "pivot": [-0.80171, 2.19149, -1.12848], "rotation": [10.19377, 34.3418, 49.3074], "uv": [0, 6]},
						{"origin": [-1, -0.77164, -1.15805], "size": [9, 1, 0], "pivot": [2.5, 0.22836, -1.15805], "rotation": [-77.5, 0, 0], "uv": [40, 20]},
						{"origin": [-1, 1, -0.01], "size": [7, 2, 0], "pivot": [2, 3, -0.01], "rotation": [-147.5, 0, 0], "uv": [20, 48]}
					]
				},
				{
					"name": "grass_right",
					"parent": "body",
					"pivot": [-2, 3, -0.01],
					"rotation": [0, 90, 0],
					"cubes": [
						{"origin": [-7, 0, -0.01], "size": [8, 3, 0], "pivot": [-2, 3, -0.01], "rotation": [-22.5, 0, 0], "uv": [40, 30], "mirror": true},
						{"origin": [-0.69829, 0.69149, -1.12848], "size": [3, 3, 0], "pivot": [0.80171, 2.19149, -1.12848], "rotation": [10.19377, -34.3418, -49.3074], "uv": [0, 6], "mirror": true},
						{"origin": [-8, -0.77164, -1.15805], "size": [9, 1, 0], "pivot": [-2.5, 0.22836, -1.15805], "rotation": [-77.5, 0, 0], "uv": [40, 20], "mirror": true},
						{"origin": [-6, 1, -0.01], "size": [7, 2, 0], "pivot": [-2, 3, -0.01], "rotation": [-147.5, 0, 0], "uv": [20, 48], "mirror": true}
					]
				},
				{
					"name": "grass_back",
					"parent": "body",
					"pivot": [0, 3, 3.01],
					"rotation": [15, 0, 0],
					"cubes": [
						{"origin": [-3, 0, 3.01], "size": [6, 3, 0], "pivot": [0, 3, 3.01], "rotation": [22.5, 0, 0], "uv": [48, 26]},
						{"origin": [-3, -1.77164, 4.15805], "size": [6, 2, 0], "pivot": [0, 0.22836, 4.15805], "rotation": [60, 0, 0], "uv": [30, 8]},
						{"origin": [-3, 1, 3.01], "size": [6, 2, 0], "pivot": [0, 3, 3.01], "rotation": [122.5, 0, 0], "uv": [49, 44]}
					]
				},
				{
					"name": "trunk_bottom",
					"parent": "body",
					"pivot": [0, 0, 0],
					"cubes": [
						{"origin": [-1.5, 4, -1.5], "size": [3, 2, 3], "uv": [44, 21]}
					]
				},
				{
					"name": "trunk_mid",
					"parent": "trunk_bottom",
					"pivot": [0, 0, 0],
					"cubes": [
						{"origin": [-3, 6, -3], "size": [6, 4, 6], "uv": [0, 22]}
					]
				},
				{
					"name": "trunk_top",
					"parent": "trunk_mid",
					"pivot": [0, 0, 0],
					"cubes": [
						{"origin": [-2.5, 10, -2.5], "size": [5, 3, 5], "uv": [0, 32]}
					]
				},
				{
					"name": "head",
					"parent": "trunk_top",
					"pivot": [0, 13, 0],
					"cubes": [
						{"origin": [-5, 13, -5], "size": [10, 12, 10], "uv": [0, 0]},
						{"origin": [0.425, 22.5, -4.725], "size": [5, 5, 0], "pivot": [3, 26, -5.1], "rotation": [-13.81465, 14.60559, 45.72113], "uv": [32, 50]},
						{"origin": [-9.15125, 21.11618, -5.06857], "size": [5, 5, 0], "pivot": [-5.65125, 23.61618, -5.56857], "rotation": [47.8793, 43.6486, 73.5361], "uv": [22, 50]}
					]
				},
				{
					"name": "leaf",
					"parent": "head",
					"pivot": [-3.04329, 26.46247, -3.0621],
					"cubes": [
						{"origin": [-4.04329, 24.46247, -3.0621], "size": [2, 4, 0], "pivot": [-3.04329, 26.46247, -3.0621], "rotation": [40, 0, -30], "uv": [0, 32]}
					]
				},
				{
					"name": "leaf11",
					"parent": "head",
					"pivot": [2.95671, 14.46247, 5.8879],
					"cubes": [
						{"origin": [1.95671, 12.46247, 5.8879], "size": [2, 4, 0], "pivot": [2.95671, 14.46247, 5.8879], "rotation": [40, 0, -30], "uv": [0, 32]}
					]
				},
				{
					"name": "leaf12",
					"parent": "head",
					"pivot": [-2.04329, 15.96247, 5.8879],
					"rotation": [0, 0, 67.5],
					"cubes": [
						{"origin": [-3.04329, 13.96247, 5.8879], "size": [2, 4, 0], "pivot": [-2.04329, 15.96247, 5.8879], "rotation": [40, 0, -30], "uv": [0, 32]}
					]
				},
				{
					"name": "arm_left",
					"parent": "head",
					"pivot": [4, 16, -5.25],
					"rotation": [40, 42.5, 0],
					"cubes": [
						{"origin": [2, 14, -8.25], "size": [2, 2, 3], "inflate": 0.001, "uv": [15, 52]}
					]
				},
				{
					"name": "arm_left_2",
					"parent": "arm_left",
					"pivot": [3, 14, -8.25],
					"rotation": [-77.5, 0, 0],
					"cubes": [
						{"origin": [2, 14, -11.25], "size": [2, 2, 3], "uv": [5, 52]}
					]
				},
				{
					"name": "arm_right",
					"parent": "head",
					"pivot": [-4, 16, -5.25],
					"rotation": [40, -42.5, 0],
					"cubes": [
						{"origin": [-4, 14, -8.25], "size": [2, 2, 3], "inflate": 0.001, "uv": [15, 52], "mirror": true}
					]
				},
				{
					"name": "arm_right_2",
					"parent": "arm_right",
					"pivot": [-3, 14, -8.25],
					"rotation": [-77.5, 0, 0],
					"cubes": [
						{"origin": [-4, 14, -11.25], "size": [2, 2, 3], "uv": [5, 52], "mirror": true}
					]
				},
				{
					"name": "mouth",
					"parent": "head",
					"pivot": [0, 13.25, 1],
					"cubes": [
						{"origin": [-0.54597, 17.6929, -5.01], "size": [1, 2, 0], "pivot": [0.70403, 18.1679, -4.51], "rotation": [0, 0, -120], "uv": [7, 0]},
						{"origin": [-0.45403, 17.6929, -5.02], "size": [1, 2, 0], "pivot": [-0.70403, 18.1679, -4.51], "rotation": [0, 0, 120], "uv": [0, 0]}
					]
				},
				{
					"name": "eyes",
					"parent": "head",
					"pivot": [0, 19, 0]
				},
				{
					"name": "eye_left",
					"parent": "eyes",
					"pivot": [2.25, 20.5, -3.501],
					"rotation": [0, 0, -10],
					"cubes": [
						{"origin": [1.25, 19, -5.002], "size": [2, 3, 3], "uv": [0, 46]},
						{"origin": [1.75, 19.5, -5.003], "size": [1, 2, 0], "uv": [0, 52]}
					]
				},
				{
					"name": "eyelid_left",
					"parent": "eye_left",
					"pivot": [0.25, 19, 0],
					"cubes": [
						{"origin": [1.25, 19, -4.001], "size": [2, 3, 3], "inflate": 0.01, "uv": [0, 0]}
					]
				},
				{
					"name": "eye_right",
					"parent": "eyes",
					"pivot": [-2.25, 20.5, -3.501],
					"rotation": [0, 0, 10],
					"cubes": [
						{"origin": [-3.25, 19, -5.002], "size": [2, 3, 3], "uv": [0, 46], "mirror": true},
						{"origin": [-2.75, 19.5, -5.003], "size": [1, 2, 0], "uv": [0, 52], "mirror": true}
					]
				},
				{
					"name": "eyelid_right",
					"parent": "eye_right",
					"pivot": [-0.25, 19, 0],
					"cubes": [
						{"origin": [-3.25, 19, -4.001], "size": [2, 3, 3], "inflate": 0.01, "uv": [0, 0], "mirror": true}
					]
				},
				{
					"name": "branch_front_left",
					"parent": "head",
					"pivot": [5, 19, -2],
					"rotation": [-0.66963, 14.98539, 19.91193],
					"cubes": [
						{"origin": [4, 17, -4], "size": [8, 4, 4], "uv": [30, 0]}
					]
				},
				{
					"name": "leaf1",
					"parent": "branch_front_left",
					"pivot": [8, 18.5, -4.01],
					"cubes": [
						{"origin": [7, 14.5, -4.01], "size": [2, 4, 0], "pivot": [8, 18.5, -4.01], "rotation": [-7.5, 0, -30], "uv": [28, 36]}
					]
				},
				{
					"name": "leaf2",
					"parent": "branch_front_left",
					"pivot": [7, 20.5, -0.01],
					"rotation": [42.5, 0, 0],
					"cubes": [
						{"origin": [6, 16.5, -0.01], "size": [2, 4, 0], "pivot": [7, 20.5, -0.01], "rotation": [80.86961, 34.65749, -35.22206], "uv": [15, 32]}
					]
				},
				{
					"name": "branch_front_left2",
					"parent": "branch_front_left",
					"pivot": [12, 17.5, -2],
					"rotation": [0, 0, -65],
					"cubes": [
						{"origin": [12, 17.5, -3.5], "size": [5, 3, 3], "inflate": 0.01, "uv": [29, 42]},
						{"origin": [13, 17, -6.5], "size": [2, 2, 4], "inflate": 0.01, "pivot": [14, 18.5, -3.5], "rotation": [57.5, 0, 0], "uv": [41, 44]},
						{"origin": [13.5, 15.20118, -7.6902], "size": [1, 1, 4], "inflate": 0.01, "pivot": [14, 15.70118, -4.6902], "rotation": [87.44186, -17.94973, -30.56393], "uv": [42, 50]}
					]
				},
				{
					"name": "branch_front_left3",
					"parent": "branch_front_left2",
					"pivot": [17, 20.5, -2],
					"rotation": [0, 0, 47.5],
					"cubes": [
						{"origin": [17, 17.5, -3.5], "size": [5, 3, 3], "uv": [40, 14]},
						{"origin": [17, 20.5, -1.5], "size": [1, 4, 1], "inflate": 0.01, "pivot": [17, 20.5, -1.5], "rotation": [-14.33501, 4.46375, 16.93839], "uv": [0, 22]},
						{"origin": [19.02827, 18.3928, -1.06227], "size": [1, 3, 1], "pivot": [18.07827, 22.0678, -0.56227], "rotation": [3.96713, -14.47751, -105.50409], "uv": [42, 50]}
					]
				},
				{
					"name": "branch_front_left4",
					"parent": "branch_front_left3",
					"pivot": [22, 18, -2],
					"rotation": [0, 0, -35],
					"cubes": [
						{"origin": [22, 18, -3], "size": [4, 2, 2], "uv": [10, 48]}
					]
				},
				{
					"name": "branch_front_right",
					"parent": "head",
					"pivot": [-5, 19, -2],
					"rotation": [-0.66963, -14.98539, -19.91193],
					"cubes": [
						{"origin": [-12, 17, -4], "size": [8, 4, 4], "uv": [30, 0], "mirror": true}
					]
				},
				{
					"name": "leaf6",
					"parent": "branch_front_right",
					"pivot": [-8, 18.5, -4.01],
					"cubes": [
						{"origin": [-9, 14.5, -4.01], "size": [2, 4, 0], "pivot": [-8, 18.5, -4.01], "rotation": [-7.5, 0, 30], "uv": [28, 36], "mirror": true}
					]
				},
				{
					"name": "leaf7",
					"parent": "branch_front_right",
					"pivot": [-7, 20.5, -0.01],
					"rotation": [42.5, 0, 0],
					"cubes": [
						{"origin": [-8, 16.5, -0.01], "size": [2, 4, 0], "pivot": [-7, 20.5, -0.01], "rotation": [80.86961, -34.65749, 35.22206], "uv": [15, 32], "mirror": true}
					]
				},
				{
					"name": "branch_front_right2",
					"parent": "branch_front_right",
					"pivot": [-12, 17.5, -2],
					"rotation": [0, 0, 65],
					"cubes": [
						{"origin": [-17, 17.5, -3.5], "size": [5, 3, 3], "inflate": 0.01, "uv": [29, 42], "mirror": true},
						{"origin": [-15, 17, -6.5], "size": [2, 2, 4], "inflate": 0.01, "pivot": [-14, 18.5, -3.5], "rotation": [57.5, 0, 0], "uv": [41, 44], "mirror": true},
						{"origin": [-14.5, 15.20118, -7.6902], "size": [1, 1, 4], "inflate": 0.01, "pivot": [-14, 15.70118, -4.6902], "rotation": [87.44186, 17.94973, 30.56393], "uv": [42, 50], "mirror": true}
					]
				},
				{
					"name": "branch_front_right3",
					"parent": "branch_front_right2",
					"pivot": [-17, 20.5, -2],
					"rotation": [0, 0, -47.5],
					"cubes": [
						{"origin": [-22, 17.5, -3.5], "size": [5, 3, 3], "uv": [40, 14], "mirror": true},
						{"origin": [-18, 20.5, -1.5], "size": [1, 4, 1], "inflate": 0.01, "pivot": [-17, 20.5, -1.5], "rotation": [-14.33501, -4.46375, -16.93839], "uv": [0, 22], "mirror": true},
						{"origin": [-20.02827, 18.3928, -1.06227], "size": [1, 3, 1], "pivot": [-18.07827, 22.0678, -0.56227], "rotation": [3.96713, 14.47751, 105.50409], "uv": [42, 50], "mirror": true}
					]
				},
				{
					"name": "branch_front_right4",
					"parent": "branch_front_right3",
					"pivot": [-22, 18, -2],
					"rotation": [0, 0, 35],
					"cubes": [
						{"origin": [-26, 18, -3], "size": [4, 2, 2], "uv": [10, 48], "mirror": true}
					]
				},
				{
					"name": "branch_back_left",
					"parent": "head",
					"pivot": [4, 19, 4.5],
					"rotation": [1.06217, -52.48161, 19.24258],
					"cubes": [
						{"origin": [3, 17.5, 3], "size": [8, 3, 3], "uv": [21, 30]}
					]
				},
				{
					"name": "branch_back_left2",
					"parent": "branch_back_left",
					"pivot": [11, 17.5, 4.5],
					"rotation": [0, 0, -65],
					"cubes": [
						{"origin": [11, 17.5, 3], "size": [5, 3, 3], "inflate": 0.01, "uv": [32, 36]}
					]
				},
				{
					"name": "branch_back_left3",
					"parent": "branch_back_left2",
					"pivot": [16, 20.5, 4.5],
					"rotation": [0, 0, 47.5],
					"cubes": [
						{"origin": [16, 18.5, 3.5], "size": [5, 2, 2], "uv": [14, 44]}
					]
				},
				{
					"name": "leaf5",
					"parent": "branch_back_left3",
					"pivot": [18.02313, 20.58993, 4.19926],
					"rotation": [-42.5, 0, 0],
					"cubes": [
						{"origin": [13.55516, 20.06261, 7.06024], "size": [2, 4, 0], "pivot": [14.55516, 24.06261, 1.31024], "rotation": [-38.29292, -47.45589, -86.33007], "uv": [6, 6]}
					]
				},
				{
					"name": "branch_back_right",
					"parent": "head",
					"pivot": [-4, 19, 4.5],
					"rotation": [1.06217, 52.48161, -19.24258],
					"cubes": [
						{"origin": [-11, 17.5, 3], "size": [8, 3, 3], "uv": [21, 30], "mirror": true}
					]
				},
				{
					"name": "branch_back_right2",
					"parent": "branch_back_right",
					"pivot": [-11, 17.5, 4.5],
					"rotation": [0, 0, 65],
					"cubes": [
						{"origin": [-16, 17.5, 3], "size": [5, 3, 3], "inflate": 0.01, "uv": [32, 36], "mirror": true}
					]
				},
				{
					"name": "branch_back_right3",
					"parent": "branch_back_right2",
					"pivot": [-16, 20.5, 4.5],
					"rotation": [0, 0, -47.5],
					"cubes": [
						{"origin": [-21, 18.5, 3.5], "size": [5, 2, 2], "uv": [14, 44], "mirror": true}
					]
				},
				{
					"name": "leaf10",
					"parent": "branch_back_right3",
					"pivot": [-18.02313, 20.58993, 4.19926],
					"rotation": [-42.5, 0, 0],
					"cubes": [
						{"origin": [-15.55516, 20.06261, 7.06024], "size": [2, 4, 0], "pivot": [-14.55516, 24.06261, 1.31024], "rotation": [-38.29292, 47.45589, 86.33007], "uv": [6, 6], "mirror": true}
					]
				},
				{
					"name": "branch_top_left",
					"parent": "head",
					"pivot": [3.75, 24, 2],
					"rotation": [8.1919, -2.8038, -48.70743],
					"cubes": [
						{"origin": [2.75, 22, 0], "size": [8, 4, 4], "uv": [24, 22]}
					]
				},
				{
					"name": "leaf3",
					"parent": "branch_top_left",
					"pivot": [6.75, 23.5, -0.01],
					"cubes": [
						{"origin": [5.75, 19.5, -0.01], "size": [2, 4, 0], "pivot": [6.75, 23.5, -0.01], "rotation": [-7.5, 0, -30], "uv": [0, 32]}
					]
				},
				{
					"name": "leaf4",
					"parent": "branch_top_left",
					"pivot": [5.75, 25.5, 3.99],
					"rotation": [42.5, 0, 0],
					"cubes": [
						{"origin": [4.75, 21.5, 3.99], "size": [2, 4, 0], "pivot": [5.75, 25.5, 3.99], "rotation": [80.86961, 34.65749, -35.22206], "uv": [30, 0]}
					]
				},
				{
					"name": "branch_top_left2",
					"parent": "branch_top_left",
					"pivot": [10.75, 25.5, 2],
					"rotation": [0, 0, 35],
					"cubes": [
						{"origin": [10.75, 22.5, 0.5], "size": [5, 3, 3], "inflate": 0.01, "uv": [40, 8]},
						{"origin": [11.75, 26.75, -0.775], "size": [2, 2, 4], "inflate": 0.01, "pivot": [12.75, 29.5, 3.5], "rotation": [57.5, 0, 0], "uv": [44, 38]},
						{"origin": [13.06256, 28.76609, 4.13149], "size": [1, 1, 4], "inflate": 0.01, "pivot": [12.31256, 29.26609, 4.88149], "rotation": [71.93075, -1.4468, 46.76204], "uv": [49, 46]}
					]
				},
				{
					"name": "branch_top_left3",
					"parent": "branch_top_left2",
					"pivot": [15.75, 22.5, 2],
					"rotation": [0, 0, -52.5],
					"cubes": [
						{"origin": [15.75, 22.5, 0.5], "size": [5, 3, 3], "uv": [0, 40]},
						{"origin": [18.15, 14.75, 2], "size": [1, 3, 1], "inflate": 0.01, "pivot": [15.75, 17.5, 2.5], "rotation": [-14.33501, 4.46375, -60.56161], "uv": [22, 22]},
						{"origin": [15.77827, 15.3928, 1.93773], "size": [1, 3, 1], "pivot": [16.82827, 19.0678, 3.43773], "rotation": [3.96713, -14.47751, 176.99591], "uv": [18, 22]}
					]
				},
				{
					"name": "branch_top_left4",
					"parent": "branch_top_left3",
					"pivot": [20.75, 25, 2],
					"rotation": [0, 0, 30],
					"cubes": [
						{"origin": [20.75, 23, 1], "size": [4, 2, 2], "uv": [45, 33]}
					]
				},
				{
					"name": "branch_top_right",
					"parent": "head",
					"pivot": [-3.75, 24, 2],
					"rotation": [8.1919, 2.8038, 48.70743],
					"cubes": [
						{"origin": [-10.75, 22, 0], "size": [8, 4, 4], "uv": [24, 22], "mirror": true}
					]
				},
				{
					"name": "leaf8",
					"parent": "branch_top_right",
					"pivot": [-6.75, 23.5, -0.01],
					"cubes": [
						{"origin": [-7.75, 19.5, -0.01], "size": [2, 4, 0], "pivot": [-6.75, 23.5, -0.01], "rotation": [-7.5, 0, 30], "uv": [0, 32], "mirror": true}
					]
				},
				{
					"name": "leaf9",
					"parent": "branch_top_right",
					"pivot": [-5.75, 25.5, 3.99],
					"rotation": [42.5, 0, 0],
					"cubes": [
						{"origin": [-6.75, 21.5, 3.99], "size": [2, 4, 0], "pivot": [-5.75, 25.5, 3.99], "rotation": [80.86961, -34.65749, 35.22206], "uv": [30, 0], "mirror": true}
					]
				},
				{
					"name": "branch_top_right2",
					"parent": "branch_top_right",
					"pivot": [-10.75, 25.5, 2],
					"rotation": [0, 0, -35],
					"cubes": [
						{"origin": [-15.75, 22.5, 0.5], "size": [5, 3, 3], "inflate": 0.01, "uv": [40, 8], "mirror": true},
						{"origin": [-13.75, 26.75, -0.775], "size": [2, 2, 4], "inflate": 0.01, "pivot": [-12.75, 29.5, 3.5], "rotation": [57.5, 0, 0], "uv": [44, 38], "mirror": true},
						{"origin": [-14.06256, 28.76609, 4.13149], "size": [1, 1, 4], "inflate": 0.01, "pivot": [-12.31256, 29.26609, 4.88149], "rotation": [71.93075, 1.4468, -46.76204], "uv": [49, 46], "mirror": true}
					]
				},
				{
					"name": "branch_top_right3",
					"parent": "branch_top_right2",
					"pivot": [-15.75, 22.5, 2],
					"rotation": [0, 0, 52.5],
					"cubes": [
						{"origin": [-20.75, 22.5, 0.5], "size": [5, 3, 3], "uv": [0, 40], "mirror": true},
						{"origin": [-19.15, 14.75, 2], "size": [1, 3, 1], "inflate": 0.01, "pivot": [-15.75, 17.5, 2.5], "rotation": [-14.33501, -4.46375, 60.56161], "uv": [22, 22], "mirror": true},
						{"origin": [-16.77827, 15.3928, 1.93773], "size": [1, 3, 1], "pivot": [-16.82827, 19.0678, 3.43773], "rotation": [3.96713, 14.47751, -176.99591], "uv": [18, 22], "mirror": true}
					]
				},
				{
					"name": "branch_top_right4",
					"parent": "branch_top_right3",
					"pivot": [-20.75, 25, 2],
					"rotation": [0, 0, -30],
					"cubes": [
						{"origin": [-24.75, 23, 1], "size": [4, 2, 2], "uv": [45, 33], "mirror": true}
					]
				}
			]
		}
	]
}