{
	"format_version": "1.12.0",
	"minecraft:geometry": [
		{
			"description": {
				"identifier": "geometry.doublade",
				"texture_width": 64,
				"texture_height": 64,
				"visible_bounds_width": 5,
				"visible_bounds_height": 4,
				"visible_bounds_offset": [0, 1, 0]
			},
			"bones": [
				{
					"name": "doublade",
					"pivot": [0, 0, 0]
				},
				{
					"name": "body_left",
					"parent": "doublade",
					"pivot": [3, 10, -6],
					"rotation": [0, 0, 45]
				},
				{
					"name": "sword_left",
					"parent": "body_left",
					"pivot": [3, 10, -6],
					"cubes": [
						{"origin": [2, 6.72792, -7], "size": [2, 6, 2], "uv": [22, 37]},
						{"origin": [1.5, 10.72792, -7.5], "size": [3, 2, 3], "uv": [0, 37]},
						{"origin": [1, 15.72792, -6.5], "size": [4, 2, 1], "uv": [38, 43]},
						{"origin": [1.5, 12.72792, -7], "size": [3, 3, 2], "inflate": 0.003, "uv": [0, 42]},
						{"origin": [0.09193, 17.63009, -7], "size": [5, 5, 2], "pivot": [1.09193, 18.88009, -6], "rotation": [0, 0, 45], "uv": [34, 28]},
						{"origin": [-3, 21.75, -6.5], "size": [5, 2, 1], "pivot": [2, 23, -6], "rotation": [0, 0, -45], "uv": [40, 0]},
						{"origin": [2.25, 25.75, -6.5], "size": [5, 2, 1], "pivot": [-2, 23, -6], "rotation": [0, 0, 45], "uv": [40, 0], "mirror": true}
					]
				},
				{
					"name": "guard_left",
					"parent": "sword_left",
					"pivot": [4.5, 12.72792, -6],
					"rotation": [0, 0, -17.5],
					"cubes": [
						{"origin": [4.5, 12.72792, -7], "size": [3, 3, 2], "inflate": 0.002, "uv": [40, 13]},
						{"origin": [3.54748, 9.88066, -6.075], "size": [8, 8, 0], "inflate": 0.001, "pivot": [7.54748, 13.88066, -6.075], "rotation": [0, 0, -12.5], "uv": [34, 20]}
					]
				},
				{
					"name": "guard_right",
					"parent": "sword_left",
					"pivot": [1.5, 12.72792, -6],
					"rotation": [0, 0, 17.5],
					"cubes": [
						{"origin": [-1.5, 12.72792, -7], "size": [3, 3, 2], "inflate": 0.002, "uv": [40, 8]},
						{"origin": [-4.5, 12.72792, -7], "size": [3, 3, 2], "inflate": 0.001, "pivot": [-1.5, 12.72792, -6], "rotation": [0, 0, 47.5], "uv": [40, 3]}
					]
				},
				{
					"name": "eye",
					"parent": "sword_left",
					"pivot": [3, 14.97792, -7],
					"cubes": [
						{"origin": [1.5, 13.47792, -7.5], "size": [3, 3, 1], "uv": [10, 44]}
					]
				},
				{
					"name": "eye2",
					"parent": "eye",
					"pivot": [3, 14.97792, -7.001],
					"cubes": [
						{"origin": [2.5, 13.97792, -7.501], "size": [1, 2, 1], "uv": [42, 46]}
					]
				},
				{
					"name": "eyelid",
					"parent": "eye",
					"pivot": [3, 14.97792, -6.9],
					"cubes": [
						{"origin": [1.5, 13.47792, -7.4], "size": [3, 3, 1], "inflate": 0.01, "uv": [18, 45]}
					]
				},
				{
					"name": "blade",
					"parent": "sword_left",
					"pivot": [3, 14.72792, -6],
					"cubes": [
						{"origin": [0, 13.22792, -6], "size": [20, 20, 0], "pivot": [3, 16.22792, -7.5], "rotation": [0, 0, -45], "uv": [0, 0]},
						{"origin": [0, 13.22792, -6.05], "size": [17, 17, 0], "pivot": [3, 16.22792, -7.5], "rotation": [0, 0, -45], "uv": [0, 20]},
						{"origin": [0, 13.22792, -5.95], "size": [17, 17, 0], "pivot": [3, 16.22792, -7.5], "rotation": [0, 0, -45], "uv": [0, 20]}
					]
				},
				{
					"name": "arm_left",
					"parent": "body_left",
					"pivot": [3, 7.11681, -6],
					"cubes": [
						{"origin": [2.5, 5.72792, -6], "size": [1, 2, 0], "uv": [34, 28]}
					]
				},
				{
					"name": "arm_left2",
					"parent": "arm_left",
					"pivot": [3, 5.72792, -6],
					"cubes": [
						{"origin": [2, 2.72792, -6], "size": [2, 3, 0], "uv": [30, 37]}
					]
				},
				{
					"name": "arm_left3",
					"parent": "arm_left2",
					"pivot": [3, 2.72792, -6],
					"cubes": [
						{"origin": [1.5, -1.27208, -6], "size": [3, 4, 0], "uv": [46, 35]}
					]
				},
				{
					"name": "arm_left4",
					"parent": "arm_left3",
					"pivot": [3, -1.27208, -6],
					"cubes": [
						{"origin": [1, -7.27208, -6], "size": [4, 6, 0], "uv": [30, 43]}
					]
				},
				{
					"name": "arm_left5",
					"parent": "arm_left4",
					"pivot": [3, -7.27208, -6],
					"cubes": [
						{"origin": [0.5, -14.27208, -6], "size": [5, 7, 0], "uv": [12, 37]}
					]
				},
				{
					"name": "hand_left",
					"parent": "arm_left5",
					"pivot": [3, -14.27208, -6],
					"cubes": [
						{"origin": [0, -22.27208, -6], "size": [6, 8, 0], "uv": [34, 35]}
					]
				},
				{
					"name": "finger_left",
					"parent": "hand_left",
					"pivot": [0, -22.27208, -6],
					"cubes": [
						{"origin": [-1, -24.27208, -6], "size": [2, 2, 0], "uv": [4, 47]}
					]
				},
				{
					"name": "finger_left2",
					"parent": "finger_left",
					"pivot": [0, -24.27208, -6],
					"cubes": [
						{"origin": [-1, -27.27208, -6], "size": [2, 3, 0], "uv": [46, 39]}
					]
				},
				{
					"name": "finger_left3",
					"parent": "finger_left2",
					"pivot": [0, -27.27208, -6],
					"cubes": [
						{"origin": [-1, -29.27208, -6], "size": [2, 2, 0], "uv": [47, 42]}
					]
				},
				{
					"name": "finger_left4",
					"parent": "hand_left",
					"pivot": [2, -22.27208, -6],
					"cubes": [
						{"origin": [1, -24.27208, -6], "size": [2, 2, 0], "uv": [46, 46]}
					]
				},
				{
					"name": "finger_left5",
					"parent": "finger_left4",
					"pivot": [2, -24.27208, -6],
					"cubes": [
						{"origin": [1, -27.27208, -6], "size": [2, 3, 0], "uv": [38, 46]}
					]
				},
				{
					"name": "finger_left6",
					"parent": "finger_left5",
					"pivot": [2, -27.27208, -6],
					"cubes": [
						{"origin": [1, -29.27208, -6], "size": [2, 2, 0], "uv": [0, 47]}
					]
				},
				{
					"name": "finger_left7",
					"parent": "hand_left",
					"pivot": [4, -22.27208, -6],
					"cubes": [
						{"origin": [3, -24.27208, -6], "size": [2, 2, 0], "uv": [44, 18]}
					]
				},
				{
					"name": "finger_left8",
					"parent": "finger_left7",
					"pivot": [4, -24.27208, -6],
					"cubes": [
						{"origin": [3, -27.27208, -6], "size": [2, 3, 0], "uv": [26, 45]}
					]
				},
				{
					"name": "finger_left9",
					"parent": "finger_left8",
					"pivot": [4, -27.27208, -6],
					"cubes": [
						{"origin": [3, -29.27208, -6], "size": [2, 2, 0], "uv": [46, 28]}
					]
				},
				{
					"name": "finger_left10",
					"parent": "hand_left",
					"pivot": [6, -22.27208, -6],
					"cubes": [
						{"origin": [5, -24.27208, -6], "size": [2, 2, 0], "uv": [40, 18]}
					]
				},
				{
					"name": "finger_left11",
					"parent": "finger_left10",
					"pivot": [6, -24.27208, -6],
					"cubes": [
						{"origin": [5, -27.27208, -6], "size": [2, 3, 0], "uv": [30, 40]}
					]
				},
				{
					"name": "finger_left12",
					"parent": "finger_left11",
					"pivot": [6, -27.27208, -6],
					"cubes": [
						{"origin": [5, -29.27208, -6], "size": [2, 2, 0], "uv": [8, 42]}
					]
				},
				{
					"name": "body_right",
					"parent": "doublade",
					"pivot": [-3, 10, -3],
					"rotation": [0, 0, -45]
				},
				{
					"name": "sword_right",
					"parent": "body_right",
					"pivot": [-3, 10, -3],
					"cubes": [
						{"origin": [-4, 6.72792, -4], "size": [2, 6, 2], "uv": [22, 37], "mirror": true},
						{"origin": [-4.5, 10.72792, -4.5], "size": [3, 2, 3], "uv": [0, 37], "mirror": true},
						{"origin": [-5, 15.72792, -3.5], "size": [4, 2, 1], "uv": [38, 43], "mirror": true},
						{"origin": [-4.5, 12.72792, -4], "size": [3, 3, 2], "inflate": 0.003, "uv": [0, 42], "mirror": true},
						{"origin": [-5.09193, 17.63009, -4], "size": [5, 5, 2], "pivot": [-1.09193, 18.88009, -3], "rotation": [0, 0, -45], "uv": [34, 28], "mirror": true},
						{"origin": [-2, 21.75, -3.5], "size": [5, 2, 1], "pivot": [-2, 23, -3], "rotation": [0, 0, 45], "uv": [40, 0], "mirror": true},
						{"origin": [-7.25, 25.75, -3.5], "size": [5, 2, 1], "pivot": [2, 23, -3], "rotation": [0, 0, -45], "uv": [40, 0]}
					]
				},
				{
					"name": "guard_left2",
					"parent": "sword_right",
					"pivot": [-4.5, 12.72792, -3],
					"rotation": [0, 0, 17.5],
					"cubes": [
						{"origin": [-7.5, 12.72792, -4], "size": [3, 3, 2], "inflate": 0.002, "uv": [40, 13], "mirror": true},
						{"origin": [-11.54748, 9.88066, -3.075], "size": [8, 8, 0], "inflate": 0.001, "pivot": [-7.54748, 13.88066, -3.075], "rotation": [0, 0, 12.5], "uv": [34, 20], "mirror": true}
					]
				},
				{
					"name": "guard_right2",
					"parent": "sword_right",
					"pivot": [-1.5, 12.72792, -3],
					"rotation": [0, 0, -17.5],
					"cubes": [
						{"origin": [-1.5, 12.72792, -4], "size": [3, 3, 2], "inflate": 0.002, "uv": [40, 8], "mirror": true},
						{"origin": [1.5, 12.72792, -4], "size": [3, 3, 2], "inflate": 0.001, "pivot": [1.5, 12.72792, -3], "rotation": [0, 0, -47.5], "uv": [40, 3], "mirror": true}
					]
				},
				{
					"name": "eye3",
					"parent": "sword_right",
					"pivot": [-3, 14.97792, -4],
					"cubes": [
						{"origin": [-4.5, 13.47792, -4.5], "size": [3, 3, 1], "uv": [10, 44], "mirror": true}
					]
				},
				{
					"name": "eye4",
					"parent": "eye3",
					"pivot": [-3, 14.97792, -4.001],
					"cubes": [
						{"origin": [-3.5, 13.97792, -4.501], "size": [1, 2, 1], "uv": [42, 46], "mirror": true}
					]
				},
				{
					"name": "eyelid2",
					"parent": "eye3",
					"pivot": [-3, 14.97792, -3.9],
					"cubes": [
						{"origin": [-4.5, 13.47792, -4.4], "size": [3, 3, 1], "inflate": 0.01, "uv": [18, 45], "mirror": true}
					]
				},
				{
					"name": "blade2",
					"parent": "sword_right",
					"pivot": [-3, 14.72792, -3],
					"cubes": [
						{"origin": [-20, 13.22792, -3], "size": [20, 20, 0], "pivot": [-3, 16.22792, -4.5], "rotation": [0, 0, 45], "uv": [0, 0], "mirror": true},
						{"origin": [-17, 13.22792, -3.05], "size": [17, 17, 0], "pivot": [-3, 16.22792, -4.5], "rotation": [0, 0, 45], "uv": [0, 20], "mirror": true},
						{"origin": [-17, 13.22792, -2.95], "size": [17, 17, 0], "pivot": [-3, 16.22792, -4.5], "rotation": [0, 0, 45], "uv": [0, 20], "mirror": true}
					]
				},
				{
					"name": "arm_right",
					"parent": "body_right",
					"pivot": [-3, 7.11681, -3],
					"cubes": [
						{"origin": [-3.5, 5.72792, -3], "size": [1, 2, 0], "uv": [34, 28], "mirror": true}
					]
				},
				{
					"name": "arm_right2",
					"parent": "arm_right",
					"pivot": [-3, 5.72792, -3],
					"cubes": [
						{"origin": [-4, 2.72792, -3], "size": [2, 3, 0], "uv": [30, 37], "mirror": true}
					]
				},
				{
					"name": "arm_right3",
					"parent": "arm_right2",
					"pivot": [-3, 2.72792, -3],
					"cubes": [
						{"origin": [-4.5, -1.27208, -3], "size": [3, 4, 0], "uv": [46, 35], "mirror": true}
					]
				},
				{
					"name": "arm_right4",
					"parent": "arm_right3",
					"pivot": [-3, -1.27208, -3],
					"cubes": [
						{"origin": [-5, -7.27208, -3], "size": [4, 6, 0], "uv": [30, 43], "mirror": true}
					]
				},
				{
					"name": "arm_right5",
					"parent": "arm_right4",
					"pivot": [-3, -7.27208, -3],
					"cubes": [
						{"origin": [-5.5, -14.27208, -3], "size": [5, 7, 0], "uv": [12, 37], "mirror": true}
					]
				},
				{
					"name": "hand_right",
					"parent": "arm_right5",
					"pivot": [-3, -14.27208, -3],
					"cubes": [
						{"origin": [-6, -22.27208, -3], "size": [6, 8, 0], "uv": [34, 35], "mirror": true}
					]
				},
				{
					"name": "finger_right",
					"parent": "hand_right",
					"pivot": [0, -22.27208, -3],
					"cubes": [
						{"origin": [-1, -24.27208, -3], "size": [2, 2, 0], "uv": [4, 47], "mirror": true}
					]
				},
				{
					"name": "finger_right2",
					"parent": "finger_right",
					"pivot": [0, -24.27208, -3],
					"cubes": [
						{"origin": [-1, -27.27208, -3], "size": [2, 3, 0], "uv": [46, 39], "mirror": true}
					]
				},
				{
					"name": "finger_right3",
					"parent": "finger_right2",
					"pivot": [0, -27.27208, -3],
					"cubes": [
						{"origin": [-1, -29.27208, -3], "size": [2, 2, 0], "uv": [47, 42], "mirror": true}
					]
				},
				{
					"name": "finger_right4",
					"parent": "hand_right",
					"pivot": [-2, -22.27208, -3],
					"cubes": [
						{"origin": [-3, -24.27208, -3], "size": [2, 2, 0], "uv": [46, 46], "mirror": true}
					]
				},
				{
					"name": "finger_right5",
					"parent": "finger_right4",
					"pivot": [-2, -24.27208, -3],
					"cubes": [
						{"origin": [-3, -27.27208, -3], "size": [2, 3, 0], "uv": [38, 46], "mirror": true}
					]
				},
				{
					"name": "finger_right6",
					"parent": "finger_right5",
					"pivot": [-2, -27.27208, -3],
					"cubes": [
						{"origin": [-3, -29.27208, -3], "size": [2, 2, 0], "uv": [0, 47], "mirror": true}
					]
				},
				{
					"name": "finger_right7",
					"parent": "hand_right",
					"pivot": [-4, -22.27208, -3],
					"cubes": [
						{"origin": [-5, -24.27208, -3], "size": [2, 2, 0], "uv": [44, 18], "mirror": true}
					]
				},
				{
					"name": "finger_right8",
					"parent": "finger_right7",
					"pivot": [-4, -24.27208, -3],
					"cubes": [
						{"origin": [-5, -27.27208, -3], "size": [2, 3, 0], "uv": [26, 45], "mirror": true}
					]
				},
				{
					"name": "finger_right9",
					"parent": "finger_right8",
					"pivot": [-4, -27.27208, -3],
					"cubes": [
						{"origin": [-5, -29.27208, -3], "size": [2, 2, 0], "uv": [46, 28], "mirror": true}
					]
				},
				{
					"name": "finger_right10",
					"parent": "hand_right",
					"pivot": [-6, -22.27208, -3],
					"cubes": [
						{"origin": [-7, -24.27208, -3], "size": [2, 2, 0], "uv": [40, 18], "mirror": true}
					]
				},
				{
					"name": "finger_right11",
					"parent": "finger_right10",
					"pivot": [-6, -24.27208, -3],
					"cubes": [
						{"origin": [-7, -27.27208, -3], "size": [2, 3, 0], "uv": [30, 40], "mirror": true}
					]
				},
				{
					"name": "finger_right12",
					"parent": "finger_right11",
					"pivot": [-6, -27.27208, -3],
					"cubes": [
						{"origin": [-7, -29.27208, -3], "size": [2, 2, 0], "uv": [8, 42], "mirror": true}
					]
				}
			]
		}
	]
}