{
	"format_version": "1.12.0",
	"minecraft:geometry": [
		{
			"description": {
				"identifier": "geometry.gorebyss",
				"texture_width": 64,
				"texture_height": 64,
				"visible_bounds_width": 6,
				"visible_bounds_height": 4,
				"visible_bounds_offset": [0, 1, 0]
			},
			"bones": [
				{
					"name": "delta_gorebyss",
					"pivot": [0, 0, 0]
				},
				{
					"name": "body",
					"parent": "delta_gorebyss",
					"pivot": [0, 3.5, 0]
				},
				{
					"name": "head",
					"parent": "body",
					"pivot": [0, 3.5, -10],
					"cubes": [
						{"origin": [-1.5, 0, -18], "size": [3, 7, 8], "uv": [0, 16]}
					]
				},
				{
					"name": "beak",
					"parent": "head",
					"pivot": [0, 3.5, -18],
					"cubes": [
						{"origin": [-1, 1, -20], "size": [2, 5, 2], "uv": [0, 0]},
						{"origin": [0, 2, -23], "size": [0, 2, 3], "uv": [0, 16]},
						{"origin": [0, 2.5, -26], "size": [0, 1, 3], "uv": [14, 17]}
					]
				},
				{
					"name": "fin_head_top",
					"parent": "head",
					"pivot": [0, 7, -16],
					"rotation": [-22.5, 0, 0],
					"cubes": [
						{"origin": [-1, 7, -16], "size": [2, 3, 3], "uv": [0, 31]}
					]
				},
				{
					"name": "fin_head_top2",
					"parent": "fin_head_top",
					"pivot": [0, 10, -13],
					"rotation": [10, 0, 0],
					"cubes": [
						{"origin": [0, 10, -16], "size": [0, 3, 3], "uv": [7, 28]}
					]
				},
				{
					"name": "eye_left",
					"parent": "head",
					"pivot": [1.5, 3, -15],
					"cubes": [
						{"origin": [1.52, 2, -16], "size": [0, 3, 2], "uv": [0, 19]},
						{"origin": [1.53, 2.5, -15.5], "size": [0, 2, 1], "uv": [6, 15]}
					]
				},
				{
					"name": "eyelash_left",
					"parent": "eye_left",
					"pivot": [1.5, 3, -15],
					"cubes": [
						{"origin": [1.51, 4.5, -14.5], "size": [0, 1, 1], "uv": [6, 17]}
					]
				},
				{
					"name": "eyelid_left",
					"parent": "eye_left",
					"pivot": [1.4, 3, -15],
					"cubes": [
						{"origin": [0.43, 2, -16], "size": [1, 3, 2], "inflate": 0.01, "uv": [14, 5]},
						{"origin": [1.41, 2.5, -14.5], "size": [0, 1, 1], "uv": [14, 0]}
					]
				},
				{
					"name": "eye_right",
					"parent": "head",
					"pivot": [-1.5, 3, -15],
					"cubes": [
						{"origin": [-1.52, 2, -16], "size": [0, 3, 2], "uv": [6, 5]},
						{"origin": [-1.53, 2.5, -15.5], "size": [0, 2, 1], "uv": [14, 4]}
					]
				},
				{
					"name": "eyelash_left2",
					"parent": "eye_right",
					"pivot": [-1.5, 3, -15],
					"cubes": [
						{"origin": [-1.51, 4.5, -14.5], "size": [0, 1, 1], "uv": [8, 5]}
					]
				},
				{
					"name": "eyelid_left2",
					"parent": "eye_right",
					"pivot": [-1.4, 3, -15],
					"cubes": [
						{"origin": [-1.41, 2.5, -14.5], "size": [0, 1, 1], "uv": [0, 0]},
						{"origin": [-1.43, 2, -16], "size": [1, 3, 2], "inflate": 0.01, "uv": [14, 0]}
					]
				},
				{
					"name": "fin_head_bottom",
					"parent": "head",
					"pivot": [0, 1, -16],
					"rotation": [22.5, 0, 0],
					"cubes": [
						{"origin": [-1, -2, -16], "size": [2, 3, 3], "uv": [0, 31]}
					]
				},
				{
					"name": "fin_head_bottom2",
					"parent": "fin_head_bottom",
					"pivot": [0, -2, -13],
					"rotation": [-10, 0, 0],
					"cubes": [
						{"origin": [0, -5, -16], "size": [0, 3, 3], "uv": [10, 31]}
					]
				},
				{
					"name": "hair",
					"parent": "head",
					"pivot": [0, 7, -12],
					"rotation": [37.5, 0, 0],
					"cubes": [
						{"origin": [0, 5, -12], "size": [0, 2, 3], "uv": [15, 28]}
					]
				},
				{
					"name": "hair2",
					"parent": "hair",
					"pivot": [0, 7, -9],
					"cubes": [
						{"origin": [0, 5, -9], "size": [0, 2, 3], "uv": [16, 30]}
					]
				},
				{
					"name": "hair3",
					"parent": "hair2",
					"pivot": [0, 5, -6],
					"cubes": [
						{"origin": [0, 5, -6], "size": [0, 3, 4], "uv": [16, 31]}
					]
				},
				{
					"name": "hair4",
					"parent": "hair3",
					"pivot": [0, 3.5, -10]
				},
				{
					"name": "hair5",
					"parent": "hair4",
					"pivot": [0, 3.5, -10]
				},
				{
					"name": "tail",
					"parent": "body",
					"pivot": [0, 3.5, -10],
					"cubes": [
						{"origin": [-1, 0.5, -11], "size": [2, 6, 10], "inflate": 0.01, "uv": [0, 0]}
					]
				},
				{
					"name": "tail2",
					"parent": "tail",
					"pivot": [0, 3.5, -2],
					"cubes": [
						{"origin": [-1, 1.5, -2], "size": [2, 4, 10], "uv": [14, 6]}
					]
				},
				{
					"name": "tail3",
					"parent": "tail2",
					"pivot": [0, 3.5, 7],
					"cubes": [
						{"origin": [-0.5, 2, 7], "size": [1, 3, 9], "inflate": 0.01, "uv": [28, 0]}
					]
				},
				{
					"name": "tail4",
					"parent": "tail3",
					"pivot": [0, 3.5, 15],
					"cubes": [
						{"origin": [-0.5, 2.5, 15], "size": [1, 2, 9], "uv": [22, 20]}
					]
				},
				{
					"name": "tail_tips",
					"parent": "tail4",
					"pivot": [0, 3.5, 23]
				},
				{
					"name": "tail5",
					"parent": "tail_tips",
					"pivot": [0, 3.4, 23],
					"rotation": [-22.5, 0, 90],
					"cubes": [
						{"origin": [0, 0.9, 22], "size": [0, 4, 11], "uv": [24, 20]}
					]
				},
				{
					"name": "tail8",
					"parent": "tail_tips",
					"pivot": [0, 3.3, 23],
					"rotation": [-65, 0, 90],
					"cubes": [
						{"origin": [0, 0.8, 22], "size": [0, 4, 11], "uv": [24, 20]}
					]
				},
				{
					"name": "tail6",
					"parent": "tail_tips",
					"pivot": [0, 3.4, 23],
					"rotation": [-22.5, 0, -90],
					"cubes": [
						{"origin": [0, 0.9, 22], "size": [0, 4, 11], "uv": [24, 20], "mirror": true}
					]
				},
				{
					"name": "tail7",
					"parent": "tail_tips",
					"pivot": [0, 3.3, 23],
					"rotation": [-65, 0, -90],
					"cubes": [
						{"origin": [0, 0.8, 22], "size": [0, 4, 11], "uv": [24, 20], "mirror": true}
					]
				},
				{
					"name": "shell_left",
					"parent": "tail",
					"pivot": [1, 0.5, -4.5],
					"cubes": [
						{"origin": [1.02, -1, -7.5], "size": [0, 3, 3], "uv": [0, 13]},
						{"origin": [1.02, -0.5, -4.5], "size": [0, 2, 1], "uv": [8, 3]}
					]
				},
				{
					"name": "shell_right",
					"parent": "tail",
					"pivot": [-1, 0.5, -4.5],
					"cubes": [
						{"origin": [-1.02, -1, -7.5], "size": [0, 3, 3], "uv": [0, 4]},
						{"origin": [-1.02, -0.5, -4.5], "size": [0, 2, 1], "uv": [8, 1]}
					]
				}
			]
		}
	]
}