{
	"format_version": "1.12.0",
	"minecraft:geometry": [
		{
			"description": {
				"identifier": "geometry.unknown",
				"texture_width": 64,
				"texture_height": 64,
				"visible_bounds_width": 4,
				"visible_bounds_height": 2.5,
				"visible_bounds_offset": [0, 0.75, 0]
			},
			"bones": [
				{
					"name": "growlithe",
					"pivot": [0, 0, 0]
				},
				{
					"name": "body",
					"parent": "growlithe",
					"pivot": [0, 6.75, 0.5]
				},
				{
					"name": "torso",
					"parent": "body",
					"pivot": [0, 4.2, 0],
					"cubes": [
						{"origin": [-3, 4.25, -4.5], "size": [6, 5, 10], "inflate": -0.001, "uv": [16, 16]}
					]
				},
				{
					"name": "head",
					"parent": "torso",
					"pivot": [0, 9.25, -4.25],
					"cubes": [
						{"origin": [-3, 9.25, -7.25], "size": [6, 6, 6], "inflate": 0.01, "uv": [26, 0]},
						{"origin": [-2.5, 10.5, -9.2], "size": [5, 2, 2], "pivot": [0, 11.5, -8.2], "rotation": [-2.5, 0, 0], "uv": [50, 5]}
					]
				},
				{
					"name": "eyes",
					"parent": "head",
					"pivot": [0, -0.25, 0.75]
				},
				{
					"name": "eye_right",
					"parent": "eyes",
					"pivot": [-2.01, 13.25, -6.26],
					"cubes": [
						{"origin": [-3.01, 12.25, -7.26], "size": [2, 2, 2], "inflate": 0.02, "uv": [20, 56]}
					]
				},
				{
					"name": "eyelid_right",
					"parent": "eye_right",
					"pivot": [-1.91, 13.25, -6.16],
					"cubes": [
						{"origin": [-2.91, 12.25, -7.16], "size": [2, 2, 2], "inflate": 0.03, "uv": [26, 12]}
					]
				},
				{
					"name": "eye_left",
					"parent": "eyes",
					"pivot": [2.01, 13.25, -6.26],
					"cubes": [
						{"origin": [1.01, 12.25, -7.26], "size": [2, 2, 2], "inflate": 0.02, "uv": [12, 56]}
					]
				},
				{
					"name": "eyelid_left",
					"parent": "eye_left",
					"pivot": [1.91, 13.25, -6.16],
					"cubes": [
						{"origin": [0.91, 12.25, -7.16], "size": [2, 2, 2], "inflate": 0.03, "uv": [26, 12], "mirror": true}
					]
				},
				{
					"name": "ear_right",
					"parent": "head",
					"pivot": [-3, 15.25, -4.25],
					"rotation": [-10, 45, -15],
					"cubes": [
						{"origin": [-7, 11.75, -4.25], "size": [4, 4, 0], "uv": [10, 48]}
					]
				},
				{
					"name": "jaw",
					"parent": "head",
					"pivot": [0, 10.5, -7.25],
					"rotation": [-2.5, 0, 0],
					"cubes": [
						{"origin": [-2, 9.5, -9], "size": [4, 1, 2], "uv": [0, 10]}
					]
				},
				{
					"name": "ear_left",
					"parent": "head",
					"pivot": [3, 15.25, -4.25],
					"rotation": [-10, -45, 15],
					"cubes": [
						{"origin": [3, 11.75, -4.25], "size": [4, 4, 0], "uv": [10, 48], "mirror": true}
					]
				},
				{
					"name": "head_fluff",
					"parent": "head",
					"pivot": [0, 15.25, -4.25],
					"cubes": [
						{"origin": [-2, 14.85326, -7.09645], "size": [4, 4, 6], "inflate": -0.001, "uv": [0, 38]}
					]
				},
				{
					"name": "head_fluff2",
					"parent": "head_fluff",
					"pivot": [0, 16.25, -7.25],
					"cubes": [
						{"origin": [-1, 15.05, -6.8], "size": [2, 2, 2], "inflate": -0.001, "pivot": [0, 7.75, -3.5], "rotation": [12.5, 0, 0], "uv": [49, 54]}
					]
				},
				{
					"name": "head_fluff3",
					"parent": "head_fluff",
					"pivot": [0, 18.85, -1.15],
					"cubes": [
						{"origin": [-1, 13.64195, -1.63258], "size": [2, 4, 5], "inflate": -0.001, "pivot": [-1, 17.04195, 1.36742], "rotation": [-25, 0, 0], "uv": [35, 48]}
					]
				},
				{
					"name": "head_fluff4",
					"parent": "head_fluff3",
					"pivot": [0, 14.25, 1.35],
					"cubes": [
						{"origin": [0, 11.87133, 0.35414], "size": [0, 7, 8], "inflate": -0.001, "uv": [22, 23]}
					]
				},
				{
					"name": "tail1",
					"parent": "torso",
					"pivot": [0, 8, 4.25],
					"rotation": [50, 0, 0],
					"cubes": [
						{"origin": [-2.5, 4.5, 3.25], "size": [5, 6, 6], "uv": [0, 26]}
					]
				},
				{
					"name": "tail2",
					"parent": "tail1",
					"pivot": [0, 10.5, 9.25],
					"cubes": [
						{"origin": [-1.5, 6.55431, 9.28737], "size": [3, 4, 7], "pivot": [0, 10.56722, 9.21046], "rotation": [-50, 0, 0], "uv": [31, 31]}
					]
				},
				{
					"name": "tail3",
					"parent": "tail2",
					"pivot": [0, 7.5, 10.25],
					"rotation": [-35, 0, 0],
					"cubes": [
						{"origin": [0, -3, 7.25], "size": [0, 13, 13], "uv": [0, 0]}
					]
				},
				{
					"name": "tail_water_right",
					"parent": "tail1",
					"pivot": [-0.68198, 7.45554, 8.71449],
					"cubes": [
						{"origin": [-4.67592, 3.95502, 8.99251], "size": [4, 6, 0], "pivot": [-2.47592, 6.95502, 8.49251], "rotation": [-107.06623, -9.59545, -30.52166], "uv": [26, 50]}
					]
				},
				{
					"name": "tail_water_left",
					"parent": "tail1",
					"pivot": [0.68198, 7.45554, 8.71449],
					"cubes": [
						{"origin": [0.67592, 3.95502, 8.99251], "size": [4, 6, 0], "pivot": [2.47592, 6.95502, 8.49251], "rotation": [-107.06623, 9.59545, 30.52166], "uv": [26, 50], "mirror": true}
					]
				},
				{
					"name": "water_chest",
					"parent": "torso",
					"pivot": [0, 9.5, -3.5],
					"cubes": [
						{"origin": [-3.5, 5.45, -6.5], "size": [7, 4, 6], "inflate": -0.001, "pivot": [0, 7.75, -3.5], "rotation": [12.5, 0, 0], "uv": [0, 0]},
						{"origin": [-3.5, 7.2576, -3.36511], "size": [7, 3, 3], "inflate": -0.002, "pivot": [0, 8.7576, -1.26511], "rotation": [-42.5, 0, 0], "uv": [40, 42]},
						{"origin": [-3, 3.25, -5.5], "size": [6, 3, 5], "uv": [41, 15]}
					]
				},
				{
					"name": "water_chest_top_right",
					"parent": "water_chest",
					"pivot": [-3.26353, 7.63933, -3.17547],
					"cubes": [
						{"origin": [-5.2, 6.76185, -5.09178], "size": [2, 2, 4], "inflate": -0.001, "pivot": [-4.5, 7.26185, -3.09178], "rotation": [11.93845, -3.73171, 17.10967], "uv": [14, 50]}
					]
				},
				{
					"name": "water_chest_top_right2",
					"parent": "water_chest_top_right",
					"pivot": [-5.00426, 8.04903, -3.38837],
					"cubes": [
						{"origin": [-8.9961, 7.89921, -7.25191], "size": [4, 0, 8], "inflate": -0.001, "pivot": [-5.05526, 7.96043, -3.76835], "rotation": [19.43845, -3.73171, 17.10967], "uv": [30, 12]}
					]
				},
				{
					"name": "water_chest_top_left",
					"parent": "water_chest",
					"pivot": [3, 7.5, -3.5],
					"cubes": [
						{"origin": [0.2, 6.45822, -5.51185], "size": [5, 3, 5], "inflate": -0.001, "pivot": [3, 7.85822, -3.01185], "rotation": [11.76782, 4.2453, -19.5623], "uv": [20, 42]}
					]
				},
				{
					"name": "water_chest_top_left2",
					"parent": "water_chest_top_left",
					"pivot": [4.98982, 8.82888, -3.22986],
					"cubes": [
						{"origin": [4.97657, 8.75838, -6.7273], "size": [3, 0, 7], "inflate": -0.001, "pivot": [5.04815, 8.81109, -3.40045], "rotation": [29.26782, 4.2453, -19.5623], "uv": [37, 31]}
					]
				},
				{
					"name": "water_chest_bottom_right",
					"parent": "water_chest",
					"pivot": [-3.36847, 5.96578, -3.19313],
					"cubes": [
						{"origin": [-4.26793, 5.11495, -4.60321], "size": [4, 2, 3], "inflate": -0.001, "pivot": [-3.36793, 6.01495, -2.60321], "rotation": [11.76782, 4.2453, -19.5623], "uv": [44, 0], "mirror": true}
					]
				},
				{
					"name": "water_chest_bottom_right2",
					"parent": "water_chest_bottom_right",
					"pivot": [-4.22378, 5.71041, -2.89833],
					"cubes": [
						{"origin": [-7.25542, 5.79062, -5.55992], "size": [3, 0, 5], "inflate": -0.001, "pivot": [-4.26793, 5.81495, -2.60321], "rotation": [24.26782, 4.2453, -19.5623], "uv": [15, 0], "mirror": true}
					]
				},
				{
					"name": "water_chest_bottom_left",
					"parent": "water_chest",
					"pivot": [3.36847, 5.96578, -3.19313],
					"cubes": [
						{"origin": [0.26793, 5.11495, -4.60321], "size": [4, 2, 3], "inflate": -0.001, "pivot": [3.36793, 6.01495, -2.60321], "rotation": [11.76782, -4.2453, 19.5623], "uv": [44, 0]}
					]
				},
				{
					"name": "water_chest_bottom_left2",
					"parent": "water_chest_bottom_left",
					"pivot": [4.22378, 5.71041, -2.89833],
					"cubes": [
						{"origin": [4.25542, 5.79062, -5.55992], "size": [3, 0, 5], "inflate": -0.001, "pivot": [4.26793, 5.81495, -2.60321], "rotation": [24.26782, -4.2453, 19.5623], "uv": [15, 0]}
					]
				},
				{
					"name": "water_chest_front",
					"parent": "water_chest",
					"pivot": [0, 4.1, -5.5],
					"cubes": [
						{"origin": [-4, 4.25, -9.5], "size": [8, 0, 4], "inflate": -0.001, "pivot": [0, 4.25, -5], "rotation": [17.5, 0, 0], "uv": [10, 38]}
					]
				},
				{
					"name": "leg_front_right1",
					"parent": "body",
					"pivot": [-2.5, 6.75, -2.75],
					"rotation": [5, 0, 0],
					"cubes": [
						{"origin": [-4, 3.25, -4.25], "size": [3, 5, 3], "inflate": 0.01, "uv": [48, 23]}
					]
				},
				{
					"name": "leg_front_right2",
					"parent": "leg_front_right1",
					"pivot": [-2.5, 3.25, -1.25],
					"rotation": [-30, 0, 0],
					"cubes": [
						{"origin": [-4, 0.25, -4.25], "size": [3, 3, 3], "uv": [49, 48]}
					]
				},
				{
					"name": "leg_front_right3",
					"parent": "leg_front_right2",
					"pivot": [-2.5, 0.75, -2.75],
					"rotation": [25, 0, 0],
					"cubes": [
						{"origin": [-4, -1, -4.5], "size": [3, 2, 3], "inflate": 0.02, "uv": [51, 36]},
						{"origin": [-3.5, -1, -5.25], "size": [0, 1, 1], "pivot": [-3.5, -0.5, -4.5], "rotation": [0, 10, 0], "uv": [0, 1]},
						{"origin": [-1.5, -1, -5.25], "size": [0, 1, 1], "pivot": [-1.5, -0.5, -4.5], "rotation": [0, -10, 0], "uv": [0, 0]}
					]
				},
				{
					"name": "leg_back_right1",
					"parent": "body",
					"pivot": [-2.5, 6.75, 3],
					"rotation": [5, 0, 0],
					"cubes": [
						{"origin": [-4, 3.25, 1], "size": [3, 5, 4], "inflate": 0.01, "uv": [0, 48]}
					]
				},
				{
					"name": "leg_back_right2",
					"parent": "leg_back_right1",
					"pivot": [-2.5, 3.25, 4.5],
					"rotation": [-25, 0, 0],
					"cubes": [
						{"origin": [-4, 0.5, 2.5], "size": [3, 3, 3], "uv": [47, 9]}
					]
				},
				{
					"name": "leg_back_right3",
					"parent": "leg_back_right2",
					"pivot": [-2.5, 1, 4],
					"rotation": [20, 0, 0],
					"cubes": [
						{"origin": [-4, -0.5, 2.25], "size": [3, 2, 3], "inflate": 0.02, "uv": [50, 31]}
					]
				},
				{
					"name": "leg_front_left1",
					"parent": "body",
					"pivot": [2.5, 6.75, -2.75],
					"rotation": [5, 0, 0],
					"cubes": [
						{"origin": [1, 3.25, -4.25], "size": [3, 5, 3], "inflate": 0.01, "uv": [48, 23], "mirror": true}
					]
				},
				{
					"name": "leg_front_left2",
					"parent": "leg_front_left1",
					"pivot": [2.5, 3.25, -1.25],
					"rotation": [-30, 0, 0],
					"cubes": [
						{"origin": [1, 0.25, -4.25], "size": [3, 3, 3], "uv": [49, 48], "mirror": true}
					]
				},
				{
					"name": "leg_front_left3",
					"parent": "leg_front_left2",
					"pivot": [2.5, 0.75, -2.75],
					"rotation": [25, 0, 0],
					"cubes": [
						{"origin": [1, -1, -4.5], "size": [3, 2, 3], "inflate": 0.02, "uv": [51, 36], "mirror": true},
						{"origin": [3.5, -1, -5.25], "size": [0, 1, 1], "pivot": [3.5, -0.5, -4.5], "rotation": [0, -10, 0], "uv": [0, 1], "mirror": true},
						{"origin": [1.5, -1, -5.25], "size": [0, 1, 1], "pivot": [1.5, -0.5, -4.5], "rotation": [0, 10, 0], "uv": [0, 0], "mirror": true}
					]
				},
				{
					"name": "leg_back_left1",
					"parent": "body",
					"pivot": [2.5, 6.75, 3],
					"rotation": [5, 0, 0],
					"cubes": [
						{"origin": [1, 3.25, 1], "size": [3, 5, 4], "inflate": 0.01, "uv": [0, 48], "mirror": true}
					]
				},
				{
					"name": "leg_back_left2",
					"parent": "leg_back_left1",
					"pivot": [2.5, 3.25, 4.5],
					"rotation": [-25, 0, 0],
					"cubes": [
						{"origin": [1, 0.5, 2.5], "size": [3, 3, 3], "uv": [47, 9], "mirror": true}
					]
				},
				{
					"name": "leg_back_left3",
					"parent": "leg_back_left2",
					"pivot": [2.5, 1, 4],
					"rotation": [20, 0, 0],
					"cubes": [
						{"origin": [1, -0.5, 2.25], "size": [3, 2, 3], "inflate": 0.02, "uv": [50, 31], "mirror": true}
					]
				}
			]
		}
	]
}