{
	"format_version": "1.12.0",
	"minecraft:geometry": [
		{
			"description": {
				"identifier": "geometry.guardeon",
				"texture_width": 64,
				"texture_height": 64,
				"visible_bounds_width": 4,
				"visible_bounds_height": 3.5,
				"visible_bounds_offset": [0, 1.25, 0]
			},
			"bones": [
				{
					"name": "leafeon",
					"pivot": [0, 0, 0]
				},
				{
					"name": "body",
					"parent": "leafeon",
					"pivot": [0, 9.75, 0]
				},
				{
					"name": "torso",
					"parent": "body",
					"pivot": [0, 9.75, 0],
					"cubes": [
						{"origin": [-3.5, 6.75, -7], "size": [7, 6, 14], "uv": [0, 0]}
					]
				},
				{
					"name": "backplate1",
					"parent": "torso",
					"pivot": [0, 13, -6],
					"rotation": [5, 0, 0],
					"cubes": [
						{"origin": [0, 17.02, -6], "size": [2, 0, 5], "pivot": [0, 13, -6], "rotation": [0, 0, 90], "uv": [41, 29]},
						{"origin": [-2, 17.02, -6], "size": [2, 0, 5], "pivot": [0, 13, -6], "rotation": [0, 0, -90], "uv": [41, 14]},
						{"origin": [-4, 13, -6], "size": [8, 0, 5], "uv": [23, 5]}
					]
				},
				{
					"name": "backplate2",
					"parent": "torso",
					"pivot": [0, 13, -3],
					"rotation": [5, 0, 0],
					"cubes": [
						{"origin": [0, 17.01, -3], "size": [2, 0, 5], "pivot": [0, 13, -3], "rotation": [0, 0, 90], "uv": [39, 24]},
						{"origin": [-2, 17.01, -3], "size": [2, 0, 5], "pivot": [0, 13, -3], "rotation": [0, 0, -90], "uv": [39, 0]},
						{"origin": [-4, 13, -3], "size": [8, 0, 5], "uv": [23, 0]}
					]
				},
				{
					"name": "backplate3",
					"parent": "torso",
					"pivot": [0, 13, 0],
					"rotation": [5, 0, 0],
					"cubes": [
						{"origin": [0, 17, 0], "size": [2, 0, 5], "pivot": [0, 13, 0], "rotation": [0, 0, 90], "uv": [37, 29]},
						{"origin": [-2, 17, 0], "size": [2, 0, 5], "pivot": [0, 13, 0], "rotation": [0, 0, -90], "uv": [37, 14]},
						{"origin": [-4, 13, 0], "size": [8, 0, 5], "uv": [16, 20]}
					]
				},
				{
					"name": "breastplate",
					"parent": "torso",
					"pivot": [0, 5, -9],
					"cubes": [
						{"origin": [1, 5.85, -12.425], "size": [0, 4, 7], "pivot": [0, 5, -8.925], "rotation": [0, -90, 0], "uv": [0, 0]},
						{"origin": [-0.615, 8.25, -7.75], "size": [1, 2, 2], "pivot": [0, 10, -7.5], "rotation": [0, -90, -45], "uv": [0, 20]},
						{"origin": [1, 8.2, -14], "size": [1, 1, 3], "inflate": 0.1, "pivot": [0, 5, -9], "rotation": [0, -90, -20], "uv": [24, 46]},
						{"origin": [1, 4.8, -14], "size": [1, 1, 5], "inflate": 0.11, "pivot": [0, 5, -9], "rotation": [0, -90, -20], "uv": [12, 43]},
						{"origin": [1, 6, -14], "size": [1, 2, 1], "inflate": 0.11, "pivot": [0, 5, -9], "rotation": [0, -90, -20], "uv": [0, 24]},
						{"origin": [-2, 8.2, -14], "size": [1, 1, 3], "inflate": 0.1, "pivot": [0, 5, -9], "rotation": [0, 90, 20], "uv": [19, 43]},
						{"origin": [-2, 6, -14], "size": [1, 2, 1], "inflate": 0.11, "pivot": [0, 5, -9], "rotation": [0, 90, 20], "uv": [0, 0]},
						{"origin": [-2, 4.8, -14], "size": [1, 1, 5], "inflate": 0.1, "pivot": [0, 5, -9], "rotation": [0, 90, 20], "uv": [0, 43]}
					]
				},
				{
					"name": "head",
					"parent": "torso",
					"pivot": [0, 12.25, -6],
					"cubes": [
						{"origin": [-3.5, 10.75, -12], "size": [7, 7, 7], "inflate": 0.01, "uv": [0, 20]},
						{"origin": [-2.5, 10.75, -12.5], "size": [5, 2, 1], "uv": [0, 4]},
						{"origin": [-0.5, 11.5, -12.51], "size": [1, 1, 0], "uv": [12, 6]}
					]
				},
				{
					"name": "helmet",
					"parent": "head",
					"pivot": [0, 17.25, -9.5],
					"cubes": [
						{"origin": [-3.5, 15.5, -12.25], "size": [7, 3, 1], "inflate": 0.05, "uv": [24, 35]},
						{"origin": [-0.5, 14.425, -12.25], "size": [1, 1, 1], "inflate": 0.05, "uv": [25, 25]},
						{"origin": [-0.5, 19.675, -12.25], "size": [1, 1, 1], "inflate": 0.05, "uv": [21, 25]},
						{"origin": [-2.5, 18.575, -12.25], "size": [5, 1, 1], "inflate": 0.05, "uv": [0, 11]}
					]
				},
				{
					"name": "leaf_top",
					"parent": "head",
					"pivot": [0.5, 18, -12],
					"rotation": [-10, 0, 0]
				},
				{
					"name": "mouth",
					"parent": "head",
					"pivot": [0, 11.26, -12.415],
					"cubes": [
						{"origin": [-1, 10.76, -12.415], "size": [2, 1, 0], "uv": [0, 3]}
					]
				},
				{
					"name": "eyes",
					"parent": "head",
					"pivot": [0, 13.75, -12]
				},
				{
					"name": "eye_left",
					"parent": "eyes",
					"pivot": [2.515, 14, -11.015],
					"cubes": [
						{"origin": [1.515, 13, -12.015], "size": [2, 2, 2], "uv": [45, 43]}
					]
				},
				{
					"name": "eyelid_left",
					"parent": "eye_left",
					"pivot": [2.415, 14, -10.915],
					"cubes": [
						{"origin": [1.415, 13, -11.915], "size": [2, 2, 2], "inflate": 0.01, "uv": [7, 43]}
					]
				},
				{
					"name": "eye_right",
					"parent": "eyes",
					"pivot": [-2.515, 14, -11.015],
					"cubes": [
						{"origin": [-3.515, 13, -12.015], "size": [2, 2, 2], "uv": [45, 43], "mirror": true}
					]
				},
				{
					"name": "eyelid_right",
					"parent": "eye_right",
					"pivot": [-2.415, 14, -10.915],
					"cubes": [
						{"origin": [-3.415, 13, -11.915], "size": [2, 2, 2], "inflate": 0.01, "uv": [7, 43], "mirror": true}
					]
				},
				{
					"name": "ear_left",
					"parent": "head",
					"pivot": [3, 14.25, -9],
					"rotation": [-8.32692, -30.60196, 5.30467],
					"cubes": [
						{"origin": [0.84085, 12.23407, -9.19527], "size": [6, 9, 0], "uv": [0, 34]}
					]
				},
				{
					"name": "ear_left2",
					"parent": "ear_left",
					"pivot": [3.34085, 21.23407, -9.19527],
					"cubes": [
						{"origin": [0.84085, 21.23407, -9.19527], "size": [6, 7, 0], "uv": [24, 39]}
					]
				},
				{
					"name": "ear_right",
					"parent": "head",
					"pivot": [-3, 16.25, -9],
					"rotation": [-8.32692, 30.60196, -5.30467],
					"cubes": [
						{"origin": [-7, 12.25, -9], "size": [6, 9, 0], "uv": [0, 34], "mirror": true}
					]
				},
				{
					"name": "ear_right2",
					"parent": "ear_right",
					"pivot": [-3.5, 21.25, -9],
					"cubes": [
						{"origin": [-7, 21.25, -9], "size": [6, 7, 0], "uv": [24, 39], "mirror": true}
					]
				},
				{
					"name": "tail",
					"parent": "torso",
					"pivot": [0, 12.25, 7],
					"cubes": [
						{"origin": [-1.5, 12.25, 7], "size": [3, 0, 5], "uv": [47, 31]}
					]
				},
				{
					"name": "tail2",
					"parent": "tail",
					"pivot": [0, 12.25, 12],
					"cubes": [
						{"origin": [-2.5, 12.25, 12], "size": [5, 0, 4], "uv": [47, 27]}
					]
				},
				{
					"name": "tail3",
					"parent": "tail2",
					"pivot": [-1, 12.25, 16],
					"cubes": [
						{"origin": [-3.5, 12.25, 16], "size": [7, 0, 4], "uv": [46, 23]}
					]
				},
				{
					"name": "tail4",
					"parent": "tail3",
					"pivot": [-2, 12.25, 20],
					"cubes": [
						{"origin": [-2.5, 12.25, 20], "size": [5, 0, 4], "uv": [47, 19]}
					]
				},
				{
					"name": "leg_front_left",
					"parent": "body",
					"pivot": [2.5, 9, -4.5],
					"rotation": [7.5, 0, 0],
					"cubes": [
						{"origin": [1, 4.5, -6], "size": [3, 6, 3], "inflate": 0.01, "uv": [12, 34]}
					]
				},
				{
					"name": "leg_front_left2",
					"parent": "leg_front_left",
					"pivot": [2.5, 4.5, -3],
					"rotation": [-22.5, 0, 0],
					"cubes": [
						{"origin": [1, 0.5, -6], "size": [3, 4, 3], "inflate": 0.1, "uv": [42, 7]}
					]
				},
				{
					"name": "leg_front_left3",
					"parent": "leg_front_left2",
					"pivot": [2.5, 1, -4.5],
					"rotation": [15, 0, 0],
					"cubes": [
						{"origin": [1, -0.75, -6.25], "size": [3, 2, 3], "inflate": 0.01, "uv": [45, 2]}
					]
				},
				{
					"name": "leg_front_right",
					"parent": "body",
					"pivot": [-2.5, 9, -4.5],
					"rotation": [7.5, 0, 0],
					"cubes": [
						{"origin": [-4, 4.5, -6], "size": [3, 6, 3], "inflate": 0.01, "uv": [12, 34], "mirror": true}
					]
				},
				{
					"name": "leg_front_right2",
					"parent": "leg_front_right",
					"pivot": [-2.5, 4.5, -3],
					"rotation": [-22.5, 0, 0],
					"cubes": [
						{"origin": [-4, 0.5, -6], "size": [3, 4, 3], "inflate": 0.1, "uv": [42, 7], "mirror": true}
					]
				},
				{
					"name": "leg_front_right3",
					"parent": "leg_front_right2",
					"pivot": [-2.5, 1, -4.5],
					"rotation": [15, 0, 0],
					"cubes": [
						{"origin": [-4, -0.75, -6.25], "size": [3, 2, 3], "inflate": 0.01, "uv": [45, 2], "mirror": true}
					]
				},
				{
					"name": "leg_back_left",
					"parent": "body",
					"pivot": [2.5, 9, 4.75],
					"rotation": [5, 0, 0],
					"cubes": [
						{"origin": [1, 4.5, 2.75], "size": [3, 6, 4], "inflate": 0.01, "uv": [28, 25]}
					]
				},
				{
					"name": "leg_back_left2",
					"parent": "leg_back_left",
					"pivot": [2.5, 4.5, 6.25],
					"rotation": [-12.5, 0, 0],
					"cubes": [
						{"origin": [1, 0.75, 4.25], "size": [3, 4, 3], "inflate": 0.1, "uv": [37, 36]}
					]
				},
				{
					"name": "leg_back_left3",
					"parent": "leg_back_left2",
					"pivot": [2.5, 1.25, 5.75],
					"rotation": [7.5, 0, 0],
					"cubes": [
						{"origin": [1, -0.25, 4], "size": [3, 2, 3], "inflate": 0.01, "uv": [33, 43]}
					]
				},
				{
					"name": "leg_back_right",
					"parent": "body",
					"pivot": [-2.5, 9, 4.75],
					"rotation": [5, 0, 0],
					"cubes": [
						{"origin": [-4, 4.5, 2.75], "size": [3, 6, 4], "inflate": 0.01, "uv": [28, 25], "mirror": true}
					]
				},
				{
					"name": "leg_back_right2",
					"parent": "leg_back_right",
					"pivot": [-2.5, 4.5, 6.25],
					"rotation": [-12.5, 0, 0],
					"cubes": [
						{"origin": [-4, 0.75, 4.25], "size": [3, 4, 3], "inflate": 0.1, "uv": [37, 36], "mirror": true}
					]
				},
				{
					"name": "leg_back_right3",
					"parent": "leg_back_right2",
					"pivot": [-2.5, 1.25, 5.75],
					"rotation": [7.5, 0, 0],
					"cubes": [
						{"origin": [-4, -0.25, 4], "size": [3, 2, 3], "inflate": 0.01, "uv": [33, 43], "mirror": true}
					]
				}
			]
		}
	]
}