{
	"format_version": "1.12.0",
	"minecraft:geometry": [
		{
			"description": {
				"identifier": "geometry.delta_klok",
				"texture_width": 64,
				"texture_height": 64,
				"visible_bounds_width": 3,
				"visible_bounds_height": 3.5,
				"visible_bounds_offset": [0, 1.25, 0]
			},
			"bones": [
				{
					"name": "klang",
					"pivot": [0, 0, 0]
				},
				{
					"name": "body",
					"parent": "klang",
					"pivot": [0, 14, 0]
				},
				{
					"name": "main_gear",
					"parent": "body",
					"pivot": [0, 14, 0]
				},
				{
					"name": "gear1",
					"parent": "main_gear",
					"pivot": [0, 14, 0],
					"rotation": [0, 0, 90],
					"cubes": [
						{"origin": [-4, 10, -1], "size": [8, 8, 2], "inflate": 0.01, "uv": [0, 0], "mirror": true},
						{"origin": [-2.5, 11.5, -2], "size": [5, 5, 2], "inflate": 0.01, "uv": [0, 10], "mirror": true}
					]
				},
				{
					"name": "gear1_arrow_left",
					"parent": "gear1",
					"pivot": [0, 14, 1],
					"rotation": [0, 0, -132.5],
					"cubes": [
						{"origin": [-1, 14, 0.97], "size": [2, 14, 0], "uv": [58, 46], "mirror": true},
						{"origin": [-2.5, 24, 0.98], "size": [5, 5, 0], "uv": [46, 48], "mirror": true},
						{"origin": [-2, 24.98, 0.96], "size": [4, 1, 0], "uv": [46, 47], "mirror": true}
					]
				},
				{
					"name": "gear1_arrow_left2",
					"parent": "gear1",
					"pivot": [0, 14, 1],
					"rotation": [0, 0, 132.5],
					"cubes": [
						{"origin": [-1, 0, 0.97], "size": [2, 14, 0], "uv": [42, 39], "mirror": true},
						{"origin": [-2.5, -1, 0.98], "size": [5, 5, 0], "uv": [46, 42], "mirror": true},
						{"origin": [-2, 2.02, 0.96], "size": [4, 1, 0], "uv": [46, 47], "mirror": true}
					]
				},
				{
					"name": "gear1_teeth",
					"parent": "gear1",
					"pivot": [0, 14, 0],
					"cubes": [
						{"origin": [-1.5, 18, -1], "size": [3, 2, 2], "uv": [30, 0]},
						{"origin": [-1.5, 8, -1], "size": [3, 2, 2], "uv": [30, 4]},
						{"origin": [-1.5, 17.1, -1], "size": [3, 3, 2], "pivot": [0, 14, 0.2], "rotation": [0, 0, 55], "uv": [20, 0]},
						{"origin": [-1.5, 7.9, -1], "size": [3, 3, 2], "pivot": [0, 14, 0.2], "rotation": [0, 0, -55], "uv": [20, 5]},
						{"origin": [-1.5, 17.1, -1], "size": [3, 3, 2], "pivot": [0, 14, 0.2], "rotation": [0, 0, -55], "uv": [16, 10], "mirror": true},
						{"origin": [-1.5, 7.9, -1], "size": [3, 3, 2], "pivot": [0, 14, 0.2], "rotation": [0, 0, 55], "uv": [16, 15], "mirror": true}
					]
				},
				{
					"name": "gear1_teeth_down_left_spike",
					"parent": "gear1_teeth",
					"pivot": [5, 11.5, 0.2],
					"rotation": [0, 0, -35],
					"cubes": [
						{"origin": [-0.5, 5.9, 0], "size": [3, 4, 0], "pivot": [0, 14, 0.2], "rotation": [0, 0, -55], "uv": [53, 37]}
					]
				},
				{
					"name": "gear3",
					"parent": "main_gear",
					"pivot": [0, 13.9, 0],
					"cubes": [
						{"origin": [-9, 5, 1], "size": [18, 18, 3], "uv": [0, 43], "mirror": true}
					]
				},
				{
					"name": "gear3_face",
					"parent": "gear3",
					"pivot": [0, 14, 0.902]
				},
				{
					"name": "gear3_eye_left",
					"parent": "gear3_face",
					"pivot": [7, 17.5, 0.985],
					"rotation": [0, 0, -15],
					"cubes": [
						{"origin": [5.5, 16, 0.99], "size": [3, 3, 0], "uv": [34, 32]},
						{"origin": [6, 17, 0.98], "size": [2, 1, 0], "uv": [32, 35]}
					]
				},
				{
					"name": "gear3_eye_right",
					"parent": "gear3_face",
					"pivot": [-7, 17.5, 0.985],
					"rotation": [0, 0, 15],
					"cubes": [
						{"origin": [-8.5, 16, 0.99], "size": [3, 3, 0], "uv": [28, 32]},
						{"origin": [-8, 17, 0.98], "size": [2, 1, 0], "uv": [28, 35]}
					]
				},
				{
					"name": "gear3_teeth",
					"parent": "gear3",
					"pivot": [0, 13.98232, 2],
					"cubes": [
						{"origin": [-2.5, 23, 1], "size": [5, 4, 3], "inflate": 0.01, "uv": [42, 53]},
						{"origin": [-2.5, 1, 1], "size": [5, 4, 3], "inflate": 0.01, "uv": [37, 32]},
						{"origin": [-2.5, 1, 1], "size": [5, 4, 3], "inflate": 0.01, "pivot": [0, 14, 1.2], "rotation": [0, 0, -90], "uv": [27, 8]},
						{"origin": [-2.5, 1, 1], "size": [5, 4, 3], "inflate": 0.01, "pivot": [0, 14, 1.2], "rotation": [0, 0, 90], "uv": [28, 15], "mirror": true},
						{"origin": [-2.5, 0, 1], "size": [5, 4, 3], "inflate": 0.01, "pivot": [0, 14, 1.2], "rotation": [0, 0, -135], "uv": [46, 0]},
						{"origin": [-2.6, 0, 1], "size": [5, 4, 3], "inflate": 0.01, "pivot": [0, 14, 1.2], "rotation": [0, 0, -45], "uv": [46, 7]},
						{"origin": [-2.5, 0, 1], "size": [5, 4, 3], "inflate": 0.01, "pivot": [0, 14, 1.2], "rotation": [0, 0, 135], "uv": [44, 14], "mirror": true},
						{"origin": [-2.4, 0, 1], "size": [5, 4, 3], "inflate": 0.01, "pivot": [0, 14, 1.2], "rotation": [0, 0, 45], "uv": [43, 21], "mirror": true}
					]
				},
				{
					"name": "gear3_teeth_down_spike",
					"parent": "gear3_teeth",
					"pivot": [1, 1, 2.45],
					"cubes": [
						{"origin": [-0.5, -3, 2.5], "size": [3, 4, 0], "uv": [44, 28]}
					]
				},
				{
					"name": "gear3_teeth_left_spike",
					"parent": "gear3_teeth",
					"pivot": [11, 11.5, 2.45],
					"cubes": [
						{"origin": [-5.5, 1, 2.5], "size": [3, 4, 0], "pivot": [0, 14, 1.2], "rotation": [0, 0, -90], "uv": [56, 28]}
					]
				},
				{
					"name": "gear3_teeth_right_spike",
					"parent": "gear3_teeth",
					"pivot": [-11, 11.5, 2.45],
					"cubes": [
						{"origin": [2.5, 1, 2.5], "size": [4, 4, 0], "pivot": [0, 14, 1.2], "rotation": [0, 0, 90], "uv": [53, 33], "mirror": true}
					]
				},
				{
					"name": "gear3_teeth_left_down_spike",
					"parent": "gear3_teeth",
					"pivot": [8, 3, 1.2],
					"rotation": [0, 0, 45],
					"cubes": [
						{"origin": [-3.6, -3, 2.5], "size": [3, 5, 0], "pivot": [0, 14, 1.2], "rotation": [0, 0, -45], "uv": [50, 28]}
					]
				},
				{
					"name": "gear2",
					"parent": "body",
					"pivot": [-0.05, 24.6, 0],
					"rotation": [0, 0, 55],
					"cubes": [
						{"origin": [-4.05, 20.6, -1], "size": [8, 8, 2], "inflate": 0.01, "uv": [0, 20], "mirror": true}
					]
				},
				{
					"name": "gear2_nose",
					"parent": "gear2",
					"pivot": [-0.05, 24.6, -0.7],
					"cubes": [
						{"origin": [-1.55, 23.1, -1.8], "size": [3, 3, 1], "uv": [0, 30]}
					]
				},
				{
					"name": "gear1_arrow",
					"parent": "gear2_nose",
					"pivot": [-0.1, 24.65, 0],
					"rotation": [0, 0, -45],
					"cubes": [
						{"origin": [-0.42861, 23.86698, -1.05], "size": [3, 1, 0], "uv": [0, 42]},
						{"origin": [2.32139, 23.36698, -1.06], "size": [1, 1, 0], "uv": [0, 45]},
						{"origin": [3.07139, 22.86698, -1.05], "size": [4, 3, 0], "uv": [11, 40]},
						{"origin": [5.05139, 23.36698, -1.06], "size": [1, 2, 0], "uv": [39, 44]}
					]
				},
				{
					"name": "gear2_face",
					"parent": "gear2",
					"pivot": [-0.34787, 24.98429, -1.0414]
				},
				{
					"name": "gear2_eye_right",
					"parent": "gear2_face",
					"pivot": [-2.6486, 23.80228, -1.0425],
					"cubes": [
						{"origin": [-3.55315, 23.11091, -1.04], "size": [2, 2, 0], "pivot": [-2.45315, 23.91091, -1.04], "rotation": [0, 0, -92.5], "uv": [0, 34]}
					]
				},
				{
					"name": "gear2_pupil_right",
					"parent": "gear2_eye_right",
					"pivot": [-2.45315, 23.91091, -1.04],
					"cubes": [
						{"origin": [-3.05315, 23.61091, -1.045], "size": [1, 1, 0], "pivot": [-2.45315, 23.91091, -1.04], "rotation": [0, 0, -92.5], "uv": [0, 36]}
					]
				},
				{
					"name": "gear2_eye_left",
					"parent": "gear2_face",
					"pivot": [0.85093, 27.2533, -1.04],
					"cubes": [
						{"origin": [-0.14907, 26.9533, -1.04], "size": [2, 0.6, 0], "pivot": [0.85093, 27.2533, -1.02], "rotation": [0, 0, 74], "uv": [0, 38]},
						{"origin": [-0.3452, 26.92574, -1.04], "size": [2, 0.6, 0], "pivot": [0.7548, 27.22574, -1.04], "rotation": [0, 0, 164], "uv": [4, 38]}
					]
				},
				{
					"name": "gear2_mouth",
					"parent": "gear2_face",
					"pivot": [2.3566, 22.64, -1.04],
					"rotation": [0, 0, 125],
					"cubes": [
						{"origin": [1.8566, 21.64889, -1.04], "size": [1, 2, 0], "uv": [4, 34]}
					]
				},
				{
					"name": "gear2_teeth2",
					"parent": "gear2",
					"pivot": [-0.05, 24.6, 0],
					"cubes": [
						{"origin": [-1.55, 28.6, -1], "size": [3, 2, 2], "uv": [8, 30]},
						{"origin": [-1.55, 18.6, -1], "size": [3, 2, 2], "uv": [8, 34]},
						{"origin": [-1.55, 27.7, -1], "size": [3, 3, 2], "pivot": [-0.05, 24.6, 0.2], "rotation": [0, 0, 55], "uv": [20, 20]},
						{"origin": [-1.55, 18.5, -1], "size": [3, 3, 2], "pivot": [-0.05, 24.6, 0.2], "rotation": [0, 0, -55], "uv": [20, 25]},
						{"origin": [-1.55, 27.7, -1], "size": [3, 3, 2], "pivot": [-0.05, 24.6, 0.2], "rotation": [0, 0, -55], "uv": [18, 30], "mirror": true},
						{"origin": [-1.55, 18.5, -1], "size": [3, 3, 2], "pivot": [-0.05, 24.6, 0.2], "rotation": [0, 0, 55], "uv": [18, 35], "mirror": true}
					]
				}
			]
		}
	]
}