{
	"format_version": "1.12.0",
	"minecraft:geometry": [
		{
			"description": {
				"identifier": "geometry.delta_klink",
				"texture_width": 32,
				"texture_height": 64,
				"visible_bounds_width": 3,
				"visible_bounds_height": 2.5,
				"visible_bounds_offset": [0, 0.75, 0]
			},
			"bones": [
				{
					"name": "delta_klink",
					"pivot": [0, 0, 0]
				},
				{
					"name": "body",
					"parent": "delta_klink",
					"pivot": [0, 13, 0]
				},
				{
					"name": "gear1",
					"parent": "body",
					"pivot": [4, 9, 0],
					"cubes": [
						{"origin": [0, 5, -1], "size": [8, 8, 2], "inflate": 0.01, "uv": [0, 0], "mirror": true}
					]
				},
				{
					"name": "gear1_nose",
					"parent": "gear1",
					"pivot": [4, 9, -0.7],
					"cubes": [
						{"origin": [2.5, 7.5, -1.8], "size": [3, 3, 1], "uv": [0, 10]}
					]
				},
				{
					"name": "gear1_arrow",
					"parent": "gear1_nose",
					"pivot": [4, 9, 0],
					"cubes": [
						{"origin": [3.5, 8.5, -1.05], "size": [3, 1, 0], "uv": [2, 50]},
						{"origin": [6.25, 8, -1.06], "size": [1, 1, 0], "uv": [0, 50]},
						{"origin": [7, 7.5, -1.05], "size": [4, 3, 0], "uv": [0, 47]},
						{"origin": [8.98, 8, -1.06], "size": [1, 2, 0], "uv": [0, 51]}
					]
				},
				{
					"name": "gear1_face",
					"parent": "gear1",
					"pivot": [3.70213, 9.38429, -1.0414]
				},
				{
					"name": "gear1_eye_right",
					"parent": "gear1_face",
					"pivot": [4.9014, 11.70228, -1.0425],
					"cubes": [
						{"origin": [3.99685, 11.01091, -1.04], "size": [2, 2, 0], "pivot": [5.09685, 11.81091, -1.04], "rotation": [0, 0, -92.5], "uv": [0, 14]}
					]
				},
				{
					"name": "gear1_pupil_right",
					"parent": "gear1_eye_right",
					"pivot": [5.09685, 11.81091, -1.04],
					"cubes": [
						{"origin": [4.49685, 11.51091, -1.045], "size": [1, 1, 0], "pivot": [5.09685, 11.81091, -1.04], "rotation": [0, 0, -92.5], "uv": [0, 16]}
					]
				},
				{
					"name": "gear1_eye_left",
					"parent": "gear1_face",
					"pivot": [1.40093, 7.4033, -1.04],
					"cubes": [
						{"origin": [0.40093, 7.1033, -1.04], "size": [2, 0.6, 0], "pivot": [1.40093, 7.4033, -1.02], "rotation": [0, 0, 74], "uv": [0, 18]},
						{"origin": [0.2048, 7.07574, -1.04], "size": [2, 0.6, 0], "pivot": [1.3048, 7.37574, -1.04], "rotation": [0, 0, 164], "uv": [4, 18]}
					]
				},
				{
					"name": "gear1_mouth",
					"parent": "gear1_face",
					"pivot": [6.4066, 7.04, -1.04],
					"rotation": [0, 0, 125],
					"cubes": [
						{"origin": [5.9066, 6.04889, -1.04], "size": [1, 2, 0], "uv": [4, 14]}
					]
				},
				{
					"name": "gear1_teeth",
					"parent": "gear1",
					"pivot": [4, 9, 0],
					"cubes": [
						{"origin": [2.5, 13, -1], "size": [3, 2, 2], "uv": [8, 10]},
						{"origin": [2.5, 3, -1], "size": [3, 2, 2], "uv": [8, 14]},
						{"origin": [2.5, 12.1, -1], "size": [3, 3, 2], "pivot": [4, 9, 0.2], "rotation": [0, 0, 55], "uv": [20, 0]},
						{"origin": [2.5, 2.9, -1], "size": [3, 3, 2], "pivot": [4, 9, 0.2], "rotation": [0, 0, -55], "uv": [20, 5]},
						{"origin": [2.5, 12.1, -1], "size": [3, 3, 2], "pivot": [4, 9, 0.2], "rotation": [0, 0, -55], "uv": [18, 10], "mirror": true},
						{"origin": [2.5, 2.9, -1], "size": [3, 3, 2], "pivot": [4, 9, 0.2], "rotation": [0, 0, 55], "uv": [18, 15], "mirror": true}
					]
				},
				{
					"name": "gear1_teeth_down_spike",
					"parent": "gear1_teeth",
					"pivot": [4.5, 3, 0],
					"cubes": [
						{"origin": [3.5, -1, 0], "size": [2, 5, 0], "uv": [10, 46]}
					]
				},
				{
					"name": "gear1_teeth_down_left_spike",
					"parent": "gear1_teeth",
					"pivot": [8.24025, 4.96643, 0],
					"rotation": [0, 0, 55],
					"cubes": [
						{"origin": [1.60379, 0.59397, 0], "size": [2, 5, 0], "pivot": [4.10379, 9.69397, 0.2], "rotation": [0, 0, -55], "uv": [14, 39]}
					]
				},
				{
					"name": "gear2",
					"parent": "body",
					"pivot": [-3.3, 16.6, 0],
					"rotation": [0, 0, 55],
					"cubes": [
						{"origin": [-7.3, 12.6, -1], "size": [8, 8, 2], "inflate": 0.01, "uv": [0, 20], "mirror": true}
					]
				},
				{
					"name": "gear2_nose",
					"parent": "gear2",
					"pivot": [-3.3, 16.6, -0.7],
					"cubes": [
						{"origin": [-4.8, 15.1, -1.8], "size": [3, 3, 1], "uv": [0, 30]}
					]
				},
				{
					"name": "gear2_arrow",
					"parent": "gear2_nose",
					"pivot": [-3.3, 16.6, 0],
					"rotation": [0, 0, 35],
					"cubes": [
						{"origin": [-4.8, 9.1, -1.05], "size": [3, 8, 0], "uv": [0, 39]},
						{"origin": [-4.3, 10.12, -1.06], "size": [2, 1, 0], "uv": [5, 39]}
					]
				},
				{
					"name": "gear2_face",
					"parent": "gear2",
					"pivot": [-3.59787, 16.98429, -1.0414]
				},
				{
					"name": "gear2_eye_right",
					"parent": "gear2_face",
					"pivot": [-5.8986, 15.80228, -1.0425],
					"cubes": [
						{"origin": [-6.80315, 15.11091, -1.04], "size": [2, 2, 0], "pivot": [-5.70315, 15.91091, -1.04], "rotation": [0, 0, -92.5], "uv": [0, 34]}
					]
				},
				{
					"name": "gear2_pupil_right",
					"parent": "gear2_eye_right",
					"pivot": [-5.70315, 15.91091, -1.04],
					"cubes": [
						{"origin": [-6.30315, 15.61091, -1.045], "size": [1, 1, 0], "pivot": [-5.70315, 15.91091, -1.04], "rotation": [0, 0, -92.5], "uv": [0, 36]}
					]
				},
				{
					"name": "gear2_eye_left",
					"parent": "gear2_face",
					"pivot": [-2.39907, 19.2533, -1.04],
					"cubes": [
						{"origin": [-3.39907, 18.9533, -1.04], "size": [2, 0.6, 0], "pivot": [-2.39907, 19.2533, -1.02], "rotation": [0, 0, 74], "uv": [0, 38]},
						{"origin": [-3.5952, 18.92574, -1.04], "size": [2, 0.6, 0], "pivot": [-2.4952, 19.22574, -1.04], "rotation": [0, 0, 164], "uv": [4, 38]}
					]
				},
				{
					"name": "gear2_mouth",
					"parent": "gear2_face",
					"pivot": [-0.8934, 14.64, -1.04],
					"rotation": [0, 0, 125],
					"cubes": [
						{"origin": [-1.3934, 13.64889, -1.04], "size": [1, 2, 0], "uv": [4, 34]}
					]
				},
				{
					"name": "gear2_teeth2",
					"parent": "gear2",
					"pivot": [-3.3, 16.6, 0],
					"cubes": [
						{"origin": [-4.8, 20.6, -1], "size": [3, 2, 2], "uv": [8, 30]},
						{"origin": [-4.8, 10.6, -1], "size": [3, 2, 2], "uv": [8, 34]},
						{"origin": [-4.8, 19.7, -1], "size": [3, 3, 2], "pivot": [-3.3, 16.6, 0.2], "rotation": [0, 0, 55], "uv": [20, 20]},
						{"origin": [-4.8, 10.5, -1], "size": [3, 3, 2], "pivot": [-3.3, 16.6, 0.2], "rotation": [0, 0, -55], "uv": [20, 25]},
						{"origin": [-4.8, 19.7, -1], "size": [3, 3, 2], "pivot": [-3.3, 16.6, 0.2], "rotation": [0, 0, -55], "uv": [18, 30], "mirror": true},
						{"origin": [-4.8, 10.5, -1], "size": [3, 3, 2], "pivot": [-3.3, 16.6, 0.2], "rotation": [0, 0, 55], "uv": [18, 35], "mirror": true}
					]
				},
				{
					"name": "gear2_teeth_down_spike",
					"parent": "gear2_teeth2",
					"pivot": [-2.8, 11.6, 0.2],
					"rotation": [0, 0, -55],
					"cubes": [
						{"origin": [-3.8, 7.6, 0], "size": [2, 4, 0], "uv": [10, 42]}
					]
				},
				{
					"name": "gear2_teeth_down_left_spike",
					"parent": "gear2_teeth2",
					"pivot": [1.69683, 13.10118, 0],
					"cubes": [
						{"origin": [-4.3, 7.5, 0], "size": [2, 4, 0], "pivot": [-3.3, 16.6, 0.2], "rotation": [0, 0, -55], "uv": [9, 38]}
					]
				}
			]
		}
	]
}