{
	"format_version": "1.12.0",
	"minecraft:geometry": [
		{
			"description": {
				"identifier": "geometry.delta_klinklok",
				"texture_width": 64,
				"texture_height": 64,
				"visible_bounds_width": 4,
				"visible_bounds_height": 3.5,
				"visible_bounds_offset": [0, 1.25, 0]
			},
			"bones": [
				{
					"name": "klang",
					"pivot": [0, 0, 0]
				},
				{
					"name": "body",
					"parent": "klang",
					"pivot": [0, 14, 0]
				},
				{
					"name": "main_gear",
					"parent": "body",
					"pivot": [0, 14, 0]
				},
				{
					"name": "gear1",
					"parent": "main_gear",
					"pivot": [0, 25, -5.25],
					"rotation": [0, -90, -90],
					"cubes": [
						{"origin": [-5, 20, -6.25], "size": [10, 10, 2], "inflate": 0.01, "uv": [0, 0], "mirror": true},
						{"origin": [-2.5, 22.5, -7.25], "size": [5, 5, 2], "inflate": 0.01, "uv": [34, 18], "mirror": true}
					]
				},
				{
					"name": "gear1_arrow1",
					"parent": "gear1",
					"pivot": [0, 25, -5.25],
					"cubes": [
						{"origin": [-1, 26.5, -6.31], "size": [2, 9, 0], "uv": [58, 50], "mirror": true},
						{"origin": [-2.5, 31.5, -6.3], "size": [5, 5, 0], "uv": [42, 52], "mirror": true},
						{"origin": [-2, 32.48, -6.32], "size": [4, 1, 0], "uv": [52, 49], "mirror": true}
					]
				},
				{
					"name": "gear1_arrow2",
					"parent": "gear1",
					"pivot": [0, 25, -5.25],
					"rotation": [0, 0, -180],
					"cubes": [
						{"origin": [-1, 26.5, -6.28], "size": [2, 9, 0], "uv": [58, 50], "mirror": true},
						{"origin": [-2.5, 31.5, -6.27], "size": [5, 5, 0], "uv": [42, 52], "mirror": true},
						{"origin": [-2, 32.48, -6.29], "size": [4, 1, 0], "uv": [52, 49], "mirror": true}
					]
				},
				{
					"name": "gear1_teeth",
					"parent": "gear1",
					"pivot": [0, 25, -5.25],
					"cubes": [
						{"origin": [-1.5, 29.5, -6.25], "size": [3, 3, 2], "uv": [38, 0]},
						{"origin": [-1.5, 17.5, -6.25], "size": [3, 3, 2], "uv": [38, 5]},
						{"origin": [-1.5, 30.1, -6.25], "size": [3, 3, 2], "pivot": [0, 25, -5.05], "rotation": [0, 0, 55], "uv": [28, 0]},
						{"origin": [-1.5, 16.9, -6.25], "size": [3, 3, 2], "pivot": [0, 25, -5.05], "rotation": [0, 0, -55], "uv": [28, 5]},
						{"origin": [-1.5, 30.1, -6.25], "size": [3, 3, 2], "pivot": [0, 25, -5.05], "rotation": [0, 0, -55], "uv": [38, 10], "mirror": true},
						{"origin": [-1.5, 16.9, -6.25], "size": [3, 3, 2], "pivot": [0, 25, -5.05], "rotation": [0, 0, 55], "uv": [28, 10], "mirror": true}
					]
				},
				{
					"name": "gear1_teeth_down_spike",
					"parent": "gear1_teeth",
					"pivot": [-0.5, 19, -4.25],
					"cubes": [
						{"origin": [-0.5, 17.5, -4.25], "size": [0, 3, 3], "uv": [14, 23]}
					]
				},
				{
					"name": "gear1_teeth_down_left_spike",
					"parent": "gear1_teeth",
					"pivot": [5, 22.5, -5.05],
					"rotation": [0, 0, -35]
				},
				{
					"name": "gear1_teeth_up_right_spike",
					"parent": "gear1_teeth",
					"pivot": [-5.11962, 29.19518, -4.25],
					"cubes": [
						{"origin": [0.5, 30.1, -4.25], "size": [0, 3, 2], "pivot": [0, 25, -5.05], "rotation": [0, 0, -55], "uv": [14, 21], "mirror": true}
					]
				},
				{
					"name": "gear4",
					"parent": "main_gear",
					"pivot": [8, 5.75, -5.25],
					"rotation": [0, -90, 45],
					"cubes": [
						{"origin": [3, 0.75, -6.25], "size": [10, 10, 2], "inflate": 0.01, "uv": [0, 0], "mirror": true},
						{"origin": [5.5, 3.25, -7.25], "size": [5, 5, 2], "inflate": 0.01, "uv": [34, 18], "mirror": true}
					]
				},
				{
					"name": "gear1_arrow4",
					"parent": "gear4",
					"pivot": [8, 5.75, -5.25],
					"cubes": [
						{"origin": [7, 7.25, -6.28], "size": [2, 9, 0], "uv": [58, 50], "mirror": true},
						{"origin": [5.5, 12.25, -6.27], "size": [5, 5, 0], "uv": [42, 52], "mirror": true},
						{"origin": [6, 13.23, -6.29], "size": [4, 1, 0], "uv": [52, 49], "mirror": true}
					]
				},
				{
					"name": "gear1_teeth2",
					"parent": "gear4",
					"pivot": [8, 5.75, -5.25],
					"cubes": [
						{"origin": [6.5, 10.25, -6.25], "size": [3, 3, 2], "uv": [38, 0]},
						{"origin": [6.5, -1.75, -6.25], "size": [3, 3, 2], "uv": [38, 5]},
						{"origin": [6.5, 10.85, -6.25], "size": [3, 3, 2], "pivot": [8, 5.75, -5.05], "rotation": [0, 0, 55], "uv": [28, 0]},
						{"origin": [6.5, -2.35, -6.25], "size": [3, 3, 2], "pivot": [8, 5.75, -5.05], "rotation": [0, 0, -55], "uv": [28, 5]},
						{"origin": [6.5, 10.85, -6.25], "size": [3, 3, 2], "pivot": [8, 5.75, -5.05], "rotation": [0, 0, -55], "uv": [38, 10], "mirror": true},
						{"origin": [6.5, -2.35, -6.25], "size": [3, 3, 2], "pivot": [8, 5.75, -5.05], "rotation": [0, 0, 55], "uv": [28, 10], "mirror": true}
					]
				},
				{
					"name": "gear1_teeth_down_left_spike2",
					"parent": "gear1_teeth2",
					"pivot": [13, 3.25, -5.05],
					"rotation": [0, 0, -35]
				},
				{
					"name": "gear5",
					"parent": "main_gear",
					"pivot": [-8, 5.75, -5.25],
					"rotation": [0, 90, -45],
					"cubes": [
						{"origin": [-13, 0.75, -6.25], "size": [10, 10, 2], "inflate": 0.01, "uv": [0, 0]},
						{"origin": [-10.5, 3.25, -7.25], "size": [5, 5, 2], "inflate": 0.01, "uv": [34, 18]}
					]
				},
				{
					"name": "gear1_arrow3",
					"parent": "gear5",
					"pivot": [-8, 5.75, -5.25],
					"cubes": [
						{"origin": [-9, 7.25, -6.28], "size": [2, 9, 0], "uv": [58, 50]},
						{"origin": [-10.5, 12.25, -6.27], "size": [5, 5, 0], "uv": [42, 52]},
						{"origin": [-10, 13.23, -6.29], "size": [4, 1, 0], "uv": [52, 49]}
					]
				},
				{
					"name": "gear1_teeth3",
					"parent": "gear5",
					"pivot": [-8, 5.75, -5.25],
					"cubes": [
						{"origin": [-9.5, 10.25, -6.25], "size": [3, 3, 2], "uv": [38, 0], "mirror": true},
						{"origin": [-9.5, -1.75, -6.25], "size": [3, 3, 2], "uv": [38, 5], "mirror": true},
						{"origin": [-9.5, 10.85, -6.25], "size": [3, 3, 2], "pivot": [-8, 5.75, -5.05], "rotation": [0, 0, -55], "uv": [28, 0], "mirror": true},
						{"origin": [-9.5, -2.35, -6.25], "size": [3, 3, 2], "pivot": [-8, 5.75, -5.05], "rotation": [0, 0, 55], "uv": [28, 5], "mirror": true},
						{"origin": [-9.5, 10.85, -6.25], "size": [3, 3, 2], "pivot": [-8, 5.75, -5.05], "rotation": [0, 0, 55], "uv": [38, 10]},
						{"origin": [-9.5, -2.35, -6.25], "size": [3, 3, 2], "pivot": [-8, 5.75, -5.05], "rotation": [0, 0, -55], "uv": [28, 10]}
					]
				},
				{
					"name": "gear1_teeth_down_right_spike2",
					"parent": "gear1_teeth3",
					"pivot": [-13, 3.25, -5.05],
					"rotation": [0, 0, 35]
				},
				{
					"name": "gear3",
					"parent": "main_gear",
					"pivot": [0, 13.9, 0],
					"cubes": [
						{"origin": [-9, 5, 1], "size": [18, 18, 3], "uv": [0, 43], "mirror": true}
					]
				},
				{
					"name": "gear1_arrow_left",
					"parent": "gear3",
					"pivot": [0, 14, 1],
					"rotation": [0, 0, -42.5],
					"cubes": [
						{"origin": [-1, 14, 0.97], "size": [2, 14, 0], "uv": [58, 50], "mirror": true},
						{"origin": [-2.5, 24, 0.98], "size": [5, 5, 0], "uv": [42, 52], "mirror": true},
						{"origin": [-2, 24.98, 0.96], "size": [4, 1, 0], "uv": [52, 49], "mirror": true}
					]
				},
				{
					"name": "gear1_arrow_left3",
					"parent": "gear3",
					"pivot": [0, 14, 1],
					"rotation": [0, 0, -180],
					"cubes": [
						{"origin": [-1, 14, 0.97], "size": [2, 12, 0], "uv": [0, 17], "mirror": true},
						{"origin": [-2.5, 26, 0.96], "size": [5, 5, 0], "uv": [4, 24], "mirror": true},
						{"origin": [-1, 30.5, 0.97], "size": [2, 2, 0], "uv": [4, 20], "mirror": true},
						{"origin": [-4, 29.5, 0.97], "size": [2, 2, 0], "pivot": [-2.5, 31, 0.97], "rotation": [0, 0, -55], "uv": [8, 20], "mirror": true},
						{"origin": [2, 29.5, 0.97], "size": [2, 2, 0], "pivot": [2.5, 31, 0.97], "rotation": [0, 0, 55], "uv": [8, 22]},
						{"origin": [48.69167, 1.19386, 0.97], "size": [2, 2, 0], "pivot": [2.5, -31, 0.97], "rotation": [0, 0, -55], "uv": [4, 22]},
						{"origin": [-50.69167, 1.19386, 0.97], "size": [2, 2, 0], "pivot": [-2.5, -31, 0.97], "rotation": [0, 0, 55], "uv": [4, 18], "mirror": true}
					]
				},
				{
					"name": "gear1_arrow_left2",
					"parent": "gear3",
					"pivot": [0, 14, 1],
					"rotation": [0, 0, -137.5],
					"cubes": [
						{"origin": [-1, 0, 0.94], "size": [2, 14, 0], "uv": [60, 36], "mirror": true},
						{"origin": [-2.5, -1, 0.95], "size": [5, 5, 0], "uv": [42, 47], "mirror": true},
						{"origin": [-2, 2.02, 0.93], "size": [4, 1, 0], "uv": [52, 49], "mirror": true}
					]
				},
				{
					"name": "gear3_face",
					"parent": "gear3",
					"pivot": [0, 14, 0.902]
				},
				{
					"name": "gear3_eye_left",
					"parent": "gear3_face",
					"pivot": [7, 17.5, 0.985],
					"rotation": [0, 0, -15],
					"cubes": [
						{"origin": [5.5, 16, 0.99], "size": [3, 3, 0], "uv": [45, 15]},
						{"origin": [6, 17, 0.98], "size": [2, 1, 0], "uv": [17, 42]}
					]
				},
				{
					"name": "gear3_eye_right",
					"parent": "gear3_face",
					"pivot": [-7, 17.5, 0.985],
					"rotation": [0, 0, 15],
					"cubes": [
						{"origin": [-8.5, 16, 0.99], "size": [3, 3, 0], "uv": [39, 15]},
						{"origin": [-8, 17, 0.98], "size": [2, 1, 0], "uv": [13, 42]}
					]
				},
				{
					"name": "gear3_teeth",
					"parent": "gear3",
					"pivot": [0, 13.98232, 2],
					"cubes": [
						{"origin": [-2.5, 23, 1], "size": [5, 4, 3], "inflate": 0.01, "uv": [42, 57]},
						{"origin": [-2.5, 1, 1], "size": [5, 4, 3], "inflate": 0.01, "uv": [38, 36]},
						{"origin": [-2.5, 1, 1], "size": [5, 4, 3], "inflate": 0.01, "pivot": [0, 14, 1.2], "rotation": [0, 0, -90], "uv": [32, 25]},
						{"origin": [-2.5, 1, 1], "size": [5, 4, 3], "inflate": 0.01, "pivot": [0, 14, 1.2], "rotation": [0, 0, 90], "uv": [48, 1], "mirror": true},
						{"origin": [-2.5, 0, 1], "size": [5, 4, 3], "inflate": 0.01, "pivot": [0, 14, 1.2], "rotation": [0, 0, -135], "uv": [48, 8]},
						{"origin": [-2.6, 0, 1], "size": [5, 4, 3], "inflate": 0.01, "pivot": [0, 14, 1.2], "rotation": [0, 0, -45], "uv": [48, 15]},
						{"origin": [-2.5, 0, 1], "size": [5, 4, 3], "inflate": 0.01, "pivot": [0, 14, 1.2], "rotation": [0, 0, 135], "uv": [48, 22], "mirror": true},
						{"origin": [-2.4, 0, 1], "size": [5, 4, 3], "inflate": 0.01, "pivot": [0, 14, 1.2], "rotation": [0, 0, 45], "uv": [48, 29], "mirror": true}
					]
				},
				{
					"name": "gear3_teeth_down_spike",
					"parent": "gear3_teeth",
					"pivot": [1, 1, 2.45],
					"cubes": [
						{"origin": [-0.5, -3, 2.5], "size": [3, 4, 0], "uv": [47, 43]}
					]
				},
				{
					"name": "gear3_teeth_left_spike",
					"parent": "gear3_teeth",
					"pivot": [11, 11.5, 2.45],
					"cubes": [
						{"origin": [-5.5, 1, 2.5], "size": [3, 4, 0], "pivot": [0, 14, 1.2], "rotation": [0, 0, -90], "uv": [54, 41]}
					]
				},
				{
					"name": "gear3_teeth_right_spike",
					"parent": "gear3_teeth",
					"pivot": [-11, 11.5, 2.45],
					"cubes": [
						{"origin": [2.5, 1, 2.5], "size": [4, 4, 0], "pivot": [0, 14, 1.2], "rotation": [0, 0, 90], "uv": [52, 45], "mirror": true}
					]
				},
				{
					"name": "gear3_teeth_left_down_spike",
					"parent": "gear3_teeth",
					"pivot": [8, 3, 1.2],
					"rotation": [0, 0, 45],
					"cubes": [
						{"origin": [-3.6, -3, 2.5], "size": [3, 5, 0], "pivot": [0, 14, 1.2], "rotation": [0, 0, -45], "uv": [54, 36]}
					]
				},
				{
					"name": "gear2",
					"parent": "body",
					"pivot": [-0.05, 15.6, 0],
					"cubes": [
						{"origin": [-4.05, 11.6, -1], "size": [8, 8, 2], "inflate": 0.01, "uv": [0, 29], "mirror": true}
					]
				},
				{
					"name": "gear2_nose",
					"parent": "gear2",
					"pivot": [-0.05, 15.6, -0.7],
					"cubes": [
						{"origin": [-1.55, 14.1, -1.8], "size": [3, 3, 1], "uv": [0, 39]}
					]
				},
				{
					"name": "gear1_arrow",
					"parent": "gear2_nose",
					"pivot": [-0.1, 15.65, 0],
					"cubes": [
						{"origin": [-0.42861, 14.86698, -1.05], "size": [3, 1, 0], "uv": [41, 45]},
						{"origin": [2.32139, 14.36698, -1.06], "size": [1, 1, 0], "uv": [42, 46]},
						{"origin": [3.07139, 13.86698, -1.05], "size": [4, 3, 0], "uv": [31, 36]},
						{"origin": [5.05139, 14.36698, -1.06], "size": [1, 2, 0], "uv": [39, 44]}
					]
				},
				{
					"name": "gear2_face",
					"parent": "gear2",
					"pivot": [-0.09787, 15.63429, -1.0414],
					"rotation": [0, 0, 45]
				},
				{
					"name": "gear2_eye_right",
					"parent": "gear2_face",
					"pivot": [-2.82287, 14.87654, -1.0425],
					"cubes": [
						{"origin": [-3.72742, 14.18517, -1.04], "size": [2, 2, 0], "pivot": [-2.62742, 14.98517, -1.04], "rotation": [0, 0, -92.5], "uv": [36, 32]}
					]
				},
				{
					"name": "gear2_pupil_right",
					"parent": "gear2_eye_right",
					"pivot": [-2.62742, 14.98517, -1.04],
					"cubes": [
						{"origin": [-3.22742, 14.68517, -1.045], "size": [1, 1, 0], "pivot": [-2.62742, 14.98517, -1.04], "rotation": [0, 0, -92.5], "uv": [11, 42]}
					]
				},
				{
					"name": "gear2_eye_left",
					"parent": "gear2_face",
					"pivot": [0.67667, 18.32757, -1.04],
					"cubes": [
						{"origin": [-0.32333, 18.02757, -1.04], "size": [2, 0.6, 0], "pivot": [0.67667, 18.32757, -1.02], "rotation": [0, 0, 74], "uv": [12, 41]},
						{"origin": [-0.51946, 18, -1.04], "size": [2, 0.6, 0], "pivot": [0.58054, 18.3, -1.04], "rotation": [0, 0, 164], "uv": [16, 41]}
					]
				},
				{
					"name": "gear2_mouth",
					"parent": "gear2_face",
					"pivot": [2.18234, 13.71426, -1.04],
					"rotation": [0, 0, 125],
					"cubes": [
						{"origin": [1.68234, 12.72315, -1.04], "size": [1, 2, 0], "uv": [48, 22]}
					]
				},
				{
					"name": "gear2_teeth2",
					"parent": "gear2",
					"pivot": [-0.05, 15.6, 0],
					"cubes": [
						{"origin": [-1.55, 19.6, -1], "size": [3, 2, 2], "uv": [38, 32]},
						{"origin": [-1.55, 9.6, -1], "size": [3, 2, 2], "uv": [28, 32]},
						{"origin": [-1.55, 18.7, -1], "size": [3, 3, 2], "pivot": [-0.05, 15.6, 0.2], "rotation": [0, 0, 55], "uv": [26, 15]},
						{"origin": [-1.55, 9.5, -1], "size": [3, 3, 2], "pivot": [-0.05, 15.6, 0.2], "rotation": [0, 0, -55], "uv": [24, 20]},
						{"origin": [-1.55, 18.7, -1], "size": [3, 3, 2], "pivot": [-0.05, 15.6, 0.2], "rotation": [0, 0, -55], "uv": [22, 25], "mirror": true},
						{"origin": [-1.55, 9.5, -1], "size": [3, 3, 2], "pivot": [-0.05, 15.6, 0.2], "rotation": [0, 0, 55], "uv": [23, 38], "mirror": true}
					]
				}
			]
		}
	]
}