{
	"format_version": "1.12.0",
	"minecraft:geometry": [
		{
			"description": {
				"identifier": "geometry.meowth",
				"texture_width": 64,
				"texture_height": 32,
				"visible_bounds_width": 3,
				"visible_bounds_height": 3.5,
				"visible_bounds_offset": [0, 1.25, 0]
			},
			"bones": [
				{
					"name": "meowth",
					"pivot": [0, 0, 0]
				},
				{
					"name": "body",
					"parent": "meowth",
					"pivot": [0, 11, 0]
				},
				{
					"name": "main_body",
					"parent": "body",
					"pivot": [0, 9, 0]
				},
				{
					"name": "torso",
					"parent": "main_body",
					"pivot": [0, 8, 0],
					"cubes": [
						{"origin": [-2.5, 5, -2.25], "size": [5, 7, 5], "uv": [0, 14]}
					]
				},
				{
					"name": "head",
					"parent": "torso",
					"pivot": [0, 12, 0],
					"cubes": [
						{"origin": [-5, 12, -3.5], "size": [10, 7, 7], "uv": [0, 0]},
						{"origin": [-1.5, 12.75, -3.55], "size": [3, 1, 0], "uv": [17, 17]},
						{"origin": [1, 12.25, -3.56], "size": [2, 1, 0], "uv": [17, 18]},
						{"origin": [-3, 12.25, -3.56], "size": [2, 1, 0], "uv": [17, 16]},
						{"origin": [2.5, 12.75, -3.55], "size": [1, 1, 0], "uv": [23, 17]},
						{"origin": [-3.5, 12.75, -3.55], "size": [1, 1, 0], "uv": [15, 17]},
						{"origin": [-2.5, 11.75, -3.55], "size": [1, 1, 0], "uv": [21, 18]},
						{"origin": [1.5, 11.75, -3.55], "size": [1, 1, 0], "uv": [21, 16]},
						{"origin": [-1.5, 20.25, -4], "size": [3, 2, 1], "pivot": [0, 19.5, -3.5], "rotation": [-5, 0, 0], "uv": [48, 23]},
						{"origin": [-1.5, 17.25, -4], "size": [3, 2, 1], "pivot": [0, 19.5, -3.5], "rotation": [-5, 0, 0], "uv": [48, 26]},
						{"origin": [-1.5, 19.25, -4], "size": [1, 1, 1], "pivot": [0, 19.5, -3.5], "rotation": [-5, 0, 0], "uv": [25, 15]},
						{"origin": [0.5, 19.25, -4], "size": [1, 1, 1], "pivot": [0, 19.5, -3.5], "rotation": [-5, 0, 0], "uv": [25, 17]}
					]
				},
				{
					"name": "eye_right",
					"parent": "head",
					"pivot": [-3, 15.5, -3.525],
					"rotation": [0, 0, 2.5],
					"cubes": [
						{"origin": [-4.5, 14, -3.525], "size": [3, 3, 0], "inflate": 0.02, "uv": [0, 26], "mirror": true},
						{"origin": [-3.25, 14, -3.55], "size": [1, 3, 0], "inflate": 0.02, "uv": [0, 3], "mirror": true}
					]
				},
				{
					"name": "eyelid_right",
					"parent": "eye_right",
					"pivot": [-3, 15.5, -3.45],
					"cubes": [
						{"origin": [-4.5, 14, -3.45], "size": [3, 3, 1], "inflate": 0.04, "uv": [39, 0], "mirror": true}
					]
				},
				{
					"name": "eye_left",
					"parent": "head",
					"pivot": [3, 15.5, -3.525],
					"rotation": [0, 0, -2.5],
					"cubes": [
						{"origin": [1.5, 14, -3.525], "size": [3, 3, 0], "inflate": 0.02, "uv": [0, 26]},
						{"origin": [2.25, 14, -3.55], "size": [1, 3, 0], "inflate": 0.02, "uv": [0, 3]}
					]
				},
				{
					"name": "eyelid_left",
					"parent": "eye_left",
					"pivot": [3, 15.5, -3.45],
					"cubes": [
						{"origin": [1.5, 14, -3.45], "size": [3, 3, 1], "inflate": 0.04, "uv": [39, 0]}
					]
				},
				{
					"name": "ear_right",
					"parent": "head",
					"pivot": [-3.25, 18.25, 1],
					"rotation": [0, 10, -20],
					"cubes": [
						{"origin": [-5.25, 18.25, 0], "size": [4, 5, 2], "uv": [52, 16]},
						{"origin": [-4.75, 23.25, 1], "size": [3, 2, 0], "uv": [27, 5]}
					]
				},
				{
					"name": "ear_left",
					"parent": "head",
					"pivot": [3.25, 18.25, 1],
					"rotation": [0, -10, 20],
					"cubes": [
						{"origin": [1.25, 18.25, 0], "size": [4, 5, 2], "uv": [40, 16]},
						{"origin": [1.75, 23.25, 1], "size": [3, 2, 0], "uv": [33, 5]}
					]
				},
				{
					"name": "whisker_top_right",
					"parent": "head",
					"pivot": [-5, 15.5, -3],
					"rotation": [0, 10, 12.5],
					"cubes": [
						{"origin": [-8, 14, -3], "size": [4, 2, 0], "uv": [56, 25]}
					]
				},
				{
					"name": "whisker_top_left",
					"parent": "head",
					"pivot": [5, 15.5, -3],
					"rotation": [0, -10, -12.5],
					"cubes": [
						{"origin": [4, 14, -3], "size": [4, 2, 0], "uv": [56, 27]}
					]
				},
				{
					"name": "whisker_bottom_right",
					"parent": "head",
					"pivot": [-5, 13, -2.75],
					"rotation": [0, 7.5, -5],
					"cubes": [
						{"origin": [-8, 12.5, -2.75], "size": [4, 1, 0], "uv": [56, 24]}
					]
				},
				{
					"name": "whisker_bottom_left",
					"parent": "head",
					"pivot": [5, 13, -2.75],
					"rotation": [0, -7.5, 5],
					"cubes": [
						{"origin": [4, 12.5, -2.75], "size": [4, 1, 0], "uv": [56, 23]}
					]
				},
				{
					"name": "arm_right",
					"parent": "torso",
					"pivot": [-2.5, 10.75, 0],
					"cubes": [
						{"origin": [-5.5, 9.75, -1], "size": [4, 2, 2], "uv": [27, 0]}
					]
				},
				{
					"name": "forearm_right",
					"parent": "arm_right",
					"pivot": [-5.5, 10.25, 1],
					"cubes": [
						{"origin": [-8.5, 9.75, -1], "size": [3, 2, 2], "inflate": -0.01, "uv": [38, 23]}
					]
				},
				{
					"name": "hand_right",
					"parent": "forearm_right",
					"pivot": [-8.5, 11.75, 0],
					"cubes": [
						{"origin": [-10.5, 9.75, -1.5], "size": [2, 2, 3], "uv": [29, 17]}
					]
				},
				{
					"name": "arm_left",
					"parent": "torso",
					"pivot": [2.5, 10.75, 0],
					"cubes": [
						{"origin": [1.5, 9.75, -1], "size": [4, 2, 2], "uv": [52, 10]}
					]
				},
				{
					"name": "forearm_left",
					"parent": "arm_left",
					"pivot": [5.5, 10.25, 1],
					"cubes": [
						{"origin": [5.5, 9.75, -1], "size": [3, 2, 2], "inflate": -0.01, "uv": [34, 12]}
					]
				},
				{
					"name": "hand_left",
					"parent": "forearm_left",
					"pivot": [8.5, 11.75, 0],
					"cubes": [
						{"origin": [8.5, 9.75, -1.5], "size": [2, 2, 3], "uv": [34, 7]}
					]
				},
				{
					"name": "tail1",
					"parent": "torso",
					"pivot": [0, 6.25, 2],
					"cubes": [
						{"origin": [0, 5.75, 1.5], "size": [0, 1, 4], "uv": [15, 11]}
					]
				},
				{
					"name": "tail2",
					"parent": "tail1",
					"pivot": [0, 5.75, 5.5],
					"cubes": [
						{"origin": [0, 5.75, 5.5], "size": [0, 1, 4], "inflate": 0.01, "uv": [15, 10]}
					]
				},
				{
					"name": "tail3",
					"parent": "tail2",
					"pivot": [0, 5.75, 9.5],
					"cubes": [
						{"origin": [0, 5.75, 9.5], "size": [0, 3, 3], "uv": [0, -3]}
					]
				},
				{
					"name": "leg_right",
					"parent": "main_body",
					"pivot": [-1.25, 7, 0.25],
					"cubes": [
						{"origin": [-3.25, 4, -1.25], "size": [3, 4, 3], "uv": [52, 3]}
					]
				},
				{
					"name": "leg_right2",
					"parent": "leg_right",
					"pivot": [-1.75, 4, -0.75],
					"cubes": [
						{"origin": [-2.75, 1, -0.75], "size": [2, 3, 2], "uv": [6, 26]}
					]
				},
				{
					"name": "foot_right",
					"parent": "leg_right2",
					"pivot": [-1.75, 1, -0.75],
					"cubes": [
						{"origin": [-2.75, 0, -1.25], "size": [2, 1, 3], "inflate": 0.01, "uv": [31, 24]}
					]
				},
				{
					"name": "foot_right_end",
					"parent": "foot_right",
					"pivot": [-1.75, 1, -1.25],
					"cubes": [
						{"origin": [-2.75, 0, -3.25], "size": [2, 1, 2], "uv": [52, 0]}
					]
				},
				{
					"name": "leg_left",
					"parent": "main_body",
					"pivot": [1.25, 7, 0.25],
					"cubes": [
						{"origin": [0.25, 4, -1.25], "size": [3, 4, 3], "uv": [20, 19]}
					]
				},
				{
					"name": "leg_left2",
					"parent": "leg_left",
					"pivot": [1.75, 4, -0.75],
					"cubes": [
						{"origin": [0.75, 1, -0.75], "size": [2, 3, 2], "uv": [14, 26]}
					]
				},
				{
					"name": "foot_left",
					"parent": "leg_left2",
					"pivot": [1.75, 1, -0.75],
					"cubes": [
						{"origin": [0.75, 0, -1.25], "size": [2, 1, 3], "inflate": 0.01, "uv": [31, 28]}
					]
				},
				{
					"name": "foot_left_end",
					"parent": "foot_left",
					"pivot": [1.75, 1, -1.25],
					"cubes": [
						{"origin": [0.75, 0, -3.25], "size": [2, 1, 2], "uv": [44, 0]}
					]
				},
				{
					"name": "coin1",
					"parent": "body",
					"pivot": [0, 25.5, 2.5],
					"cubes": [
						{"origin": [-1.5, 24, 2], "size": [3, 3, 1], "uv": [44, 11]}
					]
				},
				{
					"name": "coin2",
					"parent": "body",
					"pivot": [8, 25.5, 2.5],
					"cubes": [
						{"origin": [6.5, 24, 2], "size": [3, 3, 1], "uv": [44, 7]}
					]
				},
				{
					"name": "coin3",
					"parent": "body",
					"pivot": [-8, 25.5, 2.5],
					"cubes": [
						{"origin": [-9.5, 24, 2], "size": [3, 3, 1], "uv": [44, 3]}
					]
				}
			]
		}
	]
}