{
	"format_version": "1.12.0",
	"minecraft:geometry": [
		{
			"description": {
				"identifier": "geometry.delta_noctowl",
				"texture_width": 128,
				"texture_height": 128,
				"visible_bounds_width": 5,
				"visible_bounds_height": 3.5,
				"visible_bounds_offset": [0, 1.25, 0]
			},
			"bones": [
				{
					"name": "delta_noctowl",
					"pivot": [0, 3, 0]
				},
				{
					"name": "body",
					"parent": "delta_noctowl",
					"pivot": [0, 6, 1]
				},
				{
					"name": "chest",
					"parent": "body",
					"pivot": [0, 6, 1],
					"cubes": [
						{"origin": [-5, 13, -5.5], "size": [10, 7, 10], "inflate": 0.01, "uv": [0, 20]}
					]
				},
				{
					"name": "body_lower",
					"parent": "chest",
					"pivot": [0, 13, -5.5],
					"rotation": [20, 0, 0],
					"cubes": [
						{"origin": [-4.5, 5, -5.5], "size": [9, 8, 10], "uv": [30, 27]}
					]
				},
				{
					"name": "body_lower2",
					"parent": "body_lower",
					"pivot": [0.5, 5, -5.5],
					"rotation": [60, 0, 0],
					"cubes": [
						{"origin": [-4.5, -4, -5.5], "size": [9, 9, 6], "inflate": -0.01, "uv": [0, 37]}
					]
				},
				{
					"name": "tail",
					"parent": "body_lower2",
					"pivot": [0, -4, 0.5],
					"cubes": [
						{"origin": [-5.5, -12.99, 0.49], "size": [11, 9, 0], "uv": [54, 50]}
					]
				},
				{
					"name": "wing_closed_right",
					"parent": "chest",
					"pivot": [-5, 21, 0],
					"cubes": [
						{"origin": [-6, 13, -4], "size": [1, 9, 8], "inflate": 0.01, "uv": [18, 111], "mirror": true},
						{"origin": [-5.5, 13, -5], "size": [0, 8, 10], "uv": [88, 110], "mirror": true},
						{"origin": [-5.5, 13, -5], "size": [1, 8, 0], "uv": [104, 112], "mirror": true}
					]
				},
				{
					"name": "wing_closed_right2",
					"parent": "wing_closed_right",
					"pivot": [-5.5, 13, -5],
					"cubes": [
						{"origin": [-6, 5, -3.5], "size": [1, 8, 7], "uv": [52, 113], "mirror": true},
						{"origin": [-5.49, 2, -5], "size": [0, 11, 10], "uv": [108, 96], "mirror": true},
						{"origin": [-5.5, 3, -5], "size": [1, 10, 0], "uv": [102, 110], "mirror": true}
					]
				},
				{
					"name": "wing_closed_left",
					"parent": "chest",
					"pivot": [5, 21, 0],
					"cubes": [
						{"origin": [5, 13, -4], "size": [1, 9, 8], "inflate": 0.01, "uv": [0, 111]},
						{"origin": [5.5, 13, -5], "size": [0, 8, 10], "uv": [68, 110]},
						{"origin": [4.5, 13, -5], "size": [1, 8, 0], "uv": [106, 112]}
					]
				},
				{
					"name": "wing_closed_left2",
					"parent": "wing_closed_left",
					"pivot": [5.5, 13, -5],
					"cubes": [
						{"origin": [5, 5, -3.5], "size": [1, 8, 7], "uv": [36, 113]},
						{"origin": [5.49, 2, -5], "size": [0, 11, 10], "uv": [108, 107]},
						{"origin": [4.5, 3, -5], "size": [1, 10, 0], "uv": [100, 110]}
					]
				},
				{
					"name": "wing_open_left",
					"parent": "chest",
					"pivot": [5, 21, 0],
					"cubes": [
						{"origin": [4, 15, -0.5], "size": [10, 7, 1], "inflate": 0.01, "uv": [54, 59]},
						{"origin": [2, 11, 0], "size": [12, 12, 0], "uv": [0, 52]}
					]
				},
				{
					"name": "wing_open_left2",
					"parent": "wing_open_left",
					"pivot": [14, 22, 0],
					"cubes": [
						{"origin": [14, 15, -0.5], "size": [8, 7, 1], "uv": [68, 0]},
						{"origin": [14, 11, 0.01], "size": [8, 12, 0], "uv": [0, 64]}
					]
				},
				{
					"name": "wing_open_left3",
					"parent": "wing_open_left2",
					"pivot": [22, 22, 0],
					"cubes": [
						{"origin": [22, 12, 0], "size": [8, 10, 0], "uv": [56, 67]}
					]
				},
				{
					"name": "wing_open_right",
					"parent": "chest",
					"pivot": [-5, 21, 0],
					"cubes": [
						{"origin": [-14, 15, -0.5], "size": [10, 7, 1], "inflate": 0.01, "uv": [58, 24]},
						{"origin": [-14, 11, 0], "size": [12, 12, 0], "uv": [30, 50]}
					]
				},
				{
					"name": "wing_open_right2",
					"parent": "wing_open_right",
					"pivot": [-14, 22, 0],
					"cubes": [
						{"origin": [-22, 15, -0.5], "size": [8, 7, 1], "uv": [32, 0]},
						{"origin": [-22, 11, 0.01], "size": [8, 12, 0], "uv": [24, 62]}
					]
				},
				{
					"name": "wing_open_right3",
					"parent": "wing_open_right2",
					"pivot": [-22, 22, 0],
					"cubes": [
						{"origin": [-30, 12, 0], "size": [8, 10, 0], "uv": [40, 67]}
					]
				},
				{
					"name": "body_upper",
					"parent": "chest",
					"pivot": [0, 20, 0],
					"cubes": [
						{"origin": [-5, 18, -4.5], "size": [10, 4, 9], "uv": [33, 11]},
						{"origin": [-4.5, 21, -4], "size": [9, 3, 8], "uv": [42, 0]}
					]
				},
				{
					"name": "bib",
					"parent": "body_upper",
					"pivot": [0, 22, -4.5],
					"rotation": [-27.5, 0, 0],
					"cubes": [
						{"origin": [-5.5, 19, -4.5], "size": [11, 3, 0], "uv": [30, 24]}
					]
				},
				{
					"name": "bib2",
					"parent": "bib",
					"pivot": [0, 19, -4.5],
					"rotation": [27.5, 0, 0],
					"cubes": [
						{"origin": [-5.5, 12, -4.5], "size": [11, 7, 0], "uv": [91, 11]}
					]
				},
				{
					"name": "head",
					"parent": "body_upper",
					"pivot": [0, 23, 0],
					"cubes": [
						{"origin": [-5.5, 23, -5], "size": [11, 10, 10], "uv": [0, 0]},
						{"origin": [-10, 25, -5.01], "size": [19, 5, 0], "uv": [30, 45]},
						{"origin": [-1.5, 27.25, -5.07], "size": [3, 4, 0], "uv": [0, 37]}
					]
				},
				{
					"name": "hat",
					"parent": "head",
					"pivot": [-2, 12, -1],
					"cubes": [
						{"origin": [-1, 35, 0], "size": [2, 2, 0], "pivot": [0, 36, 0], "rotation": [0, 0, 45], "uv": [6, 76]},
						{"origin": [-1, 33, -1], "size": [2, 2, 2], "uv": [16, 64]}
					]
				},
				{
					"name": "right_front",
					"parent": "hat",
					"pivot": [-1, 33, -1],
					"rotation": [0, -45, 0],
					"cubes": [
						{"origin": [-5, 33, -1], "size": [4, 2, 0], "uv": [71, 22]}
					]
				},
				{
					"name": "left_front",
					"parent": "hat",
					"pivot": [1, 33, -1],
					"rotation": [0, 45, 0],
					"cubes": [
						{"origin": [1, 33, -1], "size": [4, 2, 0], "uv": [32, 8]}
					]
				},
				{
					"name": "right_middle",
					"parent": "hat",
					"pivot": [-1, 33, 0],
					"rotation": [0, 0, 2.5],
					"cubes": [
						{"origin": [-5, 33, 0], "size": [4, 2, 0], "uv": [75, 41]}
					]
				},
				{
					"name": "left_middle",
					"parent": "hat",
					"pivot": [1, 33, 0],
					"rotation": [0, 0, -2.5],
					"cubes": [
						{"origin": [1, 33, 0], "size": [4, 2, 0], "uv": [0, 28]}
					]
				},
				{
					"name": "right_back",
					"parent": "hat",
					"pivot": [-1, 33, 1],
					"rotation": [0, 45, 0],
					"cubes": [
						{"origin": [-5, 33, 1], "size": [4, 2, 0], "uv": [16, 68]}
					]
				},
				{
					"name": "left_back",
					"parent": "hat",
					"pivot": [1, 33, 1],
					"rotation": [0, -45, 0],
					"cubes": [
						{"origin": [1, 33, 1], "size": [4, 2, 0], "uv": [0, 8]}
					]
				},
				{
					"name": "tie",
					"parent": "head",
					"pivot": [0, 24.25, -5.01],
					"rotation": [-12.5, 0, 0],
					"cubes": [
						{"origin": [-0.5, 18.25, -5.01], "size": [1, 6, 0], "uv": [8, 0]}
					]
				},
				{
					"name": "tie2",
					"parent": "tie",
					"pivot": [0, 18.25, -5.01],
					"rotation": [12.5, 0, 0],
					"cubes": [
						{"origin": [-1, 16.25, -5.01], "size": [2, 2, 0], "uv": [76, 8]},
						{"origin": [-0.5, 14.75, -5], "size": [1, 2, 0], "uv": [0, 0]}
					]
				},
				{
					"name": "beak",
					"parent": "head",
					"pivot": [0, 26.25, -5],
					"cubes": [
						{"origin": [-1, 25.25, -6.5], "size": [2, 2, 2], "uv": [76, 44]},
						{"origin": [-0.5, 24.75, -6.5], "size": [1, 1, 1], "inflate": 0.01, "uv": [76, 60]}
					]
				},
				{
					"name": "jaw",
					"parent": "beak",
					"pivot": [0, 25.25, -5],
					"cubes": [
						{"origin": [-1, 24.25, -6], "size": [2, 1, 1], "uv": [75, 58]}
					]
				},
				{
					"name": "eye_right",
					"parent": "head",
					"pivot": [0.25, 11, -1],
					"cubes": [
						{"origin": [-5.25, 25.5, -5.02], "size": [4, 3, 0], "uv": [62, 17]},
						{"origin": [-4.75, 26, -5.03], "size": [3, 3, 0], "uv": [52, 24]},
						{"origin": [-4.25, 26.5, -5.04], "size": [2, 2, 0], "uv": [76, 56]},
						{"origin": [-3.75, 27, -5.05], "size": [1, 1, 0], "uv": [6, 1]}
					]
				},
				{
					"name": "eyelid_right",
					"parent": "eye_right",
					"pivot": [0.75, 10.5, -0.9],
					"cubes": [
						{"origin": [-5.25, 25.5, -4.93], "size": [4, 4, 0], "inflate": 0.02, "uv": [62, 11]}
					]
				},
				{
					"name": "eye_left",
					"parent": "head",
					"pivot": [6.75, 12, -1],
					"cubes": [
						{"origin": [1.25, 25.5, -5.02], "size": [4, 3, 0], "uv": [30, 27]},
						{"origin": [1.75, 26, -5.03], "size": [3, 3, 0], "uv": [24, 52]},
						{"origin": [2.25, 26.5, -5.04], "size": [2, 2, 0], "uv": [14, 76]},
						{"origin": [2.75, 27, -5.05], "size": [1, 1, 0], "uv": [6, 0]}
					]
				},
				{
					"name": "eyelid_left",
					"parent": "eye_left",
					"pivot": [0.75, 10.5, -0.9],
					"cubes": [
						{"origin": [1.25, 25.5, -4.93], "size": [4, 4, 0], "inflate": 0.02, "uv": [66, 11]}
					]
				},
				{
					"name": "eyebrow_right",
					"parent": "head",
					"pivot": [-1.5, 27.25, -5.06],
					"rotation": [0, 0, 15],
					"cubes": [
						{"origin": [-9.5, 27.25, -5.06], "size": [8, 2, 0], "uv": [58, 32]},
						{"origin": [-8.5, 26.25, -5.07], "size": [2, 4, 0], "uv": [76, 48]},
						{"origin": [-10.5, 27.75, -5.04], "size": [2, 1, 0], "uv": [58, 36]}
					]
				},
				{
					"name": "eyebrow_left",
					"parent": "head",
					"pivot": [1.5, 27.25, -5.06],
					"rotation": [0, 0, -15],
					"cubes": [
						{"origin": [1.5, 27.25, -5.06], "size": [8, 2, 0], "uv": [58, 34]},
						{"origin": [6.5, 26.25, -5.07], "size": [2, 4, 0], "uv": [76, 52]},
						{"origin": [8.5, 27.75, -5.04], "size": [2, 1, 0], "uv": [24, 61]}
					]
				},
				{
					"name": "leg_right",
					"parent": "body",
					"pivot": [-2.5, 6, 1],
					"cubes": [
						{"origin": [-3.5, 1, 0], "size": [2, 6, 2], "uv": [0, 20]}
					]
				},
				{
					"name": "foot_right",
					"parent": "leg_right",
					"pivot": [-2.5, 2, 0],
					"cubes": [
						{"origin": [-4, 0, 0], "size": [3, 2, 3], "uv": [68, 36]}
					]
				},
				{
					"name": "toe_right1",
					"parent": "foot_right",
					"pivot": [-4, 2, 2.5],
					"rotation": [0, 37.5, 0],
					"cubes": [
						{"origin": [-3.9781, 0, -0.48338], "size": [2, 2, 3], "inflate": 0.01, "uv": [72, 67]}
					]
				},
				{
					"name": "toe_right1_2",
					"parent": "toe_right1",
					"pivot": [-2.9781, 2, -0.48338],
					"cubes": [
						{"origin": [-3.9781, 0, -2.48338], "size": [2, 2, 2], "uv": [0, 76]},
						{"origin": [-2.9781, 0, -4.48338], "size": [0, 2, 2], "uv": [30, 72]}
					]
				},
				{
					"name": "toe_right2",
					"parent": "foot_right",
					"pivot": [-2.5, 2, 0],
					"cubes": [
						{"origin": [-3.5, 0, -2], "size": [2, 2, 2], "inflate": 0.01, "uv": [16, 76]}
					]
				},
				{
					"name": "toe_right2_2",
					"parent": "toe_right2",
					"pivot": [-2.5, 2, -2],
					"cubes": [
						{"origin": [-3.5, 0, -4], "size": [2, 2, 2], "uv": [8, 76]},
						{"origin": [-2.5, 0, -6], "size": [0, 2, 2], "uv": [70, 15]}
					]
				},
				{
					"name": "toe_right3",
					"parent": "foot_right",
					"pivot": [-1, 2, 2.5],
					"rotation": [0, -37.5, 0],
					"cubes": [
						{"origin": [-3.0219, 0, -0.48338], "size": [2, 2, 3], "inflate": 0.01, "uv": [71, 17]}
					]
				},
				{
					"name": "toe_right3_2",
					"parent": "toe_right3",
					"pivot": [-2.0219, 2, -0.48338],
					"cubes": [
						{"origin": [-3.0219, 0, -2.48338], "size": [2, 2, 2], "uv": [74, 32]},
						{"origin": [-2.0219, 0, -4.48338], "size": [0, 2, 2], "uv": [49, 60]}
					]
				},
				{
					"name": "toe_right_back",
					"parent": "foot_right",
					"pivot": [-2.5, 2, 3],
					"cubes": [
						{"origin": [-3.5, 0, 3], "size": [2, 2, 1], "inflate": 0.01, "uv": [24, 40]},
						{"origin": [-2.5, 0, 4], "size": [0, 2, 2], "inflate": 0.01, "uv": [24, 57]}
					]
				},
				{
					"name": "leg_left",
					"parent": "body",
					"pivot": [2.5, 6, 1],
					"cubes": [
						{"origin": [1.5, 1, 0], "size": [2, 6, 2], "uv": [0, 0]}
					]
				},
				{
					"name": "foot_left",
					"parent": "leg_left",
					"pivot": [2.5, 2, 0],
					"cubes": [
						{"origin": [1, 0, 0], "size": [3, 2, 3], "uv": [40, 62]}
					]
				},
				{
					"name": "toe_left1",
					"parent": "foot_left",
					"pivot": [1, 2, 2.5],
					"rotation": [0, 37.5, 0],
					"cubes": [
						{"origin": [1.0219, 0, -0.48338], "size": [2, 2, 3], "inflate": 0.01, "uv": [68, 41]}
					]
				},
				{
					"name": "toe_left1_2",
					"parent": "toe_left1",
					"pivot": [2.0219, 2, -0.48338],
					"cubes": [
						{"origin": [1.0219, 0, -2.48338], "size": [2, 2, 2], "uv": [68, 46]},
						{"origin": [2.0219, 0, -4.48338], "size": [0, 2, 2], "uv": [0, 39]}
					]
				},
				{
					"name": "toe_left2",
					"parent": "foot_left",
					"pivot": [2.5, 2, 0],
					"cubes": [
						{"origin": [1.5, 0, -2], "size": [2, 2, 2], "inflate": 0.01, "uv": [24, 74]}
					]
				},
				{
					"name": "toe_left2_2",
					"parent": "toe_left2",
					"pivot": [2.5, 2, -2],
					"cubes": [
						{"origin": [1.5, 0, -4], "size": [2, 2, 2], "uv": [72, 72]},
						{"origin": [2.5, 0, -6], "size": [0, 2, 2], "uv": [24, 53]}
					]
				},
				{
					"name": "toe_left3",
					"parent": "foot_left",
					"pivot": [4, 2, 2.5],
					"rotation": [0, -37.5, 0],
					"cubes": [
						{"origin": [1.9781, 0, -0.48338], "size": [2, 2, 3], "inflate": 0.01, "uv": [16, 71]}
					]
				},
				{
					"name": "toe_left3_2",
					"parent": "toe_left3",
					"pivot": [2.9781, 2, -0.48338],
					"cubes": [
						{"origin": [1.9781, 0, -2.48338], "size": [2, 2, 2], "uv": [32, 74]},
						{"origin": [2.9781, 0, -4.48338], "size": [0, 2, 2], "uv": [24, 55]}
					]
				},
				{
					"name": "toe_left_back",
					"parent": "foot_left",
					"pivot": [2.5, 2, 3],
					"cubes": [
						{"origin": [1.5, 0, 3], "size": [2, 2, 1], "inflate": 0.01, "uv": [24, 37]},
						{"origin": [2.5, 0, 4], "size": [0, 2, 2], "inflate": 0.01, "uv": [6, 18]}
					]
				}
			]
		}
	]
}