{
	"format_version": "1.12.0",
	"minecraft:geometry": [
		{
			"description": {
				"identifier": "geometry.obsideon",
				"texture_width": 64,
				"texture_height": 64,
				"visible_bounds_width": 4,
				"visible_bounds_height": 3.5,
				"visible_bounds_offset": [0, 1.25, 0]
			},
			"bones": [
				{
					"name": "eeveeon",
					"pivot": [0, 0, 0]
				},
				{
					"name": "body",
					"parent": "eeveeon",
					"pivot": [0, 9.75, 0]
				},
				{
					"name": "torso",
					"parent": "body",
					"pivot": [0, 9.75, 0],
					"cubes": [
						{"origin": [-3.5, 6.74997, -6.64], "size": [7, 6, 7], "uv": [21, 24]}
					]
				},
				{
					"name": "shoulderblade",
					"parent": "torso",
					"pivot": [3.25, 10.74997, -4.14],
					"cubes": [
						{"origin": [2.75, 11.06259, -5.54476], "size": [1, 3, 4], "inflate": 0.02, "pivot": [3.25, 12.56259, -3.29476], "rotation": [-5, 0, 0], "uv": [11, 31]},
						{"origin": [2.75, 7.31313, -6.68024], "size": [1, 5, 2], "inflate": 0.01, "pivot": [3.25, 9.81313, -5.68024], "rotation": [-17.5, 0, 0], "uv": [0, 17]},
						{"origin": [2.75, 8.74997, -9.14], "size": [1, 2, 4], "pivot": [3.25, 10.74997, -4.14], "rotation": [-10, 0, 0], "uv": [0, 44]},
						{"origin": [2.75, 13.74997, -5.64], "size": [1, 3, 3], "pivot": [3.25, 10.74997, -4.14], "rotation": [-25, 0, 0], "uv": [30, 44]},
						{"origin": [2.75, 16.74997, -5.64], "size": [1, 3, 2], "pivot": [3.25, 10.74997, -4.14], "rotation": [-25, 0, 0], "uv": [16, 0]}
					]
				},
				{
					"name": "shoulderblade2",
					"parent": "torso",
					"pivot": [-3.25, 10.74997, -4.14],
					"cubes": [
						{"origin": [-3.75, 11.06259, -5.54476], "size": [1, 3, 4], "inflate": 0.02, "pivot": [-3.25, 12.56259, -3.29476], "rotation": [-5, 0, 0], "uv": [11, 31], "mirror": true},
						{"origin": [-3.75, 7.31313, -6.68024], "size": [1, 5, 2], "inflate": 0.01, "pivot": [-3.25, 9.81313, -5.68024], "rotation": [-17.5, 0, 0], "uv": [0, 17], "mirror": true},
						{"origin": [-3.75, 8.74997, -9.14], "size": [1, 2, 4], "pivot": [-3.25, 10.74997, -4.14], "rotation": [-10, 0, 0], "uv": [0, 44], "mirror": true},
						{"origin": [-3.75, 13.74997, -5.64], "size": [1, 3, 3], "pivot": [-3.25, 10.74997, -4.14], "rotation": [-25, 0, 0], "uv": [30, 44], "mirror": true},
						{"origin": [-3.75, 16.74997, -5.64], "size": [1, 3, 2], "pivot": [-3.25, 10.74997, -4.14], "rotation": [-25, 0, 0], "uv": [16, 0], "mirror": true}
					]
				},
				{
					"name": "leg_front_left",
					"parent": "torso",
					"pivot": [2.5, 9, -4.5],
					"rotation": [7.5, 0, 0],
					"cubes": [
						{"origin": [1, 4.5, -6], "size": [3, 6, 3], "inflate": 0.01, "uv": [0, 0]}
					]
				},
				{
					"name": "leg_front_left2",
					"parent": "leg_front_left",
					"pivot": [2.5, 4.5, -3],
					"rotation": [-22.5, 0, 0],
					"cubes": [
						{"origin": [1, 0.5, -6], "size": [3, 4, 3], "inflate": 0.03, "uv": [30, 37]}
					]
				},
				{
					"name": "leg_front_left3",
					"parent": "leg_front_left2",
					"pivot": [2.5, 1, -4.5],
					"rotation": [15, 0, 0],
					"cubes": [
						{"origin": [1, -0.75, -6.25], "size": [3, 2, 3], "inflate": 0.01, "uv": [42, 23]}
					]
				},
				{
					"name": "leg_front_right",
					"parent": "torso",
					"pivot": [-2.5, 9, -4.5],
					"rotation": [7.5, 0, 0],
					"cubes": [
						{"origin": [-4, 4.5, -6], "size": [3, 6, 3], "inflate": 0.01, "uv": [0, 0], "mirror": true}
					]
				},
				{
					"name": "leg_front_right2",
					"parent": "leg_front_right",
					"pivot": [-2.5, 4.5, -3],
					"rotation": [-22.5, 0, 0],
					"cubes": [
						{"origin": [-4, 0.5, -6], "size": [3, 4, 3], "inflate": 0.03, "uv": [30, 37], "mirror": true}
					]
				},
				{
					"name": "leg_front_right3",
					"parent": "leg_front_right2",
					"pivot": [-2.5, 1, -4.5],
					"rotation": [15, 0, 0],
					"cubes": [
						{"origin": [-4, -0.75, -6.25], "size": [3, 2, 3], "inflate": 0.01, "uv": [42, 23], "mirror": true}
					]
				},
				{
					"name": "head",
					"parent": "torso",
					"pivot": [0, 12.49997, -5.96093],
					"cubes": [
						{"origin": [-3.5, 10.99997, -11.98], "size": [7, 7, 7], "inflate": 0.01, "uv": [0, 17]},
						{"origin": [-2.5, 10.99997, -12.95], "size": [5, 2, 1], "uv": [0, 9]},
						{"origin": [-0.5, 11.99997, -12.96], "size": [1, 1, 0], "uv": [0, 0]},
						{"origin": [-3.48, 17.81997, -8.96093], "size": [6, 2, 0], "pivot": [0.02, 18.81997, -8.96093], "rotation": [0, 90, 0], "uv": [16, 10]},
						{"origin": [2.61643, 12.0276, -6.89554], "size": [3, 3, 0], "pivot": [4.11643, 13.5276, -6.89554], "rotation": [9.72039, -46.46678, -17.66981], "uv": [0, 34]},
						{"origin": [-5.61643, 12.0276, -6.89554], "size": [3, 3, 0], "pivot": [-4.11643, 13.5276, -6.89554], "rotation": [9.72039, 46.46678, 17.66981], "uv": [0, 34], "mirror": true}
					]
				},
				{
					"name": "mouth",
					"parent": "head",
					"pivot": [0, 11.5, -12.715],
					"cubes": [
						{"origin": [-1, 11, -12.965], "size": [2, 1, 0], "uv": [16, 5]}
					]
				},
				{
					"name": "eyes",
					"parent": "head",
					"pivot": [0, 14.12178, -11.96093]
				},
				{
					"name": "eye_left",
					"parent": "eyes",
					"pivot": [2.515, 14.25, -11.495],
					"cubes": [
						{"origin": [1.515, 13.25, -11.995], "size": [2, 2, 2], "uv": [42, 37]}
					]
				},
				{
					"name": "eyelid_left",
					"parent": "eye_left",
					"pivot": [2.415, 14.25, -11.395],
					"cubes": [
						{"origin": [1.415, 13.25, -11.895], "size": [2, 2, 2], "inflate": 0.01, "uv": [42, 0]}
					]
				},
				{
					"name": "eye_right",
					"parent": "eyes",
					"pivot": [-2.515, 14.25, -11.495],
					"cubes": [
						{"origin": [-3.515, 13.25, -11.995], "size": [2, 2, 2], "uv": [42, 37], "mirror": true}
					]
				},
				{
					"name": "eyelid_right",
					"parent": "eye_right",
					"pivot": [-2.415, 14.25, -11.395],
					"cubes": [
						{"origin": [-3.415, 13.25, -11.895], "size": [2, 2, 2], "inflate": 0.01, "uv": [42, 0], "mirror": true}
					]
				},
				{
					"name": "ear_left",
					"parent": "head",
					"pivot": [2.5, 17.24997, -7.46093],
					"rotation": [19.25417, -30.23437, -1.55601],
					"cubes": [
						{"origin": [1.21012, 16.84808, -7.99814], "size": [3, 2, 1], "pivot": [3.15164, 15.81449, -9.8749], "rotation": [-29.83194, -25.98482, 59.42373], "uv": [46, 4]},
						{"origin": [0.21012, 18.84808, -7.99814], "size": [5, 4, 1], "pivot": [3.15164, 15.81449, -9.8749], "rotation": [-29.83194, -25.98482, 59.42373], "uv": [42, 10]},
						{"origin": [0.21012, 22.84808, -7.99814], "size": [4, 3, 1], "pivot": [3.15164, 15.81449, -9.8749], "rotation": [-29.83194, -25.98482, 59.42373], "uv": [26, 0]},
						{"origin": [0.21012, 25.84808, -7.99814], "size": [3, 2, 1], "pivot": [3.15164, 15.81449, -9.8749], "rotation": [-29.83194, -25.98482, 59.42373], "uv": [42, 28]},
						{"origin": [0.21012, 27.84808, -7.99814], "size": [2, 2, 1], "pivot": [3.15164, 15.81449, -9.8749], "rotation": [-29.83194, -25.98482, 59.42373], "uv": [0, 31]},
						{"origin": [0.21012, 29.84808, -7.99814], "size": [1, 1, 1], "pivot": [3.15164, 15.81449, -9.8749], "rotation": [-29.83194, -25.98482, 59.42373], "uv": [26, 4]}
					]
				},
				{
					"name": "ear_right",
					"parent": "head",
					"pivot": [-2.5, 17.24997, -7.46093],
					"rotation": [19.25417, 30.23437, 1.55601],
					"cubes": [
						{"origin": [-4.21012, 16.84808, -7.99814], "size": [3, 2, 1], "pivot": [-3.15164, 15.81449, -9.8749], "rotation": [-29.83194, 25.98482, -59.42373], "uv": [46, 4], "mirror": true},
						{"origin": [-5.21012, 18.84808, -7.99814], "size": [5, 4, 1], "pivot": [-3.15164, 15.81449, -9.8749], "rotation": [-29.83194, 25.98482, -59.42373], "uv": [42, 10], "mirror": true},
						{"origin": [-4.21012, 22.84808, -7.99814], "size": [4, 3, 1], "pivot": [-3.15164, 15.81449, -9.8749], "rotation": [-29.83194, 25.98482, -59.42373], "uv": [26, 0], "mirror": true},
						{"origin": [-3.21012, 25.84808, -7.99814], "size": [3, 2, 1], "pivot": [-3.15164, 15.81449, -9.8749], "rotation": [-29.83194, 25.98482, -59.42373], "uv": [42, 28], "mirror": true},
						{"origin": [-2.21012, 27.84808, -7.99814], "size": [2, 2, 1], "pivot": [-3.15164, 15.81449, -9.8749], "rotation": [-29.83194, 25.98482, -59.42373], "uv": [0, 31], "mirror": true},
						{"origin": [-1.21012, 29.84808, -7.99814], "size": [1, 1, 1], "pivot": [-3.15164, 15.81449, -9.8749], "rotation": [-29.83194, 25.98482, -59.42373], "uv": [26, 4], "mirror": true}
					]
				},
				{
					"name": "hips",
					"parent": "torso",
					"pivot": [0, 9.74997, 0.01907],
					"cubes": [
						{"origin": [-3.5, 6.74997, 0.36], "size": [7, 6, 7], "uv": [21, 10]}
					]
				},
				{
					"name": "leg_back_left",
					"parent": "hips",
					"pivot": [2.5, 8.99997, 4.75],
					"rotation": [5, 0, 0],
					"cubes": [
						{"origin": [1, 4.49997, 2.75], "size": [3, 6, 4], "inflate": 0.01, "uv": [32, 0]}
					]
				},
				{
					"name": "leg_back_left2",
					"parent": "leg_back_left",
					"pivot": [2.5, 4.49997, 6.25],
					"rotation": [-12.5, 0, 0],
					"cubes": [
						{"origin": [1, 0.74997, 4.25], "size": [3, 4, 3], "uv": [18, 37]},
						{"origin": [3, 2.74997, 6.25], "size": [1, 2, 4], "pivot": [2.5, 2.74997, 7.75], "rotation": [37.55605, 19.95861, 2.82369], "uv": [20, 44]}
					]
				},
				{
					"name": "leg_back_left3",
					"parent": "leg_back_left2",
					"pivot": [2.5, 1.24997, 5.75],
					"rotation": [7.5, 0, 0],
					"cubes": [
						{"origin": [1, -0.25003, 4], "size": [3, 2, 3], "inflate": 0.01, "uv": [39, 41]}
					]
				},
				{
					"name": "leg_back_right",
					"parent": "hips",
					"pivot": [-2.5, 8.99997, 4.75],
					"rotation": [5, 0, 0],
					"cubes": [
						{"origin": [-4, 4.49997, 2.75], "size": [3, 6, 4], "inflate": 0.01, "uv": [32, 0], "mirror": true}
					]
				},
				{
					"name": "leg_back_right2",
					"parent": "leg_back_right",
					"pivot": [-2.5, 4.49997, 6.25],
					"rotation": [-12.5, 0, 0],
					"cubes": [
						{"origin": [-4, 0.74997, 4.25], "size": [3, 4, 3], "uv": [18, 37], "mirror": true},
						{"origin": [-4, 2.74997, 6.25], "size": [1, 2, 4], "pivot": [-2.5, 2.74997, 7.75], "rotation": [37.55605, -19.95861, -2.82369], "uv": [20, 44], "mirror": true}
					]
				},
				{
					"name": "leg_back_right3",
					"parent": "leg_back_right2",
					"pivot": [-2.5, 1.24997, 5.75],
					"rotation": [7.5, 0, 0],
					"cubes": [
						{"origin": [-4, -0.25003, 4], "size": [3, 2, 3], "inflate": 0.01, "uv": [39, 41], "mirror": true}
					]
				},
				{
					"name": "tail",
					"parent": "hips",
					"pivot": [0.07143, 10.77854, 6.78336],
					"rotation": [-22.5, 0, 0],
					"cubes": [
						{"origin": [-0.92857, 8.27854, 3.78336], "size": [2, 6, 7], "inflate": 0.002, "pivot": [0.07143, 10.71854, 6.78336], "rotation": [55, 0, 0], "uv": [0, 31]},
						{"origin": [-0.92857, 9.02854, -6.21664], "size": [2, 5, 12], "pivot": [0.07143, 10.71854, 6.78336], "rotation": [22.5, 0, 0], "uv": [0, 0]},
						{"origin": [-0.92857, 12.03233, 4.89736], "size": [2, 4, 6], "pivot": [0.07143, 15.76221, 6.72087], "rotation": [70, 0, 0], "uv": [16, 0]},
						{"origin": [-0.42857, 16.87328, 8.10628], "size": [1, 3, 3], "pivot": [0.07143, 19.67573, 8.06805], "rotation": [70, 0, 0], "uv": [10, 44]}
					]
				}
			]
		}
	]
}