{
	"format_version": "1.12.0",
	"minecraft:geometry": [
		{
			"description": {
				"identifier": "geometry.unknown",
				"texture_width": 128,
				"texture_height": 128,
				"visible_bounds_width": 4,
				"visible_bounds_height": 5.5,
				"visible_bounds_offset": [0, 2.25, 0]
			},
			"bones": [
				{
					"name": "polcoffeist",
					"pivot": [0, 0, 0]
				},
				{
					"name": "cup",
					"parent": "polcoffeist",
					"pivot": [9.5, 0, -5.5],
					"cubes": [
						{"origin": [-10.5, 26, -1.5], "size": [4, 3, 3], "uv": [36, 66]},
						{"origin": [-7.5, 12, -7.5], "size": [15, 4, 15], "uv": [0, 29]},
						{"origin": [-5.5, 30, -5.5], "size": [11, 4, 11], "uv": [45, 18]},
						{"origin": [5.5, 31, -2.5], "size": [2, 3, 5], "uv": [0, 29]},
						{"origin": [-6.5, 16, -6.5], "size": [13, 16, 13], "uv": [0, 0]},
						{"origin": [-10.5, 17, -1.5], "size": [4, 3, 3], "uv": [0, 37]},
						{"origin": [-12.5, 18, -1.5], "size": [3, 10, 3], "inflate": 0.01, "uv": [0, 0]}
					]
				},
				{
					"name": "leg",
					"parent": "cup",
					"pivot": [-0.5, 0, 0.5]
				},
				{
					"name": "left",
					"parent": "leg",
					"pivot": [-6.5, 0, 0.5],
					"cubes": [
						{"origin": [-4, 7, -2.5], "size": [3, 6, 3], "uv": [45, 33]}
					]
				},
				{
					"name": "bone",
					"parent": "leg",
					"pivot": [-0.5, 0, 0.5],
					"cubes": [
						{"origin": [1, 8, -0.5], "size": [3, 4, 3], "uv": [12, 68]}
					]
				},
				{
					"name": "smoak_all",
					"parent": "cup",
					"pivot": [6.5, 14, 4.525]
				},
				{
					"name": "smoke_float_right",
					"parent": "smoak_all",
					"pivot": [6.5, 14, 4.525],
					"cubes": [
						{"origin": [22.5, 30, 3.525], "size": [6, 7, 0], "pivot": [25.5, 33.5, 3.525], "rotation": [0, 0, -7], "uv": [0, 68]}
					]
				},
				{
					"name": "tripple_smoke",
					"parent": "smoak_all",
					"pivot": [-20.2687, 51.6784, -1.607]
				},
				{
					"name": "bone9",
					"parent": "tripple_smoke",
					"pivot": [16.05214, 53.95823, -2.607],
					"cubes": [
						{"origin": [-1.0437, 59.6784, -3.532], "size": [4, 3, 0], "pivot": [3.2313, 61.1784, -1.607], "rotation": [0, 0, -21], "uv": [50, 0]}
					]
				},
				{
					"name": "bone8",
					"parent": "tripple_smoke",
					"pivot": [-6.94786, 41.95823, -2.607],
					"cubes": [
						{"origin": [-16.8937, 42.6784, -3.307], "size": [5, 4, 0], "uv": [39, 7]}
					]
				},
				{
					"name": "bone7",
					"parent": "tripple_smoke",
					"pivot": [-6.94786, 41.95823, -2.607],
					"cubes": [
						{"origin": [-18.0687, 47.6784, -0.982], "size": [2, 3, 0], "pivot": [-19.7687, 49.1784, -1.607], "rotation": [0, 0, -6.5], "uv": [52, 14]}
					]
				},
				{
					"name": "lid",
					"parent": "cup",
					"pivot": [-0.5, 0, 0.5],
					"cubes": [
						{"origin": [-7.5, 31, -7.5], "size": [15, 4, 2], "uv": [62, 54]},
						{"origin": [-7.5, 31, -5.5], "size": [2, 4, 11], "uv": [21, 66]},
						{"origin": [-7.5, 31, 5.5], "size": [15, 4, 2], "uv": [62, 48]},
						{"origin": [5.5, 31, 2.5], "size": [2, 4, 3], "uv": [52, 4]},
						{"origin": [5.5, 31, -5.5], "size": [2, 4, 3], "uv": [71, 0]},
						{"origin": [7.5, 32, -5.5], "size": [4, 3, 11], "uv": [52, 0]},
						{"origin": [11.5, 33, -2.5], "size": [3, 2, 5], "uv": [39, 0]}
					]
				},
				{
					"name": "smoke_right",
					"parent": "cup",
					"pivot": [7, 25, 2.3],
					"rotation": [0, 0, 9.5]
				},
				{
					"name": "smoke2",
					"parent": "smoke_right",
					"pivot": [6.625, 24.25, 5.8],
					"cubes": [
						{"origin": [3.5, 19, 5.8], "size": [17, 15, 0], "uv": [60, 33]}
					]
				},
				{
					"name": "smoke3",
					"parent": "smoke2",
					"pivot": [12, 32.83333, 5.825],
					"cubes": [
						{"origin": [8.5, 33, 5.825], "size": [17, 20, 0], "uv": [0, 86]}
					]
				},
				{
					"name": "head",
					"parent": "cup",
					"pivot": [-0.00833, 39.05833, -1.791]
				},
				{
					"name": "body",
					"parent": "head",
					"pivot": [-0.01666, 26, -0.582],
					"cubes": [
						{"origin": [-3.49166, 26, -4.607], "size": [6, 13, 6], "uv": [56, 60]}
					]
				},
				{
					"name": "head_top",
					"parent": "body",
					"pivot": [-0.49166, 37.925, -1.607],
					"rotation": [0, 0, 5.75],
					"cubes": [
						{"origin": [-3.49166, 38, -4.607], "size": [6, 7, 6], "inflate": 0.01, "uv": [74, 73]}
					]
				},
				{
					"name": "smoke_head",
					"parent": "head_top",
					"pivot": [-3.94786, 40.95823, -2.607],
					"cubes": [
						{"origin": [-7.7687, 41.6784, -1.607], "size": [15, 18, 0], "pivot": [-3.94786, 40.95823, -2.607], "rotation": [0, 0, -37.5], "uv": [32, 48]}
					]
				},
				{
					"name": "mouth",
					"parent": "head_top",
					"pivot": [-0.01666, 26, -0.582],
					"cubes": [
						{"origin": [-1.01666, 38.15, -4.632], "size": [1, 1, 0], "uv": [39, 2]},
						{"origin": [-0.01666, 38.55, -4.632], "size": [1, 1, 0], "uv": [0, 39]},
						{"origin": [-2.01666, 38.55, -4.632], "size": [1, 1, 0], "uv": [13, 38]}
					]
				},
				{
					"name": "eye_left3",
					"parent": "head_top",
					"pivot": [2.98334, 26, -0.557],
					"cubes": [
						{"origin": [0.53334, 41.775, -4.434], "size": [1, 1, 0], "inflate": -0.2, "uv": [13, 39]},
						{"origin": [0.18334, 41.775, -4.434], "size": [1, 1, 0], "inflate": -0.2, "uv": [39, 4]},
						{"origin": [-0.01666, 40, -4.632], "size": [2, 3, 0], "uv": [0, 30]},
						{"origin": [-0.11666, 40.325, -4.545], "size": [1, 1, 0], "inflate": -0.1, "uv": [39, 3]},
						{"origin": [0.55834, 40.2, -4.415], "size": [1, 2, 0], "inflate": -0.225, "uv": [0, 37]}
					]
				},
				{
					"name": "eye_right",
					"parent": "head_top",
					"pivot": [-0.01666, 26, -0.557],
					"cubes": [
						{"origin": [-2.46666, 41.775, -4.434], "size": [1, 1, 0], "inflate": -0.2, "uv": [41, 3]},
						{"origin": [-2.81666, 41.775, -4.434], "size": [1, 1, 0], "inflate": -0.2, "uv": [41, 2]},
						{"origin": [-3.01666, 40, -4.632], "size": [2, 3, 0], "uv": [9, 31]},
						{"origin": [-3.11666, 40.325, -4.545], "size": [1, 1, 0], "inflate": -0.1, "uv": [41, 4]},
						{"origin": [-2.44166, 40.2, -4.415], "size": [1, 2, 0], "inflate": -0.225, "uv": [11, 38]}
					]
				},
				{
					"name": "left_hand",
					"parent": "body",
					"pivot": [2.51666, 38, -3.082],
					"rotation": [-1.24054, 11.18227, 38.62855],
					"cubes": [
						{"origin": [2.46666, 38, -3.582], "size": [4, 0, 1], "pivot": [4.46666, 38, -3.082], "rotation": [-2.5, 0, 0], "uv": [38, 11]}
					]
				},
				{
					"name": "bone4",
					"parent": "left_hand",
					"pivot": [6.21917, 37.71157, -3.0932],
					"rotation": [30.0323, 73.31647, 39.48697],
					"cubes": [
						{"origin": [5.687, 37.89654, -3.76372], "size": [3, 0, 1], "uv": [8, 29]}
					]
				},
				{
					"name": "bone5",
					"parent": "bone4",
					"pivot": [9.00307, 38.19203, -3.87466],
					"rotation": [0, 33.25, 12.25],
					"cubes": [
						{"origin": [8.22331, 37.83618, -4.0459], "size": [2, 0, 1], "uv": [0, 29]}
					]
				},
				{
					"name": "finger_right2",
					"parent": "bone5",
					"pivot": [9.6768, 37.46846, -3.35472],
					"rotation": [60.25801, 64.47745, 46.55332],
					"cubes": [
						{"origin": [10.89697, 36.07823, -2.95141], "size": [1, 0, 1], "pivot": [11.39697, 36.17823, -2.45141], "rotation": [-71.13594, -23.14412, 89.13536], "uv": [0, 2]},
						{"origin": [10.14903, 37.56815, -3.50297], "size": [2, 0, 1], "pivot": [10.64903, 37.56815, -3.10297], "rotation": [-48.98019, -17.18912, 53.20346], "uv": [8, 2]}
					]
				},
				{
					"name": "finger_left2",
					"parent": "bone5",
					"pivot": [9.2268, 37.49346, -3.87972],
					"rotation": [31.5333, -28.80045, -19.50557],
					"cubes": [
						{"origin": [10.79118, 36.13305, -3.31488], "size": [1, 0, 1], "pivot": [10.793, 36.17522, -2.5884], "rotation": [-30.01235, 1.02995, 117.25896], "uv": [0, 1]},
						{"origin": [9.99903, 37.54315, -4.02797], "size": [2, 0, 1], "pivot": [10.19903, 37.59315, -3.62797], "rotation": [-17.71958, -24.64649, 62.93572], "uv": [8, 1]}
					]
				},
				{
					"name": "finger_mid2",
					"parent": "bone5",
					"pivot": [9.2768, 37.76846, -3.70472],
					"rotation": [-1.00174, 5.66236, 2.20046],
					"cubes": [
						{"origin": [10.84118, 36.40805, -3.13988], "size": [1, 0, 1], "pivot": [10.843, 36.45022, -2.4134], "rotation": [-28.7372, -9.10847, 99.373], "uv": [0, 0]},
						{"origin": [10.04903, 37.81815, -3.85297], "size": [2, 0, 1], "pivot": [10.24903, 37.86815, -3.45297], "rotation": [-17.71958, -24.64649, 62.93572], "uv": [8, 0]}
					]
				},
				{
					"name": "right_hand",
					"parent": "body",
					"pivot": [-3.51666, 38, -3.082],
					"rotation": [-1.24054, -11.18227, -38.62855],
					"cubes": [
						{"origin": [-7.46666, 38, -3.582], "size": [4, 0, 1], "pivot": [-5.46666, 38, -3.082], "rotation": [-2.5, 0, 0], "uv": [38, 12]}
					]
				},
				{
					"name": "bone2",
					"parent": "right_hand",
					"pivot": [-7.21917, 37.71157, -3.0932],
					"rotation": [30.0323, -73.31647, -39.48697],
					"cubes": [
						{"origin": [-9.687, 37.89654, -3.76372], "size": [3, 0, 1], "uv": [8, 30]}
					]
				},
				{
					"name": "bone3",
					"parent": "bone2",
					"pivot": [-10.00307, 38.19203, -3.87466],
					"rotation": [0, -33.25, -12.25],
					"cubes": [
						{"origin": [-11.22331, 37.83618, -4.0459], "size": [2, 0, 1], "uv": [38, 1]}
					]
				},
				{
					"name": "finger_right",
					"parent": "bone3",
					"pivot": [-10.6768, 37.46846, -3.35472],
					"rotation": [62.75801, -64.47745, -46.55332],
					"cubes": [
						{"origin": [-12.89697, 36.07823, -2.95141], "size": [1, 0, 1], "pivot": [-12.39697, 36.17823, -2.45141], "rotation": [-71.13594, 23.14412, -89.13536], "uv": [12, 31]},
						{"origin": [-13.14903, 37.56815, -3.50297], "size": [2, 0, 1], "pivot": [-11.64903, 37.56815, -3.10297], "rotation": [-48.98019, 17.18912, -53.20346], "uv": [0, 33]}
					]
				},
				{
					"name": "finger_left",
					"parent": "bone3",
					"pivot": [-10.2268, 37.49346, -3.87972],
					"rotation": [25.12396, 25.54475, 25.17253],
					"cubes": [
						{"origin": [-12.79118, 36.13305, -3.31488], "size": [1, 0, 1], "pivot": [-11.793, 36.17522, -2.5884], "rotation": [-30.01235, -1.02995, -117.25896], "uv": [12, 32]},
						{"origin": [-12.99903, 37.54315, -4.02797], "size": [2, 0, 1], "pivot": [-11.19903, 37.59315, -3.62797], "rotation": [-17.71958, 24.64649, -62.93572], "uv": [10, 37]}
					]
				},
				{
					"name": "finger_mid",
					"parent": "bone3",
					"pivot": [-10.2768, 37.76846, -3.70472],
					"rotation": [-1.00174, -5.66236, -2.20046],
					"cubes": [
						{"origin": [-12.84118, 36.40805, -3.13988], "size": [1, 0, 1], "pivot": [-11.843, 36.45022, -2.4134], "rotation": [-28.7372, 9.10847, -99.373], "uv": [12, 33]},
						{"origin": [-13.04903, 37.81815, -3.85297], "size": [2, 0, 1], "pivot": [-11.24903, 37.86815, -3.45297], "rotation": [-17.71958, 24.64649, -62.93572], "uv": [38, 0]}
					]
				}
			]
		}
	]
}