{
	"format_version": "1.12.0",
	"minecraft:geometry": [
		{
			"description": {
				"identifier": "geometry.quaxolotl",
				"texture_width": 128,
				"texture_height": 128,
				"visible_bounds_width": 7,
				"visible_bounds_height": 3.5,
				"visible_bounds_offset": [0, 1.25, 0]
			},
			"bones": [
				{
					"name": "quaxolotl",
					"pivot": [0, 0, 0]
				},
				{
					"name": "body",
					"parent": "quaxolotl",
					"pivot": [0, 0, 0]
				},
				{
					"name": "torso",
					"parent": "body",
					"pivot": [0, 12, 14],
					"cubes": [
						{"origin": [-5, 8.5, 8], "size": [10, 8, 10], "uv": [38, 10]}
					]
				},
				{
					"name": "torso2",
					"parent": "torso",
					"pivot": [0, 11.5, 10],
					"cubes": [
						{"origin": [-5, 6.5, 0], "size": [10, 10, 10], "uv": [34, 32]}
					]
				},
				{
					"name": "torso3",
					"parent": "torso2",
					"pivot": [0, 11.5, 0],
					"cubes": [
						{"origin": [-5, 6.5, -10], "size": [10, 10, 12], "uv": [0, 20]}
					]
				},
				{
					"name": "arm_right",
					"parent": "torso3",
					"pivot": [-5, 10, -4],
					"cubes": [
						{"origin": [-7, 6, -5], "size": [4, 6, 2], "uv": [0, 20]},
						{"origin": [-7, 0, -6.5], "size": [4, 6, 4], "uv": [38, 0]}
					]
				},
				{
					"name": "arm_left",
					"parent": "torso3",
					"pivot": [5, 10, -4],
					"cubes": [
						{"origin": [3, 6, -5], "size": [4, 6, 2], "uv": [32, 72]},
						{"origin": [3, 0, -6.5], "size": [4, 6, 4], "uv": [16, 72]}
					]
				},
				{
					"name": "neck",
					"parent": "torso3",
					"pivot": [0, 12, -10],
					"cubes": [
						{"origin": [-4, 9, -14], "size": [8, 6, 6], "uv": [64, 28]}
					]
				},
				{
					"name": "head",
					"parent": "neck",
					"pivot": [0, 12, -13],
					"cubes": [
						{"origin": [-7, 7, -23], "size": [14, 10, 10], "uv": [0, 0]}
					]
				},
				{
					"name": "ear_right",
					"parent": "head",
					"pivot": [-5, 14, -15],
					"cubes": [
						{"origin": [-19, 5, -15], "size": [14, 20, 0], "uv": [0, 52]}
					]
				},
				{
					"name": "ear_left",
					"parent": "head",
					"pivot": [5, 14, -15],
					"cubes": [
						{"origin": [5, 5, -15], "size": [14, 20, 0], "uv": [28, 52]}
					]
				},
				{
					"name": "tail",
					"parent": "torso",
					"pivot": [0, 16.5, 18],
					"cubes": [
						{"origin": [-3, 10.5, 16], "size": [6, 6, 10], "uv": [56, 52]},
						{"origin": [0, 8.5, 18], "size": [0, 2, 8], "uv": [52, 20]}
					]
				},
				{
					"name": "tail2",
					"parent": "tail",
					"pivot": [0, 16.5, 26],
					"cubes": [
						{"origin": [-2, 10.5, 24], "size": [4, 6, 10], "uv": [68, 0]},
						{"origin": [0, 6.5, 24], "size": [0, 4, 10], "uv": [32, 18]}
					]
				},
				{
					"name": "tail3",
					"parent": "tail2",
					"pivot": [0, 16.5, 34],
					"cubes": [
						{"origin": [0, 6.5, 32], "size": [0, 10, 16], "uv": [0, 26]}
					]
				},
				{
					"name": "leg_right",
					"parent": "body",
					"pivot": [-5, 10, 14],
					"cubes": [
						{"origin": [-7, 6, 11], "size": [4, 8, 6], "uv": [70, 68]},
						{"origin": [-7, 0, 13], "size": [4, 6, 4], "uv": [0, 72]}
					]
				},
				{
					"name": "leg_left",
					"parent": "body",
					"pivot": [5, 10, 14],
					"cubes": [
						{"origin": [3, 6, 11], "size": [4, 8, 6], "uv": [50, 68]},
						{"origin": [3, 0, 13], "size": [4, 6, 4], "uv": [54, 0]}
					]
				}
			]
		}
	]
}