{
	"format_version": "1.12.0",
	"minecraft:geometry": [
		{
			"description": {
				"identifier": "geometry.unknown",
				"texture_width": 128,
				"texture_height": 128,
				"visible_bounds_width": 4,
				"visible_bounds_height": 4.5,
				"visible_bounds_offset": [0, 1.75, 0]
			},
			"bones": [
				{
					"name": "polfee",
					"pivot": [0, 0, 0]
				},
				{
					"name": "cup",
					"parent": "polfee",
					"pivot": [-1.5, 0, -0.5],
					"cubes": [
						{"origin": [-7.5, 3, -7.5], "size": [15, 16, 2], "uv": [46, 18]},
						{"origin": [-7.5, 3, 5.5], "size": [15, 16, 2], "uv": [46, 0]},
						{"origin": [-7.5, 3, -5.5], "size": [2, 16, 11], "uv": [0, 26]},
						{"origin": [5.5, 3, -5.5], "size": [2, 16, 11], "uv": [26, 26]},
						{"origin": [-5.5, 3, -5.5], "size": [11, 15, 11], "uv": [0, 0]}
					]
				},
				{
					"name": "smoke_no_rotaion",
					"parent": "cup",
					"pivot": [-7.625, 13.25, 0.5]
				},
				{
					"name": "smoke",
					"parent": "smoke_no_rotaion",
					"pivot": [-7.625, 13.25, 0.5],
					"cubes": [
						{"origin": [-19.5, 8, 0.5], "size": [12, 15, 0], "uv": [0, 53]}
					]
				},
				{
					"name": "smoke2",
					"parent": "smoke",
					"pivot": [-13, 21.83333, 0.525],
					"cubes": [
						{"origin": [-24.5, 22, 0.525], "size": [14, 12, 0], "uv": [3, 79]}
					]
				},
				{
					"name": "cloud2",
					"parent": "smoke_no_rotaion",
					"pivot": [0.5, -1, 1.525],
					"cubes": [
						{"origin": [-20.5, 35, -1.475], "size": [7, 5, 0], "uv": [0, 68]}
					]
				},
				{
					"name": "cloud1",
					"parent": "smoke_no_rotaion",
					"pivot": [0.5, -1, 1.525],
					"cubes": [
						{"origin": [-14.5, 29, 2.525], "size": [8, 8, 0], "uv": [52, 36]}
					]
				},
				{
					"name": "neck",
					"parent": "cup",
					"pivot": [4, 0, -1.5],
					"cubes": [
						{"origin": [-3, 17, -2.5], "size": [6, 4, 5], "uv": [15, 26]}
					]
				},
				{
					"name": "head",
					"parent": "neck",
					"pivot": [3, 0, -2.5],
					"cubes": [
						{"origin": [-5, 20, -3.5], "size": [10, 10, 7], "uv": [45, 46]}
					]
				},
				{
					"name": "face",
					"parent": "cup",
					"pivot": [-1.5, 0, -0.5],
					"cubes": [
						{"origin": [1.525, 8.45, 7.525], "size": [3, 5, 0], "uv": [0, 4]},
						{"origin": [6.125, 12.25, 7.525], "size": [1, 1, 0], "pivot": [6.95, 12.925, 7.525], "rotation": [0, 0, -28], "uv": [6, 1]},
						{"origin": [-4.525, 8.45, 7.525], "size": [3, 5, 0], "uv": [0, 4], "mirror": true},
						{"origin": [-7.125, 12.25, 7.525], "size": [1, 1, 0], "pivot": [-6.95, 12.925, 7.525], "rotation": [0, 0, 28], "uv": [6, 1], "mirror": true},
						{"origin": [-1.95, 5, 7.55], "size": [1, 3, 0], "uv": [2, 30]},
						{"origin": [1, 5, 7.55], "size": [1, 3, 0], "uv": [2, 30]}
					]
				},
				{
					"name": "handle",
					"parent": "cup",
					"pivot": [-9.5, 0, 5.5],
					"cubes": [
						{"origin": [7.5, 14, -1.5], "size": [4, 3, 3], "uv": [60, 63]},
						{"origin": [10.5, 6, -1.5], "size": [3, 10, 3], "inflate": 0.01, "uv": [48, 63]},
						{"origin": [7.5, 5, -1.5], "size": [4, 3, 3], "uv": [24, 53]}
					]
				}
			]
		}
	]
}