{
	"format_version": "1.12.0",
	"minecraft:geometry": [
		{
			"description": {
				"identifier": "geometry.staravia",
				"texture_width": 64,
				"texture_height": 64,
				"visible_bounds_width": 5,
				"visible_bounds_height": 2.5,
				"visible_bounds_offset": [0, 0.75, 0]
			},
			"bones": [
				{
					"name": "staravia",
					"pivot": [0, 0, 0]
				},
				{
					"name": "body",
					"parent": "staravia",
					"pivot": [0, 7, -2]
				},
				{
					"name": "torso",
					"parent": "body",
					"pivot": [0, 5.5, 1.75],
					"rotation": [-15, 0, 0],
					"cubes": [
						{"origin": [-3.5, 3, -6], "size": [7, 7, 6], "uv": [17, 12]},
						{"origin": [-3, 3.5, 0], "size": [6, 6, 4], "uv": [32, 32]}
					]
				},
				{
					"name": "wing_left",
					"parent": "torso",
					"pivot": [3.5, 7, -3.75],
					"cubes": [
						{"origin": [3.5, 7, -7.25], "size": [5, 0, 7], "uv": [30, 0]}
					]
				},
				{
					"name": "wing_left2",
					"parent": "wing_left",
					"pivot": [8.5, 7, -0.25],
					"cubes": [
						{"origin": [8.5, 7, -7.25], "size": [5, 0, 7], "inflate": 0.01, "uv": [24, 25]}
					]
				},
				{
					"name": "wing_left3",
					"parent": "wing_left2",
					"pivot": [13.5, 7, -7.25],
					"cubes": [
						{"origin": [13.5, 7, -7.25], "size": [7, 0, 7], "uv": [0, 25]}
					]
				},
				{
					"name": "wing_left4",
					"parent": "wing_left3",
					"pivot": [18, 7, -4.25],
					"cubes": [
						{"origin": [18, 7, -8.25], "size": [6, 0, 8], "inflate": 0.01, "uv": [2, 10]}
					]
				},
				{
					"name": "wing_right",
					"parent": "torso",
					"pivot": [-3.5, 7, -3.75],
					"cubes": [
						{"origin": [-8.5, 7, -7.25], "size": [5, 0, 7], "uv": [14, 25]}
					]
				},
				{
					"name": "wing_right2",
					"parent": "wing_right",
					"pivot": [-8.5, 7, -0.25],
					"cubes": [
						{"origin": [-13.5, 7, -7.25], "size": [5, 0, 7], "inflate": 0.01, "uv": [0, 18]}
					]
				},
				{
					"name": "wing_right3",
					"parent": "wing_right2",
					"pivot": [-13.5, 7, -7.25],
					"cubes": [
						{"origin": [-20.5, 7, -7.25], "size": [7, 0, 7], "uv": [16, 0]}
					]
				},
				{
					"name": "wing_right4",
					"parent": "wing_right3",
					"pivot": [-18, 7, -4.25],
					"cubes": [
						{"origin": [-24, 7, -8.25], "size": [6, 0, 8], "inflate": 0.01, "uv": [2, 1]}
					]
				},
				{
					"name": "tail",
					"parent": "torso",
					"pivot": [0, 7.5, 4]
				},
				{
					"name": "tail_middle",
					"parent": "tail",
					"pivot": [0, 7.5, 4],
					"cubes": [
						{"origin": [-1.5, 7.5, 4], "size": [3, 0, 8], "inflate": 0.01, "uv": [18, 32]}
					]
				},
				{
					"name": "tail_left",
					"parent": "tail",
					"pivot": [-1, 7.5, 3.5],
					"rotation": [0, 22.5, 0],
					"cubes": [
						{"origin": [-1, 7.5, 3.5], "size": [3, 0, 8], "uv": [12, 32]}
					]
				},
				{
					"name": "tail_right",
					"parent": "tail",
					"pivot": [1, 7.5, 3.5],
					"rotation": [0, -22.5, 0],
					"cubes": [
						{"origin": [-2, 7.5, 3.5], "size": [3, 0, 8], "uv": [29, 7]}
					]
				},
				{
					"name": "neck",
					"parent": "torso",
					"pivot": [0, 6.25, -3.25],
					"rotation": [22.5, 0, 0]
				},
				{
					"name": "head_ai",
					"parent": "neck",
					"pivot": [0, 10.25, -2.75],
					"cubes": [
						{"origin": [-2.5, 6.75, -5.75], "size": [5, 6, 5], "uv": [0, 32]}
					]
				},
				{
					"name": "head",
					"parent": "head_ai",
					"pivot": [0, 12.75, -3.25],
					"rotation": [-7.5, 0, 0],
					"cubes": [
						{"origin": [-2.5, 10.25, -5.75], "size": [5, 5, 5], "inflate": 0.01, "uv": [15, 40]},
						{"origin": [-1.5, 13.75, -5.76], "size": [3, 1, 1], "inflate": 0.01, "uv": [0, 15]}
					]
				},
				{
					"name": "beak",
					"parent": "head",
					"pivot": [0, 12.75, -5.75],
					"rotation": [5, 0, 0],
					"cubes": [
						{"origin": [-1, 11.75, -8.25], "size": [2, 1, 3], "inflate": 0.01, "uv": [40, 12]}
					]
				},
				{
					"name": "hair",
					"parent": "head",
					"pivot": [0, 14.75, -2.25],
					"cubes": [
						{"origin": [0, 13.25, -2.75], "size": [0, 7, 5], "uv": [35, 37]}
					]
				},
				{
					"name": "eye_left",
					"parent": "head",
					"pivot": [2.01, 12.5, -5.26],
					"cubes": [
						{"origin": [1.51, 11.5, -5.51], "size": [1, 2, 1], "inflate": 0.01, "uv": [30, 42]}
					]
				},
				{
					"name": "eyelid_left",
					"parent": "eye_left",
					"pivot": [1.91, 12.5, -5.16],
					"cubes": [
						{"origin": [1.41, 11.5, -5.41], "size": [1, 2, 1], "inflate": 0.02, "uv": [32, 32]}
					]
				},
				{
					"name": "eye_right",
					"parent": "head",
					"pivot": [-2.01, 12.5, -5.26],
					"cubes": [
						{"origin": [-2.51, 11.5, -5.51], "size": [1, 2, 1], "inflate": 0.01, "uv": [37, 15]}
					]
				},
				{
					"name": "eyelid_right",
					"parent": "eye_right",
					"pivot": [-1.91, 12.5, -5.16],
					"cubes": [
						{"origin": [-2.41, 11.5, -5.41], "size": [1, 2, 1], "inflate": 0.02, "uv": [15, 32]}
					]
				},
				{
					"name": "jaw",
					"parent": "head",
					"pivot": [0, 11.5, -5.75],
					"rotation": [-7.5, 0, 0],
					"cubes": [
						{"origin": [-1, 11, -7.25], "size": [2, 1, 2], "uv": [0, 12]}
					]
				},
				{
					"name": "leg_left",
					"parent": "body",
					"pivot": [2.25, 4.5, -0.25],
					"rotation": [5, 0, 0],
					"cubes": [
						{"origin": [1.25, 2.25, -1.25], "size": [2, 4, 2], "inflate": 0.01, "uv": [0, 6]}
					]
				},
				{
					"name": "leg_left2",
					"parent": "leg_left",
					"pivot": [2.25, 2.75, 0.25],
					"rotation": [-15, 0, 0],
					"cubes": [
						{"origin": [1.75, 0.75, -0.75], "size": [1, 2, 1], "uv": [0, 43]}
					]
				},
				{
					"name": "foot_left",
					"parent": "leg_left2",
					"pivot": [2.25, 0.75, 0.25],
					"rotation": [10, 0, 0],
					"cubes": [
						{"origin": [1.25, -0.07635, -1.98481], "size": [2, 1, 3], "uv": [41, 22]}
					]
				},
				{
					"name": "toe_back_left",
					"parent": "foot_left",
					"pivot": [2.25, 0.92365, 1.01519],
					"cubes": [
						{"origin": [1.75, -0.07635, 1.01519], "size": [1, 1, 2], "inflate": 0.01, "uv": [41, 29]}
					]
				},
				{
					"name": "claw_back_left",
					"parent": "toe_back_left",
					"pivot": [2.25, 0.92365, 3.01519],
					"cubes": [
						{"origin": [2.25, -0.07635, 3.01519], "size": [0, 1, 1], "uv": [6, 11]}
					]
				},
				{
					"name": "toe_inner_left",
					"parent": "foot_left",
					"pivot": [2, 0.92365, -1.73481],
					"rotation": [0, 20, 0],
					"cubes": [
						{"origin": [1, -0.07635, -3.73481], "size": [1, 1, 2], "inflate": 0.01, "uv": [41, 26]}
					]
				},
				{
					"name": "claw_inner_left",
					"parent": "toe_inner_left",
					"pivot": [1.5, 0.92365, -3.73481],
					"cubes": [
						{"origin": [1.5, -0.07635, -4.73481], "size": [0, 1, 1], "uv": [0, 11]}
					]
				},
				{
					"name": "toe_outer_left",
					"parent": "foot_left",
					"pivot": [2.5, 0.92365, -1.73481],
					"rotation": [0, -20, 0],
					"cubes": [
						{"origin": [2.5, -0.07635, -3.73481], "size": [1, 1, 2], "inflate": 0.01, "uv": [30, 7]}
					]
				},
				{
					"name": "claw_outer_left",
					"parent": "toe_outer_left",
					"pivot": [3, 0.92365, -3.73481],
					"cubes": [
						{"origin": [3, -0.07635, -4.73481], "size": [0, 1, 1], "uv": [6, 6]}
					]
				},
				{
					"name": "toe_middle_left",
					"parent": "foot_left",
					"pivot": [2.25, 0.92365, -1.73481],
					"cubes": [
						{"origin": [1.75, -0.07635, -3.73481], "size": [1, 1, 2], "inflate": 0.02, "uv": [0, 29]}
					]
				},
				{
					"name": "claw_middle_left",
					"parent": "toe_middle_left",
					"pivot": [2.25, 0.92365, -3.73481],
					"cubes": [
						{"origin": [2.25, -0.07635, -4.73481], "size": [0, 1, 1], "uv": [6, 5]}
					]
				},
				{
					"name": "leg_right",
					"parent": "body",
					"pivot": [-2.25, 4.5, -0.25],
					"rotation": [5, 0, 0],
					"cubes": [
						{"origin": [-3.25, 2.25, -1.25], "size": [2, 4, 2], "inflate": 0.01, "uv": [0, 0]}
					]
				},
				{
					"name": "leg_right2",
					"parent": "leg_right",
					"pivot": [-2.25, 2.75, 0.25],
					"rotation": [-15, 0, 0],
					"cubes": [
						{"origin": [-2.75, 0.75, -0.75], "size": [1, 2, 1], "uv": [0, 32]}
					]
				},
				{
					"name": "foot_right",
					"parent": "leg_right2",
					"pivot": [-2.25, 0.75, 0.25],
					"rotation": [10, 0, 0],
					"cubes": [
						{"origin": [-3.25, -0.07635, -1.98481], "size": [2, 1, 3], "uv": [23, 7]}
					]
				},
				{
					"name": "toe_back_right",
					"parent": "foot_right",
					"pivot": [-2.25, 0.92365, 1.01519],
					"cubes": [
						{"origin": [-2.75, -0.07635, 1.01519], "size": [1, 1, 2], "inflate": 0.01, "uv": [0, 26]}
					]
				},
				{
					"name": "claw_back_right",
					"parent": "toe_back_right",
					"pivot": [-2.25, 0.92365, 3.01519],
					"cubes": [
						{"origin": [-2.25, -0.07635, 3.01519], "size": [0, 1, 1], "uv": [6, 0]}
					]
				},
				{
					"name": "toe_inner_right",
					"parent": "foot_right",
					"pivot": [-2, 0.92365, -1.73481],
					"rotation": [0, -20, 0],
					"cubes": [
						{"origin": [-2, -0.07635, -3.73481], "size": [1, 1, 2], "inflate": 0.01, "uv": [0, 23]}
					]
				},
				{
					"name": "claw_inner_right",
					"parent": "toe_inner_right",
					"pivot": [-1.5, 0.92365, -3.73481],
					"cubes": [
						{"origin": [-1.5, -0.07635, -4.73481], "size": [0, 1, 1], "uv": [0, 6]}
					]
				},
				{
					"name": "toe_outer_right",
					"parent": "foot_right",
					"pivot": [-2.5, 0.92365, -1.73481],
					"rotation": [0, 20, 0],
					"cubes": [
						{"origin": [-3.5, -0.07635, -3.73481], "size": [1, 1, 2], "inflate": 0.01, "uv": [0, 20]}
					]
				},
				{
					"name": "claw_outer_right",
					"parent": "toe_outer_right",
					"pivot": [-3, 0.92365, -3.73481],
					"cubes": [
						{"origin": [-3, -0.07635, -4.73481], "size": [0, 1, 1], "uv": [0, 5]}
					]
				},
				{
					"name": "toe_middle_right",
					"parent": "foot_right",
					"pivot": [-2.25, 0.92365, -1.73481],
					"cubes": [
						{"origin": [-2.75, -0.07635, -3.73481], "size": [1, 1, 2], "inflate": 0.02, "uv": [0, 17]}
					]
				},
				{
					"name": "claw_middle_right",
					"parent": "toe_middle_right",
					"pivot": [-2.25, 0.92365, -3.73481],
					"cubes": [
						{"origin": [-2.25, -0.07635, -4.73481], "size": [0, 1, 1], "uv": [0, 0]}
					]
				}
			]
		}
	]
}