{
	"format_version": "1.12.0",
	"minecraft:geometry": [
		{
			"description": {
				"identifier": "geometry.turniton",
				"texture_width": 64,
				"texture_height": 64,
				"visible_bounds_width": 4,
				"visible_bounds_height": 2.5,
				"visible_bounds_offset": [0, 0.75, 0]
			},
			"bones": [
				{
					"name": "turniton",
					"pivot": [0, 0, 0]
				},
				{
					"name": "allbodies",
					"parent": "turniton",
					"pivot": [0, 11, 0]
				},
				{
					"name": "body_right",
					"parent": "allbodies",
					"pivot": [-8, 6, -0.75]
				},
				{
					"name": "torso_right",
					"parent": "body_right",
					"pivot": [-8, 10, -0.75],
					"cubes": [
						{"origin": [-12, 9, -4.75], "size": [8, 8, 8], "uv": [0, 16]},
						{"origin": [-10, 11.5, -4.76], "size": [4, 4, 0], "uv": [0, 20]}
					]
				},
				{
					"name": "pupil_right",
					"parent": "torso_right",
					"pivot": [-8, 13.5, -4.77],
					"cubes": [
						{"origin": [-8.5, 13, -4.77], "size": [1, 1, 0], "uv": [25, 32]}
					]
				},
				{
					"name": "eyelid_half_right",
					"parent": "torso_right",
					"pivot": [-8, 15.5, -4.78],
					"cubes": [
						{"origin": [-10, 11.5, -4.78], "size": [4, 2, 0], "uv": [28, 16]}
					]
				},
				{
					"name": "eyelid_full_right",
					"parent": "torso_right",
					"pivot": [-8, 13.5, -4.68],
					"cubes": [
						{"origin": [-10, 11.5, -4.68], "size": [4, 4, 0], "uv": [36, 16]}
					]
				},
				{
					"name": "leaf_bottom_right",
					"parent": "torso_right",
					"pivot": [-8, 9, -0.75],
					"cubes": [
						{"origin": [-11.5, 0, -0.75], "size": [7, 9, 0], "uv": [36, 40]}
					]
				},
				{
					"name": "leaf_right",
					"parent": "torso_right",
					"pivot": [-12, 14, -0.75],
					"cubes": [
						{"origin": [-21, 10, -0.75], "size": [9, 10, 0], "uv": [18, 48]}
					]
				},
				{
					"name": "leg_right_right",
					"parent": "torso_right",
					"pivot": [-10.5, 9, 2.25],
					"rotation": [0, 0, 45],
					"cubes": [
						{"origin": [-12.5, 7, 1.25], "size": [2, 2, 2], "inflate": -0.01, "uv": [52, 16]},
						{"origin": [-12, 6, 1.75], "size": [1, 1, 1], "uv": [60, 18]}
					]
				},
				{
					"name": "leg_left_right",
					"parent": "torso_right",
					"pivot": [-5.5, 9, 2.25],
					"rotation": [0, 0, -45],
					"cubes": [
						{"origin": [-5.5, 7, 1.25], "size": [2, 2, 2], "inflate": -0.01, "uv": [46, 20]},
						{"origin": [-5, 6, 1.75], "size": [1, 1, 1], "uv": [60, 16]}
					]
				},
				{
					"name": "leg_back_right",
					"parent": "torso_right",
					"pivot": [-8, 9, -3.25],
					"rotation": [-45, 0, 0],
					"cubes": [
						{"origin": [-9, 7, -5.25], "size": [2, 2, 2], "inflate": -0.01, "uv": [44, 16]},
						{"origin": [-8.5, 6, -4.75], "size": [1, 1, 1], "uv": [60, 20]}
					]
				},
				{
					"name": "body_middle",
					"parent": "allbodies",
					"pivot": [0, 8, 0]
				},
				{
					"name": "torso_middle",
					"parent": "body_middle",
					"pivot": [0, 12, 0],
					"cubes": [
						{"origin": [-4, 11, -4], "size": [8, 8, 8], "uv": [0, 0]},
						{"origin": [-2, 13.5, -4.01], "size": [4, 4, 0], "uv": [0, 4]}
					]
				},
				{
					"name": "pupil_middle",
					"parent": "torso_middle",
					"pivot": [0, 15.5, -4.02],
					"cubes": [
						{"origin": [-0.5, 15, -4.02], "size": [1, 1, 0], "uv": [25, 0]}
					]
				},
				{
					"name": "eyelid_half_middle",
					"parent": "torso_middle",
					"pivot": [0, 17.5, -4.03],
					"cubes": [
						{"origin": [-2, 15.5, -4.03], "size": [4, 2, 0], "uv": [28, 0]}
					]
				},
				{
					"name": "eyelid_full_middle",
					"parent": "torso_middle",
					"pivot": [0, 15.5, -3.93],
					"cubes": [
						{"origin": [-2, 13.5, -3.93], "size": [4, 4, 0], "uv": [36, 0]}
					]
				},
				{
					"name": "leg_front_middle",
					"parent": "torso_middle",
					"pivot": [1, 11, -2.5],
					"rotation": [-45, 0, 0],
					"cubes": [
						{"origin": [-1, 9, -4.5], "size": [2, 2, 2], "inflate": -0.01, "uv": [44, 0]},
						{"origin": [-0.5, 8, -4], "size": [1, 1, 1], "uv": [60, 0]}
					]
				},
				{
					"name": "leg_back_middle",
					"parent": "torso_middle",
					"pivot": [0, 11, 2.5],
					"rotation": [45, 0, 0],
					"cubes": [
						{"origin": [-1, 9, 2.5], "size": [2, 2, 2], "inflate": -0.01, "uv": [52, 0]},
						{"origin": [-0.5, 8, 3], "size": [1, 1, 1], "uv": [60, 2]}
					]
				},
				{
					"name": "body_left",
					"parent": "allbodies",
					"pivot": [8, 6, -0.5]
				},
				{
					"name": "torso_left",
					"parent": "body_left",
					"pivot": [8, 10, -0.5],
					"cubes": [
						{"origin": [4, 9, -4.5], "size": [8, 8, 8], "uv": [0, 32]},
						{"origin": [6, 11.5, -4.51], "size": [4, 4, 0], "uv": [0, 36]}
					]
				},
				{
					"name": "pupil_left",
					"parent": "torso_left",
					"pivot": [8, 13.5, -4.52],
					"cubes": [
						{"origin": [7.5, 13, -4.52], "size": [1, 1, 0], "uv": [25, 16]}
					]
				},
				{
					"name": "eyelid_half_left",
					"parent": "torso_left",
					"pivot": [8, 15.5, -4.53],
					"cubes": [
						{"origin": [6, 13.5, -4.43], "size": [4, 2, 0], "uv": [28, 32]}
					]
				},
				{
					"name": "eyelid_full_left",
					"parent": "torso_left",
					"pivot": [8, 13.5, -4.43],
					"cubes": [
						{"origin": [6, 11.5, -4.43], "size": [4, 4, 0], "uv": [36, 32]}
					]
				},
				{
					"name": "leaf_bottom_left",
					"parent": "torso_left",
					"pivot": [8, 9, -0.5],
					"cubes": [
						{"origin": [4.5, 0, -0.5], "size": [7, 9, 0], "uv": [50, 40]}
					]
				},
				{
					"name": "leaf_left",
					"parent": "torso_left",
					"pivot": [12, 14, -0.5],
					"cubes": [
						{"origin": [12, 10, -0.5], "size": [9, 10, 0], "uv": [0, 48]}
					]
				},
				{
					"name": "leg_right_left",
					"parent": "torso_left",
					"pivot": [5.5, 9, 2.5],
					"rotation": [0, 0, 45],
					"cubes": [
						{"origin": [3.5, 7, 1.5], "size": [2, 2, 2], "inflate": -0.01, "uv": [52, 32]},
						{"origin": [4, 6, 2], "size": [1, 1, 1], "uv": [60, 36]}
					]
				},
				{
					"name": "leg_left_left",
					"parent": "torso_left",
					"pivot": [10.5, 9, 2.5],
					"rotation": [0, 0, -45],
					"cubes": [
						{"origin": [10.5, 7, 1.5], "size": [2, 2, 2], "inflate": -0.01, "uv": [46, 36]},
						{"origin": [11, 6, 2], "size": [1, 1, 1], "uv": [60, 32]}
					]
				},
				{
					"name": "leg_front_left",
					"parent": "torso_left",
					"pivot": [8, 9, -3],
					"rotation": [-45, 0, 0],
					"cubes": [
						{"origin": [7, 7, -5], "size": [2, 2, 2], "inflate": -0.01, "uv": [44, 32]},
						{"origin": [7.5, 6, -4.5], "size": [1, 1, 1], "uv": [60, 34]}
					]
				},
				{
					"name": "stems",
					"parent": "allbodies",
					"pivot": [0, 18, 0],
					"cubes": [
						{"origin": [-8.5, 16, -0.75], "size": [1, 6, 1], "uv": [24, 17]},
						{"origin": [-0.5, 18, -0.5], "size": [1, 4, 1], "uv": [24, 3]},
						{"origin": [7.5, 16, -0.75], "size": [1, 6, 1], "uv": [24, 33]}
					]
				},
				{
					"name": "stem_top",
					"parent": "stems",
					"pivot": [-0.01461, 20.94479, -0.18245],
					"cubes": [
						{"origin": [-12.65924, 21.54131, -1.47288], "size": [7, 2, 2], "inflate": -0.01, "pivot": [-11.35924, 8.97131, 2.22712], "rotation": [0, -5, 5], "uv": [28, 20]},
						{"origin": [5.60482, 21.12037, -1.02995], "size": [7, 2, 2], "inflate": -0.01, "pivot": [6.15482, 9.20037, 2.75005], "rotation": [0, 5, -5], "uv": [28, 36]},
						{"origin": [-4.5, 21, -1], "size": [9, 2, 2], "uv": [28, 4]}
					]
				}
			]
		}
	]
}