{
	"format_version": "1.12.0",
	"minecraft:geometry": [
		{
			"description": {
				"identifier": "geometry.delta_vibrava",
				"texture_width": 128,
				"texture_height": 128,
				"visible_bounds_width": 4,
				"visible_bounds_height": 3.5,
				"visible_bounds_offset": [0, 1.25, 0]
			},
			"bones": [
				{
					"name": "delta_vibrava",
					"pivot": [0, 0, 0]
				},
				{
					"name": "body",
					"parent": "delta_vibrava",
					"pivot": [0, 6, 0.5],
					"cubes": [
						{"origin": [-2.5, 4.5, -5], "size": [5, 5, 7], "uv": [28, 54]}
					]
				},
				{
					"name": "leg_right_front",
					"parent": "body",
					"pivot": [-2.5, 6.5, -3.5],
					"cubes": [
						{"origin": [-7.5, 5.5, -4], "size": [6, 1, 1], "inflate": 0.01, "uv": [27, 66]}
					]
				},
				{
					"name": "leg_right_front2",
					"parent": "leg_right_front",
					"pivot": [-7.5, 6.5, -3.5],
					"cubes": [
						{"origin": [-14.5, 5.5, -4], "size": [7, 1, 1], "uv": [53, 44]}
					]
				},
				{
					"name": "foot_right_front",
					"parent": "leg_right_front2",
					"pivot": [-13.5, 6, -4],
					"cubes": [
						{"origin": [-14.5, 5, -4], "size": [1, 2, 1], "inflate": 0.01, "uv": [0, 20]}
					]
				},
				{
					"name": "toe_left_front_right3",
					"parent": "foot_right_front",
					"pivot": [-13.5, 6, -4],
					"rotation": [35, 0, 0],
					"cubes": [
						{"origin": [-14.5, 5, -6], "size": [1, 1, 2], "uv": [16, 68]}
					]
				},
				{
					"name": "toe_left_front_right4",
					"parent": "toe_left_front_right3",
					"pivot": [-13.5, 5.5, -6],
					"cubes": [
						{"origin": [-14.5, 5, -7], "size": [1, 1, 1], "inflate": -0.01, "uv": [55, 19]}
					]
				},
				{
					"name": "toe_right_front_left",
					"parent": "foot_right_front",
					"pivot": [-13.5, 6, -4],
					"rotation": [-35, 0, 0],
					"cubes": [
						{"origin": [-14.5, 6, -6], "size": [1, 1, 2], "uv": [67, 35]}
					]
				},
				{
					"name": "toe_right_front_left2",
					"parent": "toe_right_front_left",
					"pivot": [-13.5, 6.5, -6],
					"cubes": [
						{"origin": [-14.5, 6, -7], "size": [1, 1, 1], "inflate": -0.01, "uv": [9, 48]}
					]
				},
				{
					"name": "toe_right_front_back",
					"parent": "foot_right_front",
					"pivot": [-13.5, 6, -3],
					"cubes": [
						{"origin": [-14.5, 5.5, -3], "size": [1, 1, 2], "uv": [67, 32]}
					]
				},
				{
					"name": "leg_left_front",
					"parent": "body",
					"pivot": [2.5, 6.5, -3.5],
					"cubes": [
						{"origin": [1.5, 5.5, -4], "size": [6, 1, 1], "inflate": 0.01, "uv": [66, 61]}
					]
				},
				{
					"name": "leg_left_front2",
					"parent": "leg_left_front",
					"pivot": [7.5, 6.5, -3.5],
					"cubes": [
						{"origin": [7.5, 5.5, -4], "size": [7, 1, 1], "uv": [65, 6]}
					]
				},
				{
					"name": "foot_left_front",
					"parent": "leg_left_front2",
					"pivot": [13.5, 6, -4],
					"cubes": [
						{"origin": [13.5, 5, -4], "size": [1, 2, 1], "inflate": 0.01, "uv": [31, 54]}
					]
				},
				{
					"name": "toe_left_front_right",
					"parent": "foot_left_front",
					"pivot": [13.5, 6, -4],
					"rotation": [35, 0, 0],
					"cubes": [
						{"origin": [13.5, 5, -6], "size": [1, 1, 2], "uv": [38, 69]}
					]
				},
				{
					"name": "toe_left_front_right2",
					"parent": "toe_left_front_right",
					"pivot": [13.5, 5.5, -6],
					"cubes": [
						{"origin": [13.5, 5, -7], "size": [1, 1, 1], "inflate": -0.01, "uv": [0, 57]}
					]
				},
				{
					"name": "toe_left_front_left",
					"parent": "foot_left_front",
					"pivot": [13.5, 6, -4],
					"rotation": [-35, 0, 0],
					"cubes": [
						{"origin": [13.5, 6, -6], "size": [1, 1, 2], "uv": [44, 69]}
					]
				},
				{
					"name": "toe_left_front_left2",
					"parent": "toe_left_front_left",
					"pivot": [13.5, 6.5, -6],
					"cubes": [
						{"origin": [13.5, 6, -7], "size": [1, 1, 1], "inflate": -0.01, "uv": [28, 59]}
					]
				},
				{
					"name": "toe_left_front_back",
					"parent": "foot_left_front",
					"pivot": [13.5, 6, -3],
					"cubes": [
						{"origin": [13.5, 5.5, -3], "size": [1, 1, 2], "uv": [50, 69]}
					]
				},
				{
					"name": "wing_front_right",
					"parent": "body",
					"pivot": [-4, 9.5, -4],
					"rotation": [10, 0, 0],
					"cubes": [
						{"origin": [-24, 9.52, -5], "size": [24, 0, 13], "uv": [0, 98], "mirror": true}
					]
				},
				{
					"name": "wing_front_left",
					"parent": "body",
					"pivot": [4, 9.5, -4],
					"rotation": [10, 0, 0],
					"cubes": [
						{"origin": [0, 9.52, -5], "size": [24, 0, 13], "uv": [0, 85]}
					]
				},
				{
					"name": "wing_back_right",
					"parent": "body",
					"pivot": [-2, 9.51, 0],
					"rotation": [10, 30, 0],
					"cubes": [
						{"origin": [-21, 9.51, -1], "size": [21, 0, 13], "uv": [0, 0]}
					]
				},
				{
					"name": "wing_back_right2",
					"parent": "wing_back_right",
					"pivot": [-9, 9.5, 11],
					"rotation": [0, 20, 0],
					"cubes": [
						{"origin": [-21, 9.5, 10], "size": [12, 0, 2], "uv": [51, 40]}
					]
				},
				{
					"name": "wing_back_left",
					"parent": "body",
					"pivot": [2, 9.51, 0],
					"rotation": [10, -30, 0],
					"cubes": [
						{"origin": [0, 9.51, -1], "size": [21, 0, 13], "uv": [0, 13]}
					]
				},
				{
					"name": "wing_back_left2",
					"parent": "wing_back_left",
					"pivot": [9, 9.5, 11],
					"rotation": [0, -20, 0],
					"cubes": [
						{"origin": [9, 9.5, 10], "size": [12, 0, 2], "uv": [51, 42]}
					]
				},
				{
					"name": "body2",
					"parent": "body",
					"pivot": [0, 9, 2],
					"cubes": [
						{"origin": [-2, 5, 1], "size": [4, 4, 4], "uv": [62, 65]}
					]
				},
				{
					"name": "abdomen",
					"parent": "body2",
					"pivot": [0, 9, 4],
					"cubes": [
						{"origin": [-3, 4, 4], "size": [6, 6, 7], "uv": [53, 19]}
					]
				},
				{
					"name": "abdomen2",
					"parent": "abdomen",
					"pivot": [0, 9.5, 11],
					"cubes": [
						{"origin": [-2.5, 4.5, 11], "size": [5, 5, 4], "uv": [61, 8]}
					]
				},
				{
					"name": "abdomen3",
					"parent": "abdomen2",
					"pivot": [0, 9, 15],
					"cubes": [
						{"origin": [-2, 5, 15], "size": [4, 4, 2], "uv": [0, 42]}
					]
				},
				{
					"name": "neck_fluff",
					"parent": "body",
					"pivot": [0, 7, -1],
					"cubes": [
						{"origin": [-4.5, 3, -7], "size": [9, 9, 6], "uv": [47, 46]}
					]
				},
				{
					"name": "neck_fluff_top",
					"parent": "neck_fluff",
					"pivot": [0, 12, -6],
					"rotation": [7.5, 0, 0],
					"cubes": [
						{"origin": [-3.5, 12, -6], "size": [7, 0, 8], "uv": [45, 32]}
					]
				},
				{
					"name": "neck_fluff_right_top",
					"parent": "neck_fluff",
					"pivot": [-4.51, 9, -6],
					"rotation": [15, -7.5, -2.5],
					"cubes": [
						{"origin": [-4.51, 7, -6], "size": [0, 4, 7], "uv": [52, 58]}
					]
				},
				{
					"name": "neck_fluff_right_bottom",
					"parent": "neck_fluff",
					"pivot": [-4.51, 4, -5],
					"rotation": [-5, -5, 0],
					"cubes": [
						{"origin": [-4.51, 3, -5], "size": [0, 2, 6], "uv": [0, 34]}
					]
				},
				{
					"name": "neck_fluff_left_top",
					"parent": "neck_fluff",
					"pivot": [4.51, 9, -6],
					"rotation": [15, 7.5, 2.5],
					"cubes": [
						{"origin": [4.51, 7, -6], "size": [0, 4, 7], "uv": [52, 54]}
					]
				},
				{
					"name": "neck_fluff_left_bottom",
					"parent": "neck_fluff",
					"pivot": [4.51, 4, -5],
					"rotation": [-5, 5, 0],
					"cubes": [
						{"origin": [4.51, 3, -5], "size": [0, 2, 6], "uv": [0, 32]}
					]
				},
				{
					"name": "neck_fluff_bottom_right",
					"parent": "neck_fluff",
					"pivot": [-2.5, 2.99, -5],
					"rotation": [-7.5, -7.5, 0],
					"cubes": [
						{"origin": [-4.5, 2.99, -5], "size": [4, 0, 6], "uv": [59, 0]}
					]
				},
				{
					"name": "neck_fluff_bottom_left",
					"parent": "neck_fluff",
					"pivot": [2.5, 2.99, -5],
					"rotation": [-7.5, 7.5, 0],
					"cubes": [
						{"origin": [0.5, 2.99, -5], "size": [4, 0, 6], "uv": [15, 52]}
					]
				},
				{
					"name": "head",
					"parent": "neck_fluff",
					"pivot": [0, 10, -7],
					"cubes": [
						{"origin": [-3.5, 4, -14], "size": [7, 7, 7], "uv": [0, 52]}
					]
				},
				{
					"name": "mouth",
					"parent": "head",
					"pivot": [0.5, 8, -14],
					"rotation": [35, 0, 0],
					"cubes": [
						{"origin": [-2.5, 4, -17], "size": [5, 4, 3], "uv": [0, 66]}
					]
				},
				{
					"name": "eye_bubble_right",
					"parent": "head",
					"pivot": [-3.5, 7.5, -10.5],
					"cubes": [
						{"origin": [-4.5, 5, -13], "size": [0, 5, 5], "uv": [0, 23]},
						{"origin": [-4.5, 10, -13], "size": [1, 0, 5], "uv": [4, 0]},
						{"origin": [-4.5, 5, -13], "size": [1, 0, 5], "uv": [2, 0]},
						{"origin": [-4.5, 5, -13], "size": [1, 5, 0], "uv": [2, 0]},
						{"origin": [-4.5, 5, -8], "size": [1, 5, 0], "uv": [0, 0]}
					]
				},
				{
					"name": "eye_bubble_left",
					"parent": "head",
					"pivot": [3.5, 7.5, -10.5],
					"cubes": [
						{"origin": [4.5, 5, -13], "size": [0, 5, 5], "uv": [0, 28]},
						{"origin": [4.51, 7.5, -10.25], "size": [0, 1, 1], "uv": [11, 27]},
						{"origin": [-4.51, 7.5, -10.25], "size": [0, 1, 1], "uv": [11, 27]},
						{"origin": [3.5, 10, -13], "size": [1, 0, 5], "uv": [2, 10]},
						{"origin": [3.5, 5, -13], "size": [1, 0, 5], "uv": [6, 0]},
						{"origin": [3.5, 5, -13], "size": [1, 5, 0], "uv": [2, 10]},
						{"origin": [3.5, 5, -8], "size": [1, 5, 0], "uv": [0, 10]}
					]
				},
				{
					"name": "eyes",
					"parent": "head",
					"pivot": [0, 7.5, -10.55]
				},
				{
					"name": "eye_right",
					"parent": "eyes",
					"pivot": [-3.8, 7.5, -10.5]
				},
				{
					"name": "eye_right_rotation",
					"parent": "eye_right",
					"pivot": [-3.8, 7.5, -10.5],
					"cubes": [
						{"origin": [-4.3, 6, -11.5], "size": [1, 3, 2], "uv": [0, 52]}
					]
				},
				{
					"name": "eyelid_right",
					"parent": "eye_right",
					"pivot": [-2, 7.5, -10.5],
					"cubes": [
						{"origin": [-2.5, 5, -13], "size": [1, 5, 5], "inflate": 0.02, "uv": [0, 0]}
					]
				},
				{
					"name": "eye_left",
					"parent": "eyes",
					"pivot": [3.8, 7.5, -10.5]
				},
				{
					"name": "eye_left_rotation",
					"parent": "eye_left",
					"pivot": [3.8, 7.5, -10.5],
					"cubes": [
						{"origin": [3.3, 6, -11.5], "size": [1, 3, 2], "uv": [55, 12]}
					]
				},
				{
					"name": "eyelid_left",
					"parent": "eye_left",
					"pivot": [2, 7.5, -10.5],
					"cubes": [
						{"origin": [1.5, 5, -13], "size": [1, 5, 5], "inflate": 0.02, "uv": [0, 10]}
					]
				},
				{
					"name": "antenna_right",
					"parent": "head",
					"pivot": [-1.5, 8.8, -14],
					"rotation": [-60, 15, -20],
					"cubes": [
						{"origin": [-1.5, 8.8, -16], "size": [1, 1, 3], "inflate": 0.01, "uv": [0, 48]},
						{"origin": [-3, 8.8, -19], "size": [4, 0, 4], "uv": [0, 20]}
					]
				},
				{
					"name": "antenna_right3",
					"parent": "antenna_right",
					"pivot": [-1, 8.8, -19],
					"rotation": [-35, 0, 0],
					"cubes": [
						{"origin": [-3.5, 8.8, -25], "size": [5, 0, 6], "uv": [49, 0]}
					]
				},
				{
					"name": "antenna_left",
					"parent": "head",
					"pivot": [1.5, 8.8, -14],
					"rotation": [-60, -15, 20],
					"cubes": [
						{"origin": [0.5, 8.8, -16], "size": [1, 1, 3], "inflate": 0.01, "uv": [26, 55]},
						{"origin": [-1, 8.8, -19], "size": [4, 0, 4], "uv": [0, 24]}
					]
				},
				{
					"name": "antenna_left3",
					"parent": "antenna_left",
					"pivot": [1, 8.8, -19],
					"rotation": [-35, 0, 0],
					"cubes": [
						{"origin": [-1.5, 8.8, -25], "size": [5, 0, 6], "uv": [49, 6]}
					]
				},
				{
					"name": "leg_right_back",
					"parent": "body",
					"pivot": [-2.5, 6.5, 0.5],
					"cubes": [
						{"origin": [-7.5, 5.5, 0], "size": [6, 1, 1], "inflate": 0.01, "uv": [13, 66]}
					]
				},
				{
					"name": "leg_right_back2",
					"parent": "leg_right_back",
					"pivot": [-7.5, 6.5, 0.5],
					"cubes": [
						{"origin": [-14.5, 5.5, 0], "size": [7, 1, 1], "uv": [29, 52]}
					]
				},
				{
					"name": "foot_right_back",
					"parent": "leg_right_back2",
					"pivot": [-13.5, 6, 0],
					"cubes": [
						{"origin": [-14.5, 5, 0], "size": [1, 2, 1], "inflate": 0.01, "uv": [9, 10]}
					]
				},
				{
					"name": "toe_left_back_left",
					"parent": "foot_right_back",
					"pivot": [-13.5, 6, 0],
					"rotation": [35, 0, 0],
					"cubes": [
						{"origin": [-14.5, 5, -2], "size": [1, 1, 2], "uv": [45, 66]}
					]
				},
				{
					"name": "toe_left_back_left2",
					"parent": "toe_left_back_left",
					"pivot": [-13.5, 5.5, -2],
					"cubes": [
						{"origin": [-14.5, 5, -3], "size": [1, 1, 1], "inflate": -0.01, "uv": [0, 26]}
					]
				},
				{
					"name": "toe_right_front_left3",
					"parent": "foot_right_back",
					"pivot": [-13.5, 6, 0],
					"rotation": [-35, 0, 0],
					"cubes": [
						{"origin": [-14.5, 6, -2], "size": [1, 1, 2], "uv": [39, 66]}
					]
				},
				{
					"name": "toe_right_front_left4",
					"parent": "toe_right_front_left3",
					"pivot": [-13.5, 6.5, -2],
					"cubes": [
						{"origin": [-14.5, 6, -3], "size": [1, 1, 1], "inflate": -0.01, "uv": [9, 13]}
					]
				},
				{
					"name": "toe_right_back_back",
					"parent": "foot_right_back",
					"pivot": [-13.5, 6, 1],
					"cubes": [
						{"origin": [-14.5, 5.5, 1], "size": [1, 1, 2], "uv": [5, 48]}
					]
				},
				{
					"name": "leg_left_back",
					"parent": "body",
					"pivot": [2.5, 6.5, 0.5],
					"cubes": [
						{"origin": [1.5, 5.5, 0], "size": [6, 1, 1], "inflate": 0.01, "uv": [66, 63]}
					]
				},
				{
					"name": "leg_left_back2",
					"parent": "leg_left_back",
					"pivot": [7.5, 6.5, 0.5],
					"cubes": [
						{"origin": [7.5, 5.5, 0], "size": [7, 1, 1], "uv": [55, 17]}
					]
				},
				{
					"name": "foot_left_back",
					"parent": "leg_left_back2",
					"pivot": [13.5, 6, 0],
					"cubes": [
						{"origin": [13.5, 5, 0], "size": [1, 2, 1], "inflate": 0.01, "uv": [0, 23]}
					]
				},
				{
					"name": "toe_left_back_right",
					"parent": "foot_left_back",
					"pivot": [13.5, 6, 0],
					"rotation": [35, 0, 0],
					"cubes": [
						{"origin": [13.5, 5, -2], "size": [1, 1, 2], "uv": [34, 68]}
					]
				},
				{
					"name": "toe_left_back_right2",
					"parent": "toe_left_back_right",
					"pivot": [13.5, 5.5, -2],
					"cubes": [
						{"origin": [13.5, 5, -3], "size": [1, 1, 1], "inflate": -0.01, "uv": [55, 23]}
					]
				},
				{
					"name": "toe_left_front_left3",
					"parent": "foot_left_back",
					"pivot": [13.5, 6, 0],
					"rotation": [-35, 0, 0],
					"cubes": [
						{"origin": [13.5, 6, -2], "size": [1, 1, 2], "uv": [28, 68]}
					]
				},
				{
					"name": "toe_left_front_left4",
					"parent": "toe_left_front_left3",
					"pivot": [13.5, 6.5, -2],
					"cubes": [
						{"origin": [13.5, 6, -3], "size": [1, 1, 1], "inflate": -0.01, "uv": [55, 21]}
					]
				},
				{
					"name": "toe_left_back_back",
					"parent": "foot_left_back",
					"pivot": [13.5, 6, 1],
					"cubes": [
						{"origin": [13.5, 5.5, 1], "size": [1, 1, 2], "uv": [22, 68]}
					]
				}
			]
		}
	]
}