{
	"format_version": "1.12.0",
	"minecraft:geometry": [
		{
			"description": {
				"identifier": "geometry.volcarona_delta",
				"texture_width": 128,
				"texture_height": 128,
				"visible_bounds_width": 5,
				"visible_bounds_height": 4.5,
				"visible_bounds_offset": [0, 1.75, 0]
			},
			"bones": [
				{
					"name": "volacarona",
					"pivot": [0, 0, 0]
				},
				{
					"name": "body",
					"parent": "volacarona",
					"pivot": [0, 20.67923, 1.58493],
					"cubes": [
						{"origin": [-8, 12, -2], "size": [16, 9, 9], "inflate": 0.002, "uv": [35, 39]},
						{"origin": [-9, 20, 0], "size": [18, 10, 7], "uv": [55, 17]},
						{"origin": [-8, 29, 6.325], "size": [16, 18, 0], "uv": [42, 71]},
						{"origin": [8, 5.5, 2.2], "size": [10, 14, 0], "pivot": [13, 13, 2.2], "rotation": [0, 0, 17.5], "uv": [82, 57]},
						{"origin": [5.25, 22.25, 3.2], "size": [10, 15, 0], "uv": [74, 71]},
						{"origin": [5.25, 17.25, 2.7], "size": [8, 6, 0], "pivot": [9.25, 19.75, 2.7], "rotation": [0, 0, 22.5], "uv": [52, 90]},
						{"origin": [0.1008, 22.25, 3.57357], "size": [7, 14, 0], "pivot": [3.1008, 29.25, 3.57357], "rotation": [0, -27.5, 0], "uv": [16, 84]},
						{"origin": [3, 8, -2], "size": [7, 6, 0], "pivot": [5.5, 15.5, -2], "rotation": [-16.92771, 34.98023, -20.7628], "uv": [74, 86]},
						{"origin": [4.58815, 9.63354, -2.65243], "size": [9, 5, 0], "pivot": [9.08815, 11.63354, -2.65243], "rotation": [-15.0159, 22.9575, -16.83838], "uv": [44, 34]},
						{"origin": [-10, 8, -2], "size": [7, 6, 0], "pivot": [-5.5, 15.5, -2], "rotation": [-16.92771, -34.98023, 20.7628], "uv": [74, 86], "mirror": true},
						{"origin": [-13.58815, 9.63354, -2.65243], "size": [9, 5, 0], "pivot": [-9.08815, 11.63354, -2.65243], "rotation": [-15.0159, -22.9575, 16.83838], "uv": [44, 34], "mirror": true},
						{"origin": [-18, 5.5, 2.2], "size": [10, 14, 0], "pivot": [-13, 13, 2.2], "rotation": [0, 0, -17.5], "uv": [82, 57], "mirror": true},
						{"origin": [-13.25, 17.25, 2.7], "size": [8, 6, 0], "pivot": [-9.25, 19.75, 2.7], "rotation": [0, 0, -22.5], "uv": [52, 90], "mirror": true},
						{"origin": [-15.25, 22.25, 3.2], "size": [10, 15, 0], "uv": [74, 71], "mirror": true},
						{"origin": [-7.1008, 22.25, 3.57357], "size": [7, 14, 0], "pivot": [-3.1008, 29.25, 3.57357], "rotation": [0, 27.5, 0], "uv": [16, 84], "mirror": true}
					]
				},
				{
					"name": "wings_left",
					"parent": "body",
					"pivot": [0, 1, 0]
				},
				{
					"name": "wing_left_bot",
					"parent": "wings_left",
					"pivot": [0, 15, 7.175],
					"cubes": [
						{"origin": [0, 3, 7.175], "size": [31, 24, 0], "uv": [0, 0]}
					]
				},
				{
					"name": "wing_left_top",
					"parent": "wings_left",
					"pivot": [0, 29, 7.325],
					"cubes": [
						{"origin": [0, 22, 7.325], "size": [22, 24, 0], "uv": [0, 24]}
					]
				},
				{
					"name": "wings_right",
					"parent": "body",
					"pivot": [0, 1, 0]
				},
				{
					"name": "wing_right_bot",
					"parent": "wings_right",
					"pivot": [0, 15, 7.175],
					"cubes": [
						{"origin": [-31, 3, 7.175], "size": [31, 24, 0], "uv": [0, 98], "mirror": true}
					]
				},
				{
					"name": "wing_right_top",
					"parent": "wings_right",
					"pivot": [0, 29, 7.325],
					"cubes": [
						{"origin": [-22, 22, 7.325], "size": [22, 24, 0], "uv": [62, 98], "mirror": true}
					]
				},
				{
					"name": "head",
					"parent": "body",
					"pivot": [0, 20, 0],
					"rotation": [15, 0, 0],
					"cubes": [
						{"origin": [-4, 20, -4], "size": [8, 8, 8], "pivot": [0, 24, 0], "rotation": [0, -45, 0], "uv": [62, 0]},
						{"origin": [3.75, 14.78111, -2.12573], "size": [8, 12, 0], "pivot": [7.75, 20.78111, -2.12573], "rotation": [-32.5, 0, 0], "uv": [0, 84]},
						{"origin": [-11.75, 14.78111, -2.12573], "size": [8, 12, 0], "pivot": [-7.75, 20.78111, -2.12573], "rotation": [-32.5, 0, 0], "uv": [0, 84], "mirror": true},
						{"origin": [2.90675, 28.69375, -0.4782], "size": [5, 6, 0], "pivot": [6.40675, 29.19375, -2.2282], "rotation": [8.34312, -40.65228, -38.18093], "uv": [30, 74]},
						{"origin": [-7.90675, 28.69375, -0.4782], "size": [5, 6, 0], "pivot": [-6.40675, 29.19375, -2.2282], "rotation": [8.34312, 40.65228, 38.18093], "uv": [30, 74], "mirror": true}
					]
				},
				{
					"name": "eye_left",
					"parent": "head",
					"pivot": [2.12132, 23.25, -2.82843],
					"cubes": [
						{"origin": [0.62132, 22.25, -3.82843], "size": [4, 2, 1], "inflate": 0.002, "pivot": [2.12132, 23.25, -2.82843], "rotation": [24.85108, -44.13603, -14.00194], "uv": [44, 27]}
					]
				},
				{
					"name": "eyelid_left",
					"parent": "eye_left",
					"pivot": [2.12132, 23.25, -1.82843],
					"cubes": [
						{"origin": [0.62132, 22.25, -2.82843], "size": [4, 2, 1], "inflate": 0.004, "pivot": [2.12132, 23.25, -1.82843], "rotation": [24.85108, -44.13603, -14.00194], "uv": [44, 24]}
					]
				},
				{
					"name": "eye_right",
					"parent": "head",
					"pivot": [-2.12132, 23.25, -2.82843],
					"cubes": [
						{"origin": [-4.62132, 22.25, -3.82843], "size": [4, 2, 1], "inflate": 0.002, "pivot": [-2.12132, 23.25, -2.82843], "rotation": [24.85108, 44.13603, 14.00194], "uv": [44, 27], "mirror": true}
					]
				},
				{
					"name": "eyelid_right",
					"parent": "eye_right",
					"pivot": [-2.12132, 23.25, -1.82843],
					"cubes": [
						{"origin": [-4.62132, 22.25, -2.82843], "size": [4, 2, 1], "inflate": 0.004, "pivot": [-2.12132, 23.25, -1.82843], "rotation": [24.85108, 44.13603, 14.00194], "uv": [44, 24], "mirror": true}
					]
				},
				{
					"name": "abdomen1",
					"parent": "body",
					"pivot": [0.0005, 3.20863, 1.2059],
					"cubes": [
						{"origin": [-4.5, 3, -5], "size": [9, 11, 2], "pivot": [0, 5, 2.5], "rotation": [-32.5, 0, 0], "uv": [76, 34]},
						{"origin": [-7.499, 2.14052, -3.91538], "size": [15, 11, 6], "inflate": 0.001, "pivot": [-0.499, 4.14052, 2.58462], "rotation": [-32.5, 0, 0], "uv": [0, 57]}
					]
				},
				{
					"name": "abdomen2",
					"parent": "abdomen1",
					"pivot": [0.0005, 3.17163, 0.92601],
					"cubes": [
						{"origin": [-4, 0.24979, -5.21867], "size": [8, 6, 2], "pivot": [0, 5.74979, -1.46867], "rotation": [-75, 0, 0], "uv": [85, 47]},
						{"origin": [-6.999, -0.28607, -4.91857], "size": [14, 8, 6], "inflate": 0.001, "pivot": [-0.499, 5.21393, -2.16857], "rotation": [-75, 0, 0], "uv": [42, 57]}
					]
				},
				{
					"name": "abdomen3",
					"parent": "abdomen2",
					"pivot": [0.0005, 1.98659, -6.80552],
					"cubes": [
						{"origin": [-3, 0.32628, -10.03126], "size": [6, 6, 2], "pivot": [0, 4.32628, -6.78126], "rotation": [-82.5, 0, 0], "uv": [86, 0]},
						{"origin": [-4.999, 1.35944, -14.40129], "size": [10, 5, 5], "inflate": 0.001, "pivot": [0.001, 2.35944, -10.90129], "rotation": [-82.5, 0, 0], "uv": [0, 74]}
					]
				},
				{
					"name": "abdomen4",
					"parent": "abdomen3",
					"pivot": [0.0005, 3.12007, -11.76011],
					"cubes": [
						{"origin": [-3.999, -0.64056, -14.40129], "size": [8, 5, 3], "inflate": 0.001, "pivot": [0.001, 2.35944, -10.90129], "rotation": [-87.5, 0, 0], "uv": [0, 48]},
						{"origin": [-2, 2.9044, -13.03217], "size": [4, 6, 2], "pivot": [0, 5.9044, -12.03217], "rotation": [-90, 0, 0], "uv": [22, 48]}
					]
				},
				{
					"name": "leg_left",
					"parent": "abdomen1",
					"pivot": [2, 10.71653, -2.75084],
					"cubes": [
						{"origin": [0.58694, 10.1219, -3.36473], "size": [3, 2, 1], "pivot": [3.5, 11.21653, -2.00084], "rotation": [-25.15933, -21.2842, -37.69778], "uv": [44, 30]}
					]
				},
				{
					"name": "leg_right",
					"parent": "abdomen1",
					"pivot": [-2, 10.71653, -2.75084],
					"cubes": [
						{"origin": [-3.58694, 10.1219, -3.36473], "size": [3, 2, 1], "pivot": [-3.5, 11.21653, -2.00084], "rotation": [-25.15933, 21.2842, 37.69778], "uv": [44, 30], "mirror": true}
					]
				}
			]
		}
	]
}