{
	"format_version": "1.12.0",
	"minecraft:geometry": [
		{
			"description": {
				"identifier": "geometry.wooper_male",
				"texture_width": 64,
				"texture_height": 64,
				"visible_bounds_width": 3,
				"visible_bounds_height": 2.5,
				"visible_bounds_offset": [0, 0.75, 0]
			},
			"bones": [
				{
					"name": "wooper",
					"pivot": [0, 0, 0]
				},
				{
					"name": "body",
					"parent": "wooper",
					"pivot": [0, 5, 0.5],
					"cubes": [
						{"origin": [-3.5, 1, -2], "size": [7, 5, 5], "uv": [0, 16]},
						{"origin": [-2.5, 1.5, -2.025], "size": [5, 3, 0], "uv": [48, 0]},
						{"origin": [-2.5, 5.5, -2.025], "size": [5, 3, 0], "uv": [48, 0]},
						{"origin": [-3, 6, -2], "size": [6, 3, 5], "uv": [0, 26]}
					]
				},
				{
					"name": "head",
					"parent": "body",
					"pivot": [0, 9.5, 0.5],
					"cubes": [
						{"origin": [-5.5, 8.5, -3.5], "size": [11, 8, 8], "uv": [0, 0]},
						{"origin": [-3.5, 9.75, -3.525], "size": [7, 2, 0], "uv": [50, 4]}
					]
				},
				{
					"name": "lefteye",
					"parent": "head",
					"pivot": [3.25, 13.25, -3.525],
					"cubes": [
						{"origin": [2.75, 12.25, -3.525], "size": [2, 2, 0], "uv": [60, 0]}
					]
				},
				{
					"name": "righteye",
					"parent": "head",
					"pivot": [-3.75, 13.25, -3.525],
					"cubes": [
						{"origin": [-4.75, 12.25, -3.525], "size": [2, 2, 0], "uv": [60, 0], "mirror": true}
					]
				},
				{
					"name": "lefteyelid",
					"parent": "head",
					"pivot": [3.75, 13.25, -2.975],
					"cubes": [
						{"origin": [2.75, 12.25, -3.475], "size": [2, 2, 1], "inflate": 0.02, "uv": [58, 8]}
					]
				},
				{
					"name": "righteyelid",
					"parent": "head",
					"pivot": [-3.75, 13.25, -2.925],
					"cubes": [
						{"origin": [-4.75, 12.25, -3.425], "size": [2, 2, 1], "inflate": 0.02, "uv": [58, 8], "mirror": true}
					]
				},
				{
					"name": "pointythingysleft",
					"parent": "head",
					"pivot": [5.5, 11.75, 0],
					"cubes": [
						{"origin": [5.5, 7.25, 0], "size": [8, 9, 0], "uv": [16, 36]}
					]
				},
				{
					"name": "pointythingysright",
					"parent": "head",
					"pivot": [-5.5, 11.75, 0],
					"cubes": [
						{"origin": [-13.5, 7.25, 0], "size": [8, 9, 0], "uv": [0, 36]}
					]
				},
				{
					"name": "leftfoot",
					"parent": "body",
					"pivot": [2.25, 1, 0.75],
					"cubes": [
						{"origin": [0.75, 0, -3.75], "size": [3, 1, 6], "uv": [32, 10]}
					]
				},
				{
					"name": "rightfoot",
					"parent": "body",
					"pivot": [-2.25, 1, 0.75],
					"cubes": [
						{"origin": [-3.75, 0, -3.75], "size": [3, 1, 6], "uv": [30, 0]}
					]
				},
				{
					"name": "tail",
					"parent": "body",
					"pivot": [0, 2.25, 3],
					"cubes": [
						{"origin": [-1.5, 1.75, 2.5], "size": [3, 1, 3], "uv": [34, 17]}
					]
				},
				{
					"name": "tail2",
					"parent": "tail",
					"pivot": [0, 2.25, 5.5],
					"cubes": [
						{"origin": [-2.5, 1.75, 5.5], "size": [5, 2, 7], "uv": [17, 19]},
						{"origin": [-3.5, 2.25, 6.5], "size": [7, 0, 9], "uv": [32, 21]}
					]
				}
			]
		}
	]
}