{
	"format_version": "1.12.0",
	"minecraft:geometry": [
		{
			"description": {
				"identifier": "geometry.aegislash",
				"texture_width": 128,
				"texture_height": 128,
				"visible_bounds_width": 7,
				"visible_bounds_height": 4.5,
				"visible_bounds_offset": [0, 1.75, 0]
			},
			"bones": [
				{
					"name": "aegislash",
					"pivot": [0, 0, 0]
				},
				{
					"name": "body",
					"parent": "aegislash",
					"pivot": [0, 33.75, 0],
					"cubes": [
						{"origin": [-3, 24.25, 0.5], "size": [6, 3, 2], "uv": [62, 41]},
						{"origin": [-6, 26.75, -3], "size": [12, 3, 6], "uv": [0, 16]},
						{"origin": [-6, 29.75, -1], "size": [4, 6, 0], "uv": [56, 73]},
						{"origin": [-9, 27.25, -3], "size": [3, 2, 0], "pivot": [-6, 28.25, -3], "rotation": [0, -17.5, 0], "uv": [14, 57]},
						{"origin": [6, 27.25, -3], "size": [3, 2, 0], "pivot": [6, 28.25, -3], "rotation": [0, 17.5, 0], "uv": [14, 57]},
						{"origin": [2, 29.75, -1], "size": [4, 6, 0], "uv": [56, 65]},
						{"origin": [2, 22.75, -4], "size": [10, 11, 0], "uv": [42, 46]},
						{"origin": [-12, 22.75, -4], "size": [10, 11, 0], "uv": [32, 78]},
						{"origin": [-2, 29.75, -1.5], "size": [4, 4, 3], "uv": [62, 46]},
						{"origin": [-1.5, 39.75, -1.5], "size": [3, 2, 3], "uv": [64, 62]},
						{"origin": [-1, 33.75, -1], "size": [2, 6, 2], "uv": [20, 42]},
						{"origin": [-4, 23.75, -2.5], "size": [8, 3, 2], "uv": [56, 21]},
						{"origin": [-5.25, 19.5, -2.375], "size": [6, 6, 2], "pivot": [0, 20.25, -1.5], "rotation": [0, 0, 45], "uv": [35, 57]}
					]
				},
				{
					"name": "eye",
					"parent": "body",
					"pivot": [0, 25.25, -2.5],
					"cubes": [
						{"origin": [-1.5, 23.75, -3], "size": [3, 3, 1], "uv": [67, 6]}
					]
				},
				{
					"name": "eyelid",
					"parent": "eye",
					"pivot": [0, 25.25, -2.475],
					"cubes": [
						{"origin": [-1.5, 23.75, -2.975], "size": [3, 3, 1], "inflate": 0.01, "uv": [67, 58]}
					]
				},
				{
					"name": "eye2",
					"parent": "eye",
					"pivot": [0, 25.25, -2.51],
					"cubes": [
						{"origin": [-0.5, 24.25, -3.01], "size": [1, 2, 1], "uv": [0, 50]}
					]
				},
				{
					"name": "blade",
					"parent": "body",
					"pivot": [0, 27.5, 0.5],
					"cubes": [
						{"origin": [-2.5, 9, -1], "size": [5, 17, 2], "inflate": 0.002, "uv": [28, 36]},
						{"origin": [-3, 5, -1], "size": [6, 6, 2], "inflate": 0.004, "pivot": [0, 8, 0.5], "rotation": [0, 0, -45], "uv": [60, 10]},
						{"origin": [-4.24264, 8, -1], "size": [2, 11, 2], "pivot": [-4.24264, 8, 0.5], "rotation": [0, 0, 10], "uv": [32, 65]},
						{"origin": [-4.24264, 21.5, -1], "size": [2, 6, 2], "pivot": [-4.24264, 27.5, 0.5], "rotation": [0, 0, -17.5], "uv": [48, 65]},
						{"origin": [2.24264, 21.5, -1], "size": [2, 6, 2], "pivot": [4.24264, 27.5, 0.5], "rotation": [0, 0, 17.5], "uv": [40, 65]},
						{"origin": [2.24264, 8, -1], "size": [2, 11, 2], "pivot": [4.24264, 8, 0.5], "rotation": [0, 0, -10], "uv": [0, 0]},
						{"origin": [-2.35, 1.075, -0.5], "size": [9, 9, 1], "inflate": 0.004, "pivot": [0, 3.4, 0.5], "rotation": [0, 0, -45], "uv": [47, 0]},
						{"origin": [-4.5, 18, -0.5], "size": [3, 4, 1], "inflate": 0.001, "pivot": [-3, 20, 0], "rotation": [0, 0, 45], "uv": [0, 68]},
						{"origin": [-5.99264, 6, -0.5], "size": [3, 13, 1], "pivot": [-4.24264, 8, 0], "rotation": [0, 0, 14.5], "uv": [24, 62]},
						{"origin": [-3.5, 16, -0.625], "size": [7, 7, 1], "inflate": 0.002, "pivot": [0, 19.5, 0], "rotation": [0, 0, 45], "uv": [51, 57]},
						{"origin": [-5.74264, 21.5, -0.5], "size": [2, 6, 1], "inflate": 0.004, "pivot": [-4.24264, 27.5, 0], "rotation": [0, 0, -25], "uv": [64, 67]},
						{"origin": [3.74264, 21.5, -0.5], "size": [2, 6, 1], "inflate": 0.004, "pivot": [4.24264, 27.5, 0], "rotation": [0, 0, 25], "uv": [67, 26]},
						{"origin": [2.99264, 6, -0.5], "size": [3, 13, 1], "pivot": [4.24264, 8, 0], "rotation": [0, 0, -14.5], "uv": [16, 62]},
						{"origin": [1.5, 18, -0.5], "size": [3, 4, 1], "inflate": 0.001, "pivot": [3, 20, 0], "rotation": [0, 0, -45], "uv": [66, 53]},
						{"origin": [-3, 24.5, -0.75], "size": [6, 6, 2], "inflate": 0.002, "pivot": [0, 27.5, 0.5], "rotation": [0, 0, -45], "uv": [0, 60]},
						{"origin": [-10.89124, 3.28794, -1.075], "size": [14, 14, 0], "pivot": [2.35876, 7.33794, -1.075], "rotation": [0, 0, 45], "uv": [0, 25]}
					]
				},
				{
					"name": "shield_arm",
					"parent": "body",
					"pivot": [0, 38.75, 0],
					"rotation": [0, -90, 0]
				},
				{
					"name": "shield_arm2",
					"parent": "shield_arm",
					"pivot": [2.5, 38.75, 0]
				},
				{
					"name": "shield_arm3",
					"parent": "shield_arm2",
					"pivot": [5.5, 38.75, 0]
				},
				{
					"name": "shield_arm4",
					"parent": "shield_arm3",
					"pivot": [8.5, 38.75, 0]
				},
				{
					"name": "shield_arm5",
					"parent": "shield_arm4",
					"pivot": [11.5, 38.75, 0]
				},
				{
					"name": "shield_arm6",
					"parent": "shield_arm5",
					"pivot": [15.5, 38.75, 0]
				},
				{
					"name": "shield_arm7",
					"parent": "shield_arm6",
					"pivot": [21.5, 38.75, 0]
				},
				{
					"name": "shield_hand",
					"parent": "shield_arm7",
					"pivot": [28.5, 38.75, 0]
				},
				{
					"name": "shield",
					"parent": "shield_hand",
					"pivot": [39, 41.275, 0],
					"cubes": [
						{"origin": [30, 39.775, -6.5], "size": [17, 3, 13], "uv": [0, 0]},
						{"origin": [38, 42.275, 0.5], "size": [5, 2, 5], "uv": [52, 30]},
						{"origin": [38, 42.275, -5.5], "size": [5, 2, 5], "uv": [15, 55]},
						{"origin": [33, 42.275, -2.5], "size": [5, 2, 5], "uv": [0, 50]},
						{"origin": [32, 39.775, 6.5], "size": [13, 3, 2], "uv": [28, 25]},
						{"origin": [32, 39.775, -8.5], "size": [13, 3, 2], "uv": [30, 16]}
					]
				},
				{
					"name": "handle_left",
					"parent": "shield",
					"pivot": [39, 39.775, 8],
					"cubes": [
						{"origin": [37, 37.775, 8], "size": [4, 2, 0], "uv": [67, 33]}
					]
				},
				{
					"name": "handle_left2",
					"parent": "handle_left",
					"pivot": [39, 37.775, 8],
					"cubes": [
						{"origin": [37, 37.775, 0], "size": [4, 0, 8], "uv": [34, 38]}
					]
				},
				{
					"name": "handle_right",
					"parent": "shield",
					"pivot": [39, 39.775, -8],
					"cubes": [
						{"origin": [37, 37.775, -8], "size": [4, 2, 0], "uv": [66, 18]}
					]
				},
				{
					"name": "handle_right2",
					"parent": "handle_right",
					"pivot": [39, 37.775, -8],
					"cubes": [
						{"origin": [37, 37.775, -8], "size": [4, 0, 8], "uv": [36, 30]}
					]
				},
				{
					"name": "face",
					"parent": "shield",
					"pivot": [40, 43.275, 4.5],
					"cubes": [
						{"origin": [39.5, 43.285, -4], "size": [2, 1, 2], "uv": [0, 57]},
						{"origin": [34.5, 43.285, -1], "size": [2, 1, 2], "uv": [8, 57]},
						{"origin": [39.5, 43.285, 2], "size": [2, 1, 2], "uv": [60, 18]}
					]
				},
				{
					"name": "facelid",
					"parent": "shield",
					"pivot": [40, 43.075, 4.5],
					"cubes": [
						{"origin": [39.5, 42.185, -4], "size": [2, 2, 2], "inflate": 0.01, "uv": [64, 37]},
						{"origin": [34.5, 42.185, -1], "size": [2, 2, 2], "inflate": 0.01, "uv": [58, 26]},
						{"origin": [39.5, 42.185, 2], "size": [2, 2, 2], "inflate": 0.01, "uv": [48, 21]}
					]
				},
				{
					"name": "arm",
					"parent": "body",
					"pivot": [0, 38.75, 0],
					"rotation": [0, -90, 0],
					"cubes": [
						{"origin": [-2.5, 38.75, -2.5], "size": [5, 0, 5], "uv": [10, 50]}
					]
				},
				{
					"name": "arm2",
					"parent": "arm",
					"pivot": [2.5, 38.75, 0],
					"cubes": [
						{"origin": [2.5, 38.75, -1], "size": [3, 0, 2], "uv": [4, 0]}
					]
				},
				{
					"name": "arm3",
					"parent": "arm2",
					"pivot": [5.5, 38.75, 0],
					"cubes": [
						{"origin": [5.5, 38.75, -1], "size": [3, 0, 2], "uv": [45, 10]}
					]
				},
				{
					"name": "arm4",
					"parent": "arm3",
					"pivot": [8.5, 38.75, 0],
					"cubes": [
						{"origin": [8.5, 38.75, -1], "size": [3, 0, 2], "uv": [48, 43]}
					]
				},
				{
					"name": "arm5",
					"parent": "arm4",
					"pivot": [11.5, 38.75, 0],
					"cubes": [
						{"origin": [11.5, 38.75, -1.5], "size": [4, 0, 3], "uv": [17, 39]}
					]
				},
				{
					"name": "arm6",
					"parent": "arm5",
					"pivot": [15.5, 38.75, 0],
					"cubes": [
						{"origin": [15.5, 38.75, -2], "size": [6, 0, 4], "uv": [32, 21]}
					]
				},
				{
					"name": "arm7",
					"parent": "arm6",
					"pivot": [21.5, 38.75, 0],
					"cubes": [
						{"origin": [21.5, 38.75, -2.5], "size": [7, 0, 5], "uv": [45, 38]}
					]
				},
				{
					"name": "hand",
					"parent": "arm7",
					"pivot": [28.5, 38.75, 0],
					"cubes": [
						{"origin": [28.5, 38.75, -3], "size": [8, 0, 6], "uv": [22, 30]}
					]
				},
				{
					"name": "finger",
					"parent": "hand",
					"pivot": [36.5, 38.75, 3],
					"cubes": [
						{"origin": [36.5, 38.75, 2], "size": [2, 0, 2], "uv": [0, 18]}
					]
				},
				{
					"name": "finger2",
					"parent": "finger",
					"pivot": [38.5, 38.75, 3],
					"cubes": [
						{"origin": [38.5, 38.75, 2], "size": [3, 0, 2], "uv": [34, 55]}
					]
				},
				{
					"name": "finger3",
					"parent": "finger2",
					"pivot": [41.5, 38.75, 3],
					"cubes": [
						{"origin": [41.5, 38.75, 2], "size": [2, 0, 2], "uv": [0, 20]}
					]
				},
				{
					"name": "finger4",
					"parent": "hand",
					"pivot": [36.5, 38.75, 1],
					"cubes": [
						{"origin": [36.5, 38.75, 0], "size": [2, 0, 2], "uv": [6, 10]}
					]
				},
				{
					"name": "finger5",
					"parent": "finger4",
					"pivot": [38.5, 38.75, 1],
					"cubes": [
						{"origin": [38.5, 38.75, 0], "size": [3, 0, 2], "uv": [28, 55]}
					]
				},
				{
					"name": "finger6",
					"parent": "finger5",
					"pivot": [41.5, 38.75, 1],
					"cubes": [
						{"origin": [41.5, 38.75, 0], "size": [2, 0, 2], "uv": [0, 16]}
					]
				},
				{
					"name": "finger7",
					"parent": "hand",
					"pivot": [36.5, 38.75, -1],
					"cubes": [
						{"origin": [36.5, 38.75, -2], "size": [2, 0, 2], "uv": [6, 6]}
					]
				},
				{
					"name": "finger8",
					"parent": "finger7",
					"pivot": [38.5, 38.75, -1],
					"cubes": [
						{"origin": [38.5, 38.75, -2], "size": [3, 0, 2], "uv": [54, 43]}
					]
				},
				{
					"name": "finger9",
					"parent": "finger8",
					"pivot": [41.5, 38.75, -1],
					"cubes": [
						{"origin": [41.5, 38.75, -2], "size": [2, 0, 2], "uv": [6, 8]}
					]
				},
				{
					"name": "finger10",
					"parent": "hand",
					"pivot": [36.5, 38.75, -3],
					"cubes": [
						{"origin": [36.5, 38.75, -4], "size": [2, 0, 2], "uv": [6, 2]}
					]
				},
				{
					"name": "finger11",
					"parent": "finger10",
					"pivot": [38.5, 38.75, -3],
					"cubes": [
						{"origin": [38.5, 38.75, -4], "size": [3, 0, 2], "uv": [51, 10]}
					]
				},
				{
					"name": "finger12",
					"parent": "finger11",
					"pivot": [41.5, 38.75, -3],
					"cubes": [
						{"origin": [41.5, 38.75, -4], "size": [2, 0, 2], "uv": [6, 4]}
					]
				}
			]
		}
	]
}