{
	"format_version": "1.12.0",
	"minecraft:geometry": [
		{
			"description": {
				"identifier": "geometry.aipom_delta",
				"texture_width": 96,
				"texture_height": 64,
				"visible_bounds_width": 8,
				"visible_bounds_height": 3.5,
				"visible_bounds_offset": [0, 1.25, 0]
			},
			"bones": [
				{
					"name": "aipom_delta",
					"pivot": [0, -1, 0]
				},
				{
					"name": "body",
					"parent": "aipom_delta",
					"pivot": [0, 6.25, 0],
					"cubes": [
						{"origin": [-2.5, 6, -2.5], "size": [5, 4, 5], "uv": [0, 32]}
					]
				},
				{
					"name": "upper_body",
					"parent": "body",
					"pivot": [0, 10, 0],
					"cubes": [
						{"origin": [-2, 9.5, -2], "size": [4, 3, 4], "uv": [42, 20]}
					]
				},
				{
					"name": "head",
					"parent": "upper_body",
					"pivot": [0, 14, 0],
					"cubes": [
						{"origin": [-5, 14, -4], "size": [10, 8, 8], "uv": [0, 0]},
						{"origin": [-1.5, 20.02, -4.01], "size": [3, 1, 0], "uv": [0, 57]}
					]
				},
				{
					"name": "eye_right",
					"parent": "head",
					"pivot": [-2.5, 18.75, -4],
					"cubes": [
						{"origin": [-4.5, 17, -4], "size": [3, 3, 0], "inflate": 0.01, "uv": [0, 0], "mirror": true},
						{"origin": [-4, 17.5, -4.01], "size": [2, 2, 0], "inflate": 0.015, "uv": [0, 4], "mirror": true}
					]
				},
				{
					"name": "eye_left",
					"parent": "head",
					"pivot": [2.5, 18.75, -4],
					"cubes": [
						{"origin": [1.5, 17, -4], "size": [3, 3, 0], "inflate": 0.01, "uv": [0, 0]},
						{"origin": [2, 17.5, -4.01], "size": [2, 2, 0], "inflate": 0.015, "uv": [0, 4]}
					]
				},
				{
					"name": "right_ear",
					"parent": "head",
					"pivot": [-5, 17.5, 0],
					"rotation": [0, 22.5, 0],
					"cubes": [
						{"origin": [-9, 15.5, 0], "size": [5, 10, 0], "pivot": [-5, 17.5, 0], "rotation": [0, 0, -22.5], "uv": [32, 44], "mirror": true}
					]
				},
				{
					"name": "left_ear",
					"parent": "head",
					"pivot": [5, 17.5, 0],
					"rotation": [0, -22.5, 0],
					"cubes": [
						{"origin": [4, 15.5, 0], "size": [5, 10, 0], "pivot": [5, 17.5, 0], "rotation": [0, 0, 22.5], "uv": [32, 54]}
					]
				},
				{
					"name": "female_hair_tuft",
					"parent": "head",
					"pivot": [0, 22, -0.25],
					"cubes": [
						{"origin": [0, 21, -3.25], "size": [0, 5, 6], "uv": [43, 44]}
					]
				},
				{
					"name": "male_hair_tuft",
					"parent": "head",
					"pivot": [0, 22, -0.25],
					"cubes": [
						{"origin": [0, 21, -3.25], "size": [0, 4, 6], "uv": [43, 50]}
					]
				},
				{
					"name": "mouth",
					"parent": "head",
					"pivot": [0, 15, -4],
					"cubes": [
						{"origin": [-2.5, 14.75, -4.01], "size": [5, 1, 0], "uv": [0, 31]}
					]
				},
				{
					"name": "arm_left",
					"parent": "upper_body",
					"pivot": [2, 12.5, 0],
					"cubes": [
						{"origin": [2, 10.5, -1], "size": [4, 2, 2], "uv": [26, 35]}
					]
				},
				{
					"name": "arm_left2",
					"parent": "arm_left",
					"pivot": [6, 11.5, 1],
					"cubes": [
						{"origin": [6, 10.5, -1], "size": [5, 2, 2], "inflate": 0.01, "uv": [28, 20]}
					]
				},
				{
					"name": "arm_right",
					"parent": "upper_body",
					"pivot": [-2, 12.5, 0],
					"cubes": [
						{"origin": [-6, 10.5, -1], "size": [4, 2, 2], "uv": [26, 35], "mirror": true}
					]
				},
				{
					"name": "arm_right2",
					"parent": "arm_right",
					"pivot": [-6, 11.5, 1],
					"cubes": [
						{"origin": [-11, 10.5, -1], "size": [5, 2, 2], "inflate": 0.01, "uv": [28, 20], "mirror": true}
					]
				},
				{
					"name": "tail",
					"parent": "body",
					"pivot": [0, 7, 2],
					"cubes": [
						{"origin": [-1, 6, 2], "size": [2, 2, 7], "inflate": 0.01, "uv": [33, 35]}
					]
				},
				{
					"name": "tail2",
					"parent": "tail",
					"pivot": [0, 7, 9],
					"cubes": [
						{"origin": [-1, 6, 8.5], "size": [2, 2, 7], "uv": [14, 35]}
					]
				},
				{
					"name": "tail3",
					"parent": "tail2",
					"pivot": [0, 7, 15],
					"cubes": [
						{"origin": [-1, 6, 15], "size": [2, 2, 7], "inflate": 0.01, "uv": [30, 25]}
					]
				},
				{
					"name": "tail4",
					"parent": "tail3",
					"pivot": [0, 7, 22],
					"cubes": [
						{"origin": [-1, 6, 21.5], "size": [2, 2, 7], "uv": [30, 10]}
					]
				},
				{
					"name": "tail_hand",
					"parent": "tail4",
					"pivot": [0, 7, 28],
					"cubes": [
						{"origin": [-4.5, 5, 28], "size": [9, 4, 9], "inflate": 0.01, "uv": [0, 17]}
					]
				},
				{
					"name": "finger1",
					"parent": "tail_hand",
					"pivot": [3, 9, 37],
					"cubes": [
						{"origin": [1.5, 6, 37], "size": [3, 3, 5], "uv": [60, 39]}
					]
				},
				{
					"name": "finger1_2",
					"parent": "finger1",
					"pivot": [3, 8, 42],
					"cubes": [
						{"origin": [1.5, 6, 42], "size": [3, 2, 5], "inflate": -0.01, "uv": [59, 25]}
					]
				},
				{
					"name": "finger1_3",
					"parent": "finger1_2",
					"pivot": [3, 8, 47],
					"cubes": [
						{"origin": [3, 6, 47], "size": [0, 2, 3], "uv": [45, 35]}
					]
				},
				{
					"name": "finger2",
					"parent": "tail_hand",
					"pivot": [0, 9, 37],
					"cubes": [
						{"origin": [-1.5, 6, 37], "size": [3, 3, 5], "uv": [15, 56]}
					]
				},
				{
					"name": "finger2_2",
					"parent": "finger2",
					"pivot": [0, 8, 42],
					"cubes": [
						{"origin": [-1.5, 6, 42], "size": [3, 2, 5], "inflate": -0.01, "uv": [59, 17]}
					]
				},
				{
					"name": "finger2_3",
					"parent": "finger2_2",
					"pivot": [0, 8, 47],
					"cubes": [
						{"origin": [0, 6, 47], "size": [0, 2, 3], "uv": [53, 35]}
					]
				},
				{
					"name": "finger3",
					"parent": "tail_hand",
					"pivot": [-3, 9, 37],
					"cubes": [
						{"origin": [-4.5, 6, 37], "size": [3, 3, 5], "uv": [53, 0]}
					]
				},
				{
					"name": "finger3_2",
					"parent": "finger3",
					"pivot": [-3, 8, 42],
					"cubes": [
						{"origin": [-4.5, 6, 42], "size": [3, 2, 5], "inflate": -0.01, "uv": [59, 9]}
					]
				},
				{
					"name": "finger3_3",
					"parent": "finger3_2",
					"pivot": [-3, 8, 47],
					"cubes": [
						{"origin": [-3, 6, 47], "size": [0, 2, 3], "uv": [58, 14]}
					]
				},
				{
					"name": "thumb",
					"parent": "tail_hand",
					"pivot": [4.5, 9, 30],
					"cubes": [
						{"origin": [4.5, 6, 28.5], "size": [5, 3, 3], "uv": [60, 48]}
					]
				},
				{
					"name": "thumb2",
					"parent": "thumb",
					"pivot": [9.5, 8, 30],
					"cubes": [
						{"origin": [8.5, 6, 28.5], "size": [4, 2, 3], "inflate": -0.01, "uv": [60, 33]}
					]
				},
				{
					"name": "thumb3",
					"parent": "thumb2",
					"pivot": [12.5, 6, 30],
					"cubes": [
						{"origin": [12.5, 6, 30], "size": [2, 2, 0], "uv": [60, 39]}
					]
				},
				{
					"name": "leg_right",
					"parent": "aipom_delta",
					"pivot": [-1.75, 6.75, 0],
					"cubes": [
						{"origin": [-2.75, 3.75, -1], "size": [2, 3, 2], "inflate": 0.01, "uv": [0, 51], "mirror": true}
					]
				},
				{
					"name": "leg_right2",
					"parent": "leg_right",
					"pivot": [-1.75, 3.75, -1],
					"cubes": [
						{"origin": [-2.75, 0.75, -1], "size": [2, 3, 2], "uv": [0, 17], "mirror": true}
					]
				},
				{
					"name": "foot_right",
					"parent": "leg_right2",
					"pivot": [-1.75, 1, 0],
					"cubes": [
						{"origin": [-3.25, 0, -2.5], "size": [3, 1, 4], "inflate": 0.01, "uv": [45, 31], "mirror": true}
					]
				},
				{
					"name": "toes_right",
					"parent": "foot_right",
					"pivot": [-1.75, 1, -2.5],
					"cubes": [
						{"origin": [-3.25, 0, -4.5], "size": [3, 1, 2], "uv": [49, 45], "mirror": true}
					]
				},
				{
					"name": "leg_left",
					"parent": "aipom_delta",
					"pivot": [1.75, 6.75, 0],
					"cubes": [
						{"origin": [0.75, 3.75, -1], "size": [2, 3, 2], "inflate": 0.01, "uv": [0, 51]}
					]
				},
				{
					"name": "leg_left2",
					"parent": "leg_left",
					"pivot": [1.75, 3.75, -1],
					"cubes": [
						{"origin": [0.75, 0.75, -1], "size": [2, 3, 2], "uv": [0, 17]}
					]
				},
				{
					"name": "foot_left",
					"parent": "leg_left2",
					"pivot": [1.75, 1, 0],
					"cubes": [
						{"origin": [0.25, 0, -2.5], "size": [3, 1, 4], "inflate": 0.01, "uv": [45, 31]}
					]
				},
				{
					"name": "toes_left",
					"parent": "foot_left",
					"pivot": [1.75, 1, -2.5],
					"cubes": [
						{"origin": [0.25, 0, -4.5], "size": [3, 1, 2], "uv": [49, 45]}
					]
				}
			]
		}
	]
}