{
	"format_version": "1.12.0",
	"minecraft:geometry": [
		{
			"description": {
				"identifier": "geometry.unknown",
				"texture_width": 128,
				"texture_height": 128,
				"visible_bounds_width": 6,
				"visible_bounds_height": 3.5,
				"visible_bounds_offset": [0, 1.25, 0]
			},
			"bones": [
				{
					"name": "arcanine_delta",
					"pivot": [0, 0, 0]
				},
				{
					"name": "body",
					"parent": "arcanine_delta",
					"pivot": [0, 12, -1],
					"cubes": [
						{"origin": [-4.5, 8, -9.5], "size": [9, 8, 19], "uv": [0, 0]},
						{"origin": [-2.5, -5.0993, -3.48853], "size": [5, 10, 3], "inflate": -0.02, "pivot": [0, 3.1007, -6.28853], "rotation": [105, 0, 0], "uv": [0, 0]},
						{"origin": [-2.5, 6.22776, -10.06792], "size": [5, 6, 3], "inflate": 0.02, "pivot": [0, 9.62776, -7.06792], "rotation": [20, 0, 0], "uv": [99, 9]}
					]
				},
				{
					"name": "neck",
					"parent": "body",
					"pivot": [0, 13.5, -7.75],
					"cubes": [
						{"origin": [-3.5, 11, -10.75], "size": [7, 7, 6], "uv": [68, 48]}
					]
				},
				{
					"name": "head",
					"parent": "neck",
					"pivot": [0, 18, -8.25],
					"cubes": [
						{"origin": [-4.5, 18, -12.75], "size": [9, 8, 8], "uv": [48, 19]},
						{"origin": [-3, 19.25, -15.75], "size": [6, 3, 4], "uv": [52, 92]},
						{"origin": [-2, 19, -15.4], "size": [1, 1, 0], "pivot": [-1.5, 19.25, -15.4], "rotation": [0, 0, 45], "uv": [13, 0]},
						{"origin": [1, 19, -15.4], "size": [1, 1, 0], "pivot": [1.5, 19.25, -15.4], "rotation": [0, 0, -45], "uv": [0, 2]}
					]
				},
				{
					"name": "head_fluff",
					"parent": "head",
					"pivot": [0, 0, 0],
					"cubes": [
						{"origin": [-4, 16.97616, -5.22296], "size": [8, 3, 6], "inflate": 0.002, "pivot": [0, 17.77616, -2.22296], "rotation": [-77.5, 0, 0], "uv": [64, 73]},
						{"origin": [-4, 15, -7.6], "size": [8, 8, 4], "inflate": 0.02, "pivot": [0, 19.5, -5.3], "rotation": [17.5, 0, 0], "uv": [79, 14]}
					]
				},
				{
					"name": "head_fluff_plane_top",
					"parent": "head_fluff",
					"pivot": [0, 24.97342, -6.22869],
					"cubes": [
						{"origin": [-11.5, 24.97982, -5.39648], "size": [23, 9, 0], "pivot": [0, 27.97982, -5.99648], "rotation": [-15, 0, 0], "uv": [37, 9]}
					]
				},
				{
					"name": "head_fluff_plane_top2",
					"parent": "head_fluff",
					"pivot": [0, 25, -6.2],
					"cubes": [
						{"origin": [-11.5, 16.02069, -6.14515], "size": [23, 9, 0], "pivot": [0, 24.94601, -6.09924], "rotation": [10, 0, 0], "uv": [37, 0]}
					]
				},
				{
					"name": "head_fluff_right",
					"parent": "head_fluff",
					"pivot": [-3.64422, 21.06275, -7.75],
					"rotation": [5, 0, 0],
					"cubes": [
						{"origin": [-8.12613, 18.46014, -9.75], "size": [5, 5, 4], "pivot": [-5.92613, 20.96014, -7.75], "rotation": [0, 0, -20], "uv": [86, 39]}
					]
				},
				{
					"name": "head_fluff_right2",
					"parent": "head_fluff_right",
					"pivot": [-7.24636, 17.94538, -7.75],
					"cubes": [
						{"origin": [-15.4306, 17.16628, -7.75], "size": [9, 9, 0], "pivot": [-10.2306, 20.66628, -7.75], "rotation": [0, 0, 20], "uv": [38, 84]}
					]
				},
				{
					"name": "head_fluff_left",
					"parent": "head_fluff",
					"pivot": [3.64422, 21.06275, -7.75],
					"rotation": [5, 0, 0],
					"cubes": [
						{"origin": [3.12613, 18.46014, -9.75], "size": [5, 5, 4], "pivot": [5.92613, 20.96014, -7.75], "rotation": [0, 0, 20], "uv": [86, 39], "mirror": true}
					]
				},
				{
					"name": "head_fluff_left2",
					"parent": "head_fluff_left",
					"pivot": [7.24636, 17.94538, -7.75],
					"cubes": [
						{"origin": [6.4306, 17.16628, -7.75], "size": [9, 9, 0], "pivot": [10.2306, 20.66628, -7.75], "rotation": [0, 0, -20], "uv": [38, 84], "mirror": true}
					]
				},
				{
					"name": "head_fluff_top",
					"parent": "head_fluff",
					"pivot": [0.3, 25.73887, -10.96532],
					"cubes": [
						{"origin": [-2.2, 25.32229, -10.26179], "size": [5, 7, 6], "pivot": [0, 29.32229, -8.36179], "rotation": [-10, 0, 0], "uv": [16, 76]}
					]
				},
				{
					"name": "head_fluff_top2",
					"parent": "head_fluff_top",
					"pivot": [-2.22574, 25.92862, -10.06413],
					"cubes": [
						{"origin": [-4.22872, 24.47139, -9.75948], "size": [4, 5, 4], "pivot": [-2.22872, 26.97139, -7.95948], "rotation": [-11.90804, -3.40487, -19.71975], "uv": [94, 48]}
					]
				},
				{
					"name": "head_fluff_back",
					"parent": "head_fluff",
					"pivot": [0, 30, -4.7],
					"cubes": [
						{"origin": [-3.5, 24.21211, -4.97168], "size": [7, 4, 5], "inflate": 0.002, "pivot": [0.5, 28.19978, 0.05057], "rotation": [-20.39685, 0, 0], "uv": [80, 30]}
					]
				},
				{
					"name": "head_fluff_back2",
					"parent": "head_fluff_back",
					"pivot": [0, 28.18308, -0.0935],
					"cubes": [
						{"origin": [-3.5, 24.68259, -3.57595], "size": [7, 3, 7], "inflate": -0.002, "pivot": [0, 26.48259, -1.57595], "rotation": [-102.5, 0, 0], "uv": [68, 63]}
					]
				},
				{
					"name": "head_fluff_back_right",
					"parent": "head_fluff_back",
					"pivot": [-2, 26, -4],
					"cubes": [
						{"origin": [-6.65108, 17.60445, -5.61461], "size": [7, 10, 5], "pivot": [-3.05108, 22.60445, -3.11461], "rotation": [15.69695, -6.09366, 39.51402], "uv": [23, 61]}
					]
				},
				{
					"name": "head_fluff_back_left",
					"parent": "head_fluff_back",
					"pivot": [2, 26, -4],
					"cubes": [
						{"origin": [-0.34892, 17.60445, -5.61461], "size": [7, 10, 5], "pivot": [3.05108, 22.60445, -3.11461], "rotation": [15.69695, 6.09366, -39.51402], "uv": [23, 61], "mirror": true}
					]
				},
				{
					"name": "eyes",
					"parent": "head",
					"pivot": [0, 23.5, -11.775]
				},
				{
					"name": "eye_right",
					"parent": "eyes",
					"pivot": [-3.025, 23.5, -11.775],
					"cubes": [
						{"origin": [-4.525, 22.5, -12.775], "size": [3, 2, 2], "uv": [10, 49]},
						{"origin": [-3.025, 23, -12.785], "size": [1, 1, 0], "uv": [0, 1]},
						{"origin": [-2.525, 23.5, -12.795], "size": [1, 1, 0], "uv": [0, 0]}
					]
				},
				{
					"name": "eyelid_right",
					"parent": "eye_right",
					"pivot": [-2.925, 23.5, -11.675],
					"cubes": [
						{"origin": [-4.425, 22.5, -12.695], "size": [3, 2, 2], "inflate": 0.01, "uv": [0, 49]}
					]
				},
				{
					"name": "eye_left",
					"parent": "eyes",
					"pivot": [3.025, 23.5, -11.775],
					"cubes": [
						{"origin": [1.525, 22.5, -12.775], "size": [3, 2, 2], "uv": [10, 49], "mirror": true},
						{"origin": [2.025, 23, -12.785], "size": [1, 1, 0], "uv": [0, 1], "mirror": true},
						{"origin": [1.525, 23.5, -12.795], "size": [1, 1, 0], "uv": [0, 0], "mirror": true}
					]
				},
				{
					"name": "eyelid_left",
					"parent": "eye_left",
					"pivot": [2.925, 23.5, -11.675],
					"cubes": [
						{"origin": [1.425, 22.5, -12.695], "size": [3, 2, 2], "inflate": 0.01, "uv": [0, 49], "mirror": true}
					]
				},
				{
					"name": "jaw",
					"parent": "head",
					"pivot": [0, 19.25, -12.75],
					"rotation": [-2.5, 0, 0],
					"cubes": [
						{"origin": [-2.5, 18.31543, -14.25143], "size": [5, 1, 2], "uv": [32, 27]},
						{"origin": [-2, 18.31543, -15.25143], "size": [4, 1, 1], "uv": [57, 52]}
					]
				},
				{
					"name": "ear_right",
					"parent": "head",
					"pivot": [-4.25, 23.5, -9.5],
					"rotation": [0, 30, 10],
					"cubes": [
						{"origin": [-10.75, 21, -9.5], "size": [7, 5, 0], "uv": [48, 35]}
					]
				},
				{
					"name": "fluff_head_top",
					"parent": "head",
					"pivot": [0, 26, -11.5],
					"rotation": [2.5, 0, 0]
				},
				{
					"name": "fluff_head_top_extra",
					"parent": "fluff_head_top",
					"pivot": [-1, 11, -6],
					"rotation": [-17.5, 0, 0]
				},
				{
					"name": "ear_left",
					"parent": "head",
					"pivot": [4.25, 23.5, -9.5],
					"rotation": [0, -30, -10],
					"cubes": [
						{"origin": [3.75, 21, -9.5], "size": [7, 5, 0], "uv": [48, 35], "mirror": true}
					]
				},
				{
					"name": "fluff_front",
					"parent": "neck",
					"pivot": [0, 16, -10],
					"cubes": [
						{"origin": [-4, 11, -11.6], "size": [8, 7, 6], "inflate": 0.02, "uv": [58, 35]}
					]
				},
				{
					"name": "fluff_front_right",
					"parent": "fluff_front",
					"pivot": [-2.3, 10, -10.4],
					"cubes": [
						{"origin": [-7, 10, -9.4], "size": [5, 6, 5], "inflate": 0.02, "pivot": [-6, 13.5, -8.8], "rotation": [0, 15, 0], "uv": [81, 82]}
					]
				},
				{
					"name": "fluff_front_right3",
					"parent": "fluff_front_right",
					"pivot": [-0.9, 13.6, -8],
					"cubes": [
						{"origin": [-5.57465, 13, -8.29045], "size": [5, 5, 4], "inflate": 0.02, "pivot": [-3.77465, 15.5, -6.29045], "rotation": [-20, 15, 0], "uv": [89, 61]}
					]
				},
				{
					"name": "fluff_front_right2",
					"parent": "fluff_front_right",
					"pivot": [-5.34283, 13.99144, -6.37924],
					"cubes": [
						{"origin": [-11.25957, 9.5, -5.57591], "size": [6, 9, 0], "pivot": [-8.75957, 13, -5.57591], "rotation": [-7.5, 15, 0], "uv": [60, 99]}
					]
				},
				{
					"name": "fluff_front_left",
					"parent": "fluff_front",
					"pivot": [3.3, 15, -11],
					"cubes": [
						{"origin": [3.0999, 13, -10.44116], "size": [5, 4, 5], "inflate": 0.02, "pivot": [5.5999, 13, -9.94116], "rotation": [0, -15, 0], "uv": [0, 84]}
					]
				},
				{
					"name": "fluff_front_left2",
					"parent": "fluff_front_left",
					"pivot": [2.3, 10, -10.3],
					"cubes": [
						{"origin": [2.31759, 10, -10.41853], "size": [4, 4, 5], "inflate": 0.02, "pivot": [2.27659, 10, -10.44703], "rotation": [0, -15, 0], "uv": [91, 70]}
					]
				},
				{
					"name": "fluff_front_left3",
					"parent": "fluff_front_left",
					"pivot": [1.4, 13.9, -9.7],
					"cubes": [
						{"origin": [0.57465, 13, -8.29045], "size": [5, 5, 4], "inflate": 0.02, "pivot": [3.77465, 15.5, -6.29045], "rotation": [-20, -15, 0], "uv": [89, 61], "mirror": true}
					]
				},
				{
					"name": "fluff_front_left4",
					"parent": "fluff_front_left",
					"pivot": [4.5, 14, -7],
					"cubes": [
						{"origin": [4.25957, 9.5, -5.97591], "size": [6, 9, 0], "pivot": [8.75957, 13, -5.57591], "rotation": [-7.5, -15, 0], "uv": [60, 99], "mirror": true}
					]
				},
				{
					"name": "leg_front_right",
					"parent": "body",
					"pivot": [-3.5, 11.75, -6.5],
					"rotation": [10, 0, 0],
					"cubes": [
						{"origin": [-5.5, 6.75, -8.5], "size": [4, 7, 4], "inflate": 0.01, "uv": [16, 89]}
					]
				},
				{
					"name": "leg_front_right2",
					"parent": "leg_front_right",
					"pivot": [-3.5, 6.75, -5.5],
					"rotation": [-20, 0, 0],
					"cubes": [
						{"origin": [-5.5, 1, -8.5], "size": [4, 6, 4], "uv": [0, 93]}
					]
				},
				{
					"name": "leg_front_right_fur",
					"parent": "leg_front_right2",
					"pivot": [-4.5, 3.3, -5.7],
					"rotation": [7.41709, -2.51141, 0.54146],
					"cubes": [
						{"origin": [-6, 1.7, -7.5], "size": [5, 4, 4], "pivot": [-3.5, 3.3, -5.7], "rotation": [-5, 0, 0], "uv": [32, 93]}
					]
				},
				{
					"name": "leg_front_right_fur2",
					"parent": "leg_front_right_fur",
					"pivot": [-4.5, 1.6, -3.7],
					"cubes": [
						{"origin": [-4.5, 2.35657, -4.47646], "size": [2, 3, 4], "pivot": [-4.5, 3.55657, -2.57646], "rotation": [30, 0, 0], "uv": [57, 70]}
					]
				},
				{
					"name": "leg_front_right_fur3",
					"parent": "leg_front_right_fur2",
					"pivot": [-3.5, 4, -3.7],
					"cubes": [
						{"origin": [-3.5, 1.33242, -4.48112], "size": [0, 6, 7], "pivot": [-3.5, 3.33242, -1.48112], "rotation": [15, 0, 0], "uv": [0, 6]}
					]
				},
				{
					"name": "leg_front_right3",
					"parent": "leg_front_right2",
					"pivot": [-3.5, 1.5, -6],
					"rotation": [10, 0, 0],
					"cubes": [
						{"origin": [-5.5, -0.5, -9.75], "size": [4, 2, 5], "inflate": 0.01, "uv": [72, 93]}
					]
				},
				{
					"name": "leg_back_right",
					"parent": "body",
					"pivot": [-3.5, 13.25, 6],
					"rotation": [5, 0, 0],
					"cubes": [
						{"origin": [-5.5, 6.75, 2.75], "size": [4, 9, 7], "uv": [0, 64]}
					]
				},
				{
					"name": "leg_back_right2",
					"parent": "leg_back_right",
					"pivot": [-3.5, 6.75, 8.25],
					"rotation": [-10, 0, 0],
					"cubes": [
						{"origin": [-5, 1, 5.25], "size": [3, 6, 4], "uv": [99, 22]}
					]
				},
				{
					"name": "leg_back_right_fur1",
					"parent": "leg_back_right2",
					"pivot": [-3.5, 4, 8],
					"rotation": [2.5, -2.5, 0],
					"cubes": [
						{"origin": [-6, 2, 4.75], "size": [5, 4, 5], "uv": [83, 0]}
					]
				},
				{
					"name": "leg_back_right_fur2",
					"parent": "leg_back_right_fur1",
					"pivot": [-3.5, 2.1, 9.4],
					"cubes": [
						{"origin": [-6.5, 2.12827, 9.33247], "size": [6, 5, 5], "pivot": [-3.5, 2.1, 9.35], "rotation": [22.5, 0, 0], "uv": [59, 82]}
					]
				},
				{
					"name": "leg_back_right_fur3",
					"parent": "leg_back_right_fur2",
					"pivot": [-3.5, 3.7, 13.1],
					"cubes": [
						{"origin": [-3.5, 4.59924, 11.29537], "size": [0, 9, 10], "pivot": [-3.5, 7.49924, 15.29537], "rotation": [35, 0, 0], "uv": [0, 30]}
					]
				},
				{
					"name": "leg_back_right3",
					"parent": "leg_back_right2",
					"pivot": [-3.5, 1.25, 7.75],
					"rotation": [5, 0, 0],
					"cubes": [
						{"origin": [-5.5, -0.25, 4], "size": [4, 2, 5], "uv": [90, 93]}
					]
				},
				{
					"name": "tail1",
					"parent": "body",
					"pivot": [0, 15.75, 9],
					"rotation": [-32.5, 0, 0],
					"cubes": [
						{"origin": [-4, 14.75, 4], "size": [8, 13, 10], "uv": [22, 30]}
					]
				},
				{
					"name": "tail1_fluff",
					"parent": "tail1",
					"pivot": [0, 0, 0],
					"cubes": [
						{"origin": [-8.18584, 14.29038, 13.83898], "size": [5, 13, 0], "pivot": [-6.48584, 20.79038, 12.33898], "rotation": [-81.60431, 9.86227, -42.13038], "uv": [50, 99]},
						{"origin": [3.18584, 14.29038, 13.83898], "size": [5, 13, 0], "pivot": [6.48584, 20.79038, 12.33898], "rotation": [-81.60431, -9.86227, 42.13038], "uv": [50, 99], "mirror": true},
						{"origin": [0, 24.2251, -1.18345], "size": [0, 8, 14], "pivot": [0, 24.17873, 8.88253], "rotation": [82.5, 0, 0], "uv": [28, 39]},
						{"origin": [0, 21.19032, 5.29448], "size": [0, 11, 14], "pivot": [0, 24.17873, 8.88253], "rotation": [0, 0, 0], "uv": [0, 39]}
					]
				},
				{
					"name": "tail2",
					"parent": "tail1",
					"pivot": [0, 27.75, 14],
					"rotation": [-10, 0, 0],
					"cubes": [
						{"origin": [-3, 18.75, 14], "size": [6, 9, 7], "uv": [49, 54]}
					]
				},
				{
					"name": "tail3",
					"parent": "tail2",
					"pivot": [0, 27.75, 21],
					"cubes": [
						{"origin": [-2.5, 17.55, 19.3], "size": [5, 7, 7], "pivot": [0, 24.25, 23.5], "rotation": [-50, 0, 0], "uv": [40, 70]}
					]
				},
				{
					"name": "tail4",
					"parent": "tail3",
					"pivot": [0, 22.75, 21],
					"cubes": [
						{"origin": [0, 16.79278, 18.32849], "size": [0, 13, 16], "pivot": [0, 22.59278, 24.42849], "rotation": [30, 0, 0], "uv": [0, 11]}
					]
				},
				{
					"name": "leg_back_left",
					"parent": "body",
					"pivot": [3.5, 13.25, 6],
					"rotation": [5, 0, 0],
					"cubes": [
						{"origin": [1.5, 6.75, 2.75], "size": [4, 9, 7], "uv": [0, 64], "mirror": true}
					]
				},
				{
					"name": "leg_back_left2",
					"parent": "leg_back_left",
					"pivot": [3.5, 6.75, 8.25],
					"rotation": [-10, 0, 0],
					"cubes": [
						{"origin": [2, 1, 5.25], "size": [3, 6, 4], "uv": [99, 22], "mirror": true}
					]
				},
				{
					"name": "leg_back_left_fur1",
					"parent": "leg_back_left2",
					"pivot": [3.5, 4, 8],
					"rotation": [2.5, 2.5, 0],
					"cubes": [
						{"origin": [1, 2, 4.75], "size": [5, 4, 5], "uv": [83, 0], "mirror": true}
					]
				},
				{
					"name": "leg_back_left_fur2",
					"parent": "leg_back_left_fur1",
					"pivot": [3.5, 2.1, 9.4],
					"cubes": [
						{"origin": [0.5, 2.12827, 9.33247], "size": [6, 5, 5], "pivot": [3.5, 2.1, 9.35], "rotation": [22.5, 0, 0], "uv": [59, 82], "mirror": true}
					]
				},
				{
					"name": "leg_back_left_fur3",
					"parent": "leg_back_left_fur2",
					"pivot": [3.5, 3.7, 13.1],
					"cubes": [
						{"origin": [3.5, 4.59924, 11.29537], "size": [0, 9, 10], "pivot": [3.5, 7.49924, 15.29537], "rotation": [35, 0, 0], "uv": [0, 30], "mirror": true}
					]
				},
				{
					"name": "leg_back_left3",
					"parent": "leg_back_left2",
					"pivot": [3.5, 1.25, 7.75],
					"rotation": [5, 0, 0],
					"cubes": [
						{"origin": [1.5, -0.25, 4], "size": [4, 2, 5], "uv": [90, 93], "mirror": true}
					]
				},
				{
					"name": "leg_front_left",
					"parent": "body",
					"pivot": [3.5, 11.75, -6.5],
					"rotation": [10, 0, 0],
					"cubes": [
						{"origin": [1.5, 6.75, -8.5], "size": [4, 7, 4], "inflate": 0.01, "uv": [16, 89], "mirror": true}
					]
				},
				{
					"name": "leg_front_left2",
					"parent": "leg_front_left",
					"pivot": [3.5, 6.75, -5.5],
					"rotation": [-20, 0, 0],
					"cubes": [
						{"origin": [1.5, 1, -8.5], "size": [4, 6, 4], "uv": [0, 93], "mirror": true}
					]
				},
				{
					"name": "leg_front_left_fur",
					"parent": "leg_front_left2",
					"pivot": [4.5, 3.3, -5.7],
					"rotation": [7.41709, 2.51141, -0.54146],
					"cubes": [
						{"origin": [1, 1.7, -7.5], "size": [5, 4, 4], "pivot": [3.5, 3.3, -5.7], "rotation": [-5, 0, 0], "uv": [32, 93], "mirror": true}
					]
				},
				{
					"name": "leg_front_left_fur2",
					"parent": "leg_front_left_fur",
					"pivot": [4.5, 1.6, -3.7],
					"cubes": [
						{"origin": [2.5, 2.35657, -4.47646], "size": [2, 3, 4], "pivot": [4.5, 3.55657, -2.57646], "rotation": [30, 0, 0], "uv": [57, 70], "mirror": true}
					]
				},
				{
					"name": "leg_front_left_fur3",
					"parent": "leg_front_left_fur2",
					"pivot": [3.5, 4, -3.7],
					"cubes": [
						{"origin": [3.5, 1.33242, -4.48112], "size": [0, 6, 7], "pivot": [3.5, 3.33242, -1.48112], "rotation": [15, 0, 0], "uv": [0, 6], "mirror": true}
					]
				},
				{
					"name": "leg_front_left3",
					"parent": "leg_front_left2",
					"pivot": [3.5, 1.5, -6],
					"rotation": [10, 0, 0],
					"cubes": [
						{"origin": [1.5, -0.5, -9.75], "size": [4, 2, 5], "inflate": 0.01, "uv": [72, 93], "mirror": true}
					]
				}
			]
		}
	]
}