{
	"format_version": "1.12.0",
	"minecraft:geometry": [
		{
			"description": {
				"identifier": "geometry.drifzeplin",
				"texture_width": 256,
				"texture_height": 256,
				"visible_bounds_width": 6,
				"visible_bounds_height": 8,
				"visible_bounds_offset": [0, 3, 0]
			},
			"bones": [
				{
					"name": "drifzeplin",
					"pivot": [-11, 14, 0]
				},
				{
					"name": "body",
					"parent": "drifzeplin",
					"pivot": [-11, 25, -4],
					"cubes": [
						{"origin": [-12, 48, -24], "size": [24, 23, 27], "uv": [0, 0]},
						{"origin": [-0.5, 71.01, -24], "size": [1, 0, 27], "uv": [115, 0]},
						{"origin": [-0.5, 47.99, -24], "size": [1, 0, 48], "uv": [98, 0]},
						{"origin": [-0.5, 48, -24.01], "size": [1, 23, 0], "uv": [140, 0]},
						{"origin": [-13, 46.5, -24.02], "size": [26, 26, 0], "pivot": [0, 59.5, -24.02], "rotation": [0, 0, 45], "uv": [6, 141]},
						{"origin": [-6.5, 47, -12], "size": [13, 1, 22], "uv": [44, 62]}
					]
				},
				{
					"name": "body2",
					"parent": "body",
					"pivot": [0, 48, 3],
					"cubes": [
						{"origin": [-10, 48, 3], "size": [20, 21, 13], "uv": [0, 50]},
						{"origin": [-0.5, 64, 16.01], "size": [1, 5, 0], "uv": [144, 0]},
						{"origin": [-0.5, 69, 3], "size": [1, 0, 13], "uv": [137, 0]}
					]
				},
				{
					"name": "body3",
					"parent": "body2",
					"pivot": [0, 48, 16],
					"cubes": [
						{"origin": [-9, 48, 16], "size": [18, 18, 8], "uv": [58, 85]},
						{"origin": [-0.5, 66.01, 16], "size": [1, 0, 8], "uv": [140, 0]}
					]
				},
				{
					"name": "flap_top",
					"parent": "body3",
					"pivot": [0, 66, 24],
					"rotation": [25, 0, 0],
					"cubes": [
						{"origin": [-11, 66, 24], "size": [22, 0, 15], "uv": [77, 65]}
					]
				},
				{
					"name": "flap_right",
					"parent": "body3",
					"pivot": [-9, 57, 24],
					"rotation": [0, -25, 0],
					"cubes": [
						{"origin": [-9, 46, 24], "size": [0, 22, 15], "uv": [82, 96]}
					]
				},
				{
					"name": "flap_left",
					"parent": "body3",
					"pivot": [9, 57, 24],
					"rotation": [0, 25, 0],
					"cubes": [
						{"origin": [9, 46, 24], "size": [0, 22, 15], "uv": [52, 96]}
					]
				},
				{
					"name": "flap_bottom",
					"parent": "body3",
					"pivot": [0, 48, 24],
					"rotation": [-25, 0, 0],
					"cubes": [
						{"origin": [-11, 48, 24], "size": [22, 0, 15], "uv": [77, 50]}
					]
				},
				{
					"name": "head",
					"parent": "body",
					"pivot": [0, 48, -1],
					"cubes": [
						{"origin": [-5.5, 40, -11], "size": [11, 7, 20], "uv": [75, 0]},
						{"origin": [-1.5, 40, -11.01], "size": [3, 3, 0], "pivot": [0, 41.5, -11.01], "rotation": [0, 0, 45], "uv": [0, 6]},
						{"origin": [-6, 40, -11.03], "size": [12, 3, 0], "uv": [0, 22]}
					]
				},
				{
					"name": "eye_right",
					"parent": "head",
					"pivot": [-19, 24, -4],
					"cubes": [
						{"origin": [-4.5, 43, -11.01], "size": [2, 3, 0], "uv": [6, 6]}
					]
				},
				{
					"name": "eyelid_right",
					"parent": "eye_right",
					"pivot": [12, 24, -4],
					"cubes": [
						{"origin": [-4.5, 43, -10.91], "size": [2, 3, 1], "inflate": 0.01, "uv": [0, 12], "mirror": true}
					]
				},
				{
					"name": "eye_left",
					"parent": "head",
					"pivot": [-12, 24, -4],
					"cubes": [
						{"origin": [2.5, 43, -11.01], "size": [2, 3, 0], "uv": [0, 9]}
					]
				},
				{
					"name": "eyelid_left",
					"parent": "eye_left",
					"pivot": [-12, 24, -4],
					"cubes": [
						{"origin": [2.5, 43, -10.91], "size": [2, 3, 1], "inflate": 0.01, "uv": [0, 12]}
					]
				},
				{
					"name": "mouth_open",
					"parent": "head",
					"pivot": [0, 41.5, -10.04],
					"cubes": [
						{"origin": [-0.5, 40.5, -10.04], "size": [1, 2, 0], "uv": [0, 18]}
					]
				},
				{
					"name": "moustache_right1",
					"parent": "head",
					"pivot": [-6, 41.5, -11],
					"rotation": [0, 80, 0],
					"cubes": [
						{"origin": [-13, 39.5, -11], "size": [7, 4, 0], "uv": [0, 97]}
					]
				},
				{
					"name": "moustache_right2",
					"parent": "moustache_right1",
					"pivot": [-13, 41.5, -11],
					"cubes": [
						{"origin": [-21, 39, -11], "size": [8, 5, 0], "uv": [75, 14]}
					]
				},
				{
					"name": "moustache_right3",
					"parent": "moustache_right2",
					"pivot": [-21, 41, -11],
					"cubes": [
						{"origin": [-26, 39.5, -11], "size": [5, 3, 0], "uv": [0, 0]}
					]
				},
				{
					"name": "moustache_left1",
					"parent": "head",
					"pivot": [6, 41.5, -11],
					"rotation": [0, -80, 0],
					"cubes": [
						{"origin": [6, 39.5, -11], "size": [7, 4, 0], "uv": [40, 98]}
					]
				},
				{
					"name": "moustache_left2",
					"parent": "moustache_left1",
					"pivot": [13, 41.5, -11],
					"cubes": [
						{"origin": [13, 39, -11], "size": [8, 5, 0], "uv": [0, 92]}
					]
				},
				{
					"name": "moustache_left3",
					"parent": "moustache_left2",
					"pivot": [21, 41, -11],
					"cubes": [
						{"origin": [21, 39.5, -11], "size": [5, 3, 0], "uv": [0, 3]}
					]
				},
				{
					"name": "arms",
					"parent": "head",
					"pivot": [0, 47, 0]
				},
				{
					"name": "arm_front_left",
					"parent": "arms",
					"pivot": [6, 45, -11],
					"rotation": [0, -45, 0]
				},
				{
					"name": "arm_front_left_rotation",
					"parent": "arm_front_left",
					"pivot": [6, 40, -7.75],
					"rotation": [30, 0, 0],
					"cubes": [
						{"origin": [3, 40, -19.5], "size": [6, 0, 12], "uv": [100, 109]}
					]
				},
				{
					"name": "arm_front_left2",
					"parent": "arm_front_left_rotation",
					"pivot": [6, 40, -19.5],
					"cubes": [
						{"origin": [2, 40, -32.5], "size": [8, 0, 13], "inflate": 0.01, "uv": [27, 85]}
					]
				},
				{
					"name": "hand_front_left",
					"parent": "arm_front_left2",
					"pivot": [6, 40, -32.5],
					"cubes": [
						{"origin": [1, 40, -46.5], "size": [10, 0, 14], "inflate": 0.02, "uv": [61, 0]}
					]
				},
				{
					"name": "arm_back_left",
					"parent": "arms",
					"pivot": [6, 45, 9],
					"rotation": [0, 45, 0]
				},
				{
					"name": "arm_back_left_rotation",
					"parent": "arm_back_left",
					"pivot": [6, 40, 5.75],
					"rotation": [-30, 0, 0],
					"cubes": [
						{"origin": [3, 40, 5.5], "size": [6, 0, 12], "uv": [114, 84]}
					]
				},
				{
					"name": "arm_back_left2",
					"parent": "arm_back_left_rotation",
					"pivot": [6, 40, 17.5],
					"cubes": [
						{"origin": [2, 40, 17.5], "size": [8, 0, 11], "inflate": 0.01, "uv": [0, 11]}
					]
				},
				{
					"name": "hand_back_left",
					"parent": "arm_back_left2",
					"pivot": [6, 40, 28.5],
					"cubes": [
						{"origin": [1, 40, 28.5], "size": [10, 0, 11], "inflate": 0.02, "uv": [106, 0]}
					]
				},
				{
					"name": "arm_front_right",
					"parent": "arms",
					"pivot": [-6, 45, -11],
					"rotation": [0, 45, 0]
				},
				{
					"name": "arm_front_right_rotation",
					"parent": "arm_front_right",
					"pivot": [-6, 40, -7.75],
					"rotation": [30, 0, 0],
					"cubes": [
						{"origin": [-9, 40, -19.5], "size": [6, 0, 12], "uv": [112, 109]}
					]
				},
				{
					"name": "arm_front_right2",
					"parent": "arm_front_right_rotation",
					"pivot": [-6, 40, -19.5],
					"cubes": [
						{"origin": [-10, 40, -32.5], "size": [8, 0, 13], "inflate": 0.01, "uv": [97, 85]}
					]
				},
				{
					"name": "hand_front_right",
					"parent": "arm_front_right2",
					"pivot": [-6, 40, -32.5],
					"cubes": [
						{"origin": [-11, 40, -46.5], "size": [10, 0, 14], "inflate": 0.02, "uv": [88, 27]}
					]
				},
				{
					"name": "arm_back_right",
					"parent": "arms",
					"pivot": [-6, 45, 9],
					"rotation": [0, -45, 0]
				},
				{
					"name": "arm_back_right_rotation",
					"parent": "arm_back_right",
					"pivot": [-6, 40, 5.75],
					"rotation": [-30, 0, 0],
					"cubes": [
						{"origin": [-9, 40, 4.5], "size": [6, 0, 12], "uv": [110, 27]}
					]
				},
				{
					"name": "arm_back_right2",
					"parent": "arm_back_right_rotation",
					"pivot": [-6, 40, 16.5],
					"cubes": [
						{"origin": [-10, 40, 16.5], "size": [8, 0, 11], "inflate": 0.01, "uv": [0, 0]}
					]
				},
				{
					"name": "hand_back_right",
					"parent": "arm_back_right2",
					"pivot": [-6, 40, 27.5],
					"cubes": [
						{"origin": [-11, 40, 27.5], "size": [10, 0, 11], "inflate": 0.02, "uv": [99, 98]}
					]
				},
				{
					"name": "cloud",
					"parent": "drifzeplin",
					"pivot": [0, 73, 0],
					"cubes": [
						{"origin": [-5.5, 69, -9], "size": [11, 8, 18], "uv": [0, 84]},
						{"origin": [-5.5, 77, 0], "size": [11, 0, 9], "pivot": [0, 77, 0], "rotation": [7.5, 0, 0], "uv": [108, 11]},
						{"origin": [-5.5, 77, -9], "size": [11, 0, 9], "pivot": [0, 77, 0], "rotation": [-7.5, 0, 0], "uv": [93, 41]},
						{"origin": [-5.5, 73, 9], "size": [11, 4, 0], "pivot": [0, 73, 9], "rotation": [-20, 0, 0], "uv": [112, 121]},
						{"origin": [-5.5, 69, 9], "size": [11, 4, 0], "pivot": [0, 73, 9], "rotation": [20, 0, 0], "uv": [124, 39]},
						{"origin": [5.5, 73, -9], "size": [0, 4, 18], "pivot": [5.5, 73, 0.5], "rotation": [0, 0, 20], "uv": [53, 32]},
						{"origin": [5.5, 69, -9], "size": [0, 4, 18], "pivot": [5.5, 73, 0.5], "rotation": [0, 0, -20], "uv": [53, 36]},
						{"origin": [-5.5, 73, -9], "size": [0, 4, 18], "pivot": [-5.5, 73, 0.5], "rotation": [0, 0, -20], "uv": [92, 62]},
						{"origin": [-5.5, 69, -9], "size": [0, 4, 18], "pivot": [-5.5, 73, 0.5], "rotation": [0, 0, 20], "uv": [53, 40]},
						{"origin": [-5.5, 73, -9], "size": [11, 4, 0], "pivot": [0, 73, -9], "rotation": [20, 0, 0], "uv": [112, 125]},
						{"origin": [-5.5, 69, -9], "size": [11, 4, 0], "pivot": [0, 73, -9], "rotation": [-20, 0, 0], "uv": [124, 43]}
					]
				},
				{
					"name": "cloud_end",
					"parent": "cloud",
					"pivot": [0, 71, -9],
					"rotation": [-10, 0, 0],
					"cubes": [
						{"origin": [0, 71, -16], "size": [0, 8, 7], "uv": [0, 77]}
					]
				}
			]
		}
	]
}