{
	"format_version": "1.12.0",
	"minecraft:geometry": [
		{
			"description": {
				"identifier": "geometry.falinks",
				"texture_width": 64,
				"texture_height": 64,
				"visible_bounds_width": 6,
				"visible_bounds_height": 2.5,
				"visible_bounds_offset": [0, 0.75, 0]
			},
			"bones": [
				{
					"name": "falinks",
					"pivot": [0, 0, 0]
				},
				{
					"name": "body",
					"parent": "falinks",
					"pivot": [0, 6.5, -25]
				},
				{
					"name": "torso",
					"parent": "body",
					"pivot": [0, 2.5, -25],
					"cubes": [
						{"origin": [-1, 10.5, -23.25], "size": [2, 3, 2], "pivot": [0, 12, -22], "rotation": [-17.5, 0, 0], "uv": [0, 46]},
						{"origin": [-1, 16, -19.25], "size": [2, 3, 2], "pivot": [0, 18, -19], "rotation": [-22.5, 0, 0], "uv": [43, 36]},
						{"origin": [-4.5, 2, -29.5], "size": [9, 9, 9], "uv": [0, 0]},
						{"origin": [-1.5, 12.70608, -22.18469], "size": [3, 5, 3], "pivot": [0, 14.95608, -20.93469], "rotation": [-82.5, 0, 0], "uv": [34, 25]}
					]
				},
				{
					"name": "vizor",
					"parent": "torso",
					"pivot": [5, 7.19448, -26.62119],
					"rotation": [-35, 0, 0],
					"cubes": [
						{"origin": [-5, 4.56948, -31.37119], "size": [10, 5, 1], "uv": [27, 0]},
						{"origin": [4, 5.56948, -30.37119], "size": [1, 3, 3], "uv": [9, 44]},
						{"origin": [-5, 5.56948, -30.37119], "size": [1, 3, 3], "uv": [43, 30]}
					]
				},
				{
					"name": "eye_left",
					"parent": "torso",
					"pivot": [2.25, 6.5, -29.0125],
					"cubes": [
						{"origin": [1.25, 5, -29.51], "size": [2, 3, 1], "uv": [7, 50]},
						{"origin": [1.75, 5.5, -29.515], "size": [1, 2, 1], "uv": [24, 18]}
					]
				},
				{
					"name": "eyelid_left",
					"parent": "eye_left",
					"pivot": [2.25, 6.5, -28.91],
					"cubes": [
						{"origin": [1.25, 5, -29.41], "size": [2, 3, 1], "inflate": 0.01, "uv": [49, 41]}
					]
				},
				{
					"name": "eye_right",
					"parent": "torso",
					"pivot": [-2.25, 6.5, -29.0125],
					"cubes": [
						{"origin": [-3.25, 5, -29.51], "size": [2, 3, 1], "uv": [49, 11]},
						{"origin": [-2.75, 5.5, -29.515], "size": [1, 2, 1], "uv": [4, 6]}
					]
				},
				{
					"name": "eyelid_right",
					"parent": "eye_right",
					"pivot": [-2.25, 6.5, -28.91],
					"cubes": [
						{"origin": [-3.25, 5, -29.41], "size": [2, 3, 1], "inflate": 0.01, "uv": [49, 0]}
					]
				},
				{
					"name": "shield_left",
					"parent": "torso",
					"pivot": [5.5, 6.5, -25],
					"cubes": [
						{"origin": [4.5, 3, -28.5], "size": [1, 7, 7], "uv": [29, 11]},
						{"origin": [5.5, 5.5, -26], "size": [2, 2, 2], "uv": [47, 4]}
					]
				},
				{
					"name": "shield_right",
					"parent": "torso",
					"pivot": [-5.5, 6.5, -25],
					"cubes": [
						{"origin": [-5.5, 3, -28.5], "size": [1, 7, 7], "uv": [25, 27]},
						{"origin": [-7.5, 5.5, -26], "size": [2, 2, 2], "uv": [45, 18]}
					]
				},
				{
					"name": "leg_left",
					"parent": "body",
					"pivot": [2, 3, -25],
					"cubes": [
						{"origin": [0.5, 0, -26.5], "size": [3, 3, 3], "uv": [43, 22]}
					]
				},
				{
					"name": "leg_right",
					"parent": "body",
					"pivot": [-2, 3, -25],
					"cubes": [
						{"origin": [-3.5, 0, -26.5], "size": [3, 3, 3], "uv": [0, 40]}
					]
				},
				{
					"name": "body2",
					"parent": "falinks",
					"pivot": [0, 5.5, -12]
				},
				{
					"name": "torso2",
					"parent": "body2",
					"pivot": [0, 2.5, -12.5],
					"cubes": [
						{"origin": [-1, 13.68198, -10.97487], "size": [2, 3, 2], "pivot": [0, 12.68198, -17.97487], "rotation": [-30, 0, 0], "uv": [26, 45]},
						{"origin": [-4, 2, -16.5], "size": [8, 8, 8], "uv": [0, 18]}
					]
				},
				{
					"name": "vizor2",
					"parent": "torso2",
					"pivot": [4, 6.56948, -13.28786],
					"cubes": [
						{"origin": [-4.5, 4.06948, -18.12119], "size": [9, 5, 1], "uv": [0, 34]},
						{"origin": [3.5, 5.06948, -17.12119], "size": [1, 3, 3], "uv": [0, 18]},
						{"origin": [-4.5, 5.06948, -17.12119], "size": [1, 3, 3], "uv": [0, 0]}
					]
				},
				{
					"name": "eye_left2",
					"parent": "torso2",
					"pivot": [2, 6, -16.0125],
					"cubes": [
						{"origin": [1, 4.5, -16.51], "size": [2, 3, 1], "uv": [48, 28]},
						{"origin": [1.5, 5, -16.515], "size": [1, 2, 1], "uv": [0, 6]}
					]
				},
				{
					"name": "eyelid_left2",
					"parent": "eye_left2",
					"pivot": [2, 6, -15.91],
					"cubes": [
						{"origin": [1, 4.5, -16.41], "size": [2, 3, 1], "inflate": 0.01, "uv": [46, 47]}
					]
				},
				{
					"name": "eye_right2",
					"parent": "torso2",
					"pivot": [-2, 6, -16.0125],
					"cubes": [
						{"origin": [-3, 4.5, -16.51], "size": [2, 3, 1], "uv": [40, 47]},
						{"origin": [-2.5, 5, -16.515], "size": [1, 2, 1], "uv": [5, 0]}
					]
				},
				{
					"name": "eyelid_right2",
					"parent": "eye_right2",
					"pivot": [-2, 6, -15.91],
					"cubes": [
						{"origin": [-3, 4.5, -16.41], "size": [2, 3, 1], "inflate": 0.01, "uv": [34, 47]}
					]
				},
				{
					"name": "shield_left2",
					"parent": "torso2",
					"pivot": [4.75, 6, -12.5],
					"cubes": [
						{"origin": [3.75, 3, -15.5], "size": [1, 6, 6], "uv": [35, 35]},
						{"origin": [4.75, 5, -13.5], "size": [1, 2, 2], "uv": [17, 47]}
					]
				},
				{
					"name": "shield_right2",
					"parent": "torso2",
					"pivot": [-4.75, 6, -12.5],
					"cubes": [
						{"origin": [-4.75, 3, -15.5], "size": [1, 6, 6], "uv": [14, 35]},
						{"origin": [-5.75, 5, -13.5], "size": [1, 2, 2], "uv": [28, 41]}
					]
				},
				{
					"name": "leg_left2",
					"parent": "body2",
					"pivot": [2, 2.5, -12.5],
					"cubes": [
						{"origin": [0.5, 0, -14], "size": [3, 3, 3], "uv": [38, 12]}
					]
				},
				{
					"name": "leg_right2",
					"parent": "body2",
					"pivot": [-2, 2.5, -12.5],
					"cubes": [
						{"origin": [-3.5, 0, -14], "size": [3, 3, 3], "uv": [38, 6]}
					]
				},
				{
					"name": "body3",
					"parent": "falinks",
					"pivot": [0, 5.5, 0]
				},
				{
					"name": "torso3",
					"parent": "body3",
					"pivot": [0, 2.5, -0.5],
					"cubes": [
						{"origin": [-1, 13.68198, 1.02513], "size": [2, 3, 2], "pivot": [0, 12.68198, -5.97487], "rotation": [-30, 0, 0], "uv": [26, 45]},
						{"origin": [-4, 2, -4.5], "size": [8, 8, 8], "uv": [0, 18]}
					]
				},
				{
					"name": "vizor3",
					"parent": "torso3",
					"pivot": [4, 6.56948, -1.28786],
					"cubes": [
						{"origin": [-4.5, 4.06948, -6.12119], "size": [9, 5, 1], "uv": [0, 34]},
						{"origin": [3.5, 5.06948, -5.12119], "size": [1, 3, 3], "uv": [0, 18]},
						{"origin": [-4.5, 5.06948, -5.12119], "size": [1, 3, 3], "uv": [0, 0]}
					]
				},
				{
					"name": "eye_left3",
					"parent": "torso3",
					"pivot": [2, 6, -4.0125],
					"cubes": [
						{"origin": [1, 4.5, -4.51], "size": [2, 3, 1], "uv": [48, 28]},
						{"origin": [1.5, 5, -4.515], "size": [1, 2, 1], "uv": [0, 6]}
					]
				},
				{
					"name": "eyelid_left3",
					"parent": "eye_left3",
					"pivot": [2, 6, -3.91],
					"cubes": [
						{"origin": [1, 4.5, -4.41], "size": [2, 3, 1], "inflate": 0.01, "uv": [46, 47]}
					]
				},
				{
					"name": "eye_right3",
					"parent": "torso3",
					"pivot": [-2, 6, -4.0125],
					"cubes": [
						{"origin": [-3, 4.5, -4.51], "size": [2, 3, 1], "uv": [40, 47]},
						{"origin": [-2.5, 5, -4.515], "size": [1, 2, 1], "uv": [5, 0]}
					]
				},
				{
					"name": "eyelid_right3",
					"parent": "eye_right3",
					"pivot": [-2, 6, -3.91],
					"cubes": [
						{"origin": [-3, 4.5, -4.41], "size": [2, 3, 1], "inflate": 0.01, "uv": [34, 47]}
					]
				},
				{
					"name": "shield_left3",
					"parent": "torso3",
					"pivot": [4.75, 6, -0.5],
					"cubes": [
						{"origin": [3.75, 3, -3.5], "size": [1, 6, 6], "uv": [35, 35]},
						{"origin": [4.75, 5, -1.5], "size": [1, 2, 2], "uv": [17, 47]}
					]
				},
				{
					"name": "shield_right3",
					"parent": "torso3",
					"pivot": [-4.75, 6, -0.5],
					"cubes": [
						{"origin": [-4.75, 3, -3.5], "size": [1, 6, 6], "uv": [14, 35]},
						{"origin": [-5.75, 5, -1.5], "size": [1, 2, 2], "uv": [28, 41]}
					]
				},
				{
					"name": "leg_left3",
					"parent": "body3",
					"pivot": [2, 2.5, -0.5],
					"cubes": [
						{"origin": [0.5, 0, -2], "size": [3, 3, 3], "uv": [38, 12]}
					]
				},
				{
					"name": "leg_right3",
					"parent": "body3",
					"pivot": [-2, 2.5, -0.5],
					"cubes": [
						{"origin": [-3.5, 0, -2], "size": [3, 3, 3], "uv": [38, 6]}
					]
				},
				{
					"name": "body4",
					"parent": "falinks",
					"pivot": [0, 5.5, 12]
				},
				{
					"name": "torso4",
					"parent": "body4",
					"pivot": [0, 2.5, 11.5],
					"cubes": [
						{"origin": [-1, 13.68198, 13.02513], "size": [2, 3, 2], "pivot": [0, 12.68198, 6.02513], "rotation": [-30, 0, 0], "uv": [26, 45]},
						{"origin": [-4, 2, 7.5], "size": [8, 8, 8], "uv": [0, 18]}
					]
				},
				{
					"name": "vizor4",
					"parent": "torso4",
					"pivot": [4, 6.56948, 10.71214],
					"cubes": [
						{"origin": [-4.5, 4.06948, 5.87881], "size": [9, 5, 1], "uv": [0, 34]},
						{"origin": [3.5, 5.06948, 6.87881], "size": [1, 3, 3], "uv": [0, 18]},
						{"origin": [-4.5, 5.06948, 6.87881], "size": [1, 3, 3], "uv": [0, 0]}
					]
				},
				{
					"name": "eye_left4",
					"parent": "torso4",
					"pivot": [2, 6, 7.9875],
					"cubes": [
						{"origin": [1, 4.5, 7.49], "size": [2, 3, 1], "uv": [48, 28]},
						{"origin": [1.5, 5, 7.485], "size": [1, 2, 1], "uv": [0, 6]}
					]
				},
				{
					"name": "eyelid_left4",
					"parent": "eye_left4",
					"pivot": [2, 6, 8.09],
					"cubes": [
						{"origin": [1, 4.5, 7.59], "size": [2, 3, 1], "inflate": 0.01, "uv": [46, 47]}
					]
				},
				{
					"name": "eye_right4",
					"parent": "torso4",
					"pivot": [-2, 6, 7.9875],
					"cubes": [
						{"origin": [-3, 4.5, 7.49], "size": [2, 3, 1], "uv": [40, 47]},
						{"origin": [-2.5, 5, 7.485], "size": [1, 2, 1], "uv": [5, 0]}
					]
				},
				{
					"name": "eyelid_right4",
					"parent": "eye_right4",
					"pivot": [-2, 6, 8.09],
					"cubes": [
						{"origin": [-3, 4.5, 7.59], "size": [2, 3, 1], "inflate": 0.01, "uv": [34, 47]}
					]
				},
				{
					"name": "shield_left4",
					"parent": "torso4",
					"pivot": [4.75, 6, 11.5],
					"cubes": [
						{"origin": [3.75, 3, 8.5], "size": [1, 6, 6], "uv": [35, 35]},
						{"origin": [4.75, 5, 10.5], "size": [1, 2, 2], "uv": [17, 47]}
					]
				},
				{
					"name": "shield_right4",
					"parent": "torso4",
					"pivot": [-4.75, 6, 11.5],
					"cubes": [
						{"origin": [-4.75, 3, 8.5], "size": [1, 6, 6], "uv": [14, 35]},
						{"origin": [-5.75, 5, 10.5], "size": [1, 2, 2], "uv": [28, 41]}
					]
				},
				{
					"name": "leg_left4",
					"parent": "body4",
					"pivot": [2, 2.5, 11.5],
					"cubes": [
						{"origin": [0.5, 0, 10], "size": [3, 3, 3], "uv": [38, 12]}
					]
				},
				{
					"name": "leg_right4",
					"parent": "body4",
					"pivot": [-2, 2.5, 11.5],
					"cubes": [
						{"origin": [-3.5, 0, 10], "size": [3, 3, 3], "uv": [38, 6]}
					]
				},
				{
					"name": "body5",
					"parent": "falinks",
					"pivot": [0, 5.5, 24]
				},
				{
					"name": "torso5",
					"parent": "body5",
					"pivot": [0, 2.5, 23.5],
					"cubes": [
						{"origin": [-1, 13.68198, 25.02513], "size": [2, 3, 2], "pivot": [0, 12.68198, 18.02513], "rotation": [-30, 0, 0], "uv": [26, 45]},
						{"origin": [-4, 2, 19.5], "size": [8, 8, 8], "uv": [0, 18]}
					]
				},
				{
					"name": "vizor5",
					"parent": "torso5",
					"pivot": [4, 6.56948, 22.71214],
					"cubes": [
						{"origin": [-4.5, 4.06948, 17.87881], "size": [9, 5, 1], "uv": [0, 34]},
						{"origin": [3.5, 5.06948, 18.87881], "size": [1, 3, 3], "uv": [0, 18]},
						{"origin": [-4.5, 5.06948, 18.87881], "size": [1, 3, 3], "uv": [0, 0]}
					]
				},
				{
					"name": "eye_left5",
					"parent": "torso5",
					"pivot": [2, 6, 19.9875],
					"cubes": [
						{"origin": [1, 4.5, 19.49], "size": [2, 3, 1], "uv": [48, 28]},
						{"origin": [1.5, 5, 19.485], "size": [1, 2, 1], "uv": [0, 6]}
					]
				},
				{
					"name": "eyelid_left5",
					"parent": "eye_left5",
					"pivot": [2, 6, 20.09],
					"cubes": [
						{"origin": [1, 4.5, 19.59], "size": [2, 3, 1], "inflate": 0.01, "uv": [46, 47]}
					]
				},
				{
					"name": "eye_right5",
					"parent": "torso5",
					"pivot": [-2, 6, 19.9875],
					"cubes": [
						{"origin": [-3, 4.5, 19.49], "size": [2, 3, 1], "uv": [40, 47]},
						{"origin": [-2.5, 5, 19.485], "size": [1, 2, 1], "uv": [5, 0]}
					]
				},
				{
					"name": "eyelid_right5",
					"parent": "eye_right5",
					"pivot": [-2, 6, 20.09],
					"cubes": [
						{"origin": [-3, 4.5, 19.59], "size": [2, 3, 1], "inflate": 0.01, "uv": [34, 47]}
					]
				},
				{
					"name": "shield_left5",
					"parent": "torso5",
					"pivot": [4.75, 6, 23.5],
					"cubes": [
						{"origin": [3.75, 3, 20.5], "size": [1, 6, 6], "uv": [35, 35]},
						{"origin": [4.75, 5, 22.5], "size": [1, 2, 2], "uv": [17, 47]}
					]
				},
				{
					"name": "shield_right5",
					"parent": "torso5",
					"pivot": [-4.75, 6, 23.5],
					"cubes": [
						{"origin": [-4.75, 3, 20.5], "size": [1, 6, 6], "uv": [14, 35]},
						{"origin": [-5.75, 5, 22.5], "size": [1, 2, 2], "uv": [28, 41]}
					]
				},
				{
					"name": "leg_left5",
					"parent": "body5",
					"pivot": [2, 2.5, 23.5],
					"cubes": [
						{"origin": [0.5, 0, 22], "size": [3, 3, 3], "uv": [38, 12]}
					]
				},
				{
					"name": "leg_right5",
					"parent": "body5",
					"pivot": [-2, 2.5, 23.5],
					"cubes": [
						{"origin": [-3.5, 0, 22], "size": [3, 3, 3], "uv": [38, 6]}
					]
				},
				{
					"name": "body6",
					"parent": "falinks",
					"pivot": [0, 5.5, 36]
				},
				{
					"name": "torso6",
					"parent": "body6",
					"pivot": [0, 2.5, 35.5],
					"cubes": [
						{"origin": [-1, 13.68198, 37.02513], "size": [2, 3, 2], "pivot": [0, 12.68198, 30.02513], "rotation": [-30, 0, 0], "uv": [26, 45]},
						{"origin": [-4, 2, 31.5], "size": [8, 8, 8], "uv": [0, 18]}
					]
				},
				{
					"name": "vizor6",
					"parent": "torso6",
					"pivot": [4, 6.56948, 34.71214],
					"cubes": [
						{"origin": [-4.5, 4.06948, 29.87881], "size": [9, 5, 1], "uv": [0, 34]},
						{"origin": [3.5, 5.06948, 30.87881], "size": [1, 3, 3], "uv": [0, 18]},
						{"origin": [-4.5, 5.06948, 30.87881], "size": [1, 3, 3], "uv": [0, 0]}
					]
				},
				{
					"name": "eye_left6",
					"parent": "torso6",
					"pivot": [2, 6, 31.9875],
					"cubes": [
						{"origin": [1, 4.5, 31.49], "size": [2, 3, 1], "uv": [48, 28]},
						{"origin": [1.5, 5, 31.485], "size": [1, 2, 1], "uv": [0, 6]}
					]
				},
				{
					"name": "eyelid_left6",
					"parent": "eye_left6",
					"pivot": [2, 6, 32.09],
					"cubes": [
						{"origin": [1, 4.5, 31.59], "size": [2, 3, 1], "inflate": 0.01, "uv": [46, 47]}
					]
				},
				{
					"name": "eye_right6",
					"parent": "torso6",
					"pivot": [-2, 6, 31.9875],
					"cubes": [
						{"origin": [-3, 4.5, 31.49], "size": [2, 3, 1], "uv": [40, 47]},
						{"origin": [-2.5, 5, 31.485], "size": [1, 2, 1], "uv": [5, 0]}
					]
				},
				{
					"name": "eyelid_right6",
					"parent": "eye_right6",
					"pivot": [-2, 6, 32.09],
					"cubes": [
						{"origin": [-3, 4.5, 31.59], "size": [2, 3, 1], "inflate": 0.01, "uv": [34, 47]}
					]
				},
				{
					"name": "shield_left6",
					"parent": "torso6",
					"pivot": [4.75, 6, 35.5],
					"cubes": [
						{"origin": [3.75, 3, 32.5], "size": [1, 6, 6], "uv": [35, 35]},
						{"origin": [4.75, 5, 34.5], "size": [1, 2, 2], "uv": [17, 47]}
					]
				},
				{
					"name": "shield_right6",
					"parent": "torso6",
					"pivot": [-4.75, 6, 35.5],
					"cubes": [
						{"origin": [-4.75, 3, 32.5], "size": [1, 6, 6], "uv": [14, 35]},
						{"origin": [-5.75, 5, 34.5], "size": [1, 2, 2], "uv": [28, 41]}
					]
				},
				{
					"name": "leg_left6",
					"parent": "body6",
					"pivot": [2, 2.5, 35.5],
					"cubes": [
						{"origin": [0.5, 0, 34], "size": [3, 3, 3], "uv": [38, 12]}
					]
				},
				{
					"name": "leg_right6",
					"parent": "body6",
					"pivot": [-2, 2.5, 35.5],
					"cubes": [
						{"origin": [-3.5, 0, 34], "size": [3, 3, 3], "uv": [38, 6]}
					]
				}
			]
		}
	]
}