{
	"format_version": "1.12.0",
	"minecraft:geometry": [
		{
			"description": {
				"identifier": "geometry.garchomp_female",
				"texture_width": 128,
				"texture_height": 128,
				"visible_bounds_width": 6,
				"visible_bounds_height": 4.5,
				"visible_bounds_offset": [0, 1.75, 0]
			},
			"bones": [
				{
					"name": "garchomp",
					"pivot": [0, 0, 0]
				},
				{
					"name": "body",
					"parent": "garchomp",
					"pivot": [0, 24.2, 0]
				},
				{
					"name": "torso",
					"parent": "body",
					"pivot": [0, 17, 0],
					"cubes": [
						{"origin": [-3.5, 15.7, -3], "size": [7, 11, 6], "uv": [94, 0]},
						{"origin": [2.75, 23.45, 0], "size": [3, 2, 0], "inflate": 0.01, "pivot": [3.5, 22.7, 0], "rotation": [0, 0, -15], "uv": [74, 106]},
						{"origin": [2.75, 21.45, 0], "size": [3, 2, 0], "inflate": 0.01, "pivot": [3.5, 23.45, 0], "rotation": [0, 0, 15], "uv": [74, 109]},
						{"origin": [-5.75, 23.45, 0], "size": [3, 2, 0], "inflate": 0.01, "pivot": [-3.5, 22.7, 0], "rotation": [0, 0, 15], "uv": [81, 106], "mirror": true},
						{"origin": [-5.75, 21.45, 0], "size": [3, 2, 0], "inflate": 0.01, "pivot": [-3.5, 23.45, 0], "rotation": [0, 0, -15], "uv": [81, 109], "mirror": true}
					]
				},
				{
					"name": "chest",
					"parent": "torso",
					"pivot": [0, 26.2, 0],
					"cubes": [
						{"origin": [-4.5, 26.2, -4], "size": [9, 6, 7], "inflate": 0.01, "uv": [0, 0]},
						{"origin": [-2, 28.2, -4.01], "size": [2, 3, 0], "inflate": 0.01, "pivot": [-0.5, 31.2, -4.01], "rotation": [-10, 0, 15], "uv": [54, 63]},
						{"origin": [0, 28.2, -4.01], "size": [2, 3, 0], "inflate": 0.01, "pivot": [0.5, 31.2, -4.01], "rotation": [-10, 0, -15], "uv": [54, 67], "mirror": true}
					]
				},
				{
					"name": "fin",
					"parent": "chest",
					"pivot": [0, 29.7, 2.5],
					"cubes": [
						{"origin": [0, 24.2, 1], "size": [0, 9, 21], "uv": [0, 0]}
					]
				},
				{
					"name": "neck0",
					"parent": "chest",
					"pivot": [0, 31.95, -0.5]
				},
				{
					"name": "neck",
					"parent": "neck0",
					"pivot": [0, 30.7, 1.25],
					"cubes": [
						{"origin": [-3.5, 30.7, -3], "size": [7, 8, 5], "inflate": 0.01, "uv": [48, 19]},
						{"origin": [2.5, 34.45, -1], "size": [3, 2, 0], "inflate": 0.01, "pivot": [3.25, 33.7, -1], "rotation": [0, 0, -15], "uv": [74, 106]},
						{"origin": [2.5, 32.95, -1], "size": [3, 2, 0], "pivot": [3.25, 34.95, -1], "rotation": [0, 0, 25], "uv": [74, 109]},
						{"origin": [-5.5, 32.95, -1], "size": [3, 2, 0], "pivot": [-3.25, 34.95, -1], "rotation": [0, 0, -27.5], "uv": [74, 109], "mirror": true},
						{"origin": [-5.5, 34.45, -1], "size": [3, 2, 0], "inflate": 0.01, "pivot": [-3.25, 33.7, -1], "rotation": [0, 0, 15], "uv": [74, 106], "mirror": true}
					]
				},
				{
					"name": "head",
					"parent": "neck",
					"pivot": [0, 38.7, -0.5],
					"cubes": [
						{"origin": [-4, 38.7, -7.5], "size": [8, 3, 8], "inflate": 0.003, "pivot": [0, 37.7, -3.5], "rotation": [0, -45, 0], "uv": [24, 5]},
						{"origin": [0, 41.7, -10], "size": [0, 8, 3], "inflate": 0.002, "pivot": [0, 41.7, -7], "rotation": [45, 0, 0], "uv": [115, 18]},
						{"origin": [3.5, 40.2, -5], "size": [4, 1, 3], "uv": [68, 66]},
						{"origin": [-4, 36.7, -7.5], "size": [0, 2, 3], "pivot": [0, 37.7, -3.5], "rotation": [0, -45, 0], "uv": [0, 16]},
						{"origin": [-4, 36.7, -7.5], "size": [3, 2, 0], "pivot": [0, 37.7, -3.5], "rotation": [0, -45, 0], "uv": [18, 19]},
						{"origin": [-3.5, 38.7, -4], "size": [7, 3, 6], "inflate": 0.002, "uv": [48, 51]},
						{"origin": [-9.5, 39.2, -6], "size": [3, 3, 5], "uv": [109, 47]},
						{"origin": [-9, 39.7, -7.5], "size": [2, 2, 8], "uv": [107, 58]},
						{"origin": [-7.5, 40.2, -5], "size": [4, 1, 3], "uv": [78, 6]},
						{"origin": [6.5, 39.2, -6], "size": [3, 3, 5], "uv": [91, 47]},
						{"origin": [7, 39.7, -7.5], "size": [2, 2, 8], "uv": [86, 58], "mirror": true},
						{"origin": [-3.5, 36.7, -3.025], "size": [7, 3, 3], "inflate": -0.001, "uv": [0, 86]},
						{"origin": [3.22414, 38.2, -4.59534], "size": [0, 1, 1], "pivot": [3.22414, 38.7, -4.09534], "rotation": [-45, 15, 0], "uv": [2, 5]},
						{"origin": [2.70651, 38.2, -6.52719], "size": [0, 1, 1], "pivot": [2.70651, 38.7, -6.02719], "rotation": [-45, 15, 0], "uv": [2, 4]},
						{"origin": [-3.22414, 38.2, -4.59534], "size": [0, 1, 1], "pivot": [-3.22414, 38.7, -4.09534], "rotation": [-45, -15, 0], "uv": [2, 2]},
						{"origin": [-2.70651, 38.2, -6.52719], "size": [0, 1, 1], "pivot": [-2.70651, 38.7, -6.02719], "rotation": [-45, -15, 0], "uv": [2, 3]}
					]
				},
				{
					"name": "eye_right",
					"parent": "head",
					"pivot": [-2.8355, 40.2, -5.62839],
					"cubes": [
						{"origin": [-4.01, 38.95, -4.5], "size": [1, 2, 3], "inflate": 0.001, "pivot": [0, 37.7, -3.5], "rotation": [0, -45, 0], "uv": [81, 34]},
						{"origin": [-4.013, 39.2, -4.25], "size": [1, 1, 1], "inflate": 0.001, "pivot": [0, 37.7, -3.5], "rotation": [0, -45, 0], "uv": [89, 22]}
					]
				},
				{
					"name": "eyelid_right2",
					"parent": "eye_right",
					"pivot": [-2.8355, 39.95, -5.62839],
					"cubes": [
						{"origin": [-4.015, 39.95, -4.5], "size": [1, 1, 3], "inflate": 0.001, "pivot": [0, 37.7, -3.5], "rotation": [0, -45, 0], "uv": [85, 18]}
					]
				},
				{
					"name": "eyelid_right",
					"parent": "eye_right",
					"pivot": [-2.8355, 40.2, -5.52839],
					"cubes": [
						{"origin": [-4.01, 38.95, -4.4], "size": [1, 2, 3], "inflate": 0.01, "pivot": [0, 37.7, -3.4], "rotation": [0, -45, 0], "uv": [78, 79]}
					]
				},
				{
					"name": "eye_left",
					"parent": "head",
					"pivot": [2.8355, 39.95, -5.62839],
					"cubes": [
						{"origin": [2.3355, 38.95, -7.12839], "size": [1, 2, 3], "inflate": 0.001, "pivot": [2.8355, 39.95, -5.62839], "rotation": [0, 45, 0], "uv": [70, 79]},
						{"origin": [3.013, 39.2, -4.25], "size": [1, 1, 1], "inflate": 0.001, "pivot": [0, 37.7, -3.5], "rotation": [0, 45, 0], "uv": [89, 22], "mirror": true}
					]
				},
				{
					"name": "eyelid_left2",
					"parent": "eye_left",
					"pivot": [2.8355, 39.95, -5.62839],
					"cubes": [
						{"origin": [3.015, 39.95, -4.5], "size": [1, 1, 3], "inflate": 0.001, "pivot": [0, 37.7, -3.5], "rotation": [0, 45, 0], "uv": [85, 14], "mirror": true}
					]
				},
				{
					"name": "eyelid_left",
					"parent": "eye_left",
					"pivot": [2.8355, 40.2, -5.52839],
					"cubes": [
						{"origin": [3.01, 38.95, -4.4], "size": [1, 2, 3], "inflate": 0.01, "pivot": [0, 37.7, -3.4], "rotation": [0, 45, 0], "uv": [42, 77]}
					]
				},
				{
					"name": "jaw",
					"parent": "head",
					"pivot": [0, 38.7, -1.25],
					"cubes": [
						{"origin": [-2.5, 36.7, -7.5], "size": [5, 2, 5], "inflate": -0.0265, "pivot": [0, 37.7, -5], "rotation": [0, -45, 0], "uv": [66, 38]},
						{"origin": [-2.75772, 38.2, -6.1364], "size": [0, 1, 1], "pivot": [-2.75772, 38.7, -5.6364], "rotation": [-45, -45, 0], "uv": [0, 2]},
						{"origin": [-1.3435, 38.2, -7.55061], "size": [0, 1, 1], "pivot": [-1.3435, 38.7, -7.05061], "rotation": [-45, -45, 0], "uv": [0, 3]},
						{"origin": [2.75772, 38.2, -6.1364], "size": [0, 1, 1], "pivot": [2.75772, 38.7, -5.6364], "rotation": [-45, 45, 0], "uv": [0, 4]},
						{"origin": [1.3435, 38.2, -7.55061], "size": [0, 1, 1], "pivot": [1.3435, 38.7, -7.05061], "rotation": [-45, 45, 0], "uv": [0, 5]},
						{"origin": [-3.5, 36.7, -5], "size": [7, 2, 4], "uv": [65, 0]},
						{"origin": [-2, 38.2, -6], "size": [4, 1, 4], "uv": [39, 0]}
					]
				},
				{
					"name": "arm_left",
					"parent": "chest",
					"pivot": [3.75, 29.7, -1],
					"cubes": [
						{"origin": [3.25, 27.7, -3], "size": [4, 4, 4], "uv": [72, 19]}
					]
				},
				{
					"name": "arm_left2",
					"parent": "arm_left",
					"pivot": [6.75, 29.2, -1],
					"cubes": [
						{"origin": [6.25, 28.2, -2], "size": [7, 2, 2], "uv": [25, 0]},
						{"origin": [10, 30.2, -1], "size": [2, 3, 0], "uv": [1, 50]},
						{"origin": [7.5, 30.2, -1], "size": [2, 3, 0], "uv": [1, 46]}
					]
				},
				{
					"name": "arm_left3",
					"parent": "arm_left2",
					"pivot": [12.75, 29.2, -1],
					"cubes": [
						{"origin": [12.25, 27.7, -2.5], "size": [10, 3, 3], "uv": [54, 32]},
						{"origin": [14.25, 7.7, -1], "size": [8, 20, 0], "uv": [28, 36]}
					]
				},
				{
					"name": "hand_left",
					"parent": "arm_left3",
					"pivot": [22.25, 29.2, -1],
					"cubes": [
						{"origin": [21.25, 28.2, -2], "size": [5, 2, 2], "uv": [14, 46]},
						{"origin": [26.25, 29.2, -1.5], "size": [3, 1, 1], "pivot": [26.25, 30.2, -1], "rotation": [0, 0, 32.5], "uv": [16, 61]}
					]
				},
				{
					"name": "arm_right",
					"parent": "chest",
					"pivot": [-3.75, 29.7, -1],
					"cubes": [
						{"origin": [-7.25, 27.7, -3], "size": [4, 4, 4], "uv": [71, 71]}
					]
				},
				{
					"name": "arm_right2",
					"parent": "arm_right",
					"pivot": [-6.75, 29.2, -1],
					"cubes": [
						{"origin": [-13.25, 28.2, -2], "size": [7, 2, 2], "uv": [24, 17]},
						{"origin": [-12, 30.2, -1], "size": [2, 3, 0], "uv": [8, 50]},
						{"origin": [-9.5, 30.2, -1], "size": [2, 3, 0], "uv": [8, 46]}
					]
				},
				{
					"name": "arm_right3",
					"parent": "arm_right2",
					"pivot": [-12.75, 29.2, -1],
					"cubes": [
						{"origin": [-22.25, 27.7, -2.5], "size": [10, 3, 3], "uv": [0, 13]},
						{"origin": [-22.25, 7.7, -1], "size": [8, 20, 0], "uv": [95, 20]}
					]
				},
				{
					"name": "hand_right",
					"parent": "arm_right3",
					"pivot": [-22.25, 29.2, -1],
					"cubes": [
						{"origin": [-26.25, 28.2, -2], "size": [5, 2, 2], "uv": [14, 52]},
						{"origin": [-29.25, 29.2, -1.5], "size": [3, 1, 1], "pivot": [-26.25, 30.2, -1], "rotation": [0, 0, -32.5], "uv": [58, 13]}
					]
				},
				{
					"name": "tail",
					"parent": "torso",
					"pivot": [0, 15.7, -3],
					"rotation": [-45, 0, 0],
					"cubes": [
						{"origin": [-3.5, 15.7, -3], "size": [7, 7, 7], "inflate": 0.01, "uv": [0, 30]}
					]
				},
				{
					"name": "tail2",
					"parent": "tail",
					"pivot": [0, 18.7, 3.5],
					"cubes": [
						{"origin": [-3, 16.2, 2], "size": [6, 6, 7], "uv": [47, 38]}
					]
				},
				{
					"name": "tail3",
					"parent": "tail2",
					"pivot": [0, 18.7, 8.5],
					"cubes": [
						{"origin": [-2.5, 16.7, 7], "size": [5, 5, 7], "uv": [48, 0]},
						{"origin": [0, 14.2, 10], "size": [0, 3, 2], "inflate": 0.01, "pivot": [0, 16.7, 12], "rotation": [-20, 0, 0], "uv": [59, 61]},
						{"origin": [0, 14.45, 11], "size": [0, 3, 2], "pivot": [0, 16.7, 12], "rotation": [20, 0, 0], "uv": [59, 65]}
					]
				},
				{
					"name": "tail4",
					"parent": "tail3",
					"pivot": [0, 18.7, 13.5],
					"cubes": [
						{"origin": [-2, 17.2, 12.75], "size": [4, 4, 6], "uv": [0, 60]},
						{"origin": [-1, 18.2, 21.75], "size": [2, 2, 2], "uv": [81, 39]},
						{"origin": [-1.5, 17.7, 18.75], "size": [3, 3, 3], "uv": [21, 30]},
						{"origin": [-7.5, 19.2, 18.75], "size": [6, 0, 3], "uv": [71, 88]},
						{"origin": [1.5, 19.2, 18.75], "size": [6, 0, 3], "uv": [71, 92], "mirror": true}
					]
				},
				{
					"name": "leg_left0",
					"parent": "body",
					"pivot": [3, 16.2, 0.25],
					"rotation": [0, 0, -15]
				},
				{
					"name": "leg_left1",
					"parent": "leg_left0",
					"pivot": [3, 16.2, 0.25],
					"rotation": [-35, -15, 0],
					"cubes": [
						{"origin": [1, 7.7, -2.75], "size": [6, 11, 6], "uv": [46, 96]},
						{"origin": [5, 13.7, 3.25], "size": [0, 2, 3], "inflate": 0.01, "pivot": [5, 13.7, 3.25], "rotation": [15, 0, 0], "uv": [74, 96]},
						{"origin": [5, 12.2, 3.25], "size": [0, 2, 3], "pivot": [5, 13.7, 3.25], "rotation": [-15, 0, 0], "uv": [74, 99]},
						{"origin": [4, 12.7, -7.25], "size": [0, 3, 5], "uv": [25, 56]},
						{"origin": [4, 9.2, -7.25], "size": [0, 3, 5], "uv": [25, 61]}
					]
				},
				{
					"name": "leg_left2",
					"parent": "leg_left1",
					"pivot": [4, 8.2, -0.25],
					"rotation": [50, 0, 15],
					"cubes": [
						{"origin": [2.5, 4.7, -0.75], "size": [3, 4, 3], "uv": [28, 77]},
						{"origin": [2.5, -2.3, -0.75], "size": [3, 7, 4], "uv": [14, 71]}
					]
				},
				{
					"name": "foot_left",
					"parent": "leg_left2",
					"pivot": [4, -2.3, 3.25],
					"rotation": [15, 0, 2.5],
					"cubes": [
						{"origin": [2, -2.3, 0.25], "size": [4, 3, 3], "uv": [51, 75]}
					]
				},
				{
					"name": "foot_left2",
					"parent": "foot_left",
					"pivot": [4, -2.3, 0.25],
					"rotation": [-30, 0, 0],
					"cubes": [
						{"origin": [1.5, -2.3, -3.75], "size": [5, 3, 4], "uv": [36, 70]},
						{"origin": [2.5, -2.3, -7.75], "size": [0, 3, 4], "pivot": [2.5, -0.8, -3.75], "rotation": [0, 10, 0], "uv": [65, 75]},
						{"origin": [4, -2.3, -7.75], "size": [0, 3, 4], "uv": [37, 73]},
						{"origin": [5.5, -2.3, -7.75], "size": [0, 3, 4], "pivot": [5.5, -0.8, -3.75], "rotation": [0, -10, 0], "uv": [72, 23]}
					]
				},
				{
					"name": "leg_right0",
					"parent": "body",
					"pivot": [-3, 16.2, 0.25],
					"rotation": [0, 0, 15]
				},
				{
					"name": "leg_right1",
					"parent": "leg_right0",
					"pivot": [-3, 16.2, 0.25],
					"rotation": [-35, 15, 0],
					"cubes": [
						{"origin": [-7, 7.7, -2.75], "size": [6, 11, 6], "uv": [19, 96]},
						{"origin": [-5, 13.7, 3.25], "size": [0, 2, 3], "inflate": 0.01, "pivot": [-5, 13.7, 3.25], "rotation": [15, 0, 0], "uv": [81, 96], "mirror": true},
						{"origin": [-5, 12.2, 3.25], "size": [0, 2, 3], "pivot": [-5, 13.7, 3.25], "rotation": [-15, 0, 0], "uv": [81, 99], "mirror": true},
						{"origin": [-4, 12.7, -7.25], "size": [0, 3, 5], "uv": [37, 61]},
						{"origin": [-4, 9.2, -7.25], "size": [0, 3, 5], "uv": [37, 56]}
					]
				},
				{
					"name": "leg_right2",
					"parent": "leg_right1",
					"pivot": [-4, 8.2, -0.25],
					"rotation": [50, 0, -15],
					"cubes": [
						{"origin": [-5.5, 4.7, -0.75], "size": [3, 4, 3], "uv": [77, 27]},
						{"origin": [-5.5, -2.3, -0.75], "size": [3, 7, 4], "uv": [68, 8]}
					]
				},
				{
					"name": "foot_right",
					"parent": "leg_right2",
					"pivot": [-4, -2.3, 3.25],
					"rotation": [15, 0, -2.5],
					"cubes": [
						{"origin": [-6, -2.3, 0.25], "size": [4, 3, 3], "uv": [74, 54]}
					]
				},
				{
					"name": "foot_right2",
					"parent": "foot_right",
					"pivot": [-4, -2.3, 0.25],
					"rotation": [-30, 0, 0],
					"cubes": [
						{"origin": [-6.5, -2.3, -3.75], "size": [5, 3, 4], "uv": [69, 47]},
						{"origin": [-2.5, -2.3, -7.75], "size": [0, 3, 4], "pivot": [-2.5, -0.8, -3.75], "rotation": [0, -10, 0], "uv": [68, 50]},
						{"origin": [-4, -2.3, -7.75], "size": [0, 3, 4], "uv": [32, 67]},
						{"origin": [-5.5, -2.3, -7.75], "size": [0, 3, 4], "pivot": [-5.5, -0.8, -3.75], "rotation": [0, 10, 0], "uv": [24, 67]}
					]
				}
			]
		}
	]
}