{
	"format_version": "1.12.0",
	"minecraft:geometry": [
		{
			"description": {
				"identifier": "geometry.hooh",
				"texture_width": 256,
				"texture_height": 256,
				"visible_bounds_width": 15,
				"visible_bounds_height": 8.5,
				"visible_bounds_offset": [0, 3.75, 0]
			},
			"bones": [
				{
					"name": "hooh",
					"pivot": [0, 0, 0]
				},
				{
					"name": "body",
					"parent": "hooh",
					"pivot": [0, 61, 0]
				},
				{
					"name": "torso",
					"parent": "body",
					"pivot": [0, 34, 0],
					"cubes": [
						{"origin": [-13, 26, -11], "size": [26, 29, 25], "uv": [0, 54]},
						{"origin": [-13, 26, -11], "size": [26, 29, 25], "inflate": 0.2, "uv": [0, 0]},
						{"origin": [13.2, 43.975, 0], "size": [4, 12, 9], "uv": [211, 206]},
						{"origin": [-17.2, 43.975, 0], "size": [4, 12, 9], "uv": [110, 207]},
						{"origin": [7, 55, -8], "size": [3, 7, 20], "uv": [90, 180]},
						{"origin": [-7, 55, 9], "size": [14, 7, 3], "uv": [0, 125]},
						{"origin": [-10, 55, -8], "size": [3, 7, 20], "uv": [32, 178]}
					]
				},
				{
					"name": "wing_left",
					"parent": "torso",
					"pivot": [17, 55.975, 4.5],
					"cubes": [
						{"origin": [15, 52.975, 1], "size": [7, 7, 7], "uv": [116, 180]},
						{"origin": [22, 51.975, 0.5], "size": [8, 9, 8], "uv": [0, 108]},
						{"origin": [13, 23.975, 4.5], "size": [26, 29, 0], "inflate": 0.02, "uv": [58, 169]},
						{"origin": [13, 28.975, 5], "size": [26, 24, 0], "inflate": 0.01, "uv": [0, 170]},
						{"origin": [13, 28.975, 4], "size": [26, 24, 0], "inflate": 0.01, "uv": [0, 170]},
						{"origin": [30, 53.475, 1.5], "size": [7, 6, 6], "uv": [212, 170]}
					]
				},
				{
					"name": "feather",
					"parent": "wing_left",
					"pivot": [17.9771, 21.1471, 4.5],
					"rotation": [0, 0, -10],
					"cubes": [
						{"origin": [14.4771, 14.6471, 4.5], "size": [7, 15, 0], "uv": [200, 227]}
					]
				},
				{
					"name": "feather2",
					"parent": "wing_left",
					"pivot": [25.7271, 20.1471, 4.5],
					"rotation": [0, 0, -17.5],
					"cubes": [
						{"origin": [23.18082, 12.3464, 4.5], "size": [7, 15, 0], "uv": [162, 225]}
					]
				},
				{
					"name": "feather3",
					"parent": "wing_left",
					"pivot": [33.4771, 20.1471, 4.5],
					"rotation": [0, 0, -27.5],
					"cubes": [
						{"origin": [31.86411, 11.18535, 4.5], "size": [7, 15, 0], "uv": [186, 223]}
					]
				},
				{
					"name": "wing_left2",
					"parent": "wing_left",
					"pivot": [39, 57, 4.5],
					"cubes": [
						{"origin": [39, 36.975, 5], "size": [29, 16, 0], "inflate": 0.01, "uv": [184, 154]},
						{"origin": [39, 36.975, 4], "size": [29, 16, 0], "inflate": 0.01, "uv": [184, 154]},
						{"origin": [39, 24.975, 4.5], "size": [29, 28, 0], "inflate": 0.02, "uv": [0, 142]},
						{"origin": [39, 57.9, 1], "size": [14, 3, 7], "uv": [200, 139]},
						{"origin": [39, 52.9, 1], "size": [14, 3, 7], "uv": [200, 129]},
						{"origin": [41, 55.9, 2], "size": [12, 2, 5], "uv": [0, 135]},
						{"origin": [53, 52.9, 1], "size": [13, 8, 7], "uv": [198, 68]}
					]
				},
				{
					"name": "feather4",
					"parent": "wing_left2",
					"pivot": [69.2271, 29.3971, 4.5],
					"rotation": [0, 0, -67.5],
					"cubes": [
						{"origin": [68.61411, 20.43535, 4.5], "size": [5, 15, 0], "uv": [115, 228]}
					]
				},
				{
					"name": "feather5",
					"parent": "wing_left2",
					"pivot": [57.9771, 27.8971, 4.5],
					"rotation": [0, 0, -57.5],
					"cubes": [
						{"origin": [56.36411, 15.93535, 4.5], "size": [7, 17, 0], "uv": [0, 221]}
					]
				},
				{
					"name": "feather6",
					"parent": "wing_left2",
					"pivot": [49.2271, 25.1471, 4.5],
					"rotation": [0, 0, -47.5],
					"cubes": [
						{"origin": [47.61411, 13.18535, 4.5], "size": [7, 17, 0], "uv": [91, 220]}
					]
				},
				{
					"name": "feather7",
					"parent": "wing_left2",
					"pivot": [41.7271, 22.1471, 4.5],
					"rotation": [0, 0, -37.5],
					"cubes": [
						{"origin": [40.11411, 11.18535, 4.5], "size": [7, 16, 0], "uv": [58, 142]}
					]
				},
				{
					"name": "wing_left3",
					"parent": "wing_left2",
					"pivot": [68, 57, 4.5],
					"cubes": [
						{"origin": [68, 53.9, 1], "size": [25, 6, 7], "uv": [155, 176]},
						{"origin": [93, 54.9, 2], "size": [17, 4, 5], "uv": [198, 120]},
						{"origin": [68, 32.975, 4.5], "size": [35, 22, 0], "inflate": 0.02, "uv": [98, 136]}
					]
				},
				{
					"name": "feather8",
					"parent": "wing_left3",
					"pivot": [76.2271, 33.1471, 4.5],
					"rotation": [0, 0, -75],
					"cubes": [
						{"origin": [75.61411, 24.18535, 4.5], "size": [5, 15, 0], "uv": [105, 228]}
					]
				},
				{
					"name": "feather9",
					"parent": "wing_left3",
					"pivot": [97.9771, 47.5971, 4.5],
					"rotation": [0, 0, -90],
					"cubes": [
						{"origin": [97.36411, 39.63535, 4.5], "size": [5, 14, 0], "uv": [228, 200]}
					]
				},
				{
					"name": "feather10",
					"parent": "wing_left3",
					"pivot": [91.9771, 42.0971, 4.5],
					"rotation": [0, 0, -85],
					"cubes": [
						{"origin": [91.36411, 34.13535, 4.5], "size": [5, 14, 0], "uv": [125, 228]}
					]
				},
				{
					"name": "feather11",
					"parent": "wing_left3",
					"pivot": [83.9771, 37.3971, 4.5],
					"rotation": [0, 0, -82.5],
					"cubes": [
						{"origin": [83.36411, 28.43535, 4.5], "size": [5, 15, 0], "uv": [176, 225]}
					]
				},
				{
					"name": "wing_right",
					"parent": "torso",
					"pivot": [-17, 55.975, 4.5],
					"cubes": [
						{"origin": [-22, 52.975, 1], "size": [7, 7, 7], "uv": [116, 180], "mirror": true},
						{"origin": [-30, 51.975, 0.5], "size": [8, 9, 8], "uv": [0, 108], "mirror": true},
						{"origin": [-39, 23.975, 4.5], "size": [26, 29, 0], "inflate": 0.01, "uv": [58, 169], "mirror": true},
						{"origin": [-39, 28.975, 5], "size": [26, 24, 0], "inflate": 0.01, "uv": [0, 170], "mirror": true},
						{"origin": [-39, 28.975, 4], "size": [26, 24, 0], "inflate": 0.01, "uv": [0, 170], "mirror": true},
						{"origin": [-37, 53.475, 1.5], "size": [7, 6, 6], "uv": [212, 170], "mirror": true}
					]
				},
				{
					"name": "feather12",
					"parent": "wing_right",
					"pivot": [-17.9771, 21.1471, 4.5],
					"rotation": [0, 0, 10],
					"cubes": [
						{"origin": [-21.4771, 14.6471, 4.5], "size": [7, 15, 0], "uv": [200, 227], "mirror": true}
					]
				},
				{
					"name": "feather13",
					"parent": "wing_right",
					"pivot": [-25.7271, 20.1471, 4.5],
					"rotation": [0, 0, 17.5],
					"cubes": [
						{"origin": [-30.18082, 12.3464, 4.5], "size": [7, 15, 0], "uv": [162, 225], "mirror": true}
					]
				},
				{
					"name": "feather14",
					"parent": "wing_right",
					"pivot": [-33.4771, 20.1471, 4.5],
					"rotation": [0, 0, 27.5],
					"cubes": [
						{"origin": [-38.86411, 11.18535, 4.5], "size": [7, 15, 0], "uv": [186, 223], "mirror": true}
					]
				},
				{
					"name": "wing_right2",
					"parent": "wing_right",
					"pivot": [-39, 57, 4.5],
					"cubes": [
						{"origin": [-68, 36.975, 5], "size": [29, 16, 0], "inflate": 0.01, "uv": [184, 154], "mirror": true},
						{"origin": [-68, 36.975, 4], "size": [29, 16, 0], "inflate": 0.01, "uv": [184, 154], "mirror": true},
						{"origin": [-68, 24.975, 4.5], "size": [29, 28, 0], "inflate": 0.01, "uv": [0, 142], "mirror": true},
						{"origin": [-53, 57.9, 1], "size": [14, 3, 7], "uv": [200, 139], "mirror": true},
						{"origin": [-53, 52.9, 1], "size": [14, 3, 7], "uv": [200, 129], "mirror": true},
						{"origin": [-53, 55.9, 2], "size": [12, 2, 5], "uv": [0, 135], "mirror": true},
						{"origin": [-66, 52.9, 1], "size": [13, 8, 7], "uv": [198, 68], "mirror": true}
					]
				},
				{
					"name": "feather15",
					"parent": "wing_right2",
					"pivot": [-69.2271, 29.3971, 4.5],
					"rotation": [0, 0, 67.5],
					"cubes": [
						{"origin": [-73.61411, 20.43535, 4.5], "size": [5, 15, 0], "uv": [115, 228], "mirror": true}
					]
				},
				{
					"name": "feather16",
					"parent": "wing_right2",
					"pivot": [-57.9771, 27.8971, 4.5],
					"rotation": [0, 0, 57.5],
					"cubes": [
						{"origin": [-63.36411, 15.93535, 4.5], "size": [7, 17, 0], "uv": [0, 221], "mirror": true}
					]
				},
				{
					"name": "feather17",
					"parent": "wing_right2",
					"pivot": [-49.2271, 25.1471, 4.5],
					"rotation": [0, 0, 47.5],
					"cubes": [
						{"origin": [-54.61411, 13.18535, 4.5], "size": [7, 17, 0], "uv": [91, 220], "mirror": true}
					]
				},
				{
					"name": "feather18",
					"parent": "wing_right2",
					"pivot": [-41.7271, 22.1471, 4.5],
					"rotation": [0, 0, 37.5],
					"cubes": [
						{"origin": [-47.11411, 11.18535, 4.5], "size": [7, 16, 0], "uv": [58, 142], "mirror": true}
					]
				},
				{
					"name": "wing_right3",
					"parent": "wing_right2",
					"pivot": [-68, 57, 4.5],
					"cubes": [
						{"origin": [-93, 53.9, 1], "size": [25, 6, 7], "uv": [155, 176], "mirror": true},
						{"origin": [-110, 54.9, 2], "size": [17, 4, 5], "uv": [198, 120], "mirror": true},
						{"origin": [-103, 32.975, 4.5], "size": [35, 22, 0], "inflate": 0.01, "uv": [98, 136], "mirror": true}
					]
				},
				{
					"name": "feather19",
					"parent": "wing_right3",
					"pivot": [-76.2271, 33.1471, 4.5],
					"rotation": [0, 0, 75],
					"cubes": [
						{"origin": [-80.61411, 24.18535, 4.5], "size": [5, 15, 0], "uv": [105, 228], "mirror": true}
					]
				},
				{
					"name": "feather20",
					"parent": "wing_right3",
					"pivot": [-97.9771, 47.5971, 4.5],
					"rotation": [0, 0, 90],
					"cubes": [
						{"origin": [-102.36411, 39.63535, 4.5], "size": [5, 14, 0], "uv": [228, 200], "mirror": true}
					]
				},
				{
					"name": "feather21",
					"parent": "wing_right3",
					"pivot": [-91.9771, 42.0971, 4.5],
					"rotation": [0, 0, 85],
					"cubes": [
						{"origin": [-96.36411, 34.13535, 4.5], "size": [5, 14, 0], "uv": [125, 228], "mirror": true}
					]
				},
				{
					"name": "feather22",
					"parent": "wing_right3",
					"pivot": [-83.9771, 37.3971, 4.5],
					"rotation": [0, 0, 82.5],
					"cubes": [
						{"origin": [-88.36411, 28.43535, 4.5], "size": [5, 15, 0], "uv": [176, 225], "mirror": true}
					]
				},
				{
					"name": "neck",
					"parent": "torso",
					"pivot": [0, 56, 1],
					"cubes": [
						{"origin": [-5, 53, -4.4], "size": [10, 15, 11], "uv": [178, 189]},
						{"origin": [-5, 53, -4.4], "size": [10, 15, 11], "inflate": 0.2, "uv": [136, 189]}
					]
				},
				{
					"name": "neck2",
					"parent": "neck",
					"pivot": [0, 66, 1],
					"cubes": [
						{"origin": [-4.5, 66, -3.4], "size": [9, 12, 9], "inflate": 0.02, "uv": [198, 27]},
						{"origin": [-1, 66, -3.425], "size": [2, 12, 1], "inflate": 0.02, "uv": [93, 0]},
						{"origin": [-4.5, 68, -3.4], "size": [9, 10, 9], "inflate": 0.2, "uv": [198, 83]}
					]
				},
				{
					"name": "neck3",
					"parent": "neck2",
					"pivot": [0, 77, 1.1],
					"cubes": [
						{"origin": [-4.5, 77, -3.4], "size": [9, 11, 9], "uv": [198, 48]},
						{"origin": [-1, 78, -3.425], "size": [2, 10, 1], "inflate": 0.02, "uv": [93, 54]},
						{"origin": [-4.5, 78.9, -3.4], "size": [9, 9, 9], "inflate": 0.2, "uv": [198, 102]}
					]
				},
				{
					"name": "bone",
					"parent": "neck3",
					"pivot": [0, 88, 5.6],
					"cubes": [
						{"origin": [-4.5, 88, -3.4], "size": [9, 7, 9], "inflate": 0.01, "uv": [38, 205]},
						{"origin": [-1, 88, -3.425], "size": [2, 7, 1], "inflate": 0.02, "uv": [0, 54]}
					]
				},
				{
					"name": "head_tuft4",
					"parent": "bone",
					"pivot": [0, 91.95129, 5.30952],
					"rotation": [-90, 0, 0],
					"cubes": [
						{"origin": [-1.5, 91.95026, 3.67313], "size": [3, 3, 3], "uv": [198, 0]}
					]
				},
				{
					"name": "head_tuft_top4",
					"parent": "head_tuft4",
					"pivot": [0, 94.99903, 5.4665],
					"cubes": [
						{"origin": [-2, 95.55559, 5.4185], "size": [4, 5, 5], "pivot": [0, 102.05559, 5.6685], "rotation": [-22.5, 0, 0], "uv": [214, 227]}
					]
				},
				{
					"name": "head_ai",
					"parent": "bone",
					"pivot": [0, 88, 1]
				},
				{
					"name": "head",
					"parent": "head_ai",
					"pivot": [0, 90, 1],
					"cubes": [
						{"origin": [-6, 88, -10], "size": [12, 11, 16], "uv": [58, 142]},
						{"origin": [-6, 90, -10], "size": [12, 7, 6], "inflate": 0.2, "uv": [74, 207]}
					]
				},
				{
					"name": "eye_left",
					"parent": "head",
					"pivot": [5.5, 94.5, -9.5],
					"cubes": [
						{"origin": [5, 93, -10], "size": [1, 3, 1], "inflate": 0.01, "uv": [16, 21]}
					]
				},
				{
					"name": "eye_right",
					"parent": "head",
					"pivot": [-5.5, 94.5, -9.5],
					"cubes": [
						{"origin": [-6, 93, -10], "size": [1, 3, 1], "inflate": 0.01, "uv": [16, 21], "mirror": true}
					]
				},
				{
					"name": "beak",
					"parent": "head",
					"pivot": [0, 4.5, -0.75]
				},
				{
					"name": "beak_top",
					"parent": "beak",
					"pivot": [0, 91.04171, -10.0274],
					"cubes": [
						{"origin": [-3.5, 90.97031, -15.02503], "size": [7, 3, 5], "uv": [186, 215]},
						{"origin": [-2.5, 90.97031, -22.02503], "size": [5, 3, 7], "uv": [162, 215]},
						{"origin": [-2.5, 88.97031, -25.02503], "size": [5, 5, 3], "inflate": 0.01, "pivot": [0, 90.97031, -22.02503], "rotation": [-45, 0, 0], "uv": [225, 48]}
					]
				},
				{
					"name": "beak_bottom",
					"parent": "beak",
					"pivot": [0, 91.28764, -10.01939],
					"cubes": [
						{"origin": [-3, 88.40549, -14.99672], "size": [6, 3, 5], "uv": [36, 221]},
						{"origin": [-2, 88.40549, -19.99672], "size": [4, 3, 5], "uv": [225, 27]},
						{"origin": [-2, 90.40549, -23.99672], "size": [4, 3, 6], "inflate": 0.01, "pivot": [0, 89.90549, -23.49672], "rotation": [-45, 0, 0], "uv": [52, 223]}
					]
				},
				{
					"name": "head_tuft",
					"parent": "head",
					"pivot": [0, 98.9, -7.25],
					"cubes": [
						{"origin": [-1.5, 98.95026, -9.32687], "size": [3, 6, 4], "uv": [14, 229]},
						{"origin": [-1.5, 104.95026, -10.32687], "size": [3, 4, 4], "uv": [225, 83]}
					]
				},
				{
					"name": "head_tuft_top",
					"parent": "head_tuft",
					"pivot": [0, 109.11424, -7.87635],
					"cubes": [
						{"origin": [-3, 108.55559, -11.5815], "size": [6, 7, 7], "pivot": [0, 109.05559, -7.3315], "rotation": [-22.5, 0, 0], "uv": [136, 215]}
					]
				},
				{
					"name": "head_tuft2",
					"parent": "head",
					"pivot": [0, 98.97517, -2.5578],
					"cubes": [
						{"origin": [-1.5, 98.95026, -3.32687], "size": [3, 6, 3], "uv": [0, 194]}
					]
				},
				{
					"name": "head_tuft_top2",
					"parent": "head_tuft2",
					"pivot": [0, 104.00007, -1.28873],
					"cubes": [
						{"origin": [-2.5, 105.55559, -3.5815], "size": [5, 6, 6], "pivot": [0, 109.05559, -2.3315], "rotation": [-22.5, 0, 0], "uv": [0, 67]}
					]
				},
				{
					"name": "head_tuft3",
					"parent": "head",
					"pivot": [0, 98.95129, 3.30952],
					"cubes": [
						{"origin": [-1.5, 98.95026, 1.67313], "size": [3, 4, 3], "uv": [198, 0]}
					]
				},
				{
					"name": "head_tuft_top3",
					"parent": "head_tuft3",
					"pivot": [0, 101.99903, 3.4665],
					"cubes": [
						{"origin": [-2, 103.55559, 3.4185], "size": [4, 5, 5], "pivot": [0, 109.05559, 3.6685], "rotation": [-22.5, 0, 0], "uv": [214, 227]}
					]
				},
				{
					"name": "eyelid_right",
					"parent": "head",
					"pivot": [-5.1, 95, -4]
				},
				{
					"name": "eyelid_left",
					"parent": "head",
					"pivot": [5.1, 95, -4]
				},
				{
					"name": "tail",
					"parent": "body",
					"pivot": [0, 31, 15]
				},
				{
					"name": "tail_group",
					"parent": "tail",
					"pivot": [0, 31, 15]
				},
				{
					"name": "small_tail17",
					"parent": "tail_group",
					"pivot": [3, 26.5, 14],
					"rotation": [-13.32292, 0.35715, -49.07398],
					"cubes": [
						{"origin": [-1, 26.5, 14], "size": [8, 0, 22], "inflate": 0.01, "uv": [55, 54]}
					]
				},
				{
					"name": "small_tail18",
					"parent": "small_tail17",
					"pivot": [3, 26.5, 36],
					"rotation": [7.5, 0, 0],
					"cubes": [
						{"origin": [-1, 26.5, 36], "size": [8, 0, 22], "inflate": 0.01, "uv": [55, 0]}
					]
				},
				{
					"name": "small_tail19",
					"parent": "tail_group",
					"pivot": [-3, 26.5, 14],
					"rotation": [-13.32292, -0.35715, 49.07398],
					"cubes": [
						{"origin": [-7, 26.5, 14], "size": [8, 0, 22], "inflate": 0.01, "uv": [162, 132]}
					]
				},
				{
					"name": "small_tail20",
					"parent": "small_tail19",
					"pivot": [-3, 26.5, 36],
					"rotation": [7.5, 0, 0],
					"cubes": [
						{"origin": [-7, 26.5, 36], "size": [8, 0, 22], "inflate": 0.01, "uv": [160, 110]}
					]
				},
				{
					"name": "small_tail15",
					"parent": "tail_group",
					"pivot": [-3, 35.5, 14],
					"rotation": [13.32292, -0.35715, -49.07398],
					"cubes": [
						{"origin": [-7, 35.5, 14], "size": [8, 0, 22], "inflate": 0.01, "uv": [160, 88]}
					]
				},
				{
					"name": "small_tail16",
					"parent": "small_tail15",
					"pivot": [-3, 35.5, 36],
					"rotation": [-7.5, 0, 0],
					"cubes": [
						{"origin": [-7, 35.5, 36], "size": [8, 0, 22], "inflate": 0.01, "uv": [160, 66]}
					]
				},
				{
					"name": "small_tail13",
					"parent": "tail_group",
					"pivot": [3, 35.5, 14],
					"rotation": [13.32292, 0.35715, 49.07398],
					"cubes": [
						{"origin": [-1, 35.5, 14], "size": [8, 0, 22], "inflate": 0.01, "uv": [160, 44]}
					]
				},
				{
					"name": "small_tail14",
					"parent": "small_tail13",
					"pivot": [3, 35.5, 36],
					"rotation": [-7.5, 0, 0],
					"cubes": [
						{"origin": [-1, 35.5, 36], "size": [8, 0, 22], "inflate": 0.01, "uv": [160, 22]}
					]
				},
				{
					"name": "small_tail11",
					"parent": "tail",
					"pivot": [-4, 31.5, 14],
					"rotation": [20.54809, -2.65716, -95.34794],
					"cubes": [
						{"origin": [-8, 31.5, 14], "size": [8, 0, 22], "inflate": 0.01, "uv": [160, 0]}
					]
				},
				{
					"name": "small_tail12",
					"parent": "small_tail11",
					"pivot": [-4, 31.5, 36],
					"rotation": [-7.5, 0, 0],
					"cubes": [
						{"origin": [-8, 31.5, 36], "size": [8, 0, 22], "inflate": 0.01, "uv": [124, 158]}
					]
				},
				{
					"name": "small_tail9",
					"parent": "tail",
					"pivot": [4, 31.5, 14],
					"rotation": [20.54809, 2.65716, 95.34794],
					"cubes": [
						{"origin": [0, 31.5, 14], "size": [8, 0, 22], "inflate": 0.01, "uv": [108, 158]}
					]
				},
				{
					"name": "small_tail10",
					"parent": "small_tail9",
					"pivot": [4, 31.5, 36],
					"rotation": [-7.5, 0, 0],
					"cubes": [
						{"origin": [0, 31.5, 36], "size": [8, 0, 22], "inflate": 0.01, "uv": [92, 158]}
					]
				},
				{
					"name": "big_tail11",
					"parent": "tail",
					"pivot": [-7, 34, 15],
					"rotation": [16.50811, 1.75624, -70.18915],
					"cubes": [
						{"origin": [-11, 34, 15], "size": [8, 0, 34], "inflate": 0.01, "uv": [116, 102]}
					]
				},
				{
					"name": "big_tail12",
					"parent": "big_tail11",
					"pivot": [-7, 34, 49],
					"rotation": [-10, 0, 0],
					"cubes": [
						{"origin": [-11, 34, 49], "size": [8, 0, 34], "inflate": 0.01, "uv": [116, 68]}
					]
				},
				{
					"name": "big_tail9",
					"parent": "tail",
					"pivot": [7, 34, 15],
					"rotation": [16.50811, -1.75624, 70.18915],
					"cubes": [
						{"origin": [3, 34, 15], "size": [8, 0, 34], "inflate": 0.01, "uv": [116, 34]}
					]
				},
				{
					"name": "big_tail10",
					"parent": "big_tail9",
					"pivot": [7, 34, 49],
					"rotation": [-10, 0, 0],
					"cubes": [
						{"origin": [3, 34, 49], "size": [8, 0, 34], "inflate": 0.01, "uv": [116, 0]}
					]
				},
				{
					"name": "small_tail7",
					"parent": "tail",
					"pivot": [-4, 38, 14],
					"rotation": [20.80886, -5.6045, -26.27425],
					"cubes": [
						{"origin": [-8, 38, 14], "size": [8, 0, 22], "inflate": 0.01, "uv": [146, 154]}
					]
				},
				{
					"name": "small_tail8",
					"parent": "small_tail7",
					"pivot": [-4, 38, 36],
					"rotation": [-7.5, 0, 0],
					"cubes": [
						{"origin": [-8, 38, 36], "size": [8, 0, 22], "inflate": 0.01, "uv": [146, 132]}
					]
				},
				{
					"name": "small_tail5",
					"parent": "tail",
					"pivot": [4, 38, 14],
					"rotation": [20.80886, 5.6045, 26.27425],
					"cubes": [
						{"origin": [0, 38, 14], "size": [8, 0, 22], "inflate": 0.01, "uv": [144, 110]}
					]
				},
				{
					"name": "small_tail6",
					"parent": "small_tail5",
					"pivot": [4, 38, 36],
					"rotation": [-7.5, 0, 0],
					"cubes": [
						{"origin": [0, 38, 36], "size": [8, 0, 22], "inflate": 0.01, "uv": [144, 88]}
					]
				},
				{
					"name": "big_tail7",
					"parent": "tail",
					"pivot": [0, 38, 15],
					"rotation": [12.5, 0, 0],
					"cubes": [
						{"origin": [-4, 38, 15], "size": [8, 0, 34], "inflate": 0.01, "uv": [48, 108]}
					]
				},
				{
					"name": "big_tail8",
					"parent": "big_tail7",
					"pivot": [0, 38, 49],
					"rotation": [-10, 0, 0],
					"cubes": [
						{"origin": [-4, 38, 49], "size": [8, 0, 34], "inflate": 0.01, "uv": [32, 108]}
					]
				},
				{
					"name": "big_tail5",
					"parent": "tail",
					"pivot": [-7, 27, 15],
					"rotation": [-16.50811, 1.75624, 70.18915],
					"cubes": [
						{"origin": [-11, 27, 15], "size": [8, 0, 34], "inflate": 0.01, "uv": [16, 108]}
					]
				},
				{
					"name": "big_tail3",
					"parent": "tail",
					"pivot": [7, 27, 15],
					"rotation": [-16.50811, -1.75624, -70.18915],
					"cubes": [
						{"origin": [3, 27, 15], "size": [8, 0, 34], "inflate": 0.01, "uv": [100, 102]}
					]
				},
				{
					"name": "small_tail3",
					"parent": "tail",
					"pivot": [-4, 22, 14],
					"rotation": [-20.80886, -5.6045, 26.27425],
					"cubes": [
						{"origin": [-8, 22, 14], "size": [8, 0, 22], "inflate": 0.01, "uv": [144, 66]}
					]
				},
				{
					"name": "small_tail4",
					"parent": "small_tail3",
					"pivot": [-4, 22, 36],
					"rotation": [7.5, 0, 0],
					"cubes": [
						{"origin": [-8, 22, 36], "size": [8, 0, 22], "inflate": 0.01, "uv": [144, 44]}
					]
				},
				{
					"name": "small_tail1",
					"parent": "tail",
					"pivot": [4, 22, 14],
					"rotation": [-20.80886, 5.6045, -26.27425],
					"cubes": [
						{"origin": [0, 22, 14], "size": [8, 0, 22], "inflate": 0.01, "uv": [144, 22]}
					]
				},
				{
					"name": "small_tail2",
					"parent": "small_tail1",
					"pivot": [4, 22, 36],
					"rotation": [7.5, 0, 0],
					"cubes": [
						{"origin": [0, 22, 36], "size": [8, 0, 22], "inflate": 0.01, "uv": [144, 0]}
					]
				},
				{
					"name": "big_tail1",
					"parent": "tail",
					"pivot": [0, 23, 15],
					"rotation": [-12.5, 0, 0],
					"cubes": [
						{"origin": [-4, 23, 15], "size": [8, 0, 34], "inflate": 0.01, "uv": [68, 102]}
					]
				},
				{
					"name": "big_tail2",
					"parent": "big_tail1",
					"pivot": [0, 23, 49],
					"rotation": [10, 0, 0],
					"cubes": [
						{"origin": [-4, 23, 49], "size": [8, 0, 34], "inflate": 0.01, "uv": [100, 68]}
					]
				},
				{
					"name": "big_tail13",
					"parent": "tail",
					"pivot": [0, 34, 15],
					"rotation": [15.96297, -4.61008, -48.59067],
					"cubes": [
						{"origin": [-4, 34, 15], "size": [8, 0, 34], "inflate": 0.01, "uv": [100, 34]}
					]
				},
				{
					"name": "big_tail14",
					"parent": "big_tail13",
					"pivot": [0, 34, 49],
					"rotation": [-10, 0, 0],
					"cubes": [
						{"origin": [-4, 34, 49], "size": [8, 0, 34], "inflate": 0.01, "uv": [100, 0]}
					]
				},
				{
					"name": "big_tail15",
					"parent": "tail",
					"pivot": [0, 34, 15],
					"rotation": [15.96297, 4.61008, 48.59067],
					"cubes": [
						{"origin": [-4, 34, 15], "size": [8, 0, 34], "inflate": 0.01, "uv": [68, 34]}
					]
				},
				{
					"name": "big_tail16",
					"parent": "big_tail15",
					"pivot": [0, 34, 49],
					"rotation": [-10, 0, 0],
					"cubes": [
						{"origin": [-4, 34, 49], "size": [8, 0, 34], "inflate": 0.01, "uv": [68, 0]}
					]
				},
				{
					"name": "big_tail21",
					"parent": "tail",
					"pivot": [4, 31, 15],
					"rotation": [17.5, 0, 90],
					"cubes": [
						{"origin": [0, 31, 15], "size": [8, 0, 34], "inflate": 0.01, "uv": [68, 34]}
					]
				},
				{
					"name": "big_tail22",
					"parent": "big_tail21",
					"pivot": [4, 31, 49],
					"rotation": [-10, 0, 0],
					"cubes": [
						{"origin": [0, 31, 49], "size": [8, 0, 34], "inflate": 0.01, "uv": [68, 0]}
					]
				},
				{
					"name": "big_tail23",
					"parent": "tail",
					"pivot": [-4, 31, 15],
					"rotation": [17.5, 0, -90],
					"cubes": [
						{"origin": [-8, 31, 15], "size": [8, 0, 34], "inflate": 0.01, "uv": [68, 34], "mirror": true}
					]
				},
				{
					"name": "big_tail24",
					"parent": "big_tail23",
					"pivot": [-4, 31, 49],
					"rotation": [-10, 0, 0],
					"cubes": [
						{"origin": [-8, 31, 49], "size": [8, 0, 34], "inflate": 0.01, "uv": [68, 0], "mirror": true}
					]
				},
				{
					"name": "big_tail17",
					"parent": "tail",
					"pivot": [0, 29, 15],
					"rotation": [-15.96297, 4.61008, -48.59067],
					"cubes": [
						{"origin": [-4, 29, 15], "size": [8, 0, 34], "inflate": 0.01, "uv": [84, 68]}
					]
				},
				{
					"name": "big_tail18",
					"parent": "big_tail17",
					"pivot": [0, 29, 49],
					"rotation": [10, 0, 0],
					"cubes": [
						{"origin": [-4, 29, 49], "size": [8, 0, 34], "inflate": 0.01, "uv": [84, 34]}
					]
				},
				{
					"name": "big_tail19",
					"parent": "tail",
					"pivot": [0, 29, 15],
					"rotation": [-15.96297, -4.61008, 48.59067],
					"cubes": [
						{"origin": [-4, 29, 15], "size": [8, 0, 34], "inflate": 0.01, "uv": [84, 0]}
					]
				},
				{
					"name": "big_tail20",
					"parent": "big_tail19",
					"pivot": [0, 29, 49],
					"rotation": [10, 0, 0],
					"cubes": [
						{"origin": [-4, 29, 49], "size": [8, 0, 34], "inflate": 0.01, "uv": [68, 68]}
					]
				},
				{
					"name": "leg_left",
					"parent": "body",
					"pivot": [13.7, 30, -1],
					"rotation": [7.5, 0, 0],
					"cubes": [
						{"origin": [9.2, 19, -6], "size": [7, 15, 12], "uv": [198, 0]},
						{"origin": [9.2, 19, -6], "size": [7, 15, 12], "inflate": 0.2, "uv": [0, 194]}
					]
				},
				{
					"name": "leg_left2",
					"parent": "leg_left",
					"pivot": [0.5, 21, -1],
					"rotation": [-25, 0, 0],
					"cubes": [
						{"origin": [10.2, 8, -3.75], "size": [5, 14, 7], "uv": [0, 0]},
						{"origin": [10.2, 5, 2.25], "size": [5, 3, 2], "uv": [184, 170]},
						{"origin": [10.2, 5, -3.75], "size": [5, 3, 2], "uv": [137, 180]},
						{"origin": [11.2, 3, -1.75], "size": [3, 4, 4], "uv": [65, 205]}
					]
				},
				{
					"name": "foot_left_back",
					"parent": "leg_left2",
					"pivot": [12.7, 3.65, 1.5],
					"rotation": [17.5, 0, 0],
					"cubes": [
						{"origin": [9.7, -0.09558, 2.84699], "size": [6, 4, 5], "uv": [69, 220]},
						{"origin": [9.7, -0.09558, -2.15301], "size": [6, 3, 5], "uv": [14, 221]}
					]
				},
				{
					"name": "foot_left_front",
					"parent": "foot_left_back",
					"pivot": [12.7, 4.90442, -3.15301],
					"cubes": [
						{"origin": [8.7, -0.09558, -9.15301], "size": [8, 4, 7], "inflate": 0.01, "uv": [209, 189]}
					]
				},
				{
					"name": "toe_middle_left",
					"parent": "foot_left_front",
					"pivot": [12.7, 3.80442, -8.15301],
					"cubes": [
						{"origin": [11.2, -0.09558, -17.15301], "size": [3, 4, 9], "uv": [0, 54]}
					]
				},
				{
					"name": "toe_middle_left_cla",
					"parent": "toe_middle_left",
					"pivot": [12.7, 3.90442, -17.15301],
					"cubes": [
						{"origin": [12.2, -0.09558, -21.15301], "size": [1, 4, 4], "uv": [225, 102]},
						{"origin": [12.7, -0.09558, -24.15301], "size": [0, 3, 3], "uv": [10, 18]}
					]
				},
				{
					"name": "toe_middle_left3",
					"parent": "foot_left_front",
					"pivot": [14.7, 3.80442, -7.15301],
					"rotation": [0, -22.5, 0],
					"cubes": [
						{"origin": [13.2, -0.09558, -16.15301], "size": [3, 4, 9], "uv": [0, 54]}
					]
				},
				{
					"name": "toe_middle_left_cla3",
					"parent": "toe_middle_left3",
					"pivot": [14.7, 3.90442, -16.15301],
					"cubes": [
						{"origin": [14.2, -0.09558, -20.15301], "size": [1, 4, 4], "uv": [78, 198]},
						{"origin": [14.7, -0.09558, -23.15301], "size": [0, 3, 3], "uv": [17, 0]}
					]
				},
				{
					"name": "toe_middle_left2",
					"parent": "foot_left_front",
					"pivot": [10.7, 3.80442, -7.15301],
					"rotation": [0, 22.5, 0],
					"cubes": [
						{"origin": [9.2, -0.09558, -16.15301], "size": [3, 4, 9], "uv": [0, 54]}
					]
				},
				{
					"name": "toe_middle_left_cla2",
					"parent": "toe_middle_left2",
					"pivot": [10.7, 3.90442, -16.15301],
					"cubes": [
						{"origin": [10.2, -0.09558, -20.15301], "size": [1, 4, 4], "uv": [24, 108]},
						{"origin": [10.7, -0.09558, -23.15301], "size": [0, 3, 3], "uv": [0, 0]}
					]
				},
				{
					"name": "toe_back_left",
					"parent": "foot_left_back",
					"pivot": [12.7, 3.90442, 7.84699],
					"cubes": [
						{"origin": [11.2, -0.09558, 7.84699], "size": [3, 4, 7], "uv": [167, 189]}
					]
				},
				{
					"name": "bone2",
					"parent": "toe_back_left",
					"pivot": [12.7, 3.90442, 14.84699],
					"cubes": [
						{"origin": [12.2, -0.09558, 14.84699], "size": [1, 4, 4], "uv": [15, 54]},
						{"origin": [12.7, -0.09558, 18.84699], "size": [0, 3, 3], "uv": [2, 18]}
					]
				},
				{
					"name": "leg_right",
					"parent": "body",
					"pivot": [-13.7, 30, -1],
					"rotation": [7.5, 0, 0],
					"cubes": [
						{"origin": [-16.2, 19, -6], "size": [7, 15, 12], "uv": [198, 0], "mirror": true},
						{"origin": [-16.2, 19, -6], "size": [7, 15, 12], "inflate": 0.2, "uv": [0, 194], "mirror": true}
					]
				},
				{
					"name": "leg_right2",
					"parent": "leg_right",
					"pivot": [-0.5, 21, -1],
					"rotation": [-25, 0, 0],
					"cubes": [
						{"origin": [-15.2, 8, -3.75], "size": [5, 14, 7], "uv": [0, 0], "mirror": true},
						{"origin": [-15.2, 5, 2.25], "size": [5, 3, 2], "uv": [184, 170], "mirror": true},
						{"origin": [-15.2, 5, -3.75], "size": [5, 3, 2], "uv": [137, 180], "mirror": true},
						{"origin": [-14.2, 3, -1.75], "size": [3, 4, 4], "uv": [65, 205], "mirror": true}
					]
				},
				{
					"name": "foot_right_back",
					"parent": "leg_right2",
					"pivot": [-12.7, 3.65, 1.5],
					"rotation": [17.5, 0, 0],
					"cubes": [
						{"origin": [-15.7, -0.09558, 2.84699], "size": [6, 4, 5], "uv": [69, 220], "mirror": true},
						{"origin": [-15.7, -0.09558, -2.15301], "size": [6, 3, 5], "uv": [14, 221], "mirror": true}
					]
				},
				{
					"name": "foot_right_front",
					"parent": "foot_right_back",
					"pivot": [-12.7, 4.90442, -3.15301],
					"cubes": [
						{"origin": [-16.7, -0.09558, -9.15301], "size": [8, 4, 7], "inflate": 0.01, "uv": [209, 189], "mirror": true}
					]
				},
				{
					"name": "toe_middle_right",
					"parent": "foot_right_front",
					"pivot": [-12.7, 3.80442, -8.15301],
					"cubes": [
						{"origin": [-14.2, -0.09558, -17.15301], "size": [3, 4, 9], "uv": [0, 54], "mirror": true}
					]
				},
				{
					"name": "toe_middle_right_cla",
					"parent": "toe_middle_right",
					"pivot": [-12.7, 3.90442, -17.15301],
					"cubes": [
						{"origin": [-13.2, -0.09558, -21.15301], "size": [1, 4, 4], "uv": [225, 102], "mirror": true},
						{"origin": [-12.7, -0.09558, -24.15301], "size": [0, 3, 3], "uv": [10, 18], "mirror": true}
					]
				},
				{
					"name": "toe_middle_right3",
					"parent": "foot_right_front",
					"pivot": [-14.7, 3.80442, -7.15301],
					"rotation": [0, 22.5, 0],
					"cubes": [
						{"origin": [-16.2, -0.09558, -16.15301], "size": [3, 4, 9], "uv": [0, 54], "mirror": true}
					]
				},
				{
					"name": "toe_middle_right_cla3",
					"parent": "toe_middle_right3",
					"pivot": [-14.7, 3.90442, -16.15301],
					"cubes": [
						{"origin": [-15.2, -0.09558, -20.15301], "size": [1, 4, 4], "uv": [78, 198], "mirror": true},
						{"origin": [-14.7, -0.09558, -23.15301], "size": [0, 3, 3], "uv": [17, 0], "mirror": true}
					]
				},
				{
					"name": "toe_middle_right2",
					"parent": "foot_right_front",
					"pivot": [-10.7, 3.80442, -7.15301],
					"rotation": [0, -22.5, 0],
					"cubes": [
						{"origin": [-12.2, -0.09558, -16.15301], "size": [3, 4, 9], "uv": [0, 54], "mirror": true}
					]
				},
				{
					"name": "toe_middle_right_cla2",
					"parent": "toe_middle_right2",
					"pivot": [-10.7, 3.90442, -16.15301],
					"cubes": [
						{"origin": [-11.2, -0.09558, -20.15301], "size": [1, 4, 4], "uv": [24, 108], "mirror": true},
						{"origin": [-10.7, -0.09558, -23.15301], "size": [0, 3, 3], "uv": [0, 0], "mirror": true}
					]
				},
				{
					"name": "toe_back_right",
					"parent": "foot_right_back",
					"pivot": [-12.7, 3.90442, 7.84699],
					"cubes": [
						{"origin": [-14.2, -0.09558, 7.84699], "size": [3, 4, 7], "uv": [167, 189], "mirror": true}
					]
				},
				{
					"name": "bone3",
					"parent": "toe_back_right",
					"pivot": [-12.7, 3.90442, 14.84699],
					"cubes": [
						{"origin": [-13.2, -0.09558, 14.84699], "size": [1, 4, 4], "uv": [15, 54], "mirror": true},
						{"origin": [-12.7, -0.09558, 18.84699], "size": [0, 3, 3], "uv": [2, 18], "mirror": true}
					]
				}
			]
		}
	]
}