{
	"format_version": "1.12.0",
	"minecraft:geometry": [
		{
			"description": {
				"identifier": "geometry.delta_clockowl",
				"texture_width": 192,
				"texture_height": 128,
				"visible_bounds_width": 6,
				"visible_bounds_height": 4.5,
				"visible_bounds_offset": [0, 1.75, 0]
			},
			"bones": [
				{
					"name": "delta_clockowl",
					"pivot": [0, 3, 0]
				},
				{
					"name": "body",
					"parent": "delta_clockowl",
					"pivot": [0, 8, 1],
					"rotation": [45, 0, 0],
					"cubes": [
						{"origin": [-6, 6, -4.5], "size": [12, 4, 11], "uv": [49, 10]}
					]
				},
				{
					"name": "tail",
					"parent": "body",
					"pivot": [0, 6, 6.5],
					"cubes": [
						{"origin": [-7.5, -9, 6.5], "size": [15, 15, 0], "uv": [82, 75]}
					]
				},
				{
					"name": "torso",
					"parent": "body",
					"pivot": [0, 10, -4.5],
					"rotation": [-17.5, 0, 0],
					"cubes": [
						{"origin": [-6.5, 10, -5.5], "size": [13, 10, 12], "uv": [0, 21]}
					]
				},
				{
					"name": "chest",
					"parent": "torso",
					"pivot": [0, 20, -5.5],
					"rotation": [-27.5, 0, 0],
					"cubes": [
						{"origin": [-6, 20, -5.5], "size": [12, 6, 12], "inflate": -0.01, "uv": [0, 43]}
					]
				},
				{
					"name": "neck_feather_right",
					"parent": "chest",
					"pivot": [-5, 24, -5.51],
					"rotation": [0, 0, 10],
					"cubes": [
						{"origin": [-9.5, 17, -5.51], "size": [7, 7, 0], "uv": [110, 96]}
					]
				},
				{
					"name": "neck_feather_left",
					"parent": "chest",
					"pivot": [5, 24, -5.51],
					"rotation": [0, 0, -10],
					"cubes": [
						{"origin": [2.5, 17, -5.51], "size": [7, 7, 0], "uv": [112, 73]}
					]
				},
				{
					"name": "neck_feather_middle",
					"parent": "chest",
					"pivot": [0, 24, -5.52],
					"cubes": [
						{"origin": [-4.5, 16, -5.52], "size": [9, 8, 0], "uv": [52, 92]}
					]
				},
				{
					"name": "neck",
					"parent": "chest",
					"pivot": [0, 25.5, 0],
					"cubes": [
						{"origin": [-4.5, 24, -3.5], "size": [9, 6, 8], "uv": [74, 25]},
						{"origin": [-8, 24, -7], "size": [16, 3, 6], "uv": [50, 0]},
						{"origin": [-10, 24, -1], "size": [20, 11, 10], "uv": [0, 0]},
						{"origin": [-7, 26, 8], "size": [14, 11, 3], "uv": [0, 61]}
					]
				},
				{
					"name": "tie",
					"parent": "neck",
					"pivot": [0, 27, -7],
					"cubes": [
						{"origin": [-0.5, 15, -7.01], "size": [1, 12, 0], "uv": [36, 43]},
						{"origin": [-1, 24, -7.02], "size": [2, 2, 0], "uv": [108, 36]},
						{"origin": [-1, 21.5, -7.02], "size": [2, 2, 0], "uv": [32, 105]},
						{"origin": [-1, 19, -7.02], "size": [2, 2, 0], "uv": [28, 105]},
						{"origin": [-1, 16.5, -7.02], "size": [2, 2, 0], "uv": [20, 105]},
						{"origin": [-2.5, 11, -7.02], "size": [5, 5, 0], "uv": [0, 0]},
						{"origin": [0, 11.5, -7.03], "size": [1, 4, 0], "uv": [124, 26]}
					]
				},
				{
					"name": "neck_fluff_right1",
					"parent": "neck",
					"pivot": [-8.01, 25.5, -4],
					"rotation": [0, 0, -15],
					"cubes": [
						{"origin": [-8.01, 25.5, -7], "size": [0, 2, 6], "uv": [0, 25]}
					]
				},
				{
					"name": "neck_fluff_left1",
					"parent": "neck",
					"pivot": [8.01, 25.5, -4],
					"rotation": [0, 0, 15],
					"cubes": [
						{"origin": [8.01, 25.5, -7], "size": [0, 2, 6], "uv": [0, 45]}
					]
				},
				{
					"name": "neck_fluff_left2",
					"parent": "neck",
					"pivot": [8.01, 25.5, -4],
					"rotation": [0, 0, -15],
					"cubes": [
						{"origin": [8.01, 23.5, -7], "size": [0, 2, 6], "uv": [38, 24]}
					]
				},
				{
					"name": "neck_fluff_right2",
					"parent": "neck",
					"pivot": [-8.01, 25.5, -4],
					"rotation": [0, 0, 15],
					"cubes": [
						{"origin": [-8.01, 23.5, -7], "size": [0, 2, 6], "uv": [0, 23]}
					]
				},
				{
					"name": "neck_fluff_front1",
					"parent": "neck",
					"pivot": [0, 25.5, -7.01],
					"rotation": [15, 0, 0],
					"cubes": [
						{"origin": [-8, 25.5, -7.01], "size": [16, 2, 0], "uv": [88, 2]}
					]
				},
				{
					"name": "neck_fluff_front2",
					"parent": "neck",
					"pivot": [0, 25.5, -7.01],
					"rotation": [-15, 0, 0],
					"cubes": [
						{"origin": [-8, 23.5, -7.01], "size": [16, 2, 0], "uv": [88, 0]}
					]
				},
				{
					"name": "feather_left_front",
					"parent": "neck",
					"pivot": [8, 24, -3.5],
					"rotation": [7.5, 55, 0],
					"cubes": [
						{"origin": [8, 16, -6], "size": [0, 8, 5], "uv": [0, 38]}
					]
				},
				{
					"name": "feather_right_front",
					"parent": "neck",
					"pivot": [-8, 24, -3.5],
					"rotation": [7.5, -55, 0],
					"cubes": [
						{"origin": [-8, 16, -6], "size": [0, 8, 5], "uv": [0, 16]}
					]
				},
				{
					"name": "feather_left_back",
					"parent": "neck",
					"pivot": [9, 24, -0.5],
					"rotation": [15, 75, 0],
					"cubes": [
						{"origin": [9, 18, -3], "size": [0, 7, 5], "uv": [71, 108]}
					]
				},
				{
					"name": "feather_right_back",
					"parent": "neck",
					"pivot": [-9, 24, -0.5],
					"rotation": [15, -75, 0],
					"cubes": [
						{"origin": [-9, 18, -3], "size": [0, 7, 5], "uv": [28, 93]}
					]
				},
				{
					"name": "body_fluff_right1",
					"parent": "neck",
					"pivot": [-10.01, 34, 4],
					"rotation": [0, 0, 10],
					"cubes": [
						{"origin": [-10.01, 29, -1], "size": [0, 5, 10], "uv": [50, 50]}
					]
				},
				{
					"name": "body_fluff_right2",
					"parent": "neck",
					"pivot": [-10.01, 29, 4],
					"rotation": [0, 0, 10],
					"cubes": [
						{"origin": [-10.01, 24, -1], "size": [0, 5, 10], "uv": [50, 45]}
					]
				},
				{
					"name": "body_fluff_left1",
					"parent": "neck",
					"pivot": [10.01, 34, 4],
					"rotation": [0, 0, -10],
					"cubes": [
						{"origin": [10.01, 29, -1], "size": [0, 5, 10], "uv": [57, 98]}
					]
				},
				{
					"name": "body_fluff_left2",
					"parent": "neck",
					"pivot": [10.01, 29, 4],
					"rotation": [0, 0, -10],
					"cubes": [
						{"origin": [10.01, 24, -1], "size": [0, 5, 10], "uv": [37, 95]}
					]
				},
				{
					"name": "body_fluff_front1",
					"parent": "neck",
					"pivot": [0, 35, -1.01],
					"rotation": [-10, 0, 0],
					"cubes": [
						{"origin": [-11, 30, -1.01], "size": [22, 5, 0], "uv": [72, 55]}
					]
				},
				{
					"name": "body_fluff_front2",
					"parent": "neck",
					"pivot": [0, 30, -1.01],
					"rotation": [-10, 0, 0],
					"cubes": [
						{"origin": [-11, 25, -1.01], "size": [22, 5, 0], "uv": [38, 25]}
					]
				},
				{
					"name": "back_fluff1",
					"parent": "neck",
					"pivot": [0, 37, 11.01],
					"rotation": [10, 0, 0],
					"cubes": [
						{"origin": [-8, 32, 11.01], "size": [16, 5, 0], "uv": [84, 14]}
					]
				},
				{
					"name": "back_fluff2",
					"parent": "neck",
					"pivot": [0, 32, 11.01],
					"rotation": [10, 0, 0],
					"cubes": [
						{"origin": [-8, 27, 11.01], "size": [16, 5, 0], "uv": [84, 9]}
					]
				},
				{
					"name": "roof_left",
					"parent": "neck",
					"pivot": [10.5, 34, 6.5],
					"rotation": [0, 0, -45],
					"cubes": [
						{"origin": [10.5, 34, 0], "size": [1, 18, 10], "uv": [60, 55]},
						{"origin": [11.5, 34, 0], "size": [2, 3, 10], "uv": [38, 92]}
					]
				},
				{
					"name": "roof_right",
					"parent": "neck",
					"pivot": [-10.5, 34, 6.5],
					"rotation": [0, 0, 45],
					"cubes": [
						{"origin": [-11.5, 34, 0], "size": [1, 18, 10], "inflate": 0.01, "uv": [38, 55]},
						{"origin": [-13.5, 34, 0], "size": [2, 3, 10], "uv": [86, 90]},
						{"origin": [-10.7, 34, 9], "size": [15, 15, 0], "inflate": 0.01, "uv": [82, 60]},
						{"origin": [-10.7, 34, 1], "size": [15, 15, 0], "inflate": 0.01, "uv": [0, 75]}
					]
				},
				{
					"name": "head",
					"parent": "neck",
					"pivot": [0, 27, 0],
					"cubes": [
						{"origin": [-6, 27, -6], "size": [12, 12, 12], "uv": [38, 31]},
						{"origin": [5, 38, -6.5], "size": [0, 2, 3], "pivot": [5, 39, -4.5], "rotation": [0, 0, 15], "uv": [74, 27]},
						{"origin": [0, 38, -6.75], "size": [0, 2, 3], "uv": [30, 78]},
						{"origin": [-5, 38, -6.5], "size": [0, 2, 3], "pivot": [-5, 39, -4.5], "rotation": [0, 0, -15], "uv": [38, 60]},
						{"origin": [2, 26, -6.75], "size": [0, 2, 3], "pivot": [2, 28, -5.25], "rotation": [0, 0, -15], "uv": [6, 50]},
						{"origin": [-2, 26, -6.75], "size": [0, 2, 3], "pivot": [-2, 28, -5.25], "rotation": [0, 0, 15], "uv": [0, 50]},
						{"origin": [5, 36.5, -6.5], "size": [2, 0, 3], "pivot": [6, 36.5, -4.5], "rotation": [0, 0, -15], "uv": [47, 3]},
						{"origin": [5.5, 33.5, -6.5], "size": [2, 0, 3], "uv": [31, 66]},
						{"origin": [5.5, 29.5, -6.5], "size": [2, 0, 3], "pivot": [6, 29.5, -5], "rotation": [0, 0, 15], "uv": [31, 63]},
						{"origin": [-7, 36.5, -6.5], "size": [2, 0, 3], "pivot": [-6, 36.5, -4.5], "rotation": [0, 0, 15], "uv": [47, 0]},
						{"origin": [-7.5, 33.5, -6.5], "size": [2, 0, 3], "uv": [39, 21]},
						{"origin": [-7.5, 29.5, -6.5], "size": [2, 0, 3], "pivot": [-6, 29.5, -5], "rotation": [0, 0, -15], "uv": [35, 21]},
						{"origin": [-1.5, 32.25, -6.08], "size": [3, 5, 0], "uv": [10, 105]}
					]
				},
				{
					"name": "eye_right",
					"parent": "head",
					"pivot": [-7.5, 17, 3.25],
					"cubes": [
						{"origin": [-5, 29.5, -6.02], "size": [4, 4, 0], "uv": [100, 96]},
						{"origin": [-6.5, 32, -6.01], "size": [3, 1, 0], "uv": [50, 9]},
						{"origin": [-6.5, 30, -6.01], "size": [3, 1, 0], "pivot": [-5, 30.5, -6.06], "rotation": [0, 0, -15], "uv": [44, 32]},
						{"origin": [-4, 27, -6.01], "size": [1, 3, 0], "pivot": [-3.5, 29.5, -6.06], "rotation": [0, 0, 10], "uv": [7, 5]},
						{"origin": [-4.5, 30, -6.03], "size": [3, 3, 0], "uv": [106, 30]},
						{"origin": [-4, 30.5, -6.04], "size": [2, 2, 0], "uv": [16, 105]},
						{"origin": [-3.5, 31, -6.05], "size": [1, 1, 0], "uv": [46, 22]}
					]
				},
				{
					"name": "eyelid_right",
					"parent": "eye_right",
					"pivot": [-3, 31.5, -6.23],
					"cubes": [
						{"origin": [-5, 29.5, -5.94], "size": [4, 4, 0], "inflate": 0.02, "uv": [38, 98]}
					]
				},
				{
					"name": "eye_left",
					"parent": "head",
					"pivot": [7.5, 17, 3.25],
					"cubes": [
						{"origin": [1, 29.5, -6.02], "size": [4, 4, 0], "uv": [85, 96]},
						{"origin": [3.5, 32, -6.01], "size": [3, 1, 0], "uv": [38, 32]},
						{"origin": [3.5, 30, -6.01], "size": [3, 1, 0], "pivot": [5, 30.5, -6.06], "rotation": [0, 0, 15], "uv": [38, 24]},
						{"origin": [3, 27, -6.01], "size": [1, 3, 0], "pivot": [3.5, 29.5, -6.06], "rotation": [0, 0, -10], "uv": [0, 5]},
						{"origin": [1.5, 30, -6.03], "size": [3, 3, 0], "uv": [100, 30]},
						{"origin": [2, 30.5, -6.04], "size": [2, 2, 0], "uv": [103, 4]},
						{"origin": [2.5, 31, -6.05], "size": [1, 1, 0], "uv": [46, 21]}
					]
				},
				{
					"name": "eyelid_left",
					"parent": "eye_left",
					"pivot": [3, 31.5, -6.03],
					"cubes": [
						{"origin": [1, 29.5, -5.94], "size": [4, 4, 0], "inflate": 0.02, "uv": [74, 39]}
					]
				},
				{
					"name": "top_brow_right",
					"parent": "head",
					"pivot": [-1.5, 32, -10.36],
					"rotation": [0, 0, -52.5],
					"cubes": [
						{"origin": [-2.5, 31, -6.07], "size": [4, 6, 0], "uv": [30, 75]}
					]
				},
				{
					"name": "top_brow_left",
					"parent": "head",
					"pivot": [1.5, 32, -10.36],
					"rotation": [0, 0, 52.5],
					"cubes": [
						{"origin": [-1.5, 31, -6.07], "size": [4, 6, 0], "uv": [74, 83]}
					]
				},
				{
					"name": "eyebrow_right",
					"parent": "head",
					"pivot": [-1.5, 32.25, -1.06],
					"rotation": [0, 0, 35],
					"cubes": [
						{"origin": [-9.5, 32.25, -6.05], "size": [8, 2, 0], "uv": [31, 61]},
						{"origin": [-8.5, 31.25, -6.06], "size": [2, 4, 0], "uv": [34, 69]},
						{"origin": [-10.5, 32.75, -6.04], "size": [2, 1, 0], "uv": [44, 24]}
					]
				},
				{
					"name": "eyebrow_left",
					"parent": "head",
					"pivot": [1.5, 32.25, -1.06],
					"rotation": [0, 0, -35],
					"cubes": [
						{"origin": [1.5, 32.25, -6.05], "size": [8, 2, 0], "uv": [84, 19]},
						{"origin": [6.5, 31.25, -6.06], "size": [2, 4, 0], "uv": [82, 39]},
						{"origin": [8.5, 32.75, -6.04], "size": [2, 1, 0], "uv": [50, 30]}
					]
				},
				{
					"name": "beak",
					"parent": "head",
					"pivot": [0, 31.25, -1],
					"cubes": [
						{"origin": [-1, 30.25, -7.5], "size": [2, 2, 2], "uv": [106, 4]},
						{"origin": [-0.5, 29.75, -7.5], "size": [1, 1, 1], "inflate": 0.01, "uv": [108, 33]}
					]
				},
				{
					"name": "jaw",
					"parent": "beak",
					"pivot": [0, 30.25, -6],
					"cubes": [
						{"origin": [-1, 29.25, -7], "size": [2, 1, 1], "uv": [88, 4]}
					]
				},
				{
					"name": "wing_closed_right",
					"parent": "chest",
					"pivot": [-6.5, 24, 0.25],
					"cubes": [
						{"origin": [-7.5, 17, -2.25], "size": [1, 7, 9], "inflate": 0.01, "uv": [62, 92]},
						{"origin": [-7, 17, -3.25], "size": [0, 6, 11], "uv": [74, 79]},
						{"origin": [-7, 17, -3.25], "size": [1, 6, 0], "uv": [54, 0]}
					]
				},
				{
					"name": "wing_closed_right2",
					"parent": "wing_closed_right",
					"pivot": [-7, 17, -3.25],
					"cubes": [
						{"origin": [-7.5, 11, -1.75], "size": [1, 6, 8], "uv": [104, 82]},
						{"origin": [-6.99, 8, -3.25], "size": [0, 9, 11], "uv": [30, 72]},
						{"origin": [-7, 9, -3.25], "size": [1, 8, 0], "uv": [10, 21]}
					]
				},
				{
					"name": "wing_closed_left",
					"parent": "chest",
					"pivot": [6.5, 24, 0.25],
					"cubes": [
						{"origin": [6.5, 17, -2.25], "size": [1, 7, 9], "inflate": 0.01, "uv": [17, 98]},
						{"origin": [7, 17, -3.25], "size": [0, 6, 11], "uv": [26, 81]},
						{"origin": [6, 17, -3.25], "size": [1, 6, 0], "uv": [100, 90]}
					]
				},
				{
					"name": "wing_closed_left2",
					"parent": "wing_closed_left",
					"pivot": [7, 17, -3.25],
					"cubes": [
						{"origin": [6.5, 11, -1.75], "size": [1, 6, 8], "uv": [0, 106]},
						{"origin": [6.99, 8, -3.25], "size": [0, 9, 11], "uv": [52, 72]},
						{"origin": [6, 9, -3.25], "size": [1, 8, 0], "uv": [10, 43]}
					]
				},
				{
					"name": "wing_open_right",
					"parent": "chest",
					"pivot": [-5, 24, 1.5],
					"cubes": [
						{"origin": [-16, 18, 1], "size": [11, 10, 1], "inflate": 0.01, "uv": [100, 19]},
						{"origin": [-16, 14, 1.5], "size": [13, 15, 0], "uv": [86, 39]}
					]
				},
				{
					"name": "wing_open_right2",
					"parent": "wing_open_right",
					"pivot": [-16, 28, 1.5],
					"cubes": [
						{"origin": [-25, 18, 1], "size": [9, 10, 1], "uv": [112, 30]},
						{"origin": [-25, 14, 1.51], "size": [9, 15, 0], "uv": [106, 103]}
					]
				},
				{
					"name": "wing_open_right3",
					"parent": "wing_open_right2",
					"pivot": [-25, 28, 1.5],
					"cubes": [
						{"origin": [-33, 15, 1.5], "size": [8, 13, 0], "uv": [112, 60]}
					]
				},
				{
					"name": "wing_open_left",
					"parent": "chest",
					"pivot": [5, 24, 1.5],
					"cubes": [
						{"origin": [5, 18, 1], "size": [11, 10, 1], "inflate": 0.01, "uv": [82, 103]},
						{"origin": [3, 14, 1.5], "size": [13, 15, 0], "uv": [0, 90]}
					]
				},
				{
					"name": "wing_open_left2",
					"parent": "wing_open_left",
					"pivot": [16, 28, 1.5],
					"cubes": [
						{"origin": [16, 18, 1], "size": [9, 10, 1], "uv": [112, 41]},
						{"origin": [16, 14, 1.51], "size": [9, 15, 0], "uv": [37, 110]}
					]
				},
				{
					"name": "wing_open_left3",
					"parent": "wing_open_left2",
					"pivot": [25, 28, 1.5],
					"cubes": [
						{"origin": [25, 15, 1.5], "size": [8, 13, 0], "uv": [55, 113]}
					]
				},
				{
					"name": "leg_right",
					"parent": "body",
					"pivot": [-6, 8, 0],
					"cubes": [
						{"origin": [-7, 5, -1], "size": [2, 4, 2], "inflate": 0.01, "uv": [116, 4]}
					]
				},
				{
					"name": "leg_right2",
					"parent": "leg_right",
					"pivot": [-6, 5, -1],
					"cubes": [
						{"origin": [-7, 1, -1], "size": [2, 4, 2], "uv": [0, 105]}
					]
				},
				{
					"name": "foot_right",
					"parent": "leg_right2",
					"pivot": [-6, 2, -1],
					"cubes": [
						{"origin": [-7.5, 0, -1], "size": [3, 2, 3], "uv": [94, 4]}
					]
				},
				{
					"name": "toe_right1",
					"parent": "foot_right",
					"pivot": [-4.5, 2, 1.5],
					"rotation": [0, -37.5, 0],
					"cubes": [
						{"origin": [-6.5219, 0, -2.48338], "size": [2, 2, 4], "inflate": 0.01, "uv": [114, 80]}
					]
				},
				{
					"name": "toe_right1_2",
					"parent": "toe_right1",
					"pivot": [-5.5219, 2, -2.48338],
					"cubes": [
						{"origin": [-6.5219, 0, -4.48338], "size": [2, 2, 2], "uv": [28, 118]},
						{"origin": [-5.5219, 0, -6.48338], "size": [0, 2, 2], "uv": [95, 19]}
					]
				},
				{
					"name": "toe_right2",
					"parent": "foot_right",
					"pivot": [-6, 2, -1],
					"cubes": [
						{"origin": [-7, 0, -4], "size": [2, 2, 3], "inflate": 0.01, "uv": [0, 5]}
					]
				},
				{
					"name": "toe_right2_2",
					"parent": "toe_right2",
					"pivot": [-6, 2, -4],
					"cubes": [
						{"origin": [-7, 0, -6], "size": [2, 2, 2], "uv": [89, 114]},
						{"origin": [-6, 0, -8], "size": [0, 2, 2], "uv": [26, 88]}
					]
				},
				{
					"name": "toe_right3",
					"parent": "foot_right",
					"pivot": [-7.5, 2, 1.5],
					"rotation": [0, 37.5, 0],
					"cubes": [
						{"origin": [-7.4781, 0, -2.48338], "size": [2, 2, 4], "inflate": 0.01, "uv": [18, 114]}
					]
				},
				{
					"name": "toe_right3_2",
					"parent": "toe_right3",
					"pivot": [-6.4781, 2, -2.48338],
					"cubes": [
						{"origin": [-7.4781, 0, -4.48338], "size": [2, 2, 2], "uv": [114, 86]},
						{"origin": [-6.4781, 0, -6.48338], "size": [0, 2, 2], "uv": [34, 71]}
					]
				},
				{
					"name": "toe_right_back",
					"parent": "foot_right",
					"pivot": [-6, 2, 2],
					"cubes": [
						{"origin": [-7, 0, 2], "size": [2, 2, 2], "inflate": 0.01, "uv": [26, 114]},
						{"origin": [-6, 0, 4], "size": [0, 2, 2], "inflate": 0.01, "uv": [44, 61]}
					]
				},
				{
					"name": "leg_left",
					"parent": "body",
					"pivot": [6, 8, 0],
					"cubes": [
						{"origin": [5, 5, -1], "size": [2, 4, 2], "inflate": 0.01, "uv": [116, 52]}
					]
				},
				{
					"name": "leg_left2",
					"parent": "leg_left",
					"pivot": [6, 5, -1],
					"cubes": [
						{"origin": [5, 1, -1], "size": [2, 4, 2], "uv": [116, 10]}
					]
				},
				{
					"name": "foot_left",
					"parent": "leg_left2",
					"pivot": [6, 2, -1],
					"cubes": [
						{"origin": [4.5, 0, -1], "size": [3, 2, 3], "uv": [73, 96]}
					]
				},
				{
					"name": "toe_left1",
					"parent": "foot_left",
					"pivot": [4.5, 2, 1.5],
					"rotation": [0, 37.5, 0],
					"cubes": [
						{"origin": [4.5219, 0, -2.48338], "size": [2, 2, 4], "inflate": 0.01, "uv": [93, 114]}
					]
				},
				{
					"name": "toe_left1_2",
					"parent": "toe_left1",
					"pivot": [5.5219, 2, -2.48338],
					"cubes": [
						{"origin": [4.5219, 0, -4.48338], "size": [2, 2, 2], "uv": [0, 120]},
						{"origin": [5.5219, 0, -6.48338], "size": [0, 2, 2], "uv": [82, 99]}
					]
				},
				{
					"name": "toe_left2",
					"parent": "foot_left",
					"pivot": [6, 2, -1],
					"cubes": [
						{"origin": [5, 0, -4], "size": [2, 2, 3], "inflate": 0.01, "uv": [72, 60]}
					]
				},
				{
					"name": "toe_left2_2",
					"parent": "toe_left2",
					"pivot": [6, 2, -4],
					"cubes": [
						{"origin": [5, 0, -6], "size": [2, 2, 2], "uv": [119, 118]},
						{"origin": [6, 0, -8], "size": [0, 2, 2], "uv": [56, 98]}
					]
				},
				{
					"name": "toe_left3",
					"parent": "foot_left",
					"pivot": [7.5, 2, 1.5],
					"rotation": [0, -37.5, 0],
					"cubes": [
						{"origin": [5.4781, 0, -2.48338], "size": [2, 2, 4], "inflate": 0.01, "uv": [81, 114]}
					]
				},
				{
					"name": "toe_left3_2",
					"parent": "toe_left3",
					"pivot": [6.4781, 2, -2.48338],
					"cubes": [
						{"origin": [5.4781, 0, -4.48338], "size": [2, 2, 2], "uv": [111, 118]},
						{"origin": [6.4781, 0, -6.48338], "size": [0, 2, 2], "uv": [52, 98]}
					]
				},
				{
					"name": "toe_left_back",
					"parent": "foot_left",
					"pivot": [6, 2, 2],
					"cubes": [
						{"origin": [5, 0, 2], "size": [2, 2, 2], "inflate": 0.01, "uv": [103, 118]},
						{"origin": [6, 0, 4], "size": [0, 2, 2], "inflate": 0.01, "uv": [95, 21]}
					]
				}
			]
		}
	]
}