{
	"format_version": "1.12.0",
	"minecraft:geometry": [
		{
			"description": {
				"identifier": "geometry.dark_lopunny",
				"texture_width": 128,
				"texture_height": 96,
				"visible_bounds_width": 4,
				"visible_bounds_height": 4.5,
				"visible_bounds_offset": [0, 1.75, 0]
			},
			"bones": [
				{
					"name": "lopunny",
					"pivot": [0, 0, 0]
				},
				{
					"name": "body",
					"parent": "lopunny",
					"pivot": [0, 0, 0]
				},
				{
					"name": "torso_top",
					"parent": "body",
					"pivot": [0, 22, 0.25],
					"cubes": [
						{"origin": [-2.5, 21, -2.25], "size": [5, 6, 5], "uv": [51, 3]},
						{"origin": [-6.5, 23.25, -2.26], "size": [13, 6, 0], "uv": [0, 54]},
						{"origin": [-6.5, 23.25, 2.76], "size": [13, 6, 0], "uv": [0, 60]},
						{"origin": [-6.5, 27.25, -2.24], "size": [13, 0, 5], "uv": [-5, 66]},
						{"origin": [-2.5, 27.25, -2.24], "size": [0, 2, 5], "uv": [0, 66]},
						{"origin": [2.5, 27.25, -2.24], "size": [0, 2, 5], "uv": [10, 66]}
					]
				},
				{
					"name": "neck",
					"parent": "torso_top",
					"pivot": [0, 27, 0.25],
					"cubes": [
						{"origin": [-1.5, 26, -1.25], "size": [3, 6, 3], "uv": [51, 15]}
					]
				},
				{
					"name": "head",
					"parent": "neck",
					"pivot": [0, 29.75, 0.25],
					"rotation": [5, 0, 0],
					"cubes": [
						{"origin": [-4, 29.75, -5.75], "size": [8, 8, 10], "uv": [10, 13]},
						{"origin": [-1, 31.75, -5.75], "size": [2, 1, 0], "inflate": 0.01, "uv": [6, 34]}
					]
				},
				{
					"name": "eye_right",
					"parent": "head",
					"pivot": [-4, 33.5019, -3.54358],
					"rotation": [-5, 0, 0],
					"cubes": [
						{"origin": [-4, 32.0019, -5.04358], "size": [0, 3, 4], "inflate": 0.01, "uv": [18, 69], "mirror": true}
					]
				},
				{
					"name": "eyelid_right",
					"parent": "eye_right",
					"pivot": [-3.9, 34.0019, -3.54358],
					"cubes": [
						{"origin": [-3.9, 32.0019, -5.04358], "size": [1, 3, 4], "inflate": 0.02, "uv": [65, 51], "mirror": true}
					]
				},
				{
					"name": "eye_left",
					"parent": "head",
					"pivot": [4, 33.5019, -3.54358],
					"rotation": [-5, 0, 0],
					"cubes": [
						{"origin": [4, 32.0019, -5.04358], "size": [0, 3, 4], "inflate": 0.01, "uv": [18, 72]}
					]
				},
				{
					"name": "eyelid_left",
					"parent": "eye_left",
					"pivot": [3.9, 34.0019, -3.54358],
					"cubes": [
						{"origin": [2.9, 32.0019, -5.04358], "size": [1, 3, 4], "inflate": 0.02, "uv": [75, 51]}
					]
				},
				{
					"name": "tuft_right",
					"parent": "head",
					"pivot": [-2, 37, -2.75],
					"rotation": [82.5, -70, 0],
					"cubes": [
						{"origin": [-2, 34.5, -2.75], "size": [0, 5, 3], "uv": [13, 46]}
					]
				},
				{
					"name": "tuft_right2",
					"parent": "tuft_right",
					"pivot": [-2, 37, 0.25],
					"rotation": [0, 10, 0],
					"cubes": [
						{"origin": [-2, 34.5, 0.25], "size": [0, 5, 5], "uv": [21, 44]}
					]
				},
				{
					"name": "tuft_left",
					"parent": "head",
					"pivot": [2, 37, -2.75],
					"rotation": [82.5, 70, 0],
					"cubes": [
						{"origin": [2, 34.5, -2.75], "size": [0, 5, 3], "uv": [6, 46]}
					]
				},
				{
					"name": "tuft_left2",
					"parent": "tuft_left",
					"pivot": [2, 37, 0.25],
					"rotation": [0, -10, 0],
					"cubes": [
						{"origin": [2, 34.5, 0.25], "size": [0, 5, 5], "uv": [32, 44]}
					]
				},
				{
					"name": "ear_right",
					"parent": "head",
					"pivot": [-1.75, 37.5, 0.75],
					"rotation": [-5, 25, -7.5],
					"cubes": [
						{"origin": [-1.75, 37.5, -1.75], "size": [0, 10, 5], "uv": [0, -5]}
					]
				},
				{
					"name": "ear_right2",
					"parent": "ear_right",
					"pivot": [-1.75, 47.5, 1.75],
					"cubes": [
						{"origin": [-9.75, 47.5, -1.75], "size": [8, 0, 7], "uv": [-7, 33]}
					]
				},
				{
					"name": "ear_right3",
					"parent": "ear_right2",
					"pivot": [-9.75, 47.5, 1.75],
					"cubes": [
						{"origin": [-17.75, 47.5, -3.75], "size": [8, 0, 11], "uv": [5, 31]}
					]
				},
				{
					"name": "ear_right4",
					"parent": "ear_right3",
					"pivot": [-17.75, 47.5, 1.75],
					"cubes": [
						{"origin": [-27.75, 47.5, -4.75], "size": [10, 0, 13], "uv": [-3, 0]}
					]
				},
				{
					"name": "ear_right5",
					"parent": "ear_right4",
					"pivot": [-27.75, 47.5, 1.75],
					"cubes": [
						{"origin": [-43.75, 47.5, -6.75], "size": [16, 0, 17], "uv": [33, 34]}
					]
				},
				{
					"name": "ear_left",
					"parent": "head",
					"pivot": [1.75, 37.5, 0.75],
					"rotation": [-5, -25, 7.5],
					"cubes": [
						{"origin": [1.75, 37.5, -1.75], "size": [0, 10, 5], "uv": [0, 18]}
					]
				},
				{
					"name": "ear_left2",
					"parent": "ear_left",
					"pivot": [1.75, 47.5, 1.75],
					"cubes": [
						{"origin": [1.75, 47.5, -1.75], "size": [8, 0, 7], "uv": [-7, 40]}
					]
				},
				{
					"name": "ear_left3",
					"parent": "ear_left2",
					"pivot": [9.75, 47.5, 1.75],
					"cubes": [
						{"origin": [9.75, 47.5, -3.75], "size": [8, 0, 11], "uv": [21, 32]}
					]
				},
				{
					"name": "ear_left4",
					"parent": "ear_left3",
					"pivot": [17.75, 47.5, 1.75],
					"cubes": [
						{"origin": [17.75, 47.5, -4.75], "size": [10, 0, 13], "uv": [17, 0]}
					]
				},
				{
					"name": "ear_left5",
					"parent": "ear_left4",
					"pivot": [27.75, 47.5, 1.75],
					"cubes": [
						{"origin": [27.75, 47.5, -6.75], "size": [16, 0, 17], "uv": [79, 61]}
					]
				},
				{
					"name": "mouth",
					"parent": "head",
					"pivot": [0, 30.75, -4.75],
					"cubes": [
						{"origin": [-3.5, 29.75, -5.75], "size": [7, 2, 2], "inflate": 0.01, "uv": [83, 42]}
					]
				},
				{
					"name": "arm_right",
					"parent": "torso_top",
					"pivot": [-2.5, 25.75, 0],
					"cubes": [
						{"origin": [-8.5, 24.75, -1], "size": [6, 2, 2], "uv": [49, 24]}
					]
				},
				{
					"name": "arm_right2",
					"parent": "arm_right",
					"pivot": [-8.5, 25.75, 1],
					"cubes": [
						{"origin": [-17.5, 23.75, -2], "size": [9, 4, 4], "uv": [100, 78]},
						{"origin": [-16.75, 23.25, -2.5], "size": [5, 5, 5], "uv": [0, 86]}
					]
				},
				{
					"name": "arm_right_hand",
					"parent": "arm_right2",
					"pivot": [-17.5, 26, 0],
					"cubes": [
						{"origin": [-18.5, 25.5, -1.5], "size": [3, 1, 3], "inflate": 0.01, "uv": [108, 92]}
					]
				},
				{
					"name": "finger_right_index",
					"parent": "arm_right_hand",
					"pivot": [-18.5, 26.5, -1],
					"cubes": [
						{"origin": [-20.5, 25.5, -1.5], "size": [2, 1, 1], "uv": [98, 88]}
					]
				},
				{
					"name": "finger_right_ring",
					"parent": "arm_right_hand",
					"pivot": [-18.5, 26.5, 1],
					"cubes": [
						{"origin": [-20.5, 25.5, 0.5], "size": [2, 1, 1], "uv": [98, 90]}
					]
				},
				{
					"name": "finger_right_middle",
					"parent": "arm_right_hand",
					"pivot": [-18.5, 26.5, 0],
					"cubes": [
						{"origin": [-20.5, 25.5, -0.5], "size": [2, 1, 1], "uv": [98, 86]}
					]
				},
				{
					"name": "arm_left",
					"parent": "torso_top",
					"pivot": [2.5, 25.75, 0],
					"cubes": [
						{"origin": [2.5, 24.75, -1], "size": [6, 2, 2], "uv": [49, 28]}
					]
				},
				{
					"name": "arm_left2",
					"parent": "arm_left",
					"pivot": [8.5, 25.75, 1],
					"cubes": [
						{"origin": [8.5, 23.75, -2], "size": [9, 4, 4], "uv": [70, 88]},
						{"origin": [11.75, 23.25, -2.5], "size": [5, 5, 5], "uv": [20, 86]}
					]
				},
				{
					"name": "arm_left_hand",
					"parent": "arm_left2",
					"pivot": [17.5, 26, 0],
					"cubes": [
						{"origin": [15.5, 25.5, -1.5], "size": [3, 1, 3], "inflate": 0.01, "uv": [96, 92]}
					]
				},
				{
					"name": "finger_left_index",
					"parent": "arm_left_hand",
					"pivot": [18.5, 26.5, -1],
					"cubes": [
						{"origin": [18.5, 25.5, -1.5], "size": [2, 1, 1], "uv": [92, 86]}
					]
				},
				{
					"name": "finger_left_ring",
					"parent": "arm_left_hand",
					"pivot": [18.5, 26.5, 1],
					"cubes": [
						{"origin": [18.5, 25.5, 0.5], "size": [2, 1, 1], "uv": [92, 90]}
					]
				},
				{
					"name": "finger_left_middle",
					"parent": "arm_left_hand",
					"pivot": [18.5, 26.5, 0],
					"cubes": [
						{"origin": [18.5, 25.5, -0.5], "size": [2, 1, 1], "uv": [92, 88]}
					]
				},
				{
					"name": "torso_bottom",
					"parent": "body",
					"pivot": [0, 22, 0.5],
					"cubes": [
						{"origin": [-3.5, 14, -3], "size": [7, 8, 7], "inflate": 0.01, "uv": [83, 26]},
						{"origin": [-6.5, 20.5, -6], "size": [13, 0, 13], "uv": [22, 56]},
						{"origin": [6.5, 11.5, -6], "size": [0, 9, 13], "uv": [65, 45]},
						{"origin": [-6.5, 11.5, -6], "size": [0, 9, 13], "uv": [65, 55]},
						{"origin": [-6.5, 11.5, -6], "size": [13, 9, 0], "uv": [35, 71]},
						{"origin": [-6.5, 11.5, 7], "size": [13, 9, 0], "uv": [40, 82]}
					]
				},
				{
					"name": "skirt_right_flap",
					"parent": "torso_bottom",
					"pivot": [6.5, 11.5, 0.5],
					"rotation": [0, 0, -35],
					"cubes": [
						{"origin": [6.5, 11.5, -6], "size": [4, 0, 13], "uv": [14, 56]}
					]
				},
				{
					"name": "skirt_left_flap",
					"parent": "torso_bottom",
					"pivot": [-6.5, 11.5, 0.5],
					"rotation": [0, 0, 35],
					"cubes": [
						{"origin": [-10.5, 11.5, -6], "size": [4, 0, 13], "uv": [14, 71]}
					]
				},
				{
					"name": "skirt_front_flap",
					"parent": "torso_bottom",
					"pivot": [0, 11.5, -6],
					"rotation": [-35, 0, 0],
					"cubes": [
						{"origin": [-6.5, 11.5, -10], "size": [13, 0, 4], "uv": [61, 78]}
					]
				},
				{
					"name": "skirt_back_flap",
					"parent": "torso_bottom",
					"pivot": [0, 11.5, 7],
					"rotation": [35, 0, 0],
					"cubes": [
						{"origin": [-6.5, 11.5, 7], "size": [13, 0, 4], "uv": [66, 82]}
					]
				},
				{
					"name": "tail",
					"parent": "torso_bottom",
					"pivot": [0, 17.75, 5.5],
					"rotation": [5, 0, 0],
					"cubes": [
						{"origin": [-2, 15.75, 3.5], "size": [4, 4, 6], "uv": [0, 73]}
					]
				},
				{
					"name": "leg_right",
					"parent": "torso_bottom",
					"pivot": [-3, 16.75, 0.25],
					"rotation": [-2.5, 2.5, 0],
					"cubes": [
						{"origin": [-4.75, 8.75, -2.75], "size": [4, 10, 6], "uv": [69, 15]}
					]
				},
				{
					"name": "leg_right2",
					"parent": "leg_right",
					"pivot": [-3, 8.75, 1],
					"rotation": [-10, 0, 0],
					"cubes": [
						{"origin": [-4.5, -0.25, -0.5], "size": [3, 10, 3], "uv": [72, 0]}
					]
				},
				{
					"name": "leg_left",
					"parent": "torso_bottom",
					"pivot": [3, 16.75, 0.25],
					"rotation": [-2.5, -2.5, 0],
					"cubes": [
						{"origin": [0.75, 8.75, -2.75], "size": [4, 10, 6], "uv": [86, 0]}
					]
				},
				{
					"name": "leg_left2",
					"parent": "leg_left",
					"pivot": [3, 8.75, 1],
					"rotation": [-10, 0, 0],
					"cubes": [
						{"origin": [1.5, -0.25, -0.5], "size": [3, 10, 3], "uv": [0, 10]}
					]
				}
			]
		}
	]
}