{
	"format_version": "1.12.0",
	"minecraft:geometry": [
		{
			"description": {
				"identifier": "geometry.malevorus_therian",
				"texture_width": 128,
				"texture_height": 128,
				"visible_bounds_width": 5,
				"visible_bounds_height": 5.5,
				"visible_bounds_offset": [0, 2.25, 0]
			},
			"bones": [
				{
					"name": "malevorus_therian",
					"pivot": [0, -9, 0]
				},
				{
					"name": "body",
					"parent": "malevorus_therian",
					"pivot": [0, 12, 0],
					"rotation": [90, 0, 0],
					"cubes": [
						{"origin": [-3, 8, -3], "size": [6, 8, 6], "uv": [24, 47]},
						{"origin": [-3, 9, -3], "size": [6, 5, 6], "inflate": 0.25, "uv": [66, 44]},
						{"origin": [-2, 7, 3], "size": [4, 7, 3], "inflate": 0.02, "uv": [46, 89]},
						{"origin": [-2, 7, 3], "size": [4, 7, 3], "inflate": 0.25, "uv": [32, 89]}
					]
				},
				{
					"name": "back_cloud",
					"parent": "body",
					"pivot": [0, 7, 5],
					"cubes": [
						{"origin": [-1.5, 2, 5], "size": [3, 5, 0], "uv": [0, 0]}
					]
				},
				{
					"name": "hip_cloud_left",
					"parent": "body",
					"pivot": [3, 9, 1.5],
					"cubes": [
						{"origin": [2, 6, -1], "size": [3, 7, 5], "inflate": 0.02, "uv": [86, 50]},
						{"origin": [2, 6, -1], "size": [3, 7, 5], "inflate": 0.25, "uv": [84, 22]}
					]
				},
				{
					"name": "hip_cloud_left2",
					"parent": "hip_cloud_left",
					"pivot": [4, 6, 1],
					"cubes": [
						{"origin": [4, 0, 1], "size": [0, 6, 4], "uv": [82, 92]}
					]
				},
				{
					"name": "hip_cloud_left3",
					"parent": "hip_cloud_left2",
					"pivot": [4, 0, 4],
					"cubes": [
						{"origin": [3.99, -4, 3], "size": [0, 5, 2], "uv": [0, 38]}
					]
				},
				{
					"name": "hip_cloud_left4",
					"parent": "hip_cloud_left3",
					"pivot": [3.99, -4, 4],
					"cubes": [
						{"origin": [3.98, -8, 4], "size": [0, 4, 1], "uv": [4, 24]}
					]
				},
				{
					"name": "hip_cloud_right",
					"parent": "body",
					"pivot": [-3, 9, 1.5],
					"cubes": [
						{"origin": [-5, 6, -1], "size": [3, 7, 5], "inflate": 0.02, "uv": [16, 86]},
						{"origin": [-5, 6, -1], "size": [3, 7, 5], "inflate": 0.25, "uv": [0, 81]}
					]
				},
				{
					"name": "hip_cloud_right2",
					"parent": "hip_cloud_right",
					"pivot": [-4, 6, 1],
					"cubes": [
						{"origin": [-4, 0, 1], "size": [0, 6, 4], "uv": [36, 57]}
					]
				},
				{
					"name": "hip_cloud_right3",
					"parent": "hip_cloud_right2",
					"pivot": [-4, 0, 4],
					"cubes": [
						{"origin": [-3.99, -4, 3], "size": [0, 5, 2], "uv": [0, 23]}
					]
				},
				{
					"name": "hip_cloud_right4",
					"parent": "hip_cloud_right3",
					"pivot": [-3.99, -4, 4],
					"cubes": [
						{"origin": [-3.98, -8, 4], "size": [0, 4, 1], "uv": [18, 22]}
					]
				},
				{
					"name": "body2",
					"parent": "body",
					"pivot": [0, 15, 0],
					"cubes": [
						{"origin": [-3, 14, -3], "size": [6, 8, 6], "inflate": 0.01, "uv": [42, 39]}
					]
				},
				{
					"name": "body3",
					"parent": "body2",
					"pivot": [0, 21, 0],
					"cubes": [
						{"origin": [-3, 20, -3], "size": [6, 8, 6], "inflate": 0.02, "uv": [42, 5]}
					]
				},
				{
					"name": "body4",
					"parent": "body3",
					"pivot": [0, 27, 0],
					"cubes": [
						{"origin": [-3, 26, -3], "size": [6, 8, 6], "inflate": 0.03, "uv": [0, 40]}
					]
				},
				{
					"name": "body5",
					"parent": "body4",
					"pivot": [0, 33, 0],
					"cubes": [
						{"origin": [-3, 32, -3], "size": [6, 8, 6], "inflate": 0.04, "uv": [24, 31]}
					]
				},
				{
					"name": "torso",
					"parent": "body5",
					"pivot": [0, 39, 0],
					"cubes": [
						{"origin": [-3.5, 39, -3.5], "size": [7, 16, 7], "uv": [0, 0]},
						{"origin": [-1, 40, -3.51], "size": [2, 3, 0], "uv": [105, 33]}
					]
				},
				{
					"name": "arm_left",
					"parent": "torso",
					"pivot": [3.5, 52, 0],
					"cubes": [
						{"origin": [2.5, 51, -1], "size": [7, 2, 2], "inflate": 0.01, "uv": [89, 78]}
					]
				},
				{
					"name": "arm_left2",
					"parent": "arm_left",
					"pivot": [9.5, 52, 1],
					"cubes": [
						{"origin": [9.5, 51, -1], "size": [7, 2, 2], "uv": [88, 17]}
					]
				},
				{
					"name": "hand_left",
					"parent": "arm_left2",
					"pivot": [14.5, 52, 0],
					"cubes": [
						{"origin": [14.5, 50.5, -2], "size": [5, 4, 4], "uv": [86, 70]},
						{"origin": [14.5, 50.5, -2], "size": [5, 4, 4], "inflate": 0.25, "uv": [86, 9]},
						{"origin": [15.5, 53.5, 0], "size": [3, 3, 3], "uv": [100, 65]}
					]
				},
				{
					"name": "claw_left1",
					"parent": "hand_left",
					"pivot": [17.5, 52.5, -2],
					"cubes": [
						{"origin": [17.5, 50.5, -6], "size": [0, 2, 4], "uv": [60, 0]}
					]
				},
				{
					"name": "claw_left2",
					"parent": "hand_left",
					"pivot": [19.5, 52.5, 0],
					"cubes": [
						{"origin": [19.5, 50.5, 0], "size": [4, 2, 0], "uv": [0, 67]}
					]
				},
				{
					"name": "claw_left3",
					"parent": "hand_left",
					"pivot": [17.5, 52.5, 2],
					"cubes": [
						{"origin": [17.5, 50.5, 2], "size": [0, 2, 4], "uv": [30, 41]}
					]
				},
				{
					"name": "hand_tail_left",
					"parent": "hand_left",
					"pivot": [17, 56.5, 1.5],
					"cubes": [
						{"origin": [17, 55.5, -1], "size": [0, 11, 7], "uv": [72, 48]}
					]
				},
				{
					"name": "arm_right",
					"parent": "torso",
					"pivot": [-3.5, 52, 0],
					"cubes": [
						{"origin": [-9.5, 51, -1], "size": [7, 2, 2], "inflate": 0.01, "uv": [66, 27]}
					]
				},
				{
					"name": "arm_right2",
					"parent": "arm_right",
					"pivot": [-9.5, 52, 1],
					"cubes": [
						{"origin": [-16.5, 51, -1], "size": [7, 2, 2], "uv": [48, 0]}
					]
				},
				{
					"name": "hand_right",
					"parent": "arm_right2",
					"pivot": [-14.5, 52, 0],
					"cubes": [
						{"origin": [-19.5, 50.5, -2], "size": [5, 4, 4], "uv": [86, 40]},
						{"origin": [-19.5, 50.5, -2], "size": [5, 4, 4], "inflate": 0.25, "uv": [82, 62]},
						{"origin": [-18.5, 53.5, 0], "size": [3, 3, 3], "uv": [100, 27]}
					]
				},
				{
					"name": "claw_right1",
					"parent": "hand_right",
					"pivot": [-17.5, 52.5, -2],
					"cubes": [
						{"origin": [-17.5, 50.5, -6], "size": [0, 2, 4], "uv": [8, 19]}
					]
				},
				{
					"name": "claw_right2",
					"parent": "hand_right",
					"pivot": [-19.5, 52.5, 0],
					"cubes": [
						{"origin": [-23.5, 50.5, 0], "size": [4, 2, 0], "uv": [64, 0]}
					]
				},
				{
					"name": "claw_right3",
					"parent": "hand_right",
					"pivot": [-17.5, 52.5, 2],
					"cubes": [
						{"origin": [-17.5, 50.5, 2], "size": [0, 2, 4], "uv": [0, 19]}
					]
				},
				{
					"name": "hand_tail_right",
					"parent": "hand_right",
					"pivot": [-17, 56.5, 1.5],
					"cubes": [
						{"origin": [-17, 55.5, -1], "size": [0, 11, 7], "uv": [60, 71]}
					]
				},
				{
					"name": "neck1",
					"parent": "torso",
					"pivot": [0, 55, 0],
					"cubes": [
						{"origin": [-3, 53, -3], "size": [6, 9, 6], "inflate": 0.03, "uv": [0, 25]}
					]
				},
				{
					"name": "neck2",
					"parent": "neck1",
					"pivot": [0, 61, 0],
					"cubes": [
						{"origin": [-3, 60, -3], "size": [6, 8, 6], "inflate": 0.02, "uv": [48, 25]}
					]
				},
				{
					"name": "neck3",
					"parent": "neck2",
					"pivot": [0, 67, 0],
					"cubes": [
						{"origin": [-3, 66, -3], "size": [6, 7, 6], "inflate": 0.01, "uv": [18, 61]}
					]
				},
				{
					"name": "neck4",
					"parent": "neck3",
					"pivot": [0, 73, 0],
					"cubes": [
						{"origin": [-2.5, 72, -3], "size": [5, 8, 6], "uv": [66, 13]}
					]
				},
				{
					"name": "head",
					"parent": "neck4",
					"pivot": [0, 79, 0],
					"cubes": [
						{"origin": [-3.5, 79, -3.5], "size": [7, 8, 8], "uv": [20, 15]},
						{"origin": [-3.5, 78, 2.5], "size": [7, 3, 3], "inflate": 0.01, "uv": [84, 0]},
						{"origin": [-3.5, 87, -0.5], "size": [7, 3, 3], "uv": [71, 87]},
						{"origin": [-1, 87, -1], "size": [2, 4, 4], "uv": [56, 96]}
					]
				},
				{
					"name": "eyelid_right",
					"parent": "head",
					"pivot": [-2, 86.93, 3.5],
					"cubes": [
						{"origin": [-3.5, 86.93, 2.5], "size": [3, 0, 2], "uv": [64, 13]}
					]
				},
				{
					"name": "eyelid_left",
					"parent": "head",
					"pivot": [2, 86.93, 3.5],
					"cubes": [
						{"origin": [0.5, 86.93, 2.5], "size": [3, 0, 2], "uv": [64, 13], "mirror": true}
					]
				},
				{
					"name": "pupil_left",
					"parent": "head",
					"pivot": [2, 87.01, 3],
					"cubes": [
						{"origin": [1.5, 87.01, 2.5], "size": [1, 0, 1], "uv": [59, 8]}
					]
				},
				{
					"name": "pupil_right",
					"parent": "head",
					"pivot": [-2, 87.01, 3],
					"cubes": [
						{"origin": [-2.5, 87.01, 2.5], "size": [1, 0, 1], "uv": [59, 8], "mirror": true}
					]
				},
				{
					"name": "horn",
					"parent": "head",
					"pivot": [-2.5, 85.5, 4.5],
					"rotation": [20, 0, 7.5],
					"cubes": [
						{"origin": [-2.5, 85.5, 4.5], "size": [0, 1, 2], "uv": [28, 12]}
					]
				},
				{
					"name": "horn3",
					"parent": "head",
					"pivot": [-2.5, 82.5, 4.5],
					"rotation": [15, -5, -2.5],
					"cubes": [
						{"origin": [-2.5, 81.5, 3.5], "size": [0, 2, 3], "uv": [21, 2]}
					]
				},
				{
					"name": "horn4",
					"parent": "head",
					"pivot": [2.5, 82.5, 4.5],
					"rotation": [15, 5, 2.5],
					"cubes": [
						{"origin": [2.5, 81.5, 3.5], "size": [0, 2, 3], "uv": [0, 2]}
					]
				},
				{
					"name": "horn2",
					"parent": "head",
					"pivot": [2.5, 85.5, 4.5],
					"rotation": [20, 0, -7.5],
					"cubes": [
						{"origin": [2.5, 85.5, 4.5], "size": [0, 1, 2], "uv": [0, 28]}
					]
				},
				{
					"name": "horn1",
					"parent": "head",
					"pivot": [0, 85, 4.5],
					"rotation": [-10, 0, 0],
					"cubes": [
						{"origin": [-0.5, 83.5, 9.5], "size": [1, 1, 3], "uv": [33, 11]},
						{"origin": [-1, 83, 4.5], "size": [2, 2, 5], "uv": [60, 89]}
					]
				},
				{
					"name": "hair",
					"parent": "head",
					"pivot": [0, 79.5, 5.5],
					"rotation": [-20, 0, 0],
					"cubes": [
						{"origin": [-3.5, 79.5, 5.5], "size": [7, 0, 6], "uv": [44, 19]},
						{"origin": [-1.5, 79.51, 11.5], "size": [3, 0, 8], "uv": [16, 45]}
					]
				},
				{
					"name": "hair_left",
					"parent": "hair",
					"pivot": [1.5, 79.5, 11.5],
					"rotation": [0, 45, 0],
					"cubes": [
						{"origin": [-0.5, 79.5, 11.5], "size": [2, 0, 5], "uv": [13, 40]}
					]
				},
				{
					"name": "hair_right",
					"parent": "hair",
					"pivot": [-1.5, 79.5, 11.5],
					"rotation": [0, -45, 0],
					"cubes": [
						{"origin": [-1.5, 79.5, 11.5], "size": [2, 0, 5], "uv": [37, 31]}
					]
				},
				{
					"name": "moustache_left",
					"parent": "head",
					"pivot": [1, 91, 1],
					"rotation": [0, 0, 20],
					"cubes": [
						{"origin": [1, 91, -1], "size": [4, 0, 3], "uv": [39, 19]}
					]
				},
				{
					"name": "moustache_left2",
					"parent": "moustache_left",
					"pivot": [3, 91, 2],
					"rotation": [0, 15, 2.5],
					"cubes": [
						{"origin": [3, 91, 2], "size": [3, 0, 5], "uv": [19, 31]}
					]
				},
				{
					"name": "moustache_left3",
					"parent": "moustache_left2",
					"pivot": [6, 90.99, 5.5],
					"rotation": [0, 0, 20],
					"cubes": [
						{"origin": [6, 90.99, 0], "size": [5, 0, 11], "uv": [27, 0]}
					]
				},
				{
					"name": "moustache_right",
					"parent": "head",
					"pivot": [-1, 91, 1],
					"rotation": [0, 0, -20],
					"cubes": [
						{"origin": [-5, 91, -1], "size": [4, 0, 3], "uv": [25, 11]}
					]
				},
				{
					"name": "moustache_right2",
					"parent": "moustache_right",
					"pivot": [-3, 91, 2],
					"rotation": [0, -15, -2.5],
					"cubes": [
						{"origin": [-6, 91, 2], "size": [3, 0, 5], "uv": [16, 0]}
					]
				},
				{
					"name": "moustache_right3",
					"parent": "moustache_right2",
					"pivot": [-6, 90.99, 5.5],
					"rotation": [0, 0, -20],
					"cubes": [
						{"origin": [-11, 90.99, 0], "size": [5, 0, 11], "uv": [17, 0]}
					]
				},
				{
					"name": "jaw",
					"parent": "head",
					"pivot": [0, 87, -0.5],
					"cubes": [
						{"origin": [-3, 87, -3.5], "size": [6, 3, 3], "uv": [90, 34]},
						{"origin": [-2, 90, -3.5], "size": [4, 3, 3], "uv": [95, 21]},
						{"origin": [-0.5, 91.5, -0.49], "size": [1, 1, 0], "uv": [106, 23]}
					]
				},
				{
					"name": "tail1",
					"parent": "body",
					"pivot": [0, 9, 0],
					"cubes": [
						{"origin": [-3, 2, -3], "size": [6, 7, 6], "inflate": 0.03, "uv": [48, 53]},
						{"origin": [-3, 3, -3], "size": [6, 5, 6], "inflate": 0.25, "uv": [42, 66]}
					]
				},
				{
					"name": "tail2",
					"parent": "tail1",
					"pivot": [0, 3, 0],
					"cubes": [
						{"origin": [-3, -4, -3], "size": [6, 7, 6], "inflate": 0.02, "uv": [0, 54]},
						{"origin": [-3, -3, -3], "size": [6, 5, 6], "inflate": 0.25, "uv": [66, 33]}
					]
				},
				{
					"name": "tail3",
					"parent": "tail2",
					"pivot": [0, -3, 0],
					"cubes": [
						{"origin": [-3, -10, -3], "size": [6, 7, 6], "inflate": 0.01, "uv": [66, 0]},
						{"origin": [3, -7, -1.5], "size": [3, 3, 3], "uv": [90, 96]},
						{"origin": [6, -6.5, -1], "size": [2, 2, 2], "uv": [35, 75]},
						{"origin": [-8, -6.5, -1], "size": [2, 2, 2], "uv": [11, 81]},
						{"origin": [-6, -7, -1.5], "size": [3, 3, 3], "uv": [97, 48]}
					]
				},
				{
					"name": "tail4",
					"parent": "tail3",
					"pivot": [0, -9, 0],
					"cubes": [
						{"origin": [-2.5, -16, -2.5], "size": [5, 7, 5], "inflate": 0.03, "uv": [40, 77]},
						{"origin": [5.5, -13.5, -1], "size": [2, 2, 2], "uv": [27, 86]},
						{"origin": [2.5, -14, -1.5], "size": [3, 3, 3], "uv": [12, 98]},
						{"origin": [-7.5, -13.5, -1], "size": [2, 2, 2], "uv": [8, 93]},
						{"origin": [-5.5, -14, -1.5], "size": [3, 3, 3], "uv": [24, 99]}
					]
				},
				{
					"name": "tail5",
					"parent": "tail4",
					"pivot": [0, -15, 0],
					"cubes": [
						{"origin": [-2.5, -22, -2.5], "size": [5, 7, 5], "inflate": 0.02, "uv": [20, 74]},
						{"origin": [5.5, -20.5, -1], "size": [2, 2, 2], "uv": [100, 40]},
						{"origin": [2.5, -21, -1.5], "size": [3, 3, 3], "uv": [36, 99]},
						{"origin": [-7.5, -20.5, -1], "size": [2, 2, 2], "uv": [102, 54]},
						{"origin": [-5.5, -21, -1.5], "size": [3, 3, 3], "uv": [99, 59]}
					]
				},
				{
					"name": "tail6",
					"parent": "tail5",
					"pivot": [0, -21, 0],
					"cubes": [
						{"origin": [-2.5, -28, -2.5], "size": [5, 7, 5], "inflate": 0.01, "uv": [0, 69]},
						{"origin": [5.5, -27.5, -1], "size": [2, 2, 2], "uv": [74, 102]},
						{"origin": [2.5, -28, -1.5], "size": [3, 3, 3], "uv": [99, 99]},
						{"origin": [-7.5, -27.5, -1], "size": [2, 2, 2], "uv": [82, 102]},
						{"origin": [-5.5, -28, -1.5], "size": [3, 3, 3], "uv": [100, 6]}
					]
				},
				{
					"name": "tail7",
					"parent": "tail6",
					"pivot": [0, -27, 0],
					"cubes": [
						{"origin": [-2.5, -34, -2.5], "size": [5, 7, 5], "uv": [66, 66]}
					]
				},
				{
					"name": "tail8",
					"parent": "tail7",
					"pivot": [0, -34, 0],
					"cubes": [
						{"origin": [-2, -35, -2], "size": [4, 2, 4], "uv": [90, 83]},
						{"origin": [-2.5, -39, -2.5], "size": [5, 4, 5], "uv": [74, 78]},
						{"origin": [-2, -42, -2], "size": [4, 3, 4], "uv": [87, 89]},
						{"origin": [-1, -45, -1], "size": [2, 3, 2], "uv": [60, 66]}
					]
				},
				{
					"name": "leg_right",
					"parent": "malevorus_therian",
					"pivot": [-3, 12, 0],
					"rotation": [0, 0, 0],
					"cubes": [
						{"origin": [-5, 8, -2], "size": [2, 5, 4], "inflate": 0.01, "uv": [0, 93]}
					]
				},
				{
					"name": "leg_right2",
					"parent": "leg_right",
					"pivot": [-4, 8, 0],
					"rotation": [90, 0, 0],
					"cubes": [
						{"origin": [-5, 0, 0], "size": [2, 8, 2], "uv": [48, 99]}
					]
				},
				{
					"name": "knee_cloud_right",
					"parent": "leg_right2",
					"pivot": [-4, 2, 1],
					"cubes": [
						{"origin": [-5.5, -2, -0.5], "size": [3, 4, 3], "uv": [12, 108]},
						{"origin": [-5.5, -2, -0.5], "size": [3, 4, 3], "inflate": 0.25, "uv": [12, 121]}
					]
				},
				{
					"name": "knee_cloud_right2",
					"parent": "knee_cloud_right",
					"pivot": [-4.5, -2, 1],
					"cubes": [
						{"origin": [-4.5, -7, 0], "size": [0, 6, 2], "uv": [6, 113]}
					]
				},
				{
					"name": "knee_cloud_right3",
					"parent": "knee_cloud_right2",
					"pivot": [-4.5, -7, 0.5],
					"cubes": [
						{"origin": [-4.5, -11, 0], "size": [0, 4, 1], "uv": [10, 114]}
					]
				},
				{
					"name": "foot_right",
					"parent": "leg_right2",
					"pivot": [-4, 0, 0],
					"cubes": [
						{"origin": [-5, 0, -4], "size": [2, 2, 4], "inflate": 0.03, "uv": [99, 92]}
					]
				},
				{
					"name": "toe_right1",
					"parent": "foot_right",
					"pivot": [-4, 2, -4],
					"rotation": [0, -35, 0],
					"cubes": [
						{"origin": [-4, 1, -6], "size": [1, 1, 2], "inflate": 0.01, "uv": [18, 54]}
					]
				},
				{
					"name": "toe_right1_2",
					"parent": "toe_right1",
					"pivot": [-3.5, 2, -6],
					"cubes": [
						{"origin": [-4, 1, -7], "size": [1, 1, 1], "uv": [50, 25]},
						{"origin": [-3.5, 1, -8], "size": [0, 1, 1], "uv": [18, 26]}
					]
				},
				{
					"name": "toe_right2",
					"parent": "foot_right",
					"pivot": [-4, 2, -4],
					"cubes": [
						{"origin": [-4.5, 1, -6], "size": [1, 1, 2], "inflate": 0.02, "uv": [0, 54]}
					]
				},
				{
					"name": "toe_right2_1",
					"parent": "toe_right2",
					"pivot": [-4, 2, -6],
					"cubes": [
						{"origin": [-4.5, 1, -7], "size": [1, 1, 1], "uv": [38, 45]},
						{"origin": [-4, 1, -8], "size": [0, 1, 1], "uv": [16, 23]}
					]
				},
				{
					"name": "toe_right3",
					"parent": "foot_right",
					"pivot": [-4, 1.5, -4],
					"rotation": [0, 35, 0],
					"cubes": [
						{"origin": [-5, 1, -6], "size": [1, 1, 2], "inflate": 0.01, "uv": [48, 53]}
					]
				},
				{
					"name": "toe_right3_2",
					"parent": "toe_right3",
					"pivot": [-4.5, 2, -6],
					"cubes": [
						{"origin": [-5, 1, -7], "size": [1, 1, 1], "uv": [38, 11]},
						{"origin": [-4.5, 1, -8], "size": [0, 1, 1], "uv": [16, 22]}
					]
				},
				{
					"name": "leg_left",
					"parent": "malevorus_therian",
					"pivot": [3, 12, 0],
					"rotation": [0, 0, 0],
					"cubes": [
						{"origin": [3, 8, -2], "size": [2, 5, 4], "inflate": 0.01, "uv": [70, 93]}
					]
				},
				{
					"name": "leg_left2",
					"parent": "leg_left",
					"pivot": [4, 8, 0],
					"rotation": [90, 0, 0],
					"cubes": [
						{"origin": [3, 0, 0], "size": [2, 8, 2], "uv": [66, 102]}
					]
				},
				{
					"name": "knee_cloud_left5",
					"parent": "leg_left2",
					"pivot": [4, 2, 1],
					"cubes": [
						{"origin": [2.5, -2, -0.5], "size": [3, 4, 3], "uv": [0, 108]},
						{"origin": [2.5, -2, -0.5], "size": [3, 4, 3], "inflate": 0.25, "uv": [0, 121]}
					]
				},
				{
					"name": "knee_cloud_left",
					"parent": "knee_cloud_left5",
					"pivot": [4.5, -2, 1],
					"cubes": [
						{"origin": [4.5, -7, 0], "size": [0, 6, 2], "uv": [2, 113]}
					]
				},
				{
					"name": "knee_cloud_left2",
					"parent": "knee_cloud_left",
					"pivot": [4.5, -7, 0],
					"cubes": [
						{"origin": [4.5, -11, 0], "size": [0, 4, 1], "uv": [0, 114]}
					]
				},
				{
					"name": "foot_left",
					"parent": "leg_left2",
					"pivot": [4, 0, 0],
					"cubes": [
						{"origin": [3, 0, -4], "size": [2, 2, 4], "inflate": 0.03, "uv": [0, 102]}
					]
				},
				{
					"name": "toe_left1",
					"parent": "foot_left",
					"pivot": [4, 2, -4],
					"rotation": [0, 35, 0],
					"cubes": [
						{"origin": [3, 1, -6], "size": [1, 1, 2], "inflate": 0.01, "uv": [18, 57]}
					]
				},
				{
					"name": "toe_left1_2",
					"parent": "toe_left1",
					"pivot": [3.5, 2, -6],
					"cubes": [
						{"origin": [3, 1, -7], "size": [1, 1, 1], "uv": [60, 6]},
						{"origin": [3.5, 1, -8], "size": [0, 1, 1], "uv": [18, 28]}
					]
				},
				{
					"name": "toe_left2",
					"parent": "foot_left",
					"pivot": [4, 2, -4],
					"cubes": [
						{"origin": [3.5, 1, -6], "size": [1, 1, 2], "inflate": 0.02, "uv": [0, 57]}
					]
				},
				{
					"name": "toe_left2_1",
					"parent": "toe_left2",
					"pivot": [4, 2, -6],
					"cubes": [
						{"origin": [3.5, 1, -7], "size": [1, 1, 1], "uv": [50, 29]},
						{"origin": [4, 1, -8], "size": [0, 1, 1], "uv": [4, 28]}
					]
				},
				{
					"name": "toe_left3",
					"parent": "foot_left",
					"pivot": [4, 1.5, -4],
					"rotation": [0, -35, 0],
					"cubes": [
						{"origin": [4, 1, -6], "size": [1, 1, 2], "inflate": 0.01, "uv": [48, 56]}
					]
				},
				{
					"name": "toe_left3_2",
					"parent": "toe_left3",
					"pivot": [4.5, 2, -6],
					"cubes": [
						{"origin": [4, 1, -7], "size": [1, 1, 1], "uv": [50, 27]},
						{"origin": [4.5, 1, -8], "size": [0, 1, 1], "uv": [18, 27]}
					]
				}
			]
		}
	]
}