{
	"format_version": "1.12.0",
	"minecraft:geometry": [
		{
			"description": {
				"identifier": "geometry.brawleon",
				"texture_width": 64,
				"texture_height": 64,
				"visible_bounds_width": 3,
				"visible_bounds_height": 3.5,
				"visible_bounds_offset": [0, 1.25, 0]
			},
			"bones": [
				{
					"name": "leafeon",
					"pivot": [0, 0, 0]
				},
				{
					"name": "body",
					"parent": "leafeon",
					"pivot": [0, 9.75, 0]
				},
				{
					"name": "torso",
					"parent": "body",
					"pivot": [0, 9.75, 0],
					"cubes": [
						{"origin": [-3.5, 6.75, -7], "size": [7, 6, 14], "uv": [0, 0]}
					]
				},
				{
					"name": "fur_front",
					"parent": "torso",
					"pivot": [0, 8.5, -8.75]
				},
				{
					"name": "head",
					"parent": "torso",
					"pivot": [0, 12.25, -6],
					"cubes": [
						{"origin": [-3.5, 10.75, -12], "size": [7, 7, 7], "inflate": 0.01, "uv": [0, 20]},
						{"origin": [-2.5, 10.75, -12.4], "size": [5, 2, 1], "uv": [42, 24]},
						{"origin": [-0.5, 11.5, -12.41], "size": [1, 1, 0], "uv": [10, 1]}
					]
				},
				{
					"name": "antenna_left",
					"parent": "head",
					"pivot": [2.75, 18.925, -12.05],
					"cubes": [
						{"origin": [1.5, 16, -12.014], "size": [1, 3, 0], "pivot": [1.5, 16, -12.05], "rotation": [0, 0, 5], "uv": [12, 1]},
						{"origin": [1.75969, 18.90219, -12.013], "size": [1, 2, 0], "pivot": [2.75, 18.925, -12.05], "rotation": [0, 0, -10], "uv": [0, 0]}
					]
				},
				{
					"name": "antenna_right",
					"parent": "head",
					"pivot": [-2.75, 18.925, -12.05],
					"cubes": [
						{"origin": [-2.5, 16, -12.014], "size": [1, 3, 0], "pivot": [-1.5, 16, -12.05], "rotation": [0, 0, -5], "uv": [12, 1], "mirror": true},
						{"origin": [-2.75969, 18.90219, -12.013], "size": [1, 2, 0], "pivot": [-2.75, 18.925, -12.05], "rotation": [0, 0, 10], "uv": [0, 0], "mirror": true}
					]
				},
				{
					"name": "mouth",
					"parent": "head",
					"pivot": [0, 11.26, -12.415],
					"cubes": [
						{"origin": [-1, 10.76, -12.415], "size": [2, 1, 0], "uv": [10, 0]}
					]
				},
				{
					"name": "eyes",
					"parent": "head",
					"pivot": [0, 13.75, -12]
				},
				{
					"name": "eye_left",
					"parent": "eyes",
					"pivot": [2.515, 14, -11.015],
					"cubes": [
						{"origin": [1.515, 13, -12.015], "size": [2, 3, 2], "uv": [0, 45]}
					]
				},
				{
					"name": "eyelid_left",
					"parent": "eye_left",
					"pivot": [2.415, 14, -10.915],
					"cubes": [
						{"origin": [1.415, 13, -11.915], "size": [2, 3, 2], "inflate": 0.01, "uv": [8, 45]}
					]
				},
				{
					"name": "eye_right",
					"parent": "eyes",
					"pivot": [-2.515, 14, -11.015],
					"cubes": [
						{"origin": [-3.515, 13, -12.015], "size": [2, 3, 2], "uv": [0, 45], "mirror": true}
					]
				},
				{
					"name": "eyelid_right",
					"parent": "eye_right",
					"pivot": [-2.415, 14, -10.915],
					"cubes": [
						{"origin": [-3.415, 13, -11.915], "size": [2, 3, 2], "inflate": 0.01, "uv": [8, 45], "mirror": true}
					]
				},
				{
					"name": "ear_left",
					"parent": "head",
					"pivot": [3, 16.25, -9],
					"rotation": [-13.34376, -23.80592, 15.28355],
					"cubes": [
						{"origin": [1, 16.25, -9], "size": [7, 9, 0], "uv": [16, 38]}
					]
				},
				{
					"name": "ear_left2",
					"parent": "ear_left",
					"pivot": [3.5, 21.25, -9],
					"cubes": [
						{"origin": [1, 25.25, -9], "size": [5, 5, 0], "pivot": [3.5, 25.25, -9], "rotation": [120, 0, 0], "uv": [39, 44]}
					]
				},
				{
					"name": "ear_right",
					"parent": "head",
					"pivot": [-3, 16.25, -9],
					"rotation": [-13.34376, 23.80592, -15.28355],
					"cubes": [
						{"origin": [-8, 16.25, -9], "size": [7, 9, 0], "uv": [16, 38], "mirror": true}
					]
				},
				{
					"name": "ear_right2",
					"parent": "ear_right",
					"pivot": [-3.5, 21.25, -9],
					"cubes": [
						{"origin": [-6, 25.25, -9], "size": [5, 5, 0], "pivot": [-3.5, 25.25, -9], "rotation": [120, 0, 0], "uv": [39, 44], "mirror": true}
					]
				},
				{
					"name": "tail",
					"parent": "torso",
					"pivot": [0, 12.69266, 4.96002],
					"rotation": [-25, 0, 0],
					"cubes": [
						{"origin": [-2, 9.79307, 5.79506], "size": [4, 4, 4], "pivot": [0, 11.29307, 7.04506], "rotation": [65, 0, 0], "uv": [24, 30]},
						{"origin": [-2, 9.79307, 15.79506], "size": [4, 4, 2], "pivot": [0, 11.29307, 7.04506], "rotation": [65, 0, 0], "uv": [0, 0]},
						{"origin": [0.975, 22.20349, 10.05767], "size": [1, 2, 2], "pivot": [1.5, 22.15349, 11.55767], "rotation": [115, 0, 0], "uv": [0, 20]},
						{"origin": [-1.975, 22.20349, 10.05767], "size": [1, 2, 2], "pivot": [-1.5, 22.15349, 11.55767], "rotation": [115, 0, 0], "uv": [0, 20], "mirror": true},
						{"origin": [-3, 8.79307, 9.79506], "size": [6, 6, 6], "pivot": [0, 11.29307, 7.04506], "rotation": [65, 0, 0], "uv": [28, 0]}
					]
				},
				{
					"name": "fluff",
					"parent": "torso",
					"pivot": [-1.83716, 10.61627, 7.05438],
					"rotation": [-15, 0, 0]
				},
				{
					"name": "leg_front_left",
					"parent": "body",
					"pivot": [2.5, 9, -4.5],
					"rotation": [7.5, 0, 0],
					"cubes": [
						{"origin": [1, 4.5, -6], "size": [3, 6, 3], "inflate": 0.01, "uv": [37, 35]},
						{"origin": [4, 7.5, -6], "size": [0, 7, 6], "uv": [0, 0]}
					]
				},
				{
					"name": "leg_front_left2",
					"parent": "leg_front_left",
					"pivot": [2.5, 4.5, -3],
					"rotation": [-22.5, 0, 0],
					"cubes": [
						{"origin": [1, 0.5, -6], "size": [3, 4, 3], "uv": [39, 27]},
						{"origin": [4, 0.5, -3], "size": [4, 4, 0], "pivot": [4, 2.5, -3], "rotation": [0, -50, 0], "uv": [21, 20]}
					]
				},
				{
					"name": "leg_front_left3",
					"parent": "leg_front_left2",
					"pivot": [2.5, 1, -4.5],
					"rotation": [15, 0, 0],
					"cubes": [
						{"origin": [1, -0.75, -6.25], "size": [3, 2, 3], "inflate": 0.01, "uv": [27, 44]}
					]
				},
				{
					"name": "leg_front_right",
					"parent": "body",
					"pivot": [-2.5, 9, -4.5],
					"rotation": [7.5, 0, 0],
					"cubes": [
						{"origin": [-4, 4.5, -6], "size": [3, 6, 3], "inflate": 0.01, "uv": [37, 35], "mirror": true},
						{"origin": [-4, 7.5, -6], "size": [0, 7, 6], "uv": [0, 0], "mirror": true}
					]
				},
				{
					"name": "leg_front_right2",
					"parent": "leg_front_right",
					"pivot": [-2.5, 4.5, -3],
					"rotation": [-22.5, 0, 0],
					"cubes": [
						{"origin": [-4, 0.5, -6], "size": [3, 4, 3], "uv": [39, 27], "mirror": true},
						{"origin": [-8, 0.5, -3], "size": [4, 4, 0], "pivot": [-4, 2.5, -3], "rotation": [0, 50, 0], "uv": [21, 20], "mirror": true}
					]
				},
				{
					"name": "leg_front_right3",
					"parent": "leg_front_right2",
					"pivot": [-2.5, 1, -4.5],
					"rotation": [15, 0, 0],
					"cubes": [
						{"origin": [-4, -0.75, -6.25], "size": [3, 2, 3], "inflate": 0.01, "uv": [27, 44], "mirror": true}
					]
				},
				{
					"name": "leg_back_left",
					"parent": "body",
					"pivot": [2.5, 9, 4.75],
					"rotation": [5, 0, 0],
					"cubes": [
						{"origin": [1, 4.5, 2.75], "size": [3, 6, 4], "inflate": 0.01, "uv": [28, 20]},
						{"origin": [4, 4.5, 2.75], "size": [0, 11, 8], "uv": [0, 26]}
					]
				},
				{
					"name": "leg_back_left2",
					"parent": "leg_back_left",
					"pivot": [2.5, 4.5, 6.25],
					"rotation": [-12.5, 0, 0],
					"cubes": [
						{"origin": [1, 0.75, 4.25], "size": [3, 4, 3], "uv": [39, 17]}
					]
				},
				{
					"name": "leg_back_left3",
					"parent": "leg_back_left2",
					"pivot": [2.5, 1.25, 5.75],
					"rotation": [7.5, 0, 0],
					"cubes": [
						{"origin": [1, -0.25, 4], "size": [3, 2, 3], "inflate": 0.01, "uv": [42, 12]}
					]
				},
				{
					"name": "leg_back_right",
					"parent": "body",
					"pivot": [-2.5, 9, 4.75],
					"rotation": [5, 0, 0],
					"cubes": [
						{"origin": [-4, 4.5, 2.75], "size": [3, 6, 4], "inflate": 0.01, "uv": [28, 20], "mirror": true},
						{"origin": [-4, 4.5, 2.75], "size": [0, 11, 8], "uv": [0, 26], "mirror": true}
					]
				},
				{
					"name": "leg_back_right2",
					"parent": "leg_back_right",
					"pivot": [-2.5, 4.5, 6.25],
					"rotation": [-12.5, 0, 0],
					"cubes": [
						{"origin": [-4, 0.75, 4.25], "size": [3, 4, 3], "uv": [39, 17], "mirror": true}
					]
				},
				{
					"name": "leg_back_right3",
					"parent": "leg_back_right2",
					"pivot": [-2.5, 1.25, 5.75],
					"rotation": [7.5, 0, 0],
					"cubes": [
						{"origin": [-4, -0.25, 4], "size": [3, 2, 3], "inflate": 0.01, "uv": [42, 12], "mirror": true}
					]
				}
			]
		}
	]
}