{
	"format_version": "1.12.0",
	"minecraft:geometry": [
		{
			"description": {
				"identifier": "geometry.missingo",
				"texture_width": 128,
				"texture_height": 128,
				"visible_bounds_width": 11,
				"visible_bounds_height": 97,
				"visible_bounds_offset": [0, -43.5, 0]
			},
			"bones": [
				{
					"name": "missingno",
					"pivot": [0, 0, 0]
				},
				{
					"name": "body",
					"parent": "missingno",
					"pivot": [0, 0, 0],
					"cubes": [
						{"origin": [-16, 0, -1], "size": [24, 32, 9], "uv": [0, 0]},
						{"origin": [-8, 32, -1], "size": [16, 24, 9], "uv": [0, 41]}
					]
				},
				{
					"name": "glitches",
					"parent": "body",
					"pivot": [0, 0, 0]
				},
				{
					"name": "ghost",
					"parent": "glitches",
					"pivot": [0, 0, 0],
					"cubes": [
						{"origin": [26, -665, -1], "size": [47, 49, 0], "inflate": 0.1, "uv": [0, 79]}
					]
				},
				{
					"name": "dino",
					"parent": "glitches",
					"pivot": [0, -383, 0],
					"cubes": [
						{"origin": [-75, -671, 1], "size": [46, 54, 0], "inflate": -0.1, "uv": [30, 4]}
					]
				}
			]
		}
	]
}