{
	"format_version": "1.12.0",
	"minecraft:geometry": [
		{
			"description": {
				"identifier": "geometry.unknown",
				"texture_width": 64,
				"texture_height": 64,
				"visible_bounds_width": 4,
				"visible_bounds_height": 5.5,
				"visible_bounds_offset": [0, 2.25, 0]
			},
			"bones": [
				{
					"name": "sinisteab",
					"pivot": [0, 15.5, 0]
				},
				{
					"name": "head",
					"parent": "sinisteab",
					"pivot": [0, 15.5, 0],
					"cubes": [
						{"origin": [-5, 9, -5], "size": [10, 13, 10], "uv": [0, 0]}
					]
				},
				{
					"name": "cap2",
					"parent": "head",
					"pivot": [-1.625, 22, 0],
					"cubes": [
						{"origin": [-2.625, 21.45, -0.3], "size": [2, 0, 3], "pivot": [-1.625, 22, 0], "rotation": [0, 90, -121], "uv": [0, 0]},
						{"origin": [-2.35785, 23.19447, -0.6], "size": [1, 1, 0], "pivot": [-2.33285, 24.14447, -0.5], "rotation": [0, -90, -31], "uv": [45, 1]},
						{"origin": [-2.35785, 23.19447, -0.525], "size": [1, 1, 0], "pivot": [-2.33285, 24.14447, -0.5], "rotation": [0, -90, -31], "uv": [45, 1]}
					]
				},
				{
					"name": "top_sec",
					"parent": "head",
					"pivot": [-1.5, 0, -3.5],
					"cubes": [
						{"origin": [-2.5, 22, 2.5], "size": [5, 1, 2], "uv": [0, 30]},
						{"origin": [2.5, 22, -4.5], "size": [2, 1, 9], "uv": [11, 33]},
						{"origin": [-2.5, 22, -4.5], "size": [5, 1, 2], "uv": [44, 24]},
						{"origin": [-4.5, 22, -4.5], "size": [2, 1, 9], "uv": [30, 0]}
					]
				},
				{
					"name": "face",
					"parent": "head",
					"pivot": [0.4, -0.375, 0]
				},
				{
					"name": "eye_left",
					"parent": "face",
					"pivot": [0.4, -0.375, 0],
					"cubes": [
						{"origin": [-3.425, 14.475, -5.025], "size": [3, 4, 0], "uv": [56, 0]}
					]
				},
				{
					"name": "eye_right",
					"parent": "face",
					"pivot": [2.55, 16.475, -4.925],
					"rotation": [0, 0, -21.25],
					"cubes": [
						{"origin": [1.05, 15.975, -5.025], "size": [3, 1, 0], "uv": [58, 19]}
					]
				},
				{
					"name": "mouth",
					"parent": "face",
					"pivot": [0.93333, 13.68333, -5.025],
					"rotation": [0, 0, -16.75],
					"cubes": [
						{"origin": [0.425, 12.95, -5.025], "size": [1, 1, 0], "uv": [45, 3]},
						{"origin": [-0.55, 13.3, -5.025], "size": [1, 1, 0], "uv": [45, 2]},
						{"origin": [1.425, 13.3, -5.025], "size": [1, 1, 0], "uv": [45, 2]}
					]
				},
				{
					"name": "top_bolt",
					"parent": "head",
					"pivot": [0.99338, 22.245, 0.01838],
					"rotation": [179.81412, -47.15689, -141.57398],
					"cubes": [
						{"origin": [0.90499, 20.75, -0.31965], "size": [0, 8, 10], "pivot": [0.99338, 22.245, 0.01838], "rotation": [26.75, 45, 0], "uv": [0, 46]},
						{"origin": [0.90499, 28.74, 1.68035], "size": [0, 7, 14], "pivot": [0.99338, 22.245, 0.01838], "rotation": [26.75, 45, 0], "uv": [0, 34]}
					]
				},
				{
					"name": "bot",
					"parent": "head",
					"pivot": [0, 0, 0],
					"cubes": [
						{"origin": [-4.5, 8, -4.5], "size": [9, 1, 9], "uv": [17, 23]}
					]
				},
				{
					"name": "left_energy",
					"parent": "bot",
					"pivot": [0, 0, 0],
					"cubes": [
						{"origin": [-3.625, 6, -3], "size": [4, 2, 4], "uv": [40, 10]}
					]
				},
				{
					"name": "bot_bolt",
					"parent": "left_energy",
					"pivot": [-2.83162, 6.795, -0.38162],
					"rotation": [0, 64, 0],
					"cubes": [
						{"origin": [-2.92001, 3.2, -0.71965], "size": [0, 7, 8], "pivot": [-2.83162, 4.695, -0.38162], "rotation": [154.13361, -25.99809, 178.7808], "uv": [33, 32]},
						{"origin": [-2.92001, 10.19, -0.71965], "size": [0, 7, 12], "pivot": [-2.83162, 4.695, -0.38162], "rotation": [154.13361, -25.99809, 178.7808], "uv": [40, 36]}
					]
				},
				{
					"name": "right_energy",
					"parent": "bot",
					"pivot": [0, 0, 0],
					"cubes": [
						{"origin": [0.375, 7, -1], "size": [3, 2, 3], "uv": [40, 16]}
					]
				}
			]
		}
	]
}