{
	"format_version": "1.12.0",
	"minecraft:geometry": [
		{
			"description": {
				"identifier": "geometry.steelix_chriscendo",
				"texture_width": 128,
				"texture_height": 128,
				"visible_bounds_width": 5,
				"visible_bounds_height": 4.5,
				"visible_bounds_offset": [0, 1.75, 0]
			},
			"bones": [
				{
					"name": "ground",
					"pivot": [0, 0, 0]
				},
				{
					"name": "body",
					"parent": "ground",
					"pivot": [0, 0, -41]
				},
				{
					"name": "head",
					"parent": "body",
					"pivot": [0, 5, -32],
					"cubes": [
						{"origin": [-6, 4, -47], "size": [12, 5, 15], "uv": [0, 0]},
						{"origin": [2, 9, -37], "size": [4, 2, 5], "uv": [59, 30]},
						{"origin": [-6, 9, -37], "size": [4, 2, 5], "uv": [41, 58]},
						{"origin": [-5, 2, -46], "size": [10, 2, 2], "uv": [48, 26]},
						{"origin": [-5, 2, -44], "size": [8, 2, 2], "pivot": [0, 0, -39], "rotation": [0, -90, 0], "uv": [11, 63]},
						{"origin": [-5, 2, -36], "size": [8, 2, 2], "pivot": [0, 0, -39], "rotation": [0, -90, 0], "uv": [60, 0]},
						{"origin": [-10, 4, -37], "size": [4, 3, 5], "uv": [28, 55]},
						{"origin": [6, 4, -37], "size": [4, 3, 5], "uv": [53, 37]},
						{"origin": [-8, 2, -40], "size": [3, 3, 5], "uv": [0, 63]},
						{"origin": [5, 2, -40], "size": [3, 3, 5], "uv": [59, 58]}
					]
				},
				{
					"name": "headvines",
					"parent": "head",
					"pivot": [0, 0, -30],
					"cubes": [
						{"origin": [6.01, 0, -43], "size": [0, 6, 1], "uv": [39, 0]},
						{"origin": [10.01, 0, -34], "size": [0, 6, 1], "uv": [4, 49]},
						{"origin": [-6.01, 0, -43], "size": [0, 6, 1], "uv": [41, 0]},
						{"origin": [-10.01, 0, -34], "size": [0, 6, 1], "uv": [21, 49]}
					]
				},
				{
					"name": "segment1",
					"parent": "body",
					"pivot": [0, 3.5, -30]
				},
				{
					"name": "rock1",
					"parent": "segment1",
					"pivot": [0, 3.5, -26.5],
					"cubes": [
						{"origin": [-3.5, 0.5, -30], "size": [7, 6, 7], "uv": [0, 50]}
					]
				},
				{
					"name": "segment2",
					"parent": "segment1",
					"pivot": [0, 3.5, -23]
				},
				{
					"name": "rock2",
					"parent": "segment2",
					"pivot": [0, 3.5, -17],
					"cubes": [
						{"origin": [-4, 0, -21], "size": [8, 7, 8], "uv": [0, 35]},
						{"origin": [-4.01, -2, -15], "size": [0, 8, 1], "uv": [2, 34]},
						{"origin": [-4.01, -1, -18], "size": [0, 6, 1], "uv": [23, 49]},
						{"origin": [4.01, -2, -15], "size": [0, 8, 1], "uv": [4, 19]},
						{"origin": [4.01, -1, -18], "size": [0, 6, 1], "uv": [2, 49]}
					]
				},
				{
					"name": "spike1",
					"parent": "segment2",
					"pivot": [-9, 4, -17],
					"cubes": [
						{"origin": [-14, 3, -18], "size": [5, 2, 2], "uv": [48, 31]}
					]
				},
				{
					"name": "vine1_1",
					"parent": "spike1",
					"pivot": [-12, 4, -18],
					"cubes": [
						{"origin": [-12, 3.5, -25], "size": [0, 1, 8], "uv": [48, 22]}
					]
				},
				{
					"name": "vine1_2",
					"parent": "vine1_1",
					"pivot": [-12.01, 4, -24],
					"cubes": [
						{"origin": [-12.01, 3.5, -32], "size": [0, 1, 8], "uv": [24, 18]}
					]
				},
				{
					"name": "vine1_3",
					"parent": "vine1_2",
					"pivot": [-12.02, 4, -31],
					"cubes": [
						{"origin": [-12.02, 3.5, -39], "size": [0, 1, 8], "uv": [24, 17]}
					]
				},
				{
					"name": "vine1_4",
					"parent": "vine1_3",
					"pivot": [-12.03, 4, -38],
					"cubes": [
						{"origin": [-12.03, 3.5, -46], "size": [0, 1, 8], "uv": [24, 12]}
					]
				},
				{
					"name": "spike2",
					"parent": "segment2",
					"pivot": [9, 4, -16.5],
					"cubes": [
						{"origin": [9, 3, -18], "size": [5, 2, 2], "uv": [0, 0]}
					]
				},
				{
					"name": "vine2_1",
					"parent": "spike2",
					"pivot": [12, 4, -18],
					"cubes": [
						{"origin": [12, 3.5, -25], "size": [0, 1, 8], "uv": [24, 16]}
					]
				},
				{
					"name": "vine2_2",
					"parent": "vine2_1",
					"pivot": [12.01, 4, -24],
					"cubes": [
						{"origin": [12.01, 3.5, -32], "size": [0, 1, 8], "uv": [24, 15]}
					]
				},
				{
					"name": "vine2_3",
					"parent": "vine2_2",
					"pivot": [12.02, 4, -31],
					"cubes": [
						{"origin": [12.02, 3.5, -39], "size": [0, 1, 8], "uv": [24, 14]}
					]
				},
				{
					"name": "vine2_4",
					"parent": "vine2_3",
					"pivot": [12.03, 4, -38],
					"cubes": [
						{"origin": [12.03, 3.5, -46], "size": [0, 1, 8], "uv": [24, 13]}
					]
				},
				{
					"name": "segment3",
					"parent": "segment2",
					"pivot": [0, 3.5, -13]
				},
				{
					"name": "rock3",
					"parent": "segment3",
					"pivot": [0, 3.5, -7.5],
					"cubes": [
						{"origin": [-3.5, 0.5, -11], "size": [7, 6, 7], "uv": [47, 13]}
					]
				},
				{
					"name": "segment4",
					"parent": "segment3",
					"pivot": [0, 3.5, -4]
				},
				{
					"name": "spke4",
					"parent": "segment4",
					"pivot": [9.5, 4, 2],
					"cubes": [
						{"origin": [7, 3, 1], "size": [5, 2, 2], "uv": [0, 4]}
					]
				},
				{
					"name": "spike3",
					"parent": "segment4",
					"pivot": [-9.5, 4, 2],
					"cubes": [
						{"origin": [-12, 3, 1], "size": [5, 2, 2], "uv": [0, 8]}
					]
				},
				{
					"name": "rock4",
					"parent": "segment4",
					"pivot": [0, 3.5, 2],
					"cubes": [
						{"origin": [-4, 0, -2], "size": [8, 7, 8], "uv": [24, 27]},
						{"origin": [-4.01, -2, -1], "size": [0, 8, 1], "uv": [0, 34]},
						{"origin": [-4.01, -2, 3], "size": [0, 7, 1], "uv": [36, 41]},
						{"origin": [4.01, -2, 3], "size": [0, 7, 1], "uv": [34, 41]},
						{"origin": [4.01, -2, -1], "size": [0, 8, 1], "uv": [6, 19]}
					]
				},
				{
					"name": "segment5",
					"parent": "segment4",
					"pivot": [0, 3.5, 6]
				},
				{
					"name": "rock5",
					"parent": "segment5",
					"pivot": [0, 3.5, 11.5],
					"cubes": [
						{"origin": [-3.5, 0.5, 8], "size": [7, 6, 7], "uv": [32, 42]}
					]
				},
				{
					"name": "segment6",
					"parent": "segment5",
					"pivot": [0, 3.5, 15]
				},
				{
					"name": "rock6",
					"parent": "segment6",
					"pivot": [0, 3.5, 21],
					"cubes": [
						{"origin": [-4, 0, 17], "size": [8, 7, 8], "uv": [0, 20]}
					]
				},
				{
					"name": "segment7",
					"parent": "segment6",
					"pivot": [0, 3.5, 25]
				},
				{
					"name": "rock7",
					"parent": "segment7",
					"pivot": [0, 3.5, 30.5],
					"cubes": [
						{"origin": [-3.5, 0.5, 27], "size": [7, 6, 7], "uv": [39, 0]}
					]
				},
				{
					"name": "end",
					"parent": "segment7",
					"pivot": [0, 3.5, 34]
				},
				{
					"name": "tailvines",
					"parent": "end",
					"pivot": [0, 3.5, 36],
					"cubes": [
						{"origin": [7.52, -4.5, 35.5], "size": [0, 7, 1], "pivot": [4, 3, 37.5], "rotation": [180, 0, -90], "uv": [6, 34]},
						{"origin": [7.52, -4.5, 33.5], "size": [0, 7, 1], "pivot": [4, 3, 37.5], "rotation": [180, 0, -90], "uv": [4, 34]},
						{"origin": [7.52, -4.5, 37.5], "size": [0, 7, 1], "pivot": [4, 3, 37.5], "rotation": [180, 0, -90], "uv": [40, 19]},
						{"origin": [3.52, -0.5, 33.5], "size": [0, 6, 1], "pivot": [4, 3, 37.5], "rotation": [180, 0, 0], "uv": [42, 19]},
						{"origin": [3.52, -0.5, 35.5], "size": [0, 6, 1], "pivot": [4, 3, 37.5], "rotation": [180, 0, 0], "uv": [44, 19]},
						{"origin": [3.52, -0.5, 37.5], "size": [0, 4, 1], "pivot": [4, 3, 37.5], "rotation": [180, 0, 0], "uv": [30, 49]},
						{"origin": [3.51, -7, 33], "size": [0, 7, 1], "pivot": [4, 0, 30.5], "rotation": [90, 0, 0], "uv": [32, 41]},
						{"origin": [-3.48, -7.5, 36.5], "size": [0, 8, 1], "pivot": [-3.5, 0.5, 37], "rotation": [165, 0, 90], "uv": [2, 19]},
						{"origin": [-3.48, -7.5, 34.5], "size": [0, 8, 1], "pivot": [-3.5, 0.5, 37], "rotation": [165, 0, 90], "uv": [0, 19]},
						{"origin": [11.52, 0.5, 37.5], "size": [0, 6, 1], "pivot": [4, 3, 37.5], "rotation": [-180, 0, 180], "uv": [0, 49]},
						{"origin": [11.52, 0.5, 35.5], "size": [0, 6, 1], "pivot": [4, 3, 37.5], "rotation": [-180, 0, 180], "uv": [43, 0]},
						{"origin": [11.52, 2.5, 33.5], "size": [0, 4, 1], "pivot": [4, 3, 37.5], "rotation": [-180, 0, 180], "uv": [25, 49]},
						{"origin": [-3.49, 2.5, 40.5], "size": [0, 9, 1], "pivot": [-3.5, 3, 41], "rotation": [-90, 0, 180], "uv": [28, 49]}
					]
				},
				{
					"name": "rockend",
					"parent": "end",
					"pivot": [0, 3.5, 40],
					"cubes": [
						{"origin": [-2, 2, 36], "size": [4, 3, 8], "uv": [52, 47]}
					]
				},
				{
					"name": "vines",
					"parent": "body",
					"pivot": [0, 0, -30]
				}
			]
		}
	]
}