{
	"format_version": "1.12.0",
	"minecraft:geometry": [
		{
			"description": {
				"identifier": "geometry.tinkatuff_delta",
				"texture_width": 64,
				"texture_height": 64,
				"visible_bounds_width": 4,
				"visible_bounds_height": 2.5,
				"visible_bounds_offset": [0, 0.75, 0]
			},
			"bones": [
				{
					"name": "tinkatuff",
					"pivot": [0, 0, 0]
				},
				{
					"name": "body",
					"parent": "tinkatuff",
					"pivot": [0, 4, -1]
				},
				{
					"name": "torso",
					"parent": "body",
					"pivot": [0, 2.75, -0.5],
					"cubes": [
						{"origin": [-2, 2, -2], "size": [4, 4, 3], "uv": [21, 0]},
						{"origin": [-2, 2.5, -2], "size": [4, 2, 3], "inflate": 0.1, "uv": [18, 10]}
					]
				},
				{
					"name": "shell_right",
					"parent": "torso",
					"pivot": [-2.1, 3.75, -0.5],
					"rotation": [0, 0, 22.5],
					"cubes": [
						{"origin": [-2.1, 0.75, -2], "size": [0, 3, 3], "uv": [0, 0]}
					]
				},
				{
					"name": "shell_left",
					"parent": "torso",
					"pivot": [2.1, 3.75, -0.5],
					"rotation": [0, 0, -22.5],
					"cubes": [
						{"origin": [2.1, 0.75, -2], "size": [0, 3, 3], "uv": [0, 0], "mirror": true}
					]
				},
				{
					"name": "head",
					"parent": "torso",
					"pivot": [0, 6, -0.5],
					"cubes": [
						{"origin": [-3, 6, -3.5], "size": [6, 6, 6], "uv": [0, 10]},
						{"origin": [-3.5, 9.5, -4], "size": [7, 3, 7], "uv": [0, 0]},
						{"origin": [3.575, 11.5, -1], "size": [0, 3, 2], "pivot": [3.575, 12, 0], "rotation": [-62.95379, 63.15525, -27.04621], "uv": [24, 13]}
					]
				},
				{
					"name": "tail1",
					"parent": "head",
					"pivot": [0, 12, -1],
					"cubes": [
						{"origin": [-2.5, 9.5, 0], "size": [5, 6, 4], "pivot": [0, 13, 3], "rotation": [-40, 0, 0], "uv": [3, 36]}
					]
				},
				{
					"name": "tail2",
					"parent": "tail1",
					"pivot": [0, 16.45, 2.95],
					"rotation": [-102.5, 0, 0],
					"cubes": [
						{"origin": [-1.5, 16.27823, 2.9577], "size": [3, 4, 2], "uv": [0, 22]}
					]
				},
				{
					"name": "tail3",
					"parent": "tail2",
					"pivot": [0, 20.27823, 4.2077],
					"rotation": [-25, 0, 0],
					"cubes": [
						{"origin": [-1, 19.27823, 3.4577], "size": [2, 5, 1], "uv": [24, 18]}
					]
				},
				{
					"name": "tail4_left",
					"parent": "tail3",
					"pivot": [-0.25, 24.27823, 3.9577],
					"rotation": [0, 0, 20],
					"cubes": [
						{"origin": [-0.25, 24.27823, 3.9577], "size": [2, 4, 0], "uv": [35, 0]}
					]
				},
				{
					"name": "tail5_left",
					"parent": "tail4_left",
					"pivot": [0.75, 28.27823, 3.9577],
					"cubes": [
						{"origin": [-0.25, 28.27823, 3.9577], "size": [2, 5, 0], "uv": [34, 27]}
					]
				},
				{
					"name": "tail4_right",
					"parent": "tail3",
					"pivot": [0.25, 24.27823, 3.9577],
					"rotation": [0, 0, -20],
					"cubes": [
						{"origin": [-1.75, 24.27823, 3.9577], "size": [2, 4, 0], "uv": [35, 0], "mirror": true}
					]
				},
				{
					"name": "tail5_right",
					"parent": "tail4_right",
					"pivot": [-0.75, 28.27823, 3.9577],
					"cubes": [
						{"origin": [-1.75, 28.27823, 3.9577], "size": [2, 5, 0], "uv": [34, 27], "mirror": true}
					]
				},
				{
					"name": "mouth",
					"parent": "head",
					"pivot": [0.5, 7.25, -3.505],
					"cubes": [
						{"origin": [-1, 6.75, -3.505], "size": [1, 1, 0], "pivot": [-0.5, 7.25, -3.505], "rotation": [0, 0, 45], "uv": [18, 12]},
						{"origin": [0, 6.75, -3.505], "size": [1, 1, 0], "pivot": [0.5, 7.25, -3.505], "rotation": [0, 0, -45], "uv": [18, 11]}
					]
				},
				{
					"name": "eye_left",
					"parent": "head",
					"pivot": [1.75, 9, -3],
					"cubes": [
						{"origin": [1.25, 8, -3.5], "size": [1, 2, 1], "inflate": 0.001, "pivot": [1.75, 9, -3], "rotation": [0, 0, 7.5], "uv": [3, 35]}
					]
				},
				{
					"name": "eyelid_left",
					"parent": "eye_left",
					"pivot": [1.75, 9, -3],
					"cubes": [
						{"origin": [1.25, 8, -2.5], "size": [1, 2, 1], "inflate": 0.002, "pivot": [1.75, 9, -3], "rotation": [0, 0, 7.5], "uv": [34, 11]}
					]
				},
				{
					"name": "eye_right",
					"parent": "head",
					"pivot": [-1.75, 9, -3],
					"cubes": [
						{"origin": [-2.25, 8, -3.5], "size": [1, 2, 1], "inflate": 0.001, "pivot": [-1.75, 9, -3], "rotation": [0, 0, -7.5], "uv": [3, 35], "mirror": true}
					]
				},
				{
					"name": "eyelid_right",
					"parent": "eye_right",
					"pivot": [-1.75, 9, -3],
					"cubes": [
						{"origin": [-2.25, 8, -2.5], "size": [1, 2, 1], "inflate": 0.002, "pivot": [-1.75, 9, -3], "rotation": [0, 0, -7.5], "uv": [34, 11], "mirror": true}
					]
				},
				{
					"name": "arm_right",
					"parent": "torso",
					"pivot": [-3, 5, -0.5],
					"cubes": [
						{"origin": [-3, 4, -1.5], "size": [1, 2, 2], "uv": [22, 31]},
						{"origin": [-6, 4, -1.5], "size": [3, 2, 2], "inflate": 0.1, "uv": [8, 27]}
					]
				},
				{
					"name": "finger1",
					"parent": "arm_right",
					"pivot": [-6, 5.575, 0.25],
					"cubes": [
						{"origin": [-7, 5.075, 0.25], "size": [1, 1, 0], "uv": [18, 10]}
					]
				},
				{
					"name": "finger2",
					"parent": "arm_right",
					"pivot": [-6, 4.425, 0.25],
					"cubes": [
						{"origin": [-7, 3.925, 0.25], "size": [1, 1, 0], "uv": [4, 15]}
					]
				},
				{
					"name": "finger3",
					"parent": "arm_right",
					"pivot": [-6, 4.925, -1.25],
					"cubes": [
						{"origin": [-7, 4.425, -1.25], "size": [1, 1, 0], "uv": [5, 0]}
					]
				},
				{
					"name": "trident",
					"parent": "arm_right",
					"pivot": [-6.5, 4.76914, -0.57143],
					"cubes": [
						{"origin": [-7, 3.25, -1], "size": [1, 7, 1], "inflate": 0.1, "uv": [0, 28]},
						{"origin": [-7.5, 10.25, -1.5], "size": [2, 2, 2], "uv": [22, 27]},
						{"origin": [-7, 11.75, -1], "size": [1, 7, 1], "uv": [18, 27]},
						{"origin": [-6.5, 14.75, -3], "size": [0, 5, 3], "uv": [0, 7]},
						{"origin": [-3.9, 11.85, -1], "size": [1, 6, 1], "inflate": 0.001, "pivot": [-3.5, 15.5, -1], "rotation": [0, 0, -5], "uv": [30, 27]},
						{"origin": [-4.27733, 9.33013, -1], "size": [1, 4, 1], "pivot": [-3.77733, 12.33013, -0.5], "rotation": [0, 0, 60], "uv": [33, 33]},
						{"origin": [-3.9, 13.85, -0.5], "size": [3, 5, 0], "pivot": [-3.5, 15.5, -1], "rotation": [0, 0, -5], "uv": [8, 31]},
						{"origin": [-9.72267, 9.33013, -1], "size": [1, 4, 1], "pivot": [-9.22267, 12.33013, -0.5], "rotation": [0, 0, -60], "uv": [14, 31]},
						{"origin": [-10.1, 11.85, -1], "size": [1, 6, 1], "inflate": 0.001, "pivot": [-9.5, 15.5, -1], "rotation": [0, 0, 5], "uv": [4, 28]},
						{"origin": [-12.1, 13.85, -0.5], "size": [3, 5, 0], "pivot": [-9.5, 15.5, -1], "rotation": [0, 0, 5], "uv": [29, 7]},
						{"origin": [-8, 0.25, -1], "size": [1, 3, 1], "uv": [27, 34]},
						{"origin": [-6, 0.25, -1], "size": [1, 3, 1], "uv": [34, 14]},
						{"origin": [-7, 2.25, -1], "size": [1, 1, 1], "uv": [26, 31]},
						{"origin": [-7, 0.25, -1], "size": [1, 1, 1], "uv": [8, 22]}
					]
				},
				{
					"name": "chain1",
					"parent": "trident",
					"pivot": [-6.5, 0.75, -0.5],
					"cubes": [
						{"origin": [-6.5, 0.25, 0], "size": [0, 1, 1], "uv": [2, 14]}
					]
				},
				{
					"name": "chain2",
					"parent": "chain1",
					"pivot": [-6.5, 0.75, 1],
					"cubes": [
						{"origin": [-6.5, 0.25, 1], "size": [0, 1, 1], "pivot": [-6.5, 0.75, -0.5], "rotation": [0, 0, 90], "uv": [0, 14]}
					]
				},
				{
					"name": "chain3",
					"parent": "chain2",
					"pivot": [-6.5, 0.75, 2],
					"cubes": [
						{"origin": [-6.5, 0.25, 2], "size": [0, 1, 1], "uv": [4, 5]}
					]
				},
				{
					"name": "chain4",
					"parent": "chain3",
					"pivot": [-6.5, 0.75, 3],
					"cubes": [
						{"origin": [-6.5, 0.25, 3], "size": [0, 1, 1], "pivot": [-6.5, 0.75, -0.5], "rotation": [0, 0, 90], "uv": [4, 1]}
					]
				},
				{
					"name": "chain5",
					"parent": "chain4",
					"pivot": [-6.5, 0.75, 4],
					"cubes": [
						{"origin": [-6.5, 0.25, 4], "size": [0, 1, 1], "uv": [4, 0]}
					]
				},
				{
					"name": "chain6",
					"parent": "chain5",
					"pivot": [-6.5, 0.75, 5],
					"cubes": [
						{"origin": [-6.5, 0.25, 5], "size": [0, 1, 1], "pivot": [-6.5, 0.75, -0.5], "rotation": [0, 0, 90], "uv": [2, 0]}
					]
				},
				{
					"name": "chain7",
					"parent": "chain6",
					"pivot": [-6.5, 0.75, 6],
					"cubes": [
						{"origin": [-6.5, 0.25, 6], "size": [0, 1, 1], "uv": [0, 0]}
					]
				},
				{
					"name": "chain8",
					"parent": "chain7",
					"pivot": [-6.5, 0.75, 7],
					"cubes": [
						{"origin": [-6.5, 0.25, 7], "size": [0, 1, 2], "pivot": [-6.5, 0.75, 7], "rotation": [30, 0, 90], "uv": [0, 0]},
						{"origin": [-6.525, 0.25, 7], "size": [0, 1, 2], "pivot": [-6.5, 0.75, 7], "rotation": [-30, 0, 90], "uv": [0, 4]}
					]
				},
				{
					"name": "arm_left",
					"parent": "torso",
					"pivot": [3, 5, -0.5],
					"cubes": [
						{"origin": [2, 4, -1.5], "size": [1, 2, 2], "uv": [22, 31], "mirror": true},
						{"origin": [3, 4, -1.5], "size": [3, 2, 2], "inflate": 0.1, "uv": [8, 27], "mirror": true}
					]
				},
				{
					"name": "finger4",
					"parent": "arm_left",
					"pivot": [6, 5.575, 0.25],
					"cubes": [
						{"origin": [6, 5.075, 0.25], "size": [1, 1, 0], "uv": [18, 10], "mirror": true}
					]
				},
				{
					"name": "finger5",
					"parent": "arm_left",
					"pivot": [6, 4.425, 0.25],
					"cubes": [
						{"origin": [6, 3.925, 0.25], "size": [1, 1, 0], "uv": [4, 15], "mirror": true}
					]
				},
				{
					"name": "finger6",
					"parent": "arm_left",
					"pivot": [6, 4.925, -1.25],
					"cubes": [
						{"origin": [6, 4.425, -1.25], "size": [1, 1, 0], "uv": [5, 0], "mirror": true}
					]
				},
				{
					"name": "leg_right",
					"parent": "body",
					"pivot": [-1.25, 2, 0],
					"cubes": [
						{"origin": [-2.25, 0, -2], "size": [2, 2, 3], "uv": [10, 22]},
						{"origin": [-2.25, 0.01, -3], "size": [2, 0, 1], "uv": [0, 0]},
						{"origin": [-1.75, -0.001, -1.5], "size": [1, 0, 2], "uv": [23, 35], "mirror": true}
					]
				},
				{
					"name": "leg_left",
					"parent": "body",
					"pivot": [1.25, 2, 0],
					"cubes": [
						{"origin": [0.25, 0, -2], "size": [2, 2, 3], "uv": [10, 22], "mirror": true},
						{"origin": [0.25, 0.01, -3], "size": [2, 0, 1], "uv": [0, 0], "mirror": true},
						{"origin": [0.75, -0.001, -1.5], "size": [1, 0, 2], "uv": [23, 35]}
					]
				}
			]
		}
	]
}