{
	"format_version": "1.12.0",
	"minecraft:geometry": [
		{
			"description": {
				"identifier": "geometry.yanma",
				"texture_width": 64,
				"texture_height": 64,
				"visible_bounds_width": 4,
				"visible_bounds_height": 3.5,
				"visible_bounds_offset": [0, 1.25, 0]
			},
			"bones": [
				{
					"name": "yanma",
					"pivot": [0, 0, 0]
				},
				{
					"name": "body",
					"parent": "yanma",
					"pivot": [0, 4.25, -2.5],
					"cubes": [
						{"origin": [-3.5, 1.75, -6], "size": [7, 5, 7], "uv": [30, 24]}
					]
				},
				{
					"name": "head",
					"parent": "body",
					"pivot": [0, 4.25, -6],
					"cubes": [
						{"origin": [-4, 1, -13], "size": [8, 7, 7], "uv": [0, 24]},
						{"origin": [-0.5, 3, -13.01], "size": [1, 5, 0], "uv": [46, 0]},
						{"origin": [-0.5, 8, -13.01], "size": [1, 0, 1], "uv": [45, 5]},
						{"origin": [-2, 0.5, -13.25], "size": [4, 3, 4], "uv": [48, 0]}
					]
				},
				{
					"name": "eyes",
					"parent": "head",
					"pivot": [0, 4.75, -11.5]
				},
				{
					"name": "eye_left",
					"parent": "eyes",
					"pivot": [4.025, 3.75095, -11.45638],
					"cubes": [
						{"origin": [4.025, 2.25, -12.5], "size": [0, 3, 2], "pivot": [4.025, 4.75, -11.5], "rotation": [2.5, 0, 0], "uv": [60, -1]}
					]
				},
				{
					"name": "eyelid_left",
					"parent": "eye_left",
					"pivot": [4.25, 3.75085, -11.48593],
					"cubes": [
						{"origin": [2.75, 2.25, -12.475], "size": [1, 3, 2], "inflate": 0.1, "pivot": [4.75, 3.5, -11.5], "rotation": [2.5, 0, 0], "uv": [58, 44]}
					]
				},
				{
					"name": "eye_right",
					"parent": "eyes",
					"pivot": [-4.025, 3.75095, -11.45638],
					"cubes": [
						{"origin": [-4.025, 2.25, -12.5], "size": [0, 3, 2], "pivot": [-4.025, 4.75, -11.5], "rotation": [2.5, 0, 0], "uv": [60, -1], "mirror": true}
					]
				},
				{
					"name": "eyelid_right",
					"parent": "eye_right",
					"pivot": [-4.25, 3.75085, -11.48593],
					"cubes": [
						{"origin": [-3.75, 2.25, -12.475], "size": [1, 3, 2], "inflate": 0.1, "pivot": [-4.75, 3.5, -11.5], "rotation": [2.5, 0, 0], "uv": [51, 44], "mirror": true}
					]
				},
				{
					"name": "antenna_right",
					"parent": "head",
					"pivot": [-1.5, 7.75, -11.25],
					"rotation": [-10, -40, -15],
					"cubes": [
						{"origin": [-1.5, 7.75, -12.25], "size": [0, 5, 3], "inflate": 0.01, "uv": [0, 40]}
					]
				},
				{
					"name": "antenna_right3",
					"parent": "antenna_right",
					"pivot": [-1.5, 12.75, -10.75],
					"rotation": [0, 0, 52.5],
					"cubes": [
						{"origin": [-1.5, 12.75, -12.25], "size": [0, 3, 3], "inflate": 0.01, "uv": [0, 37], "mirror": true}
					]
				},
				{
					"name": "antenna_left",
					"parent": "head",
					"pivot": [1.5, 7.75, -11.25],
					"rotation": [-10, 40, 15],
					"cubes": [
						{"origin": [1.5, 7.75, -12.25], "size": [0, 5, 3], "inflate": 0.01, "uv": [6, 40]}
					]
				},
				{
					"name": "antenna_left2",
					"parent": "antenna_left",
					"pivot": [1.5, 12.75, -10.75],
					"rotation": [0, 0, -52.5],
					"cubes": [
						{"origin": [1.5, 12.75, -12.25], "size": [0, 3, 3], "inflate": 0.01, "uv": [6, 37]}
					]
				},
				{
					"name": "mandible_right",
					"parent": "head",
					"pivot": [-1.75, 1, -11.5],
					"rotation": [70, -5, 0],
					"cubes": [
						{"origin": [-2.25, 0.5, -12.5], "size": [1, 3, 1], "uv": [42, 0]}
					]
				},
				{
					"name": "mandible_left",
					"parent": "head",
					"pivot": [1.75, 1, -11.5],
					"rotation": [70, 5, 0],
					"cubes": [
						{"origin": [1.25, 0.5, -12.5], "size": [1, 3, 1], "uv": [38, 0]}
					]
				},
				{
					"name": "wing_right1",
					"parent": "body",
					"pivot": [-2.5, 6.75, -3],
					"rotation": [0, -5, 5],
					"cubes": [
						{"origin": [-21.5, 6.75, -6.5], "size": [19, 0, 6], "inflate": 0.01, "uv": [-6, 6]}
					]
				},
				{
					"name": "wing_right2",
					"parent": "body",
					"pivot": [-2.5, 6.75, -1],
					"rotation": [0, 5, 7.5],
					"cubes": [
						{"origin": [-21.5, 6.75, -3.5], "size": [19, 0, 6], "uv": [-6, 0]}
					]
				},
				{
					"name": "wing_left1",
					"parent": "body",
					"pivot": [2.5, 6.75, -3],
					"rotation": [0, 5, -5],
					"cubes": [
						{"origin": [2.5, 6.75, -6.5], "size": [19, 0, 6], "inflate": 0.01, "uv": [-6, 18]}
					]
				},
				{
					"name": "wing_left2",
					"parent": "body",
					"pivot": [2.5, 6.75, -1],
					"rotation": [0, -5, -7.5],
					"cubes": [
						{"origin": [2.5, 6.75, -3.5], "size": [19, 0, 6], "inflate": 0.01, "uv": [-6, 12]}
					]
				},
				{
					"name": "leg_right1",
					"parent": "body",
					"pivot": [-3.5, 2.25, -5],
					"rotation": [0, -5, -5],
					"cubes": [
						{"origin": [-7.5, 2.25, -5.5], "size": [4, 0, 1], "uv": [15, 39]}
					]
				},
				{
					"name": "leg_joint_right1",
					"parent": "leg_right1",
					"pivot": [-7.5, 2.25, -5],
					"cubes": [
						{"origin": [-12.5, 2.25, -6.25], "size": [5, 0, 2], "inflate": 0.01, "uv": [30, 37]}
					]
				},
				{
					"name": "leg_right2",
					"parent": "body",
					"pivot": [-3.5, 2, -3],
					"rotation": [0, 0, -5],
					"cubes": [
						{"origin": [-7.5, 2, -3.5], "size": [4, 0, 1], "uv": [11, 43]}
					]
				},
				{
					"name": "leg_joint_right2",
					"parent": "leg_right2",
					"pivot": [-7.5, 2, -3],
					"cubes": [
						{"origin": [-12.5, 2, -4.25], "size": [5, 0, 2], "inflate": 0.01, "uv": [30, 39]}
					]
				},
				{
					"name": "leg_right3",
					"parent": "body",
					"pivot": [-3.5, 2, -1],
					"rotation": [0, 5, -5],
					"cubes": [
						{"origin": [-7.5, 2, -1.5], "size": [4, 0, 1], "uv": [15, 38]}
					]
				},
				{
					"name": "leg_joint_right3",
					"parent": "leg_right3",
					"pivot": [-7.5, 2, -1],
					"cubes": [
						{"origin": [-11.5, 2, -2.25], "size": [4, 0, 2], "inflate": 0.01, "uv": [-2, 38]}
					]
				},
				{
					"name": "leg_left1",
					"parent": "body",
					"pivot": [3.5, 2.25, -5],
					"rotation": [0, 5, 5],
					"cubes": [
						{"origin": [3.5, 2.25, -5.5], "size": [4, 0, 1], "uv": [11, 40]}
					]
				},
				{
					"name": "leg_joint_left1",
					"parent": "leg_left1",
					"pivot": [7.5, 2.25, -5],
					"cubes": [
						{"origin": [7.5, 2.25, -6.25], "size": [5, 0, 2], "inflate": 0.01, "uv": [40, 39]}
					]
				},
				{
					"name": "leg_left2",
					"parent": "body",
					"pivot": [3.5, 2, -3],
					"rotation": [0, 0, 5],
					"cubes": [
						{"origin": [3.5, 2, -3.5], "size": [4, 0, 1], "uv": [41, 37]}
					]
				},
				{
					"name": "leg_joint_left2",
					"parent": "leg_left2",
					"pivot": [7.5, 2, -3],
					"cubes": [
						{"origin": [7.5, 2, -4.25], "size": [5, 0, 2], "inflate": 0.01, "uv": [10, 41]}
					]
				},
				{
					"name": "leg_left3",
					"parent": "body",
					"pivot": [3.5, 2, -1],
					"rotation": [0, -5, 5],
					"cubes": [
						{"origin": [3.5, 2, -1.5], "size": [4, 0, 1], "uv": [41, 38]}
					]
				},
				{
					"name": "leg_joint_left3",
					"parent": "leg_left3",
					"pivot": [7.5, 2, -1],
					"cubes": [
						{"origin": [7.5, 2, -2.25], "size": [4, 0, 2], "inflate": 0.01, "uv": [6, 38]}
					]
				},
				{
					"name": "tail1",
					"parent": "body",
					"pivot": [0, 4.5, 1],
					"cubes": [
						{"origin": [-1.5, 3, 0], "size": [3, 3, 5], "uv": [34, 41]}
					]
				},
				{
					"name": "tail2",
					"parent": "tail1",
					"pivot": [0, 4.5, 5],
					"cubes": [
						{"origin": [-1, 3.5, 4], "size": [2, 2, 6], "inflate": 0.02, "uv": [48, 16]}
					]
				},
				{
					"name": "tail3",
					"parent": "tail2",
					"pivot": [0, 5.5, 10],
					"cubes": [
						{"origin": [-1, 3.5, 10], "size": [2, 2, 5], "uv": [45, 8]}
					]
				},
				{
					"name": "tail4",
					"parent": "tail3",
					"pivot": [0, 5.5, 15],
					"cubes": [
						{"origin": [-1, 3.5, 15], "size": [2, 2, 5], "uv": [50, 36]}
					]
				},
				{
					"name": "tail5",
					"parent": "tail4",
					"pivot": [0, 5.5, 20],
					"cubes": [
						{"origin": [-1, 3.5, 20], "size": [2, 2, 5], "uv": [38, 15]}
					]
				},
				{
					"name": "tail_right1",
					"parent": "tail5",
					"pivot": [-1, 4.5, 22.5],
					"cubes": [
						{"origin": [-5, 4.5, 20], "size": [4, 0, 5], "inflate": 0.01, "uv": [19, 38]}
					]
				},
				{
					"name": "tail_right2",
					"parent": "tail_right1",
					"pivot": [-5, 4.5, 22.5],
					"cubes": [
						{"origin": [-8, 4.5, 21], "size": [3, 0, 3], "inflate": 0.01, "uv": [15, 44]}
					]
				},
				{
					"name": "tail_left1",
					"parent": "tail5",
					"pivot": [1, 4.5, 22.5],
					"cubes": [
						{"origin": [1, 4.5, 20], "size": [4, 0, 5], "inflate": 0.01, "uv": [19, 43]}
					]
				},
				{
					"name": "tail_left2",
					"parent": "tail_left1",
					"pivot": [5, 4.5, 22.5],
					"cubes": [
						{"origin": [5, 4.5, 21], "size": [3, 0, 3], "inflate": 0.01, "uv": [9, 44]}
					]
				},
				{
					"name": "tail_end",
					"parent": "tail5",
					"pivot": [0, 5.5, 25],
					"cubes": [
						{"origin": [-1, 0.5, 25], "size": [2, 5, 4], "inflate": 0.02, "uv": [38, 4]}
					]
				}
			]
		}
	]
}