{
	"format_version": "1.12.0",
	"minecraft:geometry": [
		{
			"description": {
				"identifier": "geometry.ampharos",
				"texture_width": 128,
				"texture_height": 128,
				"visible_bounds_width": 6,
				"visible_bounds_height": 4.5,
				"visible_bounds_offset": [0, 1.75, 0]
			},
			"bones": [
				{
					"name": "ampharos",
					"pivot": [0, 0, 0]
				},
				{
					"name": "toe_pivot_rotate",
					"parent": "ampharos",
					"pivot": [6.75, -0.15, -4]
				},
				{
					"name": "toe_pivot",
					"parent": "toe_pivot_rotate",
					"pivot": [6.75, -0.1, -4.15]
				},
				{
					"name": "body",
					"parent": "toe_pivot",
					"pivot": [0, 19, 0]
				},
				{
					"name": "torso",
					"parent": "body",
					"pivot": [0, 6.5, 0],
					"cubes": [
						{"origin": [-5, 6, -5], "size": [10, 11, 11], "inflate": 0.01, "uv": [2, 31]}
					]
				},
				{
					"name": "chest",
					"parent": "torso",
					"pivot": [0, 17, 5.5],
					"cubes": [
						{"origin": [-4.5, 16.5, -4.5], "size": [9, 4, 10], "uv": [38, 43]}
					]
				},
				{
					"name": "chest2",
					"parent": "chest",
					"pivot": [0, 20.5, 4.5],
					"cubes": [
						{"origin": [-3, 20, -3.5], "size": [6, 3, 8], "uv": [28, 19]}
					]
				},
				{
					"name": "arms",
					"parent": "chest2",
					"pivot": [0, 22.5, 1]
				},
				{
					"name": "arm_left",
					"parent": "arms",
					"pivot": [2.5, 22.5, 1],
					"cubes": [
						{"origin": [2.5, 22.5, -1], "size": [5, 0, 5], "uv": [38, 14]}
					]
				},
				{
					"name": "arm_left2",
					"parent": "arm_left",
					"pivot": [7.5, 22.5, 3],
					"cubes": [
						{"origin": [7.5, 22.5, -1], "size": [6, 0, 5], "inflate": 0.01, "uv": [43, 19]}
					]
				},
				{
					"name": "hand_left",
					"parent": "arm_left2",
					"pivot": [13.5, 22.5, 3],
					"cubes": [
						{"origin": [13.5, 22.5, -1], "size": [3, 0, 4], "uv": [40, 0]}
					]
				},
				{
					"name": "arm_right",
					"parent": "arms",
					"pivot": [-2.5, 22.5, 1],
					"cubes": [
						{"origin": [-7.5, 22.5, -1], "size": [5, 0, 5], "uv": [48, 13], "mirror": true}
					]
				},
				{
					"name": "arm_right2",
					"parent": "arm_right",
					"pivot": [-7.5, 22.5, 3],
					"cubes": [
						{"origin": [-13.5, 22.5, -1], "size": [6, 0, 5], "inflate": 0.01, "uv": [55, 20], "mirror": true}
					]
				},
				{
					"name": "hand_right",
					"parent": "arm_right2",
					"pivot": [-13.5, 22.5, 3],
					"cubes": [
						{"origin": [-16.5, 22.5, -1], "size": [3, 0, 4], "uv": [54, 0], "mirror": true}
					]
				},
				{
					"name": "neck",
					"parent": "chest2",
					"pivot": [0, 23, 1],
					"cubes": [
						{"origin": [-2.5, 22, -1.5], "size": [5, 5, 5], "uv": [16, 17]}
					]
				},
				{
					"name": "neck2",
					"parent": "neck",
					"pivot": [0, 27, 1],
					"cubes": [
						{"origin": [-2, 26, -1], "size": [4, 8, 4], "uv": [0, 17]}
					]
				},
				{
					"name": "head",
					"parent": "neck2",
					"pivot": [0, 33, 1],
					"cubes": [
						{"origin": [-3.5, 33, -5.5], "size": [7, 7, 10], "uv": [0, 0]}
					]
				},
				{
					"name": "hair",
					"parent": "head",
					"pivot": [0, 40, 0],
					"cubes": [
						{"origin": [-1, 41, -4], "size": [2, 2, 2], "uv": [0, 29]},
						{"origin": [-1.5, 41, -2.01], "size": [4, 2, 0], "pivot": [-1.5, 41, -2.01], "rotation": [0, 37.5, 0], "uv": [20, 56]},
						{"origin": [-1.5, 40, -4], "size": [3, 1, 2], "uv": [20, 53]},
						{"origin": [-1.5, 40, -2], "size": [3, 4, 5], "uv": [28, 57]}
					]
				},
				{
					"name": "hair1",
					"parent": "hair",
					"pivot": [0, 40, 3],
					"cubes": [
						{"origin": [-2, 40, 3], "size": [4, 5, 5], "uv": [23, 66]}
					]
				},
				{
					"name": "hair1_2",
					"parent": "hair1",
					"pivot": [0, 44, 8],
					"cubes": [
						{"origin": [-1.5, 41, 7], "size": [3, 3, 5], "inflate": 0.01, "uv": [44, 57]}
					]
				},
				{
					"name": "hair1_3",
					"parent": "hair1_2",
					"pivot": [0, 42, 12],
					"cubes": [
						{"origin": [-1, 42, 11], "size": [2, 2, 5], "uv": [41, 65]}
					]
				},
				{
					"name": "hair2",
					"parent": "hair1",
					"pivot": [0, 40, 5],
					"cubes": [
						{"origin": [-3, 31, 5], "size": [6, 9, 8], "uv": [0, 71]}
					]
				},
				{
					"name": "hair2_left",
					"parent": "hair2",
					"pivot": [0, 36, 7],
					"cubes": [
						{"origin": [1, 32, 7], "size": [4, 7, 7], "uv": [28, 76]}
					]
				},
				{
					"name": "hair2_left2",
					"parent": "hair2_left",
					"pivot": [0, 36, 14],
					"cubes": [
						{"origin": [1.5, 34, 13], "size": [3, 4, 6], "uv": [43, 72]}
					]
				},
				{
					"name": "hair2_left3",
					"parent": "hair2_left2",
					"pivot": [0, 36, 19],
					"cubes": [
						{"origin": [2, 35, 18], "size": [2, 2, 4], "uv": [50, 82]}
					]
				},
				{
					"name": "hair2_right",
					"parent": "hair2",
					"pivot": [0, 36, 7],
					"cubes": [
						{"origin": [-5, 32, 7], "size": [4, 7, 7], "uv": [0, 90], "mirror": true}
					]
				},
				{
					"name": "hair2_right2",
					"parent": "hair2_right",
					"pivot": [0, 36, 14],
					"cubes": [
						{"origin": [-4.5, 34, 13], "size": [3, 4, 6], "uv": [22, 90], "mirror": true}
					]
				},
				{
					"name": "hair2_right3",
					"parent": "hair2_right2",
					"pivot": [0, 36, 19],
					"cubes": [
						{"origin": [-4, 35, 18], "size": [2, 2, 4], "uv": [16, 90], "mirror": true}
					]
				},
				{
					"name": "hair3",
					"parent": "hair2",
					"pivot": [0, 31, 5],
					"cubes": [
						{"origin": [-3, 21, 5], "size": [6, 10, 8], "inflate": 0.01, "uv": [0, 53]}
					]
				},
				{
					"name": "hair3_left1",
					"parent": "hair3",
					"pivot": [0, 28, 6],
					"cubes": [
						{"origin": [1, 25, 6], "size": [5, 6, 8], "uv": [81, 56]}
					]
				},
				{
					"name": "hair3_left2",
					"parent": "hair3_left1",
					"pivot": [0, 28, 14],
					"cubes": [
						{"origin": [2, 25.5, 13], "size": [3, 5, 6], "uv": [79, 70]}
					]
				},
				{
					"name": "hair3_left3",
					"parent": "hair3_left2",
					"pivot": [0, 28, 19],
					"cubes": [
						{"origin": [2.5, 26.5, 18], "size": [2, 3, 5], "uv": [76, 81]}
					]
				},
				{
					"name": "hair3_right1",
					"parent": "hair3",
					"pivot": [0, 28, 6],
					"cubes": [
						{"origin": [-6, 25, 6], "size": [5, 6, 8], "uv": [55, 57], "mirror": true}
					]
				},
				{
					"name": "hair3_right2",
					"parent": "hair3_right1",
					"pivot": [0, 28, 14],
					"cubes": [
						{"origin": [-5, 25.5, 13], "size": [3, 5, 6], "uv": [61, 71], "mirror": true}
					]
				},
				{
					"name": "hair3_right3",
					"parent": "hair3_right2",
					"pivot": [0, 28, 19],
					"cubes": [
						{"origin": [-4.5, 26.5, 18], "size": [2, 3, 5], "uv": [62, 82], "mirror": true}
					]
				},
				{
					"name": "hair4_left",
					"parent": "hair3",
					"pivot": [0, 22, 8],
					"cubes": [
						{"origin": [1, 20, 8], "size": [3, 4, 8], "inflate": 0.01, "uv": [99, 52]}
					]
				},
				{
					"name": "hair4_left2",
					"parent": "hair4_left",
					"pivot": [0, 22.5, 16],
					"cubes": [
						{"origin": [1.5, 21, 15], "size": [2, 3, 6], "uv": [101, 64]}
					]
				},
				{
					"name": "hair4_right",
					"parent": "hair3",
					"pivot": [0, 22, 8],
					"cubes": [
						{"origin": [-4, 20, 8], "size": [3, 4, 8], "inflate": 0.01, "uv": [42, 88], "mirror": true}
					]
				},
				{
					"name": "hair4_right2",
					"parent": "hair4_right",
					"pivot": [0, 22.5, 16],
					"cubes": [
						{"origin": [-3.5, 21, 15], "size": [2, 3, 6], "uv": [64, 90], "mirror": true}
					]
				},
				{
					"name": "hair3_middle",
					"parent": "hair",
					"pivot": [0, 24, 13],
					"cubes": [
						{"origin": [-1.5, 22, 12], "size": [3, 4, 6], "inflate": 0.01, "uv": [91, 75]}
					]
				},
				{
					"name": "hair3_middle2",
					"parent": "hair3_middle",
					"pivot": [0, 24, 18],
					"cubes": [
						{"origin": [-1, 22.5, 17], "size": [2, 3, 5], "inflate": 0.01, "uv": [73, 56]}
					]
				},
				{
					"name": "mouth",
					"parent": "head",
					"pivot": [0, 32.99, -3.5]
				},
				{
					"name": "mouth_closed",
					"parent": "mouth",
					"pivot": [0, 32.99, -3.5],
					"cubes": [
						{"origin": [-2, 32.99, -4.5], "size": [4, 0, 2], "uv": [-2, 2]}
					]
				},
				{
					"name": "mouth_open",
					"parent": "mouth",
					"pivot": [0, 33.09, -3.5],
					"cubes": [
						{"origin": [-2, 33.09, -4.5], "size": [4, 0, 2], "uv": [-2, 4]}
					]
				},
				{
					"name": "eyes",
					"parent": "head",
					"pivot": [0.5, 32.25, -6.25]
				},
				{
					"name": "eye_left",
					"parent": "eyes",
					"pivot": [3.51, 37.5, -1],
					"cubes": [
						{"origin": [3.51, 36.5, -2], "size": [0, 2, 2], "uv": [0, -2]}
					]
				},
				{
					"name": "pupil_left",
					"parent": "eye_left",
					"pivot": [3.52, 38, -1.5],
					"cubes": [
						{"origin": [3.52, 37.5, -2], "size": [0, 1, 1], "uv": [8, -1]}
					]
				},
				{
					"name": "eyelid_left",
					"parent": "eye_left",
					"pivot": [3.02, 37.5, -1],
					"cubes": [
						{"origin": [2.42, 36.5, -2], "size": [1, 2, 2], "inflate": 0.01, "uv": [0, 6]}
					]
				},
				{
					"name": "eye_right",
					"parent": "eyes",
					"pivot": [-3.51, 37.5, -1],
					"cubes": [
						{"origin": [-3.51, 36.5, -2], "size": [0, 2, 2], "uv": [4, -2], "mirror": true}
					]
				},
				{
					"name": "pupil_right",
					"parent": "eye_right",
					"pivot": [-3.52, 38, -1.5],
					"cubes": [
						{"origin": [-3.52, 37.5, -2], "size": [0, 1, 1], "uv": [8, 0], "mirror": true}
					]
				},
				{
					"name": "eyelid_right",
					"parent": "eye_right",
					"pivot": [-3.02, 37.5, -1],
					"cubes": [
						{"origin": [-3.42, 36.5, -2], "size": [1, 2, 2], "inflate": 0.01, "uv": [12, 17], "mirror": true}
					]
				},
				{
					"name": "ear_left",
					"parent": "head",
					"pivot": [2.75, 39.25, 3],
					"rotation": [-10, 0, 50],
					"cubes": [
						{"origin": [1.75, 44.2, 2], "size": [2, 2, 2], "uv": [25, 5]},
						{"origin": [0.75, 38.75, 1], "size": [4, 4, 4], "uv": [34, 6]},
						{"origin": [1.25, 42.25, 1.5], "size": [3, 2, 3], "uv": [50, 8]}
					]
				},
				{
					"name": "ear_left4",
					"parent": "ear_left",
					"pivot": [2.75, 46.2, 4],
					"rotation": [60, 0, 0],
					"cubes": [
						{"origin": [1.75, 46.2, 2], "size": [2, 2, 2], "inflate": 0.01, "uv": [25, 5]}
					]
				},
				{
					"name": "ear_right",
					"parent": "head",
					"pivot": [-2.75, 39.25, 3],
					"rotation": [-10, 0, -50],
					"cubes": [
						{"origin": [-3.75, 44.2, 2], "size": [2, 2, 2], "uv": [25, 5], "mirror": true},
						{"origin": [-4.75, 38.75, 1], "size": [4, 4, 4], "uv": [34, 6], "mirror": true},
						{"origin": [-4.25, 42.25, 1.5], "size": [3, 2, 3], "uv": [50, 8], "mirror": true}
					]
				},
				{
					"name": "ear_right4",
					"parent": "ear_right",
					"pivot": [-2.75, 46.2, 4],
					"rotation": [60, 0, 0],
					"cubes": [
						{"origin": [-3.75, 46.2, 2], "size": [2, 2, 2], "inflate": 0.01, "uv": [25, 5], "mirror": true}
					]
				},
				{
					"name": "tail",
					"parent": "torso",
					"pivot": [0, 6, 4.5],
					"cubes": [
						{"origin": [-2, 6, 4.5], "size": [4, 4, 7], "uv": [0, 104]}
					]
				},
				{
					"name": "tail2",
					"parent": "tail",
					"pivot": [0, 8.5, 11.5],
					"cubes": [
						{"origin": [-2, 3, 12.5], "size": [4, 3, 5], "inflate": 0.01, "uv": [103, 73]},
						{"origin": [-2, 6, 10.5], "size": [4, 7, 7], "inflate": 0.01, "uv": [22, 100]},
						{"origin": [-1, 4, 10.5], "size": [2, 2, 2], "uv": [0, 37]}
					]
				},
				{
					"name": "tail3",
					"parent": "tail2",
					"pivot": [0, 8.5, 16.5],
					"cubes": [
						{"origin": [-2.5, 2, 16.5], "size": [5, 14, 6], "uv": [44, 100]},
						{"origin": [1.5, 8, 19], "size": [2, 3, 3], "uv": [90, 44]},
						{"origin": [-1, 13, 14.5], "size": [2, 2, 2], "uv": [0, 33]}
					]
				},
				{
					"name": "tail4",
					"parent": "tail3",
					"pivot": [0, 8.5, 22.5],
					"cubes": [
						{"origin": [-1.5, 5.5, 21.5], "size": [3, 8, 7], "uv": [66, 99]}
					]
				},
				{
					"name": "tail_end_unlit",
					"parent": "tail4",
					"pivot": [1.5, 10.5, 27.25],
					"cubes": [
						{"origin": [-1, 9, 27.5], "size": [2, 4, 5], "inflate": 0.01, "uv": [80, 89]},
						{"origin": [-1, 7, 28.5], "size": [2, 2, 2], "uv": [84, 40]}
					]
				},
				{
					"name": "tail_end_unlit2",
					"parent": "tail_end_unlit",
					"pivot": [1.5, 12.5, 31.25],
					"cubes": [
						{"origin": [-1, 11, 31.5], "size": [2, 3, 5], "uv": [89, 85]}
					]
				},
				{
					"name": "legs",
					"parent": "body",
					"pivot": [0, 0, 0]
				},
				{
					"name": "leg_left",
					"parent": "legs",
					"pivot": [6, 11.5, 0],
					"cubes": [
						{"origin": [3.5, 5, -3.5], "size": [5, 10, 7], "uv": [63, 0]}
					]
				},
				{
					"name": "leg_left2",
					"parent": "leg_left",
					"pivot": [6, 5, -2.3],
					"cubes": [
						{"origin": [4.5, 3.5, -2.3], "size": [3, 2, 5], "uv": [82, 17]}
					]
				},
				{
					"name": "leg_left3",
					"parent": "leg_left2",
					"pivot": [6.5, 3.5, -0.8],
					"cubes": [
						{"origin": [5, 1.5, -0.8], "size": [2, 2, 3], "uv": [79, 30]}
					]
				},
				{
					"name": "foot_left",
					"parent": "leg_left3",
					"pivot": [6, 2, 2.2],
					"cubes": [
						{"origin": [4, 0, -4.3], "size": [4, 2, 7], "inflate": 0.01, "uv": [104, 10]},
						{"origin": [4.5, 0, -5.3], "size": [3, 1, 1], "uv": [86, 31]}
					]
				},
				{
					"name": "leg_right",
					"parent": "legs",
					"pivot": [-6, 11.5, 0],
					"cubes": [
						{"origin": [-8.5, 5, -3.5], "size": [5, 10, 7], "uv": [87, 0], "mirror": true}
					]
				},
				{
					"name": "leg_right2",
					"parent": "leg_right",
					"pivot": [-6, 5, -2.3],
					"cubes": [
						{"origin": [-7.5, 3.5, -2.3], "size": [3, 2, 5], "uv": [93, 19], "mirror": true}
					]
				},
				{
					"name": "leg_right3",
					"parent": "leg_right2",
					"pivot": [-6.5, 3.5, -0.8],
					"cubes": [
						{"origin": [-7, 1.5, -0.8], "size": [2, 2, 3], "uv": [87, 26], "mirror": true}
					]
				},
				{
					"name": "foot_right",
					"parent": "leg_right3",
					"pivot": [-6, 2, 2.2],
					"cubes": [
						{"origin": [-8, 0, -4.3], "size": [4, 2, 7], "inflate": 0.01, "uv": [102, 19], "mirror": true},
						{"origin": [-7.5, 0, -5.3], "size": [3, 1, 1], "uv": [79, 35], "mirror": true}
					]
				}
			]
		}
	]
}