{
	"format_version": "1.12.0",
	"minecraft:geometry": [
		{
			"description": {
				"identifier": "geometry.arceus",
				"texture_width": 256,
				"texture_height": 256,
				"visible_bounds_width": 7,
				"visible_bounds_height": 6.5,
				"visible_bounds_offset": [0, 2.75, 0]
			},
			"bones": [
				{
					"name": "arceus",
					"pivot": [0, 0, 0]
				},
				{
					"name": "body",
					"parent": "arceus",
					"pivot": [0, 34.3, -5.2]
				},
				{
					"name": "torso",
					"parent": "body",
					"pivot": [0.65, 33.65, 2.925],
					"cubes": [
						{"origin": [-8, 27.1, -7.2], "size": [16, 16, 16], "uv": [0, 0]},
						{"origin": [-1, 43.1, 3.8], "size": [2, 2, 7], "uv": [141, 108]},
						{"origin": [-1, 42.46999, -0.98541], "size": [2, 2, 5], "inflate": 0.01, "pivot": [0, 43.96999, 1.51459], "rotation": [15, 0, 0], "uv": [143, 118]},
						{"origin": [-1, 25.15, 3.8], "size": [2, 3, 7], "uv": [161, 108]},
						{"origin": [-1, 25.78001, -0.98541], "size": [2, 2, 5], "inflate": 0.01, "pivot": [0, 26.28001, 1.51459], "rotation": [-15, 0, 0], "uv": [163, 118]},
						{"origin": [7.75, 34.22941, -0.83896], "size": [2, 2, 5], "inflate": 0.01, "pivot": [8.75, 34.79351, 4.472], "rotation": [15, 0, 90], "uv": [143, 118]},
						{"origin": [7.75, 34.1, 3.8], "size": [2, 2, 7], "pivot": [8.75, 34.79351, 4.472], "rotation": [0, 0, 90], "uv": [141, 108]},
						{"origin": [-9.75, 34.22941, -0.83896], "size": [2, 2, 5], "inflate": 0.01, "pivot": [-8.75, 34.79351, 4.472], "rotation": [15, 0, -90], "uv": [143, 118], "mirror": true},
						{"origin": [-9.75, 34.1, 3.8], "size": [2, 2, 7], "pivot": [-8.75, 34.79351, 4.472], "rotation": [0, 0, -90], "uv": [141, 108], "mirror": true},
						{"origin": [-7, 29.122, 8.772], "size": [14, 13, 13], "inflate": 0.01, "uv": [0, 32]},
						{"origin": [-8, 28.122, 8.772], "size": [16, 15, 2], "inflate": 0.01, "uv": [4, 138]},
						{"origin": [-21, 16.122, 9.772], "size": [13, 40, 0], "inflate": 0.01, "uv": [100, 177]},
						{"origin": [8, 16.122, 9.772], "size": [13, 40, 0], "inflate": 0.01, "uv": [100, 177], "mirror": true},
						{"origin": [-14.5, 44.122, 9.272], "size": [3, 19, 1], "inflate": 0.01, "pivot": [-7, 50.622, 9.772], "rotation": [0, 0, -45], "uv": [5, 158]},
						{"origin": [-14, 63.122, 9.272], "size": [2, 3, 1], "inflate": 0.01, "pivot": [-7, 50.622, 9.772], "rotation": [0, 0, -45], "uv": [17, 158]},
						{"origin": [-14, 54.122, 9.022], "size": [2, 3, 1], "inflate": 0.01, "pivot": [-7, 50.622, 9.772], "rotation": [0, 0, -45], "uv": [25, 157]},
						{"origin": [12, 54.122, 9.022], "size": [2, 3, 1], "inflate": 0.01, "pivot": [7, 50.622, 9.772], "rotation": [0, 0, 45], "uv": [25, 157], "mirror": true},
						{"origin": [12, 63.122, 9.272], "size": [2, 3, 1], "inflate": 0.01, "pivot": [7, 50.622, 9.772], "rotation": [0, 0, 45], "uv": [17, 158], "mirror": true},
						{"origin": [-65, -12.122, 9.272], "size": [3, 19, 1], "inflate": 0.01, "pivot": [-7, -50.622, 9.772], "rotation": [0, 0, 45], "uv": [5, 158]},
						{"origin": [-64.5, -15.122, 9.272], "size": [2, 3, 1], "inflate": 0.01, "pivot": [-7, -50.622, 9.772], "rotation": [0, 0, 45], "uv": [17, 163]},
						{"origin": [-64.5, -6.122, 9.022], "size": [2, 3, 1], "inflate": 0.01, "pivot": [-7, -50.622, 9.772], "rotation": [0, 0, 45], "uv": [25, 163]},
						{"origin": [62.5, -6.122, 9.022], "size": [2, 3, 1], "inflate": 0.01, "pivot": [7, -50.622, 9.772], "rotation": [0, 0, -45], "uv": [25, 163], "mirror": true},
						{"origin": [62.5, -15.122, 9.272], "size": [2, 3, 1], "inflate": 0.01, "pivot": [7, -50.622, 9.772], "rotation": [0, 0, -45], "uv": [17, 163], "mirror": true},
						{"origin": [62, -12.122, 9.272], "size": [3, 19, 1], "inflate": 0.01, "pivot": [7, -50.622, 9.772], "rotation": [0, 0, -45], "uv": [5, 158], "mirror": true},
						{"origin": [11.5, 44.122, 9.272], "size": [3, 19, 1], "inflate": 0.01, "pivot": [7, 50.622, 9.772], "rotation": [0, 0, 45], "uv": [5, 158], "mirror": true}
					]
				},
				{
					"name": "chest",
					"parent": "torso",
					"pivot": [0, 37.122, -7.228],
					"cubes": [
						{"origin": [-6, 29.122, -20.203], "size": [12, 16, 13], "inflate": 0.01, "uv": [41, 45]}
					]
				},
				{
					"name": "neck",
					"parent": "chest",
					"pivot": [0, 43.05, -14.4],
					"cubes": [
						{"origin": [-5, 42.55, -18.9], "size": [10, 12, 9], "uv": [0, 58]},
						{"origin": [3, 46.547, -14.253], "size": [8, 7, 0], "inflate": 0.01, "uv": [157, 72], "mirror": true},
						{"origin": [-11, 46.547, -14.253], "size": [8, 7, 0], "inflate": 0.01, "uv": [157, 72]}
					]
				},
				{
					"name": "neck2",
					"parent": "neck",
					"pivot": [0, 53.37098, -14.18724],
					"cubes": [
						{"origin": [-4, 53.347, -18.253], "size": [8, 10, 8], "inflate": 0.01, "uv": [86, 34]},
						{"origin": [-3, 63.347, -17.253], "size": [6, 2, 6], "inflate": 0.01, "uv": [61, 137]},
						{"origin": [-10, 54.547, -14.253], "size": [8, 7, 0], "inflate": 0.01, "uv": [157, 72]},
						{"origin": [2, 54.547, -14.253], "size": [8, 7, 0], "inflate": 0.01, "uv": [157, 72], "mirror": true},
						{"origin": [-2.5, 51.347, -17.653], "size": [5, 10, 4], "inflate": 0.01, "pivot": [0, 63.347, -20.253], "rotation": [-15, 0, 0], "uv": [92, 117]}
					]
				},
				{
					"name": "neck3",
					"parent": "neck2",
					"pivot": [0, 63.3, -14.75]
				},
				{
					"name": "head",
					"parent": "neck3",
					"pivot": [0.01471, 63.2363, -14.78945],
					"cubes": [
						{"origin": [-4.4444, 65.26538, -16.6952], "size": [9, 4, 2], "uv": [114, 100]},
						{"origin": [-2.58845, 65.08538, -19.54777], "size": [6, 4, 6], "inflate": 0.18, "pivot": [0.057, 67.17538, -16.1952], "rotation": [0, 45, 0], "uv": [114, 90]},
						{"origin": [-1.38135, 65.65538, -20.09522], "size": [1, 1, 0], "inflate": 0.01, "pivot": [0.76411, 66.99538, -15.74265], "rotation": [0, 45, 0], "uv": [143, 97]},
						{"origin": [0.38135, 65.65538, -20.19522], "size": [1, 1, 0], "inflate": 0.01, "pivot": [-0.76411, 66.99538, -15.74265], "rotation": [0, -45, 0], "uv": [143, 97], "mirror": true},
						{"origin": [-5, 63.26538, -17.6952], "size": [10, 2, 3], "uv": [79, 53]},
						{"origin": [-4, 63.26538, -20.6952], "size": [8, 2, 3], "uv": [0, 126]},
						{"origin": [-2, 63.26538, -22.6952], "size": [4, 2, 2], "uv": [106, 90]},
						{"origin": [-5.63207, 63.41048, -14.78886], "size": [2, 7, 3], "pivot": [-5.13207, 70.66048, -13.28886], "rotation": [-14.94548, -1.29256, -4.83045], "uv": [126, 117]},
						{"origin": [-5.63207, 70.41048, -14.78886], "size": [0, 8, 3], "pivot": [-5.13207, 70.66048, -13.28886], "rotation": [-14.94548, -1.29256, -4.83045], "uv": [0, 55]},
						{"origin": [3.63207, 63.41048, -14.78886], "size": [2, 7, 3], "pivot": [5.13207, 70.66048, -13.28886], "rotation": [-14.94548, 1.29256, 4.83045], "uv": [126, 117], "mirror": true},
						{"origin": [5.63207, 70.41048, -14.78886], "size": [0, 8, 3], "pivot": [5.13207, 70.66048, -13.28886], "rotation": [-14.94548, 1.29256, 4.83045], "uv": [0, 55], "mirror": true},
						{"origin": [-4, 69.27538, -23.7252], "size": [8, 4, 5], "inflate": 0.01, "uv": [146, 32]},
						{"origin": [-5, 69.27538, -18.7052], "size": [10, 5, 4], "inflate": 0.01, "uv": [183, 54]},
						{"origin": [-5, 63.27538, -14.6852], "size": [10, 11, 6], "inflate": 0.01, "uv": [144, 50]}
					]
				},
				{
					"name": "eye_right",
					"parent": "head",
					"pivot": [0.76411, 66.99538, -15.74265],
					"cubes": [
						{"origin": [-2.13135, 67.40538, -20.09522], "size": [3, 3, 0], "inflate": 0.01, "pivot": [0.76411, 66.99538, -15.74265], "rotation": [0, 45, 0], "uv": [143, 97]},
						{"origin": [-1.48135, 67.90538, -20.11], "size": [2, 2, 0], "inflate": 0.01, "pivot": [0.76411, 66.99538, -15.74265], "rotation": [0, 45, 0], "uv": [143, 102]},
						{"origin": [-0.73135, 68.40538, -20.125], "size": [1, 1, 0], "pivot": [0.76411, 66.99538, -15.74265], "rotation": [0, 45, 0], "uv": [143, 105]}
					]
				},
				{
					"name": "eye_left",
					"parent": "head",
					"pivot": [-0.76411, 66.99538, -15.74265],
					"cubes": [
						{"origin": [-0.86865, 67.40538, -20.19522], "size": [3, 3, 0], "inflate": 0.01, "pivot": [-0.76411, 66.99538, -15.74265], "rotation": [0, -45, 0], "uv": [143, 97], "mirror": true},
						{"origin": [-0.51865, 67.90538, -20.21], "size": [2, 2, 0], "inflate": 0.01, "pivot": [-0.76411, 66.99538, -15.74265], "rotation": [0, -45, 0], "uv": [143, 102], "mirror": true},
						{"origin": [-0.26865, 68.40538, -20.225], "size": [1, 1, 0], "pivot": [-0.76411, 66.99538, -15.74265], "rotation": [0, -45, 0], "uv": [143, 105], "mirror": true}
					]
				},
				{
					"name": "mane",
					"parent": "head",
					"pivot": [0, 68.27538, -9.3102],
					"cubes": [
						{"origin": [-4, 64.27538, -9.6852], "size": [8, 8, 8], "inflate": 0.01, "uv": [48, 0]}
					]
				},
				{
					"name": "mane2",
					"parent": "mane",
					"pivot": [0, 68.27538, -1.85187],
					"cubes": [
						{"origin": [-3, 65.27538, -1.6852], "size": [6, 6, 7], "inflate": 0.01, "uv": [0, 113]}
					]
				},
				{
					"name": "mane3",
					"parent": "mane2",
					"pivot": [0, 68.27538, 5.3148],
					"cubes": [
						{"origin": [-2, 66.27538, 5.3148], "size": [4, 4, 6], "inflate": 0.01, "uv": [118, 42]}
					]
				},
				{
					"name": "bone",
					"parent": "mane3",
					"pivot": [0, 68.27538, 11.3148],
					"cubes": [
						{"origin": [-1.5, 66.77538, 11.3148], "size": [3, 3, 6], "inflate": 0.01, "uv": [41, 36]}
					]
				},
				{
					"name": "tails",
					"parent": "torso",
					"pivot": [0, 38.93868, 20.23437],
					"rotation": [22.5, 0, 0],
					"cubes": [
						{"origin": [-5, 33.93868, 20.23437], "size": [10, 10, 10], "inflate": 0.01, "uv": [54, 22]}
					]
				},
				{
					"name": "bone2",
					"parent": "tails",
					"pivot": [0, 38.93868, 29.5677],
					"cubes": [
						{"origin": [-3.5, 35.43868, 29.23437], "size": [7, 7, 8], "inflate": 0.01, "uv": [104, 18]}
					]
				},
				{
					"name": "bone3",
					"parent": "bone2",
					"pivot": [0, 38.93868, 36.23437],
					"cubes": [
						{"origin": [-2.5, 36.43868, 36.23437], "size": [5, 5, 7], "inflate": 0.01, "uv": [89, 133]}
					]
				},
				{
					"name": "bone4",
					"parent": "bone3",
					"pivot": [0, 38.93868, 42.73437],
					"cubes": [
						{"origin": [-1.5, 37.43868, 42.23437], "size": [3, 3, 7], "inflate": 0.01, "uv": [116, 135]}
					]
				},
				{
					"name": "legs",
					"parent": "body",
					"pivot": [0, 34.3, -5.2]
				},
				{
					"name": "leg_front_right",
					"parent": "legs",
					"pivot": [-5.997, 34.88683, -13.72771],
					"rotation": [-20, 0, 0],
					"cubes": [
						{"origin": [-11.997, 20.88683, -17.72771], "size": [6, 18, 8], "uv": [84, 0]},
						{"origin": [-16.997, 30.88683, -14.72771], "size": [5, 5, 0], "uv": [153, 82]}
					]
				},
				{
					"name": "leg_front_right2",
					"parent": "leg_front_right",
					"pivot": [-9.497, 20.88258, -15.66641],
					"cubes": [
						{"origin": [-11.997, 8.88683, -15.72771], "size": [6, 12, 8], "inflate": 0.01, "uv": [48, 100]},
						{"origin": [-12.997, 16.88683, -13.72771], "size": [8, 4, 7], "inflate": 0.01, "pivot": [-9.497, 18.88683, -11.72771], "rotation": [30, 0, 0], "uv": [112, 0]},
						{"origin": [-11.997, 17.88683, -6.72771], "size": [5, 3, 2], "inflate": 0.01, "pivot": [-9.497, 18.88683, -11.72771], "rotation": [30, 0, 0], "uv": [91, 58]}
					]
				},
				{
					"name": "leg_front_right3",
					"parent": "leg_front_right2",
					"pivot": [-9.497, 8.88683, -9.72771],
					"cubes": [
						{"origin": [-10.997, -1.11317, -15.72771], "size": [4, 10, 4], "inflate": 0.01, "uv": [42, 120]},
						{"origin": [-10.997, 4.88683, -11.72771], "size": [4, 4, 2], "inflate": 0.01, "uv": [104, 0]}
					]
				},
				{
					"name": "leg_back_left",
					"parent": "legs",
					"pivot": [5.997, 34.88683, 16.27229],
					"rotation": [15, 0, 0],
					"cubes": [
						{"origin": [5.997, 20.88683, 12.27229], "size": [6, 18, 8], "uv": [30, 74]},
						{"origin": [11.997, 30.88683, 16.55547], "size": [5, 5, 0], "uv": [153, 82], "mirror": true}
					]
				},
				{
					"name": "leg_front_left5",
					"parent": "leg_back_left",
					"pivot": [9.497, 20.88258, 14.33359],
					"cubes": [
						{"origin": [5.997, 8.88683, 14.27229], "size": [6, 12, 8], "inflate": 0.01, "uv": [20, 100]},
						{"origin": [4.997, 16.88683, 16.27229], "size": [8, 4, 7], "inflate": 0.01, "pivot": [9.497, 18.88683, 18.27229], "rotation": [30, 0, 0], "uv": [107, 79]},
						{"origin": [6.997, 17.88683, 23.27229], "size": [5, 3, 2], "inflate": 0.01, "pivot": [9.497, 18.88683, 18.27229], "rotation": [30, 0, 0], "uv": [84, 26]}
					]
				},
				{
					"name": "leg_front_left6",
					"parent": "leg_front_left5",
					"pivot": [9.497, 8.88683, 17.27229],
					"cubes": [
						{"origin": [6.997, -1.11317, 14.27229], "size": [4, 10, 4], "inflate": 0.01, "uv": [0, 0]},
						{"origin": [6.997, 4.88683, 18.27229], "size": [4, 4, 2], "inflate": 0.01, "uv": [99, 106]}
					]
				},
				{
					"name": "leg_back_right",
					"parent": "legs",
					"pivot": [-5.997, 34.88683, 16.27229],
					"rotation": [15, 0, 0],
					"cubes": [
						{"origin": [-11.997, 20.88683, 12.27229], "size": [6, 18, 8], "uv": [30, 74], "mirror": true},
						{"origin": [-16.997, 30.88683, 16.55547], "size": [5, 5, 0], "uv": [153, 82]}
					]
				},
				{
					"name": "leg_front_right5",
					"parent": "leg_back_right",
					"pivot": [-9.497, 20.88258, 14.33359],
					"cubes": [
						{"origin": [-11.997, 8.88683, 14.27229], "size": [6, 12, 8], "inflate": 0.01, "uv": [20, 100], "mirror": true},
						{"origin": [-12.997, 16.88683, 16.27229], "size": [8, 4, 7], "inflate": 0.01, "pivot": [-9.497, 18.88683, 18.27229], "rotation": [30, 0, 0], "uv": [107, 79], "mirror": true},
						{"origin": [-11.997, 17.88683, 23.27229], "size": [5, 3, 2], "inflate": 0.01, "pivot": [-9.497, 18.88683, 18.27229], "rotation": [30, 0, 0], "uv": [84, 26], "mirror": true}
					]
				},
				{
					"name": "leg_front_right6",
					"parent": "leg_front_right5",
					"pivot": [-9.497, 8.88683, 17.27229],
					"cubes": [
						{"origin": [-10.997, -1.11317, 14.27229], "size": [4, 10, 4], "inflate": 0.01, "uv": [0, 0], "mirror": true},
						{"origin": [-10.997, 4.88683, 18.27229], "size": [4, 4, 2], "inflate": 0.01, "uv": [99, 106], "mirror": true}
					]
				},
				{
					"name": "leg_front_left",
					"parent": "legs",
					"pivot": [5.997, 34.88683, -13.72771],
					"rotation": [-20, 0, 0],
					"cubes": [
						{"origin": [5.997, 20.88683, -17.72771], "size": [6, 18, 8], "uv": [0, 79]},
						{"origin": [11.997, 30.88683, -14.72771], "size": [5, 5, 0], "uv": [153, 82], "mirror": true}
					]
				},
				{
					"name": "leg_front_left2",
					"parent": "leg_front_left",
					"pivot": [9.497, 20.88258, -15.66641],
					"cubes": [
						{"origin": [5.997, 8.88683, -15.72771], "size": [6, 12, 8], "inflate": 0.01, "uv": [20, 100]},
						{"origin": [4.997, 16.88683, -13.72771], "size": [8, 4, 7], "inflate": 0.01, "pivot": [9.497, 18.88683, -11.72771], "rotation": [30, 0, 0], "uv": [107, 79]},
						{"origin": [6.997, 17.88683, -6.72771], "size": [5, 3, 2], "inflate": 0.01, "pivot": [9.497, 18.88683, -11.72771], "rotation": [30, 0, 0], "uv": [84, 26]}
					]
				},
				{
					"name": "leg_front_left3",
					"parent": "leg_front_left2",
					"pivot": [9.497, 8.88683, -12.72771],
					"cubes": [
						{"origin": [6.997, 4.88683, -11.72771], "size": [4, 4, 2], "inflate": 0.01, "uv": [99, 106]},
						{"origin": [6.997, -1.11317, -15.72771], "size": [4, 10, 4], "inflate": 0.01, "uv": [0, 0]}
					]
				}
			]
		}
	]
}