{
	"format_version": "1.12.0",
	"minecraft:geometry": [
		{
			"description": {
				"identifier": "geometry.cresselia",
				"texture_width": 256,
				"texture_height": 256,
				"visible_bounds_width": 6,
				"visible_bounds_height": 5.5,
				"visible_bounds_offset": [0, 2.25, 0]
			},
			"bones": [
				{
					"name": "cresselia",
					"pivot": [0, 8.4, 0.2]
				},
				{
					"name": "body",
					"parent": "cresselia",
					"pivot": [0, 10, 0]
				},
				{
					"name": "torso",
					"parent": "body",
					"pivot": [0, 9, -2],
					"cubes": [
						{"origin": [-9, 0, -17], "size": [18, 18, 30], "uv": [0, 47]}
					]
				},
				{
					"name": "left_arm",
					"parent": "torso",
					"pivot": [8.60838, 8.76843, -17.25],
					"cubes": [
						{"origin": [5.5, 14, -19], "size": [4, 3, 2], "pivot": [7.5, 9, -16.5], "rotation": [0, 0, -37.5], "uv": [170, 87]},
						{"origin": [5, 7, -19], "size": [5, 8, 5], "inflate": 0.01, "pivot": [7.5, 9, -16.5], "rotation": [0, 0, -37.5], "uv": [167, 95]}
					]
				},
				{
					"name": "right_arm",
					"parent": "torso",
					"pivot": [-8.60838, 8.76843, -17.25],
					"cubes": [
						{"origin": [-9.5, 14, -19], "size": [4, 3, 2], "pivot": [-7.5, 9, -16.5], "rotation": [0, 0, 37.5], "uv": [170, 87], "mirror": true},
						{"origin": [-10, 7, -19], "size": [5, 8, 5], "inflate": 0.01, "pivot": [-7.5, 9, -16.5], "rotation": [0, 0, 37.5], "uv": [167, 95], "mirror": true}
					]
				},
				{
					"name": "neck",
					"parent": "torso",
					"pivot": [0, 17.83333, -8.5],
					"cubes": [
						{"origin": [-5, 17, -16.5], "size": [10, 9, 8], "uv": [68, 98]}
					]
				},
				{
					"name": "neck2",
					"parent": "neck",
					"pivot": [0, 25.25, -12.5],
					"cubes": [
						{"origin": [-4, 25, -16], "size": [8, 8, 7], "uv": [0, 47]}
					]
				},
				{
					"name": "neck3",
					"parent": "neck2",
					"pivot": [0, 32.5, -12.5],
					"cubes": [
						{"origin": [-3, 31, -15], "size": [6, 12, 5], "uv": [104, 26]}
					]
				},
				{
					"name": "head",
					"parent": "neck3",
					"pivot": [0, 42.03741, -11.73883]
				},
				{
					"name": "bone",
					"parent": "head",
					"pivot": [0, 43.03741, -10.73883],
					"rotation": [-7.5, 0, 0],
					"cubes": [
						{"origin": [-1.62542, 27.03741, -10.73883], "size": [15, 32, 0], "inflate": 0.01, "pivot": [4.87458, 43.03741, -10.73883], "rotation": [-140.88949, 47.93659, -148.88644], "uv": [4, 98], "mirror": true},
						{"origin": [-0.00836, 56.52584, -25.5088], "size": [0, 8, 9], "inflate": 0.01, "pivot": [-0.00836, 48.52584, -22.5088], "rotation": [-25, 0, 0], "uv": [10, 125], "mirror": true},
						{"origin": [-13.37458, 27.03741, -10.73883], "size": [15, 32, 0], "inflate": 0.01, "pivot": [-4.87458, 43.03741, -10.73883], "rotation": [-140.88949, -47.93659, 148.88644], "uv": [4, 98]}
					]
				},
				{
					"name": "bone4",
					"parent": "head",
					"pivot": [0, 41.20445, -12.31929],
					"rotation": [35, 0, 0],
					"cubes": [
						{"origin": [-3.5, 41, -16], "size": [7, 6, 7], "uv": [104, 0]},
						{"origin": [3.5, 44, -15], "size": [0, 2, 4], "inflate": 0.01, "uv": [142, 14]},
						{"origin": [-3.5, 44, -15], "size": [0, 2, 4], "inflate": 0.01, "uv": [142, 14], "mirror": true},
						{"origin": [-3, 47, -15], "size": [6, 3, 6], "uv": [134, 6]},
						{"origin": [-2.5, 42.83909, -19.10857], "size": [5, 5, 4], "pivot": [0, 46.1522, -19.18747], "rotation": [-12.5, 0, 0], "uv": [105, 113]},
						{"origin": [-1.5, 44.09196, -21.37599], "size": [3, 4, 4], "pivot": [0, 46.1522, -19.18747], "rotation": [-25, 0, 0], "uv": [68, 115]}
					]
				},
				{
					"name": "ring_left",
					"parent": "torso",
					"pivot": [9.9897, 9.61874, -15.2427],
					"rotation": [12.5, -7.5, 15],
					"cubes": [
						{"origin": [8.99623, 9.45576, -16.08632], "size": [30, 0, 26], "inflate": 0.01, "uv": [42, 47], "mirror": true}
					]
				},
				{
					"name": "ring_right",
					"parent": "torso",
					"pivot": [-9.9897, 9.61874, -15.2427],
					"rotation": [12.5, 7.5, -15],
					"cubes": [
						{"origin": [-38.99623, 9.45576, -16.08632], "size": [30, 0, 26], "inflate": 0.01, "uv": [42, 47]}
					]
				},
				{
					"name": "tail_ring",
					"parent": "torso",
					"pivot": [0, 14.21675, 8.29613],
					"cubes": [
						{"origin": [-21, 9.71675, 21.54613], "size": [42, 40, 0], "inflate": 0.01, "pivot": [0, 33.21675, 21.54613], "rotation": [-35, 0, 0], "uv": [5, 7]}
					]
				},
				{
					"name": "tail",
					"parent": "torso",
					"pivot": [0, 11.33333, 13],
					"cubes": [
						{"origin": [-3.5, 11, 13], "size": [7, 7, 7], "inflate": 0.01, "uv": [0, 62]}
					]
				},
				{
					"name": "tail2",
					"parent": "tail",
					"pivot": [0, 15.75, 19],
					"cubes": [
						{"origin": [-3, 13, 19], "size": [6, 5, 8], "uv": [104, 13]}
					]
				},
				{
					"name": "tail3",
					"parent": "tail2",
					"pivot": [0, 16, 26],
					"cubes": [
						{"origin": [-2.5, 13.975, 26], "size": [5, 4, 8], "uv": [104, 99]}
					]
				}
			]
		}
	]
}