{
	"format_version": "1.12.0",
	"minecraft:geometry": [
		{
			"description": {
				"identifier": "geometry.unknown",
				"texture_width": 48,
				"texture_height": 48,
				"visible_bounds_width": 2,
				"visible_bounds_height": 2.5,
				"visible_bounds_offset": [0, 0.75, 0]
			},
			"bones": [
				{
					"name": "diglett",
					"pivot": [0, 1, 0]
				},
				{
					"name": "ground",
					"parent": "diglett",
					"pivot": [0, -1, 0],
					"cubes": [
						{"origin": [-5, -4, -4.5], "size": [10, 6, 9], "uv": [0, 21]}
					]
				},
				{
					"name": "cup",
					"parent": "ground",
					"pivot": [0, -1, 0],
					"cubes": [
						{"origin": [-6, 1, -9.5], "size": [12, 0, 5], "inflate": 0.01, "pivot": [0, 1, -4.5], "rotation": [-70, 0, 0], "uv": [19, 43]},
						{"origin": [-6, 1, 4.5], "size": [12, 0, 5], "inflate": 0.01, "pivot": [0, 1, 4.5], "rotation": [70, 0, 0], "uv": [19, 38]},
						{"origin": [5, 1, -5.5], "size": [5, 0, 11], "inflate": 0.01, "pivot": [5, 1, 0], "rotation": [0, 0, -70], "uv": [-1, 37]},
						{"origin": [-10, 1, -5.5], "size": [5, 0, 11], "inflate": 0.01, "pivot": [-5, 1, 0], "rotation": [0, 0, 70], "uv": [-11, 37], "mirror": true}
					]
				},
				{
					"name": "body",
					"parent": "ground",
					"pivot": [0, 2, -3.5],
					"cubes": [
						{"origin": [-3.5, 0.25, -3.5], "size": [7, 11, 7], "uv": [0, 0]},
						{"origin": [-1, 2.25, -4], "size": [2, 2, 1], "uv": [26, 0]},
						{"origin": [-2, 5.75, -4.5], "size": [4, 2, 1], "uv": [0, 18]}
					]
				},
				{
					"name": "cafe_hat_small",
					"parent": "body",
					"pivot": [0, 11.25, 0],
					"cubes": [
						{"origin": [-2, 11.25, -2], "size": [4, 2, 4], "uv": [32, 0]},
						{"origin": [-0.5, 12.75, -0.5], "size": [1, 1, 1], "uv": [32, 2]}
					]
				},
				{
					"name": "cafe_hat_small_brim",
					"parent": "cafe_hat_small",
					"pivot": [-0.5, 11.75, 1],
					"cubes": [
						{"origin": [0, 11.75, -4], "size": [2, 0, 2], "pivot": [0, 11.75, 1], "rotation": [0, 0, 10], "uv": [36, 6]},
						{"origin": [-2, 11.75, -4], "size": [2, 0, 2], "pivot": [0, 11.75, 1], "rotation": [0, 0, -10], "uv": [32, 6]}
					]
				},
				{
					"name": "eyes",
					"parent": "body",
					"pivot": [0, 9, -3.55]
				},
				{
					"name": "eye_right",
					"parent": "eyes",
					"pivot": [-1.75, 9, -3.51],
					"cubes": [
						{"origin": [-2.25, 8, -3.51], "size": [1, 2, 0], "uv": [0, 0]}
					]
				},
				{
					"name": "eyelid_right",
					"parent": "eye_right",
					"pivot": [-2, 9, -2.91],
					"cubes": [
						{"origin": [-3, 8, -3.41], "size": [2, 2, 1], "inflate": 0.01, "uv": [0, 3]}
					]
				},
				{
					"name": "eye_left",
					"parent": "eyes",
					"pivot": [1.75, 9, -3.51],
					"cubes": [
						{"origin": [1.25, 8, -3.51], "size": [1, 2, 0], "uv": [0, 0], "mirror": true}
					]
				},
				{
					"name": "eyelid_left",
					"parent": "eye_left",
					"pivot": [2, 9, -2.91],
					"cubes": [
						{"origin": [1, 8, -3.41], "size": [2, 2, 1], "inflate": 0.01, "uv": [0, 3], "mirror": true}
					]
				}
			]
		}
	]
}