{
	"format_version": "1.12.0",
	"minecraft:geometry": [
		{
			"description": {
				"identifier": "geometry.electivire",
				"texture_width": 128,
				"texture_height": 128,
				"visible_bounds_width": 7,
				"visible_bounds_height": 4.5,
				"visible_bounds_offset": [0, 1.75, 0]
			},
			"bones": [
				{
					"name": "electivire",
					"pivot": [0, 0, 0]
				},
				{
					"name": "body",
					"parent": "electivire",
					"pivot": [0, 15, 0]
				},
				{
					"name": "torso",
					"parent": "body",
					"pivot": [0, 10.55, 0.25],
					"cubes": [
						{"origin": [-6.5, 10.55, -4.5], "size": [13, 3, 9], "uv": [38, 24]},
						{"origin": [-7.5, 13.5, -5.5], "size": [15, 13, 11], "inflate": 0.01, "uv": [0, 0]},
						{"origin": [-1.75, 20.5, 5.51], "size": [1, 3, 0], "inflate": 0.01, "uv": [52, 18]},
						{"origin": [0.75, 20.5, 5.51], "size": [1, 3, 0], "inflate": 0.01, "uv": [50, 40]}
					]
				},
				{
					"name": "shoulders_fur",
					"parent": "torso",
					"pivot": [0, 26.5, 0.25]
				},
				{
					"name": "shoulder_fur_left2",
					"parent": "shoulders_fur",
					"pivot": [7.5, 26.5, -5.5],
					"rotation": [-30, 0, -2],
					"cubes": [
						{"origin": [2.5, 21.5, -5.5], "size": [7, 5, 0], "uv": [62, 16]}
					]
				},
				{
					"name": "shoulder_fur_right",
					"parent": "shoulders_fur",
					"pivot": [-7.5, 26.5, -0.25],
					"rotation": [0, 0, 122.5],
					"cubes": [
						{"origin": [-7.5, 21.5, -7.5], "size": [0, 5, 13], "uv": [26, 31], "mirror": true},
						{"origin": [-7.5, 21.5, 5.5], "size": [5, 9, 0], "uv": [71, 57], "mirror": true}
					]
				},
				{
					"name": "shoulder_fur_right2",
					"parent": "shoulders_fur",
					"pivot": [-7.5, 26.5, -5.5],
					"rotation": [-30, 0, 2],
					"cubes": [
						{"origin": [-9.5, 21.5, -5.5], "size": [7, 5, 0], "uv": [46, 55]}
					]
				},
				{
					"name": "shoulder_fur_left",
					"parent": "shoulders_fur",
					"pivot": [7.5, 26.5, -0.25],
					"rotation": [0, 0, -122.5],
					"cubes": [
						{"origin": [7.5, 21.5, -7.5], "size": [0, 5, 13], "uv": [26, 31]},
						{"origin": [2.5, 21.5, 5.5], "size": [5, 9, 0], "uv": [71, 57]}
					]
				},
				{
					"name": "arms",
					"parent": "torso",
					"pivot": [0, 25.5, 0.25]
				},
				{
					"name": "arm_right",
					"parent": "arms",
					"pivot": [-7.5, 25.5, 1],
					"rotation": [0, 0, -35],
					"cubes": [
						{"origin": [-16.5, 21.5, -1], "size": [9, 4, 4], "uv": [41, 0], "mirror": true}
					]
				},
				{
					"name": "arm_right2",
					"parent": "arm_right",
					"pivot": [-16, 23.5, 3],
					"cubes": [
						{"origin": [-20, 21, -2.5], "size": [4, 6, 7], "inflate": 0.02, "uv": [0, 49], "mirror": true},
						{"origin": [-26, 21, -3], "size": [6, 6, 8], "inflate": 0.02, "uv": [44, 41], "mirror": true}
					]
				},
				{
					"name": "arm_fur_right",
					"parent": "arm_right2",
					"pivot": [-16, 23, 0.5],
					"rotation": [0, -10, -10],
					"cubes": [
						{"origin": [-16, 27, -0.5], "size": [4, 0, 5], "uv": [33, 24], "mirror": true},
						{"origin": [-16, 22, 4.5], "size": [4, 5, 0], "uv": [18, 70], "mirror": true}
					]
				},
				{
					"name": "fingers_right",
					"parent": "arm_right2",
					"pivot": [-26, 27, 1]
				},
				{
					"name": "finger_right1",
					"parent": "fingers_right",
					"pivot": [-26, 26, 4],
					"cubes": [
						{"origin": [-28, 24, 3], "size": [2, 2, 2], "inflate": 0.01, "uv": [73, 21], "mirror": true}
					]
				},
				{
					"name": "finger_right1_2",
					"parent": "finger_right1",
					"pivot": [-28, 26, 4],
					"cubes": [
						{"origin": [-30, 24, 3], "size": [2, 2, 2], "uv": [66, 72], "mirror": true}
					]
				},
				{
					"name": "finger_right2",
					"parent": "fingers_right",
					"pivot": [-26, 27, 2],
					"cubes": [
						{"origin": [-29, 25, 1], "size": [3, 2, 2], "inflate": 0.01, "uv": [63, 0], "mirror": true}
					]
				},
				{
					"name": "finger_right2_2",
					"parent": "finger_right2",
					"pivot": [-29, 27, 2],
					"cubes": [
						{"origin": [-31, 25, 1], "size": [2, 2, 2], "uv": [58, 72], "mirror": true}
					]
				},
				{
					"name": "finger_right3",
					"parent": "fingers_right",
					"pivot": [-26, 27, 0],
					"cubes": [
						{"origin": [-29, 25, -1], "size": [3, 2, 2], "inflate": 0.01, "uv": [11, 62], "mirror": true}
					]
				},
				{
					"name": "finger_right3_2",
					"parent": "finger_right3",
					"pivot": [-29, 27, 0],
					"cubes": [
						{"origin": [-31, 25, -1], "size": [2, 2, 2], "uv": [8, 72], "mirror": true}
					]
				},
				{
					"name": "finger_right4",
					"parent": "fingers_right",
					"pivot": [-25.5, 26.5, -2],
					"cubes": [
						{"origin": [-28.5, 24.5, -3], "size": [3, 2, 2], "inflate": 0.01, "uv": [0, 7], "mirror": true}
					]
				},
				{
					"name": "finger_right4_2",
					"parent": "finger_right4",
					"pivot": [-28.5, 26.5, -2],
					"cubes": [
						{"origin": [-30.5, 24.5, -3], "size": [2, 2, 2], "uv": [56, 64], "mirror": true}
					]
				},
				{
					"name": "thumb_right",
					"parent": "arm_right2",
					"pivot": [-26, 22.5, -1],
					"cubes": [
						{"origin": [-28, 21.5, -3], "size": [2, 2, 2], "inflate": 0.01, "uv": [37, 64], "mirror": true}
					]
				},
				{
					"name": "thumb_right2",
					"parent": "thumb_right",
					"pivot": [-28, 22.5, -3],
					"cubes": [
						{"origin": [-30, 21.5, -3], "size": [2, 2, 2], "uv": [38, 29], "mirror": true}
					]
				},
				{
					"name": "arm_left",
					"parent": "arms",
					"pivot": [7.5, 25.5, 1],
					"rotation": [0, 0, 35],
					"cubes": [
						{"origin": [7.5, 21.5, -1], "size": [9, 4, 4], "uv": [41, 0]}
					]
				},
				{
					"name": "arm_left2",
					"parent": "arm_left",
					"pivot": [16, 23.5, 3],
					"cubes": [
						{"origin": [16, 21, -2.5], "size": [4, 6, 7], "inflate": 0.02, "uv": [0, 49]},
						{"origin": [20, 21, -3], "size": [6, 6, 8], "inflate": 0.02, "uv": [44, 41]}
					]
				},
				{
					"name": "arm_fur_left",
					"parent": "arm_left2",
					"pivot": [16, 23, 0.5],
					"rotation": [0, 10, 10],
					"cubes": [
						{"origin": [12, 27, -0.5], "size": [4, 0, 5], "uv": [33, 24]},
						{"origin": [12, 22, 4.5], "size": [4, 5, 0], "uv": [18, 70]}
					]
				},
				{
					"name": "fingers_left",
					"parent": "arm_left2",
					"pivot": [26, 27, 1]
				},
				{
					"name": "finger_left1",
					"parent": "fingers_left",
					"pivot": [26, 26, 4],
					"cubes": [
						{"origin": [26, 24, 3], "size": [2, 2, 2], "inflate": 0.01, "uv": [73, 21]}
					]
				},
				{
					"name": "finger_left1_2",
					"parent": "finger_left1",
					"pivot": [28, 26, 4],
					"cubes": [
						{"origin": [28, 24, 3], "size": [2, 2, 2], "uv": [66, 72]}
					]
				},
				{
					"name": "finger_left2",
					"parent": "fingers_left",
					"pivot": [26, 27, 2],
					"cubes": [
						{"origin": [26, 25, 1], "size": [3, 2, 2], "inflate": 0.01, "uv": [63, 0]}
					]
				},
				{
					"name": "finger_left2_2",
					"parent": "finger_left2",
					"pivot": [29, 27, 2],
					"cubes": [
						{"origin": [29, 25, 1], "size": [2, 2, 2], "uv": [58, 72]}
					]
				},
				{
					"name": "finger_left3",
					"parent": "fingers_left",
					"pivot": [26, 27, 0],
					"cubes": [
						{"origin": [26, 25, -1], "size": [3, 2, 2], "inflate": 0.01, "uv": [11, 62]}
					]
				},
				{
					"name": "finger_left3_2",
					"parent": "finger_left3",
					"pivot": [29, 27, 0],
					"cubes": [
						{"origin": [29, 25, -1], "size": [2, 2, 2], "uv": [8, 72]}
					]
				},
				{
					"name": "finger_left4",
					"parent": "fingers_left",
					"pivot": [25.5, 26.5, -2],
					"cubes": [
						{"origin": [25.5, 24.5, -3], "size": [3, 2, 2], "inflate": 0.01, "uv": [0, 7]}
					]
				},
				{
					"name": "finger_left4_2",
					"parent": "finger_left4",
					"pivot": [28.5, 26.5, -2],
					"cubes": [
						{"origin": [28.5, 24.5, -3], "size": [2, 2, 2], "uv": [56, 64]}
					]
				},
				{
					"name": "thumb_left",
					"parent": "arm_left2",
					"pivot": [26, 22.5, -1],
					"cubes": [
						{"origin": [26, 21.5, -3], "size": [2, 2, 2], "inflate": 0.01, "uv": [37, 64]}
					]
				},
				{
					"name": "thumb_left2",
					"parent": "thumb_left",
					"pivot": [28, 22.5, -3],
					"cubes": [
						{"origin": [28, 21.5, -3], "size": [2, 2, 2], "uv": [38, 29]}
					]
				},
				{
					"name": "head",
					"parent": "torso",
					"pivot": [0, 26.5, 5],
					"cubes": [
						{"origin": [-6.5, 26.5, -7], "size": [13, 8, 12], "uv": [0, 24]}
					]
				},
				{
					"name": "eyes",
					"parent": "head",
					"pivot": [0, 31.5, -7.01]
				},
				{
					"name": "eye_left",
					"parent": "eyes",
					"pivot": [3, 30.5, -7.01],
					"cubes": [
						{"origin": [2, 30.5, -7.01], "size": [2, 2, 0], "uv": [52, 16]}
					]
				},
				{
					"name": "eye_shine_left",
					"parent": "eye_left",
					"pivot": [2.8, 32, -7.02],
					"cubes": [
						{"origin": [2.3, 31.5, -7.02], "size": [1, 1, 0], "uv": [4, 5]}
					]
				},
				{
					"name": "eyelid_left",
					"parent": "eye_left",
					"pivot": [3, 31.5, -6.42],
					"cubes": [
						{"origin": [2, 30.5, -6.92], "size": [2, 2, 1], "inflate": 0.01, "uv": [0, 28]}
					]
				},
				{
					"name": "eye_right",
					"parent": "eyes",
					"pivot": [-3, 30.5, -7.01],
					"cubes": [
						{"origin": [-4, 30.5, -7.01], "size": [2, 2, 0], "uv": [8, 33]}
					]
				},
				{
					"name": "eye_shine_right",
					"parent": "eye_right",
					"pivot": [-2.8, 32, -7.02],
					"cubes": [
						{"origin": [-3.3, 31.5, -7.02], "size": [1, 1, 0], "uv": [5, 0]}
					]
				},
				{
					"name": "eyelid_right",
					"parent": "eye_right",
					"pivot": [-3, 31.5, -6.42],
					"cubes": [
						{"origin": [-4, 30.5, -6.92], "size": [2, 2, 1], "inflate": 0.01, "uv": [0, 0]}
					]
				},
				{
					"name": "mouth",
					"parent": "head",
					"pivot": [0, 22.35, -1.75]
				},
				{
					"name": "mouth_closed",
					"parent": "mouth",
					"pivot": [0, 28.75, -7.01],
					"cubes": [
						{"origin": [-3.5, 27.75, -7.01], "size": [7, 2, 0], "uv": [46, 60]}
					]
				},
				{
					"name": "mouth_open",
					"parent": "mouth",
					"pivot": [0, 28.75, -6.81],
					"cubes": [
						{"origin": [-3.5, 27.75, -6.81], "size": [7, 2, 0], "uv": [50, 38]}
					]
				},
				{
					"name": "antennae",
					"parent": "head",
					"pivot": [0, 34.5, -0.25]
				},
				{
					"name": "antenna_left",
					"parent": "antennae",
					"pivot": [4, 34.25, -0.5],
					"rotation": [0, 0, 20],
					"cubes": [
						{"origin": [3.5, 34.25, -1], "size": [1, 3, 1], "uv": [52, 10]},
						{"origin": [3, 37.25, -1.5], "size": [2, 2, 2], "inflate": 0.1, "uv": [73, 25]},
						{"origin": [1.9, 39.35, -0.5], "size": [4, 5, 0], "uv": [0, 72]}
					]
				},
				{
					"name": "antenna_right",
					"parent": "antennae",
					"pivot": [-4, 34.25, -0.5],
					"rotation": [0, 0, -20],
					"cubes": [
						{"origin": [-4.5, 34.25, -1], "size": [1, 3, 1], "uv": [41, 0]},
						{"origin": [-5, 37.25, -1.5], "size": [2, 2, 2], "inflate": 0.1, "uv": [24, 73]},
						{"origin": [-6.1, 39.35, -0.5], "size": [4, 5, 0], "uv": [0, 72], "mirror": true}
					]
				},
				{
					"name": "head_fur",
					"parent": "head",
					"pivot": [0, 29.9, 0.25]
				},
				{
					"name": "head_fur_left",
					"parent": "head_fur",
					"pivot": [6.5, 29.9, -0.75]
				},
				{
					"name": "head_fur_front_left",
					"parent": "head_fur_left",
					"pivot": [5.5, 29.9, -7],
					"rotation": [-25, 0, 0],
					"cubes": [
						{"origin": [2, 25.9, -7], "size": [7, 4, 0], "uv": [68, 8]}
					]
				},
				{
					"name": "head_fur_back_left",
					"parent": "head_fur_left",
					"pivot": [5.5, 29.9, 5],
					"rotation": [25, 0, 0],
					"cubes": [
						{"origin": [3, 25.9, 5], "size": [6, 4, 0], "uv": [70, 66]}
					]
				},
				{
					"name": "head_fur_side_left",
					"parent": "head_fur_left",
					"pivot": [6.5, 29.9, -1],
					"rotation": [0, 0, -142.5],
					"cubes": [
						{"origin": [6.5, 24.9, -7.5], "size": [0, 5, 13], "uv": [0, 31]}
					]
				},
				{
					"name": "head_fur_right",
					"parent": "head_fur",
					"pivot": [-6.5, 29.9, -0.75]
				},
				{
					"name": "head_fur_side_right",
					"parent": "head_fur_right",
					"pivot": [-6.5, 29.9, -1],
					"rotation": [0, 0, 142.5],
					"cubes": [
						{"origin": [-6.5, 24.9, -7.5], "size": [0, 5, 13], "uv": [0, 31], "mirror": true}
					]
				},
				{
					"name": "head_fur_front_right",
					"parent": "head_fur_right",
					"pivot": [-5.5, 29.9, -7],
					"rotation": [-25, 0, 0],
					"cubes": [
						{"origin": [-9, 25.9, -7], "size": [7, 4, 0], "uv": [64, 45]}
					]
				},
				{
					"name": "head_fur_back_right",
					"parent": "head_fur_right",
					"pivot": [-5.5, 29.9, 5],
					"rotation": [25, 0, 0],
					"cubes": [
						{"origin": [-9, 25.9, 5], "size": [6, 4, 0], "uv": [15, 49]}
					]
				},
				{
					"name": "tails",
					"parent": "torso",
					"pivot": [0, 13.5, 5]
				},
				{
					"name": "tail_left",
					"parent": "tails",
					"pivot": [1.25, 13.5, 5],
					"cubes": [
						{"origin": [0.25, 12.5, 5], "size": [2, 2, 7], "uv": [64, 36]}
					]
				},
				{
					"name": "tail_left2",
					"parent": "tail_left",
					"pivot": [1.25, 13.5, 11.5],
					"cubes": [
						{"origin": [0.25, 12.5, 11.5], "size": [2, 2, 7], "inflate": 0.01, "uv": [26, 64]}
					]
				},
				{
					"name": "tail_left3",
					"parent": "tail_left2",
					"pivot": [1.25, 13.5, 18],
					"cubes": [
						{"origin": [0.25, 12.5, 18], "size": [2, 2, 7], "inflate": 0.02, "uv": [0, 63]}
					]
				},
				{
					"name": "tail_left4",
					"parent": "tail_left3",
					"pivot": [1.25, 13.5, 24.5],
					"cubes": [
						{"origin": [0.25, 12.5, 24.5], "size": [2, 2, 6], "inflate": 0.03, "uv": [67, 0]}
					]
				},
				{
					"name": "tail_left5",
					"parent": "tail_left4",
					"pivot": [1.25, 13.5, 30],
					"cubes": [
						{"origin": [0.25, 12.5, 30], "size": [2, 2, 6], "inflate": 0.04, "uv": [66, 49]},
						{"origin": [0.25, 12.5, 35.5], "size": [2, 2, 2], "uv": [32, 73]},
						{"origin": [1.25, 10, 37], "size": [0, 5, 4], "pivot": [1.25, 13.5, 39], "rotation": [90, 0, 0], "uv": [0, 27]}
					]
				},
				{
					"name": "tail_right",
					"parent": "tails",
					"pivot": [-1.25, 13.5, 5],
					"cubes": [
						{"origin": [-2.25, 12.5, 5], "size": [2, 2, 7], "uv": [15, 61]}
					]
				},
				{
					"name": "tail_right2",
					"parent": "tail_right",
					"pivot": [-1.25, 13.5, 11.5],
					"cubes": [
						{"origin": [-2.25, 12.5, 11.5], "size": [2, 2, 7], "inflate": 0.01, "uv": [53, 55]}
					]
				},
				{
					"name": "tail_right3",
					"parent": "tail_right2",
					"pivot": [-1.25, 13.5, 18],
					"cubes": [
						{"origin": [-2.25, 12.5, 18], "size": [2, 2, 7], "inflate": 0.02, "uv": [35, 55]}
					]
				},
				{
					"name": "tail_right4",
					"parent": "tail_right3",
					"pivot": [-1.25, 13.5, 24.5],
					"cubes": [
						{"origin": [-2.25, 12.5, 24.5], "size": [2, 2, 6], "inflate": 0.03, "uv": [60, 64]}
					]
				},
				{
					"name": "tail_right5",
					"parent": "tail_right4",
					"pivot": [-1.25, 13.5, 30],
					"cubes": [
						{"origin": [-2.25, 12.5, 30], "size": [2, 2, 6], "inflate": 0.04, "uv": [52, 16]},
						{"origin": [-2.25, 12.5, 35.5], "size": [2, 2, 2], "uv": [73, 29]},
						{"origin": [-1.25, 10, 37], "size": [0, 5, 4], "pivot": [-1.25, 13.5, 39], "rotation": [90, 0, 0], "uv": [0, 27], "mirror": true}
					]
				},
				{
					"name": "legs",
					"parent": "body",
					"pivot": [0, 13.5, 0]
				},
				{
					"name": "leg_right",
					"parent": "legs",
					"pivot": [-6.75, 13.5, 0],
					"cubes": [
						{"origin": [-7.25, 8.5, -2], "size": [4, 5, 4], "uv": [44, 64], "mirror": true}
					]
				},
				{
					"name": "leg_right2",
					"parent": "leg_right",
					"pivot": [-5.25, 8.5, -2],
					"cubes": [
						{"origin": [-7.75, 1.5, -2], "size": [5, 7, 5], "inflate": 0.01, "uv": [22, 49], "mirror": true}
					]
				},
				{
					"name": "foot_right",
					"parent": "leg_right2",
					"pivot": [-5.25, 2, 3],
					"cubes": [
						{"origin": [-7.75, 0, -2.75], "size": [5, 2, 6], "inflate": 0.02, "uv": [52, 8], "mirror": true}
					]
				},
				{
					"name": "leg_fur_right",
					"parent": "foot_right",
					"pivot": [-5.25, 2.5, 0.25]
				},
				{
					"name": "leg_fur_front_right",
					"parent": "leg_fur_right",
					"pivot": [-5.25, 2.5, -2],
					"rotation": [15, 0, 0],
					"cubes": [
						{"origin": [-8.75, 2.5, -4], "size": [7, 0, 2], "inflate": 0.01, "uv": [48, 36], "mirror": true}
					]
				},
				{
					"name": "leg_fur_back_right",
					"parent": "leg_fur_right",
					"pivot": [-5.25, 2.5, 3],
					"rotation": [-35, 0, 0],
					"cubes": [
						{"origin": [-8.75, 2.5, 3], "size": [7, 0, 2], "inflate": 0.01, "uv": [39, 8], "mirror": true}
					]
				},
				{
					"name": "leg_fur_outer_right",
					"parent": "leg_fur_right",
					"pivot": [-7.75, 2.5, 0.5],
					"rotation": [0, 0, -35],
					"cubes": [
						{"origin": [-9.75, 2.5, -3], "size": [2, 0, 7], "inflate": 0.01, "uv": [0, 24], "mirror": true}
					]
				},
				{
					"name": "leg_fur_inner_right",
					"parent": "leg_fur_right",
					"pivot": [-2.75, 2.5, 0.5],
					"rotation": [0, 0, 35],
					"cubes": [
						{"origin": [-2.75, 2.5, -3], "size": [2, 0, 7], "inflate": 0.01, "uv": [0, 0], "mirror": true}
					]
				},
				{
					"name": "claw_center_right",
					"parent": "foot_right",
					"pivot": [-5.25, 2, -2.75],
					"cubes": [
						{"origin": [-5.75, 0, -4.75], "size": [1, 2, 2], "uv": [37, 49], "mirror": true},
						{"origin": [-5.25, 0, -7.75], "size": [0, 2, 3], "uv": [0, 0], "mirror": true}
					]
				},
				{
					"name": "claw_inner_right",
					"parent": "foot_right",
					"pivot": [-6.75, 2, -2.75],
					"cubes": [
						{"origin": [-7.25, 0, -4.75], "size": [1, 2, 2], "uv": [0, 49], "mirror": true},
						{"origin": [-6.75, 0, -6.75], "size": [0, 2, 2], "uv": [8, 29], "mirror": true}
					]
				},
				{
					"name": "claw_outer_right",
					"parent": "foot_right",
					"pivot": [-3.75, 2, -2.75],
					"cubes": [
						{"origin": [-4.25, 0, -4.75], "size": [1, 2, 2], "uv": [0, 24], "mirror": true},
						{"origin": [-3.75, 0, -6.75], "size": [0, 2, 2], "uv": [0, 3], "mirror": true}
					]
				},
				{
					"name": "leg_left",
					"parent": "legs",
					"pivot": [6.75, 13.5, 0],
					"cubes": [
						{"origin": [3.25, 8.5, -2], "size": [4, 5, 4], "uv": [44, 64]}
					]
				},
				{
					"name": "leg_left2",
					"parent": "leg_left",
					"pivot": [5.25, 8.5, -2],
					"cubes": [
						{"origin": [2.75, 1.5, -2], "size": [5, 7, 5], "inflate": 0.01, "uv": [22, 49]}
					]
				},
				{
					"name": "foot_left",
					"parent": "leg_left2",
					"pivot": [5.25, 2, 3],
					"cubes": [
						{"origin": [2.75, 0, -2.75], "size": [5, 2, 6], "inflate": 0.02, "uv": [52, 8]}
					]
				},
				{
					"name": "leg_fur_left",
					"parent": "foot_left",
					"pivot": [5.25, 2.5, 0.25]
				},
				{
					"name": "leg_fur_front_left",
					"parent": "leg_fur_left",
					"pivot": [5.25, 2.5, -2],
					"rotation": [15, 0, 0],
					"cubes": [
						{"origin": [1.75, 2.5, -4], "size": [7, 0, 2], "inflate": 0.01, "uv": [48, 36]}
					]
				},
				{
					"name": "leg_fur_back_left",
					"parent": "leg_fur_left",
					"pivot": [5.25, 2.5, 3],
					"rotation": [-35, 0, 0],
					"cubes": [
						{"origin": [1.75, 2.5, 3], "size": [7, 0, 2], "inflate": 0.01, "uv": [39, 8]}
					]
				},
				{
					"name": "leg_fur_outer_left",
					"parent": "leg_fur_left",
					"pivot": [7.75, 2.5, 0.5],
					"rotation": [0, 0, 35],
					"cubes": [
						{"origin": [7.75, 2.5, -3], "size": [2, 0, 7], "inflate": 0.01, "uv": [0, 24]}
					]
				},
				{
					"name": "leg_fur_inner_left",
					"parent": "leg_fur_left",
					"pivot": [2.75, 2.5, 0.5],
					"rotation": [0, 0, -35],
					"cubes": [
						{"origin": [0.75, 2.5, -3], "size": [2, 0, 7], "inflate": 0.01, "uv": [0, 0]}
					]
				},
				{
					"name": "claw_center_left",
					"parent": "foot_left",
					"pivot": [5.25, 2, -2.75],
					"cubes": [
						{"origin": [4.75, 0, -4.75], "size": [1, 2, 2], "uv": [37, 49]},
						{"origin": [5.25, 0, -7.75], "size": [0, 2, 3], "uv": [0, 0]}
					]
				},
				{
					"name": "claw_inner_left",
					"parent": "foot_left",
					"pivot": [6.75, 2, -2.75],
					"cubes": [
						{"origin": [6.25, 0, -4.75], "size": [1, 2, 2], "uv": [0, 49]},
						{"origin": [6.75, 0, -6.75], "size": [0, 2, 2], "uv": [8, 29]}
					]
				},
				{
					"name": "claw_outer_left",
					"parent": "foot_left",
					"pivot": [3.75, 2, -2.75],
					"cubes": [
						{"origin": [3.25, 0, -4.75], "size": [1, 2, 2], "uv": [0, 24]},
						{"origin": [3.75, 0, -6.75], "size": [0, 2, 2], "uv": [0, 3]}
					]
				}
			]
		}
	]
}