{
	"format_version": "1.12.0",
	"minecraft:geometry": [
		{
			"description": {
				"identifier": "geometry.enamorus_incarnate",
				"texture_width": 128,
				"texture_height": 128,
				"visible_bounds_width": 4,
				"visible_bounds_height": 5,
				"visible_bounds_offset": [0, 1.5, 0]
			},
			"bones": [
				{
					"name": "enamorus_incarnate",
					"pivot": [0, 3, 0]
				},
				{
					"name": "cloud",
					"parent": "enamorus_incarnate",
					"pivot": [0, 10, 0],
					"cubes": [
						{"origin": [-9, -1, -9], "size": [18, 11, 19], "uv": [0, 30]},
						{"origin": [-9, -1, -9], "size": [18, 11, 19], "inflate": 0.5, "uv": [0, 0]}
					]
				},
				{
					"name": "cloud_tail",
					"parent": "cloud",
					"pivot": [0, -1, 10],
					"cubes": [
						{"origin": [-2, -3, 7], "size": [4, 4, 6], "uv": [17, 60]}
					]
				},
				{
					"name": "cloud_tail2",
					"parent": "cloud_tail",
					"pivot": [0, -3, 13],
					"cubes": [
						{"origin": [0, -6, 9], "size": [0, 6, 11], "uv": [0, 63]}
					]
				},
				{
					"name": "tail",
					"parent": "cloud",
					"pivot": [0, 4.5, 10],
					"cubes": [
						{"origin": [-1.5, 3, 7], "size": [3, 3, 13], "uv": [55, 0]}
					]
				},
				{
					"name": "tail2",
					"parent": "tail",
					"pivot": [0, 4.5, 20],
					"cubes": [
						{"origin": [-1.5, 3, 20], "size": [3, 3, 10], "uv": [70, 63]}
					]
				},
				{
					"name": "tail3",
					"parent": "tail2",
					"pivot": [0, 4.5, 30],
					"cubes": [
						{"origin": [-1.5, 3, 30], "size": [3, 3, 10], "uv": [70, 50]}
					]
				},
				{
					"name": "tail4",
					"parent": "tail3",
					"pivot": [0, 4.5, 40],
					"cubes": [
						{"origin": [-1.5, 3, 40], "size": [3, 3, 10], "uv": [18, 73]}
					]
				},
				{
					"name": "tail5",
					"parent": "tail4",
					"pivot": [0, 4.5, 50],
					"cubes": [
						{"origin": [-1.5, 3, 50], "size": [3, 3, 10], "uv": [73, 35]}
					]
				},
				{
					"name": "tail6",
					"parent": "tail5",
					"pivot": [0, 4.5, 60],
					"cubes": [
						{"origin": [-1.5, 3, 60], "size": [3, 3, 10], "uv": [44, 73]}
					]
				},
				{
					"name": "tail7",
					"parent": "tail6",
					"pivot": [0, 4.5, 70],
					"cubes": [
						{"origin": [-1.5, 3, 70], "size": [3, 3, 10], "uv": [74, 0]}
					]
				},
				{
					"name": "tail8",
					"parent": "tail7",
					"pivot": [0, 4.5, 80],
					"cubes": [
						{"origin": [-1.5, 3, 80], "size": [3, 3, 10], "uv": [74, 16]}
					]
				},
				{
					"name": "tail9",
					"parent": "tail8",
					"pivot": [0, 4.5, 90],
					"cubes": [
						{"origin": [-1.5, 3, 90], "size": [3, 3, 10], "uv": [54, 60]}
					]
				},
				{
					"name": "tail10",
					"parent": "tail9",
					"pivot": [0, 4.5, 100],
					"cubes": [
						{"origin": [-1.5, 3, 100], "size": [3, 3, 10], "uv": [28, 60]}
					]
				},
				{
					"name": "tail11",
					"parent": "tail10",
					"pivot": [0, 4.5, 110],
					"cubes": [
						{"origin": [-1.5, 3, 110], "size": [3, 3, 11], "uv": [0, 60]}
					]
				},
				{
					"name": "tail_head",
					"parent": "tail11",
					"pivot": [0, 4.5, 119],
					"cubes": [
						{"origin": [-2.5, 2, 119], "size": [5, 8, 6], "uv": [0, 80]}
					]
				},
				{
					"name": "body",
					"parent": "enamorus_incarnate",
					"pivot": [0, 9, 0],
					"cubes": [
						{"origin": [-3, 9, -2.5], "size": [6, 8, 5], "uv": [22, 86]},
						{"origin": [-0.5, 14, -2.51], "size": [1, 1, 0], "uv": [22, 86]}
					]
				},
				{
					"name": "body2",
					"parent": "body",
					"pivot": [0, 16, 0],
					"cubes": [
						{"origin": [-3.5, 16, -2.5], "size": [7, 8, 5], "inflate": 0.01, "uv": [70, 76]}
					]
				},
				{
					"name": "arm_right",
					"parent": "body2",
					"pivot": [-3.5, 24, 0],
					"cubes": [
						{"origin": [-10.5, 22, -1], "size": [7, 2, 2], "inflate": 0.01, "uv": [0, 4]}
					]
				},
				{
					"name": "arm_right2",
					"parent": "arm_right",
					"pivot": [-10.5, 23, 1],
					"cubes": [
						{"origin": [-17.5, 22, -1], "size": [7, 2, 2], "uv": [0, 0]}
					]
				},
				{
					"name": "hand_right",
					"parent": "arm_right2",
					"pivot": [-17.5, 23.75, 0],
					"cubes": [
						{"origin": [-20.5, 22.75, -1.5], "size": [3, 1, 3], "inflate": 0.01, "uv": [55, 0]}
					]
				},
				{
					"name": "thumb_right",
					"parent": "hand_right",
					"pivot": [-17.5, 23.25, -1.5],
					"cubes": [
						{"origin": [-18.5, 22.75, -3.5], "size": [1, 1, 2], "uv": [10, 16]}
					]
				},
				{
					"name": "finger_right1",
					"parent": "hand_right",
					"pivot": [-20.5, 23.75, -1],
					"cubes": [
						{"origin": [-21.5, 22.75, -1.5], "size": [1, 1, 1], "uv": [58, 17]}
					]
				},
				{
					"name": "finger_right1_2",
					"parent": "finger_right1",
					"pivot": [-21.5, 23.75, -1],
					"cubes": [
						{"origin": [-23.5, 22.75, -1.5], "size": [2, 1, 1], "uv": [55, 10]}
					]
				},
				{
					"name": "finger_right2",
					"parent": "hand_right",
					"pivot": [-20.5, 23.75, 0],
					"cubes": [
						{"origin": [-21.5, 22.75, -0.5], "size": [1, 1, 1], "uv": [55, 47]}
					]
				},
				{
					"name": "finger_right2_2",
					"parent": "finger_right2",
					"pivot": [-21.5, 23.75, 0],
					"cubes": [
						{"origin": [-23.5, 22.75, -0.5], "size": [2, 1, 1], "uv": [55, 8]}
					]
				},
				{
					"name": "finger_right3",
					"parent": "hand_right",
					"pivot": [-20.5, 23.75, 1],
					"cubes": [
						{"origin": [-21.5, 22.75, 0.5], "size": [1, 1, 1], "uv": [55, 45]}
					]
				},
				{
					"name": "finger_right3_2",
					"parent": "finger_right3",
					"pivot": [-21.5, 23.75, 1],
					"cubes": [
						{"origin": [-23.5, 22.75, 0.5], "size": [2, 1, 1], "uv": [10, 41]}
					]
				},
				{
					"name": "arm_left",
					"parent": "body2",
					"pivot": [3.5, 24, 0],
					"cubes": [
						{"origin": [3.5, 22, -1], "size": [7, 2, 2], "inflate": 0.01, "uv": [0, 12]}
					]
				},
				{
					"name": "arm_left2",
					"parent": "arm_left",
					"pivot": [10.5, 23, 1],
					"cubes": [
						{"origin": [10.5, 22, -1], "size": [7, 2, 2], "uv": [0, 8]}
					]
				},
				{
					"name": "hand_left",
					"parent": "arm_left2",
					"pivot": [17.5, 23.75, 0],
					"cubes": [
						{"origin": [17.5, 22.75, -1.5], "size": [3, 1, 3], "inflate": 0.01, "uv": [55, 4]}
					]
				},
				{
					"name": "thumb_left",
					"parent": "hand_left",
					"pivot": [17.5, 23.25, -1.5],
					"cubes": [
						{"origin": [17.5, 22.75, -3.5], "size": [1, 1, 2], "uv": [0, 46]}
					]
				},
				{
					"name": "finger_left1",
					"parent": "hand_left",
					"pivot": [20.5, 23.75, -1],
					"cubes": [
						{"origin": [20.5, 22.75, -1.5], "size": [1, 1, 1], "uv": [4, 60]}
					]
				},
				{
					"name": "finger_left1_2",
					"parent": "finger_left1",
					"pivot": [21.5, 23.75, -1],
					"cubes": [
						{"origin": [21.5, 22.75, -1.5], "size": [2, 1, 1], "uv": [55, 34]}
					]
				},
				{
					"name": "finger_left2",
					"parent": "hand_left",
					"pivot": [20.5, 23.75, 0],
					"cubes": [
						{"origin": [20.5, 22.75, -0.5], "size": [1, 1, 1], "uv": [0, 60]}
					]
				},
				{
					"name": "finger_left2_2",
					"parent": "finger_left2",
					"pivot": [21.5, 23.75, 0],
					"cubes": [
						{"origin": [21.5, 22.75, -0.5], "size": [2, 1, 1], "uv": [55, 32]}
					]
				},
				{
					"name": "finger_left3",
					"parent": "hand_left",
					"pivot": [20.5, 23.75, 1],
					"cubes": [
						{"origin": [20.5, 22.75, 0.5], "size": [1, 1, 1], "uv": [58, 46]}
					]
				},
				{
					"name": "finger_left3_2",
					"parent": "finger_left3",
					"pivot": [21.5, 23.75, 1],
					"cubes": [
						{"origin": [21.5, 22.75, 0.5], "size": [2, 1, 1], "uv": [55, 30]}
					]
				},
				{
					"name": "neck",
					"parent": "body2",
					"pivot": [0, 24, 0],
					"cubes": [
						{"origin": [-1, 23, -1], "size": [2, 5, 2], "uv": [10, 30]}
					]
				},
				{
					"name": "head",
					"parent": "neck",
					"pivot": [0, 27, 0],
					"cubes": [
						{"origin": [-3.5, 27, -3.5], "size": [7, 8, 7], "uv": [55, 30]},
						{"origin": [-1, 27.5, -3.51], "size": [2, 2, 0], "uv": [68, 16]},
						{"origin": [-3, 30, -3.5], "size": [1, 2, 0], "inflate": 0.02, "uv": [64, 16]},
						{"origin": [2, 30, -3.5], "size": [1, 2, 0], "inflate": 0.02, "uv": [64, 16]},
						{"origin": [-1.5, 31.5, -5.5], "size": [0, 2, 2], "uv": [55, 14]},
						{"origin": [1.5, 31.5, -5.5], "size": [0, 2, 2], "uv": [14, 14]}
					]
				},
				{
					"name": "ear_curl_left",
					"parent": "head",
					"pivot": [3.7, 30.5, -0.5],
					"rotation": [0, -45, 0],
					"cubes": [
						{"origin": [3.75, 30, -1.5], "size": [0, 1, 2], "uv": [4, 16]},
						{"origin": [3.75, 29, -2], "size": [0, 1, 1], "uv": [0, 7]},
						{"origin": [3.75, 28, -1.5], "size": [0, 1, 1], "uv": [0, 4]}
					]
				},
				{
					"name": "ear_curl_right",
					"parent": "head",
					"pivot": [-3.7, 30.5, -0.5],
					"rotation": [0, 45, 0],
					"cubes": [
						{"origin": [-3.75, 30, -1.5], "size": [0, 1, 2], "uv": [0, 16]},
						{"origin": [-3.75, 29, -2], "size": [0, 1, 1], "uv": [0, 3]},
						{"origin": [-3.75, 28, -1.5], "size": [0, 1, 1], "uv": [0, 0]}
					]
				},
				{
					"name": "horn_top_right",
					"parent": "head",
					"pivot": [-2, 33, -3.5],
					"rotation": [-10, 15, 0],
					"cubes": [
						{"origin": [-2, 33, -6.5], "size": [0, 2, 3], "uv": [6, 13]}
					]
				},
				{
					"name": "horn_top_left",
					"parent": "head",
					"pivot": [2, 33, -3.5],
					"rotation": [-10, -15, 0],
					"cubes": [
						{"origin": [2, 33, -6.5], "size": [0, 2, 3], "uv": [0, 13]}
					]
				},
				{
					"name": "ear_right",
					"parent": "head",
					"pivot": [-3.5, 30.5, -0.5],
					"rotation": [-30, -40, 0],
					"cubes": [
						{"origin": [-3.5, 29, -0.5], "size": [0, 4, 2], "uv": [10, 35]}
					]
				},
				{
					"name": "ear_left",
					"parent": "head",
					"pivot": [3.5, 30.5, -0.5],
					"rotation": [-30, 40, 0],
					"cubes": [
						{"origin": [3.5, 29, -0.5], "size": [0, 4, 2], "uv": [14, 35]}
					]
				},
				{
					"name": "hair_bun",
					"parent": "head",
					"pivot": [0, 35, 1.5],
					"rotation": [-35, 0, 0],
					"cubes": [
						{"origin": [-1.5, 34, 1.5], "size": [3, 3, 3], "uv": [7, 43]}
					]
				},
				{
					"name": "hair_heart_left",
					"parent": "hair_bun",
					"pivot": [0.5, 36.5, 3],
					"rotation": [20, 5, 2.5],
					"cubes": [
						{"origin": [0, 36, 3], "size": [5, 8, 0], "uv": [0, 38]}
					]
				},
				{
					"name": "hair_heart_right",
					"parent": "hair_bun",
					"pivot": [-0.5, 36.5, 3],
					"rotation": [20, -5, -2.5],
					"cubes": [
						{"origin": [-5, 36, 3], "size": [5, 8, 0], "uv": [0, 30]}
					]
				}
			]
		}
	]
}