{
	"format_version": "1.12.0",
	"minecraft:geometry": [
		{
			"description": {
				"identifier": "geometry.gouging_fire",
				"texture_width": 256,
				"texture_height": 256,
				"visible_bounds_width": 12,
				"visible_bounds_height": 4.5,
				"visible_bounds_offset": [0, 1.75, 0]
			},
			"bones": [
				{
					"name": "gouging_fire",
					"pivot": [0, 0, 0]
				},
				{
					"name": "body",
					"parent": "gouging_fire",
					"pivot": [0, 25.1, 0]
				},
				{
					"name": "torso",
					"parent": "body",
					"pivot": [-0.0735, 23.1735, 11.236],
					"cubes": [
						{"origin": [-7, 17.15, -1.6], "size": [14, 12, 8], "uv": [60, 23]},
						{"origin": [-7.497, 16.697, 6.072], "size": [15, 13, 12], "uv": [0, 31]},
						{"origin": [-6.497, 14.697, 8.072], "size": [13, 21, 11], "uv": [196, 6]},
						{"origin": [-5.497, 32.697, -0.928], "size": [11, 2, 8], "uv": [198, 59]},
						{"origin": [-3.497, 28.697, -7.928], "size": [7, 4, 5], "uv": [202, 72]},
						{"origin": [-5.497, 28.697, -2.928], "size": [11, 4, 11], "uv": [196, 39]}
					]
				},
				{
					"name": "back_spikes_left",
					"parent": "torso",
					"pivot": [7, 29.23248, 3.98],
					"rotation": [-7.5, 0, 30],
					"cubes": [
						{"origin": [7, 26.65, 2.1], "size": [0, 14, 13], "inflate": 0.001, "pivot": [7, 28.15, 11.1], "rotation": [-17.5, 0, 0], "uv": [161, 17]},
						{"origin": [7, 24.59297, 9.59189], "size": [0, 14, 13], "pivot": [7, 32.34297, 16.09189], "rotation": [-32.5, 0, 0], "uv": [161, 17]},
						{"origin": [7, 26.65, -7.1], "size": [0, 14, 13], "inflate": 0.001, "pivot": [7, 28.15, -3.1], "rotation": [17.5, 0, 0], "uv": [161, 17]},
						{"origin": [7, 24.59297, -14.59189], "size": [0, 14, 13], "pivot": [7, 32.34297, -8.09189], "rotation": [32.5, 0, 0], "uv": [161, 17]},
						{"origin": [7, 28.15, -2.6], "size": [0, 18, 13], "inflate": 0.01, "uv": [161, -7]}
					]
				},
				{
					"name": "back_spikes_right",
					"parent": "torso",
					"pivot": [-7, 29.23248, 3.98],
					"rotation": [-7.5, 0, -30],
					"cubes": [
						{"origin": [-7, 26.65, 2.1], "size": [0, 14, 13], "inflate": 0.001, "pivot": [-7, 28.15, 11.1], "rotation": [-17.5, 0, 0], "uv": [161, 17], "mirror": true},
						{"origin": [-7, 24.59297, 9.59189], "size": [0, 14, 13], "pivot": [-7, 32.34297, 16.09189], "rotation": [-32.5, 0, 0], "uv": [161, 17], "mirror": true},
						{"origin": [-7, 26.65, -7.1], "size": [0, 14, 13], "inflate": 0.001, "pivot": [-7, 28.15, -3.1], "rotation": [17.5, 0, 0], "uv": [161, 17], "mirror": true},
						{"origin": [-7, 24.59297, -14.59189], "size": [0, 14, 13], "pivot": [-7, 32.34297, -8.09189], "rotation": [32.5, 0, 0], "uv": [161, 17], "mirror": true},
						{"origin": [-7, 28.15, -2.6], "size": [0, 18, 13], "inflate": 0.01, "uv": [161, -7], "mirror": true}
					]
				},
				{
					"name": "tail",
					"parent": "torso",
					"pivot": [0.053, 25.497, 19.172],
					"cubes": [
						{"origin": [-5.497, 16.697, 19.072], "size": [11, 16, 10], "uv": [195, 84]},
						{"origin": [-4.497, 19.697, 29.072], "size": [9, 12, 5], "uv": [199, 138]}
					]
				},
				{
					"name": "bone",
					"parent": "tail",
					"pivot": [0.0655, 25.572, 34.1345],
					"cubes": [
						{"origin": [-5.497, 19.697, 34.072], "size": [11, 13, 11], "uv": [194, 110]},
						{"origin": [-4.497, 17.697, 45.072], "size": [9, 12, 13], "uv": [191, 156]}
					]
				},
				{
					"name": "bone10",
					"parent": "bone",
					"pivot": [0.08633, 19.78033, 57.98867],
					"cubes": [
						{"origin": [-2.997, 19.697, 58.072], "size": [6, 9, 2], "uv": [228, 157]},
						{"origin": [-3.497, 19.697, 60.072], "size": [7, 10, 13], "uv": [150, 157]}
					]
				},
				{
					"name": "bone11",
					"parent": "bone10",
					"pivot": [0.128, 23.697, 73.072],
					"cubes": [
						{"origin": [-1.997, 23.697, 73.072], "size": [4, 5, 3], "uv": [185, 159]},
						{"origin": [-2.497, 22.697, 76.072], "size": [5, 7, 6], "uv": [167, 141]},
						{"origin": [-0.497, 24.697, 82.072], "size": [1, 4, 2], "uv": [175, 134]}
					]
				},
				{
					"name": "bone12",
					"parent": "bone11",
					"pivot": [0.503, 26.697, 84.072],
					"cubes": [
						{"origin": [0.503, 24.697, 84.072], "size": [0, 4, 7], "uv": [170, 122]}
					]
				},
				{
					"name": "chest",
					"parent": "torso",
					"pivot": [0, 23.1425, -8.425],
					"cubes": [
						{"origin": [-9.5, 15.1425, -15.925], "size": [19, 16, 15], "uv": [0, 0]}
					]
				},
				{
					"name": "neck",
					"parent": "chest",
					"pivot": [-0.0155, 23.0627, -15.0138],
					"cubes": [
						{"origin": [-5.52, 17.27877, -23.07463], "size": [11, 9, 11], "inflate": 0.001, "pivot": [-0.026, 22.27877, -19.07463], "rotation": [-17.5, 0, 0], "uv": [0, 56]},
						{"origin": [-5.52, 20.26048, -24.72106], "size": [11, 9, 13], "inflate": 0.01, "pivot": [-0.03, 20.76048, -18.72106], "rotation": [15, 0, 0], "uv": [41, 43]},
						{"origin": [-5.52, 27.66501, -25.71883], "size": [5, 0, 6], "inflate": 0.01, "pivot": [-5.52, 27.66501, -25.71883], "rotation": [40.43246, -7.64427, -6.46635], "uv": [158, 76]},
						{"origin": [0.52, 27.66501, -25.71883], "size": [5, 0, 6], "inflate": 0.01, "pivot": [5.52, 27.66501, -25.71883], "rotation": [40.43246, 7.64427, 6.46635], "uv": [158, 76], "mirror": true},
						{"origin": [0.52, 28.81501, -21.71883], "size": [5, 0, 6], "inflate": 0.01, "pivot": [5.52, 28.81501, -21.71883], "rotation": [40.43246, 7.64427, 6.46635], "uv": [158, 76], "mirror": true},
						{"origin": [-2.42562, 29.3737, -21.05234], "size": [5, 0, 6], "inflate": 0.01, "pivot": [0.57438, 29.3737, -21.05234], "rotation": [55, 0, 0], "uv": [158, 85], "mirror": true},
						{"origin": [-5.52, 28.81501, -21.71883], "size": [5, 0, 6], "inflate": 0.01, "pivot": [-5.52, 28.81501, -21.71883], "rotation": [40.43246, -7.64427, -6.46635], "uv": [158, 76]}
					]
				},
				{
					"name": "mane_neck",
					"parent": "neck",
					"pivot": [-0.119, 18.71236, -24.39428],
					"rotation": [-42.5, 0, 0],
					"cubes": [
						{"origin": [-0.119, 16.71236, -24.39428], "size": [1, 6, 7], "pivot": [0.381, 19.21236, -8.14428], "rotation": [0, 0, -90], "uv": [76, 153]}
					]
				},
				{
					"name": "mane_neck2",
					"parent": "mane_neck",
					"pivot": [-0.119, 19.21236, -17.39428],
					"cubes": [
						{"origin": [-0.119, 15.71236, -17.39428], "size": [1, 8, 7], "pivot": [0.381, 19.21236, -8.14428], "rotation": [0, 0, -90], "uv": [57, 150]},
						{"origin": [0.381, 23.71236, -14.39428], "size": [0, 3, 8], "pivot": [0.381, 19.21236, -8.14428], "rotation": [0, 0, -90], "uv": [0, 147]},
						{"origin": [0.381, 12.71236, -14.39428], "size": [0, 3, 8], "pivot": [0.381, 19.21236, -8.14428], "rotation": [0, 0, -90], "uv": [0, 151]}
					]
				},
				{
					"name": "mane_neck3",
					"parent": "mane_neck2",
					"pivot": [-0.119, 19.21236, -10.39428],
					"cubes": [
						{"origin": [0.381, 15.71236, -10.39428], "size": [0, 8, 6], "pivot": [0.381, 19.21236, -8.14428], "rotation": [0, 0, -90], "uv": [34, 140]}
					]
				},
				{
					"name": "head",
					"parent": "neck",
					"pivot": [0, 23.69429, -24.2422],
					"cubes": [
						{"origin": [-5.52, 20.805, -29.8625], "size": [11, 5, 7], "uv": [96, 14]},
						{"origin": [-5.52, 18.805, -29.8625], "size": [3, 2, 3], "uv": [113, 131]},
						{"origin": [2.48, 18.805, -29.8625], "size": [3, 2, 3], "uv": [130, 60]},
						{"origin": [-5.52, 18.805, -26.8625], "size": [11, 2, 4], "uv": [104, 26]},
						{"origin": [2.48, 13.805, -29.8625], "size": [3, 5, 0], "uv": [37, 76]},
						{"origin": [4.22976, 13.805, -27.18134], "size": [4, 5, 0], "pivot": [7.72976, 19.305, -27.18134], "rotation": [0, -50, 0], "uv": [136, 126]},
						{"origin": [4.22976, 18.805, -27.18134], "size": [10, 7, 0], "pivot": [7.72976, 19.305, -27.18134], "rotation": [0, -50, 0], "uv": [82, 77]},
						{"origin": [-14.26976, 18.805, -27.18134], "size": [10, 7, 0], "pivot": [-7.76976, 19.305, -27.18134], "rotation": [0, 50, 0], "uv": [82, 77], "mirror": true},
						{"origin": [-8.26976, 13.805, -27.18134], "size": [4, 5, 0], "pivot": [-7.76976, 19.305, -27.18134], "rotation": [0, 50, 0], "uv": [136, 126], "mirror": true},
						{"origin": [-5.52, 13.805, -29.8625], "size": [3, 5, 0], "uv": [37, 76], "mirror": true}
					]
				},
				{
					"name": "eye_left",
					"parent": "head",
					"pivot": [0.4, 5.20215, 1.23944],
					"cubes": [
						{"origin": [0.48, 22.805, -29.8635], "size": [3, 2, 0], "inflate": 0.01, "uv": [147, 3]},
						{"origin": [1.73, 22.805, -29.864], "size": [1, 1, 0], "inflate": 0.01, "uv": [147, 6]}
					]
				},
				{
					"name": "eye_right",
					"parent": "head",
					"pivot": [-0.4, 5.20215, 1.23944],
					"cubes": [
						{"origin": [-3.48, 22.805, -29.8635], "size": [3, 2, 0], "inflate": 0.01, "uv": [147, 3], "mirror": true},
						{"origin": [-2.73, 22.805, -29.864], "size": [1, 1, 0], "inflate": 0.01, "uv": [147, 6], "mirror": true}
					]
				},
				{
					"name": "horn_right",
					"parent": "head",
					"pivot": [-0.04409, 22.44242, -29.70916],
					"rotation": [-7.5, 12.5, 0],
					"cubes": [
						{"origin": [-7.68913, 22.49851, -31.86262], "size": [8, 3, 2], "pivot": [0.21087, 23.24851, -29.11262], "rotation": [0, 0, 25], "uv": [112, 65]},
						{"origin": [-10.7798, 25.30206, -29.36262], "size": [5, 2, 1], "inflate": 0.1, "pivot": [-10.61233, 26.86007, -28.86262], "rotation": [-3.48303, 24.77164, -8.26511], "uv": [0, 86]},
						{"origin": [-15.17835, 25.32706, -28.86262], "size": [5, 2, 0], "pivot": [-10.61233, 26.86007, -28.86262], "rotation": [9.4723, 10.66301, 22.34465], "uv": [80, 21]}
					]
				},
				{
					"name": "horn_left",
					"parent": "head",
					"pivot": [0.04409, 22.44242, -29.70916],
					"rotation": [-7.5, -12.5, 0],
					"cubes": [
						{"origin": [-0.31087, 22.49851, -31.86262], "size": [8, 3, 2], "pivot": [-0.21087, 23.24851, -29.11262], "rotation": [0, 0, -25], "uv": [122, 0]},
						{"origin": [5.7798, 25.30206, -29.36262], "size": [5, 2, 1], "inflate": 0.1, "pivot": [10.61233, 26.86007, -28.86262], "rotation": [-3.48303, -24.77164, 8.26511], "uv": [74, 122]},
						{"origin": [10.17835, 25.32706, -28.86262], "size": [5, 2, 0], "pivot": [10.61233, 26.86007, -28.86262], "rotation": [9.4723, -10.66301, -22.34465], "uv": [82, 84]}
					]
				},
				{
					"name": "horn_front",
					"parent": "head",
					"pivot": [-0.01087, 23.99851, -29.86262],
					"rotation": [-25, 0, 0],
					"cubes": [
						{"origin": [-1.51087, 22.49851, -34.86262], "size": [3, 3, 5], "pivot": [-0.01087, 23.99851, -30.86262], "rotation": [0, 0, 45], "uv": [81, 122]}
					]
				},
				{
					"name": "horn_front2",
					"parent": "horn_front",
					"pivot": [-0.01087, 23.39851, -36.86262],
					"rotation": [17.5, 0, 0],
					"cubes": [
						{"origin": [-1.51087, 21.89851, -39.86262], "size": [3, 3, 6], "inflate": -0.3, "pivot": [-0.01087, 23.39851, -28.86262], "rotation": [0, 0, 45], "uv": [118, 32]}
					]
				},
				{
					"name": "horn_front3",
					"parent": "horn_front",
					"pivot": [-0.01087, 24.14851, -41.36262],
					"rotation": [-17.5, 0, 0],
					"cubes": [
						{"origin": [-0.51087, 22.64851, -42.36262], "size": [2, 2, 4], "pivot": [-0.01087, 24.14851, -33.36262], "rotation": [0, 0, 45], "uv": [93, 0]}
					]
				},
				{
					"name": "horn_front4",
					"parent": "horn_front3",
					"pivot": [0.03557, 23.01211, -43.06262],
					"cubes": [
						{"origin": [-0.01087, 22.37571, -45.26262], "size": [0, 2, 3], "uv": [69, 69]}
					]
				},
				{
					"name": "cap",
					"parent": "head",
					"pivot": [-4.67552, 25.99085, -29.80024],
					"rotation": [-2.5, 0, 0],
					"cubes": [
						{"origin": [-10.13472, 34.43748, -24.30257], "size": [10, 14, 0], "inflate": 0.01, "pivot": [-4.13472, 39.43748, -24.30257], "rotation": [-3.64867, 20.70481, -9.00717], "uv": [117, 83]},
						{"origin": [-6.67552, 24.99085, -26.05024], "size": [6, 10, 0], "inflate": 0.01, "pivot": [-4.67552, 29.99085, -26.80024], "rotation": [-24.14867, 20.70481, -9.00717], "uv": [0, 126]},
						{"origin": [0.13472, 34.43748, -24.30257], "size": [10, 14, 0], "inflate": 0.01, "pivot": [4.13472, 39.43748, -24.30257], "rotation": [-3.64867, -20.70481, 9.00717], "uv": [0, 112]},
						{"origin": [0.67552, 24.99085, -26.05024], "size": [6, 10, 0], "inflate": 0.01, "pivot": [4.67552, 29.99085, -26.80024], "rotation": [-24.14867, -20.70481, 9.00717], "uv": [125, 110]},
						{"origin": [-1.02, 24.97885, -25.36929], "size": [2, 10, 2], "pivot": [-0.02, 37.74375, -25.35173], "rotation": [-22.5, 0, 1], "uv": [36, 129]},
						{"origin": [-1.02, 34.43067, -26.57827], "size": [2, 9, 2], "pivot": [-0.02, 34.25051, -26.90702], "rotation": [0, 0, 1], "uv": [33, 56]}
					]
				},
				{
					"name": "cap_right",
					"parent": "cap",
					"pivot": [-10.66599, 40.3042, -26.26097],
					"rotation": [0, 22.5, 0],
					"cubes": [
						{"origin": [-9.96461, 24.74614, -22.7021], "size": [2, 12, 2], "pivot": [-9.30338, 35.56984, -22.16668], "rotation": [-22.5, 0, -20], "uv": [55, 125]},
						{"origin": [-11.8438, 42.04299, -23.12327], "size": [2, 7, 2], "inflate": 0.01, "pivot": [-9.53705, 47.59244, -22.16666], "rotation": [2.69136, -4.21541, 17.40093], "uv": [0, 99]},
						{"origin": [-10.71928, 47.30389, -23.21454], "size": [2, 5, 2], "pivot": [-9.71928, 48.80389, -22.21454], "rotation": [-2.87277, -4.09405, 85.1027], "uv": [73, 133]},
						{"origin": [-9.87484, 35.9973, -22.30749], "size": [2, 8, 2], "pivot": [-9.30338, 35.56984, -22.16668], "rotation": [4.83045, -1.29256, -25.05452], "uv": [81, 130]}
					]
				},
				{
					"name": "cap_left",
					"parent": "cap",
					"pivot": [10.66599, 40.3042, -26.26097],
					"rotation": [0, -22.5, 0],
					"cubes": [
						{"origin": [7.96461, 24.74614, -22.7021], "size": [2, 12, 2], "pivot": [9.30338, 35.56984, -22.16668], "rotation": [-22.5, 0, 20], "uv": [105, 123]},
						{"origin": [9.8438, 42.04299, -23.12327], "size": [2, 7, 2], "inflate": 0.01, "pivot": [9.53705, 47.59244, -22.16666], "rotation": [2.69136, 4.21541, -17.40093], "uv": [44, 65]},
						{"origin": [8.71928, 47.30389, -23.21454], "size": [2, 5, 2], "pivot": [9.71928, 48.80389, -22.21454], "rotation": [-2.87277, 4.09405, -85.1027], "uv": [117, 97]},
						{"origin": [7.87484, 35.9973, -22.30749], "size": [2, 8, 2], "pivot": [9.30338, 35.56984, -22.16668], "rotation": [4.83045, 1.29256, 25.05452], "uv": [44, 129]}
					]
				},
				{
					"name": "right_horn_top",
					"parent": "cap",
					"pivot": [-3.08933, 44.57964, -22.89413],
					"rotation": [7.5, 0, -35],
					"cubes": [
						{"origin": [-3.92713, 40.72456, -25.70109], "size": [3, 8, 2], "inflate": 0.01, "pivot": [-4.63902, 45.04976, -25.15827], "rotation": [-15, 0, 0], "uv": [76, 96]}
					]
				},
				{
					"name": "right_horn_top2",
					"parent": "right_horn_top",
					"pivot": [-3.08933, 47.57964, -21.89413],
					"rotation": [27.5, 0, 0],
					"cubes": [
						{"origin": [-3.92713, 48.56771, -25.40062], "size": [3, 6, 3], "uv": [24, 127]}
					]
				},
				{
					"name": "right_horn_top3",
					"parent": "right_horn_top2",
					"pivot": [-3.08933, 53.50538, -22.78995],
					"rotation": [17.5, 0, 0],
					"cubes": [
						{"origin": [-3.42713, 53.85253, -24.52976], "size": [2, 5, 2], "inflate": 0.1, "uv": [99, 135]},
						{"origin": [-2.42713, 57.39379, -23.14341], "size": [0, 5, 2], "pivot": [-4.63902, 54.22599, -25.75941], "rotation": [20, 0, 0], "uv": [17, 74]}
					]
				},
				{
					"name": "right_horn_top4",
					"parent": "right_horn_top",
					"pivot": [-2.33933, 42.82964, -21.64413],
					"rotation": [16.24074, -6.60796, 21.55613],
					"cubes": [
						{"origin": [-3.62244, 44.68262, -25.849], "size": [2, 4, 2], "inflate": 0.01, "uv": [26, 136]}
					]
				},
				{
					"name": "right_horn_top5",
					"parent": "right_horn_top4",
					"pivot": [-2.33933, 48.75538, -22.53995],
					"rotation": [17.5, 0, 0],
					"cubes": [
						{"origin": [-3.62244, 49.07963, -25.81029], "size": [2, 4, 2], "uv": [18, 136]},
						{"origin": [-2.62244, 51.62089, -24.42394], "size": [0, 4, 2], "pivot": [-4.83432, 48.45309, -27.03995], "rotation": [20, 0, 0], "uv": [92, 47]}
					]
				},
				{
					"name": "left_horn_top",
					"parent": "cap",
					"pivot": [3.08933, 44.57964, -22.89413],
					"rotation": [7.5, 0, 35],
					"cubes": [
						{"origin": [0.92713, 40.72456, -25.70109], "size": [3, 8, 2], "inflate": 0.01, "pivot": [4.63902, 45.04976, -25.15827], "rotation": [-15, 0, 0], "uv": [0, 56]}
					]
				},
				{
					"name": "left_horn_top2",
					"parent": "left_horn_top",
					"pivot": [3.08933, 47.57964, -21.89413],
					"rotation": [27.5, 0, 0],
					"cubes": [
						{"origin": [0.92713, 48.56771, -25.40062], "size": [3, 6, 3], "uv": [12, 127]}
					]
				},
				{
					"name": "left_horn_top3",
					"parent": "left_horn_top2",
					"pivot": [3.08933, 53.50538, -22.78995],
					"rotation": [17.5, 0, 0],
					"cubes": [
						{"origin": [1.42713, 53.85253, -24.52976], "size": [2, 5, 2], "inflate": 0.1, "uv": [20, 112]},
						{"origin": [2.42713, 57.39379, -23.14341], "size": [0, 5, 2], "pivot": [4.63902, 54.22599, -25.75941], "rotation": [20, 0, 0], "uv": [73, 0]}
					]
				},
				{
					"name": "left_horn_top4",
					"parent": "left_horn_top",
					"pivot": [2.33933, 42.82964, -21.64413],
					"rotation": [16.24074, 6.60796, -21.55613],
					"cubes": [
						{"origin": [1.62244, 44.68262, -25.849], "size": [2, 4, 2], "inflate": 0.01, "uv": [10, 136]}
					]
				},
				{
					"name": "left_horn_top5",
					"parent": "left_horn_top4",
					"pivot": [2.33933, 48.75538, -22.53995],
					"rotation": [17.5, 0, 0],
					"cubes": [
						{"origin": [1.62244, 49.07963, -25.81029], "size": [2, 4, 2], "uv": [136, 5]},
						{"origin": [2.62244, 51.62089, -24.42394], "size": [0, 4, 2], "pivot": [4.83432, 48.45309, -27.03995], "rotation": [20, 0, 0], "uv": [60, 84]}
					]
				},
				{
					"name": "left_horn_mid",
					"parent": "cap",
					"pivot": [6.08933, 38.57964, -22.89413],
					"rotation": [-14.28179, -10.3974, 61.01108],
					"cubes": [
						{"origin": [3.92713, 39.14549, -25.62424], "size": [3, 4, 2], "pivot": [5.42713, 39.39549, -24.17424], "rotation": [-4.5, 0, 0], "uv": [85, 43]},
						{"origin": [4.42713, 36.14549, -24.62424], "size": [2, 3, 1], "pivot": [5.42713, 39.39549, -24.17424], "rotation": [-4.5, 0, 0], "uv": [101, 0]}
					]
				},
				{
					"name": "left_horn_mid2",
					"parent": "left_horn_mid",
					"pivot": [6.08933, 41.57964, -21.89413],
					"rotation": [27.5, 0, 0],
					"cubes": [
						{"origin": [3.42713, 43.56771, -25.40062], "size": [4, 5, 3], "uv": [0, 0]}
					]
				},
				{
					"name": "left_horn_mid3",
					"parent": "left_horn_mid2",
					"pivot": [6.08933, 47.50538, -22.78995],
					"rotation": [17.5, 0, 0],
					"cubes": [
						{"origin": [4.42713, 48.60253, -24.52976], "size": [2, 3, 2], "inflate": 0.1, "uv": [30, 89]},
						{"origin": [5.42713, 50.39379, -23.49341], "size": [0, 4, 2], "pivot": [7.63902, 48.22599, -25.75941], "rotation": [20, 0, 0], "uv": [69, 63]}
					]
				},
				{
					"name": "right_horn_mid",
					"parent": "cap",
					"pivot": [-6.08933, 38.57964, -22.89413],
					"rotation": [-14.28179, 10.3974, -61.01108],
					"cubes": [
						{"origin": [-6.92713, 39.14549, -25.62424], "size": [3, 4, 2], "pivot": [-5.42713, 39.39549, -24.17424], "rotation": [-4.5, 0, 0], "uv": [85, 43], "mirror": true},
						{"origin": [-6.42713, 36.14549, -24.62424], "size": [2, 3, 1], "pivot": [-5.42713, 39.39549, -24.17424], "rotation": [-4.5, 0, 0], "uv": [101, 0], "mirror": true}
					]
				},
				{
					"name": "right_horn_mid2",
					"parent": "right_horn_mid",
					"pivot": [-6.08933, 41.57964, -21.89413],
					"rotation": [27.5, 0, 0],
					"cubes": [
						{"origin": [-7.42713, 43.56771, -25.40062], "size": [4, 5, 3], "uv": [0, 0], "mirror": true}
					]
				},
				{
					"name": "right_horn_mid3",
					"parent": "right_horn_mid2",
					"pivot": [-6.08933, 47.50538, -22.78995],
					"rotation": [17.5, 0, 0],
					"cubes": [
						{"origin": [-6.42713, 48.60253, -24.52976], "size": [2, 3, 2], "inflate": 0.1, "uv": [30, 89], "mirror": true},
						{"origin": [-5.42713, 50.39379, -23.49341], "size": [0, 4, 2], "pivot": [-7.63902, 48.22599, -25.75941], "rotation": [20, 0, 0], "uv": [69, 63], "mirror": true}
					]
				},
				{
					"name": "right_horn_bot",
					"parent": "cap",
					"pivot": [-5.08933, 31.07964, -24.89413],
					"rotation": [-18.26959, -13.51906, -71.41075],
					"cubes": [
						{"origin": [-5.92713, 31.64549, -27.62424], "size": [3, 4, 2], "pivot": [-4.42713, 31.89549, -26.17424], "rotation": [-4.5, 0, 0], "uv": [132, 75]},
						{"origin": [-5.42713, 28.64549, -26.62424], "size": [2, 3, 1], "pivot": [-4.42713, 31.89549, -26.17424], "rotation": [-4.5, 0, 0], "uv": [104, 55]}
					]
				},
				{
					"name": "right_horn_bot2",
					"parent": "right_horn_bot",
					"pivot": [-5.08933, 34.07964, -23.89413],
					"rotation": [27.5, 0, 0],
					"cubes": [
						{"origin": [-6.42713, 36.06771, -27.40062], "size": [4, 5, 3], "uv": [53, 7]}
					]
				},
				{
					"name": "right_horn_bot3",
					"parent": "right_horn_bot2",
					"pivot": [-5.08933, 40.00538, -24.78995],
					"rotation": [17.5, 0, 0],
					"cubes": [
						{"origin": [-5.42713, 41.10253, -26.52976], "size": [2, 3, 2], "inflate": 0.1, "uv": [97, 108]},
						{"origin": [-4.42713, 42.89379, -25.49341], "size": [0, 4, 2], "pivot": [-6.63902, 40.72599, -27.75941], "rotation": [20, 0, 0], "uv": [77, 63]}
					]
				},
				{
					"name": "left_horn_bot",
					"parent": "cap",
					"pivot": [5.08933, 31.07964, -24.89413],
					"rotation": [-18.26959, 13.51906, 71.41075],
					"cubes": [
						{"origin": [2.92713, 31.64549, -27.62424], "size": [3, 4, 2], "pivot": [4.42713, 31.89549, -26.17424], "rotation": [-4.5, 0, 0], "uv": [85, 43]},
						{"origin": [3.42713, 28.64549, -26.62424], "size": [2, 3, 1], "pivot": [4.42713, 31.89549, -26.17424], "rotation": [-4.5, 0, 0], "uv": [101, 0]}
					]
				},
				{
					"name": "left_horn_bot2",
					"parent": "left_horn_bot",
					"pivot": [5.08933, 34.07964, -23.89413],
					"rotation": [27.5, 0, 0],
					"cubes": [
						{"origin": [2.42713, 36.06771, -27.40062], "size": [4, 5, 3], "uv": [0, 0]}
					]
				},
				{
					"name": "left_horn_bot3",
					"parent": "left_horn_bot2",
					"pivot": [5.08933, 40.00538, -24.78995],
					"rotation": [17.5, 0, 0],
					"cubes": [
						{"origin": [3.42713, 41.10253, -26.52976], "size": [2, 3, 2], "inflate": 0.1, "uv": [30, 89]},
						{"origin": [4.42713, 42.89379, -25.49341], "size": [0, 4, 2], "pivot": [6.63902, 40.72599, -27.75941], "rotation": [20, 0, 0], "uv": [69, 63]}
					]
				},
				{
					"name": "fangs",
					"parent": "head",
					"pivot": [-3.85271, 21.76957, -30.2127],
					"cubes": [
						{"origin": [-1.52, 22.055, -30.3625], "size": [3, 1, 1], "uv": [91, 55]},
						{"origin": [-4.02, 20.805, -30.3626], "size": [4, 2, 1], "inflate": 0.001, "pivot": [-0.02, 22.805, -29.8625], "rotation": [0, 0, -15], "uv": [135, 51]},
						{"origin": [0.02, 20.805, -30.36262], "size": [4, 2, 1], "inflate": 0.001, "pivot": [0.02, 22.805, -29.8625], "rotation": [0, 0, 15], "uv": [137, 81]},
						{"origin": [0.46082, 19.06934, -30.2376], "size": [1, 1, 0], "inflate": 0.1, "pivot": [-0.78918, 20.91934, -29.8376], "rotation": [0, 0, -27.5], "uv": [12, 14]},
						{"origin": [-1.46082, 19.06934, -30.2376], "size": [1, 1, 0], "inflate": 0.1, "pivot": [0.78918, 20.91934, -29.8376], "rotation": [0, 0, 27.5], "uv": [42, 66]},
						{"origin": [-3.88357, 18.77242, -30.3625], "size": [2, 3, 1], "pivot": [-3.85271, 21.76957, -30.2128], "rotation": [0, 0, -5], "uv": [137, 88]},
						{"origin": [-3.88357, 15.77242, -30.1126], "size": [2, 3, 0], "pivot": [-3.85271, 21.76957, -30.2128], "rotation": [0, 0, -5], "uv": [93, 0]},
						{"origin": [1.88357, 18.77242, -30.3625], "size": [2, 3, 1], "pivot": [3.85271, 21.76957, -30.2128], "rotation": [0, 0, 5], "uv": [137, 84]},
						{"origin": [1.88357, 15.77242, -30.1126], "size": [2, 3, 0], "pivot": [3.85271, 21.76957, -30.2128], "rotation": [0, 0, 5], "uv": [11, 0]}
					]
				},
				{
					"name": "mane_left",
					"parent": "head",
					"pivot": [4.81652, 22.38833, -28.8797],
					"rotation": [0, 40, 0],
					"cubes": [
						{"origin": [4.38251, 19.555, -28.53306], "size": [1, 6, 7], "uv": [118, 97]}
					]
				},
				{
					"name": "mane_left2",
					"parent": "mane_left",
					"pivot": [4.98, 22.555, -21.6125],
					"cubes": [
						{"origin": [4.38251, 18.555, -21.53306], "size": [1, 8, 7], "uv": [65, 118]}
					]
				},
				{
					"name": "mane_left3",
					"parent": "mane_left2",
					"pivot": [4.98, 22.555, -14.6125],
					"cubes": [
						{"origin": [3.88251, 17.555, -14.53306], "size": [2, 10, 13], "uv": [0, 76]},
						{"origin": [4.88251, 14.555, -8.53306], "size": [0, 3, 8], "uv": [0, 141]},
						{"origin": [4.88251, 26.555, -8.53306], "size": [0, 3, 8], "uv": [0, 137]}
					]
				},
				{
					"name": "bone8",
					"parent": "mane_left3",
					"pivot": [4.88251, 22.055, -1.53306],
					"cubes": [
						{"origin": [4.88251, 17.555, -2.53306], "size": [0, 9, 6], "uv": [0, 70]}
					]
				},
				{
					"name": "mane_right",
					"parent": "head",
					"pivot": [-4.81652, 22.38833, -28.8797],
					"rotation": [0, -40, 0],
					"cubes": [
						{"origin": [-5.38251, 19.555, -28.53306], "size": [1, 6, 7], "uv": [76, 43]}
					]
				},
				{
					"name": "mane_right2",
					"parent": "mane_right",
					"pivot": [-4.98, 22.555, -21.6125],
					"cubes": [
						{"origin": [-5.38251, 18.555, -21.53306], "size": [1, 8, 7], "uv": [116, 116]}
					]
				},
				{
					"name": "mane_right3",
					"parent": "mane_right2",
					"pivot": [-4.98, 22.555, -14.6125],
					"cubes": [
						{"origin": [-5.88251, 17.555, -14.53306], "size": [2, 10, 13], "uv": [65, 73]},
						{"origin": [-4.88251, 14.555, -8.53306], "size": [0, 3, 8], "uv": [0, 141], "mirror": true},
						{"origin": [-4.88251, 26.555, -8.53306], "size": [0, 3, 8], "uv": [0, 137], "mirror": true}
					]
				},
				{
					"name": "bone9",
					"parent": "mane_right3",
					"pivot": [-4.88251, 22.055, -1.53306],
					"cubes": [
						{"origin": [-4.88251, 17.555, -2.53306], "size": [0, 9, 6], "uv": [0, 25]}
					]
				},
				{
					"name": "jaw",
					"parent": "head",
					"pivot": [0.02, 20.805, -26.8625],
					"cubes": [
						{"origin": [-2.52, 18.805, -29.8625], "size": [5, 2, 3], "uv": [126, 46]},
						{"origin": [-1.52, 20.305, -29.3625], "size": [3, 1, 3], "uv": [142, 57]},
						{"origin": [2.479, 20.305, -29.65539], "size": [0, 1, 1], "pivot": [2.48, 20.805, -29.15539], "rotation": [-45, 0, 0], "uv": [141, 54]},
						{"origin": [-2.518, 20.305, -29.65539], "size": [0, 1, 1], "pivot": [-2.52, 20.805, -29.15539], "rotation": [-45, 0, 0], "uv": [141, 54], "mirror": true}
					]
				},
				{
					"name": "legs",
					"parent": "body",
					"pivot": [0, 26.65, -5.2]
				},
				{
					"name": "leg_front_right",
					"parent": "legs",
					"pivot": [-11.34, 23.71308, -10.796],
					"cubes": [
						{"origin": [-14.84, 17.21308, -10.046], "size": [7, 12, 8], "pivot": [-11.34, 18.71308, -5.796], "rotation": [40, 0, 0], "uv": [87, 88]},
						{"origin": [-14.84, 11.21308, -9.046], "size": [7, 6, 6], "pivot": [-11.34, 18.71308, -5.796], "rotation": [40, 0, 0], "uv": [106, 71]}
					]
				},
				{
					"name": "leg_knee_front_right",
					"parent": "leg_front_right",
					"pivot": [-11.37843, 14.62244, 0.89247],
					"cubes": [
						{"origin": [-15.35, 4.05699, -6.92217], "size": [8, 12, 9], "inflate": 0.1, "pivot": [-5.75, 15.65215, -4.76056], "rotation": [-7.5, 0, 0], "uv": [68, 0]},
						{"origin": [-11.35, 4.05699, 2.07783], "size": [0, 12, 4], "pivot": [-5.75, 15.65215, -4.76056], "rotation": [-7.5, 0, 0], "uv": [97, 119]},
						{"origin": [-14.25, 10.05699, -7.42217], "size": [5.8, 3, 1], "pivot": [-5.75, 15.65215, -4.76056], "rotation": [-7.5, 0, 0], "uv": [96, 26]},
						{"origin": [-14.85, 5.05699, -7.42217], "size": [7, 4, 1], "pivot": [-5.75, 15.65215, -4.76056], "rotation": [-7.5, 0, 0], "uv": [126, 70]}
					]
				},
				{
					"name": "left_leg_fur",
					"parent": "leg_knee_front_right",
					"pivot": [-11.45, 3.20226, 0.62921],
					"cubes": [
						{"origin": [-15.45, 0.20226, 0.97921], "size": [8, 3, 0], "pivot": [-11.45, 1.70226, 0.97921], "rotation": [15, 0, 0], "uv": [125, 17]}
					]
				},
				{
					"name": "left_leg_fur2",
					"parent": "leg_knee_front_right",
					"pivot": [-11.45, 4.36402, -8.47824],
					"cubes": [
						{"origin": [-15.45, 2.46402, -9.97824], "size": [8, 3, 0], "pivot": [-11.45, 3.96402, -9.97824], "rotation": [-75, 0, 0], "uv": [67, 110]}
					]
				},
				{
					"name": "left_leg_fur3",
					"parent": "leg_knee_front_right",
					"pivot": [-7.26177, 3.80228, -4.05868],
					"cubes": [
						{"origin": [-6.86177, 0.80228, -8.55868], "size": [0, 3, 9], "pivot": [-6.86177, 2.30228, -4.05868], "rotation": [-7.24721, -1.93597, -14.87739], "uv": [42, 31]}
					]
				},
				{
					"name": "left_leg_fur4",
					"parent": "leg_knee_front_right",
					"pivot": [-15.48726, 3.80202, -4.05871],
					"cubes": [
						{"origin": [-15.83726, 0.80202, -8.55871], "size": [0, 3, 9], "pivot": [-15.83726, 2.30202, -4.05871], "rotation": [-7.24721, 1.93597, 14.87739], "uv": [42, 28]}
					]
				},
				{
					"name": "leg_foot_front_right",
					"parent": "leg_knee_front_right",
					"pivot": [-11.397, 4.16631, -4.47643],
					"cubes": [
						{"origin": [-15.397, 0.16631, -8.97643], "size": [8, 4, 9], "inflate": 0.01, "uv": [0, 99]}
					]
				},
				{
					"name": "right_toes",
					"parent": "leg_foot_front_right",
					"pivot": [-14.397, 0.19964, -9.47643]
				},
				{
					"name": "bone2",
					"parent": "right_toes",
					"pivot": [-14.147, 0.19964, -9.47643],
					"rotation": [0, 10, 0],
					"cubes": [
						{"origin": [-15.147, 0.16631, -12.47643], "size": [2, 3, 4], "uv": [130, 29]},
						{"origin": [-14.147, 0.16631, -14.47643], "size": [0, 3, 2], "uv": [20, 117]},
						{"origin": [-14.647, 2.16631, -12.47643], "size": [1, 1, 2], "inflate": 0.01, "uv": [118, 110]}
					]
				},
				{
					"name": "bone3",
					"parent": "right_toes",
					"pivot": [-11.397, 0.19964, -9.47643],
					"cubes": [
						{"origin": [-12.397, 0.16631, -12.47643], "size": [2, 3, 4], "uv": [130, 22]},
						{"origin": [-11.397, 0.16631, -14.47643], "size": [0, 3, 2], "uv": [74, 115]},
						{"origin": [-11.897, 2.16631, -12.47643], "size": [1, 1, 2], "inflate": 0.01, "uv": [118, 33]}
					]
				},
				{
					"name": "bone7",
					"parent": "right_toes",
					"pivot": [-8.647, 0.19964, -9.47643],
					"rotation": [0, -10, 0],
					"cubes": [
						{"origin": [-9.647, 0.16631, -12.47643], "size": [2, 3, 4], "uv": [128, 127]},
						{"origin": [-8.647, 0.16631, -14.47643], "size": [0, 3, 2], "uv": [52, 108]},
						{"origin": [-9.147, 2.16631, -12.47643], "size": [1, 1, 2], "inflate": 0.01, "uv": [46, 108]}
					]
				},
				{
					"name": "leg_front_left",
					"parent": "legs",
					"pivot": [11.34, 23.71308, -10.796],
					"cubes": [
						{"origin": [7.84, 17.21308, -10.046], "size": [7, 12, 8], "pivot": [11.34, 18.71308, -5.796], "rotation": [40, 0, 0], "uv": [82, 57]},
						{"origin": [7.84, 11.21308, -9.046], "size": [7, 6, 6], "pivot": [11.34, 18.71308, -5.796], "rotation": [40, 0, 0], "uv": [102, 0]}
					]
				},
				{
					"name": "leg_knee_front_left",
					"parent": "leg_front_left",
					"pivot": [11.37843, 14.62244, 0.89247],
					"cubes": [
						{"origin": [7.35, 4.05699, -6.92217], "size": [8, 12, 9], "inflate": 0.1, "pivot": [5.75, 15.65215, -4.76056], "rotation": [-7.5, 0, 0], "uv": [44, 65]},
						{"origin": [11.35, 4.05699, 2.07783], "size": [0, 12, 4], "pivot": [5.75, 15.65215, -4.76056], "rotation": [-7.5, 0, 0], "uv": [109, 79]},
						{"origin": [8.45, 10.05699, -7.42217], "size": [5.8, 3, 1], "pivot": [5.75, 15.65215, -4.76056], "rotation": [-7.5, 0, 0], "uv": [95, 84]},
						{"origin": [7.85, 5.05699, -7.42217], "size": [7, 4, 1], "pivot": [5.75, 15.65215, -4.76056], "rotation": [-7.5, 0, 0], "uv": [126, 41]}
					]
				},
				{
					"name": "right_leg_fur",
					"parent": "leg_knee_front_left",
					"pivot": [11.45, 3.20226, 0.62921],
					"cubes": [
						{"origin": [7.45, 0.20226, 0.97921], "size": [8, 3, 0], "pivot": [11.45, 1.70226, 0.97921], "rotation": [15, 0, 0], "uv": [104, 32]}
					]
				},
				{
					"name": "right_leg_fur2",
					"parent": "leg_knee_front_left",
					"pivot": [11.45, 4.36402, -8.47824],
					"cubes": [
						{"origin": [7.45, 2.46402, -9.97824], "size": [8, 3, 0], "pivot": [11.45, 3.96402, -9.97824], "rotation": [-75, 0, 0], "uv": [17, 86]}
					]
				},
				{
					"name": "right_leg_fur3",
					"parent": "leg_knee_front_left",
					"pivot": [7.26177, 3.80228, -4.05868],
					"cubes": [
						{"origin": [6.86177, 0.80228, -8.55868], "size": [0, 3, 9], "pivot": [6.86177, 2.30228, -4.05868], "rotation": [-7.24721, 1.93597, 14.87739], "uv": [42, 25]}
					]
				},
				{
					"name": "right_leg_fur4",
					"parent": "leg_knee_front_left",
					"pivot": [15.48726, 3.80202, -4.05871],
					"cubes": [
						{"origin": [15.83726, 0.80202, -8.55871], "size": [0, 3, 9], "pivot": [15.83726, 2.30202, -4.05871], "rotation": [-7.24721, -1.93597, -14.87739], "uv": [42, 22]}
					]
				},
				{
					"name": "leg_foot_front_left",
					"parent": "leg_knee_front_left",
					"pivot": [11.397, 4.16631, -4.47643],
					"cubes": [
						{"origin": [7.397, 0.16631, -8.97643], "size": [8, 4, 9], "inflate": 0.01, "uv": [51, 97]}
					]
				},
				{
					"name": "left_toes",
					"parent": "leg_foot_front_left",
					"pivot": [14.397, 0.19964, -9.47643]
				},
				{
					"name": "bone4",
					"parent": "left_toes",
					"pivot": [14.147, 0.19964, -9.47643],
					"rotation": [0, -10, 0],
					"cubes": [
						{"origin": [13.147, 0.16631, -12.47643], "size": [2, 3, 4], "uv": [127, 97]},
						{"origin": [14.147, 0.16631, -14.47643], "size": [0, 3, 2], "uv": [102, 75]},
						{"origin": [13.647, 2.16631, -12.47643], "size": [1, 1, 2], "inflate": 0.01, "uv": [25, 104]}
					]
				},
				{
					"name": "bone5",
					"parent": "left_toes",
					"pivot": [11.397, 0.19964, -9.47643],
					"cubes": [
						{"origin": [10.397, 0.16631, -12.47643], "size": [2, 3, 4], "uv": [52, 86]},
						{"origin": [11.397, 0.16631, -14.47643], "size": [0, 3, 2], "uv": [25, 97]},
						{"origin": [10.897, 2.16631, -12.47643], "size": [1, 1, 2], "inflate": 0.01, "uv": [102, 81]}
					]
				},
				{
					"name": "bone6",
					"parent": "left_toes",
					"pivot": [8.647, 0.19964, -9.47643],
					"rotation": [0, 10, 0],
					"cubes": [
						{"origin": [7.647, 0.16631, -12.47643], "size": [2, 3, 4], "uv": [69, 65]},
						{"origin": [8.647, 0.16631, -14.47643], "size": [0, 3, 2], "uv": [33, 84]},
						{"origin": [8.147, 2.16631, -12.47643], "size": [1, 1, 2], "inflate": 0.01, "uv": [93, 6]}
					]
				},
				{
					"name": "leg_back_left",
					"parent": "legs",
					"pivot": [9.75, 21.66893, 13.53659],
					"cubes": [
						{"origin": [6.25, 9.37356, 10.03861], "size": [7, 12, 8], "pivot": [3, 14.65215, -10.76056], "rotation": [10, 0, 0], "uv": [96, 35]}
					]
				},
				{
					"name": "leg_knee_back_left",
					"parent": "leg_back_left",
					"pivot": [9.747, 13.21366, 11.92745],
					"cubes": [
						{"origin": [7.247, 7.9797, 14.07024], "size": [5, 10, 5], "pivot": [9.747, 12.9797, 17.57024], "rotation": [50, 0, 0], "uv": [52, 110]},
						{"origin": [7.247, 11.9797, 14.07024], "size": [5, 2, 5], "inflate": 0.2, "pivot": [9.747, 12.9797, 17.57024], "rotation": [50, 0, 0], "uv": [35, 122]}
					]
				},
				{
					"name": "leg_foot_back_left",
					"parent": "leg_knee_back_left",
					"pivot": [9.75157, 10.00234, 22.7847],
					"cubes": [
						{"origin": [6.75, 7.35053, 17.91154], "size": [6, 8, 6], "pivot": [2.85, 15.65215, -9.76056], "rotation": [-7.5, 0, 0], "uv": [79, 108]}
					]
				},
				{
					"name": "right_back_fur2",
					"parent": "leg_foot_back_left",
					"pivot": [6.69076, 4.93996, 19.68035],
					"cubes": [
						{"origin": [6.23227, 2.63995, 16.66164], "size": [0, 2, 6], "pivot": [6.75727, 4.4064, 19.53111], "rotation": [-3.18458, 6.79382, 64.81092], "uv": [0, 6]}
					]
				},
				{
					"name": "left_back_fur2",
					"parent": "leg_foot_back_left",
					"pivot": [12.80924, 4.93996, 19.68035],
					"cubes": [
						{"origin": [13.26773, 2.63995, 16.66164], "size": [0, 2, 6], "pivot": [12.74273, 4.4064, 19.53111], "rotation": [-3.18458, -6.79382, -64.81092], "uv": [0, 35]}
					]
				},
				{
					"name": "left_back_fur",
					"parent": "leg_foot_back_left",
					"pivot": [9.75, 5.04225, 16.75582],
					"cubes": [
						{"origin": [6.75, 2.7687, 18.03974], "size": [6, 2, 0], "pivot": [9.75, 5.7687, 17.56474], "rotation": [-75, 0, 0], "uv": [68, 21]}
					]
				},
				{
					"name": "leg_foot_back_left2",
					"parent": "leg_foot_back_left",
					"pivot": [8.525, 3.93931, 21.22657],
					"cubes": [
						{"origin": [6.247, 0.16626, 15.93386], "size": [7, 4, 6], "inflate": 0.01, "uv": [104, 55]}
					]
				},
				{
					"name": "left_back_toes",
					"parent": "leg_foot_back_left2",
					"pivot": [9.75319, 2.15626, 17.35484],
					"cubes": [
						{"origin": [10.807, 0.15626, 12.67386], "size": [3, 4, 2], "inflate": -0.01, "pivot": [6.757, 1.65626, 14.92386], "rotation": [0, -22.5, 0], "uv": [133, 134]},
						{"origin": [8.257, 0.15626, 13.92386], "size": [3, 4, 2], "uv": [0, 136]},
						{"origin": [5.257, 0.15626, 14.92386], "size": [3, 4, 2], "inflate": -0.01, "pivot": [6.757, 1.65626, 14.92386], "rotation": [0, 22.5, 0], "uv": [135, 95]}
					]
				},
				{
					"name": "leg_back_right",
					"parent": "legs",
					"pivot": [-9.75, 21.66893, 13.53659],
					"cubes": [
						{"origin": [-13.25, 9.37356, 10.03861], "size": [7, 12, 8], "pivot": [-3, 14.65215, -10.76056], "rotation": [10, 0, 0], "uv": [30, 86]}
					]
				},
				{
					"name": "leg_knee_back_right",
					"parent": "leg_back_right",
					"pivot": [-9.747, 13.21366, 11.92745],
					"cubes": [
						{"origin": [-12.247, 7.9797, 14.07024], "size": [5, 10, 5], "pivot": [-9.747, 12.9797, 17.57024], "rotation": [50, 0, 0], "uv": [103, 108]},
						{"origin": [-12.247, 11.9797, 14.07024], "size": [5, 2, 5], "inflate": 0.2, "pivot": [-9.747, 12.9797, 17.57024], "rotation": [50, 0, 0], "uv": [20, 120]}
					]
				},
				{
					"name": "leg_foot_back_right",
					"parent": "leg_knee_back_right",
					"pivot": [-9.75157, 10.00234, 22.7847],
					"cubes": [
						{"origin": [-12.75, 7.35053, 17.91154], "size": [6, 8, 6], "pivot": [-2.85, 15.65215, -9.76056], "rotation": [-7.5, 0, 0], "uv": [28, 106]}
					]
				},
				{
					"name": "right_back_fur3",
					"parent": "leg_foot_back_right",
					"pivot": [-6.69076, 4.93996, 19.68035],
					"cubes": [
						{"origin": [-6.23227, 2.63995, 16.66164], "size": [0, 2, 6], "pivot": [-6.75727, 4.4064, 19.53111], "rotation": [-3.18458, -6.79382, -64.81092], "uv": [0, 4]}
					]
				},
				{
					"name": "left_back_fur3",
					"parent": "leg_foot_back_right",
					"pivot": [-12.80924, 4.93996, 19.68035],
					"cubes": [
						{"origin": [-13.26773, 2.63995, 16.66164], "size": [0, 2, 6], "pivot": [-12.74273, 4.4064, 19.53111], "rotation": [-3.18458, 6.79382, 64.81092], "uv": [0, 2]}
					]
				},
				{
					"name": "right_back_fur",
					"parent": "leg_foot_back_right",
					"pivot": [-9.75, 5.04225, 16.75582],
					"cubes": [
						{"origin": [-12.75, 2.7687, 18.03974], "size": [6, 2, 0], "pivot": [-9.75, 5.7687, 17.56474], "rotation": [-75, 0, 0], "uv": [64, 7]}
					]
				},
				{
					"name": "leg_foot_back_right2",
					"parent": "leg_foot_back_right",
					"pivot": [-8.525, 3.93931, 21.22657],
					"cubes": [
						{"origin": [-13.247, 0.16626, 15.93386], "size": [7, 4, 6], "inflate": 0.01, "uv": [17, 76]}
					]
				},
				{
					"name": "right_back_toes",
					"parent": "leg_foot_back_right2",
					"pivot": [-9.75319, 2.15626, 17.35484],
					"cubes": [
						{"origin": [-13.807, 0.15626, 12.67386], "size": [3, 4, 2], "inflate": -0.01, "pivot": [-6.757, 1.65626, 14.92386], "rotation": [0, 22.5, 0], "uv": [123, 134]},
						{"origin": [-11.257, 0.15626, 13.92386], "size": [3, 4, 2], "uv": [134, 104]},
						{"origin": [-8.257, 0.15626, 14.92386], "size": [3, 4, 2], "inflate": -0.01, "pivot": [-6.757, 1.65626, 14.92386], "rotation": [0, -22.5, 0], "uv": [89, 133]}
					]
				}
			]
		}
	]
}