{
	"format_version": "1.12.0",
	"minecraft:geometry": [
		{
			"description": {
				"identifier": "geometry.mega_gyarados",
				"texture_width": 128,
				"texture_height": 128,
				"visible_bounds_width": 9,
				"visible_bounds_height": 5,
				"visible_bounds_offset": [0, 1.5, 0]
			},
			"bones": [
				{
					"name": "mega_gyarados",
					"pivot": [0, 0, 0]
				},
				{
					"name": "body",
					"parent": "mega_gyarados",
					"pivot": [0, 3.5, -16]
				},
				{
					"name": "neck",
					"parent": "body",
					"pivot": [0, 3.5, -15],
					"cubes": [
						{"origin": [-6, -2, -23], "size": [12, 15, 9], "inflate": 0.08, "uv": [0, 59]}
					]
				},
				{
					"name": "neck_plate",
					"parent": "neck",
					"pivot": [6.09, 13, -18.5],
					"rotation": [0, 0, 35],
					"cubes": [
						{"origin": [6.09, 13, -21], "size": [0, 5, 5], "uv": [1, 40]}
					]
				},
				{
					"name": "large_fin_left",
					"parent": "neck",
					"pivot": [2, 8, -18.5],
					"rotation": [0, 0, 35],
					"cubes": [
						{"origin": [2, 12, -23], "size": [0, 14, 24], "uv": [0, 84]}
					]
				},
				{
					"name": "large_fin_right",
					"parent": "neck",
					"pivot": [-2, 8, -18.5],
					"rotation": [0, 0, -35],
					"cubes": [
						{"origin": [-2, 12, -23], "size": [0, 14, 24], "uv": [0, 84], "mirror": true}
					]
				},
				{
					"name": "vent_left",
					"parent": "neck",
					"pivot": [6.06, 6.5, -21],
					"rotation": [0, 35, 0],
					"cubes": [
						{"origin": [3.06, 5, -21], "size": [3, 3, 4], "uv": [0, 101]}
					]
				},
				{
					"name": "vent_right",
					"parent": "neck",
					"pivot": [-6.06, 6.5, -21],
					"rotation": [0, -35, 0],
					"cubes": [
						{"origin": [-6.06, 5, -21], "size": [3, 3, 4], "uv": [0, 101], "mirror": true}
					]
				},
				{
					"name": "head",
					"parent": "neck",
					"pivot": [0, 4.5, -24],
					"cubes": [
						{"origin": [-3.5, -0.5, -30], "size": [7, 10, 8], "uv": [98, 0]},
						{"origin": [0, -9.5, -28], "size": [0, 9, 5], "uv": [29, 8]},
						{"origin": [-6.5, 4, -27.5], "size": [3, 3, 0], "pivot": [-3.5, 4, -27.5], "rotation": [-10, 30, -5], "uv": [122, 24], "mirror": true},
						{"origin": [3.5, 4, -27.5], "size": [3, 3, 0], "pivot": [3.5, 4, -27.5], "rotation": [-10, -30, 5], "uv": [122, 21]},
						{"origin": [-6.56218, 4.19223, -28.44683], "size": [4, 3, 0], "pivot": [3.5, 4.8, -25], "rotation": [-10, 30, 0], "uv": [120, 18], "mirror": true},
						{"origin": [3.5, 4.8, -25], "size": [4, 3, 0], "pivot": [3.5, 4.8, -25], "rotation": [-10, -30, 0], "uv": [95, 18]},
						{"origin": [-6.5, -0.5, -29], "size": [3, 4, 0], "pivot": [-3.5, -0.5, -29], "rotation": [-25, 40, -5], "uv": [122, 4], "mirror": true},
						{"origin": [3.5, -0.5, -29], "size": [3, 4, 0], "pivot": [3.5, -0.5, -29], "rotation": [-25, -40, 5], "uv": [122, 0]},
						{"origin": [-2.5, -0.5, -32], "size": [0, 4, 2], "inflate": 0.01, "uv": [26, -1]},
						{"origin": [2.5, -0.5, -32], "size": [0, 4, 2], "inflate": 0.01, "uv": [21, -1], "mirror": true}
					]
				},
				{
					"name": "sideburn_left",
					"parent": "head",
					"pivot": [3.5, 1.5, -27],
					"rotation": [0, 50, 0],
					"cubes": [
						{"origin": [3.5, -0.5, -27], "size": [0, 6, 17], "uv": [81, 4]}
					]
				},
				{
					"name": "sideburn_right",
					"parent": "head",
					"pivot": [-3.5, 1.5, -27],
					"rotation": [0, -50, 0],
					"cubes": [
						{"origin": [-3.5, -0.5, -27], "size": [0, 6, 17], "uv": [81, 4], "mirror": true}
					]
				},
				{
					"name": "bone",
					"parent": "head",
					"pivot": [0, 4.5, -33],
					"rotation": [-30, 0, 0],
					"cubes": [
						{"origin": [-1, 4.5, -33], "size": [2, 14, 2], "uv": [0, 26]},
						{"origin": [-0.81699, 18.43407, -32.11699], "size": [2, 5, 0], "pivot": [0, 19.4, -32.3], "rotation": [0, -45, 0], "uv": [56, 21]},
						{"origin": [-1.18301, 18.43407, -32.11699], "size": [2, 5, 0], "pivot": [0, 19.4, -32.3], "rotation": [0, 45, 0], "uv": [60, 21]}
					]
				},
				{
					"name": "crest_right",
					"parent": "head",
					"pivot": [-1, 4.5, -31.8],
					"rotation": [-13, -10, -48],
					"cubes": [
						{"origin": [-1, 4.4, -31.8], "size": [2, 6, 2], "inflate": -0.15, "uv": [52, 13], "mirror": true},
						{"origin": [-1.3, 10.2, -31.8], "size": [2, 5, 0], "pivot": [1, 11.5, -31.8], "rotation": [0, 40, 0], "uv": [52, 21], "mirror": true}
					]
				},
				{
					"name": "crest_left",
					"parent": "head",
					"pivot": [1, 4.5, -31.8],
					"rotation": [-13, 10, 48],
					"cubes": [
						{"origin": [-1, 4.4, -31.8], "size": [2, 6, 2], "inflate": -0.15, "uv": [68, 13]},
						{"origin": [-0.7, 10.2, -31.8], "size": [2, 5, 0], "pivot": [-1, 11.5, -31.8], "rotation": [0, -40, 0], "uv": [64, 21]}
					]
				},
				{
					"name": "eyes",
					"parent": "head",
					"pivot": [0, 5.5, -30]
				},
				{
					"name": "eye_right",
					"parent": "eyes",
					"pivot": [-2.5, 5, -30.01],
					"cubes": [
						{"origin": [-2.8, 4.5, -30.01], "size": [1, 2, 0], "uv": [0, 2]}
					]
				},
				{
					"name": "eyelid_right",
					"parent": "eye_right",
					"pivot": [-2.4, 5.5, -29.41],
					"cubes": [
						{"origin": [-3.4, 4.5, -29.91], "size": [3, 2, 1], "inflate": 0.01, "uv": [28, 52]}
					]
				},
				{
					"name": "eye_left",
					"parent": "eyes",
					"pivot": [2.5, 5, -30.01],
					"cubes": [
						{"origin": [1.8, 4.5, -30.01], "size": [1, 2, 0], "uv": [2, 2]}
					]
				},
				{
					"name": "eyelid_left",
					"parent": "eye_left",
					"pivot": [2.4, 5.5, -29.41],
					"cubes": [
						{"origin": [0.4, 4.5, -29.91], "size": [3, 2, 1], "inflate": 0.01, "uv": [36, 52], "mirror": true}
					]
				},
				{
					"name": "jaw_upper",
					"parent": "head",
					"pivot": [0, 2.5, -30],
					"rotation": [-2, 0, 0],
					"cubes": [
						{"origin": [-2.5, 2.5, -33], "size": [5, 2, 4], "inflate": 0.02, "uv": [14, 52]},
						{"origin": [-2.3, 1.78, -32.55], "size": [1, 1, 0], "pivot": [-2, 2.48, -32.75], "rotation": [-15, 15, -47], "uv": [0, 4], "mirror": true},
						{"origin": [1.3, 1.78, -32.55], "size": [1, 1, 0], "pivot": [2, 2.48, -32.75], "rotation": [-15, -15, 47], "uv": [2, 4]}
					]
				},
				{
					"name": "jaw_lower",
					"parent": "head",
					"pivot": [0, -0.5, -29],
					"rotation": [60, 0, 0],
					"cubes": [
						{"origin": [-2.5, -0.5, -31], "size": [5, 1, 2], "inflate": 0.02, "uv": [0, 51]},
						{"origin": [-2.5, -0.5, -31.6], "size": [0, 1, 2], "pivot": [-3, 0.5, -31.6], "rotation": [25, 0, 0], "uv": [0, 12]},
						{"origin": [2.5, -0.5, -31.6], "size": [0, 1, 2], "pivot": [3, 0.5, -31.6], "rotation": [25, 0, 0], "uv": [0, 13], "mirror": true}
					]
				},
				{
					"name": "jaw_lower2",
					"parent": "jaw_lower",
					"pivot": [0, -0.52, -31.02],
					"cubes": [
						{"origin": [-2.5, -0.51, -35.03], "size": [5, 1, 4], "inflate": 0.01, "uv": [0, 54]},
						{"origin": [-2.05, 0.395, -34.35], "size": [1, 1, 0], "pivot": [-2.35, 0.495, -33.75], "rotation": [0, 30, 49], "uv": [0, 5], "mirror": true},
						{"origin": [1.05, 0.395, -34.35], "size": [1, 1, 0], "pivot": [2.35, 0.495, -33.75], "rotation": [0, -30, -49], "uv": [2, 5]}
					]
				},
				{
					"name": "whisker_left",
					"parent": "head",
					"pivot": [3.5, 0.5, -28],
					"rotation": [0, -40, 0],
					"cubes": [
						{"origin": [3.5, -0.5, -28], "size": [10, 1, 0], "inflate": 0.01, "uv": [0, 11]}
					]
				},
				{
					"name": "whisker_left2",
					"parent": "whisker_left",
					"pivot": [13.5, 0, -28],
					"cubes": [
						{"origin": [13.5, -0.5, -28], "size": [10, 1, 0], "inflate": 0.01, "uv": [0, 12]}
					]
				},
				{
					"name": "whisker_left3",
					"parent": "whisker_left2",
					"pivot": [23.5, 0, -28],
					"cubes": [
						{"origin": [23.5, -0.5, -28], "size": [10, 1, 0], "inflate": 0.01, "uv": [0, 42]}
					]
				},
				{
					"name": "whisker_left4",
					"parent": "whisker_left3",
					"pivot": [33.5, 0, -28],
					"cubes": [
						{"origin": [33.5, -0.5, -28], "size": [10, 1, 0], "inflate": 0.01, "uv": [0, 43]}
					]
				},
				{
					"name": "whisker_left5",
					"parent": "whisker_left4",
					"pivot": [43.5, 0, -28],
					"cubes": [
						{"origin": [43.5, -0.5, -28], "size": [10, 1, 0], "inflate": 0.01, "uv": [0, 44]}
					]
				},
				{
					"name": "whisker_right1",
					"parent": "head",
					"pivot": [-3.5, 0.5, -28],
					"rotation": [0, 40, 0],
					"cubes": [
						{"origin": [-13.5, -0.5, -28], "size": [10, 1, 0], "inflate": 0.01, "uv": [0, 6], "mirror": true}
					]
				},
				{
					"name": "whisker_right2",
					"parent": "whisker_right1",
					"pivot": [-13.5, 0, -28],
					"cubes": [
						{"origin": [-23.5, -0.5, -28], "size": [10, 1, 0], "inflate": 0.01, "uv": [0, 7], "mirror": true}
					]
				},
				{
					"name": "whisker_right3",
					"parent": "whisker_right2",
					"pivot": [-23.5, 0, -28],
					"cubes": [
						{"origin": [-33.5, -0.5, -28], "size": [10, 1, 0], "inflate": 0.01, "uv": [0, 8], "mirror": true}
					]
				},
				{
					"name": "whisker_right4",
					"parent": "whisker_right3",
					"pivot": [-33.5, 0, -28],
					"cubes": [
						{"origin": [-43.5, -0.5, -28], "size": [10, 1, 0], "inflate": 0.01, "uv": [0, 9], "mirror": true}
					]
				},
				{
					"name": "whisker_right5",
					"parent": "whisker_right4",
					"pivot": [-43.5, 0, -28],
					"cubes": [
						{"origin": [-53.5, -0.5, -28], "size": [10, 1, 0], "inflate": 0.01, "uv": [0, 10], "mirror": true}
					]
				},
				{
					"name": "segment1",
					"parent": "body",
					"pivot": [0.5, 4, -17],
					"cubes": [
						{"origin": [-6.5, -3, -17], "size": [13, 17, 6], "inflate": 0.07, "uv": [43, 62]}
					]
				},
				{
					"name": "segment1_plate_left",
					"parent": "segment1",
					"pivot": [6.58, 14, -14],
					"rotation": [0, 0, 35],
					"cubes": [
						{"origin": [6.58, 14, -17], "size": [0, 6, 6], "uv": [30, 32]}
					]
				},
				{
					"name": "vent_left1",
					"parent": "segment1",
					"pivot": [6.56, 6.5, -15],
					"rotation": [0, 20, 0],
					"cubes": [
						{"origin": [3.56, 5, -15], "size": [3, 3, 4], "uv": [0, 101]}
					]
				},
				{
					"name": "vent_right1",
					"parent": "segment1",
					"pivot": [-6.56, 6.5, -15],
					"rotation": [0, -20, 0],
					"cubes": [
						{"origin": [-6.56, 5, -15], "size": [3, 3, 4], "uv": [0, 101], "mirror": true}
					]
				},
				{
					"name": "segment2",
					"parent": "segment1",
					"pivot": [0, 3.5, -11],
					"cubes": [
						{"origin": [-5.5, -1, -12], "size": [11, 14, 6], "inflate": 0.06, "uv": [82, 61]}
					]
				},
				{
					"name": "segment2_plate_left",
					"parent": "segment2",
					"pivot": [5.57, 13, -9],
					"rotation": [0, 0, 35],
					"cubes": [
						{"origin": [5.57, 13, -11], "size": [0, 6, 6], "uv": [30, 38]}
					]
				},
				{
					"name": "vent_left2",
					"parent": "segment2",
					"pivot": [5.56, 6.5, -10],
					"rotation": [0, 20, 0],
					"cubes": [
						{"origin": [2.56, 5, -10], "size": [3, 3, 4], "uv": [0, 101]}
					]
				},
				{
					"name": "vent_right2",
					"parent": "segment2",
					"pivot": [-5.56, 6.5, -10],
					"rotation": [0, -20, 0],
					"cubes": [
						{"origin": [-5.56, 5, -10], "size": [3, 3, 4], "uv": [0, 101], "mirror": true}
					]
				},
				{
					"name": "segment3",
					"parent": "segment2",
					"pivot": [0, 3.5, -7],
					"cubes": [
						{"origin": [-4.5, 0, -7], "size": [9, 12, 6], "inflate": 0.05, "uv": [0, 83]}
					]
				},
				{
					"name": "segment3_plate_left",
					"parent": "segment3",
					"pivot": [4.56, 11.5, -4],
					"rotation": [0, 0, 35],
					"cubes": [
						{"origin": [4.56, 11, -6], "size": [0, 6, 5], "uv": [52, 49]}
					]
				},
				{
					"name": "vent_left3",
					"parent": "segment3",
					"pivot": [4.56, 6.5, -5],
					"rotation": [0, 20, 0],
					"cubes": [
						{"origin": [1.56, 5, -5], "size": [3, 3, 4], "uv": [0, 101]}
					]
				},
				{
					"name": "vent_right3",
					"parent": "segment3",
					"pivot": [-4.56, 6.5, -5],
					"rotation": [0, -20, 0],
					"cubes": [
						{"origin": [-4.56, 5, -5], "size": [3, 3, 4], "uv": [0, 101], "mirror": true}
					]
				},
				{
					"name": "segment4",
					"parent": "segment3",
					"pivot": [0, 3.5, -2],
					"cubes": [
						{"origin": [-3.5, 0, -2], "size": [7, 11, 6], "inflate": 0.04, "uv": [30, 85]}
					]
				},
				{
					"name": "segment5",
					"parent": "segment4",
					"pivot": [0, 3.5, 3],
					"cubes": [
						{"origin": [-3.5, 1, 3], "size": [7, 9, 6], "inflate": 0.03, "uv": [56, 85]}
					]
				},
				{
					"name": "segment6",
					"parent": "segment5",
					"pivot": [0, 5.5, 8],
					"cubes": [
						{"origin": [-3.5, 2, 8], "size": [7, 7, 6], "inflate": 0.02, "uv": [26, 0]}
					]
				},
				{
					"name": "segment9",
					"parent": "segment6",
					"pivot": [0, 5.5, 14],
					"cubes": [
						{"origin": [-3, 2.5, 13], "size": [6, 6, 6], "uv": [26, 26]},
						{"origin": [0, 8.5, 14], "size": [0, 8, 5], "uv": [16, 27]},
						{"origin": [0, -5.5, 14], "size": [0, 8, 5], "uv": [20, 35]}
					]
				},
				{
					"name": "segment10",
					"parent": "segment9",
					"pivot": [0, 5, 19],
					"cubes": [
						{"origin": [-2.5, 3, 18], "size": [5, 5, 5], "uv": [52, 44]}
					]
				},
				{
					"name": "segment11",
					"parent": "segment10",
					"pivot": [0, 5, 23],
					"cubes": [
						{"origin": [-2, 3.5, 22], "size": [4, 4, 5], "uv": [110, 48]},
						{"origin": [0, 7.5, 23], "size": [0, 6, 4], "uv": [8, 22]},
						{"origin": [0, -2.5, 23], "size": [0, 6, 4], "uv": [8, 28]}
					]
				},
				{
					"name": "segment12",
					"parent": "segment11",
					"pivot": [0, 5, 27],
					"cubes": [
						{"origin": [-1.5, 4, 26], "size": [3, 3, 4], "uv": [90, 0]}
					]
				},
				{
					"name": "segment13",
					"parent": "segment12",
					"pivot": [0, 5, 30],
					"cubes": [
						{"origin": [-1, 4.5, 29], "size": [2, 2, 4], "uv": [20, 26]},
						{"origin": [-6.5, 5.5, 30], "size": [13, 0, 14], "uv": [88, 34]}
					]
				}
			]
		}
	]
}