{
	"format_version": "1.12.0",
	"minecraft:geometry": [
		{
			"description": {
				"identifier": "geometry.gyarados_male",
				"texture_width": 128,
				"texture_height": 64,
				"visible_bounds_width": 9,
				"visible_bounds_height": 5,
				"visible_bounds_offset": [0, 1.5, 0]
			},
			"bones": [
				{
					"name": "gyarados",
					"pivot": [0, 0, 0]
				},
				{
					"name": "body",
					"parent": "gyarados",
					"pivot": [0, 3.5, -16]
				},
				{
					"name": "neck",
					"parent": "body",
					"pivot": [0, 3.5, -15],
					"cubes": [
						{"origin": [-4, 0, -23], "size": [8, 7, 9], "inflate": 0.08, "uv": [94, 17]},
						{"origin": [-8, 5, -22], "size": [4, 0, 9], "pivot": [-4, 5, -18], "rotation": [0, 0, -20], "uv": [73, 9], "mirror": true},
						{"origin": [4, 5, -22], "size": [4, 0, 9], "pivot": [4, 5, -18], "rotation": [0, 0, 20], "uv": [73, 0]},
						{"origin": [0, 6.5, -20], "size": [0, 9, 8], "pivot": [0, 7, -19], "rotation": [-10, 0, 0], "uv": [51, 26]}
					]
				},
				{
					"name": "head",
					"parent": "neck",
					"pivot": [0, 4.5, -24],
					"cubes": [
						{"origin": [-4, -0.5, -30], "size": [8, 9, 8], "uv": [96, 0]},
						{"origin": [-1.5, 2.5, -32.55], "size": [3, 2, 5], "pivot": [0, 4.5, -32], "rotation": [63.35, 0, 0], "uv": [38, 52]},
						{"origin": [-7.5, 4.5, -32], "size": [15, 11, 0], "pivot": [0, 4.5, -32], "rotation": [-26.5, 0, 0], "uv": [52, 13]},
						{"origin": [-7, 4, -27.5], "size": [3, 3, 0], "pivot": [-4, 4, -27.5], "rotation": [-10, 30, -5], "uv": [122, 23], "mirror": true},
						{"origin": [4, 4, -27.5], "size": [3, 3, 0], "pivot": [4, 4, -27.5], "rotation": [-10, -30, 5], "uv": [122, 20]},
						{"origin": [-8, 4.5, -25], "size": [4, 3, 0], "pivot": [-4, 4.5, -25], "rotation": [-10, 30, 2.5], "uv": [120, 17], "mirror": true},
						{"origin": [4, 4.5, -25], "size": [4, 3, 0], "pivot": [4, 4.5, -25], "rotation": [-10, -30, -2.5], "uv": [95, 17]},
						{"origin": [-7, -0.5, -29], "size": [3, 4, 0], "pivot": [-4, -0.5, -29], "rotation": [-25, 40, -5], "uv": [122, 4], "mirror": true},
						{"origin": [4, -0.5, -29], "size": [3, 4, 0], "pivot": [4, -0.5, -29], "rotation": [-25, -40, 5], "uv": [122, 0]},
						{"origin": [-3, -0.5, -32], "size": [0, 4, 2], "inflate": 0.01, "uv": [26, -1]},
						{"origin": [3, -0.5, -32], "size": [0, 4, 2], "inflate": 0.01, "uv": [21, -1], "mirror": true}
					]
				},
				{
					"name": "eyes",
					"parent": "head",
					"pivot": [0, 5.5, -30]
				},
				{
					"name": "eye_right",
					"parent": "eyes",
					"pivot": [-2.5, 5, -30.01],
					"cubes": [
						{"origin": [-3, 4, -30.01], "size": [1, 2, 0], "uv": [0, 2]}
					]
				},
				{
					"name": "eyelid_right",
					"parent": "eye_right",
					"pivot": [-2.4, 5.5, -29.41],
					"cubes": [
						{"origin": [-3.9, 4.5, -29.91], "size": [3, 2, 1], "inflate": 0.01, "uv": [0, 59]}
					]
				},
				{
					"name": "eye_left",
					"parent": "eyes",
					"pivot": [2.5, 5, -30.01],
					"cubes": [
						{"origin": [2, 4, -30.01], "size": [1, 2, 0], "uv": [2, 2]}
					]
				},
				{
					"name": "eyelid_left",
					"parent": "eye_left",
					"pivot": [2.4, 5.5, -29.41],
					"cubes": [
						{"origin": [0.9, 4.5, -29.91], "size": [3, 2, 1], "inflate": 0.01, "uv": [9, 59], "mirror": true}
					]
				},
				{
					"name": "jaw_upper",
					"parent": "head",
					"pivot": [0, 2.5, -30],
					"rotation": [-5, 0, 0],
					"cubes": [
						{"origin": [-3, 2.5, -33], "size": [6, 2, 4], "inflate": 0.02, "uv": [18, 52]},
						{"origin": [-2.5, 1.98, -32.75], "size": [1, 1, 0], "pivot": [-2, 2.48, -32.75], "rotation": [-15, 15, -47], "uv": [0, 4], "mirror": true},
						{"origin": [1.5, 1.98, -32.75], "size": [1, 1, 0], "pivot": [2, 2.48, -32.75], "rotation": [-15, -15, 47], "uv": [2, 4]}
					]
				},
				{
					"name": "jaw_lower",
					"parent": "head",
					"pivot": [0, -0.5, -29],
					"rotation": [45, 0, 0],
					"cubes": [
						{"origin": [-3, -0.5, -31], "size": [6, 1, 2], "inflate": 0.02, "uv": [0, 51]},
						{"origin": [-3, -0.5, -31.6], "size": [0, 1, 2], "pivot": [-3, 0.5, -31.6], "rotation": [25, 0, 0], "uv": [0, 12]},
						{"origin": [3, -0.5, -31.6], "size": [0, 1, 2], "pivot": [3, 0.5, -31.6], "rotation": [25, 0, 0], "uv": [0, 13], "mirror": true}
					]
				},
				{
					"name": "jaw_lower2",
					"parent": "jaw_lower",
					"pivot": [0, -0.52, -31.02],
					"cubes": [
						{"origin": [-3, -0.51, -34.03], "size": [6, 1, 3], "inflate": 0.01, "uv": [0, 54]},
						{"origin": [-2.85, -0.005, -33.75], "size": [1, 1, 0], "pivot": [-2.35, 0.495, -33.75], "rotation": [0, 30, 49], "uv": [0, 5], "mirror": true},
						{"origin": [1.85, -0.005, -33.75], "size": [1, 1, 0], "pivot": [2.35, 0.495, -33.75], "rotation": [0, -30, -49], "uv": [2, 5]}
					]
				},
				{
					"name": "whisker_left",
					"parent": "head",
					"pivot": [4, 0.5, -29],
					"rotation": [-15, -15, 45],
					"cubes": [
						{"origin": [4, -0.5, -29], "size": [3, 1, 0], "inflate": 0.01, "uv": [55, 58]}
					]
				},
				{
					"name": "whisker_left2",
					"parent": "whisker_left",
					"pivot": [7, 0.5, -29],
					"rotation": [0, 0, 30],
					"cubes": [
						{"origin": [7, -0.5, -29], "size": [3, 1, 0], "uv": [55, 59]}
					]
				},
				{
					"name": "whisker_left3",
					"parent": "whisker_left2",
					"pivot": [10, 0.5, -29],
					"rotation": [0, 0, 20],
					"cubes": [
						{"origin": [10, -0.5, -29], "size": [4, 1, 0], "inflate": 0.01, "uv": [55, 60]}
					]
				},
				{
					"name": "whisker_left4",
					"parent": "whisker_left3",
					"pivot": [14, -0.5, -29],
					"rotation": [0, 0, -15],
					"cubes": [
						{"origin": [14, -0.5, -29], "size": [4, 4, 0], "uv": [73, 55]}
					]
				},
				{
					"name": "whisker_right",
					"parent": "head",
					"pivot": [-4, 0.5, -29],
					"rotation": [-15, 15, -45],
					"cubes": [
						{"origin": [-7, -0.5, -29], "size": [3, 1, 0], "inflate": 0.01, "uv": [55, 55], "mirror": true}
					]
				},
				{
					"name": "whisker_right2",
					"parent": "whisker_right",
					"pivot": [-7, 0.5, -29],
					"rotation": [0, 0, -30],
					"cubes": [
						{"origin": [-10, -0.5, -29], "size": [3, 1, 0], "uv": [55, 56], "mirror": true}
					]
				},
				{
					"name": "whisker_right3",
					"parent": "whisker_right2",
					"pivot": [-10, 0.5, -29],
					"rotation": [0, 0, -20],
					"cubes": [
						{"origin": [-14, -0.5, -29], "size": [4, 1, 0], "inflate": 0.01, "uv": [55, 57], "mirror": true}
					]
				},
				{
					"name": "whisker_right4",
					"parent": "whisker_right3",
					"pivot": [-14, -0.5, -29],
					"rotation": [0, 0, 15],
					"cubes": [
						{"origin": [-18, -0.5, -29], "size": [4, 4, 0], "uv": [64, 55], "mirror": true}
					]
				},
				{
					"name": "fin_right",
					"parent": "head",
					"pivot": [-4, 1.5, -26.5],
					"rotation": [0, 45, 0],
					"cubes": [
						{"origin": [-12, -2.5, -26.5], "size": [8, 9, 0], "uv": [68, 24]}
					]
				},
				{
					"name": "fin_left",
					"parent": "head",
					"pivot": [4, 1.5, -26.5],
					"rotation": [0, -45, 0],
					"cubes": [
						{"origin": [4, -2.5, -26.5], "size": [8, 9, 0], "uv": [52, 24]}
					]
				},
				{
					"name": "segment1",
					"parent": "body",
					"pivot": [0.5, 4, -17],
					"cubes": [
						{"origin": [-3.5, 0, -17], "size": [7, 7, 7], "inflate": 0.07, "uv": [24, 38]},
						{"origin": [0, 6.5, -15], "size": [0, 9, 6], "pivot": [0.5, 7, -14], "rotation": [-7.5, 0, 0], "uv": [85, 29]}
					]
				},
				{
					"name": "segment2",
					"parent": "segment1",
					"pivot": [0, 3.5, -11],
					"cubes": [
						{"origin": [-3.5, 0, -11], "size": [7, 7, 5], "inflate": 0.06, "uv": [0, 39]}
					]
				},
				{
					"name": "segment3",
					"parent": "segment2",
					"pivot": [0, 3.5, -7],
					"cubes": [
						{"origin": [-3.5, 0, -7], "size": [7, 7, 6], "inflate": 0.05, "uv": [0, 26]}
					]
				},
				{
					"name": "segment4",
					"parent": "segment3",
					"pivot": [0, 3.5, -2],
					"cubes": [
						{"origin": [-3.5, 0, -2], "size": [7, 7, 6], "inflate": 0.04, "uv": [26, 13]}
					]
				},
				{
					"name": "segment5",
					"parent": "segment4",
					"pivot": [0, 3.5, 3],
					"cubes": [
						{"origin": [-3.5, 0, 3], "size": [7, 7, 6], "inflate": 0.03, "uv": [0, 0]}
					]
				},
				{
					"name": "segment6",
					"parent": "segment5",
					"pivot": [0, 3.5, 8],
					"cubes": [
						{"origin": [-3.5, 0, 8], "size": [7, 7, 6], "inflate": 0.02, "uv": [26, 0]}
					]
				},
				{
					"name": "segment7",
					"parent": "segment6",
					"pivot": [0.5, 3, 13],
					"cubes": [
						{"origin": [-3.5, 0, 13], "size": [7, 7, 6], "inflate": 0.01, "uv": [0, 13]}
					]
				},
				{
					"name": "segment8",
					"parent": "segment7",
					"pivot": [0.5, 3, 18],
					"cubes": [
						{"origin": [-3.5, 0, 18], "size": [7, 7, 6], "uv": [52, 0]}
					]
				},
				{
					"name": "segment9",
					"parent": "segment8",
					"pivot": [0, 3.5, 24],
					"cubes": [
						{"origin": [-3, 0.5, 23], "size": [6, 6, 6], "uv": [26, 26]},
						{"origin": [0, 6.5, 22], "size": [0, 10, 8], "pivot": [0, 6.5, 23], "rotation": [-5, 0, 0], "uv": [68, 26]}
					]
				},
				{
					"name": "segment10",
					"parent": "segment9",
					"pivot": [0, 3, 29],
					"cubes": [
						{"origin": [-2.5, 1, 28], "size": [5, 5, 5], "uv": [52, 44]}
					]
				},
				{
					"name": "segment11",
					"parent": "segment10",
					"pivot": [0, 3, 33],
					"cubes": [
						{"origin": [-2, 1.5, 32], "size": [4, 4, 5], "uv": [110, 47]},
						{"origin": [0, 5.5, 31.5], "size": [0, 6, 6], "uv": [85, 39]}
					]
				},
				{
					"name": "segment12",
					"parent": "segment11",
					"pivot": [0, 3, 37],
					"cubes": [
						{"origin": [-1.5, 2, 36], "size": [3, 3, 4], "uv": [90, 0]}
					]
				},
				{
					"name": "segment13",
					"parent": "segment12",
					"pivot": [0, 3, 40],
					"cubes": [
						{"origin": [-1, 2.5, 39], "size": [2, 2, 4], "uv": [20, 26]},
						{"origin": [-6.5, 3.5, 40], "size": [13, 0, 14], "uv": [88, 33]}
					]
				}
			]
		}
	]
}