{
	"format_version": "1.12.0",
	"minecraft:geometry": [
		{
			"description": {
				"identifier": "geometry.heatran",
				"texture_width": 256,
				"texture_height": 256,
				"visible_bounds_width": 6,
				"visible_bounds_height": 3.5,
				"visible_bounds_offset": [0, 1.25, 0]
			},
			"bones": [
				{
					"name": "heatran",
					"pivot": [0.975, 0.425, -3.82243]
				},
				{
					"name": "body",
					"parent": "heatran",
					"pivot": [0.975, 20.425, -3.82243]
				},
				{
					"name": "body2",
					"parent": "body",
					"pivot": [0.975, 20.425, -3.82243],
					"cubes": [
						{"origin": [-10, 11.5, -6], "size": [20, 20, 16], "inflate": 0.001, "uv": [0, 0]},
						{"origin": [-9, 22.83017, -12], "size": [18, 7, 9], "uv": [101, 65]},
						{"origin": [-9, 21.83017, -12], "size": [18, 8, 9], "inflate": 0.25, "uv": [60, 96]},
						{"origin": [5, 30.86519, -10.86866], "size": [10, 2, 5], "pivot": [10, 31.86519, -8.36866], "rotation": [27.5, 0, 0], "uv": [56, 0]},
						{"origin": [-15, 30.86519, -10.86866], "size": [10, 2, 5], "pivot": [-10, 31.86519, -8.36866], "rotation": [27.5, 0, 0], "uv": [56, 0], "mirror": true},
						{"origin": [-2, 33.40344, -10.75567], "size": [5, 1, 3], "pivot": [0, 31.40344, -9.25567], "rotation": [90, -62.5, -90], "uv": [0, 0]},
						{"origin": [-5.5, 27.7473, -13.35042], "size": [11, 6, 10], "pivot": [0, 30.7473, -8.35042], "rotation": [90, -62.5, -90], "uv": [150, 28]},
						{"origin": [9.775, 25.96473, 5.92282], "size": [1, 3, 3], "pivot": [10.475, 27.46473, 7.02282], "rotation": [3.5, 0, 0], "uv": [115, 38]},
						{"origin": [7.725, 27.04626, 11.04773], "size": [1, 2, 2], "pivot": [8.475, 27.44626, 12.04773], "rotation": [11, 0, 0], "uv": [120, 37]},
						{"origin": [-8.725, 27.04626, 11.04773], "size": [1, 2, 2], "pivot": [-8.475, 27.44626, 12.04773], "rotation": [11, 0, 0], "uv": [128, 37], "mirror": true},
						{"origin": [-10.775, 25.96473, 5.92282], "size": [1, 3, 3], "pivot": [-10.475, 27.46473, 7.02282], "rotation": [3.5, 0, 0], "uv": [123, 38], "mirror": true}
					]
				},
				{
					"name": "jaw",
					"parent": "body2",
					"pivot": [3.975, 21.425, -5.57243],
					"cubes": [
						{"origin": [12.5, 19, -11.5], "size": [3, 4, 2], "inflate": 0.25, "pivot": [10.5, 20.5, -11], "rotation": [0, -90, 0], "uv": [0, 4]},
						{"origin": [6.1, 19, -13.45], "size": [3, 4, 2], "inflate": 0.25, "uv": [0, 36]},
						{"origin": [1, 19, -13.95], "size": [3, 4, 2], "inflate": 0.25, "uv": [0, 10]},
						{"origin": [-4, 19, -13.95], "size": [3, 4, 2], "inflate": 0.25, "uv": [0, 42]},
						{"origin": [-9.1, 19, -13.45], "size": [3, 4, 2], "inflate": 0.25, "uv": [56, 7]},
						{"origin": [-15.5, 19, -11.5], "size": [3, 4, 2], "inflate": 0.25, "pivot": [-10.5, 20.5, -11], "rotation": [0, 90, 0], "uv": [48, 36]},
						{"origin": [-10, 16, -13], "size": [20, 6, 10], "uv": [0, 91]},
						{"origin": [-8.5, 13, -11.5], "size": [17, 5, 11], "uv": [96, 44]}
					]
				},
				{
					"name": "rearBody",
					"parent": "body2",
					"pivot": [3.476, 31.9428, 23.6455],
					"rotation": [5, 0, 0],
					"cubes": [
						{"origin": [-5, 21.94277, 21.64552], "size": [10, 10, 6], "inflate": 0.001, "pivot": [-1, 31.94277, 21.64552], "rotation": [-24.5, 0, 0], "uv": [80, 121]},
						{"origin": [-8, 13, 8], "size": [16, 17, 16], "inflate": 0.001, "pivot": [-1, 13, 8], "rotation": [7.5, 0, 0], "uv": [0, 36]},
						{"origin": [-8.001, 26.9441, 7.64503], "size": [16, 5, 14], "inflate": -0.001, "pivot": [3.476, 31.9428, 23.6455], "rotation": [-1.5, 0, 0], "uv": [50, 55]}
					]
				},
				{
					"name": "ik_crutch1",
					"parent": "body",
					"pivot": [9, 22, -3]
				},
				{
					"name": "limb",
					"parent": "ik_crutch1",
					"pivot": [9, 22, -3],
					"rotation": [0, 0, -90],
					"cubes": [
						{"origin": [6, 6, -6], "size": [6, 16, 6], "pivot": [9, 22, -3], "rotation": [0, -90, 0], "uv": [24, 131]},
						{"origin": [11.775, 14.0886, -4.37061], "size": [1, 3, 3], "pivot": [12.275, 15.5886, -2.87061], "rotation": [-12, 0, 0], "uv": [115, 38]}
					]
				},
				{
					"name": "bone5",
					"parent": "limb",
					"pivot": [9, 9, -3],
					"cubes": [
						{"origin": [4, 1, -8], "size": [10, 8, 10], "pivot": [9, 7, -3], "rotation": [0, -90, 0], "uv": [113, 104]},
						{"origin": [13.525, 4.30593, -6.84719], "size": [1, 3, 3], "pivot": [14.025, 3.5886, -2.87061], "rotation": [-27, 0, 0], "uv": [115, 38]}
					]
				},
				{
					"name": "bone4",
					"parent": "bone5",
					"pivot": [9, 0, -3],
					"cubes": [
						{"origin": [2, -5, -10], "size": [14, 8, 14], "pivot": [9, 2, -3], "rotation": [0, -90, 0], "uv": [56, 74]}
					],
					"locators": {
						"locator": [9, -5, -3]
					}
				},
				{
					"name": "bone13",
					"parent": "bone4",
					"pivot": [9, -2, 4],
					"cubes": [
						{"origin": [9, -5, 1.5], "size": [5, 3, 5], "pivot": [9, -2, 4], "rotation": [0, -90, 0], "uv": [155, 50]}
					]
				},
				{
					"name": "bone14",
					"parent": "bone4",
					"pivot": [16, -2, -3],
					"cubes": [
						{"origin": [16, -5, -5.5], "size": [5, 3, 5], "uv": [155, 50]}
					]
				},
				{
					"name": "bone15",
					"parent": "bone4",
					"pivot": [9, -2, -10],
					"cubes": [
						{"origin": [9, -5, -12.5], "size": [5, 3, 5], "pivot": [9, -2, -10], "rotation": [0, 90, 0], "uv": [155, 50]}
					]
				},
				{
					"name": "bone16",
					"parent": "bone4",
					"pivot": [2, -2, -3],
					"cubes": [
						{"origin": [2, -5, -5.5], "size": [5, 3, 5], "pivot": [2, -2, -3], "rotation": [0, 180, 0], "uv": [155, 50]}
					]
				},
				{
					"name": "ik_crutch2",
					"parent": "body",
					"pivot": [7, 21, 19]
				},
				{
					"name": "limb2",
					"parent": "ik_crutch2",
					"pivot": [7, 21, 19],
					"rotation": [0, 0, -90],
					"cubes": [
						{"origin": [4, 5, 16], "size": [6, 16, 6], "pivot": [7, 21, 19], "rotation": [0, -90, 0], "uv": [121, 122]},
						{"origin": [9.775, 13.0886, 17.62939], "size": [1, 3, 3], "pivot": [10.275, 14.5886, 19.12939], "rotation": [-12, 0, 0], "uv": [115, 38]}
					]
				},
				{
					"name": "bone2",
					"parent": "limb2",
					"pivot": [7, 8, 19],
					"cubes": [
						{"origin": [2, 0, 14], "size": [10, 8, 10], "pivot": [7, 6, 19], "rotation": [0, -90, 0], "uv": [40, 113]},
						{"origin": [11.525, 3.30593, 15.15281], "size": [1, 3, 3], "pivot": [12.025, 2.5886, 19.12939], "rotation": [-27, 0, 0], "uv": [115, 38]}
					]
				},
				{
					"name": "bone3",
					"parent": "bone2",
					"pivot": [7, -1, 19],
					"cubes": [
						{"origin": [0, -6, 12], "size": [14, 8, 14], "pivot": [7, 1, 19], "rotation": [0, -90, 0], "uv": [105, 82]}
					],
					"locators": {
						"locator2": [7, -6, 19]
					}
				},
				{
					"name": "bone10",
					"parent": "bone3",
					"pivot": [7, -3, 26],
					"cubes": [
						{"origin": [7, -6, 23.5], "size": [5, 3, 5], "pivot": [7, -3, 26], "rotation": [0, -90, 0], "uv": [155, 50]}
					]
				},
				{
					"name": "bone",
					"parent": "bone3",
					"pivot": [14, -3, 19],
					"cubes": [
						{"origin": [14, -6, 16.5], "size": [5, 3, 5], "uv": [155, 50]}
					]
				},
				{
					"name": "bone11",
					"parent": "bone3",
					"pivot": [7, -3, 12],
					"cubes": [
						{"origin": [7, -6, 9.5], "size": [5, 3, 5], "pivot": [7, -3, 12], "rotation": [0, 90, 0], "uv": [155, 50]}
					]
				},
				{
					"name": "bone12",
					"parent": "bone3",
					"pivot": [0, -3, 19],
					"cubes": [
						{"origin": [0, -6, 16.5], "size": [5, 3, 5], "pivot": [0, -3, 19], "rotation": [0, 180, 0], "uv": [155, 50]}
					]
				},
				{
					"name": "ik_crutch4",
					"parent": "body",
					"pivot": [-7, 21, 19]
				},
				{
					"name": "limb4",
					"parent": "ik_crutch4",
					"pivot": [-7, 21, 19],
					"rotation": [0, 0, 90],
					"cubes": [
						{"origin": [-10, 5, 16], "size": [6, 16, 6], "pivot": [-7, 21, 19], "rotation": [0, 90, 0], "uv": [24, 131], "mirror": true},
						{"origin": [-10.775, 13.0886, 17.62939], "size": [1, 3, 3], "pivot": [-10.275, 14.5886, 19.12939], "rotation": [-12, 0, 0], "uv": [115, 38], "mirror": true}
					]
				},
				{
					"name": "bone8",
					"parent": "limb4",
					"pivot": [-7, 8, 19],
					"cubes": [
						{"origin": [-12, 0, 14], "size": [10, 8, 10], "pivot": [-7, 6, 19], "rotation": [0, 90, 0], "uv": [40, 113], "mirror": true},
						{"origin": [-12.525, 3.30593, 15.15281], "size": [1, 3, 3], "pivot": [-12.025, 2.5886, 19.12939], "rotation": [-27, 0, 0], "uv": [115, 38], "mirror": true}
					]
				},
				{
					"name": "bone9",
					"parent": "bone8",
					"pivot": [-7, -1, 19],
					"cubes": [
						{"origin": [-14, -6, 12], "size": [14, 8, 14], "pivot": [-7, 1, 19], "rotation": [0, 90, 0], "uv": [56, 74], "mirror": true}
					],
					"locators": {
						"locator4": [-7, -6, 19]
					}
				},
				{
					"name": "bone19",
					"parent": "bone9",
					"pivot": [-7, -3, 26],
					"cubes": [
						{"origin": [-12, -6, 23.5], "size": [5, 3, 5], "pivot": [-7, -3, 26], "rotation": [0, 90, 0], "uv": [155, 50], "mirror": true}
					]
				},
				{
					"name": "bone17",
					"parent": "bone9",
					"pivot": [-14, -3, 19],
					"cubes": [
						{"origin": [-19, -6, 16.5], "size": [5, 3, 5], "uv": [155, 50], "mirror": true}
					]
				},
				{
					"name": "bone18",
					"parent": "bone9",
					"pivot": [-7, -3, 12],
					"cubes": [
						{"origin": [-12, -6, 9.5], "size": [5, 3, 5], "pivot": [-7, -3, 12], "rotation": [0, -90, 0], "uv": [155, 50], "mirror": true}
					]
				},
				{
					"name": "bone20",
					"parent": "bone9",
					"pivot": [0, -3, 19],
					"cubes": [
						{"origin": [-5, -6, 16.5], "size": [5, 3, 5], "pivot": [0, -3, 19], "rotation": [0, -180, 0], "uv": [155, 50], "mirror": true}
					]
				},
				{
					"name": "ik_crutch3",
					"parent": "body",
					"pivot": [-9, 22, -3]
				},
				{
					"name": "limb3",
					"parent": "ik_crutch3",
					"pivot": [-9, 22, -3],
					"rotation": [0, 0, 90],
					"cubes": [
						{"origin": [-12, 6, -6], "size": [6, 16, 6], "pivot": [-9, 22, -3], "rotation": [0, 90, 0], "uv": [121, 122], "mirror": true},
						{"origin": [-12.775, 14.0886, -4.37061], "size": [1, 3, 3], "pivot": [-12.275, 15.5886, -2.87061], "rotation": [-12, 0, 0], "uv": [115, 38], "mirror": true}
					]
				},
				{
					"name": "bone6",
					"parent": "limb3",
					"pivot": [-9, 9, -3],
					"cubes": [
						{"origin": [-14, 1, -8], "size": [10, 8, 10], "pivot": [-9, 7, -3], "rotation": [0, 90, 0], "uv": [113, 104], "mirror": true},
						{"origin": [-14.525, 4.30593, -6.84719], "size": [1, 3, 3], "pivot": [-14.025, 3.5886, -2.87061], "rotation": [-27, 0, 0], "uv": [115, 38], "mirror": true}
					]
				},
				{
					"name": "bone7",
					"parent": "bone6",
					"pivot": [-9, 0, -3],
					"cubes": [
						{"origin": [-16, -5, -10], "size": [14, 8, 14], "pivot": [-9, 2, -3], "rotation": [0, 90, 0], "uv": [105, 82], "mirror": true}
					],
					"locators": {
						"locator3": [-9, -5, -3]
					}
				},
				{
					"name": "bone24",
					"parent": "bone7",
					"pivot": [-9, -2, 4],
					"cubes": [
						{"origin": [-14, -5, 1.5], "size": [5, 3, 5], "pivot": [-9, -2, 4], "rotation": [0, 90, 0], "uv": [155, 50], "mirror": true}
					]
				},
				{
					"name": "bone23",
					"parent": "bone7",
					"pivot": [-16, -2, -3],
					"cubes": [
						{"origin": [-21, -5, -5.5], "size": [5, 3, 5], "uv": [155, 50], "mirror": true}
					]
				},
				{
					"name": "bone22",
					"parent": "bone7",
					"pivot": [-9, -2, -10],
					"cubes": [
						{"origin": [-14, -5, -12.5], "size": [5, 3, 5], "pivot": [-9, -2, -10], "rotation": [0, -90, 0], "uv": [155, 50], "mirror": true}
					]
				},
				{
					"name": "bone21",
					"parent": "bone7",
					"pivot": [-2, -2, -3],
					"cubes": [
						{"origin": [-7, -5, -5.5], "size": [5, 3, 5], "pivot": [-2, -2, -3], "rotation": [0, -180, 0], "uv": [155, 50], "mirror": true}
					]
				}
			]
		}
	]
}