{
	"format_version": "1.12.0",
	"minecraft:geometry": [
		{
			"description": {
				"identifier": "geometry.unknown",
				"texture_width": 128,
				"texture_height": 128,
				"visible_bounds_width": 5,
				"visible_bounds_height": 4.5,
				"visible_bounds_offset": [0, 1.75, 0]
			},
			"bones": [
				{
					"name": "mega_houndoom",
					"pivot": [0, 0, 0]
				},
				{
					"name": "mega_houndoom2",
					"parent": "mega_houndoom",
					"pivot": [0, 0, 0]
				},
				{
					"name": "body",
					"parent": "mega_houndoom2",
					"pivot": [0, 20, 0],
					"cubes": [
						{"origin": [-5.5, 15, -5.25], "size": [11, 10, 13], "uv": [0, 0]},
						{"origin": [-3, 14.25, -4.25], "size": [6, 2, 13], "uv": [36, 34]},
						{"origin": [-6, 20.75, 3.4], "size": [12, 5, 3], "uv": [30, 62]},
						{"origin": [-6, 21.34302, -3.54152], "size": [12, 6, 5], "pivot": [0, 23.84302, -0.34152], "rotation": [-37.75, 0, 0], "uv": [33, 50]},
						{"origin": [7.94493, 21.49511, -6.90008], "size": [5, 9, 5], "pivot": [8.6277, 20.7955, -7.49138], "rotation": [-30.64309, -24.86599, -30.09167], "uv": [61, 63]},
						{"origin": [7.53013, 19.91223, -8.22357], "size": [5, 5, 5], "pivot": [8.6277, 20.7955, -7.49138], "rotation": [-59.80969, -14.58743, -12.57604], "uv": [83, 51]},
						{"origin": [8.15288, 17.8036, -7.70285], "size": [4, 4, 4], "pivot": [8.6277, 20.7955, -7.49138], "rotation": [-74.52124, -5.19989, -9.89926], "uv": [92, 85]},
						{"origin": [8.57008, 16.21577, -5.9652], "size": [3, 4, 3], "pivot": [8.6277, 20.7955, -7.49138], "rotation": [-102.22441, -1.53519, -10.69603], "uv": [25, 47]},
						{"origin": [10.23372, 15.50776, -4.60712], "size": [2, 3, 2], "pivot": [8.6277, 20.7955, -7.49138], "rotation": [-117.11928, 14.3394, -14.20224], "uv": [36, 0]},
						{"origin": [-12.94493, 21.49511, -6.90008], "size": [5, 9, 5], "pivot": [-8.6277, 20.7955, -7.49138], "rotation": [-30.64309, 24.86599, 30.09167], "uv": [0, 63]},
						{"origin": [-12.53013, 19.91223, -8.22357], "size": [5, 5, 5], "pivot": [-8.6277, 20.7955, -7.49138], "rotation": [-59.80969, 14.58743, 12.57604], "uv": [83, 51], "mirror": true},
						{"origin": [-12.15288, 17.8036, -7.70285], "size": [4, 4, 4], "pivot": [-8.6277, 20.7955, -7.49138], "rotation": [-74.52124, 5.19989, 9.89926], "uv": [92, 85], "mirror": true},
						{"origin": [-11.57008, 16.21577, -5.9652], "size": [3, 4, 3], "pivot": [-8.6277, 20.7955, -7.49138], "rotation": [-102.22441, 1.53519, 10.69603], "uv": [25, 47], "mirror": true},
						{"origin": [-12.23372, 15.50776, -4.60712], "size": [2, 3, 2], "pivot": [-8.6277, 20.7955, -7.49138], "rotation": [-117.11928, -14.3394, 14.20224], "uv": [36, 0], "mirror": true}
					]
				},
				{
					"name": "body2",
					"parent": "body",
					"pivot": [0, 20.0625, 8],
					"cubes": [
						{"origin": [-4.5, 15.75, 7.75], "size": [9, 9, 9], "uv": [40, 15]},
						{"origin": [-3, 14.75, 8.75], "size": [6, 1, 7], "uv": [68, 13]},
						{"origin": [-5, 20.75, 8], "size": [10, 5, 3], "uv": [21, 71]},
						{"origin": [-5, 20.5, 12.5], "size": [10, 5, 3], "uv": [68, 0]}
					]
				},
				{
					"name": "tail",
					"parent": "body2",
					"pivot": [0, 22.86524, 16.70273],
					"cubes": [
						{"origin": [-1.5, 21.35719, 16.04533], "size": [3, 3, 5], "uv": [94, 32]},
						{"origin": [-2, 20.85719, 17.54533], "size": [4, 4, 4], "uv": [46, 91]},
						{"origin": [-1, 24.85719, 18.54533], "size": [2, 2, 2], "uv": [16, 63]}
					]
				},
				{
					"name": "tail2",
					"parent": "tail",
					"pivot": [0, 22.85719, 21.04533],
					"cubes": [
						{"origin": [-1, 24.85719, 24.54533], "size": [2, 2, 2], "uv": [16, 63]},
						{"origin": [-2, 20.85719, 23.54533], "size": [4, 4, 4], "uv": [46, 91]},
						{"origin": [-1, 21.85719, 21.04533], "size": [2, 2, 5], "uv": [39, 100]}
					]
				},
				{
					"name": "tail3",
					"parent": "tail2",
					"pivot": [0, 22.85719, 26.04533],
					"cubes": [
						{"origin": [-1, 21.85719, 26.04533], "size": [2, 2, 5], "uv": [99, 46]},
						{"origin": [-2, 20.85719, 29.54533], "size": [4, 4, 4], "uv": [29, 90]},
						{"origin": [-1, 24.85719, 30.54533], "size": [2, 2, 2], "uv": [16, 63]}
					]
				},
				{
					"name": "tail4",
					"parent": "tail3",
					"pivot": [0, 22.85719, 31.04533],
					"cubes": [
						{"origin": [-1, 21.85719, 31.04533], "size": [2, 2, 5], "uv": [24, 99]}
					]
				},
				{
					"name": "tail5",
					"parent": "tail4",
					"pivot": [0, 22.85719, 36.04533],
					"cubes": [
						{"origin": [-0.5, 22.35719, 36.04533], "size": [1, 1, 5], "uv": [104, 22]}
					]
				},
				{
					"name": "tail6",
					"parent": "tail5",
					"pivot": [0, 22.85719, 41.04533],
					"cubes": [
						{"origin": [-0.5, 22.35719, 41.04533], "size": [1, 1, 5], "uv": [16, 104]}
					]
				},
				{
					"name": "tail7",
					"parent": "tail6",
					"pivot": [0, 22.85719, 46.04533],
					"cubes": [
						{"origin": [-0.5, 22.35719, 46.04533], "size": [1, 1, 5], "uv": [8, 101]}
					]
				},
				{
					"name": "tail8",
					"parent": "tail7",
					"pivot": [0, 22.85719, 51.04533],
					"cubes": [
						{"origin": [-0.5, 22.35719, 51.04533], "size": [1, 1, 5], "uv": [71, 98]}
					]
				},
				{
					"name": "tail9",
					"parent": "tail8",
					"pivot": [0, 22.85719, 55.54533],
					"cubes": [
						{"origin": [-3.5, 22.85719, 55.04533], "size": [7, 0, 10], "uv": [58, 52]}
					]
				},
				{
					"name": "neck",
					"parent": "body",
					"pivot": [0, 19.775, -2.75],
					"cubes": [
						{"origin": [-3.5, 20.775, -13.25], "size": [7, 5, 17], "pivot": [0, 23.45243, -3.58127], "rotation": [-90, 0, 0], "uv": [0, 24]},
						{"origin": [-3, 18.51287, -7.12419], "size": [6, 2, 5], "pivot": [0, 21.26182, -5.76179], "rotation": [-107.25, 0, 0], "uv": [82, 63]},
						{"origin": [-5.5, 24.44109, -8.92398], "size": [11, 3, 9], "inflate": 0.01, "pivot": [0, 25.94109, -3.22398], "rotation": [-136.75, 0, 0], "uv": [36, 0]},
						{"origin": [-3.5, 24.44109, 0.07602], "size": [7, 3, 2], "inflate": 0.01, "pivot": [0, 25.94109, -3.22398], "rotation": [-136.75, 0, 0], "uv": [91, 71]},
						{"origin": [5.74846, 28.37873, -1.24761], "size": [3, 3, 7], "pivot": [6.65927, 29.87873, -0.85096], "rotation": [-119.68902, 13.87131, 22.80673], "uv": [80, 40]},
						{"origin": [6.01298, 30.96165, -0.20648], "size": [3, 3, 4], "pivot": [7.3605, 32.46165, 0.34279], "rotation": [-116.16345, 2.20919, 4.48659], "uv": [96, 77]},
						{"origin": [6.66378, 31.46165, -2.58406], "size": [2, 2, 3], "pivot": [7.3605, 32.46165, 0.34279], "rotation": [-115.66457, -5.70999, -11.69832], "uv": [105, 13]},
						{"origin": [6.01298, 23.56165, -7.85648], "size": [3, 3, 9], "pivot": [7.3605, 25.06165, -5.30721], "rotation": [-102.15099, 17.60994, 58.35816], "uv": [62, 34]},
						{"origin": [9.30311, 26.29531, -6.01848], "size": [2, 2, 3], "pivot": [10.30311, 26.89531, -4.51848], "rotation": [-118.21732, 13.04591, 40.29305], "uv": [105, 13]},
						{"origin": [-9.01298, 23.56165, -7.85648], "size": [3, 3, 9], "pivot": [-7.3605, 25.06165, -5.30721], "rotation": [-102.15099, -17.60994, -58.35816], "uv": [62, 34], "mirror": true},
						{"origin": [-8.74846, 28.37873, -1.24761], "size": [3, 3, 7], "pivot": [-6.65927, 29.87873, -0.85096], "rotation": [-119.68902, -13.87131, -22.80673], "uv": [80, 40], "mirror": true},
						{"origin": [-9.01298, 30.96165, -0.20648], "size": [3, 3, 4], "pivot": [-7.3605, 32.46165, 0.34279], "rotation": [-116.16345, -2.20919, -4.48659], "uv": [96, 77], "mirror": true},
						{"origin": [-8.66378, 31.46165, -2.58406], "size": [2, 2, 3], "pivot": [-7.3605, 32.46165, 0.34279], "rotation": [-115.66457, 5.70999, 11.69832], "uv": [105, 13], "mirror": true},
						{"origin": [-11.30311, 26.29531, -6.01848], "size": [2, 2, 3], "pivot": [-10.30311, 26.89531, -4.51848], "rotation": [-118.21732, -13.04591, -40.29305], "uv": [105, 13], "mirror": true},
						{"origin": [-2.32436, 17.1775, -3.34515], "size": [2, 2, 2], "pivot": [0, 21.26182, -5.76179], "rotation": [-84.58111, 1.58699, 12.14833], "uv": [77, 63]},
						{"origin": [-1.82436, 17.1644, -2.30239], "size": [1, 1, 2], "pivot": [0, 21.26182, -5.76179], "rotation": [-75.83111, 1.58699, 12.14833], "uv": [32, 24]},
						{"origin": [0.32436, 17.1775, -3.34515], "size": [2, 2, 2], "pivot": [0, 21.26182, -5.76179], "rotation": [-84.58111, -1.58699, -12.14833], "uv": [77, 63], "mirror": true},
						{"origin": [0.82436, 17.1644, -2.30239], "size": [1, 1, 2], "pivot": [0, 21.26182, -5.76179], "rotation": [-75.83111, -1.58699, -12.14833], "uv": [32, 24], "mirror": true},
						{"origin": [-0.5, 17.21531, -2.43165], "size": [1, 1, 2], "pivot": [0, 21.26182, -5.76179], "rotation": [-76, 0, 0], "uv": [32, 24]},
						{"origin": [-1, 17.20816, -3.48065], "size": [2, 2, 2], "pivot": [0, 21.26182, -5.76179], "rotation": [-84.75, 0, 0], "uv": [77, 63]}
					]
				},
				{
					"name": "head",
					"parent": "neck",
					"pivot": [0, 31.775, -4.25],
					"cubes": [
						{"origin": [-4, 31.775, -8.75], "size": [8, 7, 8], "uv": [0, 47]},
						{"origin": [3.61019, 36.55469, -9.59564], "size": [1, 3, 1], "pivot": [4.12465, 36.49378, -8.73822], "rotation": [176.48435, -10.96671, 83.59397], "uv": [0, 63]},
						{"origin": [2.38329, 33.84034, -8.23184], "size": [1, 3, 1], "pivot": [2.88329, 36.48605, -8.4322], "rotation": [94.33694, -13.45211, 85.38024], "uv": [25, 63]},
						{"origin": [-4.61019, 36.55469, -9.59564], "size": [1, 3, 1], "pivot": [-4.12465, 36.49378, -8.73822], "rotation": [176.48435, 10.96671, -83.59397], "uv": [32, 28]},
						{"origin": [-3.38329, 33.84034, -8.23184], "size": [1, 3, 1], "pivot": [-2.88329, 36.48605, -8.4322], "rotation": [94.33694, 13.45211, -85.38024], "uv": [0, 47]},
						{"origin": [-2.5, 32.275, -12.25], "size": [5, 3, 6], "uv": [19, 80]},
						{"origin": [-2.25, 31.825, -12.15], "size": [1, 1, 0], "pivot": [-1.5, 32.075, -12.15], "rotation": [0, 0, 45], "uv": [13, 34]},
						{"origin": [0.75, 31.825, -12.15], "size": [1, 1, 0], "pivot": [1.5, 32.075, -12.15], "rotation": [0, 0, 45], "uv": [0, 34]},
						{"origin": [-1, 34.175, -12.75], "size": [2, 1, 1], "uv": [36, 6]}
					]
				},
				{
					"name": "eye_left",
					"parent": "head",
					"pivot": [3.6375, 35.80625, -8.2125],
					"cubes": [
						{"origin": [2.2, 35.1, -8.25], "size": [1, 1, 1], "pivot": [2.675, 35.775, -8.25], "rotation": [0, 90, 0], "uv": [62, 40]}
					]
				},
				{
					"name": "eyelid_left",
					"parent": "eye_left",
					"pivot": [2.975, 35.775, -7.725],
					"cubes": [
						{"origin": [1.975, 34.775, -8.725], "size": [2, 2, 2], "inflate": 0.01, "uv": [93, 124]}
					]
				},
				{
					"name": "eye_right",
					"parent": "head",
					"pivot": [-3.6375, 35.80625, -8.2125],
					"cubes": [
						{"origin": [-3.55, 35.1, -8.675], "size": [1, 1, 1], "pivot": [-3.025, 35.775, -8.25], "rotation": [0, -90, 0], "uv": [0, 52]}
					]
				},
				{
					"name": "eyelid_right",
					"parent": "eye_right",
					"pivot": [-2.975, 35.775, -7.725],
					"cubes": [
						{"origin": [-3.975, 34.775, -8.725], "size": [2, 2, 2], "inflate": 0.01, "uv": [93, 124], "mirror": true}
					]
				},
				{
					"name": "mouth",
					"parent": "head",
					"pivot": [0, 32.275, -6.75],
					"cubes": [
						{"origin": [-1.5, 31.275, -11.75], "size": [3, 1, 5], "uv": [92, 94]}
					]
				},
				{
					"name": "ear_left",
					"parent": "head",
					"pivot": [3.75, 36.925, -3.25],
					"cubes": [
						{"origin": [3.057, 36.29479, -8.84224], "size": [4, 5, 4], "inflate": 0.01, "pivot": [5.057, 43.8407, -2.9918], "rotation": [0, -90, 43.75], "uv": [0, 24]},
						{"origin": [3.057, 40.13405, -8.18507], "size": [4, 3, 4], "pivot": [5.057, 43.8407, -2.9918], "rotation": [0, -90, 31.75], "uv": [92, 19]},
						{"origin": [3.23246, 46.37584, -3.83715], "size": [2, 3, 2], "pivot": [4.23246, 48.76792, -2.9918], "rotation": [0, -90, -10], "uv": [62, 34]},
						{"origin": [3.73246, 48.61365, -3.16859], "size": [1, 2, 1], "pivot": [4.23246, 48.76792, -2.9918], "rotation": [0, -90, 1.5], "uv": [53, 71]},
						{"origin": [3.557, 42.85813, -5.5962], "size": [3, 4, 3], "pivot": [5.057, 43.8407, -2.9918], "rotation": [0, -90, -31.25], "uv": [89, 101]},
						{"origin": [3.557, 39.45255, -5.7555], "size": [3, 4, 3], "inflate": 0.01, "pivot": [5.057, 43.8407, -2.9918], "rotation": [0, -90, -18.75], "uv": [101, 59]}
					]
				},
				{
					"name": "ear_right",
					"parent": "head",
					"pivot": [-3.75, 36.925, -3.25],
					"cubes": [
						{"origin": [-7.057, 36.29479, -8.84224], "size": [4, 5, 4], "inflate": 0.01, "pivot": [-5.057, 43.8407, -2.9918], "rotation": [0, 90, -43.75], "uv": [0, 24], "mirror": true},
						{"origin": [-7.057, 40.13405, -8.18507], "size": [4, 3, 4], "pivot": [-5.057, 43.8407, -2.9918], "rotation": [0, 90, -31.75], "uv": [92, 19], "mirror": true},
						{"origin": [-5.23246, 46.37584, -3.83715], "size": [2, 3, 2], "pivot": [-4.23246, 48.76792, -2.9918], "rotation": [0, 90, 10], "uv": [62, 34], "mirror": true},
						{"origin": [-4.73246, 48.61365, -3.16859], "size": [1, 2, 1], "pivot": [-4.23246, 48.76792, -2.9918], "rotation": [0, 90, -3.5], "uv": [53, 71], "mirror": true},
						{"origin": [-6.557, 42.85813, -5.5962], "size": [3, 4, 3], "pivot": [-5.057, 43.8407, -2.9918], "rotation": [0, 90, 31.25], "uv": [89, 101], "mirror": true},
						{"origin": [-6.557, 39.45255, -5.7555], "size": [3, 4, 3], "inflate": 0.01, "pivot": [-5.057, 43.8407, -2.9918], "rotation": [0, 90, 18.75], "uv": [101, 59], "mirror": true}
					]
				},
				{
					"name": "leg_left_front",
					"parent": "mega_houndoom2",
					"pivot": [4.75, 16.75, -3],
					"rotation": [7.5, 0, 0],
					"cubes": [
						{"origin": [2.25, 9.87301, -5.62677], "size": [4, 10, 5], "inflate": 0.01, "uv": [77, 73]}
					]
				},
				{
					"name": "leg_left_front2",
					"parent": "leg_left_front",
					"pivot": [4.75, 9.8291, -3.1764],
					"rotation": [-9.25, 0, 0],
					"cubes": [
						{"origin": [2.25, 2.4685, -4.21984], "size": [4, 2, 3], "pivot": [4.75, 2.47995, -3.64522], "rotation": [-2, 0, 0], "uv": [54, 103]},
						{"origin": [2.25, 5.3746, -4.25872], "size": [4, 2, 3], "pivot": [4.75, 2.47995, -3.64522], "rotation": [-2, 0, 0], "uv": [102, 101]},
						{"origin": [2.25, 5.3746, -5.25872], "size": [1, 2, 1], "pivot": [4.75, 2.47995, -3.64522], "rotation": [-2, 0, 0], "uv": [63, 50]},
						{"origin": [2.25, 2.4685, -5.21984], "size": [1, 2, 1], "pivot": [4.75, 2.47995, -3.64522], "rotation": [-2, 0, 0], "uv": [61, 63]},
						{"origin": [5.25, 5.3746, -5.25872], "size": [1, 2, 1], "pivot": [4.75, 2.47995, -3.64522], "rotation": [-2, 0, 0], "uv": [63, 50]},
						{"origin": [5.25, 2.4685, -5.21984], "size": [1, 2, 1], "pivot": [4.75, 2.47995, -3.64522], "rotation": [-2, 0, 0], "uv": [61, 63]},
						{"origin": [2.75, 0.47995, -4.64522], "size": [3, 10, 3], "uv": [16, 90]}
					]
				},
				{
					"name": "leg_left_front3",
					"parent": "leg_left_front2",
					"pivot": [4.75, 0.97995, -2.64522],
					"rotation": [2.5, 0, 0],
					"cubes": [
						{"origin": [2.25, 0.02357, -6.14426], "size": [4, 2, 4], "uv": [59, 96]},
						{"origin": [5.625, 0.46297, -6.60447], "size": [0, 1, 1], "pivot": [4.2375, 1.02357, -6.64426], "rotation": [-30.25, 0, 0], "uv": [105, 125]},
						{"origin": [2.85, 0.46297, -6.60447], "size": [0, 1, 1], "pivot": [4.2375, 1.02357, -6.64426], "rotation": [-30.25, 0, 0], "uv": [105, 125]},
						{"origin": [4.275, 0.46297, -6.60447], "size": [0, 1, 1], "pivot": [4.2375, 1.02357, -6.64426], "rotation": [-30.25, 0, 0], "uv": [105, 125]}
					]
				},
				{
					"name": "leg_right_front",
					"parent": "mega_houndoom2",
					"pivot": [-4.75, 16.75, -3],
					"rotation": [7.5, 0, 0],
					"cubes": [
						{"origin": [-6.25, 9.87301, -5.62677], "size": [4, 10, 5], "inflate": 0.01, "uv": [43, 75]}
					]
				},
				{
					"name": "leg_right_front2",
					"parent": "leg_right_front",
					"pivot": [-4.75, 9.8291, -3.1764],
					"rotation": [-9.25, 0, 0],
					"cubes": [
						{"origin": [-6.25, 2.4685, -4.21984], "size": [4, 2, 3], "pivot": [-4.75, 2.47995, -3.64522], "rotation": [-2, 0, 0], "uv": [101, 7]},
						{"origin": [-6.25, 5.3746, -4.25872], "size": [4, 2, 3], "pivot": [-4.75, 2.47995, -3.64522], "rotation": [-2, 0, 0], "uv": [62, 78]},
						{"origin": [-6.25, 2.4685, -5.21984], "size": [1, 2, 1], "pivot": [-4.75, 2.47995, -3.64522], "rotation": [-2, 0, 0], "uv": [68, 13]},
						{"origin": [-6.25, 5.3746, -5.25872], "size": [1, 2, 1], "pivot": [-4.75, 2.47995, -3.64522], "rotation": [-2, 0, 0], "uv": [48, 71]},
						{"origin": [-3.25, 2.4685, -5.21984], "size": [1, 2, 1], "pivot": [-4.75, 2.47995, -3.64522], "rotation": [-2, 0, 0], "uv": [68, 13]},
						{"origin": [-3.25, 5.3746, -5.25872], "size": [1, 2, 1], "pivot": [-4.75, 2.47995, -3.64522], "rotation": [-2, 0, 0], "uv": [48, 71]},
						{"origin": [-5.75, 0.47995, -4.64522], "size": [3, 10, 3], "uv": [79, 89]}
					]
				},
				{
					"name": "leg_right_front3",
					"parent": "leg_right_front2",
					"pivot": [-4.75, 0.97995, -2.64522],
					"rotation": [2.5, 0, 0],
					"cubes": [
						{"origin": [-4.275, 0.46297, -6.60447], "size": [0, 1, 1], "pivot": [-4.2375, 1.02357, -6.64426], "rotation": [-30.25, 0, 0], "uv": [105, 125], "mirror": true},
						{"origin": [-5.625, 0.46297, -6.60447], "size": [0, 1, 1], "pivot": [-4.2375, 1.02357, -6.64426], "rotation": [-30.25, 0, 0], "uv": [105, 125], "mirror": true},
						{"origin": [-2.85, 0.46297, -6.60447], "size": [0, 1, 1], "pivot": [-4.2375, 1.02357, -6.64426], "rotation": [-30.25, 0, 0], "uv": [105, 125], "mirror": true},
						{"origin": [-6.25, 0.02357, -6.14426], "size": [4, 2, 4], "uv": [32, 34]}
					]
				},
				{
					"name": "leg_left_back",
					"parent": "mega_houndoom2",
					"pivot": [3.5, 15.83906, 12.28977],
					"rotation": [-9.73968, -0.2998, -0.07833],
					"cubes": [
						{"origin": [1.4992, 10.63468, 9.95551], "size": [4, 9, 5], "inflate": 0.01, "uv": [78, 22]}
					]
				},
				{
					"name": "leg_left_back1",
					"parent": "leg_left_back",
					"pivot": [3.4992, 10.65229, 9.99363],
					"rotation": [46.25, 0, 0],
					"cubes": [
						{"origin": [1.4992, 5.6595, 9.95723], "size": [4, 5, 4], "uv": [88, 9]}
					]
				},
				{
					"name": "leg_left_back2",
					"parent": "leg_left_back1",
					"pivot": [3.4992, 5.58748, 13.90336],
					"rotation": [-36.25, 0, 0],
					"cubes": [
						{"origin": [1.9992, -3.32248, 10.91267], "size": [3, 9, 3], "uv": [0, 93]}
					]
				},
				{
					"name": "leg_left_back3",
					"parent": "leg_left_back2",
					"pivot": [3.9992, -2.82248, 12.91267],
					"cubes": [
						{"origin": [4.84777, 4.91398, 8.80161], "size": [0, 1, 1], "pivot": [4.2375, 1.02357, -6.64426], "rotation": [-30.25, 0, 0], "uv": [105, 125]},
						{"origin": [3.49777, 4.91398, 8.80161], "size": [0, 1, 1], "pivot": [4.2375, 1.02357, -6.64426], "rotation": [-30.25, 0, 0], "uv": [105, 125]},
						{"origin": [2.07277, 4.91398, 8.80161], "size": [0, 1, 1], "pivot": [4.2375, 1.02357, -6.64426], "rotation": [-30.25, 0, 0], "uv": [105, 125]},
						{"origin": [1.4992, -3.82248, 9.41267], "size": [4, 2, 4], "uv": [95, 0]}
					]
				},
				{
					"name": "leg_right_back",
					"parent": "mega_houndoom2",
					"pivot": [-3.5, 15.83906, 12.28977],
					"rotation": [-9.73968, 0.2998, 0.07833],
					"cubes": [
						{"origin": [-5.4992, 10.63468, 9.95551], "size": [4, 9, 5], "inflate": 0.01, "uv": [0, 78]}
					]
				},
				{
					"name": "leg_right_back1",
					"parent": "leg_right_back",
					"pivot": [-3.4992, 10.65229, 9.99363],
					"rotation": [46.25, 0, 0],
					"cubes": [
						{"origin": [-5.4992, 5.6595, 9.95723], "size": [4, 5, 4], "uv": [62, 85]}
					]
				},
				{
					"name": "leg_right_back2",
					"parent": "leg_right_back1",
					"pivot": [-3.4992, 5.58748, 13.90336],
					"rotation": [-36.25, 0, 0],
					"cubes": [
						{"origin": [-4.9992, -3.32248, 10.91267], "size": [3, 9, 3], "uv": [0, 0]}
					]
				},
				{
					"name": "leg_right_back3",
					"parent": "leg_right_back2",
					"pivot": [-3.9992, -2.82248, 12.91267],
					"cubes": [
						{"origin": [-2.07277, 4.91398, 8.80161], "size": [0, 1, 1], "pivot": [-4.2375, 1.02357, -6.64426], "rotation": [-30.25, 0, 0], "uv": [105, 125], "mirror": true},
						{"origin": [-4.84777, 4.91398, 8.80161], "size": [0, 1, 1], "pivot": [-4.2375, 1.02357, -6.64426], "rotation": [-30.25, 0, 0], "uv": [105, 125], "mirror": true},
						{"origin": [-3.49777, 4.91398, 8.80161], "size": [0, 1, 1], "pivot": [-4.2375, 1.02357, -6.64426], "rotation": [-30.25, 0, 0], "uv": [105, 125], "mirror": true},
						{"origin": [-5.4992, -3.82248, 9.41267], "size": [4, 2, 4], "uv": [0, 34]}
					]
				}
			]
		}
	]
}