{
	"format_version": "1.12.0",
	"minecraft:geometry": [
		{
			"description": {
				"identifier": "geometry.unknown",
				"texture_width": 64,
				"texture_height": 64,
				"visible_bounds_width": 3,
				"visible_bounds_height": 3.5,
				"visible_bounds_offset": [0, 1.25, 0]
			},
			"bones": [
				{
					"name": "houndour",
					"pivot": [0, 0, 0]
				},
				{
					"name": "body",
					"parent": "houndour",
					"pivot": [0, 9, 0],
					"cubes": [
						{"origin": [-3.5, 7, -5.25], "size": [7, 6, 12], "uv": [0, 0]},
						{"origin": [-2, 6.25, -4.25], "size": [4, 1, 9], "uv": [27, 0]},
						{"origin": [-4, 9.75, -1.75], "size": [8, 4, 3], "uv": [38, 23]},
						{"origin": [-4, 9.75, 2.5], "size": [8, 4, 3], "uv": [36, 16]}
					]
				},
				{
					"name": "tail",
					"parent": "body",
					"pivot": [0, 11.86524, 6.20273],
					"rotation": [25, 0, 0],
					"cubes": [
						{"origin": [-1, 10.35719, 6.04533], "size": [2, 3, 3], "uv": [0, 52]},
						{"origin": [-0.5, 10.93219, 8.04533], "size": [1, 2, 2], "pivot": [0.75, 12.60719, 9.04533], "rotation": [25, 0, 0], "uv": [0, 7]}
					]
				},
				{
					"name": "neck",
					"parent": "body",
					"pivot": [0, 9.75, -3.25],
					"cubes": [
						{"origin": [-2.5, 8, -6.75], "size": [5, 8, 5], "uv": [22, 26]}
					]
				},
				{
					"name": "head",
					"parent": "neck",
					"pivot": [0, 15.75, -4.2],
					"cubes": [
						{"origin": [-3, 15.75, -8.7], "size": [6, 6, 7], "uv": [0, 18]},
						{"origin": [2.42465, 19.92826, -8.12421], "size": [1, 1, 0], "pivot": [2.87465, 19.91878, -8.46322], "rotation": [148.51052, -8.47138, 83.43903], "uv": [20, 61]},
						{"origin": [-3.42465, 19.92826, -8.12421], "size": [1, 1, 0], "pivot": [-2.87465, 19.91878, -8.46322], "rotation": [148.51052, 8.47138, -83.43903], "uv": [20, 61], "mirror": true},
						{"origin": [-3.37465, 18.27308, -8.26287], "size": [1, 2, 0], "pivot": [-2.87465, 19.91878, -8.46322], "rotation": [90, 13.75, -90], "uv": [20, 61], "mirror": true},
						{"origin": [2.37465, 18.27308, -8.26287], "size": [1, 2, 0], "pivot": [2.87465, 19.91878, -8.46322], "rotation": [90, -13.75, 90], "uv": [20, 61]},
						{"origin": [-2.5, 15.5, -10.2], "size": [5, 3, 4], "uv": [0, 33]},
						{"origin": [-2, 14.8, -10.1], "size": [1, 1, 0], "uv": [8, 0]},
						{"origin": [1, 14.8, -10.1], "size": [1, 1, 0], "uv": [0, 0]},
						{"origin": [-1, 17.4, -10.7], "size": [2, 1, 1], "uv": [45, 6]}
					]
				},
				{
					"name": "eye_right",
					"parent": "head",
					"pivot": [-3.025, 18.75, -8.2],
					"cubes": [
						{"origin": [-3.425, 18.55, -8.2], "size": [1, 1, 0], "pivot": [-3.025, 18.75, -8.2], "rotation": [0, -90, 0], "uv": [61, 33], "mirror": true},
						{"origin": [-4.65, 17.75, -7.675], "size": [1, 2, 0], "pivot": [-3.025, 18.75, -8.2], "rotation": [0, -180, 0], "uv": [16, 60], "mirror": true},
						{"origin": [-3.55, 18.075, -9.2], "size": [1, 1, 1], "pivot": [-3.025, 18.75, -8.2], "rotation": [0, -90, 0], "uv": [11, 60], "mirror": true},
						{"origin": [-2.925, 17.75, -8.175], "size": [1, 2, 0], "pivot": [-3.025, 18.75, -8.2], "rotation": [0, -90, 0], "uv": [16, 60], "mirror": true}
					]
				},
				{
					"name": "eye_left",
					"parent": "head",
					"pivot": [3.025, 18.75, -8.2],
					"cubes": [
						{"origin": [2.55, 18.075, -9.2], "size": [1, 1, 1], "pivot": [3.025, 18.75, -8.2], "rotation": [0, 90, 0], "uv": [11, 60]},
						{"origin": [1.925, 17.75, -8.175], "size": [1, 2, 0], "pivot": [3.025, 18.75, -8.2], "rotation": [0, 90, 0], "uv": [16, 60]},
						{"origin": [2.425, 18.55, -8.2], "size": [1, 1, 0], "pivot": [3.025, 18.75, -8.2], "rotation": [0, 90, 0], "uv": [61, 33]},
						{"origin": [3.6, 17.75, -7.675], "size": [1, 2, 0], "pivot": [3.025, 18.75, -8.2], "rotation": [0, 180, 0], "uv": [16, 60]}
					]
				},
				{
					"name": "eyelids",
					"parent": "head",
					"pivot": [3.025, 18.75, -8.2],
					"cubes": [
						{"origin": [1.5, 17.75, -9.25], "size": [2, 2, 1], "inflate": 0.01, "pivot": [3.025, 18.75, -8.2], "rotation": [0, 90, 0], "uv": [10, 25]},
						{"origin": [-3.5, 17.75, -9.25], "size": [2, 2, 1], "inflate": 0.01, "pivot": [-3.025, 18.75, -8.2], "rotation": [0, -90, 0], "uv": [10, 25], "mirror": true}
					]
				},
				{
					"name": "mouth",
					"parent": "head",
					"pivot": [0, 15.5, -6.7],
					"cubes": [
						{"origin": [-1.5, 14.5, -9.7], "size": [3, 1, 3], "uv": [49, 51]}
					]
				},
				{
					"name": "skull",
					"parent": "head",
					"pivot": [0, 20.81727, -8.65072],
					"rotation": [-11.5, 0, 0],
					"cubes": [
						{"origin": [-1.5, 17.38183, -9.44257], "size": [3, 5, 1], "pivot": [0, 19.88183, -9.24257], "rotation": [-1.25, 0, 0], "uv": [55, 38]},
						{"origin": [-4.04972, 20.70649, -9.23321], "size": [1, 1, 1], "pivot": [-2.40782, 20.62435, -8.62587], "rotation": [8.91019, 3.51116, 84.07514], "uv": [26, 40]},
						{"origin": [3.04972, 20.70649, -9.23321], "size": [1, 1, 1], "pivot": [2.40782, 20.62435, -8.62587], "rotation": [8.91019, -3.51116, -84.07514], "uv": [30, 19]},
						{"origin": [-3.32255, 17.45699, -9.16134], "size": [1, 4, 1], "pivot": [-2.30748, 20.63541, -8.63639], "rotation": [-8.29019, 14.02655, -38.04282], "uv": [0, 59]},
						{"origin": [-3.54179, 19.98814, -8.65631], "size": [1, 2, 1], "pivot": [-2.35929, 20.72212, -8.39026], "rotation": [9.94518, -13.67511, 32.26066], "uv": [58, 23]},
						{"origin": [-3.35616, 19.90143, -9.24372], "size": [1, 2, 1], "pivot": [-2.30748, 20.63541, -8.63639], "rotation": [10.04819, 15.88952, 37.4118], "uv": [5, 59]},
						{"origin": [2.32255, 17.45699, -9.16134], "size": [1, 4, 1], "pivot": [2.30748, 20.63541, -8.63639], "rotation": [-8.29019, -14.02655, 38.04282], "uv": [0, 19]},
						{"origin": [2.35616, 19.90143, -9.24372], "size": [1, 2, 1], "pivot": [2.30748, 20.63541, -8.63639], "rotation": [10.04819, -15.88952, -37.4118], "uv": [7, 7]},
						{"origin": [2.54179, 19.98814, -8.65631], "size": [1, 2, 1], "pivot": [2.35929, 20.72212, -8.39026], "rotation": [9.94518, 13.67511, -32.26066], "uv": [46, 11]}
					]
				},
				{
					"name": "ear_left",
					"parent": "head",
					"pivot": [2.25, 21.25, -3.2],
					"rotation": [-15.89145, 19.05057, 22.19101],
					"cubes": [
						{"origin": [1.25, 20.75, -4.7], "size": [2, 3, 3], "uv": [51, 8]},
						{"origin": [1.75, 23.75, -4.2], "size": [1, 1, 2], "uv": [56, 15]}
					]
				},
				{
					"name": "ear_right",
					"parent": "head",
					"pivot": [-2.25, 21.25, -3.2],
					"rotation": [-15.91527, -19.291, -22.11848],
					"cubes": [
						{"origin": [-3.25, 20.75, -4.7], "size": [2, 3, 3], "uv": [0, 0]},
						{"origin": [-2.75, 23.75, -4.2], "size": [1, 1, 2], "uv": [39, 11]}
					]
				},
				{
					"name": "leg_right_front",
					"parent": "houndour",
					"pivot": [-2.75, 10, -3.5],
					"rotation": [10, 0, 0],
					"cubes": [
						{"origin": [-4.25, 5, -5], "size": [3, 6, 3], "uv": [29, 40]}
					]
				},
				{
					"name": "leg_right_front2",
					"parent": "leg_right_front",
					"pivot": [-2.75, 5.25609, -3.54963],
					"rotation": [-10, 0, 0],
					"cubes": [
						{"origin": [-4.25, 2, -5.1], "size": [3, 1, 3], "pivot": [-2.75, 2.5, -3.5], "rotation": [-7, 0, 0], "uv": [11, 55]},
						{"origin": [-3.75, 0.5, -4.5], "size": [2, 5, 2], "uv": [24, 55]}
					]
				},
				{
					"name": "leg_right_front3",
					"parent": "leg_right_front2",
					"pivot": [-2.75, 1, -3.5],
					"cubes": [
						{"origin": [-4.25, 0, -6], "size": [3, 2, 3], "uv": [23, 49]}
					]
				},
				{
					"name": "leg_left_front",
					"parent": "houndour",
					"pivot": [2.75, 10, -3.5],
					"rotation": [7.5, 0, 0],
					"cubes": [
						{"origin": [1.25, 5, -5], "size": [3, 6, 3], "uv": [16, 40]}
					]
				},
				{
					"name": "leg_left_front2",
					"parent": "leg_left_front",
					"pivot": [2.75, 5.25609, -3.54963],
					"rotation": [-9.25, 0, 0],
					"cubes": [
						{"origin": [1.25, 2, -5.1], "size": [3, 1, 3], "pivot": [2.75, 2.5, -3.5], "rotation": [-7, 0, 0], "uv": [33, 59]},
						{"origin": [1.75, 0.5, -4.5], "size": [2, 5, 2], "uv": [27, 0]}
					]
				},
				{
					"name": "leg_left_front3",
					"parent": "leg_left_front2",
					"pivot": [2.75, 1, -3.5],
					"rotation": [2.5, 0, 0],
					"cubes": [
						{"origin": [1.25, 0, -6], "size": [3, 2, 3], "uv": [10, 49]}
					]
				},
				{
					"name": "leg_right_back",
					"parent": "houndour",
					"pivot": [-2.75, 9.25, 5],
					"rotation": [15, 0, 0],
					"cubes": [
						{"origin": [-4.25, 5.25, 3.5], "size": [3, 5, 3], "uv": [42, 39]}
					]
				},
				{
					"name": "leg_right_back1",
					"parent": "leg_right_back",
					"pivot": [-2.75, 5.25, 3.5],
					"rotation": [17.5, 0, 0],
					"cubes": [
						{"origin": [-4.25, 3.25, 3.5], "size": [3, 2, 3], "uv": [39, 48]}
					]
				},
				{
					"name": "leg_right_back2",
					"parent": "leg_right_back1",
					"pivot": [-2.75, 3.50609, 4.95037],
					"rotation": [-30, 0, 0],
					"cubes": [
						{"origin": [-4.25, 1.25, 3.4], "size": [3, 1, 3], "pivot": [-2.75, 1.75, 5], "rotation": [-7, 0, 0], "uv": [33, 54]},
						{"origin": [-3.75, -0.25, 4], "size": [2, 4, 2], "uv": [55, 56]}
					]
				},
				{
					"name": "leg_right_back3",
					"parent": "leg_right_back2",
					"pivot": [-2.75, 0.25, 5],
					"cubes": [
						{"origin": [-4.25, -0.75, 2.5], "size": [3, 2, 3], "uv": [47, 31]}
					]
				},
				{
					"name": "leg_left_back",
					"parent": "houndour",
					"pivot": [2.75, 9.25, 5],
					"rotation": [5, 0, 0],
					"cubes": [
						{"origin": [1.25, 5.25, 3.5], "size": [3, 5, 3], "uv": [0, 41]}
					]
				},
				{
					"name": "leg_left_back1",
					"parent": "leg_left_back",
					"pivot": [2.75, 5.25, 3.5],
					"rotation": [22.5, 0, 0],
					"cubes": [
						{"origin": [1.25, 3.25, 3.5], "size": [3, 2, 3], "uv": [45, 0]}
					]
				},
				{
					"name": "leg_left_back2",
					"parent": "leg_left_back1",
					"pivot": [2.75, 3.50609, 4.95037],
					"rotation": [-25, 0, 0],
					"cubes": [
						{"origin": [1.25, 1.25, 3.4], "size": [3, 1, 3], "pivot": [2.75, 1.75, 5], "rotation": [-7, 0, 0], "uv": [52, 45]},
						{"origin": [1.75, -0.25, 4], "size": [2, 4, 2], "uv": [46, 56]}
					]
				},
				{
					"name": "leg_left_back3",
					"parent": "leg_left_back2",
					"pivot": [2.75, 0.25, 5],
					"cubes": [
						{"origin": [1.25, -0.75, 2.5], "size": [3, 2, 3], "uv": [20, 19]}
					]
				}
			]
		}
	]
}