{
	"format_version": "1.12.0",
	"minecraft:geometry": [
		{
			"description": {
				"identifier": "geometry.ironleaves",
				"texture_width": 128,
				"texture_height": 128,
				"visible_bounds_width": 5,
				"visible_bounds_height": 5.5,
				"visible_bounds_offset": [0, 2.25, 0]
			},
			"bones": [
				{
					"name": "ironleaves",
					"pivot": [-3.5, 0, 7]
				},
				{
					"name": "body",
					"parent": "ironleaves",
					"pivot": [0, 18, 0]
				},
				{
					"name": "torso",
					"parent": "body",
					"pivot": [0.5, 17.5, 6.25],
					"cubes": [
						{"origin": [-3, 15, -1], "size": [6, 6, 10], "uv": [0, 31]},
						{"origin": [-4, 19.5, 5.3], "size": [8, 2, 3], "uv": [51, 52]},
						{"origin": [-0.5, 14.99, -1.02], "size": [1, 0, 10], "uv": [5, 0]},
						{"origin": [-0.5, 14.99, 9.01], "size": [1, 6, 0], "uv": [15, 10]}
					]
				},
				{
					"name": "chest",
					"parent": "torso",
					"pivot": [-0.00001, 18, -0.5],
					"cubes": [
						{"origin": [-3, 15, -9.5], "size": [6, 7, 9], "inflate": 0.01, "uv": [32, 31]},
						{"origin": [-0.5, 15, -9.52], "size": [1, 4, 0], "uv": [0, 0]},
						{"origin": [-0.5, 14.98, -9.52], "size": [1, 0, 9], "uv": [19, 31]}
					]
				},
				{
					"name": "neck",
					"parent": "chest",
					"pivot": [0.5, 22, -7],
					"cubes": [
						{"origin": [-1.5, 21.5, -8.5], "size": [3, 1, 3], "uv": [0, 71]},
						{"origin": [-1.5, 22.5, -8.5], "size": [3, 2, 3], "inflate": 0.05, "uv": [69, 11]}
					]
				},
				{
					"name": "neck2",
					"parent": "neck",
					"pivot": [0.5, 25, -5.5],
					"cubes": [
						{"origin": [-1.5, 24.5, -8.5], "size": [3, 1, 3], "inflate": 0.01, "uv": [71, 0]},
						{"origin": [-1.5, 25, -8.5], "size": [3, 2, 3], "inflate": 0.05, "uv": [68, 42]},
						{"origin": [-2.02099, 24.49459, -7.95082], "size": [1, 2, 0], "pivot": [-1.42099, 25.49459, -7.95082], "rotation": [7.27404, -2.16419, 5.02487], "uv": [6, 3]},
						{"origin": [1.02099, 24.49459, -7.95082], "size": [1, 2, 0], "pivot": [1.42099, 25.49459, -7.95082], "rotation": [7.27404, 2.16419, -5.02487], "uv": [6, 3], "mirror": true}
					]
				},
				{
					"name": "neck_panel_left",
					"parent": "neck2",
					"pivot": [2.5, 26.5, -7],
					"rotation": [10, 30, 0],
					"cubes": [
						{"origin": [2.5, 22, -8.25], "size": [0, 6, 10], "inflate": 0.005, "pivot": [2.5, 26.5, -7], "rotation": [0, 0, 0], "uv": [14, 37]}
					]
				},
				{
					"name": "neck_sword_left",
					"parent": "neck_panel_left",
					"pivot": [2.5, 26.5, -3.25],
					"cubes": [
						{"origin": [2.4, 22, -3.25], "size": [0, 7, 24], "pivot": [2.5, 24.5, -6], "rotation": [0, 0, 0], "uv": [0, 0]}
					]
				},
				{
					"name": "neck_panel_right",
					"parent": "neck2",
					"pivot": [-2.5, 26.5, -7],
					"rotation": [10, -30, 0],
					"cubes": [
						{"origin": [-2.5, 22, -8.25], "size": [0, 6, 10], "inflate": 0.005, "pivot": [-2.5, 26.5, -7], "rotation": [0, 0, 0], "uv": [0, 8]}
					]
				},
				{
					"name": "neck_sword_right",
					"parent": "neck_panel_right",
					"pivot": [-2.5, 26.5, -3.25],
					"cubes": [
						{"origin": [-2.4, 22, -3.25], "size": [0, 7, 24], "pivot": [-2.5, 24.5, -6], "rotation": [0, 0, 0], "uv": [0, 0], "mirror": true}
					]
				},
				{
					"name": "neck3",
					"parent": "neck2",
					"pivot": [0.5, 27, -5.5],
					"cubes": [
						{"origin": [-1.5, 27, -8.5], "size": [3, 1, 3], "inflate": 0.01, "uv": [70, 49]},
						{"origin": [-1.5, 27.5, -8.5], "size": [3, 3, 3], "inflate": 0.05, "uv": [66, 36]}
					]
				},
				{
					"name": "head",
					"parent": "neck3",
					"pivot": [0, 30, -7]
				},
				{
					"name": "head_ai",
					"parent": "head",
					"pivot": [0, 30, -7]
				},
				{
					"name": "head_angle",
					"parent": "head_ai",
					"pivot": [0, 30, -7],
					"rotation": [15, 0, 0],
					"cubes": [
						{"origin": [-3, 30, -9], "size": [6, 4, 4], "uv": [34, 47]},
						{"origin": [-2.5, 30, -11], "size": [5, 4, 2], "uv": [66, 27]},
						{"origin": [-1.5, 30, -12], "size": [3, 3, 1], "uv": [48, 57]}
					]
				},
				{
					"name": "eyes",
					"parent": "head_angle",
					"pivot": [0, 32, -9]
				},
				{
					"name": "eye_left",
					"parent": "eyes",
					"pivot": [0, 34, -8.9]
				},
				{
					"name": "pupil_left",
					"parent": "eye_left",
					"pivot": [2.505, 32.5, -10.25],
					"cubes": [
						{"origin": [2.505, 32, -10.75], "size": [0, 1, 1], "uv": [0, 8]}
					]
				},
				{
					"name": "eye_right",
					"parent": "eyes",
					"pivot": [0, 34, -8.9]
				},
				{
					"name": "pupil_right",
					"parent": "eye_right",
					"pivot": [0, 34, -8.6],
					"cubes": [
						{"origin": [-2.505, 32, -10.75], "size": [0, 1, 1], "uv": [0, 3]}
					]
				},
				{
					"name": "mouth",
					"parent": "head_angle",
					"pivot": [0, 30.1, -10.5],
					"cubes": [
						{"origin": [-1.5, 30.1, -12], "size": [3, 0, 3], "uv": [0, 0]}
					]
				},
				{
					"name": "forehead",
					"parent": "head_angle",
					"pivot": [-6.5, 33.2, -10.775],
					"cubes": [
						{"origin": [-2, 33.5, -10.995], "size": [4, 1, 6], "uv": [48, 22]},
						{"origin": [-3, 33.5, -5.3], "size": [6, 0, 3], "inflate": 0.01, "uv": [59, 0]}
					]
				},
				{
					"name": "flame_head_right",
					"parent": "forehead",
					"pivot": [-2.5, 33.5, -4.975],
					"cubes": [
						{"origin": [-12.25014, 33.5, -9.65614], "size": [12, 0, 11], "pivot": [-6.25014, 33.5, -3.65614], "rotation": [90, 20, 0], "uv": [27, 11]},
						{"origin": [-14.7, 33.5, -9.5], "size": [12, 0, 11], "pivot": [-6.5, 33.6, -10.775], "rotation": [0, 20, 0], "uv": [27, 0]}
					]
				},
				{
					"name": "flame_head_left",
					"parent": "forehead",
					"pivot": [2.5, 33.5, -4.975],
					"cubes": [
						{"origin": [0.25014, 33.5, -9.65614], "size": [12, 0, 11], "pivot": [6.25014, 33.5, -3.65614], "rotation": [90, -20, 0], "uv": [27, 11], "mirror": true},
						{"origin": [2.7, 33.5, -9.5], "size": [12, 0, 11], "pivot": [6.5, 33.6, -10.775], "rotation": [0, -20, 0], "uv": [27, 0], "mirror": true}
					]
				},
				{
					"name": "sword_head",
					"parent": "head_angle",
					"pivot": [0, 30.2, -6.775],
					"cubes": [
						{"origin": [0, 33, -11.68], "size": [0, 24, 7], "uv": [0, 40]}
					]
				},
				{
					"name": "tails",
					"parent": "torso",
					"pivot": [0, 21, 5]
				},
				{
					"name": "tail_middle",
					"parent": "tails",
					"pivot": [0, 21.5, 6.75],
					"rotation": [35, 0, 0],
					"cubes": [
						{"origin": [-1.5, 21.55, 6.1], "size": [3, 0, 9], "uv": [13, 31]}
					]
				},
				{
					"name": "tail_left",
					"parent": "tails",
					"pivot": [2.5, 21.5, 7.25],
					"cubes": [
						{"origin": [1, 22.25, 5.75], "size": [3, 0, 9], "pivot": [-0.5, 22.25, 7.25], "rotation": [35, 0, 15], "uv": [0, 9]}
					]
				},
				{
					"name": "tail_right",
					"parent": "tails",
					"pivot": [-2.5, 21.25, 7.25],
					"cubes": [
						{"origin": [-4, 22.25, 5.75], "size": [3, 0, 9], "pivot": [0.5, 22.25, 7.25], "rotation": [35, 0, -15], "uv": [0, 0]}
					]
				},
				{
					"name": "tail_hip_left",
					"parent": "tails",
					"pivot": [3.85, 20.5, 6],
					"rotation": [0, 30, 0],
					"cubes": [
						{"origin": [4.02, 19, 6], "size": [0, 3, 9], "uv": [20, 12]}
					]
				},
				{
					"name": "tail_hip_right",
					"parent": "tails",
					"pivot": [-3.85, 20.5, 6],
					"rotation": [0, -30, 0],
					"cubes": [
						{"origin": [-4.02, 19, 6], "size": [0, 3, 9], "uv": [20, 9]}
					]
				},
				{
					"name": "tail_fire",
					"parent": "torso",
					"pivot": [0.5, 17.5, 7.95],
					"cubes": [
						{"origin": [-5, 18, 8], "size": [10, 0, 18], "pivot": [0, 18, 17], "rotation": [0, 0, -90], "uv": [0, 0]},
						{"origin": [-5, 18, 8], "size": [10, 0, 18], "uv": [0, 0]}
					]
				},
				{
					"name": "legs",
					"parent": "body",
					"pivot": [0, 18, 0]
				},
				{
					"name": "leg_front_left",
					"parent": "legs",
					"pivot": [3, 18.5, -6],
					"cubes": [
						{"origin": [2.5, 12, -8], "size": [3, 8, 4], "inflate": 0.01, "pivot": [4.5, 17.5, -5.5], "rotation": [-5, 0, 0], "uv": [52, 57]},
						{"origin": [6, 13.25, -6], "size": [0, 6, 7], "pivot": [5.5, 16.3, -1.95], "rotation": [5, 15, -1], "uv": [28, 48]}
					]
				},
				{
					"name": "leg_front_left2",
					"parent": "leg_front_left",
					"pivot": [4, 12.35, -7.55],
					"cubes": [
						{"origin": [3.5, 8.4, -7.5], "size": [1, 4, 2], "pivot": [4.5, 11.34073, -6.60204], "rotation": [5, 0, 0], "uv": [12, 71]},
						{"origin": [3, 1, -7.75], "size": [2, 8, 3], "uv": [62, 14]},
						{"origin": [3, 9.05, -7.75], "size": [2, 4, 2], "inflate": 0.01, "pivot": [4, 9.05, -7.75], "rotation": [-75, 0, 0], "uv": [0, 9]}
					]
				},
				{
					"name": "foot_front_left",
					"parent": "leg_front_left2",
					"pivot": [4, 1, -6.25],
					"cubes": [
						{"origin": [3, 0, -8.75], "size": [2, 1, 4], "inflate": 0.01, "uv": [54, 69]}
					]
				},
				{
					"name": "leg_front_right",
					"parent": "legs",
					"pivot": [-3, 18.5, -6],
					"cubes": [
						{"origin": [-5.5, 12, -8], "size": [3, 8, 4], "inflate": 0.01, "pivot": [-4.5, 17.5, -5.5], "rotation": [-5, 0, 0], "uv": [38, 57]},
						{"origin": [-6, 13.25, -6], "size": [0, 6, 7], "pivot": [-5.5, 16.3, -1.9], "rotation": [5, -15, 1], "uv": [14, 46]}
					]
				},
				{
					"name": "leg_front_right2",
					"parent": "leg_front_right",
					"pivot": [-4, 12.32, -7.58],
					"cubes": [
						{"origin": [-4.5, 8.4, -7.5], "size": [1, 4, 2], "pivot": [-4.5, 11.34073, -6.60204], "rotation": [5, 0, 0], "uv": [48, 22]},
						{"origin": [-5, 1, -7.75], "size": [2, 8, 3], "uv": [62, 3]},
						{"origin": [-5, 9.05, -7.75], "size": [2, 4, 2], "inflate": 0.01, "pivot": [-4, 9.05, -7.75], "rotation": [-75, 0, 0], "uv": [0, 3]}
					]
				},
				{
					"name": "foot_front_right",
					"parent": "leg_front_right2",
					"pivot": [-4, 1, -6.25],
					"cubes": [
						{"origin": [-5, 0, -8.75], "size": [2, 1, 4], "inflate": 0.01, "uv": [68, 21]}
					]
				},
				{
					"name": "leg_back_left",
					"parent": "legs",
					"pivot": [4, 17.5, 6.25],
					"cubes": [
						{"origin": [2.5, 14, 5], "size": [3, 5, 5], "inflate": 0.01, "pivot": [4, 14, 7], "rotation": [20, 0, 0], "uv": [57, 42]},
						{"origin": [2.5, 11, 5], "size": [3, 3, 3], "pivot": [4, 14, 7], "rotation": [20, 0, 0], "uv": [63, 66]},
						{"origin": [3.5, 8, 6.75], "size": [1, 3, 2], "pivot": [4.5, 10.15, 6.25], "rotation": [20, 0, 0], "uv": [72, 4]}
					]
				},
				{
					"name": "leg_back_left2",
					"parent": "leg_back_left",
					"pivot": [4, 9.05, 9.35],
					"cubes": [
						{"origin": [3, 0.25, 6.25], "size": [2, 9, 3], "pivot": [4.5, 6, 8], "rotation": [-10, 0, 0], "uv": [24, 61]},
						{"origin": [3, 9.5, 6.85], "size": [2, 4, 3], "inflate": 0.01, "pivot": [4, 9.5, 6.85], "rotation": [-92.5, 0, 0], "uv": [30, 31]}
					]
				},
				{
					"name": "foot_back_left",
					"parent": "leg_back_left2",
					"pivot": [4, 1, 7],
					"cubes": [
						{"origin": [3, 0, 4.5], "size": [2, 1, 4], "inflate": 0.01, "uv": [42, 69]}
					]
				},
				{
					"name": "leg_back_right",
					"parent": "legs",
					"pivot": [-3, 17.5, 6.25],
					"cubes": [
						{"origin": [-5.5, 14, 5], "size": [3, 5, 5], "inflate": 0.01, "pivot": [-4, 14, 7], "rotation": [20, 0, 0], "uv": [53, 29]},
						{"origin": [-5.5, 11, 5], "size": [3, 3, 3], "pivot": [-4, 14, 7], "rotation": [20, 0, 0], "uv": [66, 57]},
						{"origin": [-4.5, 8, 6.75], "size": [1, 3, 2], "pivot": [-4.5, 10.15, 6.25], "rotation": [20, 0, 0], "uv": [18, 71]}
					]
				},
				{
					"name": "leg_back_right2",
					"parent": "leg_back_right",
					"pivot": [-4, 9.05, 9.35],
					"cubes": [
						{"origin": [-5, 0.25, 6.25], "size": [2, 9, 3], "pivot": [-4.5, 6, 8], "rotation": [-10, 0, 0], "uv": [14, 59]},
						{"origin": [-5, 9.5, 6.85], "size": [2, 4, 3], "inflate": 0.01, "pivot": [-4, 9.5, 6.85], "rotation": [-92.5, 0, 0], "uv": [0, 31]}
					]
				},
				{
					"name": "foot_back_right",
					"parent": "leg_back_right2",
					"pivot": [-4, 1, 7],
					"cubes": [
						{"origin": [-5, 0, 4.5], "size": [2, 1, 4], "inflate": 0.01, "uv": [30, 69]}
					]
				}
			]
		}
	]
}