{
	"format_version": "1.12.0",
	"minecraft:geometry": [
		{
			"description": {
				"identifier": "geometry.iron_hands",
				"texture_width": 256,
				"texture_height": 256,
				"visible_bounds_width": 6,
				"visible_bounds_height": 3.5,
				"visible_bounds_offset": [0, 1.25, 0]
			},
			"bones": [
				{
					"name": "iron_hands",
					"pivot": [0, 0, 1]
				},
				{
					"name": "body",
					"parent": "iron_hands",
					"pivot": [0, 0, 1]
				},
				{
					"name": "torso",
					"parent": "body",
					"pivot": [0, 14.79286, 0.67672],
					"cubes": [
						{"origin": [-6.5, 16, -6.5], "size": [13, 11, 14], "uv": [6, 150]},
						{"origin": [-5.5, 13, -6.5], "size": [11, 3, 0], "uv": [21, 176]},
						{"origin": [-7.5, 14, -6.5], "size": [15, 13, 14], "inflate": 0.11, "uv": [77, 149]},
						{"origin": [-9.58322, 13.5312, -6.5], "size": [4, 12, 14], "inflate": 0.1, "pivot": [-3.03322, 18.5812, 0.475], "rotation": [0, 0, 15], "uv": [0, 81]},
						{"origin": [5.58322, 13.5312, -6.5], "size": [4, 12, 14], "inflate": 0.1, "pivot": [3.03322, 18.5812, 0.475], "rotation": [0, 0, -15], "uv": [0, 81], "mirror": true}
					]
				},
				{
					"name": "head",
					"parent": "torso",
					"pivot": [0, 26.98483, 0.89063],
					"cubes": [
						{"origin": [-4, 26.25, -4.45], "size": [8, 5, 10], "inflate": 0.01, "uv": [36, 94]},
						{"origin": [-4.53468, 26.18874, -4.45], "size": [2, 5, 10], "pivot": [-4.03468, 29.18874, 0.55], "rotation": [0, 0, 15], "uv": [118, 0]},
						{"origin": [2.53468, 26.18874, -4.45], "size": [2, 5, 10], "pivot": [4.03468, 29.18874, 0.55], "rotation": [0, 0, -15], "uv": [56, 0]},
						{"origin": [3.49975, 27.89289, -0.925], "size": [3, 3, 3], "pivot": [4.99975, 30.39289, 0.575], "rotation": [0, 0, -15], "uv": [0, 61]},
						{"origin": [-6.49975, 27.89289, -0.925], "size": [3, 3, 3], "pivot": [-4.99975, 30.39289, 0.575], "rotation": [0, 0, 15], "uv": [0, 36]}
					]
				},
				{
					"name": "right_eye",
					"parent": "head",
					"pivot": [-2, 29.25, -4.461],
					"cubes": [
						{"origin": [-3.75, 28, -4.461], "size": [4, 3, 0], "pivot": [-2, 29.5, -4.461], "rotation": [0, 0, 10], "uv": [51, 110]},
						{"origin": [-2.75, 28.5, -4.464], "size": [1, 1, 0], "pivot": [-2, 29.5, -4.461], "rotation": [0, 0, 10], "uv": [51, 114]}
					]
				},
				{
					"name": "left_eye",
					"parent": "head",
					"pivot": [2, 29.25, -4.461],
					"cubes": [
						{"origin": [-0.25, 28, -4.461], "size": [4, 3, 0], "pivot": [2, 29.5, -4.461], "rotation": [0, 0, -10], "uv": [51, 110], "mirror": true},
						{"origin": [1.75, 28.5, -4.464], "size": [1, 1, 0], "pivot": [2, 29.5, -4.461], "rotation": [0, 0, -10], "uv": [51, 114], "mirror": true}
					]
				},
				{
					"name": "hat",
					"parent": "head",
					"pivot": [-0.35355, 29.02513, 1.075],
					"cubes": [
						{"origin": [-1.35355, 27.52513, -4.95], "size": [6, 6, 11], "pivot": [-0.35355, 29.02513, 1.075], "rotation": [0, 0, -45], "uv": [84, 30]}
					]
				},
				{
					"name": "belt",
					"parent": "torso",
					"pivot": [-6.41977, 20.07577, 0.975],
					"cubes": [
						{"origin": [-5, 12, -7], "size": [10, 4, 0], "uv": [62, 143]}
					]
				},
				{
					"name": "bone3",
					"parent": "belt",
					"pivot": [6.41977, 20.07577, 0.975],
					"rotation": [0, 0, -22.5],
					"cubes": [
						{"origin": [1.11977, 16.17577, -7.475], "size": [9, 3, 16], "pivot": [6.41977, 20.07577, 0.025], "rotation": [0, 0, -17.5], "uv": [79, 52]},
						{"origin": [1.11977, 8.17577, -6.825], "size": [7, 8, 0], "pivot": [6.41977, 20.07577, 0.025], "rotation": [0, 0, -17.5], "uv": [22, 81]},
						{"origin": [1.11977, 8.17577, 8.075], "size": [7, 8, 0], "pivot": [6.41977, 20.07577, -0.025], "rotation": [0, 0, -17.5], "uv": [0, 81]},
						{"origin": [10.62127, 9.46888, -6.475], "size": [0, 8, 14], "pivot": [11.12127, 17.46888, -0.475], "rotation": [0, 0, -30], "uv": [72, 91]},
						{"origin": [12.54582, 9.59519, -8.18631], "size": [0, 9, 2], "pivot": [12.54582, 13.09519, -6.68631], "rotation": [0, 65, -30], "uv": [86, 69]},
						{"origin": [12.54582, 9.59519, 7.23631], "size": [0, 9, 2], "pivot": [12.54582, 13.09519, 7.73631], "rotation": [0, -65, -30], "uv": [82, 69]}
					]
				},
				{
					"name": "bone6",
					"parent": "belt",
					"pivot": [-6.41977, 20.07577, 0.975],
					"rotation": [0, 0, 22.5],
					"cubes": [
						{"origin": [-10.11977, 16.17577, -7.475], "size": [9, 3, 16], "pivot": [-6.41977, 20.07577, 0.025], "rotation": [0, 0, 17.5], "uv": [75, 78]},
						{"origin": [-8.11977, 8.17577, -6.825], "size": [7, 8, 0], "pivot": [-6.41977, 20.07577, 0.025], "rotation": [0, 0, 17.5], "uv": [0, 28]},
						{"origin": [-8.11977, 8.17577, 8.075], "size": [7, 8, 0], "pivot": [-6.41977, 20.07577, -0.025], "rotation": [0, 0, 17.5], "uv": [0, 0]},
						{"origin": [-10.62127, 9.46888, -6.475], "size": [0, 8, 14], "pivot": [-11.12127, 17.46888, -0.475], "rotation": [0, 0, 30], "uv": [72, 83]},
						{"origin": [-12.54582, 9.59519, -8.18631], "size": [0, 9, 2], "pivot": [-12.54582, 13.09519, -6.68631], "rotation": [0, -65, 30], "uv": [78, 69]},
						{"origin": [-12.54582, 9.59519, 7.23631], "size": [0, 9, 2], "pivot": [-12.54582, 13.09519, 7.73631], "rotation": [0, 65, 30], "uv": [39, 53]}
					]
				},
				{
					"name": "arm_right",
					"parent": "torso",
					"pivot": [20.2375, 22.57843, 0],
					"cubes": [
						{"origin": [23, 20, -4], "size": [2, 7, 8], "inflate": 0.02, "uv": [130, 111], "mirror": true},
						{"origin": [17, 19.5, -4.5], "size": [6, 8, 9], "inflate": 0.01, "uv": [113, 38], "mirror": true}
					]
				},
				{
					"name": "mid_finger4",
					"parent": "arm_right",
					"pivot": [20.75, 27.5, 0],
					"cubes": [
						{"origin": [23, 27, -3.5], "size": [2, 10, 7], "inflate": 0.01, "uv": [36, 130], "mirror": true},
						{"origin": [17, 27.5, -4], "size": [6, 10, 8], "uv": [84, 118], "mirror": true}
					]
				},
				{
					"name": "mid_finger5",
					"parent": "arm_right",
					"pivot": [17.75, 22.5, 1.5],
					"rotation": [-47.5, 0, 0],
					"cubes": [
						{"origin": [23, 23.18506, -1.7614], "size": [2, 12, 7], "uv": [129, 55], "mirror": true},
						{"origin": [17, 22.68506, -2.2614], "size": [6, 13, 8], "uv": [109, 71], "mirror": true}
					]
				},
				{
					"name": "mid_finger6",
					"parent": "arm_right",
					"pivot": [17.75, 22.5141, -1.49615],
					"rotation": [47.5, 0, 0],
					"cubes": [
						{"origin": [23, 23.19544, -5.24889], "size": [2, 12, 7], "uv": [128, 92], "mirror": true},
						{"origin": [17, 22.69544, -5.74889], "size": [6, 13, 8], "uv": [28, 109], "mirror": true}
					]
				},
				{
					"name": "arm_left",
					"parent": "torso",
					"pivot": [-20.2375, 22.57843, 0],
					"cubes": [
						{"origin": [-25, 20, -4], "size": [2, 7, 8], "inflate": 0.02, "uv": [130, 111]},
						{"origin": [-23, 19.5, -4.5], "size": [6, 8, 9], "inflate": 0.01, "uv": [113, 38]}
					]
				},
				{
					"name": "mid_finger2",
					"parent": "arm_left",
					"pivot": [-20.75, 27.5, 0],
					"cubes": [
						{"origin": [-25, 27, -3.5], "size": [2, 10, 7], "inflate": 0.01, "uv": [36, 130]},
						{"origin": [-23, 27.5, -4], "size": [6, 10, 8], "uv": [84, 118]}
					]
				},
				{
					"name": "mid_finger3",
					"parent": "arm_left",
					"pivot": [-17.75, 22.5, 1.5],
					"rotation": [-47.5, 0, 0],
					"cubes": [
						{"origin": [-25, 23.18506, -1.7614], "size": [2, 12, 7], "uv": [129, 55]},
						{"origin": [-23, 22.68506, -2.2614], "size": [6, 13, 8], "uv": [109, 71]}
					]
				},
				{
					"name": "mid_finger7",
					"parent": "arm_left",
					"pivot": [-17.75, 22.5141, -1.49615],
					"rotation": [47.5, 0, 0],
					"cubes": [
						{"origin": [-25, 23.19544, -5.24889], "size": [2, 12, 7], "uv": [128, 92]},
						{"origin": [-23, 22.69544, -5.74889], "size": [6, 13, 8], "uv": [28, 109]}
					]
				},
				{
					"name": "leg_left",
					"parent": "body",
					"pivot": [7, 10.5, 0.5],
					"rotation": [0, 0, -10],
					"cubes": [
						{"origin": [0.5, 4, -6], "size": [13, 13, 13], "uv": [39, 68]},
						{"origin": [0.5, 4, -6], "size": [13, 13, 13], "inflate": 0.1, "uv": [0, 55]}
					]
				},
				{
					"name": "bone2",
					"parent": "leg_left",
					"pivot": [7, 4.5, -0.5],
					"rotation": [0, -20, 10],
					"cubes": [
						{"origin": [5.5, 0, -4.75], "size": [3, 3, 7], "inflate": 0.02, "uv": [70, 0]},
						{"origin": [5.5, 2, -1.25], "size": [3, 3, 3], "uv": [0, 55]}
					]
				},
				{
					"name": "leg_right",
					"parent": "body",
					"pivot": [-7, 10.5, 0.5],
					"rotation": [0, 0, 10],
					"cubes": [
						{"origin": [-13.5, 4, -6], "size": [13, 13, 13], "uv": [43, 42]},
						{"origin": [-13.5, 4, -6], "size": [13, 13, 13], "inflate": 0.1, "uv": [43, 15]}
					]
				},
				{
					"name": "bone5",
					"parent": "leg_right",
					"pivot": [-7, 4.5, -0.5],
					"rotation": [0, 20, -10],
					"cubes": [
						{"origin": [-8.5, 0, -4.75], "size": [3, 3, 7], "inflate": 0.02, "uv": [42, 0]},
						{"origin": [-8.5, 2, -1.25], "size": [3, 3, 3], "uv": [0, 8]}
					]
				}
			]
		}
	]
}