{
	"format_version": "1.12.0",
	"minecraft:geometry": [
		{
			"description": {
				"identifier": "geometry.kingambit",
				"texture_width": 128,
				"texture_height": 128,
				"visible_bounds_width": 4,
				"visible_bounds_height": 4.5,
				"visible_bounds_offset": [0, 1.75, 0]
			},
			"bones": [
				{
					"name": "kingambit",
					"pivot": [0, 0, 0]
				},
				{
					"name": "body",
					"parent": "kingambit",
					"pivot": [0, 0, -5]
				},
				{
					"name": "torso",
					"parent": "body",
					"pivot": [0, 12.5, 1.5],
					"rotation": [5, 0, 0],
					"cubes": [
						{"origin": [-3, 12.5, -1], "size": [6, 6, 5], "inflate": 0.02, "uv": [81, 0]},
						{"origin": [-3.5, 6.5, -1.5], "size": [7, 6, 6], "inflate": 0.02, "uv": [0, 74]},
						{"origin": [-10.5, 13, -8], "size": [21, 0, 15], "pivot": [0, 13, 4], "rotation": [-5, 0, 0], "uv": [1, 15]},
						{"origin": [-10.5, 16.5, -8], "size": [21, 0, 15], "uv": [1, 0]}
					]
				},
				{
					"name": "torso_top",
					"parent": "torso",
					"pivot": [0, 18.5, 4],
					"rotation": [7.5, 0, 0],
					"cubes": [
						{"origin": [-3, 18.5, -1], "size": [6, 6, 5], "inflate": 0.01, "uv": [77, 76]},
						{"origin": [-4, 24, -0.5], "size": [2, 1, 4], "inflate": 0.01, "pivot": [-3, 24.5, 1.5], "rotation": [0, 0, 22.5], "uv": [88, 67]},
						{"origin": [-3.5, 18.5, -1.5], "size": [0, 6, 6], "uv": [0, 6]},
						{"origin": [-3.5, 18.5, -1.5], "size": [7, 6, 0], "uv": [20, 88]},
						{"origin": [-3.5, 18.5, 4.5], "size": [7, 6, 0], "uv": [79, 87]},
						{"origin": [3.5, 18.5, -1.5], "size": [0, 6, 6], "uv": [0, 0]},
						{"origin": [-9, 19, 0], "size": [6, 3, 0], "pivot": [-3, 19, 1.5], "rotation": [0, 0, 22.5], "uv": [58, 92]},
						{"origin": [-9, 22, 0], "size": [6, 0, 3], "pivot": [-3, 19, 1.5], "rotation": [0, 0, 22.5], "uv": [0, 3]},
						{"origin": [-9, 19, 3], "size": [6, 3, 0], "pivot": [-3, 19, 1.5], "rotation": [0, 0, 22.5], "uv": [46, 92]},
						{"origin": [-7, 19.5, -0.5], "size": [4, 4, 0], "pivot": [-3, 19.5, 1.5], "rotation": [0, 0, 22.5], "uv": [28, 95]},
						{"origin": [-7, 23.5, -0.5], "size": [4, 0, 4], "pivot": [-3, 19.5, 1.5], "rotation": [0, 0, 22.5], "uv": [0, 27]},
						{"origin": [-7, 19.5, 3.5], "size": [4, 4, 0], "pivot": [-3, 19.5, 1.5], "rotation": [0, 0, 22.5], "uv": [94, 75]},
						{"origin": [3, 19, 0], "size": [6, 3, 0], "pivot": [3, 19, 1.5], "rotation": [0, 0, -22.5], "uv": [81, 11]},
						{"origin": [3, 22, 0], "size": [6, 0, 3], "pivot": [3, 19, 1.5], "rotation": [0, 0, -22.5], "uv": [0, 0]},
						{"origin": [3, 19, 3], "size": [6, 3, 0], "pivot": [3, 19, 1.5], "rotation": [0, 0, -22.5], "uv": [88, 72]},
						{"origin": [3, 23.5, -0.5], "size": [4, 0, 4], "pivot": [3, 19.5, 1.5], "rotation": [0, 0, -22.5], "uv": [0, 23]},
						{"origin": [3, 19.5, 3.5], "size": [4, 4, 0], "pivot": [3, 19.5, 1.5], "rotation": [0, 0, -22.5], "uv": [93, 87]},
						{"origin": [2, 24, -0.5], "size": [2, 1, 4], "inflate": 0.01, "pivot": [3, 24.5, 1.5], "rotation": [0, 0, -22.5], "uv": [0, 47]},
						{"origin": [3, 19.5, -0.5], "size": [4, 4, 0], "pivot": [3, 19.5, 1.5], "rotation": [0, 0, -22.5], "uv": [20, 94]}
					]
				},
				{
					"name": "arm_right",
					"parent": "torso_top",
					"pivot": [-3, 21.5, 1.5],
					"cubes": [
						{"origin": [-13, 21, 1], "size": [11, 1, 1], "uv": [80, 52]}
					]
				},
				{
					"name": "arm_right2",
					"parent": "arm_right",
					"pivot": [-12.5, 21.5, 1.5],
					"cubes": [
						{"origin": [-17, 23, 2.5], "size": [4, 2, 0], "uv": [58, 95]},
						{"origin": [-17, 23, 0.5], "size": [4, 2, 0], "uv": [94, 79]},
						{"origin": [-17, 22, 3.5], "size": [4, 2, 0], "pivot": [-15, 22.5, 3.5], "rotation": [-32.5, 0, 0], "uv": [50, 95]},
						{"origin": [-17, 22, -0.5], "size": [4, 2, 0], "pivot": [-15, 22.5, -0.5], "rotation": [32.5, 0, 0], "uv": [42, 95]},
						{"origin": [-20.5, 20, -0.5], "size": [8, 3, 4], "uv": [82, 19]},
						{"origin": [-18, 21, -2], "size": [1, 1, 2], "pivot": [-17, 21.5, -0.5], "rotation": [0, 22.5, 0], "uv": [47, 43]},
						{"origin": [-22.5, 20.5, 0], "size": [2, 2, 3], "uv": [67, 44]},
						{"origin": [-24, 21, 0.5], "size": [2, 1, 2], "uv": [36, 95]}
					]
				},
				{
					"name": "arm_left",
					"parent": "torso_top",
					"pivot": [3, 21.5, 1.5],
					"cubes": [
						{"origin": [2, 21, 1], "size": [11, 1, 1], "uv": [80, 38]}
					]
				},
				{
					"name": "arm_left2",
					"parent": "arm_left",
					"pivot": [12.5, 21.5, 1.5],
					"cubes": [
						{"origin": [13, 23, 2.5], "size": [4, 2, 0], "uv": [46, 90]},
						{"origin": [13, 23, 0.5], "size": [4, 2, 0], "uv": [17, 86]},
						{"origin": [13, 22, 3.5], "size": [4, 2, 0], "pivot": [15, 22.5, 3.5], "rotation": [-32.5, 0, 0], "uv": [82, 26]},
						{"origin": [13, 22, -0.5], "size": [4, 2, 0], "pivot": [15, 22.5, -0.5], "rotation": [32.5, 0, 0], "uv": [43, 75]},
						{"origin": [12.5, 20, -0.5], "size": [8, 3, 4], "uv": [80, 31]},
						{"origin": [17, 21, -2], "size": [1, 1, 2], "pivot": [17, 21.5, -0.5], "rotation": [0, -22.5, 0], "uv": [10, 29]},
						{"origin": [20.5, 20.5, 0], "size": [2, 2, 3], "uv": [56, 58]},
						{"origin": [22, 21, 0.5], "size": [2, 1, 2], "uv": [0, 37]}
					]
				},
				{
					"name": "neck",
					"parent": "torso_top",
					"pivot": [0, 24.5, 1.5],
					"cubes": [
						{"origin": [-1, 23, 0.5], "size": [2, 4, 2], "uv": [0, 31]}
					]
				},
				{
					"name": "head",
					"parent": "neck",
					"pivot": [0, 27, 0.5],
					"rotation": [10, 0, 0],
					"cubes": [
						{"origin": [-3.5, 25.5, -2.5], "size": [7, 7, 7], "uv": [49, 70]},
						{"origin": [1.75, 28.5, -2.5], "size": [1, 1, 1], "inflate": 0.02, "uv": [0, 23]},
						{"origin": [-2.75, 28.5, -2.5], "size": [1, 1, 1], "inflate": 0.02, "uv": [0, 25]},
						{"origin": [-4, 28, 5.5], "size": [8, 5, 0], "uv": [0, 18]},
						{"origin": [-4.5, 26, 1], "size": [9, 2, 6], "uv": [58, 23]},
						{"origin": [-4, 27, -3.5], "size": [0, 6, 9], "uv": [46, 75]},
						{"origin": [4, 27, -3.5], "size": [0, 6, 9], "uv": [70, 61]},
						{"origin": [-4, 29, -3.5], "size": [8, 4, 0], "uv": [87, 46]},
						{"origin": [-4, 33, -3.5], "size": [8, 0, 9], "uv": [49, 0]}
					]
				},
				{
					"name": "hair_back",
					"parent": "head",
					"pivot": [0, 26, 3.5],
					"rotation": [22.5, 0, 0],
					"cubes": [
						{"origin": [-3.5, 16.5, 3.5], "size": [7, 10, 3], "inflate": 0.01, "uv": [26, 75]}
					]
				},
				{
					"name": "hair_back2",
					"parent": "hair_back",
					"pivot": [0, 18, 6],
					"rotation": [-15, 0, 0],
					"cubes": [
						{"origin": [-4, 8.5, 3.25], "size": [8, 9, 4.5], "uv": [76, 54]}
					]
				},
				{
					"name": "hair_back3",
					"parent": "hair_back2",
					"pivot": [0, 8.5, 7.5],
					"rotation": [-35, 0, 0],
					"cubes": [
						{"origin": [-4.5, 0, 2.75], "size": [9, 9, 5.5], "uv": [58, 9]}
					]
				},
				{
					"name": "hair_back4",
					"parent": "hair_back3",
					"pivot": [0, 0.5, 7.5],
					"rotation": [-57.5, 0, 0],
					"cubes": [
						{"origin": [-3.5, -7, 4.25], "size": [7, 8, 3.5], "uv": [0, 86]}
					]
				},
				{
					"name": "hair_back5",
					"parent": "hair_back4",
					"pivot": [0, -7.5, 6.75],
					"rotation": [-27.5, 0, 0],
					"cubes": [
						{"origin": [-5.5, -15.5, 4], "size": [11, 9, 7], "uv": [0, 58]},
						{"origin": [-2, -5, 8.75], "size": [4, 3, 2], "uv": [74, 0]},
						{"origin": [-2.5, -2, 8.25], "size": [5, 3, 2], "pivot": [0, -2, 10.25], "rotation": [15, 0, 0], "uv": [88, 26]},
						{"origin": [-1, 0, 7.5], "size": [2, 3, 1], "pivot": [0, -2, 10.25], "rotation": [7.5, 0, 0], "uv": [47, 39]},
						{"origin": [-3.5, -7, 7], "size": [7, 3, 3], "pivot": [0, -6.5, 7.5], "rotation": [-15, 0, 0], "uv": [87, 40]}
					]
				},
				{
					"name": "head_sword",
					"parent": "head",
					"pivot": [0, 26.5, -2.5],
					"rotation": [-10, 0, 0],
					"cubes": [
						{"origin": [0, 26.5, -6.5], "size": [0, 17, 10], "inflate": 0.01, "uv": [36, 48]},
						{"origin": [-18, 26.5, -4.5], "size": [18, 0, 8], "pivot": [0, 26.5, -4.5], "rotation": [17.5, 2.5, 2.5], "uv": [36, 31]},
						{"origin": [0, 26.5, -4.5], "size": [18, 0, 8], "pivot": [0, 26.5, -4.5], "rotation": [17.5, -2.5, -2.5], "uv": [0, 32]},
						{"origin": [0, 43.5, -6.5], "size": [0, 13, 10], "pivot": [0, 43.5, -6.5], "rotation": [-7.5, 0, 0], "uv": [27, 30]}
					]
				},
				{
					"name": "leg_right",
					"parent": "body",
					"pivot": [-2.5, 12, 1],
					"rotation": [0, 22.5, 0],
					"cubes": [
						{"origin": [-6.5, 10.5, -6], "size": [5, 2, 10], "uv": [67, 40]},
						{"origin": [-7.5, 5.5, -8.5], "size": [7, 5, 13], "uv": [40, 40]}
					]
				},
				{
					"name": "leg_right2",
					"parent": "leg_right",
					"pivot": [-4.5, 6.5, -7],
					"rotation": [7.5, 0, 0],
					"cubes": [
						{"origin": [-6, 2.5, -7.5], "size": [3, 4, 3], "uv": [34, 88]},
						{"origin": [-5.5, 0.5, -7], "size": [2, 2, 2], "uv": [91, 91]}
					]
				},
				{
					"name": "leg_right3",
					"parent": "leg_right2",
					"pivot": [-4.5, 1, -7.5],
					"rotation": [-7.5, 0, 0],
					"cubes": [
						{"origin": [-6.5, 0, -11.5], "size": [4, 1, 7], "inflate": 0.01, "uv": [86, 11]},
						{"origin": [-5, 0, -11.5], "size": [1, 1, 4], "inflate": 0.02, "uv": [67, 39]}
					]
				},
				{
					"name": "leg_left",
					"parent": "body",
					"pivot": [2.5, 12, 1],
					"rotation": [0, -22.5, 0],
					"cubes": [
						{"origin": [1.5, 10.5, -6], "size": [5, 2, 10], "uv": [56, 58]},
						{"origin": [0.5, 5.5, -8.5], "size": [7, 5, 13], "uv": [0, 40]}
					]
				},
				{
					"name": "leg_left2",
					"parent": "leg_left",
					"pivot": [4.5, 6.5, -7],
					"rotation": [7.5, 0, 0],
					"cubes": [
						{"origin": [3, 2.5, -7.5], "size": [3, 4, 3], "uv": [0, 40]},
						{"origin": [3.5, 0.5, -7], "size": [2, 2, 2], "uv": [20, 74]}
					]
				},
				{
					"name": "leg_left3",
					"parent": "leg_left2",
					"pivot": [4.5, 1, -7.5],
					"rotation": [-7.5, 0, 0],
					"cubes": [
						{"origin": [2.5, 0, -11.5], "size": [4, 1, 7], "inflate": 0.01, "uv": [57, 84]},
						{"origin": [4, 0, -11.5], "size": [1, 1, 4], "inflate": 0.02, "uv": [56, 63]}
					]
				}
			]
		}
	]
}