{
 "portraitScale": 0.5,
 "portraitTranslation": [ 0, 1, 0 ],
 "profileScale": 0.5,
 "profileTranslation": [ 0, 1, 0 ],
 "faint": "bedrock(hatterene, faint)",
 "poses": {
   "standing": {
     "poseName": "standing",
     "transformTicks": 10,
     "poseTypes": [
       "STAND",
       "NONE",
       "PORTRAIT",
       "PROFILE"
     ],
     "animations": [
       "bedrock(hatterene, ground_idle)"
     ]
   },
   "walking": {
     "poseName": "walking",
     "transformTicks": 10,
     "poseTypes": [ "WALK" ],
     "animations": [ "bedrock(hatterene, ground_walk)" ]
   }
 }
}