{
	"format_version": "1.10.0",
	"particle_effect": {
		"description": {
			"identifier": "cobblemon:time_rift_aura_loop2",
			"basic_render_parameters": {
				"material": "particles_alpha",
				"texture": "textures/particles/outline_white_orb"
			}
		},
		"curves": {
			"variable.size": {
				"type": "linear",
				"input": "v.particle_age",
				"horizontal_range": "v.particle_lifetime",
				"nodes": [0.5, 1, 0.5, 1, 0.5]
			}
		},
		"components": {
			"minecraft:emitter_rate_steady": {
				"spawn_rate": 32,
				"max_particles": 100
			},
			"minecraft:emitter_lifetime_once": {
				"active_time": 1
			},
			"minecraft:emitter_shape_point": {
				"offset": [0, "1.3*-math.sin(variable.emitter_age*360)", "1.3*-math.cos(variable.emitter_age*360)"]
			},
			"minecraft:particle_lifetime_expression": {
				"max_lifetime": 1
			},
			"minecraft:particle_initial_speed": 0,
			"minecraft:particle_motion_dynamic": {},
			"minecraft:particle_appearance_billboard": {
				"size": ["0.1 * v.size", "0.1 * v.size"],
				"facing_camera_mode": "rotate_xyz",
				"uv": {
					"texture_width": 16,
					"texture_height": 16,
					"uv": [0, 0],
					"uv_size": [16, 16]
				}
			},
			"minecraft:particle_appearance_tinting": {
				"color": [0.12941, 1, 0.31373, 1]
			}
		}
	}
}