{
	"format_version": "1.8.0",
	"animations": {
		"animation.arceus.new": {
			"loop": true,
			"bones": {
				"chest": {
					"rotation": [5, 0, 0]
				},
				"leg_front_right": {
					"rotation": [-2.48072, 0.95645, 2.30991]
				},
				"leg_front_right2": {
					"rotation": [15, 0, 0]
				},
				"leg_front_left": {
					"rotation": [-2.48072, -0.95645, -2.30991]
				},
				"leg_front_left2": {
					"rotation": [15, 0, 0]
				},
				"leg_back_left": {
					"rotation": [7.5, 0, -5]
				},
				"leg_front_left5": {
					"rotation": [-7.5, 0, 0]
				},
				"body": {
					"position": [0, -1, 0]
				},
				"head": {
					"rotation": [10, 0, 0]
				},
				"mane": {
					"rotation": [-7.5, 0, 0]
				},
				"mane2": {
					"rotation": [15, 0, 0]
				},
				"mane3": {
					"rotation": [-22.5, 0, 0]
				},
				"bone": {
					"rotation": [22.5, 0, 0]
				},
				"bone2": {
					"rotation": [-15, 0, 0]
				},
				"bone3": {
					"rotation": [27.5, 0, 0]
				},
				"bone4": {
					"rotation": [-40, 0, 0]
				}
			}
		}
	}
}