{
	"format_version": "1.8.0",
	"animations": {
		"animation.chandelure.idle": {
			"loop": true,
			"bones": {
				"swing": {
					"rotation": ["2.5*math.sin(q.anim_time*90*0.75)", 0, "2.5*math.sin(q.anim_time*90*0.75+90)"],
					"position": [0, "math.sin(q.anim_time*90*0.375) -0.375", 0]
				},
				"arm_left": {
					"rotation": [0, "5*math.sin(q.anim_time*90*0.75+90)", "15 + 5*math.sin(q.anim_time*90*0.375+90)"]
				},
				"arm_left3": {
					"rotation": [0, 0, -35]
				},
				"arm_left4": {
					"rotation": [0, 0, -42.5]
				},
				"candleholder_front_left": {
					"rotation": [0, 10, -20]
				},
				"candleholder_front_left2": {
					"rotation": [0, -5, 0]
				},
				"flame_front_left": {
					"rotation": ["(10*math.sin(q.anim_time*90*3*0.75)) + q.anim_time * 90", -5, "10*math.sin(q.anim_time*90*4*0.75+270) * math.sin(q.anim_time*90*3*0.75)"]
				},
				"candleholder_back_left": {
					"rotation": [0, -10, -20]
				},
				"candleholder_back_left2": {
					"rotation": [0, 5, 0]
				},
				"flame_back_left": {
					"rotation": [
						"(10*math.sin(q.anim_time*90*3*0.75+180)) + q.anim_time * 90",
						5,
						"10*math.sin(q.anim_time*90*4*0.75+90) * math.sin(q.anim_time*90*3*0.75)"
					]
				},
				"arm_right": {
					"rotation": [0, "-5*math.sin(q.anim_time*90*0.75+90)", "-15 - 5*math.sin(q.anim_time*90*0.375+90)"]
				},
				"arm_right3": {
					"rotation": [0, 0, 35]
				},
				"arm_right4": {
					"rotation": [0, 0, 42.5]
				},
				"candleholder_front_right": {
					"rotation": [0, -10, 20]
				},
				"candleholder_front_right2": {
					"rotation": [0, 5, 0]
				},
				"flame_front_right": {
					"rotation": ["(10*math.sin(q.anim_time*90*3*0.75+270)) + q.anim_time * 90", 5, "10*math.sin(q.anim_time*90*4*0.75) * math.sin(q.anim_time*90*3*0.75)"]
				},
				"candleholder_back_right": {
					"rotation": [0, 10, 20]
				},
				"candleholder_back_right2": {
					"rotation": [0, -5, 0]
				},
				"flame_back_right": {
					"rotation": [
						"(10*math.sin(q.anim_time*90*3*0.75+90)) + q.anim_time * 90",
						-5,
						"10*math.sin(q.anim_time*90*4*0.75+180) * math.sin(q.anim_time*90*3*0.75)"
					]
				},
				"arm_right2": {
					"rotation": [0, 0, 12.5]
				},
				"arm_left2": {
					"rotation": [0, 0, -12.5]
				},
				"flame_middle": {
					"rotation": [0, "(2*math.sin(q.anim_time*90*4*0.75+270)) + q.anim_time * 40", "5*math.sin(q.anim_time*90*2*0.75) * math.sin(q.anim_time*90*0.75)"]
				},
				"flame_middle2": {
					"rotation": [0, 0, "5*math.sin(q.anim_time*90*2*0.75+45) * math.sin(q.anim_time*90*0.75)"]
				},
				"flame_middle3": {
					"rotation": [0, 0, "5*math.sin(q.anim_time*90*2*0.75+90) * math.sin(q.anim_time*90*0.75)"]
				},
				"head": {
					"rotation": [0, 0, 0]
				},
				"flame_inner": {
					"rotation": [0, "(2*math.sin(q.anim_time*90*4*0.75+270)) + q.anim_time * 40", 0]
				},
				"body": {
					"position": [0, 4, 0]
				}
			}
		}
	}
}