{
	"format_version": "1.8.0",
	"animations": {
		"animation.chiyu.ground_idle": {
			"loop": true,
			"animation_length": 2.5,
			"bones": {
				"whole": {
					"rotation": {
						"0.0": {
							"post": [-10, 0, 0],
							"lerp_mode": "catmullrom"
						},
						"0.2083": {
							"post": [-12.5, 0, 0],
							"lerp_mode": "catmullrom"
						},
						"0.8333": {
							"post": [-5, 0, 0],
							"lerp_mode": "catmullrom"
						},
						"1.25": {
							"post": [-10, 0, 0],
							"lerp_mode": "catmullrom"
						},
						"1.4583": {
							"post": [-12.5, 0, 0],
							"lerp_mode": "catmullrom"
						},
						"2.0833": {
							"post": [-5, 0, 0],
							"lerp_mode": "catmullrom"
						},
						"2.5": {
							"post": [-10, 0, 0],
							"lerp_mode": "catmullrom"
						}
					},
					"position": {
						"0.0": {
							"post": [0, 0, 0],
							"lerp_mode": "catmullrom"
						},
						"0.625": {
							"post": [0, 0.5, 0],
							"lerp_mode": "catmullrom"
						},
						"1.25": {
							"post": [0, 0, 0],
							"lerp_mode": "catmullrom"
						},
						"1.875": {
							"post": [0, 0.5, 0],
							"lerp_mode": "catmullrom"
						},
						"2.5": {
							"post": [0, 0, 0],
							"lerp_mode": "catmullrom"
						}
					}
				},
				"upperfin": {
					"rotation": {
						"0.0": {
							"post": [0, 0, 0.74],
							"lerp_mode": "catmullrom"
						},
						"0.5833": {
							"post": [0, 0, -22.5],
							"lerp_mode": "catmullrom"
						},
						"1.8333": {
							"post": [0, 0, 22.5],
							"lerp_mode": "catmullrom"
						},
						"2.5": {
							"post": [0, 0, 0.74],
							"lerp_mode": "catmullrom"
						}
					}
				},
				"lefttail": {
					"rotation": {
						"0.0": {
							"post": [-2.45, -7.41, -1.38],
							"lerp_mode": "catmullrom"
						},
						"0.2083": {
							"post": [-7.5, 0, 0],
							"lerp_mode": "catmullrom"
						},
						"0.8333": {
							"post": [18.23204, 21.89227, 9.74839],
							"lerp_mode": "catmullrom"
						},
						"1.4583": {
							"post": [-7.5, 0, 0],
							"lerp_mode": "catmullrom"
						},
						"2.0833": {
							"post": [7.65175, -22.24481, -4.13238],
							"lerp_mode": "catmullrom"
						},
						"2.5": {
							"post": [-2.45, -7.41, -1.38],
							"lerp_mode": "catmullrom"
						}
					}
				},
				"righttail": {
					"rotation": {
						"0.0": {
							"post": [-7.5, 0, 0],
							"lerp_mode": "catmullrom"
						},
						"0.625": {
							"post": [7.65175, 22.24481, 4.13238],
							"lerp_mode": "catmullrom"
						},
						"1.25": {
							"post": [-7.5, 0, 0],
							"lerp_mode": "catmullrom"
						},
						"1.875": {
							"post": [18.23204, -21.89227, -9.74839],
							"lerp_mode": "catmullrom"
						},
						"2.5": {
							"post": [-7.5, 0, 0],
							"lerp_mode": "catmullrom"
						}
					}
				},
				"leftfin": {
					"rotation": {
						"0.0": {
							"post": [0, 12.5, 0],
							"lerp_mode": "catmullrom"
						},
						"0.625": {
							"post": [-3.44246, -3.60129, 8.13207],
							"lerp_mode": "catmullrom"
						},
						"1.25": {
							"post": [0, 12.5, 0],
							"lerp_mode": "catmullrom"
						},
						"1.875": {
							"post": [3.66324, -5.93862, -8.29281],
							"lerp_mode": "catmullrom"
						},
						"2.5": {
							"post": [0, 12.5, 0],
							"lerp_mode": "catmullrom"
						}
					}
				},
				"rightfin": {
					"rotation": {
						"0.0": {
							"post": [0, -12.5, 0],
							"lerp_mode": "catmullrom"
						},
						"0.625": {
							"post": [3.66324, 5.93862, 8.29281],
							"lerp_mode": "catmullrom"
						},
						"1.25": {
							"post": [0, -12.5, 0],
							"lerp_mode": "catmullrom"
						},
						"1.875": {
							"post": [-3.44246, 3.60129, -8.13207],
							"lerp_mode": "catmullrom"
						},
						"2.5": {
							"post": [0, -12.5, 0],
							"lerp_mode": "catmullrom"
						}
					}
				},
				"lefteyething": {
					"rotation": {
						"0.0": {
							"post": [-3.64, 0, 0],
							"lerp_mode": "catmullrom"
						},
						"0.2917": {
							"post": [-10, 0, 0],
							"lerp_mode": "catmullrom"
						},
						"0.875": {
							"post": [5, 0, 0],
							"lerp_mode": "catmullrom"
						},
						"1.25": {
							"post": [-3.64, 0, 0],
							"lerp_mode": "catmullrom"
						},
						"1.5417": {
							"post": [-10, 0, 0],
							"lerp_mode": "catmullrom"
						},
						"2.125": {
							"post": [5, 0, 0],
							"lerp_mode": "catmullrom"
						},
						"2.5": {
							"post": [-3.64, 0, 0],
							"lerp_mode": "catmullrom"
						}
					}
				},
				"leftblink": {
					"scale": {
						"0.125": {
							"pre": [0, 0, 1],
							"post": [0, 0, 1],
							"lerp_mode": "catmullrom"
						},
						"0.1667": {
							"post": [1, 1.01, 1],
							"lerp_mode": "catmullrom"
						},
						"0.2083": {
							"post": [1, 1.01, 1],
							"lerp_mode": "catmullrom"
						},
						"0.25": {
							"post": [0, 0.001, 1],
							"lerp_mode": "catmullrom"
						},
						"1.375": {
							"post": [0, 0, 1],
							"lerp_mode": "catmullrom"
						},
						"1.4167": {
							"post": [1, 1.01, 1],
							"lerp_mode": "catmullrom"
						},
						"1.4583": {
							"post": [1, 1.01, 1],
							"lerp_mode": "catmullrom"
						},
						"1.5": {
							"post": [0, 0.001, 1],
							"lerp_mode": "catmullrom"
						}
					}
				},
				"righteyething": {
					"rotation": {
						"0.0": {
							"post": [2.31, 0, 0],
							"lerp_mode": "catmullrom"
						},
						"0.2083": {
							"post": [-3.64, 0, 0],
							"lerp_mode": "catmullrom"
						},
						"0.5": {
							"post": [-10, 0, 0],
							"lerp_mode": "catmullrom"
						},
						"1.0833": {
							"post": [5, 0, 0],
							"lerp_mode": "catmullrom"
						},
						"1.4583": {
							"post": [-3.64, 0, 0],
							"lerp_mode": "catmullrom"
						},
						"1.75": {
							"post": [-10, 0, 0],
							"lerp_mode": "catmullrom"
						},
						"2.3333": {
							"post": [5, 0, 0],
							"lerp_mode": "catmullrom"
						},
						"2.5": {
							"post": [2.31, 0, 0],
							"lerp_mode": "catmullrom"
						}
					}
				},
				"rightblink": {
					"scale": {
						"0.125": {
							"pre": [0, 0, 1],
							"post": [0, 0, 1],
							"lerp_mode": "catmullrom"
						},
						"0.1667": {
							"post": [1, 1.01, 1],
							"lerp_mode": "catmullrom"
						},
						"0.2083": {
							"post": [1, 1.01, 1],
							"lerp_mode": "catmullrom"
						},
						"0.25": {
							"post": [0, 0.001, 1],
							"lerp_mode": "catmullrom"
						},
						"1.375": {
							"post": [0, 0, 1],
							"lerp_mode": "catmullrom"
						},
						"1.4167": {
							"post": [1, 1.01, 1],
							"lerp_mode": "catmullrom"
						},
						"1.4583": {
							"post": [1, 1.01, 1],
							"lerp_mode": "catmullrom"
						},
						"1.5": {
							"post": [0, 0.001, 1],
							"lerp_mode": "catmullrom"
						}
					}
				},
				"chi_yu": {
					"rotation": {
						"0.0": {
							"post": [0, -5, 0],
							"lerp_mode": "catmullrom"
						},
						"1.25": {
							"post": [0, 5, 0],
							"lerp_mode": "catmullrom"
						},
						"2.5": {
							"post": [0, -5, 0],
							"lerp_mode": "catmullrom"
						}
					}
				}
			}
		},
		"animation.chiyu.ground_walk": {
			"loop": true,
			"animation_length": 1.25,
			"bones": {
				"whole": {
					"rotation": {
						"0.0": {
							"post": [-9.32, 0, 0],
							"lerp_mode": "catmullrom"
						},
						"0.25": {
							"post": [-12.5, 0, 0],
							"lerp_mode": "catmullrom"
						},
						"0.875": {
							"post": [-5, 0, 0],
							"lerp_mode": "catmullrom"
						},
						"1.25": {
							"post": [-9.32, 0, 0],
							"lerp_mode": "catmullrom"
						}
					},
					"position": {
						"0.0": {
							"post": [0, 0, 0],
							"lerp_mode": "catmullrom"
						},
						"0.625": {
							"post": [0, 0.98481, -0.17365],
							"lerp_mode": "catmullrom"
						},
						"1.25": {
							"post": [0, 0, 0],
							"lerp_mode": "catmullrom"
						}
					}
				},
				"lefteyething": {
					"rotation": {
						"0.0": {
							"post": [-3.64, 0, 0],
							"lerp_mode": "catmullrom"
						},
						"0.1667": {
							"post": [-10, 0, 0],
							"lerp_mode": "catmullrom"
						},
						"0.4583": {
							"post": [5, 0, 0],
							"lerp_mode": "catmullrom"
						},
						"0.625": {
							"post": [-3.64, 0, 0],
							"lerp_mode": "catmullrom"
						},
						"0.7917": {
							"post": [-10, 0, 0],
							"lerp_mode": "catmullrom"
						},
						"1.0833": {
							"post": [5, 0, 0],
							"lerp_mode": "catmullrom"
						},
						"1.25": {
							"post": [-3.64, 0, 0],
							"lerp_mode": "catmullrom"
						}
					}
				},
				"upperfin": {
					"rotation": {
						"0.0": {
							"post": [0, 0, 2.81],
							"lerp_mode": "catmullrom"
						},
						"0.1667": {
							"post": [0, 0, -22.5],
							"lerp_mode": "catmullrom"
						},
						"0.4583": {
							"post": [0, 0, 22.5],
							"lerp_mode": "catmullrom"
						},
						"0.7917": {
							"post": [0, 0, -22.5],
							"lerp_mode": "catmullrom"
						},
						"1.0833": {
							"post": [0, 0, 22.5],
							"lerp_mode": "catmullrom"
						},
						"1.25": {
							"post": [0, 0, 2.81],
							"lerp_mode": "catmullrom"
						}
					}
				},
				"lefttail": {
					"rotation": {
						"0.0": {
							"post": [0, 2.81, 0],
							"lerp_mode": "catmullrom"
						},
						"0.1667": {
							"post": [0, -22.5, 0],
							"lerp_mode": "catmullrom"
						},
						"0.4583": {
							"post": [0, 22.5, 0],
							"lerp_mode": "catmullrom"
						},
						"0.7917": {
							"post": [0, -22.5, 0],
							"lerp_mode": "catmullrom"
						},
						"1.0833": {
							"post": [0, 22.5, 0],
							"lerp_mode": "catmullrom"
						},
						"1.25": {
							"post": [0, 2.81, 0],
							"lerp_mode": "catmullrom"
						}
					}
				},
				"righttail": {
					"rotation": {
						"0.0": {
							"post": [0, 2.81, 0],
							"lerp_mode": "catmullrom"
						},
						"0.1667": {
							"post": [0, -22.5, 0],
							"lerp_mode": "catmullrom"
						},
						"0.4583": {
							"post": [0, 22.5, 0],
							"lerp_mode": "catmullrom"
						},
						"0.7917": {
							"post": [0, -22.5, 0],
							"lerp_mode": "catmullrom"
						},
						"1.0833": {
							"post": [0, 22.5, 0],
							"lerp_mode": "catmullrom"
						},
						"1.25": {
							"post": [0, 2.81, 0],
							"lerp_mode": "catmullrom"
						}
					}
				},
				"leftfin": {
					"rotation": {
						"0.0": {
							"post": [0.36, 13.58, 4.82],
							"lerp_mode": "catmullrom"
						},
						"0.125": {
							"post": [0.58304, 22.24698, 19.06398],
							"lerp_mode": "catmullrom"
						},
						"0.4167": {
							"post": [0, 0, -17.5],
							"lerp_mode": "catmullrom"
						},
						"0.75": {
							"post": [0.58304, 22.24698, 19.06398],
							"lerp_mode": "catmullrom"
						},
						"1.0417": {
							"post": [0, 0, -17.5],
							"lerp_mode": "catmullrom"
						},
						"1.25": {
							"post": [0.36, 13.58, 4.82],
							"lerp_mode": "catmullrom"
						}
					}
				},
				"rightfin": {
					"rotation": {
						"0.0": {
							"post": [0.23, -8.67, 8.25],
							"lerp_mode": "catmullrom"
						},
						"0.125": {
							"post": [0, 0, 22.5],
							"lerp_mode": "catmullrom"
						},
						"0.4167": {
							"post": [0.58304, -22.24698, -14.06398],
							"lerp_mode": "catmullrom"
						},
						"0.75": {
							"post": [0, 0, 22.5],
							"lerp_mode": "catmullrom"
						},
						"1.0417": {
							"post": [0.58304, -22.24698, -14.06398],
							"lerp_mode": "catmullrom"
						},
						"1.25": {
							"post": [0.23, -8.67, 8.25],
							"lerp_mode": "catmullrom"
						}
					}
				},
				"leftblink": {
					"scale": {
						"0.25": {
							"pre": [0, 0, 1],
							"post": [0, 0, 1],
							"lerp_mode": "catmullrom"
						},
						"0.2917": {
							"post": [1, 1.01, 1],
							"lerp_mode": "catmullrom"
						},
						"0.3333": {
							"post": [1, 1.01, 1],
							"lerp_mode": "catmullrom"
						},
						"0.375": {
							"post": [0, 0.001, 1],
							"lerp_mode": "catmullrom"
						}
					}
				},
				"righteyething": {
					"rotation": {
						"0.0": {
							"post": [2.31, 0, 0],
							"lerp_mode": "catmullrom"
						},
						"0.125": {
							"post": [-3.64, 0, 0],
							"lerp_mode": "catmullrom"
						},
						"0.25": {
							"post": [-10, 0, 0],
							"lerp_mode": "catmullrom"
						},
						"0.5417": {
							"post": [5, 0, 0],
							"lerp_mode": "catmullrom"
						},
						"0.75": {
							"post": [-3.64, 0, 0],
							"lerp_mode": "catmullrom"
						},
						"0.875": {
							"post": [-10, 0, 0],
							"lerp_mode": "catmullrom"
						},
						"1.1667": {
							"post": [5, 0, 0],
							"lerp_mode": "catmullrom"
						},
						"1.25": {
							"post": [2.31, 0, 0],
							"lerp_mode": "catmullrom"
						}
					}
				},
				"rightblink": {
					"scale": {
						"0.25": {
							"pre": [0, 0, 1],
							"post": [0, 0, 1],
							"lerp_mode": "catmullrom"
						},
						"0.2917": {
							"post": [1, 1.01, 1],
							"lerp_mode": "catmullrom"
						},
						"0.3333": {
							"post": [1, 1.01, 1],
							"lerp_mode": "catmullrom"
						},
						"0.375": {
							"post": [0, 0.001, 1],
							"lerp_mode": "catmullrom"
						}
					}
				},
				"chi_yu": {
					"rotation": {
						"0.0": {
							"post": [0, -7.5, 0],
							"lerp_mode": "catmullrom"
						},
						"0.2917": {
							"post": [0, 7.5, 0],
							"lerp_mode": "catmullrom"
						},
						"0.625": {
							"post": [0, -7.5, 0],
							"lerp_mode": "catmullrom"
						},
						"0.9167": {
							"post": [0, 7.5, 0],
							"lerp_mode": "catmullrom"
						},
						"1.25": {
							"post": [0, -7.5, 0],
							"lerp_mode": "catmullrom"
						}
					}
				}
			}
		}
	}
}