{
	"format_version": "1.8.0",
	"animations": {
		"animation.guzzlord.render": {
			"loop": true,
			"bones": {
				"arm_left_2": {
					"rotation": [25, 0, -37.5]
				},
				"finger_left_1": {
					"rotation": [-20, 0, 0]
				},
				"finger_left_2_1": {
					"rotation": [25, 0, 0]
				},
				"finger_left_2": {
					"rotation": [22.5, 0, -25]
				},
				"finger_left_2_2": {
					"rotation": [-34.24027, 16.32555, 22.44031]
				},
				"finger_left_3": {
					"rotation": [22.5, 0, 25]
				},
				"finger_left_2_3": {
					"rotation": [-34.24027, -16.32555, -22.44031]
				},
				"arm_right_2": {
					"rotation": [25, 0, 37.5]
				},
				"finger_right_1": {
					"rotation": [-20, 0, 0]
				},
				"finger_right_2_1": {
					"rotation": [25, 0, 0]
				},
				"finger_right_2": {
					"rotation": [22.5, 0, 25]
				},
				"finger_right_2_2": {
					"rotation": [-34.24027, -16.32555, -22.44031]
				},
				"finger_right_3": {
					"rotation": [22.5, 0, -25]
				},
				"finger_right_2_3": {
					"rotation": [-34.24027, 16.32555, 22.44031]
				},
				"tail": {
					"rotation": [-7.5, 0, 0]
				},
				"tail_2": {
					"rotation": [5, 0, 0]
				},
				"tail_3": {
					"rotation": [5, 0, 0]
				},
				"tail_4": {
					"rotation": [7.5, 0, 0]
				},
				"tail_5": {
					"rotation": [10, 0, 0]
				},
				"tail_6": {
					"rotation": [12.5, 0, 0]
				},
				"tail_7": {
					"rotation": [7.5, 0, 0]
				},
				"tail_8": {
					"rotation": [7.5, 0, 0]
				},
				"long_arm_left": {
					"rotation": [-72.62303, -39.34885, 32.66808],
					"position": [-3, 2, 0]
				},
				"long_arm_left_2": {
					"rotation": [30.36119, 40.78947, 20.94102]
				},
				"long_arm_left_3": {
					"rotation": [40, 0, 0]
				},
				"big_arm_left": {
					"rotation": [27.5, 0, 0]
				},
				"bottom_claw_left": {
					"rotation": [20, 0, 0]
				},
				"upper_claw_left": {
					"rotation": [-20, 0, 0]
				},
				"long_arm_right": {
					"rotation": [-72.62303, 39.34885, -32.66808],
					"position": [3, 2, 0]
				},
				"long_arm_right_2": {
					"rotation": [30.36119, -40.78947, -20.94102]
				},
				"long_arm_right_3": {
					"rotation": [40, 0, 0]
				},
				"big_arm_right": {
					"rotation": [27.5, 0, 0]
				},
				"bottom_claw_right": {
					"rotation": [20, 0, 0]
				},
				"upper_claw_right": {
					"rotation": [-20, 0, 0]
				},
				"foot_left": {
					"rotation": [0, -20, 0]
				},
				"foot_right": {
					"rotation": [0, 20, 0]
				}
			}
		}
	}
}