{
	"format_version": "1.8.0",
	"animations": {
		"animation.hooh.ground_idle": {
			"loop": true,
			"bones": {
				"body": {
					"position": [0, -2.75, 0]
				},
				"torso": {
					"rotation": ["25+Math.cos((query.anim_time) * 90 * 1 - 90) * 2", 0, 0],
					"position": [0, "0+Math.cos((query.anim_time) * 90 * 1) * -1", 0]
				},
				"wing_right": {
					"rotation": [85, 7.5, "-65+Math.cos((query.anim_time) * 90 * 1 - 90) * -2"],
					"position": [-3.5, -5.25, -7.75]
				},
				"wing_right2": {
					"rotation": [2.5, 0, -42.5]
				},
				"wing_right3": {
					"rotation": [2.5, 0, -60]
				},
				"wing_left": {
					"rotation": [85, -7.5, "65+Math.cos((query.anim_time) * 90 * 1 - 90) * 2"],
					"position": [3.5, -5.25, -7.75]
				},
				"wing_left2": {
					"rotation": [2.5, 0, 42.5]
				},
				"wing_left3": {
					"rotation": [2.5, 0, 60]
				},
				"neck": {
					"rotation": ["25+Math.cos((query.anim_time) * 90 * 1 - 90) * 4", 0, 0]
				},
				"neck2": {
					"rotation": [17.5, 0, 0]
				},
				"neck3": {
					"rotation": ["0+Math.cos((query.anim_time) * 90 * 1 - 180) * 2", 0, 0]
				},
				"head": {
					"rotation": ["-45+Math.cos((query.anim_time) * 90 * 1 - 90) * -5", 0, 0]
				},
				"leg_right": {
					"rotation": [0, 12.5, 0]
				},
				"leg_right2": {
					"rotation": [-22.5, 0, 0]
				},
				"foot_right_back": {
					"rotation": [22.5, 0, 0]
				},
				"toe_middle_right": {
					"rotation": [-7.5, 0, 0]
				},
				"toe_right_right": {
					"rotation": [-7.5, 0, 0]
				},
				"toe_left_right": {
					"rotation": [-7.5, 0, 0]
				},
				"leg_left": {
					"rotation": [0, -12.5, 0]
				},
				"leg_left2": {
					"rotation": [-22.5, 0, 0]
				},
				"foot_left_back": {
					"rotation": [22.5, 0, 0]
				},
				"toe_middle_left": {
					"rotation": [-7.5, 0, 0]
				},
				"toe_right_right3": {
					"rotation": [-7.5, 0, 0]
				},
				"toe_left_left": {
					"rotation": [-7.5, 0, 0]
				}
			}
		},
		"animation.hooh.ground_walk": {
			"loop": true,
			"bones": {
				"body": {
					"rotation": ["55+Math.cos((query.anim_time) * 90 * 2 - 90) * -5", 0, 0],
					"position": [0, "-11+Math.cos((query.anim_time) * 90 * 2 - 30) * 10", -22]
				},
				"torso": {
					"rotation": [0, 0, 0]
				},
				"wing_right": {
					"rotation": [20, "0+Math.cos((query.anim_time) * 90 * 2) * -40", 0]
				},
				"wing_right2": {
					"rotation": [0, "0+Math.cos((query.anim_time) * 90 * 2 - 60) * - 30", 0]
				},
				"wing_right3": {
					"rotation": [0, "0+Math.cos((query.anim_time) * 90 * 2 - 150) * -40", 0]
				},
				"wing_right4": {
					"rotation": [0, "0+Math.cos((query.anim_time) * 90 * 2 - 150) * -40", 0]
				},
				"wing_left": {
					"rotation": [20, "0+Math.cos((query.anim_time) * 90 * 2) * 40", 0]
				},
				"wing_left2": {
					"rotation": [0, "0+Math.cos((query.anim_time) * 90 * 2 - 60) * 30", 0]
				},
				"wing_left3": {
					"rotation": [0, "0+Math.cos((query.anim_time) * 90 * 2 - 150) * 40", 0]
				},
				"wing_left4": {
					"rotation": [0, "0+Math.cos((query.anim_time) * 90 * 2 - 150) * 40", 0]
				},
				"neck": {
					"rotation": ["22.5+Math.cos((query.anim_time) * 90 * 2 - 120) * -5", 0, 0]
				},
				"neck2": {
					"rotation": [12.5, 0, 0]
				},
				"neck3": {
					"rotation": ["0+Math.cos((query.anim_time) * 90 * 2 - 90) * 7", 0, 0]
				},
				"head": {
					"rotation": ["-77.5+Math.cos((query.anim_time) * 90 * 2 - 90) * 3", 0, 0],
					"position": [0, 4.75, -3]
				},
				"leg_right": {
					"rotation": ["17.5+Math.cos((query.anim_time) * 90 * 2 - 80) * 10", 0, 12.5]
				},
				"leg_right2": {
					"rotation": [27.5, 0, 0]
				},
				"leg_right3": {
					"rotation": [-37.5, 0, 0]
				},
				"foot_right_back": {
					"rotation": [55, 0, 0]
				},
				"foot_right_front": {
					"rotation": [32.5, 0, 0]
				},
				"tail": {
					"rotation": ["-42.5+Math.cos((query.anim_time) * 90 * 2 - 120) * 10", 0, 0]
				},
				"big_tail12": {
					"rotation": [0, "0+Math.cos((query.anim_time) * 90 * 2 - 190) * 10", 0]
				},
				"big_tail10": {
					"rotation": [0, "0+Math.cos((query.anim_time) * 90 * 2 - 190) * -10", 0]
				},
				"small_tail8": {
					"rotation": ["0+Math.cos((query.anim_time) * 90 * 2 - 190) * 10", 0, 0]
				},
				"small_tail6": {
					"rotation": ["0+Math.cos((query.anim_time) * 90 * 2 - 190) * 10", 0, 0]
				},
				"big_tail8": {
					"rotation": ["0+Math.cos((query.anim_time) * 90 * 2 - 190) * 10", 0, 0]
				},
				"big_tail6": {
					"rotation": ["0+Math.cos((query.anim_time) * 90 * 2 - 190) * -10", 0, 0]
				},
				"big_tail4": {
					"rotation": ["0+Math.cos((query.anim_time) * 90 * 2 - 190) * -10", 0, 0]
				},
				"small_tail4": {
					"rotation": ["0+Math.cos((query.anim_time) * 90 * 2 - 190) * -10", 0, 0]
				},
				"small_tail2": {
					"rotation": ["0+Math.cos((query.anim_time) * 90 * 2 - 190) * -10", 0, 0]
				},
				"big_tail2": {
					"rotation": ["0+Math.cos((query.anim_time) * 90 * 2 - 190) * -10", 0, 0]
				},
				"big_tail14": {
					"rotation": ["0+Math.cos((query.anim_time) * 90 * 2 - 190) * 10", 0, 0]
				},
				"big_tail16": {
					"rotation": ["0+Math.cos((query.anim_time) * 90 * 2 - 190) * 10", 0, 0]
				},
				"big_tail18": {
					"rotation": ["0+Math.cos((query.anim_time) * 90 * 2 - 190) * -10", 0, 0]
				},
				"big_tail20": {
					"rotation": ["0+Math.cos((query.anim_time) * 90 * 2 - 190) * -10", 0, 0]
				},
				"leg_left": {
					"rotation": ["17.5+Math.cos((query.anim_time) * 90 * 2 - 80) * 10", 0, -12.5]
				},
				"leg_left2": {
					"rotation": [27.5, 0, 0]
				},
				"leg_left3": {
					"rotation": [-37.5, 0, 0]
				},
				"foot_left_back": {
					"rotation": [55, 0, 0]
				},
				"foot_left_front": {
					"rotation": [32.5, 0, 0]
				}
			}
		},
		"animation.hooh.air_idle": {
			"loop": true,
			"bones": {
				"body": {
					"rotation": ["30+Math.cos((query.anim_time) * 90 * 1 - 90) * -2", 0, 0],
					"position": [0, "0+Math.cos((query.anim_time) * 90 * 1 - 30) * 4", 0]
				},
				"torso": {
					"rotation": [7.5, 0, 0]
				},
				"wing_right": {
					"rotation": [10, "0+Math.cos((query.anim_time) * 90 * 1) * -30", 0]
				},
				"wing_right2": {
					"rotation": [0, "0+Math.cos((query.anim_time) * 90 * 1 - 60) * -20", 0]
				},
				"wing_right3": {
					"rotation": [0, "0+Math.cos((query.anim_time) * 90 * 1 - 120) * -40", 0]
				},
				"wing_right4": {
					"rotation": [0, "0+Math.cos((query.anim_time) * 90 * 1 - 120) * -40", 0]
				},
				"wing_left": {
					"rotation": [10, "0+Math.cos((query.anim_time) * 90 * 1) * 30", 0]
				},
				"wing_left2": {
					"rotation": [0, "0+Math.cos((query.anim_time) * 90 * 1 - 60) * 20", 0]
				},
				"wing_left3": {
					"rotation": [0, "0+Math.cos((query.anim_time) * 90 * 1 - 120) * 40", 0]
				},
				"wing_left4": {
					"rotation": [0, "0+Math.cos((query.anim_time) * 90 * 1 - 120) * 40", 0]
				},
				"neck": {
					"rotation": ["0+Math.cos((query.anim_time) * 90 * 1 - 90) * -4 ", 0, 0]
				},
				"neck2": {
					"rotation": ["30+Math.cos((query.anim_time) * 90 * 1 - 130) * -4 ", 0, 0]
				},
				"head": {
					"rotation": ["-40+Math.cos((query.anim_time) * 90 * 1 - 45) * 6", 0, 0]
				},
				"leg_right": {
					"rotation": ["-47.5+Math.cos((query.anim_time) * 90 * 1 - 90) * -4 ", 22.5, 0]
				},
				"leg_right2": {
					"rotation": [-35, 0, 0]
				},
				"leg_right3": {
					"rotation": [-20, 0, 0]
				},
				"foot_right_back": {
					"rotation": [-20, 0, 0]
				},
				"foot_right_front": {
					"rotation": [22.5, 0, 0]
				},
				"tail": {
					"rotation": ["-32.5+Math.cos((query.anim_time) * 90 * 1 - 90) * 8", 0, 0]
				},
				"leg_left": {
					"rotation": ["-47.5+Math.cos((query.anim_time) * 90 * 1 - 90) * -4 ", -22.5, 0]
				},
				"leg_left2": {
					"rotation": [-35, 0, 0]
				},
				"leg_left3": {
					"rotation": [-20, 0, 0]
				},
				"foot_left_back": {
					"rotation": [-20, 0, 0]
				},
				"foot_left_front": {
					"rotation": [22.5, 0, 0]
				}
			}
		},
		"animation.hooh.air_fly": {
			"loop": true,
			"bones": {
				"body": {
					"rotation": ["55+Math.cos((query.anim_time) * 90 * 2 - 90) * -5", 0, 0],
					"position": [0, "-11+Math.cos((query.anim_time) * 90 * 2 - 30) * 10", -22]
				},
				"torso": {
					"rotation": [0, 0, 0]
				},
				"wing_right": {
					"rotation": [20, "0+Math.cos((query.anim_time) * 90 * 2) * -40", 0]
				},
				"wing_right2": {
					"rotation": [0, "0+Math.cos((query.anim_time) * 90 * 2 - 60) * - 30", 0]
				},
				"wing_right3": {
					"rotation": [0, "0+Math.cos((query.anim_time) * 90 * 2 - 150) * -40", 0]
				},
				"wing_right4": {
					"rotation": [0, "0+Math.cos((query.anim_time) * 90 * 2 - 150) * -40", 0]
				},
				"wing_left": {
					"rotation": [20, "0+Math.cos((query.anim_time) * 90 * 2) * 40", 0]
				},
				"wing_left2": {
					"rotation": [0, "0+Math.cos((query.anim_time) * 90 * 2 - 60) * 30", 0]
				},
				"wing_left3": {
					"rotation": [0, "0+Math.cos((query.anim_time) * 90 * 2 - 150) * 40", 0]
				},
				"wing_left4": {
					"rotation": [0, "0+Math.cos((query.anim_time) * 90 * 2 - 150) * 40", 0]
				},
				"neck": {
					"rotation": ["22.5+Math.cos((query.anim_time) * 90 * 2 - 120) * -5", 0, 0]
				},
				"neck2": {
					"rotation": [12.5, 0, 0]
				},
				"neck3": {
					"rotation": ["0+Math.cos((query.anim_time) * 90 * 2 - 90) * 7", 0, 0]
				},
				"head": {
					"rotation": ["-77.5+Math.cos((query.anim_time) * 90 * 2 - 90) * 3", 0, 0],
					"position": [0, 4.75, -3]
				},
				"leg_right": {
					"rotation": ["17.5+Math.cos((query.anim_time) * 90 * 2 - 80) * 10", 0, 12.5]
				},
				"leg_right2": {
					"rotation": [27.5, 0, 0]
				},
				"leg_right3": {
					"rotation": [-37.5, 0, 0]
				},
				"foot_right_back": {
					"rotation": [55, 0, 0]
				},
				"foot_right_front": {
					"rotation": [32.5, 0, 0]
				},
				"tail": {
					"rotation": ["-42.5+Math.cos((query.anim_time) * 90 * 2 - 120) * 10", 0, 0]
				},
				"big_tail12": {
					"rotation": [0, "0+Math.cos((query.anim_time) * 90 * 2 - 190) * 10", 0]
				},
				"big_tail10": {
					"rotation": [0, "0+Math.cos((query.anim_time) * 90 * 2 - 190) * -10", 0]
				},
				"small_tail8": {
					"rotation": ["0+Math.cos((query.anim_time) * 90 * 2 - 190) * 10", 0, 0]
				},
				"small_tail6": {
					"rotation": ["0+Math.cos((query.anim_time) * 90 * 2 - 190) * 10", 0, 0]
				},
				"big_tail8": {
					"rotation": ["0+Math.cos((query.anim_time) * 90 * 2 - 190) * 10", 0, 0]
				},
				"big_tail6": {
					"rotation": ["0+Math.cos((query.anim_time) * 90 * 2 - 190) * -10", 0, 0]
				},
				"big_tail4": {
					"rotation": ["0+Math.cos((query.anim_time) * 90 * 2 - 190) * -10", 0, 0]
				},
				"small_tail4": {
					"rotation": ["0+Math.cos((query.anim_time) * 90 * 2 - 190) * -10", 0, 0]
				},
				"small_tail2": {
					"rotation": ["0+Math.cos((query.anim_time) * 90 * 2 - 190) * -10", 0, 0]
				},
				"big_tail2": {
					"rotation": ["0+Math.cos((query.anim_time) * 90 * 2 - 190) * -10", 0, 0]
				},
				"big_tail14": {
					"rotation": ["0+Math.cos((query.anim_time) * 90 * 2 - 190) * 10", 0, 0]
				},
				"big_tail16": {
					"rotation": ["0+Math.cos((query.anim_time) * 90 * 2 - 190) * 10", 0, 0]
				},
				"big_tail18": {
					"rotation": ["0+Math.cos((query.anim_time) * 90 * 2 - 190) * -10", 0, 0]
				},
				"big_tail20": {
					"rotation": ["0+Math.cos((query.anim_time) * 90 * 2 - 190) * -10", 0, 0]
				},
				"leg_left": {
					"rotation": ["17.5+Math.cos((query.anim_time) * 90 * 2 - 80) * 10", 0, -12.5]
				},
				"leg_left2": {
					"rotation": [27.5, 0, 0]
				},
				"leg_left3": {
					"rotation": [-37.5, 0, 0]
				},
				"foot_left_back": {
					"rotation": [55, 0, 0]
				},
				"foot_left_front": {
					"rotation": [32.5, 0, 0]
				}
			}
		},
		"animation.hooh.battle_idle": {
			"loop": true,
			"bones": {
				"body": {
					"rotation": ["30+Math.cos((query.anim_time) * 90 * 2 - 90) * -2", 0, 0],
					"position": [0, "0+Math.cos((query.anim_time) * 90 * 2 - 30) * 4", 0]
				},
				"torso": {
					"rotation": [7.5, 0, 0]
				},
				"wing_right": {
					"rotation": [10, "0+Math.cos((query.anim_time) * 90 * 2) * -30", 0]
				},
				"wing_right2": {
					"rotation": [0, "0+Math.cos((query.anim_time) * 90 * 2 - 60) * -20", 0]
				},
				"wing_right3": {
					"rotation": [0, "0+Math.cos((query.anim_time) * 90 * 2 - 120) * -40", 0]
				},
				"wing_right4": {
					"rotation": [0, "0+Math.cos((query.anim_time) * 90 * 2 - 120) * -40", 0]
				},
				"wing_left": {
					"rotation": [10, "0+Math.cos((query.anim_time) * 90 * 2) * 30", 0]
				},
				"wing_left2": {
					"rotation": [0, "0+Math.cos((query.anim_time) * 90 * 2 - 60) * 20", 0]
				},
				"wing_left3": {
					"rotation": [0, "0+Math.cos((query.anim_time) * 90 * 2 - 120) * 40", 0]
				},
				"wing_left4": {
					"rotation": [0, "0+Math.cos((query.anim_time) * 90 * 2 - 120) * 40", 0]
				},
				"neck": {
					"rotation": ["0+Math.cos((query.anim_time) * 90 * 2 - 90) * -4 ", 0, 0]
				},
				"neck2": {
					"rotation": ["30+Math.cos((query.anim_time) * 90 * 2 - 130) * -4 ", 0, 0]
				},
				"head": {
					"rotation": ["-40+Math.cos((query.anim_time) * 90 * 2 - 45) * 6", 0, 0]
				},
				"leg_right": {
					"rotation": ["-47.5+Math.cos((query.anim_time) * 90 * 2 - 90) * -4 ", 22.5, 0]
				},
				"leg_right2": {
					"rotation": ["-35+Math.cos((query.anim_time) * 90 * 2 - 180) * -8", 0, 0]
				},
				"leg_right3": {
					"rotation": [-20, 0, 0]
				},
				"foot_right_back": {
					"rotation": [-20, 0, 0]
				},
				"foot_right_front": {
					"rotation": [22.5, 0, 0]
				},
				"tail": {
					"rotation": ["-32.5+Math.cos((query.anim_time) * 90 * 2 - 90) * 8", 0, 0]
				},
				"leg_left": {
					"rotation": ["-47.5+Math.cos((query.anim_time) * 90 * 2 - 90) * -4 ", -22.5, 0]
				},
				"leg_left2": {
					"rotation": ["-35+Math.cos((query.anim_time) * 90 * 2 - 180) * -8", 0, 0]
				},
				"leg_left3": {
					"rotation": [-20, 0, 0]
				},
				"foot_left_back": {
					"rotation": [-20, 0, 0]
				},
				"foot_left_front": {
					"rotation": [22.5, 0, 0]
				}
			}
		},
		"animation.hooh.sleep": {
			"loop": true,
			"bones": {
				"body": {
					"position": [0, -18, 0]
				},
				"torso": {
					"rotation": ["40+Math.cos((query.anim_time) * 90 * 1) * -1", 0, 0]
				},
				"wing_right": {
					"rotation": [72.5, "10+Math.cos((query.anim_time) * 90 * 1) * 1", -50],
					"position": [-3.75, -4, -10]
				},
				"wing_right2": {
					"rotation": [2.5, 0, -30]
				},
				"wing_right3": {
					"rotation": [2.5, 0, -30]
				},
				"wing_right4": {
					"rotation": [2.5, 0, -30]
				},
				"wing_left": {
					"rotation": [72.5, "-10+Math.cos((query.anim_time) * 90 * 1) * -1", 50],
					"position": [3.75, -4, -10]
				},
				"wing_left2": {
					"rotation": [2.5, 0, 30]
				},
				"wing_left3": {
					"rotation": [2.5, 0, 30]
				},
				"wing_left4": {
					"rotation": [2.5, 0, 30]
				},
				"neck": {
					"rotation": [-60, 0, 0],
					"position": [0, -2.5, 0]
				},
				"neck2": {
					"rotation": ["-7.5+Math.cos((query.anim_time) * 90 * 1 - 90) * -2", 0, 0]
				},
				"neck3": {
					"rotation": [17.5, 0, 0]
				},
				"head": {
					"rotation": [50, 22.5, 0],
					"position": [0, -3.25, 1]
				},
				"eyelid_right": {
					"position": [-1, 0, 0]
				},
				"eyelid_left": {
					"position": [1, 0, 0]
				},
				"leg_right": {
					"rotation": [52.5, 12.5, 0],
					"position": [0, 1.5, 0]
				},
				"leg_right2": {
					"rotation": [-102.5, 0, 0]
				},
				"leg_right3": {
					"rotation": [-15, 0, 0]
				},
				"foot_right_back": {
					"rotation": [57.5, 0, 0]
				},
				"tail": {
					"rotation": [0, 0, 0]
				},
				"small_tail15": {
					"rotation": [-12.5, 0, 0]
				},
				"small_tail13": {
					"rotation": [-12.5, 0, 0]
				},
				"big_tail11": {
					"rotation": [0, -22.5, 0]
				},
				"big_tail9": {
					"rotation": [0, 15, 0]
				},
				"small_tail7": {
					"rotation": [-20, 0, 0]
				},
				"small_tail5": {
					"rotation": [-20, 0, 0]
				},
				"big_tail7": {
					"rotation": [-12.5, 0, 0]
				},
				"small_tail3": {
					"rotation": [10, 0, 0]
				},
				"small_tail1": {
					"rotation": [10, 0, 0]
				},
				"big_tail1": {
					"rotation": [5, 0, 0]
				},
				"big_tail13": {
					"rotation": [0, -15, 0]
				},
				"big_tail15": {
					"rotation": [0, 12.5, 0]
				},
				"leg_left": {
					"rotation": [52.5, -12.5, 0],
					"position": [0, 1.5, 0]
				},
				"leg_left2": {
					"rotation": [-102.5, 0, 0]
				},
				"leg_left3": {
					"rotation": [-15, 0, 0]
				},
				"foot_left_back": {
					"rotation": [57.5, 0, 0]
				}
			}
		},
		"animation.hooh.faint": {
			"loop": true,
			"animation_length": 3,
			"bones": {
				"body": {
					"rotation": {
						"0.0": [20, 0, 0],
						"0.25": {
							"pre": [29.37, 0, 0],
							"post": [29.37, 0, 0],
							"lerp_mode": "catmullrom"
						},
						"0.4583": {
							"post": [32.345, 0, 0],
							"lerp_mode": "catmullrom"
						},
						"0.625": [32.5, 0, 0],
						"0.7083": [40, 0, 0],
						"0.9167": [10.5, 0, 0],
						"1.125": {
							"pre": [-5.75, 0, 0],
							"post": [-5.75, 0, 0],
							"lerp_mode": "catmullrom"
						},
						"1.7083": {
							"post": [-6.75, 0, 0],
							"lerp_mode": "catmullrom"
						},
						"2.0": [13.5, 0, 0],
						"2.125": [82, 0, 0],
						"2.2083": [87, 0, 0],
						"2.4167": [84.5, 0, 0]
					},
					"position": {
						"0.0": [0, 0, 0],
						"0.1667": {
							"pre": [0, -5.87, 0],
							"post": [0, -5.87, 0],
							"lerp_mode": "catmullrom"
						},
						"0.3333": {
							"post": [0, -9, 0],
							"lerp_mode": "catmullrom"
						},
						"0.5": {
							"post": [0, -9.75, 0],
							"lerp_mode": "catmullrom"
						},
						"0.625": {
							"post": [0, -8.5, 0],
							"lerp_mode": "catmullrom"
						},
						"0.7083": {
							"post": [0, -0.32, 0],
							"lerp_mode": "catmullrom"
						},
						"0.75": {
							"post": [0, 13.11, 1.5],
							"lerp_mode": "catmullrom"
						},
						"0.8333": {
							"post": [0, 44.5, 17],
							"lerp_mode": "catmullrom"
						},
						"1.0": {
							"post": [0, 56.75, 24.5],
							"lerp_mode": "catmullrom"
						},
						"1.2083": [0, 59.875, 28.5],
						"1.4583": [0, 59.595, 29.05],
						"1.6667": [0, 53.125, 29.05],
						"1.7917": {
							"pre": [0, 44.35, 29.05],
							"post": [0, 44.35, 29.05],
							"lerp_mode": "catmullrom"
						},
						"1.9167": {
							"post": [0, 24.75, 29.05],
							"lerp_mode": "catmullrom"
						},
						"2.0417": [0, -43, 29.05],
						"2.125": [0, "-56+Math.cos((query.anim_time) * 90 * 36) * 1", 5.8],
						"2.25": [0, "-46.25+Math.cos((query.anim_time) * 90 * 36) * 1", -4.95],
						"2.4167": [0, -44.25, -7.7]
					}
				},
				"wing_right": {
					"rotation": {
						"0.0": [17.5, 0, 0],
						"0.25": [17.5, 27.83, 0],
						"0.375": [17.5, 35.75, 0],
						"0.5417": {
							"pre": [17.5, 32.25, 0],
							"post": [17.5, 32.25, 0],
							"lerp_mode": "catmullrom"
						},
						"0.7083": [17.5, -23, 0],
						"1.0417": [52.5, -31.75, "-37.5+Math.cos((query.anim_time) * 90 * 36 - 45) * -6"],
						"1.3333": [55, -31.25, -50],
						"1.5417": {
							"pre": [52.5, -31.75, -37.5],
							"post": [52.5, -31.75, -37.5],
							"lerp_mode": "catmullrom"
						},
						"1.8333": [40, -22.5, 0],
						"2.0": {
							"pre": [57.5, 45, 40],
							"post": [57.5, 45, 40],
							"lerp_mode": "catmullrom"
						},
						"2.125": {
							"post": [9.77114, -2.64772, 1.72979],
							"lerp_mode": "catmullrom"
						},
						"2.4167": [10, -15, 0]
					}
				},
				"wing_right2": {
					"rotation": {
						"0.125": [0, 0, 0],
						"0.375": [0, 43.33, 0],
						"0.5": [0, 57.5, 0],
						"0.6667": {
							"pre": [0, 65, 0],
							"post": [0, 65, 0],
							"lerp_mode": "catmullrom"
						},
						"0.8333": {
							"post": [0, -23, 0],
							"lerp_mode": "catmullrom"
						},
						"1.1667": {
							"post": [0, -39, 0],
							"lerp_mode": "catmullrom"
						},
						"1.4583": [0, -38.5, 0],
						"1.6667": {
							"pre": [0, -39, 0],
							"post": [0, -39, 0],
							"lerp_mode": "catmullrom"
						},
						"1.9583": [0, -22.5, 0],
						"2.125": {
							"pre": [0, 45, -20],
							"post": [0, 45, -20],
							"lerp_mode": "catmullrom"
						},
						"2.25": {
							"post": [0, 7.5, -23],
							"lerp_mode": "catmullrom"
						},
						"2.4583": [0, 5, -23]
					}
				},
				"wing_right3": {
					"rotation": {
						"0.2083": [0, 0, 0],
						"0.4583": [0, 43.33, 0],
						"0.5833": [0, 57.5, 0],
						"0.75": {
							"pre": [0, 65, 0],
							"post": [0, 65, 0],
							"lerp_mode": "catmullrom"
						},
						"0.9167": {
							"post": [0, -23, 0],
							"lerp_mode": "catmullrom"
						},
						"1.25": {
							"post": [0, -39, 0],
							"lerp_mode": "catmullrom"
						},
						"1.5417": [0, -38.5, 0],
						"1.75": {
							"pre": [0, -39, 0],
							"post": [0, -39, 0],
							"lerp_mode": "catmullrom"
						},
						"2.0417": {
							"post": [0, -22.5, 0],
							"lerp_mode": "catmullrom"
						},
						"2.2083": {
							"post": [0, 45, -18],
							"lerp_mode": "catmullrom"
						},
						"2.3333": [0, 5, -18]
					}
				},
				"wing_left": {
					"rotation": {
						"0.0": [17.5, 0, 0],
						"0.25": [17.5, -27.83, 0],
						"0.375": [17.5, -35.75, 0],
						"0.5417": {
							"pre": [17.5, -32.25, 0],
							"post": [17.5, -32.25, 0],
							"lerp_mode": "catmullrom"
						},
						"0.7083": [17.5, 23, 0],
						"1.0417": [52.5, 31.75, "37.5+Math.cos((query.anim_time) * 90 * 36 - 45) * 6"],
						"1.3333": [55, 31.25, 50],
						"1.5417": {
							"pre": [52.5, 31.75, 37.5],
							"post": [52.5, 31.75, 37.5],
							"lerp_mode": "catmullrom"
						},
						"1.8333": [40, 22.5, 0],
						"2.0": {
							"pre": [57.5, -45, -40],
							"post": [57.5, -45, -40],
							"lerp_mode": "catmullrom"
						},
						"2.125": {
							"post": [9.77114, 2.64772, -1.72979],
							"lerp_mode": "catmullrom"
						},
						"2.4167": [10, 15, 0]
					}
				},
				"wing_left2": {
					"rotation": {
						"0.125": [0, 0, 0],
						"0.375": [0, -43.33, 0],
						"0.5": [0, -57.5, 0],
						"0.6667": {
							"pre": [0, -65, 0],
							"post": [0, -65, 0],
							"lerp_mode": "catmullrom"
						},
						"0.8333": {
							"post": [0, 23, 0],
							"lerp_mode": "catmullrom"
						},
						"1.1667": {
							"post": [0, 39, 0],
							"lerp_mode": "catmullrom"
						},
						"1.4583": [0, 38.5, 0],
						"1.6667": {
							"pre": [0, 39, 0],
							"post": [0, 39, 0],
							"lerp_mode": "catmullrom"
						},
						"1.9583": [0, 22.5, 0],
						"2.125": {
							"pre": [0, -45, 20],
							"post": [0, -45, 20],
							"lerp_mode": "catmullrom"
						},
						"2.25": {
							"post": [0, -7.5, 23],
							"lerp_mode": "catmullrom"
						},
						"2.4583": [0, -5, 23]
					}
				},
				"wing_left3": {
					"rotation": {
						"0.2083": [0, 0, 0],
						"0.4583": [0, -43.33, 0],
						"0.5833": [0, -57.5, 0],
						"0.75": {
							"pre": [0, -65, 0],
							"post": [0, -65, 0],
							"lerp_mode": "catmullrom"
						},
						"0.9167": {
							"post": [0, 23, 0],
							"lerp_mode": "catmullrom"
						},
						"1.25": {
							"post": [0, 39, 0],
							"lerp_mode": "catmullrom"
						},
						"1.5417": [0, 38.5, 0],
						"1.75": {
							"pre": [0, 39, 0],
							"post": [0, 39, 0],
							"lerp_mode": "catmullrom"
						},
						"2.0417": {
							"post": [0, 22.5, 0],
							"lerp_mode": "catmullrom"
						},
						"2.2083": {
							"post": [0, -45, 18],
							"lerp_mode": "catmullrom"
						},
						"2.3333": [0, -5, 18]
					}
				},
				"neck": {
					"rotation": {
						"0.0": [20, 0, 0],
						"0.2917": [30.29, 0, 0],
						"0.5": [32.5, 0, 0],
						"0.7083": [47.5, 0, 0],
						"0.9167": {
							"pre": [11.83, 0, 0],
							"post": [11.83, 0, 0],
							"lerp_mode": "catmullrom"
						},
						"1.0833": {
							"post": [0, 0, 0],
							"lerp_mode": "catmullrom"
						},
						"1.4167": [-2, 0, 0],
						"2.0": {
							"pre": [-4.5, 0, 0],
							"post": [-4.5, 0, 0],
							"lerp_mode": "catmullrom"
						},
						"2.0833": {
							"post": [-37, 0, 0],
							"lerp_mode": "catmullrom"
						},
						"2.1667": {
							"post": [-5.33, 0, 0],
							"lerp_mode": "catmullrom"
						},
						"2.2083": [0, 0, 0],
						"2.5417": [2.5, 0, 0]
					}
				},
				"neck2": {
					"rotation": {
						"0.0": [15, 0, 0],
						"0.25": [28.06, 0, 0],
						"0.4583": [35.28, 0, 0],
						"0.75": {
							"pre": [40, 0, 0],
							"post": [40, 0, 0],
							"lerp_mode": "catmullrom"
						},
						"1.0833": {
							"post": [0, 0, 0],
							"lerp_mode": "catmullrom"
						},
						"1.4167": {
							"post": [-12.5, 0, 0],
							"lerp_mode": "catmullrom"
						},
						"2.0": [-12.5, 0, 0],
						"2.125": [-17.5, 0, 0],
						"2.25": [25, 0, 0],
						"2.4583": [30, 0, 0]
					}
				},
				"head": {
					"rotation": {
						"0.0": [-40, 0, 0],
						"0.4167": [-65, 0, 0],
						"0.625": [-75, 0, 0],
						"0.75": [-17.5, 0, 0],
						"1.3333": [-37.5, 0, 0],
						"1.9167": [-47.5, 0, 0],
						"2.125": [-89.06, 0, 0],
						"2.25": [-102.5, 0, 0],
						"2.4583": [-105, 0, 0],
						"2.6667": [-105, 0, 0]
					},
					"position": {
						"2.1667": [0, 0, 0],
						"2.25": [0, 7, 2]
					}
				},
				"leg_right": {
					"rotation": {
						"0.0": [-57.5, 25, 0],
						"0.2917": [-63.875, 25, 0],
						"0.5": [-65, 25, 0],
						"0.625": [-60, 25, 0],
						"0.7083": {
							"pre": [-27.5, 25, 0],
							"post": [-27.5, 25, 0],
							"lerp_mode": "catmullrom"
						},
						"1.0": {
							"post": [-5, 25, 0],
							"lerp_mode": "catmullrom"
						},
						"1.4167": {
							"post": [5, 25, 0],
							"lerp_mode": "catmullrom"
						},
						"1.9167": {
							"post": [-2.5, 25, 0],
							"lerp_mode": "catmullrom"
						},
						"2.0417": {
							"post": [-70, 25, 0],
							"lerp_mode": "catmullrom"
						},
						"2.2083": {
							"post": [43.75938, 11.89754, 22.52563],
							"lerp_mode": "catmullrom"
						},
						"2.3333": {
							"post": [62.25938, 11.89754, 22.52563],
							"lerp_mode": "catmullrom"
						},
						"2.5417": {
							"post": [52.25938, 11.89754, 22.52563],
							"lerp_mode": "catmullrom"
						},
						"2.6667": [24.75938, 11.89754, 22.52563]
					}
				},
				"leg_right2": {
					"rotation": {
						"0.0": [-37.5, 0, 0],
						"0.2917": [-49.42, 0, 0],
						"0.5417": [-55, 0, 0],
						"0.75": [-57.5, 0, 0],
						"0.9167": [-5, 0, 0],
						"1.7917": [-10, 0, 0],
						"2.0": {
							"pre": [-50, 0, 0],
							"post": [-50, 0, 0],
							"lerp_mode": "catmullrom"
						},
						"2.1667": {
							"post": [22.5, 0, 0],
							"lerp_mode": "catmullrom"
						},
						"2.3333": {
							"post": [17.17, 0, 0],
							"lerp_mode": "catmullrom"
						},
						"2.6667": [-25, 0, 0],
						"2.8333": [-27.5, 0, 0]
					}
				},
				"leg_right3": {
					"rotation": [-12.5, 0, 0]
				},
				"foot_right_back": {
					"rotation": {
						"0.0": [-15, 0, 0],
						"0.5": [-40, 0, 0],
						"0.8333": [66.5, 0, 0],
						"1.625": [56.5, 0, 0],
						"1.9583": [-6, 0, 0],
						"2.2083": [39, 0, 0],
						"2.5": [44, 0, 0],
						"2.7083": [34, 0, 0],
						"2.875": [36.5, 0, 0]
					}
				},
				"foot_right_front": {
					"rotation": [30, 0, 0]
				},
				"leg_left": {
					"rotation": {
						"0.0": [-57.5, -25, 0],
						"0.2917": [-63.875, -25, 0],
						"0.5": [-65, -25, 0],
						"0.625": [-60, -25, 0],
						"0.7083": {
							"pre": [-27.5, -25, 0],
							"post": [-27.5, -25, 0],
							"lerp_mode": "catmullrom"
						},
						"1.0": {
							"post": [-5, -25, 0],
							"lerp_mode": "catmullrom"
						},
						"1.4167": {
							"post": [5, -25, 0],
							"lerp_mode": "catmullrom"
						},
						"1.9167": {
							"post": [-2.5, -25, 0],
							"lerp_mode": "catmullrom"
						},
						"2.0417": {
							"post": [-70, -25, 0],
							"lerp_mode": "catmullrom"
						},
						"2.2083": {
							"post": [31.75938, -11.89754, -22.52563],
							"lerp_mode": "catmullrom"
						},
						"2.3333": {
							"post": [55.25938, -11.89754, -22.52563],
							"lerp_mode": "catmullrom"
						},
						"2.5417": {
							"post": [52.25938, -11.89754, -22.52563],
							"lerp_mode": "catmullrom"
						},
						"2.6667": [24.75938, -11.89754, -22.52563]
					}
				},
				"leg_left2": {
					"rotation": {
						"0.0": [-37.5, 0, 0],
						"0.2917": [-49.42, 0, 0],
						"0.5417": [-55, 0, 0],
						"0.75": [-57.5, 0, 0],
						"0.9167": [-5, 0, 0],
						"1.7917": [-10, 0, 0],
						"2.0": {
							"pre": [-50, 0, 0],
							"post": [-50, 0, 0],
							"lerp_mode": "catmullrom"
						},
						"2.1667": {
							"post": [22.5, 0, 0],
							"lerp_mode": "catmullrom"
						},
						"2.3333": {
							"post": [17.17, 0, 0],
							"lerp_mode": "catmullrom"
						},
						"2.6667": [-25, 0, 0],
						"2.8333": [-27.5, 0, 0]
					}
				},
				"leg_left3": {
					"rotation": [-12.5, 0, 0]
				},
				"foot_left_back": {
					"rotation": {
						"0.0": [-15, 0, 0],
						"0.5": [-40, 0, 0],
						"0.8333": [66.5, 0, 0],
						"1.625": [56.5, 0, 0],
						"1.9583": [-6, 0, 0],
						"2.2083": [39, 0, 0],
						"2.5": [44, 0, 0],
						"2.7083": [34, 0, 0],
						"2.875": [36.5, 0, 0]
					}
				},
				"foot_left_front": {
					"rotation": [30, 0, 0]
				},
				"torso": {
					"rotation": {
						"0.0": [0, 0, 0],
						"0.4583": [0, 0, 0],
						"0.75": [5, 0, 0],
						"0.9583": [0, 0, 0],
						"1.0417": ["0+Math.cos((query.anim_time) * 90 * 36 - 90) * -2", 0, 0],
						"1.7083": [0, 0, 0]
					},
					"position": {
						"0.7917": [0, 0, 0],
						"0.875": [
							"0+Math.cos((query.anim_time) * 90 * 36) * 1",
							"0+Math.cos((query.anim_time) * 90 * 36 - 90) * 1",
							"0+Math.cos((query.anim_time) * 90 * 36 - 45) * 1"
						],
						"1.375": [
							"0+Math.cos((query.anim_time) * 90 * 36) * 1",
							"0+Math.cos((query.anim_time) * 90 * 36 - 90) * 1",
							"0+Math.cos((query.anim_time) * 90 * 36 - 45) * 1"
						],
						"1.9583": [0, 0, 0]
					}
				},
				"neck3": {
					"rotation": {
						"0.0": [-9.43358, 3.33199, -0.35161],
						"0.2917": [4.97486, 1.87424, -0.19778],
						"0.6667": [7.5, 0, 0],
						"0.8333": {
							"pre": [30, 0, 0],
							"post": [30, 0, 0],
							"lerp_mode": "catmullrom"
						},
						"1.0833": {
							"post": [0, 0, 0],
							"lerp_mode": "catmullrom"
						},
						"2.0833": [-2.5, 0, 0]
					}
				},
				"beak_bottom": {
					"rotation": {
						"0.0417": [0, 0, 0],
						"0.75": [0, 0, 0],
						"1.125": [62.5, 0, 0],
						"1.9167": [62.5, 0, 0],
						"2.0417": [0, 0, 0]
					}
				},
				"eyelid_right": {
					"position": {
						"0.0": [-1.1, 0, 0],
						"0.875": [-1.1, 0, 0],
						"0.9167": [0, 0, 0],
						"2.0833": [0, 0, 0],
						"2.125": [-1.1, 0, 0]
					}
				},
				"eyelid_left": {
					"position": {
						"0.0": [1.1, 0, 0],
						"0.875": [1.1, 0, 0],
						"0.9167": [0, 0, 0],
						"2.0833": [0, 0, 0],
						"2.125": [1.1, 0, 0]
					}
				},
				"tail": {
					"rotation": {
						"0.0": [0, 0, 0],
						"0.2083": [12.5, 0, 0],
						"0.4583": [17.5, 0, 0],
						"0.6667": [13.13, 0, 0],
						"0.7917": [-17.5, 0, 0],
						"1.0417": [-40, 0, 0],
						"1.25": [-47.5, 0, 0],
						"1.75": [-27.5, 0, 0],
						"2.0": [-15, 0, 0],
						"2.1667": {
							"pre": [-2, 0, 0],
							"post": [-2, 0, 0],
							"lerp_mode": "catmullrom"
						},
						"2.375": {
							"post": [-37, 0, 0],
							"lerp_mode": "catmullrom"
						},
						"2.5833": {
							"post": [-87.12, 0, 0],
							"lerp_mode": "catmullrom"
						},
						"2.8333": [-88.75, 0, 0]
					}
				},
				"big_tail11": {
					"rotation": {
						"0.0": [0, 0, 0],
						"0.1667": {
							"pre": [0, -12.46872, -0.89426],
							"post": [0, -12.46872, -0.89426],
							"lerp_mode": "catmullrom"
						},
						"0.5417": {
							"post": [0, 10, 0],
							"lerp_mode": "catmullrom"
						},
						"0.7917": {
							"post": [0, 35, 0],
							"lerp_mode": "catmullrom"
						},
						"1.3333": {
							"post": [0, -7.5, 0],
							"lerp_mode": "catmullrom"
						},
						"1.7917": {
							"post": [0, -10, 0],
							"lerp_mode": "catmullrom"
						},
						"2.0": {
							"post": [0, 42.5, 0],
							"lerp_mode": "catmullrom"
						},
						"2.125": {
							"post": [0, -20, 0],
							"lerp_mode": "catmullrom"
						},
						"2.3333": {
							"post": [0, 17.5, 0],
							"lerp_mode": "catmullrom"
						},
						"2.6667": {
							"post": [0, -5, 0],
							"lerp_mode": "catmullrom"
						},
						"2.875": [0, -10, 0]
					}
				},
				"big_tail12": {
					"rotation": {
						"0.0833": [0, 0, 0],
						"0.25": {
							"pre": [0, -12.46872, -0.89426],
							"post": [0, -12.46872, -0.89426],
							"lerp_mode": "catmullrom"
						},
						"0.625": {
							"post": [0, 10, 0],
							"lerp_mode": "catmullrom"
						},
						"0.875": {
							"post": [0, 35, 0],
							"lerp_mode": "catmullrom"
						},
						"1.4167": {
							"post": [0, -7.5, 0],
							"lerp_mode": "catmullrom"
						},
						"1.875": {
							"post": [0, -10, 0],
							"lerp_mode": "catmullrom"
						},
						"2.0833": {
							"post": [0, 42.5, 0],
							"lerp_mode": "catmullrom"
						},
						"2.2083": {
							"post": [0, -20, 0],
							"lerp_mode": "catmullrom"
						},
						"2.4167": {
							"post": [0, 17.5, 0],
							"lerp_mode": "catmullrom"
						},
						"2.75": {
							"post": [0, -5, 0],
							"lerp_mode": "catmullrom"
						},
						"2.9583": [0, -10, 0]
					}
				},
				"big_tail9": {
					"rotation": {
						"0.0": [0, 0, 0],
						"0.1667": {
							"pre": [0, 12.46872, -0.89426],
							"post": [0, 12.46872, -0.89426],
							"lerp_mode": "catmullrom"
						},
						"0.5417": {
							"post": [0, -10, 0],
							"lerp_mode": "catmullrom"
						},
						"0.7917": {
							"post": [0, -35, 0],
							"lerp_mode": "catmullrom"
						},
						"1.3333": {
							"post": [0, 7.5, 0],
							"lerp_mode": "catmullrom"
						},
						"1.7917": {
							"post": [0, 10, 0],
							"lerp_mode": "catmullrom"
						},
						"2.0": {
							"post": [0, -42.5, 0],
							"lerp_mode": "catmullrom"
						},
						"2.125": {
							"post": [0, 20, 0],
							"lerp_mode": "catmullrom"
						},
						"2.3333": {
							"post": [0, -17.5, 0],
							"lerp_mode": "catmullrom"
						},
						"2.6667": {
							"post": [0, 5, 0],
							"lerp_mode": "catmullrom"
						},
						"2.875": [0, 10, 0]
					}
				},
				"big_tail10": {
					"rotation": {
						"0.0833": [0, 0, 0],
						"0.25": {
							"pre": [0, 12.46872, -0.89426],
							"post": [0, 12.46872, -0.89426],
							"lerp_mode": "catmullrom"
						},
						"0.625": {
							"post": [0, -10, 0],
							"lerp_mode": "catmullrom"
						},
						"0.875": {
							"post": [0, -35, 0],
							"lerp_mode": "catmullrom"
						},
						"1.4167": {
							"post": [0, 7.5, 0],
							"lerp_mode": "catmullrom"
						},
						"1.875": {
							"post": [0, 10, 0],
							"lerp_mode": "catmullrom"
						},
						"2.0833": {
							"post": [0, -42.5, 0],
							"lerp_mode": "catmullrom"
						},
						"2.2083": {
							"post": [0, 20, 0],
							"lerp_mode": "catmullrom"
						},
						"2.4167": {
							"post": [0, -17.5, 0],
							"lerp_mode": "catmullrom"
						},
						"2.75": {
							"post": [0, 5, 0],
							"lerp_mode": "catmullrom"
						},
						"2.9583": [0, 10, 0]
					}
				},
				"small_tail7": {
					"rotation": {
						"0.0": [0, 0, 0],
						"0.1667": {
							"pre": [-12.5, 0, 0],
							"post": [-12.5, 0, 0],
							"lerp_mode": "catmullrom"
						},
						"0.5417": {
							"post": [10, 0, 0],
							"lerp_mode": "catmullrom"
						},
						"0.7917": {
							"post": [35, 0, 0],
							"lerp_mode": "catmullrom"
						},
						"1.3333": {
							"post": [-7.5, 0, 0],
							"lerp_mode": "catmullrom"
						},
						"1.7917": {
							"post": [-8.12, 0, 0],
							"lerp_mode": "catmullrom"
						},
						"2.0": {
							"post": [42.5, 0, 0],
							"lerp_mode": "catmullrom"
						},
						"2.125": {
							"post": [-22.5, 0, 0],
							"lerp_mode": "catmullrom"
						},
						"2.3333": {
							"post": [17.5, 0, 0],
							"lerp_mode": "catmullrom"
						},
						"2.6667": {
							"post": [-5, 0, 0],
							"lerp_mode": "catmullrom"
						},
						"2.875": [-10, 0, 0]
					}
				},
				"small_tail8": {
					"rotation": {
						"0.0833": [0, 0, 0],
						"0.25": {
							"pre": [-12.5, 0, 0],
							"post": [-12.5, 0, 0],
							"lerp_mode": "catmullrom"
						},
						"0.625": {
							"post": [10, 0, 0],
							"lerp_mode": "catmullrom"
						},
						"0.875": {
							"post": [35, 0, 0],
							"lerp_mode": "catmullrom"
						},
						"1.4167": {
							"post": [-7.5, 0, 0],
							"lerp_mode": "catmullrom"
						},
						"1.875": {
							"post": [-8.12, 0, 0],
							"lerp_mode": "catmullrom"
						},
						"2.0833": {
							"post": [42.5, 0, 0],
							"lerp_mode": "catmullrom"
						},
						"2.2083": {
							"post": [-22.5, 0, 0],
							"lerp_mode": "catmullrom"
						},
						"2.4167": {
							"post": [17.5, 0, 0],
							"lerp_mode": "catmullrom"
						},
						"2.75": {
							"post": [-5, 0, 0],
							"lerp_mode": "catmullrom"
						},
						"2.9583": [-10, 0, 0]
					}
				},
				"small_tail5": {
					"rotation": {
						"0.0": [0, 0, 0],
						"0.1667": {
							"pre": [-12.5, 0, 0],
							"post": [-12.5, 0, 0],
							"lerp_mode": "catmullrom"
						},
						"0.5417": {
							"post": [10, 0, 0],
							"lerp_mode": "catmullrom"
						},
						"0.7917": {
							"post": [35, 0, 0],
							"lerp_mode": "catmullrom"
						},
						"1.3333": {
							"post": [-7.5, 0, 0],
							"lerp_mode": "catmullrom"
						},
						"1.7917": {
							"post": [-8.12, 0, 0],
							"lerp_mode": "catmullrom"
						},
						"2.0": {
							"post": [42.5, 0, 0],
							"lerp_mode": "catmullrom"
						},
						"2.125": {
							"post": [-22.5, 0, 0],
							"lerp_mode": "catmullrom"
						},
						"2.3333": {
							"post": [17.5, 0, 0],
							"lerp_mode": "catmullrom"
						},
						"2.6667": {
							"post": [-5, 0, 0],
							"lerp_mode": "catmullrom"
						},
						"2.875": [-10, 0, 0]
					}
				},
				"small_tail6": {
					"rotation": {
						"0.0833": [0, 0, 0],
						"0.25": {
							"pre": [-12.5, 0, 0],
							"post": [-12.5, 0, 0],
							"lerp_mode": "catmullrom"
						},
						"0.625": {
							"post": [10, 0, 0],
							"lerp_mode": "catmullrom"
						},
						"0.875": {
							"post": [35, 0, 0],
							"lerp_mode": "catmullrom"
						},
						"1.4167": {
							"post": [-7.5, 0, 0],
							"lerp_mode": "catmullrom"
						},
						"1.875": {
							"post": [-8.12, 0, 0],
							"lerp_mode": "catmullrom"
						},
						"2.0833": {
							"post": [42.5, 0, 0],
							"lerp_mode": "catmullrom"
						},
						"2.2083": {
							"post": [-22.5, 0, 0],
							"lerp_mode": "catmullrom"
						},
						"2.4167": {
							"post": [17.5, 0, 0],
							"lerp_mode": "catmullrom"
						},
						"2.75": {
							"post": [-5, 0, 0],
							"lerp_mode": "catmullrom"
						},
						"2.9583": [-10, 0, 0]
					}
				},
				"big_tail7": {
					"rotation": {
						"0.0": [0, 0, 0],
						"0.1667": {
							"pre": [-12.5, 0, 0],
							"post": [-12.5, 0, 0],
							"lerp_mode": "catmullrom"
						},
						"0.5417": {
							"post": [10, 0, 0],
							"lerp_mode": "catmullrom"
						},
						"0.7917": {
							"post": [35, 0, 0],
							"lerp_mode": "catmullrom"
						},
						"1.3333": {
							"post": [-7.5, 0, 0],
							"lerp_mode": "catmullrom"
						},
						"1.7917": {
							"post": [-8.12, 0, 0],
							"lerp_mode": "catmullrom"
						},
						"2.0": {
							"post": [42.5, 0, 0],
							"lerp_mode": "catmullrom"
						},
						"2.125": {
							"post": [-22.5, 0, 0],
							"lerp_mode": "catmullrom"
						},
						"2.3333": {
							"post": [17.5, 0, 0],
							"lerp_mode": "catmullrom"
						},
						"2.6667": {
							"post": [-5, 0, 0],
							"lerp_mode": "catmullrom"
						},
						"2.875": [-10, 0, 0]
					}
				},
				"big_tail8": {
					"rotation": {
						"0.0833": [0, 0, 0],
						"0.25": {
							"pre": [-12.5, 0, 0],
							"post": [-12.5, 0, 0],
							"lerp_mode": "catmullrom"
						},
						"0.625": {
							"post": [10, 0, 0],
							"lerp_mode": "catmullrom"
						},
						"0.875": {
							"post": [35, 0, 0],
							"lerp_mode": "catmullrom"
						},
						"1.4167": {
							"post": [-7.5, 0, 0],
							"lerp_mode": "catmullrom"
						},
						"1.875": {
							"post": [-8.12, 0, 0],
							"lerp_mode": "catmullrom"
						},
						"2.0833": {
							"post": [42.5, 0, 0],
							"lerp_mode": "catmullrom"
						},
						"2.2083": {
							"post": [-22.5, 0, 0],
							"lerp_mode": "catmullrom"
						},
						"2.4167": {
							"post": [17.5, 0, 0],
							"lerp_mode": "catmullrom"
						},
						"2.75": {
							"post": [-5, 0, 0],
							"lerp_mode": "catmullrom"
						},
						"2.9583": [-10, 0, 0]
					}
				},
				"big_tail5": {
					"rotation": {
						"0.0417": [0, 0, 0],
						"0.2083": {
							"pre": [0, 12.46872, -0.89426],
							"post": [0, 12.46872, -0.89426],
							"lerp_mode": "catmullrom"
						},
						"0.5833": {
							"post": [0, -10, 0],
							"lerp_mode": "catmullrom"
						},
						"0.8333": {
							"post": [0, -35, 0],
							"lerp_mode": "catmullrom"
						},
						"1.375": {
							"post": [0, 7.5, 0],
							"lerp_mode": "catmullrom"
						},
						"1.8333": {
							"post": [0, 10, 0],
							"lerp_mode": "catmullrom"
						},
						"2.0417": {
							"post": [0, -42.5, 0],
							"lerp_mode": "catmullrom"
						},
						"2.1667": {
							"post": [0, 20, 0],
							"lerp_mode": "catmullrom"
						},
						"2.375": {
							"post": [0, -17.5, 0],
							"lerp_mode": "catmullrom"
						},
						"2.7083": {
							"post": [0, 5, 0],
							"lerp_mode": "catmullrom"
						},
						"2.9167": [0, 10, 0]
					}
				},
				"big_tail6": {
					"rotation": {
						"0.125": [0, 0, 0],
						"0.2917": {
							"pre": [0, 12.46872, -0.89426],
							"post": [0, 12.46872, -0.89426],
							"lerp_mode": "catmullrom"
						},
						"0.6667": {
							"post": [0, -10, 0],
							"lerp_mode": "catmullrom"
						},
						"0.9167": {
							"post": [0, -35, 0],
							"lerp_mode": "catmullrom"
						},
						"1.4583": {
							"post": [0, 7.5, 0],
							"lerp_mode": "catmullrom"
						},
						"1.9167": {
							"post": [0, 10, 0],
							"lerp_mode": "catmullrom"
						},
						"2.125": {
							"post": [0, -42.5, 0],
							"lerp_mode": "catmullrom"
						},
						"2.25": {
							"post": [0, 20, 0],
							"lerp_mode": "catmullrom"
						},
						"2.4583": {
							"post": [0, -17.5, 0],
							"lerp_mode": "catmullrom"
						},
						"2.7917": {
							"post": [0, -17.75, 0],
							"lerp_mode": "catmullrom"
						},
						"3.0": [0, -20, 0]
					}
				},
				"big_tail3": {
					"rotation": {
						"0.0417": [0, 0, 0],
						"0.2083": {
							"pre": [0, -12.46872, -0.89426],
							"post": [0, -12.46872, -0.89426],
							"lerp_mode": "catmullrom"
						},
						"0.5833": {
							"post": [0, 10, 0],
							"lerp_mode": "catmullrom"
						},
						"0.8333": {
							"post": [0, 35, 0],
							"lerp_mode": "catmullrom"
						},
						"1.375": {
							"post": [0, -7.5, 0],
							"lerp_mode": "catmullrom"
						},
						"1.8333": {
							"post": [0, -10, 0],
							"lerp_mode": "catmullrom"
						},
						"2.0417": {
							"post": [0, 42.5, 0],
							"lerp_mode": "catmullrom"
						},
						"2.1667": {
							"post": [0, -20, 0],
							"lerp_mode": "catmullrom"
						},
						"2.375": {
							"post": [0, 17.5, 0],
							"lerp_mode": "catmullrom"
						},
						"2.7083": {
							"post": [0, -5, 0],
							"lerp_mode": "catmullrom"
						},
						"2.9167": [0, -10, 0]
					}
				},
				"big_tail4": {
					"rotation": {
						"0.0833": [0, 0, 0],
						"0.25": {
							"pre": [0, -12.46872, -0.89426],
							"post": [0, -12.46872, -0.89426],
							"lerp_mode": "catmullrom"
						},
						"0.625": {
							"post": [0, 10, 0],
							"lerp_mode": "catmullrom"
						},
						"0.875": {
							"post": [0, 35, 0],
							"lerp_mode": "catmullrom"
						},
						"1.4167": {
							"post": [0, -7.5, 0],
							"lerp_mode": "catmullrom"
						},
						"1.875": {
							"post": [0, -10, 0],
							"lerp_mode": "catmullrom"
						},
						"2.0833": {
							"post": [0, 42.5, 0],
							"lerp_mode": "catmullrom"
						},
						"2.2083": {
							"post": [0, -20, 0],
							"lerp_mode": "catmullrom"
						},
						"2.4167": {
							"post": [0, 17.5, 0],
							"lerp_mode": "catmullrom"
						},
						"2.75": {
							"post": [0, 15, 0],
							"lerp_mode": "catmullrom"
						},
						"2.9583": [0, 15, 0]
					}
				},
				"small_tail3": {
					"rotation": {
						"0.0417": [0, 0, 0],
						"0.2083": {
							"pre": [-12.5, 0, 0],
							"post": [-12.5, 0, 0],
							"lerp_mode": "catmullrom"
						},
						"0.5833": {
							"post": [10, 0, 0],
							"lerp_mode": "catmullrom"
						},
						"0.8333": {
							"post": [35, 0, 0],
							"lerp_mode": "catmullrom"
						},
						"1.375": {
							"post": [-7.5, 0, 0],
							"lerp_mode": "catmullrom"
						},
						"1.8333": {
							"post": [-8.12, 0, 0],
							"lerp_mode": "catmullrom"
						},
						"2.0417": {
							"post": [42.5, 0, 0],
							"lerp_mode": "catmullrom"
						},
						"2.1667": {
							"post": [-22.5, 0, 0],
							"lerp_mode": "catmullrom"
						},
						"2.375": {
							"post": [17.5, 0, 0],
							"lerp_mode": "catmullrom"
						},
						"2.7083": {
							"post": [-5, 0, 0],
							"lerp_mode": "catmullrom"
						},
						"2.9167": [-10, 0, 0]
					}
				},
				"small_tail4": {
					"rotation": {
						"0.125": [0, 0, 0],
						"0.2917": {
							"pre": [-12.5, 0, 0],
							"post": [-12.5, 0, 0],
							"lerp_mode": "catmullrom"
						},
						"0.6667": {
							"post": [10, 0, 0],
							"lerp_mode": "catmullrom"
						},
						"0.9167": {
							"post": [35, 0, 0],
							"lerp_mode": "catmullrom"
						},
						"1.4583": {
							"post": [-7.5, 0, 0],
							"lerp_mode": "catmullrom"
						},
						"1.9167": {
							"post": [-8.12, 0, 0],
							"lerp_mode": "catmullrom"
						},
						"2.125": {
							"post": [42.5, 0, 0],
							"lerp_mode": "catmullrom"
						},
						"2.25": {
							"post": [-22.5, 0, 0],
							"lerp_mode": "catmullrom"
						},
						"2.4583": {
							"post": [17.5, 0, 0],
							"lerp_mode": "catmullrom"
						},
						"2.7917": {
							"post": [-5, 0, 0],
							"lerp_mode": "catmullrom"
						},
						"3.0": [-10, 0, 0]
					}
				},
				"small_tail1": {
					"rotation": {
						"0.0417": [0, 0, 0],
						"0.2083": {
							"pre": [-12.5, 0, 0],
							"post": [-12.5, 0, 0],
							"lerp_mode": "catmullrom"
						},
						"0.5833": {
							"post": [10, 0, 0],
							"lerp_mode": "catmullrom"
						},
						"0.8333": {
							"post": [35, 0, 0],
							"lerp_mode": "catmullrom"
						},
						"1.375": {
							"post": [-7.5, 0, 0],
							"lerp_mode": "catmullrom"
						},
						"1.8333": {
							"post": [-8.12, 0, 0],
							"lerp_mode": "catmullrom"
						},
						"2.0417": {
							"post": [42.5, 0, 0],
							"lerp_mode": "catmullrom"
						},
						"2.1667": {
							"post": [-22.5, 0, 0],
							"lerp_mode": "catmullrom"
						},
						"2.375": {
							"post": [17.5, 0, 0],
							"lerp_mode": "catmullrom"
						},
						"2.7083": {
							"post": [-5, 0, 0],
							"lerp_mode": "catmullrom"
						},
						"2.9167": [-10, 0, 0]
					}
				},
				"small_tail2": {
					"rotation": {
						"0.125": [0, 0, 0],
						"0.2917": {
							"pre": [-12.5, 0, 0],
							"post": [-12.5, 0, 0],
							"lerp_mode": "catmullrom"
						},
						"0.6667": {
							"post": [10, 0, 0],
							"lerp_mode": "catmullrom"
						},
						"0.9167": {
							"post": [35, 0, 0],
							"lerp_mode": "catmullrom"
						},
						"1.4583": {
							"post": [-7.5, 0, 0],
							"lerp_mode": "catmullrom"
						},
						"1.9167": {
							"post": [-8.12, 0, 0],
							"lerp_mode": "catmullrom"
						},
						"2.125": {
							"post": [42.5, 0, 0],
							"lerp_mode": "catmullrom"
						},
						"2.25": {
							"post": [-22.5, 0, 0],
							"lerp_mode": "catmullrom"
						},
						"2.4583": {
							"post": [17.5, 0, 0],
							"lerp_mode": "catmullrom"
						},
						"2.7917": {
							"post": [-5, 0, 0],
							"lerp_mode": "catmullrom"
						},
						"3.0": [-10, 0, 0]
					}
				},
				"big_tail1": {
					"rotation": {
						"0.0417": [0, 0, 0],
						"0.2083": {
							"pre": [-12.5, 0, 0],
							"post": [-12.5, 0, 0],
							"lerp_mode": "catmullrom"
						},
						"0.5833": {
							"post": [10, 0, 0],
							"lerp_mode": "catmullrom"
						},
						"0.8333": {
							"post": [35, 0, 0],
							"lerp_mode": "catmullrom"
						},
						"1.375": {
							"post": [-7.5, 0, 0],
							"lerp_mode": "catmullrom"
						},
						"1.8333": {
							"post": [-8.12, 0, 0],
							"lerp_mode": "catmullrom"
						},
						"2.0417": {
							"post": [42.5, 0, 0],
							"lerp_mode": "catmullrom"
						},
						"2.1667": {
							"post": [-22.5, 0, 0],
							"lerp_mode": "catmullrom"
						},
						"2.375": {
							"post": [17.5, 0, 0],
							"lerp_mode": "catmullrom"
						},
						"2.7083": {
							"post": [9.5, 0, 0],
							"lerp_mode": "catmullrom"
						},
						"2.9167": [7.5, 0, 0]
					}
				},
				"big_tail2": {
					"rotation": {
						"0.125": [0, 0, 0],
						"0.2917": {
							"pre": [-12.5, 0, 0],
							"post": [-12.5, 0, 0],
							"lerp_mode": "catmullrom"
						},
						"0.6667": {
							"post": [10, 0, 0],
							"lerp_mode": "catmullrom"
						},
						"0.9167": {
							"post": [35, 0, 0],
							"lerp_mode": "catmullrom"
						},
						"1.4583": {
							"post": [-7.5, 0, 0],
							"lerp_mode": "catmullrom"
						},
						"1.9167": {
							"post": [-8.12, 0, 0],
							"lerp_mode": "catmullrom"
						},
						"2.125": {
							"post": [42.5, 0, 0],
							"lerp_mode": "catmullrom"
						},
						"2.25": {
							"post": [-22.5, 0, 0],
							"lerp_mode": "catmullrom"
						},
						"2.4583": {
							"post": [17.5, 0, 0],
							"lerp_mode": "catmullrom"
						},
						"2.7917": {
							"post": [-5, 0, 0],
							"lerp_mode": "catmullrom"
						},
						"3.0": [-10, 0, 0]
					}
				},
				"big_tail17": {
					"rotation": {
						"0.0417": [0, 0, 0],
						"0.2083": {
							"pre": [-12.5, 0, 0],
							"post": [-12.5, 0, 0],
							"lerp_mode": "catmullrom"
						},
						"0.5833": {
							"post": [10, 0, 0],
							"lerp_mode": "catmullrom"
						},
						"0.8333": {
							"post": [35, 0, 0],
							"lerp_mode": "catmullrom"
						},
						"1.375": {
							"post": [-7.5, 0, 0],
							"lerp_mode": "catmullrom"
						},
						"1.8333": {
							"post": [-8.12, 0, 0],
							"lerp_mode": "catmullrom"
						},
						"2.0417": {
							"post": [42.5, 0, 0],
							"lerp_mode": "catmullrom"
						},
						"2.1667": {
							"post": [-22.5, 0, 0],
							"lerp_mode": "catmullrom"
						},
						"2.375": {
							"post": [17.5, 0, 0],
							"lerp_mode": "catmullrom"
						},
						"2.7083": {
							"post": [-5, 0, 0],
							"lerp_mode": "catmullrom"
						},
						"2.9167": [-10, 0, 0]
					}
				}
			}
		},
		"animation.hooh.blink": {
			"animation_length": 0.16667,
			"bones": {
				"eyelid_right": {
					"position": {
						"0.0": [-1, 0, 0],
						"0.125": [-1, 0, 0],
						"0.1667": [0, 0, 0]
					}
				},
				"eyelid_left": {
					"position": {
						"0.0": [1, 0, 0],
						"0.125": [1, 0, 0],
						"0.1667": [0, 0, 0]
					}
				}
			}
		},
		"animation.hooh.cry": {
			"animation_length": 1.25,
			"bones": {
				"wing_right": {
					"rotation": {
						"0.0": [0, 0, 0],
						"0.125": {
							"pre": [0, 0, 3.5],
							"post": [0, 0, 3.5],
							"lerp_mode": "catmullrom"
						},
						"0.25": {
							"post": [0, 0, -15],
							"lerp_mode": "catmullrom"
						},
						"1.0": {
							"post": [0, 0, -14],
							"lerp_mode": "catmullrom"
						},
						"1.25": [0, 0, 0]
					}
				},
				"wing_left": {
					"rotation": {
						"0.0": [0, 0, 0],
						"0.125": {
							"pre": [0, 0, -3.5],
							"post": [0, 0, -3.5],
							"lerp_mode": "catmullrom"
						},
						"0.25": {
							"post": [0, 0, 15],
							"lerp_mode": "catmullrom"
						},
						"1.0": {
							"post": [0, 0, 14],
							"lerp_mode": "catmullrom"
						},
						"1.25": [0, 0, 0]
					}
				},
				"neck": {
					"rotation": {
						"0.0": [0, 0, 0],
						"0.0833": [12.5, 0, 0],
						"0.2083": {
							"pre": [-7.5, 0, 0],
							"post": [-7.5, 0, 0],
							"lerp_mode": "catmullrom"
						},
						"0.9167": {
							"post": [-10, 0, 0],
							"lerp_mode": "catmullrom"
						},
						"1.1667": {
							"post": [-1.5, 0, 0],
							"lerp_mode": "catmullrom"
						},
						"1.25": [0, 0, 0]
					}
				},
				"neck3": {
					"rotation": {
						"0.0": [0, 0, 0],
						"0.1667": [12.5, 0, 0],
						"0.3333": {
							"pre": [-10, 0, 0],
							"post": [-10, 0, 0],
							"lerp_mode": "catmullrom"
						},
						"0.9167": {
							"post": [-11, 0, 0],
							"lerp_mode": "catmullrom"
						},
						"1.1667": {
							"post": [-0.67, 0, 0],
							"lerp_mode": "catmullrom"
						},
						"1.25": [0, 0, 0]
					}
				},
				"beak_bottom": {
					"rotation": {
						"0.0": [0, 0, 0],
						"0.125": [0, 0, 0],
						"0.3333": {
							"pre": [52.5, 0, 0],
							"post": [52.5, 0, 0],
							"lerp_mode": "catmullrom"
						},
						"0.9583": {
							"post": [52.5, 0, 0],
							"lerp_mode": "catmullrom"
						},
						"1.125": {
							"post": [10, 0, 0],
							"lerp_mode": "catmullrom"
						},
						"1.2083": [0, 0, 0]
					}
				}
			}
		},
		"animation.hooh.tail_overlay": {
			"loop": true,
			"bones": {
				"small_tail17": {
					"rotation": ["0+Math.cos((query.anim_time) * 90 * 1/2) * -5", 0, 0]
				},
				"small_tail18": {
					"rotation": ["0+Math.cos((query.anim_time) * 90 * 1/2 - 90) * -5", 0, 0]
				},
				"small_tail19": {
					"rotation": ["0+Math.cos((query.anim_time) * 90 * 1/2) * -5", 0, 0]
				},
				"small_tail20": {
					"rotation": ["0+Math.cos((query.anim_time) * 90 * 1/2 - 90) * -5", 0, 0]
				},
				"small_tail15": {
					"rotation": ["0+Math.cos((query.anim_time) * 90 * 1/2) * 5", 0, 0]
				},
				"small_tail16": {
					"rotation": ["0+Math.cos((query.anim_time) * 90 * 1/2) * 5", 0, 0]
				},
				"small_tail13": {
					"rotation": ["0+Math.cos((query.anim_time) * 90 * 1/2) * 5", 0, 0]
				},
				"small_tail14": {
					"rotation": ["0+Math.cos((query.anim_time) * 90 * 1/2) * 5", 0, 0]
				},
				"small_tail11": {
					"rotation": ["0+Math.cos((query.anim_time) * 90 * 1/2) * 5", 0, 0]
				},
				"small_tail12": {
					"rotation": ["0+Math.cos((query.anim_time) * 90 * 1/2) * 5", 0, 0]
				},
				"small_tail9": {
					"rotation": ["0+Math.cos((query.anim_time) * 90 * 1/2) * 5", 0, 0]
				},
				"small_tail10": {
					"rotation": ["0+Math.cos((query.anim_time) * 90 * 1/2) * 5", 0, 0]
				},
				"big_tail11": {
					"rotation": ["0+Math.cos((query.anim_time) * 90 * 1/2) * 5", 0, 0]
				},
				"big_tail12": {
					"rotation": ["0+Math.cos((query.anim_time) * 90 * 1/2 - 90) * 5", 0, 0]
				},
				"big_tail9": {
					"rotation": ["0+Math.cos((query.anim_time) * 90 * 1/2) * 5", 0, 0]
				},
				"big_tail10": {
					"rotation": ["0+Math.cos((query.anim_time) * 90 * 1/2 - 90) * 5", 0, 0]
				},
				"small_tail7": {
					"rotation": ["0+Math.cos((query.anim_time) * 90 * 1/2) * 5", 0, 0]
				},
				"small_tail8": {
					"rotation": ["0+Math.cos((query.anim_time) * 90 * 1/2 - 90) * 5", 0, 0]
				},
				"small_tail5": {
					"rotation": ["0+Math.cos((query.anim_time) * 90 * 1/2) * 5", 0, 0]
				},
				"small_tail6": {
					"rotation": ["0+Math.cos((query.anim_time) * 90 * 1/2 - 90) * 5", 0, 0]
				},
				"big_tail7": {
					"rotation": ["0+Math.cos((query.anim_time) * 90 * 1/2) * 5", 0, 0]
				},
				"big_tail8": {
					"rotation": ["0+Math.cos((query.anim_time) * 90 * 1/2 - 90) * 5", 0, 0]
				},
				"big_tail5": {
					"rotation": ["0+Math.cos((query.anim_time) * 90 * 1/2) * -5", 0, 0]
				},
				"big_tail6": {
					"rotation": ["0+Math.cos((query.anim_time) * 90 * 1/2 - 90) * -5", 0, 0]
				},
				"big_tail3": {
					"rotation": ["0+Math.cos((query.anim_time) * 90 * 1/2) * -5", 0, 0]
				},
				"big_tail4": {
					"rotation": ["0+Math.cos((query.anim_time) * 90 * 1/2 - 90) * -5", 0, 0]
				},
				"small_tail3": {
					"rotation": ["0+Math.cos((query.anim_time) * 90 * 1/2) * -5", 0, 0]
				},
				"small_tail4": {
					"rotation": ["0+Math.cos((query.anim_time) * 90 * 1/2 - 90) * -5", 0, 0]
				},
				"small_tail1": {
					"rotation": ["0+Math.cos((query.anim_time) * 90 * 1/2) * -5", 0, 0]
				},
				"small_tail2": {
					"rotation": ["0+Math.cos((query.anim_time) * 90 * 1/2 - 90) * -5", 0, 0]
				},
				"big_tail1": {
					"rotation": ["0+Math.cos((query.anim_time) * 90 * 1/2) * -5", 0, 0]
				},
				"big_tail2": {
					"rotation": ["0+Math.cos((query.anim_time) * 90 * 1/2 - 90) * -5", 0, 0]
				},
				"big_tail13": {
					"rotation": ["0+Math.cos((query.anim_time) * 90 * 1/2) * 5", 0, 0]
				},
				"big_tail14": {
					"rotation": ["0+Math.cos((query.anim_time) * 90 * 1/2) * 5", 0, 0]
				},
				"big_tail15": {
					"rotation": ["0+Math.cos((query.anim_time) * 90 * 1/2) * 5", 0, 0]
				},
				"big_tail16": {
					"rotation": ["0+Math.cos((query.anim_time) * 90 * 1/2) * 5", 0, 0]
				},
				"big_tail17": {
					"rotation": ["0+Math.cos((query.anim_time) * 90 * 1/2) * -5", 0, 0]
				},
				"big_tail18": {
					"rotation": ["0+Math.cos((query.anim_time) * 90 * 1/2 - 90) * -5", 0, 0]
				},
				"big_tail19": {
					"rotation": ["0+Math.cos((query.anim_time) * 90 * 1/2) * -5", 0, 0]
				},
				"big_tail20": {
					"rotation": ["0+Math.cos((query.anim_time) * 90 * 1/2 - 90) * -5", 0, 0]
				}
			}
		},
		"animation.hooh.pose": {
			"loop": true,
			"bones": {
				"body": {
					"rotation": [17.5, 0, 0]
				},
				"torso": {
					"rotation": [-2.5, 0, 0]
				},
				"wing_right": {
					"rotation": [7.09999, 21.40584, 18.84359]
				},
				"wing_right2": {
					"rotation": [0, 45, 0]
				},
				"wing_right3": {
					"rotation": [0, 22.5, 0]
				},
				"wing_left": {
					"rotation": [5, -22.5, -15]
				},
				"wing_left2": {
					"rotation": [0, -45, 0]
				},
				"wing_left3": {
					"rotation": [0, -22.5, 0]
				},
				"wing_left4": {
					"rotation": [0, -22.5, 0]
				},
				"neck": {
					"rotation": [40, 0, 0]
				},
				"neck2": {
					"rotation": [25, 0, 0]
				},
				"neck3": {
					"rotation": [-2.5, 0, 0]
				},
				"head": {
					"rotation": [-47.5, 0, 0]
				},
				"beak_top": {
					"rotation": [-15, 0, 0]
				},
				"beak_bottom": {
					"rotation": [47.5, 0, 0]
				},
				"leg_right": {
					"rotation": [-76.21227, 18.42031, 7.92945]
				},
				"leg_right2": {
					"rotation": [-26.69458, 6.86379, 13.36965]
				},
				"leg_right3": {
					"rotation": [-20, 0, 0]
				},
				"foot_right_back": {
					"rotation": [12.5, 0, 0]
				},
				"foot_right_front": {
					"rotation": [37.5, 0, 0]
				},
				"tail": {
					"rotation": [-30, 0, 0]
				},
				"big_tail11": {
					"rotation": [12.5, 0, 0]
				},
				"big_tail9": {
					"rotation": [10, 0, 0]
				},
				"small_tail7": {
					"rotation": [5, 0, 0]
				},
				"small_tail5": {
					"rotation": [7.5, 0, 0]
				},
				"big_tail7": {
					"rotation": [12.5, 0, 0]
				},
				"big_tail5": {
					"rotation": [-7.5, 0, 0]
				},
				"big_tail3": {
					"rotation": [-7.5, 0, 0]
				},
				"big_tail1": {
					"rotation": [-7.5, 0, 0]
				},
				"big_tail13": {
					"rotation": [0, -10, 0]
				},
				"big_tail15": {
					"rotation": [0, 12.5, 0]
				},
				"big_tail17": {
					"rotation": [-2.5, 0, 0]
				},
				"big_tail19": {
					"rotation": [-5, 0, 0]
				},
				"leg_left": {
					"rotation": [-73.82717, -18.74724, -7.09597]
				},
				"leg_left2": {
					"rotation": [-22.43691, -3.65262, -3.73291]
				},
				"leg_left3": {
					"rotation": [-32.5, 0, 0]
				},
				"foot_left_back": {
					"rotation": [22.5, 0, 0]
				},
				"foot_left_front": {
					"rotation": [25, 0, 0]
				}
			}
		}
	}
}