{
	"format_version": "1.8.0",
	"animations": {
		"animation.manaphy.pose": {
			"loop": true,
			"bones": {
				"head": {
					"rotation": [-0.88045, -9.96156, 5.07673]
				},
				"arm_right": {
					"rotation": [0, 0, -17.5]
				},
				"arm_right2": {
					"rotation": [0, 0, 10]
				},
				"arm_left": {
					"rotation": [0, 0, 17.5]
				},
				"arm_left2": {
					"rotation": [0, 0, -10]
				},
				"ear_left": {
					"rotation": [-49.70513, 18.88952, 16.68541]
				},
				"ear_left2": {
					"rotation": [-22.5, 0, -2.5]
				},
				"ear_left3": {
					"rotation": [-25, 0, 0]
				},
				"ear_left4": {
					"rotation": [-10, 0, 0]
				},
				"ear_right": {
					"rotation": [-46.5451, 10.86111, 10.4178]
				},
				"ear_right2": {
					"rotation": [-24.98072, 0.95645, 2.30991]
				},
				"ear_right3": {
					"rotation": [-25, 0, 0]
				},
				"ear_right4": {
					"rotation": [-10, 0, 0]
				},
				"foot_right": {
					"rotation": [0, 0, 15]
				},
				"foot_left": {
					"rotation": [0, 0, -15]
				},
				"arm_left3": {
					"rotation": [0, 0, -10]
				},
				"arm_right3": {
					"rotation": [0, 0, 10]
				}
			}
		},
		"animation.manaphy.blink": {
			"animation_length": 0.16667,
			"bones": {
				"pupil_right": {
					"position": {
						"0.125": [0, 0, 0.1],
						"0.1667": [0, 0, 0]
					}
				},
				"pupil_left": {
					"position": {
						"0.125": [0, 0, 0.1],
						"0.1667": [0, 0, 0]
					}
				},
				"eyelid_right": {
					"position": {
						"0.125": [0, 0, -0.1],
						"0.1667": [0, 0, 0]
					}
				},
				"eyelid_left": {
					"position": {
						"0.125": [0, 0, -0.1],
						"0.1667": [0, 0, 0]
					}
				}
			}
		},
		"animation.manaphy.ground_idle": {
			"loop": true,
			"bones": {
				"head": {
					"rotation": [0, 0, 0]
				},
				"arm_right": {
					"rotation": [0, 0, "-17.5-5*math.sin(q.anim_time*90*2-50)*1"]
				},
				"arm_right2": {
					"rotation": [0, 0, "10-5*math.sin(q.anim_time*90*2-50)*1"]
				},
				"arm_left": {
					"rotation": [0, 0, "17.5+5*math.sin(q.anim_time*90*2-50)*1"]
				},
				"arm_left2": {
					"rotation": [0, 0, "-10+5*math.sin(q.anim_time*90*2-50)*1"]
				},
				"ear_left": {
					"rotation": ["-49.7051-0.5*math.sin(q.anim_time*90*4-30)*1", "18.8895-2*math.sin(q.anim_time*90*2-30)*1", 16.68541]
				},
				"ear_left2": {
					"rotation": ["-22.5-1*math.sin(q.anim_time*90*4-80)*1", 0, -2.5]
				},
				"ear_left3": {
					"rotation": ["-25-0.25*math.sin(q.anim_time*90*4-100)*1", 0, 0]
				},
				"ear_left4": {
					"rotation": ["-10-0.25*math.sin(q.anim_time*90*4-120)*1", 0, 0]
				},
				"ear_right": {
					"rotation": ["-46.5451-0.5*math.sin(q.anim_time*90*4-30)*1", "10.8611-2*math.sin(q.anim_time*90*2-30)*1", 10.4178]
				},
				"ear_right2": {
					"rotation": ["-24.9807-1*math.sin(q.anim_time*90*4-80)*1", 0.95645, 2.30991]
				},
				"ear_right3": {
					"rotation": ["-25-0.25*math.sin(q.anim_time*90*4-100)*1", 0, 0]
				},
				"ear_right4": {
					"rotation": ["-10-0.25*math.sin(q.anim_time*90*4-120)*1", 0, 0]
				},
				"foot_right": {
					"rotation": [0, 0, 15]
				},
				"foot_left": {
					"rotation": [0, 0, -15]
				},
				"arm_left3": {
					"rotation": [0, 0, "-10+5*math.sin(q.anim_time*90*2-50)*1"]
				},
				"arm_right3": {
					"rotation": [0, 0, "10-5*math.sin(q.anim_time*90*2-50)*1"]
				},
				"body": {
					"rotation": ["0-0.75*math.cos(q.anim_time*90*4-20)*1", "0-1*math.sin(q.anim_time*90*2-30)*1", "2*math.sin(q.anim_time*90*2-50)*1"],
					"position": [0, "0+0.1*math.cos(q.anim_time*90*4-60)*1", 0]
				}
			}
		}
	}
}