{
	"format_version": "1.8.0",
	"animations": {
		"animation.muk_alolan.ground_idle": {
			"loop": true,
			"bones": {
				"torso": {
					"position": [0, "math.sin(q.anim_time*90*3+45)*0.15", 0]
				},
				"torso2": {
					"rotation": ["math.sin(q.anim_time*90*3+45)*1", 0, 0],
					"position": [0, "math.sin(q.anim_time*90*3)*0.25", 0]
				},
				"head": {
					"rotation": ["math.sin(q.anim_time*90*3-90)*-2", 0, 0]
				},
				"jaw": {
					"rotation": ["math.sin(q.anim_time*90*3-90)*8", 0, 0]
				},
				"arm_right": {
					"rotation": [8.37605, -1.7867, "1.5429-math.sin(q.anim_time*90*3)*4"]
				},
				"arm_right2": {
					"rotation": [30.26024, "9.8033-math.sin(q.anim_time*90*3-90)*5", 1.04988]
				},
				"arm_right3": {
					"rotation": [22.5, 0, 0]
				},
				"hand_right": {
					"rotation": [0, -22.5, 0]
				},
				"finger_right_index": {
					"rotation": [0, -22.5, -22.5]
				},
				"finger_right_ring": {
					"rotation": [0, 22.5, -22.5]
				},
				"arm_left": {
					"rotation": [16.32498, 15.69984, "47.2658+math.sin(q.anim_time*90*3)*4"]
				},
				"arm_left2": {
					"rotation": [45, "-45+math.sin(q.anim_time*90*3-90)*5", 0]
				},
				"arm_left3": {
					"rotation": [24.14867, 20.70481, 9.00717]
				},
				"hand_left": {
					"rotation": [24.14867, -20.70481, -9.00717]
				},
				"finger_left_index": {
					"rotation": [0, 22.5, 22.5]
				},
				"finger_left_ring": {
					"rotation": [0, -22.5, 22.5]
				}
			}
		},
		"animation.muk_alolan.ground_walk": {
			"loop": true,
			"bones": {
				"torso": {
					"position": [0, "math.sin(q.anim_time*90*3+45)*0.15", "math.sin(q.anim_time*90*3)*0.5"]
				},
				"torso2": {
					"rotation": ["math.sin(q.anim_time*90*3+45)*1", 0, 0],
					"position": [0, "math.sin(q.anim_time*90*3)*0.25", "math.sin(q.anim_time*90*3-90)*0.5"]
				},
				"head": {
					"rotation": ["math.sin(q.anim_time*90*3-90)*-2", 0, 0]
				},
				"jaw": {
					"rotation": ["math.sin(q.anim_time*90*3-90)*8", 0, 0]
				},
				"arm_right": {
					"rotation": [9.0072, -20.7048, "-24.1487-math.sin(q.anim_time*90*3)*4"]
				},
				"arm_right2": {
					"rotation": [30.26021, "9.8033-math.sin(q.anim_time*90*3-90)*5", 1.04987]
				},
				"arm_right3": {
					"rotation": [22.5, 0, 0]
				},
				"hand_right": {
					"rotation": [0, 22.5, 0]
				},
				"finger_right_index": {
					"rotation": [0, -22.5, -22.5]
				},
				"finger_right_ring": {
					"rotation": [0, 22.5, -22.5]
				},
				"arm_left": {
					"rotation": [9.20912, -23.78348, "17.2002+math.sin(q.anim_time*90*3)*4"]
				},
				"arm_left2": {
					"rotation": [54.13263, "16.4439+math.sin(q.anim_time*90*3-90)*5", -0.56188]
				},
				"arm_left3": {
					"rotation": [22.5, 0, 0]
				},
				"hand_left": {
					"rotation": [17.5, 7.5, 0]
				},
				"finger_left_index": {
					"rotation": [0, 22.5, 22.5]
				},
				"finger_left_ring": {
					"rotation": [0, -22.5, 22.5]
				}
			}
		},
		"animation.muk_alolan.blink": {
			"animation_length": 0.1667,
			"bones": {
				"eyelid_right": {
					"position": {
						"0.0": [-0.1, 0, -0.1],
						"0.125": [-0.1, 0, -0.1],
						"0.1667": [0, 0, 0]
					}
				},
				"eyelid_left": {
					"position": {
						"0.0": [0.1, 0, -0.1],
						"0.125": [0.1, 0, -0.1],
						"0.1667": [0, 0, 0]
					}
				}
			}
		}
	}
}