{
	"format_version": "1.8.0",
	"animations": {
		"animation.spectrier.pose": {
			"loop": true,
			"bones": {
				"neck": {
					"rotation": [20, 0, 0]
				},
				"leg_front_left": {
					"rotation": [-12.5, 0, 0]
				},
				"leg_front_left2": {
					"rotation": [25, 0, 0]
				},
				"foot_front_left": {
					"rotation": [5, 0, 0]
				},
				"tail": {
					"rotation": [17.5, 0, 0]
				},
				"tail2": {
					"rotation": [27.5, 0, 0]
				},
				"torso": {
					"rotation": [5, 0, 0]
				},
				"head": {
					"rotation": [-27.5, 0, 0]
				},
				"head_spike_left": {
					"rotation": [0, 7.5, 0]
				},
				"head_spike_right": {
					"rotation": [0, -7.5, 0]
				},
				"jaw": {
					"rotation": [27.5, 0, 0]
				},
				"body": {
					"rotation": [-30, 0, 0]
				},
				"leg_back_right": {
					"rotation": [0, 0, 0]
				},
				"leg_front_right": {
					"rotation": [-52.5, 0, 0]
				},
				"leg_front_right2": {
					"rotation": [67.5, 0, 0]
				},
				"foot_front_right": {
					"rotation": [10, 0, 0]
				}
			}
		},
		"animation.spectrier.ground_idle": {
			"loop": true,
			"bones": {
				"body": {
					"rotation": ["math.sin(q.anim_time*90*1)*1", 0, 0],
					"position": [0, "math.sin(q.anim_time*90*1-90)*0.1", 0]
				},
				"tail": {
					"rotation": ["0+math.sin(q.anim_time*90*1-30)*-1", 0, 0]
				},
				"tail2": {
					"rotation": ["0+math.sin(q.anim_time*90*1-50)*-1", 0, 0]
				},
				"tail3": {
					"rotation": ["0+math.sin(q.anim_time*90*1-70)*-2", 0, 0]
				},
				"tail4": {
					"rotation": ["0+math.sin(q.anim_time*90*1-120)*-4", 0, 0]
				},
				"hair_front_left1": {
					"rotation": ["5+math.sin(q.anim_time*90*4-60)*2", 0, 0]
				},
				"hair_front_right1": {
					"rotation": ["5+math.sin(q.anim_time*90*4-60)*2", 0, 0]
				},
				"hair_middle_left1": {
					"rotation": ["10+math.sin(q.anim_time*90*3-60)*2", 0, 0]
				},
				"hair_middle_right1": {
					"rotation": ["10+math.sin(q.anim_time*90*3-60)*2", 0, 0]
				},
				"hair_back_left1": {
					"rotation": ["15+math.sin(q.anim_time*90*4-60)*1", 0, 0]
				},
				"hair_back_left2": {
					"rotation": [0, 0, 0]
				},
				"hair_back_right1": {
					"rotation": ["15+math.sin(q.anim_time*90*4-60)*1", 0, 0]
				},
				"hair_back_right2": {
					"rotation": [0, 0, 0]
				}
			}
		},
		"animation.spectrier.ground_walk": {
			"loop": true,
			"animation_length": 2,
			"bones": {
				"body": {
					"rotation": ["math.sin(q.anim_time*90*4)*2", 0, "math.sin(q.anim_time*90*2-30)*-2"],
					"position": {
						"0.0": [0, 0, 0],
						"0.0417": [0, -0.25, 0],
						"0.125": [0, 0.25, 0],
						"0.25": [0, 0, 0],
						"0.4167": [0, 0, 0],
						"0.4583": [0, -0.25, 0],
						"0.5417": [0, 0.25, 0],
						"0.6667": [0, 0, 0],
						"0.9583": [0, 0, 0],
						"1.0": [0, -0.25, 0],
						"1.0833": [0, 0.25, 0],
						"1.2083": [0, 0, 0],
						"1.5833": [0, 0, 0],
						"1.625": [0, -0.25, 0],
						"1.7083": [0, 0.25, 0],
						"1.8333": [0, 0, 0]
					}
				},
				"torso": {
					"position": {
						"0.0": [0, -0.5, 0],
						"0.0417": [0, -0.5, 0],
						"0.125": [0, -0.25, 0],
						"0.25": [0, -0.5, 0],
						"0.4167": [0, -0.5, 0],
						"0.4583": [0, -0.5, 0],
						"0.5417": [0, -0.25, 0],
						"0.6667": [0, -0.5, 0],
						"0.9583": [0, -0.5, 0],
						"1.0": [0, -0.5, 0],
						"1.0833": [0, -0.25, 0],
						"1.2083": [0, -0.5, 0],
						"1.5833": [0, -0.5, 0],
						"1.625": [0, -0.5, 0],
						"1.7083": [0, -0.25, 0],
						"1.8333": [0, -0.5, 0]
					}
				},
				"leg_front_right": {
					"rotation": {
						"0.0": {
							"post": [-16.18, 0, 0],
							"lerp_mode": "catmullrom"
						},
						"0.6667": {
							"post": [20.43, 0, 0],
							"lerp_mode": "catmullrom"
						},
						"1.0417": {
							"post": [7.5, 0, 0],
							"lerp_mode": "catmullrom"
						},
						"1.5833": {
							"post": [-37.5, 0, 0],
							"lerp_mode": "catmullrom"
						},
						"1.8333": {
							"post": [-24, 0, 0],
							"lerp_mode": "catmullrom"
						},
						"2.0": {
							"post": [-16.18, 0, 0],
							"lerp_mode": "catmullrom"
						}
					},
					"position": {
						"0.0": {
							"post": [-0.5, -1.86, -0.42],
							"lerp_mode": "catmullrom"
						},
						"0.1667": {
							"post": [-0.5, -1.49, -0.34],
							"lerp_mode": "catmullrom"
						},
						"0.2917": {
							"post": [-0.5, -0.52, -0.17],
							"lerp_mode": "catmullrom"
						},
						"0.5": {
							"post": [-0.5, -0.33, 0.2],
							"lerp_mode": "catmullrom"
						},
						"0.6667": {
							"post": [-0.5, -0.9, 0.35],
							"lerp_mode": "catmullrom"
						},
						"1.0417": {
							"post": [-0.5, -0.25, 0.5],
							"lerp_mode": "catmullrom"
						},
						"1.5833": {
							"post": [-0.5, 0, -0.5],
							"lerp_mode": "catmullrom"
						},
						"1.8333": {
							"post": [-0.5, -2.25, -0.5],
							"lerp_mode": "catmullrom"
						},
						"1.875": {
							"post": [-0.5, -2.05, -0.46],
							"lerp_mode": "catmullrom"
						},
						"2.0": {
							"post": [-0.5, -1.86, -0.42],
							"lerp_mode": "catmullrom"
						}
					}
				},
				"leg_front_right2": {
					"rotation": {
						"0.0": {
							"post": [2.94, 0, 0],
							"lerp_mode": "catmullrom"
						},
						"0.5": {
							"post": [0.04, 0, 0],
							"lerp_mode": "catmullrom"
						},
						"1.0417": {
							"post": [25, 0, 0],
							"lerp_mode": "catmullrom"
						},
						"1.5833": {
							"post": [42.5, 0, 0],
							"lerp_mode": "catmullrom"
						},
						"1.8333": {
							"post": [7.5, 0, 0],
							"lerp_mode": "catmullrom"
						},
						"2.0": {
							"post": [2.94, 0, 0],
							"lerp_mode": "catmullrom"
						}
					}
				},
				"leg_front_left": {
					"rotation": {
						"0.0": {
							"post": [7.5, 0, 0],
							"lerp_mode": "catmullrom"
						},
						"0.5417": {
							"post": [-37.5, 0, 0],
							"lerp_mode": "catmullrom"
						},
						"0.7917": {
							"post": [-24, 0, 0],
							"lerp_mode": "catmullrom"
						},
						"1.625": {
							"post": [20.43, 0, 0],
							"lerp_mode": "catmullrom"
						},
						"2.0": {
							"post": [7.5, 0, 0],
							"lerp_mode": "catmullrom"
						}
					},
					"position": {
						"0.0": {
							"post": [0.5, -0.25, 0.5],
							"lerp_mode": "catmullrom"
						},
						"0.5417": {
							"post": [0.5, 0, -0.5],
							"lerp_mode": "catmullrom"
						},
						"0.7917": {
							"post": [0.5, -2.25, -0.5],
							"lerp_mode": "catmullrom"
						},
						"0.8333": {
							"post": [0.5, -2.05, -0.46],
							"lerp_mode": "catmullrom"
						},
						"1.125": {
							"post": [0.5, -1.49, -0.34],
							"lerp_mode": "catmullrom"
						},
						"1.25": {
							"post": [0.5, -0.52, -0.17],
							"lerp_mode": "catmullrom"
						},
						"1.4583": {
							"post": [0.5, -0.33, 0.2],
							"lerp_mode": "catmullrom"
						},
						"1.625": {
							"post": [0.5, -0.9, 0.35],
							"lerp_mode": "catmullrom"
						},
						"2.0": {
							"post": [0.5, -0.25, 0.5],
							"lerp_mode": "catmullrom"
						}
					}
				},
				"leg_front_left2": {
					"rotation": {
						"0.0": {
							"post": [25, 0, 0],
							"lerp_mode": "catmullrom"
						},
						"0.5417": {
							"post": [42.5, 0, 0],
							"lerp_mode": "catmullrom"
						},
						"0.7917": {
							"post": [7.5, 0, 0],
							"lerp_mode": "catmullrom"
						},
						"1.4583": {
							"post": [0.04, 0, 0],
							"lerp_mode": "catmullrom"
						},
						"2.0": {
							"post": [25, 0, 0],
							"lerp_mode": "catmullrom"
						}
					}
				},
				"leg_back_right": {
					"rotation": {
						"0.0": [-4.12, 0, 0],
						"0.2917": [11.67, 0, 0],
						"0.5833": {
							"pre": [15.29, 0, 0],
							"post": [15.29, 0, 0],
							"lerp_mode": "catmullrom"
						},
						"1.0833": {
							"post": [-28, 0, 0],
							"lerp_mode": "catmullrom"
						},
						"1.4583": [-34.31, 0, 0],
						"1.9167": [-8.63, 0, 0],
						"2.0": [-4.12, 0, 0]
					},
					"position": {
						"0.0": [0, -1.17, 0.53],
						"0.1667": {
							"pre": [0, -0.61, 0.5],
							"post": [0, -0.61, 0.5],
							"lerp_mode": "catmullrom"
						},
						"0.4583": {
							"post": [0, -0.53, 1.08],
							"lerp_mode": "catmullrom"
						},
						"0.8333": {
							"post": [0, -0.5, 0.5],
							"lerp_mode": "catmullrom"
						},
						"1.0833": {
							"post": [0, -0.25, -0.25],
							"lerp_mode": "catmullrom"
						},
						"1.4167": {
							"post": [0, -1.29, -0.75],
							"lerp_mode": "catmullrom"
						},
						"1.5417": {
							"post": [0, -2.09, -1.68],
							"lerp_mode": "catmullrom"
						},
						"1.7083": {
							"post": [0, -1.22, -0.25],
							"lerp_mode": "catmullrom"
						},
						"1.9167": {
							"post": [0, -1.38, 0.5],
							"lerp_mode": "catmullrom"
						},
						"2.0": [0, -1.17, 0.53]
					}
				},
				"leg_back_right2": {
					"rotation": {
						"0.0": [3.16, 0, 0],
						"0.4167": {
							"pre": [-2.02, 0, 0],
							"post": [-2.02, 0, 0],
							"lerp_mode": "catmullrom"
						},
						"0.8333": {
							"post": [0, 0, 0],
							"lerp_mode": "catmullrom"
						},
						"1.0833": {
							"post": [10, 0, 0],
							"lerp_mode": "catmullrom"
						},
						"1.2917": {
							"post": [2.3, 0, 0],
							"lerp_mode": "catmullrom"
						},
						"1.4583": {
							"post": [8.88, 0, 0],
							"lerp_mode": "catmullrom"
						},
						"1.9167": {
							"post": [4.2, 0, 0],
							"lerp_mode": "catmullrom"
						},
						"2.0": [3.16, 0, 0]
					},
					"position": {
						"0.0": [0, 1.22, 0],
						"0.1667": [0, 0.47, 0],
						"0.2083": [0, 0.2, 0],
						"0.5833": {
							"pre": [0, 1.68, 0],
							"post": [0, 1.68, 0],
							"lerp_mode": "catmullrom"
						},
						"0.8333": {
							"post": [0, 2, 0],
							"lerp_mode": "catmullrom"
						},
						"1.0833": {
							"post": [0, 1.75, 0],
							"lerp_mode": "catmullrom"
						},
						"1.4167": {
							"post": [0, 0.38, 0],
							"lerp_mode": "catmullrom"
						},
						"1.9167": {
							"post": [0, 1.41, 0],
							"lerp_mode": "catmullrom"
						},
						"2.0": [0, 1.22, 0]
					}
				},
				"leg_back_right3": {
					"rotation": {
						"0.0": [0.05, 0, 0],
						"0.1667": {
							"pre": [-4.4, 0, 0],
							"post": [-4.4, 0, 0],
							"lerp_mode": "catmullrom"
						},
						"0.5833": {
							"post": [12.68, 0, 0],
							"lerp_mode": "catmullrom"
						},
						"0.8333": {
							"post": [15, 0, 0],
							"lerp_mode": "catmullrom"
						},
						"1.0833": {
							"post": [12.5, 0, 0],
							"lerp_mode": "catmullrom"
						},
						"1.2917": {
							"post": [7.16, 0, 0],
							"lerp_mode": "catmullrom"
						},
						"1.4167": {
							"post": [17.9, 0, 0],
							"lerp_mode": "catmullrom"
						},
						"1.7917": [8.53, 0, 0],
						"1.9167": [3.37, 0, 0],
						"2.0": [0.05, 0, 0]
					}
				},
				"leg_back_left": {
					"rotation": {
						"0.0": {
							"post": [-28, 0, 0],
							"lerp_mode": "catmullrom"
						},
						"0.3333": {
							"post": [-34.31, 0, 0],
							"lerp_mode": "catmullrom"
						},
						"0.8333": [-8.63, 0, 0],
						"1.2083": {
							"pre": [11.67, 0, 0],
							"post": [11.67, 0, 0],
							"lerp_mode": "catmullrom"
						},
						"1.5": {
							"post": [15.29, 0, 0],
							"lerp_mode": "catmullrom"
						},
						"1.75": [-5, 0, 0],
						"2.0": [-28, 0, 0]
					},
					"position": {
						"0.0": {
							"post": [0, -0.25, -0.25],
							"lerp_mode": "catmullrom"
						},
						"0.2917": {
							"post": [0, -1.29, -0.75],
							"lerp_mode": "catmullrom"
						},
						"0.4167": {
							"post": [0, -2.09, -1.68],
							"lerp_mode": "catmullrom"
						},
						"0.625": {
							"post": [0, -1.22, -0.25],
							"lerp_mode": "catmullrom"
						},
						"0.8333": {
							"post": [0, -1.38, 0.5],
							"lerp_mode": "catmullrom"
						},
						"1.0833": {
							"post": [0, -0.61, 0.5],
							"lerp_mode": "catmullrom"
						},
						"1.375": {
							"post": [0, -0.53, 1.08],
							"lerp_mode": "catmullrom"
						},
						"1.75": {
							"post": [0, -0.5, 0.5],
							"lerp_mode": "catmullrom"
						},
						"2.0": {
							"post": [0, -0.25, -0.25],
							"lerp_mode": "catmullrom"
						}
					}
				},
				"leg_back_left2": {
					"rotation": {
						"0.0": {
							"post": [10, 0, 0],
							"lerp_mode": "catmullrom"
						},
						"0.2083": {
							"post": [2.3, 0, 0],
							"lerp_mode": "catmullrom"
						},
						"0.375": {
							"post": [8.88, 0, 0],
							"lerp_mode": "catmullrom"
						},
						"0.8333": {
							"post": [4.2, 0, 0],
							"lerp_mode": "catmullrom"
						},
						"1.3333": {
							"post": [-2.02, 0, 0],
							"lerp_mode": "catmullrom"
						},
						"1.75": {
							"post": [0, 0, 0],
							"lerp_mode": "catmullrom"
						},
						"2.0": {
							"post": [10, 0, 0],
							"lerp_mode": "catmullrom"
						}
					},
					"position": {
						"0.0": {
							"post": [0, 1.75, 0],
							"lerp_mode": "catmullrom"
						},
						"0.3333": {
							"post": [0, 0.38, 0],
							"lerp_mode": "catmullrom"
						},
						"0.8333": {
							"post": [0, 1.41, 0],
							"lerp_mode": "catmullrom"
						},
						"1.0833": [0, 0.47, 0],
						"1.125": [0, 0.2, 0],
						"1.5": {
							"pre": [0, 1.78, 0],
							"post": [0, 1.78, 0],
							"lerp_mode": "catmullrom"
						},
						"1.75": {
							"post": [0, 2, 0],
							"lerp_mode": "catmullrom"
						},
						"2.0": {
							"post": [0, 1.75, 0],
							"lerp_mode": "catmullrom"
						}
					}
				},
				"leg_back_left3": {
					"rotation": {
						"0.0": {
							"post": [12.5, 0, 0],
							"lerp_mode": "catmullrom"
						},
						"0.2083": {
							"post": [7.16, 0, 0],
							"lerp_mode": "catmullrom"
						},
						"0.3333": {
							"post": [17.9, 0, 0],
							"lerp_mode": "catmullrom"
						},
						"0.7083": {
							"post": [8.53, 0, 0],
							"lerp_mode": "catmullrom"
						},
						"0.8333": {
							"post": [3.37, 0, 0],
							"lerp_mode": "catmullrom"
						},
						"1.0833": {
							"post": [-4.4, 0, 0],
							"lerp_mode": "catmullrom"
						},
						"1.5": {
							"post": [12.68, 0, 0],
							"lerp_mode": "catmullrom"
						},
						"1.75": {
							"post": [15, 0, 0],
							"lerp_mode": "catmullrom"
						},
						"2.0": {
							"post": [12.5, 0, 0],
							"lerp_mode": "catmullrom"
						}
					}
				},
				"hair_front_left1": {
					"rotation": ["5+math.sin(q.anim_time*90*4-60)*2", 0, 0]
				},
				"hair_front_right1": {
					"rotation": ["5+math.sin(q.anim_time*90*4-60)*2", 0, 0]
				},
				"hair_middle_left1": {
					"rotation": ["10+math.sin(q.anim_time*90*3-60)*2", 0, 0]
				},
				"hair_middle_right1": {
					"rotation": ["10+math.sin(q.anim_time*90*3-60)*2", 0, 0]
				},
				"hair_back_left1": {
					"rotation": ["15+math.sin(q.anim_time*90*4-60)*1", 0, 0]
				},
				"hair_back_right1": {
					"rotation": ["15+math.sin(q.anim_time*90*4-60)*1", 0, 0]
				}
			}
		}
	}
}