{
	"format_version": "1.8.0",
	"animations": {
		"animation.tapukoko.ground_idle": {
			"loop": true,
			"bones": {
				"right_arm": {
					"rotation": [0, 0, -45]
				},
				"right_arm2": {
					"rotation": [9.00717, -20.70481, -24.14867]
				},
				"right_hand": {
					"rotation": [57.36506, 24.8242, 11.05743]
				},
				"left_arm": {
					"rotation": [0, 0, 45]
				},
				"left_arm2": {
					"rotation": [9.00717, 20.70481, 24.14867]
				},
				"left_hand": {
					"rotation": [57.36506, -24.8242, -11.0574]
				},
				"arm_accessory_right": {
					"rotation": [0, 0, 35]
				},
				"arm_accessory_left": {
					"rotation": [0, 0, -35]
				}
			}
		},
		"animation.tapukoko.shell": {
			"loop": true,
			"bones": {
				"right_arm": {
					"rotation": [2.5, -22.5, -95],
					"position": [0, -2, 0]
				},
				"right_arm2": {
					"rotation": [0, -45, -22.5]
				},
				"right_hand": {
					"rotation": [111.01151, 65.59033, 11.18916]
				},
				"left_arm": {
					"rotation": [2.5, 22.5, 95],
					"position": [0, -2, 0]
				},
				"left_arm2": {
					"rotation": [0, 45, 22.5]
				},
				"left_hand": {
					"rotation": [111.01151, -65.59033, -11.18916]
				}
			}
		}
	}
}