{
	"format_version": "1.8.0",
	"animations": {
		"animation.tinglu.ground_idle": {
			"loop": true,
			"bones": {
				"body": {
					"position": [0, 0, 0]
				},
				"torso": {
					"rotation": ["5-1*math.clamp(math.sin(q.anim_time*120*3/2)*1+1,0,1)+1*math.clamp(-math.sin(q.anim_time*120*3/2)*1+1,0,1)", 0, 0]
				},
				"neck": {
					"rotation": ["5-1*math.clamp(math.sin(q.anim_time*90*3/2)*1+1,0,1)+1*math.clamp(-math.sin(q.anim_time*90*3/2)*1+1,0,1)", 0, 0]
				},
				"head": {
					"rotation": [
						"5-2*math.clamp(math.sin(q.anim_time*90*3/2)*1+1,0,1)+2*math.clamp(-math.sin(q.anim_time*90*3/2)*1+1,0,1)",
						"math.sin(query.anim_time *100) * -2",
						0
					]
				},
				"pot": {
					"rotation": [
						"5-1*math.clamp(math.sin(q.anim_time*90*3/2)*1+1,0,1)+1*math.clamp(-math.sin(q.anim_time*90*3/2)*1+1,0,1)",
						"math.sin(query.anim_time *100) * 2",
						0
					]
				},
				"leg_front_right": {
					"rotation": [-10, 0, 0]
				},
				"hoof_front_right": {
					"rotation": [10, 0, 0]
				},
				"leg_back_right": {
					"rotation": [10, 0, 0]
				},
				"hoof_back_right": {
					"rotation": [-10, 0, 0]
				},
				"back": {
					"rotation": ["-5-1*math.clamp(math.sin(q.anim_time*120*3/2)*1+1,0,1)+1*math.clamp(-math.sin(q.anim_time*120*3/2)*1+1,0,1)", 0, 0]
				},
				"tail": {
					"rotation": ["-5-2*math.clamp(math.sin(q.anim_time*130*3/2)*1+1,0,1)+2*math.clamp(-math.sin(q.anim_time*130*3/2)*1+1,0,1)", 0, 0]
				},
				"leg_front_left": {
					"rotation": [-10, 0, 0]
				},
				"hoof_front_left": {
					"rotation": [10, 0, 0]
				},
				"leg_back_left": {
					"rotation": [10, 0, 0]
				},
				"hoof_back_left": {
					"rotation": [-10, 0, 0]
				}
			}
		}
	}
}