{
	"format_version": "1.8.0",
	"animations": {
		"animation.wochien.ground_idle": {
			"loop": true,
			"bones": {
				"torso": {
					"rotation": [0, "math.sin(query.anim_time *100) * -1", 0]
				},
				"head": {
					"rotation": [
						"0-1*math.clamp(math.sin(q.anim_time*-90*3/2)*1+1,0,1)+1*math.clamp(-math.sin(q.anim_time*-90*3/2)*1+1,0,1)",
						"math.sin(query.anim_time *100) * -1",
						0
					]
				},
				"head_leaf_front": {
					"rotation": ["math.sin(query.anim_time *100) * -3", 0, 0]
				},
				"head_leaf_front2": {
					"rotation": ["math.sin(query.anim_time *110) * 3", 0, 0]
				},
				"head_leaf_right2": {
					"rotation": [0, 0, "math.sin(query.anim_time *80) * -1"]
				},
				"head_leaf_top": {
					"rotation": ["math.sin(query.anim_time *60) * -3", 0, 0]
				},
				"eye_right": {
					"rotation": ["math.sin(query.anim_time *100) * 2", 0, 0]
				},
				"eye_leaf_right": {
					"rotation": [0, 0, "math.sin(query.anim_time *120) * 5"]
				},
				"eye_left": {
					"rotation": ["math.sin(query.anim_time *90) * 2", 0, 0]
				},
				"eye_leaf_left": {
					"rotation": [0, 0, "math.sin(query.anim_time *140) * 5"]
				},
				"head_leaf_bottom": {
					"rotation": ["math.sin(query.anim_time *120) * 3", 0, 0]
				},
				"tail": {
					"rotation": ["0-1*math.clamp(math.sin(q.anim_time*-90*3/2)*1+1,0,1)+1*math.clamp(-math.sin(q.anim_time*-90*3/2)*1+1,0,1)", 0, 0]
				},
				"tail2": {
					"rotation": ["0-3*math.clamp(math.sin(q.anim_time*-60*3/2)*1+1,0,1)+3*math.clamp(-math.sin(q.anim_time*-60*3/2)*1+1,0,1)", 0, 0]
				},
				"body_fluff_right": {
					"rotation": [0, 0, "math.sin(query.anim_time *90) * -2"]
				},
				"body_fluff_right2": {
					"rotation": [0, 0, "math.sin(query.anim_time *100) * -3"]
				},
				"body_fluff_front": {
					"rotation": ["math.sin(query.anim_time *100) * 3", 0, 0]
				},
				"body_fluff_left2": {
					"rotation": [0, 0, "math.sin(query.anim_time *100) * 3"]
				},
				"body_fluff_left": {
					"rotation": [0, 0, "math.sin(query.anim_time *90) * 2"]
				},
				"head_leaf_left2": {
					"rotation": [0, 0, "math.sin(query.anim_time *80) * 1"]
				}
			}
		}
	}
}