{
	"format_version": "1.8.0",
	"animations": {
		"animation.zorua_hisuian.ground_idle": {
			"loop": true,
			"bones": {
				"tail": {
					"rotation": [-17, 10, 5]
				},
				"leg_front_right": {
					"rotation": [0, 4, -2]
				},
				"leg_front_left": {
					"rotation": [10, -17.5, 0]
				},
				"leg_back_right": {
					"rotation": [10, 10, 0]
				},
				"leg_back_left": {
					"rotation": [0, -7.5, 0]
				},
				"leg_front_left2": {
					"rotation": [-7.5, 0, 0]
				},
				"torso": {
					"position": [0, "0.2*Math.cos((query.anim_time-0.5) * 90 * 2) * 0.5", 0]
				},
				"neck_tuff_base": {
					"rotation": ["-2.5+3*Math.cos((query.anim_time-0.25) * 90 * 2) * 0.5", "-3*Math.cos((query.anim_time-0.75) * 90 * 2) * 0.5", 0]
				},
				"head": {
					"rotation": ["2*Math.cos((query.anim_time-0) * 90 * 2) * 0.5", "-3*Math.cos((query.anim_time-0.5) * 90 * 2) * 0.5", 0]
				},
				"head_tuff2": {
					"rotation": ["-20-10*Math.cos((query.anim_time-0.5) * 90 * 2) * 0.5", 0, 0]
				},
				"right_closed": {
					"position": [0, 0, 1]
				},
				"neck_tuff2": {
					"rotation": [-32.5, 0, -20]
				},
				"neck_tuff3": {
					"rotation": [-15, 0, -25]
				},
				"neck_tuff_end": {
					"rotation": [0, 0, -50]
				},
				"ears_left": {
					"rotation": [0, 0, "3*Math.cos((query.anim_time-0) * 90 * 2) * 0.5"]
				},
				"head_tuff": {
					"rotation": ["-5*Math.cos((query.anim_time-0.25) * 90 * 2) * 0.5", 0, 0]
				},
				"head_tuff3": {
					"rotation": [5, 10, "10-10*Math.cos((query.anim_time-0.5) * 90 * 2) * 0.5"]
				},
				"head_tuff4": {
					"rotation": [12.17266, -17.35547, "-34.8788-10*Math.cos((query.anim_time-0.5) * 90 * 2) * 0.5"]
				},
				"head_tuff5": {
					"rotation": [25, -135, -65]
				},
				"head_tuff6": {
					"rotation": [15, 15, -55]
				},
				"head_tuff_end": {
					"rotation": [0, 0, -47.5]
				},
				"tail2": {
					"rotation": [-20, 0, "10-10*Math.cos((query.anim_time-0.5) * 90 * 2) * 0.5"]
				},
				"tail3": {
					"rotation": [25, 0, 30]
				},
				"tail_end": {
					"rotation": [0, 0, 32.5]
				},
				"head_master": {
					"position": [0, "0.2*Math.cos((query.anim_time-0.75) * 90 * 2) * 0.5", 0]
				},
				"ears_right": {
					"rotation": [0, 0, "-3*Math.cos((query.anim_time-0) * 90 * 2) * 0.5"]
				}
			}
		},
		"animation.zorua_hisuian.ground_walk": {
			"loop": true,
			"bones": {
				"body": {
					"rotation": ["0+6*(math.sin(q.anim_time*90*4*2-140))", 0, 0],
					"position": [0, "0+math.clamp(1*(math.sin(q.anim_time*90*4*2-60)*1.25),0,2)", "0-math.clamp(math.sin(q.anim_time*90*4*2-110)*1.25,0,2)"]
				},
				"head_master": {
					"rotation": ["0+3*(math.sin(q.anim_time*90*4*2-200)*1+1)", 0, 0]
				},
				"head": {
					"rotation": [0, 0, 0]
				},
				"ears_left": {
					"rotation": ["0+16*(math.sin(q.anim_time*90*4*2-240))", 0, "-10*(math.sin(q.anim_time*90*4*2-200))"]
				},
				"ears_right": {
					"rotation": ["0+16*(math.sin(q.anim_time*90*4*2-240))", 0, "10*(math.sin(q.anim_time*90*4*2-200))"]
				},
				"head_tuff": {
					"rotation": ["-5*Math.cos((query.anim_time-0.25) * 90 * 2) * 0.5", 0, 0]
				},
				"head_tuff2": {
					"rotation": ["-20-10*Math.cos((query.anim_time-0.5) * 90 * 2) * 0.5", 0, 0]
				},
				"head_tuff3": {
					"rotation": [5, 10, "10-10*Math.cos((query.anim_time-0.5) * 90 * 2) * 0.5"]
				},
				"head_tuff4": {
					"rotation": [12.17266, -17.35547, "-34.8788-10*Math.cos((query.anim_time-0.5) * 90 * 2) * 0.5"]
				},
				"head_tuff5": {
					"rotation": [25, -135, -65]
				},
				"head_tuff6": {
					"rotation": [15, 15, -55]
				},
				"head_tuff_end": {
					"rotation": [0, 0, -47.5]
				},
				"neck_tuff2": {
					"rotation": [-32.5, 0, -20]
				},
				"neck_tuff3": {
					"rotation": [-15, 0, -25]
				},
				"neck_tuff_end": {
					"rotation": [0, 0, -50]
				},
				"tail": {
					"rotation": [-17, 10, 5]
				},
				"tail2": {
					"rotation": [-20, 0, "10-10*Math.cos((query.anim_time-0.5) * 90 * 2) * 0.5"]
				},
				"tail3": {
					"rotation": [25, 0, 30]
				},
				"tail_end": {
					"rotation": [0, 0, 32.5]
				},
				"leg_front_right": {
					"rotation": [
						"0-1.8*(math.clamp(math.sin(-q.anim_time*90*4)*40,-50,5)+math.clamp(math.sin(q.anim_time*90*4)*40,-50,5)+math.clamp(math.sin(-q.anim_time*90*8)*25,-15,50))",
						0,
						0
					],
					"position": ["0-math.clamp(0.5*(math.sin(q.anim_time*90*4*2-30)*1),-1,0)", 0, 0]
				},
				"leg_front_left": {
					"rotation": [
						"0-1.8*(math.clamp(math.sin(-q.anim_time*90*4)*40,-50,5)+math.clamp(math.sin(q.anim_time*90*4)*40,-50,5)+math.clamp(math.sin(-q.anim_time*90*8)*25,-15,50))",
						0,
						0
					],
					"position": ["0-math.clamp(0.5*(math.sin(q.anim_time*90*4*2-30)*1),-1,0)", 0, 0]
				},
				"leg_back_right": {
					"rotation": ["30+math.clamp(math.sin(q.anim_time*90*8-80)*40,-17.5,50)-math.clamp(math.sin(-q.anim_time*90*8)*3,0,8)", 0, 0]
				},
				"leg_back_right2": {
					"rotation": ["0+math.clamp(math.sin(q.anim_time*90*8-80)*20,-17.5,50)-math.clamp(math.sin(-q.anim_time*90*8)*3,0,8)", 0, 0]
				},
				"leg_back_left": {
					"rotation": ["30+math.clamp(math.sin(q.anim_time*90*8-80)*40,-17.5,50)-math.clamp(math.sin(-q.anim_time*90*8)*3,0,8)", 0, 0],
					"position": [0, 0, 0]
				},
				"leg_back_left2": {
					"rotation": ["0+math.clamp(math.sin(q.anim_time*90*8-80)*20,-17.5,50)-math.clamp(math.sin(-q.anim_time*90*8)*3,0,8)", 0, 0]
				}
			}
		},
		"animation.zorua_hisuian.sleep": {
			"loop": true,
			"bones": {
				"zorua": {
					"rotation": [0, 15, 10]
				},
				"body": {
					"rotation": [0, 0, -42.5],
					"position": [0, -1.5, 0]
				},
				"head_master": {
					"rotation": [42.5, 0, 0],
					"position": [0, -0.5, 0]
				},
				"head": {
					"rotation": [5, -5, -25]
				},
				"ears_left": {
					"rotation": [25, 15, 15]
				},
				"ears_right": {
					"rotation": [25, -15, -15]
				},
				"head_tuff3": {
					"rotation": [-25, 15, 0]
				},
				"head_tuff4": {
					"rotation": [-35, 0, 75]
				},
				"head_tuff5": {
					"rotation": [0, 0, -30]
				},
				"head_tuff6": {
					"rotation": [0, 0, 55]
				},
				"head_tuff_end": {
					"rotation": [0, 0, -45]
				},
				"left_closed": {
					"position": [0, 0, -0.1]
				},
				"right_closed": {
					"position": [0, 0, -0.1]
				},
				"neck_tuff_base": {
					"rotation": [-5, -10, -5],
					"position": [-0.25, 0, 0]
				},
				"neck_tuff2": {
					"rotation": [-42.5, 0, 30]
				},
				"neck_tuff3": {
					"rotation": [0, 0, 30]
				},
				"neck_tuff_end": {
					"rotation": [0, 0, -47.5]
				},
				"tail": {
					"rotation": [0, 0, -77.5]
				},
				"tail2": {
					"rotation": [-40, 0, 52.5]
				},
				"tail3": {
					"rotation": [0, 0, 57.5]
				},
				"tail_end": {
					"rotation": [0, 0, -35]
				},
				"leg_front_right": {
					"rotation": [45, 0, -25]
				},
				"leg_front_right2": {
					"rotation": [-25, 0, 0]
				},
				"leg_front_left": {
					"rotation": [32.5, 0, 10]
				},
				"leg_front_left2": {
					"rotation": [-25, 0, 0]
				},
				"leg_back_right": {
					"rotation": [17.5, 0, -45]
				},
				"leg_back_left": {
					"rotation": [-25, 0, 0]
				}
			}
		},
		"animation.zorua_hisuian.cry": {
			"loop": true
		},
		"animation.zorua_hisuian.blink": {
			"animation_length": 0.20833,
			"bones": {
				"left_closed": {
					"position": {
						"0.0": [0, 0, -0.1],
						"0.125": [0, 0, -0.1],
						"0.2083": [0, 0, 0]
					}
				},
				"right_closed": {
					"position": {
						"0.0": [0, 0, -0.1],
						"0.125": [0, 0, -0.1],
						"0.2083": [0, 0, 0]
					}
				}
			}
		}
	}
}