{
	"format_version": "1.12.0",
	"minecraft:geometry": [
		{
			"description": {
				"identifier": "geometry.cyndaquil",
				"texture_width": 128,
				"texture_height": 64,
				"visible_bounds_width": 4,
				"visible_bounds_height": 3.5,
				"visible_bounds_offset": [0, 1.25, 0]
			},
			"bones": [
				{
					"name": "cyndaquil",
					"pivot": [0, 0, 0]
				},
				{
					"name": "body",
					"parent": "cyndaquil",
					"pivot": [0, 11, 0]
				},
				{
					"name": "torso",
					"parent": "body",
					"pivot": [0, 5.75, 3],
					"rotation": [-42.5, 0, 0],
					"cubes": [
						{"origin": [-5, 2.5, -2.5], "size": [10, 9, 9], "uv": [25, 20]}
					]
				},
				{
					"name": "fire",
					"parent": "torso",
					"pivot": [0, 11.1, 1],
					"rotation": [5, 0, 0],
					"cubes": [
						{"origin": [0, 11.1, -7.5], "size": [0, 12, 17], "uv": [88, -4]},
						{"origin": [-8.5, 11.1, 0.5], "size": [17, 12, 0], "uv": [54, 13]},
						{"origin": [-4, 11.1, -6.5], "size": [0, 7, 15], "pivot": [-4, 11.1, 1], "rotation": [0, 0, -30], "uv": [30, 41], "mirror": true},
						{"origin": [4, 11.1, -6.5], "size": [0, 7, 15], "pivot": [4, 11.1, 1], "rotation": [0, 0, 30], "uv": [0, 34]},
						{"origin": [-5, 12.85, -5.25], "size": [10, 0, 12], "uv": [76, 0]},
						{"origin": [-7.5, 11.1, -4.5], "size": [15, 7, 0], "pivot": [0, 11.1, -4.5], "rotation": [25, 0, 0], "uv": [30, 49]},
						{"origin": [-7.5, 11.1, 6], "size": [15, 7, 0], "pivot": [0, 11.1, 6], "rotation": [-25, 0, 0], "uv": [0, 56]}
					]
				},
				{
					"name": "torso2",
					"parent": "torso",
					"pivot": [0, 3, -2.5],
					"rotation": [-5, 0, 0],
					"cubes": [
						{"origin": [-4, 3, -6.5], "size": [8, 8, 4], "uv": [0, 37]},
						{"origin": [-3, 3.5, -8.5], "size": [6, 6, 2], "uv": [0, 18]}
					]
				},
				{
					"name": "arm_right",
					"parent": "torso2",
					"pivot": [-3.5, 3.5, -4.5],
					"cubes": [
						{"origin": [-4.5, 0, -6], "size": [2, 4, 3], "uv": [50, 38]}
					]
				},
				{
					"name": "arm_left",
					"parent": "torso2",
					"pivot": [3.5, 3.5, -4.5],
					"cubes": [
						{"origin": [2.5, 0, -6], "size": [2, 4, 3], "uv": [40, 38]}
					]
				},
				{
					"name": "head",
					"parent": "torso2",
					"pivot": [0, 6.5, -8],
					"rotation": [-30, 0, 0],
					"cubes": [
						{"origin": [-4.5, 2, -15.5], "size": [9, 9, 9], "uv": [0, 0]},
						{"origin": [-5, 16.25, -4.25], "size": [10, 4, 0], "pivot": [0, 6.5, 0.3], "rotation": [90, 0, 0], "uv": [61, 60]}
					]
				},
				{
					"name": "energists_cap",
					"parent": "head",
					"pivot": [0, 8.75, -15.5],
					"rotation": [90, 0, 0],
					"cubes": [
						{"origin": [-4, 9.25, -16.5], "size": [2, 3, 2], "uv": [89, 59]},
						{"origin": [-3.5, 11.25, -16], "size": [1, 1, 1], "inflate": 0.01, "uv": [81, 54]},
						{"origin": [2, 9.25, -16.5], "size": [2, 3, 2], "uv": [81, 59], "mirror": true},
						{"origin": [2.5, 11.25, -16], "size": [1, 1, 1], "inflate": 0.01, "uv": [81, 54], "mirror": true}
					]
				},
				{
					"name": "bone",
					"parent": "energists_cap",
					"pivot": [-1.5, 9.25, -15.5],
					"rotation": [5.80307, -6.59371, 82.76414],
					"cubes": [
						{"origin": [-1.5, 5.25, -16], "size": [0, 4, 1], "uv": [99, 56]}
					]
				},
				{
					"name": "bone2",
					"parent": "bone",
					"pivot": [-1.5, 5.25, -15.5],
					"rotation": [0, 0, -87.5],
					"cubes": [
						{"origin": [-1.5, 1.25, -16], "size": [0, 4, 1], "uv": [97, 56]}
					]
				},
				{
					"name": "bone3",
					"parent": "bone2",
					"pivot": [-1.5, 1.25, -15],
					"rotation": [-15, 0, 0],
					"cubes": [
						{"origin": [-1.5, -1.75, -17], "size": [0, 3, 2], "uv": [97, 59]}
					]
				},
				{
					"name": "bone4",
					"parent": "energists_cap",
					"pivot": [1.5, 9.25, -15.5],
					"rotation": [5.80307, 6.59371, -82.76414],
					"cubes": [
						{"origin": [1.5, 5.25, -16], "size": [0, 4, 1], "uv": [99, 56], "mirror": true}
					]
				},
				{
					"name": "bone5",
					"parent": "bone4",
					"pivot": [1.5, 5.25, -15.5],
					"rotation": [0, 0, 87.5],
					"cubes": [
						{"origin": [1.5, 1.25, -16], "size": [0, 4, 1], "uv": [97, 56], "mirror": true}
					]
				},
				{
					"name": "bone6",
					"parent": "bone5",
					"pivot": [1.5, 1.25, -15],
					"rotation": [-15, 0, 0],
					"cubes": [
						{"origin": [1.5, -1.75, -17], "size": [0, 3, 2], "uv": [97, 59], "mirror": true}
					]
				},
				{
					"name": "energy_hat_small",
					"parent": "energists_cap",
					"pivot": [0, 8.75, -15.5],
					"cubes": [
						{"origin": [-2, 8.75, -17.5], "size": [4, 3, 4], "uv": [81, 52]}
					]
				},
				{
					"name": "energy_hat_small_brim",
					"parent": "energy_hat_small",
					"pivot": [-0.5, 9, -14.5],
					"cubes": [
						{"origin": [0, 9, -19.5], "size": [2, 0, 2], "pivot": [0, 9, -14.5], "rotation": [0, 0, 5], "uv": [91, 52]},
						{"origin": [-2, 9, -19.5], "size": [2, 0, 2], "pivot": [0, 9, -14.5], "rotation": [0, 0, -5], "uv": [91, 52], "mirror": true}
					]
				},
				{
					"name": "eyes",
					"parent": "head",
					"pivot": [-1.5, 5.34976, -11.2609]
				},
				{
					"name": "eyelid_right",
					"parent": "eyes",
					"pivot": [-4.5, 5.35, -11.25],
					"rotation": [5, 0, 0],
					"cubes": [
						{"origin": [-4.5, 2.35, -12.75], "size": [0, 6, 3], "inflate": 0.01, "uv": [42, 11], "mirror": true}
					]
				},
				{
					"name": "eyelid_right_sleep",
					"parent": "eyelid_right",
					"pivot": [-4.4, 5.35, -11.25],
					"cubes": [
						{"origin": [-4.4, 2.35, -12.75], "size": [0, 6, 3], "inflate": 0.02, "uv": [36, 11], "mirror": true}
					]
				},
				{
					"name": "eyelid_right_angry",
					"parent": "eyelid_right",
					"pivot": [-4.4, 5.35, -11.25],
					"cubes": [
						{"origin": [-4.4, 2.35, -12.75], "size": [0, 6, 3], "inflate": 0.02, "uv": [68, -3], "mirror": true}
					]
				},
				{
					"name": "eye_right",
					"parent": "eyelid_right",
					"pivot": [-4.4, 5.35, -11.25],
					"cubes": [
						{"origin": [-4.4, 2.35, -12.75], "size": [0, 6, 3], "inflate": 0.03, "uv": [63, 32], "mirror": true}
					]
				},
				{
					"name": "eyelid_left",
					"parent": "eyes",
					"pivot": [4.5, 5.35, -11.25],
					"rotation": [5, 0, 0],
					"cubes": [
						{"origin": [4.5, 2.35, -12.75], "size": [0, 6, 3], "inflate": 0.01, "uv": [42, 5]}
					]
				},
				{
					"name": "eyelid_left_sleep",
					"parent": "eyelid_left",
					"pivot": [4.4, 5.35, -11.25],
					"mirror": true,
					"cubes": [
						{"origin": [4.4, 2.35, -12.75], "size": [0, 6, 3], "inflate": 0.02, "uv": [36, 5]}
					]
				},
				{
					"name": "eyelid_left_angry",
					"parent": "eyelid_left",
					"pivot": [4.4, 5.35, -11.25],
					"cubes": [
						{"origin": [4.4, 2.35, -12.75], "size": [0, 6, 3], "inflate": 0.02, "uv": [62, -3]}
					]
				},
				{
					"name": "eye_left",
					"parent": "eyelid_left",
					"pivot": [4.4, 5.35, -11.25],
					"cubes": [
						{"origin": [4.4, 2.35, -12.75], "size": [0, 6, 3], "inflate": 0.03, "uv": [63, 26]}
					]
				},
				{
					"name": "muzzle",
					"parent": "head",
					"pivot": [0, 2, -11],
					"cubes": [
						{"origin": [-3, -1.75, -11], "size": [6, 4, 4], "uv": [0, 29]}
					]
				},
				{
					"name": "mouth",
					"parent": "muzzle",
					"pivot": [0, 0.75, -7.1],
					"cubes": [
						{"origin": [-1, -0.75, -7.1], "size": [2, 3, 0], "uv": [0, 0]}
					]
				},
				{
					"name": "muzzle2",
					"parent": "muzzle",
					"pivot": [0, -1.75, -10.5],
					"rotation": [5, 0, 0],
					"cubes": [
						{"origin": [-2, -5.75, -10.5], "size": [4, 4, 3], "uv": [16, 18]}
					]
				},
				{
					"name": "head2",
					"parent": "torso2",
					"pivot": [0, 6.5, -8],
					"rotation": [-30, 0, 0],
					"cubes": [
						{"origin": [-5, 12, -6.25], "size": [10, 4, 0], "uv": [0, 60], "mirror": true}
					]
				},
				{
					"name": "leg_right",
					"parent": "body",
					"pivot": [-3.85, 5.75, 3],
					"cubes": [
						{"origin": [-5.85, 1.5, 0], "size": [4, 7, 6], "uv": [48, 0], "mirror": true}
					]
				},
				{
					"name": "foot_right",
					"parent": "leg_right",
					"pivot": [-3.85, 1.5, 3.6],
					"cubes": [
						{"origin": [-5.35, 0, 0.6], "size": [3, 3, 5], "uv": [27, 0], "mirror": true}
					]
				},
				{
					"name": "toe_right",
					"parent": "foot_right",
					"pivot": [-3.85, 0, 0.6],
					"cubes": [
						{"origin": [-4.85, 0, -0.4], "size": [2, 1, 1], "uv": [0, 26], "mirror": true}
					]
				},
				{
					"name": "leg_left",
					"parent": "body",
					"pivot": [3.85, 5.75, 3],
					"cubes": [
						{"origin": [1.85, 1.5, 0], "size": [4, 7, 6], "uv": [68, 0]}
					]
				},
				{
					"name": "foot_left",
					"parent": "leg_left",
					"pivot": [3.85, 1.5, 3.6],
					"cubes": [
						{"origin": [2.35, 0, 0.6], "size": [3, 3, 5], "uv": [24, 38]}
					]
				},
				{
					"name": "toe_left",
					"parent": "foot_left",
					"pivot": [3.85, 0, 0.6],
					"cubes": [
						{"origin": [2.85, 0, -0.4], "size": [2, 1, 1], "uv": [6, 26]}
					]
				}
			]
		}
	]
}