{
	"format_version": "1.12.0",
	"minecraft:geometry": [
		{
			"description": {
				"identifier": "geometry.diggersby",
				"texture_width": 256,
				"texture_height": 256,
				"visible_bounds_width": 5,
				"visible_bounds_height": 6.5,
				"visible_bounds_offset": [0, 2.75, 0]
			},
			"bones": [
				{
					"name": "diggersby",
					"pivot": [0, 0, 0]
				},
				{
					"name": "body",
					"parent": "diggersby",
					"pivot": [0, 0, 0]
				},
				{
					"name": "torso",
					"parent": "body",
					"pivot": [0, 9, 0],
					"cubes": [
						{"origin": [-8.5, 6, -8], "size": [17, 11, 16], "uv": [0, 30]}
					]
				},
				{
					"name": "upper_torso",
					"parent": "torso",
					"pivot": [0, 17, 0],
					"cubes": [
						{"origin": [-7.5, 14, -6.5], "size": [15, 10, 13], "uv": [54, 45]}
					]
				},
				{
					"name": "left_upper_arm",
					"parent": "upper_torso",
					"pivot": [7, 24, -0.5],
					"cubes": [
						{"origin": [7, 21, -2], "size": [6, 3, 3], "inflate": 0.01, "uv": [94, 129]}
					]
				},
				{
					"name": "left_lower_arm",
					"parent": "left_upper_arm",
					"pivot": [13, 22, 1],
					"cubes": [
						{"origin": [13, 21, -2], "size": [7, 3, 3], "uv": [120, 125]}
					]
				},
				{
					"name": "left_hand",
					"parent": "left_lower_arm",
					"pivot": [20, 22.5, -0.5],
					"cubes": [
						{"origin": [20, 21.5, -2.5], "size": [3, 2, 4], "uv": [134, 107]}
					]
				},
				{
					"name": "right_upper_arm",
					"parent": "upper_torso",
					"pivot": [-7, 24, -0.5],
					"cubes": [
						{"origin": [-13, 21, -2], "size": [6, 3, 3], "inflate": 0.01, "uv": [0, 69]}
					]
				},
				{
					"name": "right_lower_arm",
					"parent": "right_upper_arm",
					"pivot": [-13, 22, 1],
					"cubes": [
						{"origin": [-20, 21, -2], "size": [7, 3, 3], "uv": [57, 0]}
					]
				},
				{
					"name": "right_hand",
					"parent": "right_lower_arm",
					"pivot": [-20, 22.5, -0.5],
					"cubes": [
						{"origin": [-23, 21.5, -2.5], "size": [3, 2, 4], "uv": [15, 131]}
					]
				},
				{
					"name": "neck",
					"parent": "upper_torso",
					"pivot": [0, 24, 0],
					"cubes": [
						{"origin": [-4.5, 23, -4], "size": [9, 3, 8], "uv": [115, 95]}
					]
				},
				{
					"name": "head",
					"parent": "neck",
					"pivot": [0, 24.5, 0],
					"cubes": [
						{"origin": [-5, 24.5, -4.5], "size": [10, 8, 9], "uv": [21, 60]}
					]
				},
				{
					"name": "snout",
					"parent": "head",
					"pivot": [0, 24.5, -3.5],
					"cubes": [
						{"origin": [-5.5, 24.5, -5.5], "size": [11, 4, 4], "inflate": 0.01, "uv": [0, 119]},
						{"origin": [-2, 24.75, -5.5], "size": [4, 2, 0], "inflate": 0.025, "uv": [7, 92]},
						{"origin": [-0.5, 24.75, -5.5], "size": [1, 2, 0], "inflate": 0.03, "uv": [0, 0]}
					]
				},
				{
					"name": "nose",
					"parent": "snout",
					"pivot": [0, 27.5, -5.5],
					"cubes": [
						{"origin": [-1, 27.5, -5.5], "size": [2, 1, 1], "inflate": 0.03, "uv": [53, 78]}
					]
				},
				{
					"name": "left_whiskers",
					"parent": "snout",
					"pivot": [5.5, 26.5, -3.5],
					"rotation": [0, 0, -5],
					"cubes": [
						{"origin": [4.75, 27, -3.5], "size": [3, 1, 0], "pivot": [5, 27, -3.5], "rotation": [0, 0, -12.5], "uv": [0, 101]},
						{"origin": [5, 26, -3.5], "size": [3, 1, 0], "pivot": [5, 27, -3.5], "rotation": [0, 0, 5], "uv": [30, 92]},
						{"origin": [5, 25.25, -3.5], "size": [3, 1, 0], "pivot": [5, 27, -3.5], "rotation": [0, 0, 30], "uv": [23, 92]}
					]
				},
				{
					"name": "right_whiskers",
					"parent": "snout",
					"pivot": [-5.5, 26.5, -3.5],
					"rotation": [0, 0, 5],
					"cubes": [
						{"origin": [-7.75, 27, -3.5], "size": [3, 1, 0], "pivot": [-5, 27, -3.5], "rotation": [0, 0, 12.5], "uv": [0, 76]},
						{"origin": [-8, 26, -3.5], "size": [3, 1, 0], "pivot": [-5, 27, -3.5], "rotation": [0, 0, -5], "uv": [60, 44]},
						{"origin": [-8, 25.25, -3.5], "size": [3, 1, 0], "pivot": [-5, 27, -3.5], "rotation": [0, 0, -30], "uv": [44, 58]}
					]
				},
				{
					"name": "mouth",
					"parent": "snout",
					"pivot": [0, 24.6, -3.5],
					"cubes": [
						{"origin": [-2, 25.75, -5.5], "size": [4, 1, 0], "inflate": 0.015, "uv": [28, 58]},
						{"origin": [2, 25.75, -5.5], "size": [3, 1, 0], "inflate": 0.015, "pivot": [2, 25.75, -5.5], "rotation": [0, 0, -7.5], "uv": [16, 92]},
						{"origin": [-5, 25.75, -5.5], "size": [3, 1, 0], "inflate": 0.015, "pivot": [-2, 25.75, -5.5], "rotation": [0, 0, 7.5], "uv": [7, 76]}
					]
				},
				{
					"name": "mouth_frown",
					"parent": "snout",
					"pivot": [0, 27.85, -3.4],
					"rotation": [0, 0, -180],
					"cubes": [
						{"origin": [-2, 29, -5.4], "size": [4, 1, 0], "inflate": 0.015, "uv": [51, 44]},
						{"origin": [2, 29, -5.4], "size": [3, 1, 0], "inflate": 0.015, "pivot": [2, 29, -5.4], "rotation": [0, 0, -7.5], "uv": [37, 58]},
						{"origin": [-5, 29, -5.4], "size": [3, 1, 0], "inflate": 0.015, "pivot": [-2, 29, -5.4], "rotation": [0, 0, 7.5], "uv": [9, 44]}
					]
				},
				{
					"name": "mouth_open",
					"parent": "snout",
					"pivot": [0, 24.45, -3.4],
					"cubes": [
						{"origin": [-2, 24.6, -5.4], "size": [4, 2, 0], "inflate": 0.0175, "uv": [6, 41]},
						{"origin": [2, 24.6, -5.4], "size": [3, 2, 0], "inflate": 0.015, "pivot": [2, 24.6, -5.4], "rotation": [0, 0, -7.5], "uv": [69, 7]},
						{"origin": [-5, 24.6, -5.4], "size": [3, 2, 0], "inflate": 0.015, "pivot": [-2, 24.6, -5.4], "rotation": [0, 0, 7.5], "uv": [12, 58]}
					]
				},
				{
					"name": "eyes",
					"parent": "head",
					"pivot": [0, 24.5, -0.5]
				},
				{
					"name": "left_eye",
					"parent": "eyes",
					"pivot": [0.25, 24.5, -0.5],
					"cubes": [
						{"origin": [1, 27.25, -4.5], "size": [3, 4, 0], "inflate": 0.01, "pivot": [2.5, 29.5, -4.5], "rotation": [0, 0, -5], "uv": [0, 92]}
					]
				},
				{
					"name": "left_pupil",
					"parent": "left_eye",
					"pivot": [2.25, 29.5, -4.5],
					"cubes": [
						{"origin": [1.5, 29, -4.5], "size": [2, 1, 0], "inflate": 0.02, "pivot": [2.5, 29.5, -4.5], "rotation": [0, 0, 5], "uv": [78, 3]}
					]
				},
				{
					"name": "left_pupil_shocked",
					"parent": "left_eye",
					"pivot": [0.25, 24.5, -0.4],
					"cubes": [
						{"origin": [2, 29, -4.4], "size": [1, 1, 0], "inflate": 0.02, "uv": [14, 11]}
					]
				},
				{
					"name": "right_eye",
					"parent": "eyes",
					"pivot": [-0.25, 24.5, -0.5],
					"cubes": [
						{"origin": [-4, 27.25, -4.5], "size": [3, 4, 0], "inflate": 0.01, "pivot": [-2.5, 29.5, -4.5], "rotation": [0, 0, 5], "uv": [21, 64]}
					]
				},
				{
					"name": "right_pupil",
					"parent": "right_eye",
					"pivot": [-2.25, 29.5, -4.5],
					"cubes": [
						{"origin": [-3.5, 29, -4.5], "size": [2, 1, 0], "inflate": 0.02, "pivot": [-2.5, 29.5, -4.5], "rotation": [0, 0, -5], "uv": [14, 76]}
					]
				},
				{
					"name": "right_pupil_shocked",
					"parent": "right_eye",
					"pivot": [-0.25, 24.5, -0.4],
					"cubes": [
						{"origin": [-3, 29, -4.4], "size": [1, 1, 0], "inflate": 0.02, "uv": [0, 11]}
					]
				},
				{
					"name": "left_ear",
					"parent": "head",
					"pivot": [3.5, 32.5, 0],
					"rotation": [0, 0, 25],
					"cubes": [
						{"origin": [2, 30.5, -1], "size": [3, 4, 2], "uv": [99, 136]}
					]
				},
				{
					"name": "left_ear2",
					"parent": "left_ear",
					"pivot": [3.5, 34.5, 0.5],
					"cubes": [
						{"origin": [1, 34.5, -1], "size": [5, 4, 2], "inflate": 0.01, "uv": [28, 136]},
						{"origin": [2.5, 35.5, -1], "size": [2, 2, 0], "inflate": 0.015, "uv": [15, 61]}
					]
				},
				{
					"name": "left_ear3",
					"parent": "left_ear2",
					"pivot": [3, 38.5, 0.5],
					"cubes": [
						{"origin": [0, 38.5, -1.5], "size": [7, 7, 3], "inflate": 0.02, "uv": [123, 83]}
					]
				},
				{
					"name": "left_ear4",
					"parent": "left_ear3",
					"pivot": [3.5, 45.5, 1.5],
					"cubes": [
						{"origin": [-2, 45.5, -3], "size": [11, 7, 6], "uv": [39, 117]}
					]
				},
				{
					"name": "left_ear5",
					"parent": "left_ear4",
					"pivot": [3.5, 52.5, 3],
					"cubes": [
						{"origin": [-3.5, 52.5, -4], "size": [14, 15, 8], "uv": [0, 95]}
					]
				},
				{
					"name": "left_ear_finger_inner",
					"parent": "left_ear5",
					"pivot": [-0.75, 67.5, 1],
					"cubes": [
						{"origin": [-2.75, 65.5, -1], "size": [4, 7, 3], "uv": [0, 58]}
					]
				},
				{
					"name": "left_ear_finger_inner2",
					"parent": "left_ear_finger_inner",
					"pivot": [-0.75, 72.5, 2],
					"cubes": [
						{"origin": [-2.75, 72.5, -1], "size": [4, 5, 3], "inflate": 0.01, "uv": [73, 131]},
						{"origin": [-2.25, 77.5, 0], "size": [3, 1, 1], "uv": [71, 85]}
					]
				},
				{
					"name": "left_ear_finger_middle",
					"parent": "left_ear5",
					"pivot": [3.5, 67.5, 1.25],
					"cubes": [
						{"origin": [1.5, 65.5, -0.75], "size": [4, 7, 3], "uv": [0, 128]}
					]
				},
				{
					"name": "left_ear_finger_middle2",
					"parent": "left_ear_finger_middle",
					"pivot": [3.5, 72.5, 2.25],
					"cubes": [
						{"origin": [1.5, 72.5, -0.75], "size": [4, 5, 3], "inflate": 0.01, "uv": [128, 132]},
						{"origin": [2, 77.5, 0.25], "size": [3, 1, 1], "uv": [89, 85]}
					]
				},
				{
					"name": "left_ear_finger_outer",
					"parent": "left_ear5",
					"pivot": [7.75, 67.5, 1],
					"cubes": [
						{"origin": [5.75, 65.5, -1], "size": [4, 7, 3], "uv": [41, 78]}
					]
				},
				{
					"name": "left_ear_finger_outer2",
					"parent": "left_ear_finger_outer",
					"pivot": [7.75, 72.5, 2],
					"cubes": [
						{"origin": [5.75, 72.5, -1], "size": [4, 5, 3], "inflate": 0.01, "uv": [113, 132]},
						{"origin": [6.25, 77.5, 0], "size": [3, 1, 1], "uv": [80, 85]}
					]
				},
				{
					"name": "left_ear_fluff",
					"parent": "left_ear4",
					"pivot": [3.5, 45.5, 2.5],
					"cubes": [
						{"origin": [2, 42.5, 2.5], "size": [3, 3, 0], "uv": [88, 109]},
						{"origin": [2.5, 41.5, 2.5], "size": [2, 1, 0], "uv": [15, 66]}
					]
				},
				{
					"name": "right_ear",
					"parent": "head",
					"pivot": [-3.5, 32.5, 0],
					"rotation": [0, 0, -25],
					"cubes": [
						{"origin": [-5, 30.5, -1], "size": [3, 4, 2], "uv": [88, 136]}
					]
				},
				{
					"name": "right_ear2",
					"parent": "right_ear",
					"pivot": [-3.5, 34.5, 0.5],
					"cubes": [
						{"origin": [-6, 34.5, -1], "size": [5, 4, 2], "inflate": 0.01, "uv": [113, 0]},
						{"origin": [-4.5, 35.5, -1], "size": [2, 2, 0], "inflate": 0.015, "uv": [12, 0]}
					]
				},
				{
					"name": "right_ear3",
					"parent": "right_ear2",
					"pivot": [-3, 38.5, 0.5],
					"cubes": [
						{"origin": [-7, 38.5, -1.5], "size": [7, 7, 3], "inflate": 0.02, "uv": [121, 10]}
					]
				},
				{
					"name": "right_ear4",
					"parent": "right_ear3",
					"pivot": [-3.5, 45.5, 1.5],
					"cubes": [
						{"origin": [-9, 45.5, -3], "size": [11, 7, 6], "uv": [111, 52]}
					]
				},
				{
					"name": "right_ear5",
					"parent": "right_ear4",
					"pivot": [-3.5, 52.5, 3],
					"cubes": [
						{"origin": [-10.5, 52.5, -4], "size": [14, 15, 8], "uv": [76, 0]}
					]
				},
				{
					"name": "right_ear_finger_inner",
					"parent": "right_ear5",
					"pivot": [0.75, 67.5, 1],
					"cubes": [
						{"origin": [-1.25, 65.5, -1], "size": [4, 7, 3], "uv": [57, 7]}
					]
				},
				{
					"name": "right_ear_finger_inner2",
					"parent": "right_ear_finger_inner",
					"pivot": [0.75, 72.5, 2],
					"cubes": [
						{"origin": [-1.25, 72.5, -1], "size": [4, 5, 3], "inflate": 0.01, "uv": [58, 131]},
						{"origin": [-0.75, 77.5, 0], "size": [3, 1, 1], "uv": [62, 85]}
					]
				},
				{
					"name": "right_ear_finger_middle",
					"parent": "right_ear5",
					"pivot": [-3.5, 67.5, 1.25],
					"cubes": [
						{"origin": [-5.5, 65.5, -0.75], "size": [4, 7, 3], "uv": [0, 30]}
					]
				},
				{
					"name": "right_ear_finger_middle2",
					"parent": "right_ear_finger_middle",
					"pivot": [-3.5, 72.5, 2.25],
					"cubes": [
						{"origin": [-5.5, 72.5, -0.75], "size": [4, 5, 3], "inflate": 0.01, "uv": [43, 131]},
						{"origin": [-5, 77.5, 0.25], "size": [3, 1, 1], "uv": [62, 75]}
					]
				},
				{
					"name": "right_ear_finger_outer",
					"parent": "right_ear5",
					"pivot": [-7.75, 67.5, 1],
					"cubes": [
						{"origin": [-9.75, 65.5, -1], "size": [4, 7, 3], "uv": [0, 0]}
					]
				},
				{
					"name": "right_ear_finger_outer2",
					"parent": "right_ear_finger_outer",
					"pivot": [-7.75, 72.5, 2],
					"cubes": [
						{"origin": [-9.75, 72.5, -1], "size": [4, 5, 3], "inflate": 0.01, "uv": [87, 69]},
						{"origin": [-9.25, 77.5, 0], "size": [3, 1, 1], "uv": [75, 0]}
					]
				},
				{
					"name": "right_ear_fluff",
					"parent": "right_ear4",
					"pivot": [-3.5, 45.5, 2.5],
					"cubes": [
						{"origin": [-5, 42.5, 2.5], "size": [3, 3, 0], "uv": [0, 97]},
						{"origin": [-4.5, 41.5, 2.5], "size": [2, 1, 0], "uv": [15, 64]}
					]
				},
				{
					"name": "belt",
					"parent": "torso",
					"pivot": [0, 14.5, 0],
					"rotation": [-2.5, 0, 0],
					"cubes": [
						{"origin": [-7.18228, 9.93883, 9.13879], "size": [2, 3, 2], "pivot": [-6.18228, 11.43883, 10.13879], "rotation": [17.5, 0, -27.5], "uv": [103, 83]},
						{"origin": [-11.93609, 9.48095, -3.78931], "size": [2, 3, 2], "pivot": [-11.18609, 10.98095, -2.28931], "rotation": [-53.48124, -9.84655, -17.49524], "uv": [21, 58]},
						{"origin": [-11.75, 16.25, -5.5], "size": [2, 3, 2], "pivot": [-10.25, 17.75, -5], "rotation": [24.66569, 4.20854, -44.07947], "uv": [62, 69]},
						{"origin": [-9.5, 8.52411, -9.03486], "size": [19, 11, 18], "uv": [0, 0]},
						{"origin": [-11.75, 13.5, 4], "size": [2, 3, 2], "pivot": [-10.75, 13.75, 3], "rotation": [-12.5, 0, 0], "uv": [98, 52]},
						{"origin": [3.75, 15.07437, 8.94303], "size": [2, 3, 2], "pivot": [4.75, 16.57437, 9.94303], "rotation": [-47.06283, 7.35559, 6.79333], "uv": [88, 103]},
						{"origin": [9.75, 9.27411, 3.96514], "size": [2, 3, 2], "pivot": [9.75, 10.77411, 4.96514], "rotation": [15, 0, -10], "uv": [107, 52]},
						{"origin": [9.25, 13.77411, -5.03486], "size": [2, 3, 2], "pivot": [9.75, 13.77411, -3.03486], "rotation": [-23.21918, 13.99545, 14.43276], "uv": [112, 83]},
						{"origin": [9.5, 7.52411, -10.03486], "size": [0, 13, 20], "pivot": [9.5, 8.52411, -0.03486], "rotation": [0, 0, 7.5], "uv": [82, 69]},
						{"origin": [-9.5, 7.52411, -10.03486], "size": [0, 13, 20], "pivot": [-9.5, 8.52411, -0.03486], "rotation": [0, 0, -7.5], "uv": [0, 58]},
						{"origin": [9.5, 7.52411, -10.03486], "size": [0, 13, 20], "pivot": [9.5, 19.52411, -0.03486], "rotation": [0, 0, -7.5], "uv": [41, 69]},
						{"origin": [5, 11.02411, -11.03486], "size": [2, 3, 2], "pivot": [3.75, 11.77411, -10.03486], "rotation": [-8.88927, 4.59902, 27.14233], "uv": [91, 119]},
						{"origin": [-2.38447, 15.72218, -11.1556], "size": [2, 3, 2], "pivot": [-1.88447, 16.72218, -10.1556], "rotation": [7.43656, 0.9762, -7.43656], "uv": [68, 117]},
						{"origin": [-4.77941, 8.95071, -11.32495], "size": [2, 3, 2], "pivot": [-4.27941, 10.20071, -9.82495], "rotation": [0.6961, -13.8264, -124.3835], "uv": [113, 107]},
						{"origin": [-9.5, 7.52411, -10.03486], "size": [0, 13, 20], "pivot": [-9.5, 19.52411, -0.03486], "rotation": [0, 0, 7.5], "uv": [55, 10]},
						{"origin": [-10.5, 7.52411, -9.03486], "size": [21, 13, 0], "pivot": [0, 8.52411, -9.03486], "rotation": [7.5, 0, 0], "uv": [103, 69]},
						{"origin": [-10.5, 7.52411, 8.96514], "size": [21, 13, 0], "pivot": [0, 8.52411, 8.96514], "rotation": [-7.5, 0, 0], "uv": [98, 38]},
						{"origin": [-10.5, 7.52411, -9.03486], "size": [21, 13, 0], "pivot": [0, 19.52411, -9.03486], "rotation": [-7.5, 0, 0], "uv": [45, 103]},
						{"origin": [-10.5, 7.52411, 8.96514], "size": [21, 13, 0], "pivot": [0, 19.52411, 8.96514], "rotation": [7.5, 0, 0], "uv": [96, 24]}
					]
				},
				{
					"name": "tail",
					"parent": "belt",
					"pivot": [0, 10.52411, 8.96514],
					"rotation": [27.5, 0, 0],
					"cubes": [
						{"origin": [-1.5, 9.52411, 8.71514], "size": [3, 3, 5], "uv": [26, 126]},
						{"origin": [-0.5, 10.02411, 9.46514], "size": [1, 1, 3], "pivot": [0, 10.52411, 8.71514], "rotation": [-32.5, 0, 0], "uv": [0, 41]}
					]
				},
				{
					"name": "left_leg",
					"parent": "body",
					"pivot": [5, 6, 0],
					"cubes": [
						{"origin": [1.5, 4, -5], "size": [7, 5, 10], "inflate": 0.01, "uv": [88, 103]},
						{"origin": [2.5, 3, -3], "size": [5, 5, 6], "uv": [74, 119]}
					]
				},
				{
					"name": "left_foot",
					"parent": "left_leg",
					"pivot": [5, 3, 0.5],
					"cubes": [
						{"origin": [3, 1, -4], "size": [4, 2, 7], "inflate": 0.01, "uv": [121, 0]}
					]
				},
				{
					"name": "left_toes",
					"parent": "left_foot",
					"pivot": [4.5, 2, -3.75],
					"cubes": [
						{"origin": [2.5, 1, -6.5], "size": [5, 2, 3], "uv": [76, 24]}
					]
				},
				{
					"name": "right_leg",
					"parent": "body",
					"pivot": [-5, 6, 0],
					"cubes": [
						{"origin": [-8.5, 4, -5], "size": [7, 5, 10], "inflate": 0.01, "uv": [62, 69]},
						{"origin": [-7.5, 3, -3], "size": [5, 5, 6], "uv": [117, 113]}
					]
				},
				{
					"name": "right_foot",
					"parent": "right_leg",
					"pivot": [-5, 3, 0.5],
					"cubes": [
						{"origin": [-7, 1, -4], "size": [4, 2, 7], "inflate": 0.01, "uv": [97, 119]}
					]
				},
				{
					"name": "right_toes",
					"parent": "right_foot",
					"pivot": [-4.5, 2, -3.75],
					"cubes": [
						{"origin": [-7.5, 1, -6.5], "size": [5, 2, 3], "uv": [0, 11]}
					]
				}
			]
		}
	]
}