{
	"format_version": "1.12.0",
	"minecraft:geometry": [
		{
			"description": {
				"identifier": "geometry.glastrier",
				"texture_width": 128,
				"texture_height": 128,
				"visible_bounds_width": 4,
				"visible_bounds_height": 4.5,
				"visible_bounds_offset": [0, 1.75, 0]
			},
			"bones": [
				{
					"name": "glastrier",
					"pivot": [0, 1, 0]
				},
				{
					"name": "body",
					"parent": "glastrier",
					"pivot": [0, 20, 10.5],
					"cubes": [
						{"origin": [-5.5, 16, 1], "size": [11, 11, 12], "inflate": -0.01, "uv": [0, 25]}
					]
				},
				{
					"name": "tail",
					"parent": "body",
					"pivot": [0, 27, 13],
					"cubes": [
						{"origin": [-0.5, 26, 13], "size": [1, 1, 4], "uv": [48, 13]}
					]
				},
				{
					"name": "tail2",
					"parent": "tail",
					"pivot": [0, 27, 17],
					"rotation": [-30, 0, 0],
					"cubes": [
						{"origin": [-0.5, 25, 17], "size": [1, 2, 2], "inflate": 0.01, "uv": [31, 70]},
						{"origin": [-0.5, 28, 58], "size": [1, 1, 2], "pivot": [0, 7, 41], "rotation": [90, 0, 0], "uv": [17, 52]},
						{"origin": [-4.5, 1.65, 31.1], "size": [9, 4, 0], "pivot": [0, 0, 0], "rotation": [45, 0, 0], "uv": [0, 79]}
					]
				},
				{
					"name": "tail3",
					"parent": "tail2",
					"pivot": [0, 23.15, 20.85],
					"rotation": [-10, 0, 0],
					"cubes": [
						{"origin": [-4.5, -2.35, 31.1], "size": [9, 4, 0], "pivot": [0, 0, 0], "rotation": [45, 0, 0], "uv": [77, 69]}
					]
				},
				{
					"name": "tail4",
					"parent": "tail3",
					"pivot": [0, 20.35, 23.68],
					"rotation": [-10, 0, 0],
					"cubes": [
						{"origin": [-1.5, -6.35, 31.1], "size": [3, 4, 0], "pivot": [0, 0, 0], "rotation": [45, 0, 0], "uv": [42, 61]}
					]
				},
				{
					"name": "torso",
					"parent": "body",
					"pivot": [0, 27, 1],
					"cubes": [
						{"origin": [-5.5, 15, -12], "size": [11, 12, 13], "uv": [0, 0]}
					]
				},
				{
					"name": "neck",
					"parent": "torso",
					"pivot": [0, 25.5, -5],
					"rotation": [25, 0, 0],
					"cubes": [
						{"origin": [-2.5, 26.5, -11.5], "size": [5, 8, 7], "uv": [0, 48]},
						{"origin": [-2, 34.5, -11], "size": [4, 3, 5], "uv": [70, 31]},
						{"origin": [0, 33, -5.5], "size": [0, 4, 6], "uv": [0, 0]},
						{"origin": [0, 30, -4.5], "size": [0, 3, 4], "uv": [0, 6]},
						{"origin": [0, 27, -4.5], "size": [0, 3, 3], "uv": [34, 22]}
					]
				},
				{
					"name": "head",
					"parent": "neck",
					"pivot": [0, 34.5, -5.5],
					"cubes": [
						{"origin": [-3.5, 34.5, -12.5], "size": [7, 6, 7], "uv": [35, 0]},
						{"origin": [3.51, 37.5, -11], "size": [0, 2, 3], "uv": [8, 80]},
						{"origin": [-3.51, 37.5, -11], "size": [0, 2, 3], "uv": [8, 83]},
						{"origin": [3.51, 38, -12], "size": [0, 1, 1], "uv": [11, 84]},
						{"origin": [-3.51, 38, -12], "size": [0, 1, 1], "uv": [11, 87]},
						{"origin": [-1, 40.51, -15.5], "size": [2, 0, 5], "uv": [79, 0]},
						{"origin": [-2.5, 36.5, -16.5], "size": [5, 4, 4], "uv": [73, 61]},
						{"origin": [3.5, 36, -10.5], "size": [4, 0, 4], "uv": [1, 1]}
					]
				},
				{
					"name": "jaw",
					"parent": "head",
					"pivot": [0, 36.5, -12.5],
					"cubes": [
						{"origin": [-2.5, 34.5, -16.5], "size": [5, 2, 4], "uv": [76, 39]}
					]
				},
				{
					"name": "ear_right",
					"parent": "head",
					"pivot": [-1.5, 40.5, -5.5],
					"cubes": [
						{"origin": [-3.5, 40.5, -6.5], "size": [2, 3, 1], "uv": [65, 22]}
					]
				},
				{
					"name": "ear_left",
					"parent": "head",
					"pivot": [1.5, 40.5, -5.5],
					"cubes": [
						{"origin": [1.5, 40.5, -6.5], "size": [2, 3, 1], "uv": [18, 63]}
					]
				},
				{
					"name": "head_spike_right",
					"parent": "head",
					"pivot": [-1.5, 36.5, -5.5],
					"rotation": [0, -45, 0],
					"cubes": [
						{"origin": [-1.5, 34.5, -5.5], "size": [0, 4, 7], "uv": [17, 41]}
					]
				},
				{
					"name": "head_spike_left",
					"parent": "head",
					"pivot": [1.5, 36.5, -5.5],
					"rotation": [0, 45, 0],
					"cubes": [
						{"origin": [1.5, 34.5, -5.5], "size": [0, 4, 9], "uv": [0, 54]}
					]
				},
				{
					"name": "horn",
					"parent": "head",
					"pivot": [0, 35.5, -6],
					"rotation": [50, 0, 0],
					"cubes": [
						{"origin": [-1, 35.75, -5], "size": [2, 3, 10], "uv": [24, 48]},
						{"origin": [-0.5, 35.75, 5], "size": [1, 2, 4], "uv": [34, 31]}
					]
				},
				{
					"name": "neck_spikes_left",
					"parent": "neck",
					"pivot": [1.5, 32.5, -5.5],
					"rotation": [0, 45, 0],
					"cubes": [
						{"origin": [1.5, 30.5, -4.5], "size": [0, 4, 6], "uv": [0, 19]},
						{"origin": [1.5, 26.5, -4.5], "size": [0, 4, 5], "uv": [0, 28]}
					]
				},
				{
					"name": "neck_spikes_right",
					"parent": "neck",
					"pivot": [-1.5, 32.5, -5.5],
					"rotation": [0, -45, 0],
					"cubes": [
						{"origin": [-1.5, 30.5, -4.5], "size": [0, 4, 5], "uv": [0, 24]},
						{"origin": [-1.5, 26.5, -4.5], "size": [0, 4, 4], "uv": [46, 31]}
					]
				},
				{
					"name": "legs",
					"parent": "glastrier",
					"pivot": [0, 0, 0]
				},
				{
					"name": "leg_back_right",
					"parent": "legs",
					"pivot": [-4.5, 20, 10.5],
					"cubes": [
						{"origin": [-6.5, 15, 7], "size": [5, 10, 7], "inflate": 0.01, "uv": [41, 18]}
					]
				},
				{
					"name": "leg_back_right2",
					"parent": "leg_back_right",
					"pivot": [-4.5, 15, 7],
					"rotation": [20, 0, 0],
					"cubes": [
						{"origin": [-6.5, 9, 7], "size": [4, 6, 4], "uv": [72, 3]}
					]
				},
				{
					"name": "leg_back_right3",
					"parent": "leg_back_right2",
					"pivot": [-4.5, 9, 11],
					"rotation": [-20, 0, 0],
					"cubes": [
						{"origin": [-6.5, 0, 7.75], "size": [4, 9, 5], "inflate": 0.01, "uv": [58, 8]}
					]
				},
				{
					"name": "foot_back_right",
					"parent": "leg_back_right3",
					"pivot": [-4.5, 1.25, 10.25],
					"cubes": [
						{"origin": [-7, -1.75, 7.25], "size": [5, 3, 6], "inflate": -0.01, "uv": [18, 61]}
					]
				},
				{
					"name": "toe_back_right1",
					"parent": "foot_back_right",
					"pivot": [-2.5, -1.75, 8.25],
					"rotation": [0, -5, 0],
					"cubes": [
						{"origin": [-3.5, -1.75, 6.25], "size": [2, 2, 2], "inflate": 0.01, "uv": [63, 48]},
						{"origin": [-3, 0.25, 6.25], "size": [1, 1, 2], "uv": [0, 52]}
					]
				},
				{
					"name": "toe_back_right2",
					"parent": "foot_back_right",
					"pivot": [-4.5, -1.75, 7.25],
					"cubes": [
						{"origin": [-5.5, -1.75, 6.25], "size": [2, 3, 2], "uv": [24, 81]},
						{"origin": [-5, 1.25, 6.25], "size": [1, 1, 2], "uv": [35, 4]}
					]
				},
				{
					"name": "toe_back_right3",
					"parent": "foot_back_right",
					"pivot": [-6.5, -1.75, 8.25],
					"rotation": [0, 7.5, 0],
					"cubes": [
						{"origin": [-7.5, -1.75, 6.25], "size": [2, 3, 2], "inflate": 0.01, "uv": [81, 20]},
						{"origin": [-7, 1.25, 6.25], "size": [1, 2, 2], "uv": [0, 48]}
					]
				},
				{
					"name": "leg_back_left",
					"parent": "legs",
					"pivot": [4.5, 20, 10.5],
					"cubes": [
						{"origin": [1.5, 15, 7], "size": [5, 10, 7], "inflate": 0.01, "uv": [39, 41]}
					]
				},
				{
					"name": "leg_back_left2",
					"parent": "leg_back_left",
					"pivot": [4.5, 15, 7],
					"rotation": [20, 0, 0],
					"cubes": [
						{"origin": [2.5, 9, 7], "size": [4, 6, 4], "uv": [73, 73]}
					]
				},
				{
					"name": "leg_back_left3",
					"parent": "leg_back_left2",
					"pivot": [4.5, 9, 11],
					"rotation": [-20, 0, 0],
					"cubes": [
						{"origin": [2.5, 0, 7.75], "size": [4, 9, 5], "inflate": 0.01, "uv": [43, 60]}
					]
				},
				{
					"name": "foot_back_left",
					"parent": "leg_back_left3",
					"pivot": [4.5, 1.25, 10.25],
					"cubes": [
						{"origin": [2, -1.75, 7.25], "size": [5, 3, 6], "inflate": -0.01, "uv": [65, 22]}
					]
				},
				{
					"name": "toe_back_left1",
					"parent": "foot_back_left",
					"pivot": [2.5, -1.75, 8.25],
					"rotation": [0, 5, 0],
					"cubes": [
						{"origin": [1.5, -1.75, 6.25], "size": [2, 2, 2], "inflate": 0.01, "uv": [65, 31]},
						{"origin": [2, 0.25, 6.25], "size": [1, 1, 2], "uv": [71, 0]}
					]
				},
				{
					"name": "toe_back_left2",
					"parent": "foot_back_left",
					"pivot": [4.5, -1.75, 7.25],
					"cubes": [
						{"origin": [3.5, -1.75, 6.25], "size": [2, 3, 2], "uv": [56, 81]},
						{"origin": [4, 1.25, 6.25], "size": [1, 1, 2], "uv": [58, 22]}
					]
				},
				{
					"name": "toe_back_left3",
					"parent": "foot_back_left",
					"pivot": [6.5, -1.75, 8.25],
					"rotation": [0, -7.5, 0],
					"cubes": [
						{"origin": [5.5, -1.75, 6.25], "size": [2, 3, 2], "inflate": 0.01, "uv": [48, 81]},
						{"origin": [6, 1.25, 6.25], "size": [1, 2, 2], "uv": [12, 67]}
					]
				},
				{
					"name": "leg_front_left",
					"parent": "legs",
					"pivot": [4.5, 19.5, -8],
					"cubes": [
						{"origin": [2.5, 16, -11], "size": [4, 7, 6], "inflate": 0.01, "uv": [57, 52]},
						{"origin": [2.5, 10, -10], "size": [4, 6, 4], "uv": [32, 74]},
						{"origin": [4, 10, -10.01], "size": [1, 3, 0], "uv": [2, 0]}
					]
				},
				{
					"name": "leg_front_left2",
					"parent": "leg_front_left",
					"pivot": [4.5, 10, -10],
					"cubes": [
						{"origin": [2.5, 1, -10], "size": [4, 8, 4], "inflate": 0.01, "uv": [0, 67]},
						{"origin": [2.5, 8, -10.5], "size": [4, 2, 5], "inflate": 0.02, "uv": [76, 13]}
					]
				},
				{
					"name": "foot_front_left",
					"parent": "leg_front_left2",
					"pivot": [4.5, 2, -8],
					"cubes": [
						{"origin": [2, 0, -10.5], "size": [5, 2, 5], "uv": [16, 70]}
					]
				},
				{
					"name": "toe_front_left1",
					"parent": "foot_front_left",
					"pivot": [2.5, 0, -10],
					"rotation": [0, 10, 0],
					"cubes": [
						{"origin": [1.5, 0, -12], "size": [2, 3, 2], "inflate": 0.01, "uv": [0, 83]},
						{"origin": [2, 3, -12], "size": [1, 1, 2], "uv": [44, 74]}
					]
				},
				{
					"name": "toe_front_left2",
					"parent": "foot_front_left",
					"pivot": [0, 1, 0],
					"cubes": [
						{"origin": [3.5, 0, -12], "size": [2, 4, 2], "uv": [34, 61]},
						{"origin": [4, 4, -12], "size": [1, 1, 2], "uv": [76, 45]}
					]
				},
				{
					"name": "toe_front_left3",
					"parent": "foot_front_left",
					"pivot": [6.5, 0, -10],
					"rotation": [0, -20, 0],
					"cubes": [
						{"origin": [5.5, 0, -12], "size": [2, 4, 2], "inflate": 0.01, "uv": [18, 77]},
						{"origin": [6, 4, -12], "size": [1, 2, 2], "uv": [37, 70]}
					]
				},
				{
					"name": "leg_front_right",
					"parent": "legs",
					"pivot": [-4.5, 19.5, -8],
					"cubes": [
						{"origin": [-6.5, 16, -11], "size": [4, 7, 6], "inflate": 0.01, "uv": [56, 35]},
						{"origin": [-6.5, 10, -10], "size": [4, 6, 4], "uv": [71, 48]},
						{"origin": [-5, 10, -10.01], "size": [1, 3, 0], "uv": [0, 0]}
					]
				},
				{
					"name": "leg_front_right2",
					"parent": "leg_front_right",
					"pivot": [-4.5, 10, -10],
					"cubes": [
						{"origin": [-6.5, 1, -10], "size": [4, 8, 4], "inflate": 0.01, "uv": [61, 65]},
						{"origin": [-6.5, 8, -10.5], "size": [4, 2, 5], "inflate": 0.02, "uv": [48, 74]}
					]
				},
				{
					"name": "foot_front_right",
					"parent": "leg_front_right2",
					"pivot": [-4.5, 2, -8],
					"cubes": [
						{"origin": [-7, 0, -10.5], "size": [5, 2, 5], "uv": [56, 0]}
					]
				},
				{
					"name": "toe_front_right1",
					"parent": "foot_front_right",
					"pivot": [-2.5, 0, -10],
					"rotation": [0, -10, 0],
					"cubes": [
						{"origin": [-3.5, 0, -12], "size": [2, 3, 2], "inflate": 0.01, "uv": [64, 79]},
						{"origin": [-3, 3, -12], "size": [1, 1, 2], "uv": [34, 28]}
					]
				},
				{
					"name": "toe_front_right2",
					"parent": "foot_front_right",
					"pivot": [0, 1, 0],
					"cubes": [
						{"origin": [-5.5, 0, -12], "size": [2, 4, 2], "uv": [54, 35]},
						{"origin": [-5, 4, -12], "size": [1, 1, 2], "uv": [0, 3]}
					]
				},
				{
					"name": "toe_front_right3",
					"parent": "foot_front_right",
					"pivot": [-6.5, 0, -10],
					"rotation": [0, 20, 0],
					"cubes": [
						{"origin": [-7.5, 0, -12], "size": [2, 4, 2], "inflate": 0.01, "uv": [24, 52]},
						{"origin": [-7, 4, -12], "size": [1, 2, 2], "uv": [35, 0]}
					]
				}
			]
		}
	]
}