{
	"format_version": "1.12.0",
	"minecraft:geometry": [
		{
			"description": {
				"identifier": "geometry.golem_amethyst",
				"texture_width": 64,
				"texture_height": 64,
				"visible_bounds_width": 4,
				"visible_bounds_height": 3.5,
				"visible_bounds_offset": [0, 1.25, 0]
			},
			"bones": [
				{
					"name": "golem",
					"pivot": [0, 0, 0]
				},
				{
					"name": "body",
					"parent": "golem",
					"pivot": [0, 0, 0]
				},
				{
					"name": "torso",
					"parent": "body",
					"pivot": [0, 8, 1.25],
					"cubes": [
						{"origin": [-7.5, 6, -6.25], "size": [15, 15, 15], "uv": [0, 0]}
					]
				},
				{
					"name": "bone",
					"parent": "torso",
					"pivot": [0, 27, 0.75],
					"cubes": [
						{"origin": [-6, 21, 0.75], "size": [12, 12, 0], "pivot": [0, 27, 0.75], "rotation": [0, -90, 0], "uv": [40, 52]},
						{"origin": [-6, 21, 0.75], "size": [12, 12, 0], "uv": [40, 52]}
					]
				},
				{
					"name": "bone2",
					"parent": "torso",
					"pivot": [0, 13, 14.75],
					"rotation": [-90, 0, 0],
					"cubes": [
						{"origin": [-6, 7, 14.75], "size": [12, 12, 0], "pivot": [0, 13, 14.75], "rotation": [0, -90, 0], "uv": [40, 52]},
						{"origin": [-6, 7, 14.75], "size": [12, 12, 0], "uv": [40, 52]}
					]
				},
				{
					"name": "head",
					"parent": "torso",
					"pivot": [0, 12.75, -6.25],
					"rotation": [5, 0, 0],
					"cubes": [
						{"origin": [-3, 12.75, -9.25], "size": [6, 3, 4], "uv": [0, 57]},
						{"origin": [-3, 10.75, -12.25], "size": [6, 5, 3], "uv": [0, 49]},
						{"origin": [-3.5, 9.75, -9.25], "size": [7, 3, 4], "uv": [42, 37]}
					]
				},
				{
					"name": "eye_right",
					"parent": "head",
					"pivot": [3, 14, -9.75],
					"cubes": [
						{"origin": [3, 13, -12], "size": [0, 2, 4], "inflate": 0.01, "pivot": [3, 14, -9.75], "rotation": [5, 0, 0], "uv": [56, 30]}
					]
				},
				{
					"name": "eyelid_right",
					"parent": "eye_right",
					"pivot": [2.4, 13.97821, -9.99905],
					"cubes": [
						{"origin": [1.9, 13, -12], "size": [1, 2, 4], "inflate": 0.02, "pivot": [2.9, 14, -9.75], "rotation": [5, 0, 0], "uv": [28, 51]}
					]
				},
				{
					"name": "eye_left",
					"parent": "head",
					"pivot": [-3, 14, -9.75],
					"cubes": [
						{"origin": [-3, 13, -12], "size": [0, 2, 4], "inflate": 0.01, "pivot": [-3, 14, -9.75], "rotation": [5, 0, 0], "uv": [56, 30], "mirror": true}
					]
				},
				{
					"name": "eyelid_left",
					"parent": "eye_left",
					"pivot": [-2.4, 13.97821, -9.99905],
					"cubes": [
						{"origin": [-2.9, 13, -12], "size": [1, 2, 4], "inflate": 0.02, "pivot": [-2.9, 14, -9.75], "rotation": [5, 0, 0], "uv": [15, 53], "mirror": true}
					]
				},
				{
					"name": "jaw",
					"parent": "head",
					"pivot": [0, 10.75, -9.25],
					"cubes": [
						{"origin": [-2.5, 9.75, -12.25], "size": [5, 1, 3], "uv": [38, 30]},
						{"origin": [-2.25, 10.54952, -12.27181], "size": [1, 1, 0], "pivot": [-1.75, 11.24952, -12.27181], "rotation": [2.5, 0, 0], "uv": [11, 0]},
						{"origin": [1.25, 10.54952, -12.27181], "size": [1, 1, 0], "pivot": [1.75, 11.24952, -12.27181], "rotation": [2.5, 0, 0], "uv": [11, 1]}
					]
				},
				{
					"name": "arm_right",
					"parent": "torso",
					"pivot": [-7.5, 11.75, -1.25],
					"cubes": [
						{"origin": [-9.5, 10.25, -2.75], "size": [2, 3, 3], "inflate": 0.01, "uv": [24, 49]}
					]
				},
				{
					"name": "arm_right2",
					"parent": "arm_right",
					"pivot": [-9.5, 11.75, 0.25],
					"cubes": [
						{"origin": [-13.5, 10.25, -2.75], "size": [4, 3, 3], "uv": [0, 6]}
					]
				},
				{
					"name": "hand_right",
					"parent": "arm_right2",
					"pivot": [-13.5, 11.75, -1.25],
					"cubes": [
						{"origin": [-15.5, 10.25, -2.75], "size": [2, 3, 3], "inflate": 0.01, "uv": [45, 9]}
					]
				},
				{
					"name": "finger_right",
					"parent": "hand_right",
					"pivot": [-15, 13, -1.25],
					"cubes": [
						{"origin": [-17, 12.5, -1.75], "size": [2, 1, 1], "uv": [58, 11]},
						{"origin": [-18, 12.5, -1.25], "size": [1, 1, 0], "uv": [0, 8]}
					]
				},
				{
					"name": "finger_right2",
					"parent": "hand_right",
					"pivot": [-15, 11, 0],
					"cubes": [
						{"origin": [-17, 10.5, -0.5], "size": [2, 1, 1], "uv": [52, 31]},
						{"origin": [-18, 10.5, 0], "size": [1, 1, 0], "uv": [0, 7]}
					]
				},
				{
					"name": "finger_right3",
					"parent": "hand_right",
					"pivot": [-15, 11, -2.5],
					"cubes": [
						{"origin": [-17, 10.5, -3], "size": [2, 1, 1], "uv": [0, 45]},
						{"origin": [-18, 10.5, -2.5], "size": [1, 1, 0], "uv": [0, 6]}
					]
				},
				{
					"name": "arm_left",
					"parent": "torso",
					"pivot": [7.5, 11.75, -1.25],
					"cubes": [
						{"origin": [7.5, 10.25, -2.75], "size": [2, 3, 3], "inflate": 0.01, "uv": [14, 41]}
					]
				},
				{
					"name": "arm_left2",
					"parent": "arm_left",
					"pivot": [9.5, 11.75, 0.25],
					"cubes": [
						{"origin": [9.5, 10.25, -2.75], "size": [4, 3, 3], "uv": [0, 0]}
					]
				},
				{
					"name": "hand_left",
					"parent": "arm_left2",
					"pivot": [13.5, 11.75, -1.25],
					"cubes": [
						{"origin": [13.5, 10.25, -2.75], "size": [2, 3, 3], "inflate": 0.01, "uv": [16, 30]}
					]
				},
				{
					"name": "finger_left",
					"parent": "hand_left",
					"pivot": [15, 13, -1.25],
					"cubes": [
						{"origin": [15, 12.5, -1.75], "size": [2, 1, 1], "uv": [58, 0]},
						{"origin": [17, 12.5, -1.25], "size": [1, 1, 0], "uv": [0, 2]}
					]
				},
				{
					"name": "finger_left2",
					"parent": "hand_left",
					"pivot": [15, 11, 0],
					"cubes": [
						{"origin": [15, 10.5, -0.5], "size": [2, 1, 1], "uv": [58, 9]},
						{"origin": [17, 10.5, 0], "size": [1, 1, 0], "uv": [0, 1]}
					]
				},
				{
					"name": "finger_left3",
					"parent": "hand_left",
					"pivot": [15, 11, -2.5],
					"cubes": [
						{"origin": [15, 10.5, -3], "size": [2, 1, 1], "uv": [0, 43]},
						{"origin": [17, 10.5, -2.5], "size": [1, 1, 0], "uv": [0, 0]}
					]
				},
				{
					"name": "leg_right",
					"parent": "body",
					"pivot": [-6.25, 8, 1.25],
					"rotation": [-10, 0, 0],
					"cubes": [
						{"origin": [-8.75, 4, -1.75], "size": [5, 5, 6], "inflate": 0.01, "uv": [22, 30]}
					]
				},
				{
					"name": "leg_right2",
					"parent": "leg_right",
					"pivot": [-6.25, 4, -1.75],
					"rotation": [20, 0, 0],
					"cubes": [
						{"origin": [-8.25, 0, -1.75], "size": [4, 4, 5], "uv": [20, 55]}
					]
				},
				{
					"name": "foot_right",
					"parent": "leg_right2",
					"pivot": [-6.25, 1, 0.75],
					"rotation": [-10, 0, 0],
					"cubes": [
						{"origin": [-8.25, -1, -2.25], "size": [4, 2, 6], "inflate": 0.01, "uv": [20, 41]}
					]
				},
				{
					"name": "toe_right_back",
					"parent": "foot_right",
					"pivot": [-6.25, 1, 3.75],
					"cubes": [
						{"origin": [-6.25, -1, 3.75], "size": [0, 2, 2], "uv": [45, -2]}
					]
				},
				{
					"name": "toes_right_front",
					"parent": "foot_right",
					"pivot": [-6.25, 1, -1.75],
					"cubes": [
						{"origin": [-7.93026, -1, -5.14816], "size": [0, 2, 3], "pivot": [-8.42266, 0, -3.23498], "rotation": [0, 10, 0], "uv": [0, 31]},
						{"origin": [-6.85, -1, -5.25], "size": [0, 2, 3], "uv": [0, 38]},
						{"origin": [-5.65, -1, -5.25], "size": [0, 2, 3], "uv": [58, 10]},
						{"origin": [-4.56777, -1, -5.14781], "size": [0, 2, 3], "pivot": [-4.07537, 0, -3.23463], "rotation": [0, -10, 0], "uv": [58, 0]}
					]
				},
				{
					"name": "leg_left",
					"parent": "body",
					"pivot": [6.25, 8, 1.25],
					"rotation": [-10, 0, 0],
					"cubes": [
						{"origin": [3.75, 4, -1.75], "size": [5, 5, 6], "inflate": 0.01, "uv": [0, 30]}
					]
				},
				{
					"name": "leg_left2",
					"parent": "leg_left",
					"pivot": [6.25, 4, -1.75],
					"rotation": [20, 0, 0],
					"cubes": [
						{"origin": [4.25, 0, -1.75], "size": [4, 4, 5], "uv": [45, 0]}
					]
				},
				{
					"name": "foot_left",
					"parent": "leg_left2",
					"pivot": [6.25, 1, 0.75],
					"rotation": [-10, 0, 0],
					"cubes": [
						{"origin": [4.25, -1, -2.25], "size": [4, 2, 6], "inflate": 0.01, "uv": [0, 41]}
					]
				},
				{
					"name": "toe_left_back",
					"parent": "foot_left",
					"pivot": [6.25, 1, 3.75],
					"cubes": [
						{"origin": [6.25, -1, 3.75], "size": [0, 2, 2], "uv": [11, 4]}
					]
				},
				{
					"name": "toes_left_front",
					"parent": "foot_left",
					"pivot": [6.25, 1, -1.75],
					"cubes": [
						{"origin": [7.93026, -1, -5.14816], "size": [0, 2, 3], "pivot": [8.42266, 0, -3.23498], "rotation": [0, -10, 0], "uv": [0, 29]},
						{"origin": [6.85, -1, -5.25], "size": [0, 2, 3], "uv": [0, 27]},
						{"origin": [5.65, -1, -5.25], "size": [0, 2, 3], "uv": [6, 9]},
						{"origin": [4.56777, -1, -5.14781], "size": [0, 2, 3], "pivot": [4.07537, 0, -3.23463], "rotation": [0, 10, 0], "uv": [0, 9]}
					]
				}
			]
		}
	]
}