{
	"format_version": "1.12.0",
	"minecraft:geometry": [
		{
			"description": {
				"identifier": "geometry.golurk",
				"texture_width": 128,
				"texture_height": 128,
				"visible_bounds_width": 7,
				"visible_bounds_height": 4.5,
				"visible_bounds_offset": [0, 1.75, 0]
			},
			"bones": [
				{
					"name": "golurk",
					"pivot": [0, 0, 0]
				},
				{
					"name": "body",
					"parent": "golurk",
					"pivot": [0, 38, 0]
				},
				{
					"name": "torso",
					"parent": "body",
					"pivot": [0, 21.5, 0],
					"cubes": [
						{"origin": [-9, 19, -9], "size": [18, 5, 18], "uv": [0, 40]},
						{"origin": [-7.5, 24, -7.5], "size": [15, 2, 15], "uv": [54, 40]},
						{"origin": [-10, 26, -10], "size": [20, 20, 20], "uv": [0, 0]},
						{"origin": [-8, 33, -11], "size": [11, 5, 1], "pivot": [-1.5, 35.5, -10.5], "rotation": [0, 0, 45], "uv": [27, 63]}
					]
				},
				{
					"name": "head",
					"parent": "torso",
					"pivot": [0.5, 46, 0.5],
					"cubes": [
						{"origin": [-3, 44.75, -3], "size": [6, 6, 6], "uv": [80, 79]},
						{"origin": [-4.5, 49.5, 0.5], "size": [6, 5, 0], "pivot": [1, 50.5, 0.5], "rotation": [0, 0, 10], "uv": [51, 63]}
					]
				},
				{
					"name": "eye_left",
					"parent": "head",
					"pivot": [1.4, 47.5, -2.51],
					"cubes": [
						{"origin": [0.65, 46.5, -3.01], "size": [1, 3, 1], "uv": [15, 0]},
						{"origin": [1.15, 46.5, -3.01], "size": [1, 1, 1], "uv": [4, 18]}
					]
				},
				{
					"name": "eyelid_left",
					"parent": "eye_left",
					"pivot": [1.4, 47.5, -2.41],
					"cubes": [
						{"origin": [0.65, 46.5, -2.91], "size": [1, 3, 1], "inflate": 0.001, "uv": [0, 12]},
						{"origin": [1.15, 46.5, -2.91], "size": [1, 1, 1], "inflate": 0.001, "uv": [0, 18]}
					]
				},
				{
					"name": "eye_right",
					"parent": "head",
					"pivot": [-1.65, 48.25, -2.51],
					"cubes": [
						{"origin": [-1.65, 46.5, -3.01], "size": [1, 3, 1], "uv": [15, 12]}
					]
				},
				{
					"name": "eyelid_right",
					"parent": "eye_right",
					"pivot": [-1.15, 48, -2.41],
					"cubes": [
						{"origin": [-1.65, 46.5, -2.91], "size": [1, 3, 1], "inflate": 0.001, "uv": [0, 0]}
					]
				},
				{
					"name": "arm_right",
					"parent": "torso",
					"pivot": [-13.6, 44, 0],
					"cubes": [
						{"origin": [-18.1, 40.9, 4.5], "size": [7, 7, 2], "pivot": [-13.6, 45.4, -1], "rotation": [0, 0, -45], "uv": [0, 49]},
						{"origin": [-9.6, 41.4, -2.5], "size": [5, 5, 5], "pivot": [-13.6, 45.4, 0], "rotation": [0, 0, -45], "uv": [82, 57]},
						{"origin": [-18.1, 40.9, -6.5], "size": [7, 7, 2], "pivot": [-13.6, 45.4, -1], "rotation": [0, 0, -45], "uv": [0, 40]},
						{"origin": [-19.6, 39.4, -4.5], "size": [10, 10, 9], "pivot": [-13.6, 45.4, 0], "rotation": [0, 0, -45], "uv": [60, 0]}
					]
				},
				{
					"name": "arm_right2",
					"parent": "arm_right",
					"pivot": [-16.1, 43.9, 0],
					"cubes": [
						{"origin": [-25.6, 41.4, -2.5], "size": [9, 5, 5], "uv": [80, 30]}
					]
				},
				{
					"name": "hand_right",
					"parent": "arm_right2",
					"pivot": [-24.85, 44, 0],
					"cubes": [
						{"origin": [-31.6, 38.4, -5.5], "size": [5, 11, 11], "uv": [61, 57]},
						{"origin": [-26.6, 39.4, -4.5], "size": [3, 9, 9], "uv": [56, 79]}
					]
				},
				{
					"name": "hand_right2",
					"parent": "hand_right",
					"pivot": [-31.85, 42.5, 0],
					"cubes": [
						{"origin": [-37.25, 46.9, -2.75], "size": [5, 1, 5], "pivot": [-34.5, 47.4, 0], "rotation": [0, 45, 0], "uv": [0, 12]},
						{"origin": [-38.1, 40.9, -4.5], "size": [7, 6, 9], "uv": [0, 76]}
					]
				},
				{
					"name": "finger_right",
					"parent": "hand_right2",
					"pivot": [-38.1, 46.4, -3.5],
					"cubes": [
						{"origin": [-41.1, 44.4, -4.5], "size": [3, 2, 2], "inflate": 0.001, "uv": [32, 84]}
					]
				},
				{
					"name": "finger_right2",
					"parent": "finger_right",
					"pivot": [-41.1, 46.4, -3.5],
					"cubes": [
						{"origin": [-43.1, 44.4, -4.5], "size": [2, 2, 2], "uv": [0, 76]}
					]
				},
				{
					"name": "finger_right3",
					"parent": "hand_right2",
					"pivot": [-38.1, 46.4, -1.25],
					"cubes": [
						{"origin": [-41.1, 44.4, -2.25], "size": [3, 2, 2], "inflate": 0.001, "uv": [27, 69]}
					]
				},
				{
					"name": "finger_right4",
					"parent": "finger_right3",
					"pivot": [-41.1, 46.4, -1.25],
					"cubes": [
						{"origin": [-44.1, 44.4, -2.25], "size": [3, 2, 2], "uv": [0, 67]}
					]
				},
				{
					"name": "finger_right5",
					"parent": "hand_right2",
					"pivot": [-38.1, 46.4, 1],
					"cubes": [
						{"origin": [-41.1, 44.4, 0], "size": [3, 2, 2], "inflate": 0.001, "uv": [0, 63]}
					]
				},
				{
					"name": "finger_right6",
					"parent": "finger_right5",
					"pivot": [-41.1, 46.4, 1],
					"cubes": [
						{"origin": [-43.1, 44.4, 0], "size": [2, 2, 2], "uv": [63, 63]}
					]
				},
				{
					"name": "finger_right7",
					"parent": "hand_right2",
					"pivot": [-38.1, 46.4, 3.25],
					"cubes": [
						{"origin": [-40.1, 44.4, 2.25], "size": [2, 2, 2], "inflate": 0.001, "uv": [60, 4]}
					]
				},
				{
					"name": "finger_right8",
					"parent": "finger_right7",
					"pivot": [-40.1, 46.4, 3.25],
					"cubes": [
						{"origin": [-42.1, 44.4, 2.25], "size": [2, 2, 2], "uv": [60, 0]}
					]
				},
				{
					"name": "finger_right9",
					"parent": "hand_right2",
					"pivot": [-35.6, 43.15, -3.5],
					"cubes": [
						{"origin": [-38.1, 41.65, -5.5], "size": [3, 3, 3], "inflate": 0.001, "uv": [71, 79]}
					]
				},
				{
					"name": "finger_right10",
					"parent": "finger_right9",
					"pivot": [-38.1, 43.15, -5.5],
					"cubes": [
						{"origin": [-41.1, 41.65, -5.5], "size": [3, 3, 3], "uv": [54, 49]}
					]
				},
				{
					"name": "arm_left",
					"parent": "torso",
					"pivot": [13.6, 44, 0],
					"cubes": [
						{"origin": [11.1, 40.9, 4.5], "size": [7, 7, 2], "pivot": [13.6, 45.4, -1], "rotation": [0, 0, 45], "uv": [0, 49], "mirror": true},
						{"origin": [4.6, 41.4, -2.5], "size": [5, 5, 5], "pivot": [13.6, 45.4, 0], "rotation": [0, 0, 45], "uv": [82, 57], "mirror": true},
						{"origin": [11.1, 40.9, -6.5], "size": [7, 7, 2], "pivot": [13.6, 45.4, -1], "rotation": [0, 0, 45], "uv": [0, 40], "mirror": true},
						{"origin": [9.6, 39.4, -4.5], "size": [10, 10, 9], "pivot": [13.6, 45.4, 0], "rotation": [0, 0, 45], "uv": [60, 0], "mirror": true}
					]
				},
				{
					"name": "arm_left2",
					"parent": "arm_left",
					"pivot": [16.1, 43.9, 0],
					"cubes": [
						{"origin": [16.6, 41.4, -2.5], "size": [9, 5, 5], "uv": [80, 30], "mirror": true}
					]
				},
				{
					"name": "hand_left",
					"parent": "arm_left2",
					"pivot": [24.85, 44, 0],
					"cubes": [
						{"origin": [26.6, 38.4, -5.5], "size": [5, 11, 11], "uv": [61, 57], "mirror": true},
						{"origin": [23.6, 39.4, -4.5], "size": [3, 9, 9], "uv": [56, 79], "mirror": true}
					]
				},
				{
					"name": "hand_left2",
					"parent": "hand_left",
					"pivot": [31.85, 42.5, 0],
					"cubes": [
						{"origin": [32.25, 46.9, -2.75], "size": [5, 1, 5], "pivot": [34.5, 47.4, 0], "rotation": [0, -45, 0], "uv": [0, 12], "mirror": true},
						{"origin": [31.1, 40.9, -4.5], "size": [7, 6, 9], "uv": [0, 76], "mirror": true}
					]
				},
				{
					"name": "finger_left",
					"parent": "hand_left2",
					"pivot": [38.1, 46.4, -3.5],
					"cubes": [
						{"origin": [38.1, 44.4, -4.5], "size": [3, 2, 2], "inflate": 0.001, "uv": [32, 84], "mirror": true}
					]
				},
				{
					"name": "finger_left2",
					"parent": "finger_left",
					"pivot": [41.1, 46.4, -3.5],
					"cubes": [
						{"origin": [41.1, 44.4, -4.5], "size": [2, 2, 2], "uv": [0, 76], "mirror": true}
					]
				},
				{
					"name": "finger_left3",
					"parent": "hand_left2",
					"pivot": [38.1, 46.4, -1.25],
					"cubes": [
						{"origin": [38.1, 44.4, -2.25], "size": [3, 2, 2], "inflate": 0.001, "uv": [27, 69], "mirror": true}
					]
				},
				{
					"name": "finger_left4",
					"parent": "finger_left3",
					"pivot": [41.1, 46.4, -1.25],
					"cubes": [
						{"origin": [41.1, 44.4, -2.25], "size": [3, 2, 2], "uv": [0, 67], "mirror": true}
					]
				},
				{
					"name": "finger_left5",
					"parent": "hand_left2",
					"pivot": [38.1, 46.4, 1],
					"cubes": [
						{"origin": [38.1, 44.4, 0], "size": [3, 2, 2], "inflate": 0.001, "uv": [0, 63], "mirror": true}
					]
				},
				{
					"name": "finger_left6",
					"parent": "finger_left5",
					"pivot": [41.1, 46.4, 1],
					"cubes": [
						{"origin": [41.1, 44.4, 0], "size": [2, 2, 2], "uv": [63, 63], "mirror": true}
					]
				},
				{
					"name": "finger_left7",
					"parent": "hand_left2",
					"pivot": [38.1, 46.4, 3.25],
					"cubes": [
						{"origin": [38.1, 44.4, 2.25], "size": [2, 2, 2], "inflate": 0.001, "uv": [60, 4], "mirror": true}
					]
				},
				{
					"name": "finger_left8",
					"parent": "finger_left7",
					"pivot": [40.1, 46.4, 3.25],
					"cubes": [
						{"origin": [40.1, 44.4, 2.25], "size": [2, 2, 2], "uv": [60, 0], "mirror": true}
					]
				},
				{
					"name": "finger_left9",
					"parent": "hand_left2",
					"pivot": [35.6, 43.15, -3.5],
					"cubes": [
						{"origin": [35.1, 41.65, -5.5], "size": [3, 3, 3], "inflate": 0.001, "uv": [71, 79], "mirror": true}
					]
				},
				{
					"name": "finger_left10",
					"parent": "finger_left9",
					"pivot": [38.1, 43.15, -5.5],
					"cubes": [
						{"origin": [38.1, 41.65, -5.5], "size": [3, 3, 3], "uv": [54, 49], "mirror": true}
					]
				},
				{
					"name": "leg_right",
					"parent": "body",
					"pivot": [-5, 20, 0],
					"cubes": [
						{"origin": [-7.5, 14, -2.5], "size": [5, 7, 5], "uv": [0, 0]}
					]
				},
				{
					"name": "leg_right2",
					"parent": "leg_right",
					"pivot": [-5, 15, -0.25],
					"cubes": [
						{"origin": [-6.5, 10, -2.25], "size": [3, 5, 4], "uv": [54, 40]}
					]
				},
				{
					"name": "foot_right",
					"parent": "leg_right2",
					"pivot": [-5, 10.5, 0],
					"cubes": [
						{"origin": [-8.5, 7, -3.5], "size": [7, 4, 7], "uv": [80, 19]},
						{"origin": [-9.5, 2, -4.5], "size": [9, 5, 9], "uv": [29, 70]},
						{"origin": [-9, 0, -7.5], "size": [8, 2, 11], "uv": [0, 63]}
					]
				},
				{
					"name": "leg_left",
					"parent": "body",
					"pivot": [5, 20, 0],
					"cubes": [
						{"origin": [2.5, 14, -2.5], "size": [5, 7, 5], "uv": [0, 0], "mirror": true}
					]
				},
				{
					"name": "leg_left2",
					"parent": "leg_left",
					"pivot": [5, 15, -0.25],
					"cubes": [
						{"origin": [3.5, 10, -2.25], "size": [3, 5, 4], "uv": [54, 40], "mirror": true}
					]
				},
				{
					"name": "foot_left",
					"parent": "leg_left2",
					"pivot": [5, 10.5, 0],
					"cubes": [
						{"origin": [1.5, 7, -3.5], "size": [7, 4, 7], "uv": [80, 19], "mirror": true},
						{"origin": [0.5, 2, -4.5], "size": [9, 5, 9], "uv": [29, 70], "mirror": true},
						{"origin": [1, 0, -7.5], "size": [8, 2, 11], "uv": [0, 63], "mirror": true}
					]
				}
			]
		}
	]
}