{
	"format_version": "1.12.0",
	"minecraft:geometry": [
		{
			"description": {
				"identifier": "geometry.unknown",
				"texture_width": 128,
				"texture_height": 128,
				"visible_bounds_width": 6,
				"visible_bounds_height": 5.5,
				"visible_bounds_offset": [0, 2.25, 0]
			},
			"bones": [
				{
					"name": "houndoom",
					"pivot": [0, 0, 0]
				},
				{
					"name": "body",
					"parent": "houndoom",
					"pivot": [0, 20, 0],
					"cubes": [
						{"origin": [-4.5, 15, -5.25], "size": [9, 9, 9], "uv": [0, 20]},
						{"origin": [-4, 15.75, 3.75], "size": [8, 8, 9], "uv": [28, 30]},
						{"origin": [-3, 14.25, -4.25], "size": [6, 2, 9], "uv": [0, 39]},
						{"origin": [-3, 14.75, 4.75], "size": [6, 1, 7], "uv": [24, 48]},
						{"origin": [-5, 20.75, -0.75], "size": [10, 4, 3], "uv": [51, 48]},
						{"origin": [-4.5, 20.75, 4], "size": [9, 4, 3], "uv": [60, 11]},
						{"origin": [-4.5, 20.5, 8.5], "size": [9, 4, 3], "uv": [54, 0]}
					]
				},
				{
					"name": "tail",
					"parent": "body",
					"pivot": [0, 22.86524, 12.20273],
					"cubes": [
						{"origin": [-1.5, 21.35719, 10.04533], "size": [3, 3, 5], "uv": [48, 75]}
					]
				},
				{
					"name": "tail2",
					"parent": "tail",
					"pivot": [0, 22.85719, 15.04533],
					"cubes": [
						{"origin": [-1, 21.85719, 15.04533], "size": [2, 2, 5], "uv": [81, 14]}
					]
				},
				{
					"name": "tail3",
					"parent": "tail2",
					"pivot": [0, 22.85719, 20.04533],
					"cubes": [
						{"origin": [-1, 21.85719, 20.04533], "size": [2, 2, 5], "uv": [13, 81]}
					]
				},
				{
					"name": "tail4",
					"parent": "tail3",
					"pivot": [0, 22.85719, 25.04533],
					"cubes": [
						{"origin": [-1, 21.85719, 25.04533], "size": [2, 2, 5], "uv": [79, 65]}
					]
				},
				{
					"name": "tail5",
					"parent": "tail4",
					"pivot": [0, 22.85719, 30.04533],
					"cubes": [
						{"origin": [-0.5, 22.35719, 30.04533], "size": [1, 1, 5], "uv": [91, 31]}
					]
				},
				{
					"name": "tail6",
					"parent": "tail5",
					"pivot": [0, 22.85719, 35.04533],
					"cubes": [
						{"origin": [-0.5, 22.35719, 35.04533], "size": [1, 1, 5], "uv": [91, 24]}
					]
				},
				{
					"name": "tail7",
					"parent": "tail6",
					"pivot": [0, 22.85719, 40.04533],
					"cubes": [
						{"origin": [-0.5, 22.35719, 40.04533], "size": [1, 1, 5], "uv": [91, 17]}
					]
				},
				{
					"name": "tail8",
					"parent": "tail7",
					"pivot": [0, 22.85719, 45.04533],
					"cubes": [
						{"origin": [-0.5, 22.35719, 45.04533], "size": [1, 1, 5], "uv": [87, 6]}
					]
				},
				{
					"name": "tail9",
					"parent": "tail8",
					"pivot": [0, 22.85719, 49.54533],
					"cubes": [
						{"origin": [-3.5, 22.85719, 49.04533], "size": [7, 0, 10], "uv": [29, 0]}
					]
				},
				{
					"name": "neck",
					"parent": "body",
					"pivot": [0, 19.775, -2.75],
					"cubes": [
						{"origin": [-3.5, 20.775, -10.25], "size": [7, 5, 14], "pivot": [0, 23.45243, -3.58127], "rotation": [-90, 0, 0], "uv": [0, 0]},
						{"origin": [-1.5, 20.25, -3.5], "size": [3, 1, 4], "pivot": [0, 23.45243, -3.58127], "rotation": [-90, 0, 0], "uv": [88, 0]},
						{"origin": [-5, 19.33343, -5.03249], "size": [3, 9, 2], "pivot": [0, 23.45243, -3.58127], "rotation": [-60, 0, 0], "uv": [0, 89]},
						{"origin": [-2, 25.33343, -5.03249], "size": [4, 3, 2], "pivot": [0, 23.45243, -3.58127], "rotation": [-60, 0, 0], "uv": [89, 64]},
						{"origin": [2, 19.33343, -5.03249], "size": [3, 9, 2], "pivot": [0, 23.45243, -3.58127], "rotation": [-60, 0, 0], "uv": [26, 88]}
					]
				},
				{
					"name": "head",
					"parent": "neck",
					"pivot": [0, 29.775, -4.25],
					"cubes": [
						{"origin": [-4, 29.775, -8.75], "size": [8, 7, 8], "uv": [35, 12]},
						{"origin": [3.61019, 34.70469, -9.59564], "size": [1, 3, 1], "pivot": [4.12465, 34.64378, -8.73822], "rotation": [176.48435, -10.96671, 83.59397], "uv": [106, 22]},
						{"origin": [2.38329, 31.99034, -8.23184], "size": [1, 3, 1], "pivot": [2.88329, 34.63605, -8.4322], "rotation": [94.33694, -13.45211, 85.38024], "uv": [108, 28]},
						{"origin": [-4.61019, 34.70469, -9.59564], "size": [1, 3, 1], "pivot": [-4.12465, 34.64378, -8.73822], "rotation": [176.48435, 10.96671, -83.59397], "uv": [104, 18]},
						{"origin": [-3.38329, 31.99034, -8.23184], "size": [1, 3, 1], "pivot": [-2.88329, 34.63605, -8.4322], "rotation": [94.33694, 13.45211, -85.38024], "uv": [106, 36]},
						{"origin": [-2.5, 30.275, -12.25], "size": [5, 3, 6], "uv": [54, 28]},
						{"origin": [-2, 29.575, -12.15], "size": [1, 1, 0], "uv": [25, 39]},
						{"origin": [1, 29.575, -12.15], "size": [1, 1, 0], "uv": [22, 39]},
						{"origin": [-1, 32.175, -12.75], "size": [2, 1, 1], "uv": [0, 26]}
					]
				},
				{
					"name": "eye_left",
					"parent": "head",
					"pivot": [3.6375, 33.80625, -8.2125],
					"cubes": [
						{"origin": [2.2, 33.1, -8.25], "size": [1, 1, 1], "pivot": [2.675, 33.775, -8.25], "rotation": [0, 90, 0], "uv": [29, 11]},
						{"origin": [2.175, 33.025, -7.225], "size": [1, 2, 0], "pivot": [3.025, 33.775, -8.25], "rotation": [0, 90, 0], "uv": [6, 39]},
						{"origin": [4.15, 33.575, -7.725], "size": [1, 1, 0], "pivot": [3.675, 34.075, -8.25], "rotation": [0, 180, 0], "uv": [37, 28]},
						{"origin": [-5.925, 33.575, -7.725], "size": [1, 1, 0], "pivot": [-4.025, 34.075, -8.25], "rotation": [0, -180, 0], "uv": [37, 28], "mirror": true},
						{"origin": [2.875, 32.775, -7.7], "size": [1, 2, 0], "pivot": [2.775, 33.775, -8.25], "rotation": [0, 180, 0], "uv": [3, 39]}
					]
				},
				{
					"name": "eye_right",
					"parent": "head",
					"pivot": [-3.6375, 33.80625, -8.2125],
					"cubes": [
						{"origin": [-3.55, 33.1, -8.675], "size": [1, 1, 1], "pivot": [-3.025, 33.775, -8.25], "rotation": [0, -90, 0], "uv": [29, 6]},
						{"origin": [-3.175, 33.025, -7.225], "size": [1, 2, 0], "pivot": [-3.025, 33.775, -8.25], "rotation": [0, -90, 0], "uv": [34, 11]},
						{"origin": [-4.45, 32.775, -7.7], "size": [1, 2, 0], "pivot": [-3.025, 33.775, -8.25], "rotation": [0, -180, 0], "uv": [34, 6]}
					]
				},
				{
					"name": "mouth",
					"parent": "head",
					"pivot": [0, 30.275, -6.75],
					"cubes": [
						{"origin": [-1.5, 29.275, -11.75], "size": [3, 1, 5], "uv": [79, 27]}
					]
				},
				{
					"name": "ear_left",
					"parent": "head",
					"pivot": [3.75, 36.275, -3.25],
					"rotation": [-4.74942, 22.24971, 37.00439],
					"cubes": [
						{"origin": [1.75, 33.775, -5.25], "size": [4, 5, 4], "uv": [61, 70]},
						{"origin": [1.75, 37.375, -2.75], "size": [4, 3, 4], "pivot": [3.75, 43.875, -0.75], "rotation": [-24.25, 0, 0], "uv": [74, 76]},
						{"origin": [2.75, 39.02498, 1.30831], "size": [2, 3, 2], "pivot": [3.75, 40.35763, 3.0611], "rotation": [-137, 0, 0], "uv": [29, 0]},
						{"origin": [3.25, 40.64199, 0.87796], "size": [1, 2, 1], "pivot": [3.75, 40.35763, 3.0611], "rotation": [-179, 0, 0], "uv": [28, 24]},
						{"origin": [2.25, 36.50314, 0.53963], "size": [3, 4, 3], "pivot": [3.75, 40.35763, 3.0611], "rotation": [-97.5, 0, 0], "uv": [68, 90]},
						{"origin": [2.25, 36.125, 1.85], "size": [3, 4, 3], "pivot": [3.75, 43.625, 3.35], "rotation": [-62.5, 0, 0], "uv": [90, 39]}
					]
				},
				{
					"name": "ear_right",
					"parent": "head",
					"pivot": [-3.75, 36.275, -3.25],
					"rotation": [-4.74942, -22.24971, -37.00439],
					"cubes": [
						{"origin": [-5.75, 33.775, -5.25], "size": [4, 5, 4], "uv": [0, 66]},
						{"origin": [-5.75, 37.375, -2.75], "size": [4, 3, 4], "pivot": [-3.75, 43.875, -0.75], "rotation": [-24.25, 0, 0], "uv": [76, 34]},
						{"origin": [-4.75, 39.02498, 1.30831], "size": [2, 3, 2], "pivot": [-3.75, 40.35763, 3.0611], "rotation": [-137, 0, 0], "uv": [0, 20]},
						{"origin": [-4.25, 40.64199, 0.87796], "size": [1, 2, 1], "pivot": [-3.75, 40.35763, 3.0611], "rotation": [-179, 0, 0], "uv": [28, 20]},
						{"origin": [-5.25, 36.50314, 0.53963], "size": [3, 4, 3], "pivot": [-3.75, 40.35763, 3.0611], "rotation": [-97.5, 0, 0], "uv": [37, 90]},
						{"origin": [-5.25, 36.125, 1.85], "size": [3, 4, 3], "pivot": [-3.75, 43.625, 3.35], "rotation": [-62.5, 0, 0], "uv": [11, 89]}
					]
				},
				{
					"name": "leg_left_front",
					"parent": "houndoom",
					"pivot": [3.75, 16.75, -3],
					"rotation": [7.5, 0, 0],
					"cubes": [
						{"origin": [1.25, 9.87301, -5.62677], "size": [4, 9, 5], "uv": [46, 56]}
					]
				},
				{
					"name": "leg_left_front2",
					"parent": "leg_left_front",
					"pivot": [3.75, 9.8291, -3.1764],
					"rotation": [-9.25, 0, 0],
					"cubes": [
						{"origin": [1.25, 2.47995, -5.04522], "size": [4, 1, 4], "pivot": [3.75, 2.47995, -3.64522], "rotation": [-2, 0, 0], "uv": [87, 86]},
						{"origin": [1.25, 3.87995, -5.09522], "size": [4, 1, 4], "pivot": [3.75, 2.47995, -3.64522], "rotation": [-2, 0, 0], "uv": [87, 73]},
						{"origin": [1.75, 0.47995, -4.64522], "size": [3, 10, 3], "uv": [35, 68]}
					]
				},
				{
					"name": "leg_left_front3",
					"parent": "leg_left_front2",
					"pivot": [3.75, 0.97995, -2.64522],
					"rotation": [2.5, 0, 0],
					"cubes": [
						{"origin": [1.25, 0.02357, -6.14426], "size": [4, 2, 4], "uv": [61, 80]}
					]
				},
				{
					"name": "leg_right_front",
					"parent": "houndoom",
					"pivot": [-3.75, 16.75, -3],
					"rotation": [7.5, 0, 0],
					"cubes": [
						{"origin": [-5.25, 9.87301, -5.62677], "size": [4, 9, 5], "uv": [0, 51]}
					]
				},
				{
					"name": "leg_right_front2",
					"parent": "leg_right_front",
					"pivot": [-3.75, 9.8291, -3.1764],
					"rotation": [-9.25, 0, 0],
					"cubes": [
						{"origin": [-5.25, 2.47995, -5.04522], "size": [4, 1, 4], "pivot": [-3.75, 2.47995, -3.64522], "rotation": [-2, 0, 0], "uv": [74, 84]},
						{"origin": [-5.25, 3.87995, -5.09522], "size": [4, 1, 4], "pivot": [-3.75, 2.47995, -3.64522], "rotation": [-2, 0, 0], "uv": [84, 58]},
						{"origin": [-4.75, 0.47995, -4.64522], "size": [3, 10, 3], "uv": [0, 0]}
					]
				},
				{
					"name": "leg_right_front3",
					"parent": "leg_right_front2",
					"pivot": [-3.75, 0.97995, -2.64522],
					"rotation": [2.5, 0, 0],
					"cubes": [
						{"origin": [-5.25, 0.02357, -6.14426], "size": [4, 2, 4], "uv": [76, 44]}
					]
				},
				{
					"name": "leg_left_back",
					"parent": "houndoom",
					"pivot": [3.5, 15.83906, 9.28977],
					"rotation": [-9.73968, -0.2998, -0.07833],
					"cubes": [
						{"origin": [1.4992, 10.63468, 6.95551], "size": [4, 8, 5], "uv": [65, 56]}
					]
				},
				{
					"name": "leg_left_back1",
					"parent": "leg_left_back",
					"pivot": [3.4992, 10.65229, 6.99363],
					"rotation": [46.25, 0, 0],
					"cubes": [
						{"origin": [1.4992, 5.6595, 6.95723], "size": [4, 5, 4], "uv": [17, 71]}
					]
				},
				{
					"name": "leg_left_back2",
					"parent": "leg_left_back1",
					"pivot": [3.4992, 5.58748, 10.90336],
					"rotation": [-36.25, 0, 0],
					"cubes": [
						{"origin": [1.4992, -1.38054, 7.46202], "size": [4, 1, 4], "pivot": [3.4992, -0.13054, 9.46202], "rotation": [-2.25, 0, 0], "uv": [87, 80]},
						{"origin": [1.4992, 0.11946, 7.46202], "size": [4, 1, 4], "pivot": [3.4992, -0.13054, 9.46202], "rotation": [-2.25, 0, 0], "uv": [54, 87]},
						{"origin": [1.9992, -3.32248, 7.91267], "size": [3, 9, 3], "uv": [0, 76]}
					]
				},
				{
					"name": "leg_left_back3",
					"parent": "leg_left_back2",
					"pivot": [3.9992, -2.82248, 9.91267],
					"cubes": [
						{"origin": [1.4992, -3.82248, 6.41267], "size": [4, 2, 4], "uv": [79, 51]}
					]
				},
				{
					"name": "leg_right_back",
					"parent": "houndoom",
					"pivot": [-3.5, 15.83906, 9.28977],
					"rotation": [-9.73968, 0.2998, 0.07833],
					"cubes": [
						{"origin": [-5.4992, 10.63468, 6.95551], "size": [4, 8, 5], "uv": [19, 57]}
					]
				},
				{
					"name": "leg_right_back1",
					"parent": "leg_right_back",
					"pivot": [-3.4992, 10.65229, 6.99363],
					"rotation": [46.25, 0, 0],
					"cubes": [
						{"origin": [-5.4992, 5.6595, 6.95723], "size": [4, 5, 4], "uv": [63, 38]}
					]
				},
				{
					"name": "leg_right_back2",
					"parent": "leg_right_back1",
					"pivot": [-3.4992, 5.58748, 10.90336],
					"rotation": [-36.25, 0, 0],
					"cubes": [
						{"origin": [-5.4992, -1.38054, 7.46202], "size": [4, 1, 4], "pivot": [-3.4992, -0.13054, 9.46202], "rotation": [-2.25, 0, 0], "uv": [41, 84]},
						{"origin": [-5.4992, 0.11946, 7.46202], "size": [4, 1, 4], "pivot": [-3.4992, -0.13054, 9.46202], "rotation": [-2.25, 0, 0], "uv": [28, 82]},
						{"origin": [-4.9992, -3.32248, 7.91267], "size": [3, 9, 3], "uv": [71, 19]}
					]
				},
				{
					"name": "leg_right_back3",
					"parent": "leg_right_back2",
					"pivot": [-3.9992, -2.82248, 9.91267],
					"cubes": [
						{"origin": [-5.4992, -3.82248, 6.41267], "size": [4, 2, 4], "uv": [75, 4]}
					]
				}
			]
		}
	]
}