{
	"format_version": "1.12.0",
	"minecraft:geometry": [
		{
			"description": {
				"identifier": "geometry.kartana",
				"texture_width": 64,
				"texture_height": 32,
				"visible_bounds_width": 4,
				"visible_bounds_height": 3.5,
				"visible_bounds_offset": [0, 1.25, 0]
			},
			"bones": [
				{
					"name": "kartana",
					"pivot": [0, 0, 0]
				},
				{
					"name": "body",
					"parent": "kartana",
					"pivot": [0, 0, 0]
				},
				{
					"name": "torso",
					"parent": "body",
					"pivot": [0, 12.4, 1.8],
					"cubes": [
						{"origin": [-2.41, 12.4, 0.79], "size": [1, 3, 0], "pivot": [-0.41329, 13.9, 0.79248], "rotation": [0, 37.5, 0], "uv": [18, 0]},
						{"origin": [1.02929, 13, 0.999], "size": [2, 2, 1], "pivot": [-0.07071, 16, 1], "rotation": [0, 0, 45], "uv": [8, 16]},
						{"origin": [-2, 12.4, 2.01], "size": [4, 3, 0], "uv": [14, 13]},
						{"origin": [1.41, 12.4, 0.79], "size": [1, 3, 0], "pivot": [0.41329, 13.9, 0.79248], "rotation": [0, -37.5, 0], "uv": [16, 0]},
						{"origin": [-1.5, 13, 0.989], "size": [3, 2, 1], "uv": [0, 16]},
						{"origin": [-1.5, 13.5, 0.989], "size": [3, 1, 1], "inflate": 0.02, "uv": [14, 16]},
						{"origin": [-0.14142, 14.2, 0.999], "size": [2, 2, 1], "pivot": [-0.14142, 16, 1], "rotation": [0, 0, 45], "uv": [14, 10]},
						{"origin": [-0.5, 13.2, 0], "size": [1, 2, 1], "inflate": 0.1, "uv": [18, 3]}
					]
				},
				{
					"name": "head",
					"parent": "torso",
					"pivot": [0, 14.7, 1.8],
					"cubes": [
						{"origin": [-2.5, 17.4, 1.79], "size": [5, 5, 0], "pivot": [0, 19.9, 0.8], "rotation": [0, 0, 45], "uv": [0, 0]},
						{"origin": [-2.89948, 14.76747, 1.81], "size": [3, 6, 0], "pivot": [-0.39948, 18.26747, 0.8], "rotation": [0, 0, -17.5], "uv": [0, 5]},
						{"origin": [-0.10052, 14.76747, 1.8], "size": [3, 6, 0], "pivot": [0.39948, 18.26747, 0.8], "rotation": [0, 0, 17.5], "uv": [6, 5]},
						{"origin": [-0.5, 17.4, 0.8], "size": [3, 3, 1], "pivot": [0, 19.9, 0.8], "rotation": [0, 0, 45], "uv": [12, 6]},
						{"origin": [-2.5, 17.4, 1.78], "size": [5, 5, 0], "pivot": [0, 19.9, 0.8], "rotation": [0, 0, 45], "uv": [0, 11]},
						{"origin": [-0.3, 17.7, 0.7], "size": [1, 1, 0], "pivot": [0, 19.9, 0.8], "rotation": [0, 0, 45], "uv": [12, 12]},
						{"origin": [0.5, 17.4, 0.79], "size": [1, 3, 0], "pivot": [0, 19.9, 0.8], "rotation": [0, 0, 45], "uv": [12, 13]},
						{"origin": [-0.5, 17, 0.78], "size": [1, 3, 0], "pivot": [0, 18.48579, 0.7], "rotation": [0, 0, -45], "uv": [10, 13]},
						{"origin": [-0.7, 17.7, 0.7], "size": [1, 1, 0], "pivot": [0, 19.9, 0.8], "rotation": [0, 0, -45], "uv": [12, 11]},
						{"origin": [-0.5, 19.4, 0.7], "size": [1, 1, 0], "pivot": [0, 19.9, 0.8], "rotation": [0, 0, -45], "uv": [10, 11]},
						{"origin": [-2.5, 17.4, 0.7], "size": [1, 1, 0], "pivot": [0, 19.9, 0.8], "rotation": [0, 0, -45], "uv": [10, 12]}
					]
				},
				{
					"name": "antenna_right",
					"parent": "head",
					"pivot": [0, 19.2, 1.7],
					"cubes": [
						{"origin": [-1.64, 20.7, 1.7], "size": [3, 1, 0], "pivot": [-1.13137, 21.45563, 1.79], "rotation": [0, 0, 58], "uv": [10, 0]}
					]
				},
				{
					"name": "antenna_right2",
					"parent": "antenna_right",
					"pivot": [-1.6, 21.7, 1.7],
					"cubes": [
						{"origin": [-4.63, 20.2, 1.7], "size": [3, 2, 0], "pivot": [-1.13137, 21.45563, 1.79], "rotation": [0, 0, 58], "uv": [10, 1]}
					]
				},
				{
					"name": "antenna_left",
					"parent": "head",
					"pivot": [0, 19.2, 1.7],
					"cubes": [
						{"origin": [-1.36, 20.7, 1.7], "size": [3, 1, 0], "pivot": [1.13137, 21.45563, 1.79], "rotation": [0, 0, -58], "uv": [12, 3], "mirror": true}
					]
				},
				{
					"name": "antenna_left2",
					"parent": "antenna_left",
					"pivot": [1.6, 21.7, 1.7],
					"cubes": [
						{"origin": [1.63, 20.2, 1.7], "size": [3, 2, 0], "pivot": [1.13137, 21.45563, 1.79], "rotation": [0, 0, -58], "uv": [12, 4], "mirror": true}
					]
				},
				{
					"name": "left_ribbon",
					"parent": "torso",
					"pivot": [1.71447, 14.26, 0.9],
					"cubes": [
						{"origin": [1.4, 13.3, 0.9], "size": [1, 13, 0], "pivot": [3, 14.4, 0.6], "rotation": [0, 0, 52.5], "uv": [0, 19]}
					]
				},
				{
					"name": "right_ribbon",
					"parent": "torso",
					"pivot": [-1.71447, 14.26, 0.9],
					"cubes": [
						{"origin": [-2.4, 13.3, 0.9], "size": [1, 13, 0], "pivot": [-3, 14.4, 0.6], "rotation": [0, 0, -52.5], "uv": [0, 19], "mirror": true}
					]
				},
				{
					"name": "left_ribbon2",
					"parent": "torso",
					"pivot": [1.01894, 14.14683, 0.8],
					"cubes": [
						{"origin": [1, 12.6, 0.8], "size": [1, 12, 0], "pivot": [3, 14.4, 0.6], "rotation": [0, 0, 52.5], "uv": [2, 19]}
					]
				},
				{
					"name": "right_ribbon2",
					"parent": "torso",
					"pivot": [-1.01894, 14.14683, 0.8],
					"cubes": [
						{"origin": [-2, 12.6, 0.8], "size": [1, 12, 0], "pivot": [-3, 14.4, 0.6], "rotation": [0, 0, -52.5], "uv": [2, 19], "mirror": true}
					]
				},
				{
					"name": "left_ribbon3",
					"parent": "torso",
					"pivot": [0.25813, 14.51517, 0.7],
					"cubes": [
						{"origin": [0.3, 12.3, 0.7], "size": [1, 11, 0], "pivot": [3, 14.4, 0.6], "rotation": [0, 0, 52.5], "uv": [4, 19]}
					]
				},
				{
					"name": "right_ribbon3",
					"parent": "torso",
					"pivot": [-0.25813, 14.51517, 0.7],
					"cubes": [
						{"origin": [-1.3, 12.3, 0.7], "size": [1, 11, 0], "pivot": [-3, 14.4, 0.6], "rotation": [0, 0, -52.5], "uv": [4, 19], "mirror": true}
					]
				},
				{
					"name": "left_arm",
					"parent": "torso",
					"pivot": [0, 14.1, 0.5],
					"cubes": [
						{"origin": [0, 13.2, 0.5], "size": [6, 2, 0], "uv": [22, 2]}
					]
				},
				{
					"name": "left_arm2",
					"parent": "left_arm",
					"pivot": [6, 14.2, 0.5],
					"cubes": [
						{"origin": [6, 12.7, 0.5], "size": [6, 3, 0], "uv": [22, 4]}
					]
				},
				{
					"name": "left_hand",
					"parent": "left_arm2",
					"pivot": [12, 14.3, 0.5],
					"cubes": [
						{"origin": [12, 11.3, 0.5], "size": [7, 6, 0], "uv": [6, 25]}
					]
				},
				{
					"name": "right_arm",
					"parent": "torso",
					"pivot": [0, 14.1, 0.5],
					"cubes": [
						{"origin": [-6, 13.2, 0.5], "size": [6, 2, 0], "uv": [20, 0], "mirror": true}
					]
				},
				{
					"name": "right_arm2",
					"parent": "right_arm",
					"pivot": [-6, 14.2, 0.5],
					"cubes": [
						{"origin": [-12, 12.7, 0.5], "size": [6, 3, 0], "uv": [20, 7], "mirror": true}
					]
				},
				{
					"name": "right_hand",
					"parent": "right_arm2",
					"pivot": [-12, 14.3, 0.5],
					"cubes": [
						{"origin": [-19, 11.3, 0.5], "size": [7, 6, 0], "uv": [6, 19], "mirror": true}
					]
				},
				{
					"name": "abdomen",
					"parent": "body",
					"pivot": [0, 12.4, 2],
					"cubes": [
						{"origin": [-1.5, 10.4, 2], "size": [3, 2, 0], "uv": [20, 10]}
					]
				},
				{
					"name": "right_leg",
					"parent": "abdomen",
					"pivot": [-0.30307, 11.62681, 2],
					"cubes": [
						{"origin": [-2.74023, 9.11256, 2.001], "size": [3, 2, 0], "pivot": [-1.74023, 10.31256, 2], "rotation": [0, 0, -46], "uv": [20, 20]}
					]
				},
				{
					"name": "right_leg2",
					"parent": "right_leg",
					"pivot": [-1.90307, 9.82681, 2],
					"cubes": [
						{"origin": [-7.10307, 4.32681, 2], "size": [6, 4, 0], "pivot": [-4.30307, 7.22681, 2], "rotation": [0, 0, -71], "uv": [22, 12]}
					]
				},
				{
					"name": "right_leg3",
					"parent": "right_leg2",
					"pivot": [-4.80307, 4.42681, 2],
					"cubes": [
						{"origin": [-12.10307, 4.32681, 2], "size": [5, 4, 0], "pivot": [-4.30307, 7.22681, 2], "rotation": [0, 0, -71], "uv": [22, 16]}
					]
				},
				{
					"name": "left_leg",
					"parent": "abdomen",
					"pivot": [0.30307, 11.62681, 2],
					"cubes": [
						{"origin": [-0.25977, 9.11256, 2.001], "size": [3, 2, 0], "pivot": [1.74023, 10.31256, 2], "rotation": [0, 0, 46], "uv": [26, 20], "mirror": true}
					]
				},
				{
					"name": "left_leg2",
					"parent": "left_leg",
					"pivot": [1.90307, 9.82681, 2],
					"cubes": [
						{"origin": [1.10307, 4.32681, 2], "size": [6, 4, 0], "pivot": [4.30307, 7.22681, 2], "rotation": [0, 0, 71], "uv": [20, 26], "mirror": true}
					]
				},
				{
					"name": "left_leg3",
					"parent": "left_leg2",
					"pivot": [4.80307, 4.42681, 2],
					"cubes": [
						{"origin": [7.10307, 4.32681, 2], "size": [5, 4, 0], "pivot": [4.30307, 7.22681, 2], "rotation": [0, 0, 71], "uv": [20, 22], "mirror": true}
					]
				}
			]
		}
	]
}