{
	"format_version": "1.12.0",
	"minecraft:geometry": [
		{
			"description": {
				"identifier": "geometry.komala",
				"texture_width": 64,
				"texture_height": 64,
				"visible_bounds_width": 3,
				"visible_bounds_height": 2.5,
				"visible_bounds_offset": [0, 0.75, 0]
			},
			"bones": [
				{
					"name": "komala",
					"pivot": [0, 0, 0]
				},
				{
					"name": "body",
					"parent": "komala",
					"pivot": [0, 9, 0]
				},
				{
					"name": "log",
					"parent": "body",
					"pivot": [0, 5, -9],
					"cubes": [
						{"origin": [-4, 0, -13], "size": [8, 10, 8], "uv": [32, 46]},
						{"origin": [-2, 10, -10.5], "size": [4, 0, 3], "pivot": [-2, 10, -9], "rotation": [0, 0, -15], "uv": [29, 51]}
					]
				},
				{
					"name": "torso",
					"parent": "body",
					"pivot": [0, 9, 0],
					"cubes": [
						{"origin": [-3, 4, -2.5], "size": [6, 7, 5], "uv": [27, 31]}
					]
				},
				{
					"name": "head",
					"parent": "torso",
					"pivot": [0, 10, 0],
					"cubes": [
						{"origin": [-5.5, 9.5, -4.5], "size": [11, 9, 9], "uv": [0, 0]},
						{"origin": [-6, 12, -4.6], "size": [12, 4, 0], "uv": [0, 60]}
					]
				},
				{
					"name": "ear_left",
					"parent": "head",
					"pivot": [4.5, 17.5, 0],
					"cubes": [
						{"origin": [3.5, 13, 0], "size": [8, 7, 0], "uv": [31, 0]}
					]
				},
				{
					"name": "ear_right",
					"parent": "head",
					"pivot": [-4.5, 17.5, 0],
					"cubes": [
						{"origin": [-11.5, 13, 0], "size": [8, 7, 0], "uv": [24, 18]}
					]
				},
				{
					"name": "eye_left",
					"parent": "head",
					"pivot": [3.5, 13, -4.51],
					"cubes": [
						{"origin": [2, 12, -4.51], "size": [3, 2, 0], "uv": [37, 7]}
					]
				},
				{
					"name": "eye_right",
					"parent": "head",
					"pivot": [-3.5, 13, -4.51],
					"cubes": [
						{"origin": [-5, 12, -4.51], "size": [3, 2, 0], "uv": [21, 26]}
					]
				},
				{
					"name": "eyebrow_left",
					"parent": "head",
					"pivot": [3.5, 16, -4.51],
					"rotation": [0, 0, 12.5],
					"cubes": [
						{"origin": [2, 15, -4.51], "size": [3, 2, 0], "uv": [40, 20]}
					]
				},
				{
					"name": "eyebrow_right",
					"parent": "head",
					"pivot": [-3.5, 16, -4.51],
					"rotation": [0, 0, -12.5],
					"cubes": [
						{"origin": [-5, 15, -4.51], "size": [3, 2, 0], "uv": [31, 7]}
					]
				},
				{
					"name": "mouth_closed",
					"parent": "head",
					"pivot": [0, 10.5, -4.51],
					"cubes": [
						{"origin": [-1.5, 10, -4.51], "size": [3, 1, 0], "inflate": 0.02, "uv": [0, 8]},
						{"origin": [-2.5, 10.25, -4.51], "size": [5, 1, 0], "uv": [0, 32]}
					]
				},
				{
					"name": "mouth_open",
					"parent": "head",
					"pivot": [0, 10.5, -4.41],
					"cubes": [
						{"origin": [-1.5, 9.75, -4.41], "size": [3, 1, 0], "inflate": 0.01, "uv": [0, 33]},
						{"origin": [-1, 10.25, -4.41], "size": [2, 1, 0], "uv": [4, 33]}
					]
				},
				{
					"name": "nose",
					"parent": "head",
					"pivot": [0, 14, -4.5],
					"rotation": [-7.5, 0, 0],
					"cubes": [
						{"origin": [-1.5, 11.5, -6], "size": [3, 5, 2], "uv": [40, 13]}
					]
				},
				{
					"name": "energists_cap",
					"parent": "head",
					"pivot": [0, 18.5, -0.25],
					"cubes": [
						{"origin": [-4, 19, -1.25], "size": [2, 3, 2], "uv": [8, 55]},
						{"origin": [-3.5, 21, -0.75], "size": [1, 1, 1], "inflate": 0.01, "uv": [0, 50]},
						{"origin": [2, 19, -1.25], "size": [2, 3, 2], "uv": [0, 55]},
						{"origin": [2.5, 21, -0.75], "size": [1, 1, 1], "inflate": 0.01, "uv": [0, 48]}
					]
				},
				{
					"name": "bone",
					"parent": "energists_cap",
					"pivot": [-2, 19, -0.25],
					"rotation": [-19.67297, -4.92908, 87.50303],
					"cubes": [
						{"origin": [-2, 15, -0.75], "size": [0, 4, 1], "uv": [18, 52]}
					]
				},
				{
					"name": "bone2",
					"parent": "bone",
					"pivot": [-2, 15, -0.25],
					"rotation": [0, 0, -80],
					"cubes": [
						{"origin": [-2, 11, -0.75], "size": [0, 4, 1], "uv": [16, 52]}
					]
				},
				{
					"name": "bone3",
					"parent": "bone2",
					"pivot": [-2, 11, 0.25],
					"rotation": [-15, 0, 0],
					"cubes": [
						{"origin": [-2, 8, -1.75], "size": [0, 3, 2], "uv": [16, 55]}
					]
				},
				{
					"name": "bone4",
					"parent": "energists_cap",
					"pivot": [2, 19, -0.25],
					"rotation": [-19.67297, 4.92908, -87.50303],
					"cubes": [
						{"origin": [2, 15, -0.75], "size": [0, 4, 1], "uv": [18, 52], "mirror": true}
					]
				},
				{
					"name": "bone5",
					"parent": "bone4",
					"pivot": [2, 15, -0.25],
					"rotation": [0, 0, 80],
					"cubes": [
						{"origin": [2, 11, -0.75], "size": [0, 4, 1], "uv": [16, 52], "mirror": true}
					]
				},
				{
					"name": "bone6",
					"parent": "bone5",
					"pivot": [2, 11, 0.25],
					"rotation": [-15, 0, 0],
					"cubes": [
						{"origin": [2, 8, -1.75], "size": [0, 3, 2], "uv": [16, 55], "mirror": true}
					]
				},
				{
					"name": "energy_hat_small",
					"parent": "energists_cap",
					"pivot": [0, 18.5, -0.25],
					"cubes": [
						{"origin": [-2, 18.5, -2.25], "size": [4, 3, 4], "uv": [0, 48]}
					]
				},
				{
					"name": "energy_hat_small_brim",
					"parent": "energy_hat_small",
					"pivot": [-0.5, 18.75, 0.75],
					"cubes": [
						{"origin": [0, 18.75, -4.25], "size": [2, 0, 2], "pivot": [0, 18.75, 0.75], "rotation": [0, 0, 5], "uv": [10, 48]},
						{"origin": [-2, 18.75, -4.25], "size": [2, 0, 2], "pivot": [0, 18.75, 0.75], "rotation": [0, 0, -5], "uv": [4, 55]}
					]
				},
				{
					"name": "arm_left",
					"parent": "torso",
					"pivot": [2.5, 8, 0],
					"cubes": [
						{"origin": [2.5, 7, -1], "size": [2, 2, 2], "inflate": 0.01, "uv": [0, 22]}
					]
				},
				{
					"name": "arm_left2",
					"parent": "arm_left",
					"pivot": [4.5, 8, 1],
					"cubes": [
						{"origin": [4.5, 7, -1], "size": [2, 2, 2], "uv": [0, 18]}
					]
				},
				{
					"name": "finger_left",
					"parent": "arm_left2",
					"pivot": [6.25, 8, -0.25],
					"rotation": [0, 45, 0],
					"cubes": [
						{"origin": [6.25, 8, -1], "size": [1, 0, 1], "uv": [5, 18]}
					]
				},
				{
					"name": "finger_left2",
					"parent": "arm_left2",
					"pivot": [6.25, 8, 0.25],
					"rotation": [0, -45, 0],
					"cubes": [
						{"origin": [6.25, 8, 0], "size": [1, 0, 1], "uv": [5, 8]}
					]
				},
				{
					"name": "finger_left3",
					"parent": "arm_left2",
					"pivot": [6.5, 8, 0],
					"cubes": [
						{"origin": [6.25, 8, -0.5], "size": [1, 0, 1], "inflate": 0.01, "uv": [5, 5]}
					]
				},
				{
					"name": "arm_right",
					"parent": "torso",
					"pivot": [-2.5, 8, 0],
					"cubes": [
						{"origin": [-4.5, 7, -1], "size": [2, 2, 2], "inflate": 0.01, "uv": [0, 4]}
					]
				},
				{
					"name": "arm_right2",
					"parent": "arm_right",
					"pivot": [-4.5, 8, 1],
					"cubes": [
						{"origin": [-6.5, 7, -1], "size": [2, 2, 2], "uv": [0, 0]}
					]
				},
				{
					"name": "finger_right",
					"parent": "arm_right2",
					"pivot": [-6.25, 8, -0.25],
					"rotation": [0, -45, 0],
					"cubes": [
						{"origin": [-7.25, 8, -1], "size": [1, 0, 1], "uv": [5, 4]}
					]
				},
				{
					"name": "finger_right2",
					"parent": "arm_right2",
					"pivot": [-6.25, 8, 0.25],
					"rotation": [0, 45, 0],
					"cubes": [
						{"origin": [-7.25, 8, 0], "size": [1, 0, 1], "uv": [5, 1]}
					]
				},
				{
					"name": "finger_right3",
					"parent": "arm_right2",
					"pivot": [-6.5, 8, 0],
					"cubes": [
						{"origin": [-7.25, 8, -0.5], "size": [1, 0, 1], "inflate": 0.01, "uv": [5, 0]}
					]
				},
				{
					"name": "fluff_left",
					"parent": "torso",
					"pivot": [2.5, 9.5, 0],
					"cubes": [
						{"origin": [2.5, 9.5, -3], "size": [2, 0, 6], "uv": [26, 25]}
					]
				},
				{
					"name": "fluff_right",
					"parent": "torso",
					"pivot": [-2.5, 9.5, 0],
					"cubes": [
						{"origin": [-4.5, 9.5, -3], "size": [2, 0, 6], "uv": [41, 0]}
					]
				},
				{
					"name": "tail",
					"parent": "torso",
					"pivot": [0, 5, 2.25],
					"cubes": [
						{"origin": [-0.5, 6.25, 2.25], "size": [1, 1, 1], "uv": [40, 22]},
						{"origin": [-1, 4.25, 2.25], "size": [2, 2, 1], "uv": [9, 26]}
					]
				},
				{
					"name": "leg_left",
					"parent": "body",
					"pivot": [2, 5, 0],
					"cubes": [
						{"origin": [0.5, 3, -1.5], "size": [3, 3, 3], "uv": [36, 25]}
					]
				},
				{
					"name": "leg_left2",
					"parent": "leg_left",
					"pivot": [2, 3, -1.5],
					"cubes": [
						{"origin": [0.5, 0, -1.5], "size": [3, 3, 3], "uv": [40, 7]}
					]
				},
				{
					"name": "toe_left",
					"parent": "leg_left2",
					"pivot": [3, 1, -1.5],
					"cubes": [
						{"origin": [3, 0, -2.5], "size": [0, 1, 1], "uv": [6, 18]}
					]
				},
				{
					"name": "toe_left2",
					"parent": "leg_left2",
					"pivot": [2, 1, -1.5],
					"cubes": [
						{"origin": [2, 0, -2.5], "size": [0, 1, 1], "uv": [0, 18]}
					]
				},
				{
					"name": "toe_left3",
					"parent": "leg_left2",
					"pivot": [1, 1, -1.5],
					"cubes": [
						{"origin": [1, 0, -2.5], "size": [0, 1, 1], "uv": [0, 17]}
					]
				},
				{
					"name": "leg_right",
					"parent": "body",
					"pivot": [-2, 5, 0],
					"cubes": [
						{"origin": [-3.5, 3, -1.5], "size": [3, 3, 3], "uv": [12, 26]}
					]
				},
				{
					"name": "leg_right2",
					"parent": "leg_right",
					"pivot": [-2, 3, -1.5],
					"cubes": [
						{"origin": [-3.5, 0, -1.5], "size": [3, 3, 3], "uv": [0, 26]}
					]
				},
				{
					"name": "toe_right",
					"parent": "leg_right2",
					"pivot": [-3, 1, -1.5],
					"cubes": [
						{"origin": [-3, 0, -2.5], "size": [0, 1, 1], "uv": [0, 4]}
					]
				},
				{
					"name": "toe_right2",
					"parent": "leg_right2",
					"pivot": [-2, 1, -1.5],
					"cubes": [
						{"origin": [-2, 0, -2.5], "size": [0, 1, 1], "uv": [0, 3]}
					]
				},
				{
					"name": "toe_right3",
					"parent": "leg_right2",
					"pivot": [-1, 1, -1.5],
					"cubes": [
						{"origin": [-1, 0, -2.5], "size": [0, 1, 1], "uv": [0, 0]}
					]
				}
			]
		}
	]
}