{
	"format_version": "1.12.0",
	"minecraft:geometry": [
		{
			"description": {
				"identifier": "geometry.koraidon",
				"texture_width": 256,
				"texture_height": 256,
				"visible_bounds_width": 11,
				"visible_bounds_height": 5.5,
				"visible_bounds_offset": [0, 2.25, 0]
			},
			"bones": [
				{
					"name": "koraidon",
					"pivot": [0, 0, 0]
				},
				{
					"name": "body",
					"parent": "koraidon",
					"pivot": [0, 4, 1]
				},
				{
					"name": "leg_right",
					"parent": "body",
					"pivot": [-3, 19.5, 0],
					"cubes": [
						{"origin": [-6.5, 11, -3], "size": [6, 10, 6], "inflate": 0.01, "uv": [27, 81], "mirror": true},
						{"origin": [-5.5, 14, 2], "size": [0, 3, 6], "pivot": [-5.5, 15.5, 3], "rotation": [-25, 0, 0], "uv": [26, 0], "mirror": true},
						{"origin": [-5.5, 16, 2.5], "size": [0, 3, 6], "inflate": 0.01, "pivot": [-5.5, 17.5, 3], "rotation": [-7.5, 0, 0], "uv": [0, 0], "mirror": true},
						{"origin": [-5.5, 18, 2.75], "size": [0, 3, 6], "pivot": [-5.5, 19.5, 3], "rotation": [7.5, 0, 0], "uv": [26, 111], "mirror": true}
					]
				},
				{
					"name": "leg_right_2",
					"parent": "leg_right",
					"pivot": [-3.5, 11, 0],
					"cubes": [
						{"origin": [-6, 1, -2.5], "size": [5, 9, 5], "uv": [52, 81], "mirror": true},
						{"origin": [-5.5, 9, -2], "size": [4, 3, 4], "uv": [91, 109], "mirror": true}
					]
				},
				{
					"name": "foot_right",
					"parent": "leg_right_2",
					"pivot": [-3.5, 2, 0],
					"cubes": [
						{"origin": [-6.5, 0, -3], "size": [6, 2, 6], "inflate": 0.01, "uv": [5, 120], "mirror": true},
						{"origin": [-3.5, 0, -7.5], "size": [2, 1, 6], "pivot": [-2.5, 0.5, -2.5], "rotation": [0, -10, 0], "uv": [74, 109], "mirror": true},
						{"origin": [-5, 0, -6.5], "size": [1, 0, 2], "inflate": 0.01, "pivot": [-4.5, 0.5, -2.5], "rotation": [0, 10, 0], "uv": [49, 123], "mirror": true},
						{"origin": [-3, 0, -6.5], "size": [1, 0, 2], "inflate": 0.01, "pivot": [-2.5, 0.5, -2.5], "rotation": [0, -10, 0], "uv": [49, 123], "mirror": true},
						{"origin": [-5.5, 0, -7.5], "size": [2, 1, 6], "pivot": [-4.5, 0.5, -2.5], "rotation": [0, 10, 0], "uv": [15, 109], "mirror": true},
						{"origin": [-2, 0, -6.5], "size": [1, 1, 4], "inflate": 0.01, "pivot": [-1.5, 0.5, -2.5], "rotation": [0, -30, 0], "uv": [84, 97], "mirror": true},
						{"origin": [-6, 0, -6.5], "size": [1, 1, 4], "inflate": 0.01, "pivot": [-5.5, 0.5, -2.5], "rotation": [0, 30, 0], "uv": [89, 9], "mirror": true},
						{"origin": [-3, 0, -8.5], "size": [1, 1, 1], "pivot": [-2.5, 0.5, -2.5], "rotation": [0, -10, 0], "uv": [52, 37], "mirror": true},
						{"origin": [-5, 0, -8.5], "size": [1, 1, 1], "pivot": [-4.5, 0.5, -2.5], "rotation": [0, 10, 0], "uv": [52, 15], "mirror": true},
						{"origin": [-5, 0.5, -7.5], "size": [3, 0, 5], "uv": [112, 68], "mirror": true}
					]
				},
				{
					"name": "leg_left",
					"parent": "body",
					"pivot": [3, 19.5, 0],
					"cubes": [
						{"origin": [0.5, 11, -3], "size": [6, 10, 6], "inflate": 0.01, "uv": [27, 81]},
						{"origin": [5.5, 14, 2], "size": [0, 3, 6], "pivot": [5.5, 15.5, 3], "rotation": [-25, 0, 0], "uv": [26, 0]},
						{"origin": [5.5, 16, 2.5], "size": [0, 3, 6], "inflate": 0.01, "pivot": [5.5, 17.5, 3], "rotation": [-7.5, 0, 0], "uv": [0, 0]},
						{"origin": [5.5, 18, 2.75], "size": [0, 3, 6], "pivot": [5.5, 19.5, 3], "rotation": [7.5, 0, 0], "uv": [26, 111]}
					]
				},
				{
					"name": "leg_left_2",
					"parent": "leg_left",
					"pivot": [3.5, 11, 0],
					"cubes": [
						{"origin": [1, 1, -2.5], "size": [5, 9, 5], "uv": [52, 81]},
						{"origin": [1.5, 9, -2], "size": [4, 3, 4], "uv": [91, 109]}
					]
				},
				{
					"name": "foot_left",
					"parent": "leg_left_2",
					"pivot": [3.5, 2, 0],
					"cubes": [
						{"origin": [0.5, 0, -3], "size": [6, 2, 6], "inflate": 0.01, "uv": [5, 120]},
						{"origin": [2, 0, -6.5], "size": [1, 0, 2], "inflate": 0.01, "pivot": [2.5, 0.5, -2.5], "rotation": [0, 10, 0], "uv": [49, 123]},
						{"origin": [4, 0, -6.5], "size": [1, 0, 2], "inflate": 0.01, "pivot": [4.5, 0.5, -2.5], "rotation": [0, -10, 0], "uv": [49, 123]},
						{"origin": [1.5, 0, -7.5], "size": [2, 1, 6], "pivot": [2.5, 0.5, -2.5], "rotation": [0, 10, 0], "uv": [74, 109]},
						{"origin": [3.5, 0, -7.5], "size": [2, 1, 6], "pivot": [4.5, 0.5, -2.5], "rotation": [0, -10, 0], "uv": [15, 109]},
						{"origin": [1, 0, -6.5], "size": [1, 1, 4], "inflate": 0.01, "pivot": [1.5, 0.5, -2.5], "rotation": [0, 30, 0], "uv": [84, 97]},
						{"origin": [5, 0, -6.5], "size": [1, 1, 4], "inflate": 0.01, "pivot": [5.5, 0.5, -2.5], "rotation": [0, -30, 0], "uv": [89, 9]},
						{"origin": [2, 0, -8.5], "size": [1, 1, 1], "pivot": [2.5, 0.5, -2.5], "rotation": [0, 10, 0], "uv": [52, 37]},
						{"origin": [4, 0, -8.5], "size": [1, 1, 1], "pivot": [4.5, 0.5, -2.5], "rotation": [0, -10, 0], "uv": [52, 15]},
						{"origin": [2, 0.5, -7.5], "size": [3, 0, 5], "uv": [112, 68]}
					]
				},
				{
					"name": "tail",
					"parent": "body",
					"pivot": [0, 18, 0],
					"cubes": [
						{"origin": [-2, 15, -3.5], "size": [4, 5, 6], "uv": [0, 129]},
						{"origin": [-2.5, 15, 2.5], "size": [5, 6, 8], "uv": [0, 81]},
						{"origin": [0, 21, 6.5], "size": [0, 2, 3], "uv": [0, 20]}
					]
				},
				{
					"name": "tail_2",
					"parent": "tail",
					"pivot": [0, 18, 10.5],
					"cubes": [
						{"origin": [-2.5, 15, 10.5], "size": [5, 6, 8], "uv": [73, 73]},
						{"origin": [0, 21, 10.5], "size": [0, 2, 3], "uv": [0, 20]},
						{"origin": [0, 21, 14.5], "size": [0, 2, 3], "uv": [0, 20]}
					]
				},
				{
					"name": "tail_3",
					"parent": "tail_2",
					"pivot": [0, 18, 18.5],
					"cubes": [
						{"origin": [-2.5, 15, 18.5], "size": [5, 6, 8], "uv": [62, 0]},
						{"origin": [0, 21, 22.5], "size": [0, 2, 3], "uv": [0, 20]},
						{"origin": [0, 21, 18.5], "size": [0, 2, 3], "uv": [0, 20]}
					]
				},
				{
					"name": "tail_4",
					"parent": "tail_3",
					"pivot": [0, 18, 26.5],
					"cubes": [
						{"origin": [-2, 15.5, 26.5], "size": [4, 5, 8], "uv": [81, 29]},
						{"origin": [0, 20.5, 26.5], "size": [0, 2, 3], "uv": [0, 20]}
					]
				},
				{
					"name": "tail_5",
					"parent": "tail_4",
					"pivot": [0, 18, 34.5],
					"cubes": [
						{"origin": [-1.5, 16, 34.5], "size": [3, 4, 7], "uv": [70, 97]}
					]
				},
				{
					"name": "tail_6",
					"parent": "tail_5",
					"pivot": [0, 18, 41.5],
					"cubes": [
						{"origin": [-1, 16.5, 41.5], "size": [2, 3, 6], "uv": [106, 103]}
					]
				},
				{
					"name": "tail_7",
					"parent": "tail_6",
					"pivot": [0, 18, 47.5],
					"cubes": [
						{"origin": [-0.5, 17, 47.5], "size": [1, 2, 5], "uv": [113, 79]}
					]
				},
				{
					"name": "tail_8",
					"parent": "tail_7",
					"pivot": [0, 18, 52.5],
					"cubes": [
						{"origin": [-0.5, 17.5, 52.5], "size": [1, 1, 4], "uv": [19, 81]}
					]
				},
				{
					"name": "arm_left",
					"parent": "body",
					"pivot": [6, 33.5, 0],
					"cubes": [
						{"origin": [4, 31.5, -2], "size": [4, 4, 4], "uv": [57, 108]},
						{"origin": [8, 32, -1.5], "size": [5, 3, 3], "uv": [109, 0]}
					]
				},
				{
					"name": "arm_left_2",
					"parent": "arm_left",
					"pivot": [13, 33.5, 0],
					"cubes": [
						{"origin": [13, 31, -2], "size": [9, 5, 4], "uv": [82, 15]},
						{"origin": [13, 33.5, 1], "size": [3, 0, 6], "pivot": [14.5, 33.5, 2], "rotation": [0, -10, 0], "uv": [38, 108]},
						{"origin": [15, 33.5, 1], "size": [2, 0, 5], "pivot": [16, 33.5, 2], "rotation": [0, 20, 0], "uv": [81, 0]}
					]
				},
				{
					"name": "hand_left",
					"parent": "arm_left_2",
					"pivot": [22, 33.5, 0],
					"cubes": [
						{"origin": [21, 31.5, -0.5], "size": [6, 2, 1], "inflate": 0.01, "pivot": [22, 32.5, 0], "rotation": [0, 0, 10], "uv": [15, 36]},
						{"origin": [24.5, 34, -0.5], "size": [2, 1, 0], "inflate": 0.02, "pivot": [22, 34.5, 0], "rotation": [0, 0, -10], "uv": [16, 129]},
						{"origin": [21, 31.5, -0.5], "size": [3, 3, 1], "inflate": 0.02, "pivot": [22, 33.5, 0], "rotation": [0, 0, -45], "uv": [15, 130]},
						{"origin": [21, 33.5, -0.5], "size": [6, 2, 1], "inflate": 0.01, "pivot": [22, 34.5, 0], "rotation": [0, 0, -10], "uv": [0, 36]},
						{"origin": [24.5, 32, -0.5], "size": [2, 1, 0], "inflate": 0.02, "pivot": [22, 32.5, 0], "rotation": [0, 0, 10], "uv": [16, 129]},
						{"origin": [21, 35, -0.5], "size": [5, 1, 1], "pivot": [22, 35.5, 0], "rotation": [0, 0, -30], "uv": [26, 10]},
						{"origin": [21, 31, -0.5], "size": [5, 1, 1], "pivot": [22, 31.5, 0], "rotation": [0, 0, 30], "uv": [0, 10]},
						{"origin": [27, 34, -0.5], "size": [1, 1, 1], "inflate": 0.01, "pivot": [22, 34.5, 0], "rotation": [0, 0, -10], "uv": [57, 37]},
						{"origin": [27, 32, -0.5], "size": [1, 1, 1], "inflate": 0.01, "pivot": [22, 32.5, 0], "rotation": [0, 0, 10], "uv": [56, 17]},
						{"origin": [22, 32, 0], "size": [5, 3, 0], "uv": [62, 15]}
					]
				},
				{
					"name": "arm_right",
					"parent": "body",
					"pivot": [-6, 33.5, 0],
					"cubes": [
						{"origin": [-8, 31.5, -2], "size": [4, 4, 4], "uv": [57, 108], "mirror": true},
						{"origin": [-13, 32, -1.5], "size": [5, 3, 3], "uv": [109, 0], "mirror": true}
					]
				},
				{
					"name": "arm_right_2",
					"parent": "arm_right",
					"pivot": [-13, 33.5, 0],
					"cubes": [
						{"origin": [-22, 31, -2], "size": [9, 5, 4], "uv": [82, 15], "mirror": true},
						{"origin": [-16, 33.5, 1], "size": [3, 0, 6], "pivot": [-14.5, 33.5, 2], "rotation": [0, 10, 0], "uv": [38, 108], "mirror": true},
						{"origin": [-17, 33.5, 1], "size": [2, 0, 5], "pivot": [-16, 33.5, 2], "rotation": [0, -20, 0], "uv": [81, 0], "mirror": true}
					]
				},
				{
					"name": "hand_right",
					"parent": "arm_right_2",
					"pivot": [-22, 33.5, 0],
					"cubes": [
						{"origin": [-27, 31.5, -0.5], "size": [6, 2, 1], "inflate": 0.01, "pivot": [-22, 32.5, 0], "rotation": [0, 0, -10], "uv": [15, 36], "mirror": true},
						{"origin": [-27, 33.5, -0.5], "size": [6, 2, 1], "inflate": 0.01, "pivot": [-22, 34.5, 0], "rotation": [0, 0, 10], "uv": [0, 36], "mirror": true},
						{"origin": [-26, 35, -0.5], "size": [5, 1, 1], "pivot": [-22, 35.5, 0], "rotation": [0, 0, 30], "uv": [26, 10], "mirror": true},
						{"origin": [-26, 31, -0.5], "size": [5, 1, 1], "pivot": [-22, 31.5, 0], "rotation": [0, 0, -30], "uv": [0, 10], "mirror": true},
						{"origin": [-28, 34, -0.5], "size": [1, 1, 1], "inflate": 0.01, "pivot": [-22, 34.5, 0], "rotation": [0, 0, 10], "uv": [57, 37], "mirror": true},
						{"origin": [-28, 32, -0.5], "size": [1, 1, 1], "inflate": 0.01, "pivot": [-22, 32.5, 0], "rotation": [0, 0, -10], "uv": [56, 17], "mirror": true},
						{"origin": [-27, 32, 0], "size": [5, 3, 0], "uv": [62, 15], "mirror": true},
						{"origin": [-26.5, 32, -0.5], "size": [2, 1, 0], "inflate": 0.02, "pivot": [-22, 32.5, 0], "rotation": [0, 0, -10], "uv": [16, 129], "mirror": true},
						{"origin": [-26.5, 34, -0.5], "size": [2, 1, 0], "inflate": 0.02, "pivot": [-22, 34.5, 0], "rotation": [0, 0, 10], "uv": [16, 129], "mirror": true},
						{"origin": [-24, 31.5, -0.5], "size": [3, 3, 1], "inflate": 0.02, "pivot": [-22, 33.5, 0], "rotation": [0, 0, 45], "uv": [15, 130], "mirror": true}
					]
				},
				{
					"name": "neck",
					"parent": "body",
					"pivot": [0, 35, 2.5],
					"cubes": [
						{"origin": [0, 33.95314, -11.81498], "size": [0, 3, 2], "pivot": [0, 34.7, -3], "rotation": [35, 0, 0], "uv": [26, 0]},
						{"origin": [0, 33.5, -12], "size": [0, 3, 2], "uv": [7, 0]},
						{"origin": [0, 41.1, -7.75], "size": [0, 2, 3], "pivot": [0, 42, -6.5], "rotation": [22.5, 0, 0], "uv": [92, 70]},
						{"origin": [0, 25, -5], "size": [0, 4, 2], "uv": [70, 97]},
						{"origin": [-3, 32, -10], "size": [6, 6, 13], "uv": [0, 0]},
						{"origin": [0, 35.75, 2.75], "size": [0, 2, 4], "pivot": [0, 36.75, 3], "rotation": [7.5, 0, 0], "uv": [0, 117]},
						{"origin": [-3, 33, -7.9], "size": [6, 4, 6], "inflate": 0.02, "uv": [126, 0]},
						{"origin": [-3, 30.16329, -5.05157], "size": [6, 4, 2], "inflate": 0.02, "uv": [130, 4]},
						{"origin": [-3, 35.83671, -5.05157], "size": [6, 4, 2], "inflate": 0.02, "uv": [130, 4]},
						{"origin": [-3, 29, -7.9], "size": [6, 4, 6], "inflate": 0.02, "pivot": [0, 33, -7.9], "rotation": [45, 0, 0], "uv": [126, 0]},
						{"origin": [-3, 37, -7.9], "size": [6, 4, 5], "inflate": 0.02, "pivot": [0, 37, -7.9], "rotation": [-45, 0, 0], "uv": [127, 1]},
						{"origin": [-3, 34.64645, -8.90381], "size": [6, 6, 4], "inflate": 0.01, "pivot": [0, 37.64645, -5.40381], "rotation": [-45, 0, 0], "uv": [98, 25]},
						{"origin": [-3, 29.35355, -8.90381], "size": [6, 6, 4], "inflate": 0.01, "pivot": [0, 32.35355, -5.40381], "rotation": [45, 0, 0], "uv": [24, 98]},
						{"origin": [-3, 37.24264, -5.75736], "size": [6, 5, 3], "uv": [105, 9]},
						{"origin": [-3, 27.75736, -5.75736], "size": [6, 5, 4], "uv": [91, 99]},
						{"origin": [0, 32.96856, -12.08363], "size": [0, 3, 2], "pivot": [0, 34.8, -3], "rotation": [-35, 0, 0], "uv": [0, 0]},
						{"origin": [0, 26.00211, -5.01673], "size": [0, 2, 3], "pivot": [0, 35, -2.5], "rotation": [-22.5, 0, 0], "uv": [73, 88]},
						{"origin": [-3, 34.5, -9], "size": [6, 1, 7], "inflate": 0.03, "uv": [93, 90]},
						{"origin": [-3, 34.5, -9], "size": [6, 1, 7], "inflate": 0.03, "pivot": [0, 35, -2.5], "rotation": [-27.5, 0, 0], "uv": [93, 81]},
						{"origin": [-3, 34.5, -9], "size": [6, 1, 7], "inflate": 0.03, "pivot": [0, 35, -2.5], "rotation": [27.5, 0, 0], "uv": [92, 70]},
						{"origin": [-3, 34.5, -9], "size": [6, 1, 7], "inflate": 0.03, "pivot": [0, 35, -2.5], "rotation": [-55, 0, 0], "uv": [89, 0]},
						{"origin": [-3, 34.5, -9], "size": [6, 1, 7], "inflate": 0.03, "pivot": [0, 35, -2.5], "rotation": [55, 0, 0], "uv": [73, 88]},
						{"origin": [-3, 31.5, -7.5], "size": [6, 7, 6], "inflate": 0.04, "uv": [0, 95]}
					]
				},
				{
					"name": "neck_2",
					"parent": "neck",
					"pivot": [0, 38, 3],
					"cubes": [
						{"origin": [-3, 38, -3], "size": [6, 7, 6], "inflate": 0.02, "uv": [81, 57]},
						{"origin": [0, 42.5, 2.75], "size": [0, 2, 4], "pivot": [0, 43.5, 3], "rotation": [7.5, 0, 0], "uv": [0, 117]},
						{"origin": [0, 40.25, 2.75], "size": [0, 2, 4], "pivot": [0, 41.25, 3], "rotation": [7.5, 0, 0], "uv": [0, 117]},
						{"origin": [0, 38, 2.75], "size": [0, 2, 4], "pivot": [0, 39, 3], "rotation": [7.5, 0, 0], "uv": [0, 117]},
						{"origin": [3, 37.5, 2.5], "size": [0, 2, 4], "inflate": 0.01, "pivot": [3, 38.5, 2.5], "rotation": [17.75313, 9.53274, 3.03513], "uv": [57, 117]},
						{"origin": [-3, 42, 2.5], "size": [0, 2, 4], "inflate": 0.01, "pivot": [-3, 43, 2.5], "rotation": [33.07779, -14.2906, -4.60659], "uv": [57, 117], "mirror": true},
						{"origin": [-3, 39.75, 2.5], "size": [0, 2, 4], "inflate": 0.01, "pivot": [-3, 40.75, 2.5], "rotation": [22.89807, -11.91276, -3.81397], "uv": [57, 117], "mirror": true},
						{"origin": [-3, 37.5, 2.5], "size": [0, 2, 4], "inflate": 0.01, "pivot": [-3, 38.5, 2.5], "rotation": [17.75313, -9.53274, -3.03513], "uv": [57, 117], "mirror": true},
						{"origin": [3, 39.75, 2.5], "size": [0, 2, 4], "inflate": 0.01, "pivot": [3, 40.75, 2.5], "rotation": [22.89807, 11.91276, 3.81397], "uv": [57, 117]},
						{"origin": [3, 42, 2.5], "size": [0, 2, 4], "inflate": 0.01, "pivot": [3, 43, 2.5], "rotation": [33.07779, 14.2906, 4.60659], "uv": [57, 117]}
					]
				},
				{
					"name": "head",
					"parent": "neck_2",
					"pivot": [1.53553, 45, -0.29289],
					"cubes": [
						{"origin": [-1.5, 48, -5], "size": [3, 14, 0], "pivot": [0, 48, -5], "rotation": [20, 0, 0], "uv": [52, 0]},
						{"origin": [1, 47.75, -4.5], "size": [3, 14, 0], "pivot": [2, 48, -5], "rotation": [17.5, -37.5, 0], "uv": [52, 0]},
						{"origin": [1.25, 47.75, -2], "size": [3, 13, 0], "pivot": [3, 48, -2], "rotation": [16.39539, -72.03237, 1.8737], "uv": [52, 0]},
						{"origin": [2.35096, 46.97886, 1.03037], "size": [2, 10, 0], "pivot": [3, 48, 1], "rotation": [-110.14746, -74.1095, 121.07536], "uv": [53, 0]},
						{"origin": [1.96939, 45.47402, 2.23977], "size": [2, 10, 0], "pivot": [3, 48, 2], "rotation": [-112.53004, -51.9747, 121.63313], "uv": [53, 0]},
						{"origin": [-4, 47.75, -4.5], "size": [3, 14, 0], "pivot": [-2, 48, -5], "rotation": [17.5, 37.5, 0], "uv": [52, 0], "mirror": true},
						{"origin": [-4.25, 47.75, -2], "size": [3, 13, 0], "pivot": [-3, 48, -2], "rotation": [16.39539, 72.03237, -1.8737], "uv": [52, 0], "mirror": true},
						{"origin": [-4.25743, 47.57952, -0.02464], "size": [3, 12, 0], "pivot": [-3, 48, 0], "rotation": [-152.08191, 79.51024, -167.72141], "uv": [52, 0], "mirror": true},
						{"origin": [-4.35096, 46.97886, 1.03037], "size": [2, 10, 0], "pivot": [-3, 48, 1], "rotation": [-110.14746, 74.1095, -121.07536], "uv": [53, 0], "mirror": true},
						{"origin": [-3.96939, 45.47402, 2.23977], "size": [2, 10, 0], "pivot": [-3, 48, 2], "rotation": [-112.53004, 51.9747, -121.63313], "uv": [53, 0], "mirror": true},
						{"origin": [1.25743, 47.57952, -0.02464], "size": [3, 12, 0], "pivot": [3, 48, 0], "rotation": [-152.08191, -79.51024, 167.72141], "uv": [52, 0]},
						{"origin": [1.1305, 47.54778, -2.61875], "size": [6, 2, 0], "pivot": [3.8805, 49.29778, -2.51875], "rotation": [59.46771, -47.1023, -65.29521], "uv": [40, 37]},
						{"origin": [-7.1305, 47.54778, -2.61875], "size": [6, 2, 0], "pivot": [-3.8805, 49.29778, -2.51875], "rotation": [59.46771, 47.1023, 65.29521], "uv": [40, 37], "mirror": true},
						{"origin": [3.5, 46, 0.5], "size": [0, 2, 4], "pivot": [3.5, 47, 0.5], "rotation": [30.21362, 6.49053, 3.76613], "uv": [93, 117]},
						{"origin": [-3.5, 45, 0.5], "size": [0, 2, 4], "inflate": 0.01, "pivot": [-3.5, 46, 0.5], "rotation": [7.56397, -7.43547, -0.98448], "uv": [84, 117], "mirror": true},
						{"origin": [-3.5, 46, 0.5], "size": [0, 2, 4], "pivot": [-3.5, 47, 0.5], "rotation": [30.21362, -6.49053, -3.76613], "uv": [93, 117], "mirror": true},
						{"origin": [3.5, 45, 0.5], "size": [0, 2, 4], "inflate": 0.01, "pivot": [3.5, 46, 0.5], "rotation": [7.56397, 7.43547, 0.98448], "uv": [84, 117]},
						{"origin": [-3, 45, -6], "size": [5, 3, 5], "pivot": [0, 46, -4], "rotation": [0, 45, 0], "uv": [101, 38]},
						{"origin": [2, 43, -7], "size": [0, 24, 40], "pivot": [3.5, 47, -6], "rotation": [11.14843, 22.52101, 27.22644], "uv": [0, 0]},
						{"origin": [-2, 43, -7], "size": [0, 24, 40], "pivot": [-3.5, 47, -6], "rotation": [11.14843, -22.52101, -27.22644], "uv": [0, 0], "mirror": true},
						{"origin": [-3, 47, -6], "size": [5, 1, 5], "inflate": 0.02, "pivot": [0, 46, -4], "rotation": [0, 45, 0], "uv": [106, 61]},
						{"origin": [0.20711, 46.5, -6.12132], "size": [1, 1, 0], "inflate": 0.01, "pivot": [0.70711, 47, -6.12132], "rotation": [35.26439, -30, -54.73561], "uv": [0, 26]},
						{"origin": [-1.375, 45.19454, -6.17843], "size": [1, 1, 0], "pivot": [0.625, 46.94454, -6.17843], "rotation": [35.26439, -30, -54.73561], "uv": [10, 0]},
						{"origin": [-0.375, 44.19454, -6.20343], "size": [1, 1, 0], "pivot": [0.625, 46.94454, -6.20343], "rotation": [35.26439, -30, -54.73561], "uv": [3, 0]},
						{"origin": [-3.53553, 45, -3.29289], "size": [1, 3, 4], "uv": [104, 113]},
						{"origin": [-3, 45, -3.2929], "size": [6, 3, 4], "inflate": 0.01, "uv": [102, 53]},
						{"origin": [-3, 44, 0.7071], "size": [6, 4, 2], "inflate": 0.01, "uv": [109, 18]},
						{"origin": [2.53553, 45, -3.29289], "size": [1, 3, 4], "uv": [29, 20]},
						{"origin": [-3, 44.1, -3], "size": [6, 1, 3], "inflate": 0.04, "uv": [30, 122]},
						{"origin": [2.82843, 46.25, -4.5], "size": [0, 1, 1], "inflate": 0.01, "pivot": [2.82843, 46.75, -4], "rotation": [-45, 45, 0], "uv": [0, 20]},
						{"origin": [-1.20711, 46.5, -6.12132], "size": [1, 1, 0], "inflate": 0.01, "pivot": [-0.70711, 47, -6.12132], "rotation": [35.26439, 30, 54.73561], "uv": [0, 26], "mirror": true},
						{"origin": [0.375, 45.19454, -6.17843], "size": [1, 1, 0], "pivot": [-0.625, 46.94454, -6.17843], "rotation": [35.26439, 30, 54.73561], "uv": [10, 0], "mirror": true},
						{"origin": [-0.625, 44.19454, -6.20343], "size": [1, 1, 0], "pivot": [-0.625, 46.94454, -6.20343], "rotation": [35.26439, 30, 54.73561], "uv": [3, 0], "mirror": true},
						{"origin": [-2.82843, 46.25, -4.5], "size": [0, 1, 1], "inflate": 0.01, "pivot": [-2.82843, 46.75, -4], "rotation": [-45, -45, 0], "uv": [0, 20], "mirror": true}
					]
				},
				{
					"name": "mouth",
					"parent": "head",
					"pivot": [0, 44.5, -0.04289],
					"cubes": [
						{"origin": [-3, 44, -3.0429], "size": [6, 1, 4], "inflate": 0.01, "uv": [106, 47]},
						{"origin": [2.53553, 44, -3.04289], "size": [1, 1, 4], "uv": [0, 115]},
						{"origin": [-0.37868, 44, -4.66421], "size": [5, 1, 5], "pivot": [0, 44.5, -0.04289], "rotation": [0, 45, 0], "uv": [0, 108]},
						{"origin": [-0.125, 44.69454, -5.92843], "size": [1, 1, 0], "pivot": [-0.625, 46.94454, -5.92843], "rotation": [35.26439, 30, 54.73561], "uv": [3, 0], "mirror": true},
						{"origin": [-0.875, 44.69454, -5.92843], "size": [1, 1, 0], "pivot": [0.625, 46.94454, -5.92843], "rotation": [35.26439, -30, -54.73561], "uv": [3, 0]},
						{"origin": [-3.53553, 44, -3.04289], "size": [1, 1, 4], "uv": [113, 90]}
					]
				},
				{
					"name": "eye_right",
					"parent": "head",
					"pivot": [-3.61053, 46.75, -2.29289],
					"cubes": [
						{"origin": [-3.73731, 46.5, -4.07322], "size": [0, 1, 1], "inflate": 0.03, "pivot": [-3.43376, 47.25, -2.96967], "rotation": [0, -45, 0], "uv": [37, 0], "mirror": true},
						{"origin": [-3.61053, 46.75, -3.34289], "size": [0, 1, 2], "inflate": 0.04, "pivot": [-3.61053, 47.25, -1.79289], "rotation": [9.25, 0, 0], "uv": [30, 36], "mirror": true},
						{"origin": [-2.025, 45.5, -2], "size": [0, 2, 1], "inflate": 0.02, "pivot": [-0.075, 46, -4], "rotation": [0, -45, 0], "uv": [29, 20], "mirror": true},
						{"origin": [-3.61053, 45.5, -3.29289], "size": [0, 2, 2], "inflate": 0.01, "uv": [35, 34], "mirror": true},
						{"origin": [-3.61053, 45.75, -3.29289], "size": [0, 1, 1], "inflate": 0.02, "uv": [36, 20], "mirror": true},
						{"origin": [-3.61053, 46, -3.04289], "size": [0, 1, 1], "inflate": 0.03, "uv": [33, 0], "mirror": true},
						{"origin": [-3.85, 46, -3.04289], "size": [1, 1, 1], "inflate": -0.2, "pivot": [-3.35, 46.5, -2.54289], "rotation": [-45, 0, 0], "uv": [62, 37], "mirror": true},
						{"origin": [-3.61053, 45.75, -2.79289], "size": [0, 1, 1], "inflate": 0.02, "uv": [4, 20], "mirror": true}
					]
				},
				{
					"name": "eye_left",
					"parent": "head",
					"pivot": [3.61053, 46.75, -2.29289],
					"cubes": [
						{"origin": [3.73731, 46.5, -4.07322], "size": [0, 1, 1], "inflate": 0.03, "pivot": [3.43376, 47.25, -2.96967], "rotation": [0, 45, 0], "uv": [37, 0]},
						{"origin": [3.61053, 46.75, -3.34289], "size": [0, 1, 2], "inflate": 0.04, "pivot": [3.61053, 47.25, -1.79289], "rotation": [9.25, 0, 0], "uv": [30, 36]},
						{"origin": [2.025, 45.5, -2], "size": [0, 2, 1], "inflate": 0.02, "pivot": [0.075, 46, -4], "rotation": [0, 45, 0], "uv": [29, 20]},
						{"origin": [3.61053, 45.5, -3.29289], "size": [0, 2, 2], "inflate": 0.01, "uv": [35, 34]},
						{"origin": [3.61053, 45.75, -3.29289], "size": [0, 1, 1], "inflate": 0.02, "uv": [36, 20]},
						{"origin": [3.61053, 46, -3.04289], "size": [0, 1, 1], "inflate": 0.03, "uv": [33, 0]},
						{"origin": [2.85, 46, -3.04289], "size": [1, 1, 1], "inflate": -0.2, "pivot": [3.35, 46.5, -2.54289], "rotation": [-45, 0, 0], "uv": [62, 37]},
						{"origin": [3.61053, 45.75, -2.79289], "size": [0, 1, 1], "inflate": 0.02, "uv": [4, 20]}
					]
				},
				{
					"name": "torso",
					"parent": "body",
					"pivot": [0, 32, 0],
					"cubes": [
						{"origin": [5, 28, -4], "size": [0, 16, 20], "inflate": 0.01, "pivot": [5, 33.5, 0], "rotation": [17.5, 0, 0], "uv": [41, 0]},
						{"origin": [-5, 28, -4], "size": [0, 16, 20], "inflate": 0.01, "pivot": [0, 33.5, 0], "rotation": [17.5, 0, 0], "uv": [41, 0], "mirror": true},
						{"origin": [-3, 16, -2.5], "size": [6, 5, 5], "uv": [47, 97]},
						{"origin": [-3, 21, -3], "size": [6, 7, 6], "inflate": 0.02, "uv": [81, 43]},
						{"origin": [-5, 28, -4], "size": [10, 7, 8], "uv": [0, 20]},
						{"origin": [0, 31.25, 2.75], "size": [0, 2, 4], "pivot": [0, 32.25, 3], "rotation": [7.5, 0, 0], "uv": [0, 117]},
						{"origin": [0, 33.5, 2.75], "size": [0, 2, 4], "pivot": [0, 34.5, 3], "rotation": [7.5, 0, 0], "uv": [0, 117]},
						{"origin": [0, 29, 2.75], "size": [0, 2, 4], "pivot": [0, 30, 3], "rotation": [7.5, 0, 0], "uv": [0, 117]}
					]
				},
				{
					"name": "feathers",
					"parent": "torso",
					"pivot": [0, 32, 0]
				},
				{
					"name": "feather1",
					"parent": "feathers",
					"pivot": [0, 32, 0],
					"cubes": [
						{"origin": [-2.5, 22, 4], "size": [4, 12, 0], "pivot": [0, 21, 3.5], "rotation": [-36.15465, 15.37, 128.97816], "uv": [126, 11]}
					]
				},
				{
					"name": "feather2",
					"parent": "feathers",
					"pivot": [0, 32, 0],
					"cubes": [
						{"origin": [-2.5, 22, 4], "size": [4, 13, 0], "pivot": [0, 21, 3.5], "rotation": [-36.5558, 2.31439, 110.3876], "uv": [126, 11]}
					]
				},
				{
					"name": "feather3",
					"parent": "feathers",
					"pivot": [0, 32, 0],
					"cubes": [
						{"origin": [-2.5, 22, 3.75], "size": [4, 14, 0], "pivot": [0, 21, 3.5], "rotation": [-34.07547, -1.79645, 86.34564], "uv": [126, 11]}
					]
				},
				{
					"name": "feather4",
					"parent": "feathers",
					"pivot": [0, 32, 0],
					"cubes": [
						{"origin": [-2.5, 20, 4], "size": [5, 18, 0], "pivot": [0, 21, 3.5], "rotation": [-31.72959, 3.2027, 54.7569], "uv": [41, 0]}
					]
				},
				{
					"name": "feather5",
					"parent": "feathers",
					"pivot": [0, 32, 0],
					"cubes": [
						{"origin": [-2.5, 20, 3.75], "size": [5, 18, 0], "pivot": [0, 21, 3.5], "rotation": [-29.10348, 0.96102, 30.57207], "uv": [41, 0]}
					]
				},
				{
					"name": "feather6",
					"parent": "feathers",
					"pivot": [0, 32, 0],
					"cubes": [
						{"origin": [-2.5, 21, 3.5], "size": [5, 18, 0], "pivot": [0, 21, 3.5], "rotation": [-27.5, 0, 0], "uv": [41, 0]}
					]
				},
				{
					"name": "feather7",
					"parent": "feathers",
					"pivot": [0, 32, 0],
					"cubes": [
						{"origin": [-2.5, 20, 3.75], "size": [5, 18, 0], "pivot": [0, 21, 3.5], "rotation": [-29.10348, -0.96102, -30.57207], "uv": [41, 0], "mirror": true}
					]
				},
				{
					"name": "feather8",
					"parent": "feathers",
					"pivot": [0, 32, 0],
					"cubes": [
						{"origin": [-2.5, 20, 4], "size": [5, 18, 0], "pivot": [0, 21, 3.5], "rotation": [-31.72959, -3.2027, -54.7569], "uv": [41, 0], "mirror": true}
					]
				},
				{
					"name": "feather9",
					"parent": "feathers",
					"pivot": [0, 32, 0],
					"cubes": [
						{"origin": [-1.5, 22, 3.75], "size": [4, 14, 0], "pivot": [0, 21, 3.5], "rotation": [-34.07547, 1.79645, -86.34564], "uv": [126, 11], "mirror": true}
					]
				},
				{
					"name": "feather10",
					"parent": "feathers",
					"pivot": [0, 32, 0],
					"cubes": [
						{"origin": [-1.5, 22, 4], "size": [4, 13, 0], "pivot": [0, 21, 3.5], "rotation": [-36.5558, -2.31439, -110.3876], "uv": [126, 11], "mirror": true}
					]
				},
				{
					"name": "feather11",
					"parent": "feathers",
					"pivot": [0, 32, 0],
					"cubes": [
						{"origin": [-1.5, 22, 4], "size": [4, 12, 0], "pivot": [0, 21, 3.5], "rotation": [-36.15465, -15.37, -128.97816], "uv": [126, 11], "mirror": true}
					]
				}
			]
		}
	]
}