{
	"format_version": "1.12.0",
	"minecraft:geometry": [
		{
			"description": {
				"identifier": "geometry.landorus_therian",
				"texture_width": 128,
				"texture_height": 128,
				"visible_bounds_width": 4,
				"visible_bounds_height": 3.5,
				"visible_bounds_offset": [0, 1.25, 0]
			},
			"bones": [
				{
					"name": "landorus_therian",
					"pivot": [0, 0, 0]
				},
				{
					"name": "body",
					"parent": "landorus_therian",
					"pivot": [0, 13, 7],
					"cubes": [
						{"origin": [-4, 8, 4], "size": [8, 8, 5], "uv": [42, 37]},
						{"origin": [-0.5, 7.99, 4], "size": [1, 0, 3], "uv": [61, 0]}
					]
				},
				{
					"name": "body2",
					"parent": "body",
					"pivot": [0, 16, 4],
					"cubes": [
						{"origin": [-4, 8, -2], "size": [8, 8, 6], "inflate": 0.01, "uv": [22, 23]}
					]
				},
				{
					"name": "torso",
					"parent": "body2",
					"pivot": [0, 16, -2],
					"cubes": [
						{"origin": [-5, 8, -9], "size": [10, 8, 7], "uv": [0, 0]}
					]
				},
				{
					"name": "neck",
					"parent": "torso",
					"pivot": [0, 16, -6],
					"rotation": [50, 0, 0],
					"cubes": [
						{"origin": [-3.5, 13, -12], "size": [7, 8, 6], "uv": [0, 31]}
					]
				},
				{
					"name": "head",
					"parent": "neck",
					"pivot": [0, 21, -6],
					"rotation": [40, 0, 0],
					"cubes": [
						{"origin": [-4, 25, -10], "size": [8, 3, 5], "uv": [34, 0]},
						{"origin": [-4, 21, -12], "size": [8, 4, 7], "inflate": 0.01, "uv": [27, 8]},
						{"origin": [0, 24.99, -5.5], "size": [0, 3, 3], "uv": [0, 0]}
					]
				},
				{
					"name": "eye_left",
					"parent": "head",
					"pivot": [2.25, 28.01, -7],
					"rotation": [0, -10, 0],
					"cubes": [
						{"origin": [0.75, 28.01, -8], "size": [3, 0, 2], "uv": [70, 0]}
					]
				},
				{
					"name": "eyelid_left",
					"parent": "eye_left",
					"pivot": [2, 27.91, -7],
					"cubes": [
						{"origin": [0.75, 26.93, -8], "size": [3, 1, 2], "uv": [78, 0]}
					]
				},
				{
					"name": "pupil_left",
					"parent": "eye_left",
					"pivot": [2.25, 28.02, -7],
					"rotation": [0, 10, 0],
					"cubes": [
						{"origin": [1.5, 28.02, -7.75], "size": [1, 0, 1], "uv": [71, 2]}
					]
				},
				{
					"name": "eye_right",
					"parent": "head",
					"pivot": [-2.25, 28.01, -7],
					"rotation": [0, 10, 0],
					"cubes": [
						{"origin": [-3.75, 28.01, -8], "size": [3, 0, 2], "uv": [70, 0], "mirror": true}
					]
				},
				{
					"name": "eyelid_right",
					"parent": "eye_right",
					"pivot": [2, 27.91, -7],
					"cubes": [
						{"origin": [-3.75, 26.93, -8], "size": [3, 1, 2], "uv": [78, 0]}
					]
				},
				{
					"name": "pupil_right",
					"parent": "eye_right",
					"pivot": [-2.25, 28.02, -7],
					"rotation": [0, -10, 0],
					"cubes": [
						{"origin": [-2.5, 28.02, -7.75], "size": [1, 0, 1], "uv": [71, 2], "mirror": true}
					]
				},
				{
					"name": "jaw",
					"parent": "head",
					"pivot": [0, 25, -10],
					"cubes": [
						{"origin": [-4, 25, -12], "size": [8, 3, 2], "uv": [68, 40]}
					]
				},
				{
					"name": "beard_middle",
					"parent": "head",
					"pivot": [0, 28.5, -9.5],
					"rotation": [0, 45, 0],
					"cubes": [
						{"origin": [-1.5, 28, -11], "size": [3, 1, 3], "uv": [24, 19]}
					]
				},
				{
					"name": "beard_front_left",
					"parent": "head",
					"pivot": [4, 28, -8],
					"rotation": [-7.5, -7.5, 5],
					"cubes": [
						{"origin": [1, 28, -13], "size": [3, 0, 5], "uv": [13, 20]}
					]
				},
				{
					"name": "beard_front_right",
					"parent": "head",
					"pivot": [-4, 28, -8],
					"rotation": [-7.5, 7.5, -5],
					"cubes": [
						{"origin": [-4, 28, -13], "size": [3, 0, 5], "uv": [13, 15]}
					]
				},
				{
					"name": "beard_left",
					"parent": "head",
					"pivot": [4, 28, -8],
					"rotation": [20, -20, -10],
					"cubes": [
						{"origin": [4, 24, -12], "size": [0, 4, 4], "uv": [0, 15]}
					]
				},
				{
					"name": "beard_right",
					"parent": "head",
					"pivot": [-4, 28, -8],
					"rotation": [20, 20, 10],
					"cubes": [
						{"origin": [-4, 24, -12], "size": [0, 4, 4], "uv": [0, 11]}
					]
				},
				{
					"name": "fin_right",
					"parent": "head",
					"pivot": [-1, 26, -5],
					"rotation": [0, -10, 0],
					"cubes": [
						{"origin": [-1, 24.5, -5.5], "size": [0, 3, 2], "uv": [33, 0]}
					]
				},
				{
					"name": "fin_left",
					"parent": "head",
					"pivot": [1, 26, -5],
					"rotation": [0, 10, 0],
					"cubes": [
						{"origin": [1, 24.5, -5.5], "size": [0, 3, 2], "uv": [0, 31]}
					]
				},
				{
					"name": "ear_right",
					"parent": "head",
					"pivot": [-1.5, 25.5, -5],
					"rotation": [0, -35, 0],
					"cubes": [
						{"origin": [-4.5, 25.5, -5], "size": [3, 0, 3], "uv": [24, 3]}
					]
				},
				{
					"name": "ear_left",
					"parent": "head",
					"pivot": [1.5, 25.5, -5],
					"rotation": [0, 35, 0],
					"cubes": [
						{"origin": [1.5, 25.5, -5], "size": [3, 0, 3], "uv": [24, 0]}
					]
				},
				{
					"name": "hair",
					"parent": "head",
					"pivot": [0, 17, -10],
					"cubes": [
						{"origin": [-3.5, 19, -8.5], "size": [7, 6, 6], "inflate": 0.02, "uv": [0, 50]}
					]
				},
				{
					"name": "hair_right",
					"parent": "hair",
					"pivot": [-3.5, 25, -5.5],
					"rotation": [0, 0, -7.5],
					"cubes": [
						{"origin": [-8.5, 19, -8.5], "size": [5, 6, 6], "uv": [26, 50]}
					]
				},
				{
					"name": "hair_left",
					"parent": "hair",
					"pivot": [3.5, 25, -5.5],
					"rotation": [0, 0, 7.5],
					"cubes": [
						{"origin": [3.5, 19, -8.5], "size": [5, 6, 6], "uv": [50, 21]}
					]
				},
				{
					"name": "leg_front_left",
					"parent": "torso",
					"pivot": [5, 13, -6],
					"cubes": [
						{"origin": [4, 7, -8], "size": [3, 8, 4], "uv": [30, 69]}
					]
				},
				{
					"name": "leg_front_left2",
					"parent": "leg_front_left",
					"pivot": [5.5, 7, -7],
					"cubes": [
						{"origin": [3.5, 1, -7], "size": [4, 6, 4], "uv": [14, 69]}
					]
				},
				{
					"name": "foot_front_left",
					"parent": "leg_front_left2",
					"pivot": [5.5, 2, -5],
					"cubes": [
						{"origin": [3, 0, -7.5], "size": [5, 2, 5], "inflate": 0.01, "uv": [63, 33]},
						{"origin": [3, 0, -7.5], "size": [5, 2, 5], "inflate": 0.25, "uv": [0, 81]}
					]
				},
				{
					"name": "toe_front_left1",
					"parent": "foot_front_left",
					"pivot": [4.25, 1, -7.5],
					"cubes": [
						{"origin": [3.75, 0, -9], "size": [1, 1, 2], "uv": [50, 33]}
					]
				},
				{
					"name": "toe_front_left2",
					"parent": "foot_front_left",
					"pivot": [5.5, 1, -7.5],
					"cubes": [
						{"origin": [5, 0, -9], "size": [1, 1, 2], "uv": [42, 50]}
					]
				},
				{
					"name": "toe_front_left3",
					"parent": "foot_front_left",
					"pivot": [6.75, 1, -7.5],
					"cubes": [
						{"origin": [6.25, 0, -9], "size": [1, 1, 2], "uv": [46, 51]}
					]
				},
				{
					"name": "foot_tail_front_left1",
					"parent": "foot_front_left",
					"pivot": [5.5, 1.5, -2.5],
					"cubes": [
						{"origin": [5.5, 0.5, -2.5], "size": [0, 2, 3], "uv": [12, 26]}
					]
				},
				{
					"name": "foot_tail_front_left2",
					"parent": "foot_tail_front_left1",
					"pivot": [5.5, 0.5, 0.5],
					"cubes": [
						{"origin": [5.5, 0, 0.5], "size": [0, 1, 3], "uv": [0, 29]}
					]
				},
				{
					"name": "leg_front_right",
					"parent": "torso",
					"pivot": [-5, 13, -6],
					"cubes": [
						{"origin": [-7, 7, -8], "size": [3, 8, 4], "uv": [0, 69]}
					]
				},
				{
					"name": "leg_front_right2",
					"parent": "leg_front_right",
					"pivot": [-5.5, 7, -7],
					"cubes": [
						{"origin": [-7.5, 1, -7], "size": [4, 6, 4], "uv": [64, 46]}
					]
				},
				{
					"name": "foot_front_right",
					"parent": "leg_front_right2",
					"pivot": [-5.5, 2, -5],
					"cubes": [
						{"origin": [-8, 0, -7.5], "size": [5, 2, 5], "inflate": 0.01, "uv": [0, 62]},
						{"origin": [-8, 0, -7.5], "size": [5, 2, 5], "inflate": 0.25, "uv": [40, 81], "mirror": true}
					]
				},
				{
					"name": "toe_front_right1",
					"parent": "foot_front_right",
					"pivot": [-4.25, 1, -7.5],
					"cubes": [
						{"origin": [-4.75, 0, -9], "size": [1, 1, 2], "uv": [50, 8]}
					]
				},
				{
					"name": "toe_front_right2",
					"parent": "foot_front_right",
					"pivot": [-5.5, 1, -7.5],
					"cubes": [
						{"origin": [-6, 0, -9], "size": [1, 1, 2], "uv": [0, 49]}
					]
				},
				{
					"name": "toe_front_right3",
					"parent": "foot_front_right",
					"pivot": [-6.75, 1, -7.5],
					"cubes": [
						{"origin": [-7.25, 0, -9], "size": [1, 1, 2], "uv": [9, 46]}
					]
				},
				{
					"name": "foot_tail_front_right1",
					"parent": "foot_front_right",
					"pivot": [-5.5, 1.5, -2.5],
					"cubes": [
						{"origin": [-5.5, 0.5, -2.5], "size": [0, 2, 3], "uv": [0, 26]}
					]
				},
				{
					"name": "foot_tail_front_right2",
					"parent": "foot_tail_front_right1",
					"pivot": [-5.5, 0.5, 0.5],
					"cubes": [
						{"origin": [-5.5, 0, 0.5], "size": [0, 1, 3], "uv": [27, 3]}
					]
				},
				{
					"name": "tail",
					"parent": "body",
					"pivot": [0, 14, 9.5],
					"cubes": [
						{"origin": [-1, 13, 6], "size": [2, 2, 10], "uv": [47, 9]},
						{"origin": [-2, 13.5, 11], "size": [1, 1, 2], "uv": [33, 19]}
					]
				},
				{
					"name": "tail2",
					"parent": "tail",
					"pivot": [0, 14, 15],
					"cubes": [
						{"origin": [-1.5, 12.5, 15], "size": [3, 3, 10], "uv": [16, 37]},
						{"origin": [1.5, 13.5, 15], "size": [1, 1, 2], "uv": [0, 0]},
						{"origin": [-2.5, 13.5, 17], "size": [1, 1, 3], "uv": [0, 45]},
						{"origin": [1.5, 13.5, 20], "size": [1, 1, 3], "uv": [32, 42]}
					]
				},
				{
					"name": "tail3",
					"parent": "tail2",
					"pivot": [0, 14, 24],
					"cubes": [
						{"origin": [-1.5, 12.5, 24], "size": [3, 3, 6], "inflate": 0.02, "uv": [60, 0]},
						{"origin": [-2.5, 13.5, 23], "size": [1, 1, 3], "uv": [36, 19]},
						{"origin": [1.5, 13, 26], "size": [2, 2, 3], "uv": [32, 37]}
					]
				},
				{
					"name": "tail4",
					"parent": "tail3",
					"pivot": [0, 14, 29],
					"cubes": [
						{"origin": [-2, 12, 29], "size": [4, 4, 10], "inflate": 0.02, "uv": [0, 15]},
						{"origin": [-4, 13, 30], "size": [2, 2, 4], "uv": [44, 21]}
					]
				},
				{
					"name": "bone",
					"parent": "tail4",
					"pivot": [-1.5, 7, 38.25],
					"rotation": [0, 27.5, 0],
					"cubes": [
						{"origin": [-4.06495, 12.5, 36.07659], "size": [5, 3, 4], "inflate": 0.01, "uv": [70, 56]}
					]
				},
				{
					"name": "bone2",
					"parent": "tail4",
					"pivot": [4.5, 7, 44],
					"rotation": [0, -20, 0],
					"cubes": [
						{"origin": [-2.57107, 12.5, 36.92893], "size": [4, 3, 4], "uv": [52, 71]}
					]
				},
				{
					"name": "leg_back_left",
					"parent": "body",
					"pivot": [4, 13, 7],
					"cubes": [
						{"origin": [3.5, 7, 4.5], "size": [3, 8, 5], "inflate": 0.01, "uv": [59, 58]},
						{"origin": [3.5, 3, 5.5], "size": [3, 4, 4], "pivot": [5, 7, 5.5], "rotation": [45, 0, 0], "uv": [64, 75]}
					]
				},
				{
					"name": "leg_back_left2",
					"parent": "leg_back_left",
					"pivot": [5, 7, 11.15],
					"cubes": [
						{"origin": [3, 1, 7.25], "size": [4, 6, 4], "inflate": 0.01, "uv": [67, 17]}
					]
				},
				{
					"name": "foot_back_left",
					"parent": "leg_back_left2",
					"pivot": [5, 2, 9.25],
					"cubes": [
						{"origin": [2.5, 0, 6.75], "size": [5, 2, 5], "inflate": 0.01, "uv": [20, 62]},
						{"origin": [2.5, 0, 6.75], "size": [5, 2, 5], "inflate": 0.25, "uv": [20, 81]}
					]
				},
				{
					"name": "toe_back_left1",
					"parent": "foot_back_left",
					"pivot": [3.75, 1, 6.75],
					"cubes": [
						{"origin": [3.25, 0, 5.25], "size": [1, 1, 2], "uv": [26, 50]}
					]
				},
				{
					"name": "toe_back_left2",
					"parent": "foot_back_left",
					"pivot": [5, 1, 6.75],
					"cubes": [
						{"origin": [4.5, 0, 5.25], "size": [1, 1, 2], "uv": [20, 50]}
					]
				},
				{
					"name": "toe_back_left3",
					"parent": "foot_back_left",
					"pivot": [6.25, 1, 6.75],
					"cubes": [
						{"origin": [5.75, 0, 5.25], "size": [1, 1, 2], "uv": [50, 11]}
					]
				},
				{
					"name": "foot_tail_back_left1",
					"parent": "foot_back_left",
					"pivot": [5, 1.5, 11.75],
					"cubes": [
						{"origin": [5, 0.5, 11.75], "size": [0, 2, 3], "uv": [6, 26]}
					]
				},
				{
					"name": "foot_tail_back_left2",
					"parent": "foot_tail_back_left1",
					"pivot": [5, 0.5, 14.75],
					"cubes": [
						{"origin": [5, 0, 14.75], "size": [0, 1, 3], "uv": [0, 28]}
					]
				},
				{
					"name": "leg_back_right",
					"parent": "body",
					"pivot": [-4, 13, 7],
					"cubes": [
						{"origin": [-6.5, 7, 4.5], "size": [3, 8, 5], "inflate": 0.01, "uv": [48, 50]},
						{"origin": [-6.5, 3, 5.5], "size": [3, 4, 4], "pivot": [-5, 7, 5.5], "rotation": [45, 0, 0], "uv": [71, 67]}
					]
				},
				{
					"name": "leg_back_right2",
					"parent": "leg_back_right",
					"pivot": [-5, 7, 11.15],
					"cubes": [
						{"origin": [-7, 1, 7.25], "size": [4, 6, 4], "inflate": 0.01, "uv": [40, 63]}
					]
				},
				{
					"name": "foot_back_right",
					"parent": "leg_back_right2",
					"pivot": [-5, 2, 9.25],
					"cubes": [
						{"origin": [-7.5, 0, 6.75], "size": [5, 2, 5], "inflate": 0.01, "uv": [61, 9]},
						{"origin": [-7.5, 0, 6.75], "size": [5, 2, 5], "inflate": 0.25, "uv": [55, 83], "mirror": true}
					]
				},
				{
					"name": "toe_back_right1",
					"parent": "foot_back_right",
					"pivot": [-3.75, 1, 6.75],
					"cubes": [
						{"origin": [-4.25, 0, 5.25], "size": [1, 1, 2], "uv": [5, 45]}
					]
				},
				{
					"name": "toe_back_right2",
					"parent": "foot_back_right",
					"pivot": [-5, 1, 6.75],
					"cubes": [
						{"origin": [-5.5, 0, 5.25], "size": [1, 1, 2], "uv": [41, 19]}
					]
				},
				{
					"name": "toe_back_right3",
					"parent": "foot_back_right",
					"pivot": [-6.25, 1, 6.75],
					"cubes": [
						{"origin": [-6.75, 0, 5.25], "size": [1, 1, 2], "uv": [39, 37]}
					]
				},
				{
					"name": "foot_tail_back_right1",
					"parent": "foot_back_right",
					"pivot": [-5, 1.5, 11.75],
					"cubes": [
						{"origin": [-5, 0.5, 11.75], "size": [0, 2, 3], "uv": [0, 20]}
					]
				},
				{
					"name": "foot_tail_back_right2",
					"parent": "foot_tail_back_right1",
					"pivot": [-5, 0.5, 14.75],
					"cubes": [
						{"origin": [-5, 0, 14.75], "size": [0, 1, 3], "uv": [0, 3]}
					]
				}
			]
		}
	]
}