{
	"format_version": "1.12.0",
	"minecraft:geometry": [
		{
			"description": {
				"identifier": "geometry.unknown",
				"texture_width": 128,
				"texture_height": 128,
				"visible_bounds_width": 6,
				"visible_bounds_height": 4,
				"visible_bounds_offset": [0, 1, 0]
			},
			"bones": [
				{
					"name": "latios",
					"pivot": [0, 0, 0]
				},
				{
					"name": "torso",
					"parent": "latios",
					"pivot": [0, 7, 13],
					"cubes": [
						{"origin": [-6.5, 1, 6], "size": [13, 11, 16], "uv": [6, 30]},
						{"origin": [-4, 2.5, 22], "size": [8, 8, 7], "uv": [52, 29]},
						{"origin": [-2, 4.5, 29], "size": [4, 4, 7], "uv": [0, 32]},
						{"origin": [0, 1.5, 22], "size": [0, 10, 15], "uv": [43, 3]},
						{"origin": [0, 1.5, 22], "size": [0, 10, 15], "pivot": [0, 6.5, 29.5], "rotation": [0, 0, -90], "uv": [43, 3]},
						{"origin": [3, 0.5, 7], "size": [4, 4, 14], "uv": [0, 58]},
						{"origin": [-7, 0.5, 7], "size": [4, 4, 14], "uv": [0, 58], "mirror": true}
					]
				},
				{
					"name": "leg_left",
					"parent": "torso",
					"pivot": [4.85, 1.58966, 16.14414],
					"cubes": [
						{"origin": [3.85, 1.325, 18], "size": [2, 3, 14], "pivot": [0.5, 7, 15], "rotation": [-35.79564, 0, 0], "uv": [0, 58]},
						{"origin": [3.85, -7.88387, 25.51462], "size": [2, 2, 2], "inflate": -0.1, "pivot": [4.85, -6.80887, 27.11462], "rotation": [-9.54564, 0, 0], "uv": [29, 58]},
						{"origin": [4.85, -7.75887, 25.58962], "size": [0, 3, 5], "pivot": [4.85, -6.80887, 27.11462], "rotation": [-9.54564, 0, 0], "uv": [30, 63]}
					]
				},
				{
					"name": "leg_right",
					"parent": "torso",
					"pivot": [-4.85, 1.58966, 16.14414],
					"cubes": [
						{"origin": [-4.85, -7.75887, 25.58962], "size": [0, 3, 5], "pivot": [-4.85, -6.80887, 27.11462], "rotation": [-9.54564, 0, 0], "uv": [30, 63], "mirror": true},
						{"origin": [-5.85, -7.88387, 25.51462], "size": [2, 2, 2], "inflate": -0.1, "pivot": [-4.85, -6.80887, 27.11462], "rotation": [-9.54564, 0, 0], "uv": [29, 58], "mirror": true},
						{"origin": [-5.85, 1.325, 18], "size": [2, 3, 14], "pivot": [-0.5, 7, 15], "rotation": [-35.79564, 0, 0], "uv": [0, 58], "mirror": true}
					]
				},
				{
					"name": "chest",
					"parent": "torso",
					"pivot": [0, 6.91667, 5.85833],
					"cubes": [
						{"origin": [3.45, 4.75, -2], "size": [3, 4, 6], "uv": [18, 87]},
						{"origin": [-5.5, 1.75, -1], "size": [11, 10, 7], "uv": [84, 33]},
						{"origin": [-6.45, 4.75, -2], "size": [3, 4, 6], "uv": [0, 83]}
					]
				},
				{
					"name": "neck",
					"parent": "chest",
					"pivot": [0, 7.25, -0.9],
					"cubes": [
						{"origin": [-4, 4.25, -14], "size": [8, 6, 13], "uv": [58, 53]}
					]
				},
				{
					"name": "head",
					"parent": "neck",
					"pivot": [0, 7.30302, -13.97207],
					"cubes": [
						{"origin": [-4.5, 2.95, -21.575], "size": [9, 7, 8], "pivot": [0, 7.25, -18], "rotation": [12.5, 0, 0], "uv": [90, 77]},
						{"origin": [-3, 3.71617, -24.10211], "size": [6, 3, 5], "pivot": [0, 5.54117, -21.35211], "rotation": [70, 0, 0], "uv": [73, 15]}
					]
				},
				{
					"name": "eyelids",
					"parent": "head",
					"pivot": [0, 5.4567, -19.74444]
				},
				{
					"name": "eyelid_left",
					"parent": "eyelids",
					"pivot": [4.025, 5.4567, -19.74444],
					"cubes": [
						{"origin": [4.075, 4.12663, -21.70829], "size": [3, 3, 1], "pivot": [4.05, 5.12663, -21.23329], "rotation": [90, -77.5, -90], "uv": [0, 5]}
					]
				},
				{
					"name": "eyelid_right",
					"parent": "eyelids",
					"pivot": [-4.025, 5.4567, -19.74444],
					"cubes": [
						{"origin": [-7.075, 4.12663, -21.70829], "size": [3, 3, 1], "pivot": [-4.05, 5.12663, -21.23329], "rotation": [90, 77.5, 90], "uv": [0, 0]}
					]
				},
				{
					"name": "eye_left",
					"parent": "head",
					"pivot": [4.3, 5.28896, -20.50107],
					"cubes": [
						{"origin": [3.55, 4.875, -21.6], "size": [1, 3, 0], "pivot": [0.025, 7.175, -18], "rotation": [12.5, 0, 0], "uv": [9, 9]},
						{"origin": [4.05, 4.12663, -21.73329], "size": [3, 3, 0], "pivot": [4.05, 5.12663, -21.23329], "rotation": [90, -77.5, -90], "uv": [9, 6]}
					]
				},
				{
					"name": "eye_right",
					"parent": "head",
					"pivot": [-4.3, 5.28896, -20.50107],
					"cubes": [
						{"origin": [-4.55, 4.875, -21.6], "size": [1, 3, 0], "pivot": [-0.025, 7.175, -18], "rotation": [12.5, 0, 0], "uv": [9, 3]},
						{"origin": [-7.05, 4.12663, -21.73329], "size": [3, 3, 0], "pivot": [-4.05, 5.12663, -21.23329], "rotation": [90, 77.5, 90], "uv": [9, 0]}
					]
				},
				{
					"name": "ear_left",
					"parent": "head",
					"pivot": [4.54509, 3.86208, -15.63621],
					"cubes": [
						{"origin": [5.07009, 3.73708, -18.31121], "size": [0, 14, 5], "pivot": [4.97009, 10.91208, -15.46121], "rotation": [0.29293, -0.68153, 4.56641], "uv": [77, 77]},
						{"origin": [4.79657, 4.65606, -21.26], "size": [0, 6, 5], "pivot": [4.99657, 7.08106, -16.46], "rotation": [50.30023, -12.68137, 4.50398], "uv": [118, 47]},
						{"origin": [-4.79657, 4.65606, -21.26], "size": [0, 6, 5], "pivot": [-4.99657, 7.08106, -16.46], "rotation": [50.30023, 12.68137, -4.50398], "uv": [118, 47], "mirror": true}
					]
				},
				{
					"name": "ear_right",
					"parent": "head",
					"pivot": [-4.54509, 3.76208, -15.78621],
					"cubes": [
						{"origin": [-5.07009, 3.73708, -18.31121], "size": [0, 14, 5], "pivot": [-4.97009, 10.91208, -15.46121], "rotation": [0.29293, 0.68153, -4.56641], "uv": [63, 77]}
					]
				},
				{
					"name": "arm_left",
					"parent": "chest",
					"pivot": [6.425, 6.75, 2],
					"rotation": [0, -45, 0],
					"cubes": [
						{"origin": [5.45, 5.75, 1], "size": [6, 2, 2], "uv": [16, 17]}
					]
				},
				{
					"name": "arm_left_2",
					"parent": "arm_left",
					"pivot": [11.45, 7.725, 2],
					"rotation": [90, -45, 0],
					"cubes": [
						{"origin": [11.45, 5.75, 0], "size": [17, 2, 4], "uv": [0, 122]},
						{"origin": [10.95, 7.75, -1.5], "size": [16, 2, 7], "uv": [1, 106]},
						{"origin": [4.95, 8.75, -4.5], "size": [26, 0, 13], "uv": [30, 115]},
						{"origin": [17.775, 24.025, -17.75], "size": [29, 0, 14], "pivot": [20.125, 11, -11], "rotation": [-90, 0, -90], "uv": [55, 99]}
					]
				},
				{
					"name": "hand_left",
					"parent": "arm_left_2",
					"pivot": [27.97099, 6.425, 2.06163],
					"cubes": [
						{"origin": [27.9, 5.925, -0.575], "size": [2, 1, 1], "pivot": [29.45, 6.425, 0.5], "rotation": [0, 27.5, 0], "uv": [7, 22]},
						{"origin": [28.45, 5.925, 0.975], "size": [2, 1, 2], "uv": [0, 15]},
						{"origin": [28.75, 5.925, 3.225], "size": [2, 1, 1], "pivot": [29.45, 6.425, 0.5], "rotation": [0, -17.5, 0], "uv": [0, 22]}
					]
				},
				{
					"name": "arm_right",
					"parent": "chest",
					"pivot": [-6.425, 6.75, 2],
					"rotation": [0, 45, 0],
					"cubes": [
						{"origin": [-11.45, 5.75, 1], "size": [6, 2, 2], "uv": [16, 17], "mirror": true}
					]
				},
				{
					"name": "arm_right_2",
					"parent": "arm_right",
					"pivot": [-11.45, 7.725, 2],
					"rotation": [90, 45, 0],
					"cubes": [
						{"origin": [-28.45, 5.75, 0], "size": [17, 2, 4], "uv": [0, 122], "mirror": true},
						{"origin": [-26.95, 7.75, -1.5], "size": [16, 2, 7], "uv": [1, 106], "mirror": true},
						{"origin": [-30.95, 8.75, -4.5], "size": [26, 0, 13], "uv": [30, 115], "mirror": true},
						{"origin": [-46.775, 24.025, -17.75], "size": [29, 0, 14], "pivot": [-20.125, 11, -11], "rotation": [-90, 0, 90], "uv": [55, 99], "mirror": true}
					]
				},
				{
					"name": "hand_right",
					"parent": "arm_right_2",
					"pivot": [-27.97099, 6.425, 2.06163],
					"cubes": [
						{"origin": [-29.9, 5.925, -0.575], "size": [2, 1, 1], "pivot": [-29.45, 6.425, 0.5], "rotation": [0, -27.5, 0], "uv": [7, 22], "mirror": true},
						{"origin": [-30.45, 5.925, 0.975], "size": [2, 1, 2], "uv": [0, 15], "mirror": true},
						{"origin": [-30.75, 5.925, 3.225], "size": [2, 1, 1], "pivot": [-29.45, 6.425, 0.5], "rotation": [0, 17.5, 0], "uv": [0, 22], "mirror": true}
					]
				}
			]
		}
	]
}