{
	"format_version": "1.12.0",
	"minecraft:geometry": [
		{
			"description": {
				"identifier": "geometry.lopunny",
				"texture_width": 128,
				"texture_height": 128,
				"visible_bounds_width": 7,
				"visible_bounds_height": 4.5,
				"visible_bounds_offset": [0, 1.75, 0]
			},
			"bones": [
				{
					"name": "lopunny",
					"pivot": [0, 0, 0]
				},
				{
					"name": "body",
					"parent": "lopunny",
					"pivot": [0, 19, 0]
				},
				{
					"name": "torso",
					"parent": "body",
					"pivot": [0, 15, 0],
					"rotation": [5, 0, 0],
					"cubes": [
						{"origin": [-3, 15, -3], "size": [6, 8, 6], "inflate": 0.01, "uv": [0, 62]},
						{"origin": [-3, 15, 3], "size": [6, 5, 1], "uv": [18, 62]}
					]
				},
				{
					"name": "chest",
					"parent": "torso",
					"pivot": [0, 23, 0.25],
					"rotation": [-5, 0, 0],
					"cubes": [
						{"origin": [-2, 22, -1.75], "size": [4, 6, 4], "uv": [32, 62]}
					]
				},
				{
					"name": "arms",
					"parent": "chest",
					"pivot": [2.5, 26.75, 0]
				},
				{
					"name": "arm_left",
					"parent": "arms",
					"pivot": [2, 27.5, 0.25],
					"cubes": [
						{"origin": [2, 26.5, -0.75], "size": [6, 1, 2], "uv": [61, 78]}
					]
				},
				{
					"name": "arm_left2",
					"parent": "arm_left",
					"pivot": [8, 27.5, 1.25],
					"cubes": [
						{"origin": [8, 25, -1.75], "size": [5, 4, 4], "uv": [64, 81]}
					]
				},
				{
					"name": "hand_left",
					"parent": "arm_left2",
					"pivot": [12.5, 29, 2.25],
					"cubes": [
						{"origin": [12.5, 25, -1.75], "size": [5, 4, 4], "inflate": 0.01, "uv": [67, 63]},
						{"origin": [9.5, 26, -2.25], "size": [6, 2, 5], "inflate": 0.01, "pivot": [15.5, 29, 0.25], "rotation": [0, 0, 45], "uv": [67, 55]}
					]
				},
				{
					"name": "fingers_left",
					"parent": "hand_left",
					"pivot": [17.5, 28, 0.25]
				},
				{
					"name": "finger_left_ring",
					"parent": "fingers_left",
					"pivot": [17.5, 27.5, 1.25],
					"cubes": [
						{"origin": [17.25, 26.5, 1.25], "size": [2, 1, 0], "uv": [106, 89]}
					]
				},
				{
					"name": "finger_left_middle",
					"parent": "fingers_left",
					"pivot": [17.5, 28, 0.25],
					"cubes": [
						{"origin": [17.25, 27, 0.25], "size": [2, 1, 0], "uv": [106, 90]}
					]
				},
				{
					"name": "finger_left_index",
					"parent": "fingers_left",
					"pivot": [17.5, 27.5, -0.75],
					"cubes": [
						{"origin": [17.25, 26.5, -0.75], "size": [2, 1, 0], "uv": [106, 91]}
					]
				},
				{
					"name": "arm_right",
					"parent": "arms",
					"pivot": [-2, 27.5, 0.25],
					"cubes": [
						{"origin": [-8, 26.5, -0.75], "size": [6, 1, 2], "uv": [61, 78], "mirror": true}
					]
				},
				{
					"name": "arm_right2",
					"parent": "arm_right",
					"pivot": [-8, 27.5, 1.25],
					"cubes": [
						{"origin": [-13, 25, -1.75], "size": [5, 4, 4], "uv": [64, 81], "mirror": true}
					]
				},
				{
					"name": "hand_right",
					"parent": "arm_right2",
					"pivot": [-12.5, 29, 2.25],
					"cubes": [
						{"origin": [-17.5, 25, -1.75], "size": [5, 4, 4], "inflate": 0.01, "uv": [67, 63], "mirror": true},
						{"origin": [-15.5, 26, -2.25], "size": [6, 2, 5], "inflate": 0.01, "pivot": [-15.5, 29, 0.25], "rotation": [0, 0, -45], "uv": [67, 55], "mirror": true}
					]
				},
				{
					"name": "fingers_right",
					"parent": "hand_right",
					"pivot": [-17.5, 28, 0.25]
				},
				{
					"name": "finger_right_ring",
					"parent": "fingers_right",
					"pivot": [-17.5, 27.5, 1.25],
					"cubes": [
						{"origin": [-19.25, 26.5, 1.25], "size": [2, 1, 0], "uv": [106, 89], "mirror": true}
					]
				},
				{
					"name": "finger_right_middle",
					"parent": "fingers_right",
					"pivot": [-17.5, 28, 0.25],
					"cubes": [
						{"origin": [-19.25, 27, 0.25], "size": [2, 1, 0], "uv": [106, 90], "mirror": true}
					]
				},
				{
					"name": "finger_right_index",
					"parent": "fingers_right",
					"pivot": [-17.5, 27.5, -0.75],
					"cubes": [
						{"origin": [-19.25, 26.5, -0.75], "size": [2, 1, 0], "uv": [106, 91], "mirror": true}
					]
				},
				{
					"name": "neck",
					"parent": "chest",
					"pivot": [0, 28, 0.5],
					"cubes": [
						{"origin": [-1, 27, -1], "size": [2, 6, 3], "uv": [21, 73]}
					]
				},
				{
					"name": "head",
					"parent": "neck",
					"pivot": [0, 30.75, 0.5],
					"rotation": [5, 0, 0],
					"cubes": [
						{"origin": [-4, 30.75, -5.5], "size": [8, 8, 10], "uv": [0, 0]},
						{"origin": [-1, 33.25, -5.51], "size": [2, 1, 0], "inflate": 0.01, "uv": [6, 0]},
						{"origin": [-0.5, 38.76, -4], "size": [1, 0, 7], "uv": [19, 3]}
					]
				},
				{
					"name": "eyes",
					"parent": "head",
					"pivot": [0, 34.5, -3.25]
				},
				{
					"name": "eye_left",
					"parent": "eyes",
					"pivot": [4.01, 34.75, -3.75],
					"cubes": [
						{"origin": [4.01, 33.25, -5.25], "size": [0, 3, 4], "uv": [0, 2]}
					]
				},
				{
					"name": "pupil_left",
					"parent": "eye_left",
					"pivot": [4.02, 34.75, -3.25],
					"cubes": [
						{"origin": [4.02, 33.75, -3.75], "size": [0, 2, 1], "uv": [6, 0]}
					]
				},
				{
					"name": "eye_shine_left",
					"parent": "eye_left",
					"pivot": [4.03, 35.75, -3.75],
					"cubes": [
						{"origin": [4.03, 35.25, -4.25], "size": [0, 1, 1], "uv": [6, 2]}
					]
				},
				{
					"name": "eyelid_left",
					"parent": "eye_left",
					"pivot": [3.43, 34.75, -3.75],
					"cubes": [
						{"origin": [2.93, 33.25, -5.25], "size": [1, 3, 3], "inflate": 0.01, "uv": [0, 28]}
					]
				},
				{
					"name": "eye_right",
					"parent": "eyes",
					"pivot": [-4.01, 34.75, -3.75],
					"cubes": [
						{"origin": [-4.01, 33.25, -5.25], "size": [0, 3, 4], "uv": [0, 2], "mirror": true}
					]
				},
				{
					"name": "pupil_right",
					"parent": "eye_right",
					"pivot": [-4.02, 34.75, -3.25],
					"cubes": [
						{"origin": [-4.02, 33.75, -3.75], "size": [0, 2, 1], "uv": [8, 0], "mirror": true}
					]
				},
				{
					"name": "eye_shine_right",
					"parent": "eye_right",
					"pivot": [-4.03, 35.75, -3.75],
					"cubes": [
						{"origin": [-4.03, 35.25, -4.25], "size": [0, 1, 1], "uv": [8, 2], "mirror": true}
					]
				},
				{
					"name": "eyelid_right",
					"parent": "eye_right",
					"pivot": [-3.43, 34.75, -3.75],
					"cubes": [
						{"origin": [-3.93, 33.25, -5.25], "size": [1, 3, 3], "inflate": 0.01, "uv": [0, 34], "mirror": true}
					]
				},
				{
					"name": "eyebrow_left",
					"parent": "head",
					"pivot": [3.5, 38.5, -5.5],
					"rotation": [0, 55, 0]
				},
				{
					"name": "eyebrow_left_rotation",
					"parent": "eyebrow_left",
					"pivot": [-0.5, 37.5, -4.5],
					"rotation": [66.60661, 20.70481, 22.20765],
					"cubes": [
						{"origin": [-0.5, 35.91421, -4.67157], "size": [0, 6, 9], "inflate": 0.01, "uv": [15, 21]}
					]
				},
				{
					"name": "eyebrow_left2",
					"parent": "eyebrow_left_rotation",
					"pivot": [-0.5, 38.91421, 4.32843],
					"rotation": [0, -10, 0],
					"cubes": [
						{"origin": [-0.5, 35.91421, 4.32843], "size": [0, 6, 7], "uv": [15, 30]}
					]
				},
				{
					"name": "eyebrow_left3",
					"parent": "eyebrow_left",
					"pivot": [-0.5, 38.91421, -5.67157],
					"cubes": [
						{"origin": [4.5, 38.91421, -7.67157], "size": [0, 5, 4], "inflate": 0.01, "pivot": [4.5, 38.91421, -0.17157], "rotation": [0, 0, -90], "uv": [21, 41]}
					]
				},
				{
					"name": "eyebrow_left4",
					"parent": "eyebrow_left3",
					"pivot": [4.5, 38.91421, -5.67157],
					"rotation": [0, 0, -30],
					"cubes": [
						{"origin": [2.5, 38.91421, -7.67157], "size": [2, 0, 4], "inflate": 0.01, "pivot": [4.5, 38.91421, -0.17157], "rotation": [0, 0, -90], "uv": [2, 45]}
					]
				},
				{
					"name": "eyebrow_right",
					"parent": "head",
					"pivot": [-3.5, 38.5, -5.5],
					"rotation": [0, -55, 0]
				},
				{
					"name": "eyebrow_right_rotation",
					"parent": "eyebrow_right",
					"pivot": [0.5, 37.5, -4.5],
					"rotation": [66.60661, -20.70481, -22.20765],
					"cubes": [
						{"origin": [0.5, 35.91421, -4.67157], "size": [0, 6, 9], "inflate": 0.01, "uv": [15, 21], "mirror": true}
					]
				},
				{
					"name": "eyebrow_right2",
					"parent": "eyebrow_right_rotation",
					"pivot": [0.5, 38.91421, 4.32843],
					"rotation": [0, 10, 0],
					"cubes": [
						{"origin": [0.5, 35.91421, 4.32843], "size": [0, 6, 7], "uv": [15, 30], "mirror": true}
					]
				},
				{
					"name": "eyebrow_right3",
					"parent": "eyebrow_right",
					"pivot": [0.5, 38.91421, -5.67157],
					"cubes": [
						{"origin": [-4.5, 38.91421, -7.67157], "size": [0, 5, 4], "inflate": 0.01, "pivot": [-4.5, 38.91421, -0.17157], "rotation": [0, 0, 90], "uv": [21, 41], "mirror": true}
					]
				},
				{
					"name": "eyebrow_right4",
					"parent": "eyebrow_right3",
					"pivot": [-4.5, 38.91421, -5.67157],
					"rotation": [0, 0, 30],
					"cubes": [
						{"origin": [-4.5, 38.91421, -7.67157], "size": [2, 0, 4], "inflate": 0.01, "pivot": [-4.5, 38.91421, -0.17157], "rotation": [0, 0, 90], "uv": [2, 45], "mirror": true}
					]
				},
				{
					"name": "ears",
					"parent": "head",
					"pivot": [0, 38.5, 1]
				},
				{
					"name": "ear_left",
					"parent": "ears",
					"pivot": [0, 38.5, 1],
					"rotation": [-5, 0, 5],
					"cubes": [
						{"origin": [0, 38.5, -1], "size": [2, 11, 4], "uv": [36, 6]}
					]
				},
				{
					"name": "ear_left2",
					"parent": "ear_left",
					"pivot": [0, 49.5, 1]
				},
				{
					"name": "ear_left2_rotation",
					"parent": "ear_left2",
					"pivot": [2, 49.5, 1],
					"rotation": [0, -2.5, -5],
					"cubes": [
						{"origin": [0, 49.5, -2.5], "size": [9, 3, 7], "inflate": 0.01, "uv": [60, 0]}
					]
				},
				{
					"name": "ear_left3",
					"parent": "ear_left2_rotation",
					"pivot": [8, 51, 1],
					"cubes": [
						{"origin": [8, 49.5, -2.5], "size": [9, 3, 7], "inflate": 0.02, "uv": [53, 10]}
					]
				},
				{
					"name": "bone",
					"parent": "ear_left3",
					"pivot": [18.75, 51, 1],
					"cubes": [
						{"origin": [21, 49.5, -2.5], "size": [15, 3, 7], "inflate": 0.02, "uv": [49, 22]},
						{"origin": [17, 46.5, -4.5], "size": [4, 9, 11], "inflate": 0.02, "uv": [88, 5]}
					]
				},
				{
					"name": "bone2",
					"parent": "bone",
					"pivot": [37.83333, 51, 1],
					"cubes": [
						{"origin": [36, 46.5, -4.5], "size": [4, 9, 11], "inflate": 0.02, "uv": [88, 5]},
						{"origin": [40, 49.5, -2.5], "size": [12, 3, 7], "inflate": 0.02, "uv": [49, 33]},
						{"origin": [52, 49.5, -1.5], "size": [3, 3, 5], "inflate": 0.02, "uv": [88, 35]}
					]
				},
				{
					"name": "ear_right",
					"parent": "ears",
					"pivot": [0, 38.5, 1],
					"rotation": [-5, 0, -5],
					"cubes": [
						{"origin": [-2, 38.5, -1], "size": [2, 11, 4], "uv": [36, 6], "mirror": true}
					]
				},
				{
					"name": "ear_right2",
					"parent": "ear_right",
					"pivot": [0, 49.5, 1]
				},
				{
					"name": "ear_right2_rotation",
					"parent": "ear_right2",
					"pivot": [-2, 49.5, 1],
					"rotation": [0, 2.5, 5],
					"cubes": [
						{"origin": [-9, 49.5, -2.5], "size": [9, 3, 7], "inflate": 0.01, "uv": [60, 0], "mirror": true}
					]
				},
				{
					"name": "ear_right3",
					"parent": "ear_right2_rotation",
					"pivot": [-8, 51, 1],
					"cubes": [
						{"origin": [-17, 49.5, -2.5], "size": [9, 3, 7], "inflate": 0.02, "uv": [53, 10], "mirror": true}
					]
				},
				{
					"name": "bone3",
					"parent": "ear_right3",
					"pivot": [-18.75, 51, 1],
					"cubes": [
						{"origin": [-36, 49.5, -2.5], "size": [15, 3, 7], "inflate": 0.02, "uv": [49, 22], "mirror": true},
						{"origin": [-21, 46.5, -4.5], "size": [4, 9, 11], "inflate": 0.02, "uv": [88, 5], "mirror": true}
					]
				},
				{
					"name": "bone4",
					"parent": "bone3",
					"pivot": [-37.83333, 51, 1],
					"cubes": [
						{"origin": [-40, 46.5, -4.5], "size": [4, 9, 11], "inflate": 0.02, "uv": [88, 5], "mirror": true},
						{"origin": [-52, 49.5, -2.5], "size": [12, 3, 7], "inflate": 0.02, "uv": [49, 33], "mirror": true},
						{"origin": [-55, 49.5, -1.5], "size": [3, 3, 5], "inflate": 0.02, "uv": [88, 35], "mirror": true}
					]
				},
				{
					"name": "mouth",
					"parent": "head",
					"pivot": [0, 32.25, -5.5]
				},
				{
					"name": "mouth_closed",
					"parent": "mouth",
					"pivot": [0, 32.25, -5.5],
					"cubes": [
						{"origin": [-2.5, 30.75, -5.5], "size": [5, 3, 0], "inflate": 0.01, "uv": [26, 0]}
					]
				},
				{
					"name": "mouth_open",
					"parent": "mouth",
					"pivot": [0, 32.25, -5.5],
					"cubes": [
						{"origin": [-2.5, 30.75, -5.4], "size": [5, 3, 0], "inflate": 0.01, "uv": [28, 3]}
					]
				},
				{
					"name": "tail",
					"parent": "torso",
					"pivot": [0, 17.5, 3],
					"rotation": [5, 0, 0],
					"cubes": [
						{"origin": [-2, 15.5, 3], "size": [4, 4, 4], "uv": [5, 76]}
					]
				},
				{
					"name": "legs",
					"parent": "body",
					"pivot": [0, 18.25, 0]
				},
				{
					"name": "leg_right",
					"parent": "legs",
					"pivot": [-4, 18.25, 0],
					"rotation": [2.5, -2.5, 0],
					"cubes": [
						{"origin": [-6, 8.25, -3], "size": [4, 10, 6], "uv": [20, 82], "mirror": true}
					]
				},
				{
					"name": "leg_right2",
					"parent": "leg_right",
					"pivot": [-4, 7.25, 2.75],
					"rotation": [-10, 0, 0],
					"cubes": [
						{"origin": [-5.5, -1, 1.25], "size": [3, 10, 3], "uv": [70, 96], "mirror": true},
						{"origin": [-7, 0.25, -0.75], "size": [6, 3, 7], "pivot": [-4, 1.5, 2.75], "rotation": [22.5, 0, 0], "uv": [64, 110], "mirror": true}
					]
				},
				{
					"name": "foot_right",
					"parent": "leg_right2",
					"pivot": [-4.06822, -1.00281, 1.25096],
					"rotation": [7.5, 0, 0],
					"cubes": [
						{"origin": [-5.5, -2.9999, -0.74962], "size": [3, 2, 5], "inflate": 0.1, "uv": [82, 100], "mirror": true}
					]
				},
				{
					"name": "leg_fur_right",
					"parent": "leg_right2",
					"pivot": [-5.5, 6, 1.5],
					"rotation": [0, 0, 60]
				},
				{
					"name": "leg_fur_right2",
					"parent": "leg_right2",
					"pivot": [-5.5, 6, 2.75],
					"rotation": [0, 20, 60]
				},
				{
					"name": "leg_left",
					"parent": "legs",
					"pivot": [4, 18.25, 0],
					"rotation": [2.5, 2.5, 0],
					"cubes": [
						{"origin": [2, 8.25, -3], "size": [4, 10, 6], "uv": [20, 82]}
					]
				},
				{
					"name": "leg_left2",
					"parent": "leg_left",
					"pivot": [4, 7.25, 2.75],
					"rotation": [-10, 0, 0],
					"cubes": [
						{"origin": [2.5, -1, 1.25], "size": [3, 10, 3], "uv": [70, 96]},
						{"origin": [1, 0.25, -0.75], "size": [6, 3, 7], "pivot": [4, 1.5, 2.75], "rotation": [22.5, 0, 0], "uv": [64, 110]}
					]
				},
				{
					"name": "foot_left",
					"parent": "leg_left2",
					"pivot": [4.06822, -1.00281, 1.25096],
					"rotation": [7.5, 0, 0],
					"cubes": [
						{"origin": [2.5, -2.9999, -0.74962], "size": [3, 2, 5], "inflate": 0.1, "uv": [82, 100]}
					]
				},
				{
					"name": "leg_fur_left",
					"parent": "leg_left2",
					"pivot": [5.5, 6, 1.5],
					"rotation": [0, 0, -60]
				},
				{
					"name": "leg_fur_left2",
					"parent": "leg_left2",
					"pivot": [5.5, 6, 2.75],
					"rotation": [0, -20, -60]
				}
			]
		}
	]
}