{
	"format_version": "1.12.0",
	"minecraft:geometry": [
		{
			"description": {
				"identifier": "geometry.unknown",
				"texture_width": 400,
				"texture_height": 400,
				"visible_bounds_width": 7,
				"visible_bounds_height": 4.5,
				"visible_bounds_offset": [0, 1.75, 0]
			},
			"bones": [
				{
					"name": "lopunny",
					"pivot": [0, 0, 0]
				},
				{
					"name": "body",
					"parent": "lopunny",
					"pivot": [0, 19, 0]
				},
				{
					"name": "torso",
					"parent": "body",
					"pivot": [0, 15, 0],
					"rotation": [5, 0, 0],
					"cubes": [
						{"origin": [-3, 15, -3], "size": [6, 8, 6], "inflate": 0.01, "uv": [0, 62]},
						{"origin": [-3, 15, 3], "size": [6, 5, 1], "uv": [18, 62]}
					]
				},
				{
					"name": "chest",
					"parent": "torso",
					"pivot": [0, 23, 0.25],
					"rotation": [-5, 0, 0],
					"cubes": [
						{"origin": [-2, 22, -1.75], "size": [4, 6, 4], "uv": [32, 62]}
					]
				},
				{
					"name": "arms",
					"parent": "chest",
					"pivot": [2.5, 26.75, 0]
				},
				{
					"name": "arm_left",
					"parent": "arms",
					"pivot": [2, 27.5, 0.25],
					"cubes": [
						{"origin": [2, 26.5, -0.75], "size": [6, 1, 2], "uv": [61, 78]}
					]
				},
				{
					"name": "arm_left2",
					"parent": "arm_left",
					"pivot": [8, 27.5, 1.25],
					"cubes": [
						{"origin": [8, 25, -1.75], "size": [5, 4, 4], "uv": [64, 81]},
						{"origin": [9.4, 25, -1.75], "size": [1, 4, 4], "inflate": 0.25, "uv": [209, 64]}
					]
				},
				{
					"name": "hand_left",
					"parent": "arm_left2",
					"pivot": [12.5, 29, 2.25],
					"cubes": [
						{"origin": [12.5, 24, -2.75], "size": [4, 6, 6], "uv": [100, 77]},
						{"origin": [12.5, 27, -2.75], "size": [4, 3, 0], "pivot": [14.5, 27, -2.75], "rotation": [12.5, 0, 0], "uv": [64, 89]},
						{"origin": [12.5, 24, -2.75], "size": [4, 3, 0], "pivot": [14.5, 27, -2.75], "rotation": [-12.5, 0, 0], "uv": [64, 92]},
						{"origin": [12.5, 27, 3.25], "size": [4, 3, 0], "pivot": [14.5, 27, 3.25], "rotation": [-12.5, 0, 0], "uv": [80, 89]},
						{"origin": [12.5, 24, 3.25], "size": [4, 3, 0], "pivot": [14.5, 27, 3.25], "rotation": [12.5, 0, 0], "uv": [80, 92]},
						{"origin": [12.5, 27, 0.25], "size": [4, 3, 0], "pivot": [14.5, 30, 0.25], "rotation": [-102.5, 0, 0], "uv": [40, 94]},
						{"origin": [12.5, 30, 0.25], "size": [4, 3, 0], "pivot": [14.5, 30, 0.25], "rotation": [-77.5, 0, 0], "uv": [40, 91]},
						{"origin": [12.5, 21, 0.25], "size": [4, 3, 0], "pivot": [14.5, 24, 0.25], "rotation": [-77.5, 0, 0], "uv": [40, 100]},
						{"origin": [12.5, 24, 0.25], "size": [4, 3, 0], "pivot": [14.5, 24, 0.25], "rotation": [-102.5, 0, 0], "uv": [40, 97]},
						{"origin": [12.5, 27, -2.75], "size": [0, 3, 6], "pivot": [12.5, 27, 0.25], "rotation": [0, 0, -12.5], "uv": [96, 86]},
						{"origin": [12.5, 24, -2.75], "size": [0, 3, 6], "pivot": [12.5, 27, 0.25], "rotation": [0, 0, 12.5], "uv": [96, 89]}
					]
				},
				{
					"name": "fingers_left",
					"parent": "hand_left",
					"pivot": [16.5, 28, 0.25]
				},
				{
					"name": "finger_left_ring",
					"parent": "fingers_left",
					"pivot": [16.5, 27.5, 1.25],
					"cubes": [
						{"origin": [16.25, 26.5, 1.25], "size": [2, 1, 0], "uv": [106, 89]}
					]
				},
				{
					"name": "finger_left_middle",
					"parent": "fingers_left",
					"pivot": [16.5, 28, 0.25],
					"cubes": [
						{"origin": [16.25, 27, 0.25], "size": [2, 1, 0], "uv": [106, 90]}
					]
				},
				{
					"name": "finger_left_index",
					"parent": "fingers_left",
					"pivot": [16.5, 27.5, -0.75],
					"cubes": [
						{"origin": [16.25, 26.5, -0.75], "size": [2, 1, 0], "uv": [106, 91]}
					]
				},
				{
					"name": "arm_right",
					"parent": "arms",
					"pivot": [-2, 27.5, 0.25],
					"cubes": [
						{"origin": [-8, 26.5, -0.75], "size": [6, 1, 2], "uv": [77, 78], "mirror": true}
					]
				},
				{
					"name": "arm_right2",
					"parent": "arm_right",
					"pivot": [-8, 27.5, 1.25],
					"cubes": [
						{"origin": [-13, 25, -1.75], "size": [5, 4, 4], "uv": [82, 81], "mirror": true},
						{"origin": [-10.4, 25, -1.75], "size": [1, 4, 4], "inflate": 0.25, "uv": [209, 64], "mirror": true}
					]
				},
				{
					"name": "hand_right",
					"parent": "arm_right2",
					"pivot": [-12.5, 29, 2.25],
					"cubes": [
						{"origin": [-16.5, 24, -2.75], "size": [4, 6, 6], "uv": [108, 89], "mirror": true},
						{"origin": [-16.5, 27, -2.75], "size": [4, 3, 0], "pivot": [-14.5, 27, -2.75], "rotation": [12.5, 0, 0], "uv": [72, 89], "mirror": true},
						{"origin": [-16.5, 24, -2.75], "size": [4, 3, 0], "pivot": [-14.5, 27, -2.75], "rotation": [-12.5, 0, 0], "uv": [72, 92], "mirror": true},
						{"origin": [-16.5, 27, 3.25], "size": [4, 3, 0], "pivot": [-14.5, 27, 3.25], "rotation": [-12.5, 0, 0], "uv": [88, 89], "mirror": true},
						{"origin": [-16.5, 24, 3.25], "size": [4, 3, 0], "pivot": [-14.5, 27, 3.25], "rotation": [12.5, 0, 0], "uv": [88, 92], "mirror": true},
						{"origin": [-16.5, 27, 0.25], "size": [4, 3, 0], "pivot": [-14.5, 30, 0.25], "rotation": [-102.5, 0, 0], "uv": [48, 94], "mirror": true},
						{"origin": [-16.5, 30, 0.25], "size": [4, 3, 0], "pivot": [-14.5, 30, 0.25], "rotation": [-77.5, 0, 0], "uv": [48, 91], "mirror": true},
						{"origin": [-16.5, 21, 0.25], "size": [4, 3, 0], "pivot": [-14.5, 24, 0.25], "rotation": [-77.5, 0, 0], "uv": [48, 100], "mirror": true},
						{"origin": [-16.5, 24, 0.25], "size": [4, 3, 0], "pivot": [-14.5, 24, 0.25], "rotation": [-102.5, 0, 0], "uv": [48, 97], "mirror": true},
						{"origin": [-12.5, 27, -2.75], "size": [0, 3, 6], "pivot": [-12.5, 27, 0.25], "rotation": [0, 0, 12.5], "uv": [96, 92], "mirror": true},
						{"origin": [-12.5, 24, -2.75], "size": [0, 3, 6], "pivot": [-12.5, 27, 0.25], "rotation": [0, 0, -12.5], "uv": [96, 95], "mirror": true}
					]
				},
				{
					"name": "fingers_right",
					"parent": "hand_right",
					"pivot": [-16.5, 28, 0.25]
				},
				{
					"name": "finger_right_ring",
					"parent": "fingers_right",
					"pivot": [-16.5, 27.5, 1.25],
					"cubes": [
						{"origin": [-18.25, 26.5, 1.25], "size": [2, 1, 0], "uv": [110, 89], "mirror": true}
					]
				},
				{
					"name": "finger_right_middle",
					"parent": "fingers_right",
					"pivot": [-16.5, 28, 0.25],
					"cubes": [
						{"origin": [-18.25, 27, 0.25], "size": [2, 1, 0], "uv": [110, 90], "mirror": true}
					]
				},
				{
					"name": "finger_right_index",
					"parent": "fingers_right",
					"pivot": [-16.5, 27.5, -0.75],
					"cubes": [
						{"origin": [-18.25, 26.5, -0.75], "size": [2, 1, 0], "uv": [110, 91], "mirror": true}
					]
				},
				{
					"name": "neck",
					"parent": "chest",
					"pivot": [0, 28, 0.5],
					"cubes": [
						{"origin": [-1, 27, -1], "size": [2, 6, 3], "uv": [21, 73]}
					]
				},
				{
					"name": "head",
					"parent": "neck",
					"pivot": [0, 30.75, 0.5],
					"rotation": [5, 0, 0],
					"cubes": [
						{"origin": [-4, 30.75, -5.5], "size": [8, 8, 10], "uv": [0, 0]},
						{"origin": [-1, 33.25, -5.51], "size": [2, 1, 0], "inflate": 0.01, "uv": [6, 0]},
						{"origin": [-0.5, 38.76, -4], "size": [1, 0, 7], "uv": [19, 3]}
					]
				},
				{
					"name": "christmashat",
					"parent": "head",
					"pivot": [0.12022, 39.66989, 8.2609],
					"cubes": [
						{"origin": [-3.4, 36.07951, -1.36922], "size": [7, 4, 7], "pivot": [2.80102, 39.92808, 3.79259], "rotation": [-21, 0, 0], "uv": [79, 117]},
						{"origin": [-2.87418, 38.91878, -0.68533], "size": [6, 3, 6], "pivot": [0.12582, 40.41878, 2.31467], "rotation": [-38.49894, 0.31125, 0.39131], "uv": [37, 119]},
						{"origin": [-2.54939, 40.71442, 1.49729], "size": [5, 2, 5], "pivot": [-0.04939, 41.51442, 3.69729], "rotation": [-51, 0, 0], "uv": [38, 145]},
						{"origin": [-1.55919, 40.45259, 3.81301], "size": [3, 2, 3], "pivot": [-0.75919, 41.35259, 5.51301], "rotation": [-60.98612, 0.51622, -0.55831], "uv": [76, 155]},
						{"origin": [-0.55919, 40.65259, 4.61301], "size": [1, 4, 1], "pivot": [-0.75919, 41.35259, 5.51301], "rotation": [-123.48612, 0.51622, -0.55831], "uv": [127, 167]},
						{"origin": [-1.37978, 38.76989, 6.3609], "size": [3, 3, 3], "pivot": [0.12022, 39.66989, 8.2609], "rotation": [-37.97342, 1.55598, 1.957], "uv": [57, 117]}
					]
				},
				{
					"name": "eyes",
					"parent": "head",
					"pivot": [0, 34.5, -3.25]
				},
				{
					"name": "eye_left",
					"parent": "eyes",
					"pivot": [4.01, 34.75, -3.75],
					"cubes": [
						{"origin": [4.01, 33.25, -5.25], "size": [0, 3, 3], "uv": [0, -3]}
					]
				},
				{
					"name": "pupil_left",
					"parent": "eye_left",
					"pivot": [4.02, 34.75, -3.25],
					"cubes": [
						{"origin": [4.02, 33.75, -3.75], "size": [0, 2, 1], "uv": [6, 0]}
					]
				},
				{
					"name": "eye_shine_left",
					"parent": "eye_left",
					"pivot": [4.03, 35.75, -3.75],
					"cubes": [
						{"origin": [4.03, 35.25, -4.25], "size": [0, 1, 1], "uv": [6, 2]}
					]
				},
				{
					"name": "eyelid_left",
					"parent": "eye_left",
					"pivot": [3.43, 34.75, -3.75],
					"cubes": [
						{"origin": [2.93, 33.25, -5.25], "size": [1, 3, 3], "inflate": 0.01, "uv": [0, 28]}
					]
				},
				{
					"name": "eye_right",
					"parent": "eyes",
					"pivot": [-4.01, 34.75, -3.75],
					"cubes": [
						{"origin": [-4.01, 33.25, -5.25], "size": [0, 3, 3], "uv": [0, 0], "mirror": true}
					]
				},
				{
					"name": "pupil_right",
					"parent": "eye_right",
					"pivot": [-4.02, 34.75, -3.25],
					"cubes": [
						{"origin": [-4.02, 33.75, -3.75], "size": [0, 2, 1], "uv": [8, 0], "mirror": true}
					]
				},
				{
					"name": "eye_shine_right",
					"parent": "eye_right",
					"pivot": [-4.03, 35.75, -3.75],
					"cubes": [
						{"origin": [-4.03, 35.25, -4.25], "size": [0, 1, 1], "uv": [8, 2], "mirror": true}
					]
				},
				{
					"name": "eyelid_right",
					"parent": "eye_right",
					"pivot": [-3.43, 34.75, -3.75],
					"cubes": [
						{"origin": [-3.93, 33.25, -5.25], "size": [1, 3, 3], "inflate": 0.01, "uv": [0, 34], "mirror": true}
					]
				},
				{
					"name": "eyebrow_left",
					"parent": "head",
					"pivot": [4, 38.5, -5.5],
					"rotation": [0, 55, 0]
				},
				{
					"name": "eyebrow_left_rotation",
					"parent": "eyebrow_left",
					"pivot": [4, 38.5, -5.5],
					"rotation": [45, 0, 0],
					"cubes": [
						{"origin": [4, 36.5, -8.5], "size": [0, 4, 9], "inflate": 0.01, "uv": [0, 9]}
					]
				},
				{
					"name": "eyebrow_detail_left",
					"parent": "eyebrow_left_rotation",
					"pivot": [4, 36.5, -6.5],
					"rotation": [-12.5, 0, 0],
					"cubes": [
						{"origin": [4, 36.5, -6.5], "size": [0, 1, 6], "uv": [0, 20]}
					]
				},
				{
					"name": "eyebrow_left2",
					"parent": "eyebrow_left_rotation",
					"pivot": [4, 38.5, 0.5],
					"rotation": [0, -10, 0],
					"cubes": [
						{"origin": [4, 36.5, 0.5], "size": [0, 4, 7], "uv": [0, 15]}
					]
				},
				{
					"name": "eyebrow_right",
					"parent": "head",
					"pivot": [-4, 38.5, -5.5],
					"rotation": [0, -55, 0]
				},
				{
					"name": "eyebrow_right_rotation",
					"parent": "eyebrow_right",
					"pivot": [-4, 38.5, -5.5],
					"rotation": [45, 0, 0],
					"cubes": [
						{"origin": [-4, 36.5, -8.5], "size": [0, 4, 9], "inflate": 0.01, "uv": [18, 9], "mirror": true}
					]
				},
				{
					"name": "eyebrow_detail_right",
					"parent": "eyebrow_right_rotation",
					"pivot": [-4, 36.5, -6.5],
					"rotation": [-12.5, 0, 0],
					"cubes": [
						{"origin": [-4, 36.5, -6.5], "size": [0, 1, 6], "uv": [0, 21], "mirror": true}
					]
				},
				{
					"name": "eyebrow_right2",
					"parent": "eyebrow_right_rotation",
					"pivot": [-4, 38.5, 0.5],
					"rotation": [0, 10, 0],
					"cubes": [
						{"origin": [-4, 36.5, 0.5], "size": [0, 4, 7], "uv": [14, 15], "mirror": true}
					]
				},
				{
					"name": "ears",
					"parent": "head",
					"pivot": [0, 38.5, 1]
				},
				{
					"name": "ear_left",
					"parent": "ears",
					"pivot": [0, 38.5, 1],
					"rotation": [-5, 0, 5],
					"cubes": [
						{"origin": [0, 38.5, -1], "size": [2, 11, 4], "uv": [36, 6]}
					]
				},
				{
					"name": "ear_left2",
					"parent": "ear_left",
					"pivot": [0, 49.5, 1]
				},
				{
					"name": "ear_left2_rotation",
					"parent": "ear_left2",
					"pivot": [2, 49.5, 1],
					"rotation": [0, -2.5, -5],
					"cubes": [
						{"origin": [0, 49.5, -2.5], "size": [9, 3, 7], "inflate": 0.01, "uv": [60, 0]}
					]
				},
				{
					"name": "ear_left3",
					"parent": "ear_left2_rotation",
					"pivot": [8, 51, 1],
					"cubes": [
						{"origin": [8, 49.5, -2.5], "size": [9, 3, 7], "inflate": 0.02, "uv": [53, 10]},
						{"origin": [17, 49.5, -1.5], "size": [3, 3, 5], "uv": [101, 20]},
						{"origin": [10, 48, -4], "size": [11, 3, 10], "uv": [37, 23]}
					]
				},
				{
					"name": "ear_left4",
					"parent": "ear_left3",
					"pivot": [20, 49.5, 1],
					"cubes": [
						{"origin": [20, 47.5, -6], "size": [10, 4, 14], "uv": [3, 26]}
					]
				},
				{
					"name": "ear_left5",
					"parent": "ear_left4",
					"pivot": [29, 49.5, 1],
					"cubes": [
						{"origin": [29, 47.5, -7.5], "size": [13, 4, 17], "inflate": 0.02, "uv": [34, 36]}
					]
				},
				{
					"name": "ear_end_left",
					"parent": "ear_left5",
					"pivot": [42, 49.5, 1]
				},
				{
					"name": "ear_end_left_middle",
					"parent": "ear_end_left",
					"pivot": [42, 49.5, 1],
					"cubes": [
						{"origin": [42, 47.5, -2], "size": [4, 4, 6], "uv": [77, 33]}
					]
				},
				{
					"name": "ear_end_left_front",
					"parent": "ear_end_left",
					"pivot": [42, 49.5, -1.5],
					"rotation": [0, 20, 0],
					"cubes": [
						{"origin": [42, 47.5, -7.5], "size": [4, 4, 6], "inflate": 0.01, "uv": [97, 33]}
					]
				},
				{
					"name": "ear_end_left_front2",
					"parent": "ear_end_left",
					"pivot": [33.5, 49.5, -7.5],
					"rotation": [0, 35, 0],
					"cubes": [
						{"origin": [33.5, 47.5, -7.5], "size": [6, 4, 4], "uv": [108, 53]}
					]
				},
				{
					"name": "ear_end_left_back",
					"parent": "ear_end_left",
					"pivot": [42, 49.5, 3.5],
					"rotation": [0, -20, 0],
					"cubes": [
						{"origin": [42, 47.5, 3.5], "size": [4, 4, 6], "inflate": 0.01, "uv": [74, 57]}
					]
				},
				{
					"name": "ear_end_left_back2",
					"parent": "ear_end_left",
					"pivot": [33.5, 49.5, 9.5],
					"rotation": [0, -35, 0],
					"cubes": [
						{"origin": [33.5, 47.5, 5.5], "size": [6, 4, 4], "uv": [92, 65]}
					]
				},
				{
					"name": "ear_right",
					"parent": "ears",
					"pivot": [0, 38.5, 1],
					"rotation": [-5, 0, -5],
					"cubes": [
						{"origin": [-2, 38.5, -1], "size": [2, 11, 4], "uv": [48, 0], "mirror": true}
					]
				},
				{
					"name": "ear_right2",
					"parent": "ear_right",
					"pivot": [0, 49.5, 1]
				},
				{
					"name": "ear_right2_rotation",
					"parent": "ear_right2",
					"pivot": [-2, 49.5, 1],
					"rotation": [0, 0, 5],
					"cubes": [
						{"origin": [-9, 49.5, -2.5], "size": [9, 3, 7], "inflate": 0.01, "uv": [92, 0], "mirror": true}
					]
				},
				{
					"name": "ear_right3",
					"parent": "ear_right2_rotation",
					"pivot": [-8, 51, 1],
					"cubes": [
						{"origin": [-17, 49.5, -2.5], "size": [9, 3, 7], "inflate": 0.02, "uv": [85, 10], "mirror": true},
						{"origin": [-20, 49.5, -1.5], "size": [3, 3, 5], "uv": [112, 15], "mirror": true},
						{"origin": [-21, 48, -4], "size": [11, 3, 10], "uv": [69, 20], "mirror": true}
					]
				},
				{
					"name": "ear_right4",
					"parent": "ear_right3",
					"pivot": [-20, 49.5, 1],
					"cubes": [
						{"origin": [-30, 47.5, -6], "size": [10, 4, 14], "uv": [0, 44], "mirror": true}
					]
				},
				{
					"name": "ear_right5",
					"parent": "ear_right4",
					"pivot": [-29, 49.5, 1],
					"cubes": [
						{"origin": [-42, 47.5, -7.5], "size": [13, 4, 17], "inflate": 0.02, "uv": [31, 57], "mirror": true}
					]
				},
				{
					"name": "ear_end_right",
					"parent": "ear_right5",
					"pivot": [-42, 49.5, 1]
				},
				{
					"name": "ear_end_right_middle",
					"parent": "ear_end_right",
					"pivot": [-42, 49.5, 1],
					"cubes": [
						{"origin": [-46, 47.5, -2], "size": [4, 4, 6], "uv": [77, 43], "mirror": true}
					]
				},
				{
					"name": "ear_end_right_front",
					"parent": "ear_end_right",
					"pivot": [-42, 49.5, -1.5],
					"rotation": [0, -20, 0],
					"cubes": [
						{"origin": [-46, 47.5, -7.5], "size": [4, 4, 6], "inflate": 0.01, "uv": [97, 43], "mirror": true}
					]
				},
				{
					"name": "ear_end_right_front2",
					"parent": "ear_end_right",
					"pivot": [-33.5, 49.5, -7.5],
					"rotation": [0, -35, 0],
					"cubes": [
						{"origin": [-39.5, 47.5, -7.5], "size": [6, 4, 4], "uv": [108, 61], "mirror": true}
					]
				},
				{
					"name": "ear_end_right_back",
					"parent": "ear_end_right",
					"pivot": [-42, 49.5, 3.5],
					"rotation": [0, 20, 0],
					"cubes": [
						{"origin": [-46, 47.5, 3.5], "size": [4, 4, 6], "inflate": 0.01, "uv": [88, 53], "mirror": true}
					]
				},
				{
					"name": "ear_end_right_back2",
					"parent": "ear_end_right",
					"pivot": [-33.5, 49.5, 9.5],
					"rotation": [0, 35, 0],
					"cubes": [
						{"origin": [-39.5, 47.5, 5.5], "size": [6, 4, 4], "uv": [108, 69], "mirror": true}
					]
				},
				{
					"name": "mouth",
					"parent": "head",
					"pivot": [0, 32.25, -5.5]
				},
				{
					"name": "mouth_closed",
					"parent": "mouth",
					"pivot": [0, 32.25, -5.5],
					"cubes": [
						{"origin": [-2.5, 30.75, -5.5], "size": [5, 3, 0], "inflate": 0.01, "uv": [26, 0]}
					]
				},
				{
					"name": "mouth_open",
					"parent": "mouth",
					"pivot": [0, 32.25, -5.5],
					"cubes": [
						{"origin": [-2.5, 30.75, -5.4], "size": [5, 3, 0], "inflate": 0.01, "uv": [28, 3]}
					]
				},
				{
					"name": "tail",
					"parent": "torso",
					"pivot": [0, 17.5, 3],
					"rotation": [5, 0, 0],
					"cubes": [
						{"origin": [-2, 15.5, 3], "size": [4, 4, 4], "uv": [5, 76]}
					]
				},
				{
					"name": "skirt",
					"parent": "torso",
					"pivot": [-4.87663, 13.1796, -3.32651],
					"cubes": [
						{"origin": [-3, 17.1838, -4.52388], "size": [6, 5, 0], "inflate": 0.01, "pivot": [2, 18.1838, -4.52388], "rotation": [-17.5, 0, 0], "uv": [0, 140]},
						{"origin": [-3, 21.99954, -3.17299], "size": [6, 1, 0], "inflate": 0.01, "pivot": [0, 22.54954, -3.17299], "rotation": [-15, 0, 0], "uv": [125, 85]},
						{"origin": [-3, 23.17067, -3.40658], "size": [6, 1, 0], "inflate": 0.01, "pivot": [0, 22.72067, -3.40658], "rotation": [-52.5, 0, 0], "uv": [158, 83]},
						{"origin": [-3, 25.05739, -3.69437], "size": [6, 1, 0], "inflate": 0.01, "pivot": [0, 23.60739, -3.69437], "rotation": [-90, 0, 0], "uv": [45, 161]},
						{"origin": [1.97106, 22.85964, -1.37889], "size": [2, 1, 0], "inflate": 0.01, "pivot": [2.97106, 23.35964, -1.37889], "rotation": [-89.12979, -43.62043, 11.25162], "uv": [14, 120]},
						{"origin": [1.97106, 23.85964, -1.37889], "size": [2, 1, 0], "inflate": 0.01, "pivot": [2.97106, 23.35964, -1.37889], "rotation": [-89.12979, -43.62043, 11.25162], "uv": [14, 120]},
						{"origin": [-3, 13.21531, -4.89761], "size": [6, 4, 0], "inflate": 0.01, "pivot": [2, 16.21531, -4.89761], "rotation": [-4, 0, 0], "uv": [41, 132]},
						{"origin": [3.063, 13.20244, -4.68955], "size": [2, 4, 0], "inflate": 0.01, "pivot": [3.063, 18.20244, -4.68955], "rotation": [-8.96949, -41.2888, 8.9926], "uv": [0, 165]},
						{"origin": [3.01062, 17.18256, -4.51994], "size": [2, 5, 0], "inflate": 0.01, "pivot": [3.01062, 18.18256, -4.51994], "rotation": [-23.15411, -40.11485, 15.40534], "uv": [0, 192]},
						{"origin": [3.01062, 22.20163, -4.51393], "size": [2, 1, 0], "inflate": 0.01, "pivot": [3.01062, 18.20163, -4.51393], "rotation": [-23.15411, -40.11485, 15.40534], "uv": [10, 178]},
						{"origin": [2.49407, 22.53063, -1.97677], "size": [2, 1, 0], "inflate": 0.01, "pivot": [3.49407, 23.08063, -1.97677], "rotation": [-65.65411, -40.11485, 15.40534], "uv": [11, 112]},
						{"origin": [4.17982, 14.44968, -2.09143], "size": [1, 2, 0], "inflate": 0.01, "pivot": [5.27982, 13.94968, -2.09143], "rotation": [-25.4573, -62.03722, 23.45573], "uv": [26, 151]},
						{"origin": [3.74107, 14.64005, -2.99234], "size": [1, 2, 0], "inflate": 0.01, "pivot": [4.84107, 14.14005, -2.99234], "rotation": [-25.4573, -62.03722, 23.45573], "uv": [148, 105]},
						{"origin": [3.70079, 13.6198, -2.977], "size": [1, 1, 0], "inflate": 0.01, "pivot": [4.80079, 14.1198, -2.977], "rotation": [-20.4573, -62.03722, 23.45573], "uv": [25, 166]},
						{"origin": [4.43658, 13.55022, -2.68798], "size": [1, 1, 0], "inflate": 0.01, "pivot": [4.93658, 13.55022, -2.68798], "rotation": [-20.4573, -62.03722, 23.45573], "uv": [50, 138]},
						{"origin": [-5.45586, 13.55098, -2.69721], "size": [1, 1, 0], "inflate": 0.01, "pivot": [-4.95586, 13.55098, -2.69721], "rotation": [-20.4573, 62.03722, -23.45573], "uv": [50, 138], "mirror": true},
						{"origin": [4.74664, 14.29595, -1.20041], "size": [1, 2, 0], "inflate": 0.01, "pivot": [5.44664, 15.29595, -1.20041], "rotation": [-37.40559, -70.62221, 36.45624], "uv": [60, 174]},
						{"origin": [5.52955, 13.52369, -2.53463], "size": [1, 1, 0], "inflate": 0.01, "pivot": [5.12955, 13.52369, -2.63463], "rotation": [-27.09839, -68.9137, 30.74057], "uv": [14, 120]},
						{"origin": [5.44664, 13.29595, -1.20041], "size": [1, 3, 0], "inflate": 0.01, "pivot": [5.44664, 15.29595, -1.20041], "rotation": [-7.49534, -74.58343, 5.1986], "uv": [103, 165]},
						{"origin": [6.24664, 13.29595, -1.20041], "size": [1, 3, 0], "inflate": 0.01, "pivot": [5.44664, 15.29595, -1.20041], "rotation": [-10.04947, -78.53766, 7.82305], "uv": [94, 172]},
						{"origin": [7.064, 13.35779, -1.28098], "size": [1, 3, 0], "inflate": 0.01, "pivot": [5.564, 15.35779, -1.28098], "rotation": [-35.11329, -85.35815, 32.58136], "uv": [126, 190]},
						{"origin": [6.5781, 13.271, 0.25068], "size": [2, 3, 0], "inflate": 0.01, "pivot": [5.5781, 18.771, 0.25068], "rotation": [-175.74967, -76.50491, 169.96256], "uv": [170, 41]},
						{"origin": [5.5781, 16.271, 0.25068], "size": [3, 5, 0], "inflate": 0.01, "pivot": [5.5781, 18.771, 0.25068], "rotation": [-175.74967, -76.50491, 169.96256], "uv": [163, 41]},
						{"origin": [5.5781, 21.271, 0.25068], "size": [3, 1, 0], "inflate": 0.01, "pivot": [5.5781, 18.771, 0.25068], "rotation": [-175.74967, -76.50491, 169.96256], "uv": [179, 38]},
						{"origin": [3.03297, 22.06758, 1.70509], "size": [3, 1, 0], "inflate": 0.01, "pivot": [4.53297, 22.56758, 1.70509], "rotation": [146.75033, -76.50491, 169.96256], "uv": [75, 191]},
						{"origin": [3.14586, 23.27426, 1.74042], "size": [3, 1, 0], "inflate": 0.01, "pivot": [4.64586, 22.77426, 1.74042], "rotation": [119.25033, -76.50491, 169.96256], "uv": [198, 94]},
						{"origin": [1.28012, 22.92623, 1.32678], "size": [3, 1, 0], "inflate": 0.01, "pivot": [2.78012, 23.42623, 1.32678], "rotation": [116.75033, -76.50491, 169.96256], "uv": [101, 210]},
						{"origin": [1.27638, 23.99411, 1.32874], "size": [3, 1, 0], "inflate": 0.01, "pivot": [2.77638, 23.49411, 1.32874], "rotation": [109.25033, -76.50491, 169.96256], "uv": [175, 50]},
						{"origin": [4.25209, 16.25393, -0.70642], "size": [2, 5, 0], "pivot": [5.25209, 18.75393, -0.70642], "rotation": [-3.03513, -70.93451, -3.03513], "uv": [0, 208]},
						{"origin": [4.25209, 21.25393, -0.70642], "size": [2, 1, 0], "inflate": 0.01, "pivot": [5.25209, 18.75393, -0.70642], "rotation": [-3.03513, -70.93451, -3.03513], "uv": [207, 51]},
						{"origin": [3.53181, 22.07686, -0.52779], "size": [2, 1, 0], "inflate": 0.01, "pivot": [4.53181, 22.57686, -0.52779], "rotation": [-45.53513, -70.93451, -3.03513], "uv": [85, 237]},
						{"origin": [4.86959, 17.23366, -5.66829], "size": [2, 5, 0], "inflate": 0.01, "pivot": [2.86959, 18.23366, -4.66829], "rotation": [-42.67209, -63.66309, 39.56292], "uv": [29, 184]},
						{"origin": [4.86959, 22.2664, -5.72259], "size": [2, 1, 0], "inflate": 0.01, "pivot": [2.86959, 18.2664, -4.72259], "rotation": [-42.67209, -63.66309, 39.56292], "uv": [77, 219]},
						{"origin": [-5.01062, 22.20042, -4.49634], "size": [2, 1, 0], "inflate": 0.01, "pivot": [-3.01062, 18.20042, -4.49634], "rotation": [-23.15411, 40.11485, -15.40534], "uv": [10, 178], "mirror": true},
						{"origin": [3.56336, 22.13716, -0.67495], "size": [2, 1, 0], "inflate": 0.01, "pivot": [4.56336, 22.53716, -0.67495], "rotation": [-88.17209, -63.66309, 39.56292], "uv": [33, 232]},
						{"origin": [3.7821, 23.35329, -0.711], "size": [2, 1, 0], "inflate": 0.01, "pivot": [4.7821, 22.65329, -0.711], "rotation": [-69.23588, -70.86782, -0.69617], "uv": [81, 180]},
						{"origin": [3.7821, 24.35329, -0.711], "size": [2, 1, 0], "inflate": 0.01, "pivot": [4.7821, 22.65329, -0.711], "rotation": [-69.23588, -70.86782, -0.69617], "uv": [170, 16]},
						{"origin": [3.7821, 25.35329, -0.611], "size": [2, 1, 0], "inflate": 0.01, "pivot": [4.7821, 22.65329, -0.711], "rotation": [-91.51714, -72.14747, 22.76399], "uv": [157, 35]},
						{"origin": [-4.49407, 22.52942, -1.95918], "size": [2, 1, 0], "inflate": 0.01, "pivot": [-3.49407, 23.07942, -1.95918], "rotation": [-65.65411, 40.11485, -15.40534], "uv": [11, 112], "mirror": true},
						{"origin": [-3.97106, 22.85964, -1.37889], "size": [2, 1, 0], "inflate": 0.01, "pivot": [-2.97106, 23.35964, -1.37889], "rotation": [-89.12979, 43.62043, -11.25162], "uv": [14, 120], "mirror": true},
						{"origin": [-3.97106, 23.85964, -1.37889], "size": [2, 1, 0], "inflate": 0.01, "pivot": [-2.97106, 23.35964, -1.37889], "rotation": [-89.12979, 43.62043, -11.25162], "uv": [14, 120], "mirror": true},
						{"origin": [2.99368, 13.24852, 3.62219], "size": [2, 3, 0], "pivot": [3.99368, 18.54852, 3.62219], "rotation": [-178.89229, -26.53639, 173.60101], "uv": [187, 76]},
						{"origin": [2.99368, 16.04852, 3.62219], "size": [2, 5, 0], "inflate": 0.01, "pivot": [3.99368, 18.54852, 3.62219], "rotation": [-178.89229, -26.53639, 173.60101], "uv": [179, 39]},
						{"origin": [2.99368, 21.04852, 3.62219], "size": [2, 1, 0], "inflate": 0.01, "pivot": [3.99368, 18.54852, 3.62219], "rotation": [-178.89229, -26.53639, 173.60101], "uv": [187, 38]},
						{"origin": [2.4821, 21.97753, 3.48101], "size": [2, 1, 0], "inflate": 0.01, "pivot": [3.4821, 22.47753, 3.48101], "rotation": [153.60771, -26.53639, 173.60101], "uv": [174, 7]},
						{"origin": [2.09549, 22.59949, 2.86008], "size": [2, 1, 0], "inflate": 0.01, "pivot": [3.09549, 23.09949, 2.86008], "rotation": [115.06331, -30.20925, -178.98218], "uv": [160, 27]},
						{"origin": [1.09566, 15.84394, 4.09952], "size": [2, 5, 0], "inflate": 0.01, "pivot": [2.09566, 18.34394, 4.09952], "rotation": [-179.00864, -1.54044, 174.0693], "uv": [193, 39]},
						{"origin": [1.09566, 20.84394, 4.09952], "size": [2, 1, 0], "inflate": 0.01, "pivot": [2.09566, 18.34394, 4.09952], "rotation": [-179.00864, -1.54044, 174.0693], "uv": [79, 221]},
						{"origin": [0.68252, 21.77275, 3.91425], "size": [2, 1, 0], "inflate": 0.01, "pivot": [1.68252, 22.27275, 3.91425], "rotation": [150.99136, -1.54044, 174.0693], "uv": [187, 41]},
						{"origin": [1.68252, 21.77275, 3.91425], "size": [2, 1, 0], "inflate": 0.01, "pivot": [1.68252, 22.27275, 3.91425], "rotation": [150.99136, -1.54044, 174.0693], "uv": [186, 35]},
						{"origin": [0.66409, 22.84573, 4.03168], "size": [3, 1, 0], "inflate": 0.01, "pivot": [1.66409, 22.34573, 4.03168], "rotation": [125.78819, -3.52642, 178.66269], "uv": [127, 239]},
						{"origin": [0.53516, 22.84163, 2.31725], "size": [3, 1, 0], "inflate": 0.01, "pivot": [1.53516, 23.34163, 2.31725], "rotation": [103.28819, -3.52642, 178.66269], "uv": [177, 31]},
						{"origin": [-5.09566, 16.84394, 4.09952], "size": [2, 4, 0], "inflate": 0.01, "pivot": [-2.09566, 18.34394, 4.09952], "rotation": [-179.00864, 1.54044, -174.0693], "uv": [190, 175], "mirror": true},
						{"origin": [-5.09566, 20.84394, 4.09952], "size": [2, 1, 0], "inflate": 0.01, "pivot": [-2.09566, 18.34394, 4.09952], "rotation": [-179.00864, 1.54044, -174.0693], "uv": [198, 144], "mirror": true},
						{"origin": [1.09566, 13.84394, 4.09952], "size": [2, 2, 0], "inflate": 0.01, "pivot": [2.09566, 18.34394, 4.09952], "rotation": [-179.00864, -1.54044, 174.0693], "uv": [184, 108]},
						{"origin": [2.09566, 15.84394, 4.09952], "size": [2, 5, 0], "inflate": 0.01, "pivot": [2.09566, 18.34394, 4.09952], "rotation": [-179.00864, -1.54044, 174.0693], "uv": [108, 219]},
						{"origin": [2.09566, 20.84394, 4.09952], "size": [2, 1, 0], "inflate": 0.01, "pivot": [2.09566, 18.34394, 4.09952], "rotation": [-179.00864, -1.54044, 174.0693], "uv": [196, 47]},
						{"origin": [-5.74664, 14.29595, -1.20041], "size": [1, 2, 0], "inflate": 0.01, "pivot": [-5.44664, 15.29595, -1.20041], "rotation": [-37.40559, 70.62221, -36.45624], "uv": [60, 174], "mirror": true},
						{"origin": [-6.44664, 13.29595, -1.20041], "size": [1, 3, 0], "inflate": 0.01, "pivot": [-5.44664, 15.29595, -1.20041], "rotation": [-7.49534, 74.58343, -5.1986], "uv": [103, 165], "mirror": true},
						{"origin": [-7.24664, 13.29595, -1.20041], "size": [1, 3, 0], "inflate": 0.01, "pivot": [-5.44664, 15.29595, -1.20041], "rotation": [-10.04947, 78.53766, -7.82305], "uv": [94, 172], "mirror": true},
						{"origin": [-8.064, 13.35779, -1.28098], "size": [1, 3, 0], "inflate": 0.01, "pivot": [-5.564, 15.35779, -1.28098], "rotation": [-35.11329, 85.35815, -32.58136], "uv": [126, 190], "mirror": true},
						{"origin": [-8.5781, 13.271, 0.25068], "size": [2, 3, 0], "inflate": 0.01, "pivot": [-5.5781, 18.771, 0.25068], "rotation": [-175.74967, 76.50491, -169.96256], "uv": [170, 41], "mirror": true},
						{"origin": [-8.5781, 16.271, 0.25068], "size": [3, 5, 0], "inflate": 0.01, "pivot": [-5.5781, 18.771, 0.25068], "rotation": [-175.74967, 76.50491, -169.96256], "uv": [163, 41], "mirror": true},
						{"origin": [-6.25209, 16.25393, -0.70642], "size": [2, 5, 0], "pivot": [-5.25209, 18.75393, -0.70642], "rotation": [-3.03513, 70.93451, 3.03513], "uv": [0, 208], "mirror": true},
						{"origin": [-6.25209, 21.25393, -0.70642], "size": [2, 1, 0], "inflate": 0.01, "pivot": [-5.25209, 18.75393, -0.70642], "rotation": [-3.03513, 70.93451, 3.03513], "uv": [207, 51], "mirror": true},
						{"origin": [-5.53181, 22.07686, -0.52779], "size": [2, 1, 0], "inflate": 0.01, "pivot": [-4.53181, 22.57686, -0.52779], "rotation": [-45.53513, 70.93451, 3.03513], "uv": [85, 237], "mirror": true},
						{"origin": [-5.7821, 23.35329, -0.711], "size": [2, 1, 0], "inflate": 0.01, "pivot": [-4.7821, 22.65329, -0.711], "rotation": [-69.23588, 70.86782, 0.69617], "uv": [81, 180], "mirror": true},
						{"origin": [-5.7821, 24.35329, -0.711], "size": [2, 1, 0], "inflate": 0.01, "pivot": [-4.7821, 22.65329, -0.711], "rotation": [-69.23588, 70.86782, 0.69617], "uv": [170, 16], "mirror": true},
						{"origin": [-4.28012, 22.92623, 1.32678], "size": [3, 1, 0], "inflate": 0.01, "pivot": [-2.78012, 23.42623, 1.32678], "rotation": [116.75033, 76.50491, -169.96256], "uv": [101, 210], "mirror": true},
						{"origin": [-6.14586, 23.27426, 1.74042], "size": [3, 1, 0], "inflate": 0.01, "pivot": [-4.64586, 22.77426, 1.74042], "rotation": [119.25033, 76.50491, -169.96256], "uv": [198, 94], "mirror": true},
						{"origin": [-6.03297, 22.06758, 1.70509], "size": [3, 1, 0], "inflate": 0.01, "pivot": [-4.53297, 22.56758, 1.70509], "rotation": [146.75033, 76.50491, -169.96256], "uv": [75, 191], "mirror": true},
						{"origin": [-4.09549, 22.59949, 2.86008], "size": [2, 1, 0], "inflate": 0.01, "pivot": [-3.09549, 23.09949, 2.86008], "rotation": [115.06331, 30.20925, 178.98218], "uv": [160, 27], "mirror": true},
						{"origin": [-8.5781, 21.271, 0.25068], "size": [3, 1, 0], "inflate": 0.01, "pivot": [-5.5781, 18.771, 0.25068], "rotation": [-175.74967, 76.50491, -169.96256], "uv": [179, 38], "mirror": true},
						{"origin": [-6.86959, 22.2664, -5.72259], "size": [2, 1, 0], "inflate": 0.01, "pivot": [-2.86959, 18.2664, -4.72259], "rotation": [-42.67209, 63.66309, -39.56292], "uv": [77, 219], "mirror": true},
						{"origin": [-5.56336, 22.13716, -0.67495], "size": [2, 1, 0], "inflate": 0.01, "pivot": [-4.56336, 22.53716, -0.67495], "rotation": [-88.17209, 63.66309, -39.56292], "uv": [33, 232], "mirror": true},
						{"origin": [-4.99368, 13.24852, 3.62219], "size": [2, 3, 0], "pivot": [-3.99368, 18.54852, 3.62219], "rotation": [-178.89229, 26.53639, -173.60101], "uv": [187, 76], "mirror": true},
						{"origin": [-4.99368, 16.04852, 3.62219], "size": [2, 5, 0], "inflate": 0.01, "pivot": [-3.99368, 18.54852, 3.62219], "rotation": [-178.89229, 26.53639, -173.60101], "uv": [179, 39], "mirror": true},
						{"origin": [-4.99368, 21.04852, 3.62219], "size": [2, 1, 0], "inflate": 0.01, "pivot": [-3.99368, 18.54852, 3.62219], "rotation": [-178.89229, 26.53639, -173.60101], "uv": [187, 38], "mirror": true},
						{"origin": [-4.4821, 21.97753, 3.48101], "size": [2, 1, 0], "inflate": 0.01, "pivot": [-3.4821, 22.47753, 3.48101], "rotation": [153.60771, 26.53639, -173.60101], "uv": [174, 7], "mirror": true},
						{"origin": [-3.53516, 22.84163, 2.31725], "size": [3, 1, 0], "inflate": 0.01, "pivot": [-1.53516, 23.34163, 2.31725], "rotation": [103.28819, 3.52642, -178.66269], "uv": [177, 31], "mirror": true},
						{"origin": [-3.66409, 22.84573, 4.03168], "size": [3, 1, 0], "inflate": 0.01, "pivot": [-1.66409, 22.34573, 4.03168], "rotation": [125.78819, 3.52642, -178.66269], "uv": [127, 239], "mirror": true},
						{"origin": [-3.68252, 21.77275, 3.91425], "size": [2, 1, 0], "inflate": 0.01, "pivot": [-1.68252, 22.27275, 3.91425], "rotation": [150.99136, 1.54044, -174.0693], "uv": [186, 35], "mirror": true},
						{"origin": [-2.68252, 21.77275, 3.91425], "size": [2, 1, 0], "inflate": 0.01, "pivot": [-1.68252, 22.27275, 3.91425], "rotation": [150.99136, 1.54044, -174.0693], "uv": [187, 41], "mirror": true},
						{"origin": [-3.09566, 15.84394, 4.09952], "size": [2, 5, 0], "inflate": 0.01, "pivot": [-2.09566, 18.34394, 4.09952], "rotation": [-179.00864, 1.54044, -174.0693], "uv": [193, 39], "mirror": true},
						{"origin": [-3.09566, 20.84394, 4.09952], "size": [2, 1, 0], "inflate": 0.01, "pivot": [-2.09566, 18.34394, 4.09952], "rotation": [-179.00864, 1.54044, -174.0693], "uv": [79, 221], "mirror": true},
						{"origin": [-4.09566, 20.84394, 4.09952], "size": [2, 1, 0], "inflate": 0.01, "pivot": [-2.09566, 18.34394, 4.09952], "rotation": [-179.00864, 1.54044, -174.0693], "uv": [196, 47], "mirror": true},
						{"origin": [-3.09566, 13.84394, 4.09952], "size": [2, 2, 0], "inflate": 0.01, "pivot": [-2.09566, 18.34394, 4.09952], "rotation": [-179.00864, 1.54044, -174.0693], "uv": [184, 108], "mirror": true},
						{"origin": [-2.46705, 13.65645, 4.09275], "size": [3, 2, 0], "inflate": 0.01, "pivot": [-0.46705, 14.65645, 4.09275], "rotation": [178.35332, 1.62098, -179.07055], "uv": [51, 202], "mirror": true},
						{"origin": [-6.86959, 17.23366, -5.66829], "size": [2, 5, 0], "inflate": 0.01, "pivot": [-2.86959, 18.23366, -4.66829], "rotation": [-42.67209, 63.66309, -39.56292], "uv": [29, 184], "mirror": true},
						{"origin": [-5.01062, 17.18135, -4.50236], "size": [2, 5, 0], "inflate": 0.01, "pivot": [-3.01062, 18.18135, -4.50236], "rotation": [-23.15411, 40.11485, -15.40534], "uv": [0, 192], "mirror": true},
						{"origin": [-5.063, 13.20244, -4.68955], "size": [2, 4, 0], "inflate": 0.01, "pivot": [-3.063, 18.20244, -4.68955], "rotation": [-8.96949, 41.2888, -8.9926], "uv": [0, 165], "mirror": true},
						{"origin": [-4.74107, 14.64005, -2.99234], "size": [1, 2, 0], "inflate": 0.01, "pivot": [-4.84107, 14.14005, -2.99234], "rotation": [-25.4573, 62.03722, -23.45573], "uv": [148, 105], "mirror": true},
						{"origin": [-4.70079, 13.6198, -2.977], "size": [1, 1, 0], "inflate": 0.01, "pivot": [-4.80079, 14.1198, -2.977], "rotation": [-20.4573, 62.03722, -23.45573], "uv": [25, 166], "mirror": true},
						{"origin": [-5.17982, 14.44968, -2.09143], "size": [1, 2, 0], "inflate": 0.01, "pivot": [-5.27982, 13.94968, -2.09143], "rotation": [-25.4573, 62.03722, -23.45573], "uv": [26, 151], "mirror": true},
						{"origin": [-5.43658, 13.55022, -2.68798], "size": [1, 1, 0], "inflate": 0.01, "pivot": [-4.93658, 13.55022, -2.68798], "rotation": [-20.4573, 62.03722, -23.45573], "uv": [30, 148], "mirror": true},
						{"origin": [-6.52955, 13.52369, -2.53463], "size": [1, 1, 0], "inflate": 0.01, "pivot": [-5.12955, 13.52369, -2.63463], "rotation": [-27.09839, 68.9137, -30.74057], "uv": [14, 120], "mirror": true}
					]
				},
				{
					"name": "belowskirt",
					"parent": "skirt",
					"pivot": [4.87663, 12.8796, -3.42651],
					"cubes": [
						{"origin": [-3, 12.4, -5.8], "size": [6, 2, 2], "inflate": 0.01, "uv": [136, 0]},
						{"origin": [-4.7, 12.4, -5.7], "size": [2, 2, 2], "pivot": [-3, 13, -5.2], "rotation": [0, 37.5, 0], "uv": [0, 133]},
						{"origin": [-5.37663, 12.3796, -3.72651], "size": [2, 2, 2], "pivot": [-4.87663, 12.8796, -3.42651], "rotation": [1.95135, 54.76861, 0.00906], "uv": [0, 155]},
						{"origin": [-7.37663, 12.3796, -3.82651], "size": [2, 2, 2], "pivot": [-4.87663, 12.8796, -3.42651], "rotation": [4.28113, 74.74368, 2.54572], "uv": [123, 28]},
						{"origin": [-6.23121, 12.43585, -0.86541], "size": [2, 2, 2], "pivot": [-5.23121, 12.93585, -0.06541], "rotation": [12.1955, 84.66454, 10.55917], "uv": [0, 159]},
						{"origin": [-8.03121, 12.23585, -0.86541], "size": [2, 2, 2], "inflate": 0.01, "pivot": [-5.23121, 12.93585, -0.06541], "rotation": [68.82924, 75.42395, 67.76508], "uv": [64, 134]},
						{"origin": [-4.87256, 13.08899, 2.74356], "size": [2, 2, 2], "pivot": [-4.61647, 13.55373, 3.47743], "rotation": [164.27003, 48.47063, 166.25593], "uv": [126, 145]},
						{"origin": [-6.46032, 13.08859, 2.74329], "size": [2, 2, 2], "pivot": [-4.61647, 13.55373, 3.47743], "rotation": [171.61377, 15.55012, 175.54023], "uv": [124, 45]},
						{"origin": [-3.04125, 13.28806, 3.68381], "size": [2, 2, 2], "inflate": 0.01, "pivot": [-2.04125, 13.78806, 4.18381], "rotation": [171.92221, 0.70289, 177.70368], "uv": [156, 127]},
						{"origin": [2.74125, 13.28806, 3.68381], "size": [3, 2, 2], "pivot": [2.04125, 13.78806, 4.18381], "rotation": [171.96152, -0.06324, 179.68087], "uv": [83, 143], "mirror": true},
						{"origin": [1.04125, 13.28806, 3.68381], "size": [2, 2, 2], "inflate": 0.01, "pivot": [2.04125, 13.78806, 4.18381], "rotation": [171.92221, -0.70289, -177.70368], "uv": [156, 127], "mirror": true},
						{"origin": [4.46032, 13.08859, 2.74329], "size": [2, 2, 2], "pivot": [4.61647, 13.55373, 3.47743], "rotation": [171.61377, -15.55012, -175.54023], "uv": [124, 45], "mirror": true},
						{"origin": [2.87256, 13.08899, 2.74356], "size": [2, 2, 2], "pivot": [4.61647, 13.55373, 3.47743], "rotation": [164.27003, -48.47063, -166.25593], "uv": [126, 145], "mirror": true},
						{"origin": [6.03121, 12.23585, -0.86541], "size": [2, 2, 2], "inflate": 0.01, "pivot": [5.23121, 12.93585, -0.06541], "rotation": [68.82924, -75.42395, -67.76508], "uv": [64, 134], "mirror": true},
						{"origin": [4.23121, 12.43585, -0.86541], "size": [2, 2, 2], "pivot": [5.23121, 12.93585, -0.06541], "rotation": [12.1955, -84.66454, -10.55917], "uv": [0, 159], "mirror": true},
						{"origin": [5.37663, 12.3796, -3.82651], "size": [2, 2, 2], "pivot": [4.87663, 12.8796, -3.42651], "rotation": [4.28113, -74.74368, -2.54572], "uv": [123, 28], "mirror": true},
						{"origin": [2.7, 12.4, -5.7], "size": [2, 2, 2], "pivot": [3, 13, -5.2], "rotation": [0, -37.5, 0], "uv": [0, 133], "mirror": true},
						{"origin": [3.37663, 12.3796, -3.72651], "size": [2, 2, 2], "pivot": [4.87663, 12.8796, -3.42651], "rotation": [1.95135, -54.76861, -0.00906], "uv": [0, 155], "mirror": true}
					]
				},
				{
					"name": "3dots",
					"parent": "skirt",
					"pivot": [0, 18.56563, -4.00508],
					"cubes": [
						{"origin": [-1, 14.33774, -5.29119], "size": [2, 2, 2], "pivot": [0, 15.33774, -4.69119], "rotation": [1, 0, 0], "uv": [184, 0]},
						{"origin": [-1, 21, -4.1], "size": [2, 2, 2], "pivot": [0, 22, -3.5], "rotation": [-18, 0, 0], "uv": [184, 0]},
						{"origin": [-1, 17.56563, -5.00508], "size": [2, 2, 2], "pivot": [0, 18.56563, -4.00508], "rotation": [-12, 0, 0], "uv": [184, 0]}
					]
				},
				{
					"name": "legs",
					"parent": "body",
					"pivot": [0, 19.25, 0]
				},
				{
					"name": "leg_left",
					"parent": "legs",
					"pivot": [3, 19.25, 0],
					"rotation": [2.5, 2.5, 2.5],
					"cubes": [
						{"origin": [1, 9.25, -3], "size": [4, 7, 6], "uv": [0, 84]}
					]
				},
				{
					"name": "leg_left2",
					"parent": "leg_left",
					"pivot": [3, 9.25, 0.75],
					"rotation": [-10, 0, -2.5],
					"cubes": [
						{"origin": [1.5, 6.9, -0.75], "size": [3, 1, 3], "inflate": 0.25, "uv": [135, 108]},
						{"origin": [1.5, 0, -0.75], "size": [3, 10, 3], "uv": [40, 78]}
					]
				},
				{
					"name": "foot_left",
					"parent": "leg_left2",
					"pivot": [3, 0, -0.75],
					"rotation": [7.5, 0, 0],
					"cubes": [
						{"origin": [1.5, -1, -0.75], "size": [3, 1, 3], "uv": [57, 99]}
					]
				},
				{
					"name": "leg_fur_left",
					"parent": "leg_left2",
					"pivot": [4.5, 8, -0.5],
					"rotation": [0, 0, -60],
					"cubes": [
						{"origin": [4, 8, -0.5], "size": [5, 0, 2], "inflate": 0.01, "uv": [12, 84]}
					]
				},
				{
					"name": "leg_fur_left2",
					"parent": "leg_left2",
					"pivot": [4.5, 8, 0.75],
					"rotation": [0, -20, -60],
					"cubes": [
						{"origin": [4.5, 8, 0.75], "size": [3, 0, 2], "uv": [32, 84]}
					]
				},
				{
					"name": "leg_right",
					"parent": "legs",
					"pivot": [-3, 19.25, 0],
					"rotation": [2.5, -2.5, -2.5],
					"cubes": [
						{"origin": [-5, 9.25, -3], "size": [4, 7, 6], "uv": [20, 82], "mirror": true}
					]
				},
				{
					"name": "leg_right2",
					"parent": "leg_right",
					"pivot": [-3, 8.25, 0.75],
					"rotation": [-10, 0, 2.5],
					"cubes": [
						{"origin": [-4.5, 0, -0.75], "size": [3, 10, 3], "uv": [52, 78], "mirror": true},
						{"origin": [-4.5, 6.9, -0.75], "size": [3, 1, 3], "inflate": 0.25, "uv": [135, 108], "mirror": true}
					]
				},
				{
					"name": "foot_right",
					"parent": "leg_right2",
					"pivot": [-3.06822, -0.00281, -0.74904],
					"rotation": [7.5, 0, 0],
					"cubes": [
						{"origin": [-4.5, -0.9999, -0.74962], "size": [3, 1, 3], "uv": [57, 95], "mirror": true}
					]
				},
				{
					"name": "leg_fur_right",
					"parent": "leg_right2",
					"pivot": [-4.5, 7, -0.5],
					"rotation": [0, 0, 60],
					"cubes": [
						{"origin": [-9.60088, 7.34691, -0.59272], "size": [5, 0, 2], "inflate": 0.01, "uv": [12, 86], "mirror": true}
					]
				},
				{
					"name": "leg_fur_right2",
					"parent": "leg_right2",
					"pivot": [-4.5, 7, 0.75],
					"rotation": [0, 20, 60],
					"cubes": [
						{"origin": [-8.03293, 7.34691, 0.45736], "size": [3, 0, 2], "uv": [32, 86], "mirror": true}
					]
				},
				{
					"name": "details",
					"parent": "body",
					"pivot": [-2.5, 23.7, -0.8],
					"cubes": [
						{"origin": [1.55903, 21.20511, 0.68284], "size": [2, 3, 3], "pivot": [2.55903, 22.90511, 2.18284], "rotation": [-21.40532, -4.62138, -85.14495], "uv": [153, 62]},
						{"origin": [-3.55903, 21.20511, 0.68284], "size": [2, 3, 3], "pivot": [-2.55903, 22.90511, 2.18284], "rotation": [-21.40532, 4.62138, 85.14495], "uv": [153, 62], "mirror": true},
						{"origin": [1.9, 23.7, -1.8], "size": [1, 0, 3], "pivot": [2.5, 23.7, -0.8], "rotation": [2.5, -9, 0], "uv": [95, 146]},
						{"origin": [2.55129, 23.48275, -3.37475], "size": [1, 0, 2], "pivot": [3.05129, 23.48275, -2.37475], "rotation": [10, -36.5, 0], "uv": [141, 65]},
						{"origin": [3.34006, 22.37005, -4.44071], "size": [1, 0, 2], "pivot": [3.84006, 22.37005, -3.44071], "rotation": [70, -36.5, 0], "uv": [27, 102]},
						{"origin": [3.49163, 22.42681, -6.64554], "size": [1, 0, 2], "pivot": [3.99163, 22.42681, -3.64554], "rotation": [85, -36.5, 0], "uv": [129, 67]},
						{"origin": [3.49163, 22.42681, -8.64554], "size": [1, 0, 2], "pivot": [3.99163, 22.42681, -3.64554], "rotation": [85, -36.5, 0], "uv": [31, 138]},
						{"origin": [3.49163, 22.42681, -10.64554], "size": [1, 0, 2], "pivot": [3.99163, 22.42681, -3.64554], "rotation": [85, -36.5, 0], "uv": [134, 66]},
						{"origin": [3.82858, 14.45453, -5.1009], "size": [1, 0, 2], "pivot": [4.32858, 14.45453, -4.1009], "rotation": [92.5, -36.5, 0], "uv": [16, 138]},
						{"origin": [-4.82858, 14.45453, -5.1009], "size": [1, 0, 2], "pivot": [-4.32858, 14.45453, -4.1009], "rotation": [92.5, 36.5, 0], "uv": [16, 138], "mirror": true},
						{"origin": [-4.49163, 22.42681, -10.64554], "size": [1, 0, 2], "pivot": [-3.99163, 22.42681, -3.64554], "rotation": [85, 36.5, 0], "uv": [134, 66], "mirror": true},
						{"origin": [-4.49163, 22.42681, -8.64554], "size": [1, 0, 2], "pivot": [-3.99163, 22.42681, -3.64554], "rotation": [85, 36.5, 0], "uv": [31, 138], "mirror": true},
						{"origin": [-4.49163, 22.42681, -6.64554], "size": [1, 0, 2], "pivot": [-3.99163, 22.42681, -3.64554], "rotation": [85, 36.5, 0], "uv": [129, 67], "mirror": true},
						{"origin": [-4.34006, 22.37005, -4.44071], "size": [1, 0, 2], "pivot": [-3.84006, 22.37005, -3.44071], "rotation": [70, 36.5, 0], "uv": [27, 102], "mirror": true},
						{"origin": [-3.55129, 23.48275, -3.37475], "size": [1, 0, 2], "pivot": [-3.05129, 23.48275, -2.37475], "rotation": [10, 36.5, 0], "uv": [141, 65], "mirror": true},
						{"origin": [-2.9, 23.7, -1.8], "size": [1, 0, 3], "pivot": [-2.5, 23.7, -0.8], "rotation": [2.5, 9, 0], "uv": [95, 146], "mirror": true}
					]
				},
				{
					"name": "pocket",
					"parent": "details",
					"pivot": [-4.8, 14.9, -0.3],
					"cubes": [
						{"origin": [-5.9, 14.3, -1.6], "size": [2, 3, 3], "pivot": [-4.8, 14.9, -0.3], "rotation": [0, -10, 0], "uv": [143, 88], "mirror": true},
						{"origin": [-5.9, 15.3, -0.6], "size": [0, 1, 1], "inflate": 0.01, "pivot": [-4.8, 14.9, -0.3], "rotation": [0, -10, 0], "uv": [207, 12], "mirror": true}
					]
				},
				{
					"name": "plant",
					"parent": "details",
					"pivot": [-6.6, 7, 0],
					"cubes": [
						{"origin": [6.2, 15.4, -0.4], "size": [0, 2, 4], "pivot": [6.4, 16, 1.9], "rotation": [10, 0, 0], "uv": [43, 102]},
						{"origin": [6, 14.6, -3.7], "size": [0, 2, 4], "pivot": [6.4, 16, -2.1], "rotation": [15.14068, 7.72571, 2.0832], "uv": [43, 102]},
						{"origin": [4.6, 15, -1], "size": [2, 2, 2], "uv": [21, 111]}
					]
				},
				{
					"name": "firstbell",
					"parent": "body",
					"pivot": [6.32239, 21.03307, -0.91944]
				},
				{
					"name": "front",
					"parent": "firstbell",
					"pivot": [6.32239, 21.03307, -0.91944],
					"cubes": [
						{"origin": [2.28445, 22.60736, -1.00865], "size": [2, 1, 1], "pivot": [3.28445, 23.30736, -0.30865], "rotation": [2.61658, -2.98741, 5.40107], "uv": [203, 0]}
					]
				},
				{
					"name": "second",
					"parent": "front",
					"pivot": [6.32239, 21.03307, -0.91944],
					"cubes": [
						{"origin": [3.24001, 21.32592, -1.76899], "size": [3, 1, 1], "pivot": [6.32239, 21.03307, -0.91944], "rotation": [6.61327, 16.29817, 25.7147], "uv": [211, 15]}
					]
				},
				{
					"name": "bell_left",
					"parent": "second",
					"pivot": [7, 20.2, -1],
					"rotation": [-2.93246, 22.40972, -24.59039],
					"cubes": [
						{"origin": [6, 20.3, -2], "size": [2, 2, 2], "pivot": [6.62735, 21.24384, -1.12242], "rotation": [0.7608, 0.10686, -1.84586], "uv": [73, 111]},
						{"origin": [5.5, 19.3, -2.5], "size": [3, 1, 3], "pivot": [6.62735, 21.24384, -1.12242], "rotation": [0.7608, 0.10686, -1.84586], "uv": [54, 104]},
						{"origin": [6.5, 19, -1.5], "size": [1, 1, 1], "pivot": [6.62735, 21.24384, -1.12242], "rotation": [0.7608, 0.10686, -1.84586], "uv": [85, 109]}
					]
				},
				{
					"name": "first2bell",
					"parent": "body",
					"pivot": [-3.28445, 23.30736, -0.30865]
				},
				{
					"name": "front1",
					"parent": "first2bell",
					"pivot": [-3.28445, 23.30736, -0.30865],
					"cubes": [
						{"origin": [-4.28445, 22.60736, -1.00865], "size": [2, 1, 1], "pivot": [-3.28445, 23.30736, -0.30865], "rotation": [2.71922, 2.8943, -3.4006], "uv": [203, 0], "mirror": true}
					]
				},
				{
					"name": "second1",
					"parent": "front1",
					"pivot": [-6.32239, 21.03307, -0.91944],
					"cubes": [
						{"origin": [-6.24001, 21.32592, -1.76899], "size": [3, 1, 1], "pivot": [-6.32239, 21.03307, -0.91944], "rotation": [6.61327, -16.29817, -25.7147], "uv": [211, 15], "mirror": true}
					]
				},
				{
					"name": "bell_right",
					"parent": "second1",
					"pivot": [-7.1, 20.6, -0.2],
					"rotation": [29.77798, -25.82909, 23.52177],
					"cubes": [
						{"origin": [-8.1, 20.7, -1.2], "size": [2, 2, 2], "uv": [73, 111], "mirror": true},
						{"origin": [-8.6, 19.7, -1.7], "size": [3, 1, 3], "uv": [54, 104], "mirror": true},
						{"origin": [-7.6, 19.4, -0.7], "size": [1, 1, 1], "uv": [85, 109], "mirror": true}
					]
				}
			]
		}
	]
}