{
	"format_version": "1.12.0",
	"minecraft:geometry": [
		{
			"description": {
				"identifier": "geometry.lucaurus_amethyst",
				"texture_width": 64,
				"texture_height": 64,
				"visible_bounds_width": 7,
				"visible_bounds_height": 3.5,
				"visible_bounds_offset": [0, 1.25, 0]
			},
			"bones": [
				{
					"name": "ninetales",
					"pivot": [0, 1, 0]
				},
				{
					"name": "body",
					"parent": "ninetales",
					"pivot": [0, 1, 0]
				},
				{
					"name": "torso",
					"parent": "body",
					"pivot": [0, 14.5, 4.75],
					"cubes": [
						{"origin": [-3.5, 12, -1], "size": [7, 5, 8], "uv": [0, 17]},
						{"origin": [-2.5, 13, -17], "size": [5, 4, 7], "uv": [32, 38]},
						{"origin": [-3.5, 12, -17], "size": [7, 6, 3], "pivot": [0, 15, -15.5], "rotation": [5, 0, 0], "uv": [36, 20]},
						{"origin": [3.5, 5.99239, -16.82569], "size": [0, 7, 3], "pivot": [3.5, 13, -15.5], "rotation": [19.29084, 12.6658, -36.5986], "uv": [0, 14]},
						{"origin": [-3.5, 5.99239, -16.82569], "size": [0, 7, 3], "pivot": [-3.5, 13, -15.5], "rotation": [19.29084, -12.6658, 36.5986], "uv": [0, 14], "mirror": true},
						{"origin": [0, 17.00761, -17.17431], "size": [0, 3, 2], "pivot": [0, 17, -15.5], "rotation": [25, 0, 0], "uv": [34, 0]},
						{"origin": [-0.01, 17.00761, -16.17431], "size": [0, 5, 2], "pivot": [0, 17, -15.5], "rotation": [-5, 0, 0], "uv": [26, 18]},
						{"origin": [0, 16.25761, -15.42431], "size": [0, 7, 2], "pivot": [0, 17, -14.5], "rotation": [-32.5, 0, 0], "uv": [22, 15]},
						{"origin": [0, 17.50761, -10.17431], "size": [0, 5, 2], "pivot": [0, 18, -8.5], "rotation": [-22.5, 0, 0], "uv": [4, 57]},
						{"origin": [-0.01, 18.00761, -9.17431], "size": [0, 7, 2], "pivot": [0, 18, -8.5], "rotation": [-42.5, 0, 0], "uv": [0, 54]},
						{"origin": [0, 17.25761, -8.42431], "size": [0, 7, 2], "pivot": [0, 18, -7.5], "rotation": [-70, 0, 0], "uv": [0, 54]},
						{"origin": [-4, 11, -11], "size": [8, 7, 10], "pivot": [0, 14, -1], "rotation": [-7.5, 0, 0], "uv": [0, 0]}
					]
				},
				{
					"name": "head",
					"parent": "torso",
					"pivot": [0, 15.4, -16.25],
					"rotation": [17.5, 0, 0],
					"cubes": [
						{"origin": [-2.5, 13.15, -23.25], "size": [5, 4, 7], "uv": [13, 34]},
						{"origin": [2.51, 13.35, -22], "size": [0, 2, 3], "pivot": [3, 14.75, -20.25], "rotation": [22.5, 0, 0], "uv": [13, 35]},
						{"origin": [-2.51, 13.35, -22], "size": [0, 2, 3], "pivot": [-3, 14.75, -20.25], "rotation": [22.5, 0, 0], "uv": [13, 35], "mirror": true},
						{"origin": [-1.5, 13.16, -27.25], "size": [3, 2, 5], "uv": [41, 29]}
					]
				},
				{
					"name": "eyes",
					"parent": "head",
					"pivot": [0, 16.9, -21.25]
				},
				{
					"name": "ear_left",
					"parent": "head",
					"pivot": [1.5, 16.9, -19.5],
					"rotation": [5.53513, 0, 7.24687],
					"cubes": [
						{"origin": [1.5, 16.9, -19.75], "size": [0, 7, 3], "uv": [32, 31]},
						{"origin": [1.51, 16.9, -18.25], "size": [0, 5, 1], "uv": [8, 0]}
					]
				},
				{
					"name": "ear_right",
					"parent": "head",
					"pivot": [-1.5, 16.9, -19.5],
					"rotation": [5.53513, 0, -7.24687],
					"cubes": [
						{"origin": [-1.5, 16.9, -19.75], "size": [0, 7, 3], "uv": [32, 31], "mirror": true},
						{"origin": [-1.51, 16.9, -18.25], "size": [0, 5, 1], "uv": [8, 0], "mirror": true}
					]
				},
				{
					"name": "tail21",
					"parent": "torso",
					"pivot": [0, 15.75, 8],
					"cubes": [
						{"origin": [-0.5, 14.75, 7], "size": [1, 2, 6], "uv": [16, 45]}
					]
				},
				{
					"name": "tail22",
					"parent": "tail21",
					"pivot": [0, 15.75, 14],
					"cubes": [
						{"origin": [-1, 14.25, 13], "size": [2, 3, 10], "uv": [26, 7]}
					]
				},
				{
					"name": "tail23",
					"parent": "tail22",
					"pivot": [0, 15.75, 24],
					"cubes": [
						{"origin": [-1.5, 13.75, 23], "size": [3, 4, 10], "uv": [20, 20]},
						{"origin": [0, 5.75, 23], "size": [0, 8, 10], "uv": [0, 20]}
					]
				},
				{
					"name": "leg_front_right",
					"parent": "body",
					"pivot": [3.75, 13.25, -8.25],
					"rotation": [5, 0, 0],
					"cubes": [
						{"origin": [2.25, 7.25, -10.25], "size": [3, 9, 4], "inflate": 0.02, "uv": [40, 0]}
					]
				},
				{
					"name": "leg_front_right2",
					"parent": "leg_front_right",
					"pivot": [3.75, 7.25, -7.25],
					"rotation": [-10, 0, 0],
					"cubes": [
						{"origin": [2.75, 1.25381, -8.91284], "size": [2, 7, 2], "uv": [42, 49]},
						{"origin": [3.75, 2.25381, -8.91284], "size": [0, 3, 8], "pivot": [3.75, 2.25, -8.75], "rotation": [27.5, 0, 0], "uv": [48, 53]}
					]
				},
				{
					"name": "leg_front_right3",
					"parent": "leg_front_right2",
					"pivot": [3.75, 2.75, -8.25],
					"rotation": [5, 0, 0],
					"cubes": [
						{"origin": [2.25, -0.25, -10], "size": [3, 2, 3], "inflate": 0.02, "uv": [49, 36]}
					]
				},
				{
					"name": "leg_front_left",
					"parent": "body",
					"pivot": [-3.75, 13.25, -8.25],
					"rotation": [5, 0, 0],
					"cubes": [
						{"origin": [-5.25, 7.25, -10.25], "size": [3, 9, 4], "inflate": 0.02, "uv": [40, 0], "mirror": true}
					]
				},
				{
					"name": "leg_front_left2",
					"parent": "leg_front_left",
					"pivot": [-3.75, 7.25, -7.25],
					"rotation": [-10, 0, 0],
					"cubes": [
						{"origin": [-4.75, 1.25381, -8.91284], "size": [2, 7, 2], "uv": [42, 49], "mirror": true},
						{"origin": [-3.75, 2.25381, -8.91284], "size": [0, 3, 8], "pivot": [-3.75, 2.25, -8.75], "rotation": [27.5, 0, 0], "uv": [48, 53], "mirror": true}
					]
				},
				{
					"name": "leg_front_left3",
					"parent": "leg_front_left2",
					"pivot": [-3.75, 2.75, -8.25],
					"rotation": [5, 0, 0],
					"cubes": [
						{"origin": [-5.25, -0.25, -10], "size": [3, 2, 3], "inflate": 0.02, "uv": [49, 36], "mirror": true}
					]
				},
				{
					"name": "leg_back_left",
					"parent": "body",
					"pivot": [3.75, 13.75, 4],
					"rotation": [5, 0, 0],
					"cubes": [
						{"origin": [2.25, 7.75, 1], "size": [3, 8, 5], "inflate": 0.01, "uv": [0, 40]},
						{"origin": [4.75, 15, 1.5], "size": [0, 5, 4], "inflate": 0.01, "pivot": [5, 15.75, 2.5], "rotation": [-28.83844, 8.64738, 15.27269], "uv": [0, 0]},
						{"origin": [4.22777, 7.82788, 2.01795], "size": [0, 5, 4], "inflate": 0.01, "pivot": [5, 8.75, 4.5], "rotation": [-69.62418, 10.42138, 10.53226], "uv": [0, 0]}
					]
				},
				{
					"name": "leg_back_left2",
					"parent": "leg_back_left",
					"pivot": [3.75, 7.75, 5.5],
					"rotation": [-10, 0, 0],
					"cubes": [
						{"origin": [2.75, 0.18125, 4.11538], "size": [2, 7, 2], "uv": [26, 0]},
						{"origin": [2.75, 6.67745, 4.02822], "size": [2, 3, 2], "pivot": [3, 7.17745, 5.27822], "rotation": [40, 0, 0], "uv": [24, 45]}
					]
				},
				{
					"name": "leg_back_left3",
					"parent": "leg_back_left2",
					"pivot": [3.75, 2.92745, 6.02822],
					"rotation": [5, 0, 0],
					"cubes": [
						{"origin": [2.25, -0.09244, 2.98369], "size": [3, 2, 3], "inflate": 0.01, "uv": [30, 49]}
					]
				},
				{
					"name": "leg_back_right",
					"parent": "body",
					"pivot": [-3.75, 13.75, 4],
					"rotation": [5, 0, 0],
					"cubes": [
						{"origin": [-5.25, 7.75, 1], "size": [3, 8, 5], "inflate": 0.01, "uv": [0, 40], "mirror": true},
						{"origin": [-4.75, 15, 1.5], "size": [0, 5, 4], "inflate": 0.01, "pivot": [-5, 15.75, 2.5], "rotation": [-28.83844, -8.64738, -15.27269], "uv": [0, 0], "mirror": true},
						{"origin": [-4.22777, 7.82788, 2.01795], "size": [0, 5, 4], "inflate": 0.01, "pivot": [-5, 8.75, 4.5], "rotation": [-69.62418, -10.42138, -10.53226], "uv": [0, 0], "mirror": true}
					]
				},
				{
					"name": "leg_back_right2",
					"parent": "leg_back_right",
					"pivot": [-3.75, 7.75, 5.5],
					"rotation": [-10, 0, 0],
					"cubes": [
						{"origin": [-4.75, 0.18125, 4.11538], "size": [2, 7, 2], "uv": [26, 0], "mirror": true},
						{"origin": [-4.75, 6.67745, 4.02822], "size": [2, 3, 2], "pivot": [-3, 7.17745, 5.27822], "rotation": [40, 0, 0], "uv": [24, 45], "mirror": true}
					]
				},
				{
					"name": "leg_back_right3",
					"parent": "leg_back_right2",
					"pivot": [-3.75, 2.92745, 6.02822],
					"rotation": [5, 0, 0],
					"cubes": [
						{"origin": [-5.25, -0.09244, 2.98369], "size": [3, 2, 3], "inflate": 0.01, "uv": [30, 49], "mirror": true}
					]
				}
			]
		}
	]
}