{
	"format_version": "1.12.0",
	"minecraft:geometry": [
		{
			"description": {
				"identifier": "geometry.lucario",
				"texture_width": 128,
				"texture_height": 128,
				"visible_bounds_width": 5,
				"visible_bounds_height": 4.5,
				"visible_bounds_offset": [0, 1.75, 0]
			},
			"bones": [
				{
					"name": "lucario",
					"pivot": [0, 0, 0]
				},
				{
					"name": "body",
					"parent": "lucario",
					"pivot": [0, 28, 0]
				},
				{
					"name": "torso",
					"parent": "body",
					"pivot": [0, 20.5, -0.5],
					"cubes": [
						{"origin": [-4.5, 16, -3.3], "size": [9, 6, 6], "uv": [22, 38]},
						{"origin": [-3, 21.5, -3], "size": [6, 2, 5], "pivot": [0, 22, 2], "rotation": [5, 0, 0], "uv": [0, 42]}
					]
				},
				{
					"name": "crotch_fur",
					"parent": "torso",
					"pivot": [0, 21.55, -3.3],
					"rotation": [-30, 0, 0],
					"cubes": [
						{"origin": [-1.5, 19.55, -3.3], "size": [3, 2, 0], "uv": [31, 31]}
					]
				},
				{
					"name": "waist",
					"parent": "torso",
					"pivot": [0, 25.4, 1],
					"cubes": [
						{"origin": [-2.5, 23, -2.5], "size": [5, 5, 4], "uv": [63, 66]}
					]
				},
				{
					"name": "chest",
					"parent": "waist",
					"pivot": [0, 28.5, -0.5],
					"cubes": [
						{"origin": [-3, 27.5, -3], "size": [6, 5, 5], "inflate": 0.01, "uv": [61, 76]},
						{"origin": [-1, 29, -4], "size": [2, 2, 2], "pivot": [0, 30, -3.5], "rotation": [0, 0, 45], "uv": [35, 32]},
						{"origin": [-0.5, 29.5, -5.5], "size": [1, 1, 2], "pivot": [0, 30, -3.5], "rotation": [0, 0, 45], "uv": [41, 34]}
					]
				},
				{
					"name": "chest_fur",
					"parent": "chest",
					"pivot": [0, 32.5, -0.5]
				},
				{
					"name": "chest_fur_left",
					"parent": "chest_fur",
					"pivot": [1.3, 32.5, -0.45],
					"rotation": [0, 0, 50],
					"cubes": [
						{"origin": [1.3, 32.5, -2.95], "size": [0, 2, 5], "uv": [37, 23]}
					]
				},
				{
					"name": "chest_fur_right",
					"parent": "chest_fur",
					"pivot": [-1.3, 32.5, -0.45],
					"rotation": [0, 0, -50],
					"cubes": [
						{"origin": [-1.3, 32.5, -2.95], "size": [0, 2, 5], "uv": [37, 25], "mirror": true}
					]
				},
				{
					"name": "chest_fur_front",
					"parent": "chest_fur",
					"pivot": [0, 32.5, -1.95],
					"rotation": [82.5, 0, 0],
					"cubes": [
						{"origin": [-2.5, 32.5, -1.95], "size": [5, 2, 0], "uv": [30, 26]}
					]
				},
				{
					"name": "chest_fur_front2",
					"parent": "chest_fur",
					"pivot": [0, 32.5, -1.5],
					"rotation": [55, 0, 0],
					"cubes": [
						{"origin": [-2.5, 32.5, -1.5], "size": [5, 2, 0], "uv": [30, 24]}
					]
				},
				{
					"name": "chest_fur_back",
					"parent": "chest_fur",
					"pivot": [0, 33.35, 0.95],
					"rotation": [-68.5, 0, 0],
					"cubes": [
						{"origin": [-6.5, 30.35, 0.95], "size": [13, 10, 0], "uv": [94, 84]}
					]
				},
				{
					"name": "chest_fur_back2",
					"parent": "chest_fur",
					"pivot": [0, 32.5, 0.5],
					"rotation": [-45, 0, 0],
					"cubes": [
						{"origin": [-2.5, 32.5, 0.5], "size": [5, 2, 0], "uv": [40, 24]}
					]
				},
				{
					"name": "arms",
					"parent": "chest",
					"pivot": [0, 30.8, 0.1]
				},
				{
					"name": "shoulder_left",
					"parent": "arms",
					"pivot": [3, 32, -0.4],
					"cubes": [
						{"origin": [3, 28, -2.65], "size": [2, 4, 4], "pivot": [4, 30.5, -1.15], "rotation": [45, 0, 0], "uv": [58, 7]},
						{"origin": [4, 30.35, -1.65], "size": [0, 2, 1], "pivot": [4, 29.85, -2.15], "rotation": [45, 0, 0], "uv": [59, 50]}
					]
				},
				{
					"name": "arm_left",
					"parent": "shoulder_left",
					"pivot": [5, 31, -0.4],
					"cubes": [
						{"origin": [4.5, 29.5, -1.4], "size": [6, 2, 2], "uv": [71, 0]}
					]
				},
				{
					"name": "arm_left2",
					"parent": "arm_left",
					"pivot": [10.5, 30.5, 0.6],
					"cubes": [
						{"origin": [10.5, 29.45, -1.9], "size": [5, 2, 3], "inflate": 0.01, "uv": [71, 6]}
					]
				},
				{
					"name": "arm_spike_left",
					"parent": "arm_left2",
					"pivot": [15, 31.35, -0.4],
					"cubes": [
						{"origin": [10.5, 31.15, -0.4], "size": [6, 3, 0], "uv": [75, 27]}
					]
				},
				{
					"name": "wrist_left",
					"parent": "arm_left2",
					"pivot": [15.5, 29.45, -0.4]
				},
				{
					"name": "hand_left",
					"parent": "wrist_left",
					"pivot": [15.5, 31.45, -0.4],
					"cubes": [
						{"origin": [15.5, 29.45, -2.4], "size": [2, 2, 4], "uv": [76, 11]}
					]
				},
				{
					"name": "fingers_left",
					"parent": "hand_left",
					"pivot": [17.5, 31.45, -0.4]
				},
				{
					"name": "figner_front_left",
					"parent": "fingers_left",
					"pivot": [17.5, 31.45, -1.9],
					"cubes": [
						{"origin": [17.5, 29.45, -2.4], "size": [2, 2, 1], "inflate": 0.01, "uv": [68, 18]}
					]
				},
				{
					"name": "figner_center_left",
					"parent": "fingers_left",
					"pivot": [17.5, 31.45, -0.4],
					"cubes": [
						{"origin": [17.5, 29.45, -1.4], "size": [2, 2, 2], "inflate": 0.02, "uv": [66, 21]}
					]
				},
				{
					"name": "figner_back_left",
					"parent": "fingers_left",
					"pivot": [17.5, 31.45, 1.1],
					"cubes": [
						{"origin": [17.5, 29.45, 0.6], "size": [2, 2, 1], "inflate": 0.01, "uv": [80, 17]}
					]
				},
				{
					"name": "shoulder_right",
					"parent": "arms",
					"pivot": [-3, 32, -0.4],
					"cubes": [
						{"origin": [-5, 28, -2.65], "size": [2, 4, 4], "pivot": [-4, 30.5, -1.15], "rotation": [45, 0, 0], "uv": [54, 16], "mirror": true},
						{"origin": [-4, 30.35, -1.65], "size": [0, 2, 1], "pivot": [-4, 29.85, -2.15], "rotation": [45, 0, 0], "uv": [59, 52], "mirror": true}
					]
				},
				{
					"name": "arm_right",
					"parent": "shoulder_right",
					"pivot": [-5, 31, -0.4],
					"cubes": [
						{"origin": [-10.5, 29.5, -1.4], "size": [6, 2, 2], "uv": [87, 0], "mirror": true}
					]
				},
				{
					"name": "arm_right2",
					"parent": "arm_right",
					"pivot": [-10.5, 30.5, 0.6],
					"cubes": [
						{"origin": [-15.5, 29.45, -1.9], "size": [5, 2, 3], "inflate": 0.01, "uv": [87, 6], "mirror": true}
					]
				},
				{
					"name": "arm_spike_right",
					"parent": "arm_right2",
					"pivot": [-15, 31.35, -0.4],
					"cubes": [
						{"origin": [-16.5, 31.15, -0.4], "size": [6, 3, 0], "uv": [75, 30], "mirror": true}
					]
				},
				{
					"name": "wrist_right",
					"parent": "arm_right2",
					"pivot": [-15.5, 29.45, -0.4]
				},
				{
					"name": "hand_right",
					"parent": "wrist_right",
					"pivot": [-15.5, 31.45, -0.4],
					"cubes": [
						{"origin": [-17.5, 29.45, -2.4], "size": [2, 2, 4], "uv": [88, 11], "mirror": true}
					]
				},
				{
					"name": "fingers_right",
					"parent": "hand_right",
					"pivot": [-17.5, 31.45, -0.4]
				},
				{
					"name": "figner_front_right",
					"parent": "fingers_right",
					"pivot": [-17.5, 31.45, -1.9],
					"cubes": [
						{"origin": [-19.5, 29.45, -2.4], "size": [2, 2, 1], "inflate": 0.01, "uv": [74, 17], "mirror": true}
					]
				},
				{
					"name": "figner_center_right",
					"parent": "fingers_right",
					"pivot": [-17.5, 31.45, -0.4],
					"cubes": [
						{"origin": [-19.5, 29.45, -1.4], "size": [2, 2, 2], "inflate": 0.02, "uv": [74, 20], "mirror": true}
					]
				},
				{
					"name": "figner_back_right",
					"parent": "fingers_right",
					"pivot": [-17.5, 31.45, 1.1],
					"cubes": [
						{"origin": [-19.5, 29.45, 0.6], "size": [2, 2, 1], "inflate": 0.01, "uv": [86, 17], "mirror": true}
					]
				},
				{
					"name": "neck",
					"parent": "chest",
					"pivot": [0, 32.5, -0.5],
					"cubes": [
						{"origin": [-1, 31.7, -1.5], "size": [2, 3, 2], "uv": [0, 34]}
					]
				},
				{
					"name": "head_ai",
					"parent": "neck",
					"pivot": [0, 32.5, -0.5]
				},
				{
					"name": "head",
					"parent": "head_ai",
					"pivot": [0, 34, -0.5],
					"cubes": [
						{"origin": [-3, 34, -3.5], "size": [6, 6, 6], "uv": [0, 0]},
						{"origin": [3.025, 34.5, -0.5], "size": [0, 1, 1], "uv": [25, 7]},
						{"origin": [-3.025, 34.5, -0.5], "size": [0, 1, 1], "uv": [25, 7], "mirror": true},
						{"origin": [-0.5, 40, -3.5], "size": [1, 0, 6], "inflate": 0.01, "uv": [-6, 0]},
						{"origin": [-0.5, 38, -3.5], "size": [1, 2, 0], "inflate": 0.01, "uv": [2, 0]},
						{"origin": [-0.09, 37.4, -3.57], "size": [3, 1, 0], "pivot": [1.51, 38.3, -3.52], "rotation": [0, 0, -22.5], "uv": [88, 26]},
						{"origin": [-2.91, 37.4, -3.57], "size": [3, 1, 0], "pivot": [-1.51, 38.3, -3.52], "rotation": [0, 0, 22.5], "uv": [88, 26], "mirror": true}
					]
				},
				{
					"name": "eyes",
					"parent": "head",
					"pivot": [0, 37, -0.5]
				},
				{
					"name": "eye_left",
					"parent": "eyes",
					"pivot": [2.01, 37.3, -3.01]
				},
				{
					"name": "eye_neutral_left",
					"parent": "eye_left",
					"pivot": [2.01, 37.3, -2.51],
					"cubes": [
						{"origin": [1.01, 36.3, -3.51], "size": [2, 2, 2], "uv": [103, 0]}
					]
				},
				{
					"name": "eye_happy_left",
					"parent": "eye_left",
					"pivot": [1.91, 37.3, -2.41],
					"cubes": [
						{"origin": [0.91, 36.3, -3.41], "size": [2, 2, 2], "uv": [103, 4]}
					]
				},
				{
					"name": "eye_sad_left",
					"parent": "eye_left",
					"pivot": [1.91, 37.8, -2.41],
					"cubes": [
						{"origin": [0.91, 36.3, -3.41], "size": [2, 3, 2], "uv": [103, 8]}
					]
				},
				{
					"name": "pupil_left",
					"parent": "eye_left",
					"pivot": [2.01, 37.3, -3.52],
					"cubes": [
						{"origin": [1.41, 36.8, -3.52], "size": [1, 1, 0], "uv": [100, 6]}
					]
				},
				{
					"name": "eyelid_left",
					"parent": "eye_left",
					"pivot": [1.91, 37.3, -2.42],
					"cubes": [
						{"origin": [0.91, 36.3, -3.42], "size": [2, 2, 2], "inflate": 0.01, "uv": [103, 13]}
					]
				},
				{
					"name": "eyelid_cute_left",
					"parent": "eye_left",
					"pivot": [1.91, 37.3, -2.42],
					"cubes": [
						{"origin": [0.91, 36.3, -3.42], "size": [2, 2, 2], "inflate": 0.01, "uv": [103, 17]}
					]
				},
				{
					"name": "eye_right",
					"parent": "eyes",
					"pivot": [-2.01, 37.3, -3.01]
				},
				{
					"name": "eye_neutral_right",
					"parent": "eye_right",
					"pivot": [-2.01, 37.3, -2.51],
					"cubes": [
						{"origin": [-3.01, 36.3, -3.51], "size": [2, 2, 2], "uv": [110, 0], "mirror": true}
					]
				},
				{
					"name": "eye_happy_right",
					"parent": "eye_right",
					"pivot": [-1.91, 37.3, -2.41],
					"cubes": [
						{"origin": [-2.91, 36.3, -3.41], "size": [2, 2, 2], "uv": [120, 13], "mirror": true}
					]
				},
				{
					"name": "eye_sad_right",
					"parent": "eye_right",
					"pivot": [-1.91, 37.8, -2.41],
					"cubes": [
						{"origin": [-2.91, 36.3, -3.41], "size": [2, 3, 2], "uv": [111, 8], "mirror": true}
					]
				},
				{
					"name": "pupil_right",
					"parent": "eye_right",
					"pivot": [-2.01, 37.3, -3.52],
					"cubes": [
						{"origin": [-2.41, 36.8, -3.52], "size": [1, 1, 0], "uv": [109, 4], "mirror": true}
					]
				},
				{
					"name": "eyelid_right",
					"parent": "eye_right",
					"pivot": [-1.91, 37.3, -2.42],
					"cubes": [
						{"origin": [-2.91, 36.3, -3.42], "size": [2, 2, 2], "inflate": 0.01, "uv": [111, 13], "mirror": true}
					]
				},
				{
					"name": "eyelid_cute_right",
					"parent": "eye_right",
					"pivot": [-1.91, 37.3, -2.42],
					"cubes": [
						{"origin": [-2.91, 36.3, -3.42], "size": [2, 2, 2], "inflate": 0.01, "uv": [111, 17], "mirror": true}
					]
				},
				{
					"name": "muzzle",
					"parent": "head",
					"pivot": [0, 37, -3.35],
					"rotation": [12.6, 0, 0],
					"cubes": [
						{"origin": [-1.5, 35, -6.95], "size": [3, 2, 4], "inflate": 0.02, "uv": [18, 0]},
						{"origin": [-1, 35, -6.96], "size": [2, 1, 0], "inflate": 0.02, "uv": [2, 2]},
						{"origin": [1.4, 34.95, -5.1], "size": [0, 1, 1], "pivot": [1.4, 35, -4.45], "rotation": [45, 0, 0], "uv": [34, 35]},
						{"origin": [-1.4, 34.95, -5.1], "size": [0, 1, 1], "pivot": [-1.4, 35, -4.45], "rotation": [45, 0, 0], "uv": [34, 36], "mirror": true}
					]
				},
				{
					"name": "jaw",
					"parent": "head",
					"pivot": [0, 35.25, -3.5],
					"cubes": [
						{"origin": [-1.5, 34.25, -5.5], "size": [3, 1, 2], "inflate": 0.01, "uv": [29, 1]}
					]
				},
				{
					"name": "jaw_open",
					"parent": "head",
					"pivot": [0, 35.25, -3.5]
				},
				{
					"name": "ears",
					"parent": "head",
					"pivot": [0, 40, 0]
				},
				{
					"name": "ear_left",
					"parent": "ears",
					"pivot": [1.5, 39.2, 2],
					"rotation": [0, 0, 7.5],
					"cubes": [
						{"origin": [0, 39.2, -1], "size": [3, 4, 3], "inflate": 0.01, "uv": [29, 4]},
						{"origin": [0.5, 42.7, -1], "size": [2, 3, 2], "uv": [41, 7]}
					]
				},
				{
					"name": "ear_right",
					"parent": "ears",
					"pivot": [-1.5, 39.2, 2],
					"rotation": [0, 0, -7.5],
					"cubes": [
						{"origin": [-3, 39.2, -1], "size": [3, 4, 3], "inflate": 0.01, "uv": [40, 0], "mirror": true},
						{"origin": [-2.5, 42.7, -1], "size": [2, 3, 2], "uv": [52, 0], "mirror": true}
					]
				},
				{
					"name": "dreads",
					"parent": "head",
					"pivot": [0, 29.5, 1.3]
				},
				{
					"name": "dread_left",
					"parent": "dreads",
					"pivot": [3, 39.05, 2],
					"rotation": [0, 32.5, 0],
					"cubes": [
						{"origin": [2.1, 37.05, 1], "size": [2, 2, 4], "uv": [0, 12]}
					]
				},
				{
					"name": "dread_left2",
					"parent": "dread_left",
					"pivot": [3, 39.05, 5],
					"cubes": [
						{"origin": [1.7, 36.55, 5], "size": [3, 3, 7], "uv": [108, 36]}
					]
				},
				{
					"name": "dread_left3",
					"parent": "dread_left2",
					"pivot": [3, 39.05, 12],
					"cubes": [
						{"origin": [1.7, 36.55, 12], "size": [3, 3, 7], "uv": [108, 48]}
					]
				},
				{
					"name": "dread_left4",
					"parent": "dread_left3",
					"pivot": [3, 39.05, 19],
					"cubes": [
						{"origin": [1.7, 36.55, 19], "size": [3, 3, 7], "uv": [108, 59]}
					]
				},
				{
					"name": "dread_back_left",
					"parent": "dreads",
					"pivot": [1.5, 39.05, 2.5],
					"rotation": [0, 5, 0],
					"cubes": [
						{"origin": [0.6, 37.05, 2.5], "size": [2, 2, 4], "uv": [12, 12]}
					]
				},
				{
					"name": "dread_back_left2",
					"parent": "dread_back_left",
					"pivot": [1.5, 39.05, 6],
					"cubes": [
						{"origin": [0.2, 36.55, 6], "size": [3, 3, 7], "uv": [108, 25]}
					]
				},
				{
					"name": "dread_back_left3",
					"parent": "dread_back_left2",
					"pivot": [1.5, 39.05, 13],
					"cubes": [
						{"origin": [0.2, 36.55, 13], "size": [3, 3, 7], "uv": [108, 48]}
					]
				},
				{
					"name": "dread_right",
					"parent": "dreads",
					"pivot": [-3, 39.05, 2],
					"rotation": [0, -32.5, 0],
					"cubes": [
						{"origin": [-4.1, 37.05, 1], "size": [2, 2, 4], "uv": [0, 18], "mirror": true}
					]
				},
				{
					"name": "dread_right2",
					"parent": "dread_right",
					"pivot": [-3, 39.05, 5],
					"cubes": [
						{"origin": [-4.7, 36.55, 5], "size": [3, 3, 7], "uv": [108, 36], "mirror": true}
					]
				},
				{
					"name": "dread_right3",
					"parent": "dread_right2",
					"pivot": [-3, 39.05, 12],
					"cubes": [
						{"origin": [-4.7, 36.55, 12], "size": [3, 3, 7], "uv": [108, 48], "mirror": true}
					]
				},
				{
					"name": "dread_right4",
					"parent": "dread_right3",
					"pivot": [-3, 39.05, 19],
					"cubes": [
						{"origin": [-4.7, 36.55, 19], "size": [3, 3, 7], "uv": [108, 59], "mirror": true}
					]
				},
				{
					"name": "dread_back_right",
					"parent": "dreads",
					"pivot": [-1.5, 39.05, 2.5],
					"rotation": [0, -5, 0],
					"cubes": [
						{"origin": [-2.6, 37.05, 2.5], "size": [2, 2, 4], "uv": [12, 18], "mirror": true}
					]
				},
				{
					"name": "dread_back_right2",
					"parent": "dread_back_right",
					"pivot": [-1.5, 39.05, 6],
					"cubes": [
						{"origin": [-3.2, 36.55, 6], "size": [3, 3, 7], "uv": [108, 25], "mirror": true}
					]
				},
				{
					"name": "dread_back_right3",
					"parent": "dread_back_right2",
					"pivot": [-1.5, 39.05, 13],
					"cubes": [
						{"origin": [-3.2, 36.55, 13], "size": [3, 3, 7], "uv": [108, 48], "mirror": true}
					]
				},
				{
					"name": "tail",
					"parent": "torso",
					"pivot": [0, 19.5, 1.7],
					"cubes": [
						{"origin": [-4, 17.5, 0.2], "size": [8, 7, 8], "uv": [25, 94]}
					]
				},
				{
					"name": "tail2",
					"parent": "tail",
					"pivot": [0, 19.5, 7.2],
					"cubes": [
						{"origin": [-4.5, 17, 7.2], "size": [9, 7, 8], "inflate": 0.01, "uv": [37, 113]}
					]
				},
				{
					"name": "tail3",
					"parent": "tail2",
					"pivot": [0, 19.5, 14.2],
					"cubes": [
						{"origin": [-5.5, 17.5, 14.2], "size": [11, 6, 7], "inflate": 0.02, "uv": [0, 115]}
					]
				},
				{
					"name": "tail4",
					"parent": "tail3",
					"pivot": [3.5, 20.5, 19.2],
					"rotation": [0, 5, 0],
					"cubes": [
						{"origin": [1.5, 18.5, 17.2], "size": [4, 4, 8], "inflate": 0.02, "uv": [0, 102]}
					]
				},
				{
					"name": "tail5",
					"parent": "tail3",
					"pivot": [-3.5, 20.5, 19.2],
					"rotation": [0, -5, 0],
					"cubes": [
						{"origin": [-5.5, 18.5, 17.2], "size": [4, 4, 8], "inflate": 0.02, "uv": [0, 89]}
					]
				},
				{
					"name": "tail6",
					"parent": "tail3",
					"pivot": [0, 20.5, 21.2],
					"cubes": [
						{"origin": [-2, 18.5, 20.2], "size": [4, 4, 6], "inflate": 0.02, "uv": [17, 83]}
					]
				},
				{
					"name": "leg_right",
					"parent": "lucario",
					"pivot": [-4.5, 21, -0.3],
					"cubes": [
						{"origin": [-5.5, 14, -3.8], "size": [6, 7, 7], "inflate": 0.01, "pivot": [-4.5, 21, -0.3], "rotation": [0, 0, 10], "uv": [26, 50], "mirror": true},
						{"origin": [-5, 12, -3.3], "size": [5, 2, 6], "inflate": 0.01, "pivot": [-4.5, 21, -0.3], "rotation": [0, 0, 10], "uv": [32, 65], "mirror": true}
					]
				},
				{
					"name": "leg_right2",
					"parent": "leg_right",
					"pivot": [-4, 12.5, -0.5],
					"cubes": [
						{"origin": [-6, 9.5, -2], "size": [4, 4, 4], "inflate": 0.04, "uv": [16, 66], "mirror": true}
					]
				},
				{
					"name": "leg_right3",
					"parent": "leg_right2",
					"pivot": [-4, 9.5, -2],
					"rotation": [50, 0, 0],
					"cubes": [
						{"origin": [-6, 5.5, -2], "size": [4, 4, 3], "uv": [15, 75], "mirror": true}
					]
				},
				{
					"name": "leg_right4",
					"parent": "leg_right3",
					"pivot": [-4, 5.5, 1],
					"rotation": [-50, 0, 0],
					"cubes": [
						{"origin": [-6, -2.5, -2], "size": [4, 8, 3], "inflate": 0.01, "uv": [54, 38], "mirror": true},
						{"origin": [-4, 1.5, -3], "size": [0, 1, 1], "uv": [80, 30], "mirror": true}
					]
				},
				{
					"name": "foot_right",
					"parent": "leg_right4",
					"pivot": [-4, -2.5, 1],
					"rotation": [-65, 0, 0],
					"cubes": [
						{"origin": [-6, -5.5, -2], "size": [4, 3, 3], "uv": [72, 43], "mirror": true}
					]
				},
				{
					"name": "foot_right2",
					"parent": "foot_right",
					"pivot": [-4, -5.5, 1],
					"rotation": [-25, 0, 0],
					"cubes": [
						{"origin": [-4, -8, -5], "size": [0, 3, 3], "uv": [78, 30], "mirror": true},
						{"origin": [-6, -7.5, -2], "size": [4, 2, 3], "inflate": 0.02, "uv": [89, 39], "mirror": true}
					]
				},
				{
					"name": "foot_right3",
					"parent": "foot_right2",
					"pivot": [-4, -7.5, 1],
					"rotation": [0, 0, 0],
					"cubes": [
						{"origin": [-6, -9.5, -2], "size": [4, 2, 3], "inflate": 0.01, "uv": [89, 44], "mirror": true},
						{"origin": [-4.5, -9, 1.01], "size": [1, 1, 0], "inflate": 0.01, "uv": [99, 34], "mirror": true}
					]
				},
				{
					"name": "leg_left",
					"parent": "lucario",
					"pivot": [4.5, 21, -0.3],
					"cubes": [
						{"origin": [-0.5, 14, -3.8], "size": [6, 7, 7], "inflate": 0.01, "pivot": [4.5, 21, -0.3], "rotation": [0, 0, -10], "uv": [0, 50]},
						{"origin": [0, 12, -3.3], "size": [5, 2, 6], "inflate": 0.01, "pivot": [4.5, 21, -0.3], "rotation": [0, 0, -10], "uv": [32, 74]}
					]
				},
				{
					"name": "leg_left2",
					"parent": "leg_left",
					"pivot": [4, 12.5, -0.5],
					"cubes": [
						{"origin": [2, 9.5, -2], "size": [4, 4, 4], "inflate": 0.04, "uv": [0, 66]}
					]
				},
				{
					"name": "leg_left3",
					"parent": "leg_left2",
					"pivot": [4, 9.5, -2],
					"rotation": [50, 0, 0],
					"cubes": [
						{"origin": [2, 5.5, -2], "size": [4, 4, 3], "uv": [0, 75]}
					]
				},
				{
					"name": "leg_left4",
					"parent": "leg_left3",
					"pivot": [4, 5.5, 1],
					"rotation": [-50, 0, 0],
					"cubes": [
						{"origin": [2, -2.5, -2], "size": [4, 8, 3], "inflate": 0.01, "uv": [53, 26]},
						{"origin": [4, 1.5, -3], "size": [0, 1, 1], "uv": [80, 30]}
					]
				},
				{
					"name": "foot_left",
					"parent": "leg_left4",
					"pivot": [4, -2.5, 1],
					"rotation": [-65, 0, 0],
					"cubes": [
						{"origin": [2, -5.5, -2], "size": [4, 3, 3], "uv": [71, 37]}
					]
				},
				{
					"name": "foot_left2",
					"parent": "foot_left",
					"pivot": [4, -5.5, 1],
					"rotation": [-25, 0, 0],
					"cubes": [
						{"origin": [2, -7.5, -2], "size": [4, 2, 3], "inflate": 0.02, "uv": [88, 28]},
						{"origin": [4, -8, -5], "size": [0, 3, 3], "uv": [78, 30]}
					]
				},
				{
					"name": "foot_left3",
					"parent": "foot_left2",
					"pivot": [4, -7.5, 1],
					"rotation": [0, 0, 0],
					"cubes": [
						{"origin": [2, -9.5, -2], "size": [4, 2, 3], "inflate": 0.01, "uv": [88, 33]},
						{"origin": [3.5, -9, 1.01], "size": [1, 1, 0], "inflate": 0.01, "uv": [99, 33]}
					]
				}
			]
		}
	]
}