{
	"format_version": "1.12.0",
	"minecraft:geometry": [
		{
			"description": {
				"identifier": "geometry.magnezone_amethyst",
				"texture_width": 128,
				"texture_height": 128,
				"visible_bounds_width": 5,
				"visible_bounds_height": 3.5,
				"visible_bounds_offset": [0, 1.25, 0]
			},
			"bones": [
				{
					"name": "magnezone",
					"pivot": [0, 0, 0]
				},
				{
					"name": "body",
					"parent": "magnezone",
					"pivot": [0, 10.5, 0],
					"cubes": [
						{"origin": [-11.5, 4.5, -11.5], "size": [23, 11, 23], "uv": [0, 0]},
						{"origin": [-8, 15, -8], "size": [16, 3, 16], "uv": [60, 36]},
						{"origin": [-8, 2, -8], "size": [16, 3, 16], "uv": [60, 55]},
						{"origin": [-15, 10, -15], "size": [30, 0, 30], "uv": [-30, 52]}
					]
				},
				{
					"name": "red_light",
					"parent": "body",
					"pivot": [0, 13.5, -11.51],
					"cubes": [
						{"origin": [-2, 11.5, -11.51], "size": [4, 4, 0], "uv": [0, 8]},
						{"origin": [-1.5, 12, -11.52], "size": [3, 3, 0], "uv": [0, 12]}
					]
				},
				{
					"name": "antenna",
					"parent": "body",
					"pivot": [0, 18, 0],
					"cubes": [
						{"origin": [-1, 18, -1], "size": [2, 3, 2], "uv": [73, 12]},
						{"origin": [-0.5, 19.5, -0.5], "size": [1, 5, 1], "uv": [69, 14]},
						{"origin": [-1.5, 24.5, -1.5], "size": [3, 3, 3], "uv": [70, 17]}
					]
				},
				{
					"name": "body_left",
					"parent": "body",
					"pivot": [11, 10, 0],
					"cubes": [
						{"origin": [11.5, 5.5, -4.5], "size": [8, 9, 9], "uv": [0, 34]},
						{"origin": [15, 10, -8], "size": [8, 0, 16], "uv": [44, 55]}
					]
				},
				{
					"name": "eye_left",
					"parent": "body_left",
					"pivot": [15.5, 12.1, -4.51],
					"cubes": [
						{"origin": [13.5, 10.1, -4.51], "size": [4, 4, 0], "uv": [0, 0]}
					]
				},
				{
					"name": "pupil_left",
					"parent": "eye_left",
					"pivot": [15.5, 12.1, -4.52],
					"cubes": [
						{"origin": [15, 11.6, -4.52], "size": [1, 1, 0], "uv": [8, 2]}
					]
				},
				{
					"name": "pupil_closed_left",
					"parent": "eye_left",
					"pivot": [15.5, 12.1, -4.42],
					"cubes": [
						{"origin": [14, 11.6, -4.42], "size": [3, 1, 0], "uv": [8, 0]}
					]
				},
				{
					"name": "magnet_left",
					"parent": "body_left",
					"pivot": [13.5, 8, -5],
					"rotation": [0, -25, 0]
				},
				{
					"name": "magnet_left_rotation",
					"parent": "magnet_left",
					"pivot": [13.5, 8, -5],
					"cubes": [
						{"origin": [8.5, 6.5, -9], "size": [10, 3, 4], "uv": [0, 82]},
						{"origin": [8.5, 6.5, -19], "size": [4, 3, 10], "uv": [0, 89]},
						{"origin": [14.5, 6.5, -19], "size": [4, 3, 10], "uv": [0, 102]}
					]
				},
				{
					"name": "nail_left",
					"parent": "body_left",
					"pivot": [15, 13, 3],
					"rotation": [-45, 0, 0]
				},
				{
					"name": "nail_left_rotation",
					"parent": "nail_left",
					"pivot": [15, 13, 3],
					"cubes": [
						{"origin": [14, 13, 2], "size": [2, 5, 2], "uv": [60, 74]},
						{"origin": [13, 18, 1], "size": [4, 2, 4], "uv": [56, 81]},
						{"origin": [13.5, 20.01, 1.5], "size": [3, 0, 3], "uv": [73, 74]}
					]
				},
				{
					"name": "body_right",
					"parent": "body",
					"pivot": [-11, 10, 0],
					"cubes": [
						{"origin": [-19.5, 5.5, -4.5], "size": [8, 9, 9], "uv": [34, 34], "mirror": true},
						{"origin": [-23, 10, -8], "size": [8, 0, 16], "uv": [92, 55], "mirror": true}
					]
				},
				{
					"name": "eye_right",
					"parent": "body_right",
					"pivot": [-15.5, 12.1, -4.51],
					"cubes": [
						{"origin": [-17.5, 10.1, -4.51], "size": [4, 4, 0], "uv": [0, 4], "mirror": true}
					]
				},
				{
					"name": "pupil_right",
					"parent": "eye_right",
					"pivot": [-15.5, 12.1, -4.52],
					"cubes": [
						{"origin": [-16, 11.6, -4.52], "size": [1, 1, 0], "uv": [8, 3], "mirror": true}
					]
				},
				{
					"name": "pupil_closed_right",
					"parent": "eye_right",
					"pivot": [-15.5, 12.1, -4.42],
					"cubes": [
						{"origin": [-17, 11.6, -4.42], "size": [3, 1, 0], "uv": [8, 1], "mirror": true}
					]
				},
				{
					"name": "magnet_right",
					"parent": "body_right",
					"pivot": [-13.5, 8, -5],
					"rotation": [0, 25, 0]
				},
				{
					"name": "magnet_right_rotation",
					"parent": "magnet_right",
					"pivot": [-13.5, 8, -5],
					"cubes": [
						{"origin": [-18.5, 6.5, -9], "size": [10, 3, 4], "uv": [28, 82], "mirror": true},
						{"origin": [-12.5, 6.5, -19], "size": [4, 3, 10], "uv": [28, 89], "mirror": true},
						{"origin": [-18.5, 6.5, -19], "size": [4, 3, 10], "uv": [28, 102], "mirror": true}
					]
				},
				{
					"name": "nail_right",
					"parent": "body_right",
					"pivot": [-15, 13, 3],
					"rotation": [-45, 0, 0]
				},
				{
					"name": "nail_right_rotation",
					"parent": "nail_right",
					"pivot": [-15, 13, 3],
					"cubes": [
						{"origin": [-17, 18, 1], "size": [4, 2, 4], "uv": [52, 87], "mirror": true},
						{"origin": [-16, 13, 2], "size": [2, 5, 2], "uv": [68, 74], "mirror": true},
						{"origin": [-16.5, 20.01, 1.5], "size": [3, 0, 3], "uv": [73, 77], "mirror": true}
					]
				},
				{
					"name": "magnet_back",
					"parent": "body",
					"pivot": [0, 8, 12],
					"rotation": [0, 0, 0]
				},
				{
					"name": "magnet_back_rotation",
					"parent": "magnet_back",
					"pivot": [0, 8, 12],
					"cubes": [
						{"origin": [-5, 6.5, 12], "size": [10, 3, 4], "uv": [69, 0]},
						{"origin": [-5, 6.5, 16], "size": [4, 3, 10], "uv": [87, 0]},
						{"origin": [1, 6.5, 16], "size": [4, 3, 10], "uv": [92, 13]}
					]
				}
			]
		}
	]
}