{
	"format_version": "1.12.0",
	"minecraft:geometry": [
		{
			"description": {
				"identifier": "geometry.malevorus_incarnate",
				"texture_width": 128,
				"texture_height": 128,
				"visible_bounds_width": 4,
				"visible_bounds_height": 3.5,
				"visible_bounds_offset": [0, 1.25, 0]
			},
			"bones": [
				{
					"name": "malevorus_incarnate",
					"pivot": [0, 0, -0.5]
				},
				{
					"name": "body",
					"parent": "malevorus_incarnate",
					"pivot": [0, 4, -0.5],
					"cubes": [
						{"origin": [-4, 8, -3.5], "size": [8, 8, 7], "uv": [0, 43]},
						{"origin": [-0.5, 14, -3.51], "size": [1, 1, 0], "uv": [0, 30]}
					]
				},
				{
					"name": "torso",
					"parent": "body",
					"pivot": [0, 15, 0],
					"cubes": [
						{"origin": [-5.5, 15, -4.5], "size": [11, 7, 10], "uv": [86, 111]},
						{"origin": [-2.5, 22, -3], "size": [5, 2, 6], "uv": [55, 10]}
					]
				},
				{
					"name": "head",
					"parent": "torso",
					"pivot": [0, 22, 0],
					"cubes": [
						{"origin": [-3.5, 22, -4], "size": [7, 4, 8], "uv": [30, 46]},
						{"origin": [-3, 26, -3.5], "size": [6, 3, 7], "uv": [55, 0]},
						{"origin": [-3, 26.5, 1.5], "size": [6, 3, 3], "inflate": 0.01, "uv": [0, 95]},
						{"origin": [0.5, 26, -3.51], "size": [1, 1, 0], "uv": [72, 10]},
						{"origin": [-1.5, 26, -3.51], "size": [1, 1, 0], "uv": [72, 10]}
					]
				},
				{
					"name": "horn3",
					"parent": "head",
					"pivot": [-2, 29, -2.5],
					"rotation": [20, 0, -7.5],
					"cubes": [
						{"origin": [-2, 29, -3.5], "size": [0, 2, 1], "uv": [74, 3]}
					]
				},
				{
					"name": "horn2",
					"parent": "head",
					"pivot": [-2, 29, 0.5],
					"rotation": [20, 5, -10],
					"cubes": [
						{"origin": [-2, 28, -0.5], "size": [0, 3, 2], "uv": [82, -2]}
					]
				},
				{
					"name": "horn5",
					"parent": "head",
					"pivot": [2, 29, 0.5],
					"rotation": [20, -5, 10],
					"cubes": [
						{"origin": [2, 28, -0.5], "size": [0, 3, 2], "uv": [82, -2], "mirror": true}
					]
				},
				{
					"name": "horn4",
					"parent": "head",
					"pivot": [2, 29, -2.5],
					"rotation": [20, 0, 7.5],
					"cubes": [
						{"origin": [2, 29, -3.5], "size": [0, 2, 1], "uv": [74, 3], "mirror": true}
					]
				},
				{
					"name": "horn",
					"parent": "head",
					"pivot": [0, 29, 0],
					"rotation": [10, 0, 0],
					"cubes": [
						{"origin": [0, 29, -2], "size": [0, 4, 2], "uv": [78, -2]},
						{"origin": [0, 29, -2], "size": [0, 4, 2], "pivot": [0, 31, -1], "rotation": [0, 90, 0], "uv": [74, -2]}
					]
				},
				{
					"name": "hair",
					"parent": "head",
					"pivot": [0, 29.5, 3],
					"rotation": [-10, 0, 0],
					"cubes": [
						{"origin": [-3, 29, 3], "size": [6, 5, 0], "inflate": 0.01, "uv": [0, 90]}
					]
				},
				{
					"name": "hair2",
					"parent": "hair",
					"pivot": [0, 4, -0.5],
					"cubes": [
						{"origin": [-1.5, 33.5, 2.99], "size": [3, 6, 0], "inflate": 0.01, "uv": [0, 84]}
					]
				},
				{
					"name": "hair3",
					"parent": "hair",
					"pivot": [1.5, 33.5, 2.99],
					"rotation": [0, 0, 55],
					"cubes": [
						{"origin": [-0.5, 33.5, 3], "size": [2, 5, 0], "inflate": 0.01, "uv": [6, 85]}
					]
				},
				{
					"name": "hair4",
					"parent": "hair",
					"pivot": [-1.5, 33.5, 2.99],
					"rotation": [0, 0, -55],
					"cubes": [
						{"origin": [-1.5, 33.5, 3], "size": [2, 5, 0], "inflate": 0.01, "uv": [10, 85], "mirror": true}
					]
				},
				{
					"name": "pupil_left",
					"parent": "head",
					"pivot": [1.5, 26.5, -3.52],
					"cubes": [
						{"origin": [1, 26, -3.52], "size": [1, 1, 0], "uv": [72, 13]}
					]
				},
				{
					"name": "pupil_right",
					"parent": "head",
					"pivot": [-1.5, 26.5, -3.52],
					"cubes": [
						{"origin": [-2, 26, -3.52], "size": [1, 1, 0], "uv": [72, 13]}
					]
				},
				{
					"name": "eyelid_right",
					"parent": "head",
					"pivot": [0.1, 4, -0.4],
					"cubes": [
						{"origin": [-2.9, 26, -3.4], "size": [3, 2, 1], "inflate": 0.03, "uv": [83, 44], "mirror": true}
					]
				},
				{
					"name": "eyelid_left",
					"parent": "head",
					"pivot": [-0.1, 4, -0.4],
					"cubes": [
						{"origin": [-0.1, 26, -3.4], "size": [3, 2, 1], "inflate": 0.03, "uv": [83, 44]}
					]
				},
				{
					"name": "mouth",
					"parent": "head",
					"pivot": [0, 24.5, -3.91],
					"cubes": [
						{"origin": [-2.51, 23, -3.91], "size": [5, 3, 0], "uv": [78, 41]}
					]
				},
				{
					"name": "ear_left",
					"parent": "head",
					"pivot": [2.75, 27, -0.5],
					"rotation": [0, 0, 40],
					"cubes": [
						{"origin": [2.75, 26, -0.5], "size": [2, 4, 0], "uv": [55, 0]}
					]
				},
				{
					"name": "ear_right",
					"parent": "head",
					"pivot": [-2.75, 27, -0.5],
					"rotation": [0, 0, -40],
					"cubes": [
						{"origin": [-4.75, 26, -0.5], "size": [2, 4, 0], "uv": [34, 48]}
					]
				},
				{
					"name": "moustache",
					"parent": "head",
					"pivot": [0, 26, -4.01],
					"rotation": [-10, 0, 0],
					"cubes": [
						{"origin": [-5.5, 23, -4.01], "size": [11, 5, 0], "uv": [70, 32]}
					]
				},
				{
					"name": "moustache2",
					"parent": "moustache",
					"pivot": [5.5, 26, -4.01],
					"rotation": [0, 0, 10],
					"cubes": [
						{"origin": [5.5, 23, -4.02], "size": [2, 7, 0], "uv": [66, 31]}
					]
				},
				{
					"name": "moustache3",
					"parent": "moustache",
					"pivot": [-5.5, 26, -4.01],
					"rotation": [0, 0, -10],
					"cubes": [
						{"origin": [-7.5, 23, -4.02], "size": [2, 7, 0], "uv": [66, 31], "mirror": true}
					]
				},
				{
					"name": "arm_left",
					"parent": "torso",
					"pivot": [4.5, 22, 0],
					"cubes": [
						{"origin": [3.5, 19, -2.5], "size": [4, 5, 6], "uv": [23, 71]},
						{"origin": [7.5, 19, -2], "size": [4, 4, 5], "uv": [107, 25]}
					]
				},
				{
					"name": "arm_left2",
					"parent": "arm_left",
					"pivot": [11.5, 20.5, 1.5],
					"cubes": [
						{"origin": [11.5, 19, -1.5], "size": [5, 3, 4], "inflate": 0.01, "uv": [77, 6]}
					]
				},
				{
					"name": "hand_left",
					"parent": "arm_left2",
					"pivot": [16.5, 21.5, 0.5],
					"cubes": [
						{"origin": [16.5, 19.5, -1], "size": [3, 2, 3], "inflate": 0.01, "uv": [37, 58]}
					]
				},
				{
					"name": "finger_left1_1",
					"parent": "hand_left",
					"pivot": [19.5, 21.5, -0.5],
					"cubes": [
						{"origin": [19.5, 20.5, -1], "size": [2, 1, 1], "inflate": 0.01, "uv": [55, 14]}
					]
				},
				{
					"name": "finger_left1_2",
					"parent": "finger_left1_1",
					"pivot": [21.5, 21.5, -0.5],
					"cubes": [
						{"origin": [21.5, 20.5, -1], "size": [1, 1, 1], "uv": [59, 30]},
						{"origin": [22.5, 20.5, -0.5], "size": [1, 1, 0], "pivot": [22.5, 21.5, -0.5], "rotation": [0, 0, 20], "uv": [17, 1]}
					]
				},
				{
					"name": "finger_left2_1",
					"parent": "hand_left",
					"pivot": [19.5, 21.5, 0.5],
					"cubes": [
						{"origin": [19.5, 20.5, 0], "size": [2, 1, 1], "inflate": 0.01, "uv": [55, 4]}
					]
				},
				{
					"name": "finger_left2_2",
					"parent": "finger_left2_1",
					"pivot": [21.5, 21.5, 0.5],
					"cubes": [
						{"origin": [21.5, 20.5, 0], "size": [1, 1, 1], "uv": [58, 50]},
						{"origin": [22.5, 20.5, 0.5], "size": [1, 1, 0], "pivot": [22.5, 21.5, 0.5], "rotation": [0, 0, 20], "uv": [17, 0]}
					]
				},
				{
					"name": "finger_left3_1",
					"parent": "hand_left",
					"pivot": [19.5, 21.5, 1.5],
					"cubes": [
						{"origin": [19.5, 20.5, 1], "size": [2, 1, 1], "inflate": 0.01, "uv": [52, 52]}
					]
				},
				{
					"name": "finger_left3_2",
					"parent": "finger_left3_1",
					"pivot": [21.5, 21.5, 1.5],
					"cubes": [
						{"origin": [21.5, 20.5, 1], "size": [1, 1, 1], "uv": [50, 58]},
						{"origin": [22.5, 20.5, 1.5], "size": [1, 1, 0], "pivot": [22.5, 21.5, 1.5], "rotation": [0, 0, 20], "uv": [15, 0]}
					]
				},
				{
					"name": "thumb_left",
					"parent": "hand_left",
					"pivot": [16.5, 20.5, -1],
					"cubes": [
						{"origin": [16.5, 19.5, -2], "size": [1, 1, 1], "inflate": 0.01, "uv": [59, 34]}
					]
				},
				{
					"name": "thumb_left2",
					"parent": "thumb_left",
					"pivot": [17, 20.5, -2],
					"cubes": [
						{"origin": [16.5, 19.5, -3], "size": [1, 1, 1], "uv": [59, 32]},
						{"origin": [17, 19.5, -4], "size": [0, 1, 1], "pivot": [17, 20.5, -3], "rotation": [20, 0, 0], "uv": [13, 0]}
					]
				},
				{
					"name": "arm_right",
					"parent": "torso",
					"pivot": [-4.5, 22, 0],
					"cubes": [
						{"origin": [-7.5, 19, -2.5], "size": [4, 5, 6], "uv": [77, 67]},
						{"origin": [-11.5, 19, -2], "size": [4, 4, 5], "uv": [78, 49]}
					]
				},
				{
					"name": "arm_right2",
					"parent": "arm_right",
					"pivot": [-11.5, 20.5, 1.5],
					"cubes": [
						{"origin": [-16.5, 19, -1.5], "size": [5, 3, 4], "inflate": 0.01, "uv": [74, 60]}
					]
				},
				{
					"name": "hand_right",
					"parent": "arm_right2",
					"pivot": [-16.5, 21.5, 0.5],
					"cubes": [
						{"origin": [-19.5, 19.5, -1], "size": [3, 2, 3], "inflate": 0.01, "uv": [23, 43]}
					]
				},
				{
					"name": "finger_right1_1",
					"parent": "hand_right",
					"pivot": [-19.5, 21.5, -0.5],
					"cubes": [
						{"origin": [-21.5, 20.5, -1], "size": [2, 1, 1], "inflate": 0.01, "uv": [30, 52]}
					]
				},
				{
					"name": "finger_right1_2",
					"parent": "finger_right1_1",
					"pivot": [-21.5, 21.5, -0.5],
					"cubes": [
						{"origin": [-22.5, 20.5, -1], "size": [1, 1, 1], "uv": [58, 48]},
						{"origin": [-23.5, 20.5, -0.5], "size": [1, 1, 0], "pivot": [-22.5, 21.5, -0.5], "rotation": [0, 0, -20], "uv": [13, 0]}
					]
				},
				{
					"name": "finger_right2_1",
					"parent": "hand_right",
					"pivot": [-19.5, 21.5, 0.5],
					"cubes": [
						{"origin": [-21.5, 20.5, 0], "size": [2, 1, 1], "inflate": 0.01, "uv": [23, 48]}
					]
				},
				{
					"name": "finger_right2_2",
					"parent": "finger_right2_1",
					"pivot": [-21.5, 21.5, 0.5],
					"cubes": [
						{"origin": [-22.5, 20.5, 0], "size": [1, 1, 1], "uv": [58, 46]},
						{"origin": [-23.5, 20.5, 0.5], "size": [1, 1, 0], "pivot": [-22.5, 21.5, 0.5], "rotation": [0, 0, -20], "uv": [11, 0]}
					]
				},
				{
					"name": "finger_right3_1",
					"parent": "hand_right",
					"pivot": [-19.5, 21.5, 1.5],
					"cubes": [
						{"origin": [-21.5, 20.5, 1], "size": [2, 1, 1], "inflate": 0.01, "uv": [32, 37]}
					]
				},
				{
					"name": "finger_right3_2",
					"parent": "finger_right3_1",
					"pivot": [-21.5, 21.5, 1.5],
					"cubes": [
						{"origin": [-22.5, 20.5, 1], "size": [1, 1, 1], "uv": [46, 58]},
						{"origin": [-23.5, 20.5, 1.5], "size": [1, 1, 0], "pivot": [-22.5, 21.5, 1.5], "rotation": [0, 0, -20], "uv": [15, 1]}
					]
				},
				{
					"name": "thumb_right",
					"parent": "hand_right",
					"pivot": [-16.5, 20.5, -1],
					"cubes": [
						{"origin": [-17.5, 19.5, -2], "size": [1, 1, 1], "inflate": 0.01, "uv": [22, 58]}
					]
				},
				{
					"name": "thumb_right2",
					"parent": "thumb_right",
					"pivot": [-17, 20.5, -2],
					"cubes": [
						{"origin": [-17.5, 19.5, -3], "size": [1, 1, 1], "uv": [37, 36]},
						{"origin": [-17, 19.5, -4], "size": [0, 1, 1], "pivot": [-17, 20.5, -3], "rotation": [20, 0, 0], "uv": [11, 0]}
					]
				},
				{
					"name": "cloud",
					"parent": "malevorus_incarnate",
					"pivot": [0, 10, -0.5],
					"cubes": [
						{"origin": [-9, -1, -9.5], "size": [18, 11, 19], "uv": [0, 0]},
						{"origin": [-9, -1, -9.5], "size": [18, 11, 19], "inflate": 0.5, "uv": [0, 82]}
					]
				},
				{
					"name": "cloud_tail",
					"parent": "cloud",
					"pivot": [0, -1, 9.5],
					"cubes": [
						{"origin": [-2, -3, 6.5], "size": [4, 4, 6], "uv": [57, 64]}
					]
				},
				{
					"name": "cloud_tail2",
					"parent": "cloud_tail",
					"pivot": [0, -3, 12.5],
					"cubes": [
						{"origin": [0, -6, 8.5], "size": [0, 6, 11], "uv": [0, 47]}
					]
				},
				{
					"name": "tail",
					"parent": "cloud",
					"pivot": [0, 7, 9.5],
					"cubes": [
						{"origin": [-1, 6, 7.5], "size": [2, 2, 10], "uv": [1, 65]}
					]
				},
				{
					"name": "tail2",
					"parent": "tail",
					"pivot": [0, 7, 16.5],
					"cubes": [
						{"origin": [-1.5, 5.5, 16.5], "size": [3, 3, 10], "uv": [102, 79]},
						{"origin": [1.5, 6, 20.5], "size": [2, 2, 2], "uv": [0, 0]},
						{"origin": [3.5, 6.5, 21], "size": [2, 1, 1], "uv": [8, 2]},
						{"origin": [-5.5, 6.5, 21], "size": [2, 1, 1], "uv": [8, 4]},
						{"origin": [-3.5, 6, 20.5], "size": [2, 2, 2], "uv": [0, 4]}
					]
				},
				{
					"name": "tail3",
					"parent": "tail2",
					"pivot": [0, 7, 25.5],
					"cubes": [
						{"origin": [-1.5, 5.5, 25.5], "size": [3, 3, 10], "inflate": 0.02, "uv": [102, 92]},
						{"origin": [1.5, 6, 29.5], "size": [2, 2, 2], "uv": [0, 12]},
						{"origin": [3.5, 6.5, 30], "size": [2, 1, 1], "uv": [8, 8]},
						{"origin": [-3.5, 6, 29.5], "size": [2, 2, 2], "uv": [0, 8]},
						{"origin": [-5.5, 6.5, 30], "size": [2, 1, 1], "uv": [8, 6]}
					]
				},
				{
					"name": "tail4",
					"parent": "tail3",
					"pivot": [0, 7, 34.5],
					"cubes": [
						{"origin": [-2, 5, 34.5], "size": [4, 4, 10], "uv": [100, 0]},
						{"origin": [2, 5.5, 37.5], "size": [3, 3, 3], "uv": [0, 34]},
						{"origin": [5, 6, 38], "size": [2, 2, 2], "uv": [8, 30]},
						{"origin": [-5, 5.5, 37.5], "size": [3, 3, 3], "uv": [5, 13]},
						{"origin": [-7, 6, 38], "size": [2, 2, 2], "uv": [0, 30]}
					]
				},
				{
					"name": "tail5",
					"parent": "tail4",
					"pivot": [0, 7, 43.5],
					"cubes": [
						{"origin": [-2, 5, 43.5], "size": [4, 4, 10], "inflate": 0.02, "uv": [91, 40]},
						{"origin": [2, 5.5, 46.5], "size": [3, 3, 3], "uv": [13, 31]},
						{"origin": [5, 6, 47], "size": [2, 2, 2], "uv": [30, 30]},
						{"origin": [-5, 5.5, 46.5], "size": [3, 3, 3], "uv": [9, 37]},
						{"origin": [-7, 6, 47], "size": [2, 2, 2], "uv": [22, 30]}
					]
				},
				{
					"name": "tail6",
					"parent": "tail5",
					"pivot": [0, 7, 52.5],
					"cubes": [
						{"origin": [5.5, 6, 56], "size": [2, 2, 2], "uv": [24, 59]},
						{"origin": [2.5, 5.5, 55.5], "size": [3, 3, 3], "uv": [20, 63]},
						{"origin": [-5.5, 5.5, 55.5], "size": [3, 3, 3], "uv": [15, 69]},
						{"origin": [-7.5, 6, 56], "size": [2, 2, 2], "uv": [23, 35]},
						{"origin": [-2.5, 4.5, 52.5], "size": [5, 5, 10], "uv": [82, 15]}
					]
				},
				{
					"name": "tail7",
					"parent": "tail6",
					"pivot": [0, 7, 61.5],
					"cubes": [
						{"origin": [-2.5, 4.5, 61.5], "size": [5, 5, 10], "inflate": 0.02, "uv": [93, 58]},
						{"origin": [2.5, 5.5, 65.5], "size": [3, 3, 3], "uv": [44, 63]},
						{"origin": [5.5, 6, 66], "size": [2, 2, 2], "uv": [45, 69]},
						{"origin": [-5.5, 5.5, 65.5], "size": [3, 3, 3], "uv": [32, 63]},
						{"origin": [-7.5, 6, 66], "size": [2, 2, 2], "uv": [37, 69]}
					]
				},
				{
					"name": "tail8",
					"parent": "tail7",
					"pivot": [0, 7, 71.5],
					"cubes": [
						{"origin": [-2, 5, 70.5], "size": [4, 4, 2], "uv": [25, 122]},
						{"origin": [-2.5, 4.5, 72.5], "size": [5, 5, 4], "uv": [0, 112]},
						{"origin": [-2, 5, 76.5], "size": [4, 4, 3], "uv": [10, 121]},
						{"origin": [-1, 6, 79.5], "size": [2, 2, 3], "uv": [18, 112]}
					]
				}
			]
		}
	]
}