{
	"format_version": "1.12.0",
	"minecraft:geometry": [
		{
			"description": {
				"identifier": "geometry.manaphy",
				"texture_width": 32,
				"texture_height": 32,
				"visible_bounds_width": 3,
				"visible_bounds_height": 3.5,
				"visible_bounds_offset": [0, 1.25, 0]
			},
			"bones": [
				{
					"name": "manaphy",
					"pivot": [0, 0, 0]
				},
				{
					"name": "body",
					"parent": "manaphy",
					"pivot": [0, 0.5, 0],
					"cubes": [
						{"origin": [-1.5, 0.5, -1.5], "size": [3, 4, 3], "inflate": 0.01, "uv": [0, 17]},
						{"origin": [-1, 4, -1], "size": [2, 1, 2], "uv": [16, 24]}
					]
				},
				{
					"name": "head",
					"parent": "body",
					"pivot": [0, 4, 0],
					"cubes": [
						{"origin": [-4, 4, -3], "size": [8, 5, 6], "uv": [0, 0]},
						{"origin": [-3, 9, -2.5], "size": [6, 1, 5], "uv": [0, 11]},
						{"origin": [-1.5, 10, -1.5], "size": [3, 1, 3], "uv": [17, 11]},
						{"origin": [1.25, 8, -3.03], "size": [1, 1, 0], "uv": [22, 0]},
						{"origin": [1.55, 7.1, -3.01], "size": [2, 1, 0], "uv": [24, 21]},
						{"origin": [2.05, 7.1, -3.02], "size": [1, 1, 0], "uv": [0, 19]},
						{"origin": [2.75, 8, -3.03], "size": [1, 1, 0], "uv": [9, 19]},
						{"origin": [-3.05, 7.1, -3.02], "size": [1, 1, 0], "uv": [17, 13]},
						{"origin": [-3.55, 7.1, -3.01], "size": [2, 1, 0], "uv": [17, 15]},
						{"origin": [-2.25, 8, -3.03], "size": [1, 1, 0], "uv": [17, 17]},
						{"origin": [-3.75, 8, -3.03], "size": [1, 1, 0], "uv": [9, 18]}
					]
				},
				{
					"name": "ear_right",
					"parent": "head",
					"pivot": [-0.5, 11, 0],
					"cubes": [
						{"origin": [-1, 10, -0.5], "size": [1, 4, 1], "uv": [0, 11]}
					]
				},
				{
					"name": "ear_right2",
					"parent": "ear_right",
					"pivot": [0, 14, -0.5],
					"cubes": [
						{"origin": [-1.75, 14, -0.5], "size": [2, 6, 1], "uv": [12, 17]}
					]
				},
				{
					"name": "ear_right3",
					"parent": "ear_right2",
					"pivot": [0, 20, -0.5],
					"cubes": [
						{"origin": [-1, 20, -0.5], "size": [1, 6, 1], "uv": [0, 24]}
					]
				},
				{
					"name": "ear_right4",
					"parent": "ear_right3",
					"pivot": [-0.5, 25, 0],
					"cubes": [
						{"origin": [-1.5, 25, -1], "size": [2, 2, 2], "uv": [22, 0]}
					]
				},
				{
					"name": "ear_left",
					"parent": "head",
					"pivot": [0.5, 11, 0],
					"cubes": [
						{"origin": [0, 10, -0.5], "size": [1, 4, 1], "uv": [23, 26]}
					]
				},
				{
					"name": "ear_left2",
					"parent": "ear_left",
					"pivot": [0, 14, -0.5],
					"cubes": [
						{"origin": [-0.25, 14, -0.5], "size": [2, 6, 1], "uv": [18, 17]}
					]
				},
				{
					"name": "ear_left3",
					"parent": "ear_left2",
					"pivot": [0, 20, -0.5],
					"cubes": [
						{"origin": [0, 20, -0.5], "size": [1, 6, 1], "uv": [4, 24]}
					]
				},
				{
					"name": "ear_left4",
					"parent": "ear_left3",
					"pivot": [0.5, 25, 0],
					"cubes": [
						{"origin": [-0.5, 25, -1], "size": [2, 2, 2], "uv": [22, 22]}
					]
				},
				{
					"name": "mouth_happy",
					"parent": "head",
					"pivot": [0, 4.5, -3.01],
					"cubes": [
						{"origin": [-0.5, 4, -3.02], "size": [1, 1, 0], "uv": [21, 15]},
						{"origin": [-1, 4.5, -3.01], "size": [2, 1, 0], "uv": [9, 17]}
					]
				},
				{
					"name": "mouth_open",
					"parent": "head",
					"pivot": [0, 5, -2.92],
					"cubes": [
						{"origin": [-0.5, 4.5, -2.91], "size": [1, 1, 0], "uv": [3, 11]}
					]
				},
				{
					"name": "eye_right",
					"parent": "head",
					"pivot": [-2.5, 6, -3],
					"rotation": [0, 0, -2.5],
					"cubes": [
						{"origin": [-3.5, 4.5, -3.03], "size": [2, 3, 0], "uv": [28, 4]}
					]
				},
				{
					"name": "pupil_right",
					"parent": "eye_right",
					"pivot": [-2.5, 6, -3.04],
					"cubes": [
						{"origin": [-3, 5, -3.04], "size": [1, 2, 0], "uv": [17, 11]}
					]
				},
				{
					"name": "eyelid_right",
					"parent": "eye_right",
					"pivot": [-2.5, 6, -2.94],
					"cubes": [
						{"origin": [-3, 5, -2.94], "size": [1, 2, 0], "uv": [27, 29]}
					]
				},
				{
					"name": "eye_left",
					"parent": "head",
					"pivot": [2.5, 6, -3],
					"rotation": [0, 0, 2.5],
					"cubes": [
						{"origin": [1.5, 4.5, -3.03], "size": [2, 3, 0], "uv": [27, 26]}
					]
				},
				{
					"name": "pupil_left",
					"parent": "eye_left",
					"pivot": [2.5, 6, -3.04],
					"cubes": [
						{"origin": [2, 5, -3.04], "size": [1, 2, 0], "uv": [0, 17]}
					]
				},
				{
					"name": "eyelid_left",
					"parent": "eye_left",
					"pivot": [2.5, 6, -2.94],
					"cubes": [
						{"origin": [2, 5, -2.94], "size": [1, 2, 0], "uv": [29, 29]}
					]
				},
				{
					"name": "arm_right",
					"parent": "body",
					"pivot": [-1.5, 4, 0],
					"cubes": [
						{"origin": [-2, 3, -0.5], "size": [1, 1, 1], "uv": [26, 12]},
						{"origin": [-5, 2, -0.5], "size": [3, 2, 1], "uv": [8, 24]}
					]
				},
				{
					"name": "arm_right2",
					"parent": "arm_right",
					"pivot": [-5, 2, 0],
					"cubes": [
						{"origin": [-7, 2, -0.5], "size": [2, 2, 1], "inflate": 0.01, "uv": [14, 27]}
					]
				},
				{
					"name": "arm_right3",
					"parent": "arm_right2",
					"pivot": [-7, 2, 0],
					"cubes": [
						{"origin": [-9, 2, -0.5], "size": [2, 2, 1], "uv": [0, 0]}
					]
				},
				{
					"name": "arm_left",
					"parent": "body",
					"pivot": [1.5, 4, 0],
					"cubes": [
						{"origin": [1, 3, -0.5], "size": [1, 1, 1], "uv": [22, 4]},
						{"origin": [2, 2, -0.5], "size": [3, 2, 1], "uv": [23, 15]}
					]
				},
				{
					"name": "arm_left2",
					"parent": "arm_left",
					"pivot": [5, 2, 0],
					"cubes": [
						{"origin": [5, 2, -0.5], "size": [2, 2, 1], "inflate": 0.01, "uv": [8, 27]}
					]
				},
				{
					"name": "arm_left3",
					"parent": "arm_left2",
					"pivot": [7, 2, 0],
					"cubes": [
						{"origin": [7, 2, -0.5], "size": [2, 2, 1], "uv": [0, 3]}
					]
				},
				{
					"name": "foot_right",
					"parent": "manaphy",
					"pivot": [-1, 0.5, 0],
					"cubes": [
						{"origin": [-1.5, 0, -1], "size": [1, 1, 2], "uv": [26, 9]}
					]
				},
				{
					"name": "foot_left",
					"parent": "manaphy",
					"pivot": [1, 0.5, 0],
					"cubes": [
						{"origin": [0.5, 0, -1], "size": [1, 1, 2], "uv": [24, 18]}
					]
				}
			]
		}
	]
}