{
	"format_version": "1.12.0",
	"minecraft:geometry": [
		{
			"description": {
				"identifier": "geometry.unknown",
				"texture_width": 128,
				"texture_height": 128,
				"visible_bounds_width": 3,
				"visible_bounds_height": 3.5,
				"visible_bounds_offset": [0, 1.25, 0]
			},
			"bones": [
				{
					"name": "mareanie",
					"pivot": [0, 0, 0]
				},
				{
					"name": "body_bot",
					"parent": "mareanie",
					"pivot": [0, 0, 0],
					"cubes": [
						{"origin": [-3, 0, -3], "size": [6, 6, 6], "uv": [54, 0]}
					]
				},
				{
					"name": "flilett_bot",
					"parent": "body_bot",
					"pivot": [0, 6, 3]
				},
				{
					"name": "back_f",
					"parent": "flilett_bot",
					"pivot": [0, 6, 3],
					"cubes": [
						{"origin": [-4, 2, 3], "size": [8, 4, 0], "pivot": [0, 6, 3], "rotation": [10, 0, 0], "uv": [74, 49]}
					]
				},
				{
					"name": "bone4",
					"parent": "back_f",
					"pivot": [0, 2.025, 3.725],
					"rotation": [37.5, 0, 0],
					"cubes": [
						{"origin": [-4, -0.98888, 3.02806], "size": [8, 3, 0], "pivot": [0, 6.01112, 3.02806], "rotation": [10, 0, 0], "uv": [35, 59]}
					]
				},
				{
					"name": "right_f",
					"parent": "flilett_bot",
					"pivot": [-3, 6, 0],
					"rotation": [0, 90, 0],
					"cubes": [
						{"origin": [-7, 2, 0], "size": [8, 4, 0], "pivot": [-3, 6, 0], "rotation": [-10, 0, 0], "uv": [33, 0]}
					]
				},
				{
					"name": "bone8",
					"parent": "right_f",
					"pivot": [-3, 2.025, -0.725],
					"rotation": [-37.5, 0, 0],
					"cubes": [
						{"origin": [-7, -0.98888, -0.02806], "size": [8, 3, 0], "pivot": [-3, 6.01112, -0.02806], "rotation": [-10, 0, 0], "uv": [50, 49]}
					]
				},
				{
					"name": "left_f",
					"parent": "flilett_bot",
					"pivot": [3, 6, 0],
					"rotation": [0, -90, 0],
					"cubes": [
						{"origin": [-1, 2, 0], "size": [8, 4, 0], "pivot": [3, 6, 0], "rotation": [-10, 0, 0], "uv": [74, 39]}
					]
				},
				{
					"name": "bone6",
					"parent": "left_f",
					"pivot": [3, 2.025, -0.725],
					"rotation": [-37.5, 0, 0],
					"cubes": [
						{"origin": [-1, -0.98888, -0.02806], "size": [8, 3, 0], "pivot": [3, 6.01112, -0.02806], "rotation": [-10, 0, 0], "uv": [54, 12]}
					]
				},
				{
					"name": "front_f",
					"parent": "flilett_bot",
					"pivot": [0, 6, -3],
					"cubes": [
						{"origin": [-4, 2, -3], "size": [8, 4, 0], "pivot": [0, 6, -3], "rotation": [-10, 0, 0], "uv": [74, 53]}
					]
				},
				{
					"name": "bone2",
					"parent": "front_f",
					"pivot": [0, 2.025, -3.725],
					"rotation": [-37.5, 0, 0],
					"cubes": [
						{"origin": [-4, -0.98888, -3.02806], "size": [8, 3, 0], "pivot": [0, 6.01112, -3.02806], "rotation": [-10, 0, 0], "uv": [65, 66]}
					]
				},
				{
					"name": "body_top",
					"parent": "body_bot",
					"pivot": [0, 6, 0],
					"cubes": [
						{"origin": [-2, 6, -2], "size": [4, 4, 4], "uv": [36, 71]}
					]
				},
				{
					"name": "flilett_top",
					"parent": "body_top",
					"pivot": [0, 10, -2],
					"cubes": [
						{"origin": [1.93875, 6.34168, -3], "size": [0, 4, 6], "pivot": [2.93875, 10.34168, 0], "rotation": [0, 0, -20], "uv": [0, 13], "mirror": true},
						{"origin": [-3, 6, 2], "size": [6, 4, 0], "pivot": [0, 10, 2], "rotation": [17.5, 0, 0], "uv": [24, 20]},
						{"origin": [-1.93875, 6.34168, -3], "size": [0, 4, 6], "pivot": [-2.93875, 10.34168, 0], "rotation": [0, 0, 20], "uv": [0, 13]},
						{"origin": [-3, 6, -2], "size": [6, 4, 0], "pivot": [0, 10, -2], "rotation": [-17.5, 0, 0], "uv": [24, 20]}
					]
				},
				{
					"name": "head",
					"parent": "body_top",
					"pivot": [0, 10.5, 0],
					"cubes": [
						{"origin": [-3.5, 10, -3.5], "size": [7, 7, 7], "uv": [53, 52]}
					]
				},
				{
					"name": "bone27",
					"parent": "head",
					"pivot": [0, 11.3, -3.525],
					"cubes": [
						{"origin": [-0.975, 10, -3.55], "size": [2, 1, 0], "uv": [22, 36]},
						{"origin": [1.025, 11, -3.55], "size": [2, 1, 0], "uv": [6, 1]},
						{"origin": [-2.975, 11, -3.55], "size": [2, 1, 0], "uv": [6, 0]}
					]
				},
				{
					"name": "bone28",
					"parent": "bone27",
					"pivot": [0, 11, -3.525],
					"cubes": [
						{"origin": [-0.5, 10.5, -3.525], "size": [1, 1, 0], "pivot": [0, 11, -3.525], "rotation": [0, 0, 45], "uv": [24, 15]}
					]
				},
				{
					"name": "bone29",
					"parent": "bone28",
					"pivot": [-2, 11, -3.525],
					"cubes": [
						{"origin": [-2.5, 10.5, -3.525], "size": [1, 1, 0], "pivot": [-2, 11, -3.525], "rotation": [0, 0, 45], "uv": [9, 5]}
					]
				},
				{
					"name": "bone30",
					"parent": "bone29",
					"pivot": [-2, 11, -3.525],
					"cubes": [
						{"origin": [1.5, 10.5, -3.525], "size": [1, 1, 0], "pivot": [2, 11, -3.525], "rotation": [0, 0, 45], "uv": [8, 4]}
					]
				},
				{
					"name": "eye_right",
					"parent": "head",
					"pivot": [-2.5, 0, -2.5],
					"cubes": [
						{"origin": [-3.5, 12, -3.525], "size": [2, 3, 0], "uv": [6, 8]},
						{"origin": [-3.525, 14.175, -3.6], "size": [3, 1, 0], "pivot": [-2, 14.5, -3.6], "rotation": [0, 0, -6.5], "uv": [0, 9]},
						{"origin": [-2.8, 12.575, -3.55], "size": [1, 2, 0], "uv": [0, 0]},
						{"origin": [-2.8, 12.575, -3.85], "size": [1, 2, 1], "inflate": -0.275, "uv": [6, 5]}
					]
				},
				{
					"name": "eye_left",
					"parent": "head",
					"pivot": [2.5, 0, -2.5],
					"cubes": [
						{"origin": [1.5, 12, -3.525], "size": [2, 3, 0], "uv": [39, 4]},
						{"origin": [0.525, 14.175, -3.6], "size": [3, 1, 0], "pivot": [2, 14.5, -3.6], "rotation": [0, 0, 6.5], "uv": [0, 10]},
						{"origin": [1.8, 12.575, -3.55], "size": [1, 2, 0], "uv": [8, 2]},
						{"origin": [1.8, 12.575, -3.85], "size": [1, 2, 1], "inflate": -0.275, "uv": [22, 33]}
					]
				},
				{
					"name": "hair_all",
					"parent": "head",
					"pivot": [4.5, -1, -4.5]
				},
				{
					"name": "haircone",
					"parent": "hair_all",
					"pivot": [4.5, -3, -4.5],
					"cubes": [
						{"origin": [-4, 20.725, -4], "size": [8, 2, 8], "uv": [46, 18]},
						{"origin": [-5.5, 16.725, -5.5], "size": [11, 4, 11], "uv": [0, 0]}
					]
				},
				{
					"name": "mid_flower",
					"parent": "haircone",
					"pivot": [0, 24.975, 0],
					"rotation": [0, -45, 0],
					"cubes": [
						{"origin": [-1, 24.725, -1], "size": [2, 3, 2], "uv": [0, 0]},
						{"origin": [-1.5, 22.725, -1.5], "size": [3, 2, 3], "uv": [24, 15]},
						{"origin": [-1.5, 22.725, -1.5], "size": [0, 3, 3], "pivot": [-1.5, 22.725, 0], "rotation": [0, 0, -27.5], "uv": [30, 21]},
						{"origin": [1.5, 22.725, -1.5], "size": [0, 3, 3], "pivot": [1.5, 22.725, 0], "rotation": [0, 0, 27.5], "uv": [24, 21]},
						{"origin": [-1.5, 22.725, -1.525], "size": [3, 3, 0], "pivot": [0, 22.725, -1.525], "rotation": [27.5, 0, 0], "uv": [64, 15]},
						{"origin": [-1.5, 22.725, 1.525], "size": [3, 3, 0], "pivot": [0, 22.725, 1.525], "rotation": [-27.5, 0, 0], "uv": [54, 40]}
					]
				},
				{
					"name": "left_hair",
					"parent": "haircone",
					"pivot": [4.125, 20.275, 0],
					"rotation": [0, 90, 0]
				},
				{
					"name": "back_hair5",
					"parent": "left_hair",
					"pivot": [4.125, 20.275, 0],
					"rotation": [-42.25, 0, 0],
					"cubes": [
						{"origin": [1.605, 18.53478, 0.72237], "size": [5, 3, 4], "uv": [70, 19]}
					]
				},
				{
					"name": "spike13",
					"parent": "back_hair5",
					"pivot": [7.575, -0.725, 10.775],
					"cubes": [
						{"origin": [2.6, 21.53478, 2.60263], "size": [3, 4, 0], "uv": [109, 5]},
						{"origin": [4.1, 21.53478, 1.10263], "size": [0, 4, 3], "uv": [109, 2]}
					]
				},
				{
					"name": "bone22",
					"parent": "back_hair5",
					"pivot": [4.125, 20.55978, 4.69737],
					"rotation": [-35, 0, 0],
					"cubes": [
						{"origin": [1.62, 18.3628, 4.16861], "size": [5, 3, 12], "inflate": 0.01, "uv": [0, 30]}
					]
				},
				{
					"name": "spike16",
					"parent": "bone22",
					"pivot": [7.575, -0.725, 10.775],
					"cubes": [
						{"origin": [2.7, 21.53478, 7.60263], "size": [3, 3, 0], "uv": [109, 13]},
						{"origin": [4.2, 21.40978, 6.10263], "size": [0, 3, 3], "uv": [109, 10]}
					]
				},
				{
					"name": "bone26",
					"parent": "bone22",
					"pivot": [4.6575, 21.66226, 16.09787],
					"rotation": [20, 0, 0],
					"cubes": [
						{"origin": [1.645, 18.56226, 15.04787], "size": [5, 3, 5], "inflate": 0.02, "uv": [20, 59]}
					]
				},
				{
					"name": "spike19",
					"parent": "bone26",
					"pivot": [-3.525, 20.03478, -24.49737],
					"rotation": [90, 0, 0],
					"cubes": [
						{"origin": [2.675, -26.46522, -24.49737], "size": [3, 3, 0], "pivot": [4.475, -24.96522, -24.49737], "rotation": [180, 0, 0], "uv": [109, 21]},
						{"origin": [4.175, -26.46522, -25.99737], "size": [0, 3, 3], "pivot": [4.475, -24.96522, -24.49737], "rotation": [180, 0, 0], "uv": [109, 18]}
					]
				},
				{
					"name": "right_hair",
					"parent": "haircone",
					"pivot": [-4.125, 20.275, 0],
					"rotation": [0, -90, 0]
				},
				{
					"name": "back_hair4",
					"parent": "right_hair",
					"pivot": [-4.125, 20.275, 0],
					"rotation": [-42.25, 0, 0],
					"cubes": [
						{"origin": [-6.605, 18.53478, 0.72237], "size": [5, 3, 4], "uv": [70, 19]}
					]
				},
				{
					"name": "bone24",
					"parent": "back_hair4",
					"pivot": [-4.125, 20.55978, 4.69737],
					"rotation": [-35, 0, 0],
					"cubes": [
						{"origin": [-6.62, 18.3628, 4.16861], "size": [5, 3, 12], "inflate": 0.01, "uv": [0, 30]}
					]
				},
				{
					"name": "spike15",
					"parent": "bone24",
					"pivot": [7.575, -0.875, 10.775],
					"cubes": [
						{"origin": [-5.6, 21.38478, 7.60263], "size": [3, 3, 0], "uv": [109, 13]},
						{"origin": [-4.1, 21.38478, 6.10263], "size": [0, 3, 3], "uv": [109, 10]}
					]
				},
				{
					"name": "bone25",
					"parent": "bone24",
					"pivot": [-4.6575, 21.66226, 16.09787],
					"rotation": [20, 0, 0],
					"cubes": [
						{"origin": [-6.645, 18.56226, 15.04787], "size": [5, 3, 5], "inflate": 0.02, "uv": [20, 59]}
					]
				},
				{
					"name": "spike21",
					"parent": "bone25",
					"pivot": [-3.525, 20.03478, -25.44737],
					"rotation": [90, 0, 0],
					"cubes": [
						{"origin": [-5.625, -25.44022, -25.44737], "size": [3, 3, 0], "pivot": [4.475, -24.96522, -25.44737], "rotation": [180, 0, 0], "uv": [109, 21]},
						{"origin": [-4.125, -25.44022, -26.94737], "size": [0, 3, 3], "pivot": [4.475, -24.96522, -25.44737], "rotation": [180, 0, 0], "uv": [109, 18]}
					]
				},
				{
					"name": "spike14",
					"parent": "back_hair4",
					"pivot": [7.575, -0.725, 10.775],
					"cubes": [
						{"origin": [-5.6, 21.53478, 2.60263], "size": [3, 4, 0], "uv": [109, 5]},
						{"origin": [-4.1, 21.53478, 1.10263], "size": [0, 4, 3], "uv": [109, 2]}
					]
				},
				{
					"name": "hair_back",
					"parent": "haircone",
					"pivot": [3.475, 18, 3.7]
				},
				{
					"name": "hair_side_left2",
					"parent": "hair_back",
					"pivot": [3.475, 18, 3.7],
					"rotation": [0, 50, 0]
				},
				{
					"name": "back_hair2",
					"parent": "hair_side_left2",
					"pivot": [4.6, 20.275, 2.525],
					"rotation": [-42.25, 0, 0],
					"cubes": [
						{"origin": [1.0925, 18.53478, 3.24737], "size": [5, 3, 5], "uv": [50, 66]}
					]
				},
				{
					"name": "bone17",
					"parent": "back_hair2",
					"pivot": [3.5825, 21.58461, 8.25649],
					"rotation": [-35, 0, 0],
					"cubes": [
						{"origin": [1.1075, 18.52856, 8.2876], "size": [5, 3, 10], "inflate": 0.01, "uv": [0, 45]}
					]
				},
				{
					"name": "spike12",
					"parent": "bone17",
					"pivot": [7.575, -0.725, 10.775],
					"cubes": [
						{"origin": [1.975, 21.53478, 11.60263], "size": [3, 3, 0], "uv": [109, 13]},
						{"origin": [3.475, 21.53478, 10.10263], "size": [0, 3, 3], "uv": [109, 10]}
					]
				},
				{
					"name": "bone18",
					"parent": "bone17",
					"pivot": [3.5825, 21.66226, 18.27287],
					"rotation": [20, 0, 0],
					"cubes": [
						{"origin": [1.0825, 18.56226, 17.22287], "size": [5, 3, 5], "inflate": 0.02, "uv": [0, 66]}
					]
				},
				{
					"name": "spike20",
					"parent": "bone18",
					"pivot": [-3.525, 20.03478, -23.67237],
					"rotation": [90, 0, 0],
					"cubes": [
						{"origin": [2.075, -30.06522, -23.67237], "size": [3, 3, 0], "pivot": [3.575, -27.96522, -23.67237], "rotation": [180, 0, 0], "uv": [109, 21]},
						{"origin": [3.575, -30.06522, -25.17237], "size": [0, 3, 3], "pivot": [3.575, -27.96522, -23.67237], "rotation": [180, 0, 0], "uv": [109, 18]}
					]
				},
				{
					"name": "spike9",
					"parent": "back_hair2",
					"pivot": [7.575, -0.725, 10.775],
					"cubes": [
						{"origin": [1.975, 21.53478, 6.60263], "size": [3, 4, 0], "uv": [109, 5]},
						{"origin": [3.475, 21.53478, 5.10263], "size": [0, 4, 3], "uv": [109, 2]}
					]
				},
				{
					"name": "hair_side_right2",
					"parent": "hair_back",
					"pivot": [-3.475, 18, 3.7],
					"rotation": [0, -50, 0]
				},
				{
					"name": "back_hair3",
					"parent": "hair_side_right2",
					"pivot": [-4.6, 20.275, 2.525],
					"rotation": [-42.25, 0, 0],
					"cubes": [
						{"origin": [-6.0925, 18.53478, 3.24737], "size": [5, 3, 5], "uv": [50, 66]}
					]
				},
				{
					"name": "spike10",
					"parent": "back_hair3",
					"pivot": [0.575, -0.725, 23.775],
					"cubes": [
						{"origin": [-5.025, 21.53478, 6.60263], "size": [3, 4, 0], "uv": [109, 5]},
						{"origin": [-3.525, 21.53478, 5.10263], "size": [0, 4, 3], "uv": [109, 2]}
					]
				},
				{
					"name": "bone19",
					"parent": "back_hair3",
					"pivot": [-3.5825, 21.58461, 8.25649],
					"rotation": [-35, 0, 0],
					"cubes": [
						{"origin": [-6.1075, 18.52856, 8.2876], "size": [5, 3, 10], "inflate": 0.01, "uv": [0, 45]}
					]
				},
				{
					"name": "bone20",
					"parent": "bone19",
					"pivot": [-3.5825, 21.66226, 18.27287],
					"rotation": [20, 0, 0],
					"cubes": [
						{"origin": [-6.0825, 18.56226, 17.22287], "size": [5, 3, 5], "inflate": 0.02, "uv": [0, 66]}
					]
				},
				{
					"name": "spike22",
					"parent": "bone20",
					"pivot": [-3.525, 20.03478, -23.67237],
					"rotation": [90, 0, 0],
					"cubes": [
						{"origin": [-5.075, -30.06522, -23.67237], "size": [3, 3, 0], "pivot": [3.575, -27.96522, -23.67237], "rotation": [180, 0, 0], "uv": [109, 21]},
						{"origin": [-3.575, -30.06522, -25.17237], "size": [0, 3, 3], "pivot": [3.575, -27.96522, -23.67237], "rotation": [180, 0, 0], "uv": [109, 18]}
					]
				},
				{
					"name": "spike11",
					"parent": "bone19",
					"pivot": [7.575, -0.725, 10.775],
					"cubes": [
						{"origin": [-5.025, 21.53478, 11.60263], "size": [3, 3, 0], "uv": [109, 13]},
						{"origin": [-3.525, 21.53478, 10.10263], "size": [0, 3, 3], "uv": [109, 10]}
					]
				},
				{
					"name": "back_hair",
					"parent": "hair_back",
					"pivot": [0.5, 20.275, 4.175],
					"rotation": [-42.25, 0, 0],
					"cubes": [
						{"origin": [-2.98, 18.53478, 4.89737], "size": [6, 3, 3], "uv": [72, 0]}
					]
				},
				{
					"name": "spike3",
					"parent": "back_hair",
					"pivot": [4, -0.725, 9.775],
					"cubes": [
						{"origin": [-1.5, 21.53478, 6.60263], "size": [3, 4, 0], "uv": [109, 5]},
						{"origin": [0, 21.53478, 5.10263], "size": [0, 4, 3], "uv": [109, 2]}
					]
				},
				{
					"name": "bone21",
					"parent": "back_hair",
					"pivot": [0.5, 20.55978, 7.87237],
					"rotation": [-35, 0, 0],
					"cubes": [
						{"origin": [-2.995, 18.3628, 7.34361], "size": [6, 3, 12], "inflate": 0.01, "uv": [0, 15]}
					]
				},
				{
					"name": "bone23",
					"parent": "bone21",
					"pivot": [-0.0325, 21.66226, 19.27287],
					"rotation": [20, 0, 0],
					"cubes": [
						{"origin": [-3.02, 18.56226, 18.22287], "size": [6, 3, 5], "inflate": 0.02, "uv": [22, 33]}
					]
				},
				{
					"name": "spike23",
					"parent": "bone23",
					"pivot": [-3.525, 20.03478, -24.29737],
					"rotation": [90, 0, 0],
					"cubes": [
						{"origin": [-1.5, -22.46522, -24.29737], "size": [3, 3, 0], "pivot": [4.3, -24.96522, -24.29737], "rotation": [180, 0, 0], "uv": [109, 21]},
						{"origin": [0, -22.46522, -25.79737], "size": [0, 3, 3], "pivot": [4.3, -24.96522, -24.29737], "rotation": [180, 0, 0], "uv": [109, 18]}
					]
				},
				{
					"name": "spike4",
					"parent": "bone21",
					"pivot": [4, -0.725, 9.775],
					"cubes": [
						{"origin": [-1.5, 21.38478, 10.60263], "size": [3, 3, 0], "uv": [109, 13]},
						{"origin": [0, 21.38478, 9.10263], "size": [0, 3, 3], "uv": [109, 10]}
					]
				},
				{
					"name": "hair_front",
					"parent": "haircone",
					"pivot": [3.475, 18, -3.7]
				},
				{
					"name": "hair_side_left",
					"parent": "hair_front",
					"pivot": [3.475, 18, -3.7],
					"rotation": [0, -50, 0]
				},
				{
					"name": "front_hair2",
					"parent": "hair_side_left",
					"pivot": [4.6, 20.275, -2.525],
					"rotation": [42.25, 0, 0],
					"cubes": [
						{"origin": [1.0925, 18.53478, -8.24737], "size": [5, 3, 5], "uv": [54, 28]}
					]
				},
				{
					"name": "spike5",
					"parent": "front_hair2",
					"pivot": [7.575, -0.725, 10.775],
					"cubes": [
						{"origin": [1.975, 21.53478, -6.39737], "size": [3, 4, 0], "uv": [109, 5]},
						{"origin": [3.475, 21.53478, -7.89737], "size": [0, 4, 3], "uv": [109, 2]}
					]
				},
				{
					"name": "bone13",
					"parent": "front_hair2",
					"pivot": [3.5825, 21.58461, -8.25649],
					"rotation": [35, 0, 0],
					"cubes": [
						{"origin": [1.1075, 18.52856, -18.2876], "size": [5, 3, 10], "inflate": 0.01, "uv": [34, 5]}
					]
				},
				{
					"name": "spike6",
					"parent": "bone13",
					"pivot": [7.575, -0.725, 10.775],
					"cubes": [
						{"origin": [1.975, 21.53478, -11.39737], "size": [3, 3, 0], "uv": [109, 13]},
						{"origin": [3.475, 21.53478, -12.89737], "size": [0, 3, 3], "uv": [109, 10]}
					]
				},
				{
					"name": "bone15",
					"parent": "bone13",
					"pivot": [3.5825, 21.66226, -18.27287],
					"rotation": [-20, 0, 0],
					"cubes": [
						{"origin": [1.0825, 18.56226, -22.22287], "size": [5, 3, 5], "inflate": 0.02, "uv": [20, 46]}
					]
				},
				{
					"name": "spike17",
					"parent": "bone15",
					"pivot": [-3.525, 20.03478, -23.72237],
					"rotation": [90, 0, 0],
					"cubes": [
						{"origin": [2.075, 18.53478, -23.72237], "size": [3, 3, 0], "uv": [109, 21]},
						{"origin": [3.575, 18.53478, -25.22237], "size": [0, 3, 3], "uv": [109, 18]}
					]
				},
				{
					"name": "hair_side_right",
					"parent": "hair_front",
					"pivot": [-3.475, 18, -3.7],
					"rotation": [0, 50, 0]
				},
				{
					"name": "front_hair3",
					"parent": "hair_side_right",
					"pivot": [-4.6, 20.275, -2.525],
					"rotation": [42.25, 0, 0],
					"cubes": [
						{"origin": [-6.0925, 18.53478, -8.24737], "size": [5, 3, 5], "uv": [54, 28]}
					]
				},
				{
					"name": "spike7",
					"parent": "front_hair3",
					"pivot": [7.575, -0.725, 10.775],
					"cubes": [
						{"origin": [-5.025, 21.53478, -6.39737], "size": [3, 4, 0], "uv": [109, 5]},
						{"origin": [-3.525, 21.53478, -7.89737], "size": [0, 4, 3], "uv": [109, 2]}
					]
				},
				{
					"name": "bone14",
					"parent": "front_hair3",
					"pivot": [-3.5825, 21.58461, -8.25649],
					"rotation": [35, 0, 0],
					"cubes": [
						{"origin": [-6.1075, 18.52856, -18.2876], "size": [5, 3, 10], "inflate": 0.01, "uv": [34, 5]}
					]
				},
				{
					"name": "spike8",
					"parent": "bone14",
					"pivot": [7.575, -0.725, 10.775],
					"cubes": [
						{"origin": [-5.025, 21.53478, -11.39737], "size": [3, 3, 0], "uv": [109, 13]},
						{"origin": [-3.525, 21.53478, -12.89737], "size": [0, 3, 3], "uv": [109, 10]}
					]
				},
				{
					"name": "bone16",
					"parent": "bone14",
					"pivot": [-3.5825, 21.66226, -18.27287],
					"rotation": [-20, 0, 0],
					"cubes": [
						{"origin": [-6.0825, 18.56226, -22.22287], "size": [5, 3, 5], "inflate": 0.02, "uv": [20, 46]}
					]
				},
				{
					"name": "spike18",
					"parent": "bone16",
					"pivot": [-3.525, 20.03478, -23.72237],
					"rotation": [90, 0, 0],
					"cubes": [
						{"origin": [-5.025, 18.53478, -23.72237], "size": [3, 3, 0], "uv": [109, 21]},
						{"origin": [-3.525, 18.53478, -25.22237], "size": [0, 3, 3], "uv": [109, 18]}
					]
				},
				{
					"name": "front_hair",
					"parent": "hair_front",
					"pivot": [0.5, 20.275, -4.175],
					"rotation": [42.25, 0, 0],
					"cubes": [
						{"origin": [-2.4925, 18.53478, -7.89737], "size": [5, 3, 3], "uv": [0, 74]}
					]
				},
				{
					"name": "spike",
					"parent": "front_hair",
					"pivot": [4, -0.725, 9.775],
					"cubes": [
						{"origin": [-1.5, 21.53478, -6.39737], "size": [3, 4, 0], "uv": [109, 5]},
						{"origin": [0, 21.53478, -7.89737], "size": [0, 4, 3], "uv": [109, 2]}
					]
				},
				{
					"name": "bone11",
					"parent": "front_hair",
					"pivot": [0.5, 20.55978, -7.87237],
					"rotation": [35, 0, 0],
					"cubes": [
						{"origin": [-2.5075, 18.3628, -12.34361], "size": [5, 3, 5], "inflate": 0.01, "uv": [65, 69]}
					]
				},
				{
					"name": "spike2",
					"parent": "bone11",
					"pivot": [4, -0.925, 8.775],
					"cubes": [
						{"origin": [-1.5, 21.33478, -10.39737], "size": [3, 3, 0], "uv": [109, 13]},
						{"origin": [0, 21.33478, -11.89737], "size": [0, 3, 3], "uv": [109, 10]}
					]
				}
			]
		}
	]
}