{
	"format_version": "1.12.0",
	"minecraft:geometry": [
		{
			"description": {
				"identifier": "geometry.mimikyu_male",
				"texture_width": 128,
				"texture_height": 128,
				"visible_bounds_width": 4,
				"visible_bounds_height": 2.5,
				"visible_bounds_offset": [0, 0.75, 0]
			},
			"bones": [
				{
					"name": "mimikyu",
					"pivot": [0, 0, 0]
				},
				{
					"name": "body",
					"parent": "mimikyu",
					"pivot": [0, 0, 0]
				},
				{
					"name": "torso_top",
					"parent": "body",
					"pivot": [0, 5, 0.25],
					"cubes": [
						{"origin": [-2.5, 4, -1.75], "size": [5, 3, 4], "uv": [30, 34]}
					]
				},
				{
					"name": "bow",
					"parent": "torso_top",
					"pivot": [0, 5.75, -2.25],
					"rotation": [-5, 0, 0],
					"cubes": [
						{"origin": [-3, 4.25, -2.25], "size": [3, 4, 0], "pivot": [0, 4.25, -2.25], "rotation": [0, -27.5, 0], "uv": [6, 55]},
						{"origin": [0, 4.25, -2.25], "size": [3, 4, 0], "pivot": [0, 4.25, -2.25], "rotation": [0, 27.5, 0], "uv": [6, 59]}
					]
				},
				{
					"name": "bow_right",
					"parent": "bow",
					"pivot": [0, 5.25, -2.25],
					"cubes": [
						{"origin": [-3, 4.25, -2.25], "size": [3, 2, 0], "uv": [0, 71]}
					]
				},
				{
					"name": "bow_right_bend",
					"parent": "bow_right",
					"pivot": [-3, 6.25, -2.25],
					"cubes": [
						{"origin": [-7, 4.25, -2.25], "size": [4, 2, 0], "inflate": 0.01, "uv": [6, 71]}
					]
				},
				{
					"name": "bow_right_mid",
					"parent": "bow_right_bend",
					"pivot": [-7, 6.25, -2.25],
					"cubes": [
						{"origin": [-11, 4.25, -2.25], "size": [4, 2, 0], "uv": [14, 71]}
					]
				},
				{
					"name": "bow_right_mid_bend",
					"parent": "bow_right_mid",
					"pivot": [-11, 4.25, -2.25],
					"cubes": [
						{"origin": [-16, 4.25, -2.25], "size": [5, 2, 0], "inflate": 0.01, "uv": [22, 71]}
					]
				},
				{
					"name": "bow_right_end",
					"parent": "bow_right_mid_bend",
					"pivot": [-16, 5.25, -2.25],
					"cubes": [
						{"origin": [-19, 3.75, -2.25], "size": [3, 3, 0], "uv": [32, 71]}
					]
				},
				{
					"name": "bow_right_end_bend",
					"parent": "bow_right_end",
					"pivot": [-19, 5.25, -2.25],
					"cubes": [
						{"origin": [-23, 3.75, -2.25], "size": [4, 3, 0], "inflate": 0.01, "uv": [38, 71]}
					]
				},
				{
					"name": "bow_left",
					"parent": "bow",
					"pivot": [0, 5.25, -2.25],
					"cubes": [
						{"origin": [0, 4.25, -2.25], "size": [3, 2, 0], "uv": [0, 68], "mirror": true}
					]
				},
				{
					"name": "bow_left_bend",
					"parent": "bow_left",
					"pivot": [3, 6.25, -2.25],
					"cubes": [
						{"origin": [3, 4.25, -2.25], "size": [4, 2, 0], "inflate": 0.01, "uv": [6, 68], "mirror": true}
					]
				},
				{
					"name": "bow_left_mid",
					"parent": "bow_left_bend",
					"pivot": [7, 4.25, -2.25],
					"cubes": [
						{"origin": [7, 4.25, -2.25], "size": [4, 2, 0], "uv": [14, 68], "mirror": true}
					]
				},
				{
					"name": "bow_left_mid_bend",
					"parent": "bow_left_mid",
					"pivot": [11, 4.25, -2.25],
					"cubes": [
						{"origin": [11, 4.25, -2.25], "size": [5, 2, 0], "inflate": 0.01, "uv": [22, 68], "mirror": true}
					]
				},
				{
					"name": "bow_left_end",
					"parent": "bow_left_mid_bend",
					"pivot": [16, 5.25, -2.25],
					"cubes": [
						{"origin": [16, 3.75, -2.25], "size": [3, 3, 0], "uv": [32, 68], "mirror": true}
					]
				},
				{
					"name": "bow_left_end_bend",
					"parent": "bow_left_end",
					"pivot": [19, 5.25, -2.25],
					"cubes": [
						{"origin": [19, 3.75, -2.25], "size": [4, 3, 0], "inflate": 0.01, "uv": [38, 68], "mirror": true}
					]
				},
				{
					"name": "head",
					"parent": "torso_top",
					"pivot": [0, 6.5, 0.25],
					"cubes": [
						{"origin": [-4.5, 6.5, -3.75], "size": [9, 8, 8], "uv": [0, 11]},
						{"origin": [-2.75, 7, -3.75], "size": [6, 2, 0], "inflate": 0.01, "uv": [10, 38]}
					]
				},
				{
					"name": "fake_eyes",
					"parent": "head",
					"pivot": [-0.1, 10.875, -3.8],
					"cubes": [
						{"origin": [1.4, 9.5, -3.75], "size": [2, 3, 0], "inflate": 0.01, "pivot": [2.4, 11, -3.75], "rotation": [0, 0, -2.5], "uv": [30, 34]},
						{"origin": [1.4, 10, -3.75], "size": [2, 2, 0], "inflate": 0.02, "pivot": [2.4, 11, -3.75], "rotation": [0, 0, -2.5], "uv": [45, 3]},
						{"origin": [-3.35, 9, -3.75], "size": [2, 2, 0], "inflate": 0.01, "pivot": [2.4, 11, -3.75], "rotation": [0, 0, 2.5], "uv": [22, 38]},
						{"origin": [-3.85, 9.5, -3.75], "size": [2, 2, 0], "inflate": 0.02, "pivot": [2.4, 11, -3.75], "rotation": [0, 0, 2.5], "uv": [35, 9]}
					]
				},
				{
					"name": "ear_right1",
					"parent": "head",
					"pivot": [-3, 12.75, 0.5],
					"rotation": [0, 0, -40],
					"cubes": [
						{"origin": [-5.5, 12.75, 0.5], "size": [5, 4, 0], "uv": [0, 43]}
					]
				},
				{
					"name": "ear_tuft_right",
					"parent": "ear_right1",
					"pivot": [-3.5, 13.75, 0.5],
					"rotation": [17.5, 0, -30],
					"cubes": [
						{"origin": [-5.5, 13.75, 0.5], "size": [3, 4, 0], "uv": [0, 47]}
					]
				},
				{
					"name": "ear_right2",
					"parent": "ear_right1",
					"pivot": [-0.5, 16.75, 0.5],
					"cubes": [
						{"origin": [-5.5, 16.75, 0.5], "size": [5, 5, 0], "inflate": 0.01, "uv": [40, 24]}
					]
				},
				{
					"name": "ear_left1",
					"parent": "head",
					"pivot": [3, 12.75, -0.25],
					"rotation": [0, 0, 40],
					"cubes": [
						{"origin": [0.5, 12.75, -0.25], "size": [5, 4, 0], "uv": [37, 41]}
					]
				},
				{
					"name": "ear_bow",
					"parent": "ear_left1",
					"pivot": [3, 13.75, -0.25],
					"cubes": [
						{"origin": [0, 13.75, -0.25], "size": [3, 4, 0], "pivot": [3, 13.75, -0.25], "rotation": [0, -27.5, 0], "uv": [0, 55]},
						{"origin": [3, 13.75, -0.25], "size": [3, 4, 0], "pivot": [3, 13.75, -0.25], "rotation": [0, 27.5, 0], "uv": [0, 59]}
					]
				},
				{
					"name": "ear_bow_right",
					"parent": "ear_bow",
					"pivot": [3, 14.75, -0.25],
					"cubes": [
						{"origin": [0, 13.75, -0.25], "size": [3, 2, 0], "uv": [0, 63]}
					]
				},
				{
					"name": "ear_bow_right_bend",
					"parent": "ear_bow_right",
					"pivot": [0, 15.75, -0.25],
					"cubes": [
						{"origin": [-4, 13.75, -0.25], "size": [4, 2, 0], "inflate": 0.01, "uv": [6, 63]}
					]
				},
				{
					"name": "ear_bow_right_mid",
					"parent": "ear_bow_right_bend",
					"pivot": [-4, 15.75, -0.25],
					"cubes": [
						{"origin": [-8, 13.75, -0.25], "size": [4, 2, 0], "uv": [14, 63]}
					]
				},
				{
					"name": "ear_bow_right_mid_bend",
					"parent": "ear_bow_right_mid",
					"pivot": [-8, 15.75, -0.25],
					"cubes": [
						{"origin": [-13, 13.75, -0.25], "size": [5, 2, 0], "inflate": 0.01, "uv": [22, 63]}
					]
				},
				{
					"name": "ear_bow_right_end",
					"parent": "ear_bow_right_mid_bend",
					"pivot": [-13, 14.75, -0.25],
					"cubes": [
						{"origin": [-16, 13.25, -0.25], "size": [3, 3, 0], "uv": [32, 63]}
					]
				},
				{
					"name": "ear_bow_right_end_bend",
					"parent": "ear_bow_right_end",
					"pivot": [-16, 14.75, -0.25],
					"cubes": [
						{"origin": [-20, 13.25, -0.25], "size": [4, 3, 0], "inflate": 0.01, "uv": [38, 63]}
					]
				},
				{
					"name": "ear_bow_left",
					"parent": "ear_bow",
					"pivot": [3, 14.75, -0.25],
					"cubes": [
						{"origin": [3, 13.75, -0.25], "size": [3, 2, 0], "uv": [0, 65], "mirror": true}
					]
				},
				{
					"name": "ear_bow_left_mid",
					"parent": "ear_bow_left",
					"pivot": [6, 13.75, -0.25],
					"cubes": [
						{"origin": [6, 13.75, -0.25], "size": [3, 2, 0], "inflate": 0.01, "uv": [6, 65], "mirror": true}
					]
				},
				{
					"name": "ear_bow_left_mid_bend",
					"parent": "ear_bow_left_mid",
					"pivot": [9, 13.75, -0.25],
					"cubes": [
						{"origin": [9, 13.75, -0.25], "size": [3, 2, 0], "uv": [12, 65], "mirror": true}
					]
				},
				{
					"name": "ear_bow_left_end",
					"parent": "ear_bow_left_mid_bend",
					"pivot": [12, 14.75, -0.25],
					"cubes": [
						{"origin": [12, 13.25, -0.25], "size": [3, 3, 0], "inflate": 0.01, "uv": [18, 65], "mirror": true}
					]
				},
				{
					"name": "ear_bow_left_end_bend",
					"parent": "ear_bow_left_end",
					"pivot": [15, 14.75, -0.25],
					"cubes": [
						{"origin": [15, 13.25, -0.25], "size": [4, 3, 0], "uv": [24, 65], "mirror": true}
					]
				},
				{
					"name": "ear_tuft_left",
					"parent": "ear_left1",
					"pivot": [3.5, 13.75, -0.25],
					"rotation": [17.5, 0, 30],
					"cubes": [
						{"origin": [2.5, 13.75, -0.25], "size": [3, 4, 0], "uv": [0, 51], "mirror": true}
					]
				},
				{
					"name": "ear_left2",
					"parent": "ear_left1",
					"pivot": [0.5, 16.75, -0.25],
					"cubes": [
						{"origin": [0.5, 16.75, -0.25], "size": [5, 5, 0], "inflate": 0.01, "uv": [0, 38]}
					]
				},
				{
					"name": "torso_bottom",
					"parent": "body",
					"pivot": [0, 6, 0],
					"cubes": [
						{"origin": [-3.5, 0, -3], "size": [7, 5, 6], "uv": [0, 27]},
						{"origin": [-6, 0.05, -5.5], "size": [12, 0, 11], "uv": [0, 0]}
					]
				},
				{
					"name": "tail_bottom",
					"parent": "torso_bottom",
					"pivot": [0, 0.05, 5],
					"cubes": [
						{"origin": [-2.5, 0.05, 5], "size": [5, 0, 6], "uv": [29, 3]}
					]
				},
				{
					"name": "right_torso",
					"parent": "torso_bottom",
					"pivot": [-3.5, 0.5, 0],
					"rotation": [0, 0, -7.5],
					"cubes": [
						{"origin": [-6.5, 0.5, -5], "size": [3, 0, 10], "uv": [24, 11]}
					]
				},
				{
					"name": "front_torso",
					"parent": "torso_bottom",
					"pivot": [0, 0.5, -3],
					"rotation": [7.5, 0, 0],
					"cubes": [
						{"origin": [-5.5, 0.5, -6], "size": [11, 0, 3], "uv": [32, 0]}
					]
				},
				{
					"name": "left_torso",
					"parent": "torso_bottom",
					"pivot": [3.5, 0.5, 0],
					"rotation": [0, 0, 7.5],
					"cubes": [
						{"origin": [3.5, 0.5, -5], "size": [3, 0, 10], "uv": [24, 21]}
					]
				},
				{
					"name": "back_torso",
					"parent": "torso_bottom",
					"pivot": [0, 0.5, 3],
					"rotation": [-7.5, 0, 0],
					"cubes": [
						{"origin": [-5.5, 0.5, 3], "size": [11, 0, 3], "uv": [23, 31]}
					]
				},
				{
					"name": "tail1",
					"parent": "torso_bottom",
					"pivot": [0, 1.25, 2.5],
					"cubes": [
						{"origin": [0, 0.25, 2], "size": [0, 6, 6], "uv": [12, 44]}
					]
				},
				{
					"name": "tail_bend",
					"parent": "tail1",
					"pivot": [0, 4.25, 8],
					"cubes": [
						{"origin": [0, 1.25, 8], "size": [0, 7, 9], "inflate": 0.01, "uv": [12, 47]}
					]
				},
				{
					"name": "eye_left_glare",
					"parent": "torso_bottom",
					"pivot": [1.25, 2.75, -0.025],
					"cubes": [
						{"origin": [-0.25, 0.25, -0.02], "size": [3, 5, 0], "uv": [10, 44]},
						{"origin": [-0.25, 2.25, -0.02], "size": [3, 1, 0], "inflate": 0.01, "uv": [16, 40]}
					]
				},
				{
					"name": "eye_right_glare",
					"parent": "torso_bottom",
					"pivot": [-1.25, 2.75, -0.025],
					"cubes": [
						{"origin": [-2.75, 0.25, -0.02], "size": [3, 5, 0], "uv": [0, 27]},
						{"origin": [-2.75, 2.25, -0.02], "size": [3, 1, 0], "inflate": 0.01, "uv": [0, 32]}
					]
				},
				{
					"name": "eye_right",
					"parent": "torso_bottom",
					"pivot": [-1.25, 2.75, -3.025],
					"cubes": [
						{"origin": [-1.75, 1.75, -3], "size": [1, 2, 0], "inflate": 0.01, "uv": [0, 2]}
					]
				},
				{
					"name": "eye_left",
					"parent": "torso_bottom",
					"pivot": [1.25, 2.75, -3.025],
					"cubes": [
						{"origin": [0.75, 1.75, -3], "size": [1, 2, 0], "inflate": 0.01, "uv": [0, 0]}
					]
				},
				{
					"name": "hand_right",
					"parent": "body",
					"pivot": [-3.5, 0, 0],
					"cubes": [
						{"origin": [-7.5, 0, -1], "size": [4, 0, 2], "uv": [0, 9]}
					]
				},
				{
					"name": "hand_right2",
					"parent": "hand_right",
					"pivot": [-7.5, 0, 0],
					"cubes": [
						{"origin": [-11.5, 0, -1.5], "size": [4, 0, 3], "inflate": 0.01, "uv": [37, 18]}
					]
				},
				{
					"name": "hand_right3",
					"parent": "hand_right2",
					"pivot": [-11.5, 0, 1.5],
					"cubes": [
						{"origin": [-15.5, 0, -1.5], "size": [4, 0, 3], "uv": [37, 21]}
					]
				},
				{
					"name": "hand_right4",
					"parent": "hand_right3",
					"pivot": [-15.5, 0, 0],
					"cubes": [
						{"origin": [-19.5, 0, -2], "size": [4, 0, 4], "inflate": 0.01, "uv": [36, 14]}
					]
				},
				{
					"name": "hand_right5",
					"parent": "hand_right4",
					"pivot": [-19.5, 0, 0],
					"cubes": [
						{"origin": [-23.5, 0, -2.5], "size": [4, 0, 5], "uv": [35, 9]}
					]
				},
				{
					"name": "finger_right1",
					"parent": "hand_right5",
					"pivot": [-23.25, 0, 2],
					"rotation": [0, 5, 0],
					"cubes": [
						{"origin": [-26.25, 0, 1], "size": [3, 0, 2], "inflate": 0.01, "uv": [42, 36]}
					]
				},
				{
					"name": "finger_right_joint1",
					"parent": "finger_right1",
					"pivot": [-26.25, 0, 2],
					"cubes": [
						{"origin": [-29.25, 0, 1], "size": [3, 0, 2], "uv": [42, 34]}
					]
				},
				{
					"name": "finger_right2",
					"parent": "hand_right5",
					"pivot": [-23.5, 0, 0],
					"cubes": [
						{"origin": [-26.5, 0, -1], "size": [3, 0, 2], "inflate": 0.01, "uv": [8, 42]}
					]
				},
				{
					"name": "finger_right_joint2",
					"parent": "finger_right2",
					"pivot": [-26.5, 0, 0],
					"cubes": [
						{"origin": [-29.5, 0, -1], "size": [3, 0, 2], "uv": [8, 40]}
					]
				},
				{
					"name": "finger_right3",
					"parent": "hand_right5",
					"pivot": [-23.25, 0, -2],
					"rotation": [0, -5, 0],
					"cubes": [
						{"origin": [-26.25, 0, -3], "size": [3, 0, 2], "inflate": 0.01, "uv": [38, 29]}
					]
				},
				{
					"name": "finger_right_joint3",
					"parent": "finger_right3",
					"pivot": [-26.25, 0, -2],
					"cubes": [
						{"origin": [-29.25, 0, -3], "size": [3, 0, 2], "uv": [18, 31]}
					]
				},
				{
					"name": "hand_left",
					"parent": "body",
					"pivot": [3.5, 0, 0],
					"cubes": [
						{"origin": [3.5, 0, -1], "size": [4, 0, 2], "uv": [0, 3]}
					]
				},
				{
					"name": "hand_left2",
					"parent": "hand_left",
					"pivot": [7.5, 0, 0],
					"cubes": [
						{"origin": [7.5, 0, -1.5], "size": [4, 0, 3], "inflate": 0.01, "uv": [23, 16]}
					]
				},
				{
					"name": "hand_left3",
					"parent": "hand_left2",
					"pivot": [11.5, 0, 1.5],
					"cubes": [
						{"origin": [11.5, 0, -1.5], "size": [4, 0, 3], "uv": [0, 0]}
					]
				},
				{
					"name": "hand_left4",
					"parent": "hand_left3",
					"pivot": [15.5, 0, 0],
					"cubes": [
						{"origin": [15.5, 0, -2], "size": [4, 0, 4], "inflate": 0.01, "uv": [16, 27]}
					]
				},
				{
					"name": "hand_left5",
					"parent": "hand_left4",
					"pivot": [19.5, 0, 0],
					"cubes": [
						{"origin": [19.5, 0, -2.5], "size": [4, 0, 5], "uv": [21, 11]}
					]
				},
				{
					"name": "finger_left1",
					"parent": "hand_left5",
					"pivot": [23.25, 0, 2],
					"rotation": [0, -5, 0],
					"cubes": [
						{"origin": [23.25, 0, 1], "size": [3, 0, 2], "inflate": 0.01, "uv": [26, 29]}
					]
				},
				{
					"name": "finger_left_joint1",
					"parent": "finger_left1",
					"pivot": [26.25, 0, 2],
					"cubes": [
						{"origin": [26.25, 0, 1], "size": [3, 0, 2], "uv": [26, 27]}
					]
				},
				{
					"name": "finger_left2",
					"parent": "hand_left5",
					"pivot": [23.5, 0, 0],
					"cubes": [
						{"origin": [23.5, 0, -1], "size": [3, 0, 2], "inflate": 0.01, "uv": [0, 17]}
					]
				},
				{
					"name": "finger_left_joint2",
					"parent": "finger_left2",
					"pivot": [26.5, 0, 0],
					"cubes": [
						{"origin": [26.5, 0, -1], "size": [3, 0, 2], "uv": [0, 15]}
					]
				},
				{
					"name": "finger_left3",
					"parent": "hand_left5",
					"pivot": [23.25, 0, -2],
					"rotation": [0, 5, 0],
					"cubes": [
						{"origin": [23.25, 0, -3], "size": [3, 0, 2], "inflate": 0.01, "uv": [0, 13]}
					]
				},
				{
					"name": "finger_left_joint3",
					"parent": "finger_left3",
					"pivot": [26.25, 0, -2],
					"cubes": [
						{"origin": [26.25, 0, -3], "size": [3, 0, 2], "uv": [0, 11]}
					]
				}
			]
		}
	]
}