{
	"format_version": "1.12.0",
	"minecraft:geometry": [
		{
			"description": {
				"identifier": "geometry.minun",
				"texture_width": 64,
				"texture_height": 64,
				"visible_bounds_width": 3,
				"visible_bounds_height": 2.5,
				"visible_bounds_offset": [0, 0.75, 0]
			},
			"bones": [
				{
					"name": "minun",
					"pivot": [0, 0, 0]
				},
				{
					"name": "body",
					"parent": "minun",
					"pivot": [0, 4, -0.75],
					"cubes": [
						{"origin": [-3, 1, -2.75], "size": [6, 6, 4], "uv": [0, 14]}
					]
				},
				{
					"name": "head",
					"parent": "body",
					"pivot": [0, 7, -0.75],
					"cubes": [
						{"origin": [-4.5, 7, -4.25], "size": [9, 7, 7], "uv": [0, 0]},
						{"origin": [-5, 8.5, -4.35], "size": [10, 4, 0], "uv": [0, 60]},
						{"origin": [-1, 7.75, -4.325], "size": [2, 1, 0], "uv": [0, 0]},
						{"origin": [-0.5, 9, -4.325], "size": [1, 1, 0], "uv": [0, 0]}
					]
				},
				{
					"name": "energists_cap",
					"parent": "head",
					"pivot": [0, 13.5, 0.5],
					"cubes": [
						{"origin": [-4, 14.75, -1.5], "size": [2, 3, 2], "uv": [28, 59]},
						{"origin": [-3.5, 16.75, -1], "size": [1, 1, 1], "inflate": 0.01, "uv": [20, 54]},
						{"origin": [2, 14.75, -1.5], "size": [2, 3, 2], "uv": [20, 59], "mirror": true},
						{"origin": [2.5, 16.75, -1], "size": [1, 1, 1], "inflate": 0.01, "uv": [20, 54], "mirror": true}
					]
				},
				{
					"name": "bone2",
					"parent": "energists_cap",
					"pivot": [-1.5, 14, -0.5],
					"rotation": [5.80307, -6.59371, 82.76414],
					"cubes": [
						{"origin": [-2.35393, 10.18578, -1.89375], "size": [0, 4, 1], "uv": [38, 56]}
					]
				},
				{
					"name": "bone3",
					"parent": "bone2",
					"pivot": [-1.5, 10, -0.5],
					"rotation": [0, 0, -87.5],
					"cubes": [
						{"origin": [-1.35164, 6.86122, -1.89375], "size": [0, 4, 1], "uv": [36, 56]}
					]
				},
				{
					"name": "bone4",
					"parent": "bone3",
					"pivot": [-1.5, 6, 0],
					"rotation": [-15, 0, 0],
					"cubes": [
						{"origin": [-1.35164, 3.60056, -3.08619], "size": [0, 3, 2], "uv": [36, 59]}
					]
				},
				{
					"name": "bone5",
					"parent": "energists_cap",
					"pivot": [1.5, 14, -0.5],
					"rotation": [5.80307, 6.59371, -82.76414],
					"cubes": [
						{"origin": [2.35393, 10.18578, -1.89375], "size": [0, 4, 1], "uv": [38, 56], "mirror": true}
					]
				},
				{
					"name": "bone6",
					"parent": "bone5",
					"pivot": [1.5, 10, -0.5],
					"rotation": [0, 0, 87.5],
					"cubes": [
						{"origin": [1.35164, 6.86122, -1.89375], "size": [0, 4, 1], "uv": [36, 56], "mirror": true}
					]
				},
				{
					"name": "bone7",
					"parent": "bone6",
					"pivot": [1.5, 6, 0],
					"rotation": [-15, 0, 0],
					"cubes": [
						{"origin": [1.35164, 3.60056, -3.08619], "size": [0, 3, 2], "uv": [36, 59], "mirror": true}
					]
				},
				{
					"name": "energy_hat_small",
					"parent": "energists_cap",
					"pivot": [0, 13.5, 0.5],
					"cubes": [
						{"origin": [-2, 14.25, -2.5], "size": [4, 3, 4], "uv": [20, 52]}
					]
				},
				{
					"name": "energy_hat_small_brim",
					"parent": "energy_hat_small",
					"pivot": [-0.5, 13.75, 1.5],
					"cubes": [
						{"origin": [0, 14.5, -4.5], "size": [2, 0, 2], "pivot": [0, 14.5, 0.5], "rotation": [0, 0, 5], "uv": [30, 52]},
						{"origin": [-2, 14.5, -4.5], "size": [2, 0, 2], "pivot": [0, 14.5, 0.5], "rotation": [0, 0, -5], "uv": [30, 52], "mirror": true}
					]
				},
				{
					"name": "lefteye",
					"parent": "head",
					"pivot": [2.5, 10.5, -4.275],
					"rotation": [0, 0, -2.5],
					"cubes": [
						{"origin": [1.5, 9, -4.275], "size": [2, 3, 0], "uv": [45, 0]}
					]
				},
				{
					"name": "righteye",
					"parent": "head",
					"pivot": [-2.5, 10.5, -4.275],
					"rotation": [0, 0, 2.5],
					"cubes": [
						{"origin": [-3.5, 9, -4.275], "size": [2, 3, 0], "uv": [45, 0], "mirror": true}
					]
				},
				{
					"name": "lefteyelid",
					"parent": "head",
					"pivot": [2.5, 10.5, -3.525],
					"rotation": [0, 0, -2.5],
					"cubes": [
						{"origin": [1.5, 9, -4.025], "size": [2, 3, 1], "inflate": 0.02, "uv": [45, 5]}
					]
				},
				{
					"name": "righteyelid",
					"parent": "head",
					"pivot": [-2.5, 10.5, -3.525],
					"rotation": [0, 0, 2.5],
					"cubes": [
						{"origin": [-3.5, 9, -4.025], "size": [2, 3, 1], "inflate": 0.02, "uv": [45, 5], "mirror": true}
					]
				},
				{
					"name": "leftear",
					"parent": "head",
					"pivot": [2.75, 13, -0.75],
					"rotation": [0, 0, 30],
					"cubes": [
						{"origin": [0.25, 13, -0.75], "size": [5, 10, 0], "uv": [0, 24]}
					]
				},
				{
					"name": "rightear",
					"parent": "head",
					"pivot": [-2.75, 13, -0.75],
					"rotation": [0, 0, -30],
					"cubes": [
						{"origin": [-5.25, 13, -0.75], "size": [5, 10, 0], "uv": [20, 14]}
					]
				},
				{
					"name": "leftarm",
					"parent": "body",
					"pivot": [3, 5.75, -1],
					"cubes": [
						{"origin": [3, 4.75, -2], "size": [4, 2, 2], "uv": [26, 24]}
					]
				},
				{
					"name": "rightarm",
					"parent": "body",
					"pivot": [-3, 5.75, -1],
					"cubes": [
						{"origin": [-7, 4.75, -2], "size": [4, 2, 2], "uv": [28, 28]}
					]
				},
				{
					"name": "tail",
					"parent": "body",
					"pivot": [0, 2.75, 1.25],
					"cubes": [
						{"origin": [0, 1.75, 1.25], "size": [0, 2, 1], "uv": [0, 0]},
						{"origin": [0, 0.25, 2.25], "size": [0, 5, 2], "uv": [12, 22]}
					]
				},
				{
					"name": "leftfoot",
					"parent": "body",
					"pivot": [1.75, 1, 0],
					"cubes": [
						{"origin": [0.75, 0, -3], "size": [2, 1, 4], "uv": [25, 0]}
					]
				},
				{
					"name": "rightfoot",
					"parent": "body",
					"pivot": [-1.75, 1, 0],
					"cubes": [
						{"origin": [-2.75, 0, -3], "size": [2, 1, 4], "uv": [18, 24]}
					]
				}
			]
		}
	]
}