{
	"format_version": "1.12.0",
	"minecraft:geometry": [
		{
			"description": {
				"identifier": "geometry.miraidon",
				"texture_width": 128,
				"texture_height": 128,
				"visible_bounds_width": 11,
				"visible_bounds_height": 6.5,
				"visible_bounds_offset": [0, 2.75, 0]
			},
			"bones": [
				{
					"name": "miraidon",
					"pivot": [0, 0, 0]
				},
				{
					"name": "body",
					"parent": "miraidon",
					"pivot": [0, 0, 0]
				},
				{
					"name": "neck_1",
					"parent": "body",
					"pivot": [0, 17, -2],
					"rotation": [60, 0, 0],
					"cubes": [
						{"origin": [-2.5, 15, -5], "size": [5, 8, 6], "uv": [27, 56]},
						{"origin": [-3, 17, -0.5], "size": [6, 4, 2], "inflate": 0.01, "uv": [90, 74]}
					]
				},
				{
					"name": "neck_2",
					"parent": "neck_1",
					"pivot": [0, 23, -5],
					"rotation": [-37.5, 0, 0],
					"cubes": [
						{"origin": [-3, 23, -6], "size": [6, 7, 7], "uv": [46, 16]},
						{"origin": [-3.5, 24, -0.5], "size": [7, 5, 2], "uv": [0, 88]}
					]
				},
				{
					"name": "neck_3",
					"parent": "neck_2",
					"pivot": [0, 30, -6],
					"rotation": [-32.5, 0, 0],
					"cubes": [
						{"origin": [-3.5, 30, -7], "size": [7, 7, 8], "inflate": 0.01, "uv": [29, 40]},
						{"origin": [-4, 30, -0.5], "size": [8, 7, 2], "inflate": 0.02, "uv": [84, 20]}
					]
				},
				{
					"name": "neck_4",
					"parent": "neck_3",
					"pivot": [0, 37, -6],
					"rotation": [-35, 0, 0],
					"cubes": [
						{"origin": [-3, 37, -6], "size": [6, 7, 7], "uv": [0, 50]},
						{"origin": [-3.5, 38, -0.5], "size": [7, 6, 2], "uv": [85, 52]}
					]
				},
				{
					"name": "neck_5",
					"parent": "neck_4",
					"pivot": [0, 44, 1.5],
					"rotation": [35, 0, 0],
					"cubes": [
						{"origin": [-2.5, 44, -5], "size": [5, 6, 6], "inflate": 0.01, "uv": [50, 63]},
						{"origin": [-3, 44, -0.5], "size": [6, 6, 2], "inflate": 0.01, "uv": [49, 88]}
					]
				},
				{
					"name": "neck_6",
					"parent": "neck_5",
					"pivot": [0, 50, 1.5],
					"rotation": [32.5, 0, 0],
					"cubes": [
						{"origin": [-2.5, 50, -4], "size": [5, 7, 5], "uv": [32, 71]},
						{"origin": [-3, 50, -0.5], "size": [6, 7, 2], "uv": [32, 88]}
					]
				},
				{
					"name": "head",
					"parent": "neck_6",
					"pivot": [1.53553, 55, -1.29289],
					"rotation": [-7.5, 0, 0],
					"cubes": [
						{"origin": [-3, 55, -7], "size": [5, 3, 5], "pivot": [0, 56, -5], "rotation": [0, 45, 0], "uv": [79, 32]},
						{"origin": [-3, 57, -7], "size": [5, 1, 5], "inflate": 0.02, "pivot": [0, 56, -5], "rotation": [0, 45, 0], "uv": [31, 16]},
						{"origin": [0.20711, 56.5, -7.12132], "size": [1, 1, 0], "inflate": 0.01, "pivot": [0.70711, 57, -7.12132], "rotation": [35.26439, -30, -54.73561], "uv": [18, 34]},
						{"origin": [-1.20711, 56.5, -7.12132], "size": [1, 1, 0], "inflate": 0.01, "pivot": [-0.70711, 57, -7.12132], "rotation": [35.26439, 30, 54.73561], "uv": [18, 34], "mirror": true},
						{"origin": [-3.53553, 55, -4.29289], "size": [1, 3, 4], "uv": [15, 36], "mirror": true},
						{"origin": [3.03553, 53.99, -1.79289], "size": [1, 3, 3], "uv": [93, 92]},
						{"origin": [-4.03553, 53.99, -1.79289], "size": [1, 3, 3], "uv": [93, 92], "mirror": true},
						{"origin": [-3, 55, -4.2929], "size": [6, 3, 4], "inflate": 0.01, "uv": [85, 6]},
						{"origin": [-3, 54, -0.2929], "size": [6, 4, 2], "inflate": 0.01, "uv": [76, 92]},
						{"origin": [2.53553, 55, -4.29289], "size": [1, 3, 4], "uv": [15, 36]},
						{"origin": [2.82843, 56.25, -5.5], "size": [0, 1, 1], "inflate": 0.01, "pivot": [2.82843, 56.75, -5], "rotation": [-45, 45, 0], "uv": [16, 0]},
						{"origin": [3.6055, 56.5, -5.29289], "size": [0, 20, 4], "inflate": 0.01, "pivot": [3.63553, 56.5, -3.29289], "rotation": [-45, 0, 0], "uv": [23, 71]},
						{"origin": [-3.5155, 56.5, -5.29289], "size": [0, 15, 4], "inflate": 0.01, "pivot": [-3.63553, 56.5, -3.29289], "rotation": [-67.5, 0, 0], "uv": [23, 71], "mirror": true},
						{"origin": [-3.6055, 56.5, -5.29289], "size": [0, 20, 4], "inflate": 0.01, "pivot": [-3.63553, 56.5, -3.29289], "rotation": [-45, 0, 0], "uv": [23, 71], "mirror": true},
						{"origin": [3.5155, 56.5, -5.29289], "size": [0, 15, 4], "inflate": 0.01, "pivot": [3.63553, 56.5, -3.29289], "rotation": [-67.5, 0, 0], "uv": [23, 71]},
						{"origin": [4.03553, 54.5, -1.29289], "size": [0, 2, 2], "inflate": 0.01, "uv": [0, 0]},
						{"origin": [-4.03553, 54.5, -1.29289], "size": [0, 2, 2], "inflate": 0.01, "uv": [0, 0], "mirror": true}
					]
				},
				{
					"name": "black_plate",
					"parent": "head",
					"pivot": [0, 57.72474, -7.41988],
					"rotation": [25, 0, 0],
					"cubes": [
						{"origin": [20.98355, 45.17934, -7.22373], "size": [0, 4, 14], "pivot": [0, 28.19579, -21.72373], "rotation": [0, 0, -45], "uv": [0, 31]},
						{"origin": [-20.98355, 45.17934, -7.22373], "size": [0, 4, 14], "pivot": [0, 28.19579, -21.72373], "rotation": [0, 0, 45], "uv": [0, 31], "mirror": true}
					]
				},
				{
					"name": "mouth",
					"parent": "head",
					"pivot": [0, 54.5, -1.04289],
					"cubes": [
						{"origin": [-3, 54, -4.0429], "size": [6, 1, 4], "inflate": 0.01, "uv": [86, 41]},
						{"origin": [2.53553, 54, -4.04289], "size": [1, 1, 4], "uv": [16, 65]},
						{"origin": [-0.37868, 54, -5.66421], "size": [5, 1, 5], "pivot": [0, 54.5, -1.04289], "rotation": [0, 45, 0], "uv": [76, 85]},
						{"origin": [-3.53553, 54, -4.04289], "size": [1, 1, 4], "uv": [62, 10]}
					]
				},
				{
					"name": "eye_left",
					"parent": "head",
					"pivot": [3.61053, 56.75, -3.29289],
					"cubes": [
						{"origin": [3.73731, 56.5, -5.07322], "size": [0, 1, 1], "inflate": 0.03, "pivot": [3.43376, 57.25, -3.96967], "rotation": [0, 45, 0], "uv": [11, 36]},
						{"origin": [3.61053, 56.75, -4.34289], "size": [0, 1, 2], "inflate": 0.04, "pivot": [3.61053, 57.25, -2.79289], "rotation": [9.25, 0, 0], "uv": [31, 16]},
						{"origin": [2.025, 55.5, -3], "size": [0, 2, 1], "inflate": 0.02, "pivot": [0.075, 56, -5], "rotation": [0, 45, 0], "uv": [11, 8]},
						{"origin": [3.61053, 55.5, -4.29289], "size": [0, 2, 2], "inflate": 0.01, "uv": [10, 0]},
						{"origin": [3.61053, 55.75, -4.04289], "size": [0, 1, 1], "inflate": 0.02, "uv": [36, 0]},
						{"origin": [3.61053, 56, -3.79289], "size": [0, 1, 1], "inflate": 0.03, "uv": [10, 31]},
						{"origin": [2.85, 56, -3.79289], "size": [1, 1, 1], "inflate": -0.2, "uv": [85, 1]},
						{"origin": [3.61053, 55.75, -3.54289], "size": [0, 1, 1], "inflate": 0.02, "uv": [6, 31]}
					]
				},
				{
					"name": "eye_right",
					"parent": "head",
					"pivot": [-3.61053, 56.75, -3.29289],
					"cubes": [
						{"origin": [-3.73731, 56.5, -5.07322], "size": [0, 1, 1], "inflate": 0.03, "pivot": [-3.43376, 57.25, -3.96967], "rotation": [0, -45, 0], "uv": [11, 36], "mirror": true},
						{"origin": [-3.61053, 56.75, -4.34289], "size": [0, 1, 2], "inflate": 0.04, "pivot": [-3.61053, 57.25, -2.79289], "rotation": [9.25, 0, 0], "uv": [31, 16], "mirror": true},
						{"origin": [-2.025, 55.5, -3], "size": [0, 2, 1], "inflate": 0.02, "pivot": [-0.075, 56, -5], "rotation": [0, -45, 0], "uv": [11, 8], "mirror": true},
						{"origin": [-3.61053, 55.5, -4.29289], "size": [0, 2, 2], "inflate": 0.01, "uv": [10, 0], "mirror": true},
						{"origin": [-3.61053, 55.75, -4.04289], "size": [0, 1, 1], "inflate": 0.02, "uv": [36, 0], "mirror": true},
						{"origin": [-3.61053, 56, -3.79289], "size": [0, 1, 1], "inflate": 0.03, "uv": [10, 31], "mirror": true},
						{"origin": [-3.85, 56, -3.79289], "size": [1, 1, 1], "inflate": -0.2, "uv": [85, 1], "mirror": true},
						{"origin": [-3.61053, 55.75, -3.54289], "size": [0, 1, 1], "inflate": 0.02, "uv": [6, 31], "mirror": true}
					]
				},
				{
					"name": "arm_left",
					"parent": "body",
					"pivot": [3.5, 17, 0.5],
					"cubes": [
						{"origin": [3.5, 15.5, -1], "size": [8, 3, 3], "uv": [16, 0]}
					]
				},
				{
					"name": "arm_left_2",
					"parent": "arm_left",
					"pivot": [11.5, 17, 2],
					"cubes": [
						{"origin": [11.5, 14.5, -1.5], "size": [9, 5, 4], "uv": [62, 0]}
					]
				},
				{
					"name": "hand_left",
					"parent": "arm_left_2",
					"pivot": [20.5, 17, 0.5],
					"cubes": [
						{"origin": [21.5, 15.5, 0], "size": [4, 3, 1], "inflate": 0.01, "uv": [0, 40]},
						{"origin": [19.5, 15, -0.5], "size": [2, 4, 2], "inflate": 0.01, "uv": [20, 50]},
						{"origin": [20.5, 15, 0], "size": [4, 1, 1], "pivot": [21.5, 15.5, 0.5], "rotation": [0, 0, 20], "uv": [66, 20]},
						{"origin": [25.5, 16, 0], "size": [1, 2, 1], "uv": [0, 31]},
						{"origin": [20.5, 18, 0], "size": [4, 1, 1], "pivot": [21.5, 18.5, 0.5], "rotation": [0, 0, -20], "uv": [54, 0]},
						{"origin": [25.5, 16.5, 0], "size": [1, 1, 1], "inflate": 0.01, "uv": [29, 45]}
					]
				},
				{
					"name": "torso",
					"parent": "body",
					"pivot": [1, 17, -1.75],
					"cubes": [
						{"origin": [-3.5, 13, -2], "size": [7, 8, 8], "uv": [23, 23]}
					]
				},
				{
					"name": "horn_right",
					"parent": "torso",
					"pivot": [-3.5, 17, 0.5],
					"rotation": [20, -10, -20],
					"cubes": [
						{"origin": [-3.5, 14.5, -2], "size": [0, 16, 20], "inflate": 0.01, "uv": [8, 87]}
					]
				},
				{
					"name": "horn_left",
					"parent": "torso",
					"pivot": [3.5, 17, 0.5],
					"rotation": [20, 10, 20],
					"cubes": [
						{"origin": [3.5, 14.5, -2], "size": [0, 16, 20], "inflate": 0.01, "uv": [8, 87], "mirror": true}
					]
				},
				{
					"name": "torso_2",
					"parent": "torso",
					"pivot": [0, 17, 6],
					"cubes": [
						{"origin": [-3, 13.5, 5], "size": [6, 7, 7], "uv": [52, 33]}
					]
				},
				{
					"name": "torso_3",
					"parent": "torso_2",
					"pivot": [0, 17, 12],
					"cubes": [
						{"origin": [-2.5, 14, 11], "size": [5, 6, 7], "uv": [53, 49], "mirror": true}
					]
				},
				{
					"name": "leg_left",
					"parent": "torso_3",
					"pivot": [6, 17, 16],
					"cubes": [
						{"origin": [2.5, 13.5, 14], "size": [7, 7, 8], "uv": [31, 0]},
						{"origin": [3, 14, 22], "size": [6, 6, 2], "uv": [90, 65]},
						{"origin": [3.5, 14.5, 13], "size": [5, 5, 1], "uv": [16, 7]}
					]
				},
				{
					"name": "leg_left_2",
					"parent": "leg_left",
					"pivot": [6, 13.5, 15],
					"rotation": [-7.5, 0, 0],
					"cubes": [
						{"origin": [3.5, 12.5, 15], "size": [5, 2, 7], "inflate": 0.01, "uv": [66, 10]}
					]
				},
				{
					"name": "foot_left",
					"parent": "leg_left_2",
					"pivot": [6, 13.5, 22],
					"rotation": [10, 0, 0],
					"cubes": [
						{"origin": [4.5, 13, 22], "size": [3, 1, 4], "inflate": 0.01, "pivot": [6, 13.5, 22], "rotation": [2.5, 0, 0], "uv": [0, 8]},
						{"origin": [4, 13, 22], "size": [1, 1, 3], "pivot": [4.5, 13.5, 22.5], "rotation": [10, -20, 0], "uv": [44, 56]},
						{"origin": [5, 13, 26], "size": [2, 1, 1], "pivot": [6, 13.5, 22], "rotation": [2.5, 0, 0], "uv": [15, 31]},
						{"origin": [7, 13, 22], "size": [1, 1, 3], "pivot": [7.5, 13.5, 22.5], "rotation": [10, 20, 0], "uv": [44, 56]},
						{"origin": [5.5, 13, 26], "size": [1, 1, 1], "inflate": 0.01, "pivot": [6, 13.5, 22], "rotation": [2.5, 0, 0], "uv": [32, 40]}
					]
				},
				{
					"name": "leg_right",
					"parent": "torso_3",
					"pivot": [-6, 17, 16],
					"cubes": [
						{"origin": [-9.5, 13.5, 14], "size": [7, 7, 8], "uv": [31, 0], "mirror": true},
						{"origin": [-9, 14, 22], "size": [6, 6, 2], "uv": [90, 65], "mirror": true},
						{"origin": [-8.5, 14.5, 13], "size": [5, 5, 1], "uv": [16, 7], "mirror": true}
					]
				},
				{
					"name": "leg_right_2",
					"parent": "leg_right",
					"pivot": [-6, 13.5, 15],
					"rotation": [-7.5, 0, 0],
					"cubes": [
						{"origin": [-8.5, 12.5, 15], "size": [5, 2, 7], "inflate": 0.01, "uv": [66, 10], "mirror": true}
					]
				},
				{
					"name": "foot_right",
					"parent": "leg_right_2",
					"pivot": [-6, 13.5, 22],
					"rotation": [10, 0, 0],
					"cubes": [
						{"origin": [-7.5, 13, 22], "size": [3, 1, 4], "inflate": 0.01, "pivot": [-6, 13.5, 22], "rotation": [2.5, 0, 0], "uv": [0, 8], "mirror": true},
						{"origin": [-5, 13, 22], "size": [1, 1, 3], "pivot": [-4.5, 13.5, 22.5], "rotation": [10, 20, 0], "uv": [44, 56], "mirror": true},
						{"origin": [-7, 13, 26], "size": [2, 1, 1], "pivot": [-6, 13.5, 22], "rotation": [2.5, 0, 0], "uv": [15, 31], "mirror": true},
						{"origin": [-8, 13, 22], "size": [1, 1, 3], "pivot": [-7.5, 13.5, 22.5], "rotation": [10, -20, 0], "uv": [44, 56], "mirror": true},
						{"origin": [-6.5, 13, 26], "size": [1, 1, 1], "inflate": 0.01, "pivot": [-6, 13.5, 22], "rotation": [2.5, 0, 0], "uv": [32, 40], "mirror": true}
					]
				},
				{
					"name": "tail_1",
					"parent": "torso_3",
					"pivot": [0, 17.5, 18],
					"cubes": [
						{"origin": [-2, 15.5, 18], "size": [4, 4, 7], "uv": [66, 69]}
					]
				},
				{
					"name": "tail_2",
					"parent": "tail_1",
					"pivot": [0, 17.5, 25],
					"cubes": [
						{"origin": [-2, 15.5, 25], "size": [4, 4, 7], "uv": [0, 65]}
					]
				},
				{
					"name": "tail_3",
					"parent": "tail_2",
					"pivot": [0, 17.5, 32],
					"cubes": [
						{"origin": [-1.5, 16, 32], "size": [3, 3, 7], "uv": [46, 77]}
					]
				},
				{
					"name": "tail_4",
					"parent": "tail_3",
					"pivot": [0, 17.5, 39],
					"cubes": [
						{"origin": [-1.5, 16, 39], "size": [3, 3, 7], "uv": [0, 77]}
					]
				},
				{
					"name": "tail_5",
					"parent": "tail_4",
					"pivot": [0, 17.5, 46],
					"cubes": [
						{"origin": [-1.5, 16, 46], "size": [3, 3, 7], "uv": [72, 41]}
					]
				},
				{
					"name": "tail_6",
					"parent": "tail_5",
					"pivot": [0, 17.5, 53],
					"cubes": [
						{"origin": [-1.5, 16, 53], "size": [3, 3, 7], "uv": [71, 56]}
					]
				},
				{
					"name": "tail_7",
					"parent": "tail_6",
					"pivot": [0, 17.5, 60],
					"cubes": [
						{"origin": [-1, 16.5, 60], "size": [2, 2, 5], "uv": [0, 0]},
						{"origin": [-0.5, 17, 65], "size": [1, 1, 3], "uv": [26, 40]}
					]
				},
				{
					"name": "tail_8",
					"parent": "tail_7",
					"pivot": [0, 17.51247, 67.58381],
					"cubes": [
						{"origin": [0, 16.90804, 66.00682], "size": [0, 5, 3], "inflate": 0.03, "pivot": [0, 17.51247, 67.58381], "rotation": [-52.5, 0, 0], "uv": [0, 114]},
						{"origin": [0, 20.34028, 66.24883], "size": [0, 5, 3], "inflate": 0.02, "pivot": [0.01, 19.53978, 68.57925], "rotation": [-110, 0, 0], "uv": [0, 109]},
						{"origin": [0, 19.81018, 71.43335], "size": [0, 5, 2], "inflate": 0.01, "pivot": [0.02, 17.90455, 70.12857], "rotation": [-45, 0, 0], "uv": [1, 105]},
						{"origin": [0, 24.20207, 67.36371], "size": [0, 4, 2], "pivot": [0.03, 20.04001, 70.83567], "rotation": [-110, 0, 0], "uv": [1, 101]}
					]
				},
				{
					"name": "saddle",
					"parent": "torso_3",
					"pivot": [0, 20, 18],
					"rotation": [27.5, 0, 0],
					"cubes": [
						{"origin": [2.5, 17, 16], "size": [0, 3, 9], "inflate": 0.01, "uv": [80, 72]},
						{"origin": [-2.5, 17, 16], "size": [0, 3, 9], "inflate": 0.01, "uv": [80, 72], "mirror": true},
						{"origin": [-2.5, 20, 18], "size": [5, 0, 7], "inflate": 0.01, "uv": [66, 24]},
						{"origin": [-1, 20, 25], "size": [2, 0, 2], "inflate": 0.01, "uv": [74, 22]}
					]
				},
				{
					"name": "arm_right",
					"parent": "body",
					"pivot": [-3.5, 17, 0.5],
					"cubes": [
						{"origin": [-11.5, 15.5, -1], "size": [8, 3, 3], "uv": [16, 0], "mirror": true}
					]
				},
				{
					"name": "arm_right_2",
					"parent": "arm_right",
					"pivot": [-11.5, 17, 2],
					"cubes": [
						{"origin": [-20.5, 14.5, -1.5], "size": [9, 5, 4], "uv": [62, 0], "mirror": true}
					]
				},
				{
					"name": "hand_right",
					"parent": "arm_right_2",
					"pivot": [-20.5, 17, 0.5],
					"cubes": [
						{"origin": [-25.5, 15.5, 0], "size": [4, 3, 1], "inflate": 0.01, "uv": [0, 40], "mirror": true},
						{"origin": [-21.5, 15, -0.5], "size": [2, 4, 2], "inflate": 0.01, "uv": [20, 50], "mirror": true},
						{"origin": [-24.5, 15, 0], "size": [4, 1, 1], "pivot": [-21.5, 15.5, 0.5], "rotation": [0, 0, -20], "uv": [66, 20], "mirror": true},
						{"origin": [-26.5, 16, 0], "size": [1, 2, 1], "uv": [0, 31], "mirror": true},
						{"origin": [-24.5, 18, 0], "size": [4, 1, 1], "pivot": [-21.5, 18.5, 0.5], "rotation": [0, 0, 20], "uv": [54, 0], "mirror": true},
						{"origin": [-26.5, 16.5, 0], "size": [1, 1, 1], "inflate": 0.01, "uv": [29, 45], "mirror": true}
					]
				}
			]
		}
	]
}