{
	"format_version": "1.8.0",
	"animations": {
		"animation.chimchar_delta.ground_idle": {
			"loop": true,
			"bones": {
				"torso_bottom": {
					"rotation": [5, 0, "- math.sin(query.anim_time * 180) * 1.7"],
					"position": [0, "0.1*math.sin(query.anim_time * 90*4)", 0]
				},
				"head": {
					"rotation": [-2.5, 0, "0 - math.sin((query.anim_time - 0.4) * 180 - 120) * 2.3"]
				},
				"arm_right": {
					"rotation": [0, "7.5 - math.sin((query.anim_time +0.6) * 180) * 3", -50.5]
				},
				"arm_right2": {
					"rotation": [0, "-65 - math.sin((query.anim_time +0.3) * 180) * 2.5", 0]
				},
				"hand_right": {
					"rotation": [0, 0, -5]
				},
				"arm_left": {
					"rotation": [0, "-7.5 - math.sin((query.anim_time +0.6) * 180) * 3", 50.5]
				},
				"arm_left2": {
					"rotation": [0, "65 - math.sin((query.anim_time +0.3) * 180) * 2.5", 0]
				},
				"hair_top": {
					"rotation": [0, 0, "0 - math.cos((query.anim_time + 0.8) * 180) * 4"]
				},
				"finger_middle_right": {
					"rotation": [0, 0, -40]
				},
				"finger_index_right": {
					"rotation": [0, 0, -25]
				},
				"finger_thumb_right": {
					"rotation": [33.59794, 4.20256, -48.63781]
				},
				"finger_middle_left": {
					"rotation": [0, 0, 40]
				},
				"finger_index_left": {
					"rotation": [0, 0, 25]
				},
				"finger_thumb_left": {
					"rotation": [33.59794, -4.20256, 48.63781]
				},
				"tail": {
					"rotation": ["0 - math.sin(query.anim_time * 90 * 4) * 8", 0, "0 - math.sin(query.anim_time * 90 * 8) * 8"]
				},
				"torso_top": {
					"rotation": [-2.5, 0, 0]
				},
				"leg_right": {
					"rotation": [3.61644, 19.6835, 0.62758],
					"position": [0, "0.05*math.sin(query.anim_time * 90*4)", -0.2]
				},
				"foot_right": {
					"position": [0, "-0.05*math.sin(query.anim_time * 90*4)", 0]
				},
				"leg_left": {
					"rotation": [4.62934, -24.59477, -1.00966],
					"position": [0, "0.05*math.sin(query.anim_time * 90*4)", -0.2]
				},
				"foot_left": {
					"position": [0, "-0.05*math.sin(query.anim_time * 90*4)", 0]
				}
			}
		},
		"animation.chimchar_delta.ground_run": {
			"loop": true,
			"animation_length": 0.5,
			"bones": {
				"body": {
					"position": [0, "1.25 - math.sin(query.anim_time* 90 * 8 - 30) * 2", 0]
				},
				"torso_bottom": {
					"rotation": ["62.5 - math.sin(query.anim_time* 90 * 8 - 80) * 7", 0, 0],
					"position": [0, 0, 0]
				},
				"torso_top": {
					"rotation": ["0- math.sin(query.anim_time* 90 * 8 - 120) * 26", 0, 0]
				},
				"head": {
					"rotation": ["-52.5 - math.sin(query.anim_time* 90 * 8 + 45) * 35", 0, 0]
				},
				"arm_left": {
					"rotation": {
						"0.0": [35.83086, 56.13661, 37.1913],
						"0.0417": [38.01738, 45.68133, 39.65284],
						"0.125": [52.14878, 18.83418, 62.53434],
						"0.1667": [47.94988, 10.03796, 64.99888],
						"0.2083": [41.26369, -0.59308, 66.91297],
						"0.25": [41.26369, -0.59308, 66.91297],
						"0.3333": [30.64237, 51.1546, 6.59139],
						"0.375": [11.65875, 70.24582, 15.05816],
						"0.4583": [-19.3291, 74.91452, -20.60611],
						"0.5": [35.83086, 56.13661, 37.1913]
					},
					"position": {
						"0.0": [0, 0, -0.75],
						"0.125": [0, 0, -0.75],
						"0.3333": [0, 0, 0],
						"0.4583": [0, 0, 0],
						"0.5": [0, 0, -0.75]
					}
				},
				"arm_left2": {
					"rotation": {
						"0.0": [-3.90399, 17.07228, -53.08619],
						"0.0833": [-2.94084, 10.33405, -52.84583],
						"0.125": [0.32902, 7.49282, -37.47846],
						"0.1667": [1.64069, 6.10436, -24.92491],
						"0.2917": [4.58217, 5.94383, -2.26198],
						"0.375": [0, 7.5, -40],
						"0.4583": [1.30962, 7.38542, -29.91547],
						"0.5": [-3.90399, 17.07228, -53.08619]
					}
				},
				"hand_left": {
					"rotation": {
						"0.0": [-7.55255, 0.07389, -45.16981],
						"0.0833": [-21.97514, 6.85335, -67.55708],
						"0.125": [-22.08345, 7.34859, -77.63972],
						"0.1667": [-21.055, -12.76671, -50.63071],
						"0.25": [-8.53929, -11.35871, 25.59424],
						"0.375": [-20.18952, 10.26717, -19.48772],
						"0.4167": [-22.46933, 1.98923, -40.55024],
						"0.5": [-7.55255, 0.07389, -45.16981]
					}
				},
				"tail": {
					"rotation": ["-102.5 - math.sin(query.anim_time* 90 * 16 - 90) * 16", 0, 0]
				},
				"arm_right": {
					"rotation": {
						"0.0": [35.83086, -56.13661, -37.1913],
						"0.0417": [38.01738, -45.68133, -39.65284],
						"0.125": [52.14878, -18.83418, -62.53434],
						"0.1667": [47.94988, -10.03796, -64.99888],
						"0.2083": [41.2561, -1.05576, -65.0337],
						"0.25": [41.2561, -1.05576, -65.0337],
						"0.3333": [37.80118, -46.92425, -16.05554],
						"0.375": [24.38763, -68.68833, -28.64151],
						"0.4583": [-19.3291, -74.91452, 20.60611],
						"0.5": [35.83086, -56.13661, -37.1913]
					},
					"position": {
						"0.0": [0, 0, -0.75],
						"0.125": [0, 0, -0.75],
						"0.3333": [0, 0, 0],
						"0.4583": [0, 0, 0],
						"0.5": [0, 0, -0.75]
					}
				},
				"arm_right2": {
					"rotation": {
						"0.0": [-4.6653, -16.88547, 55.69284],
						"0.0833": [-2.72567, -10.35754, 51.1728],
						"0.125": [0.32902, -7.49282, 37.47846],
						"0.1667": [1.64069, -6.10436, 24.92491],
						"0.2917": [4.58217, -5.94383, 2.26198],
						"0.375": [0, -7.5, 40],
						"0.4583": [1.30962, -7.38542, 29.91547],
						"0.5": [-4.6653, -16.88547, 55.69284]
					}
				},
				"hand_right": {
					"rotation": {
						"0.0": [-7.55255, -0.07389, 45.16981],
						"0.0833": [-21.97514, -6.85335, 67.55708],
						"0.125": [-22.08345, -7.34859, 77.63972],
						"0.1667": [-21.055, 12.76671, 50.63071],
						"0.25": [-8.53929, 11.35871, -25.59424],
						"0.375": [-20.18952, -10.26717, 19.48772],
						"0.4167": [-22.46933, -1.98923, 40.55024],
						"0.5": [-7.55255, -0.07389, 45.16981]
					}
				},
				"finger_middle_right": {
					"rotation": {
						"0.0": [0, 0, 17.5],
						"0.125": [0, 0, 22.5],
						"0.2083": [0, 0, -30],
						"0.4583": [0, 0, -20],
						"0.5": [0, 0, 17.5]
					}
				},
				"finger_index_right": {
					"rotation": {
						"0.0": [0, 0, 20],
						"0.125": [0, 0, 27.5],
						"0.2083": [0, 0, -22.5],
						"0.4583": [0, 0, -17.5],
						"0.5": [0, 0, 20]
					}
				},
				"finger_thumb_right": {
					"rotation": {
						"0.0": [-25, -20, 15],
						"0.125": [-16.59244, -21.781, 5.38347],
						"0.2083": [50.94128, -4.01492, -73.88336],
						"0.4583": [57.29436, -8.42171, -82.66813],
						"0.5": [-25, -20, 15]
					}
				},
				"finger_middle_left": {
					"rotation": {
						"0.0": [0, 0, -17.5],
						"0.125": [0, 0, -22.5],
						"0.2083": [0, 0, 30],
						"0.4583": [0, 0, 20],
						"0.5": [0, 0, -17.5]
					}
				},
				"finger_index_left": {
					"rotation": {
						"0.0": [0, 0, -20],
						"0.125": [0, 0, -27.5],
						"0.2083": [0, 0, 22.5],
						"0.4583": [0, 0, 17.5],
						"0.5": [0, 0, -20]
					}
				},
				"finger_thumb_left": {
					"rotation": {
						"0.0": [-25, 20, -15],
						"0.125": [-16.59244, 21.781, -5.38347],
						"0.2083": [50.94128, 4.01492, 73.88336],
						"0.4583": [57.29436, 8.42171, 82.66813],
						"0.5": [-25, 20, -15]
					}
				},
				"leg_right": {
					"rotation": {
						"0.0": [40, 0, 0],
						"0.1667": [-37.5, 0, 0],
						"0.25": [5, 0, 0],
						"0.2917": [27.5, 0, 0],
						"0.3333": [75, 0, 0],
						"0.5": [40, 0, 0]
					}
				},
				"leg_right2": {
					"rotation": {
						"0.0": [32.5, 0, 0],
						"0.1667": [25, 0, 0],
						"0.25": [-12.5, 0, 0],
						"0.2917": [-30, 0, 0],
						"0.3333": [-20.5, 0, 0],
						"0.5": [32.5, 0, 0]
					}
				},
				"foot_right": {
					"rotation": {
						"0.0": [15, 0, 0],
						"0.125": [-32.5, 0, 0],
						"0.2083": [10, 0, 0],
						"0.3333": [0, 0, 0],
						"0.5": [15, 0, 0]
					}
				},
				"foot_right2": {
					"rotation": {
						"0.0": [-5, 0, 0],
						"0.1667": [-20, 0, 0],
						"0.25": [0, 0, 0],
						"0.2917": [2.5, 0, 0],
						"0.3333": [-15, 0, 0],
						"0.4167": [-5, 0, 0]
					}
				},
				"leg_left": {
					"rotation": {
						"0.0": [40, 0, 0],
						"0.125": [-40, 0, 0],
						"0.25": [5, 0, 0],
						"0.2917": [27.5, 0, 0],
						"0.375": [72.5, 0, 0],
						"0.5": [40, 0, 0]
					}
				},
				"leg_left2": {
					"rotation": {
						"0.0": [32.5, 0, 0],
						"0.125": [25, 0, 0],
						"0.25": [-12.5, 0, 0],
						"0.2917": [-30, 0, 0],
						"0.3333": [-20.5, 0, 0],
						"0.5": [32.5, 0, 0]
					}
				},
				"foot_left": {
					"rotation": {
						"0.0": [15, 0, 0],
						"0.0833": [-32.5, 0, 0],
						"0.1667": [10, 0, 0],
						"0.3333": [0, 0, 0],
						"0.5": [15, 0, 0]
					}
				},
				"foot_left2": {
					"rotation": {
						"0.0": [-5, 0, 0],
						"0.125": [-20, 0, 0],
						"0.25": [0, 0, 0],
						"0.2917": [2.5, 0, 0],
						"0.3333": [-15, 0, 0],
						"0.4167": [-5, 0, 0]
					}
				},
				"hair_top": {
					"rotation": ["0 - math.sin(query.anim_time* 90 * 8 + 10) * 15", 0, 0]
				},
				"ear_right": {
					"rotation": [0, "0- math.sin(query.anim_time* 90 * 8 + 40) * -6", 0]
				},
				"ear_left": {
					"rotation": [0, "0 - math.sin(query.anim_time* 90 * 8 + 40) * 6", 0]
				}
			}
		},
		"animation.chimchar_delta.ground_walk": {
			"loop": true,
			"animation_length": 2,
			"bones": {
				"torso_bottom": {
					"rotation": [
						"57.5+math.sin((query.anim_time + 0.3) * 90 * 8) * 2",
						"math.sin((query.anim_time + 0.3) * 90 * 4) * 10",
						"0 - math.sin((query.anim_time + 0.3) * 90 * 4) * 5"
					],
					"position": [0, "math.sin(query.anim_time * 90 * 8-50) * -0.2", 0]
				},
				"head": {
					"rotation": [
						"-45+math.sin((query.anim_time + 0.4) * 90 * 8) *-10",
						"0 - math.sin((query.anim_time + 0.4) * 90 * 4) * -4",
						"0 - math.sin((query.anim_time + 0.8) * 90 * 4) * -4"
					]
				},
				"hair_top": {
					"rotation": [0, 0, "0 - math.cos((query.anim_time + 0.7) * 90 * 4) * 5"]
				},
				"finger_middle_right": {
					"rotation": [0, 0, -87.5]
				},
				"finger_index_right": {
					"rotation": [0, 0, -85]
				},
				"finger_thumb_right": {
					"rotation": [73.80584, 5.36023, -83.38402]
				},
				"arm_left": {
					"rotation": {
						"0.0": {
							"post": [58.71934, 32.47053, 34.63937],
							"lerp_mode": "catmullrom"
						},
						"0.375": {
							"post": [-17.88319, 71.88611, -18.89742],
							"lerp_mode": "catmullrom"
						},
						"0.6667": {
							"post": [51.21104, 60.42364, 56.79485],
							"lerp_mode": "catmullrom"
						},
						"1.0": {
							"post": [58.71934, 32.47053, 34.63937],
							"lerp_mode": "catmullrom"
						},
						"1.375": {
							"post": [-17.88319, 71.88611, -18.89742],
							"lerp_mode": "catmullrom"
						},
						"1.6667": {
							"post": [51.21104, 60.42364, 56.79485],
							"lerp_mode": "catmullrom"
						},
						"2.0": {
							"post": [58.71934, 32.47053, 34.63937],
							"lerp_mode": "catmullrom"
						}
					},
					"position": {
						"0.0": [0, 0, 0],
						"0.375": [0, 0, -1.25],
						"0.7083": [0, 0, 0.21],
						"0.9167": [0, 0, -0.5],
						"1.0": [0, 0, 0],
						"1.375": [0, 0, -1.25],
						"1.7083": [0, 0, 0.21],
						"1.9167": [0, 0, -0.5],
						"2.0": [0, 0, 0]
					}
				},
				"arm_left2": {
					"rotation": {
						"0.0": [-4.6653, 16.88547, -40.69284],
						"0.5": [7.59001, 15.81499, 1.05573],
						"0.7917": [-5.58269, 21.64279, -43.80098],
						"1.0": [-4.6653, 16.88547, -40.69284],
						"1.5": [7.59001, 15.81499, 1.05573],
						"1.7917": [-5.58269, 21.64279, -43.80098],
						"2.0": [-4.6653, 16.88547, -40.69284]
					}
				},
				"hand_left": {
					"rotation": {
						"0.0": [0, 0, 42.5],
						"0.125": [-20, 7.5, 43.75],
						"0.4167": [0, 0, 32.5],
						"0.5833": [-20, 0, 30],
						"0.8333": [-1.50701, 4.76804, 24.93726],
						"1.0": [0, 0, 42.5],
						"1.125": [-20, 7.5, 43.75],
						"1.4167": [0, 0, 32.5],
						"1.5833": [0, 0, 30],
						"1.75": [0, 0, 42.5],
						"1.8333": [0, 5, 42.5],
						"2.0": [0, 0, 42.5]
					},
					"position": {
						"0.0": [0, 0, 0],
						"0.5833": [0, 0, 0],
						"0.8333": [-0.5, 0, 0],
						"1.0": [0, 0, 0],
						"1.5833": [0, 0, 0],
						"1.8333": [-0.5, 0, 0],
						"2.0": [0, 0, 0]
					}
				},
				"finger_middle_left": {
					"rotation": [0, 0, 87.5]
				},
				"finger_index_left": {
					"rotation": [0, 0, 85]
				},
				"finger_thumb_left": {
					"rotation": [73.80584, -5.36023, 83.38402]
				},
				"tail": {
					"rotation": [
						"-10+6*(math.sin(q.anim_time*90*4*2-90)*1-1)+6*(math.sin(q.anim_time*90*4/2-90)*1-1)",
						0,
						"20+12*(math.sin(q.anim_time*90*4-150)*1-1)+6*(math.sin(q.anim_time*90*4/2-90)*1-1)"
					]
				},
				"leg_right": {
					"rotation": ["17.5 - math.cos((query.anim_time + 0.5) * 90 * 4+180) * -25 -math.clamp(math.sin((query.anim_time + 0)*90*4+180)*12,-8,12)", 0, 0],
					"position": [0, "0.5 - math.sin((query.anim_time +0) * 90 * 4) * -0.2", 0]
				},
				"leg_right2": {
					"rotation": ["-10 -math.clamp(math.sin((query.anim_time - 0.2)*90*4+180)*30,-30,12)", 0, 0]
				},
				"foot_right": {
					"rotation": ["-10 -math.clamp(math.sin((query.anim_time + 0.3)*90*4+180)*14,-6,14)", 0, 0]
				},
				"foot_right2": {
					"rotation": ["0 -math.clamp(math.sin((query.anim_time + 0.8)*90*4+180)*20,-0,14)", 0, 0]
				},
				"leg_left": {
					"rotation": ["17.5 - math.cos((query.anim_time + 0.5) * 90 * 4) * -25 -math.clamp(math.sin((query.anim_time + 0)*90*4)*12,-8,12)", 0, 0],
					"position": [0, "0.5 - math.sin((query.anim_time +0.5) * 90 * 4) * -0.3", 0]
				},
				"leg_left2": {
					"rotation": ["-10 -math.clamp(math.sin((query.anim_time - 0.2)*90*4)*30,-30,12)", 0, 0]
				},
				"foot_left": {
					"rotation": ["-10 -math.clamp(math.sin((query.anim_time + 0.3)*90*4)*14,-6,14)", 0, 0]
				},
				"foot_left2": {
					"rotation": ["0 -math.clamp(math.sin((query.anim_time + 0.8)*90*4)*20,-0,14)", 0, 0]
				},
				"body": {
					"position": [0, 0.5, 0]
				},
				"ear_right": {
					"rotation": [0, "0 - math.cos(query.anim_time * 90 * 4 +190) * 2", "0 - math.cos(query.anim_time * 90 * 4 +190) * 3"]
				},
				"ear_left": {
					"rotation": [0, "0 - math.cos(query.anim_time * 90 * 4+190) * 2", "0 - math.cos(query.anim_time * 90 * 4+190) * 3"]
				},
				"arm_right": {
					"rotation": {
						"0.0": {
							"post": [4.77, -71.4, -9.63],
							"lerp_mode": "catmullrom"
						},
						"0.1667": {
							"post": [51.21104, -60.42364, -56.79485],
							"lerp_mode": "catmullrom"
						},
						"0.5": {
							"post": [58.71934, -32.47053, -34.63937],
							"lerp_mode": "catmullrom"
						},
						"0.875": {
							"post": [-17.88319, -71.88611, 18.89742],
							"lerp_mode": "catmullrom"
						},
						"1.1667": {
							"post": [51.21104, -60.42364, -56.79485],
							"lerp_mode": "catmullrom"
						},
						"1.5": {
							"post": [58.71934, -32.47053, -34.63937],
							"lerp_mode": "catmullrom"
						},
						"1.875": {
							"post": [-17.88319, -71.88611, 18.89742],
							"lerp_mode": "catmullrom"
						},
						"2.0": {
							"post": [4.77, -71.4, -9.63],
							"lerp_mode": "catmullrom"
						}
					},
					"position": {
						"0.0": [0, 0, -0.7],
						"0.2083": [0, 0, 0.21],
						"0.4167": [0, 0, -0.5],
						"0.5": [0, 0, 0],
						"0.875": [0, 0, -1.25],
						"1.0": [0, 0, -0.7],
						"1.2083": [0, 0, 0.21],
						"1.4167": [0, 0, -0.5],
						"1.5": [0, 0, 0],
						"1.875": [0, 0, -1.25],
						"2.0": [0, 0, -0.7]
					}
				},
				"arm_right2": {
					"rotation": {
						"0.0": [7.59001, -15.81499, -1.05573],
						"0.2917": [-5.58269, -21.64279, 43.80098],
						"0.5": [-4.6653, -16.88547, 40.69284],
						"1.0": [7.59001, -15.81499, -1.05573],
						"1.2917": [-5.58269, -21.64279, 43.80098],
						"1.5": [-4.6653, -16.88547, 40.69284],
						"2.0": [7.59001, -15.81499, -1.05573]
					}
				},
				"hand_right": {
					"rotation": {
						"0.0": [-10, 0, -31.25],
						"0.0833": [-20, 0, -30],
						"0.3333": [-1.50701, -4.76804, -24.93726],
						"0.5": [0, 0, -42.5],
						"0.625": [-20, -7.5, -43.75],
						"0.9167": [0, 0, -32.5],
						"1.0": [-10, 0, -31.25],
						"1.0833": [-20, 0, -30],
						"1.3333": [-1.50701, -4.76804, -24.93726],
						"1.5": [0, 0, -42.5],
						"1.625": [-20, -7.5, -43.75],
						"1.9167": [0, 0, -32.5],
						"2.0": [0, 0, -31.25]
					},
					"position": {
						"0.0": [0, 0, 0],
						"0.0833": [0, 0, 0],
						"0.3333": [0.5, 0, 0],
						"0.5": [0, 0, 0],
						"1.0": [0, 0, 0],
						"1.0833": [0, 0, 0],
						"1.3333": [0.5, 0, 0],
						"1.5": [0, 0, 0],
						"2.0": [0, 0, 0]
					}
				},
				"torso_top": {
					"rotation": ["-5*math.cos(query.anim_time*90*8)", 0, "math.sin((query.anim_time + 0.3) * 90 * 4) * 20"],
					"position": [0, "-0.3*math.cos(query.anim_time*90*8)", 0]
				}
			}
		},
		"animation.chimchar_delta.battle_idle": {
			"loop": true,
			"bones": {
				"body": {
					"position": [0, "0 - math.cos(query.anim_time * 90 * 8) * 0.4", 0]
				},
				"torso_bottom": {
					"rotation": [6.5, "0 - math.cos(query.anim_time * 90 * 4) * -4", "0 - math.cos(query.anim_time * 90 * 4) * -8"],
					"position": [0, "-0.5-math.cos(query.anim_time * 90 * 8-90) * 0.2", 0]
				},
				"torso_top": {
					"rotation": [15, "0 - math.cos(query.anim_time * 90 * 4) * 8", "0 - math.cos(query.anim_time * 90 * 4) * 4"]
				},
				"head": {
					"rotation": ["-15.5+math.cos(query.anim_time * 90 * 8 - 90) * -3", 0, "0 - math.cos(query.anim_time * 90 * 4 - 90) * -6"]
				},
				"hair_top": {
					"rotation": ["math.cos(query.anim_time * 90 * 8 - 90) * -2", 0, "0 - math.cos(query.anim_time * 90 * 4 - 90) * -8"]
				},
				"ear_right": {
					"rotation": [0, "0 - math.cos(query.anim_time * 90 * 4 - 90) * -8", 0]
				},
				"ear_left": {
					"rotation": [0, "0 - math.cos(query.anim_time * 90 * 4 - 90) * -8", 0]
				},
				"arm_right": {
					"rotation": [-12.95723, "-35.2931- math.cos(query.anim_time * 90 * 4 - 90) * 12", -35.65652]
				},
				"arm_right2": {
					"rotation": [0, "-55- math.cos(query.anim_time * 90 * 4 - 180) * 18", 0]
				},
				"hand_right": {
					"rotation": [0, 0, -20]
				},
				"finger_middle_right": {
					"rotation": [0, 0, -80]
				},
				"finger_index_right": {
					"rotation": [0, 0, -72.5]
				},
				"finger_thumb_right": {
					"rotation": [4.54175, 7.47415, -51.72692],
					"position": [0, -0.25, 0]
				},
				"arm_left": {
					"rotation": [-12.95723, "35.2931 - math.cos(query.anim_time * 90 * 4 - 90) * 12", 35.65652]
				},
				"arm_left2": {
					"rotation": [0, "55 - math.cos(query.anim_time * 90 * 4 - 180) * 18", 0]
				},
				"hand_left": {
					"rotation": [0, 0, 20]
				},
				"finger_middle_left": {
					"rotation": [0, 0, 80]
				},
				"finger_index_left": {
					"rotation": [0, 0, 72.5]
				},
				"finger_thumb_left": {
					"rotation": [4.54175, -7.47415, 51.72692],
					"position": [0, -0.25, 0]
				},
				"tail": {
					"rotation": ["0 - math.sin(query.anim_time * 90 * 4) * 8", 0, "0 - math.sin(query.anim_time * 90 * 8) * 8"]
				},
				"leg_right": {
					"rotation": ["-9.1196 - math.cos(query.anim_time * 90 * 8) * 6", 9.96156, -4.92327],
					"position": ["-0.5-0.1*math.cos(query.anim_time * 90*8)", -1, 0]
				},
				"leg_right2": {
					"rotation": ["20 - math.cos(query.anim_time * 90 * 8) * -8", 0, 0]
				},
				"foot_right": {
					"rotation": ["-10.5538 - math.cos(query.anim_time * 90 * 8) * 2", 11.12674, 0.85787],
					"position": ["0.05*math.cos(query.anim_time * 90*8)", 0, 0.25]
				},
				"leg_left": {
					"rotation": ["-9.1196 - math.cos(query.anim_time * 90 * 8) * 6", -9.96156, 4.92327],
					"position": ["0.5+0.1*math.cos(query.anim_time * 90*8)", -1, 0]
				},
				"leg_left2": {
					"rotation": ["20 - math.cos(query.anim_time * 90 * 8) * -8", 0, 0]
				},
				"foot_left": {
					"rotation": ["-10.5538 - math.cos(query.anim_time * 90 * 8) * 2", -11.12674, -0.8579],
					"position": ["-0.05*math.cos(query.anim_time * 90*8)", 0, 0.25]
				},
				"hair_top2": {
					"rotation": ["math.cos(query.anim_time * 90 * 8 - 130) * -2", 0, 0]
				},
				"hair_top3": {
					"rotation": ["math.cos(query.anim_time * 90 * 8 - 220) * -6", 0, 0]
				}
			}
		},
		"animation.chimchar_delta.faint": {
			"loop": true,
			"animation_length": 3,
			"bones": {
				"body": {
					"rotation": {
						"0.0": [0, 0, 0],
						"0.0833": [5, 0, 0],
						"0.1667": [17.5, 0, 0],
						"0.25": [20, 0, 0],
						"0.4167": [17.5, 0, 0],
						"0.6667": [-65, 0, 0],
						"0.7083": [-62.5, 0, 0],
						"0.7917": [-65, 0, 0]
					}
				},
				"torso_bottom": {
					"rotation": {
						"0.0": [2.5, 0, 0],
						"0.125": [-15, -2.5, 0],
						"0.2083": [4.97846, -7.49282, 0.32902],
						"0.5": [30, 0, 0],
						"0.6667": [-20, 0, 0],
						"0.75": [-30, 0, 0],
						"0.9167": [-30, 0, 0],
						"1.0833": [-27.5, 0, 0],
						"1.25": [-25, 0, 0],
						"1.4583": [-25.0547, 4.82922, -1.29717],
						"1.5417": [-25.0547, -4.82922, 1.29717],
						"1.6667": [-25, 0, 0],
						"1.8333": [-25.12353, 7.24305, -1.95155],
						"1.9167": [-25, 0, 0],
						"2.0": [-25.0547, -4.82922, 1.29717],
						"2.2083": [-25, 0, 0],
						"2.5": [-30, 0, 0]
					},
					"position": {
						"0.0": [0, 0, 0],
						"0.25": [0, 0, 0],
						"0.3333": [0, 0.25, -0.5],
						"0.5417": [0, 0, 0],
						"0.6667": [0, 0, 0],
						"1.25": [0, 0, 0],
						"1.4583": [-0.25, 0, 0],
						"1.5417": [0.25, 0, 0],
						"1.6667": [0, 0, 0],
						"1.8333": [-0.25, 0, 0],
						"1.9167": [0, 0, 0],
						"2.0": [0.25, 0, 0],
						"2.2083": [0, 0, 0]
					}
				},
				"torso_top": {
					"rotation": {
						"0.0": [0, 0, 0],
						"0.1667": [2.49762, -2.49762, 0.10912],
						"0.5": [42.5, 0, 0],
						"0.6667": [27.5, 0, 0],
						"0.7917": [45, 0, 0],
						"0.9167": [5, 0, 0],
						"1.25": [0, 0, 0],
						"1.3333": [0, 7.5, 0],
						"1.4583": [7.5, 10, 0],
						"1.5417": [12.5, -10, 0],
						"1.6667": [7.5, -5, 0],
						"1.7917": [0, 15, 0],
						"1.9167": [0, -5, 0],
						"2.0": [0, -10, 0],
						"2.2083": [0, -5, 0],
						"2.5": [5, 0, 0]
					}
				},
				"head": {
					"rotation": {
						"0.0": [-2.5, 0, 0],
						"0.0833": [-13.32887, 2.23322, -2.7409],
						"0.125": [-10.019, 4.98093, -0.43688],
						"0.25": [-5, 0, 0],
						"0.4583": [12.5, 0, 0],
						"0.625": [22.5, 0, 0],
						"0.6667": [-15, 0, 0],
						"0.8333": [10, 0, 0],
						"1.0833": [10, 0, 0],
						"1.4167": [35, 0, 0],
						"2.125": [35, 0, 0],
						"2.25": [2.5, 0, 0],
						"2.375": [13.25, 0, 0],
						"2.6667": [7.5, 0, 0]
					}
				},
				"hair_top": {
					"rotation": {
						"0.0": [0, 0, 0],
						"0.0833": [5, 0, 0],
						"0.1667": [5, 0, 0],
						"0.2083": [-7.5, 0, 0],
						"0.4583": [-7.5, 0, 0],
						"0.5417": [32.5, 0, 0],
						"0.75": [32.5, 0, 0],
						"0.7917": [-7.5, 0, 0],
						"1.125": [17.5, 0, 0],
						"1.3333": [17.5, 0, 0],
						"1.4583": [17.49294, -0.32621, 2.47864],
						"1.5417": [17.32417, 1.61888, -12.39638],
						"1.625": [17.32417, -1.61888, 12.39638],
						"1.8333": [17.43656, -0.9762, 7.43656],
						"1.9167": [17.32417, 1.61888, -12.39638],
						"2.1667": [17.32417, -1.61888, 12.39638],
						"2.25": [37.32417, -1.61888, 12.39638],
						"2.2917": [-6.17825, -0.92971, 11.06387],
						"2.4583": [7.31205, 1.82698, 5.73383],
						"2.75": [4.81205, 1.82698, 5.73383]
					}
				},
				"arm_right": {
					"rotation": {
						"0.0": [0, 7.5, -50.5],
						"0.2083": [-25.61779, 14.28199, -53.76316],
						"0.4167": [-13.84071, -41.45899, -55.91634],
						"0.5417": [-12.90283, -36.59422, -57.4044],
						"0.625": [-15.40283, -36.59422, -57.4044],
						"0.75": [-60.73723, 14.20408, 13.31268],
						"1.0833": [-45.58011, 13.91629, -2.43279],
						"1.4167": [-45.58, 13.92, -2.43],
						"1.5833": [-15.78908, -45.45089, -28.6557],
						"1.6667": [-13.8289, -48.50703, -31.26106],
						"1.8333": [-11.5285, 37.59234, -48.80088],
						"1.875": [-10.84529, 32.68714, -47.61499],
						"2.0": [-15.78908, -45.45089, -28.6557],
						"2.0833": [-13.8289, -48.50703, -31.26106],
						"2.25": [-11.5285, 37.59234, -48.80088],
						"2.2917": [-10.84529, 32.68714, -47.61499]
					}
				},
				"arm_right2": {
					"rotation": {
						"0.0": [0, -65, 0],
						"0.1667": [0, -65, 0],
						"0.2917": [0, -55, 0],
						"0.5": [0, -85, 0],
						"0.625": [15, -35, 0],
						"0.7917": [13.28286, -35.61095, 2.97068],
						"0.875": [11.36021, -18.50565, 7.14878],
						"1.25": [11.36, -18.51, 7.15],
						"1.4167": [12.55172, -30.74158, 4.3068],
						"1.4583": [11.36, -18.51, 7.15],
						"1.5417": [0, -65, 0]
					}
				},
				"hand_right": {
					"rotation": [0, 0, -5]
				},
				"finger_middle_right": {
					"rotation": {
						"0.0": [0, 0, -40],
						"1.25": [0, 0, -40],
						"1.3333": [0, 0, -77.5]
					}
				},
				"finger_index_right": {
					"rotation": {
						"0.0": [0, 0, -25],
						"1.25": [0, 0, -25],
						"1.3333": [0, 0, -70]
					}
				},
				"finger_thumb_right": {
					"rotation": {
						"0.0": [33.59794, 4.20256, -48.63781],
						"1.25": [33.6, 4.2, -48.64],
						"1.3333": [69.03679, 4.8606, -96.12628]
					}
				},
				"arm_left": {
					"rotation": {
						"0.0": [0, -7.5, 50.5],
						"0.2083": [-25.61779, -14.28199, 53.76316],
						"0.4167": [-13.84071, 41.45899, 55.91634],
						"0.5417": [-12.90283, 36.59422, 57.4044],
						"0.625": [-15.40283, 36.59422, 57.4044],
						"0.75": [-60.73723, -14.20408, -13.31268],
						"1.0833": [-45.58011, -13.91629, 2.43279],
						"1.2917": [-45.58, -13.92, 2.43],
						"1.375": [-42.52379, 41.53729, 32.6335],
						"1.4167": [-15.82015, 43.19978, 35.16104],
						"1.4583": [-12.8115, 40.76446, 35.92129],
						"1.5417": [-12.28464, -37.87499, 51.98175],
						"1.5833": [-11.89496, -35.43041, 51.32914],
						"1.875": [-15.82015, 43.19978, 35.16104],
						"1.9167": [-12.8115, 40.76446, 35.92129],
						"2.0": [-12.28464, -37.87499, 51.98175],
						"2.0417": [-11.89496, -35.43041, 51.32914]
					}
				},
				"arm_left2": {
					"rotation": {
						"0.0": [0, 65, 0],
						"0.1667": [0, 65, 0],
						"0.2917": [0, 52.5, 0],
						"0.5": [0, 85, 0],
						"0.625": [15, 35, 0],
						"0.7917": [13.28286, 35.61095, -2.97068],
						"0.875": [11.36021, 18.50565, -7.14878],
						"1.2917": [11.36, 18.51, -7.15],
						"1.375": [0, 65, 0]
					}
				},
				"finger_middle_left": {
					"rotation": {
						"0.0": [0, 0, 40],
						"1.25": [0, 0, 40],
						"1.3333": [0, 0, 77.5]
					}
				},
				"finger_index_left": {
					"rotation": {
						"0.0": [0, 0, 25],
						"1.25": [0, 0, 25],
						"1.3333": [0, 0, 70]
					}
				},
				"finger_thumb_left": {
					"rotation": {
						"0.0": [33.59794, -4.20256, 48.63781],
						"1.25": [33.6, -4.2, 48.64],
						"1.3333": [69.03679, -4.8606, 96.12628]
					}
				},
				"tail": {
					"rotation": [0, 0, "0 - math.sin((query.anim_time + 1) * 180) * 8"]
				},
				"eyelid_right": {
					"position": {
						"0.0": [0, 0, 0],
						"0.0833": [-0.1, 0, -0.1]
					}
				},
				"eyelid_left": {
					"position": {
						"0.0": [0, 0, 0],
						"0.0833": [0.1, 0, -0.1]
					}
				},
				"leg_right": {
					"rotation": {
						"0.0": [0, 0, 0],
						"0.5833": [0, 0, 0],
						"0.7083": [-60, 27.5, 0],
						"0.75": [-62.62924, 32.495, -0.25825],
						"0.9167": [-0.12924, 32.495, -0.25825],
						"1.0": [-2.62924, 32.495, -0.25825],
						"1.125": [-2.63, 32.5, -0.26],
						"1.4583": [-2.63, 32.5, -0.26],
						"1.5833": [-36.5479, 26.14485, 12.10382],
						"1.6667": [-39.0479, 26.14485, 12.10382],
						"1.7083": [10.9521, 26.14485, 12.10382],
						"1.875": [-4.0479, 26.14485, 12.10382],
						"2.0417": [-36.5479, 26.14485, 12.10382],
						"2.125": [-39.0479, 26.14485, 12.10382],
						"2.1667": [10.9521, 26.14485, 12.10382],
						"2.3333": [-4.0479, 26.14485, 12.10382]
					}
				},
				"leg_left": {
					"rotation": {
						"0.5833": [0, 0, 0],
						"0.7083": [-60, -27.5, 0],
						"0.7917": [-62.62924, -32.495, 0.25825],
						"1.0": [-0.12924, -32.495, 0.25825],
						"1.0833": [-2.62924, -32.495, 0.25825],
						"1.2083": [-2.63, -32.5, 0.26],
						"1.2917": [-2.63, -32.5, 0.26],
						"1.4167": [-36.5479, -26.14485, -12.10382],
						"1.5": [-39.0479, -26.14485, -12.10382],
						"1.5417": [10.9521, -26.14485, -12.10382],
						"1.7083": [-4.0479, -26.14485, -12.10382],
						"1.875": [-36.5479, -26.14485, -12.10382],
						"1.9583": [-39.0479, -26.14485, -12.10382],
						"2.0": [10.9521, -26.14485, -12.10382],
						"2.1667": [-4.0479, -26.14485, -12.10382]
					}
				},
				"foot_left": {
					"rotation": {
						"0.0": [0, 0, 0],
						"0.1667": [-17.5, 0, 0],
						"0.4167": [-17.5, 0, 0],
						"0.4583": [-2.5, 0, 0],
						"0.5417": [12.5, 0, 0],
						"0.625": [38.75, 0, 0],
						"0.7083": [25, 0, 0],
						"0.75": [-7.5, 0, 0],
						"0.9167": [15, 0, 0],
						"1.0833": [10, 0, 0]
					}
				},
				"ear_right": {
					"rotation": {
						"0.0": [0, 0, 0],
						"0.125": [0, 2.5, 0],
						"0.2917": [0, 7.5, 0],
						"0.4583": [0, -15, 0],
						"0.5833": [0, -27.5, 0],
						"0.75": [0, -27.5, 0],
						"0.7917": [0, 2.5, 0],
						"1.0833": [0, -5, 0]
					}
				},
				"ear_left": {
					"rotation": {
						"0.0": [0, 0, 0],
						"0.125": [0, -2.5, 0],
						"0.2917": [0, -7.5, 0],
						"0.4583": [0, 15, 0],
						"0.5833": [0, 27.5, 0],
						"0.75": [0, 27.5, 0],
						"0.7917": [0, -2.5, 0],
						"1.0833": [0, 5, 0]
					}
				},
				"leg_right2": {
					"rotation": {
						"1.4583": [0, 0, 0],
						"1.6667": [-10, 0, 0],
						"1.7083": [-35, 0, 0],
						"1.75": [-15, 0, 0],
						"1.9167": [0, 0, 0],
						"2.125": [-10, 0, 0],
						"2.1667": [-35, 0, 0],
						"2.2083": [-15, 0, 0],
						"2.3333": [0, 0, 0]
					}
				},
				"foot_right": {
					"rotation": {
						"0.0": [0, 0, 0],
						"0.1667": [-17.5, 0, 0],
						"0.4167": [-17.5, 0, 0],
						"0.4583": [-2.5, 0, 0],
						"0.5417": [12.5, 0, 0],
						"0.625": [41.25, 0, 0],
						"0.7083": [25, 0, 0],
						"0.75": [-7.5, 0, 0],
						"0.9167": [15, 0, 0],
						"1.0833": [10, 0, 0]
					}
				},
				"leg_left2": {
					"rotation": {
						"1.2917": [0, 0, 0],
						"1.5": [-10, 0, 0],
						"1.5417": [-35, 0, 0],
						"1.5833": [-15, 0, 0],
						"1.75": [0, 0, 0],
						"1.9583": [-10, 0, 0],
						"2.0": [-35, 0, 0],
						"2.0417": [-15, 0, 0],
						"2.1667": [0, 0, 0]
					}
				}
			}
		},
		"animation.chimchar_delta.blink": {
			"animation_length": 0.1667,
			"bones": {
				"eyelid_left": {
					"position": {
						"0.0": [0.1, 0, -0.1],
						"0.12": [0.1, 0, -0.1],
						"0.16": [0, 0, 0]
					}
				},
				"eyelid_right": {
					"position": {
						"0.0": [-0.1, 0, -0.1],
						"0.12": [-0.1, 0, -0.1],
						"0.16": [0, 0, 0]
					}
				}
			}
		},
		"animation.chimchar_delta.sleep": {
			"loop": true,
			"bones": {
				"body": {
					"position": [0, -4, 0]
				},
				"torso_bottom": {
					"rotation": ["0 - math.sin(query.anim_time * 90) * 2", 0, 0]
				},
				"torso_top": {
					"rotation": ["17.4561 - math.sin((query.anim_time + 0.2) * 90) * 2", 1.02823, -4.8934]
				},
				"head": {
					"rotation": ["18.1464 - math.sin((query.anim_time + 0.4) * 90) * -6", -2.17567, -10.95764]
				},
				"eyelid_right": {
					"position": [-0.1, 0, -0.1]
				},
				"eyelid_left": {
					"position": [0.1, 0, -0.1]
				},
				"hair_top": {
					"rotation": ["0 - math.sin((query.anim_time + 0.6) * 90) * -3", 0, 0]
				},
				"arm_right": {
					"rotation": [-6.09601, "-50.8329 - math.sin((query.anim_time + 0) * 90) * -4", -58.63265],
					"position": [0, 0, "0 - math.sin((query.anim_time + 0.2) * 90) * 0.3"]
				},
				"arm_right2": {
					"rotation": [17.1207, -38.34789, "-35.0867 - math.sin((query.anim_time + 0) * 90) * 4"]
				},
				"hand_right": {
					"rotation": [50.52242, -8.63241, -2.57659]
				},
				"finger_middle_right": {
					"rotation": [0, 0, -15]
				},
				"finger_index_right": {
					"rotation": [0, 0, -7.5]
				},
				"finger_thumb_right": {
					"rotation": [0, 0, -22.5]
				},
				"arm_left": {
					"rotation": [-6.09601, "50.8329 - math.sin((query.anim_time + 0) * 90) * 4", 58.63265],
					"position": [0, 0, "0 - math.sin((query.anim_time + 0.2) * 90) * 0.3"]
				},
				"arm_left2": {
					"rotation": [14.92735, 26.32776, "31.01 - math.sin((query.anim_time + 0) * 90) * -4"]
				},
				"hand_left": {
					"rotation": [59.50992, 11.53486, -4.8493]
				},
				"finger_middle_left": {
					"rotation": [0, 0, 12.5]
				},
				"finger_index_left": {
					"rotation": [0, 0, 7.5]
				},
				"finger_thumb_left": {
					"rotation": [0, 0, 22.5]
				},
				"tail": {
					"scale": "0.6 - math.sin(query.anim_time * 90 * 4) * 0.03"
				},
				"leg_right": {
					"rotation": [-75.67866, 19.77488, -49.01194],
					"position": [-1, 0, 0]
				},
				"leg_right2": {
					"rotation": [8.62409, 2.82591, -11.95694]
				},
				"foot_right2": {
					"rotation": ["12.5 - math.sin((query.anim_time + 0.5) * 90) * -6", 0, 0]
				},
				"leg_left": {
					"rotation": [-75.6787, -19.77488, 49.01194],
					"position": [1, 0, 0]
				},
				"leg_left2": {
					"rotation": [8.6241, -2.82591, 11.95694]
				},
				"foot_left": {
					"rotation": [0, -2.5, 0],
					"position": [0, 0, 0]
				},
				"foot_left2": {
					"rotation": ["15 - math.sin((query.anim_time + 0.4) * 90) * -6", 0, 0]
				}
			}
		}
	}
}