{
	"format_version": "1.8.0",
	"animations": {
		"animation.emolga_delta.ground_idle": {
			"loop": true,
			"bones": {
				"body": {
					"rotation": ["Math.cos((query.anim_time) * 90 * 2) * 0.5", 0, 0],
					"position": [0, 0, 0]
				},
				"tail": {
					"rotation": [7.5, "math.sin(q.anim_time*90*2+0)*1.5", 0]
				},
				"tail2": {
					"rotation": ["30+math.sin(q.anim_time*90*2+0)*1.5", 0, 0]
				},
				"tail3": {
					"rotation": [22.5, 0, 0]
				},
				"tail4": {
					"rotation": ["15-math.sin(q.anim_time*90*3+0)*1.5", 0, 0]
				},
				"tailtip": {
					"rotation": [12.5, 0, 0]
				},
				"rightarm": {
					"rotation": [0, 0, "-27.5-math.sin(q.anim_time*90*2+0)*1.5"]
				},
				"leftarm": {
					"rotation": [0, 0, "27.5+math.sin(q.anim_time*90*2+0)*1.5"]
				}
			}
		},
		"animation.emolga_delta.ground_walk": {
			"loop": true,
			"bones": {
				"body": {
					"rotation": ["Math.cos(query.anim_time*90*4+20) * 1.5", 0, 0],
					"position": [0, 0, 0]
				},
				"tail": {
					"rotation": [7.5, "math.sin(query.anim_time*90*4+20)*1.5", 0]
				},
				"tail2": {
					"rotation": ["30+math.sin(query.anim_time*90*4+20)*1.5", 0, 0]
				},
				"tail3": {
					"rotation": ["22.5+math.sin(query.anim_time*90*4+20)*1.5", 0, 0]
				},
				"tail4": {
					"rotation": ["15-math.sin(q.anim_time*90*3+0)*1.5", 0, 0]
				},
				"tailtip": {
					"rotation": ["12.5+math.sin(query.anim_time*90*4+20)*1.5", 0, 0]
				},
				"rightarm": {
					"rotation": [0, 0, "-27.5-math.sin(query.anim_time*90*4+20)*1.5"]
				},
				"leftarm": {
					"rotation": [0, 0, "27.5+math.sin(query.anim_time*90*4+20)*1.5"]
				},
				"leftfoot": {
					"rotation": ["12*math.sin(query.anim_time*90*4+20)", 0, 0]
				},
				"rightfoot": {
					"rotation": ["-12*math.sin(query.anim_time*90*4+20)", 0, 0]
				}
			}
		},
		"animation.emolga_delta.sleep": {
			"loop": true,
			"bones": {
				"body": {
					"rotation": ["17.5+Math.cos((query.anim_time) * 90 * 2) * 0.5", 0, -90]
				},
				"head": {
					"rotation": [55, 0, 0]
				},
				"lefteye": {
					"position": [0, 0, 1]
				},
				"righteye": {
					"position": [0, 0, 1]
				},
				"lefteyelid": {
					"position": [0, 0, -0.3]
				},
				"righteyelid": {
					"position": [0, 0, -0.3]
				},
				"tail": {
					"rotation": [-107.5, 0, 0]
				},
				"tail2": {
					"rotation": [-40, 0, 0]
				},
				"tail3": {
					"rotation": [-70, 0, 0]
				},
				"tail4": {
					"rotation": [-30, 0, 0]
				},
				"tailtip": {
					"rotation": [-22.5, 0, 0]
				},
				"rightarm": {
					"rotation": [0, -60, 0]
				},
				"leftarm": {
					"rotation": [0, 65, 0]
				}
			}
		}
	}
}