{
	"format_version": "1.8.0",
	"animations": {
		"animation.hoothoot_delta.ground_idle": {
			"loop": true,
			"bones": {
				"leg_right": {
					"rotation": [0, 0, "0+math.sin(q.anim_time*90*2+0)*2"],
					"position": ["2.4+math.sin(q.anim_time*90*2+0)*0.13", 0, 0]
				},
				"leg_left": {
					"rotation": [0, 0, "math.sin(q.anim_time*90*2+0)*2"],
					"position": ["-2.4+math.sin(q.anim_time*90*2+0)*0.13", 6, 0]
				},
				"tail": {
					"rotation": ["-22.5+math.sin(q.anim_time*90*4-60+90)*1.5", "0+math.sin(q.anim_time*90*2-40+180)*2.5", "0+math.sin(q.anim_time*90*2-45)*1"]
				},
				"wing_right": {
					"rotation": [-67.5, "22.5+math.sin(q.anim_time*90*2-60+180)*3", "-22.5+math.sin(q.anim_time*90*2-60)*5"]
				},
				"wing_left": {
					"rotation": [-60, "-22.5+math.sin(q.anim_time*90*2-60+180)*3", "22.5+math.sin(q.anim_time*90*2-60)*5"]
				},
				"pupil_right": {
					"position": [-0.5, 0, 0]
				},
				"pupil_left": {
					"position": [0.5, 0, 0]
				},
				"foot_right": {
					"rotation": [0, 0, "0+math.sin(q.anim_time*90*2+180)*2"]
				},
				"torso": {
					"rotation": ["0+math.sin(q.anim_time*90*4-30+90)*1", "0+math.sin(q.anim_time*90*2-30+180)*1", "0+math.sin(q.anim_time*90*2-30)*2"],
					"position": ["0+math.sin(q.anim_time*90*2-15)*0.125", 0, 0]
				},
				"horn_left": {
					"rotation": [0, 0, "0+math.sin(q.anim_time*90*2-60)*1.5"]
				},
				"horn_right": {
					"rotation": [0, 0, "0+math.sin(q.anim_time*90*2-60)*1.5"]
				},
				"foot_left": {
					"rotation": [0, 0, "0+math.sin(q.anim_time*90*2+180)*2"]
				}
			}
		},
		"animation.hoothoot_delta.battle_idle": {
			"loop": true,
			"bones": {
				"leg_right": {
					"rotation": [
						0,
						0,
						"0+math.sin(q.anim_time*90*2+0)*3+math.clamp(math.sin(query.anim_time*90*2*1+0)*4,-2.5,0)+math.clamp(math.sin(query.anim_time*90*2*1+0)*4,-0,2.5)"
					],
					"position": [
						"2.4+math.sin(q.anim_time*90*2+0)*0.175+math.clamp(math.sin(query.anim_time*90*2*1+0)*0.175,-0,0.11)+math.clamp(math.sin(query.anim_time*90*2*1+0)*0.175,-0.11,0)",
						0,
						0
					]
				},
				"leg_left": {
					"rotation": [
						0,
						0,
						"0+math.sin(q.anim_time*90*2+0)*3+math.clamp(math.sin(query.anim_time*90*2*1+0)*4,-2.5,0)+math.clamp(math.sin(query.anim_time*90*2*1+0)*4,-0,2.5)"
					],
					"position": [
						"-2.4+math.sin(q.anim_time*90*2+0)*0.175+math.clamp(math.sin(query.anim_time*90*2*1+0)*0.175,-0,0.11)+math.clamp(math.sin(query.anim_time*90*2*1+0)*0.175,-0.11,0)",
						6,
						0
					]
				},
				"tail": {
					"rotation": [-22.5, "0+math.sin(q.anim_time*90*2-40+180)*5.5", "0+math.sin(q.anim_time*90*2-45)*2"]
				},
				"wing_right": {
					"rotation": [0, "22.5+math.sin(q.anim_time*90*2-60+180)*3", "-22.5+math.sin(q.anim_time*90*2-60)*7.5"]
				},
				"wing_left": {
					"rotation": [0, "-22.5+math.sin(q.anim_time*90*2-60+180)*3", "22.5+math.sin(q.anim_time*90*2-60)*7.5"]
				},
				"pupil_right": {
					"position": [-0.5, 0, 0]
				},
				"pupil_left": {
					"position": [0.5, 0, 0]
				},
				"foot_right": {
					"rotation": [
						0,
						0,
						"0+math.sin(q.anim_time*90*2+180)*3+math.clamp(math.sin(query.anim_time*90*2*1+180)*4,-2.5,0)+math.clamp(math.sin(query.anim_time*90*2*1+180)*4,-0,2.5)"
					]
				},
				"torso": {
					"rotation": [
						"0+math.sin(q.anim_time*90*4-30+90)*3",
						"0+math.sin(q.anim_time*90*2-30+180)*3",
						"0+math.sin(q.anim_time*90*2-30)*3+math.clamp(math.sin(query.anim_time*90*2*1-20)*6,-5,0)+math.clamp(math.sin(query.anim_time*90*2*1-20)*6,-0,5)"
					],
					"position": [
						"0+math.sin(q.anim_time*90*2-15)*0.25+math.clamp(math.sin(query.anim_time*90*2*1-20)*0.125,-0.07,0)+math.clamp(math.sin(query.anim_time*90*2*1-20)*0.125,-0,0.07)",
						0,
						0
					]
				},
				"horn_left": {
					"rotation": [0, 0, "0+math.sin(q.anim_time*90*2-60)*2.5"]
				},
				"horn_right": {
					"rotation": [0, 0, "0+math.sin(q.anim_time*90*2-60)*2.5"]
				},
				"foot_left": {
					"rotation": [
						0,
						0,
						"0+math.sin(q.anim_time*90*2+180)*3+math.clamp(math.sin(query.anim_time*90*2*1+180)*4,-2.5,0)+math.clamp(math.sin(query.anim_time*90*2*1+180)*4,-0,2.5)"
					]
				}
			}
		},
		"animation.hoothoot_delta.ground_walk": {
			"loop": true,
			"animation_length": 1.58333,
			"bones": {
				"leg_right": {
					"rotation": [
						"0+math.sin(q.anim_time*90*5+0)*10+math.clamp(math.sin(query.anim_time*90*5*1+0)*14,-12,0)+math.clamp(math.sin(query.anim_time*90*5*1+0)*30,-0,20)",
						0,
						"0+math.sin(q.anim_time*90*2.5+110+180)*3"
					],
					"position": [2.4, "0.25+math.sin(q.anim_time*90*5-90)*0.5", "0+math.sin(q.anim_time*90*5-0)*0.5"]
				},
				"leg_left": {
					"rotation": [0, 0, 0],
					"position": [-2.4, 6, -1]
				},
				"tail": {
					"rotation": ["-12.5+math.sin(q.anim_time*90*5+80)*15", "0+math.sin(q.anim_time*90*2.5+800)*5", 0]
				},
				"wing_right": {
					"rotation": [0, "22.5+math.sin(q.anim_time*90*5+260)*7.5", "-25+math.sin(q.anim_time*90*5+260)*15.5"]
				},
				"wing_left": {
					"rotation": [0, "-22.5+math.sin(q.anim_time*90*5+80)*7.5", "25+math.sin(q.anim_time*90*5+80)*15.5"]
				},
				"pupil_right": {
					"position": [-0.5, 0, 0]
				},
				"pupil_left": {
					"position": [0.5, 0, 0]
				},
				"delta_hoothoot_delta": {
					"position": ["0+math.sin(q.anim_time*90*2.5-110)*0.2", 0, "0+math.sin(q.anim_time*90*5-330)*1.5"]
				},
				"body": {
					"position": {
						"0.0": [0, 0, 0],
						"0.0833": [0, 0, 0],
						"0.125": [0, 0.75, 0],
						"0.25": [0, 5.5, 0],
						"0.375": [0, 6.5, 0],
						"0.4583": [0, 5.5, 0],
						"0.5417": [0, 1.75, 0],
						"0.5833": [0, 0.75, 0],
						"0.6667": [0, -0.7, 0],
						"0.7917": [0, 0, 0],
						"0.875": [0, 0, 0],
						"0.9167": [0, 0.75, 0],
						"1.0417": [0, 5.5, 0],
						"1.1667": [0, 6.5, 0],
						"1.25": [0, 5.5, 0],
						"1.3333": [0, 1.75, 0],
						"1.375": [0, 0.75, 0],
						"1.4583": [0, -0.7, 0],
						"1.5833": [0, 0, 0]
					}
				},
				"foot_right": {
					"rotation": [
						"0+math.sin(q.anim_time*90*5-15)*5+math.clamp(math.sin(query.anim_time*90*5*1-15)*5,-5,0)+math.clamp(math.sin(query.anim_time*90*5*1-15)*20,-0,17.5)",
						0,
						0
					]
				},
				"toe4_right": {
					"rotation": {
						"0.0": [0, 0, 0],
						"0.0833": [-12.5, 0, 0],
						"0.2083": [15, 0, 0],
						"0.5": [26.5, 0, 0],
						"0.7083": [22.5, 0, 0],
						"0.7917": [0, 0, 0],
						"0.875": [-10, 0, 0],
						"1.0": [15, 0, 0],
						"1.2917": [26.5, 0, 0],
						"1.5": [20, 0, 0],
						"1.5833": [0, 0, 0]
					}
				},
				"toe3_right": {
					"rotation": {
						"0.0": [0, 0, 0],
						"0.0833": [-15, 0, 0],
						"0.2083": [12.5, 0, 0],
						"0.5": [22.5, 0, 0],
						"0.7083": [20, 0, 0],
						"0.7917": [0, 0, 0],
						"0.875": [-12.5, 0, 0],
						"1.0": [12.5, 0, 0],
						"1.2917": [22.5, 0, 0],
						"1.5": [20, 0, 0],
						"1.5833": [0, 0, 0]
					}
				},
				"toe2_right": {
					"rotation": {
						"0.0": [0, 0, 0],
						"0.0833": [-12.5, 0, 0],
						"0.2083": [12.5, 0, 0],
						"0.5": [22.5, 0, 0],
						"0.7083": [20, 0, 0],
						"0.7917": [0, 0, 0],
						"0.875": [-15, 0, 0],
						"1.0": [12.5, 0, 0],
						"1.2917": [22.5, 0, 0],
						"1.5": [20, 0, 0],
						"1.5833": [0, 0, 0]
					}
				},
				"toe1_right": {
					"rotation": {
						"0.0": [0, 0, 0],
						"0.0833": [-10, 0, 0],
						"0.2083": [15, 0, 0],
						"0.5": [26.5, 0, 0],
						"0.7083": [20, 0, 0],
						"0.7917": [0, 0, 0],
						"0.875": [-12.5, 0, 0],
						"1.0": [15, 0, 0],
						"1.2917": [26.5, 0, 0],
						"1.5": [22.5, 0, 0],
						"1.5833": [0, 0, 0]
					}
				},
				"backtoe_right": {
					"rotation": {
						"0.0": [0, 0, 0],
						"0.0833": [-5, 0, 0],
						"0.2083": [-27.5, 0, 0],
						"0.5": [-17.5, 0, 0],
						"0.5833": [2.5, 0, 0],
						"0.6667": [27.5, 0, 0],
						"0.7083": [20, 0, 0],
						"0.7917": [0, 0, 0],
						"0.875": [-5, 0, 0],
						"1.0": [-27.5, 0, 0],
						"1.2917": [-17.5, 0, 0],
						"1.375": [2.5, 0, 0],
						"1.4583": [27.5, 0, 0],
						"1.5": [20, 0, 0],
						"1.5833": [0, 0, 0]
					}
				},
				"torso": {
					"rotation": ["0+math.sin(q.anim_time*90*5+110)*10", "0+math.sin(q.anim_time*90*2.5+110)*1.5", "0+math.sin(q.anim_time*90*2.5+110)*3"],
					"position": {
						"0.0": [0, "0+math.sin(q.anim_time*90*5-120)*0.5", 0],
						"0.0833": [0, "-0.25+math.sin(q.anim_time*90*5-120)*0.5", 0],
						"0.1667": [0, "0+math.sin(q.anim_time*90*5-120)*0.5", 0],
						"0.625": [0, "0+math.sin(q.anim_time*90*5-120)*0.5", 0],
						"0.6667": [0, "-0.5+math.sin(q.anim_time*90*5-120)*0.5", 0],
						"0.7083": [0, "-0.8+math.sin(q.anim_time*90*5-120)*0.5", 0],
						"0.75": [0, "-0.4+math.sin(q.anim_time*90*5-120)*0.5", 0],
						"0.7917": [0, "0+math.sin(q.anim_time*90*5-120)*0.5", 0],
						"0.875": [0, "-0.25+math.sin(q.anim_time*90*5-120)*0.5", 0],
						"0.9583": [0, "0+math.sin(q.anim_time*90*5-120)*0.5", 0],
						"1.4167": [0, "0+math.sin(q.anim_time*90*5-120)*0.5", 0],
						"1.4583": [0, "-0.5+math.sin(q.anim_time*90*5-120)*0.5", 0],
						"1.5": [0, "-0.8+math.sin(q.anim_time*90*5-120)*0.5", 0],
						"1.5417": [0, "-0.4+math.sin(q.anim_time*90*5-120)*0.5", 0],
						"1.5833": [0, "0+math.sin(q.anim_time*90*5-120)*0.5", 0]
					}
				}
			}
		},
		"animation.hoothoot_delta.ground_run": {
			"loop": true,
			"animation_length": 1.58333,
			"bones": {
				"leg_right": {
					"rotation": {
						"0.0": [
							"0+math.sin(q.anim_time*90*5+0)*10+math.clamp(math.sin(query.anim_time*90*5*1+0)*14,-12,0)+math.clamp(math.sin(query.anim_time*90*5*1+0)*30,-0,20)",
							0,
							0
						],
						"0.25": [
							"math.sin(q.anim_time*90*5+0)*10+math.clamp(math.sin(query.anim_time*90*5*1+0)*14,-12,0)+math.clamp(math.sin(query.anim_time*90*5*1+0)*30,-0,20)",
							0,
							0
						],
						"0.2917": [28, 0, 0],
						"1.2917": [-16, 0, 0],
						"1.3333": [
							"0+math.sin(q.anim_time*90*5+0)*10+math.clamp(math.sin(query.anim_time*90*5*1+0)*14,-12,0)+math.clamp(math.sin(query.anim_time*90*5*1+0)*30,-0,20)",
							0,
							0
						],
						"1.5833": [
							"3.25+math.sin(q.anim_time*90*5+0)*10+math.clamp(math.sin(query.anim_time*90*5*1+0)*14,-12,0)+math.clamp(math.sin(query.anim_time*90*5*1+0)*30,-0,20)",
							0,
							0
						]
					},
					"position": {
						"0.0": [2.4, "0.25+math.sin(q.anim_time*90*5-90)*0.5", "0+math.sin(q.anim_time*90*5-0)*0.5"],
						"0.3333": [2.4, 1, 0],
						"1.1667": [2.4, 0.75, 0],
						"1.2083": [2.4, "0.25+math.sin(q.anim_time*90*5-90)*0.5", "0+math.sin(q.anim_time*90*5-0)*0.5"],
						"1.5833": [2.4, "0.25+math.sin(q.anim_time*90*5-90)*0.5", "0+math.sin(q.anim_time*90*5-0)*0.5"]
					}
				},
				"leg_left": {
					"rotation": [0, 0, 0],
					"position": [-2.4, 6, -1]
				},
				"tail": {
					"rotation": {
						"0.0": ["-12.5+math.sin(q.anim_time*90*5+80)*15", 0, 0],
						"0.4167": ["-12.5+math.sin(q.anim_time*90*5+80)*15", 0, 0],
						"0.4583": ["-30+math.sin(q.anim_time*90*10+80)*2.5", 0, 0],
						"0.9583": ["-26+math.sin(q.anim_time*90*10+80)*2.5", 0, 0],
						"1.0417": [-22, 0, 0],
						"1.2083": [2, 0, 0],
						"1.25": [5, 0, 0],
						"1.2917": [5, 0, 0],
						"1.3333": [2, 0, 0],
						"1.4583": ["-14.5+math.sin(q.anim_time*90*5+80)*15", 0, 0],
						"1.5833": ["-12.5+math.sin(q.anim_time*90*5+80)*15", 0, 0]
					}
				},
				"wing_right": {
					"rotation": {
						"0.0": [0, "22.5+math.sin(q.anim_time*90*5+260)*7.5", "-25+math.sin(q.anim_time*90*5+260)*15.5"],
						"0.125": [0, "22.5+math.sin(q.anim_time*90*5+260)*7.5", "-25+math.sin(q.anim_time*90*5+260)*15.5"],
						"0.25": [0, "22.5+math.sin(q.anim_time*90*10+260)*17.5", "-15+math.sin(q.anim_time*90*10+260)*30.5"],
						"1.25": [0, "22.5+math.sin(q.anim_time*90*10+260)*17.5", "-15+math.sin(q.anim_time*90*10+260)*30.5"],
						"1.375": [0, "22.5+math.sin(q.anim_time*90*5+260)*7.5", "-25+math.sin(q.anim_time*90*5+260)*15.5"],
						"1.5833": [0, "22.5+math.sin(q.anim_time*90*5+260)*7.5", "-25+math.sin(q.anim_time*90*5+260)*15.5"]
					}
				},
				"wing_left": {
					"rotation": {
						"0.0": [0, "-22.5+math.sin(q.anim_time*90*5+80)*7.5", "25+math.sin(q.anim_time*90*5+80)*15.5"],
						"0.125": [0, "-22.5+math.sin(q.anim_time*90*5+80)*7.5", "25+math.sin(q.anim_time*90*5+80)*15.5"],
						"0.25": [0, "-22.5+math.sin(q.anim_time*90*10+80)*17.5", "15+math.sin(q.anim_time*90*10+80)*30.5"],
						"1.25": [0, "-22.5+math.sin(q.anim_time*90*10+80)*17.5", "15+math.sin(q.anim_time*90*10+80)*30.5"],
						"1.375": [0, "-22.5+math.sin(q.anim_time*90*5+80)*7.5", "25+math.sin(q.anim_time*90*5+80)*15.5"],
						"1.5833": [0, "-22.5+math.sin(q.anim_time*90*5+80)*7.5", "25+math.sin(q.anim_time*90*5+80)*15.5"]
					}
				},
				"pupil_right": {
					"position": [-0.5, 0, 0]
				},
				"pupil_left": {
					"position": [0.5, 0, 0]
				},
				"delta_hoothoot_delta": {
					"position": {
						"0.0": [0, 0, "0+math.sin(q.anim_time*90*5-330)*2.5"],
						"0.0833": [0, 0, "0+math.sin(q.anim_time*90*5-330)*2.5"],
						"0.125": [0, 0, 2.5],
						"1.2917": [0, 0, -2.5],
						"1.3333": [0, 0, "0+math.sin(q.anim_time*90*5-330)*2.5"],
						"1.5833": [0, 0, "0.25+math.sin(q.anim_time*90*5-330)*2.5"]
					}
				},
				"body": {
					"position": {
						"0.0": [0, 0, 0],
						"0.0833": [0, 0, 0],
						"0.125": [0, 0.75, 0],
						"0.25": [0, 6.5, 0],
						"0.2917": [0, 7.5, 0],
						"0.3333": [0, "9.5+math.sin(q.anim_time*90*10+50)*1", 0],
						"0.4167": [0, "9.75+math.sin(q.anim_time*90*10+50)*1", 0],
						"0.9167": [0, "9.75+math.sin(q.anim_time*90*10+50)*1", 0],
						"1.0": [0, "9.5+math.sin(q.anim_time*90*10+50)*1", 0],
						"1.0417": [0, 7.5, 0],
						"1.0833": [0, 6.5, 0],
						"1.2083": [0, 2.5, 0],
						"1.2917": [0, 0.55, 0],
						"1.375": [0, -0.15, 0],
						"1.4583": [0, -0.7, 0],
						"1.5833": [0, 0, 0]
					}
				},
				"foot_right": {
					"rotation": {
						"0.0": [
							"0+math.sin(q.anim_time*90*5-15)*5+math.clamp(math.sin(query.anim_time*90*5*1-15)*5,-5,0)+math.clamp(math.sin(query.anim_time*90*5*1-15)*20,-0,17.5)",
							0,
							0
						],
						"0.2083": [
							"math.sin(q.anim_time*90*5-15)*5+math.clamp(math.sin(query.anim_time*90*5*1-15)*5,-5,0)+math.clamp(math.sin(query.anim_time*90*5*1-15)*20,-0,17.5)",
							0,
							0
						],
						"0.25": [21, 0, 0],
						"1.25": [-2, 0, 0],
						"1.2917": [
							"0+math.sin(q.anim_time*90*5-15)*5+math.clamp(math.sin(query.anim_time*90*5*1-15)*5,-5,0)+math.clamp(math.sin(query.anim_time*90*5*1-15)*20,-0,17.5)",
							0,
							0
						],
						"1.5833": [
							"1.25+math.sin(q.anim_time*90*5-15)*5+math.clamp(math.sin(query.anim_time*90*5*1-15)*5,-5,0)+math.clamp(math.sin(query.anim_time*90*5*1-15)*20,-0,17.5)",
							0,
							0
						]
					}
				},
				"toe4_right": {
					"rotation": {
						"0.0": [0, 0, 0],
						"0.0833": [-12.5, 0, 0],
						"0.2083": [15, 0, 0],
						"0.4583": [24, 0, 0],
						"1.2917": [26.5, 0, 0],
						"1.5": [20, 0, 0],
						"1.5833": [0, 0, 0]
					}
				},
				"toe3_right": {
					"rotation": {
						"0.0": [0, 0, 0],
						"0.0833": [-17.5, 0, 0],
						"0.2083": [12.5, 0, 0],
						"0.5": [24, 0, 0],
						"1.2917": [22.5, 0, 0],
						"1.5": [20, 0, 0],
						"1.5833": [0, 0, 0]
					}
				},
				"toe2_right": {
					"rotation": {
						"0.0": [0, 0, 0],
						"0.0833": [-17.5, 0, 0],
						"0.2083": [12.5, 0, 0],
						"0.5": [24, 0, 0],
						"1.2917": [22.5, 0, 0],
						"1.5": [20, 0, 0],
						"1.5833": [0, 0, 0]
					}
				},
				"toe1_right": {
					"rotation": {
						"0.0": [0, 0, 0],
						"0.0833": [-12.5, 0, 0],
						"0.2083": [15, 0, 0],
						"0.4583": [24, 0, 0],
						"1.2917": [26.5, 0, 0],
						"1.5": [20, 0, 0],
						"1.5833": [0, 0, 0]
					}
				},
				"backtoe_right": {
					"rotation": {
						"0.0": [0, 0, 0],
						"0.0833": [-5, 0, 0],
						"0.2083": [-27.5, 0, 0],
						"0.375": [-35.5, 0, 0],
						"0.625": [-33.5, 0, 0],
						"1.0833": [-26.5, 0, 0],
						"1.2083": [-22.5, 0, 0],
						"1.2917": [-17.5, 0, 0],
						"1.375": [2.5, 0, 0],
						"1.4583": [27.5, 0, 0],
						"1.5": [20, 0, 0],
						"1.5833": [0, 0, 0]
					}
				},
				"torso": {
					"rotation": {
						"0.0": ["0+math.sin(q.anim_time*90*5+110)*10", 0, 0],
						"0.375": ["-7+math.sin(q.anim_time*90*5+110)*10", 0, 0],
						"0.4167": [-17, 0, 0],
						"0.5417": [-17, 0, 0],
						"0.9167": [-10, 0, 0],
						"1.375": [7, 0, 0],
						"1.5": [10, 0, 0],
						"1.5833": ["-0.5+math.sin(q.anim_time*90*5+110)*10", 0, 0]
					},
					"position": {
						"0.0": [0, "0+math.sin(q.anim_time*90*5-120)*0.5", 0],
						"0.0833": [0, "-0.25+math.sin(q.anim_time*90*5-120)*0.5", 0],
						"0.1667": [0, "0+math.sin(q.anim_time*90*5-120)*0.5", 0],
						"1.4167": [0, "0+math.sin(q.anim_time*90*5-120)*0.5", 0],
						"1.4583": [0, "-0.5+math.sin(q.anim_time*90*5-120)*0.5", 0],
						"1.5": [0, "-0.8+math.sin(q.anim_time*90*5-120)*0.5", 0],
						"1.5417": [0, "-0.4+math.sin(q.anim_time*90*5-120)*0.5", 0],
						"1.5833": [0, "0+math.sin(q.anim_time*90*5-120)*0.5", 0]
					}
				}
			}
		},
		"animation.hoothoot_delta.air_idle": {
			"loop": true,
			"bones": {
				"leg_right": {
					"rotation": ["-40+math.sin(q.anim_time*90*5-60)*5", 20, "-7.5+math.sin(q.anim_time*90*5-45+180)*2.5"]
				},
				"leg_left": {
					"rotation": ["-40+math.sin(q.anim_time*90*5-60)*5", -20, "7.5+math.sin(q.anim_time*90*5-45)*2.5"]
				},
				"tail": {
					"rotation": ["-35+math.sin(q.anim_time*90*5-60+180)*7.5", "0+math.sin(q.anim_time*90*2.5-60)*2", 0]
				},
				"wing_right": {
					"rotation": ["-20+math.sin(q.anim_time*90*5+20)*20", "10+math.sin(q.anim_time*90*5+180)*5", "-22.5+math.sin(q.anim_time*90*5+180)*55"]
				},
				"wing_left": {
					"rotation": ["-20+math.sin(q.anim_time*90*5+20)*20", "-10+math.sin(q.anim_time*90*5+0)*5", "22.5+math.sin(q.anim_time*90*5+0)*55"]
				},
				"pupil_right": {
					"position": [-0.5, 0, 0]
				},
				"pupil_left": {
					"position": [0.5, 0, 0]
				},
				"body": {
					"rotation": ["0+math.sin(q.anim_time*90*5-30+180)*2.5", 0, "0+math.sin(q.anim_time*90*2.5-165)*1.25"],
					"position": ["0+math.sin(q.anim_time*90*2.5-165)*0.25", "0+math.sin(q.anim_time*90*5-75)*1", 0]
				},
				"foot_right": {
					"rotation": ["-10+math.sin(q.anim_time*90*5-90)*7.5", 0, 0]
				},
				"toe4_right": {
					"rotation": [17.5, 5, -20]
				},
				"toe3_right": {
					"rotation": [25, 0, 0]
				},
				"toe2_right": {
					"rotation": [25, 0, 0]
				},
				"toe1_right": {
					"rotation": [17.5, -5, 20]
				},
				"backtoe_right": {
					"rotation": [-40, 0, 0]
				},
				"foot_left": {
					"rotation": ["-10+math.sin(q.anim_time*90*5-90)*7.5", 0, 0]
				},
				"toe4_left": {
					"rotation": [17.5, -5, 20]
				},
				"toe3_left": {
					"rotation": [25, 0, 0]
				},
				"toe2_left": {
					"rotation": [25, 0, 0]
				},
				"toe1_left": {
					"rotation": [17.5, 5, -20]
				},
				"backtoe_left": {
					"rotation": [-40, 0, 0]
				},
				"torso": {
					"rotation": [0, 0, 0]
				},
				"horn_left": {
					"rotation": [0, 0, "1+math.sin(q.anim_time*90*5-100)*1.5"]
				},
				"horn_right": {
					"rotation": [0, 0, "-1+math.sin(q.anim_time*90*5-280)*1.5"]
				}
			}
		},
		"animation.hoothoot_delta.air_fly": {
			"loop": true,
			"bones": {
				"leg_right": {
					"rotation": ["50+math.sin(q.anim_time*90*5-60+180)*5", -10, "7.5+math.sin(q.anim_time*90*5-45)*2.5"]
				},
				"leg_left": {
					"rotation": ["50+math.sin(q.anim_time*90*5-60+180)*5", 10, "-7.5+math.sin(q.anim_time*90*5-45)*2.5"]
				},
				"tail": {
					"rotation": ["-42.5+math.sin(q.anim_time*90*5-60+180)*7.5", "math.sin(q.anim_time*90*2.5-60)*2", 0]
				},
				"wing_right": {
					"rotation": ["-27.5+math.sin(q.anim_time*90*5+20)*20", "10+math.sin(q.anim_time*90*5+180)*5", "-22.5+math.sin(q.anim_time*90*5+180)*55"]
				},
				"wing_left": {
					"rotation": ["-27.5+math.sin(q.anim_time*90*5+20)*20", "-10+math.sin(q.anim_time*90*5+0)*5", "22.5+math.sin(q.anim_time*90*5+0)*55"]
				},
				"pupil_right": {
					"position": [-0.5, 0, 0]
				},
				"pupil_left": {
					"position": [0.5, 0, 0]
				},
				"body": {
					"rotation": ["0+math.sin(q.anim_time*90*5-30+180)*2.5", 0, "0+math.sin(q.anim_time*90*2.5-165)*1.25"],
					"position": ["0+math.sin(q.anim_time*90*2.5-165)*0.25", "0+math.sin(q.anim_time*90*5-75)*1", 0]
				},
				"foot_right": {
					"rotation": ["62.5+math.sin(q.anim_time*90*5-90+180)*7.5", 0, 0],
					"position": [0, -0.25, -0.5]
				},
				"toe4_right": {
					"rotation": [17.5, 5, -20]
				},
				"toe3_right": {
					"rotation": [25, 0, 0]
				},
				"toe2_right": {
					"rotation": [25, 0, 0]
				},
				"toe1_right": {
					"rotation": [17.5, -5, 20]
				},
				"backtoe_right": {
					"rotation": [-51.59219, 4.38835, -2.14522]
				},
				"foot_left": {
					"rotation": ["62.5+math.sin(q.anim_time*90*5-90+180)*7.5", 0, 0],
					"position": [0, -0.25, -0.5]
				},
				"toe4_left": {
					"rotation": [17.5, -5, 20]
				},
				"toe3_left": {
					"rotation": [25, 0, 0]
				},
				"toe2_left": {
					"rotation": [25, 0, 0]
				},
				"toe1_left": {
					"rotation": [17.5, 5, -20]
				},
				"backtoe_left": {
					"rotation": [-51.59219, -4.38835, 2.14522]
				},
				"torso": {
					"rotation": [20, 0, 0]
				},
				"horn_left": {
					"rotation": [0, 0, "1+math.sin(q.anim_time*90*5-100)*1.5"]
				},
				"horn_right": {
					"rotation": [0, 0, "-1+math.sin(q.anim_time*90*5-280)*1.5"]
				}
			}
		},
		"animation.hoothoot_delta.sleep": {
			"loop": true,
			"bones": {
				"leg_right": {
					"rotation": ["0+math.sin(q.anim_time*90*1+0)*2", 0, -5],
					"position": [2.4, 0, "0+math.sin(q.anim_time*90*1+180)*0.1"]
				},
				"leg_left": {
					"rotation": ["0+math.sin(q.anim_time*90*1+0)*2", 0, -5],
					"position": [-2.4, 6, "0+math.sin(q.anim_time*90*1+180)*0.1"]
				},
				"tail": {
					"rotation": ["-30+math.sin(q.anim_time*90*1-60)*2", "0+math.sin(q.anim_time*90*0.5-240)*1.5", "0+math.sin(q.anim_time*90*1-240)*0.5"]
				},
				"wing_right": {
					"rotation": ["10+math.sin(q.anim_time*90*0.5-230)*1.5", "55+math.sin(q.anim_time*90*1-60+180)*1", "-80+math.sin(q.anim_time*90*0.5-230)*1.5"]
				},
				"wing_left": {
					"rotation": ["10+math.sin(q.anim_time*90*0.5-50)*1.5", "-55+math.sin(q.anim_time*90*1-60)*1", "80+math.sin(q.anim_time*90*0.5-230)*1.5"]
				},
				"pupil_right": {
					"position": [-0.5, 0, 0]
				},
				"pupil_left": {
					"position": [0.5, 0, 0]
				},
				"body": {
					"position": [-0.25, 0, 0]
				},
				"foot_right": {
					"rotation": ["0+math.sin(q.anim_time*90*1+180)*2", 0, 5]
				},
				"torso": {
					"rotation": ["0+math.sin(q.anim_time*90*1-30)*2", "5+math.sin(q.anim_time*90*0.5-30)*1", "-7.5+math.sin(q.anim_time*90*1-210)*1.25"],
					"position": [0.25, -0.5, 0]
				},
				"eyes_closed": {
					"position": [0, 0, -1]
				},
				"pupils": {
					"position": [0, 0, 0.1]
				},
				"foot_left": {
					"rotation": ["0+math.sin(q.anim_time*90*1+180)*2", 0, 5]
				}
			}
		},
		"animation.hoothoot_delta.cry": {
			"animation_length": 0.66667,
			"bones": {
				"torso": {
					"rotation": {
						"0.0": [0, 0, 0],
						"0.1667": {
							"pre": [-7.5, 0, 0],
							"post": [-7.5, 0, 0],
							"lerp_mode": "catmullrom"
						},
						"0.4167": {
							"post": [-7.5, 0, 0],
							"lerp_mode": "catmullrom"
						},
						"0.6667": {
							"post": [0, 0, 0],
							"lerp_mode": "catmullrom"
						}
					}
				},
				"jaw": {
					"rotation": {
						"0.0": [-2.5, 0, 0],
						"0.125": {
							"pre": [45, 0, 0],
							"post": [45, 0, 0],
							"lerp_mode": "catmullrom"
						},
						"0.4167": {
							"post": [45, 0, 0],
							"lerp_mode": "catmullrom"
						},
						"0.6667": {
							"post": [-2.5, 0, 0],
							"lerp_mode": "catmullrom"
						}
					},
					"position": [0, 0, 0]
				}
			},
			"sound_effects": {
				"0.0417": {
					"effect": "pokemon.hoothoot_delta.cry"
				}
			}
		},
		"animation.hoothoot_delta.blink": {
			"animation_length": 0.16667,
			"bones": {
				"eyes_closed": {
					"position": {
						"0.0": [0, 0, -1],
						"0.125": [0, 0, -1],
						"0.1667": {"pre": [0, 0, -1], "post": [0, 0, 0]}
					}
				},
				"pupils": {
					"position": {
						"0.0": [0, 0, 1],
						"0.1667": {"pre": [0, 0, 1], "post": [0, 0, 0]}
					}
				}
			}
		},
		"animation.hoothoot_delta.demo": {
			"loop": true,
			"bones": {
				"leg_right": {
					"rotation": [0, -5, 0],
					"position": [3, 0, 0]
				},
				"toe2_right": {
					"scale": [0.8, 1, 1]
				},
				"leg_left": {
					"rotation": [120, 0, 0],
					"position": [-1.9, 0, 0]
				},
				"foot_left": {
					"rotation": [67.5, 0, 0]
				},
				"toe4_left": {
					"rotation": [69.05898, 8.42106, 20.94102]
				},
				"toe3_left": {
					"rotation": [45, 0, 0]
				},
				"toe2_left": {
					"rotation": [45, 0, 0]
				},
				"toe1_left": {
					"rotation": [69.05898, -8.42106, -20.94102]
				},
				"backtoe_left": {
					"rotation": [-45, 0, 0]
				},
				"torso": {
					"rotation": [0, 0, 17.5]
				},
				"tail": {
					"rotation": [-54.73561, -30, 35.26439]
				},
				"jaw": {
					"rotation": [45, 0, 0]
				},
				"eyes": {
					"position": [0, 0, 0]
				},
				"pupils": {
					"position": [-0.57518, -0.01157, 0]
				},
				"pupil_right": {
					"position": [-0.55203, 0.08808, 0]
				},
				"pupil_left": {
					"position": [0.47686, 0.15035, 0]
				},
				"wing_right": {
					"rotation": [0, 0, 22.5]
				},
				"wing_left": {
					"rotation": [-0.76747, 0.48617, -20.17415]
				},
				"horn_left": {
					"rotation": [0, 0, 5]
				},
				"horn_right": {
					"rotation": [0, 0, 7.5]
				},
				"claw_left2": {
					"rotation": [20.94102, 8.42106, -20.94102]
				},
				"claw4_left": {
					"rotation": [22.5, 0, 22.5]
				},
				"claw3_left": {
					"rotation": [20.94102, -8.42106, 20.94102]
				},
				"claw1_left": {
					"rotation": [22.5, 0, -22.5]
				},
				"backclaw_leg": {
					"rotation": [-22.5, 0, 0]
				}
			}
		},
		"animation.hoothoot_delta.quirk_foot": {
			"animation_length": 2,
			"bones": {
				"body": {
					"position": {
						"0.2083": [0, 0, 0],
						"0.25": [0.05, 0.75, 0],
						"0.2917": [0.1, 3.75, 0],
						"0.3333": [0.2, 4.5, 0],
						"0.375": [0.35, 4.75, 0],
						"0.4167": [0.45, 4.5, 0],
						"0.4583": [0.6, 3.25, 0],
						"0.5": [0.8, 0.75, 0],
						"0.5417": [1, 0, 0],
						"1.0833": [1, 0, 0],
						"1.125": [0.8, 0.75, 0],
						"1.1667": [0.6, 3.75, 0],
						"1.2083": [0.45, 4.5, 0],
						"1.25": [0.35, 4.75, 0],
						"1.2917": [0.2, 4.5, 0],
						"1.3333": [0.1, 3.25, 0],
						"1.375": [0.05, 0.75, 0],
						"1.4167": [0, 0, 0]
					}
				},
				"leg_right": {
					"rotation": {
						"0.25": [0, 0, 0],
						"0.2917": [0, 0, -15.5],
						"0.3333": [0, 0, -17.5],
						"0.4583": [0, 0, -15.5],
						"0.5": [0, 0, 1.5],
						"0.5417": [0, 0, 4.5],
						"0.5833": [0, 0, 0],
						"1.0833": [0, 0, 0],
						"1.125": [0, 0, -15.5],
						"1.1667": [0, 0, -17.5],
						"1.2917": [0, 0, -15.5],
						"1.3333": [0, 0, 1.5],
						"1.375": [0, 0, 4.5],
						"1.4167": [0, 0, 0]
					},
					"position": {
						"0.2917": [0, 0, 0],
						"0.3333": [1.5, 1, 0],
						"0.4167": [2, 3, 0],
						"0.4583": [1.5, 5.5, 0],
						"0.5": [0, 6, 0],
						"1.125": [0, 6, 0],
						"1.1667": [1.5, 5.5, 0],
						"1.25": [2, 3, 0],
						"1.2917": [1.5, 1, 0],
						"1.3333": [0, 0, 0]
					},
					"scale": {
						"0.0": [1, 1, 1],
						"0.2917": [1, 1, 1],
						"0.4167": [0.5, 0.5, 0.5],
						"1.2083": [0.5, 0.5, 0.5],
						"1.3333": [1, 1, 1]
					}
				},
				"leg_left": {
					"rotation": {
						"0.2083": [0, 0, 0],
						"0.25": [0, 0, 15.5],
						"0.2917": [0, 0, 17.5],
						"0.4167": [0, 0, 15.5],
						"0.4583": [0, 0, -1.5],
						"0.5": [0, 0, -4.5],
						"0.5417": [0, 0, 0],
						"1.125": [0, 0, 0],
						"1.1667": [0, 0, 15.5],
						"1.2083": [0, 0, 17.5],
						"1.3333": [0, 0, 15.5],
						"1.375": [0, 0, -1.5],
						"1.4167": [0, 0, -4.5],
						"1.4583": [0, 0, 0]
					},
					"position": {
						"0.25": [0, 0, 0],
						"0.2917": [-1.5, -1, 0],
						"0.375": [-2, -3, 0],
						"0.4167": [-1.5, -5.5, 0],
						"0.4583": [0, -6, 0],
						"1.1667": [0, -6, 0],
						"1.2083": [-1.5, -5.5, 0],
						"1.2917": [-2, -3, 0],
						"1.3333": [-1.5, -1, 0],
						"1.375": [0, 0, 0]
					},
					"scale": {
						"0.3333": [0.5, 0.5, 0.5],
						"0.4583": [1, 1, 1],
						"1.2083": [1, 1, 1],
						"1.3333": [0.5, 0.5, 0.5]
					}
				},
				"torso": {
					"rotation": {
						"0.2083": [0, 0, 0],
						"0.25": [0, 0, -1],
						"0.2917": [0, 0, -1.5],
						"0.375": [0, 0, -1],
						"0.4167": [0, 0, 1],
						"0.4583": [0, 0, 1.5],
						"0.5417": [0, 0, 1],
						"0.5833": [0, 0, 0],
						"1.0833": [0, 0, 0],
						"1.125": [0, 0, 1],
						"1.1667": [0, 0, 1.5],
						"1.25": [0, 0, 1],
						"1.2917": [0, 0, -1],
						"1.375": [0, 0, -1.5],
						"1.4167": [0, 0, -1],
						"1.4583": [0, 0, 0]
					},
					"position": {
						"0.1667": [0, 0, 0],
						"0.2083": [0, -0.75, 0],
						"0.25": [0, -1, 0],
						"0.2917": [0, -0.85, 0],
						"0.3333": [0, -0.3, 0],
						"0.375": [0, 0, 0],
						"0.5417": [0, 0, 0],
						"0.5833": [0, -0.75, 0],
						"0.625": [0, -1, 0],
						"0.6667": [0, -0.85, 0],
						"0.7083": [0, -0.3, 0],
						"0.75": [0, 0, 0],
						"1.0417": [0, 0, 0],
						"1.0833": [0, -0.75, 0],
						"1.125": [0, -1, 0],
						"1.1667": [0, -0.85, 0],
						"1.2083": [0, -0.3, 0],
						"1.25": [0, 0, 0],
						"1.4167": [0, 0, 0],
						"1.4583": [0, -0.75, 0],
						"1.5": [0, -1, 0],
						"1.5417": [0, -0.85, 0],
						"1.5833": [0, -0.3, 0],
						"1.625": [0, 0, 0]
					}
				},
				"tail": {
					"rotation": {
						"0.1667": [0, 0, 0],
						"0.2083": [-3, 0, 0],
						"0.25": [-16, 0, 0],
						"0.2917": [-22, 0, 0],
						"0.3333": [-22, 0, 0],
						"0.375": [-16, 0, 0],
						"0.4167": [8, 0, 0],
						"0.4583": [13, 0, 0],
						"0.5": [13, 0, 0],
						"0.5417": [8, 0, 0],
						"0.5833": [-4, 0, 0],
						"0.625": [-10, 0, 0],
						"0.7083": [-6.75, 0, 0],
						"0.75": [2.5, 0, 0],
						"0.7917": [0, 0, 0],
						"1.0417": [0, 0, 0],
						"1.0833": [-3, 0, 0],
						"1.125": [-16, 0, 0],
						"1.1667": [-22, 0, 0],
						"1.2083": [-22, 0, 0],
						"1.25": [-16, 0, 0],
						"1.2917": [8, 0, 0],
						"1.3333": [13, 0, 0],
						"1.375": [13, 0, 0],
						"1.4167": [8, 0, 0],
						"1.4583": [-4, 0, 0],
						"1.5": [-10, 0, 0],
						"1.5833": [-6.75, 0, 0],
						"1.625": [2.5, 0, 0],
						"1.6667": [0, 0, 0]
					}
				},
				"wing_right": {
					"rotation": {
						"0.1667": [0, 0, 0],
						"0.2083": [0, 0, -3],
						"0.25": [0, 0, -16],
						"0.2917": [0, 0, -22],
						"0.3333": [0, 0, -22],
						"0.375": [0, 0, -16],
						"0.4167": [0, 0, 8],
						"0.4583": [0, 0, 13],
						"0.5": [0, 0, 13],
						"0.5417": [0, 0, 8],
						"0.5833": [0, 0, -4],
						"0.625": [0, 0, -10],
						"0.7083": [0, 0, -6.75],
						"0.75": [0, 0, 0],
						"1.0417": [0, 0, 0],
						"1.0833": [0, 0, -3],
						"1.125": [0, 0, -16],
						"1.1667": [0, 0, -22],
						"1.2083": [0, 0, -22],
						"1.25": [0, 0, -16],
						"1.2917": [0, 0, 8],
						"1.3333": [0, 0, 13],
						"1.375": [0, 0, 13],
						"1.4167": [0, 0, 8],
						"1.4583": [0, 0, -4],
						"1.5": [0, 0, -10],
						"1.5833": [0, 0, -6.75],
						"1.625": [0, 0, -1]
					}
				},
				"wing_left": {
					"rotation": {
						"0.1667": [0, 0, 0],
						"0.2083": [0, 0, 3],
						"0.25": [0, 0, 16],
						"0.2917": [0, 0, 22],
						"0.3333": [0, 0, 22],
						"0.375": [0, 0, 16],
						"0.4167": [0, 0, -8],
						"0.4583": [0, 0, -13],
						"0.5": [0, 0, -13],
						"0.5417": [0, 0, -8],
						"0.5833": [0, 0, 4],
						"0.625": [0, 0, 10],
						"0.7083": [0, 0, 6.75],
						"0.75": [0, 0, 0],
						"1.0417": [0, 0, 0],
						"1.0833": [0, 0, 3],
						"1.125": [0, 0, 16],
						"1.1667": [0, 0, 22],
						"1.2083": [0, 0, 22],
						"1.25": [0, 0, 16],
						"1.2917": [0, 0, -8],
						"1.3333": [0, 0, -13],
						"1.375": [0, 0, -13],
						"1.4167": [0, 0, -8],
						"1.4583": [0, 0, 4],
						"1.5": [0, 0, 10],
						"1.5833": [0, 0, 6.75],
						"1.625": [0, 0, 1]
					}
				},
				"horn_left": {
					"rotation": {
						"0.2083": [0, 0, 0],
						"0.25": [0, 0, 2.25],
						"0.2917": [0, 0, 3],
						"0.375": [0, 0, 2.25],
						"0.4167": [0, 0, -0.5],
						"0.4583": [0, 0, -1.5],
						"0.5": [0, 0, -1],
						"0.5417": [0, 0, 0.5],
						"0.5833": [0, 0, 0],
						"1.0833": [0, 0, 0],
						"1.125": [0, 0, 2.25],
						"1.1667": [0, 0, 3],
						"1.25": [0, 0, 2.25],
						"1.2917": [0, 0, -0.5],
						"1.3333": [0, 0, -1.5],
						"1.375": [0, 0, -1],
						"1.4167": [0, 0, 0.5],
						"1.4583": [0, 0, 0]
					}
				},
				"horn_right": {
					"rotation": {
						"0.2083": [0, 0, 0],
						"0.25": [0, 0, -2.25],
						"0.2917": [0, 0, -3],
						"0.375": [0, 0, -2.25],
						"0.4167": [0, 0, 0.5],
						"0.4583": [0, 0, 1.5],
						"0.5": [0, 0, 1],
						"0.5417": [0, 0, -0.5],
						"0.5833": [0, 0, 0],
						"1.0833": [0, 0, 0],
						"1.125": [0, 0, -2.25],
						"1.1667": [0, 0, -3],
						"1.25": [0, 0, -2.25],
						"1.2917": [0, 0, 0.5],
						"1.3333": [0, 0, 1.5],
						"1.375": [0, 0, 1],
						"1.4167": [0, 0, -0.5],
						"1.4583": [0, 0, 0]
					}
				},
				"pupils": {
					"position": {
						"0.2083": [0, 0, 0],
						"0.25": [0, -0.4, 0],
						"0.2917": [0, -0.65, 0],
						"0.3333": [0, -0.4, 0],
						"0.375": [0, 0.15, 0],
						"0.4167": [0, 0.4, 0],
						"0.4583": [0, 0.15, 0],
						"0.5": [0, -0.25, 0],
						"0.5417": [0, -0.3, 0],
						"0.625": [0, -0.1, 0],
						"0.6667": [0, 0, 0],
						"1.0833": [0, 0, 0],
						"1.125": [0, -0.4, 0],
						"1.1667": [0, -0.65, 0],
						"1.2083": [0, -0.4, 0],
						"1.25": [0, 0.15, 0],
						"1.2917": [0, 0.4, 0],
						"1.3333": [0, 0.15, 0],
						"1.375": [0, -0.25, 0],
						"1.4167": [0, -0.3, 0],
						"1.5": [0, -0.1, 0],
						"1.5417": [0, 0, 0]
					}
				}
			}
		},
		"animation.hoothoot_delta.move_walk": {
			"loop": true,
			"bones": {
				"body": {
					"position": [0, 0, "0-query.anim_time *90 *0.33"]
				}
			}
		},
		"animation.hoothoot_delta.move_run": {
			"loop": true,
			"bones": {
				"body": {
					"position": [0, 0, "0-query.anim_time *90 *0.5"]
				}
			}
		}
	}
}