{
	"format_version": "1.8.0",
	"animations": {
		"animation.huntail_delta.sleep": {
			"loop": true,
			"bones": {
				"head": {
					"rotation": [15, -42.5, 0]
				},
				"tail2": {
					"rotation": [0, 37.5, 0]
				},
				"tail3": {
					"rotation": [0, 50, 0],
					"position": [0, -0.5, 0]
				},
				"tail4": {
					"rotation": [0, 42.5, 0]
				},
				"tail5": {
					"rotation": [0, 42.5, 0],
					"position": [0, -0.5, 0]
				},
				"tail6": {
					"rotation": [30, 0, 90],
					"position": [0, 0.5, 0]
				},
				"eye_left": {
					"position": [0, 0, 0]
				},
				"jaw": {
					"rotation": [-40, 0, 0]
				},
				"tail": {
					"position": [0, -2, 0]
				},
				"eyelid_left": {
					"position": [0.1, 0, 0]
				},
				"eyelid_right": {
					"position": [-0.1, 0, 0]
				},
				"body": {
					"position": [-6, 0, 9]
				},
				"beard_left": {
					"rotation": [22.5, 0, 0]
				},
				"beard_right": {
					"rotation": [20, 0, 0]
				},
				"beard_right2": {
					"rotation": [7.5, 0, 0]
				},
				"beard_left2": {
					"rotation": [10, 0, 0]
				}
			}
		},
		"animation.huntail_delta.ground_idle": {
			"loop": true,
			"bones": {
				"head": {
					"rotation": [0, 0, 0]
				},
				"tail": {
					"rotation": [-7.5, 0, 0],
					"position": [0, -1, 0]
				},
				"tail2": {
					"rotation": [5, 0, 0]
				},
				"tail3": {
					"rotation": [0.9763, 0.21643, -12.49816],
					"position": [0, -0.5, 0]
				},
				"tail4": {
					"rotation": [1, 0, 0]
				},
				"tail5": {
					"rotation": [0, 0, -12.5],
					"position": [0, -0.5, 0]
				},
				"tail6": {
					"rotation": [0, 0, -65],
					"position": [0, 0.5, 0]
				}
			}
		},
		"animation.huntail_delta.water_idle": {
			"loop": true,
			"bones": {
				"body": {
					"position": ["math.sin(q.anim_time*90+90)", "2*math.sin(q.anim_time*90)", 0]
				},
				"head": {
					"rotation": ["-5*math.sin(q.anim_time*90+90)", 0, 0]
				},
				"fin_head": {
					"rotation": ["-5*math.sin(q.anim_time*90*2+135)", 0, 0]
				},
				"tail": {
					"rotation": ["-15*math.sin(q.anim_time*90+90)", "10*math.sin(q.anim_time*90)", 0]
				},
				"tail2": {
					"rotation": ["-25*math.sin(q.anim_time*90)", "10*math.sin(q.anim_time*90-90)", 0]
				},
				"tail3": {
					"rotation": ["-25*math.sin(q.anim_time*90-90)", "10*math.sin(q.anim_time*90-90)", 0]
				},
				"tail4": {
					"rotation": ["-25*math.sin(q.anim_time*90-135)", "20*math.sin(q.anim_time*90-180)", 0]
				},
				"tail5": {
					"rotation": ["-20*math.sin(q.anim_time*90+90-235)", "15*math.sin(q.anim_time*90-180)", 0]
				},
				"tail6": {
					"rotation": ["-20*math.sin(q.anim_time*90+90-235)", "10*math.sin(q.anim_time*90-180)", 0]
				}
			}
		},
		"animation.huntail_delta.water_swim": {
			"loop": true,
			"bones": {
				"body": {
					"position": ["math.sin(q.anim_time*2*90*1.3)", "2*math.sin(q.anim_time*90*1.3)", 0]
				},
				"head": {
					"rotation": ["-10*math.sin(q.anim_time*90*1.3+90)", "-10*math.sin(q.anim_time*2*90*1.3+90)", 0]
				},
				"fin_head": {
					"rotation": ["-5*math.sin(q.anim_time*90*2+135)", 0, 0]
				},
				"tail": {
					"rotation": ["-15*math.sin(q.anim_time*90*1.3+90)", "10*math.sin(q.anim_time*2*1.3*90-90)", 0]
				},
				"tail2": {
					"rotation": ["-25*math.sin(q.anim_time*90*1.3)", "10*math.sin(q.anim_time*2*1.3*90-180)", 0]
				},
				"tail3": {
					"rotation": ["-25*math.sin(q.anim_time*90*1.3-90)", "10*math.sin(q.anim_time*2*1.3*90-180)", 0]
				},
				"tail4": {
					"rotation": ["-25*math.sin(q.anim_time*90*1.3-135)", "20*math.sin(q.anim_time*2*1.3*90-270)", 0]
				},
				"tail5": {
					"rotation": ["-20*math.sin(q.anim_time*90*1.3+90-235)", "15*math.sin(q.anim_time*2*1.3*90-270)", 0]
				},
				"tail6": {
					"rotation": ["-20*math.sin(q.anim_time*90*1.3+90-235)", "10*math.sin(q.anim_time*2*1.3*90-270)", 0]
				}
			}
		},
		"animation.huntail_delta.blink": {
			"animation_length": 0.25,
			"bones": {
				"eyelid_left": {
					"position": {
						"0.0": [0.1, 0, 0],
						"0.2083": [0.1, 0, 0],
						"0.25": [0, 0, 0]
					}
				},
				"eyelid_right": {
					"position": {
						"0.0": [-0.1, 0, 0],
						"0.2083": [-0.1, 0, 0],
						"0.25": [0, 0, 0]
					}
				}
			}
		}
	}
}