{
	"format_version": "1.8.0",
	"animations": {
		"animation.metang_delta.ground_idle": {
			"loop": true,
			"bones": {
				"arm_left": {
					"rotation": ["-14.7073+1*math.sin(q.anim_time*90*1-120)", 21.22576, "32.3146-2*math.sin(q.anim_time*90*1-150)"]
				},
				"arm_left2": {
					"rotation": [-23.52535, 1.59051, -10.7716]
				},
				"arm_right": {
					"rotation": ["-14.7073+1*math.sin(q.anim_time*90*1-120)", -21.22576, "-32.3146+2*math.sin(q.anim_time*90*1-150)"]
				},
				"arm_right2": {
					"rotation": [-23.52535, -1.59051, 10.7716]
				},
				"torso": {
					"rotation": ["5+1*math.sin(q.anim_time*90*1-150)", "-1*math.sin(q.anim_time*90*0.5-150)", "0.5*math.cos(q.anim_time*90*1-150)"],
					"position": ["0.5*math.sin(q.anim_time*90*0.5)", "5.5+0.2*math.sin(q.anim_time*90*1)", 0]
				}
			}
		},
		"animation.metang_delta.ground_walk": {
			"loop": true,
			"bones": {
				"arm_left": {
					"rotation": [-90, 0, 45],
					"position": [-0.00873, -0.07846, 0.99688]
				},
				"arm_right": {
					"rotation": [-90, 0, -45],
					"position": [-0.00873, -0.07846, 0.99688]
				},
				"torso": {
					"rotation": ["5+1*math.sin(q.anim_time*90*1-150)", "-1*math.sin(q.anim_time*90*0.5-150)", "0.5*math.cos(q.anim_time*90*2-150)"],
					"position": ["0.5*math.sin(q.anim_time*90*0.5)", "5.5+0.2*math.sin(q.anim_time*90*2)", "1*math.sin(q.anim_time*90*1)"]
				}
			}
		},
		"animation.metang_delta.battle_idle": {
			"loop": true,
			"bones": {
				"arm_left": {
					"rotation": ["-71.0726+1*math.sin(q.anim_time*90*1-120)", "-0.1105-5*math.sin(q.anim_time*90*1-120)", "25.0021-5*math.sin(q.anim_time*90*1-150)"]
				},
				"arm_left2": {
					"rotation": [-16.33618, 10.27276, 10.11947]
				},
				"arm_right": {
					"rotation": ["-71.0726+1*math.sin(q.anim_time*90*1-120)", "0.1105+5*math.sin(q.anim_time*90*1-120)", "-25.0021+5*math.sin(q.anim_time*90*1-150)"]
				},
				"arm_right2": {
					"rotation": [-16.33618, -10.27276, -10.11947]
				},
				"torso": {
					"rotation": ["15+1*math.sin(q.anim_time*90*1-150)", "-1*math.sin(q.anim_time*90*0.5-150)", "0.5*math.cos(q.anim_time*90*2-150)"],
					"position": ["0.5*math.sin(q.anim_time*90*0.5)", "5.5+0.5*math.sin(q.anim_time*90*1)", 0]
				},
				"finger_left3": {
					"rotation": [-75, 30, -80]
				},
				"finger_left1": {
					"rotation": [0, 0, 47.5]
				},
				"finger_left2": {
					"rotation": [60, -25, -70]
				},
				"finger_right1": {
					"rotation": [0, 0, -47.5]
				},
				"finger_right2": {
					"rotation": [60, 25, 70]
				},
				"finger_right3": {
					"rotation": [-75, -30, 80]
				},
				"torso_vine_under1": {
					"rotation": [-17.44335, 1.21848, 12.16912],
					"position": [0, 0.25, 0]
				},
				"torso_vine_back": {
					"rotation": [-14.99891, -0.1537, -0.07867]
				},
				"torso_vine_front": {
					"rotation": [-12.4991, -0.12673, -0.0684]
				},
				"arm_vine_right1": {
					"rotation": [-8.87849, -26.31495, 5.73293]
				},
				"arm_vine_right2": {
					"rotation": [-8.91809, -24.03972, 4.71432]
				},
				"arm_vine_left1": {
					"rotation": [-8.75132, 21.82759, -4.02574]
				},
				"arm_vine_left2": {
					"rotation": [-6.15953, 22.71348, 0.45504]
				}
			}
		},
		"animation.metang_delta.blink": {
			"animation_length": 0.08333,
			"bones": {
				"eye_open_left": {
					"position": {
						"0.0": [0, 0, 0.1],
						"0.0417": [0, 0, 0.1],
						"0.0833": [0, 0, 0]
					}
				},
				"eye_closed_left": {
					"position": {
						"0.0": [0, 0, -0.1],
						"0.0417": [0, 0, -0.1],
						"0.0833": [0, 0, 0]
					}
				}
			}
		},
		"animation.metang_delta.cry": {
			"animation_length": 1.75,
			"bones": {
				"torso": {
					"rotation": {
						"0.0": {
							"post": [0, 0, 0],
							"lerp_mode": "catmullrom"
						},
						"0.125": {
							"post": [10, 1, 1],
							"lerp_mode": "catmullrom"
						},
						"0.3333": {
							"post": [5.52, 0, 0],
							"lerp_mode": "catmullrom"
						},
						"0.75": {
							"post": [6.44, -1, -1],
							"lerp_mode": "catmullrom"
						},
						"1.125": {
							"post": [-2.5, 0, 0],
							"lerp_mode": "catmullrom"
						},
						"1.5417": {
							"post": [0, 0, 0],
							"lerp_mode": "catmullrom"
						},
						"1.75": {
							"post": [0, 0, 0],
							"lerp_mode": "catmullrom"
						}
					},
					"position": {
						"0.0": [0, 0, 0],
						"0.0833": [0, 0, 0],
						"0.375": [0, "0.1*math.sin(q.anim_time*90*40-60)", 0],
						"0.75": [0, 0, 0]
					}
				},
				"arm_left": {
					"rotation": {
						"0.0": [0, 0, 0],
						"0.25": [0, 0, "-9.5+0.4*math.sin(q.anim_time*90*40-60)"],
						"1.0": [0, 0, 0]
					}
				},
				"arm_right": {
					"rotation": {
						"0.0": [0, 0, 0],
						"0.25": [0, 0, "9.5-(0.4*math.sin(q.anim_time*90*40-60))"],
						"1.0": [0, 0, 0]
					}
				}
			},
			"sound_effects": {
				"0.2083": {
					"effect": "pokemon.metang_delta.cry"
				}
			}
		},
		"animation.metang_delta.sleep": {
			"loop": true,
			"bones": {
				"torso": {
					"rotation": ["15+2*math.sin(q.anim_time*90*0.5-60)", 0, "-0.5*math.sin(q.anim_time*90*1-60)"],
					"position": [0, "-2.25+0.2*math.sin(q.anim_time*90*0.5)", 0]
				},
				"arm_left": {
					"rotation": ["-15-2*math.sin(q.anim_time*90*0.5-60)", 0, -22.5],
					"position": [0, "-0.2*math.sin(q.anim_time*90*0.5)-0.1*math.sin(q.anim_time*90*1-60)", 2]
				},
				"arm_left2": {
					"rotation": [0, 0, 22.5],
					"position": [-1.85334, 1.03089, "-0.1759+0.1*math.sin(q.anim_time*90*0.5-90)"]
				},
				"arm_right": {
					"rotation": [-15, 0, 22.5],
					"position": [0, "-0.2*math.sin(q.anim_time*90*0.5)+0.1*math.sin(q.anim_time*90*1-60)", 2]
				},
				"arm_right2": {
					"rotation": [0, 0, -22.5],
					"position": [1.84208, 1.05329, "-0.1983-0.1*math.sin(q.anim_time*90*0.5-90)"]
				},
				"eye_open_left": {
					"position": [0, 0, 0.1]
				},
				"eye_closed_left": {
					"position": [0, 0, -0.1]
				},
				"arm_detail_left2": {
					"rotation": [0, 0, -22.5]
				},
				"arm_detail_right2": {
					"rotation": [0, 0, 22.5]
				}
			}
		},
		"animation.metang_delta.air_fly": {
			"loop": true,
			"bones": {
				"torso": {
					"rotation": ["-3*math.sin(q.anim_time*90*2-60)", 0, "1*math.sin(q.anim_time*90*4-60)-3*math.sin(q.anim_time*90*1-60)"],
					"position": ["0.5*math.sin(q.anim_time*90*0.5)", "-1*math.sin(q.anim_time*90*2+60)", "1*math.sin(q.anim_time*90*2)"]
				},
				"arm_left": {
					"rotation": [90, 0, 30],
					"position": [0, 0, 2]
				},
				"arm_left2": {
					"rotation": [1.34295, 0.02471, 0],
					"position": [-2.97734, 1.00103, -0.03926]
				},
				"arm_detail_left": {
					"rotation": [0, 0, 7.5]
				},
				"arm_right": {
					"rotation": [90, 0, -30],
					"position": [0, 0, 2]
				},
				"arm_right2": {
					"rotation": [1.34295, -0.02471, 0],
					"position": [2.97734, 1.00103, -0.03926]
				},
				"arm_detail_right": {
					"rotation": [0, 0, -7.5]
				}
			}
		},
		"animation.metang_delta.air_idle": {
			"loop": true,
			"bones": {
				"torso": {
					"rotation": ["-1*math.sin(q.anim_time*90*1-60)", "-2*math.sin(q.anim_time*90*0.5-120)", "-1*math.sin(q.anim_time*90*0.5-60)"],
					"position": ["1*math.sin(q.anim_time*90*0.5)", "-0.2*math.sin(q.anim_time*90*1+60)", "0.2*math.cos(q.anim_time*90*1)"]
				},
				"arm_left": {
					"rotation": [90, 0, 30],
					"position": [0, 0, 2]
				},
				"arm_left2": {
					"rotation": [1.34295, 0.02471, 0],
					"position": [-3, 2, 0]
				},
				"arm_detail_left": {
					"rotation": [0, 0, 7.5]
				},
				"arm_right": {
					"rotation": [90, 0, -30],
					"position": [0, 0, 2]
				},
				"arm_right2": {
					"rotation": [1.34295, -0.02471, 0],
					"position": [3, 2, 0]
				},
				"arm_detail_right": {
					"rotation": [0, 0, -7.5]
				}
			}
		}
	}
}