{
	"format_version": "1.8.0",
	"animations": {
		"animation.risingphoenix.new": {
			"loop": true,
			"bones": {
				"body": {
					"rotation": [90, 0, 0]
				},
				"torso": {
					"rotation": [-7.5, 0, 0]
				},
				"chest": {
					"rotation": [-22.5, 0, 0]
				},
				"neck": {
					"rotation": [-20, 0, 0]
				},
				"neck3": {
					"rotation": [-14.94548, -1.29256, -4.83045]
				},
				"neck4": {
					"rotation": [-10, 0, 0]
				},
				"tail": {
					"rotation": [25, 0, 0]
				},
				"tail2": {
					"rotation": [27.5, 0, 0]
				},
				"tail3": {
					"rotation": [-17.64168, -7.15102, 2.26708]
				},
				"tail4": {
					"rotation": [-27.70212, -6.64851, 3.47875]
				},
				"tail6": {
					"rotation": [22.81179, 9.23186, 3.86032]
				},
				"tail7": {
					"rotation": [30.38126, 8.64917, 5.03837]
				},
				"tail5": {
					"rotation": [-20, 0, 0]
				},
				"tail9": {
					"rotation": [36.69146, 16.27014, 11.79198]
				},
				"neck2": {
					"rotation": [-20, 0, 0]
				},
				"tail8": {
					"rotation": [36.71029, 16.74229, 11.06528]
				},
				"bone": {
					"rotation": [-22.67458, -6.92618, 2.88419]
				},
				"head": {
					"rotation": [0, 47.5, 0]
				},
				"beak_bottom": {
					"rotation": [45, 0, 0]
				},
				"bone2": {
					"rotation": [9.75252, 30.31911, -4.32403]
				},
				"bone3": {
					"rotation": [0, -25, 0]
				},
				"mane_left": {
					"rotation": [0, 30, 0]
				},
				"head_tuft": {
					"rotation": [-2.5, 0, 0],
					"scale": 1.3
				},
				"mane_right": {
					"rotation": [0, -45, 0]
				},
				"bone4": {
					"rotation": [9.75252, -30.31911, 4.32403]
				},
				"bone5": {
					"rotation": [0, 25, 0]
				},
				"right_feather": {
					"rotation": [0, -52.5, 10]
				},
				"left_feather": {
					"rotation": [0, 52.5, -10]
				},
				"back_feather": {
					"rotation": [42.5, 0, 0]
				},
				"right_feather2": {
					"rotation": [17.5, 0, 50]
				},
				"left_feather2": {
					"rotation": [17.5, 0, -50]
				},
				"right_arm": {
					"rotation": [-21.1709, -14.78698, -23.51074]
				},
				"right_arm2": {
					"rotation": [0, -55, 0]
				},
				"foot_right": {
					"rotation": [35, 0, 0]
				},
				"foot_right_front": {
					"rotation": [10, 0, 0]
				},
				"toe_middle_right": {
					"rotation": [10.41265, -4.92101, -0.97694]
				},
				"toe_middle_right_cla": {
					"rotation": [62.5, 0, 0]
				},
				"toe_middle_right2": {
					"rotation": [18.63957, 7.13143, 2.58808]
				},
				"toe_middle_right_cla2": {
					"rotation": [62.5, 0, 0]
				},
				"toe_back_right": {
					"rotation": [-60, 0, 0]
				},
				"toe_back_right_cla": {
					"rotation": [-52.5, 0, 0]
				},
				"right_arm3": {
					"rotation": [0, 0, 20]
				},
				"foot_right2": {
					"rotation": [10, 0, 0]
				},
				"right_right2": {
					"rotation": [-10, 0, 0]
				},
				"right_right": {
					"rotation": [16.93745, -2.30644, 27.41063]
				},
				"foot_right_front3": {
					"rotation": [10, 0, 0]
				},
				"toe_middle_right3": {
					"rotation": [10.41265, -4.92101, -0.97694]
				},
				"toe_middle_right_cla3": {
					"rotation": [62.5, 0, 0]
				},
				"toe_middle_right4": {
					"rotation": [18.63957, 7.13143, 2.58808]
				},
				"toe_middle_right_cla4": {
					"rotation": [62.5, 0, 0]
				},
				"toe_back_right2": {
					"rotation": [-60, 0, 0]
				},
				"toe_back_right_cla2": {
					"rotation": [-52.5, 0, 0]
				},
				"head_tuft_top": {
					"rotation": [-10, 0, 0]
				},
				"head_tuft2": {
					"rotation": [-17.5, 0, 0]
				},
				"head_tuft_top2": {
					"rotation": [-10, 0, 0]
				},
				"head_tuft3": {
					"rotation": [-30, 0, 0]
				},
				"head_tuft_top3": {
					"rotation": [-27.5, 0, 0]
				},
				"tail10": {
					"rotation": [12.5, 0, 0]
				},
				"head_tuft4": {
					"rotation": [-57.5, 0, 0]
				},
				"head_tuft_top4": {
					"rotation": [-30, 0, 0]
				},
				"head_tuft5": {
					"rotation": [-15, 0, 0]
				},
				"head_tuft_top5": {
					"rotation": [-17.5, 0, 0]
				},
				"head_tuft6": {
					"rotation": [-37.5, 0, 0]
				},
				"head_tuft_top6": {
					"rotation": [-22.5, 0, 0]
				},
				"red_feather_right": {
					"rotation": [0, 7.5, 0]
				},
				"red_feather_right3": {
					"rotation": [0, -7.5, 0]
				},
				"red_forearm_feather_right3": {
					"rotation": [0, 12.5, 0]
				},
				"red_forearm_feather_right2": {
					"rotation": [0, -2.5, 0]
				},
				"red_forearm_feather_right": {
					"rotation": [0, -15, 0]
				},
				"red_feather_right4": {
					"rotation": [0, -17.5, 0]
				},
				"red_feather_right5": {
					"rotation": [0, -35, 0]
				},
				"green_feather_right4": {
					"rotation": [0.75994, -20.10428, -0.37283]
				},
				"green_feather_right": {
					"rotation": [0, 10, 0]
				},
				"green_feather_right3": {
					"rotation": [0, 5, 0]
				},
				"green_feather_right9": {
					"rotation": [0, 12.5, 0]
				},
				"green_feather_right7": {
					"rotation": [0, -17.5, 0]
				},
				"green_feather_right8": {
					"rotation": [0, -2.5, 0]
				},
				"green_feather_right6": {
					"rotation": [0, -30, 0]
				},
				"green_feather_right5": {
					"rotation": [0, 2.5, 0]
				},
				"green_feather_right2": {
					"rotation": [0, 17.5, 0]
				},
				"tail_feathers": {
					"rotation": [-27.5, 0, 0]
				},
				"tail_feathers_left": {
					"rotation": [0, -27.5, 0]
				},
				"left_right": {
					"rotation": [16.93745, 2.30644, -27.41063]
				},
				"left_right2": {
					"rotation": [-10, 0, 0]
				},
				"foot_left_front3": {
					"rotation": [10, 0, 0]
				},
				"toe_middle_left3": {
					"rotation": [10.41265, 4.92101, 0.97694]
				},
				"toe_middle_left_cla3": {
					"rotation": [62.5, 0, 0]
				},
				"toe_middle_left4": {
					"rotation": [18.63957, 7.13143, 2.58808]
				},
				"toe_middle_left_cla4": {
					"rotation": [62.5, 0, 0]
				},
				"toe_back_left2": {
					"rotation": [-60, 0, 0]
				},
				"toe_back_left_cla2": {
					"rotation": [-52.5, 0, 0]
				},
				"bone6": {
					"rotation": [0, 0, -32.5]
				},
				"bone7": {
					"rotation": [0, 0, 32.5]
				},
				"left_arm": {
					"rotation": [-21.1709, 14.78698, 23.51074]
				},
				"red_feather_left": {
					"rotation": [0, -7.5, 0]
				},
				"green_feather_left": {
					"rotation": [0, -10, 0]
				},
				"green_feather_left2": {
					"rotation": [0, -17.5, 0]
				},
				"green_feather_left3": {
					"rotation": [0, -5, 0]
				},
				"green_feather_left4": {
					"rotation": [0.75994, 20.10428, 0.37283]
				},
				"green_feather_left5": {
					"rotation": [0, -2.5, 0]
				},
				"green_feather_left6": {
					"rotation": [0, 30, 0]
				},
				"red_feather_left3": {
					"rotation": [0, 7.5, 0]
				},
				"red_feather_left4": {
					"rotation": [0, 17.5, 0]
				},
				"red_feather_left5": {
					"rotation": [0, 35, 0]
				},
				"left_arm2": {
					"rotation": [0, 55, 0]
				},
				"green_feather_left7": {
					"rotation": [0, 17.5, 0]
				},
				"green_feather_left8": {
					"rotation": [0, 2.5, 0]
				},
				"green_feather_left9": {
					"rotation": [0, -12.5, 0]
				},
				"red_forearm_feather_left": {
					"rotation": [0, 15, 0]
				},
				"red_forearm_feather_left2": {
					"rotation": [0, 2.5, 0]
				},
				"red_forearm_feather_left3": {
					"rotation": [0, -12.5, 0]
				},
				"left_arm3": {
					"rotation": [0, 0, -20]
				},
				"foot_left": {
					"rotation": [35, 0, 0]
				},
				"foot_left_front": {
					"rotation": [10, 0, 0]
				},
				"toe_middle_left": {
					"rotation": [10.41265, 4.92101, 0.97694]
				},
				"toe_middle_left_cla": {
					"rotation": [62.5, 0, 0]
				},
				"toe_middle_left2": {
					"rotation": [18.63957, -7.13143, -2.58808]
				},
				"toe_middle_left_cla2": {
					"rotation": [62.5, 0, 0]
				},
				"toe_back_left": {
					"rotation": [-60, 0, 0]
				},
				"toe_back_left_cla": {
					"rotation": [-52.5, 0, 0]
				}
			}
		},
		"animation.hooh.tail_overlay": {
			"loop": true,
			"bones": {
				"small_tail19": {
					"rotation": ["0+Math.cos((query.anim_time) * 90 * 1/2) * -5", 0, 0]
				},
				"small_tail20": {
					"rotation": ["0+Math.cos((query.anim_time) * 90 * 1/2 - 90) * -5", 0, 0]
				},
				"small_tail15": {
					"rotation": ["0+Math.cos((query.anim_time) * 90 * 1/2) * 5", 0, 0]
				},
				"small_tail16": {
					"rotation": ["0+Math.cos((query.anim_time) * 90 * 1/2) * 5", 0, 0]
				},
				"small_tail13": {
					"rotation": ["0+Math.cos((query.anim_time) * 90 * 1/2) * 5", 0, 0]
				},
				"small_tail14": {
					"rotation": ["0+Math.cos((query.anim_time) * 90 * 1/2) * 5", 0, 0]
				},
				"small_tail11": {
					"rotation": ["0+Math.cos((query.anim_time) * 90 * 1/2) * 5", 0, 0]
				},
				"small_tail12": {
					"rotation": ["0+Math.cos((query.anim_time) * 90 * 1/2) * 5", 0, 0]
				},
				"small_tail9": {
					"rotation": ["0+Math.cos((query.anim_time) * 90 * 1/2) * 5", 0, 0]
				},
				"small_tail10": {
					"rotation": ["0+Math.cos((query.anim_time) * 90 * 1/2) * 5", 0, 0]
				},
				"big_tail11": {
					"rotation": ["0+Math.cos((query.anim_time) * 90 * 1/2) * 5", 0, 0]
				},
				"big_tail12": {
					"rotation": ["0+Math.cos((query.anim_time) * 90 * 1/2 - 90) * 5", 0, 0]
				},
				"big_tail9": {
					"rotation": ["0+Math.cos((query.anim_time) * 90 * 1/2) * 5", 0, 0]
				},
				"big_tail10": {
					"rotation": ["0+Math.cos((query.anim_time) * 90 * 1/2 - 90) * 5", 0, 0]
				},
				"small_tail7": {
					"rotation": ["0+Math.cos((query.anim_time) * 90 * 1/2) * 5", 0, 0]
				},
				"small_tail8": {
					"rotation": ["0+Math.cos((query.anim_time) * 90 * 1/2 - 90) * 5", 0, 0]
				},
				"small_tail5": {
					"rotation": ["0+Math.cos((query.anim_time) * 90 * 1/2) * 5", 0, 0]
				},
				"small_tail6": {
					"rotation": ["0+Math.cos((query.anim_time) * 90 * 1/2 - 90) * 5", 0, 0]
				},
				"big_tail7": {
					"rotation": ["0+Math.cos((query.anim_time) * 90 * 1/2) * 5", 0, 0]
				},
				"big_tail8": {
					"rotation": ["0+Math.cos((query.anim_time) * 90 * 1/2 - 90) * 5", 0, 0]
				},
				"big_tail5": {
					"rotation": ["0+Math.cos((query.anim_time) * 90 * 1/2) * -5", 0, 0]
				},
				"big_tail3": {
					"rotation": ["0+Math.cos((query.anim_time) * 90 * 1/2) * -5", 0, 0]
				},
				"small_tail3": {
					"rotation": ["0+Math.cos((query.anim_time) * 90 * 1/2) * -5", 0, 0]
				},
				"small_tail4": {
					"rotation": ["0+Math.cos((query.anim_time) * 90 * 1/2 - 90) * -5", 0, 0]
				},
				"small_tail1": {
					"rotation": ["0+Math.cos((query.anim_time) * 90 * 1/2) * -5", 0, 0]
				},
				"small_tail2": {
					"rotation": ["0+Math.cos((query.anim_time) * 90 * 1/2 - 90) * -5", 0, 0]
				},
				"big_tail1": {
					"rotation": ["0+Math.cos((query.anim_time) * 90 * 1/2) * -5", 0, 0]
				},
				"big_tail2": {
					"rotation": ["0+Math.cos((query.anim_time) * 90 * 1/2 - 90) * -5", 0, 0]
				},
				"big_tail13": {
					"rotation": ["0+Math.cos((query.anim_time) * 90 * 1/2) * 5", 0, 0]
				},
				"big_tail14": {
					"rotation": ["0+Math.cos((query.anim_time) * 90 * 1/2) * 5", 0, 0]
				},
				"big_tail15": {
					"rotation": ["0+Math.cos((query.anim_time) * 90 * 1/2) * 5", 0, 0]
				},
				"big_tail16": {
					"rotation": ["0+Math.cos((query.anim_time) * 90 * 1/2) * 5", 0, 0]
				},
				"big_tail17": {
					"rotation": ["0+Math.cos((query.anim_time) * 90 * 1/2) * -5", 0, 0]
				},
				"big_tail18": {
					"rotation": ["0+Math.cos((query.anim_time) * 90 * 1/2 - 90) * -5", 0, 0]
				},
				"big_tail19": {
					"rotation": ["0+Math.cos((query.anim_time) * 90 * 1/2) * -5", 0, 0]
				},
				"big_tail20": {
					"rotation": ["0+Math.cos((query.anim_time) * 90 * 1/2 - 90) * -5", 0, 0]
				}
			}
		},
		"animation.risingphoenix.ground_walk": {
			"loop": true,
			"bones": {
				"body": {
					"rotation": [90, 0, 0]
				},
				"torso": {
					"rotation": ["-5+Math.cos((query.anim_time) * 90 * 2) * 2", 0, "Math.cos((query.anim_time) * 90 * 4) * 2"]
				},
				"chest": {
					"rotation": ["-17.5+Math.cos((query.anim_time) * 90 * 2) * 2", 0, "0+Math.cos((query.anim_time) * 90 * 4) * 2"]
				},
				"neck": {
					"rotation": ["-12.5+Math.cos((query.anim_time-0.3) * 90 * 2) * 2", 0, "0+Math.cos((query.anim_time+0.4) * 90 * 4) * 2"]
				},
				"neck3": {
					"rotation": [10, 0, "0+Math.cos((query.anim_time+0.8) * 90 * 4) * 2"]
				},
				"neck4": {
					"rotation": [0, 0, 0]
				},
				"tail": {
					"rotation": [-10, 0, "0+Math.cos((query.anim_time-0.2) * 90 * 4) * 2"]
				},
				"tail2": {
					"rotation": [15, 0, "Math.cos((query.anim_time-0.4) * 90 * 4) * 8"]
				},
				"tail3": {
					"rotation": [12.5, 0, "Math.cos((query.anim_time-0.6) * 90 * 4) * 8"]
				},
				"tail4": {
					"rotation": [-7.5, 0, "Math.cos((query.anim_time-0.8) * 90 * 4) * 10"]
				},
				"tail6": {
					"rotation": [7.5, 0, "Math.cos((query.anim_time-0.8) * 90 * 4) * 14"]
				},
				"tail7": {
					"rotation": [20, 0, "0+Math.cos((query.anim_time-0.7) * 90 * 4) * 5"]
				},
				"tail5": {
					"rotation": [-5, 0, "0+Math.cos((query.anim_time-1.2) * 90 * 4) * 8"]
				},
				"tail9": {
					"rotation": [36.4722, "-18.4143+Math.cos((query.anim_time-0.3) * 90 * 4) * -5", -13.15756]
				},
				"neck2": {
					"rotation": [17.5, 0, "0+Math.cos((query.anim_time+0.6) * 90 * 4) * 2"]
				},
				"tail8": {
					"rotation": [36.71029, 16.74229, 11.06528]
				},
				"bone": {
					"rotation": [-12.5, 0, "Math.cos((query.anim_time-1) * 90 * 4) * 8"]
				},
				"head": {
					"rotation": ["-80+Math.cos((query.anim_time-0.3) * 90 * 2) * -5", 0, "0+Math.cos((query.anim_time+0.8) * 90 * 4) * -2"],
					"position": [0, 3, -3]
				},
				"beak_bottom": {
					"rotation": ["45+Math.cos((query.anim_time-0.3) * 90 * 4) * -5", 0, 0]
				},
				"bone2": {
					"rotation": [9.75252, 30.31911, -4.32403]
				},
				"bone3": {
					"rotation": [0, -25, 0]
				},
				"mane_left": {
					"rotation": [0, 30, 0]
				},
				"head_tuft": {
					"rotation": [-2.5, 0, 0],
					"scale": 1.3
				},
				"mane_right": {
					"rotation": [0, -45, 0]
				},
				"bone4": {
					"rotation": [9.75252, -30.31911, 4.32403]
				},
				"bone5": {
					"rotation": [0, 25, 0]
				},
				"right_feather": {
					"rotation": [0, -52.5, 10]
				},
				"left_feather": {
					"rotation": [0, 52.5, -10]
				},
				"back_feather": {
					"rotation": [42.5, 0, 0]
				},
				"right_feather2": {
					"rotation": [17.5, 0, 50]
				},
				"left_feather2": {
					"rotation": [17.5, 0, -50]
				},
				"right_arm": {
					"rotation": ["-34.0199+Math.cos((query.anim_time-0.3) * 90 * 4) * -5", "-24.3316+Math.cos((query.anim_time-0.3) * 90 * 4) * -5", -15.78744]
				},
				"right_arm2": {
					"rotation": [0, -55, 0]
				},
				"foot_right": {
					"rotation": [35, 0, 0]
				},
				"foot_right_front": {
					"rotation": [10, 0, 0]
				},
				"toe_middle_right": {
					"rotation": [10.41265, -4.92101, -0.97694]
				},
				"toe_middle_right_cla": {
					"rotation": [62.5, 0, 0]
				},
				"toe_middle_right2": {
					"rotation": [18.63957, 7.13143, 2.58808]
				},
				"toe_middle_right_cla2": {
					"rotation": [62.5, 0, 0]
				},
				"toe_back_right": {
					"rotation": [-60, 0, 0]
				},
				"toe_back_right_cla": {
					"rotation": [-52.5, 0, 0]
				},
				"right_arm3": {
					"rotation": [0, 0, 20]
				},
				"foot_right2": {
					"rotation": [10, 0, 0]
				},
				"right_right2": {
					"rotation": [-10, 0, 0]
				},
				"right_right": {
					"rotation": [16.93745, -2.30644, 27.41063]
				},
				"foot_right_front3": {
					"rotation": [10, 0, 0]
				},
				"toe_middle_right3": {
					"rotation": [10.41265, -4.92101, -0.97694]
				},
				"toe_middle_right_cla3": {
					"rotation": [62.5, 0, 0]
				},
				"toe_middle_right4": {
					"rotation": [18.63957, 7.13143, 2.58808]
				},
				"toe_middle_right_cla4": {
					"rotation": [62.5, 0, 0]
				},
				"toe_back_right2": {
					"rotation": [-60, 0, 0]
				},
				"toe_back_right_cla2": {
					"rotation": [-52.5, 0, 0]
				},
				"head_tuft_top": {
					"rotation": [-10, 0, 0]
				},
				"head_tuft2": {
					"rotation": [-17.5, 0, 0]
				},
				"head_tuft_top2": {
					"rotation": [-10, 0, 0]
				},
				"head_tuft3": {
					"rotation": [-30, 0, 0]
				},
				"head_tuft_top3": {
					"rotation": [-27.5, 0, 0]
				},
				"tail10": {
					"rotation": [12.5, 0, 0]
				},
				"head_tuft4": {
					"rotation": [-57.5, 0, 0]
				},
				"head_tuft_top4": {
					"rotation": [-30, 0, 0]
				},
				"head_tuft5": {
					"rotation": [-15, 0, 0]
				},
				"head_tuft_top5": {
					"rotation": [-17.5, 0, 0]
				},
				"head_tuft6": {
					"rotation": [-37.5, 0, 0]
				},
				"head_tuft_top6": {
					"rotation": [-22.5, 0, 0]
				},
				"red_feather_right": {
					"rotation": [0, 7.5, 0]
				},
				"red_feather_right3": {
					"rotation": [0, -7.5, 0]
				},
				"red_forearm_feather_right3": {
					"rotation": [0, 12.5, 0]
				},
				"red_forearm_feather_right2": {
					"rotation": [0, -2.5, 0]
				},
				"red_forearm_feather_right": {
					"rotation": [0, -15, 0]
				},
				"red_feather_right4": {
					"rotation": [0, -17.5, 0]
				},
				"red_feather_right5": {
					"rotation": [0, -35, 0]
				},
				"green_feather_right4": {
					"rotation": [0.75994, -20.10428, -0.37283]
				},
				"green_feather_right": {
					"rotation": [0, 10, 0]
				},
				"green_feather_right3": {
					"rotation": [0, 5, 0]
				},
				"green_feather_right9": {
					"rotation": [0, 12.5, 0]
				},
				"green_feather_right7": {
					"rotation": [0, -17.5, 0]
				},
				"green_feather_right8": {
					"rotation": [0, -2.5, 0]
				},
				"green_feather_right6": {
					"rotation": [0, -30, 0]
				},
				"green_feather_right5": {
					"rotation": [0, 2.5, 0]
				},
				"green_feather_right2": {
					"rotation": [0, 17.5, 0]
				},
				"tail_feathers": {
					"rotation": [-27.5, 0, 0]
				},
				"tail_feathers_left": {
					"rotation": [0, -27.5, 0]
				},
				"left_right": {
					"rotation": [16.93745, 2.30644, -27.41063]
				},
				"left_right2": {
					"rotation": [-10, 0, 0]
				},
				"foot_left_front3": {
					"rotation": [10, 0, 0]
				},
				"toe_middle_left3": {
					"rotation": [10.41265, 4.92101, 0.97694]
				},
				"toe_middle_left_cla3": {
					"rotation": [62.5, 0, 0]
				},
				"toe_middle_left4": {
					"rotation": [18.63957, 7.13143, 2.58808]
				},
				"toe_middle_left_cla4": {
					"rotation": [62.5, 0, 0]
				},
				"toe_back_left2": {
					"rotation": [-60, 0, 0]
				},
				"toe_back_left_cla2": {
					"rotation": [-52.5, 0, 0]
				},
				"bone6": {
					"rotation": [0, 0, -32.5]
				},
				"bone7": {
					"rotation": [0, 0, 32.5]
				},
				"left_arm": {
					"rotation": ["-33.4888+Math.cos((query.anim_time-0.3) * 90 * 4) * -5", "22.2162+Math.cos((query.anim_time-0.3) * 90 * 4) * 5", 17.22182]
				},
				"red_feather_left": {
					"rotation": [0, -7.5, 0]
				},
				"green_feather_left": {
					"rotation": [0, -10, 0]
				},
				"green_feather_left2": {
					"rotation": [0, -17.5, 0]
				},
				"green_feather_left3": {
					"rotation": [0, -5, 0]
				},
				"green_feather_left4": {
					"rotation": [0.75994, 20.10428, 0.37283]
				},
				"green_feather_left5": {
					"rotation": [0, -2.5, 0]
				},
				"green_feather_left6": {
					"rotation": [0, 30, 0]
				},
				"red_feather_left3": {
					"rotation": [0, 7.5, 0]
				},
				"red_feather_left4": {
					"rotation": [0, 17.5, 0]
				},
				"red_feather_left5": {
					"rotation": [0, 35, 0]
				},
				"left_arm2": {
					"rotation": [0, 55, 0]
				},
				"green_feather_left7": {
					"rotation": [0, 17.5, 0]
				},
				"green_feather_left8": {
					"rotation": [0, 2.5, 0]
				},
				"green_feather_left9": {
					"rotation": [0, -12.5, 0]
				},
				"red_forearm_feather_left": {
					"rotation": [0, 15, 0]
				},
				"red_forearm_feather_left2": {
					"rotation": [0, 2.5, 0]
				},
				"red_forearm_feather_left3": {
					"rotation": [0, -12.5, 0]
				},
				"left_arm3": {
					"rotation": [0, 0, -20]
				},
				"foot_left": {
					"rotation": [35, 0, 0]
				},
				"foot_left_front": {
					"rotation": [10, 0, 0]
				},
				"toe_middle_left": {
					"rotation": [10.41265, 4.92101, 0.97694]
				},
				"toe_middle_left_cla": {
					"rotation": [62.5, 0, 0]
				},
				"toe_middle_left2": {
					"rotation": [18.63957, -7.13143, -2.58808]
				},
				"toe_middle_left_cla2": {
					"rotation": [62.5, 0, 0]
				},
				"toe_back_left": {
					"rotation": [-60, 0, 0]
				},
				"toe_back_left_cla": {
					"rotation": [-52.5, 0, 0]
				}
			}
		},
		"animation.risingphoenix.air_fly": {
			"loop": true,
			"bones": {
				"body": {
					"rotation": [90, 0, 0]
				},
				"torso": {
					"rotation": ["-5+Math.cos((query.anim_time) * 90 * 2) * 2", 0, "Math.cos((query.anim_time) * 90 * 4) * 2"]
				},
				"chest": {
					"rotation": ["-17.5+Math.cos((query.anim_time) * 90 * 2) * 2", 0, "0+Math.cos((query.anim_time) * 90 * 4) * 2"]
				},
				"neck": {
					"rotation": ["-12.5+Math.cos((query.anim_time-0.3) * 90 * 2) * 2", 0, "0+Math.cos((query.anim_time+0.4) * 90 * 4) * 2"]
				},
				"neck3": {
					"rotation": [10, 0, "0+Math.cos((query.anim_time+0.8) * 90 * 4) * 2"]
				},
				"neck4": {
					"rotation": [0, 0, 0]
				},
				"tail": {
					"rotation": [-10, 0, "0+Math.cos((query.anim_time-0.2) * 90 * 4) * 2"]
				},
				"tail2": {
					"rotation": [15, 0, "Math.cos((query.anim_time-0.4) * 90 * 4) * 8"]
				},
				"tail3": {
					"rotation": [12.5, 0, "Math.cos((query.anim_time-0.6) * 90 * 4) * 8"]
				},
				"tail4": {
					"rotation": [-7.5, 0, "Math.cos((query.anim_time-0.8) * 90 * 4) * 10"]
				},
				"tail6": {
					"rotation": [7.5, 0, "Math.cos((query.anim_time-0.8) * 90 * 4) * 14"]
				},
				"tail7": {
					"rotation": [20, 0, "0+Math.cos((query.anim_time-0.7) * 90 * 4) * 5"]
				},
				"tail5": {
					"rotation": [-5, 0, "0+Math.cos((query.anim_time-1.2) * 90 * 4) * 8"]
				},
				"tail9": {
					"rotation": [36.4722, "-18.4143+Math.cos((query.anim_time-0.3) * 90 * 4) * -5", -13.15756]
				},
				"neck2": {
					"rotation": [17.5, 0, "0+Math.cos((query.anim_time+0.6) * 90 * 4) * 2"]
				},
				"tail8": {
					"rotation": [36.71029, 16.74229, 11.06528]
				},
				"bone": {
					"rotation": [-12.5, 0, "Math.cos((query.anim_time-1) * 90 * 4) * 8"]
				},
				"head": {
					"rotation": ["-80+Math.cos((query.anim_time-0.3) * 90 * 2) * -5", 0, "0+Math.cos((query.anim_time+0.8) * 90 * 4) * -2"],
					"position": [0, 3, -3]
				},
				"beak_bottom": {
					"rotation": ["45+Math.cos((query.anim_time-0.3) * 90 * 4) * -5", 0, 0]
				},
				"bone2": {
					"rotation": [9.75252, 30.31911, -4.32403]
				},
				"bone3": {
					"rotation": [0, -25, 0]
				},
				"mane_left": {
					"rotation": [0, 30, 0]
				},
				"head_tuft": {
					"rotation": [-2.5, 0, 0],
					"scale": 1.3
				},
				"mane_right": {
					"rotation": [0, -45, 0]
				},
				"bone4": {
					"rotation": [9.75252, -30.31911, 4.32403]
				},
				"bone5": {
					"rotation": [0, 25, 0]
				},
				"right_feather": {
					"rotation": [0, -52.5, 10]
				},
				"left_feather": {
					"rotation": [0, 52.5, -10]
				},
				"back_feather": {
					"rotation": [42.5, 0, 0]
				},
				"right_feather2": {
					"rotation": [17.5, 0, 50]
				},
				"left_feather2": {
					"rotation": [17.5, 0, -50]
				},
				"right_arm": {
					"rotation": ["-34.0199+Math.cos((query.anim_time-0.3) * 90 * 4) * -5", "-24.3316+Math.cos((query.anim_time-0.3) * 90 * 4) * -5", -15.78744]
				},
				"right_arm2": {
					"rotation": [0, -55, 0]
				},
				"foot_right": {
					"rotation": [35, 0, 0]
				},
				"foot_right_front": {
					"rotation": [10, 0, 0]
				},
				"toe_middle_right": {
					"rotation": [10.41265, -4.92101, -0.97694]
				},
				"toe_middle_right_cla": {
					"rotation": [62.5, 0, 0]
				},
				"toe_middle_right2": {
					"rotation": [18.63957, 7.13143, 2.58808]
				},
				"toe_middle_right_cla2": {
					"rotation": [62.5, 0, 0]
				},
				"toe_back_right": {
					"rotation": [-60, 0, 0]
				},
				"toe_back_right_cla": {
					"rotation": [-52.5, 0, 0]
				},
				"right_arm3": {
					"rotation": [0, 0, 20]
				},
				"foot_right2": {
					"rotation": [10, 0, 0]
				},
				"right_right2": {
					"rotation": [-10, 0, 0]
				},
				"right_right": {
					"rotation": [16.93745, -2.30644, 27.41063]
				},
				"foot_right_front3": {
					"rotation": [10, 0, 0]
				},
				"toe_middle_right3": {
					"rotation": [10.41265, -4.92101, -0.97694]
				},
				"toe_middle_right_cla3": {
					"rotation": [62.5, 0, 0]
				},
				"toe_middle_right4": {
					"rotation": [18.63957, 7.13143, 2.58808]
				},
				"toe_middle_right_cla4": {
					"rotation": [62.5, 0, 0]
				},
				"toe_back_right2": {
					"rotation": [-60, 0, 0]
				},
				"toe_back_right_cla2": {
					"rotation": [-52.5, 0, 0]
				},
				"head_tuft_top": {
					"rotation": [-10, 0, 0]
				},
				"head_tuft2": {
					"rotation": [-17.5, 0, 0]
				},
				"head_tuft_top2": {
					"rotation": [-10, 0, 0]
				},
				"head_tuft3": {
					"rotation": [-30, 0, 0]
				},
				"head_tuft_top3": {
					"rotation": [-27.5, 0, 0]
				},
				"tail10": {
					"rotation": [12.5, 0, 0]
				},
				"head_tuft4": {
					"rotation": [-57.5, 0, 0]
				},
				"head_tuft_top4": {
					"rotation": [-30, 0, 0]
				},
				"head_tuft5": {
					"rotation": [-15, 0, 0]
				},
				"head_tuft_top5": {
					"rotation": [-17.5, 0, 0]
				},
				"head_tuft6": {
					"rotation": [-37.5, 0, 0]
				},
				"head_tuft_top6": {
					"rotation": [-22.5, 0, 0]
				},
				"red_feather_right": {
					"rotation": [0, 7.5, 0]
				},
				"red_feather_right3": {
					"rotation": [0, -7.5, 0]
				},
				"red_forearm_feather_right3": {
					"rotation": [0, 12.5, 0]
				},
				"red_forearm_feather_right2": {
					"rotation": [0, -2.5, 0]
				},
				"red_forearm_feather_right": {
					"rotation": [0, -15, 0]
				},
				"red_feather_right4": {
					"rotation": [0, -17.5, 0]
				},
				"red_feather_right5": {
					"rotation": [0, -35, 0]
				},
				"green_feather_right4": {
					"rotation": [0.75994, -20.10428, -0.37283]
				},
				"green_feather_right": {
					"rotation": [0, 10, 0]
				},
				"green_feather_right3": {
					"rotation": [0, 5, 0]
				},
				"green_feather_right9": {
					"rotation": [0, 12.5, 0]
				},
				"green_feather_right7": {
					"rotation": [0, -17.5, 0]
				},
				"green_feather_right8": {
					"rotation": [0, -2.5, 0]
				},
				"green_feather_right6": {
					"rotation": [0, -30, 0]
				},
				"green_feather_right5": {
					"rotation": [0, 2.5, 0]
				},
				"green_feather_right2": {
					"rotation": [0, 17.5, 0]
				},
				"tail_feathers": {
					"rotation": [-27.5, 0, 0]
				},
				"tail_feathers_left": {
					"rotation": [0, -27.5, 0]
				},
				"left_right": {
					"rotation": [16.93745, 2.30644, -27.41063]
				},
				"left_right2": {
					"rotation": [-10, 0, 0]
				},
				"foot_left_front3": {
					"rotation": [10, 0, 0]
				},
				"toe_middle_left3": {
					"rotation": [10.41265, 4.92101, 0.97694]
				},
				"toe_middle_left_cla3": {
					"rotation": [62.5, 0, 0]
				},
				"toe_middle_left4": {
					"rotation": [18.63957, 7.13143, 2.58808]
				},
				"toe_middle_left_cla4": {
					"rotation": [62.5, 0, 0]
				},
				"toe_back_left2": {
					"rotation": [-60, 0, 0]
				},
				"toe_back_left_cla2": {
					"rotation": [-52.5, 0, 0]
				},
				"bone6": {
					"rotation": [0, 0, -32.5]
				},
				"bone7": {
					"rotation": [0, 0, 32.5]
				},
				"left_arm": {
					"rotation": ["-33.4888+Math.cos((query.anim_time-0.3) * 90 * 4) * -5", "22.2162+Math.cos((query.anim_time-0.3) * 90 * 4) * 5", 17.22182]
				},
				"red_feather_left": {
					"rotation": [0, -7.5, 0]
				},
				"green_feather_left": {
					"rotation": [0, -10, 0]
				},
				"green_feather_left2": {
					"rotation": [0, -17.5, 0]
				},
				"green_feather_left3": {
					"rotation": [0, -5, 0]
				},
				"green_feather_left4": {
					"rotation": [0.75994, 20.10428, 0.37283]
				},
				"green_feather_left5": {
					"rotation": [0, -2.5, 0]
				},
				"green_feather_left6": {
					"rotation": [0, 30, 0]
				},
				"red_feather_left3": {
					"rotation": [0, 7.5, 0]
				},
				"red_feather_left4": {
					"rotation": [0, 17.5, 0]
				},
				"red_feather_left5": {
					"rotation": [0, 35, 0]
				},
				"left_arm2": {
					"rotation": [0, 55, 0]
				},
				"green_feather_left7": {
					"rotation": [0, 17.5, 0]
				},
				"green_feather_left8": {
					"rotation": [0, 2.5, 0]
				},
				"green_feather_left9": {
					"rotation": [0, -12.5, 0]
				},
				"red_forearm_feather_left": {
					"rotation": [0, 15, 0]
				},
				"red_forearm_feather_left2": {
					"rotation": [0, 2.5, 0]
				},
				"red_forearm_feather_left3": {
					"rotation": [0, -12.5, 0]
				},
				"left_arm3": {
					"rotation": [0, 0, -20]
				},
				"foot_left": {
					"rotation": [35, 0, 0]
				},
				"foot_left_front": {
					"rotation": [10, 0, 0]
				},
				"toe_middle_left": {
					"rotation": [10.41265, 4.92101, 0.97694]
				},
				"toe_middle_left_cla": {
					"rotation": [62.5, 0, 0]
				},
				"toe_middle_left2": {
					"rotation": [18.63957, -7.13143, -2.58808]
				},
				"toe_middle_left_cla2": {
					"rotation": [62.5, 0, 0]
				},
				"toe_back_left": {
					"rotation": [-60, 0, 0]
				},
				"toe_back_left_cla": {
					"rotation": [-52.5, 0, 0]
				}
			}
		},
		"animation.risingphoenix.air_idle": {
			"loop": true,
			"bones": {
				"body": {
					"rotation": [90, 0, 0]
				},
				"torso": {
					"rotation": ["2.5*math.sin(q.anim_time*90*1)*0.5", 0, "2.5*math.sin(q.anim_time*90*1+90)*0.5"],
					"position": ["0+math.sin(q.anim_time*90*1.5)*2", "0+math.sin(q.anim_time*90*3)*1", "0+math.sin(q.anim_time*90*3)*0.5"]
				},
				"chest": {
					"rotation": [-22.5, 0, 0]
				},
				"neck": {
					"rotation": [-20, 0, 0]
				},
				"neck3": {
					"rotation": [-14.94548, 0, 0]
				},
				"neck4": {
					"rotation": [0, 0, 0]
				},
				"tail": {
					"rotation": ["25+Math.cos((query.anim_time) * 90 * 1) * 8", "0+Math.sin((query.anim_time) * 90 * 1) * 8", 0]
				},
				"tail2": {
					"rotation": ["5+Math.cos((query.anim_time-0.4) * 90 * 1) * 4", "0+Math.cos((query.anim_time-0.4) * 90 * 1) * 4", 0]
				},
				"tail3": {
					"rotation": ["-17.6417+Math.cos((query.anim_time-0.8) * 90 * 1) * 6", "-7.151+Math.cos((query.anim_time-0.8) * 90 * 1) * 6", 2.26708]
				},
				"tail4": {
					"rotation": ["-27.7021+Math.sin((query.anim_time-1.2) * 90 * 1) * 4", "-6.6485+Math.sin((query.anim_time-1.2) * 90 * 1) * 4", 3.47875]
				},
				"tail6": {
					"rotation": [22.81179, 9.23186, 3.86032]
				},
				"tail7": {
					"rotation": [30.38126, 8.64917, 5.03837]
				},
				"tail5": {
					"rotation": ["-20+Math.cos((query.anim_time-2) * 90 * 1) * 14", "Math.cos((query.anim_time-2) * 90 * 1) * 14", 0]
				},
				"tail9": {
					"rotation": [36.69146, 16.27014, 11.79198]
				},
				"neck2": {
					"rotation": [-20, 0, 0]
				},
				"tail8": {
					"rotation": [36.71029, 16.74229, 11.06528]
				},
				"bone": {
					"rotation": ["-22.6746+Math.cos((query.anim_time-1.6) * 90 * 1) * 6", "-6.9262+Math.cos((query.anim_time-1.6) * 90 * 1) * 6", 2.88419]
				},
				"head": {
					"rotation": [0, 0, 0]
				},
				"beak_bottom": {
					"rotation": [45, 0, 0]
				},
				"bone2": {
					"rotation": [9.75252, 30.31911, -4.32403]
				},
				"bone3": {
					"rotation": [0, -25, 0]
				},
				"mane_left": {
					"rotation": [0, 30, 0]
				},
				"head_tuft": {
					"rotation": [-2.5, 0, 0],
					"scale": 1.3
				},
				"mane_right": {
					"rotation": [0, -45, 0]
				},
				"bone4": {
					"rotation": [9.75252, -30.31911, 4.32403]
				},
				"bone5": {
					"rotation": [0, 25, 0]
				},
				"right_feather": {
					"rotation": [0, -52.5, 10]
				},
				"left_feather": {
					"rotation": [0, 52.5, -10]
				},
				"back_feather": {
					"rotation": [42.5, 0, 0]
				},
				"right_feather2": {
					"rotation": [17.5, 0, 50]
				},
				"left_feather2": {
					"rotation": [17.5, 0, -50]
				},
				"right_arm": {
					"rotation": [-17.5, "-20+math.sin(q.anim_time*90*2+90)*5", "0+math.sin(q.anim_time*90*4)*1.5"]
				},
				"right_arm2": {
					"rotation": [0, -55, 0]
				},
				"foot_right": {
					"rotation": [35, 0, 0]
				},
				"foot_right_front": {
					"rotation": [10, 0, 0]
				},
				"toe_middle_right": {
					"rotation": [10.41265, -4.92101, -0.97694]
				},
				"toe_middle_right_cla": {
					"rotation": [62.5, 0, 0]
				},
				"toe_middle_right2": {
					"rotation": [18.63957, 7.13143, 2.58808]
				},
				"toe_middle_right_cla2": {
					"rotation": [62.5, 0, 0]
				},
				"toe_back_right": {
					"rotation": [-60, 0, 0]
				},
				"toe_back_right_cla": {
					"rotation": [-52.5, 0, 0]
				},
				"right_arm3": {
					"rotation": [0, 0, 20]
				},
				"foot_right2": {
					"rotation": [10, 0, 0]
				},
				"right_right2": {
					"rotation": [-10, 0, 0]
				},
				"right_right": {
					"rotation": [16.93745, -2.30644, 27.41063]
				},
				"foot_right_front3": {
					"rotation": [10, 0, 0]
				},
				"toe_middle_right3": {
					"rotation": [10.41265, -4.92101, -0.97694]
				},
				"toe_middle_right_cla3": {
					"rotation": [62.5, 0, 0]
				},
				"toe_middle_right4": {
					"rotation": [18.63957, 7.13143, 2.58808]
				},
				"toe_middle_right_cla4": {
					"rotation": [62.5, 0, 0]
				},
				"toe_back_right2": {
					"rotation": [-60, 0, 0]
				},
				"toe_back_right_cla2": {
					"rotation": [-52.5, 0, 0]
				},
				"head_tuft_top": {
					"rotation": [-10, 0, 0]
				},
				"head_tuft2": {
					"rotation": [-17.5, 0, 0]
				},
				"head_tuft_top2": {
					"rotation": [-10, 0, 0]
				},
				"head_tuft3": {
					"rotation": [-30, 0, 0]
				},
				"head_tuft_top3": {
					"rotation": [-27.5, 0, 0]
				},
				"tail10": {
					"rotation": [12.5, 0, 0]
				},
				"head_tuft4": {
					"rotation": [-57.5, 0, 0]
				},
				"head_tuft_top4": {
					"rotation": [-30, 0, 0]
				},
				"head_tuft5": {
					"rotation": [-15, 0, 0]
				},
				"head_tuft_top5": {
					"rotation": [-17.5, 0, 0]
				},
				"head_tuft6": {
					"rotation": [-37.5, 0, 0]
				},
				"head_tuft_top6": {
					"rotation": [-22.5, 0, 0]
				},
				"red_feather_right": {
					"rotation": [0, 7.5, 0]
				},
				"red_feather_right3": {
					"rotation": [0, -7.5, 0]
				},
				"red_forearm_feather_right3": {
					"rotation": [0, 12.5, 0]
				},
				"red_forearm_feather_right2": {
					"rotation": [0, -2.5, 0]
				},
				"red_forearm_feather_right": {
					"rotation": [0, -15, 0]
				},
				"red_feather_right4": {
					"rotation": [0, -17.5, 0]
				},
				"red_feather_right5": {
					"rotation": [0, -35, 0]
				},
				"green_feather_right4": {
					"rotation": [0.75994, -20.10428, -0.37283]
				},
				"green_feather_right": {
					"rotation": [0, 10, 0]
				},
				"green_feather_right3": {
					"rotation": [0, 5, 0]
				},
				"green_feather_right9": {
					"rotation": [0, 12.5, 0]
				},
				"green_feather_right7": {
					"rotation": [0, -17.5, 0]
				},
				"green_feather_right8": {
					"rotation": [0, -2.5, 0]
				},
				"green_feather_right6": {
					"rotation": [0, -30, 0]
				},
				"green_feather_right5": {
					"rotation": [0, 2.5, 0]
				},
				"green_feather_right2": {
					"rotation": [0, 17.5, 0]
				},
				"tail_feathers": {
					"rotation": [-27.5, 0, 0]
				},
				"tail_feathers_left": {
					"rotation": [0, -27.5, 0]
				},
				"left_right": {
					"rotation": [16.93745, 2.30644, -27.41063]
				},
				"left_right2": {
					"rotation": [-10, 0, 0]
				},
				"foot_left_front3": {
					"rotation": [10, 0, 0]
				},
				"toe_middle_left3": {
					"rotation": [10.41265, 4.92101, 0.97694]
				},
				"toe_middle_left_cla3": {
					"rotation": [62.5, 0, 0]
				},
				"toe_middle_left4": {
					"rotation": [18.63957, 7.13143, 2.58808]
				},
				"toe_middle_left_cla4": {
					"rotation": [62.5, 0, 0]
				},
				"toe_back_left2": {
					"rotation": [-60, 0, 0]
				},
				"toe_back_left_cla2": {
					"rotation": [-52.5, 0, 0]
				},
				"bone6": {
					"rotation": [0, 0, -32.5]
				},
				"bone7": {
					"rotation": [0, 0, 32.5]
				},
				"left_arm": {
					"rotation": [-17.5, "20-math.sin(q.anim_time*90*2+90)*5", "0+math.sin(q.anim_time*90*4)*1.5"]
				},
				"red_feather_left": {
					"rotation": [0, -7.5, 0]
				},
				"green_feather_left": {
					"rotation": [0, -10, 0]
				},
				"green_feather_left2": {
					"rotation": [0, -17.5, 0]
				},
				"green_feather_left3": {
					"rotation": [0, -5, 0]
				},
				"green_feather_left4": {
					"rotation": [0.75994, 20.10428, 0.37283]
				},
				"green_feather_left5": {
					"rotation": [0, -2.5, 0]
				},
				"green_feather_left6": {
					"rotation": [0, 30, 0]
				},
				"red_feather_left3": {
					"rotation": [0, 7.5, 0]
				},
				"red_feather_left4": {
					"rotation": [0, 17.5, 0]
				},
				"red_feather_left5": {
					"rotation": [0, 35, 0]
				},
				"left_arm2": {
					"rotation": [0, 55, 0]
				},
				"green_feather_left7": {
					"rotation": [0, 17.5, 0]
				},
				"green_feather_left8": {
					"rotation": [0, 2.5, 0]
				},
				"green_feather_left9": {
					"rotation": [0, -12.5, 0]
				},
				"red_forearm_feather_left": {
					"rotation": [0, 15, 0]
				},
				"red_forearm_feather_left2": {
					"rotation": [0, 2.5, 0]
				},
				"red_forearm_feather_left3": {
					"rotation": [0, -12.5, 0]
				},
				"left_arm3": {
					"rotation": [0, 0, -20]
				},
				"foot_left": {
					"rotation": [35, 0, 0]
				},
				"foot_left_front": {
					"rotation": [10, 0, 0]
				},
				"toe_middle_left": {
					"rotation": [10.41265, 4.92101, 0.97694]
				},
				"toe_middle_left_cla": {
					"rotation": [62.5, 0, 0]
				},
				"toe_middle_left2": {
					"rotation": [18.63957, -7.13143, -2.58808]
				},
				"toe_middle_left_cla2": {
					"rotation": [62.5, 0, 0]
				},
				"toe_back_left": {
					"rotation": [-60, 0, 0]
				},
				"toe_back_left_cla": {
					"rotation": [-52.5, 0, 0]
				}
			}
		},
		"animation.risingphoenix.ground_idle": {
			"loop": true,
			"bones": {
				"body": {
					"rotation": [90, 0, 0]
				},
				"torso": {
					"rotation": ["2.5*math.sin(q.anim_time*90*1)*0.5", 0, "2.5*math.sin(q.anim_time*90*1+90)*0.5"],
					"position": ["0+math.sin(q.anim_time*90*1.5)*2", "0+math.sin(q.anim_time*90*3)*1", "0+math.sin(q.anim_time*90*3)*0.5"]
				},
				"chest": {
					"rotation": [-22.5, 0, 0]
				},
				"neck": {
					"rotation": [-20, 0, 0]
				},
				"neck3": {
					"rotation": [-14.94548, 0, 0]
				},
				"neck4": {
					"rotation": [0, 0, 0]
				},
				"tail": {
					"rotation": ["25+Math.cos((query.anim_time) * 90 * 1) * 8", "0+Math.sin((query.anim_time) * 90 * 1) * 8", 0]
				},
				"tail2": {
					"rotation": ["5+Math.cos((query.anim_time-0.4) * 90 * 1) * 4", "0+Math.cos((query.anim_time-0.4) * 90 * 1) * 4", 0]
				},
				"tail3": {
					"rotation": ["-17.6417+Math.cos((query.anim_time-0.8) * 90 * 1) * 6", "-7.151+Math.cos((query.anim_time-0.8) * 90 * 1) * 6", 2.26708]
				},
				"tail4": {
					"rotation": ["-27.7021+Math.sin((query.anim_time-1.2) * 90 * 1) * 4", "-6.6485+Math.sin((query.anim_time-1.2) * 90 * 1) * 4", 3.47875]
				},
				"tail6": {
					"rotation": [22.81179, 9.23186, 3.86032]
				},
				"tail7": {
					"rotation": [30.38126, 8.64917, 5.03837]
				},
				"tail5": {
					"rotation": ["-20+Math.cos((query.anim_time-2) * 90 * 1) * 14", "Math.cos((query.anim_time-2) * 90 * 1) * 14", 0]
				},
				"tail9": {
					"rotation": [36.69146, 16.27014, 11.79198]
				},
				"neck2": {
					"rotation": [-20, 0, 0]
				},
				"tail8": {
					"rotation": [36.71029, 16.74229, 11.06528]
				},
				"bone": {
					"rotation": ["-22.6746+Math.cos((query.anim_time-1.6) * 90 * 1) * 6", "-6.9262+Math.cos((query.anim_time-1.6) * 90 * 1) * 6", 2.88419]
				},
				"head": {
					"rotation": [0, 0, 0]
				},
				"beak_bottom": {
					"rotation": [45, 0, 0]
				},
				"bone2": {
					"rotation": [9.75252, 30.31911, -4.32403]
				},
				"bone3": {
					"rotation": [0, -25, 0]
				},
				"mane_left": {
					"rotation": [0, 30, 0]
				},
				"head_tuft": {
					"rotation": [-2.5, 0, 0],
					"scale": 1.3
				},
				"mane_right": {
					"rotation": [0, -45, 0]
				},
				"bone4": {
					"rotation": [9.75252, -30.31911, 4.32403]
				},
				"bone5": {
					"rotation": [0, 25, 0]
				},
				"right_feather": {
					"rotation": [0, -52.5, 10]
				},
				"left_feather": {
					"rotation": [0, 52.5, -10]
				},
				"back_feather": {
					"rotation": [42.5, 0, 0]
				},
				"right_feather2": {
					"rotation": [17.5, 0, 50]
				},
				"left_feather2": {
					"rotation": [17.5, 0, -50]
				},
				"right_arm": {
					"rotation": [-17.5, "-20+math.sin(q.anim_time*90*2+90)*5", "0+math.sin(q.anim_time*90*4)*1.5"]
				},
				"right_arm2": {
					"rotation": [0, -55, 0]
				},
				"foot_right": {
					"rotation": [35, 0, 0]
				},
				"foot_right_front": {
					"rotation": [10, 0, 0]
				},
				"toe_middle_right": {
					"rotation": [10.41265, -4.92101, -0.97694]
				},
				"toe_middle_right_cla": {
					"rotation": [62.5, 0, 0]
				},
				"toe_middle_right2": {
					"rotation": [18.63957, 7.13143, 2.58808]
				},
				"toe_middle_right_cla2": {
					"rotation": [62.5, 0, 0]
				},
				"toe_back_right": {
					"rotation": [-60, 0, 0]
				},
				"toe_back_right_cla": {
					"rotation": [-52.5, 0, 0]
				},
				"right_arm3": {
					"rotation": [0, 0, 20]
				},
				"foot_right2": {
					"rotation": [10, 0, 0]
				},
				"right_right2": {
					"rotation": [-10, 0, 0]
				},
				"right_right": {
					"rotation": [16.93745, -2.30644, 27.41063]
				},
				"foot_right_front3": {
					"rotation": [10, 0, 0]
				},
				"toe_middle_right3": {
					"rotation": [10.41265, -4.92101, -0.97694]
				},
				"toe_middle_right_cla3": {
					"rotation": [62.5, 0, 0]
				},
				"toe_middle_right4": {
					"rotation": [18.63957, 7.13143, 2.58808]
				},
				"toe_middle_right_cla4": {
					"rotation": [62.5, 0, 0]
				},
				"toe_back_right2": {
					"rotation": [-60, 0, 0]
				},
				"toe_back_right_cla2": {
					"rotation": [-52.5, 0, 0]
				},
				"head_tuft_top": {
					"rotation": [-10, 0, 0]
				},
				"head_tuft2": {
					"rotation": [-17.5, 0, 0]
				},
				"head_tuft_top2": {
					"rotation": [-10, 0, 0]
				},
				"head_tuft3": {
					"rotation": [-30, 0, 0]
				},
				"head_tuft_top3": {
					"rotation": [-27.5, 0, 0]
				},
				"tail10": {
					"rotation": [12.5, 0, 0]
				},
				"head_tuft4": {
					"rotation": [-57.5, 0, 0]
				},
				"head_tuft_top4": {
					"rotation": [-30, 0, 0]
				},
				"head_tuft5": {
					"rotation": [-15, 0, 0]
				},
				"head_tuft_top5": {
					"rotation": [-17.5, 0, 0]
				},
				"head_tuft6": {
					"rotation": [-37.5, 0, 0]
				},
				"head_tuft_top6": {
					"rotation": [-22.5, 0, 0]
				},
				"red_feather_right": {
					"rotation": [0, 7.5, 0]
				},
				"red_feather_right3": {
					"rotation": [0, -7.5, 0]
				},
				"red_forearm_feather_right3": {
					"rotation": [0, 12.5, 0]
				},
				"red_forearm_feather_right2": {
					"rotation": [0, -2.5, 0]
				},
				"red_forearm_feather_right": {
					"rotation": [0, -15, 0]
				},
				"red_feather_right4": {
					"rotation": [0, -17.5, 0]
				},
				"red_feather_right5": {
					"rotation": [0, -35, 0]
				},
				"green_feather_right4": {
					"rotation": [0.75994, -20.10428, -0.37283]
				},
				"green_feather_right": {
					"rotation": [0, 10, 0]
				},
				"green_feather_right3": {
					"rotation": [0, 5, 0]
				},
				"green_feather_right9": {
					"rotation": [0, 12.5, 0]
				},
				"green_feather_right7": {
					"rotation": [0, -17.5, 0]
				},
				"green_feather_right8": {
					"rotation": [0, -2.5, 0]
				},
				"green_feather_right6": {
					"rotation": [0, -30, 0]
				},
				"green_feather_right5": {
					"rotation": [0, 2.5, 0]
				},
				"green_feather_right2": {
					"rotation": [0, 17.5, 0]
				},
				"tail_feathers": {
					"rotation": [-27.5, 0, 0]
				},
				"tail_feathers_left": {
					"rotation": [0, -27.5, 0]
				},
				"left_right": {
					"rotation": [16.93745, 2.30644, -27.41063]
				},
				"left_right2": {
					"rotation": [-10, 0, 0]
				},
				"foot_left_front3": {
					"rotation": [10, 0, 0]
				},
				"toe_middle_left3": {
					"rotation": [10.41265, 4.92101, 0.97694]
				},
				"toe_middle_left_cla3": {
					"rotation": [62.5, 0, 0]
				},
				"toe_middle_left4": {
					"rotation": [18.63957, 7.13143, 2.58808]
				},
				"toe_middle_left_cla4": {
					"rotation": [62.5, 0, 0]
				},
				"toe_back_left2": {
					"rotation": [-60, 0, 0]
				},
				"toe_back_left_cla2": {
					"rotation": [-52.5, 0, 0]
				},
				"bone6": {
					"rotation": [0, 0, -32.5]
				},
				"bone7": {
					"rotation": [0, 0, 32.5]
				},
				"left_arm": {
					"rotation": [-17.5, "20-math.sin(q.anim_time*90*2+90)*5", "0+math.sin(q.anim_time*90*4)*1.5"]
				},
				"red_feather_left": {
					"rotation": [0, -7.5, 0]
				},
				"green_feather_left": {
					"rotation": [0, -10, 0]
				},
				"green_feather_left2": {
					"rotation": [0, -17.5, 0]
				},
				"green_feather_left3": {
					"rotation": [0, -5, 0]
				},
				"green_feather_left4": {
					"rotation": [0.75994, 20.10428, 0.37283]
				},
				"green_feather_left5": {
					"rotation": [0, -2.5, 0]
				},
				"green_feather_left6": {
					"rotation": [0, 30, 0]
				},
				"red_feather_left3": {
					"rotation": [0, 7.5, 0]
				},
				"red_feather_left4": {
					"rotation": [0, 17.5, 0]
				},
				"red_feather_left5": {
					"rotation": [0, 35, 0]
				},
				"left_arm2": {
					"rotation": [0, 55, 0]
				},
				"green_feather_left7": {
					"rotation": [0, 17.5, 0]
				},
				"green_feather_left8": {
					"rotation": [0, 2.5, 0]
				},
				"green_feather_left9": {
					"rotation": [0, -12.5, 0]
				},
				"red_forearm_feather_left": {
					"rotation": [0, 15, 0]
				},
				"red_forearm_feather_left2": {
					"rotation": [0, 2.5, 0]
				},
				"red_forearm_feather_left3": {
					"rotation": [0, -12.5, 0]
				},
				"left_arm3": {
					"rotation": [0, 0, -20]
				},
				"foot_left": {
					"rotation": [35, 0, 0]
				},
				"foot_left_front": {
					"rotation": [10, 0, 0]
				},
				"toe_middle_left": {
					"rotation": [10.41265, 4.92101, 0.97694]
				},
				"toe_middle_left_cla": {
					"rotation": [62.5, 0, 0]
				},
				"toe_middle_left2": {
					"rotation": [18.63957, -7.13143, -2.58808]
				},
				"toe_middle_left_cla2": {
					"rotation": [62.5, 0, 0]
				},
				"toe_back_left": {
					"rotation": [-60, 0, 0]
				},
				"toe_back_left_cla": {
					"rotation": [-52.5, 0, 0]
				}
			}
		},
		"animation.risingphoenix.cry": {
			"animation_length": 2,
			"bones": {
				"body": {
					"position": {
						"0.0": [0, 0, 0],
						"0.3333": [0, 0.25, 0],
						"0.375": [0, -0.01, 0],
						"0.4167": [0, 0.24, 0],
						"0.4583": [0, -0.02, 0],
						"0.5417": [0, 0.23, 0],
						"0.625": [0, -0.03, 0],
						"2.0": [0, 0, 0]
					}
				},
				"head": {
					"rotation": {
						"0.0": {
							"post": [0, 0, 0],
							"lerp_mode": "catmullrom"
						},
						"0.1667": {
							"post": [2.82938, 6.13831, 0.32044],
							"lerp_mode": "catmullrom"
						},
						"0.375": {
							"post": [-5.81774, 13.95906, 0.76388],
							"lerp_mode": "catmullrom"
						},
						"0.5833": {
							"post": [-11.92737, 11.66704, 0.92037],
							"lerp_mode": "catmullrom"
						},
						"0.875": {
							"post": [-10.78722, -2.15072, -3.49464],
							"lerp_mode": "catmullrom"
						},
						"1.25": {
							"post": [-15.1844, -15.37264, 6.99649],
							"lerp_mode": "catmullrom"
						},
						"1.5417": {
							"post": [7.82638, -10.76045, 5.22221],
							"lerp_mode": "catmullrom"
						},
						"1.75": {
							"post": [5.15332, -5.90882, 5.28954],
							"lerp_mode": "catmullrom"
						},
						"2.0": {
							"post": [0, 0, 0],
							"lerp_mode": "catmullrom"
						}
					}
				},
				"beak_bottom": {
					"rotation": {
						"0.0": [0, 0, 0],
						"0.25": {
							"pre": [20, 0, 0],
							"post": [20, 0, 0],
							"lerp_mode": "catmullrom"
						},
						"0.7917": {
							"post": [45.18, 0, 0],
							"lerp_mode": "catmullrom"
						},
						"1.2917": {
							"post": [32.13, 0, 0],
							"lerp_mode": "catmullrom"
						},
						"1.375": {
							"post": [-5, 0, 0],
							"lerp_mode": "catmullrom"
						},
						"2.0": [0, 0, 0]
					}
				}
			}
		}
	}
}