{
	"format_version": "1.8.0",
	"animations": {
		"animation.tangledtime.pose": {
			"loop": true,
			"bones": {
				"body": {
					"rotation": [0, 0, -22.5]
				},
				"torso": {
					"rotation": [0, 12.5, 5]
				},
				"head": {
					"rotation": [20.2795, -30.31068, 4.48046],
					"position": [0, 1, 0]
				},
				"right_antenna": {
					"rotation": [14.40231, 13.50135, -48.56613]
				},
				"right_antenna2": {
					"rotation": [-32.5, 0, -35]
				},
				"right_antenna3": {
					"rotation": [-32.5, 0, 10]
				},
				"bone": {
					"rotation": [-27.5, 0, 0]
				},
				"bone2": {
					"rotation": [22.5, 0, 0]
				},
				"right_arm": {
					"rotation": [0, 5, -37.5]
				},
				"right_hand": {
					"rotation": [0, 0, 17.5]
				},
				"left_arm": {
					"rotation": [5.22415, 22.74767, 3.52636],
					"position": [0, 0, 0]
				},
				"left_hand": {
					"rotation": [-52.5, 0, 0]
				},
				"right_wing": {
					"rotation": [66.57342, -85.13432, -52.16286]
				},
				"left_wing": {
					"rotation": [-33.04492, 78.08401, -59.99664],
					"position": [1, 0, 0]
				},
				"bone3": {
					"rotation": [0, -22.5, 0]
				},
				"bone4": {
					"rotation": [0, -10, 0]
				},
				"bone5": {
					"rotation": [0, 20, 0]
				},
				"bone6": {
					"rotation": [0, 22.5, 0]
				},
				"bone7": {
					"rotation": [0, 22.5, 0]
				},
				"right_leg": {
					"rotation": [9.02717, 26.36198, 32.85132]
				},
				"right_foot": {
					"rotation": [37.5, 0, 0]
				},
				"left_leg": {
					"rotation": [-2.5, 0, -25]
				},
				"left_foot": {
					"rotation": [35, 0, 0]
				}
			}
		},
		"animation.tangledtime.ground_idle": {
			"loop": true,
			"bones": {
				"right_arm": {
					"rotation": [-15, 15, "-45-Math.cos((query.anim_time-0.3) * 90 * 4) * -3"]
				},
				"right_hand": {
					"rotation": [0, 0, 15]
				},
				"left_arm": {
					"rotation": [-15, -15, "45+Math.cos((query.anim_time-0.3) * 90 * 4) * -3"]
				},
				"left_hand": {
					"rotation": [0, 20, 0],
					"position": [0, 0, -0.25]
				},
				"right_leg": {
					"rotation": ["-0.9729-Math.cos((query.anim_time-0.3) * 90 * 4) * -3", 9.71714, 6.18594]
				},
				"right_foot": {
					"rotation": [45, 0, 0]
				},
				"left_leg": {
					"rotation": ["-0.3235-Math.cos((query.anim_time-0.3) * 90 * 4) * -3", -10.79169, -11.49289]
				},
				"left_foot": {
					"rotation": [32.5, 0, 0]
				},
				"right_wing": {
					"rotation": [0, "-55-Math.cos((query.anim_time) * 90 * 32) * -20", 0]
				},
				"right_antenna": {
					"rotation": ["17.3388+Math.cos((query.anim_time-0.5) * 90 * 4) * 1", 9.3762, -33.84706]
				},
				"right_antenna2": {
					"rotation": ["-32.5+Math.cos((query.anim_time-0.5) * 90 * 4) * 1", 0, -35]
				},
				"right_antenna3": {
					"rotation": ["-32.5+Math.cos((query.anim_time-0.5) * 90 * 4) * 1", 0, 10]
				},
				"bone": {
					"rotation": [-27.5, 0, 0]
				},
				"bone2": {
					"rotation": [22.5, 0, 0]
				},
				"left_wing": {
					"rotation": [34.43446, "75.7569+Math.cos((query.anim_time) * 90 * 3) * -10", 23.9665]
				},
				"bone4": {
					"rotation": [0, -10, 0]
				},
				"bone3": {
					"rotation": [0, -22.5, 0]
				},
				"bone5": {
					"rotation": [0, 20, 0]
				},
				"bone6": {
					"rotation": [0, 22.5, 0]
				},
				"bone7": {
					"rotation": [0, 22.5, 0]
				},
				"body": {
					"rotation": ["0+Math.cos((query.anim_time-0.2) * 90 * 4) * 1", 0, 0],
					"position": [0, "0+Math.cos((query.anim_time) * 90 * 4) * 0.3", 0]
				},
				"hair": {
					"rotation": [0, "0+Math.cos((query.anim_time-0.5) * 90 * 4) * 1", 0]
				},
				"spikes": {
					"rotation": [0, 0, 0]
				},
				"bone8": {
					"rotation": ["0+Math.cos((query.anim_time-0.5) * 90 * 4) * 0.1", 0, 0]
				},
				"bone9": {
					"rotation": ["0+Math.cos((query.anim_time-0.5) * 90 * 4) * 0.1", 0, 0]
				},
				"bone10": {
					"rotation": ["0+Math.cos((query.anim_time-0.5) * 90 * 4) * 0.1", 0, 0]
				}
			}
		},
		"animation.tangledtime.ground_walk": {
			"loop": true,
			"bones": {
				"right_arm": {
					"rotation": [-15, 15, "-45-Math.cos((query.anim_time-0.3) * 90 * 4) * -3"]
				},
				"right_hand": {
					"rotation": [0, 0, 15]
				},
				"left_arm": {
					"rotation": [-15, -15, "45+Math.cos((query.anim_time-0.3) * 90 * 4) * -3"]
				},
				"left_hand": {
					"rotation": [0, 20, 0],
					"position": [0, 0, -0.25]
				},
				"right_leg": {
					"rotation": ["-0.9729-Math.cos((query.anim_time-0.3) * 90 * 4) * -3", 9.71714, 6.18594]
				},
				"right_foot": {
					"rotation": [45, 0, 0]
				},
				"left_leg": {
					"rotation": ["-0.3235-Math.cos((query.anim_time-0.3) * 90 * 4) * -3", -10.79169, -11.49289]
				},
				"left_foot": {
					"rotation": [32.5, 0, 0]
				},
				"right_wing": {
					"rotation": [0, "-55-Math.cos((query.anim_time) * 90 * 32) * -20", 0]
				},
				"right_antenna": {
					"rotation": ["17.3388+Math.cos((query.anim_time-0.5) * 90 * 4) * 2", 9.37621, -33.84706]
				},
				"right_antenna2": {
					"rotation": ["-32.5+Math.cos((query.anim_time-0.5) * 90 * 4) * 2", 0, -35]
				},
				"right_antenna3": {
					"rotation": ["-32.5+Math.cos((query.anim_time-0.5) * 90 * 4) * 2", 0, 10]
				},
				"bone": {
					"rotation": [-27.5, 0, 0]
				},
				"bone2": {
					"rotation": [22.5, 0, 0]
				},
				"left_wing": {
					"rotation": [34.43446, "75.7569+Math.cos((query.anim_time) * 90 * 3) * -10", 23.9665]
				},
				"bone4": {
					"rotation": [0, "-10+Math.cos((query.anim_time) * 90 * 3) * -10", 0]
				},
				"bone3": {
					"rotation": [0, "-22.5+Math.cos((query.anim_time) * 90 * 3) * -10", 0]
				},
				"bone5": {
					"rotation": [0, 20, 0]
				},
				"bone6": {
					"rotation": [0, "22.5+Math.cos((query.anim_time) * 90 * 3) * -10", 0]
				},
				"bone7": {
					"rotation": [0, "22.5+Math.cos((query.anim_time) * 90 * 3) * -10", 0]
				},
				"body": {
					"rotation": ["27.5+Math.cos((query.anim_time-0.2) * 90 * 4) * 3", 0, 0],
					"position": [0, "0+Math.cos((query.anim_time) * 90 * 4) * 0.8", 0]
				},
				"hair": {
					"rotation": [0, "0+Math.cos((query.anim_time-0.5) * 90 * 4) * 2", 0]
				},
				"bone8": {
					"rotation": ["0+Math.cos((query.anim_time-0.5) * 90 * 4) * 0.1", 0, 0]
				},
				"bone9": {
					"rotation": ["0+Math.cos((query.anim_time-0.5) * 90 * 4) * 0.1", 0, 0]
				},
				"bone10": {
					"rotation": ["0+Math.cos((query.anim_time-0.5) * 90 * 4) * 0.1", 0, 0]
				}
			}
		}
	}
}