{
	"format_version": "1.8.0",
	"animations": {
		"animation.tinkaton_delta.ground_idle": {
			"loop": true,
			"bones": {
				"leg_left": {
					"rotation": [0, -5, 0]
				},
				"leg_right": {
					"rotation": [0, 5, 0]
				},
				"torso": {
					"rotation": ["-5+Math.cos((query.anim_time) * 90 * 1 - 90) * 1", -5, 0],
					"position": [0, "0+Math.cos((query.anim_time) * 90 * 1) * 0.2", 0]
				},
				"head": {
					"rotation": ["7.5+Math.cos((query.anim_time) * 90 * 1 - 120) * -1.5", 5, 0]
				},
				"tentacle_left1": {
					"rotation": [-15, -37.5, "12.5+Math.cos((query.anim_time) * 90 * 1 - 80) * -2"]
				},
				"tentacle_left2": {
					"rotation": [122.5, 32.5, "67.5+Math.cos((query.anim_time) * 90 * 1 - 160) * -3"]
				},
				"tentacle_left3": {
					"rotation": [-72.5, 85, 0]
				},
				"tentacle_left4": {
					"rotation": [-57.5, 0, "-87.5+Math.cos((query.anim_time) * 90 * 1 - 240) * -9"]
				},
				"tentacle_left5": {
					"rotation": [0, 0, -92.5]
				},
				"tentacle_left6": {
					"rotation": [0, 0, -85]
				},
				"tentacle_right1": {
					"rotation": [-15, 37.5, "-12.5+Math.cos((query.anim_time) * 90 * 1 - 80) * 2"]
				},
				"tentacle_right2": {
					"rotation": [122.5, -32.5, "-67.5+Math.cos((query.anim_time) * 90 * 1 - 160) * 3"]
				},
				"tentacle_right3": {
					"rotation": [-72.5, -85, 0]
				},
				"tentacle_right4": {
					"rotation": [-57.5, 0, "87.5+Math.cos((query.anim_time) * 90 * 1 - 240) * 9"]
				},
				"tentacle_right5": {
					"rotation": [0, 0, 92.5]
				},
				"tentacle_right6": {
					"rotation": [0, 0, 85]
				},
				"arm_left": {
					"rotation": [90, 40, "35+Math.cos((query.anim_time) * 90 * 1 - 45) * -6"],
					"position": [0, -1, 0]
				},
				"arm_left2": {
					"rotation": [0, 30, 0]
				},
				"arm_right": {
					"rotation": [-22.5, 0, "-22.5+Math.cos((query.anim_time) * 90 * 1 - 45) * 2"]
				},
				"arm_right2": {
					"rotation": [0, -30, 0]
				},
				"chain1": {
					"rotation": ["-57.5+Math.cos((query.anim_time) * 90 * 1 - 80) *4", 0, 0]
				},
				"chain2": {
					"rotation": [35, 27.5, 0]
				},
				"chain3": {
					"rotation": [0, -10, 0]
				},
				"chain4": {
					"rotation": [-17.5, 32.5, 35]
				},
				"chain5": {
					"rotation": [0, -27.5, 0]
				},
				"chain6": {
					"rotation": [-27.5, 0, 0]
				},
				"chain7": {
					"rotation": ["0+Math.cos((query.anim_time) * 90 * 1 - 45) * 5", 45, 0]
				},
				"chain8": {
					"rotation": [42.5, 15, 0]
				},
				"chain9": {
					"rotation": [0, -37.5, 0]
				},
				"chain10": {
					"rotation": [-35, 0, 0]
				},
				"wheel": {
					"rotation": [0, 0, "0+Math.cos((query.anim_time) * 90 * 1/2) * 80"]
				}
			}
		},
		"animation.tinkaton_delta.ground_walk": {
			"loop": true,
			"animation_length": 1,
			"bones": {
				"leg_left": {
					"rotation": ["0+Math.cos((query.anim_time) * 90 * 4) * -15", 0, 0],
					"position": [
						0,
						"0+1*math.clamp(math.sin((q.anim_time-0.5)*90*4)*1.1+0.2,0,1.3)+1*math.clamp(math.sin((q.anim_time)*90*4)*1+1,0,0)",
						"Math.cos((query.anim_time) * 90 * 4) * -0.5"
					]
				},
				"leg_right": {
					"rotation": ["0+Math.cos((query.anim_time) * 90 * 4) * 15", 0, 0],
					"position": [
						0,
						"0+1*math.clamp(math.sin((q.anim_time)*90*4)*1.1+0.2,0,1.3)+1*math.clamp(math.sin((q.anim_time)*90*4)*1+1,0,0)",
						"Math.cos((query.anim_time) * 90 * 4) * 0.5"
					]
				},
				"torso": {
					"rotation": [
						"0+Math.cos((query.anim_time) * 90 * 4*2 - 90) * 1",
						"0+Math.cos((query.anim_time) * 90 * 4) * 2",
						"0+Math.cos((query.anim_time) * 90 * 4 - 90) * -2"
					],
					"position": [0, "0+Math.cos((query.anim_time) * 90 * 4*2) * -0.2", 0]
				},
				"head": {
					"rotation": [
						"0+Math.cos((query.anim_time) * 90 * 4*2 - 120) * -1",
						"0+Math.cos((query.anim_time) * 90 * 4 - 45) * -2",
						"0+Math.cos((query.anim_time) * 90 * 4 - 120) * 2"
					]
				},
				"tentacle_left1": {
					"rotation": [-15, -37.5, "12.5+Math.cos((query.anim_time) * 90 * 4*2 - 80) * -2"]
				},
				"tentacle_left2": {
					"rotation": [122.5, 32.5, "67.5+Math.cos((query.anim_time) * 90 * 4*2 - 160) * -3"]
				},
				"tentacle_left3": {
					"rotation": [-72.5, 85, 0]
				},
				"tentacle_left4": {
					"rotation": [-57.5, 0, "-87.5+Math.cos((query.anim_time) * 90 * 4*2 - 240) * -9"]
				},
				"tentacle_left5": {
					"rotation": [0, 0, -92.5]
				},
				"tentacle_left6": {
					"rotation": [0, 0, "-85+Math.cos((query.anim_time) * 90 * 4*2 - 300) * 9"]
				},
				"tentacle_right1": {
					"rotation": [-15, 37.5, "-12.5+Math.cos((query.anim_time) * 90 * 4*2 - 80) * 2"]
				},
				"tentacle_right2": {
					"rotation": [122.5, -32.5, "-67.5+Math.cos((query.anim_time) * 90 * 4*2 - 160) * 3"]
				},
				"tentacle_right3": {
					"rotation": [-72.5, -85, 0]
				},
				"tentacle_right4": {
					"rotation": [-57.5, 0, "87.5+Math.cos((query.anim_time) * 90 * 4*2 - 240) * 9"]
				},
				"tentacle_right5": {
					"rotation": [0, 0, 92.5]
				},
				"tentacle_right6": {
					"rotation": [0, 0, "85+Math.cos((query.anim_time) * 90 * 4*2 - 300) * -9"]
				},
				"arm_left": {
					"rotation": [65, "0+Math.cos((query.anim_time) * 90 * 4) * -20", 22.5]
				},
				"arm_right": {
					"rotation": [-30, 0, 0]
				},
				"arm_right2": {
					"rotation": [0, -22.5, 0]
				},
				"chain1": {
					"rotation": [-45, -47.5, 15]
				},
				"chain2": {
					"rotation": [-45, 0, 0]
				},
				"chain3": {
					"rotation": ["25+Math.cos((query.anim_time) * 90 * 4 - 90) * -8", 0, 0]
				},
				"chain4": {
					"rotation": ["42.5+Math.cos((query.anim_time) * 90 * 4*2 - 90) * -2", 0, 0]
				},
				"chain6": {
					"rotation": [-45, 0, 0]
				},
				"chain8": {
					"rotation": [22.5, 0, 0]
				},
				"chain9": {
					"rotation": [-20, 0, 0]
				},
				"wheel": {
					"rotation": [0, 0, "query.anim_time * 358"]
				}
			}
		},
		"animation.tinkaton_delta.water_idle": {
			"loop": true,
			"bones": {
				"body": {
					"rotation": ["30+Math.cos((query.anim_time) * 90 * 1 - 90) * -1", 0, 0],
					"position": [0, "-0.5+Math.cos((query.anim_time) * 90 * 1) * 0.5", 0]
				},
				"leg_left": {
					"rotation": ["19.3701+Math.cos((query.anim_time) * 90 * 1 - 90) * 6", 5.07855, -14.13272]
				},
				"leg_right": {
					"rotation": ["19.3701+Math.cos((query.anim_time) * 90 * 1 - 90) * 6", -5.07855, 14.13272]
				},
				"torso": {
					"position": [0, 0, 0]
				},
				"head": {
					"rotation": ["-22.5+Math.cos((query.anim_time) * 90 * 1 - 45) * 2", 0, 0]
				},
				"tentacle_left1": {
					"rotation": [42.5, -25, "10+Math.cos((query.anim_time) * 90 * 1 - 80) * -2"]
				},
				"tentacle_left2": {
					"rotation": [122.5, 5, "67.5+Math.cos((query.anim_time) * 90 * 1 - 160) * -3"]
				},
				"tentacle_left3": {
					"rotation": [-72.5, 85, 0]
				},
				"tentacle_left4": {
					"rotation": [-57.5, 0, "-87.5+Math.cos((query.anim_time) * 90 * 1 - 240) * -9"]
				},
				"tentacle_left5": {
					"rotation": [0, 0, -92.5]
				},
				"tentacle_left6": {
					"rotation": [0, 0, -85]
				},
				"tentacle_right1": {
					"rotation": [42.5, 25, "-10+Math.cos((query.anim_time) * 90 * 1 - 80) * 2"]
				},
				"tentacle_right2": {
					"rotation": [122.5, -5, "-67.5+Math.cos((query.anim_time) * 90 * 1 - 160) * 3"]
				},
				"tentacle_right3": {
					"rotation": [-72.5, -85, 0]
				},
				"tentacle_right4": {
					"rotation": [-57.5, 0, "87.5+Math.cos((query.anim_time) * 90 * 1 - 240) * 9"]
				},
				"tentacle_right5": {
					"rotation": [0, 0, 92.5]
				},
				"tentacle_right6": {
					"rotation": [0, 0, 85]
				},
				"arm_left": {
					"rotation": [50.19323, "42.9537+Math.cos((query.anim_time) * 90 * 1 - 90) * 6", -11.52931]
				},
				"arm_left2": {
					"rotation": [0, 17.5, 0]
				},
				"arm_right": {
					"rotation": [65, 0, 0]
				},
				"arm_right2": {
					"rotation": [0, -17.5, 0]
				},
				"anchor": {
					"position": [0, -6.75, 0.5]
				},
				"chain1": {
					"rotation": [0, 40, 0]
				},
				"chain2": {
					"rotation": ["40+Math.cos((query.anim_time) * 90 * 1 - 90) * 6", 0, 0]
				},
				"chain3": {
					"rotation": [-5, 0, 0]
				},
				"chain4": {
					"rotation": ["-17.5+Math.cos((query.anim_time) * 90 * 1 - 150) * -6", 0, 0]
				},
				"chain5": {
					"rotation": [30, 0, 0]
				},
				"chain6": {
					"rotation": ["-17.5+Math.cos((query.anim_time) * 90 * 1 - 210) * 6", 0, 0]
				},
				"chain7": {
					"rotation": [-27.5, 0, 0]
				},
				"chain9": {
					"rotation": [27.5, 0, 0]
				},
				"chain10": {
					"rotation": ["17.5+Math.cos((query.anim_time) * 90 * 1 - 270) * 9", 0, 0]
				},
				"wheel": {
					"rotation": [0, 0, "0+Math.cos((query.anim_time) * 90 * 1/2) * 80"]
				}
			}
		},
		"animation.tinkaton_delta.water_swim": {
			"loop": true,
			"animation_length": 1,
			"bones": {
				"body": {
					"rotation": ["62.5+Math.cos((query.anim_time) * 90 * 4 - 90) * 1", 0, 0],
					"position": [0, "-0.5+Math.cos((query.anim_time) * 90 * 4) * 0.5", 0]
				},
				"leg_left": {
					"rotation": ["19.3701+Math.cos((query.anim_time) * 90 * 8 - 90) * -16", 5.07855, -1.63272]
				},
				"leg_right": {
					"rotation": ["19.3701+Math.cos((query.anim_time) * 90 * 8 - 90) * 16", -5.07855, 1.63272]
				},
				"torso": {
					"rotation": [0, 0, "0+Math.cos((query.anim_time) * 90 * 8 - 240) * 2"],
					"position": [0, 0, 0]
				},
				"head": {
					"rotation": ["-57.5+Math.cos((query.anim_time) * 90 * 4 + 60) * -3", 0, "0+Math.cos((query.anim_time) * 90 * 8 - 240) * -2"],
					"position": [0, 0.75, -2.25]
				},
				"tentacle_left1": {
					"rotation": [42.5, -25, "10+Math.cos((query.anim_time) * 90 * 4 - 80) * -2"]
				},
				"tentacle_left2": {
					"rotation": [122.5, 5, "67.5+Math.cos((query.anim_time) * 90 * 4 - 160) * -3"]
				},
				"tentacle_left3": {
					"rotation": [-72.5, 37.5, 0]
				},
				"tentacle_left4": {
					"rotation": [-57.5, 0, "-32.5+Math.cos((query.anim_time) * 90 * 4 - 240) * -9"]
				},
				"tentacle_left5": {
					"rotation": [0, -45, -22.5]
				},
				"tentacle_left6": {
					"rotation": [0, "0+Math.cos((query.anim_time) * 90 * 4 - 360) * 20", -15]
				},
				"tentacle_right1": {
					"rotation": [42.5, 25, "-10+Math.cos((query.anim_time) * 90 * 4 - 80) * 2"]
				},
				"tentacle_right2": {
					"rotation": [122.5, -5, "-67.5+Math.cos((query.anim_time) * 90 * 4 - 160) * 3"]
				},
				"tentacle_right3": {
					"rotation": [-72.5, -37.5, 0]
				},
				"tentacle_right4": {
					"rotation": [-57.5, 0, "32.5+Math.cos((query.anim_time) * 90 * 4 - 240) * 9"]
				},
				"tentacle_right5": {
					"rotation": [0, 45, 22.5]
				},
				"tentacle_right6": {
					"rotation": [0, "0+Math.cos((query.anim_time) * 90 * 4 - 360) * -20", 15]
				},
				"arm_left": {
					"rotation": [65, 35, 0],
					"position": [0, -0.75, 0]
				},
				"arm_left2": {
					"rotation": [0, 17.5, 0]
				},
				"arm_right": {
					"rotation": [65, -35, 0]
				},
				"arm_right2": {
					"rotation": [0, -17.5, 0]
				},
				"anchor": {
					"rotation": [-25, 0, 52.5]
				},
				"chain1": {
					"rotation": [5, 52.5, 0]
				},
				"chain2": {
					"rotation": ["17.5+Math.cos((query.anim_time) * 90 * 4 - 80) * 10", 0, 0]
				},
				"chain3": {
					"rotation": [-5, 17.5, 0]
				},
				"chain4": {
					"rotation": ["20+Math.cos((query.anim_time) * 90 * 4 - 170) * -10", 0, 0]
				},
				"chain5": {
					"rotation": [12.5, 0, 0]
				},
				"chain7": {
					"rotation": [-7.5, 0, 0]
				},
				"chain9": {
					"rotation": [-10, 0, 0]
				},
				"chain10": {
					"rotation": [0, 12.5, 0]
				},
				"wheel": {
					"rotation": [0, 0, "query.anim_time * 358"]
				},
				"chain6": {
					"rotation": ["0+Math.cos((query.anim_time) * 90 * 4 - 260) * 10", 0, 0]
				}
			}
		},
		"animation.tinkaton_delta.sleep": {
			"loop": true,
			"bones": {
				"body": {
					"position": ["0+Math.cos((query.anim_time) * 90 * 1) * 0.2", 7.5, 0]
				},
				"leg_left": {
					"rotation": ["0+Math.cos((query.anim_time) * 90 * 1) * -4", -17.5, 15],
					"position": [0.5, 0.25, -1]
				},
				"leg_right": {
					"rotation": ["0+Math.cos((query.anim_time) * 90 * 1) * -4", 17.5, -15],
					"position": [-0.5, 1, -1.5]
				},
				"torso": {
					"rotation": [-10, 0, 7.5],
					"position": [0, "0+Math.cos((query.anim_time) * 90 * 1) * 0.1", 0]
				},
				"head": {
					"rotation": ["25+Math.cos((query.anim_time) * 90 * 1 - 90) * -1", 0, 0]
				},
				"eye_left": {
					"position": [0, 0, 0.2]
				},
				"eyelid_left": {
					"position": [0, 0, -1.125]
				},
				"eye_right": {
					"position": [0, 0, 0.2]
				},
				"eyelid_right": {
					"position": [0, 0, -1.125]
				},
				"tentacle_left1": {
					"rotation": [47.5, -92.5, "0+Math.cos((query.anim_time) * 90 * 1) * -4"]
				},
				"tentacle_left2": {
					"rotation": [0, 0, 70]
				},
				"tentacle_left3": {
					"rotation": [0, -25, 87.5]
				},
				"tentacle_left4": {
					"rotation": [0, -10, 62.5]
				},
				"tentacle_left5": {
					"rotation": [30, -12.5, 87.5]
				},
				"tentacle_left6": {
					"rotation": [0, 0, 112.5]
				},
				"tentacle_right1": {
					"rotation": [-35, 15, -50]
				},
				"tentacle_right2": {
					"rotation": [0, 0, -30]
				},
				"tentacle_right3": {
					"rotation": [27.5, -27.5, -15]
				},
				"tentacle_right4": {
					"rotation": [0, 0, "-55+Math.cos((query.anim_time) * 90 * 1) * 2"]
				},
				"tentacle_right5": {
					"rotation": [0, 0, -32.5]
				},
				"tentacle_right6": {
					"rotation": [0, -60, 52.5]
				},
				"arm_left": {
					"rotation": [57.5, 70, 30]
				},
				"arm_left2": {
					"rotation": [0, 57.5, 0]
				},
				"arm_right": {
					"rotation": [57.5, -70, -30]
				},
				"arm_right2": {
					"rotation": [0, -57.5, 0]
				},
				"anchor": {
					"rotation": [-155.26297, 36.62118, 65.59306],
					"position": [11.80805, "9.5122+Math.cos((query.anim_time) * 90 * 1) * -0.1", 1.24184]
				},
				"chain1": {
					"rotation": [22.5, 90, 0]
				},
				"chain2": {
					"rotation": [0, 0, 22.5]
				},
				"chain3": {
					"rotation": [-25, 0, 0]
				},
				"chain5": {
					"rotation": [15, 0, 0]
				},
				"chain7": {
					"rotation": [-5, 0, 0]
				}
			}
		},
		"animation.tinkaton_delta.blink": {
			"animation_length": 0.16667,
			"bones": {
				"eye_left": {
					"position": {
						"0.0": [0, 0, 0.275],
						"0.125": [0, 0, 0.275],
						"0.1667": [0, 0, 0]
					}
				},
				"eyelid_left": {
					"position": {
						"0.0": [0, 0, -1.175],
						"0.125": [0, 0, -1.175],
						"0.1667": [0, 0, 0]
					}
				},
				"eye_right": {
					"position": {
						"0.0": [0, 0, 0.275],
						"0.125": [0, 0, 0.275],
						"0.1667": [0, 0, 0]
					}
				},
				"eyelid_right": {
					"position": {
						"0.0": [0, 0, -1.175],
						"0.125": [0, 0, -1.175],
						"0.1667": [0, 0, 0]
					}
				}
			}
		},
		"animation.tinkaton_delta.pose": {
			"loop": true,
			"bones": {
				"head": {
					"rotation": [-10.34527, -14.76689, 2.66399]
				},
				"tentacle_left1": {
					"rotation": [-370.11783, -22.9824, -357.93798]
				},
				"tentacle_left2": {
					"rotation": [153.8362, 42.33765, 116.56757]
				},
				"tentacle_left3": {
					"rotation": [229.87924, -12.45167, -268.89307]
				},
				"tentacle_left4": {
					"rotation": [-4.59711, 22.11718, 100.79112]
				},
				"tentacle_left5": {
					"rotation": [-35.0514, 50.3676, -93.29875]
				},
				"tentacle_left6": {
					"rotation": [10.24175, 16.53337, -99.44658]
				},
				"arm_left": {
					"rotation": [0, 0, -17.5]
				},
				"anchor": {
					"position": [0, -1, 0]
				},
				"arm_right": {
					"rotation": [20.07273, -26.11218, -22.20042]
				},
				"arm_right2": {
					"rotation": [-10.86815, 6.21271, 29.40842]
				},
				"tentacle_right1": {
					"rotation": [-367.37334, 31.53521, 364.97832]
				},
				"tentacle_right2": {
					"rotation": [153.8362, -42.33765, -116.56757]
				},
				"tentacle_right3": {
					"rotation": [229.87924, 12.45167, 268.89307]
				},
				"tentacle_right4": {
					"rotation": [-18.50712, -13.14542, -57.03915]
				},
				"tentacle_right5": {
					"rotation": [-98.47265, -68.26144, 164.02735]
				},
				"tentacle_right6": {
					"rotation": [14.28724, -16.31069, 86.16058]
				},
				"chain1": {
					"rotation": [2.34583, -2.90638, -6.07594]
				},
				"chain2": {
					"rotation": [-5, 0, 0]
				},
				"chain3": {
					"rotation": [0, -60, 0]
				},
				"chain4": {
					"rotation": [-2.5, 0, 0]
				},
				"chain5": {
					"rotation": [0, 20, 0]
				},
				"chain7": {
					"rotation": [-7.5, 0, 0]
				},
				"chain10": {
					"rotation": [0, 12.5, 0]
				}
			}
		},
		"animation.tinkaton_delta.exploded": {
			"loop": true,
			"bones": {
				"leg_left": {
					"position": [9, 0, 0]
				},
				"head": {
					"position": [0, 6, 0]
				},
				"eye_left": {
					"position": [0, 0, -17]
				},
				"eyelid_left": {
					"position": [0, 0, 4]
				},
				"tentacle_left1": {
					"position": [8, 0, 0]
				},
				"tentacle_left2": {
					"position": [7, 0, 0]
				},
				"tentacle_left3": {
					"position": [6, 0, 0]
				},
				"tentacle_left4": {
					"position": [6, 0, 0]
				},
				"tentacle_left5": {
					"position": [4, 0, 0]
				},
				"tentacle_left6": {
					"position": [5, 0, 0]
				},
				"starfish": {
					"position": [0, 10, 0]
				},
				"arm_left": {
					"position": [10, 0, 0]
				},
				"arm_left2": {
					"position": [5, 0, 0]
				},
				"anchor": {
					"position": [0, 0, -13]
				},
				"wheel": {
					"position": [0, 0, -11]
				},
				"leg_right": {
					"position": [-9, 0, 0]
				},
				"arm_right": {
					"position": [-10, 0, 0]
				},
				"arm_right2": {
					"position": [-5, 0, 0]
				},
				"tentacle_right1": {
					"position": [-8, 0, 0]
				},
				"tentacle_right2": {
					"position": [-7, 0, 0]
				},
				"tentacle_right3": {
					"position": [-6, 0, 0]
				},
				"tentacle_right4": {
					"position": [-6, 0, 0]
				},
				"tentacle_right5": {
					"position": [-4, 0, 0]
				},
				"tentacle_right6": {
					"position": [-5, 0, 0]
				},
				"eye_right": {
					"position": [0, 0, -17]
				},
				"eyelid_right": {
					"position": [0, 0, 4]
				}
			}
		}
	}
}