{
	"format_version": "1.8.0",
	"animations": {
		"animation.turniton.pose": {
			"loop": true,
			"bones": {
				"torso_middle": {
					"rotation": [10, 0, 0]
				},
				"pupil_middle": {
					"position": [1, 0, 0]
				},
				"torso_right": {
					"rotation": [-6.88846, 8.06481, 4.02154]
				},
				"pupil_right": {
					"position": [1, 0, 0]
				},
				"leaf_right": {
					"rotation": [0, 10, 0]
				},
				"torso_left": {
					"rotation": [3.11203, -12.01139, -3.57644]
				},
				"leaf_left": {
					"rotation": [0, -12.5, 0]
				},
				"allbodies": {
					"rotation": [0, 0, 0]
				},
				"leaf_bottom_right": {
					"rotation": [25, 0, 10]
				},
				"stems": {
					"rotation": [-7.5, 0, 0]
				},
				"stem_top": {
					"rotation": [17.5, 0, 0]
				},
				"leaf_bottom_left": {
					"rotation": [20, 0, -12.5]
				}
			}
		},
		"animation.turniton.blink": {
			"animation_length": 0.16667,
			"bones": {
				"eyelid_half_middle": {
					"position": {
						"0.125": [0, 0, 0.1],
						"0.1667": [0, 0, 0]
					}
				},
				"eyelid_full_middle": {
					"position": {
						"0.125": [0, 0, -0.1],
						"0.1667": [0, 0, 0]
					}
				},
				"eyelid_half_right": {
					"position": {
						"0.125": [0, 0, 0.1],
						"0.1667": [0, 0, 0]
					}
				},
				"eyelid_full_right": {
					"position": {
						"0.125": [0, 0, -0.1],
						"0.1667": [0, 0, 0]
					}
				},
				"eyelid_full_left": {
					"position": {
						"0.125": [0, 0, -0.1],
						"0.1667": [0, 0, 0]
					}
				}
			}
		},
		"animation.turniton.sleep": {
			"loop": true,
			"bones": {
				"allbodies": {
					"position": [0, -9, 0]
				},
				"torso_middle": {
					"rotation": [7.5, 0, 0]
				},
				"leg_front_middle": {
					"rotation": [-7.5, 0, 0]
				},
				"leg_back_middle": {
					"rotation": [-22.5, 0, 0]
				},
				"stems": {
					"rotation": [15, 0, 0]
				},
				"stem_top": {
					"rotation": [22.5, 0, 0]
				},
				"torso_right": {
					"rotation": [0, -7.5, 0]
				},
				"leaf_bottom_right": {
					"rotation": [90, 0, 0]
				},
				"leaf_right": {
					"rotation": [90, 0, -35]
				},
				"leg_right_right": {
					"rotation": [0, 0, 45],
					"position": [-1, 0, 0]
				},
				"leg_left_right": {
					"rotation": [0, 0, -45],
					"position": [1, 0, 0]
				},
				"leg_back_right": {
					"rotation": [-45, 0, 0],
					"position": [0, 0, -1]
				},
				"torso_left": {
					"rotation": [0, 7.5, 0]
				},
				"leaf_bottom_left": {
					"rotation": [90, 0, 0]
				},
				"leaf_left": {
					"rotation": [90, 0, 35]
				},
				"leg_right_left": {
					"rotation": [0, 0, 45],
					"position": [-1, 0, 0]
				},
				"leg_left_left": {
					"rotation": [0, 0, -45],
					"position": [1, 0, 0]
				},
				"leg_front_left": {
					"rotation": [-45, 0, 0],
					"position": [0, 0, -1]
				}
			}
		},
		"animation.turniton.ground_idle": {
			"loop": true,
			"bones": {
				"torso_middle": {
					"rotation": [10, 0, 0]
				},
				"pupil_middle": {
					"position": [1, 0, 0]
				},
				"torso_right": {
					"rotation": [-6.88846, 8.06481, 4.02154]
				},
				"pupil_right": {
					"position": [1, 0, 0]
				},
				"leaf_right": {
					"rotation": [0, 10, "0+Math.cos((query.anim_time) * 90 * 1 - 130) * 3"]
				},
				"torso_left": {
					"rotation": [3.11203, -12.01139, -3.57644]
				},
				"leaf_left": {
					"rotation": [0, -12.5, "0+Math.cos((query.anim_time) * 90 * 1 - 130) * -3"]
				},
				"allbodies": {
					"rotation": ["0+Math.cos((query.anim_time) * 90 * 1 - 90) * 1", 0, "0+Math.cos((query.anim_time) * 90 * 1/2) * 2"],
					"position": [0, "Math.cos((query.anim_time) * 90 * 1) * 0.8", 0]
				},
				"leaf_bottom_right": {
					"rotation": [25, 0, "10+Math.cos((query.anim_time) * 90 * 1 - 130) * 3"]
				},
				"stems": {
					"rotation": [-7.5, 0, 0]
				},
				"stem_top": {
					"rotation": [17.5, 0, 0]
				},
				"leaf_bottom_left": {
					"rotation": [20, 0, "-12.5+Math.cos((query.anim_time) * 90 * 1 - 130) * -3"]
				}
			}
		},
		"animation.turniton.ground_walk": {
			"loop": true,
			"bones": {
				"torso_middle": {
					"rotation": [10, 0, 0]
				},
				"pupil_middle": {
					"position": [1, 0, 0]
				},
				"torso_right": {
					"rotation": [-6.88846, 8.06481, 4.02154]
				},
				"pupil_right": {
					"position": [1, 0, 0]
				},
				"leaf_right": {
					"rotation": [0, "10+Math.cos((query.anim_time) * 90 * 16 - 90) * 2", "0+Math.cos((query.anim_time) * 90 * 8 - 90) * 4"]
				},
				"torso_left": {
					"rotation": [3.11203, -12.01139, -3.57644]
				},
				"leaf_left": {
					"rotation": [0, "-12.5+Math.cos((query.anim_time) * 90 * 16 - 90) * -2", "0+Math.cos((query.anim_time) * 90 * 8 - 90) * -4"]
				},
				"allbodies": {
					"rotation": ["0+Math.cos((query.anim_time) * 90 * 8 - 90) * 1", 0, "0+Math.cos((query.anim_time) * 90 * 1 - 90) * 3"],
					"position": [0, "Math.cos((query.anim_time) * 90 * 8) * 0.3", 0]
				},
				"leaf_bottom_right": {
					"rotation": [25, "0+Math.cos((query.anim_time) * 90 * 16 - 90) * 2", "10+Math.cos((query.anim_time) * 90 * 8 - 90) * 4"]
				},
				"stems": {
					"rotation": [-7.5, 0, 0]
				},
				"stem_top": {
					"rotation": [17.5, 0, 0]
				},
				"leaf_bottom_left": {
					"rotation": [20, "0+Math.cos((query.anim_time) * 90 * 16 - 90) * -2", "-12.5+Math.cos((query.anim_time) * 90 * 8 - 90) * -4"]
				}
			}
		}
	}
}