{
	"format_version": "1.8.0",
	"animations": {
		"animation.typhlosion_delta.ground_idle": {
			"loop": true,
			"bones": {
				"torso": {
					"rotation": ["-72.5-math.cos(q.anim_time*90*3/2)*1", 0, 0],
					"position": [0, "0-math.sin(q.anim_time*90*3/2)*0.3", 0]
				},
				"torso2": {
					"rotation": ["7.5-math.cos(q.anim_time*90*3/2-60)*1", 0, 0]
				},
				"torso3": {
					"rotation": ["19.9945-math.cos(q.anim_time*90*3/2-120)*3/2", -0.15992, 0.31658]
				},
				"neck": {
					"rotation": ["37.5-math.cos(q.anim_time*90*3/2-160)*3/2", 0, 0]
				},
				"head": {
					"rotation": ["20-math.cos(q.anim_time*90*3/2-210)*2", 0, 0]
				},
				"jaw": {
					"rotation": [0, 0, 0]
				},
				"jaw2": {
					"rotation": [0, 0, 0]
				},
				"jaw3": {
					"rotation": [0, 0, 0]
				},
				"head2": {
					"rotation": [0, 0, 0]
				},
				"head3": {
					"rotation": [0, 0, 0]
				},
				"arm_right": {
					"rotation": ["43.0185-math.cos(q.anim_time*90*3/2-130)*1", -30.8534, "-22.2457-math.cos(q.anim_time*90*3/2-160)*2"],
					"position": [0, 0, -1]
				},
				"arm_right2": {
					"rotation": ["-20.0028-math.cos(q.anim_time*90*3/2-210)*4", 0, -7.8421]
				},
				"finger_right_thumb": {
					"rotation": ["15-math.cos(q.anim_time*90*3/2-260)*10", 0, 0]
				},
				"finger_right_index": {
					"rotation": [-12.5, 0, "-20+math.cos(q.anim_time*90*3/2-260)*16"]
				},
				"finger_right_middle": {
					"rotation": [-2.5, 0, "-17.5+math.cos(q.anim_time*90*3/2-270)*10"]
				},
				"finger_right_ring": {
					"rotation": [5, 0, "-20+math.cos(q.anim_time*90*3/2-290)*10"]
				},
				"finger_right_pinky": {
					"rotation": [7.5, 0, "-27.5+math.cos(q.anim_time*90*3/2-290)*10"]
				},
				"arm_left": {
					"rotation": ["43.0185-math.cos(q.anim_time*90*3/2-130)*1", 30.8534, "22.2457+math.cos(q.anim_time*90*3/2-160)*2"],
					"position": [0, 0, -1]
				},
				"arm_left2": {
					"rotation": ["-20.0028-math.cos(q.anim_time*90*3/2-210)*4", 0, 7.8421]
				},
				"finger_left_thumb": {
					"rotation": ["15-math.cos(q.anim_time*90*3/2-260)*10", 0, 0]
				},
				"finger_left_index": {
					"rotation": [-12.5, 0, "20-math.cos(q.anim_time*90*3/2-260)*16"]
				},
				"finger_left_middle": {
					"rotation": [-2.5, 0, "17.5-math.cos(q.anim_time*90*3/2-270)*10"]
				},
				"finger_left_ring": {
					"rotation": [5, 0, "20-math.cos(q.anim_time*90*3/2-290)*10"]
				},
				"finger_left_pinky": {
					"rotation": [7.5, 0, "27.5-math.cos(q.anim_time*90*3/2-290)*10"]
				},
				"leg_left": {
					"rotation": [0, -10, 0]
				},
				"leg_left_rotation": {
					"rotation": [-90, 0, 0]
				},
				"leg_right": {
					"rotation": [0, 10, 0]
				},
				"leg_right_rotation": {
					"rotation": [-90, 0, 0]
				},
				"ear_right": {
					"rotation": ["-2.5+math.cos(q.anim_time*90*3/2-260)*4", 0, 0]
				},
				"ear_left": {
					"rotation": ["-2.5+math.cos(q.anim_time*90*3/2-260)*4", 0, 0]
				},
				"fire": {
					"scale": [0.1, 0.1, 1]
				},
				"fire2": {
					"scale": [0.3, -0.1, 1]
				},
				"foot_right": {
					"rotation": [0, 2.5, 0]
				},
				"body": {
					"position": [0, -0.5, 0]
				},
				"foot_left": {
					"rotation": [0, -2.5, 0]
				}
			}
		},
		"animation.typhlosion_delta.battle_idle": {
			"loop": true,
			"bones": {
				"torso": {
					"rotation": ["-72.5-math.cos(q.anim_time*90*3/2)*1", 0, 0],
					"position": [0, "0-math.sin(q.anim_time*90*3/2)*0.3", 0]
				},
				"torso2": {
					"rotation": ["7.5-math.cos(q.anim_time*90*3/2-60)*1", 0, 0]
				},
				"torso3": {
					"rotation": ["29.8741-math.cos(q.anim_time*90*3/2-120)*3/2", -1.32523, -3.01757]
				},
				"neck": {
					"rotation": ["30.2194-math.cos(q.anim_time*90*3/2-160)*3/2", -6.39599, -3.92497]
				},
				"head": {
					"rotation": ["5.013-math.cos(q.anim_time*90*3/2-210)*2", -2.42322, -0.61499]
				},
				"jaw": {
					"rotation": ["-math.cos(q.anim_time*90*3/2-250)*4", 0, 0]
				},
				"head2": {
					"rotation": [0, 0, 0]
				},
				"head3": {
					"rotation": [0, 0, 0]
				},
				"arm_right": {
					"rotation": ["39.4243-math.cos(q.anim_time*90*3/2-130)*1", -37.80124, "-2.7376-math.cos(q.anim_time*90*3/2-160)*2"],
					"position": [0, 0, -1]
				},
				"arm_right2": {
					"rotation": ["-17.5028-math.cos(q.anim_time*90*3/2-210)*4", 0, -7.8421]
				},
				"finger_right_thumb": {
					"rotation": ["-37.5-math.cos(q.anim_time*90*3/2-260)*10", 0, 0]
				},
				"finger_right_index": {
					"rotation": [-12.31594, 2.15393, "-10.2325+math.cos(q.anim_time*90*3/2-260)*16"]
				},
				"finger_right_middle": {
					"rotation": [-2.47864, 0.32621, "-10.0071+math.cos(q.anim_time*90*3/2-270)*10"]
				},
				"finger_right_ring": {
					"rotation": [5, 0, "-20+math.cos(q.anim_time*90*3/2-290)*10"]
				},
				"finger_right_pinky": {
					"rotation": [7.5, 0, "-27.5+math.cos(q.anim_time*90*3/2-290)*10"]
				},
				"arm_left": {
					"rotation": ["39.4243-math.cos(q.anim_time*90*3/2-130)*1", 37.8012, "2.7376+math.cos(q.anim_time*90*3/2-160)*2"],
					"position": [0, 0, -1]
				},
				"arm_left2": {
					"rotation": ["-17.5028-math.cos(q.anim_time*90*3/2-210)*4", 0, 7.8421]
				},
				"finger_left_thumb": {
					"rotation": ["-37.5-math.cos(q.anim_time*90*3/2-260)*10", 0, 0]
				},
				"finger_left_index": {
					"rotation": [-12.31594, -2.1539, "10.2325-math.cos(q.anim_time*90*3/2-260)*16"]
				},
				"finger_left_middle": {
					"rotation": [-2.47864, 0.32621, "10.0071-math.cos(q.anim_time*90*3/2-270)*10"]
				},
				"finger_left_ring": {
					"rotation": [5, 0, "20-math.cos(q.anim_time*90*3/2-290)*10"]
				},
				"finger_left_pinky": {
					"rotation": [7.5, 0, "27.5-math.cos(q.anim_time*90*3/2-290)*10"]
				},
				"leg_left": {
					"rotation": [0, -10, 0]
				},
				"leg_left_rotation": {
					"rotation": [-90, 0, 0]
				},
				"leg_right": {
					"rotation": [0, 15, 0]
				},
				"leg_right_rotation": {
					"rotation": [-90, 0, 0]
				},
				"ear_right": {
					"rotation": ["12.5+math.cos(q.anim_time*90*3/2-260)*4", 0, 0]
				},
				"ear_left": {
					"rotation": ["12.5+math.cos(q.anim_time*90*3/2-260)*4", 0, 0]
				},
				"fire": {
					"rotation": ["-2.4981+math.sin(q.anim_time*90*3*2-90)*1-1*6", -0.08722, "-2.4985+Math.cos((query.anim_time) * 90 * 40 - 90) * 2"],
					"position": [0, 1, 0],
					"scale": [1, "2-math.sin(q.anim_time*90*5*2-90)*0.02-1", "1.9-math.sin(q.anim_time*90*6*2)*0.02-1"]
				},
				"fire2": {
					"rotation": ["-10+math.sin(q.anim_time*90*4*2+30)*1-1*6", 0, "0+Math.cos((query.anim_time) * 90 * 40 - 90) * 2"],
					"scale": [1, "2-math.sin(q.anim_time*90*6*2-10)*0.02-1", "1.9-math.sin(q.anim_time*90*9*2-150)*0.02-1"]
				},
				"foot_right": {
					"rotation": [0, 10, 0]
				},
				"body": {
					"rotation": [0, 12.5, 0],
					"position": [0, -0.5, 0]
				},
				"foot_left": {
					"rotation": [0, -7.5, 0]
				},
				"jaw2": {
					"rotation": {
						"0.0": [0, 0, 0],
						"1.6667": [52.5, 0, 0]
					}
				},
				"collar": {
					"rotation": [-20, 0, 0]
				},
				"cloud1": {
					"rotation": ["7.5+Math.cos((query.anim_time) * 90 * 4) * -2", 0, 0]
				},
				"cloud2": {
					"rotation": ["0+Math.cos((query.anim_time) * 90 * 4 - 120) * -4", 0, 0]
				},
				"cloud3": {
					"rotation": ["0+Math.cos((query.anim_time) * 90 * 4 - 200) * -2", 0, 0]
				},
				"cloud4": {
					"rotation": ["0+Math.cos((query.anim_time) * 90 * 4 - 120) * -2", 0, 0]
				}
			}
		},
		"animation.typhlosion_delta.ground_walk": {
			"loop": true,
			"animation_length": 2,
			"bones": {
				"torso": {
					"rotation": ["-75-math.cos(q.anim_time*90*2*2)*3", "0+math.cos(q.anim_time*90*2)*6", "0-math.cos(q.anim_time*90*2)*3"],
					"position": {
						"0.0": [0, "0-math.sin(q.anim_time*90*2*2)*0.3", 0],
						"0.3333": [0, "0-math.sin(q.anim_time*90*2*2)*0.3", 0],
						"0.4167": [0, "0-math.sin(q.anim_time*90*2*20)*0.1", 0],
						"0.7917": [0, "0-math.sin(q.anim_time*90*2*2)*0.3", 0],
						"1.3333": [0, "0-math.sin(q.anim_time*90*2*2)*0.3", 0],
						"1.4167": [0, "0-math.sin(q.anim_time*90*2*20)*0.1", 0],
						"1.7917": [0, "0-math.sin(q.anim_time*90*2*2)*0.3", 0]
					}
				},
				"torso2": {
					"rotation": ["7.5-math.cos(q.anim_time*90*2*2-60)*1", "math.cos(q.anim_time*90*2-60)*3", "-math.cos(q.anim_time*90*2)*3"]
				},
				"torso3": {
					"rotation": {
						"0.0": ["22.4945-math.cos(q.anim_time*90*2*2-120)*3/2", "-0.1599+math.cos(q.anim_time*90*2-120)*2", 0.31658],
						"0.375": ["22.4945-math.cos(q.anim_time*90*2*2-120)*3/2", "-0.1599+math.cos(q.anim_time*90*2-120)*2", 0.32],
						"0.4583": ["22.4945-math.cos(q.anim_time*90*2*20-120)*1/6", "-0.1599+math.cos(q.anim_time*90*2-120)*2", 0.32],
						"0.8333": ["22.4945-math.cos(q.anim_time*90*2*2-120)*3/2", "-0.1599+math.cos(q.anim_time*90*2-120)*2", 0.31658],
						"1.375": ["22.4945-math.cos(q.anim_time*90*2*2-120)*3/2", "-0.1599+math.cos(q.anim_time*90*2-120)*2", 0.32],
						"1.4583": ["22.4945-math.cos(q.anim_time*90*2*20-120)*1/6", "-0.1599+math.cos(q.anim_time*90*2-120)*2", 0.32],
						"1.9583": ["22.4945-math.cos(q.anim_time*90*2*2-120)*3/2", "-0.1599+math.cos(q.anim_time*90*2-120)*2", 0.31658]
					}
				},
				"neck": {
					"rotation": ["32.5-math.cos(q.anim_time*90*2*2-160)*3/2", 0, 0]
				},
				"head": {
					"rotation": {
						"0.0": ["15-math.cos(q.anim_time*90*2*2-210)*2", "-math.cos(q.anim_time*90*2-60)*5", 0],
						"0.375": ["15-math.cos(q.anim_time*90*2*2-210)*2", "-math.cos(q.anim_time*90*2-60)*5", 0],
						"0.4583": ["15-math.cos(q.anim_time*90*2*20-210)*1/4", "-math.cos(q.anim_time*90*2-60)*5", 0],
						"0.8333": ["15-math.cos(q.anim_time*90*2*2-210)*2", "-math.cos(q.anim_time*90*2-60)*5", 0],
						"1.375": ["15-math.cos(q.anim_time*90*2*2-210)*2", "-math.cos(q.anim_time*90*2-60)*5", 0],
						"1.4583": ["15-math.cos(q.anim_time*90*2*20-210)*1/4", "-math.cos(q.anim_time*90*2-60)*5", 0],
						"1.8333": ["15-math.cos(q.anim_time*90*2*2-210)*2", "-math.cos(q.anim_time*90*2-60)*5", 0]
					}
				},
				"jaw": {
					"rotation": ["12.5-math.cos(q.anim_time*90*2*2-250)*3", 0, 0]
				},
				"jaw2": {
					"rotation": [0, 0, 0]
				},
				"jaw3": {
					"rotation": [0, 0, 0]
				},
				"head2": {
					"rotation": [0, 0, 0]
				},
				"head3": {
					"rotation": [0, 0, 0]
				},
				"arm_right": {
					"rotation": ["43.0185-math.cos(q.anim_time*90*2*2-130)*1", -30.8534, "-22.2457-math.cos(q.anim_time*90*2-160)*2"],
					"position": [0, 0, -1]
				},
				"arm_right2": {
					"rotation": ["-20.0028-math.cos(q.anim_time*90*2*2-210)*4", 0, -7.8421]
				},
				"finger_right_thumb": {
					"rotation": ["15-math.cos(q.anim_time*90*2-260)*10", 0, 0]
				},
				"finger_right_index": {
					"rotation": [-12.5, 0, "-20+math.cos(q.anim_time*90*2-260)*16"]
				},
				"finger_right_middle": {
					"rotation": [-2.5, 0, "-17.5+math.cos(q.anim_time*90*2-270)*10"]
				},
				"finger_right_ring": {
					"rotation": [5, 0, "-20+math.cos(q.anim_time*90*2-290)*10"]
				},
				"finger_right_pinky": {
					"rotation": [7.5, 0, "-27.5+math.cos(q.anim_time*90*2-290)*10"]
				},
				"arm_left": {
					"rotation": ["43.0185-math.cos(q.anim_time*90*2*2-130)*1", 30.8534, "22.2457-math.cos(q.anim_time*90*2-160)*2"],
					"position": [0, 0, -1]
				},
				"arm_left2": {
					"rotation": ["-20.0028-math.cos(q.anim_time*90*2*2-210)*4", 0, 7.8421]
				},
				"finger_left_thumb": {
					"rotation": ["15-math.cos(q.anim_time*90*2-260)*10", 0, 0]
				},
				"finger_left_index": {
					"rotation": [-12.5, 0, "20-math.cos(q.anim_time*90*2-260)*16"]
				},
				"finger_left_middle": {
					"rotation": [-2.5, 0, "17.5-math.cos(q.anim_time*90*2-270)*10"]
				},
				"finger_left_ring": {
					"rotation": [5, 0, "20-math.cos(q.anim_time*90*2-290)*10"]
				},
				"finger_left_pinky": {
					"rotation": [7.5, 0, "27.5-math.cos(q.anim_time*90*2-290)*10"]
				},
				"leg_left": {
					"rotation": ["0-math.sin(q.anim_time*90*2)*10", -5, 0],
					"position": {
						"0.0": [0, "0+math.clamp(math.cos(q.anim_time*90*2)*5/2,0,20)", "0-math.sin(q.anim_time*90*2)*2"],
						"0.3333": [0, "0+math.clamp(math.cos(q.anim_time*90*2)*5/2,0,20)", "0-math.sin(q.anim_time*90*2)*2"],
						"0.4167": [0, "-0.5+math.clamp(math.cos(q.anim_time*90*2)*5/2,0,20)", "0-math.sin(q.anim_time*90*2)*2"],
						"0.5": [0, "0+math.clamp(math.cos(q.anim_time*90*2)*5/2,0,20)", "0-math.sin(q.anim_time*90*2)*2"],
						"1.0833": [0, "0+math.clamp(math.cos(q.anim_time*90*2)*5/2,0,20)", "0-math.sin(q.anim_time*90*2)*2"],
						"1.5833": [0, "1.4+math.clamp(math.cos(q.anim_time*90*2)*5/2,0,20)", "-math.sin(q.anim_time*90*2)*2"],
						"2.0": [0, "0+math.clamp(math.cos(q.anim_time*90*2)*5/2,0,20)", "0-math.sin(q.anim_time*90*2)*2"]
					}
				},
				"leg_left_rotation": {
					"rotation": [-90, 0, 0]
				},
				"leg_right": {
					"rotation": ["0+math.sin(q.anim_time*90*2)*10", 5, 0],
					"position": {
						"0.0": [0, "0+math.clamp(math.cos(q.anim_time*90*2-180)*5/2,0,20)", "0+math.sin(q.anim_time*90*2)*2"],
						"0.2083": [0, "0+math.clamp(math.cos(q.anim_time*90*2-180)*5/2,0,20)", "0+math.sin(q.anim_time*90*2)*2"],
						"0.625": [0, "1.6+math.clamp(math.cos(q.anim_time*90*2-180)*5/2,0,20)", "0+math.sin(q.anim_time*90*2)*2"],
						"1.3333": [0, "0+math.clamp(math.cos(q.anim_time*90*2-180)*5/2,0,20)", "0+math.sin(q.anim_time*90*2)*2"],
						"1.4167": [0, "-0.5+math.clamp(math.cos(q.anim_time*90*2-180)*5/2,0,20)", "0+math.sin(q.anim_time*90*2)*2"],
						"1.5": [0, "0+math.clamp(math.cos(q.anim_time*90*2-180)*5/2,0,20)", "0+math.sin(q.anim_time*90*2)*2"]
					}
				},
				"leg_right_rotation": {
					"rotation": [-90, 0, 0]
				},
				"ear_right": {
					"rotation": {
						"0.0": ["-2.5+math.cos(q.anim_time*90*2*2-260)*4", 0, 0],
						"0.4167": ["-2.5+math.cos(q.anim_time*90*2*2-260)*4", 0, 0],
						"0.5": ["-2.5-math.cos(q.anim_time*90*2*20-260)*1", 0, 0],
						"0.875": ["-2.5+math.cos(q.anim_time*90*2*2-260)*4", 0, 0],
						"1.4167": ["-2.5+math.cos(q.anim_time*90*2*2-260)*4", 0, 0],
						"1.5": ["-2.5-math.cos(q.anim_time*90*2*20-260)*1", 0, 0],
						"1.875": ["-2.5+math.cos(q.anim_time*90*2*2-260)*4", 0, 0]
					}
				},
				"ear_left": {
					"rotation": {
						"0.0": ["-2.5+math.cos(q.anim_time*90*2*2-260)*4", 0, 0],
						"0.4167": ["-2.5+math.cos(q.anim_time*90*2*2-260)*4", 0, 0],
						"0.5": ["-2.5-math.cos(q.anim_time*90*2*20-260)*1", 0, 0],
						"0.875": ["-2.5+math.cos(q.anim_time*90*2*2-260)*4", 0, 0],
						"1.4167": ["-2.5+math.cos(q.anim_time*90*2*2-260)*4", 0, 0],
						"1.5": ["-2.5-math.cos(q.anim_time*90*2*20-260)*1", 0, 0],
						"1.875": ["-2.5+math.cos(q.anim_time*90*2*2-260)*4", 0, 0]
					}
				},
				"fire": {
					"scale": [0.1, 0.1, 1]
				},
				"fire2": {
					"scale": [0.3, -0.1, 1]
				},
				"foot_right": {
					"rotation": {
						"0.0": [0, 5, 0],
						"0.5": [2.5, 5, 0],
						"0.9583": {
							"pre": [0.7227, 5, 2.25997],
							"post": [0.7227, 5, 2.25997],
							"lerp_mode": "catmullrom"
						},
						"1.3333": {
							"post": [-3.24, 5, 0],
							"lerp_mode": "catmullrom"
						},
						"1.4583": [11, 5, 0],
						"2.0": [0, 5, 0]
					}
				},
				"body": {
					"position": [0, -0.5, 0]
				},
				"foot_left": {
					"rotation": {
						"0.0": [6, -5, 0],
						"0.3333": [-0.74, -5, 0],
						"0.4583": [11, -5, 0],
						"1.0": [0, -5, 0],
						"1.5": [2.5, -5, 0],
						"2.0": [6, -5, 0]
					}
				},
				"foot_left2": {
					"rotation": {
						"0.0": [0, 0, 0],
						"1.0": [0, 0, 0],
						"1.3333": {
							"pre": [-8.5, 0, 0],
							"post": [-8.5, 0, 0],
							"lerp_mode": "catmullrom"
						},
						"1.5833": {
							"post": [-8.5, 0, 0],
							"lerp_mode": "catmullrom"
						},
						"2.0": [0, 0, 0]
					}
				},
				"foot_right2": {
					"rotation": {
						"0.0": [0, 0, 0],
						"0.3333": {
							"pre": [-8.5, 0, 0],
							"post": [-8.5, 0, 0],
							"lerp_mode": "catmullrom"
						},
						"0.5833": {
							"post": [-8.5, 0, 0],
							"lerp_mode": "catmullrom"
						},
						"1.0": [0, 0, 0]
					}
				},
				"cloud1": {
					"rotation": ["7.5+Math.cos((query.anim_time) * 90 * 4) * -2", 0, 0]
				},
				"cloud2": {
					"rotation": ["0+Math.cos((query.anim_time) * 90 * 4 - 120) * -4", 0, 0]
				},
				"cloud3": {
					"rotation": ["0+Math.cos((query.anim_time) * 90 * 4 - 200) * -2", 0, 0]
				},
				"cloud4": {
					"rotation": ["0+Math.cos((query.anim_time) * 90 * 4 - 120) * -2", 0, 0]
				}
			}
		},
		"animation.typhlosion_delta.cry": {
			"animation_length": 2.20833,
			"bones": {
				"torso": {
					"rotation": {
						"0.0": [0, 0, 0],
						"0.2083": {
							"pre": [2.5, 0, 0],
							"post": [2.5, 0, 0],
							"lerp_mode": "catmullrom"
						},
						"0.375": {
							"post": [10, 0, 0],
							"lerp_mode": "catmullrom"
						},
						"0.9583": {
							"post": [5, 0, 0],
							"lerp_mode": "catmullrom"
						},
						"1.75": [0, 0, 0]
					}
				},
				"torso2": {
					"rotation": {
						"0.0": [0, 0, 0],
						"0.1667": {
							"pre": [15, 0, 0],
							"post": [15, 0, 0],
							"lerp_mode": "catmullrom"
						},
						"0.3333": {
							"post": [2.5, 0, 0],
							"lerp_mode": "catmullrom"
						},
						"1.0417": {
							"post": [2.5, 0, 0],
							"lerp_mode": "catmullrom"
						},
						"2.0": [0, 0, 0]
					}
				},
				"torso3": {
					"rotation": {
						"0.0": [0, 0, 0],
						"0.0833": [12.5, 0, 0],
						"0.25": ["2.5+math.cos(q.anim_time*90*2*20-90)*1/2/2", 0, 0],
						"1.7083": [2.5, 0, 0],
						"2.0": [0, 0, 0]
					}
				},
				"neck": {
					"rotation": {
						"0.0": [0, 0, 0],
						"0.2083": {
							"pre": [5, 0, 0],
							"post": [5, 0, 0],
							"lerp_mode": "catmullrom"
						},
						"0.375": {
							"post": [-12.5, 0, 0],
							"lerp_mode": "catmullrom"
						},
						"1.0": {
							"post": [-9.88, 0, 0],
							"lerp_mode": "catmullrom"
						},
						"1.4583": {
							"post": [-12.5, 0, 0],
							"lerp_mode": "catmullrom"
						},
						"2.0": [0, 0, 0]
					}
				},
				"head": {
					"rotation": {
						"0.0": [0, 0, 0],
						"0.25": [12.5, 0, 0],
						"0.4167": ["-12.5+math.cos(q.anim_time*90*2*20)*1/2", 0, 0],
						"1.25": [-4.88, 0, 0],
						"1.5": [2.5, 0, 0],
						"2.0": [0, 0, 0]
					}
				},
				"jaw": {
					"rotation": {
						"0.0": [0, 0, 0],
						"0.25": [0, 0, 0],
						"0.4167": {
							"pre": [37.5, 0, 0],
							"post": [37.5, 0, 0],
							"lerp_mode": "catmullrom"
						},
						"0.9167": {
							"post": [44.5, 0, 0],
							"lerp_mode": "catmullrom"
						},
						"1.375": [0, 0, 0]
					}
				},
				"ear_right": {
					"rotation": {
						"0.0": [0, 0, 0],
						"0.2083": {
							"pre": [5, 0, 0],
							"post": [5, 0, 0],
							"lerp_mode": "catmullrom"
						},
						"0.375": {
							"post": [0, 0, 0],
							"lerp_mode": "catmullrom"
						},
						"1.25": {
							"post": [-2.38, 0, 0],
							"lerp_mode": "catmullrom"
						},
						"1.4583": {
							"post": [0, 0, 0],
							"lerp_mode": "catmullrom"
						},
						"2.0": [0, 0, 0]
					}
				},
				"ear_left": {
					"rotation": {
						"0.0": [0, 0, 0],
						"0.2083": {
							"pre": [5, 0, 0],
							"post": [5, 0, 0],
							"lerp_mode": "catmullrom"
						},
						"0.375": {
							"post": [0, 0, 0],
							"lerp_mode": "catmullrom"
						},
						"1.25": {
							"post": [-2.38, 0, 0],
							"lerp_mode": "catmullrom"
						},
						"1.4583": {
							"post": [0, 0, 0],
							"lerp_mode": "catmullrom"
						},
						"2.0": [0, 0, 0]
					}
				},
				"fire": {
					"rotation": {
						"0.0": [0, 0, 0],
						"0.25": [0, 0, 0],
						"0.3333": ["-2.4981+math.sin(q.anim_time*90*3*2-90)*1-1*6", -0.08722, "-2.4985+math.sin(q.anim_time*90*5-150)*2-1)+6*(math.sin(q.anim_time*90*5/2-90)*10"],
						"1.8333": [0, 0, 0]
					}
				},
				"arm_right": {
					"rotation": {
						"0.0": [0, 0, 0],
						"0.0833": {
							"pre": [0, 0, -2.5],
							"post": [0, 0, -2.5],
							"lerp_mode": "catmullrom"
						},
						"0.2917": {
							"post": [-20, 15, 47.5],
							"lerp_mode": "catmullrom"
						},
						"1.2917": {
							"post": [-20, 20, 47.5],
							"lerp_mode": "catmullrom"
						},
						"1.75": [0, 0, 0]
					}
				},
				"arm_right2": {
					"rotation": {
						"0.0": [0, 0, 0],
						"0.0833": {
							"pre": [0, 0, -22.5],
							"post": [0, 0, -22.5],
							"lerp_mode": "catmullrom"
						},
						"0.2917": {
							"post": [0, 0, 10],
							"lerp_mode": "catmullrom"
						},
						"1.2917": {
							"post": [0, 0, 10],
							"lerp_mode": "catmullrom"
						},
						"1.75": [0, 0, 0]
					}
				},
				"finger_right_thumb": {
					"rotation": {
						"0.0": [0, 0, 0],
						"0.0833": {
							"pre": [22.5, 0, 0],
							"post": [22.5, 0, 0],
							"lerp_mode": "catmullrom"
						},
						"0.2917": {
							"post": [-62.5, 0, 0],
							"lerp_mode": "catmullrom"
						},
						"1.2917": {
							"post": [-62.5, 0, 0],
							"lerp_mode": "catmullrom"
						},
						"1.75": [0, 0, 0]
					}
				},
				"finger_right_index": {
					"rotation": {
						"0.0": [0, 0, 0],
						"0.0833": {
							"pre": [0, 0, -22.5],
							"post": [0, 0, -22.5],
							"lerp_mode": "catmullrom"
						},
						"0.2917": {
							"post": [0, 0, 35],
							"lerp_mode": "catmullrom"
						},
						"1.2917": {
							"post": [0, 0, 35],
							"lerp_mode": "catmullrom"
						},
						"1.75": [0, 0, 0]
					}
				},
				"finger_right_middle": {
					"rotation": {
						"0.0": [0, 0, 0],
						"0.0833": {
							"pre": [0, 0, -22.5],
							"post": [0, 0, -22.5],
							"lerp_mode": "catmullrom"
						},
						"0.2917": {
							"post": [0, 0, 35],
							"lerp_mode": "catmullrom"
						},
						"1.2917": {
							"post": [0, 0, 35],
							"lerp_mode": "catmullrom"
						},
						"1.75": [0, 0, 0]
					}
				},
				"finger_right_ring": {
					"rotation": {
						"0.0": [0, 0, 0],
						"0.0833": {
							"pre": [0, 0, -22.5],
							"post": [0, 0, -22.5],
							"lerp_mode": "catmullrom"
						},
						"0.2917": {
							"post": [0, 0, 35],
							"lerp_mode": "catmullrom"
						},
						"1.2917": {
							"post": [0, 0, 35],
							"lerp_mode": "catmullrom"
						},
						"1.75": [0, 0, 0]
					}
				},
				"finger_right_pinky": {
					"rotation": {
						"0.0": [0, 0, 0],
						"0.0833": {
							"pre": [0, 0, -22.5],
							"post": [0, 0, -22.5],
							"lerp_mode": "catmullrom"
						},
						"0.2917": {
							"post": [0, 0, 35],
							"lerp_mode": "catmullrom"
						},
						"1.2917": {
							"post": [0, 0, 35],
							"lerp_mode": "catmullrom"
						},
						"1.75": [0, 0, 0]
					}
				},
				"arm_left": {
					"rotation": {
						"0.0": [0, 0, 0],
						"0.0833": {
							"pre": [0, 0, -2.5],
							"post": [0, 0, -2.5],
							"lerp_mode": "catmullrom"
						},
						"0.2917": {
							"post": [-20, -15, -47.5],
							"lerp_mode": "catmullrom"
						},
						"1.2917": {
							"post": [-20, -20, -47.5],
							"lerp_mode": "catmullrom"
						},
						"1.75": [0, 0, 0]
					}
				},
				"arm_left2": {
					"rotation": {
						"0.0": [0, 0, 0],
						"0.0833": {
							"pre": [0, 0, 22.5],
							"post": [0, 0, 22.5],
							"lerp_mode": "catmullrom"
						},
						"0.2917": {
							"post": [0, 0, -10],
							"lerp_mode": "catmullrom"
						},
						"1.2917": {
							"post": [0, 0, -10],
							"lerp_mode": "catmullrom"
						},
						"1.75": [0, 0, 0]
					}
				},
				"finger_left_thumb": {
					"rotation": {
						"0.0": [0, 0, 0],
						"0.0833": {
							"pre": [22.5, 0, 0],
							"post": [22.5, 0, 0],
							"lerp_mode": "catmullrom"
						},
						"0.2917": {
							"post": [-62.5, 0, 0],
							"lerp_mode": "catmullrom"
						},
						"1.2917": {
							"post": [-62.5, 0, 0],
							"lerp_mode": "catmullrom"
						},
						"1.75": [0, 0, 0]
					}
				},
				"finger_left_index": {
					"rotation": {
						"0.0": [0, 0, 0],
						"0.0833": {
							"pre": [0, 0, 22.5],
							"post": [0, 0, 22.5],
							"lerp_mode": "catmullrom"
						},
						"0.2917": {
							"post": [0, 0, -35],
							"lerp_mode": "catmullrom"
						},
						"1.2917": {
							"post": [0, 0, -35],
							"lerp_mode": "catmullrom"
						},
						"1.75": [0, 0, 0]
					}
				},
				"finger_left_middle": {
					"rotation": {
						"0.0": [0, 0, 0],
						"0.0833": {
							"pre": [0, 0, 22.5],
							"post": [0, 0, 22.5],
							"lerp_mode": "catmullrom"
						},
						"0.2917": {
							"post": [0, 0, -35],
							"lerp_mode": "catmullrom"
						},
						"1.2917": {
							"post": [0, 0, -35],
							"lerp_mode": "catmullrom"
						},
						"1.75": [0, 0, 0]
					}
				},
				"finger_left_ring": {
					"rotation": {
						"0.0": [0, 0, 0],
						"0.0833": {
							"pre": [0, 0, 22.5],
							"post": [0, 0, 22.5],
							"lerp_mode": "catmullrom"
						},
						"0.2917": {
							"post": [0, 0, -35],
							"lerp_mode": "catmullrom"
						},
						"1.2917": {
							"post": [0, 0, -35],
							"lerp_mode": "catmullrom"
						},
						"1.75": [0, 0, 0]
					}
				},
				"finger_left_pinky": {
					"rotation": {
						"0.0": [0, 0, 0],
						"0.0833": {
							"pre": [0, 0, 22.5],
							"post": [0, 0, 22.5],
							"lerp_mode": "catmullrom"
						},
						"0.2917": {
							"post": [0, 0, -35],
							"lerp_mode": "catmullrom"
						},
						"1.2917": {
							"post": [0, 0, -35],
							"lerp_mode": "catmullrom"
						},
						"1.75": [0, 0, 0]
					}
				}
			},
			"sound_effects": {
				"0.1667": {
					"effect": "pokemon.typhlosion_delta.cry"
				}
			}
		},
		"animation.typhlosion_delta.battle_cry": {
			"animation_length": 2.20833,
			"bones": {
				"torso": {
					"rotation": {
						"0.0": [0, 0, 0],
						"0.2083": {
							"pre": [2.5, 0, 0],
							"post": [2.5, 0, 0],
							"lerp_mode": "catmullrom"
						},
						"0.375": {
							"post": [10, 0, 0],
							"lerp_mode": "catmullrom"
						},
						"0.9583": {
							"post": [5, 0, 0],
							"lerp_mode": "catmullrom"
						},
						"1.75": [0, 0, 0]
					}
				},
				"torso2": {
					"rotation": {
						"0.0": [0, 0, 0],
						"0.1667": {
							"pre": [15, 0, 0],
							"post": [15, 0, 0],
							"lerp_mode": "catmullrom"
						},
						"0.3333": {
							"post": [2.5, 0, 0],
							"lerp_mode": "catmullrom"
						},
						"1.0417": {
							"post": [2.5, 0, 0],
							"lerp_mode": "catmullrom"
						},
						"2.0": [0, 0, 0]
					}
				},
				"torso3": {
					"rotation": {
						"0.0": [0, 0, 0],
						"0.0833": [12.5, 0, 0],
						"0.25": ["2.5+math.cos(q.anim_time*90*2*20-90)*1/2/2", 0, 0],
						"1.7083": [2.5, 0, 0],
						"2.0": [0, 0, 0]
					}
				},
				"neck": {
					"rotation": {
						"0.0": [0, 0, 0],
						"0.2083": {
							"pre": [5, 0, 0],
							"post": [5, 0, 0],
							"lerp_mode": "catmullrom"
						},
						"0.375": {
							"post": [-12.5, 0, 0],
							"lerp_mode": "catmullrom"
						},
						"1.0": {
							"post": [-9.88, 0, 0],
							"lerp_mode": "catmullrom"
						},
						"1.4583": {
							"post": [-12.5, 0, 0],
							"lerp_mode": "catmullrom"
						},
						"2.0": [0, 0, 0]
					}
				},
				"head": {
					"rotation": {
						"0.0": [0, 0, 0],
						"0.25": [12.5, 0, 0],
						"0.4167": ["-12.5+math.cos(q.anim_time*90*2*20)*1/2", 0, 0],
						"1.25": [-4.88, 0, 0],
						"1.5": [2.5, 0, 0],
						"2.0": [0, 0, 0]
					}
				},
				"jaw": {
					"rotation": {
						"0.0": [0, 0, 0],
						"0.25": [0, 0, 0],
						"0.4167": {
							"pre": [37.5, 0, 0],
							"post": [37.5, 0, 0],
							"lerp_mode": "catmullrom"
						},
						"0.9167": {
							"post": [44.5, 0, 0],
							"lerp_mode": "catmullrom"
						},
						"1.375": [0, 0, 0]
					}
				},
				"ear_right": {
					"rotation": {
						"0.0": [0, 0, 0],
						"0.2083": {
							"pre": [5, 0, 0],
							"post": [5, 0, 0],
							"lerp_mode": "catmullrom"
						},
						"0.375": {
							"post": [0, 0, 0],
							"lerp_mode": "catmullrom"
						},
						"1.25": {
							"post": [-2.38, 0, 0],
							"lerp_mode": "catmullrom"
						},
						"1.4583": {
							"post": [0, 0, 0],
							"lerp_mode": "catmullrom"
						},
						"2.0": [0, 0, 0]
					}
				},
				"ear_left": {
					"rotation": {
						"0.0": [0, 0, 0],
						"0.2083": {
							"pre": [5, 0, 0],
							"post": [5, 0, 0],
							"lerp_mode": "catmullrom"
						},
						"0.375": {
							"post": [0, 0, 0],
							"lerp_mode": "catmullrom"
						},
						"1.25": {
							"post": [-2.38, 0, 0],
							"lerp_mode": "catmullrom"
						},
						"1.4583": {
							"post": [0, 0, 0],
							"lerp_mode": "catmullrom"
						},
						"2.0": [0, 0, 0]
					}
				},
				"fire": {
					"rotation": [0, 0, 0],
					"scale": 1
				},
				"fire2": {
					"scale": 1
				},
				"arm_right": {
					"rotation": {
						"0.0": [0, 0, 0],
						"0.0833": {
							"pre": [0, 0, -2.5],
							"post": [0, 0, -2.5],
							"lerp_mode": "catmullrom"
						},
						"0.2917": {
							"post": [-20, 15, 47.5],
							"lerp_mode": "catmullrom"
						},
						"1.2917": {
							"post": [-20, 20, 47.5],
							"lerp_mode": "catmullrom"
						},
						"1.75": [0, 0, 0]
					}
				},
				"arm_right2": {
					"rotation": {
						"0.0": [0, 0, 0],
						"0.0833": {
							"pre": [0, 0, -22.5],
							"post": [0, 0, -22.5],
							"lerp_mode": "catmullrom"
						},
						"0.2917": {
							"post": [0, 0, 10],
							"lerp_mode": "catmullrom"
						},
						"1.2917": {
							"post": [0, 0, 10],
							"lerp_mode": "catmullrom"
						},
						"1.75": [0, 0, 0]
					}
				},
				"finger_right_thumb": {
					"rotation": {
						"0.0": [0, 0, 0],
						"0.0833": {
							"pre": [22.5, 0, 0],
							"post": [22.5, 0, 0],
							"lerp_mode": "catmullrom"
						},
						"0.2917": {
							"post": [-62.5, 0, 0],
							"lerp_mode": "catmullrom"
						},
						"1.2917": {
							"post": [-62.5, 0, 0],
							"lerp_mode": "catmullrom"
						},
						"1.75": [0, 0, 0]
					}
				},
				"finger_right_index": {
					"rotation": {
						"0.0": [0, 0, 0],
						"0.0833": {
							"pre": [0, 0, -22.5],
							"post": [0, 0, -22.5],
							"lerp_mode": "catmullrom"
						},
						"0.2917": {
							"post": [0, 0, 35],
							"lerp_mode": "catmullrom"
						},
						"1.2917": {
							"post": [0, 0, 35],
							"lerp_mode": "catmullrom"
						},
						"1.75": [0, 0, 0]
					}
				},
				"finger_right_middle": {
					"rotation": {
						"0.0": [0, 0, 0],
						"0.0833": {
							"pre": [0, 0, -22.5],
							"post": [0, 0, -22.5],
							"lerp_mode": "catmullrom"
						},
						"0.2917": {
							"post": [0, 0, 35],
							"lerp_mode": "catmullrom"
						},
						"1.2917": {
							"post": [0, 0, 35],
							"lerp_mode": "catmullrom"
						},
						"1.75": [0, 0, 0]
					}
				},
				"finger_right_ring": {
					"rotation": {
						"0.0": [0, 0, 0],
						"0.0833": {
							"pre": [0, 0, -22.5],
							"post": [0, 0, -22.5],
							"lerp_mode": "catmullrom"
						},
						"0.2917": {
							"post": [0, 0, 35],
							"lerp_mode": "catmullrom"
						},
						"1.2917": {
							"post": [0, 0, 35],
							"lerp_mode": "catmullrom"
						},
						"1.75": [0, 0, 0]
					}
				},
				"finger_right_pinky": {
					"rotation": {
						"0.0": [0, 0, 0],
						"0.0833": {
							"pre": [0, 0, -22.5],
							"post": [0, 0, -22.5],
							"lerp_mode": "catmullrom"
						},
						"0.2917": {
							"post": [0, 0, 35],
							"lerp_mode": "catmullrom"
						},
						"1.2917": {
							"post": [0, 0, 35],
							"lerp_mode": "catmullrom"
						},
						"1.75": [0, 0, 0]
					}
				},
				"arm_left": {
					"rotation": {
						"0.0": [0, 0, 0],
						"0.0833": {
							"pre": [0, 0, -2.5],
							"post": [0, 0, -2.5],
							"lerp_mode": "catmullrom"
						},
						"0.2917": {
							"post": [-20, -15, -47.5],
							"lerp_mode": "catmullrom"
						},
						"1.2917": {
							"post": [-20, -20, -47.5],
							"lerp_mode": "catmullrom"
						},
						"1.75": [0, 0, 0]
					}
				},
				"arm_left2": {
					"rotation": {
						"0.0": [0, 0, 0],
						"0.0833": {
							"pre": [0, 0, 22.5],
							"post": [0, 0, 22.5],
							"lerp_mode": "catmullrom"
						},
						"0.2917": {
							"post": [0, 0, -10],
							"lerp_mode": "catmullrom"
						},
						"1.2917": {
							"post": [0, 0, -10],
							"lerp_mode": "catmullrom"
						},
						"1.75": [0, 0, 0]
					}
				},
				"finger_left_thumb": {
					"rotation": {
						"0.0": [0, 0, 0],
						"0.0833": {
							"pre": [22.5, 0, 0],
							"post": [22.5, 0, 0],
							"lerp_mode": "catmullrom"
						},
						"0.2917": {
							"post": [-62.5, 0, 0],
							"lerp_mode": "catmullrom"
						},
						"1.2917": {
							"post": [-62.5, 0, 0],
							"lerp_mode": "catmullrom"
						},
						"1.75": [0, 0, 0]
					}
				},
				"finger_left_index": {
					"rotation": {
						"0.0": [0, 0, 0],
						"0.0833": {
							"pre": [0, 0, 22.5],
							"post": [0, 0, 22.5],
							"lerp_mode": "catmullrom"
						},
						"0.2917": {
							"post": [0, 0, -35],
							"lerp_mode": "catmullrom"
						},
						"1.2917": {
							"post": [0, 0, -35],
							"lerp_mode": "catmullrom"
						},
						"1.75": [0, 0, 0]
					}
				},
				"finger_left_middle": {
					"rotation": {
						"0.0": [0, 0, 0],
						"0.0833": {
							"pre": [0, 0, 22.5],
							"post": [0, 0, 22.5],
							"lerp_mode": "catmullrom"
						},
						"0.2917": {
							"post": [0, 0, -35],
							"lerp_mode": "catmullrom"
						},
						"1.2917": {
							"post": [0, 0, -35],
							"lerp_mode": "catmullrom"
						},
						"1.75": [0, 0, 0]
					}
				},
				"finger_left_ring": {
					"rotation": {
						"0.0": [0, 0, 0],
						"0.0833": {
							"pre": [0, 0, 22.5],
							"post": [0, 0, 22.5],
							"lerp_mode": "catmullrom"
						},
						"0.2917": {
							"post": [0, 0, -35],
							"lerp_mode": "catmullrom"
						},
						"1.2917": {
							"post": [0, 0, -35],
							"lerp_mode": "catmullrom"
						},
						"1.75": [0, 0, 0]
					}
				},
				"finger_left_pinky": {
					"rotation": {
						"0.0": [0, 0, 0],
						"0.0833": {
							"pre": [0, 0, 22.5],
							"post": [0, 0, 22.5],
							"lerp_mode": "catmullrom"
						},
						"0.2917": {
							"post": [0, 0, -35],
							"lerp_mode": "catmullrom"
						},
						"1.2917": {
							"post": [0, 0, -35],
							"lerp_mode": "catmullrom"
						},
						"1.75": [0, 0, 0]
					}
				}
			},
			"sound_effects": {
				"0.1667": {
					"effect": "pokemon.typhlosion_delta.cry"
				}
			}
		},
		"animation.typhlosion_delta.sleep": {
			"loop": true,
			"bones": {
				"torso": {
					"rotation": ["-80-math.cos(q.anim_time*90*2/2)*1", 0, 0],
					"position": [0, 0, 0]
				},
				"torso2": {
					"rotation": ["17.5-math.cos(q.anim_time*90*2/2-90)*1", 0, 0]
				},
				"torso3": {
					"rotation": ["9.99+math.cos(q.anim_time*90*2/2-30)*3", -0.16, 0.32],
					"position": [0, "0-math.cos(q.anim_time*90*2/2-90)*0.3", 0]
				},
				"neck": {
					"rotation": ["-7.5-math.cos(q.anim_time*90*2/2-30)*2", 0, 0],
					"position": [0, 0, 1.75]
				},
				"head": {
					"rotation": [-12.5, 0, 0],
					"position": [0, -1, 3]
				},
				"jaw2": {
					"rotation": [0, 0, 0]
				},
				"jaw3": {
					"rotation": [0, 0, 0]
				},
				"head3": {
					"rotation": [0, 0, 0]
				},
				"arm_right": {
					"rotation": [-22.14677, 11.7663, 92.3192],
					"position": [0, "0+math.cos(q.anim_time*90*2/2-120)*1/3", "-1+math.cos(q.anim_time*90*2/2-160)*1/3"]
				},
				"arm_right2": {
					"rotation": [-19.95, 0, -10.38]
				},
				"finger_right_thumb": {
					"rotation": [-68.3904, 35.4743, -73.6683],
					"position": [-0.75, 0.25, -0.25]
				},
				"finger_right_index": {
					"rotation": [-10.28086, -1.1305, -19.8027]
				},
				"finger_right_middle": {
					"rotation": [-2.5, 0, -17.5]
				},
				"finger_right_ring": {
					"rotation": [5, 0, -20]
				},
				"finger_right_pinky": {
					"rotation": [24.93656, 0, -20.0635]
				},
				"arm_left": {
					"rotation": [-22.14677, -11.76631, -92.31924],
					"position": [0, "0+math.cos(q.anim_time*90*2/2-120)*1/3", "-1+math.cos(q.anim_time*90*2/2-160)*1/3"]
				},
				"arm_left2": {
					"rotation": [-19.95, 0, 10.38]
				},
				"finger_left_thumb": {
					"rotation": [-68.3904, -35.4743, 73.6683],
					"position": [0.75, 0.25, -0.25]
				},
				"finger_left_index": {
					"rotation": [-10.28, 1.13, 19.8]
				},
				"finger_left_middle": {
					"rotation": [-2.5, 0, 17.5]
				},
				"finger_left_ring": {
					"rotation": [5, 0, 20]
				},
				"finger_left_pinky": {
					"rotation": [24.93656, 0, 20.0635]
				},
				"leg_left": {
					"rotation": [17.35932, 2.24944, -7.15656],
					"position": [0.5, 0, 3]
				},
				"leg_left_rotation": {
					"rotation": [-90, 0, 0]
				},
				"leg_right": {
					"rotation": [17.25002, -2.99318, 9.54589],
					"position": [-0.5, 0, 3]
				},
				"leg_right_rotation": {
					"rotation": [-90, 0, 0]
				},
				"ear_right": {
					"rotation": ["7.5-math.cos(q.anim_time*90*2/2-30)*3", 0, 0]
				},
				"ear_left": {
					"rotation": ["7.5-math.cos(q.anim_time*90*2/2-30)*3", 0, 0]
				},
				"fire": {
					"scale": [0.1, 0.1, 1]
				},
				"fire2": {
					"scale": [0.3, -0.1, 1]
				},
				"foot_right": {
					"rotation": [55, -2.5, 0]
				},
				"body": {
					"rotation": [67.5, 0, 0],
					"position": [0, -20.5, 0]
				},
				"foot_left": {
					"rotation": [55, -2.5, 0]
				},
				"eyelid_right": {
					"position": [-0.1, 0, 0]
				},
				"eyelid_left": {
					"position": [0.1, 0, 0]
				}
			}
		},
		"animation.typhlosion_delta.blink": {
			"animation_length": 0.16667,
			"bones": {
				"eyelid_left": {
					"position": {
						"0.0": [0.1, 0, 0],
						"0.125": [0.1, 0, 0],
						"0.1667": [0, 0, 0.1]
					}
				},
				"eyelid_right": {
					"position": {
						"0.0": [-0.1, 0, 0],
						"0.125": [-0.1, 0, 0],
						"0.1667": [0, 0, 0.1]
					}
				}
			}
		},
		"animation.typhlosion_delta.render": {
			"loop": true,
			"bones": {
				"body": {
					"rotation": [0, 15, 0],
					"position": [0, 0, 0]
				},
				"torso": {
					"rotation": [-80.03729, 0.86717, -4.92442]
				},
				"torso2": {
					"rotation": [17.56274, -4.76804, -1.50701]
				},
				"torso3": {
					"rotation": [15, 0, 0]
				},
				"neck": {
					"rotation": [20, 0, 0]
				},
				"head": {
					"rotation": [15, 0, 0]
				},
				"jaw": {
					"rotation": [42.5, 0, 0]
				},
				"ear_left": {
					"rotation": [10, 0, 0]
				},
				"fire": {
					"rotation": [7.5, 0, 0]
				},
				"arm_right": {
					"rotation": [40.41386, -26.358, 36.71783],
					"position": [-1, 0, 0]
				},
				"arm_right2": {
					"rotation": [-17.41351, -5.0155, -12.63978]
				},
				"finger_right_thumb": {
					"rotation": [-57.5, -15, 0],
					"position": [0, 0.25, -0.25]
				},
				"finger_right_index": {
					"rotation": [-16.98216, 14.98328, 40.25057],
					"position": [0, 0.5, 0]
				},
				"finger_right_middle": {
					"rotation": [0, 0, 30],
					"position": [0, 0.25, 0]
				},
				"finger_right_ring": {
					"rotation": [9.40804, -3.40487, 19.71975],
					"position": [0, 0.25, 0]
				},
				"finger_right_pinky": {
					"rotation": [25, 0, 0]
				},
				"arm_left": {
					"rotation": [44.241, 17.26587, -36.65992],
					"position": [1, 0, 0]
				},
				"arm_left2": {
					"rotation": [-25.02824, -3.58992, 13.06802]
				},
				"finger_left_thumb": {
					"rotation": [-45, 0, 0]
				},
				"finger_left_index": {
					"rotation": [-38.25563, -12.70001, -15.57939]
				},
				"finger_left_middle": {
					"rotation": [0, 0, -25]
				},
				"finger_left_ring": {
					"rotation": [11.93845, 3.73171, -17.10967]
				},
				"finger_left_pinky": {
					"rotation": [27.5, 0, 0]
				},
				"leg_left": {
					"rotation": [0, -22.5, 0],
					"position": [0, 0, -1]
				},
				"leg_left_rotation": {
					"rotation": [-90, 0, 0]
				},
				"foot_left": {
					"rotation": [10, 0, 0]
				},
				"foot_left2": {
					"rotation": [-10, 0, 0]
				},
				"leg_right": {
					"rotation": [0, 27.5, 0],
					"position": [0, 0, 1.25]
				},
				"leg_right_rotation": {
					"rotation": [-90, 0, 0]
				},
				"foot_right": {
					"rotation": [10, 0, 0]
				},
				"foot_right2": {
					"rotation": [-10, 0, 0]
				}
			}
		}
	}
}