{
	"format_version": "1.8.0",
	"animations": {
		"animation.yamask_delta.ground_idle": {
			"loop": true,
			"bones": {
				"arm_right": {
					"rotation": [199.14314, 5.90316, "-46.5038+Math.cos((query.anim_time) * 90 * 2 - 130) * 2"]
				},
				"arm_right2": {
					"rotation": [0, 0, "40+Math.cos((query.anim_time) * 90 * 2 - 200) * 4"]
				},
				"arm_left": {
					"rotation": [0, 0, "30+Math.cos((query.anim_time) * 90 * 2 - 130) * -2"]
				},
				"arm_left2": {
					"rotation": [0, 0, "-25+Math.cos((query.anim_time) * 90 * 2 - 200) * -4"]
				},
				"tail": {
					"rotation": ["10+Math.cos((query.anim_time) * 90 * 2 - 170) * 3", 0, 0]
				},
				"tail2": {
					"rotation": ["-42.5+Math.cos((query.anim_time) * 90 * 2 - 240) * 1", 0, 0]
				},
				"tail3": {
					"rotation": [-65, 0, 0]
				},
				"tail4": {
					"rotation": [-47.5, 0, 0]
				},
				"hat": {
					"rotation": [157.86591, -46.6045, 25.22125],
					"position": [-3.25, -2.95, 0.15]
				},
				"palm_right": {
					"rotation": [0, 0, 25]
				},
				"palm_left": {
					"rotation": [0, 0, -25]
				},
				"fingers_middleleft2": {
					"rotation": [0, 0, -90]
				},
				"finger_front_left": {
					"rotation": [0, 0, -90]
				},
				"finger_middle_left": {
					"rotation": [0, 0, -90]
				},
				"finger_back_left": {
					"rotation": [0, 0, -90]
				},
				"fonger_front_left2": {
					"rotation": [0, 0, -90]
				},
				"finger_back_left2": {
					"rotation": [0, 0, -90]
				},
				"finger_front_right2": {
					"rotation": [0, 0, 90]
				},
				"finger_front_right": {
					"rotation": [0, 0, 90]
				},
				"finger_back_right": {
					"rotation": [0, 0, 90]
				},
				"finger_middle_right": {
					"rotation": [0, 0, 90]
				},
				"finger_back_right2": {
					"rotation": [0, 0, 90]
				},
				"finger_middle_right2": {
					"rotation": [0, 0, 87.5]
				},
				"head": {
					"rotation": ["0+Math.cos((query.anim_time) * 90 * 2 - 90) * -1", 0, 0],
					"position": [0, "0.5+Math.cos((query.anim_time) * 90 * 2) * 0.3", 0]
				},
				"body": {
					"rotation": [0, "0+(math.cos(q.anim_time*90*2+180)*10)*0.6", "0+(math.sin(q.anim_time*90*3+180)*4)*0.6"],
					"position": [0, "5+(math.cos(q.anim_time*50*3+180)*6)*0.6", 0]
				}
			}
		},
		"animation.yamask_delta.ground_walk": {
			"loop": true,
			"bones": {
				"arm_right": {
					"rotation": [0, 7.5, "-30+Math.cos((query.anim_time) * 90 * 4 - 130) * 2"]
				},
				"arm_right2": {
					"rotation": [0, 7.5, "25+Math.cos((query.anim_time) * 90 * 4 - 200) * 4"]
				},
				"arm_left": {
					"rotation": [0, -7.5, "30+Math.cos((query.anim_time) * 90 * 4 - 130) * -2"]
				},
				"arm_left2": {
					"rotation": [0, -7.5, "-25+Math.cos((query.anim_time) * 90 * 4 - 200) * -4"]
				},
				"tail": {
					"rotation": ["7.5+Math.cos((query.anim_time) * 90 * 4 - 170) * 3", 0, 0]
				},
				"tail2": {
					"rotation": ["-17.5+Math.cos((query.anim_time) * 90 * 4 - 240) * 1", 0, 0]
				},
				"tail3": {
					"rotation": [-65, 0, 0]
				},
				"tail4": {
					"rotation": [-47.5, 0, 0]
				},
				"hat": {
					"rotation": [122.5, 0, 0],
					"position": [0, -7.2, -0.1]
				},
				"palm_right": {
					"rotation": [0, 0, 25]
				},
				"palm_left": {
					"rotation": [0, 0, -25]
				},
				"fingers_middleleft2": {
					"rotation": [0, 0, -90]
				},
				"finger_front_left": {
					"rotation": [0, 0, -90]
				},
				"finger_middle_left": {
					"rotation": [0, 0, -90]
				},
				"finger_back_left": {
					"rotation": [0, 0, -90]
				},
				"fonger_front_left2": {
					"rotation": [0, 0, -90]
				},
				"finger_back_left2": {
					"rotation": [0, 0, -90]
				},
				"finger_front_right2": {
					"rotation": [0, 0, 90]
				},
				"finger_front_right": {
					"rotation": [0, 0, 90]
				},
				"finger_back_right": {
					"rotation": [0, 0, 90]
				},
				"finger_middle_right": {
					"rotation": [0, 0, 90]
				},
				"finger_back_right2": {
					"rotation": [0, 0, 90]
				},
				"finger_middle_right2": {
					"rotation": [0, 0, 87.5]
				},
				"head": {
					"rotation": ["10+Math.cos((query.anim_time) * 90 * 4 - 90) * 3", 0, 0],
					"position": [0, "0.5+Math.cos((query.anim_time) * 90 * 4) * 0.6", 0]
				}
			}
		},
		"animation.yamask_delta.sleep": {
			"loop": true,
			"bones": {
				"body": {
					"rotation": [-90, -22.5, 0],
					"position": [0, -8.3, 0],
					"scale": 0.1
				},
				"hat": {
					"position": [0, 0, 1.5],
					"scale": 10
				}
			}
		},
		"animation.yamask_delta.faint": {
			"loop": true,
			"animation_length": 3,
			"bones": {
				"body": {
					"rotation": {
						"0.0": [-25, -16, 0],
						"0.1667": [-35, 27.56, 0],
						"1.25": {
							"pre": [-31.80338, 340.77604, 14.51623],
							"post": [-31.80338, 340.77604, 14.51623],
							"lerp_mode": "catmullrom"
						},
						"1.4583": {
							"post": [7.5, 360.5, 0],
							"lerp_mode": "catmullrom"
						},
						"1.5833": [10, 360.5, 0],
						"1.75": [55, 360.5, 0],
						"1.875": [-14.75, 360.5, 0],
						"2.0833": [-193.17, 360.5, 0],
						"2.2917": [-246, 360.5, 0],
						"2.375": [-266, 360.5, 0],
						"2.6667": [-411, 360.5, 0],
						"2.7083": [-469.5, 360.5, 0],
						"2.7917": [-449, 360.5, 0],
						"2.875": [-441.5, 360.5, 0]
					},
					"position": {
						"0.0": {
							"post": [0, 0, 0],
							"lerp_mode": "catmullrom"
						},
						"0.2083": {
							"post": [-1.08, 2.08, -4.25],
							"lerp_mode": "catmullrom"
						},
						"0.4583": {
							"post": [-4, 4.675, -6],
							"lerp_mode": "catmullrom"
						},
						"0.6667": {
							"post": [-9, 8, 0.5],
							"lerp_mode": "catmullrom"
						},
						"0.8333": {
							"post": [-5.75, 10.38, 5],
							"lerp_mode": "catmullrom"
						},
						"0.9583": {
							"post": [-1.5, 12.5, 5.5],
							"lerp_mode": "catmullrom"
						},
						"1.125": {
							"post": [2, 13.5, 3.25],
							"lerp_mode": "catmullrom"
						},
						"1.25": {
							"post": [2.5, 13.5, -0.5],
							"lerp_mode": "catmullrom"
						},
						"1.375": {
							"post": [2.5, 13.25, -2.25],
							"lerp_mode": "catmullrom"
						},
						"1.4583": [2.5, 13.25, -2.5],
						"1.5": [2.5, 13.25, -2.75],
						"1.625": [2.5, 12.875, -2.5],
						"1.75": [2.5, 12.25, -2.5],
						"1.8333": [2.5, 16.5, -2.5],
						"1.875": {"pre": [2.5, 16.5, -2.5], "post": [2.5, 17.2, -1.5]},
						"2.0": [2.5, 18.48, -1.5],
						"2.125": [2.5, 17.75, -1.5],
						"2.2083": [2.5, 16.37, -1.55],
						"2.3333": [2.5, -8, -1.5],
						"2.4167": [2.5, -1.25, 0.5],
						"2.5": [2.5, 0, 2.45],
						"2.625": [2.5, -1.25, 3.9],
						"2.7083": [2.5, -7.25, 4.15],
						"2.7917": [2.5, -7, 4.15],
						"2.8333": [2.5, -8.5, 4.15],
						"2.875": [2.5, -8.3, 4.15],
						"2.9583": [2.5, -8.5, 4.15]
					},
					"scale": {
						"1.8333": [1, 1, 1],
						"1.9167": [0.1, 0.1, 0.1]
					}
				},
				"head": {
					"rotation": [0, 0, 0],
					"position": {
						"1.2917": [0, 0, 0],
						"1.4583": ["0+Math.cos((query.anim_time) * 90 * 32) * 0.6", 0, 0],
						"1.7917": ["0+Math.cos((query.anim_time) * 90 * 32) * 0.6", 0, 0],
						"1.875": [0, 0, 0]
					}
				},
				"eyelid_left": {
					"position": {
						"0.0": [0.1, 0, 0],
						"1.125": [0.1, 0, 0],
						"1.1667": [0, 0, 0],
						"1.75": [0, 0, 0],
						"1.7917": [0.1, 0, 0]
					}
				},
				"eyelid_right": {
					"position": {
						"0.0": [-0.1, 0, 0],
						"1.125": [-0.1, 0, 0],
						"1.1667": [0, 0, 0],
						"1.75": [0, 0, 0],
						"1.7917": [-0.1, 0, 0]
					}
				},
				"arm_right": {
					"rotation": {
						"0.0": [0, 0, -25],
						"0.25": [0, 52.5, -25],
						"1.1667": [0, 22.5, -25],
						"1.5": [0, 0, -25],
						"1.6667": [0, -23.75, -25],
						"1.75": [0, -20, -25],
						"1.9167": [0, 17.5, -25]
					}
				},
				"arm_right2": {
					"rotation": {
						"0.0": [0, 0, 22.5],
						"0.4583": [0, 35, 22.5],
						"1.3333": [0, 0, 22.5],
						"1.5833": [0, -11.82, 22.5],
						"1.7917": [0, 27.5, 22.5]
					}
				},
				"palm_right": {
					"rotation": [0, 0, 7.5]
				},
				"finger_back_right": {
					"rotation": {
						"0.0": [0, 0, 90],
						"1.8333": [0, 0, 20]
					}
				},
				"finger_back_right2": {
					"rotation": {
						"0.0": [0, 0, 90],
						"1.625": [0, 0, 62.5]
					}
				},
				"finger_middle_right": {
					"rotation": {
						"0.0": [0, 0, 90],
						"1.4583": [0, 0, 22.5]
					}
				},
				"finger_middle_right2": {
					"rotation": {
						"0.0": [0, 0, 90],
						"1.625": [0, 0, 65]
					}
				},
				"finger_front_right": {
					"rotation": {
						"0.0": [0, 0, 90],
						"1.4583": [0, 0, 15]
					}
				},
				"finger_front_right2": {
					"rotation": {
						"0.0": [0, 0, 90],
						"1.625": [0, 0, 67.5]
					}
				},
				"arm_left": {
					"rotation": {
						"0.0": [0, 0, 25],
						"0.25": [0, -52.5, 25],
						"1.1667": [0, -22.5, 25],
						"1.5": [0, 0, 25],
						"1.6667": [0, 23.75, 25],
						"1.75": [0, 20, 25],
						"1.9167": [0, -17.5, 25]
					}
				},
				"arm_left2": {
					"rotation": {
						"0.0": [0, 0, -22.5],
						"0.4583": [0, -35, -22.5],
						"1.3333": [0, 0, -22.5],
						"1.5833": [0, 11.82, -22.5],
						"1.7917": [0, -30, -22.5]
					}
				},
				"palm_left": {
					"rotation": [0, 0, -7.5]
				},
				"finger_back_left": {
					"rotation": {
						"0.0": [0, 0, -90],
						"1.875": [0, 0, -32.5]
					}
				},
				"finger_back_left2": {
					"rotation": {
						"0.0": [0, 0, -90],
						"1.625": [0, 0, -27.5]
					}
				},
				"finger_middle_left": {
					"rotation": {
						"0.0": [0, 0, -90],
						"1.4583": [0, 0, -27.5]
					}
				},
				"fingers_middleleft2": {
					"rotation": {
						"0.0": [0, 0, -90],
						"1.625": [0, 0, -42.5]
					}
				},
				"finger_front_left": {
					"rotation": {
						"0.0": [0, 0, -90],
						"1.4583": [0, 0, -15]
					}
				},
				"fonger_front_left2": {
					"rotation": {
						"0.0": [0, 0, -90],
						"1.625": [0, 0, -57.5]
					}
				},
				"tail": {
					"rotation": [7.5, 0, 0]
				},
				"tail2": {
					"rotation": [-25, 0, 0]
				},
				"tail3": {
					"rotation": [-57.5, 0, 0]
				},
				"tail4": {
					"rotation": [-45, 0, 0]
				},
				"hat": {
					"rotation": [112.5, 0, 0],
					"position": {
						"0.0": [0, -6.5, -0.5],
						"1.8333": [0, -6.5, -0.5],
						"1.875": {"pre": [0, -6.5, -0.5], "post": [0, -9.5, -0.5]}
					},
					"scale": {
						"1.8333": [1, 1, 1],
						"1.875": [1, 1, 1],
						"1.9583": [10, 10, 10]
					}
				}
			}
		},
		"animation.yamask_delta.blink": {
			"animation_length": 0.16667,
			"bones": {
				"eyelid_left": {
					"position": {
						"0.0": [0.1, 0, 0],
						"0.125": [0.12, 0, 0],
						"0.1667": [0, 0, 0]
					}
				},
				"eyelid_right": {
					"position": {
						"0.0": [-0.1, 0, 0],
						"0.125": [-0.12, 0, 0],
						"0.1667": [0, 0, 0]
					}
				},
				"mouth": {
					"position": [0, 0, 0]
				}
			}
		},
		"animation.yamask_delta.cry": {
			"animation_length": 1.29167,
			"bones": {
				"head": {
					"rotation": {
						"0.0": [0, 0, 0],
						"0.1667": [10, 0, 0],
						"0.375": [-8.75, 0, 0],
						"0.5": [-11.29, 0, 0],
						"1.0": [-11.475, 0, 0],
						"1.1667": [-1.89, 0, 0],
						"1.2917": [0, 0, 0]
					},
					"position": [0, 0, 0]
				},
				"mouth": {
					"position": {
						"0.0": [0, 0, 0],
						"0.2083": [0, 0, 0],
						"0.25": [0, 0, -0.1],
						"1.0417": [0, 0, -0.1],
						"1.0833": [0, 0, 0]
					}
				},
				"arm_right": {
					"rotation": {
						"0.0": [0, 0, 0],
						"0.1667": [0, -15, 0],
						"0.375": [0, 7.5, 0],
						"0.9583": [0, 7.5, 0],
						"1.2917": [0, 0, 0]
					}
				},
				"arm_left": {
					"rotation": {
						"0.0": [0, 0, 0],
						"0.1667": [0, 15, 0],
						"0.375": [0, -7.5, 0],
						"0.9583": [0, -7.5, 0],
						"1.2917": [0, 0, 0]
					}
				}
			}
		}
	}
}