{
	"format_version": "1.12.0",
	"minecraft:geometry": [
		{
			"description": {
				"identifier": "geometry.unknown",
				"texture_width": 64,
				"texture_height": 64,
				"visible_bounds_width": 2,
				"visible_bounds_height": 2.5,
				"visible_bounds_offset": [0, 0.75, 0]
			},
			"bones": [
				{
					"name": "bone3",
					"pivot": [0, 0, 0]
				},
				{
					"name": "body",
					"parent": "bone3",
					"pivot": [3, -1.275, -3],
					"cubes": [
						{"origin": [-4, 1.575, -4], "size": [8, 6, 8], "uv": [0, 29]},
						{"origin": [-4, 4.625, -4.15], "size": [8, 3, 8], "inflate": 0.3, "pivot": [3, -1.275, -3], "rotation": [-2.5, 0, 0], "uv": [0, 49]}
					]
				},
				{
					"name": "neck",
					"parent": "body",
					"pivot": [0, 5.75, -3.25],
					"cubes": [
						{"origin": [-2.5, 3.75, -6.325], "size": [5, 4, 4], "pivot": [0, 5.75, -3.25], "rotation": [-27.5, 0, 0], "uv": [34, 0]},
						{"origin": [-5.5, 4.98725, -9.25871], "size": [11, 6, 5], "inflate": -0.025, "pivot": [0, 7.98725, -6.75871], "rotation": [-17.5, 0, 0], "uv": [32, 29]}
					]
				},
				{
					"name": "head",
					"parent": "neck",
					"pivot": [0, 4.99975, -5.28131]
				},
				{
					"name": "botjaw",
					"parent": "head",
					"pivot": [0, 4.99975, -5.28131],
					"cubes": [
						{"origin": [-5.5, 4.01545, -16.38584], "size": [11, 2, 12], "pivot": [0, 4.99975, -5.28131], "rotation": [3, 0, 0], "uv": [0, 15]},
						{"origin": [5.5, 6.01545, -16.38584], "size": [0, 3, 12], "inflate": 0.001, "pivot": [0, 4.99975, -5.28131], "rotation": [3, 0, 0], "uv": [0, 34]},
						{"origin": [-5.499, 6.0165, -16.3849], "size": [0, 3, 12], "inflate": 0.001, "pivot": [0.001, 5.0008, -5.28037], "rotation": [3, 0, 0], "uv": [32, 28]},
						{"origin": [-5.5, 6.01545, -16.38584], "size": [11, 3, 0], "inflate": 0.001, "pivot": [0, 4.99975, -5.28131], "rotation": [3, 0, 0], "uv": [34, 15]}
					]
				},
				{
					"name": "topjaw",
					"parent": "head",
					"pivot": [0, 10.075, -2.9],
					"cubes": [
						{"origin": [-5.5, 9.125, -15.275], "size": [11, 3, 12], "pivot": [0, 10.45, -3.25], "rotation": [-19.5, 0, 0], "uv": [0, 0]},
						{"origin": [5.5, 6.125, -15.275], "size": [0, 3, 12], "inflate": 0.001, "pivot": [0, 10.45, -3.25], "rotation": [-19.5, 0, 0], "uv": [24, 31]},
						{"origin": [-5.5, 6.125, -15.275], "size": [0, 3, 12], "inflate": 0.001, "pivot": [0, 10.45, -3.25], "rotation": [-19.5, 0, 0], "uv": [0, 31]},
						{"origin": [-5.501, 6.12372, -15.27439], "size": [11, 3, 0], "inflate": 0.001, "pivot": [-0.001, 10.44872, -3.24939], "rotation": [-19.5, 0, 0], "uv": [34, 8]}
					]
				},
				{
					"name": "twig",
					"parent": "topjaw",
					"pivot": [0, 12.5, -5.125],
					"rotation": [-20, 0, 0],
					"cubes": [
						{"origin": [-0.5, 12.81795, -5.61464], "size": [1, 5, 1], "uv": [40, 56]}
					]
				},
				{
					"name": "leaf_left",
					"parent": "twig",
					"pivot": [0.5, 16.31795, -5.11464],
					"rotation": [0, 0, -27.5],
					"cubes": [
						{"origin": [0.5, 14.31795, -5.11464], "size": [6, 4, 0], "uv": [52, 49]}
					]
				},
				{
					"name": "leaf_right",
					"parent": "twig",
					"pivot": [-0.5, 16.31795, -5.11464],
					"rotation": [0, 0, 27.5],
					"cubes": [
						{"origin": [-6.5, 14.31795, -5.11464], "size": [6, 4, 0], "uv": [52, 55]}
					]
				},
				{
					"name": "eye_right",
					"parent": "topjaw",
					"pivot": [-4.55, 9.4, -7.175],
					"rotation": [0.75, 0, 0],
					"cubes": [
						{"origin": [-6.05, 8.4, -8.175], "size": [2, 2, 2], "inflate": -0.475, "pivot": [-4.55, 9.4, -7.175], "rotation": [-65, 0, 0], "uv": [34, 23], "mirror": true},
						{"origin": [-5.55, 8.4, -8.175], "size": [2, 2, 2], "pivot": [-4.55, 9.4, -7.175], "rotation": [-20, 0, 0], "uv": [46, 11], "mirror": true}
					]
				},
				{
					"name": "eye_left",
					"parent": "topjaw",
					"pivot": [4.55, 9.4, -7.175],
					"rotation": [0.75, 0, 0],
					"cubes": [
						{"origin": [4.05, 8.4, -8.175], "size": [2, 2, 2], "inflate": -0.475, "pivot": [4.55, 9.4, -7.175], "rotation": [-65, 0, 0], "uv": [34, 23]},
						{"origin": [3.55, 8.4, -8.175], "size": [2, 2, 2], "pivot": [4.55, 9.4, -7.175], "rotation": [-20, 0, 0], "uv": [46, 11]}
					]
				},
				{
					"name": "leg_rotate_f4",
					"parent": "bone3",
					"pivot": [-3.58572, 2.65, 2.48459],
					"rotation": [0, 17.5, 0]
				},
				{
					"name": "leg_in4",
					"parent": "leg_rotate_f4",
					"pivot": [-3.58572, 2.65, 2.48459],
					"rotation": [0, 90, -22.5],
					"cubes": [
						{"origin": [-4.58572, 1.52427, 0.13485], "size": [2, 2, 4], "inflate": -0.05, "uv": [0, 0]}
					]
				},
				{
					"name": "leg_bot4",
					"parent": "leg_in4",
					"pivot": [-3.55, 2.03139, 0.42198],
					"rotation": [90, 22.5, 90],
					"cubes": [
						{"origin": [-5.025, 1.03139, -1.10302], "size": [3, 2, 3], "inflate": -0.225, "uv": [24, 29]}
					]
				},
				{
					"name": "leg_rotate_f3",
					"parent": "bone3",
					"pivot": [3.58572, 2.65, 2.48459],
					"rotation": [0, -17.5, 0]
				},
				{
					"name": "leg_in3",
					"parent": "leg_rotate_f3",
					"pivot": [3.58572, 2.65, 2.48459],
					"rotation": [0, -90, 22.5],
					"cubes": [
						{"origin": [2.58572, 1.52427, 0.13485], "size": [2, 2, 4], "inflate": -0.05, "uv": [0, 6]}
					]
				},
				{
					"name": "leg_bot3",
					"parent": "leg_in3",
					"pivot": [3.55, 2.03139, 0.42198],
					"rotation": [90, -22.5, -90],
					"cubes": [
						{"origin": [2.025, 1.03139, -1.10302], "size": [3, 2, 3], "inflate": -0.225, "uv": [34, 18]}
					]
				},
				{
					"name": "leg_rotate_f2",
					"parent": "bone3",
					"pivot": [3.58572, 2.65, -2.48459],
					"rotation": [0, 17.5, 0]
				},
				{
					"name": "leg_in2",
					"parent": "leg_rotate_f2",
					"pivot": [3.58572, 2.65, -2.48459],
					"rotation": [0, 90, 22.5],
					"cubes": [
						{"origin": [2.58572, 1.52427, -4.13485], "size": [2, 2, 4], "inflate": -0.05, "uv": [0, 15]}
					]
				},
				{
					"name": "leg_bot2",
					"parent": "leg_in2",
					"pivot": [3.55, 2.03139, -0.42198],
					"rotation": [-90, 22.5, -90],
					"cubes": [
						{"origin": [2.025, 1.03139, -1.89698], "size": [3, 2, 3], "inflate": -0.225, "uv": [43, 20]}
					]
				},
				{
					"name": "leg_rotate_f1",
					"parent": "bone3",
					"pivot": [-3.58572, 2.65, -2.48459],
					"rotation": [0, -17.5, 0]
				},
				{
					"name": "leg_in",
					"parent": "leg_rotate_f1",
					"pivot": [-3.58572, 2.65, -2.48459],
					"rotation": [0, -90, -22.5],
					"cubes": [
						{"origin": [-4.58572, 1.52427, -4.13485], "size": [2, 2, 4], "inflate": -0.05, "uv": [0, 21]}
					]
				},
				{
					"name": "leg_bot",
					"parent": "leg_in",
					"pivot": [-3.55, 2.03139, -0.42198],
					"rotation": [-90, -22.5, 90],
					"cubes": [
						{"origin": [-5.025, 1.03139, -1.89698], "size": [3, 2, 3], "inflate": -0.225, "uv": [45, 43]}
					]
				}
			]
		}
	]
}