{
	"format_version": "1.10.0",
	"particle_effect": {
		"description": {
			"identifier": "cobblemon:exclamation_mark",
			"basic_render_parameters": {
				"material": "particles_alpha",
				"texture": "textures/particles/exclamation"
			}
		},
		"curves": {
			"variable.size": {
				"type": "linear",
				"input": "v.particle_age * 3",
				"horizontal_range": 4,
				"nodes": [0, 1, 1, 1, 1, 1]
			}
		},
		"components": {
			"minecraft:emitter_rate_instant": {
				"num_particles": 1
			},
			"minecraft:emitter_lifetime_once": {
				"active_time": 1
			},
			"minecraft:emitter_shape_point": {
				"offset": [0, -0.15, 0],
				"direction": [0, 1, 0]
			},
			"minecraft:particle_lifetime_expression": {
				"max_lifetime": 2
			},
			"minecraft:particle_initial_speed": 2,
			"minecraft:particle_motion_dynamic": {
				"linear_drag_coefficient": 100
			},
			"minecraft:particle_appearance_billboard": {
				"size": ["0.65 * variable.size", "0.65 * variable.size"],
				"facing_camera_mode": "rotate_xyz",
				"uv": {
					"texture_width": 32,
					"texture_height": 32,
					"uv": [0, 0],
					"uv_size": [32, 32]
				}
			}
		}
	}
}