{
	"format_version": "1.10.0",
	"particle_effect": {
		"description": {
			"identifier": "cobblemon:item_open",
			"basic_render_parameters": {
				"material": "particles_alpha",
				"texture": "textures/particles/item_sparkle"
			}
		},
		"curves": {
			"variable.size": {
				"type": "linear",
				"input": "v.particle_age * 3",
				"horizontal_range": "v.particle_lifetime",
				"nodes": [0.5, 1, 0]
			}
		},
		"components": {
			"minecraft:emitter_rate_steady": {
				"spawn_rate": 5,
				"max_particles": 100
			},
			"minecraft:emitter_lifetime_once": {
				"active_time": 1
			},
			"minecraft:emitter_shape_sphere": {
				"offset": [0, 0.2, 0],
				"radius": 0.3,
				"surface_only": true,
				"direction": [0, 1, 0]
			},
			"minecraft:particle_lifetime_expression": {
				"max_lifetime": 1
			},
			"minecraft:particle_initial_speed": 0.5,
			"minecraft:particle_motion_dynamic": {},
			"minecraft:particle_appearance_billboard": {
				"size": ["math.clamp(variable.particle_random_2 * 2, 0.05, 0.1) * variable.size", "math.clamp(variable.particle_random_2 * 2, 0.05, 0.1) * variable.size"],
				"facing_camera_mode": "rotate_xyz",
				"uv": {
					"texture_width": 32,
					"texture_height": 32,
					"uv": [0, 0],
					"uv_size": [32, 32]
				}
			},
			"minecraft:particle_appearance_tinting": {
				"color": [1, 1, 1, 1]
			}
		}
	}
}