{
	"format_version": "1.10.0",
	"particle_effect": {
		"description": {
			"identifier": "cobblemon:shiny_sparkle_small",
			"basic_render_parameters": {
				"material": "particles_alpha",
				"texture": "textures/particles/shiny_sparkle_animated"
			}
		},
		"curves": {
			"variable.size": {
				"type": "linear",
				"input": "v.particle_age",
				"horizontal_range": "v.particle_lifetime / 1.5",
				"nodes": [0.2, 0.69, 0.26, 0.78, 0.26, 0.8, 0]
			}
		},
		"components": {
			"minecraft:emitter_rate_instant": {
				"num_particles": 12
			},
			"minecraft:emitter_lifetime_once": {
				"active_time": 1
			},
			"minecraft:emitter_shape_point": {
				"direction": ["math.random(-3,3)", "math.random(0,3)", "math.random(-3,3)"]
			},
			"minecraft:particle_lifetime_expression": {
				"max_lifetime": 2
			},
			"minecraft:particle_initial_spin": {
				"rotation": "math.random(0,359)"
			},
			"minecraft:particle_initial_speed": 1,
			"minecraft:particle_motion_dynamic": {
				"linear_drag_coefficient": "math.random(25,50)"
			},
			"minecraft:particle_appearance_billboard": {
				"size": ["math.random(0.2,1)*variable.size / 2.5", "math.random(0.2,1)*variable.size / 2.5"],
				"facing_camera_mode": "rotate_xyz",
				"uv": {
					"texture_width": 32,
					"texture_height": 16,
					"flipbook": {
						"base_UV": [0, 0],
						"size_UV": [16, 16],
						"step_UV": [16, 0],
						"frames_per_second": 1,
						"max_frame": 2,
						"loop": true
					}
				}
			},
			"minecraft:particle_appearance_tinting": {
				"color": {
					"interpolant": "v.particle_age / v.particle_lifetime",
					"gradient": {
						"0.0": "#ffffffff",
						"0.75": "#FF6CE1FF"
					}
				}
			}
		}
	}
}