{
	"format_version": "1.12.0",
	"minecraft:geometry": [
		{
			"description": {
				"identifier": "geometry.absol",
				"texture_width": 128,
				"texture_height": 128,
				"visible_bounds_width": 5,
				"visible_bounds_height": 3.5,
				"visible_bounds_offset": [0, 1.25, 0]
			},
			"bones": [
				{
					"name": "absol",
					"pivot": [-0.5, 0, 0]
				},
				{
					"name": "body",
					"parent": "absol",
					"pivot": [-0.5, 12.1, 0]
				},
				{
					"name": "torso",
					"parent": "body",
					"pivot": [0, 13, -0.6],
					"cubes": [
						{"origin": [-2.5, 9.5, -8.1], "size": [5, 7, 6], "uv": [20, 31]},
						{"origin": [-4.5, 6.52139, -8.61947], "size": [9, 7, 0], "pivot": [0, 12.51497, -8.52158], "rotation": [2, 0, 0], "uv": [79, 40]},
						{"origin": [-4.5, 13.5, -8.75], "size": [9, 3, 0], "pivot": [0, 12.51497, -8.52158], "rotation": [-5.5, 0, 0], "uv": [79, 37]}
					]
				},
				{
					"name": "wing_left2",
					"parent": "torso",
					"pivot": [2.52268, 15.51949, -8.46303],
					"cubes": [
						{"origin": [0.62268, 10.51949, -4.41303], "size": [9, 7, 0], "pivot": [4.12268, 14.31949, -5.96303], "rotation": [0, -90, 0], "uv": [79, 17], "mirror": true}
					]
				},
				{
					"name": "wing_left",
					"parent": "wing_left2",
					"pivot": [2.57268, 14.01949, -0.46303],
					"cubes": [
						{"origin": [8.44768, 5.51949, -6.13803], "size": [10, 17, 0], "pivot": [2.67268, 14.24449, -6.23803], "rotation": [0, -90, 0], "uv": [41, 111]}
					]
				},
				{
					"name": "bone",
					"parent": "wing_left",
					"pivot": [2.57268, 14.01949, 9.53697],
					"cubes": [
						{"origin": [18.44768, 5.51949, -6.13803], "size": [10, 17, 0], "pivot": [2.67268, 14.24449, -6.23803], "rotation": [0, -90, 0], "uv": [62, 111]}
					]
				},
				{
					"name": "bone2",
					"parent": "bone",
					"pivot": [2.57268, 19.01949, 17.53697],
					"cubes": [
						{"origin": [26.44768, 15.51949, -6.13803], "size": [7, 7, 0], "pivot": [2.67268, 14.24449, -6.23803], "rotation": [0, -90, 0], "uv": [83, 112]}
					]
				},
				{
					"name": "bone3",
					"parent": "bone",
					"pivot": [2.57268, 13.01949, 17.53697],
					"cubes": [
						{"origin": [26.44768, 10.51949, -6.13803], "size": [7, 5, 0], "pivot": [2.67268, 14.24449, -6.23803], "rotation": [0, -90, 0], "uv": [83, 119]}
					]
				},
				{
					"name": "wing_right2",
					"parent": "torso",
					"pivot": [-2.52268, 15.51949, -8.46303],
					"cubes": [
						{"origin": [-9.62268, 10.51949, -4.41303], "size": [9, 7, 0], "pivot": [-4.12268, 14.31949, -5.96303], "rotation": [0, 90, 0], "uv": [79, 17]}
					]
				},
				{
					"name": "wing_right",
					"parent": "wing_right2",
					"pivot": [-2.57268, 14.01949, -0.46303],
					"cubes": [
						{"origin": [-18.44768, 5.51949, -6.13803], "size": [10, 17, 0], "pivot": [-2.67268, 14.24449, -6.23803], "rotation": [0, 90, 0], "uv": [41, 111], "mirror": true}
					]
				},
				{
					"name": "bone4",
					"parent": "wing_right",
					"pivot": [-2.57268, 14.01949, 9.53697],
					"cubes": [
						{"origin": [-28.44768, 5.51949, -6.13803], "size": [10, 17, 0], "pivot": [-2.67268, 14.24449, -6.23803], "rotation": [0, 90, 0], "uv": [62, 111], "mirror": true}
					]
				},
				{
					"name": "bone5",
					"parent": "bone4",
					"pivot": [-2.57268, 19.01949, 17.53697],
					"cubes": [
						{"origin": [-33.44768, 15.51949, -6.13803], "size": [7, 7, 0], "pivot": [-2.67268, 14.24449, -6.23803], "rotation": [0, 90, 0], "uv": [83, 112], "mirror": true}
					]
				},
				{
					"name": "bone6",
					"parent": "bone4",
					"pivot": [-2.57268, 13.01949, 17.53697],
					"cubes": [
						{"origin": [-33.44768, 10.51949, -6.13803], "size": [7, 5, 0], "pivot": [-2.67268, 14.24449, -6.23803], "rotation": [0, 90, 0], "uv": [83, 119], "mirror": true}
					]
				},
				{
					"name": "back",
					"parent": "torso",
					"pivot": [0, 13.7, -2.3],
					"cubes": [
						{"origin": [-2.5, 10.7, -2.1], "size": [5, 6, 9], "uv": [19, 16]}
					]
				},
				{
					"name": "neck",
					"parent": "torso",
					"pivot": [0, 15.7334, -4.04417],
					"cubes": [
						{"origin": [-2.5, 15.5, -7.9], "size": [5, 3, 5], "inflate": -0.01, "pivot": [-0.1, 14.7, -3.9], "rotation": [15, 0, 0], "uv": [37, 39]}
					]
				},
				{
					"name": "head",
					"parent": "neck",
					"pivot": [-0.15, 17.4, -5.3],
					"cubes": [
						{"origin": [-3.1, 17.2, -9.9], "size": [6, 5, 6], "uv": [0, 38]},
						{"origin": [-9.8, 17.2, -6.9], "size": [12, 17, 0], "pivot": [-7.1, 24.7, -6.9], "rotation": [-17.5, 0, 0], "uv": [44, 63]},
						{"origin": [1.55, 22.5, -6.6], "size": [4, 6, 0], "pivot": [-7.1, 24.7, -6.9], "rotation": [8.5, 0, 0], "uv": [27, 86]}
					]
				},
				{
					"name": "tophead",
					"parent": "head",
					"pivot": [-0.1, 21.75, -9],
					"rotation": [27.75, 0, 0],
					"cubes": [
						{"origin": [-3.6, 20.75, -10.1], "size": [7, 3, 7], "pivot": [-0.1, 23.35, -7.2], "rotation": [-15, 0, 0], "uv": [0, 0]},
						{"origin": [-3.2, 21.25, -9.4], "size": [6, 3, 7], "inflate": -0.01, "pivot": [-0.1, 23.35, -7.2], "rotation": [-20, 0, 0], "uv": [0, 25]},
						{"origin": [-3.1, 19.25, -6.4], "size": [6, 5, 4], "inflate": 0.01, "pivot": [-0.1, 23.35, -7.2], "rotation": [-20, 0, 0], "uv": [38, 15]},
						{"origin": [2.44426, 19.59149, -13.54447], "size": [4, 4, 5], "pivot": [3.35424, 17.84759, -11.58644], "rotation": [-32.2622, -7.97257, -27.8591], "uv": [0, 86]},
						{"origin": [2.73581, 16.86111, -14.87379], "size": [3, 4, 4], "pivot": [3.92258, 16.39557, -12.73926], "rotation": [-46.08424, -2.71154, -10.99529], "uv": [-1, 97]},
						{"origin": [3.08811, 14.61809, -14.34411], "size": [2, 3, 3], "pivot": [3.92258, 16.54557, -12.93926], "rotation": [-49.1055, 9.1103, 3.32965], "uv": [0, 110]},
						{"origin": [2.93811, 13.28381, -14.53177], "size": [1, 2, 2], "pivot": [3.92258, 16.54557, -12.93926], "rotation": [-30.26308, -2.78029, -17.2987], "uv": [0, 117]},
						{"origin": [-1.6, 21.5, -10.4], "size": [3, 2, 1], "pivot": [-0.1, 23.35, -7.2], "rotation": [-15, 0, 0], "uv": [28, 48]},
						{"origin": [-1.1, 20.975, -10.35], "size": [2, 1, 1], "pivot": [-0.1, 23.35, -7.2], "rotation": [-15, 0, 0], "uv": [28, 48]}
					]
				},
				{
					"name": "snout",
					"parent": "head",
					"pivot": [-0.1, 18.25, -9.4],
					"cubes": [
						{"origin": [-1.6, 17, -10.9], "size": [3, 2, 6], "uv": [41, 25]},
						{"origin": [-0.6, 18, -10.9], "size": [1, 1, 0], "inflate": 0.01, "uv": [3, 0]}
					]
				},
				{
					"name": "jaw",
					"parent": "snout",
					"pivot": [-0.2, 16.9, -8.5],
					"cubes": [
						{"origin": [-1.1, 16.8, -10.5], "size": [2, 1, 3], "pivot": [-0.1, 17.1, -7.5], "rotation": [3.5, 0, 0], "uv": [35, 50]}
					]
				},
				{
					"name": "eyes",
					"parent": "head",
					"pivot": [-2.1, 1.2, 0.1]
				},
				{
					"name": "left_eye",
					"parent": "eyes",
					"pivot": [1.6, 20.4, -9.89],
					"cubes": [
						{"origin": [1.1, 19.9, -9.89], "size": [1, 1, 0], "inflate": 0.02, "uv": [4, 2]}
					]
				},
				{
					"name": "left_eyelid",
					"parent": "left_eye",
					"pivot": [1.9, 20.2, -8.9],
					"cubes": [
						{"origin": [0.8, 19.2, -9.8], "size": [2, 2, 2], "inflate": 0.02, "uv": [76, 50]}
					]
				},
				{
					"name": "right_eye",
					"parent": "eyes",
					"pivot": [-1.8, 20.4, -9.89],
					"cubes": [
						{"origin": [-2.3, 19.9, -9.89], "size": [1, 1, 0], "inflate": 0.02, "uv": [4, 1]}
					]
				},
				{
					"name": "right_eyelid",
					"parent": "right_eye",
					"pivot": [-2, 20.2, -8.8],
					"cubes": [
						{"origin": [-3, 19.2, -9.8], "size": [2, 2, 2], "inflate": 0.02, "uv": [76, 50]}
					]
				},
				{
					"name": "tail",
					"parent": "body",
					"pivot": [0.2, 16.79779, 4.90573],
					"cubes": [
						{"origin": [0.2, 16.50438, 4.42485], "size": [0, 11, 13], "pivot": [0.2, 23.90438, 11.32485], "rotation": [2.5, 0, 0], "uv": [3, 57]}
					]
				},
				{
					"name": "legs",
					"parent": "absol",
					"pivot": [-0.5, 1.1, 1]
				},
				{
					"name": "left_leg_front",
					"parent": "legs",
					"pivot": [2.1, 9.8, -4.8],
					"cubes": [
						{"origin": [1.7, 6.1, -6.2], "size": [2, 8, 3], "inflate": 0.08, "pivot": [3.2, 8.1, -5.6], "rotation": [10, 0, 0], "uv": [33, 54]}
					]
				},
				{
					"name": "left_leg_front2",
					"parent": "left_leg_front",
					"pivot": [2.7, 6.27437, -5.01273],
					"cubes": [
						{"origin": [1.7, 1.73224, -6.04543], "size": [2, 5, 3], "inflate": -0.01, "pivot": [3.2, 3.33224, -3.84543], "rotation": [-7.5, 0, 0], "uv": [60, 15]},
						{"origin": [2.7, 0.39823, -4.54935], "size": [0, 7, 5], "inflate": -0.01, "pivot": [2.7, 3.89823, -1.24935], "rotation": [7.5, 0, 0], "uv": [81, -5]}
					]
				},
				{
					"name": "left_foot_front",
					"parent": "left_leg_front2",
					"pivot": [-0.5, 1.1, -4.1],
					"cubes": [
						{"origin": [1.2, 0.03224, -7.04543], "size": [3, 2, 4], "uv": [52, 6]},
						{"origin": [4, 0.03224, -8.74543], "size": [0, 2, 2], "uv": [16, 33]},
						{"origin": [2.7, 0.03224, -8.74543], "size": [0, 2, 2], "uv": [12, 33]},
						{"origin": [1.5, 0.03224, -8.74543], "size": [0, 2, 2], "uv": [8, 33]}
					]
				},
				{
					"name": "right_leg_front",
					"parent": "legs",
					"pivot": [-2.4, 10.35628, -5.11367],
					"cubes": [
						{"origin": [-3.6, 6.1, -6.2], "size": [2, 8, 3], "inflate": 0.08, "pivot": [-2.1, 8.1, -5.6], "rotation": [10, 0, 0], "uv": [33, 54], "mirror": true}
					]
				},
				{
					"name": "right_leg_front2",
					"parent": "right_leg_front",
					"pivot": [-2.6, 6.47437, -4.31273],
					"cubes": [
						{"origin": [-3.6, 1.73224, -6.04543], "size": [2, 5, 3], "inflate": -0.01, "pivot": [-2.1, 3.33224, -3.84543], "rotation": [-7.5, 0, 0], "uv": [60, 15], "mirror": true},
						{"origin": [-2.6, 0.39823, -4.54935], "size": [0, 7, 5], "inflate": -0.01, "pivot": [2.7, 3.89823, -1.24935], "rotation": [7.5, 0, 0], "uv": [82, -5]}
					]
				},
				{
					"name": "right_foot_front",
					"parent": "right_leg_front2",
					"pivot": [-2.65, 1.63224, -4.97043],
					"cubes": [
						{"origin": [-4.1, 0.03224, -7.04543], "size": [3, 2, 4], "uv": [52, 6], "mirror": true},
						{"origin": [-3.9, 0.03224, -8.74543], "size": [0, 2, 2], "uv": [4, 33]},
						{"origin": [-2.7, 0.03224, -8.74543], "size": [0, 2, 2], "uv": [0, 33]},
						{"origin": [-1.4, 0.03224, -8.74543], "size": [0, 2, 2], "uv": [0, 27]}
					]
				},
				{
					"name": "left_leg_back",
					"parent": "legs",
					"pivot": [1.7, 9.59592, 4.58682],
					"cubes": [
						{"origin": [1.6, 6.6, 2.5], "size": [2, 8, 4], "inflate": 0.08, "pivot": [2.6, 8.4, 4.4], "rotation": [-2.5, 0, 0], "uv": [0, 49]}
					]
				},
				{
					"name": "left_leg_back2",
					"parent": "left_leg_back",
					"pivot": [2.6, 6.89851, 3.19979],
					"cubes": [
						{"origin": [1.6, 1.07844, 3.10342], "size": [2, 6, 3], "inflate": -0.01, "pivot": [2.6, 4.07844, 4.10342], "rotation": [12.5, 0, 0], "uv": [12, 56]},
						{"origin": [2.6, -0.52156, 5.20342], "size": [0, 7, 5], "inflate": -0.01, "pivot": [-2.5, 4.07844, 4.10342], "rotation": [12.5, 0, 0], "uv": [81, -5]}
					]
				},
				{
					"name": "left_foot_back",
					"parent": "left_leg_back2",
					"pivot": [2.55, 1.80724, 5.07957],
					"cubes": [
						{"origin": [1.1, -0.06776, 2.75457], "size": [3, 2, 4], "uv": [52, 6]},
						{"origin": [1.3, 0.03224, 0.85457], "size": [0, 2, 2], "uv": [22, 8]},
						{"origin": [2.5, 0.03224, 0.85457], "size": [0, 2, 2], "uv": [21, 2]},
						{"origin": [3.8, 0.03224, 0.85457], "size": [0, 2, 2], "uv": [21, 0]}
					]
				},
				{
					"name": "right_leg_back",
					"parent": "legs",
					"pivot": [-2.5, 8.99592, 3.28682],
					"cubes": [
						{"origin": [-3.5, 6.61888, 2.56505], "size": [2, 8, 4], "inflate": 0.08, "pivot": [-2.5, 9.9, 4], "rotation": [-2.5, 0, 0], "uv": [0, 49], "mirror": true}
					]
				},
				{
					"name": "right_leg_back2",
					"parent": "right_leg_back",
					"pivot": [-2.4, 6.90153, 2.96661],
					"cubes": [
						{"origin": [-3.5, 0.92837, 2.66643], "size": [2, 6, 3], "inflate": -0.01, "pivot": [-2.5, 5.99851, 3.19979], "rotation": [12.5, 0, 0], "uv": [12, 56], "mirror": true},
						{"origin": [-2.5, -0.32156, 5.20342], "size": [0, 7, 5], "inflate": -0.01, "pivot": [-2.5, 4.07844, 4.10342], "rotation": [12.5, 0, 0], "uv": [81, -5]}
					]
				},
				{
					"name": "right_foot_back",
					"parent": "right_leg_back2",
					"pivot": [-2.55, 1.00724, 5.17957],
					"cubes": [
						{"origin": [-4, -0.06776, 2.75457], "size": [3, 2, 4], "uv": [52, 6]},
						{"origin": [-3.8, 0.03224, 0.85457], "size": [0, 2, 2], "uv": [22, 10]},
						{"origin": [-2.6, 0.03224, 0.85457], "size": [0, 2, 2], "uv": [0, 23]},
						{"origin": [-1.3, 0.03224, 0.85457], "size": [0, 2, 2], "uv": [0, 25]}
					]
				}
			]
		}
	]
}