{
	"format_version": "1.12.0",
	"minecraft:geometry": [
		{
			"description": {
				"identifier": "geometry.blissey",
				"texture_width": 128,
				"texture_height": 128,
				"visible_bounds_width": 4,
				"visible_bounds_height": 3.5,
				"visible_bounds_offset": [0, 1.25, 0]
			},
			"bones": [
				{
					"name": "chansey",
					"pivot": [0, 0, 0]
				},
				{
					"name": "body",
					"parent": "chansey",
					"pivot": [0, 1.5, 0]
				},
				{
					"name": "torso",
					"parent": "body",
					"pivot": [0, 2, 1],
					"cubes": [
						{"origin": [-10, 25, -10], "size": [20, 6, 0], "inflate": 0.01, "pivot": [0, 26, -5.04278], "rotation": [-7.5, 0, 0], "uv": [86, 114]},
						{"origin": [10.5615, 17, -8.65233], "size": [0, 14, 20], "inflate": 0.01, "pivot": [0, 26, -5.04278], "rotation": [-7.56397, 7.43547, -0.98448], "uv": [84, 80]},
						{"origin": [-2, 26.25, -11.25], "size": [4, 4, 4], "pivot": [0, 28.25, -10.5], "rotation": [-7.5, 0, 0], "uv": [48, 116]},
						{"origin": [-1, 27.25, -11.25], "size": [2, 2, 0], "inflate": 0.02, "pivot": [0, 28.25, -10.5], "rotation": [-7.5, 0, 0], "uv": [43, 121]},
						{"origin": [-0.5, 27.75, -11.25], "size": [1, 1, 0], "inflate": 0.03, "pivot": [0, 28.25, -10.5], "rotation": [-7.5, 0, 0], "uv": [45, 124]},
						{"origin": [-2, 27.75, -11.25], "size": [4, 1, 4], "inflate": 0.01, "pivot": [0, 28.25, -10.5], "rotation": [-7.5, 0, 0], "uv": [31, 115]},
						{"origin": [-10.5615, 17, -8.65233], "size": [0, 14, 20], "inflate": 0.01, "pivot": [0, 26, -5.04278], "rotation": [-7.56397, -7.43547, 0.98448], "uv": [84, 80], "mirror": true},
						{"origin": [-10, 2, -9.5], "size": [20, 26, 19], "uv": [0, 0]}
					]
				},
				{
					"name": "mouth",
					"parent": "torso",
					"pivot": [0, 21.5, -9.5],
					"cubes": [
						{"origin": [-1, 21.5, -9.5], "size": [2, 1, 0], "inflate": 0.01, "uv": [0, 0]},
						{"origin": [-2, 22, -9.5], "size": [4, 1, 0], "inflate": 0.01, "uv": [23, 63]}
					]
				},
				{
					"name": "mouth_open",
					"parent": "torso",
					"pivot": [0, 21.5, -9.4],
					"cubes": [
						{"origin": [-1.5, 21, -9.4], "size": [3, 1, 0], "inflate": 0.01, "uv": [0, 46]},
						{"origin": [-2, 22, -9.4], "size": [4, 1, 0], "inflate": 0.01, "uv": [28, 51]}
					]
				},
				{
					"name": "left_tendrils",
					"parent": "torso",
					"pivot": [8.75, 27.75, -0.25],
					"rotation": [0, 0, -5]
				},
				{
					"name": "left_tendril_front",
					"parent": "left_tendrils",
					"pivot": [9.25, 28, -5.25],
					"rotation": [0, 12.5, 22.5],
					"cubes": [
						{"origin": [7.5, 22.5, -7.25], "size": [7, 6, 5], "uv": [74, 70]}
					]
				},
				{
					"name": "left_tendril_middle",
					"parent": "left_tendrils",
					"pivot": [8.75, 28.5, -0.25],
					"rotation": [0, 0, 20],
					"cubes": [
						{"origin": [5.5, 22, -3.75], "size": [10, 9, 7], "uv": [35, 46]}
					]
				},
				{
					"name": "left_tendril_back",
					"parent": "left_tendrils",
					"pivot": [9.25, 28, 4.75],
					"rotation": [0, -12.5, 22.5],
					"cubes": [
						{"origin": [7.5, 22.5, 1.75], "size": [7, 6, 5], "uv": [70, 46]}
					]
				},
				{
					"name": "right_tendrils",
					"parent": "torso",
					"pivot": [-8.5, 27.25, -0.25],
					"rotation": [0, 0, 5]
				},
				{
					"name": "right_tendril_front",
					"parent": "right_tendrils",
					"pivot": [-9, 27.5, -5.25],
					"rotation": [0, -12.5, -22.5],
					"cubes": [
						{"origin": [-14.5, 22.5, -7.25], "size": [7, 6, 5], "uv": [54, 63]}
					]
				},
				{
					"name": "right_tendril_middle",
					"parent": "right_tendrils",
					"pivot": [-8.5, 28, -0.25],
					"rotation": [0, 0, -20],
					"cubes": [
						{"origin": [-15.5, 22, -3.75], "size": [10, 9, 7], "uv": [0, 46]}
					]
				},
				{
					"name": "right_tendril_back",
					"parent": "right_tendrils",
					"pivot": [-9, 27.5, 4.75],
					"rotation": [0, 12.5, -22.5],
					"cubes": [
						{"origin": [-14.5, 22.5, 1.75], "size": [7, 6, 5], "uv": [29, 63]}
					]
				},
				{
					"name": "eyes",
					"parent": "torso",
					"pivot": [0, 20.5, -2]
				},
				{
					"name": "left_eye",
					"parent": "eyes",
					"pivot": [2.25, 24.5, -9.5],
					"cubes": [
						{"origin": [1.75, 23.5, -9.5], "size": [1, 2, 0], "inflate": 0.02, "uv": [13, 0]}
					]
				},
				{
					"name": "right_eye",
					"parent": "eyes",
					"pivot": [-2.25, 24.5, -9.5],
					"cubes": [
						{"origin": [-2.75, 23.5, -9.5], "size": [1, 2, 0], "inflate": 0.02, "uv": [0, 10]}
					]
				},
				{
					"name": "eyes_closed",
					"parent": "eyes",
					"pivot": [0, 20.5, -1.9]
				},
				{
					"name": "left_eyelid",
					"parent": "eyes_closed",
					"pivot": [2.25, 24.5, -9.4],
					"cubes": [
						{"origin": [1.75, 23.5, -9.4], "size": [1, 2, 0], "inflate": 0.03, "uv": [3, 2]}
					]
				},
				{
					"name": "right_eyelid",
					"parent": "eyes_closed",
					"pivot": [-2.25, 24.5, -9.4],
					"cubes": [
						{"origin": [-2.75, 23.5, -9.4], "size": [1, 2, 0], "inflate": 0.03, "uv": [0, 2]}
					]
				},
				{
					"name": "pouch",
					"parent": "torso",
					"pivot": [0, 10.5, -10.5],
					"cubes": [
						{"origin": [-4, 5.5, -14.5], "size": [8, 5, 6], "uv": [0, 63]},
						{"origin": [-4.5, 8.5, -14.75], "size": [9, 3, 6], "uv": [0, 119]}
					]
				},
				{
					"name": "right_frills",
					"parent": "torso",
					"pivot": [-10, 9.5, -1]
				},
				{
					"name": "right_frill1",
					"parent": "right_frills",
					"pivot": [-9, 10, -8],
					"rotation": [5, -35, -45],
					"cubes": [
						{"origin": [-15, 10, -9.5], "size": [7, 0, 4], "uv": [0, 81]}
					]
				},
				{
					"name": "right_frill2",
					"parent": "right_frills",
					"pivot": [-10, 9.5, -3.5],
					"rotation": [2.5, -7.5, -45],
					"cubes": [
						{"origin": [-18, 9.5, -6], "size": [9, 0, 5], "uv": [79, 14]}
					]
				},
				{
					"name": "right_frill3",
					"parent": "right_frills",
					"pivot": [-10, 9.5, 1.5],
					"rotation": [-2.5, 7.5, -45],
					"cubes": [
						{"origin": [-18, 9.5, -1], "size": [9, 0, 5], "uv": [29, 75]}
					]
				},
				{
					"name": "right_frill4",
					"parent": "right_frills",
					"pivot": [-9.5, 9.5, 6.5],
					"rotation": [-5, 30, -45],
					"cubes": [
						{"origin": [-15.5, 9.5, 4], "size": [7, 0, 4], "uv": [79, 64]}
					]
				},
				{
					"name": "left_frills",
					"parent": "torso",
					"pivot": [10, 9.5, -1]
				},
				{
					"name": "left_frill1",
					"parent": "left_frills",
					"pivot": [9, 10, -8],
					"rotation": [5, 35, 45],
					"cubes": [
						{"origin": [8, 10, -9.5], "size": [7, 0, 4], "uv": [79, 38]}
					]
				},
				{
					"name": "left_frill2",
					"parent": "left_frills",
					"pivot": [10, 9.5, -3.5],
					"rotation": [2.5, 7.5, 45],
					"cubes": [
						{"origin": [9, 9.5, -6], "size": [9, 0, 5], "uv": [0, 75]}
					]
				},
				{
					"name": "left_frill3",
					"parent": "left_frills",
					"pivot": [10, 9.5, 1.5],
					"rotation": [-2.5, -7.5, 45],
					"cubes": [
						{"origin": [9, 9.5, -1], "size": [9, 0, 5], "uv": [74, 58]}
					]
				},
				{
					"name": "left_frill4",
					"parent": "left_frills",
					"pivot": [9.5, 9.5, 6.5],
					"rotation": [-5, -30, 45],
					"cubes": [
						{"origin": [8.5, 9.5, 4], "size": [7, 0, 4], "uv": [60, 14]}
					]
				},
				{
					"name": "left_arm",
					"parent": "torso",
					"pivot": [7.5, 15.5, -9.5],
					"cubes": [
						{"origin": [6, 14, -14.5], "size": [3, 3, 6], "inflate": 0.01, "uv": [79, 28]}
					]
				},
				{
					"name": "left_arm_frills",
					"parent": "left_arm",
					"pivot": [7.5, 15.5, -9],
					"cubes": [
						{"origin": [6, 13.5, -10], "size": [8, 7, 0], "uv": [37, 84]}
					]
				},
				{
					"name": "right_arm",
					"parent": "torso",
					"pivot": [-7.5, 15.5, -9.5],
					"cubes": [
						{"origin": [-9, 14, -14.5], "size": [3, 3, 6], "inflate": 0.01, "uv": [0, 0]}
					]
				},
				{
					"name": "right_arm_frills",
					"parent": "right_arm",
					"pivot": [-7.5, 15.5, -9],
					"cubes": [
						{"origin": [-14, 13.5, -10], "size": [8, 7, 0], "uv": [77, 82]}
					]
				},
				{
					"name": "left_foot",
					"parent": "body",
					"pivot": [4, 2, 0.5],
					"rotation": [0, -17.5, 0],
					"cubes": [
						{"origin": [2, 0, -2.5], "size": [4, 2, 5], "uv": [18, 81]}
					]
				},
				{
					"name": "left_toes",
					"parent": "left_foot",
					"pivot": [4, 0, -2.5],
					"cubes": [
						{"origin": [2, 0, -4.5], "size": [4, 2, 2], "inflate": 0.01, "uv": [82, 0]}
					]
				},
				{
					"name": "right_foot",
					"parent": "body",
					"pivot": [-4, 2, 0.5],
					"rotation": [0, 17.5, 0],
					"cubes": [
						{"origin": [-6, 0, -2.5], "size": [4, 2, 5], "uv": [0, 10]}
					]
				},
				{
					"name": "right_toes",
					"parent": "right_foot",
					"pivot": [-4, 0, -2.5],
					"cubes": [
						{"origin": [-6, 0, -4.5], "size": [4, 2, 2], "inflate": 0.01, "uv": [28, 46]}
					]
				},
				{
					"name": "egg_body",
					"parent": "chansey",
					"pivot": [0, 1.5, 0],
					"rotation": [0, 0, 0]
				},
				{
					"name": "egg_torso",
					"parent": "egg_body",
					"pivot": [0, 2, 0]
				},
				{
					"name": "egg_pouch",
					"parent": "egg_torso",
					"pivot": [0, 10.5, -10.5]
				},
				{
					"name": "egg",
					"parent": "egg_pouch",
					"pivot": [0, 11.5, -10.5],
					"cubes": [
						{"origin": [-3.5, 7.5, -14], "size": [7, 6, 7], "uv": [60, 0]},
						{"origin": [-3, 6.5, -13.5], "size": [6, 1, 6], "uv": [52, 76]},
						{"origin": [-2.5, 13, -13], "size": [5, 2, 5], "uv": [79, 20]}
					]
				}
			]
		}
	]
}