{
	"format_version": "1.12.0",
	"minecraft:geometry": [
		{
			"description": {
				"identifier": "geometry.celesteela",
				"texture_width": 512,
				"texture_height": 512,
				"visible_bounds_width": 9,
				"visible_bounds_height": 8.5,
				"visible_bounds_offset": [0, 3.75, 0]
			},
			"bones": [
				{
					"name": "celesteela",
					"pivot": [0, 0, 0]
				},
				{
					"name": "body",
					"parent": "celesteela",
					"pivot": [0, 40, 0],
					"cubes": [
						{"origin": [-8, 39, -8], "size": [16, 5, 16], "uv": [0, 39]},
						{"origin": [-5, 44, -4], "size": [10, 4, 8], "uv": [0, 324]},
						{"origin": [-2, 48, -2], "size": [4, 3, 4], "uv": [125, 41]},
						{"origin": [-1, 51, -1], "size": [2, 25, 2], "uv": [148, 168]},
						{"origin": [-1.5, 57, -1.5], "size": [3, 2, 3], "pivot": [0, 63, 0], "rotation": [0, 45, 0], "uv": [78, 87]},
						{"origin": [-1.5, 67, -1.5], "size": [3, 2, 3], "pivot": [0, 63, 0], "rotation": [0, 45, 0], "uv": [78, 87]},
						{"origin": [-0.5, 76.5, -2], "size": [1, 1, 0], "inflate": 0.01, "uv": [108, 49]},
						{"origin": [-2, 76, -2], "size": [4, 4, 4], "uv": [108, 40]},
						{"origin": [-2.5, 80, -2.5], "size": [5, 7, 5], "uv": [57, 80]},
						{"origin": [-8.5, 83, 0.5], "size": [17, 2, 0], "pivot": [0, 84, 1], "rotation": [-2.00307, -14.8687, -27.2386], "uv": [120, 49]},
						{"origin": [-8.5, 83, 0.5], "size": [17, 2, 0], "pivot": [0, 84, 1], "rotation": [-2.00307, 14.8687, 27.2386], "uv": [120, 49], "mirror": true},
						{"origin": [-2.5, 87, 0], "size": [5, 18, 0], "pivot": [0, 96, 0], "rotation": [0, 45, 0], "uv": [61, 274]},
						{"origin": [-2.5, 87, 0], "size": [5, 18, 0], "pivot": [0, 96, 0], "rotation": [0, -45, 0], "uv": [61, 274], "mirror": true},
						{"origin": [-10, 9, -10], "size": [20, 30, 20], "uv": [0, 273]},
						{"origin": [-1.5, -0.65575, -9.01923], "size": [3, 13, 3], "pivot": [0, 0, 0], "rotation": [175, 22.5, 180], "uv": [0, 275]},
						{"origin": [-1.5, -0.61009, -7.97336], "size": [3, 13, 3], "pivot": [0, 12, 0], "rotation": [-5, -22.5, 0], "uv": [0, 275]},
						{"origin": [-1.5, -0.65575, -9.01923], "size": [3, 13, 3], "pivot": [0, 0, 0], "rotation": [-5, 67.5, 0], "uv": [0, 275]},
						{"origin": [-1.5, -0.61009, -7.97336], "size": [3, 13, 3], "pivot": [0, 12, 0], "rotation": [175, -67.5, -180], "uv": [0, 275]},
						{"origin": [-1.5, -0.61009, -7.97336], "size": [3, 13, 3], "pivot": [0, 12, 0], "rotation": [-5, -67.5, 0], "uv": [0, 275]},
						{"origin": [-1.5, -0.65575, -9.01923], "size": [3, 13, 3], "pivot": [0, 0, 0], "rotation": [175, 67.5, 180], "uv": [0, 275]},
						{"origin": [-1.5, -0.65575, -9.01923], "size": [3, 13, 3], "pivot": [0, 0, 0], "rotation": [-5, 22.5, 0], "uv": [0, 275]},
						{"origin": [-1.5, -0.61009, -7.97336], "size": [3, 13, 3], "pivot": [0, 12, 0], "rotation": [175, -22.5, -180], "uv": [0, 275]}
					]
				},
				{
					"name": "layer_4",
					"parent": "body",
					"pivot": [0, -3, 0],
					"cubes": [
						{"origin": [-13, 18, -13], "size": [26, 22, 0], "uv": [53, 144]},
						{"origin": [-13, 40, -13], "size": [26, 0, 27], "pivot": [0, 40, -13], "rotation": [15, 0, 0], "uv": [54, 297]},
						{"origin": [-9, 40, -8.25], "size": [18, 3, 19], "pivot": [0, 40, -13], "rotation": [15, 0, 0], "uv": [0, 114]},
						{"origin": [13, 18, -13], "size": [0, 29, 26], "uv": [106, 111]},
						{"origin": [-13, 18, -13], "size": [0, 29, 26], "uv": [106, 111], "mirror": true},
						{"origin": [-13, 18, 13], "size": [26, 29, 0], "uv": [0, 137]}
					]
				},
				{
					"name": "layer_3",
					"parent": "body",
					"pivot": [0, -3, 0],
					"cubes": [
						{"origin": [-12, 5, -12], "size": [24, 34, 0], "uv": [49, 167]},
						{"origin": [-12, 5, -12], "size": [0, 34, 24], "uv": [98, 143], "mirror": true},
						{"origin": [12, 5, -12], "size": [0, 34, 24], "uv": [98, 143]},
						{"origin": [-12, 5, 12], "size": [24, 34, 0], "uv": [0, 167]},
						{"origin": [-12, 39, -12], "size": [24, 0, 24], "inflate": 0.01, "uv": [57, 272]}
					]
				},
				{
					"name": "layer_2",
					"parent": "body",
					"pivot": [0, -3, 0],
					"cubes": [
						{"origin": [-11.5, 5, -11.5], "size": [23, 34, 0], "uv": [47, 202]},
						{"origin": [-11.5, 5, -11.5], "size": [0, 34, 23], "uv": [94, 179], "mirror": true},
						{"origin": [11.5, 5, -11.5], "size": [0, 34, 23], "uv": [94, 179]},
						{"origin": [-11.5, 5, 11.5], "size": [23, 34, 0], "uv": [0, 202]}
					]
				},
				{
					"name": "layer_1",
					"parent": "body",
					"pivot": [0, -3, 0],
					"cubes": [
						{"origin": [-11, 5, -11], "size": [22, 34, 0], "uv": [45, 237]},
						{"origin": [11, 5, -11], "size": [0, 34, 22], "uv": [90, 215]},
						{"origin": [-11, 4, 11], "size": [22, 35, 0], "uv": [0, 237]},
						{"origin": [-11, 5, -11], "size": [0, 34, 22], "uv": [90, 215], "mirror": true}
					]
				},
				{
					"name": "arm_right",
					"parent": "body",
					"pivot": [-35, 47, 0],
					"cubes": [
						{"origin": [-41, 9, -6], "size": [12, 8, 12], "uv": [71, 59], "mirror": true},
						{"origin": [-39, 17, -4], "size": [8, 76, 8], "inflate": 0.01, "uv": [120, 52], "mirror": true},
						{"origin": [-35, 45, 4], "size": [0, 5, 20], "pivot": [-35, 47.5, 4], "rotation": [65, 0, 0], "uv": [0, 41], "mirror": true},
						{"origin": [-36.5, 1.5798, -9.39693], "size": [3, 3, 3], "inflate": 0.01, "pivot": [-35, 5, 0], "rotation": [-20, 0, 0], "uv": [104, 86], "mirror": true},
						{"origin": [-35, 7, -11], "size": [0, 12, 7], "pivot": [-35, 14, 0], "rotation": [0, -22.5, 0], "uv": [0, 107], "mirror": true},
						{"origin": [-37.5, 4.5798, -10.39693], "size": [5, 7, 5], "pivot": [-35, 5, 0], "rotation": [-20, -45, 0], "uv": [49, 41], "mirror": true},
						{"origin": [-36.5, 1.5798, -9.39693], "size": [3, 3, 3], "inflate": 0.01, "pivot": [-35, 5, 0], "rotation": [-20, -45, 0], "uv": [104, 86], "mirror": true},
						{"origin": [-36.5, -1, -10], "size": [3, 6, 3], "pivot": [-35, 5, 0], "rotation": [0, -45, 0], "uv": [91, 83], "mirror": true},
						{"origin": [-35, 7, -11], "size": [0, 12, 7], "pivot": [-35, 14, 0], "rotation": [-180, -67.5, -180], "uv": [0, 107], "mirror": true},
						{"origin": [-37.5, 4.5798, -10.39693], "size": [5, 7, 5], "pivot": [-35, 5, 0], "rotation": [160, -45, 180], "uv": [49, 41], "mirror": true},
						{"origin": [-36.5, 1.5798, -9.39693], "size": [3, 3, 3], "inflate": 0.01, "pivot": [-35, 5, 0], "rotation": [160, -45, 180], "uv": [104, 86], "mirror": true},
						{"origin": [-36.5, -1, -10], "size": [3, 6, 3], "pivot": [-35, 5, 0], "rotation": [-180, -45, -180], "uv": [91, 83], "mirror": true},
						{"origin": [-35, 7, -11], "size": [0, 12, 7], "pivot": [-35, 14, 0], "rotation": [-180, 22.5, -180], "uv": [0, 107], "mirror": true},
						{"origin": [-37.5, 4.5798, -10.39693], "size": [5, 7, 5], "pivot": [-35, 5, 0], "rotation": [160, 45, 180], "uv": [49, 41], "mirror": true},
						{"origin": [-36.5, 1.5798, -9.39693], "size": [3, 3, 3], "inflate": 0.01, "pivot": [-35, 5, 0], "rotation": [160, 45, 180], "uv": [104, 86], "mirror": true},
						{"origin": [-36.5, -1, -10], "size": [3, 6, 3], "pivot": [-35, 5, 0], "rotation": [-180, 45, -180], "uv": [91, 83], "mirror": true},
						{"origin": [-35, 7, -11], "size": [0, 12, 7], "pivot": [-35, 14, 0], "rotation": [0, 67.5, 0], "uv": [0, 107], "mirror": true},
						{"origin": [-37.5, 4.5798, -10.39693], "size": [5, 7, 5], "pivot": [-35, 5, 0], "rotation": [-20, 45, 0], "uv": [49, 41], "mirror": true},
						{"origin": [-36.5, -1, -10], "size": [3, 6, 3], "pivot": [-35, 5, 0], "rotation": [0, 45, 0], "uv": [91, 83], "mirror": true},
						{"origin": [-36.5, 1.5798, -9.39693], "size": [3, 3, 3], "inflate": 0.01, "pivot": [-35, 5, 0], "rotation": [-20, 45, 0], "uv": [104, 86], "mirror": true},
						{"origin": [-36.5, -1, -10], "size": [3, 6, 3], "uv": [91, 83], "mirror": true},
						{"origin": [-35, 7, -11], "size": [0, 12, 7], "pivot": [-35, 14, 0], "rotation": [-180, 67.5, -180], "uv": [0, 107], "mirror": true},
						{"origin": [-37.5, 4.5798, -10.39693], "size": [5, 7, 5], "pivot": [-35, 5, 0], "rotation": [0, 90, 20], "uv": [49, 41], "mirror": true},
						{"origin": [-36.5, 1.5798, -9.39693], "size": [3, 3, 3], "inflate": 0.01, "pivot": [-35, 5, 0], "rotation": [0, 90, 20], "uv": [104, 86], "mirror": true},
						{"origin": [-36.5, -1, -10], "size": [3, 6, 3], "pivot": [-35, 5, 0], "rotation": [0, 90, 0], "uv": [91, 83], "mirror": true},
						{"origin": [-35, 7, -11], "size": [0, 12, 7], "pivot": [-35, 14, 0], "rotation": [-180, -22.5, -180], "uv": [0, 107], "mirror": true},
						{"origin": [-37.5, 4.5798, -10.39693], "size": [5, 7, 5], "pivot": [-35, 5, 0], "rotation": [160, 0, 180], "uv": [49, 41], "mirror": true},
						{"origin": [-36.5, 1.5798, -9.39693], "size": [3, 3, 3], "inflate": 0.01, "pivot": [-35, 5, 0], "rotation": [160, 0, 180], "uv": [104, 86], "mirror": true},
						{"origin": [-36.5, -1, -10], "size": [3, 6, 3], "pivot": [-35, 5, 0], "rotation": [-180, 0, -180], "uv": [91, 83], "mirror": true},
						{"origin": [-35, 7, -11], "size": [0, 12, 7], "pivot": [-35, 14, 0], "rotation": [0, -67.5, 0], "uv": [0, 107], "mirror": true},
						{"origin": [-37.5, 4.5798, -10.39693], "size": [5, 7, 5], "pivot": [-35, 5, 0], "rotation": [0, -90, -20], "uv": [49, 41], "mirror": true},
						{"origin": [-36.5, 1.5798, -9.39693], "size": [3, 3, 3], "inflate": 0.01, "pivot": [-35, 5, 0], "rotation": [0, -90, -20], "uv": [104, 86], "mirror": true},
						{"origin": [-36.5, -1, -10], "size": [3, 6, 3], "pivot": [-35, 5, 0], "rotation": [0, -90, 0], "uv": [91, 83], "mirror": true},
						{"origin": [-37.5, 4.5798, -10.39693], "size": [5, 7, 5], "pivot": [-35, 5, 0], "rotation": [-20, 0, 0], "uv": [49, 41], "mirror": true},
						{"origin": [-35, 7, -11], "size": [0, 12, 7], "pivot": [-35, 14, 0], "rotation": [0, 22.5, 0], "uv": [0, 107], "mirror": true},
						{"origin": [-40, 77, -4], "size": [1, 16, 8], "pivot": [-39, 93, 0], "rotation": [0, 0, -30], "uv": [64, 46], "mirror": true},
						{"origin": [-32, 78.14359, -4], "size": [1, 1, 8], "uv": [109, 50], "mirror": true},
						{"origin": [-39.5, 36, -4.5], "size": [9, 2, 9], "uv": [95, 28], "mirror": true},
						{"origin": [-39.5, 46, -4.5], "size": [9, 2, 9], "uv": [95, 28], "mirror": true},
						{"origin": [-39.5, 65, -4.5], "size": [9, 2, 9], "uv": [95, 28], "mirror": true},
						{"origin": [-39.5, 21, -4.5], "size": [9, 2, 9], "uv": [80, 42], "mirror": true}
					]
				},
				{
					"name": "arm_left",
					"parent": "body",
					"pivot": [35, 47, 0],
					"cubes": [
						{"origin": [29, 9, -6], "size": [12, 8, 12], "uv": [71, 59]},
						{"origin": [31, 17, -4], "size": [8, 76, 8], "inflate": 0.01, "uv": [120, 52]},
						{"origin": [35, 45, 4], "size": [0, 5, 20], "pivot": [35, 47.5, 4], "rotation": [65, 0, 0], "uv": [0, 41]},
						{"origin": [33.5, 1.5798, -9.39693], "size": [3, 3, 3], "inflate": 0.01, "pivot": [35, 5, 0], "rotation": [-20, 0, 0], "uv": [104, 86]},
						{"origin": [35, 7, -11], "size": [0, 12, 7], "pivot": [35, 14, 0], "rotation": [0, 22.5, 0], "uv": [0, 107]},
						{"origin": [32.5, 4.5798, -10.39693], "size": [5, 7, 5], "pivot": [35, 5, 0], "rotation": [-20, 45, 0], "uv": [49, 41]},
						{"origin": [33.5, 1.5798, -9.39693], "size": [3, 3, 3], "inflate": 0.01, "pivot": [35, 5, 0], "rotation": [-20, 45, 0], "uv": [104, 86]},
						{"origin": [33.5, -1, -10], "size": [3, 6, 3], "pivot": [35, 5, 0], "rotation": [0, 45, 0], "uv": [91, 83]},
						{"origin": [35, 7, -11], "size": [0, 12, 7], "pivot": [35, 14, 0], "rotation": [-180, 67.5, 180], "uv": [0, 107]},
						{"origin": [32.5, 4.5798, -10.39693], "size": [5, 7, 5], "pivot": [35, 5, 0], "rotation": [160, 45, -180], "uv": [49, 41]},
						{"origin": [33.5, 1.5798, -9.39693], "size": [3, 3, 3], "inflate": 0.01, "pivot": [35, 5, 0], "rotation": [160, 45, -180], "uv": [104, 86]},
						{"origin": [33.5, -1, -10], "size": [3, 6, 3], "pivot": [35, 5, 0], "rotation": [-180, 45, 180], "uv": [91, 83]},
						{"origin": [35, 7, -11], "size": [0, 12, 7], "pivot": [35, 14, 0], "rotation": [-180, -22.5, 180], "uv": [0, 107]},
						{"origin": [32.5, 4.5798, -10.39693], "size": [5, 7, 5], "pivot": [35, 5, 0], "rotation": [160, -45, -180], "uv": [49, 41]},
						{"origin": [33.5, 1.5798, -9.39693], "size": [3, 3, 3], "inflate": 0.01, "pivot": [35, 5, 0], "rotation": [160, -45, -180], "uv": [104, 86]},
						{"origin": [33.5, -1, -10], "size": [3, 6, 3], "pivot": [35, 5, 0], "rotation": [-180, -45, 180], "uv": [91, 83]},
						{"origin": [35, 7, -11], "size": [0, 12, 7], "pivot": [35, 14, 0], "rotation": [0, -67.5, 0], "uv": [0, 107]},
						{"origin": [32.5, 4.5798, -10.39693], "size": [5, 7, 5], "pivot": [35, 5, 0], "rotation": [-20, -45, 0], "uv": [49, 41]},
						{"origin": [33.5, -1, -10], "size": [3, 6, 3], "pivot": [35, 5, 0], "rotation": [0, -45, 0], "uv": [91, 83]},
						{"origin": [33.5, 1.5798, -9.39693], "size": [3, 3, 3], "inflate": 0.01, "pivot": [35, 5, 0], "rotation": [-20, -45, 0], "uv": [104, 86]},
						{"origin": [33.5, -1, -10], "size": [3, 6, 3], "uv": [91, 83]},
						{"origin": [35, 7, -11], "size": [0, 12, 7], "pivot": [35, 14, 0], "rotation": [-180, -67.5, 180], "uv": [0, 107]},
						{"origin": [32.5, 4.5798, -10.39693], "size": [5, 7, 5], "pivot": [35, 5, 0], "rotation": [0, -90, -20], "uv": [49, 41]},
						{"origin": [33.5, 1.5798, -9.39693], "size": [3, 3, 3], "inflate": 0.01, "pivot": [35, 5, 0], "rotation": [0, -90, -20], "uv": [104, 86]},
						{"origin": [33.5, -1, -10], "size": [3, 6, 3], "pivot": [35, 5, 0], "rotation": [0, -90, 0], "uv": [91, 83]},
						{"origin": [35, 7, -11], "size": [0, 12, 7], "pivot": [35, 14, 0], "rotation": [-180, 22.5, 180], "uv": [0, 107]},
						{"origin": [32.5, 4.5798, -10.39693], "size": [5, 7, 5], "pivot": [35, 5, 0], "rotation": [160, 0, -180], "uv": [49, 41]},
						{"origin": [33.5, 1.5798, -9.39693], "size": [3, 3, 3], "inflate": 0.01, "pivot": [35, 5, 0], "rotation": [160, 0, -180], "uv": [104, 86]},
						{"origin": [33.5, -1, -10], "size": [3, 6, 3], "pivot": [35, 5, 0], "rotation": [-180, 0, 180], "uv": [91, 83]},
						{"origin": [35, 7, -11], "size": [0, 12, 7], "pivot": [35, 14, 0], "rotation": [0, 67.5, 0], "uv": [0, 107]},
						{"origin": [32.5, 4.5798, -10.39693], "size": [5, 7, 5], "pivot": [35, 5, 0], "rotation": [0, 90, 20], "uv": [49, 41]},
						{"origin": [33.5, 1.5798, -9.39693], "size": [3, 3, 3], "inflate": 0.01, "pivot": [35, 5, 0], "rotation": [0, 90, 20], "uv": [104, 86]},
						{"origin": [33.5, -1, -10], "size": [3, 6, 3], "pivot": [35, 5, 0], "rotation": [0, 90, 0], "uv": [91, 83]},
						{"origin": [32.5, 4.5798, -10.39693], "size": [5, 7, 5], "pivot": [35, 5, 0], "rotation": [-20, 0, 0], "uv": [49, 41]},
						{"origin": [35, 7, -11], "size": [0, 12, 7], "pivot": [35, 14, 0], "rotation": [0, -22.5, 0], "uv": [0, 107]},
						{"origin": [39, 77, -4], "size": [1, 16, 8], "pivot": [39, 93, 0], "rotation": [0, 0, 30], "uv": [64, 46]},
						{"origin": [31, 78.14359, -4], "size": [1, 1, 8], "uv": [109, 50]},
						{"origin": [30.5, 36, -4.5], "size": [9, 2, 9], "uv": [95, 28]},
						{"origin": [30.5, 46, -4.5], "size": [9, 2, 9], "uv": [95, 28]},
						{"origin": [30.5, 65, -4.5], "size": [9, 2, 9], "uv": [95, 28]},
						{"origin": [30.5, 21, -4.5], "size": [9, 2, 9], "uv": [80, 42]}
					]
				},
				{
					"name": "hexagons",
					"parent": "body",
					"pivot": [7.25, 22.65, -46],
					"cubes": [
						{"origin": [-10, 13.75, -10], "size": [20, 1, 0], "inflate": 0.02, "uv": [0, 67]},
						{"origin": [4.425, 25.85385, -10], "size": [20, 2, 0], "inflate": 0.01, "pivot": [7.25, 22.65, -10], "rotation": [0, 0, -180], "uv": [0, 69], "mirror": true},
						{"origin": [14.8416, 28.99711, -10], "size": [3, 2, 0], "inflate": 0.01, "pivot": [7.25, 22.65, -10], "rotation": [0, 0, 120], "uv": [0, 65], "mirror": true},
						{"origin": [-2.1291, 12.20277, -10], "size": [27, 2, 0], "inflate": 0.01, "pivot": [7.25, 22.65, -10], "rotation": [0, 0, 120], "uv": [0, 69]},
						{"origin": [11.0541, 16.403, -10], "size": [8, 2, 0], "inflate": 0.01, "pivot": [7.25, 22.65, -10], "rotation": [0, 0, -120], "uv": [0, 69], "mirror": true},
						{"origin": [-4.5541, 16.403, -10], "size": [30, 2, 0], "inflate": 0.01, "pivot": [7.25, 22.65, -10], "rotation": [0, 0, 120], "uv": [0, 69]},
						{"origin": [0.29237, 20.59711, -10], "size": [22, 2, 0], "inflate": 0.01, "pivot": [7.25, 22.65, -10], "rotation": [0, 0, 120], "uv": [0, 69], "mirror": true},
						{"origin": [-17.8416, 28.99711, -10], "size": [3, 2, 0], "inflate": 0.01, "pivot": [-7.25, 22.65, -10], "rotation": [0, 0, -120], "uv": [0, 65]},
						{"origin": [-24.5, 34.24615, -10], "size": [20, 2, 0], "inflate": 0.03, "pivot": [-7.25, 22.65, -10], "rotation": [0, 0, 180], "uv": [0, 69]},
						{"origin": [-24.325, 21.65, -10], "size": [20, 2, 0], "inflate": 0.01, "pivot": [-7.25, 22.65, -10], "rotation": [0, 0, 180], "uv": [0, 69]},
						{"origin": [-24.325, 17.45385, -10], "size": [20, 2, 0], "inflate": 0.01, "pivot": [-7.25, 22.65, -10], "rotation": [0, 0, 180], "uv": [0, 69]},
						{"origin": [-20.56699, 24.79711, -10], "size": [13, 2, 0], "inflate": 0.01, "pivot": [-7.25, 22.65, -10], "rotation": [0, 0, -120], "uv": [0, 69]},
						{"origin": [-24.8709, 12.20277, -10], "size": [27, 2, 0], "inflate": 0.01, "pivot": [-7.25, 22.65, -10], "rotation": [0, 0, -120], "uv": [0, 69], "mirror": true},
						{"origin": [-19.0541, 16.403, -10], "size": [8, 2, 0], "inflate": 0.01, "pivot": [-7.25, 22.65, -10], "rotation": [0, 0, 120], "uv": [0, 69]},
						{"origin": [-24.325, 13.25, -10], "size": [20, 2, 0], "inflate": 0.01, "pivot": [-7.25, 22.65, -10], "rotation": [0, 0, 180], "uv": [0, 69]},
						{"origin": [-24.325, 9.05385, -10], "size": [20, 2, 0], "inflate": 0.01, "pivot": [-7.25, 22.65, -10], "rotation": [0, 0, 180], "uv": [0, 69]},
						{"origin": [-25.4459, 16.403, -10], "size": [30, 2, 0], "inflate": 0.01, "pivot": [-7.25, 22.65, -10], "rotation": [0, 0, -120], "uv": [0, 69], "mirror": true},
						{"origin": [-22.29237, 20.59711, -10], "size": [22, 2, 0], "inflate": 0.01, "pivot": [-7.25, 22.65, -10], "rotation": [0, 0, -120], "uv": [0, 69]},
						{"origin": [1.75, 33.81314, -10], "size": [18, 2, 0], "inflate": 0.01, "pivot": [2, 35.74615, -10], "rotation": [0, 0, 60], "uv": [0, 69]},
						{"origin": [-19.75, 33.81314, -10], "size": [18, 2, 0], "inflate": 0.01, "pivot": [-2, 35.74615, -10], "rotation": [0, 0, -60], "uv": [0, 69], "mirror": true},
						{"origin": [4.175, 9.48686, -10], "size": [13, 2, 0], "inflate": 0.01, "pivot": [4.425, 9.55385, -10], "rotation": [0, 0, -60], "uv": [0, 69]},
						{"origin": [-10, 13.25, -10], "size": [20, 2, 0], "inflate": 0.01, "uv": [0, 69]},
						{"origin": [4.175, 9.98686, -10], "size": [13, 1, 0], "inflate": 0.02, "pivot": [4.425, 9.55385, -10], "rotation": [0, 0, -60], "uv": [0, 67]},
						{"origin": [-19.75, 34.31314, -10], "size": [18, 1, 0], "inflate": 0.02, "pivot": [-2, 35.74615, -10], "rotation": [0, 0, -60], "uv": [0, 67], "mirror": true},
						{"origin": [1.75, 34.31314, -10], "size": [18, 1, 0], "inflate": 0.02, "pivot": [2, 35.74615, -10], "rotation": [0, 0, 60], "uv": [0, 67]},
						{"origin": [-22.29237, 21.09711, -10], "size": [22, 1, 0], "inflate": 0.02, "pivot": [-7.25, 22.65, -10], "rotation": [0, 0, -120], "uv": [0, 67]},
						{"origin": [-24.9459, 16.903, -10], "size": [29, 1, 0], "inflate": 0.02, "pivot": [-7.25, 22.65, -10], "rotation": [0, 0, -120], "uv": [0, 67], "mirror": true},
						{"origin": [-24.325, 9.55385, -10], "size": [20, 1, 0], "inflate": 0.02, "pivot": [-7.25, 22.65, -10], "rotation": [0, 0, 180], "uv": [0, 67]},
						{"origin": [-24.325, 13.75, -10], "size": [20, 1, 0], "inflate": 0.02, "pivot": [-7.25, 22.65, -10], "rotation": [0, 0, 180], "uv": [0, 67]},
						{"origin": [-19.0541, 16.903, -10], "size": [8, 1, 0], "inflate": 0.02, "pivot": [-7.25, 22.65, -10], "rotation": [0, 0, 120], "uv": [0, 67]},
						{"origin": [-24.8709, 12.70277, -10], "size": [27, 1, 0], "inflate": 0.02, "pivot": [-7.25, 22.65, -10], "rotation": [0, 0, -120], "uv": [0, 67], "mirror": true},
						{"origin": [-20.06699, 25.29711, -10], "size": [12, 1, 0], "inflate": 0.02, "pivot": [-7.25, 22.65, -10], "rotation": [0, 0, -120], "uv": [0, 67]},
						{"origin": [-24.325, 17.95385, -10], "size": [20, 1, 0], "inflate": 0.02, "pivot": [-7.25, 22.65, -10], "rotation": [0, 0, 180], "uv": [0, 67]},
						{"origin": [-24.325, 22.15, -10], "size": [20, 1, 0], "inflate": 0.02, "pivot": [-7.25, 22.65, -10], "rotation": [0, 0, 180], "uv": [0, 67]},
						{"origin": [-24.5, 34.74615, -10], "size": [20, 1, 0], "inflate": 0.04, "pivot": [-7.25, 22.65, -10], "rotation": [0, 0, 180], "uv": [0, 67]},
						{"origin": [-17.8416, 29.49711, -10], "size": [3, 1, 0], "inflate": 0.02, "pivot": [-7.25, 22.65, -10], "rotation": [0, 0, -120], "uv": [0, 63]},
						{"origin": [0.29237, 21.09711, -10], "size": [22, 1, 0], "inflate": 0.02, "pivot": [7.25, 22.65, -10], "rotation": [0, 0, 120], "uv": [0, 67], "mirror": true},
						{"origin": [-4.0541, 16.903, -10], "size": [29, 1, 0], "inflate": 0.02, "pivot": [7.25, 22.65, -10], "rotation": [0, 0, 120], "uv": [0, 67]},
						{"origin": [11.0541, 16.903, -10], "size": [8, 1, 0], "inflate": 0.02, "pivot": [7.25, 22.65, -10], "rotation": [0, 0, -120], "uv": [0, 67], "mirror": true},
						{"origin": [-2.1291, 12.70277, -10], "size": [27, 1, 0], "inflate": 0.02, "pivot": [7.25, 22.65, -10], "rotation": [0, 0, 120], "uv": [0, 67]},
						{"origin": [14.8416, 29.49711, -10], "size": [3, 1, 0], "inflate": 0.02, "pivot": [7.25, 22.65, -10], "rotation": [0, 0, 120], "uv": [0, 63], "mirror": true},
						{"origin": [4.425, 26.35385, -10], "size": [20, 1, 0], "inflate": 0.02, "pivot": [7.25, 22.65, -10], "rotation": [0, 0, -180], "uv": [0, 67], "mirror": true}
					]
				},
				{
					"name": "hairs",
					"parent": "body",
					"pivot": [-2.5, 80, 0],
					"cubes": [
						{"origin": [-15.5, 24.29202, 15.49671], "size": [31, 20, 0], "uv": [0, 93]},
						{"origin": [15.49677, 24.29168, -12.5], "size": [0, 20, 28], "uv": [0, 44]},
						{"origin": [-23.5, 42, 2.5], "size": [47, 38, 0], "pivot": [0, 80, 2.5], "rotation": [20, 0, 0], "uv": [0, 0]},
						{"origin": [2.5, 42, -12.5], "size": [0, 38, 28], "pivot": [2.5, 80, 0], "rotation": [0, 0, -20], "uv": [63, 66]},
						{"origin": [-15.49677, 24.29168, -12.5], "size": [0, 20, 28], "uv": [0, 44], "mirror": true},
						{"origin": [-2.5, 42, -12.5], "size": [0, 38, 28], "pivot": [-2.5, 80, 0], "rotation": [0, 0, 20], "uv": [63, 66], "mirror": true}
					]
				}
			]
		}
	]
}