{
	"format_version": "1.12.0",
	"minecraft:geometry": [
		{
			"description": {
				"identifier": "geometry.unknown",
				"texture_width": 128,
				"texture_height": 64,
				"visible_bounds_width": 3,
				"visible_bounds_height": 2.5,
				"visible_bounds_offset": [0, 0.75, 0]
			},
			"bones": [
				{
					"name": "dugtrio",
					"pivot": [0, 1, -0.5]
				},
				{
					"name": "ground",
					"parent": "dugtrio",
					"pivot": [0, -0.5, 0],
					"cubes": [
						{"origin": [-9, -3, -8.5], "size": [18, 5, 17], "uv": [0, 18]},
						{"origin": [-14, 2, -9.5], "size": [5, 0, 19], "inflate": 0.01, "pivot": [-9, 2, 0], "rotation": [0, 0, 70], "uv": [49, 45], "mirror": true},
						{"origin": [9, 2, -9.5], "size": [5, 0, 19], "inflate": 0.01, "pivot": [9, 2, 0], "rotation": [0, 0, -70], "uv": [59, 45]},
						{"origin": [-10, 2, 8.5], "size": [20, 0, 5], "inflate": 0.01, "pivot": [0, 2, 8.5], "rotation": [70, 0, 0], "uv": [23, 54]},
						{"origin": [-10, 2, -13.5], "size": [20, 0, 5], "inflate": 0.01, "pivot": [0, 2, -8.5], "rotation": [-70, 0, 0], "uv": [23, 59], "mirror": true}
					]
				},
				{
					"name": "body1",
					"parent": "ground",
					"pivot": [-4, 0, -3.75],
					"rotation": [0, 5, -2.5]
				},
				{
					"name": "body1_0",
					"parent": "body1",
					"pivot": [-4, 0, -3.75],
					"cubes": [
						{"origin": [-7.5, 0, -7.25], "size": [7, 11, 7], "uv": [0, 0]},
						{"origin": [-5, 2, -7.75], "size": [2, 2, 1], "uv": [106, 0]},
						{"origin": [-6, 5.5, -8.25], "size": [4, 2, 1], "uv": [0, 18]},
						{"origin": [-5, 0, -4.75], "size": [2, 2, 2], "uv": [0, 0]}
					]
				},
				{
					"name": "cafe_hat_small",
					"parent": "body1_0",
					"pivot": [-4, 11, -4],
					"cubes": [
						{"origin": [-6, 11, -6], "size": [4, 2, 4], "uv": [112, 0]},
						{"origin": [-4.5, 12.5, -4.5], "size": [1, 1, 1], "uv": [112, 2]}
					]
				},
				{
					"name": "cafe_hat_small_brim",
					"parent": "cafe_hat_small",
					"pivot": [-4.5, 11.5, -3],
					"cubes": [
						{"origin": [-4, 11.5, -8], "size": [2, 0, 2], "pivot": [-4, 11.5, -3], "rotation": [0, 0, 10], "uv": [116, 6]},
						{"origin": [-6, 11.5, -8], "size": [2, 0, 2], "pivot": [-4, 11.5, -3], "rotation": [0, 0, -10], "uv": [112, 6]}
					]
				},
				{
					"name": "eyes",
					"parent": "body1_0",
					"pivot": [-4, 8.75, -7.3]
				},
				{
					"name": "eye_right1",
					"parent": "eyes",
					"pivot": [-5.75, 8.75, -7.26],
					"cubes": [
						{"origin": [-6.25, 7.75, -7.26], "size": [1, 2, 0], "uv": [0, 0]}
					]
				},
				{
					"name": "eyelid_right1",
					"parent": "eye_right1",
					"pivot": [-6, 8.75, -6.66],
					"cubes": [
						{"origin": [-7, 7.75, -7.16], "size": [2, 2, 1], "inflate": 0.01, "uv": [0, 3]}
					]
				},
				{
					"name": "eye_left1",
					"parent": "eyes",
					"pivot": [-2.25, 8.75, -7.26],
					"cubes": [
						{"origin": [-2.75, 7.75, -7.26], "size": [1, 2, 0], "uv": [0, 0], "mirror": true}
					]
				},
				{
					"name": "eyelid_left1",
					"parent": "eye_left1",
					"pivot": [-2, 8.75, -6.66],
					"cubes": [
						{"origin": [-3, 7.75, -7.16], "size": [2, 2, 1], "inflate": 0.01, "uv": [0, 3], "mirror": true}
					]
				},
				{
					"name": "body2",
					"parent": "ground",
					"pivot": [4.25, -1.5, -3.75],
					"rotation": [0, -5, 2.5]
				},
				{
					"name": "body2_0",
					"parent": "body2",
					"pivot": [4.25, -1.5, -3.75],
					"cubes": [
						{"origin": [0.75, -0.5, -7.25], "size": [7, 10, 7], "uv": [28, 0]},
						{"origin": [3.25, 1.5, -7.75], "size": [2, 2, 1], "uv": [106, 0]},
						{"origin": [2.25, 4, -8.25], "size": [4, 2, 1], "uv": [0, 18]}
					]
				},
				{
					"name": "cafe_hat_small2",
					"parent": "body2_0",
					"pivot": [-4, 11, -4],
					"cubes": [
						{"origin": [2.38485, 9.36176, -5.72976], "size": [4, 2, 4], "uv": [112, 0]},
						{"origin": [3.88485, 10.86176, -4.22976], "size": [1, 1, 1], "uv": [112, 2]}
					]
				},
				{
					"name": "cafe_hat_small_brim2",
					"parent": "cafe_hat_small2",
					"pivot": [-4.5, 11.5, -3],
					"cubes": [
						{"origin": [4.54194, 11.34267, -7.72976], "size": [2, 0, 2], "pivot": [-4, 11.5, -3], "rotation": [0, 0, 10], "uv": [116, 6]},
						{"origin": [1.97299, 8.43064, -7.72976], "size": [2, 0, 2], "pivot": [-4, 11.5, -3], "rotation": [0, 0, -10], "uv": [112, 6]}
					]
				},
				{
					"name": "eyes2",
					"parent": "body2_0",
					"pivot": [4.25, 7.25, -7.3]
				},
				{
					"name": "eye_right2",
					"parent": "eyes2",
					"pivot": [2.5, 7.25, -7.26],
					"cubes": [
						{"origin": [2, 6.25, -7.26], "size": [1, 2, 0], "uv": [0, 0]}
					]
				},
				{
					"name": "eyelid_right2",
					"parent": "eye_right2",
					"pivot": [2.25, 7.25, -6.66],
					"cubes": [
						{"origin": [1.25, 6.25, -7.16], "size": [2, 2, 1], "inflate": 0.01, "uv": [0, 3]}
					]
				},
				{
					"name": "eye_left2",
					"parent": "eyes2",
					"pivot": [6, 7.25, -7.26],
					"cubes": [
						{"origin": [5.5, 6.25, -7.26], "size": [1, 2, 0], "uv": [0, 0], "mirror": true}
					]
				},
				{
					"name": "eyelid_left2",
					"parent": "eye_left2",
					"pivot": [6.25, 7.25, -6.66],
					"cubes": [
						{"origin": [5.25, 6.25, -7.16], "size": [2, 2, 1], "inflate": 0.01, "uv": [0, 3], "mirror": true}
					]
				},
				{
					"name": "body3",
					"parent": "ground",
					"pivot": [1, -0.5, 4],
					"cubes": [
						{"origin": [-2.5, -0.5, 0.5], "size": [7, 15, 7], "uv": [0, 40]},
						{"origin": [0, 5.5, 0], "size": [2, 2, 1], "uv": [106, 0]},
						{"origin": [-1, 9.25, -0.5], "size": [4, 2, 1], "uv": [0, 18]}
					]
				},
				{
					"name": "cafe_hat_small3",
					"parent": "body3",
					"pivot": [1, 14.5, 4],
					"cubes": [
						{"origin": [-1, 14.5, 2], "size": [4, 2, 4], "uv": [112, 0]},
						{"origin": [0.5, 16, 3.5], "size": [1, 1, 1], "uv": [112, 2]}
					]
				},
				{
					"name": "cafe_hat_small_brim3",
					"parent": "cafe_hat_small3",
					"pivot": [0.5, 15, 5],
					"cubes": [
						{"origin": [1, 15, 0], "size": [2, 0, 2], "pivot": [1, 15, 5], "rotation": [0, 0, 10], "uv": [116, 6]},
						{"origin": [-1, 15, 0], "size": [2, 0, 2], "pivot": [1, 15, 5], "rotation": [0, 0, -10], "uv": [112, 6]}
					]
				},
				{
					"name": "eyes3",
					"parent": "body3",
					"pivot": [1, 12.5, 0.45]
				},
				{
					"name": "eye_right3",
					"parent": "eyes3",
					"pivot": [-0.75, 12.5, 0.49],
					"cubes": [
						{"origin": [-1.25, 11.5, 0.49], "size": [1, 2, 0], "uv": [0, 0]}
					]
				},
				{
					"name": "eyelid_right3",
					"parent": "eye_right3",
					"pivot": [-1, 12.5, 1.09],
					"cubes": [
						{"origin": [-2, 11.5, 0.59], "size": [2, 2, 1], "inflate": 0.01, "uv": [0, 3]}
					]
				},
				{
					"name": "eye_left3",
					"parent": "eyes3",
					"pivot": [2.75, 12.5, 0.49],
					"cubes": [
						{"origin": [2.25, 11.5, 0.49], "size": [1, 2, 0], "uv": [0, 0], "mirror": true}
					]
				},
				{
					"name": "eyelid_left3",
					"parent": "eye_left3",
					"pivot": [3, 12.5, 1.09],
					"cubes": [
						{"origin": [2, 11.5, 0.59], "size": [2, 2, 1], "inflate": 0.01, "uv": [0, 3], "mirror": true}
					]
				}
			]
		}
	]
}