{
	"format_version": "1.12.0",
	"minecraft:geometry": [
		{
			"description": {
				"identifier": "geometry.unknown",
				"texture_width": 128,
				"texture_height": 128,
				"visible_bounds_width": 6,
				"visible_bounds_height": 4.5,
				"visible_bounds_offset": [0, 1.75, 0]
			},
			"bones": [
				{
					"name": "raikou",
					"pivot": [0, 0, 0]
				},
				{
					"name": "body",
					"parent": "raikou",
					"pivot": [0, 0, 0]
				},
				{
					"name": "torso",
					"parent": "body",
					"pivot": [0, 17.3, -8],
					"cubes": [
						{"origin": [-5, 12.98366, -12.21484], "size": [10, 8, 9], "uv": [38, 50]}
					]
				},
				{
					"name": "waist",
					"parent": "torso",
					"pivot": [0, 19.3, -4],
					"cubes": [
						{"origin": [-4, 12.97455, -4.24882], "size": [8, 8, 10], "uv": [0, 60]}
					]
				},
				{
					"name": "hips",
					"parent": "waist",
					"pivot": [0, 17.3, 4.7],
					"cubes": [
						{"origin": [-5, 12.3409, 3.73382], "size": [10, 9, 9], "uv": [0, 42]}
					]
				},
				{
					"name": "leg_back_right",
					"parent": "hips",
					"pivot": [-3.1, 17.3, 8.7],
					"cubes": [
						{"origin": [-6, 9.9409, 5.23382], "size": [4, 10, 7], "uv": [84, 80]}
					]
				},
				{
					"name": "leg_back_right2",
					"parent": "leg_back_right",
					"pivot": [-6.1, 12, 7.7],
					"cubes": [
						{"origin": [-6, 7.4409, 7.43382], "size": [4, 5, 5], "inflate": -0.001, "pivot": [-4, 8.9409, 9.73382], "rotation": [20, 0, 0], "uv": [101, 25]},
						{"origin": [-7, 6.68366, 7.28516], "size": [6, 3, 6], "pivot": [-4, 7.88366, 9.78516], "rotation": [12.5, 0, 0], "uv": [94, 16]}
					]
				},
				{
					"name": "leg_back_right3",
					"parent": "leg_back_right2",
					"pivot": [-6, 8.4, 12.7],
					"cubes": [
						{"origin": [-6, 1.97066, 7.57389], "size": [4, 7, 5], "inflate": -0.002, "pivot": [-4, 5.47066, 10.07389], "rotation": [-12.5, 0, 0], "uv": [40, 70]}
					]
				},
				{
					"name": "foot_back_right",
					"parent": "leg_back_right3",
					"pivot": [-4.1, 2.3, 9.9],
					"cubes": [
						{"origin": [-6.5, -0.01634, 6.88516], "size": [5, 3, 5], "uv": [19, 100]},
						{"origin": [-5, -0.01634, 4.88516], "size": [2, 3, 2], "uv": [38, 50]},
						{"origin": [-4, -0.01634, 2.88516], "size": [0, 2, 2], "uv": [8, 38]},
						{"origin": [-7.07113, -0.01634, 5.31509], "size": [2, 3, 2], "inflate": -0.001, "pivot": [-5.87113, 1.23366, 5.21509], "rotation": [0, 14, 0], "uv": [38, 50]},
						{"origin": [-6.07113, -0.01634, 3.31509], "size": [0, 2, 2], "pivot": [-5.87113, 1.23366, 5.21509], "rotation": [0, 14, 0], "uv": [8, 38]},
						{"origin": [-2.72887, -0.01634, 7.11509], "size": [2, 3, 2], "inflate": -0.001, "pivot": [5.87113, 1.23366, 5.21509], "rotation": [0, -14, 0], "uv": [38, 50], "mirror": true},
						{"origin": [-1.72887, -0.01634, 5.11509], "size": [0, 2, 2], "pivot": [5.87113, 1.23366, 5.21509], "rotation": [0, -14, 0], "uv": [8, 38], "mirror": true}
					]
				},
				{
					"name": "leg_tuft_front_right4",
					"parent": "leg_back_right3",
					"pivot": [-4, 4.8, 7.4],
					"rotation": [-25, 0, 0],
					"cubes": [
						{"origin": [-6, 2.78366, 7.38516], "size": [4, 2, 0], "uv": [49, 28]}
					]
				},
				{
					"name": "leg_tuft_front_right5",
					"parent": "leg_back_right3",
					"pivot": [-5.9, 5.28516, 10.15702],
					"rotation": [-107.49058, 66.34466, -86.48447],
					"cubes": [
						{"origin": [-8.3, 2.28516, 10.15702], "size": [5, 3, 0], "uv": [77, 37]}
					]
				},
				{
					"name": "leg_tuft_front_right6",
					"parent": "leg_back_right3",
					"pivot": [-4, 4.28516, 12.15702],
					"rotation": [180, 0, -180],
					"cubes": [
						{"origin": [-6, 1.28516, 12.15702], "size": [4, 3, 0], "uv": [29, 47]}
					]
				},
				{
					"name": "leg_tuft_front_left5",
					"parent": "leg_back_right3",
					"pivot": [-2, 5.28516, 10.15702],
					"rotation": [-107.49058, -66.34466, 86.48447],
					"cubes": [
						{"origin": [-4.6, 2.28516, 10.15702], "size": [5, 3, 0], "uv": [50, 15]}
					]
				},
				{
					"name": "tail",
					"parent": "hips",
					"pivot": [0, 19.8, 13.4]
				},
				{
					"name": "leg_back_left",
					"parent": "hips",
					"pivot": [3.1, 17.3, 8.7],
					"cubes": [
						{"origin": [2, 9.9409, 5.23382], "size": [4, 10, 7], "uv": [84, 80], "mirror": true}
					]
				},
				{
					"name": "leg_back_left2",
					"parent": "leg_back_left",
					"pivot": [6.1, 12, 7.7],
					"cubes": [
						{"origin": [2, 7.4409, 7.43382], "size": [4, 5, 5], "inflate": -0.001, "pivot": [4, 8.9409, 9.73382], "rotation": [20, 0, 0], "uv": [101, 25], "mirror": true},
						{"origin": [1, 6.68366, 7.28516], "size": [6, 3, 6], "pivot": [4, 7.88366, 9.78516], "rotation": [12.5, 0, 0], "uv": [94, 16], "mirror": true}
					]
				},
				{
					"name": "leg_back_left3",
					"parent": "leg_back_left2",
					"pivot": [6, 8.4, 12.7],
					"cubes": [
						{"origin": [2, 1.97066, 7.57389], "size": [4, 7, 5], "inflate": -0.002, "pivot": [4, 5.47066, 10.07389], "rotation": [-12.5, 0, 0], "uv": [40, 70], "mirror": true}
					]
				},
				{
					"name": "foot_back_left",
					"parent": "leg_back_left3",
					"pivot": [4.1, 2.3, 9.9],
					"cubes": [
						{"origin": [1.5, -0.01634, 6.88516], "size": [5, 3, 5], "uv": [19, 100], "mirror": true},
						{"origin": [3, -0.01634, 4.88516], "size": [2, 3, 2], "uv": [38, 50], "mirror": true},
						{"origin": [4, -0.01634, 2.88516], "size": [0, 2, 2], "uv": [8, 38], "mirror": true},
						{"origin": [5.07113, -0.01634, 5.31509], "size": [2, 3, 2], "inflate": -0.001, "pivot": [5.87113, 1.23366, 5.21509], "rotation": [0, -14, 0], "uv": [38, 50], "mirror": true},
						{"origin": [6.07113, -0.01634, 3.31509], "size": [0, 2, 2], "pivot": [5.87113, 1.23366, 5.21509], "rotation": [0, -14, 0], "uv": [8, 38], "mirror": true},
						{"origin": [0.72887, -0.01634, 7.11509], "size": [2, 3, 2], "inflate": -0.001, "pivot": [-5.87113, 1.23366, 5.21509], "rotation": [0, 14, 0], "uv": [38, 50]},
						{"origin": [1.72887, -0.01634, 5.11509], "size": [0, 2, 2], "pivot": [-5.87113, 1.23366, 5.21509], "rotation": [0, 14, 0], "uv": [8, 38]}
					]
				},
				{
					"name": "leg_tuft_front_right7",
					"parent": "leg_back_left3",
					"pivot": [4, 4.8, 7.4],
					"rotation": [-25, 0, 0],
					"cubes": [
						{"origin": [2, 2.78366, 7.38516], "size": [4, 2, 0], "uv": [49, 28], "mirror": true}
					]
				},
				{
					"name": "leg_tuft_front_right8",
					"parent": "leg_back_left3",
					"pivot": [5.9, 5.28516, 10.15702],
					"rotation": [-107.49058, -66.34466, 86.48447],
					"cubes": [
						{"origin": [3.3, 2.28516, 10.15702], "size": [5, 3, 0], "uv": [77, 37], "mirror": true}
					]
				},
				{
					"name": "leg_tuft_front_left6",
					"parent": "leg_back_left3",
					"pivot": [4, 4.28516, 12.15702],
					"rotation": [180, 0, 180],
					"cubes": [
						{"origin": [2, 1.28516, 12.15702], "size": [4, 3, 0], "uv": [29, 47], "mirror": true}
					]
				},
				{
					"name": "leg_tuft_front_left4",
					"parent": "leg_back_left3",
					"pivot": [2, 5.28516, 10.15702],
					"rotation": [-107.49058, 66.34466, -86.48447],
					"cubes": [
						{"origin": [-0.4, 2.28516, 10.15702], "size": [5, 3, 0], "uv": [50, 15], "mirror": true}
					]
				},
				{
					"name": "wing_top_right",
					"parent": "waist",
					"pivot": [-2, 18.3, 3],
					"cubes": [
						{"origin": [-18.84984, 22.32946, -4.24882], "size": [18, 0, 15], "pivot": [-6.34984, 21.72946, 0.75118], "rotation": [0, 0, 45], "uv": [23, 0]}
					]
				},
				{
					"name": "wing_bottom_right",
					"parent": "waist",
					"pivot": [-2.7, 19.7, 3],
					"cubes": [
						{"origin": [-18.69552, 20.50529, -4.24882], "size": [17, 0, 15], "pivot": [-4.19552, 22.50529, 0.75118], "rotation": [0, 0, 22.5], "uv": [0, 27]}
					]
				},
				{
					"name": "wing_top_left",
					"parent": "waist",
					"pivot": [2, 18.3, 3],
					"cubes": [
						{"origin": [0.84984, 22.32946, -4.24882], "size": [18, 0, 15], "pivot": [6.34984, 21.72946, 0.75118], "rotation": [0, 0, -45], "uv": [23, 0], "mirror": true}
					]
				},
				{
					"name": "wing_bottom_left",
					"parent": "waist",
					"pivot": [2.7, 19.7, 3],
					"cubes": [
						{"origin": [1.69552, 20.50529, -4.24882], "size": [17, 0, 15], "pivot": [4.19552, 22.50529, 0.75118], "rotation": [0, 0, -22.5], "uv": [0, 27], "mirror": true}
					]
				},
				{
					"name": "leg_front_right",
					"parent": "torso",
					"pivot": [-3, 16.3, -8],
					"cubes": [
						{"origin": [-6, 9.98366, -10.21484], "size": [4, 9, 5], "uv": [77, 97]}
					]
				},
				{
					"name": "leg_front_right2",
					"parent": "leg_front_right",
					"pivot": [-6, 10, -5.2],
					"cubes": [
						{"origin": [-6, 2.98366, -9.21484], "size": [4, 7, 4], "uv": [101, 45]},
						{"origin": [-7, 5.98366, -10.21484], "size": [6, 3, 6], "uv": [0, 95]}
					]
				},
				{
					"name": "foot_front_right",
					"parent": "leg_front_right2",
					"pivot": [-4, 2.3, -7],
					"cubes": [
						{"origin": [-6.5, -0.01634, -10.21484], "size": [5, 3, 5], "uv": [19, 100]},
						{"origin": [-5, -0.01634, -12.21484], "size": [2, 3, 2], "uv": [38, 50]},
						{"origin": [-6.07113, -0.01634, -13.78491], "size": [0, 2, 2], "pivot": [-5.87113, 1.23366, -11.88491], "rotation": [0, 14, 0], "uv": [8, 38]},
						{"origin": [-7.07113, -0.01634, -11.78491], "size": [2, 3, 2], "inflate": -0.001, "pivot": [-5.87113, 1.23366, -11.88491], "rotation": [0, 14, 0], "uv": [38, 50]},
						{"origin": [-1.72887, -0.01634, -11.98491], "size": [0, 2, 2], "pivot": [5.87113, 1.23366, -11.88491], "rotation": [0, -14, 0], "uv": [8, 38], "mirror": true},
						{"origin": [-2.72887, -0.01634, -9.98491], "size": [2, 3, 2], "inflate": -0.001, "pivot": [5.87113, 1.23366, -11.88491], "rotation": [0, -14, 0], "uv": [38, 50], "mirror": true},
						{"origin": [-4, -0.01634, -14.21484], "size": [0, 2, 2], "uv": [8, 38]}
					]
				},
				{
					"name": "leg_tuft_front_right",
					"parent": "leg_front_right2",
					"pivot": [-4, 4.8, -9.2],
					"rotation": [-25, 0, 0],
					"cubes": [
						{"origin": [-6, 2.78366, -9.21484], "size": [4, 2, 0], "uv": [57, 28]}
					]
				},
				{
					"name": "leg_tuft_front_right2",
					"parent": "leg_front_right2",
					"pivot": [-6, 4.28516, -7.24298],
					"rotation": [0, 90, 22.5],
					"cubes": [
						{"origin": [-8, 1.28516, -7.24298], "size": [4, 3, 0], "uv": [67, 56]}
					]
				},
				{
					"name": "leg_tuft_front_left2",
					"parent": "leg_front_right2",
					"pivot": [-2, 4.28516, -7.24298],
					"rotation": [0, -90, -22.5],
					"cubes": [
						{"origin": [-4, 1.28516, -7.24298], "size": [4, 3, 0], "uv": [56, 18]}
					]
				},
				{
					"name": "leg_tuft_front_right3",
					"parent": "leg_front_right2",
					"pivot": [-4, 4.28516, -5.24298],
					"rotation": [170, 0, -180],
					"cubes": [
						{"origin": [-6, 1.28516, -5.24298], "size": [4, 3, 0], "uv": [38, 55]}
					]
				},
				{
					"name": "neck",
					"parent": "torso",
					"pivot": [0, 20.9, -3.1],
					"cubes": [
						{"origin": [-4, 19.97278, -10.19279], "size": [8, 5, 5], "pivot": [0, 21.47278, -7.19279], "rotation": [-70, 0, 0], "uv": [56, 92]},
						{"origin": [-4, 14.98366, -13.21484], "size": [8, 10, 7], "uv": [0, 78]},
						{"origin": [-4, 11.98366, -13.21484], "size": [8, 3, 0], "uv": [0, 5]},
						{"origin": [-4, 8.98366, -12.41484], "size": [8, 6, 0], "uv": [56, 22]}
					]
				},
				{
					"name": "head",
					"parent": "neck",
					"pivot": [0, 27.98366, -11.71484],
					"cubes": [
						{"origin": [-3, 25.98366, -16.11484], "size": [6, 1, 0], "uv": [38, 15]},
						{"origin": [-5, 25.98366, -12.21484], "size": [10, 8, 7], "uv": [67, 22]},
						{"origin": [-7, 25.98366, -5.21484], "size": [14, 8, 0], "pivot": [0, 34.0425, -5.24882], "rotation": [7.5, 0, 0], "uv": [93, 37]},
						{"origin": [-7, 21.98366, -6.01484], "size": [14, 6, 0], "pivot": [0, 34.0425, -5.24882], "rotation": [7.5, 0, 0], "uv": [93, 67]},
						{"origin": [-5, 33.98366, -11.21484], "size": [10, 0, 6], "pivot": [0, 33.98366, -11.21484], "rotation": [15, 0, 0], "uv": [84, 6]},
						{"origin": [-5, 32.62079, -14.21989], "size": [10, 0, 6], "pivot": [0, 33.98366, -14.61484], "rotation": [37.5, 0, 0], "uv": [68, 0]},
						{"origin": [-4.5, 26.98366, -16.21484], "size": [9, 7, 4], "inflate": -0.001, "uv": [30, 89]},
						{"origin": [-1.5, 28.66253, -16.55542], "size": [3, 7, 3], "inflate": -0.001, "pivot": [0, 35.68366, -16.61484], "rotation": [-12.5, 0, 0], "uv": [26, 60]},
						{"origin": [-7.43112, 32.2783, -12.20149], "size": [3, 5, 0], "pivot": [-6.33112, 34.4783, -12.20149], "rotation": [-77.16152, 23.03631, -53.04788], "uv": [38, 67]},
						{"origin": [4.43112, 32.2783, -12.20149], "size": [3, 5, 0], "pivot": [6.33112, 34.4783, -12.20149], "rotation": [-77.16152, -23.03631, 53.04788], "uv": [38, 67], "mirror": true},
						{"origin": [-7.50886, 30.92952, -13.9888], "size": [3, 3, 2], "pivot": [-6.00886, 33.73036, -13.3887], "rotation": [-149.37608, 6.09, 114.11668], "uv": [67, 37]},
						{"origin": [-6.1219, 28.37735, -14.21803], "size": [4, 5, 3], "pivot": [-4.66236, 33.31071, -13.72962], "rotation": [-171.87608, 6.09, 99.11668], "uv": [53, 67]},
						{"origin": [4.50886, 30.92952, -13.9888], "size": [3, 3, 2], "pivot": [6.00886, 33.73036, -13.3887], "rotation": [-149.37608, -6.09, -114.11668], "uv": [67, 37], "mirror": true},
						{"origin": [2.1219, 28.37735, -14.21803], "size": [4, 5, 3], "pivot": [4.66236, 33.31071, -13.72962], "rotation": [-171.87608, -6.09, -99.11668], "uv": [53, 67], "mirror": true},
						{"origin": [-1.5, 33.3913, -14.34885], "size": [3, 3, 4], "pivot": [0, 36.19214, -13.74874], "rotation": [-67, 0, 0], "uv": [74, 80]},
						{"origin": [-1.5, 36.04699, -13.62039], "size": [3, 3, 0], "pivot": [0, 36.19214, -13.74874], "rotation": [-44.5, 0, 0], "uv": [36, 72]},
						{"origin": [-5, 20.98366, -16.31484], "size": [10, 9, 0], "uv": [99, 73]}
					]
				},
				{
					"name": "red_thing_right",
					"parent": "head",
					"pivot": [-3, 26.48366, -16.21484],
					"rotation": [0, 29, 0],
					"cubes": [
						{"origin": [-10, 19.98366, -16.21484], "size": [7, 13, 0], "uv": [0, 27]}
					]
				},
				{
					"name": "neck_fluff_right",
					"parent": "head",
					"pivot": [-4.6, 33.98366, -9.71484],
					"cubes": [
						{"origin": [-6.2076, 20.89683, -14.21484], "size": [4, 13, 9], "inflate": -0.001, "pivot": [-4.0076, 24.89683, -9.71484], "rotation": [0, 0, 5], "uv": [67, 58]},
						{"origin": [-5.88134, 22.17906, -9.21484], "size": [0, 11, 4], "pivot": [-5.98134, 27.57906, -9.71484], "rotation": [1.81027, -17.34294, 4.60914], "uv": [0, 36]}
					]
				},
				{
					"name": "neck_fluff_right2",
					"parent": "neck_fluff_right",
					"pivot": [-5.7, 21.18366, -13.31484],
					"cubes": [
						{"origin": [-6.39314, 11.00494, -13.31484], "size": [3, 10, 0], "pivot": [-4.49314, 15.90494, -13.31484], "rotation": [0, 0, 7.5], "uv": [0, 60]},
						{"origin": [-5, 10.98366, -13.31484], "size": [0, 10, 8], "pivot": [-4.5, 24.98366, -9.71484], "rotation": [0, 0, 10], "uv": [0, 0]}
					]
				},
				{
					"name": "hair",
					"parent": "head",
					"pivot": [0, 29.98366, -5.21484],
					"cubes": [
						{"origin": [-3.5, 23.98366, -7.21484], "size": [7, 6, 8], "uv": [71, 42]}
					]
				},
				{
					"name": "hair2",
					"parent": "hair",
					"pivot": [0, 26.98366, -1.11484],
					"cubes": [
						{"origin": [-4.5, 22.98366, -1.21484], "size": [9, 8, 12], "uv": [37, 30]}
					]
				},
				{
					"name": "hair3",
					"parent": "hair2",
					"pivot": [0, 26.98366, 8.78516],
					"cubes": [
						{"origin": [-5, 22.58366, 8.78516], "size": [10, 9, 18], "uv": [0, 0]}
					]
				},
				{
					"name": "hair4",
					"parent": "hair3",
					"pivot": [0, 26.98366, 26.78516],
					"cubes": [
						{"origin": [-4, 23.58366, 24.78516], "size": [8, 7, 9], "uv": [65, 6]}
					]
				},
				{
					"name": "hair5",
					"parent": "hair4",
					"pivot": [0, 26.98366, 33.78516],
					"cubes": [
						{"origin": [-3, 25.58366, 31.78516], "size": [6, 3, 8], "uv": [84, 56]}
					]
				},
				{
					"name": "hair6",
					"parent": "hair5",
					"pivot": [0, 27.08366, 39.78516],
					"cubes": [
						{"origin": [-2.5, 27.08366, 38.78516], "size": [5, 0, 5], "uv": [0, 0]}
					]
				},
				{
					"name": "jaw",
					"parent": "head",
					"pivot": [0, 27.98366, -11.71484],
					"cubes": [
						{"origin": [-3, 24.98366, -16.21484], "size": [6, 2, 10], "uv": [52, 80]},
						{"origin": [-2.5, 26.98366, -16.11484], "size": [5, 1, 0], "uv": [38, 16]}
					]
				},
				{
					"name": "red_thing_left",
					"parent": "head",
					"pivot": [3, 26.48366, -16.21484],
					"rotation": [0, -29, 0],
					"cubes": [
						{"origin": [3, 19.98366, -16.21484], "size": [7, 13, 0], "uv": [0, 27], "mirror": true}
					]
				},
				{
					"name": "neck_fluff_left",
					"parent": "head",
					"pivot": [4.6, 33.98366, -9.71484],
					"cubes": [
						{"origin": [2.2076, 20.89683, -14.21484], "size": [4, 13, 9], "inflate": -0.001, "pivot": [4.0076, 24.89683, -9.71484], "rotation": [0, 0, -5], "uv": [67, 58], "mirror": true},
						{"origin": [5.88134, 22.17906, -9.21484], "size": [0, 11, 4], "pivot": [5.98134, 27.57906, -9.71484], "rotation": [1.81027, 17.34294, -4.60914], "uv": [0, 36], "mirror": true}
					]
				},
				{
					"name": "neck_fluff_left2",
					"parent": "neck_fluff_left",
					"pivot": [5.7, 21.18366, -13.31484],
					"cubes": [
						{"origin": [3.39314, 11.00494, -13.31484], "size": [3, 10, 0], "pivot": [4.49314, 15.90494, -13.31484], "rotation": [0, 0, -7.5], "uv": [0, 60], "mirror": true},
						{"origin": [5, 10.98366, -13.31484], "size": [0, 10, 8], "pivot": [4.5, 24.98366, -9.71484], "rotation": [0, 0, -10], "uv": [0, 0], "mirror": true}
					]
				},
				{
					"name": "eyelid_right",
					"parent": "head",
					"pivot": [-2, 29.48366, -14.71484],
					"cubes": [
						{"origin": [-3.5, 27.98366, -15.21484], "size": [3, 3, 1], "uv": [23, 81]}
					]
				},
				{
					"name": "eyelid_left",
					"parent": "head",
					"pivot": [2, 29.48366, -14.71484],
					"cubes": [
						{"origin": [0.5, 27.98366, -15.21484], "size": [3, 3, 1], "uv": [23, 81], "mirror": true}
					]
				},
				{
					"name": "leg_front_left3",
					"parent": "torso",
					"pivot": [3, 16.3, -8],
					"cubes": [
						{"origin": [2, 9.98366, -10.21484], "size": [4, 9, 5], "uv": [77, 97], "mirror": true}
					]
				},
				{
					"name": "leg_front_left4",
					"parent": "leg_front_left3",
					"pivot": [6, 10, -5.2],
					"cubes": [
						{"origin": [2, 2.98366, -9.21484], "size": [4, 7, 4], "uv": [101, 45], "mirror": true},
						{"origin": [1, 5.98366, -10.21484], "size": [6, 3, 6], "uv": [0, 95], "mirror": true}
					]
				},
				{
					"name": "foot_front_left",
					"parent": "leg_front_left4",
					"pivot": [4, 2.3, -7],
					"cubes": [
						{"origin": [1.5, -0.01634, -10.21484], "size": [5, 3, 5], "uv": [19, 100], "mirror": true},
						{"origin": [3, -0.01634, -12.21484], "size": [2, 3, 2], "uv": [38, 50], "mirror": true},
						{"origin": [6.07113, -0.01634, -13.78491], "size": [0, 2, 2], "pivot": [5.87113, 1.23366, -11.88491], "rotation": [0, -14, 0], "uv": [8, 38], "mirror": true},
						{"origin": [5.07113, -0.01634, -11.78491], "size": [2, 3, 2], "inflate": -0.001, "pivot": [5.87113, 1.23366, -11.88491], "rotation": [0, -14, 0], "uv": [38, 50], "mirror": true},
						{"origin": [1.72887, -0.01634, -11.98491], "size": [0, 2, 2], "pivot": [-5.87113, 1.23366, -11.88491], "rotation": [0, 14, 0], "uv": [8, 38]},
						{"origin": [0.72887, -0.01634, -9.98491], "size": [2, 3, 2], "inflate": -0.001, "pivot": [-5.87113, 1.23366, -11.88491], "rotation": [0, 14, 0], "uv": [38, 50]},
						{"origin": [4, -0.01634, -14.21484], "size": [0, 2, 2], "uv": [8, 38], "mirror": true}
					]
				},
				{
					"name": "leg_tuft_front_left7",
					"parent": "leg_front_left4",
					"pivot": [4, 4.8, -9.2],
					"rotation": [-25, 0, 0],
					"cubes": [
						{"origin": [2, 2.78366, -9.21484], "size": [4, 2, 0], "uv": [57, 28], "mirror": true}
					]
				},
				{
					"name": "leg_tuft_front_left8",
					"parent": "leg_front_left4",
					"pivot": [6, 4.28516, -7.24298],
					"rotation": [0, -90, -22.5],
					"cubes": [
						{"origin": [4, 1.28516, -7.24298], "size": [4, 3, 0], "uv": [67, 56], "mirror": true}
					]
				},
				{
					"name": "leg_tuft_front_left3",
					"parent": "leg_front_left4",
					"pivot": [2, 4.28516, -7.24298],
					"rotation": [0, 90, 22.5],
					"cubes": [
						{"origin": [0, 1.28516, -7.24298], "size": [4, 3, 0], "uv": [56, 18], "mirror": true}
					]
				},
				{
					"name": "leg_tuft_front_left9",
					"parent": "leg_front_left4",
					"pivot": [4, 4.28516, -5.24298],
					"rotation": [170, 0, 180],
					"cubes": [
						{"origin": [2, 1.28516, -5.24298], "size": [4, 3, 0], "uv": [38, 55], "mirror": true}
					]
				}
			]
		}
	]
}