{
	"format_version": "1.12.0",
	"minecraft:geometry": [
		{
			"description": {
				"identifier": "geometry.unknown",
				"texture_width": 128,
				"texture_height": 128,
				"visible_bounds_width": 4,
				"visible_bounds_height": 4.5,
				"visible_bounds_offset": [0, 1.75, 0]
			},
			"bones": [
				{
					"name": "espathra",
					"pivot": [0, 0, 0]
				},
				{
					"name": "body",
					"parent": "espathra",
					"pivot": [0, 19, -2]
				},
				{
					"name": "torso",
					"parent": "body",
					"pivot": [0, 21.2, 0],
					"cubes": [
						{"origin": [-6, 17.2, -9], "size": [12, 11, 14], "uv": [25, 11]}
					]
				},
				{
					"name": "neck_fluff",
					"parent": "torso",
					"pivot": [-0.5, -1.05, 0]
				},
				{
					"name": "neck_fluff_top",
					"parent": "neck_fluff",
					"pivot": [0, 25.85, -9]
				},
				{
					"name": "neck_fluff_top_rotation",
					"parent": "neck_fluff_top",
					"pivot": [0, 25.85, -9],
					"rotation": [25, 0, 0],
					"cubes": [
						{"origin": [-2, 25.85, -9], "size": [4, 3, 0], "uv": [30, 19]}
					]
				},
				{
					"name": "neck_fluff_top_left",
					"parent": "neck_fluff",
					"pivot": [2.5, 24.25, -9],
					"rotation": [0, 0, 67.5]
				},
				{
					"name": "neck_fluff_top_left_rotation",
					"parent": "neck_fluff_top_left",
					"pivot": [2.5, 24.25, -9],
					"rotation": [25, 0, 0],
					"cubes": [
						{"origin": [0.5, 24.25, -9], "size": [4, 3, 0], "uv": [14, 19]}
					]
				},
				{
					"name": "neck_fluff_bottom_left",
					"parent": "neck_fluff",
					"pivot": [1.75, 21.25, -9],
					"rotation": [0, 0, 145]
				},
				{
					"name": "neck_fluff_bottom_left_rotation",
					"parent": "neck_fluff_bottom_left",
					"pivot": [1.75, 21.25, -9],
					"rotation": [25, 0, 0],
					"cubes": [
						{"origin": [-0.25, 21.25, -9], "size": [4, 3, 0], "uv": [22, 19]}
					]
				},
				{
					"name": "neck_fluff_top_right",
					"parent": "neck_fluff",
					"pivot": [-2.5, 24.25, -9],
					"rotation": [0, 0, -67.5]
				},
				{
					"name": "neck_fluff_top_right_rotation",
					"parent": "neck_fluff_top_right",
					"pivot": [-2.5, 24.25, -9],
					"rotation": [25, 0, 0],
					"cubes": [
						{"origin": [-4.5, 24.25, -9], "size": [4, 3, 0], "uv": [14, 22], "mirror": true}
					]
				},
				{
					"name": "neck_fluff_bottom_right",
					"parent": "neck_fluff",
					"pivot": [-1.75, 21.25, -9],
					"rotation": [0, 0, -145]
				},
				{
					"name": "neck_fluff_bottom_right_rotation",
					"parent": "neck_fluff_bottom_right",
					"pivot": [-1.75, 21.25, -9],
					"rotation": [25, 0, 0],
					"cubes": [
						{"origin": [-3.75, 21.25, -9], "size": [4, 3, 0], "uv": [22, 22], "mirror": true}
					]
				},
				{
					"name": "neck",
					"parent": "torso",
					"pivot": [0, 21.2, -9],
					"rotation": [-10, 0, 0],
					"cubes": [
						{"origin": [-2, 21.2, -14.5], "size": [4, 4, 6], "inflate": 0.02, "uv": [0, 19]}
					]
				},
				{
					"name": "neck2",
					"parent": "neck",
					"pivot": [0, 21.2, -14.5],
					"rotation": [-47.5, 0, 0],
					"cubes": [
						{"origin": [-2, 21.2, -19.5], "size": [4, 4, 5], "inflate": 0.01, "uv": [21, 10]}
					]
				},
				{
					"name": "neck3",
					"parent": "neck2",
					"pivot": [0, 21.7, -19.5],
					"rotation": [-40, 0, 0],
					"cubes": [
						{"origin": [-2, 21.7, -23.5], "size": [4, 3, 4], "uv": [0, 12]}
					]
				},
				{
					"name": "neck4",
					"parent": "neck3",
					"pivot": [0, 22.2, -23.5],
					"rotation": [-15, 0, 0],
					"cubes": [
						{"origin": [-1.5, 22.2, -27.5], "size": [3, 2, 4], "inflate": 0.01, "uv": [12, 9]}
					]
				},
				{
					"name": "neck5",
					"parent": "neck4",
					"pivot": [0, 24.2, -27.5],
					"rotation": [25, 0, 0],
					"cubes": [
						{"origin": [-1, 22.2, -30.5], "size": [2, 2, 3], "inflate": 0.01, "uv": [25, 5]}
					]
				},
				{
					"name": "neck6",
					"parent": "neck5",
					"pivot": [0, 24.2, -30.5],
					"rotation": [25, 0, 0],
					"cubes": [
						{"origin": [-1, 22.2, -32.5], "size": [2, 2, 2], "uv": [34, 0]}
					]
				},
				{
					"name": "head",
					"parent": "neck6",
					"pivot": [0, 22.2, -32.5],
					"rotation": [62.5, 0, 0]
				},
				{
					"name": "head_ai",
					"parent": "head",
					"pivot": [0, 22.2, -32.5]
				},
				{
					"name": "head_rotation",
					"parent": "head_ai",
					"pivot": [0, 22.2, -32.5],
					"rotation": [-90, 0, 0],
					"cubes": [
						{"origin": [-2, 20.2, -36.5], "size": [4, 4, 4], "uv": [0, 0]}
					]
				},
				{
					"name": "eyes",
					"parent": "head_rotation",
					"pivot": [0, 22.2, -32.5]
				},
				{
					"name": "eye_left",
					"parent": "eyes",
					"pivot": [1.51, 21.69, -34.75],
					"cubes": [
						{"origin": [1.01, 20.19, -35.75], "size": [1, 3, 2], "uv": [0, 78]}
					]
				},
				{
					"name": "eye_inner_left",
					"parent": "eye_left",
					"pivot": [2.02, 21.44, -34.5],
					"cubes": [
						{"origin": [2.02, 20.44, -35.5], "size": [0, 1.5, 1.5], "uv": [0, 82]}
					]
				},
				{
					"name": "pupil_left",
					"parent": "eye_left",
					"pivot": [2.02, 21.19, -34.75],
					"cubes": [
						{"origin": [2.03, 20.69, -35.25], "size": [0, 1, 1], "uv": [0, 77]}
					]
				},
				{
					"name": "eyelid_left",
					"parent": "eye_left",
					"pivot": [1.42, 21.79, -34.75],
					"cubes": [
						{"origin": [0.93, 20.29, -35.75], "size": [1, 3, 2], "inflate": 0.01, "uv": [0, 83]}
					]
				},
				{
					"name": "eye_right",
					"parent": "eyes",
					"pivot": [-1.51, 21.69, -34.75],
					"cubes": [
						{"origin": [-2.01, 20.19, -35.75], "size": [1, 3, 2], "uv": [6, 78], "mirror": true}
					]
				},
				{
					"name": "eye_inner_right",
					"parent": "eye_right",
					"pivot": [-2.02, 21.44, -34.5],
					"cubes": [
						{"origin": [-2.02, 20.44, -35.5], "size": [0, 1.5, 1.5], "uv": [0, 83], "mirror": true}
					]
				},
				{
					"name": "pupil_right",
					"parent": "eye_right",
					"pivot": [-2.02, 21.19, -34.75],
					"cubes": [
						{"origin": [-2.03, 20.69, -35.25], "size": [0, 1, 1], "uv": [0, 78], "mirror": true}
					]
				},
				{
					"name": "eyelid_right",
					"parent": "eye_right",
					"pivot": [-1.42, 21.79, -34.75],
					"cubes": [
						{"origin": [-1.93, 20.29, -35.75], "size": [1, 3, 2], "inflate": 0.01, "uv": [6, 83], "mirror": true}
					]
				},
				{
					"name": "hair",
					"parent": "head_rotation",
					"pivot": [0, 22.2, -36.5]
				},
				{
					"name": "hair_left",
					"parent": "hair",
					"pivot": [2, 23.9, -36.5],
					"rotation": [0, 25, 0],
					"cubes": [
						{"origin": [2, 21.4, -36.5], "size": [0, 4, 2], "uv": [12, -2]}
					]
				},
				{
					"name": "hair_left2",
					"parent": "hair_left",
					"pivot": [2, 21.4, -34.5],
					"rotation": [2.5, -20, 0],
					"cubes": [
						{"origin": [2, 21.4, -34.5], "size": [0, 4, 3], "uv": [0, 26]}
					]
				},
				{
					"name": "hair_right",
					"parent": "hair",
					"pivot": [-2, 23.9, -36.5],
					"rotation": [0, -25, 0],
					"cubes": [
						{"origin": [-2, 21.4, -36.5], "size": [0, 4, 2], "uv": [16, -2], "mirror": true}
					]
				},
				{
					"name": "hair_right2",
					"parent": "hair_right",
					"pivot": [-2, 21.4, -34.5],
					"rotation": [2.5, 20, 0],
					"cubes": [
						{"origin": [-2, 21.4, -34.5], "size": [0, 4, 3], "uv": [0, 30], "mirror": true}
					]
				},
				{
					"name": "hair_back",
					"parent": "hair",
					"pivot": [0, 24.2, -36.5],
					"rotation": [35, 0, 0],
					"cubes": [
						{"origin": [-3, 24.2, -36.5], "size": [6, 0, 2], "uv": [20, 0], "mirror": true}
					]
				},
				{
					"name": "hair_back2",
					"parent": "hair_back",
					"pivot": [0, 24.2, -34.5],
					"rotation": [-31, 0, 0],
					"cubes": [
						{"origin": [-3, 24.2, -34.5], "size": [6, 0, 3], "uv": [19, 2], "mirror": true}
					]
				},
				{
					"name": "hair_front",
					"parent": "hair",
					"pivot": [0, 20.15, -36.5],
					"rotation": [-20, 0, 0],
					"cubes": [
						{"origin": [-1.5, 20.15, -36.5], "size": [3, 0, 2], "uv": [20, 5], "mirror": true}
					]
				},
				{
					"name": "muzzle",
					"parent": "head_rotation",
					"pivot": [0.5, 20.2, -34.5],
					"rotation": [10, 0, 0],
					"cubes": [
						{"origin": [-1.5, 18.2, -34.5], "size": [3, 2, 2], "uv": [0, 8]}
					]
				},
				{
					"name": "mouth",
					"parent": "muzzle",
					"pivot": [0, 19.45, -32.59],
					"cubes": [
						{"origin": [-1, 18.45, -32.59], "size": [2, 2, 0], "uv": [0, 0]}
					]
				},
				{
					"name": "muzzle2",
					"parent": "muzzle",
					"pivot": [0, 18.2, -33.5],
					"rotation": [-5, 0, 0],
					"cubes": [
						{"origin": [-1, 16.7, -34.5], "size": [2, 2, 1], "uv": [10, 8]}
					]
				},
				{
					"name": "wings",
					"parent": "torso",
					"pivot": [-0.5, -0.8, 0]
				},
				{
					"name": "wing_left",
					"parent": "wings",
					"pivot": [3.6, 26.7, -8.5],
					"rotation": [15, 10, 35]
				},
				{
					"name": "wing_left_rotation",
					"parent": "wing_left",
					"pivot": [3.6, 26.7, -8.5],
					"cubes": [
						{"origin": [-2.4, 26.7, -9.5], "size": [12, 3, 12], "inflate": 0.01, "uv": [65, 31]}
					]
				},
				{
					"name": "wing_end_left",
					"parent": "wing_left_rotation",
					"pivot": [3.6, 28.7, 2.5],
					"rotation": [5, 0, 0]
				},
				{
					"name": "wing_upper_dress_left",
					"parent": "wing_end_left",
					"pivot": [-0.4, 28.7, 2],
					"rotation": [0, -35, 0],
					"cubes": [
						{"origin": [-3.4, 28.7, 1], "size": [3, 0, 4], "uv": [103, 18]},
						{"origin": [-3.4, 26.7, 1], "size": [0, 2, 4], "uv": [107, 24]},
						{"origin": [-0.4, 26.7, 2], "size": [0, 2, 3], "uv": [115, 25]}
					]
				},
				{
					"name": "wing_upper_dress_left2",
					"parent": "wing_end_left",
					"pivot": [3.1, 28.7, 2.5],
					"rotation": [0, -5, 0],
					"cubes": [
						{"origin": [0.1, 28.7, 2.5], "size": [3, 0, 3], "uv": [110, 18]},
						{"origin": [0.1, 26.7, 2.5], "size": [0, 2, 3], "uv": [107, 29]},
						{"origin": [3.1, 26.7, 2.5], "size": [0, 2, 3], "uv": [113, 29]}
					]
				},
				{
					"name": "wing_upper_dress_left3",
					"parent": "wing_end_left",
					"pivot": [4.1, 28.7, 2.5],
					"rotation": [0, 5, 0],
					"cubes": [
						{"origin": [4.1, 28.7, 2.5], "size": [3, 0, 3], "uv": [116, 18]},
						{"origin": [4.1, 26.7, 2.5], "size": [0, 2, 3], "uv": [107, 33]},
						{"origin": [7.1, 26.7, 2.5], "size": [0, 2, 3], "uv": [113, 33]}
					]
				},
				{
					"name": "wing_upper_dress_left4",
					"parent": "wing_end_left",
					"pivot": [7.6, 28.7, 2],
					"rotation": [0, 35, 0],
					"cubes": [
						{"origin": [7.6, 28.7, 1], "size": [3, 0, 4], "uv": [97, 28]},
						{"origin": [7.6, 26.7, 1], "size": [0, 2, 4], "uv": [119, 28]},
						{"origin": [10.6, 26.7, 1], "size": [0, 2, 4], "uv": [119, 32]}
					]
				},
				{
					"name": "wing_lower_dress_left",
					"parent": "wing_end_left",
					"pivot": [0.6, 26.7, 2.25],
					"rotation": [0, -15, 0],
					"cubes": [
						{"origin": [-1.4, 26.7, 2.25], "size": [2, 0, 2], "uv": [111, 24]}
					]
				},
				{
					"name": "wing_lower_dress_left2",
					"parent": "wing_end_left",
					"pivot": [3.6, 26.7, 2],
					"cubes": [
						{"origin": [2.6, 26.7, 2], "size": [2, 0, 2], "uv": [115, 24]}
					]
				},
				{
					"name": "wing_lower_dress_left3",
					"parent": "wing_end_left",
					"pivot": [6.6, 26.7, 2.25],
					"rotation": [0, 15, 0],
					"cubes": [
						{"origin": [6.6, 26.7, 2.25], "size": [2, 0, 2], "uv": [119, 24]}
					]
				},
				{
					"name": "wing_right",
					"parent": "wings",
					"pivot": [-3.6, 26.7, -8.5],
					"rotation": [15, -10, -35]
				},
				{
					"name": "wing_right_rotation",
					"parent": "wing_right",
					"pivot": [-3.6, 26.7, -8.5],
					"cubes": [
						{"origin": [-9.6, 26.7, -9.5], "size": [12, 3, 12], "inflate": 0.01, "uv": [80, 46], "mirror": true}
					]
				},
				{
					"name": "wing_end_right",
					"parent": "wing_right_rotation",
					"pivot": [-3.6, 28.7, 2.5],
					"rotation": [4, 0, 0]
				},
				{
					"name": "wing_upper_dress_right",
					"parent": "wing_end_right",
					"pivot": [0.4, 28.7, 2],
					"rotation": [0, 35, 0],
					"cubes": [
						{"origin": [0.4, 28.7, 1], "size": [3, 0, 4], "uv": [103, 22], "mirror": true},
						{"origin": [3.4, 26.7, 1], "size": [0, 2, 4], "uv": [107, 26], "mirror": true},
						{"origin": [0.4, 26.7, 2], "size": [0, 2, 3], "uv": [115, 27], "mirror": true}
					]
				},
				{
					"name": "wing_upper_dress_right2",
					"parent": "wing_end_right",
					"pivot": [-3.1, 28.7, 2.5],
					"rotation": [0, 5, 0],
					"cubes": [
						{"origin": [-3.1, 28.7, 2.5], "size": [3, 0, 3], "uv": [110, 21], "mirror": true},
						{"origin": [-0.1, 26.7, 2.5], "size": [0, 2, 3], "uv": [107, 31], "mirror": true},
						{"origin": [-3.1, 26.7, 2.5], "size": [0, 2, 3], "uv": [113, 31], "mirror": true}
					]
				},
				{
					"name": "wing_upper_dress_right3",
					"parent": "wing_end_right",
					"pivot": [-4.1, 28.7, 2.5],
					"rotation": [0, -5, 0],
					"cubes": [
						{"origin": [-7.1, 28.7, 2.5], "size": [3, 0, 3], "uv": [116, 21], "mirror": true},
						{"origin": [-4.1, 26.7, 2.5], "size": [0, 2, 3], "uv": [107, 35], "mirror": true},
						{"origin": [-7.1, 26.7, 2.5], "size": [0, 2, 3], "uv": [113, 35], "mirror": true}
					]
				},
				{
					"name": "wing_upper_dress_right4",
					"parent": "wing_end_right",
					"pivot": [-7.6, 28.7, 2],
					"rotation": [0, -35, 0],
					"cubes": [
						{"origin": [-10.6, 28.7, 1], "size": [3, 0, 4], "uv": [97, 32], "mirror": true},
						{"origin": [-7.6, 26.7, 1], "size": [0, 2, 4], "uv": [119, 30], "mirror": true},
						{"origin": [-10.6, 26.7, 1], "size": [0, 2, 4], "uv": [119, 34], "mirror": true}
					]
				},
				{
					"name": "wing_lower_dress_right",
					"parent": "wing_end_right",
					"pivot": [-0.6, 26.7, 2.25],
					"rotation": [0, 15, 0],
					"cubes": [
						{"origin": [-0.6, 26.7, 2.25], "size": [2, 0, 2], "uv": [111, 26], "mirror": true}
					]
				},
				{
					"name": "wing_lower_dress_right2",
					"parent": "wing_end_right",
					"pivot": [-3.6, 26.7, 2],
					"cubes": [
						{"origin": [-4.6, 26.7, 2], "size": [2, 0, 2], "uv": [115, 26], "mirror": true}
					]
				},
				{
					"name": "wing_lower_dress_right3",
					"parent": "wing_end_right",
					"pivot": [-6.6, 26.7, 2.25],
					"rotation": [0, -15, 0],
					"cubes": [
						{"origin": [-8.6, 26.7, 2.25], "size": [2, 0, 2], "uv": [119, 26], "mirror": true}
					]
				},
				{
					"name": "upper_cloth",
					"parent": "torso",
					"pivot": [0, 28.2, -6],
					"rotation": [5, 0, 0],
					"cubes": [
						{"origin": [-7, 28.2, -6], "size": [14, 0, 12], "uv": [32, 53]}
					]
				},
				{
					"name": "upper_cloth_end",
					"parent": "upper_cloth",
					"pivot": [0, 29.7, 9]
				},
				{
					"name": "upper_cloth_dress_left1",
					"parent": "upper_cloth_end",
					"pivot": [3.5, 28.2, 6],
					"cubes": [
						{"origin": [1.5, 30.2, 6], "size": [4, 0, 4], "uv": [24, 61]},
						{"origin": [1.5, 28.2, 6], "size": [4, 2, 0], "uv": [52, 65]},
						{"origin": [1.5, 28.2, 6], "size": [0, 2, 4], "uv": [56, 38]},
						{"origin": [5.5, 28.2, 6], "size": [0, 2, 4], "uv": [56, 42]}
					]
				},
				{
					"name": "upper_cloth_dress_right1",
					"parent": "upper_cloth_end",
					"pivot": [-3.5, 28.2, 6],
					"cubes": [
						{"origin": [-5.5, 30.2, 6], "size": [4, 0, 4], "uv": [24, 65], "mirror": true},
						{"origin": [-5.5, 28.2, 6], "size": [4, 2, 0], "uv": [52, 67], "mirror": true},
						{"origin": [-1.5, 28.2, 6], "size": [0, 2, 4], "uv": [56, 40], "mirror": true},
						{"origin": [-5.5, 28.2, 6], "size": [0, 2, 4], "uv": [56, 44], "mirror": true}
					]
				},
				{
					"name": "upper_cloth_base_dress",
					"parent": "upper_cloth_end",
					"pivot": [0, 28.2, 6],
					"cubes": [
						{"origin": [-1.5, 28.2, 6], "size": [3, 0, 3], "uv": [63, 36], "mirror": true}
					]
				},
				{
					"name": "upper_cloth_base_dress_left",
					"parent": "upper_cloth_end",
					"pivot": [6.5, 28.2, 6],
					"cubes": [
						{"origin": [5.5, 28.2, 6], "size": [2, 0, 3], "uv": [53, 36]}
					]
				},
				{
					"name": "upper_cloth_base_dress_right",
					"parent": "upper_cloth_end",
					"pivot": [-6.5, 28.2, 6],
					"cubes": [
						{"origin": [-7.5, 28.2, 6], "size": [2, 0, 3], "uv": [53, 39], "mirror": true}
					]
				},
				{
					"name": "upper_cloth_left",
					"parent": "upper_cloth",
					"pivot": [7, 28.2, 6],
					"rotation": [-1.6, 4, -24],
					"cubes": [
						{"origin": [7, 20.2, -6], "size": [0, 8, 12], "inflate": 0.01, "uv": [72, 49]}
					]
				},
				{
					"name": "upper_cloth_left_end",
					"parent": "upper_cloth_left",
					"pivot": [6.9, 23.7, 6]
				},
				{
					"name": "upper_cloth_dress_left2",
					"parent": "upper_cloth_left_end",
					"pivot": [7, 28.2, 6],
					"rotation": [0, 0, 90],
					"cubes": [
						{"origin": [7, 30.2, 6], "size": [4, 0, 4], "uv": [32, 61]},
						{"origin": [7, 28.2, 6], "size": [4, 2, 0], "uv": [60, 65]},
						{"origin": [7, 28.2, 6], "size": [0, 2, 4], "uv": [72, 42]},
						{"origin": [11, 28.2, 6], "size": [0, 2, 4], "uv": [72, 46]}
					]
				},
				{
					"name": "upper_cloth_dress_left3",
					"parent": "upper_cloth_left_end",
					"pivot": [7, 23, 6],
					"rotation": [0, 45, 90],
					"cubes": [
						{"origin": [7, 25, 6], "size": [4, 0, 4], "uv": [40, 65]},
						{"origin": [7, 23, 6], "size": [4, 2, 0], "uv": [52, 69]},
						{"origin": [7, 23, 6], "size": [0, 2, 4], "uv": [80, 42]},
						{"origin": [11, 23, 6], "size": [0, 2, 4], "uv": [80, 46]}
					]
				},
				{
					"name": "upper_cloth_base_dress_left2",
					"parent": "upper_cloth_left_end",
					"pivot": [7, 24.95, 6],
					"rotation": [0, 17.5, 90],
					"cubes": [
						{"origin": [7, 24.95, 6], "size": [3, 0, 3], "uv": [57, 36]}
					]
				},
				{
					"name": "upper_cloth_right",
					"parent": "upper_cloth",
					"pivot": [-7, 28.2, 6],
					"rotation": [-1.6, -4, 24],
					"cubes": [
						{"origin": [-7, 20.2, -6], "size": [0, 8, 12], "inflate": 0.01, "uv": [96, 49], "mirror": true}
					]
				},
				{
					"name": "upper_cloth_right_end",
					"parent": "upper_cloth_right",
					"pivot": [-6.9, 23.7, 6]
				},
				{
					"name": "upper_cloth_dress_right2",
					"parent": "upper_cloth_right_end",
					"pivot": [-7, 28.2, 6],
					"rotation": [0, 0, -90],
					"cubes": [
						{"origin": [-11, 30.2, 6], "size": [4, 0, 4], "uv": [32, 65], "mirror": true},
						{"origin": [-11, 28.2, 6], "size": [4, 2, 0], "uv": [60, 67], "mirror": true},
						{"origin": [-7, 28.2, 6], "size": [0, 2, 4], "uv": [72, 44], "mirror": true},
						{"origin": [-11, 28.2, 6], "size": [0, 2, 4], "uv": [72, 48], "mirror": true}
					]
				},
				{
					"name": "upper_cloth_dress_right3",
					"parent": "upper_cloth_right_end",
					"pivot": [-7, 23, 6],
					"rotation": [0, -45, -90],
					"cubes": [
						{"origin": [-11, 25, 6], "size": [4, 0, 4], "uv": [40, 69], "mirror": true},
						{"origin": [-11, 23, 6], "size": [4, 2, 0], "uv": [52, 71], "mirror": true},
						{"origin": [-7, 23, 6], "size": [0, 2, 4], "uv": [80, 44], "mirror": true},
						{"origin": [-11, 23, 6], "size": [0, 2, 4], "uv": [80, 48], "mirror": true}
					]
				},
				{
					"name": "upper_cloth_base_dress_right2",
					"parent": "upper_cloth_right_end",
					"pivot": [-7, 24.95, 6],
					"rotation": [0, -17.5, -90],
					"cubes": [
						{"origin": [-10, 24.95, 6], "size": [3, 0, 3], "uv": [57, 39], "mirror": true}
					]
				},
				{
					"name": "lower_cloth",
					"parent": "torso",
					"pivot": [0, 28, 5],
					"rotation": [-5, 0, 0],
					"cubes": [
						{"origin": [-6, 28.2, 5], "size": [12, 0, 7], "uv": [13, 69]}
					]
				},
				{
					"name": "lower_cloth_end",
					"parent": "lower_cloth",
					"pivot": [0, 28.2, 12]
				},
				{
					"name": "lower_cloth_dress_left",
					"parent": "lower_cloth_end",
					"pivot": [3, 28.2, 12],
					"cubes": [
						{"origin": [1, 30.2, 12], "size": [4, 0, 5], "uv": [39, 73]},
						{"origin": [1, 28.2, 12], "size": [4, 2, 0], "uv": [76, 77]},
						{"origin": [1, 28.2, 12], "size": [0, 2, 5], "uv": [76, 64]},
						{"origin": [5, 28.2, 12], "size": [0, 2, 5], "uv": [76, 68]}
					]
				},
				{
					"name": "lower_cloth_dress_right",
					"parent": "lower_cloth_end",
					"pivot": [-3, 28.2, 12],
					"cubes": [
						{"origin": [-5, 30.2, 12], "size": [4, 0, 5], "uv": [39, 78], "mirror": true},
						{"origin": [-5, 28.2, 12], "size": [4, 2, 0], "uv": [76, 79], "mirror": true},
						{"origin": [-1, 28.2, 12], "size": [0, 2, 5], "uv": [76, 66], "mirror": true},
						{"origin": [-5, 28.2, 12], "size": [0, 2, 5], "uv": [76, 70], "mirror": true}
					]
				},
				{
					"name": "lower_cloth_base_dress",
					"parent": "lower_cloth_end",
					"pivot": [0, 28.2, 12],
					"cubes": [
						{"origin": [-1, 28.2, 12], "size": [2, 0, 4], "uv": [64, 65], "mirror": true}
					]
				},
				{
					"name": "lower_cloth_base_dress_left",
					"parent": "lower_cloth_end",
					"pivot": [5.5, 28.2, 12],
					"cubes": [
						{"origin": [4.5, 28.2, 12], "size": [2, 0, 4], "uv": [64, 69]}
					]
				},
				{
					"name": "lower_cloth_base_dress_right",
					"parent": "lower_cloth_end",
					"pivot": [-5.5, 28.2, 12],
					"cubes": [
						{"origin": [-6.5, 28.2, 12], "size": [2, 0, 4], "uv": [68, 69], "mirror": true}
					]
				},
				{
					"name": "lower_cloth_left",
					"parent": "lower_cloth",
					"pivot": [6, 28.2, 12],
					"rotation": [-0.5, 4, -10],
					"cubes": [
						{"origin": [6, 20.2, 4], "size": [0, 8, 8], "inflate": 0.01, "uv": [12, 68]}
					]
				},
				{
					"name": "lower_cloth_left_end",
					"parent": "lower_cloth_left",
					"pivot": [5.9, 23.70934, 12]
				},
				{
					"name": "lower_cloth_dress_left2",
					"parent": "lower_cloth_left_end",
					"pivot": [6, 28.2, 12],
					"rotation": [0, 0, 90],
					"cubes": [
						{"origin": [6, 30.2, 12], "size": [4, 0, 5], "uv": [47, 73]},
						{"origin": [6, 28.2, 12], "size": [4, 2, 0], "uv": [84, 77]},
						{"origin": [6, 28.2, 12], "size": [0, 2, 5], "uv": [86, 64]},
						{"origin": [10, 28.2, 12], "size": [0, 2, 5], "uv": [86, 68]}
					]
				},
				{
					"name": "lower_cloth_dress_left3",
					"parent": "lower_cloth_left_end",
					"pivot": [6, 23, 12],
					"rotation": [0, 45, 90],
					"cubes": [
						{"origin": [6, 25, 12], "size": [4, 0, 6], "uv": [54, 69]},
						{"origin": [6, 23, 12], "size": [4, 2, 0], "uv": [92, 77]},
						{"origin": [6, 23, 12], "size": [0, 2, 6], "uv": [96, 63]},
						{"origin": [10, 23, 12], "size": [0, 2, 5], "uv": [96, 68]}
					]
				},
				{
					"name": "lower_cloth_base_dress_left2",
					"parent": "lower_cloth_left_end",
					"pivot": [6, 25.4, 12],
					"rotation": [0, 18.5, 90],
					"cubes": [
						{"origin": [6, 25.4, 12], "size": [4, 0, 4], "uv": [64, 73]}
					]
				},
				{
					"name": "lower_cloth_right",
					"parent": "lower_cloth",
					"pivot": [-6, 28.2, 12],
					"rotation": [-0.5, -4, 10],
					"cubes": [
						{"origin": [-6, 20.2, 4], "size": [0, 8, 8], "inflate": 0.01, "uv": [28, 68], "mirror": true}
					]
				},
				{
					"name": "lower_cloth_right_end",
					"parent": "lower_cloth_right",
					"pivot": [-5.9, 23.70934, 12]
				},
				{
					"name": "lower_cloth_dress_right2",
					"parent": "lower_cloth_right_end",
					"pivot": [-6, 28.2, 12],
					"rotation": [0, 0, -90],
					"cubes": [
						{"origin": [-10, 30.2, 12], "size": [4, 0, 5], "uv": [47, 78], "mirror": true},
						{"origin": [-10, 28.2, 12], "size": [4, 2, 0], "uv": [84, 79], "mirror": true},
						{"origin": [-6, 28.2, 12], "size": [0, 2, 5], "uv": [86, 66], "mirror": true},
						{"origin": [-10, 28.2, 12], "size": [0, 2, 5], "uv": [86, 70], "mirror": true}
					]
				},
				{
					"name": "lower_cloth_dress_right_back2",
					"parent": "lower_cloth_right_end",
					"pivot": [-6, 23, 12],
					"rotation": [0, -45, -90],
					"cubes": [
						{"origin": [-10, 25, 12], "size": [4, 0, 6], "uv": [54, 75], "mirror": true},
						{"origin": [-10, 23, 12], "size": [4, 2, 0], "uv": [92, 79], "mirror": true},
						{"origin": [-6, 23, 12], "size": [0, 2, 6], "uv": [96, 65], "mirror": true},
						{"origin": [-10, 23, 12], "size": [0, 2, 5], "uv": [96, 70], "mirror": true}
					]
				},
				{
					"name": "lower_cloth_base_dress_right2",
					"parent": "lower_cloth_right_end",
					"pivot": [-6, 25.4, 12],
					"rotation": [0, -18.5, -90],
					"cubes": [
						{"origin": [-10, 25.4, 12], "size": [4, 0, 4], "uv": [64, 77], "mirror": true}
					]
				},
				{
					"name": "tail_base",
					"parent": "torso",
					"pivot": [0, 28.2, 5],
					"rotation": [-10, 0, 0],
					"cubes": [
						{"origin": [-3.5, 21.2, 5], "size": [7, 7, 4], "uv": [38, 0]}
					]
				},
				{
					"name": "tail_top",
					"parent": "tail_base",
					"pivot": [0, 28.2, 9],
					"rotation": [55, 0, 0],
					"cubes": [
						{"origin": [-4.5, 22.2, 9], "size": [9, 6, 0], "uv": [63, 0]}
					]
				},
				{
					"name": "tail_top2",
					"parent": "tail_top",
					"pivot": [0, 22.2, 9],
					"cubes": [
						{"origin": [-4.5, 15.2, 9], "size": [9, 7, 0], "uv": [63, 6]},
						{"origin": [-6.5, 15.2, 9], "size": [2, 7, 0], "pivot": [-4.5, 17.2, 9], "rotation": [0, -45, 0], "uv": [85, 8]},
						{"origin": [4.5, 15.2, 9], "size": [2, 7, 0], "pivot": [4.5, 17.2, 9], "rotation": [0, 45, 0], "uv": [89, 8], "mirror": true}
					]
				},
				{
					"name": "tail_middle",
					"parent": "tail_base",
					"pivot": [0, 28.2, 9],
					"rotation": [45, 0, 0],
					"cubes": [
						{"origin": [-5.5, 19.2, 9], "size": [11, 9, 0], "uv": [63, 13]}
					]
				},
				{
					"name": "tail_middle2",
					"parent": "tail_middle",
					"pivot": [0, 19.2, 9],
					"cubes": [
						{"origin": [-5.5, 11.2, 9], "size": [11, 8, 0], "uv": [81, 0]},
						{"origin": [-7.5, 11.2, 9], "size": [2, 8, 0], "pivot": [-5.5, 14.2, 9], "rotation": [0, -45, 0], "uv": [93, 8]},
						{"origin": [5.5, 11.2, 9], "size": [2, 8, 0], "pivot": [5.5, 14.2, 9], "rotation": [0, 45, 0], "uv": [97, 8], "mirror": true}
					]
				},
				{
					"name": "tail_bottom",
					"parent": "tail_base",
					"pivot": [0, 28.2, 9],
					"rotation": [32.5, 0, 0],
					"cubes": [
						{"origin": [-4.5, 19.2, 9], "size": [9, 9, 0], "uv": [77, 22]}
					]
				},
				{
					"name": "tail_bottom2",
					"parent": "tail_bottom",
					"pivot": [0, 19.2, 9],
					"cubes": [
						{"origin": [-5.5, 13.2, 9], "size": [11, 6, 0], "uv": [103, 0]}
					]
				},
				{
					"name": "tail_bottom3",
					"parent": "tail_bottom2",
					"pivot": [0, 13.2, 9],
					"cubes": [
						{"origin": [-6.5, 3.2, 9], "size": [13, 10, 0], "uv": [101, 8]},
						{"origin": [-9.5, 3.2, 9], "size": [3, 10, 0], "pivot": [-6.5, 8.2, 9], "rotation": [0, -45, 0], "uv": [101, 18]},
						{"origin": [6.5, 3.2, 9], "size": [3, 10, 0], "pivot": [6.5, 8.2, 9], "rotation": [0, 45, 0], "uv": [95, 16], "mirror": true}
					]
				},
				{
					"name": "legs",
					"parent": "body",
					"pivot": [0, 21.2, 0]
				},
				{
					"name": "leg_left",
					"parent": "legs",
					"pivot": [6, 21.2, 0],
					"rotation": [20, 0, 0],
					"cubes": [
						{"origin": [1.2, 15.7, -4], "size": [6, 9, 8], "uv": [0, 29]}
					]
				},
				{
					"name": "leg_fur_left",
					"parent": "leg_left",
					"pivot": [9.2, -0.8, 2]
				},
				{
					"name": "leg_fur_front_left",
					"parent": "leg_fur_left",
					"pivot": [4.2, 15.7, -1],
					"rotation": [-25, 0, 0],
					"cubes": [
						{"origin": [2.2, 13.7, -1], "size": [4, 2, 0], "uv": [28, 36]}
					]
				},
				{
					"name": "leg_fur_back_left",
					"parent": "leg_fur_left",
					"pivot": [4.2, 15.7, 2],
					"rotation": [25, 0, 0],
					"cubes": [
						{"origin": [2.2, 13.7, 2], "size": [4, 2, 0], "uv": [28, 40]}
					]
				},
				{
					"name": "leg_fur_outer_left",
					"parent": "leg_fur_left",
					"pivot": [5.7, 15.7, 0.5],
					"rotation": [0, 0, -25],
					"cubes": [
						{"origin": [5.7, 13.7, -1.5], "size": [0, 2, 4], "uv": [48, 32]}
					]
				},
				{
					"name": "leg_fur_inner_left",
					"parent": "leg_fur_left",
					"pivot": [2.7, 15.7, 0.5],
					"rotation": [0, 0, 25],
					"cubes": [
						{"origin": [2.7, 13.7, -1.5], "size": [0, 2, 4], "uv": [48, 36]}
					]
				},
				{
					"name": "leg_left2",
					"parent": "leg_left",
					"pivot": [4.2, 15.7, -1],
					"rotation": [15, 0, 0],
					"cubes": [
						{"origin": [3.2, 11.7, -1], "size": [2, 4, 2], "uv": [0, 46]}
					]
				},
				{
					"name": "leg_left3",
					"parent": "leg_left2",
					"pivot": [4.2, 11.7, 1],
					"rotation": [37.5, 0, 0],
					"cubes": [
						{"origin": [3.2, 11.7, -4], "size": [2, 2, 5], "inflate": 0.01, "uv": [11, 47]},
						{"origin": [2.7, 11, -9], "size": [3, 3, 5], "inflate": 0.01, "uv": [9, 54]}
					]
				},
				{
					"name": "back_toe_left",
					"parent": "leg_left3",
					"pivot": [3.2, 12, -9],
					"cubes": [
						{"origin": [2.7, 11, -10.5], "size": [1, 1, 2], "uv": [16, 66]}
					]
				},
				{
					"name": "back_toe_left2",
					"parent": "back_toe_left",
					"pivot": [3.2, 12, -10.5],
					"rotation": [12.5, 0, 0],
					"cubes": [
						{"origin": [3.2, 11, -12.5], "size": [0, 1, 2], "uv": [12, 70]}
					]
				},
				{
					"name": "foot_left",
					"parent": "leg_left3",
					"pivot": [4.2, 12, -9],
					"rotation": [-12.5, 0, 0],
					"cubes": [
						{"origin": [2.7, 12, -12], "size": [3, 2, 3], "inflate": 0.02, "uv": [20, 54]}
					]
				},
				{
					"name": "toes_left",
					"parent": "foot_left",
					"pivot": [4.2, 12, -12]
				},
				{
					"name": "toe_outer_left",
					"parent": "toes_left",
					"pivot": [5.1, 14, -12],
					"rotation": [12.5, 0, 0],
					"cubes": [
						{"origin": [4.6, 12, -14], "size": [1, 2, 2], "uv": [0, 70]}
					]
				},
				{
					"name": "toe_outer_left2",
					"parent": "toe_outer_left",
					"pivot": [5.1, 12, -14],
					"rotation": [17.5, 0, 0],
					"cubes": [
						{"origin": [4.6, 12, -14], "size": [1, 3, 1], "inflate": 0.01, "uv": [11, 62]}
					]
				},
				{
					"name": "toe_outer_left3",
					"parent": "toe_outer_left2",
					"pivot": [5.1, 15, -13],
					"rotation": [0, 0, 0],
					"cubes": [
						{"origin": [5.1, 15, -14], "size": [0, 2, 1], "uv": [25, 58]}
					]
				},
				{
					"name": "toe_inner_left",
					"parent": "toes_left",
					"pivot": [3.3, 14, -12],
					"rotation": [12.5, 0, 0],
					"cubes": [
						{"origin": [2.8, 12, -14], "size": [1, 2, 2], "uv": [6, 70]}
					]
				},
				{
					"name": "toe_inner_left2",
					"parent": "toe_inner_left",
					"pivot": [3.3, 12, -14],
					"rotation": [17.5, 0, 0],
					"cubes": [
						{"origin": [2.8, 12, -14], "size": [1, 3, 1], "inflate": 0.01, "uv": [19, 62]}
					]
				},
				{
					"name": "toe_inner_left3",
					"parent": "toe_inner_left2",
					"pivot": [3.55, 15, -13],
					"rotation": [0, 0, 0],
					"cubes": [
						{"origin": [3.3, 15, -14], "size": [0, 2, 1], "uv": [29, 58]}
					]
				},
				{
					"name": "leg_right",
					"parent": "legs",
					"pivot": [-6, 21.2, 0],
					"rotation": [20, 0, 0],
					"cubes": [
						{"origin": [-7.2, 15.7, -4], "size": [6, 9, 8], "uv": [28, 36], "mirror": true}
					]
				},
				{
					"name": "leg_fur_right",
					"parent": "leg_right",
					"pivot": [-9.2, -0.8, 2]
				},
				{
					"name": "leg_fur_front_right",
					"parent": "leg_fur_right",
					"pivot": [-4.2, 15.7, -1],
					"rotation": [-25, 0, 0],
					"cubes": [
						{"origin": [-6.2, 13.7, -1], "size": [4, 2, 0], "uv": [28, 38], "mirror": true}
					]
				},
				{
					"name": "leg_fur_back_right",
					"parent": "leg_fur_right",
					"pivot": [-4.2, 15.7, 2],
					"rotation": [25, 0, 0],
					"cubes": [
						{"origin": [-6.2, 13.7, 2], "size": [4, 2, 0], "uv": [28, 42], "mirror": true}
					]
				},
				{
					"name": "leg_fur_outer_right",
					"parent": "leg_fur_right",
					"pivot": [-5.7, 15.7, 0.5],
					"rotation": [0, 0, 25],
					"cubes": [
						{"origin": [-5.7, 13.7, -1.5], "size": [0, 2, 4], "uv": [48, 34], "mirror": true}
					]
				},
				{
					"name": "leg_fur_inner_right",
					"parent": "leg_fur_right",
					"pivot": [-2.7, 15.7, 0.5],
					"rotation": [0, 0, -25],
					"cubes": [
						{"origin": [-2.7, 13.7, -1.5], "size": [0, 2, 4], "uv": [48, 38], "mirror": true}
					]
				},
				{
					"name": "leg_right2",
					"parent": "leg_right",
					"pivot": [-4.2, 15.7, -1],
					"rotation": [15, 0, 0],
					"cubes": [
						{"origin": [-5.2, 11.7, -1], "size": [2, 4, 2], "uv": [8, 46], "mirror": true}
					]
				},
				{
					"name": "leg_right3",
					"parent": "leg_right2",
					"pivot": [-4.2, 11.7, 1],
					"rotation": [37.5, 0, 0],
					"cubes": [
						{"origin": [-5.2, 11.7, -4], "size": [2, 2, 5], "inflate": 0.01, "uv": [0, 52], "mirror": true},
						{"origin": [-5.7, 11, -9], "size": [3, 3, 5], "inflate": 0.01, "uv": [0, 62], "mirror": true}
					]
				},
				{
					"name": "back_toe_right",
					"parent": "leg_right3",
					"pivot": [-3.2, 12, -9],
					"rotation": [5, 0, 0],
					"cubes": [
						{"origin": [-3.7, 11, -10.5], "size": [1, 1, 2], "uv": [14, 69], "mirror": true}
					]
				},
				{
					"name": "back_toe_right2",
					"parent": "back_toe_right",
					"pivot": [-3.2, 12, -10.5],
					"rotation": [12.5, 0, 0],
					"cubes": [
						{"origin": [-3.2, 11, -12.5], "size": [0, 1, 2], "uv": [12, 71], "mirror": true}
					]
				},
				{
					"name": "foot_right",
					"parent": "leg_right3",
					"pivot": [-4.2, 12, -9],
					"rotation": [-12.5, 0, 0],
					"cubes": [
						{"origin": [-5.7, 12, -12], "size": [3, 2, 3], "inflate": 0.02, "uv": [32, 53], "mirror": true}
					]
				},
				{
					"name": "toes_right",
					"parent": "foot_right",
					"pivot": [-4.2, 12, -12]
				},
				{
					"name": "toe_outer_right",
					"parent": "toes_right",
					"pivot": [-5.1, 14, -12],
					"rotation": [12.5, 0, 0],
					"cubes": [
						{"origin": [-5.6, 12, -14], "size": [1, 2, 2], "uv": [0, 74], "mirror": true}
					]
				},
				{
					"name": "toe_outer_right2",
					"parent": "toe_outer_right",
					"pivot": [-5.1, 12, -14],
					"rotation": [17.5, 0, 0],
					"cubes": [
						{"origin": [-5.6, 12, -14], "size": [1, 3, 1], "inflate": 0.01, "uv": [15, 62], "mirror": true}
					]
				},
				{
					"name": "toe_outer_right3",
					"parent": "toe_outer_right2",
					"pivot": [-5.1, 15, -13],
					"rotation": [0, 0, 0],
					"cubes": [
						{"origin": [-5.1, 15, -14], "size": [0, 2, 1], "uv": [27, 58], "mirror": true}
					]
				},
				{
					"name": "toe_inner_right",
					"parent": "toes_right",
					"pivot": [-3.3, 14, -12],
					"rotation": [12.5, 0, 0],
					"cubes": [
						{"origin": [-3.8, 12, -14], "size": [1, 2, 2], "uv": [6, 74], "mirror": true}
					]
				},
				{
					"name": "toe_inner_right2",
					"parent": "toe_inner_right",
					"pivot": [-3.3, 12, -14],
					"rotation": [17.5, 0, 0],
					"cubes": [
						{"origin": [-3.8, 12, -14], "size": [1, 3, 1], "inflate": 0.01, "uv": [23, 62], "mirror": true}
					]
				},
				{
					"name": "toe_inner_right3",
					"parent": "toe_inner_right2",
					"pivot": [-3.3, 15, -13],
					"rotation": [0, 0, 0],
					"cubes": [
						{"origin": [-3.3, 15, -14], "size": [0, 2, 1], "uv": [31, 58], "mirror": true}
					]
				}
			]
		}
	]
}