{
	"format_version": "1.12.0",
	"minecraft:geometry": [
		{
			"description": {
				"identifier": "geometry.giratina",
				"texture_width": 256,
				"texture_height": 256,
				"visible_bounds_width": 9,
				"visible_bounds_height": 6.5,
				"visible_bounds_offset": [0, 2.75, 0]
			},
			"bones": [
				{
					"name": "giratina",
					"pivot": [0, 0, 0]
				},
				{
					"name": "body",
					"parent": "giratina",
					"pivot": [0, 30, -6.2]
				},
				{
					"name": "torso",
					"parent": "body",
					"pivot": [-0.102, 25.052, -1.958],
					"cubes": [
						{"origin": [-13, 13, -15], "size": [26, 24, 30], "uv": [0, 0]}
					]
				},
				{
					"name": "neck",
					"parent": "torso",
					"pivot": [0, 16.78449, -14.93244],
					"cubes": [
						{"origin": [-10, 19.03449, -18.93244], "size": [20, 24, 17], "uv": [67, 74]}
					]
				},
				{
					"name": "left_ring3",
					"parent": "neck",
					"pivot": [11.42396, 37.63449, -13.95767],
					"rotation": [7.5, 0, 0],
					"cubes": [
						{"origin": [11.94343, 35.58449, -3.4419], "size": [3, 4, 6], "pivot": [14.85192, 37.58449, -3.38148], "rotation": [0, -59, 0], "uv": [48, 100], "mirror": true},
						{"origin": [5.80784, 36.58449, -3.24393], "size": [4, 2, 3], "uv": [22, 177], "mirror": true},
						{"origin": [3.80784, 37.58449, -2.24393], "size": [2, 0, 2], "inflate": 0.01, "uv": [0, 0], "mirror": true},
						{"origin": [9.95, 35.58449, -18.33244], "size": [5, 4, 15], "inflate": 0.01, "uv": [84, 54], "mirror": true},
						{"origin": [10.77199, 36.68449, -21.85724], "size": [4, 2, 4], "pivot": [14.63275, 37.68449, -17.83551], "rotation": [0, 30, 0], "uv": [109, 62], "mirror": true},
						{"origin": [9.84087, 37.68449, -25.23989], "size": [3, 0, 5], "inflate": 0.01, "pivot": [12.00509, 37.68449, -20.26501], "rotation": [0, 67.5, 0], "uv": [16, 0], "mirror": true}
					]
				},
				{
					"name": "right_ring3",
					"parent": "neck",
					"pivot": [-11.42396, 37.63449, -13.95767],
					"rotation": [7.5, 0, 0],
					"cubes": [
						{"origin": [-14.94343, 35.58449, -3.4419], "size": [3, 4, 6], "pivot": [-14.85192, 37.58449, -3.38148], "rotation": [0, 59, 0], "uv": [48, 100]},
						{"origin": [-9.80784, 36.58449, -3.24393], "size": [4, 2, 3], "uv": [22, 177]},
						{"origin": [-5.80784, 37.58449, -2.24393], "size": [2, 0, 2], "inflate": 0.01, "uv": [0, 0]},
						{"origin": [-14.95, 35.58449, -18.33244], "size": [5, 4, 15], "inflate": 0.01, "uv": [84, 54]},
						{"origin": [-14.77199, 36.68449, -21.85724], "size": [4, 2, 4], "pivot": [-14.63275, 37.68449, -17.83551], "rotation": [0, -30, 0], "uv": [109, 62]},
						{"origin": [-12.84087, 37.68449, -25.23989], "size": [3, 0, 5], "inflate": 0.01, "pivot": [-12.00509, 37.68449, -20.26501], "rotation": [0, -67.5, 0], "uv": [16, 0]}
					]
				},
				{
					"name": "neck2",
					"parent": "neck",
					"pivot": [-0.1, 42.58449, -9.33244],
					"cubes": [
						{"origin": [-8, 40.98449, -16.33244], "size": [16, 15, 13], "uv": [82, 0]}
					]
				},
				{
					"name": "left_rings",
					"parent": "neck2",
					"pivot": [8.02917, 53.62449, -10.13263]
				},
				{
					"name": "left_ring",
					"parent": "left_rings",
					"pivot": [8.02917, 53.62449, -10.13263],
					"rotation": [7.5, 0, 0],
					"cubes": [
						{"origin": [7.95, 51.58449, -16.33244], "size": [5, 4, 12], "inflate": 0.01, "uv": [168, 148], "mirror": true},
						{"origin": [2.807, 53.58449, -3.24221], "size": [2, 0, 2], "inflate": 0.01, "uv": [0, 5], "mirror": true},
						{"origin": [4.807, 52.58449, -4.24221], "size": [3, 2, 3], "uv": [127, 8], "mirror": true},
						{"origin": [9.94259, 51.58449, -4.44018], "size": [3, 4, 6], "pivot": [12.85108, 53.58449, -4.37976], "rotation": [0, -59, 0], "uv": [72, 115], "mirror": true},
						{"origin": [8.53081, 52.68449, -19.54293], "size": [4, 2, 4], "pivot": [11.92565, 53.68449, -16.1284], "rotation": [0, 47.5, 0], "uv": [136, 84], "mirror": true},
						{"origin": [9.99263, 53.68449, -23.97213], "size": [3, 0, 5], "inflate": 0.01, "pivot": [11.92565, 53.68449, -16.1284], "rotation": [0, 62.5, 0], "uv": [63, 59], "mirror": true}
					]
				},
				{
					"name": "left_ring2",
					"parent": "left_rings",
					"pivot": [9.42396, 45.63449, -13.95767],
					"rotation": [7.5, 0, 0],
					"cubes": [
						{"origin": [7.95, 43.58449, -6.33244], "size": [3, 4, 5], "uv": [0, 54], "mirror": true},
						{"origin": [7.975, 44.08449, -2.08244], "size": [2, 3, 5], "pivot": [9.45, 45.58449, -1.83244], "rotation": [22.5, 0, 0], "uv": [127, 0], "mirror": true},
						{"origin": [7.95, 43.58449, -17.33244], "size": [5, 4, 11], "uv": [34, 171], "mirror": true},
						{"origin": [8.93489, 44.68449, -21.0081], "size": [4, 2, 4], "pivot": [12.5292, 45.68449, -16.73195], "rotation": [0, 45, 0], "uv": [124, 82], "mirror": true},
						{"origin": [10.99263, 45.68449, -23.97213], "size": [3, 0, 5], "inflate": 0.01, "pivot": [11.92565, 53.68449, -16.1284], "rotation": [0, 62.5, 0], "uv": [63, 59], "mirror": true}
					]
				},
				{
					"name": "left_ing",
					"parent": "left_ring2",
					"pivot": [8.975, 46.58449, 1.91756],
					"cubes": [
						{"origin": [8.975, 31.08449, 1.91756], "size": [0, 43, 49], "inflate": 0.01, "uv": [70, 160], "mirror": true},
						{"origin": [9, 41.08449, 12.91756], "size": [3, 4, 4], "uv": [183, 206], "mirror": true},
						{"origin": [12, 41.58449, 13.41756], "size": [4, 3, 3], "uv": [184, 215], "mirror": true},
						{"origin": [16, 42.08449, 13.91756], "size": [4, 2, 2], "uv": [184, 222], "mirror": true},
						{"origin": [9, 44.08449, 21.91756], "size": [3, 4, 4], "uv": [183, 206], "mirror": true},
						{"origin": [12, 44.58449, 22.41756], "size": [4, 3, 3], "uv": [184, 215], "mirror": true},
						{"origin": [16, 45.08449, 22.91756], "size": [4, 2, 2], "uv": [184, 222], "mirror": true},
						{"origin": [9, 48.08449, 30.91756], "size": [3, 4, 4], "uv": [183, 206], "mirror": true},
						{"origin": [12, 48.58449, 31.41756], "size": [4, 3, 3], "uv": [184, 215], "mirror": true},
						{"origin": [16, 49.08449, 31.91756], "size": [4, 2, 2], "uv": [184, 222], "mirror": true}
					]
				},
				{
					"name": "right_rings",
					"parent": "neck2",
					"pivot": [-8.02917, 53.62449, -10.13263]
				},
				{
					"name": "right_ring",
					"parent": "right_rings",
					"pivot": [-8.02917, 53.62449, -10.13263],
					"rotation": [7.5, 0, 0],
					"cubes": [
						{"origin": [-12.95, 51.58449, -16.33244], "size": [5, 4, 12], "inflate": 0.01, "uv": [168, 148]},
						{"origin": [-4.807, 53.58449, -3.24221], "size": [2, 0, 2], "inflate": 0.01, "uv": [0, 5]},
						{"origin": [-7.807, 52.58449, -4.24221], "size": [3, 2, 3], "uv": [127, 8]},
						{"origin": [-12.94259, 51.58449, -4.44018], "size": [3, 4, 6], "pivot": [-12.85108, 53.58449, -4.37976], "rotation": [0, 59, 0], "uv": [72, 115]},
						{"origin": [-12.53081, 52.68449, -19.54293], "size": [4, 2, 4], "pivot": [-11.92565, 53.68449, -16.1284], "rotation": [0, -47.5, 0], "uv": [136, 84]},
						{"origin": [-12.99263, 53.68449, -23.97213], "size": [3, 0, 5], "inflate": 0.01, "pivot": [-11.92565, 53.68449, -16.1284], "rotation": [0, -62.5, 0], "uv": [63, 59]}
					]
				},
				{
					"name": "right_ring2",
					"parent": "right_rings",
					"pivot": [-9.42396, 45.63449, -13.95767],
					"rotation": [7.5, 0, 0],
					"cubes": [
						{"origin": [-10.95, 43.58449, -6.33244], "size": [3, 4, 5], "uv": [0, 54]},
						{"origin": [-9.975, 44.08449, -2.08244], "size": [2, 3, 5], "pivot": [-9.45, 45.58449, -1.83244], "rotation": [22.5, 0, 0], "uv": [127, 0]},
						{"origin": [-12.95, 43.58449, -17.33244], "size": [5, 4, 11], "uv": [34, 171]},
						{"origin": [-12.93489, 44.68449, -21.0081], "size": [4, 2, 4], "pivot": [-12.5292, 45.68449, -16.73195], "rotation": [0, -45, 0], "uv": [124, 82]},
						{"origin": [-13.99263, 45.68449, -23.97213], "size": [3, 0, 5], "inflate": 0.01, "pivot": [-11.92565, 53.68449, -16.1284], "rotation": [0, -62.5, 0], "uv": [63, 59]}
					]
				},
				{
					"name": "right_ing",
					"parent": "right_ring2",
					"pivot": [-8.975, 46.58449, 1.91756],
					"cubes": [
						{"origin": [-8.975, 31.08449, 1.91756], "size": [0, 43, 49], "inflate": 0.01, "uv": [70, 160]},
						{"origin": [-12, 41.08449, 12.91756], "size": [3, 4, 4], "uv": [183, 206]},
						{"origin": [-16, 41.58449, 13.41756], "size": [4, 3, 3], "uv": [184, 215]},
						{"origin": [-20, 42.08449, 13.91756], "size": [4, 2, 2], "uv": [184, 222]},
						{"origin": [-12, 44.08449, 21.91756], "size": [3, 4, 4], "uv": [183, 206]},
						{"origin": [-16, 44.58449, 22.41756], "size": [4, 3, 3], "uv": [184, 215]},
						{"origin": [-20, 45.08449, 22.91756], "size": [4, 2, 2], "uv": [184, 222]},
						{"origin": [-12, 48.08449, 30.91756], "size": [3, 4, 4], "uv": [183, 206]},
						{"origin": [-16, 48.58449, 31.41756], "size": [4, 3, 3], "uv": [184, 215]},
						{"origin": [-20, 49.08449, 31.91756], "size": [4, 2, 2], "uv": [184, 222]}
					]
				},
				{
					"name": "neck3",
					"parent": "neck2",
					"pivot": [-0.05, 54.08449, -9.33244],
					"cubes": [
						{"origin": [-6.45, 53.98449, -15.33244], "size": [13, 9, 11], "uv": [141, 82]}
					]
				},
				{
					"name": "head",
					"parent": "neck3",
					"pivot": [-0.06611, 62.39547, -9.89439],
					"cubes": [
						{"origin": [7.29454, 64.58221, -14.33667], "size": [7, 6, 7], "pivot": [1.29885, 38.55021, 0.5692], "rotation": [0, 45, 0], "uv": [0, 0]},
						{"origin": [-5.0516, 64.58221, -14.21043], "size": [10, 6, 7], "inflate": 0.01, "uv": [168, 102]},
						{"origin": [-14.05566, 67.83221, -12.21714], "size": [7, 4, 0], "pivot": [1.49164, 38.60021, 1.51996], "rotation": [0, -44.3, 0], "uv": [214, 17]},
						{"origin": [4.9686, 67.83221, -14.28114], "size": [0, 7, 5], "uv": [209, 20]},
						{"origin": [-5.0686, 67.83221, -14.28114], "size": [0, 7, 5], "uv": [209, 20], "mirror": true},
						{"origin": [-5.0696, 67.83221, -14.28114], "size": [7, 4, 0], "pivot": [-5.0696, 69.33221, -14.28114], "rotation": [0, 44.3, 0], "uv": [214, 17], "mirror": true},
						{"origin": [-1.77545, 66.83221, -18.47163], "size": [2, 1, 0], "pivot": [-0.77545, 67.33221, -18.47163], "rotation": [0, 44.3, 0], "uv": [0, 2], "mirror": true},
						{"origin": [-0.32555, 66.83221, -18.47163], "size": [2, 1, 0], "pivot": [0.67445, 67.33221, -18.47163], "rotation": [0, -44.3, 0], "uv": [0, 2]},
						{"origin": [12.79454, 63.58221, -14.12957], "size": [2, 1, 0], "pivot": [1.29885, 38.15021, 1.27631], "rotation": [0, 45, 0], "uv": [24, 29]},
						{"origin": [-14.04844, 63.58221, -12.3608], "size": [2, 1, 0], "pivot": [1.15743, 38.15021, 1.13489], "rotation": [0, -45, 0], "uv": [24, 28]}
					]
				},
				{
					"name": "helmet",
					"parent": "head",
					"pivot": [-5.948, 60.22666, -15.57429],
					"cubes": [
						{"origin": [-8.077, 62.18421, -14.20843], "size": [16, 8, 12], "inflate": 0.01, "uv": [124, 62]},
						{"origin": [-12.077, 63.43421, -12.70843], "size": [4, 6, 7], "inflate": 0.01, "uv": [189, 86]},
						{"origin": [-16.077, 64.43421, -11.20843], "size": [4, 4, 4], "inflate": 0.01, "uv": [203, 66]},
						{"origin": [8.077, 63.43421, -12.70843], "size": [4, 6, 7], "inflate": 0.01, "uv": [189, 86], "mirror": true},
						{"origin": [12.077, 64.43421, -11.20843], "size": [4, 4, 4], "inflate": 0.01, "uv": [203, 66], "mirror": true}
					]
				},
				{
					"name": "helmet_horn",
					"parent": "helmet",
					"pivot": [-5.448, 60.22666, -15.57429],
					"rotation": [0, -22.5, 0],
					"cubes": [
						{"origin": [-6.448, 46.93813, -28.59171], "size": [2, 8, 4], "inflate": 0.01, "pivot": [-0.29885, 38.55021, 0.5692], "rotation": [-35, 0, 0], "uv": [0, 91]},
						{"origin": [-6.198, 60.27666, -20.57429], "size": [0, 3, 5], "inflate": 0.01, "pivot": [-5.448, 60.22666, -15.57429], "rotation": [10, -22.5, 0], "uv": [57, 86]}
					]
				},
				{
					"name": "helmet_horn2",
					"parent": "helmet",
					"pivot": [5.448, 60.22666, -15.57429],
					"rotation": [0, 22.5, 0],
					"cubes": [
						{"origin": [4.448, 46.93813, -28.59171], "size": [2, 8, 4], "inflate": 0.01, "pivot": [0.29885, 38.55021, 0.5692], "rotation": [-35, 0, 0], "uv": [0, 91], "mirror": true},
						{"origin": [6.198, 60.27666, -20.57429], "size": [0, 3, 5], "inflate": 0.01, "pivot": [5.448, 60.22666, -15.57429], "rotation": [10, 22.5, 0], "uv": [57, 86], "mirror": true}
					]
				},
				{
					"name": "right_eye",
					"parent": "head",
					"pivot": [1.29885, 38.55021, 0.5692],
					"cubes": [
						{"origin": [8.29454, 66.03221, -14.3619], "size": [3, 2, 0], "pivot": [1.29885, 38.55021, 0.5692], "rotation": [0, 45, 0], "uv": [24, 26]},
						{"origin": [9.549, 67.03221, -14.37], "size": [1, 1, 0], "pivot": [1.29885, 38.55021, 0.5692], "rotation": [0, 45, 0], "uv": [0, 0]},
						{"origin": [9.699, 67.28221, -14.58], "size": [1, 1, 1], "inflate": -0.2, "pivot": [1.29885, 38.55021, 0.5692], "rotation": [0, 45, 0], "uv": [90, 1]}
					]
				},
				{
					"name": "left_eye",
					"parent": "head",
					"pivot": [-1.39885, 38.55021, 0.5692],
					"cubes": [
						{"origin": [-11.39454, 66.03221, -14.3619], "size": [3, 2, 0], "pivot": [-1.39885, 38.55021, 0.5692], "rotation": [0, -45, 0], "uv": [24, 26], "mirror": true},
						{"origin": [-10.649, 67.03221, -14.37], "size": [1, 1, 0], "pivot": [-1.39885, 38.55021, 0.5692], "rotation": [0, -45, 0], "uv": [0, 0], "mirror": true},
						{"origin": [-10.799, 67.28221, -14.58], "size": [1, 1, 1], "inflate": -0.2, "pivot": [-1.39885, 38.55021, 0.5692], "rotation": [0, -45, 0], "uv": [90, 1], "mirror": true}
					]
				},
				{
					"name": "jaw",
					"parent": "head",
					"pivot": [-0.05185, 64.58221, -14.21043],
					"cubes": [
						{"origin": [-3.55185, 62.58221, -17.71043], "size": [7, 2, 7], "inflate": -0.01, "pivot": [-0.05185, 63.08221, -14.21043], "rotation": [0, 45, 0], "uv": [36, 91]}
					]
				},
				{
					"name": "body2",
					"parent": "torso",
					"pivot": [0, 29, 11.3],
					"cubes": [
						{"origin": [-13.01, 15.01, 15.01], "size": [26, 21, 16], "inflate": 0.01, "uv": [0, 54]}
					]
				},
				{
					"name": "tail",
					"parent": "body2",
					"pivot": [-0.102, 22.052, 30.562],
					"cubes": [
						{"origin": [-6.602, 16.052, 30.062], "size": [13, 12, 11], "inflate": 0.01, "uv": [132, 137]}
					]
				},
				{
					"name": "tail2",
					"parent": "tail",
					"pivot": [-0.102, 21.552, 40.062],
					"cubes": [
						{"origin": [-4.602, 17.552, 40.062], "size": [9, 8, 10], "inflate": 0.01, "uv": [170, 127]}
					]
				},
				{
					"name": "tail3",
					"parent": "tail2",
					"pivot": [-0.102, 21.052, 49.062],
					"cubes": [
						{"origin": [-2.602, 18.552, 49.062], "size": [5, 5, 8], "inflate": 0.01, "uv": [0, 13]}
					]
				},
				{
					"name": "left_legs",
					"parent": "body",
					"pivot": [18.86795, 24.80135, -12.9]
				},
				{
					"name": "left_leg",
					"parent": "left_legs",
					"pivot": [12.6755, 22.90777, -9.86],
					"cubes": [
						{"origin": [7.6755, 7.40777, -15.86], "size": [12, 22, 12], "inflate": 0.01, "pivot": [14.6755, 15.90777, -9.86], "rotation": [0, 0, -22.5], "uv": [7, 204]}
					]
				},
				{
					"name": "left_ring_leg",
					"parent": "left_leg",
					"pivot": [21.06196, 11.51714, -9.86],
					"cubes": [
						{"origin": [11.3562, 4.16868, -14.86], "size": [2, 4, 10], "pivot": [2.37385, 35.20021, -1.1308], "rotation": [0, 0, -22.5], "uv": [188, 0]},
						{"origin": [19.28757, 10.19342, -16.56711], "size": [4, 3, 2], "pivot": [21.28757, 12.69342, -15.56711], "rotation": [0, -45, -22.5], "uv": [74, 186]},
						{"origin": [6.89777, 6.30953, -17.68843], "size": [4, 0, 2], "pivot": [2.91543, 34.34106, -0.95923], "rotation": [0, 0, -22.5], "uv": [130, 145]},
						{"origin": [18.90489, 10.1173, -5.15289], "size": [4, 3, 2], "pivot": [20.90489, 13.6173, -4.15289], "rotation": [0, 45, -22.5], "uv": [62, 186]},
						{"origin": [6.51509, 6.23341, -4.03157], "size": [4, 0, 2], "pivot": [2.53275, 35.26494, -18.76077], "rotation": [0, 0, -22.5], "uv": [0, 145]}
					]
				},
				{
					"name": "right_ring_leg",
					"parent": "left_leg",
					"pivot": [1.93804, 6.51714, -9.86],
					"cubes": [
						{"origin": [8.66691, 4.56182, -14.86], "size": [2, 4, 10], "uv": [0, 187]},
						{"origin": [12.98277, 5.06182, -15.27942], "size": [4, 3, 2], "pivot": [11.33112, 6.56132, -9.86], "rotation": [0, 45, 0], "uv": [38, 186]},
						{"origin": [11.49534, 6.56082, -17.68843], "size": [4, 0, 2], "uv": [142, 82]},
						{"origin": [12.98277, 5.06182, -6.44058], "size": [4, 3, 2], "pivot": [11.33112, 6.56132, -9.86], "rotation": [0, -45, 0], "uv": [140, 182]},
						{"origin": [11.49534, 6.56082, -4.03157], "size": [4, 0, 2], "uv": [142, 0]}
					]
				},
				{
					"name": "left_foot",
					"parent": "left_leg",
					"pivot": [22.52865, 9.86821, -10.27359],
					"cubes": [
						{"origin": [10.54771, -0.03179, -15.86], "size": [12, 10, 12], "uv": [168, 44]},
						{"origin": [16.54771, -0.03179, -21.86], "size": [0, 4, 6], "uv": [48, 104]},
						{"origin": [15.04771, -0.03179, -19.86], "size": [3, 2, 4], "uv": [176, 0]},
						{"origin": [11.74771, -0.03179, -18.56], "size": [0, 2, 4], "pivot": [14.54771, 0.96821, -15.36], "rotation": [0, -22.5, 0], "uv": [132, 139]},
						{"origin": [19.05229, -0.03179, -6.66], "size": [0, 2, 4], "pivot": [-12.54771, 0.96821, -15.36], "rotation": [0, 22.5, 0], "uv": [132, 137]}
					]
				},
				{
					"name": "left_leg2",
					"parent": "left_legs",
					"pivot": [12.6755, 22.90777, 7.89],
					"cubes": [
						{"origin": [7.6755, 7.40777, 1.89], "size": [12, 22, 12], "inflate": 0.01, "pivot": [14.6755, 15.90777, 7.89], "rotation": [0, 0, -22.5], "uv": [7, 204]}
					]
				},
				{
					"name": "left_ring_leg2",
					"parent": "left_leg2",
					"pivot": [21.06196, 11.51714, 7.89],
					"cubes": [
						{"origin": [11.3562, 4.16868, 2.89], "size": [2, 4, 10], "pivot": [2.37385, 35.20021, 16.6192], "rotation": [0, 0, -22.5], "uv": [188, 0]},
						{"origin": [19.28757, 10.19342, 1.18289], "size": [4, 3, 2], "pivot": [21.28757, 12.69342, 2.18289], "rotation": [0, -45, -22.5], "uv": [74, 186]},
						{"origin": [6.89777, 6.30953, 0.06157], "size": [4, 0, 2], "pivot": [2.91543, 34.34106, 16.79077], "rotation": [0, 0, -22.5], "uv": [130, 145]},
						{"origin": [18.90489, 10.1173, 12.59711], "size": [4, 3, 2], "pivot": [20.90489, 13.6173, 13.59711], "rotation": [0, 45, -22.5], "uv": [62, 186]},
						{"origin": [6.51509, 6.23341, 13.71843], "size": [4, 0, 2], "pivot": [2.53275, 35.26494, -1.01077], "rotation": [0, 0, -22.5], "uv": [0, 145]}
					]
				},
				{
					"name": "right_ring_leg2",
					"parent": "left_leg2",
					"pivot": [1.93804, 6.51714, 7.89],
					"cubes": [
						{"origin": [8.66691, 4.56182, 2.89], "size": [2, 4, 10], "uv": [0, 187]},
						{"origin": [12.98277, 5.06182, 2.47058], "size": [4, 3, 2], "pivot": [11.33112, 6.56132, 7.89], "rotation": [0, 45, 0], "uv": [38, 186]},
						{"origin": [11.49534, 6.56082, 0.06157], "size": [4, 0, 2], "uv": [142, 82]},
						{"origin": [12.98277, 5.06182, 11.30942], "size": [4, 3, 2], "pivot": [11.33112, 6.56132, 7.89], "rotation": [0, -45, 0], "uv": [140, 182]},
						{"origin": [11.49534, 6.56082, 13.71843], "size": [4, 0, 2], "uv": [142, 0]}
					]
				},
				{
					"name": "left_foot2",
					"parent": "left_leg2",
					"pivot": [22.52865, 9.86821, 7.47641],
					"cubes": [
						{"origin": [10.54771, -0.03179, 1.89], "size": [12, 10, 12], "uv": [168, 44]},
						{"origin": [16.54771, -0.03179, -4.11], "size": [0, 4, 6], "uv": [48, 104]},
						{"origin": [15.04771, -0.03179, -2.11], "size": [3, 2, 4], "uv": [176, 0]},
						{"origin": [11.74771, -0.03179, -0.81], "size": [0, 2, 4], "pivot": [14.54771, 0.96821, 2.39], "rotation": [0, -22.5, 0], "uv": [132, 139]},
						{"origin": [19.05229, -0.03179, 11.09], "size": [0, 2, 4], "pivot": [-12.54771, 0.96821, 2.39], "rotation": [0, 22.5, 0], "uv": [132, 137]}
					]
				},
				{
					"name": "left_leg3",
					"parent": "left_legs",
					"pivot": [12.6755, 22.90777, 24.14],
					"cubes": [
						{"origin": [7.6755, 7.40777, 18.14], "size": [12, 22, 12], "inflate": 0.01, "pivot": [14.6755, 15.90777, 24.14], "rotation": [0, 0, -22.5], "uv": [7, 204]}
					]
				},
				{
					"name": "left_ring_leg3",
					"parent": "left_leg3",
					"pivot": [21.06196, 11.51714, 24.14],
					"cubes": [
						{"origin": [11.3562, 4.16868, 19.14], "size": [2, 4, 10], "pivot": [2.37385, 35.20021, 32.8692], "rotation": [0, 0, -22.5], "uv": [188, 0]},
						{"origin": [19.28757, 10.19342, 17.43289], "size": [4, 3, 2], "pivot": [21.28757, 12.69342, 18.43289], "rotation": [0, -45, -22.5], "uv": [74, 186]},
						{"origin": [6.89777, 6.30953, 16.31157], "size": [4, 0, 2], "pivot": [2.91543, 34.34106, 33.04077], "rotation": [0, 0, -22.5], "uv": [130, 145]},
						{"origin": [18.90489, 10.1173, 28.84711], "size": [4, 3, 2], "pivot": [20.90489, 13.6173, 29.84711], "rotation": [0, 45, -22.5], "uv": [62, 186]},
						{"origin": [6.51509, 6.23341, 29.96843], "size": [4, 0, 2], "pivot": [2.53275, 35.26494, 15.23923], "rotation": [0, 0, -22.5], "uv": [0, 145]}
					]
				},
				{
					"name": "right_ring_leg3",
					"parent": "left_leg3",
					"pivot": [1.93804, 6.51714, 24.14],
					"cubes": [
						{"origin": [8.66691, 4.56182, 19.14], "size": [2, 4, 10], "uv": [0, 187]},
						{"origin": [12.98277, 5.06182, 18.72058], "size": [4, 3, 2], "pivot": [11.33112, 6.56132, 24.14], "rotation": [0, 45, 0], "uv": [38, 186]},
						{"origin": [11.49534, 6.56082, 16.31157], "size": [4, 0, 2], "uv": [142, 82]},
						{"origin": [12.98277, 5.06182, 27.55942], "size": [4, 3, 2], "pivot": [11.33112, 6.56132, 24.14], "rotation": [0, -45, 0], "uv": [140, 182]},
						{"origin": [11.49534, 6.56082, 29.96843], "size": [4, 0, 2], "uv": [142, 0]}
					]
				},
				{
					"name": "left_foot3",
					"parent": "left_leg3",
					"pivot": [22.52865, 9.86821, 23.72641],
					"cubes": [
						{"origin": [10.54771, -0.03179, 18.14], "size": [12, 10, 12], "uv": [168, 44]},
						{"origin": [16.54771, -0.03179, 12.14], "size": [0, 4, 6], "uv": [48, 104]},
						{"origin": [15.04771, -0.03179, 14.14], "size": [3, 2, 4], "uv": [176, 0]},
						{"origin": [11.74771, -0.03179, 15.44], "size": [0, 2, 4], "pivot": [14.54771, 0.96821, 18.64], "rotation": [0, -22.5, 0], "uv": [132, 139]},
						{"origin": [19.05229, -0.03179, 27.34], "size": [0, 2, 4], "pivot": [-12.54771, 0.96821, 18.64], "rotation": [0, 22.5, 0], "uv": [132, 137]}
					]
				},
				{
					"name": "right_legs",
					"parent": "body",
					"pivot": [-18.86795, 24.80135, -12.9]
				},
				{
					"name": "right_leg",
					"parent": "right_legs",
					"pivot": [-12.6755, 22.90777, -9.86],
					"cubes": [
						{"origin": [-19.6755, 7.40777, -15.86], "size": [12, 22, 12], "inflate": 0.01, "pivot": [-14.6755, 15.90777, -9.86], "rotation": [0, 0, 22.5], "uv": [7, 204], "mirror": true}
					]
				},
				{
					"name": "left_ring_leg4",
					"parent": "right_leg",
					"pivot": [-21.06196, 11.51714, -9.86],
					"cubes": [
						{"origin": [-13.3562, 4.16868, -14.86], "size": [2, 4, 10], "pivot": [-2.37385, 35.20021, -1.1308], "rotation": [0, 0, 22.5], "uv": [188, 0], "mirror": true},
						{"origin": [-23.28757, 10.19342, -16.56711], "size": [4, 3, 2], "pivot": [-21.28757, 12.69342, -15.56711], "rotation": [0, 45, 22.5], "uv": [74, 186], "mirror": true},
						{"origin": [-10.89777, 6.30953, -17.68843], "size": [4, 0, 2], "pivot": [-2.91543, 34.34106, -0.95923], "rotation": [0, 0, 22.5], "uv": [130, 145], "mirror": true},
						{"origin": [-22.90489, 10.1173, -5.15289], "size": [4, 3, 2], "pivot": [-20.90489, 13.6173, -4.15289], "rotation": [0, -45, 22.5], "uv": [62, 186], "mirror": true},
						{"origin": [-10.51509, 6.23341, -4.03157], "size": [4, 0, 2], "pivot": [-2.53275, 35.26494, -18.76077], "rotation": [0, 0, 22.5], "uv": [0, 145], "mirror": true}
					]
				},
				{
					"name": "right_ring_leg4",
					"parent": "right_leg",
					"pivot": [-1.93804, 6.51714, -9.86],
					"cubes": [
						{"origin": [-10.66691, 4.56182, -14.86], "size": [2, 4, 10], "uv": [0, 187], "mirror": true},
						{"origin": [-16.98277, 5.06182, -15.27942], "size": [4, 3, 2], "pivot": [-11.33112, 6.56132, -9.86], "rotation": [0, -45, 0], "uv": [38, 186], "mirror": true},
						{"origin": [-15.49534, 6.56082, -17.68843], "size": [4, 0, 2], "uv": [142, 82], "mirror": true},
						{"origin": [-16.98277, 5.06182, -6.44058], "size": [4, 3, 2], "pivot": [-11.33112, 6.56132, -9.86], "rotation": [0, 45, 0], "uv": [140, 182], "mirror": true},
						{"origin": [-15.49534, 6.56082, -4.03157], "size": [4, 0, 2], "uv": [142, 0], "mirror": true}
					]
				},
				{
					"name": "right_foot",
					"parent": "right_leg",
					"pivot": [-22.52865, 9.86821, -10.27359],
					"cubes": [
						{"origin": [-22.54771, -0.03179, -15.86], "size": [12, 10, 12], "uv": [168, 44], "mirror": true},
						{"origin": [-16.54771, -0.03179, -21.86], "size": [0, 4, 6], "uv": [48, 104], "mirror": true},
						{"origin": [-18.04771, -0.03179, -19.86], "size": [3, 2, 4], "uv": [176, 0], "mirror": true},
						{"origin": [-11.74771, -0.03179, -18.56], "size": [0, 2, 4], "pivot": [-14.54771, 0.96821, -15.36], "rotation": [0, 22.5, 0], "uv": [132, 139], "mirror": true},
						{"origin": [-19.05229, -0.03179, -6.66], "size": [0, 2, 4], "pivot": [12.54771, 0.96821, -15.36], "rotation": [0, -22.5, 0], "uv": [132, 137], "mirror": true}
					]
				},
				{
					"name": "right_leg2",
					"parent": "right_legs",
					"pivot": [-12.6755, 22.90777, 7.89],
					"cubes": [
						{"origin": [-19.6755, 7.40777, 1.89], "size": [12, 22, 12], "inflate": 0.01, "pivot": [-14.6755, 15.90777, 7.89], "rotation": [0, 0, 22.5], "uv": [7, 204], "mirror": true}
					]
				},
				{
					"name": "left_ring_leg5",
					"parent": "right_leg2",
					"pivot": [-21.06196, 11.51714, 7.89],
					"cubes": [
						{"origin": [-13.3562, 4.16868, 2.89], "size": [2, 4, 10], "pivot": [-2.37385, 35.20021, 16.6192], "rotation": [0, 0, 22.5], "uv": [188, 0], "mirror": true},
						{"origin": [-23.28757, 10.19342, 1.18289], "size": [4, 3, 2], "pivot": [-21.28757, 12.69342, 2.18289], "rotation": [0, 45, 22.5], "uv": [74, 186], "mirror": true},
						{"origin": [-10.89777, 6.30953, 0.06157], "size": [4, 0, 2], "pivot": [-2.91543, 34.34106, 16.79077], "rotation": [0, 0, 22.5], "uv": [130, 145], "mirror": true},
						{"origin": [-22.90489, 10.1173, 12.59711], "size": [4, 3, 2], "pivot": [-20.90489, 13.6173, 13.59711], "rotation": [0, -45, 22.5], "uv": [62, 186], "mirror": true},
						{"origin": [-10.51509, 6.23341, 13.71843], "size": [4, 0, 2], "pivot": [-2.53275, 35.26494, -1.01077], "rotation": [0, 0, 22.5], "uv": [0, 145], "mirror": true}
					]
				},
				{
					"name": "right_ring_leg5",
					"parent": "right_leg2",
					"pivot": [-1.93804, 6.51714, 7.89],
					"cubes": [
						{"origin": [-10.66691, 4.56182, 2.89], "size": [2, 4, 10], "uv": [0, 187], "mirror": true},
						{"origin": [-16.98277, 5.06182, 2.47058], "size": [4, 3, 2], "pivot": [-11.33112, 6.56132, 7.89], "rotation": [0, -45, 0], "uv": [38, 186], "mirror": true},
						{"origin": [-15.49534, 6.56082, 0.06157], "size": [4, 0, 2], "uv": [142, 82], "mirror": true},
						{"origin": [-16.98277, 5.06182, 11.30942], "size": [4, 3, 2], "pivot": [-11.33112, 6.56132, 7.89], "rotation": [0, 45, 0], "uv": [140, 182], "mirror": true},
						{"origin": [-15.49534, 6.56082, 13.71843], "size": [4, 0, 2], "uv": [142, 0], "mirror": true}
					]
				},
				{
					"name": "right_foot2",
					"parent": "right_leg2",
					"pivot": [-22.52865, 9.86821, 7.47641],
					"cubes": [
						{"origin": [-22.54771, -0.03179, 1.89], "size": [12, 10, 12], "uv": [168, 44], "mirror": true},
						{"origin": [-16.54771, -0.03179, -4.11], "size": [0, 4, 6], "uv": [48, 104], "mirror": true},
						{"origin": [-18.04771, -0.03179, -2.11], "size": [3, 2, 4], "uv": [176, 0], "mirror": true},
						{"origin": [-11.74771, -0.03179, -0.81], "size": [0, 2, 4], "pivot": [-14.54771, 0.96821, 2.39], "rotation": [0, 22.5, 0], "uv": [132, 139], "mirror": true},
						{"origin": [-19.05229, -0.03179, 11.09], "size": [0, 2, 4], "pivot": [12.54771, 0.96821, 2.39], "rotation": [0, -22.5, 0], "uv": [132, 137], "mirror": true}
					]
				},
				{
					"name": "right_leg3",
					"parent": "right_legs",
					"pivot": [-12.6755, 22.90777, 24.14],
					"cubes": [
						{"origin": [-19.6755, 7.40777, 18.14], "size": [12, 22, 12], "inflate": 0.01, "pivot": [-14.6755, 15.90777, 24.14], "rotation": [0, 0, 22.5], "uv": [7, 204], "mirror": true}
					]
				},
				{
					"name": "left_ring_leg6",
					"parent": "right_leg3",
					"pivot": [-21.06196, 11.51714, 24.14],
					"cubes": [
						{"origin": [-13.3562, 4.16868, 19.14], "size": [2, 4, 10], "pivot": [-2.37385, 35.20021, 32.8692], "rotation": [0, 0, 22.5], "uv": [188, 0], "mirror": true},
						{"origin": [-23.28757, 10.19342, 17.43289], "size": [4, 3, 2], "pivot": [-21.28757, 12.69342, 18.43289], "rotation": [0, 45, 22.5], "uv": [74, 186], "mirror": true},
						{"origin": [-10.89777, 6.30953, 16.31157], "size": [4, 0, 2], "pivot": [-2.91543, 34.34106, 33.04077], "rotation": [0, 0, 22.5], "uv": [130, 145], "mirror": true},
						{"origin": [-22.90489, 10.1173, 28.84711], "size": [4, 3, 2], "pivot": [-20.90489, 13.6173, 29.84711], "rotation": [0, -45, 22.5], "uv": [62, 186], "mirror": true},
						{"origin": [-10.51509, 6.23341, 29.96843], "size": [4, 0, 2], "pivot": [-2.53275, 35.26494, 15.23923], "rotation": [0, 0, 22.5], "uv": [0, 145], "mirror": true}
					]
				},
				{
					"name": "right_ring_leg6",
					"parent": "right_leg3",
					"pivot": [-1.93804, 6.51714, 24.14],
					"cubes": [
						{"origin": [-10.66691, 4.56182, 19.14], "size": [2, 4, 10], "uv": [0, 187], "mirror": true},
						{"origin": [-16.98277, 5.06182, 18.72058], "size": [4, 3, 2], "pivot": [-11.33112, 6.56132, 24.14], "rotation": [0, -45, 0], "uv": [38, 186], "mirror": true},
						{"origin": [-15.49534, 6.56082, 16.31157], "size": [4, 0, 2], "uv": [142, 82], "mirror": true},
						{"origin": [-16.98277, 5.06182, 27.55942], "size": [4, 3, 2], "pivot": [-11.33112, 6.56132, 24.14], "rotation": [0, 45, 0], "uv": [140, 182], "mirror": true},
						{"origin": [-15.49534, 6.56082, 29.96843], "size": [4, 0, 2], "uv": [142, 0], "mirror": true}
					]
				},
				{
					"name": "right_foot3",
					"parent": "right_leg3",
					"pivot": [-22.52865, 9.86821, 23.72641],
					"cubes": [
						{"origin": [-22.54771, -0.03179, 18.14], "size": [12, 10, 12], "uv": [168, 44], "mirror": true},
						{"origin": [-16.54771, -0.03179, 12.14], "size": [0, 4, 6], "uv": [48, 104], "mirror": true},
						{"origin": [-18.04771, -0.03179, 14.14], "size": [3, 2, 4], "uv": [176, 0], "mirror": true},
						{"origin": [-11.74771, -0.03179, 15.44], "size": [0, 2, 4], "pivot": [-14.54771, 0.96821, 18.64], "rotation": [0, 22.5, 0], "uv": [132, 139], "mirror": true},
						{"origin": [-19.05229, -0.03179, 27.34], "size": [0, 2, 4], "pivot": [12.54771, 0.96821, 18.64], "rotation": [0, -22.5, 0], "uv": [132, 137], "mirror": true}
					]
				}
			]
		}
	]
}