{
	"format_version": "1.12.0",
	"minecraft:geometry": [
		{
			"description": {
				"identifier": "geometry.electric_infernape",
				"texture_width": 128,
				"texture_height": 128,
				"visible_bounds_width": 5,
				"visible_bounds_height": 4.5,
				"visible_bounds_offset": [0, 1.75, 0]
			},
			"bones": [
				{
					"name": "electric_infernape",
					"pivot": [0, 0, 0]
				},
				{
					"name": "body",
					"parent": "electric_infernape",
					"pivot": [0, 0, 0]
				},
				{
					"name": "waist",
					"parent": "body",
					"pivot": [0, 21.5, 0],
					"cubes": [
						{"origin": [-4.5, 19.25, -2.5], "size": [9, 5, 5], "uv": [0, 32]}
					]
				},
				{
					"name": "torso",
					"parent": "waist",
					"pivot": [0, 24.25, 2.5],
					"cubes": [
						{"origin": [-3.5, 24.25, -2.5], "size": [7, 5, 5], "uv": [42, 44]}
					]
				},
				{
					"name": "torso_ruff",
					"parent": "torso",
					"pivot": [0, 26.5, 0]
				},
				{
					"name": "torso_ruff_right",
					"parent": "torso_ruff",
					"pivot": [-3.5, 26.5, 0],
					"rotation": [0, 0, -60],
					"cubes": [
						{"origin": [-9.5, 26.5, -3.5], "size": [6, 0, 7], "uv": [40, 37]}
					]
				},
				{
					"name": "torso_ruff_front",
					"parent": "torso_ruff",
					"pivot": [0, 26.5, -2.5],
					"rotation": [70, 0, 0],
					"cubes": [
						{"origin": [-5.5, 26.5, -8.5], "size": [11, 0, 6], "uv": [22, 0]}
					]
				},
				{
					"name": "torso_ruff_left",
					"parent": "torso_ruff",
					"pivot": [3.5, 26.5, 0],
					"rotation": [0, 0, 60],
					"cubes": [
						{"origin": [3.5, 26.5, -3.5], "size": [6, 0, 7], "uv": [41, 11]}
					]
				},
				{
					"name": "torso_ruff_back",
					"parent": "torso_ruff",
					"pivot": [0, 26.5, 2.5],
					"rotation": [-75, 0, 0],
					"cubes": [
						{"origin": [-5.5, 26.5, 2.5], "size": [11, 0, 6], "uv": [20, 15]}
					]
				},
				{
					"name": "torso_ruff_back2",
					"parent": "torso_ruff_back",
					"pivot": [0, 26.5, 8.5],
					"rotation": [12.5, 0, 0],
					"cubes": [
						{"origin": [-4, 26.5, 8.5], "size": [8, 0, 5], "uv": [51, 0]}
					]
				},
				{
					"name": "chest",
					"parent": "torso",
					"pivot": [0, 28.5, 0],
					"cubes": [
						{"origin": [-4, 28.5, -3], "size": [8, 8, 6], "uv": [26, 23]}
					]
				},
				{
					"name": "neck",
					"parent": "chest",
					"pivot": [0, 36.5, 0],
					"cubes": [
						{"origin": [-2, 34.5, -2], "size": [4, 6, 4], "uv": [32, 70]}
					]
				},
				{
					"name": "head",
					"parent": "neck",
					"pivot": [0, 38.25, 0]
				},
				{
					"name": "head_correction",
					"parent": "head",
					"pivot": [0, 38.25, 0]
				},
				{
					"name": "head_ai",
					"parent": "head_correction",
					"pivot": [0, 38.25, 0]
				},
				{
					"name": "head_angle",
					"parent": "head_ai",
					"pivot": [0, 38.25, 0],
					"cubes": [
						{"origin": [-5, 38.25, -5], "size": [10, 7, 8], "uv": [0, 0]}
					]
				},
				{
					"name": "lightning_hair1",
					"parent": "head_angle",
					"pivot": [0, 44.25, -2],
					"rotation": [35, 0, 0],
					"cubes": [
						{"origin": [-1, 42.25, -2], "size": [2, 8, 8], "uv": [93, 23]}
					]
				},
				{
					"name": "lightning_hair2",
					"parent": "lightning_hair1",
					"pivot": [0, 43.25, 6],
					"rotation": [5, 0, 0],
					"cubes": [
						{"origin": [-0.5, 40.25, 4], "size": [1, 6, 8], "uv": [93, 39]}
					]
				},
				{
					"name": "lightning_hair3",
					"parent": "lightning_hair2",
					"pivot": [0, 40.25, 12],
					"rotation": [10, 0, 0],
					"cubes": [
						{"origin": [0, 36.25, 7], "size": [0, 6, 11], "uv": [92, 42]}
					]
				},
				{
					"name": "eyes",
					"parent": "head_angle",
					"pivot": [-0.5, 43.15, -4.5]
				},
				{
					"name": "eye_right",
					"parent": "eyes",
					"pivot": [-2.75, 43.05, -5],
					"rotation": [0, 0, 5],
					"cubes": [
						{"origin": [-4.75, 42.05, -5], "size": [4, 2, 0], "inflate": 0.01, "uv": [0, 89], "mirror": true}
					]
				},
				{
					"name": "eyelid_right",
					"parent": "eye_right",
					"pivot": [-2.75, 43.05, -4.4],
					"cubes": [
						{"origin": [-4.75, 42.05, -4.9], "size": [4, 2, 1], "inflate": 0.02, "uv": [0, 94], "mirror": true}
					]
				},
				{
					"name": "eye_left",
					"parent": "eyes",
					"pivot": [2.75, 43.05, -5],
					"rotation": [0, 0, -5],
					"cubes": [
						{"origin": [0.75, 42.05, -5], "size": [4, 2, 0], "inflate": 0.01, "uv": [0, 87]}
					]
				},
				{
					"name": "eyelid_left",
					"parent": "eye_left",
					"pivot": [2.75, 43.05, -4.4],
					"cubes": [
						{"origin": [0.75, 42.05, -4.9], "size": [4, 2, 1], "inflate": 0.02, "uv": [0, 91]}
					]
				},
				{
					"name": "eyebrows",
					"parent": "head_angle",
					"pivot": [0, 42.1, -5.95],
					"rotation": [-2.5, 0, 0],
					"cubes": [
						{"origin": [-6, 42.1, -5.95], "size": [6, 2, 1], "pivot": [0, 42.1, -5.95], "rotation": [-5, 0, 26.5], "uv": [78, 73]},
						{"origin": [0, 42.1, -5.95], "size": [6, 2, 1], "pivot": [0, 42.1, -5.95], "rotation": [-5, 0, -26.5], "uv": [29, 80]}
					]
				},
				{
					"name": "muzzle",
					"parent": "head_angle",
					"pivot": [0, 42.25, -5],
					"rotation": [10, 0, 0],
					"cubes": [
						{"origin": [-4, 39.25, -8.5], "size": [8, 3, 4], "uv": [0, 55]},
						{"origin": [-2.4, 38.775, -8.2], "size": [1, 1, 0], "pivot": [-1.9, 39.275, -8.2], "rotation": [0, 0, 45], "uv": [2, 97]},
						{"origin": [-3.65, 38.775, -7.6], "size": [1, 1, 0], "pivot": [-3.15, 39.275, -7.6], "rotation": [40.12074, 32.79775, 57.26759], "uv": [2, 98]},
						{"origin": [-4.1, 38.775, -6.3], "size": [1, 1, 0], "pivot": [-3.6, 39.275, -6.3], "rotation": [93.53329, 44.94549, 92.49762], "uv": [2, 99]},
						{"origin": [1.4, 38.775, -8.2], "size": [1, 1, 0], "pivot": [1.9, 39.275, -8.2], "rotation": [0, 0, -45], "uv": [0, 97], "mirror": true},
						{"origin": [3.1, 38.775, -6.3], "size": [1, 1, 0], "pivot": [3.6, 39.275, -6.3], "rotation": [93.53329, -44.94549, -92.49762], "uv": [0, 99], "mirror": true},
						{"origin": [2.65, 38.775, -7.6], "size": [1, 1, 0], "pivot": [3.15, 39.275, -7.6], "rotation": [40.12074, -32.79775, -57.26759], "uv": [0, 98], "mirror": true}
					]
				},
				{
					"name": "jaw",
					"parent": "muzzle",
					"pivot": [0, 39, -5],
					"cubes": [
						{"origin": [-4, 38.25, -7.25], "size": [8, 1, 3], "uv": [60, 14]},
						{"origin": [-3.5, 38.25, -8.25], "size": [7, 1, 1], "uv": [91, 0]}
					]
				},
				{
					"name": "head_ruff_right",
					"parent": "head_angle",
					"pivot": [-3, 45.75, -5],
					"rotation": [-40, 15, -50],
					"cubes": [
						{"origin": [-5, 45.75, -5], "size": [2, 5, 0], "uv": [42, 37]}
					]
				},
				{
					"name": "head_ruff_front",
					"parent": "head_angle",
					"pivot": [0, 45.25, -5],
					"rotation": [-20, 0, 0],
					"cubes": [
						{"origin": [-4, 45.25, -5], "size": [8, 3, 0], "uv": [78, 70]}
					]
				},
				{
					"name": "head_ruff_left",
					"parent": "head_angle",
					"pivot": [3, 45.75, -5],
					"rotation": [-40, -15, 50],
					"cubes": [
						{"origin": [3, 45.75, -5], "size": [2, 5, 0], "uv": [48, 18]}
					]
				},
				{
					"name": "head_ruff_right_side",
					"parent": "head_angle",
					"pivot": [-5, 38.5, -3.75],
					"rotation": [5, -55, 0],
					"cubes": [
						{"origin": [-5, 38.5, -3.75], "size": [0, 5, 2], "uv": [0, 13]}
					]
				},
				{
					"name": "head_ruff_right_side2",
					"parent": "head_angle",
					"pivot": [-4.25, 42.25, -3],
					"rotation": [35, -30, 0],
					"cubes": [
						{"origin": [-4.25, 39.25, -3], "size": [0, 5, 9], "uv": [24, 45]}
					]
				},
				{
					"name": "head_ruff_left_side",
					"parent": "head_angle",
					"pivot": [5, 38.5, -3.75],
					"rotation": [5, 55, 0],
					"cubes": [
						{"origin": [5, 38.5, -3.75], "size": [0, 5, 2], "uv": [0, 30]}
					]
				},
				{
					"name": "head_ruff_left_side2",
					"parent": "head_angle",
					"pivot": [4.25, 42.25, -3],
					"rotation": [35, 30, 0],
					"cubes": [
						{"origin": [4.25, 39.25, -3], "size": [0, 5, 9], "uv": [24, 40]}
					]
				},
				{
					"name": "ear_right",
					"parent": "head_angle",
					"pivot": [-4.5, 41.5, -3.25],
					"rotation": [-25, -50, 0],
					"cubes": [
						{"origin": [-4.5, 40.25, -3.25], "size": [0, 9, 4], "uv": [0, 74]}
					]
				},
				{
					"name": "ear_left",
					"parent": "head_angle",
					"pivot": [4.5, 41.5, -3.25],
					"rotation": [-25, 50, 0],
					"cubes": [
						{"origin": [4.5, 40.25, -3.25], "size": [0, 9, 4], "uv": [57, 71]}
					]
				},
				{
					"name": "spike_back_right",
					"parent": "head_angle",
					"pivot": [-1.25, 42, 3],
					"rotation": [15, -20, 0],
					"cubes": [
						{"origin": [-1.25, 42, 2.5], "size": [0, 2, 4], "uv": [0, 2]}
					]
				},
				{
					"name": "spike_back_left",
					"parent": "head_angle",
					"pivot": [1.25, 42, 3],
					"rotation": [15, 20, 0],
					"cubes": [
						{"origin": [1.25, 42, 2.5], "size": [0, 2, 4], "uv": [0, 0]}
					]
				},
				{
					"name": "arm_right",
					"parent": "chest",
					"pivot": [-4, 36, 0],
					"cubes": [
						{"origin": [-10, 33, -2], "size": [6, 3, 4], "uv": [54, 68]},
						{"origin": [-16, 33.5, -1.5], "size": [6, 2, 3], "inflate": 0.01, "uv": [90, 8]}
					]
				},
				{
					"name": "arm_right_shoulder_armor_plate",
					"parent": "arm_right",
					"pivot": [-4.25, 35.75, 0],
					"rotation": [2.5, 0, -5],
					"cubes": [
						{"origin": [-10.25, 35.75, -2.5], "size": [6, 2, 5], "uv": [60, 6]},
						{"origin": [-10.25, 36.75, 2.5], "size": [5, 0, 7], "uv": [86, 13]}
					]
				},
				{
					"name": "arm_right2",
					"parent": "arm_right",
					"pivot": [-16, 34.5, 1.5],
					"cubes": [
						{"origin": [-24, 33.5, -1.5], "size": [8, 2, 3], "uv": [71, 65]}
					]
				},
				{
					"name": "arm_right_spikes",
					"parent": "arm_right2",
					"pivot": [-16, 34.5, 1.5],
					"rotation": [0, -7.5, 0],
					"cubes": [
						{"origin": [-17.5, 34.5, 0], "size": [3, 0, 3], "uv": [33, 11]}
					]
				},
				{
					"name": "hand_right",
					"parent": "arm_right2",
					"pivot": [-24, 34.5, 0],
					"cubes": [
						{"origin": [-27, 33.5, -2], "size": [3, 2, 4], "inflate": 0.01, "uv": [65, 78]}
					]
				},
				{
					"name": "staff",
					"parent": "hand_right",
					"pivot": [-26, 33.5, 0],
					"cubes": [
						{"origin": [-27, 32.5, 3], "size": [2, 2, 6], "uv": [62, 95]},
						{"origin": [-27, 32.5, -3], "size": [2, 2, 6], "inflate": 0.02, "uv": [42, 97]}
					]
				},
				{
					"name": "staff3",
					"parent": "staff",
					"pivot": [-27, 33.5, -3],
					"rotation": [0, -2.5, 0],
					"cubes": [
						{"origin": [-27, 32.5, -9], "size": [2, 2, 6], "uv": [72, 84]}
					]
				},
				{
					"name": "staff4",
					"parent": "staff3",
					"pivot": [-27, 33.5, -9],
					"rotation": [0, -2.5, 0],
					"cubes": [
						{"origin": [-27, 32.5, -15], "size": [2, 2, 6], "uv": [62, 87]}
					]
				},
				{
					"name": "staff5",
					"parent": "staff4",
					"pivot": [-27, 33.5, -15],
					"rotation": [0, -2.5, 0],
					"cubes": [
						{"origin": [-27, 32.5, -21], "size": [2, 2, 6], "uv": [52, 92]}
					]
				},
				{
					"name": "staff6",
					"parent": "staff5",
					"pivot": [-27, 33.5, -21],
					"rotation": [0, -2.5, 0],
					"cubes": [
						{"origin": [-27, 32.5, -27], "size": [2, 2, 6], "uv": [52, 84]}
					]
				},
				{
					"name": "staff7",
					"parent": "staff6",
					"pivot": [-27, 33.5, -27],
					"rotation": [0, -2.5, 0],
					"cubes": [
						{"origin": [-27, 32.5, -33], "size": [2, 2, 6], "uv": [42, 89]}
					]
				},
				{
					"name": "hand_right_armor_plate",
					"parent": "hand_right",
					"pivot": [-24.25, 35.4, 0],
					"rotation": [0, 0, -2.5],
					"cubes": [
						{"origin": [-27.25, 35.4, -2], "size": [4, 1, 4], "inflate": 0.03, "uv": [76, 32]},
						{"origin": [-23.75, 36.4, 0], "size": [5, 0, 3], "pivot": [-23.25, 36.4, 0], "rotation": [0, -40, -2.5], "uv": [90, 20]},
						{"origin": [-23.75, 36.4, -2], "size": [3, 0, 2], "pivot": [-23.25, 36.4, 0], "rotation": [0, 0, 2.5], "uv": [0, 2]}
					]
				},
				{
					"name": "finger_right_thumb",
					"parent": "hand_right",
					"pivot": [-26.25, 34, -1.75],
					"cubes": [
						{"origin": [-28.25, 33.5, -2.25], "size": [2, 1, 1], "uv": [52, 18]}
					]
				},
				{
					"name": "finger_right_thumb2",
					"parent": "finger_right_thumb",
					"pivot": [-28.25, 34, -2.25],
					"cubes": [
						{"origin": [-29.25, 33.5, -2.25], "size": [1, 1, 1], "uv": [42, 54]}
					]
				},
				{
					"name": "finger_right_index",
					"parent": "hand_right",
					"pivot": [-27, 35.5, -1.5],
					"cubes": [
						{"origin": [-29, 34.5, -2], "size": [2, 1, 1], "uv": [54, 34]}
					]
				},
				{
					"name": "finger_right_index2",
					"parent": "finger_right_index",
					"pivot": [-29, 35.5, -1.5],
					"cubes": [
						{"origin": [-31, 34.5, -2], "size": [2, 1, 1], "uv": [52, 20]}
					]
				},
				{
					"name": "finger_right_middle",
					"parent": "hand_right",
					"pivot": [-27, 35.5, -0.5],
					"cubes": [
						{"origin": [-29, 34.5, -1], "size": [2, 1, 1], "uv": [14, 62]}
					]
				},
				{
					"name": "finger_right_middle2",
					"parent": "finger_right_middle",
					"pivot": [-29, 35.5, -0.5],
					"cubes": [
						{"origin": [-31, 34.5, -1], "size": [2, 1, 1], "uv": [32, 61]}
					]
				},
				{
					"name": "finger_right_ring",
					"parent": "hand_right",
					"pivot": [-27, 35.5, 0.5],
					"cubes": [
						{"origin": [-29, 34.5, 0], "size": [2, 1, 1], "uv": [56, 5]}
					]
				},
				{
					"name": "finger_right_ring2",
					"parent": "finger_right_ring",
					"pivot": [-29, 35.5, 0.5],
					"cubes": [
						{"origin": [-31, 34.5, 0], "size": [2, 1, 1], "uv": [54, 54]}
					]
				},
				{
					"name": "finger_right_pinkie",
					"parent": "hand_right",
					"pivot": [-27, 35.5, 1.5],
					"cubes": [
						{"origin": [-29, 34.5, 1], "size": [2, 1, 1], "uv": [32, 59]}
					]
				},
				{
					"name": "finger_right_pinkie2",
					"parent": "finger_right_pinkie",
					"pivot": [-29, 35.5, 1.5],
					"cubes": [
						{"origin": [-31, 34.5, 1], "size": [2, 1, 1], "uv": [54, 56]}
					]
				},
				{
					"name": "arm_left",
					"parent": "chest",
					"pivot": [4, 36, 0],
					"cubes": [
						{"origin": [4, 33, -2], "size": [6, 3, 4], "uv": [0, 68]},
						{"origin": [10, 33.5, -1.5], "size": [6, 2, 3], "inflate": 0.01, "uv": [79, 78]}
					]
				},
				{
					"name": "arm_left_shoulder_armor_plate",
					"parent": "arm_left",
					"pivot": [4.25, 35.75, 0],
					"rotation": [2.5, 0, 5],
					"cubes": [
						{"origin": [4.25, 35.75, -2.5], "size": [6, 2, 5], "uv": [59, 34]},
						{"origin": [5.25, 36.75, 2.5], "size": [5, 0, 7], "uv": [36, 82]}
					]
				},
				{
					"name": "arm_left2",
					"parent": "arm_left",
					"pivot": [16, 34.5, 1.5],
					"cubes": [
						{"origin": [16, 33.5, -1.5], "size": [8, 2, 3], "uv": [70, 52]}
					]
				},
				{
					"name": "arm_left_spikes",
					"parent": "arm_left2",
					"pivot": [16, 34.5, 1.5],
					"rotation": [0, 7.5, 0],
					"cubes": [
						{"origin": [14.5, 34.5, 0], "size": [3, 0, 3], "uv": [33, 8]}
					]
				},
				{
					"name": "hand_left",
					"parent": "arm_left2",
					"pivot": [24, 34.5, 0],
					"cubes": [
						{"origin": [24, 33.5, -2], "size": [3, 2, 4], "inflate": 0.01, "uv": [79, 11]}
					]
				},
				{
					"name": "hand_left_armor_plate",
					"parent": "hand_left",
					"pivot": [24.25, 35.4, 0],
					"rotation": [0, 0, 2.5],
					"cubes": [
						{"origin": [23.25, 35.4, -2], "size": [4, 1, 4], "inflate": 0.03, "uv": [68, 1]},
						{"origin": [20.75, 36.4, -2], "size": [3, 0, 2], "pivot": [23.25, 36.4, 0], "rotation": [0, 0, -2.5], "uv": [0, 0]},
						{"origin": [18.75, 36.3, 0], "size": [5, 0, 3], "pivot": [23.25, 36.4, 0], "rotation": [0, 40, -2.5], "uv": [26, 83]}
					]
				},
				{
					"name": "finger_left_thumb",
					"parent": "hand_left",
					"pivot": [26.25, 34, -1.75],
					"cubes": [
						{"origin": [26.25, 33.5, -2.25], "size": [2, 1, 1], "uv": [48, 27]}
					]
				},
				{
					"name": "finger_left_thumb2",
					"parent": "finger_left_thumb",
					"pivot": [28.25, 34, -2.25],
					"cubes": [
						{"origin": [28.25, 33.5, -2.25], "size": [1, 1, 1], "uv": [44, 21]}
					]
				},
				{
					"name": "finger_left_index",
					"parent": "hand_left",
					"pivot": [27, 35.5, -1.5],
					"cubes": [
						{"origin": [27, 34.5, -2], "size": [2, 1, 1], "uv": [48, 25]}
					]
				},
				{
					"name": "finger_left_index2",
					"parent": "finger_left_index",
					"pivot": [29, 35.5, -1.5],
					"cubes": [
						{"origin": [29, 34.5, -2], "size": [2, 1, 1], "uv": [48, 23]}
					]
				},
				{
					"name": "finger_left_middle",
					"parent": "hand_left",
					"pivot": [27, 35.5, -0.5],
					"cubes": [
						{"origin": [27, 34.5, -1], "size": [2, 1, 1], "uv": [44, 6]}
					]
				},
				{
					"name": "finger_left_middle2",
					"parent": "finger_left_middle",
					"pivot": [29, 35.5, -0.5],
					"cubes": [
						{"origin": [29, 34.5, -1], "size": [2, 1, 1], "uv": [42, 11]}
					]
				},
				{
					"name": "finger_left_ring",
					"parent": "hand_left",
					"pivot": [27, 35.5, 0.5],
					"cubes": [
						{"origin": [27, 34.5, 0], "size": [2, 1, 1], "uv": [41, 13]}
					]
				},
				{
					"name": "finger_left_ring2",
					"parent": "finger_left_ring",
					"pivot": [29, 35.5, 0.5],
					"cubes": [
						{"origin": [29, 34.5, 0], "size": [2, 1, 1], "uv": [38, 21]}
					]
				},
				{
					"name": "finger_left_pinkie",
					"parent": "hand_left",
					"pivot": [27, 35.5, 1.5],
					"cubes": [
						{"origin": [27, 34.5, 1], "size": [2, 1, 1], "uv": [38, 6]}
					]
				},
				{
					"name": "finger_left_pinkie2",
					"parent": "finger_left_pinkie",
					"pivot": [29, 35.5, 1.5],
					"cubes": [
						{"origin": [29, 34.5, 1], "size": [2, 1, 1], "uv": [32, 21]}
					]
				},
				{
					"name": "tail",
					"parent": "waist",
					"pivot": [0, 21.25, 2.5],
					"cubes": [
						{"origin": [-1, 20.25, 1.5], "size": [2, 2, 6], "inflate": 0.01, "uv": [14, 73]}
					]
				},
				{
					"name": "tail2",
					"parent": "tail",
					"pivot": [0, 20.25, 7.5],
					"cubes": [
						{"origin": [-1, 20.25, 7.5], "size": [2, 2, 5], "uv": [43, 75]}
					]
				},
				{
					"name": "tail3",
					"parent": "tail2",
					"pivot": [0, 20.25, 12.5],
					"cubes": [
						{"origin": [-1, 20.25, 12.5], "size": [2, 2, 5], "inflate": 0.01, "uv": [74, 57]}
					]
				},
				{
					"name": "tail4",
					"parent": "tail3",
					"pivot": [0, 20.25, 17.5],
					"cubes": [
						{"origin": [-1, 20.25, 17.5], "size": [2, 2, 6], "uv": [68, 70]}
					]
				},
				{
					"name": "tail5",
					"parent": "tail4",
					"pivot": [0, 21.25, 22.5],
					"cubes": [
						{"origin": [-1.5, 19.75, 22.5], "size": [3, 3, 8], "uv": [42, 0]}
					]
				},
				{
					"name": "leg_right",
					"parent": "body",
					"pivot": [-3, 21.25, 0],
					"cubes": [
						{"origin": [-5, 11, -2], "size": [4, 12, 4], "inflate": 0.01, "uv": [54, 18]}
					]
				},
				{
					"name": "leg_right2",
					"parent": "leg_right",
					"pivot": [-3, 11, -2],
					"cubes": [
						{"origin": [-5, 1, -2], "size": [4, 10, 4], "uv": [58, 54]},
						{"origin": [-5, 8.75, -2.9], "size": [4, 4, 1], "inflate": 0.03, "pivot": [-3, 8.75, -2], "rotation": [-2.5, 0, 0], "uv": [61, 41]},
						{"origin": [-8, 10.75, -2.4], "size": [4, 4, 0], "pivot": [-3, 8.75, -2], "rotation": [-2.5, 0, 0], "uv": [93, 23]}
					]
				},
				{
					"name": "foot_right",
					"parent": "leg_right2",
					"pivot": [-3, 2, 0],
					"cubes": [
						{"origin": [-5.5, 0, -2.75], "size": [5, 2, 5], "inflate": 0.01, "uv": [70, 18]}
					]
				},
				{
					"name": "leg_right_ruff",
					"parent": "foot_right",
					"pivot": [-3, 1.5, 2.25],
					"rotation": [-20, 0, 0],
					"cubes": [
						{"origin": [-5.5, 1.5, 2.25], "size": [5, 0, 2], "uv": [26, 6]}
					]
				},
				{
					"name": "toes_right",
					"parent": "foot_right",
					"pivot": [-3, 0, -2.75],
					"cubes": [
						{"origin": [-5.5, 0, -5.75], "size": [5, 2, 3], "uv": [77, 6]}
					]
				},
				{
					"name": "leg_left",
					"parent": "body",
					"pivot": [3, 21.25, 0],
					"cubes": [
						{"origin": [1, 11, -2], "size": [4, 12, 4], "inflate": 0.01, "uv": [42, 54]}
					]
				},
				{
					"name": "leg_left2",
					"parent": "leg_left",
					"pivot": [3, 11, -2],
					"cubes": [
						{"origin": [1, 1, -2], "size": [4, 10, 4], "uv": [20, 59]},
						{"origin": [1, 8.75, -2.9], "size": [4, 4, 1], "inflate": 0.03, "pivot": [3, 8.75, -2], "rotation": [-2.5, 0, 0], "uv": [8, 81]},
						{"origin": [4, 10.75, -2.4], "size": [4, 4, 0], "pivot": [3, 8.75, -2], "rotation": [-2.5, 0, 0], "uv": [18, 81]}
					]
				},
				{
					"name": "foot_left",
					"parent": "leg_left2",
					"pivot": [3, 2, 0],
					"cubes": [
						{"origin": [0.5, 0, -2.75], "size": [5, 2, 5], "inflate": 0.01, "uv": [70, 25]}
					]
				},
				{
					"name": "leg_left_ruff",
					"parent": "foot_left",
					"pivot": [3, 1.5, 2.25],
					"rotation": [-20, 0, 0],
					"cubes": [
						{"origin": [0.5, 1.5, 2.25], "size": [5, 0, 2], "uv": [12, 29]}
					]
				},
				{
					"name": "toes_left",
					"parent": "foot_left",
					"pivot": [3, 0, -2.75],
					"cubes": [
						{"origin": [0.5, 0, -5.75], "size": [5, 2, 3], "uv": [77, 41]}
					]
				}
			]
		}
	]
}