{
	"format_version": "1.12.0",
	"minecraft:geometry": [
		{
			"description": {
				"identifier": "geometry.iron_crown",
				"texture_width": 128,
				"texture_height": 128,
				"visible_bounds_width": 3,
				"visible_bounds_height": 4.5,
				"visible_bounds_offset": [0, 1.75, 0]
			},
			"bones": [
				{
					"name": "ironleaves",
					"pivot": [0, 0, 0]
				},
				{
					"name": "body",
					"parent": "ironleaves",
					"pivot": [0, 18.2, 0]
				},
				{
					"name": "torso",
					"parent": "body",
					"pivot": [0.5, 17.7, 6.25],
					"cubes": [
						{"origin": [-4.01, 15.19, -9.49], "size": [8, 6, 19], "inflate": 0.01, "uv": [0, 0]},
						{"origin": [-0.01, 21.19, 5.51], "size": [0, 6, 9], "uv": [84, 29]},
						{"origin": [-0.5, 15.18, -9.48], "size": [1, 0, 15], "inflate": 0.01, "uv": [68, 50]}
					]
				},
				{
					"name": "chest",
					"parent": "torso",
					"pivot": [-0.00001, 18.2, -0.5],
					"cubes": [
						{"origin": [-4.5, 15.2, -10.5], "size": [9, 10, 9], "uv": [0, 25]},
						{"origin": [-6.35369, 20.2, -9.66226], "size": [0, 6, 10], "pivot": [-6.05369, 15.25, -2.56226], "rotation": [0, -15, 0], "uv": [20, 34]},
						{"origin": [6.35369, 20.2, -9.66226], "size": [0, 6, 10], "pivot": [6.05369, 15.25, -2.56226], "rotation": [0, 15, 0], "uv": [0, 34]}
					]
				},
				{
					"name": "neck",
					"parent": "chest",
					"pivot": [-0.01, 20.2211, -6.85649],
					"cubes": [
						{"origin": [-3.01, 24.19, -9.49], "size": [6, 6, 6], "uv": [0, 50]},
						{"origin": [-0.51, 24.19, -3.49], "size": [1, 6, 0], "inflate": 0.01, "uv": [74, 65]},
						{"origin": [-3.01, 24.19, -9.49], "size": [6, 6, 6], "inflate": 0.1, "uv": [40, 38]},
						{"origin": [-3.01, 30.39, -9.49], "size": [6, 6, 8], "inflate": 0.2, "uv": [35, 0]},
						{"origin": [-2.01, 23.765, -10.64], "size": [4, 5, 3], "pivot": [-0.01, 25.765, -10.99], "rotation": [-22.5, 0, 0], "uv": [79, 4]},
						{"origin": [-2.01, 19.49293, -13.16446], "size": [4, 5, 3], "inflate": 0.01, "pivot": [-0.01, 28.49293, -10.51446], "rotation": [22.5, 0, 0], "uv": [93, 4]},
						{"origin": [-3.01, 20.19, -9.49], "size": [6, 4, 6], "uv": [24, 50]}
					]
				},
				{
					"name": "head",
					"parent": "neck",
					"pivot": [-0.01, 30.15667, -6.49],
					"cubes": [
						{"origin": [-3.01, 30.19, -10.49], "size": [6, 6, 7], "uv": [36, 25]},
						{"origin": [-2.01, 31.19, -12.49], "size": [4, 4, 2], "uv": [67, 26]},
						{"origin": [-1.51, 32.19, -13.49], "size": [3, 3, 1], "uv": [10, 12]}
					]
				},
				{
					"name": "eyes",
					"parent": "head",
					"pivot": [0, 1, 0]
				},
				{
					"name": "eye_right2",
					"parent": "eyes",
					"pivot": [0.4, 2.4, 1.15],
					"cubes": [
						{"origin": [-3.01, 33.19, -10.49], "size": [1, 2, 2], "inflate": 0.01, "uv": [78, 19]},
						{"origin": [-3.14, 33.3, -10.35], "size": [1, 2, 1], "inflate": -0.1, "uv": [78, 24]}
					]
				},
				{
					"name": "eye_left2",
					"parent": "eyes",
					"pivot": [-0.4, 2.4, 1.15],
					"cubes": [
						{"origin": [2.01, 33.19, -10.49], "size": [1, 2, 2], "inflate": 0.01, "uv": [78, 19], "mirror": true},
						{"origin": [2.14, 33.3, -10.35], "size": [1, 2, 1], "inflate": -0.1, "uv": [78, 24], "mirror": true}
					]
				},
				{
					"name": "right_horn",
					"parent": "head",
					"pivot": [-3.01, 35.87165, -8.72706],
					"rotation": [47.5, 0, 0],
					"cubes": [
						{"origin": [-3.51, 35.92165, -8.97431], "size": [1, 1, 4], "inflate": 0.21, "uv": [12, 68]},
						{"origin": [-3.51, 35.95686, -5.07106], "size": [1, 1, 4], "inflate": 0.2, "pivot": [-3.01, 36.45686, -5.07106], "rotation": [-40, 0, 0], "uv": [45, 14]},
						{"origin": [-3.51, 34.00329, -2.52583], "size": [1, 1, 5], "inflate": 0.01, "pivot": [-3.01, 34.50329, 0.47417], "rotation": [15, 0, 0], "uv": [67, 11]},
						{"origin": [-3.51, 33.3353, 1.48731], "size": [1, 1, 5], "pivot": [-3.01, 33.8353, 3.48731], "rotation": [-40, 0, 0], "uv": [55, 26]}
					]
				},
				{
					"name": "left_horn",
					"parent": "head",
					"pivot": [3.01, 35.87165, -8.72706],
					"rotation": [47.5, 0, 0],
					"cubes": [
						{"origin": [2.51, 35.92165, -8.97431], "size": [1, 1, 4], "inflate": 0.21, "uv": [36, 38]},
						{"origin": [2.51, 35.95686, -5.07106], "size": [1, 1, 4], "inflate": 0.2, "pivot": [3.01, 36.45686, -5.07106], "rotation": [-40, 0, 0], "uv": [35, 14]},
						{"origin": [2.51, 34.00329, -2.52583], "size": [1, 1, 5], "inflate": 0.01, "pivot": [3.01, 34.50329, 0.47417], "rotation": [15, 0, 0], "uv": [42, 50]},
						{"origin": [2.51, 33.3353, 1.48731], "size": [1, 1, 5], "pivot": [3.01, 33.8353, 3.48731], "rotation": [-40, 0, 0], "uv": [18, 50]}
					]
				},
				{
					"name": "mouth",
					"parent": "head",
					"pivot": [1, 30.3, -12]
				},
				{
					"name": "legs",
					"parent": "body",
					"pivot": [0, 18.2, 0]
				},
				{
					"name": "leg_front_right",
					"parent": "legs",
					"pivot": [-5.5, 17.93317, -6.55768],
					"cubes": [
						{"origin": [-7, 11.95, -8.25], "size": [3, 8, 4], "inflate": 0.01, "pivot": [-6, 17.7, -6.5], "rotation": [-10, 0, 0], "uv": [34, 60]}
					]
				},
				{
					"name": "leg_front_right2",
					"parent": "leg_front_right",
					"pivot": [-5.5, 12.33333, -7.26667],
					"cubes": [
						{"origin": [-6.5, 8.1, -8.3], "size": [2, 4, 2], "inflate": 0.1, "uv": [92, 27]},
						{"origin": [-7, 0.2, -8.75], "size": [3, 8, 3], "inflate": 0.2, "uv": [63, 0]},
						{"origin": [-7.5, 4.2, -9.25], "size": [4, 1, 4], "uv": [90, 13]}
					]
				},
				{
					"name": "foot_front_right",
					"parent": "leg_front_right2",
					"pivot": [-5.5, 0.7, -8.75],
					"cubes": [
						{"origin": [-6.5, 0.025, -10.75], "size": [2, 1, 2], "inflate": 0.01, "uv": [55, 5]}
					]
				},
				{
					"name": "leg_front_left",
					"parent": "legs",
					"pivot": [5.5, 17.93317, -6.55768],
					"cubes": [
						{"origin": [4, 11.95, -8.25], "size": [3, 8, 4], "inflate": 0.01, "pivot": [6, 17.7, -6.5], "rotation": [-10, 0, 0], "uv": [20, 60]}
					]
				},
				{
					"name": "leg_front_left2",
					"parent": "leg_front_left",
					"pivot": [5.5, 12.33333, -7.26667],
					"cubes": [
						{"origin": [4.5, 8.1, -8.3], "size": [2, 4, 2], "inflate": 0.1, "uv": [92, 20]},
						{"origin": [4, 0.2, -8.75], "size": [3, 8, 3], "inflate": 0.2, "uv": [48, 62]},
						{"origin": [3.5, 4.2, -9.25], "size": [4, 1, 4], "uv": [90, 13], "mirror": true}
					]
				},
				{
					"name": "foot_front_left",
					"parent": "leg_front_left2",
					"pivot": [5.5, 0.7, -8.75],
					"cubes": [
						{"origin": [4.5, 0.025, -10.75], "size": [2, 1, 2], "inflate": 0.01, "uv": [41, 14]}
					]
				},
				{
					"name": "leg_back_right0",
					"parent": "legs",
					"pivot": [-4.525, 17.7, 6.25],
					"cubes": [
						{"origin": [-7.025, 14.2, 5], "size": [3, 6, 6], "pivot": [-5.525, 14.2, 7], "rotation": [20, 0, 0], "uv": [58, 32]},
						{"origin": [-7.025, 11.2, 5], "size": [3, 3, 4], "pivot": [-5.525, 14.2, 7], "rotation": [20, 0, 0], "uv": [66, 53]},
						{"origin": [-7.025, 14.2, 5], "size": [3, 6, 6], "inflate": 0.1, "pivot": [-5.525, 14.2, 7], "rotation": [20, 0, 0], "uv": [55, 14]},
						{"origin": [-7.025, 11.01206, 5.0684], "size": [3, 3, 4], "inflate": 0.1, "pivot": [-5.525, 14.01206, 7.0684], "rotation": [20, 0, 0], "uv": [60, 46]}
					]
				},
				{
					"name": "leg_back_right1",
					"parent": "leg_back_right0",
					"pivot": [-5.51667, 12.36667, 8.75],
					"cubes": [
						{"origin": [-6.525, 8.2, 7.75], "size": [2, 4, 2], "inflate": 0.1, "uv": [35, 0]},
						{"origin": [-7.025, 0.2, 7.25], "size": [3, 8, 3], "inflate": 0.2, "uv": [60, 62]},
						{"origin": [-7.5, 4.2, 6.75], "size": [4, 1, 4], "uv": [90, 13]}
					]
				},
				{
					"name": "foot_back_right",
					"parent": "leg_back_right1",
					"pivot": [-5.525, 0.7, 7.25],
					"cubes": [
						{"origin": [-6.525, 0.025, 5.5], "size": [2, 1, 2], "inflate": 0.01, "uv": [51, 14]}
					]
				},
				{
					"name": "leg_back_left0",
					"parent": "legs",
					"pivot": [4.525, 17.7, 6.25],
					"cubes": [
						{"origin": [4.025, 14.2, 5], "size": [3, 6, 6], "pivot": [5.525, 14.2, 7], "rotation": [20, 0, 0], "uv": [48, 50]},
						{"origin": [4.025, 11.2, 5], "size": [3, 3, 4], "pivot": [5.525, 14.2, 7], "rotation": [20, 0, 0], "uv": [27, 25]},
						{"origin": [4.025, 14.2, 5], "size": [3, 6, 6], "inflate": 0.1, "pivot": [5.525, 14.2, 7], "rotation": [20, 0, 0], "uv": [0, 0]},
						{"origin": [4.025, 11.01206, 5.0684], "size": [3, 3, 4], "inflate": 0.1, "pivot": [5.525, 14.01206, 7.0684], "rotation": [20, 0, 0], "uv": [0, 12]}
					]
				},
				{
					"name": "leg_back_left1",
					"parent": "leg_back_left0",
					"pivot": [5.51667, 12.36667, 8.75],
					"cubes": [
						{"origin": [4.525, 8.2, 7.75], "size": [2, 4, 2], "inflate": 0.1, "uv": [0, 25]},
						{"origin": [4.025, 0.2, 7.25], "size": [3, 8, 3], "inflate": 0.2, "uv": [0, 62]},
						{"origin": [3.5, 4.2, 6.75], "size": [4, 1, 4], "uv": [90, 13], "mirror": true}
					]
				},
				{
					"name": "foot_back_left",
					"parent": "leg_back_left1",
					"pivot": [5.525, 0.7, 7.25],
					"cubes": [
						{"origin": [4.525, 0.025, 5.5], "size": [2, 1, 2], "inflate": 0.01, "uv": [0, 31]}
					]
				}
			]
		}
	]
}