{
	"format_version": "1.12.0",
	"minecraft:geometry": [
		{
			"description": {
				"identifier": "geometry.kricketune_amethyst",
				"texture_width": 64,
				"texture_height": 64,
				"visible_bounds_width": 5,
				"visible_bounds_height": 4.5,
				"visible_bounds_offset": [0, 1.75, 0]
			},
			"bones": [
				{
					"name": "kricketune",
					"pivot": [0, 0, 0]
				},
				{
					"name": "body",
					"parent": "kricketune",
					"pivot": [0, 11, 0]
				},
				{
					"name": "torso",
					"parent": "body",
					"pivot": [0, 3, 0],
					"cubes": [
						{"origin": [-3.5, 3, -2.5], "size": [7, 11, 5], "uv": [0, 0]}
					]
				},
				{
					"name": "neck",
					"parent": "torso",
					"pivot": [0, 14, 0],
					"cubes": [
						{"origin": [-1.5, 13, -1.5], "size": [3, 6, 3], "uv": [20, 32]}
					]
				},
				{
					"name": "head",
					"parent": "neck",
					"pivot": [0, 18, 0],
					"cubes": [
						{"origin": [-3.5, 18, -3], "size": [7, 5, 6], "uv": [0, 16]},
						{"origin": [-1.5, 17.5, -5], "size": [3, 2, 2], "uv": [40, 28]}
					]
				},
				{
					"name": "antenna_left",
					"parent": "head",
					"pivot": [2, 22.75, -0.5],
					"rotation": [-15, 0, 0]
				},
				{
					"name": "antenna_left2",
					"parent": "antenna_left",
					"pivot": [2, 22.75, -0.5],
					"rotation": [0, 0, 10],
					"cubes": [
						{"origin": [0.5, 27.75, -1], "size": [3, 3, 3], "uv": [40, 22]},
						{"origin": [1, 22.75, -0.5], "size": [2, 5, 2], "uv": [46, 34]}
					]
				},
				{
					"name": "antenna_left3",
					"parent": "antenna_left2",
					"pivot": [3.5, 29.25, 0.5],
					"cubes": [
						{"origin": [2.5, 28.25, 0.5], "size": [16, 2, 0], "uv": [19, 2]}
					]
				},
				{
					"name": "antenna_right",
					"parent": "head",
					"pivot": [-2, 22.75, -0.5],
					"rotation": [-15, 0, 0]
				},
				{
					"name": "antenna_right2",
					"parent": "antenna_right",
					"pivot": [-2, 22.75, -0.5],
					"rotation": [0, 0, -10],
					"cubes": [
						{"origin": [-3.5, 27.75, -1], "size": [3, 3, 3], "uv": [0, 40]},
						{"origin": [-3, 22.75, -0.5], "size": [2, 5, 2], "uv": [0, 46]}
					]
				},
				{
					"name": "antenna_right3",
					"parent": "antenna_right2",
					"pivot": [-3.5, 29.25, 0.5],
					"cubes": [
						{"origin": [-18.5, 28.25, 0.5], "size": [16, 2, 0], "uv": [19, 0]}
					]
				},
				{
					"name": "eye_left",
					"parent": "head",
					"pivot": [0, 18, 0.5],
					"cubes": [
						{"origin": [2.51, 18.5, -3.01], "size": [1, 4, 3], "uv": [28, 42]}
					]
				},
				{
					"name": "eyelid_left",
					"parent": "eye_left",
					"pivot": [-0.1, 18, 0.6],
					"cubes": [
						{"origin": [2.41, 18.5, -2.91], "size": [1, 4, 3], "inflate": 0.01, "uv": [41, 39]}
					]
				},
				{
					"name": "eye_right",
					"parent": "head",
					"pivot": [0, 18, 0.5],
					"cubes": [
						{"origin": [-3.51, 18.5, -3.01], "size": [1, 4, 3], "uv": [20, 41]}
					]
				},
				{
					"name": "eyelid_right",
					"parent": "eye_right",
					"pivot": [0.1, 18, 0.6],
					"cubes": [
						{"origin": [-3.41, 18.5, -2.91], "size": [1, 4, 3], "inflate": 0.01, "uv": [12, 40]}
					]
				},
				{
					"name": "moustache_left",
					"parent": "head",
					"pivot": [1, 19, -3.5],
					"cubes": [
						{"origin": [0.5, 10, -3.5], "size": [7, 10, 0], "uv": [26, 22]}
					]
				},
				{
					"name": "moustache_right",
					"parent": "head",
					"pivot": [-1, 19, -3.5],
					"cubes": [
						{"origin": [-7.5, 10, -3.5], "size": [7, 10, 0], "uv": [24, 4]}
					]
				},
				{
					"name": "wing_left",
					"parent": "torso",
					"pivot": [2.5, 13.5, 2.5],
					"cubes": [
						{"origin": [0, 1, 2.5], "size": [5, 13, 0], "uv": [10, 27]}
					]
				},
				{
					"name": "wing_right",
					"parent": "torso",
					"pivot": [-2.5, 13.5, 2.5],
					"cubes": [
						{"origin": [-5, 1, 2.5], "size": [5, 13, 0], "uv": [0, 27]}
					]
				},
				{
					"name": "arm_left",
					"parent": "torso",
					"pivot": [3.5, 12.5, 0],
					"cubes": [
						{"origin": [2.5, 11.5, -1], "size": [6, 2, 2], "uv": [36, 12]},
						{"origin": [8.5, 11, -1.5], "size": [3, 3, 3], "uv": [38, 4]}
					]
				},
				{
					"name": "arm_left2",
					"parent": "arm_left",
					"pivot": [11, 13.5, 0],
					"cubes": [
						{"origin": [11, 10.5, 0], "size": [14, 3, 0], "uv": [20, 19]}
					]
				},
				{
					"name": "arm_right",
					"parent": "torso",
					"pivot": [-3.5, 12.5, 0],
					"cubes": [
						{"origin": [-8.5, 11.5, -1], "size": [6, 2, 2], "uv": [32, 32]},
						{"origin": [-11.5, 11, -1.5], "size": [3, 3, 3], "uv": [32, 36]}
					]
				},
				{
					"name": "arm_right2",
					"parent": "arm_right",
					"pivot": [-11, 13.5, 0],
					"cubes": [
						{"origin": [-25, 10.5, 0], "size": [14, 3, 0], "uv": [20, 16]}
					]
				},
				{
					"name": "leg_left",
					"parent": "body",
					"pivot": [2, 3, 1],
					"rotation": [-25, 0, 0],
					"cubes": [
						{"origin": [1, -0.5, 1], "size": [2, 4, 1], "uv": [20, 27]}
					]
				},
				{
					"name": "leg_right",
					"parent": "body",
					"pivot": [-2, 3, 1],
					"rotation": [-25, 0, 0],
					"cubes": [
						{"origin": [-3, -0.5, 1], "size": [2, 4, 1], "uv": [0, 16]}
					]
				}
			]
		}
	]
}