{
	"format_version": "1.12.0",
	"minecraft:geometry": [
		{
			"description": {
				"identifier": "geometry.unknown",
				"texture_width": 64,
				"texture_height": 64,
				"visible_bounds_width": 3,
				"visible_bounds_height": 3.5,
				"visible_bounds_offset": [0, 1.25, 0]
			},
			"bones": [
				{
					"name": "kubfu",
					"pivot": [0, 0, 0]
				},
				{
					"name": "body",
					"parent": "kubfu",
					"pivot": [0, 0, 0]
				},
				{
					"name": "torso",
					"parent": "body",
					"pivot": [0, 12.5, 2.5],
					"cubes": [
						{"origin": [-3, 12.5, -2.5], "size": [6, 5, 5], "uv": [21, 19]},
						{"origin": [-3, 13.5, -2.7], "size": [3, 4, 0], "pivot": [-1.5, 15, -2.7], "rotation": [0, 0, 14], "uv": [12, 50]},
						{"origin": [0, 13.5, -2.7], "size": [3, 4, 0], "pivot": [1.5, 15, -2.7], "rotation": [0, 0, -14], "uv": [6, 50]}
					]
				},
				{
					"name": "arm_right",
					"parent": "torso",
					"pivot": [-3, 17.5, 2],
					"cubes": [
						{"origin": [-9, 14.5, -2], "size": [6, 3, 4], "uv": [18, 29]}
					]
				},
				{
					"name": "arm_right2",
					"parent": "arm_right",
					"pivot": [-9, 17.5, 2],
					"cubes": [
						{"origin": [-12, 14.5, -2], "size": [3, 3, 4], "uv": [39, 25]}
					]
				},
				{
					"name": "hand_right",
					"parent": "arm_right2",
					"pivot": [-12.09106, 16, 0],
					"cubes": [
						{"origin": [-15, 14.5, -2], "size": [3, 3, 4], "uv": [16, 36]},
						{"origin": [-15, 17.5, -2], "size": [3, 0, 4], "pivot": [-12, 17.5, 0], "rotation": [0, 0, 7], "uv": [22, 36]},
						{"origin": [-15, 14.5, -2], "size": [3, 0, 4], "pivot": [-12, 14.5, 0], "rotation": [0, 0, -7], "uv": [8, 33]},
						{"origin": [-15, 14.5, -2], "size": [3, 3, 0], "pivot": [-12, 16, -2], "rotation": [0, -7, 0], "uv": [50, 45]},
						{"origin": [-15, 14.5, 2], "size": [3, 3, 0], "pivot": [-12, 16, 2], "rotation": [0, 7, 0], "uv": [50, 42]}
					]
				},
				{
					"name": "finger_middle1",
					"parent": "hand_right",
					"pivot": [-15, 16.5, 0],
					"cubes": [
						{"origin": [-16, 15.5, -0.5], "size": [1, 1, 1], "uv": [31, 0]}
					]
				},
				{
					"name": "finger_middle2",
					"parent": "finger_middle1",
					"pivot": [-16, 16.5, 0],
					"cubes": [
						{"origin": [-17, 15.5, -0.5], "size": [1, 1, 1], "uv": [0, 26]}
					]
				},
				{
					"name": "finger_back1",
					"parent": "hand_right",
					"pivot": [-15, 16.5, 0.8],
					"cubes": [
						{"origin": [-16, 15.5, 0.8], "size": [1, 1, 1], "uv": [17, 24]}
					]
				},
				{
					"name": "finger_back2",
					"parent": "finger_back1",
					"pivot": [-16, 16.5, 1.8],
					"cubes": [
						{"origin": [-17, 15.5, 0.8], "size": [1, 1, 1], "uv": [0, 24]}
					]
				},
				{
					"name": "finger_back3",
					"parent": "hand_right",
					"pivot": [-15, 16.5, -0.8],
					"cubes": [
						{"origin": [-16, 15.5, -1.8], "size": [1, 1, 1], "uv": [0, 2]}
					]
				},
				{
					"name": "finger_back4",
					"parent": "finger_back3",
					"pivot": [-16, 16.5, -1.8],
					"cubes": [
						{"origin": [-17, 15.5, -1.8], "size": [1, 1, 1], "uv": [0, 0]}
					]
				},
				{
					"name": "head",
					"parent": "torso",
					"pivot": [0, 17.4, 0],
					"cubes": [
						{"origin": [-5.5, 17.5, -4.5], "size": [11, 9, 9], "inflate": -0.001, "uv": [0, 0]},
						{"origin": [-5.5, 22.5, -4.9], "size": [11, 4, 2], "uv": [0, 18]},
						{"origin": [-5.5, 22.5, -4.9], "size": [0, 4, 3], "pivot": [-5.5, 24.5, -4.9], "rotation": [0, -8, 0], "uv": [46, 29]},
						{"origin": [5.5, 22.5, -4.9], "size": [0, 4, 3], "pivot": [5.5, 24.5, -4.9], "rotation": [0, 8, 0], "uv": [40, 45]},
						{"origin": [-3.5, 21.5, 4], "size": [7, 2, 1], "uv": [40, 14]},
						{"origin": [-3, 21.5, -4.5], "size": [1, 1, 0], "uv": [0, 4]},
						{"origin": [2, 21.5, -4.5], "size": [1, 1, 0], "uv": [3, 2]},
						{"origin": [-0.5, 20, -4.5], "size": [1, 1, 0], "uv": [3, 0]}
					]
				},
				{
					"name": "band_right_1",
					"parent": "head",
					"pivot": [-0.5, 22.5, 5],
					"cubes": [
						{"origin": [-2.5, 22.5, 4], "size": [2, 0, 5], "uv": [0, 0]}
					]
				},
				{
					"name": "band_right_2",
					"parent": "band_right_1",
					"pivot": [0, 22.5, 9],
					"cubes": [
						{"origin": [-3, 22.5, 9], "size": [3, 0, 5], "uv": [35, 9]}
					]
				},
				{
					"name": "band_right_3",
					"parent": "band_right_2",
					"pivot": [0, 22.5, 14],
					"cubes": [
						{"origin": [-3, 22.5, 14], "size": [3, 0, 6], "uv": [32, 18]}
					]
				},
				{
					"name": "ear_right",
					"parent": "head",
					"pivot": [-3.4, 25.4, 0],
					"cubes": [
						{"origin": [-6.50219, 23.57828, -1.5], "size": [4, 5, 3], "pivot": [-4.70219, 25.67828, 0], "rotation": [0, 0, -42.5], "uv": [35, 33]}
					]
				},
				{
					"name": "ear_left",
					"parent": "head",
					"pivot": [3.4, 25.4, 0],
					"cubes": [
						{"origin": [2.50219, 23.57828, -1.5], "size": [4, 5, 3], "pivot": [4.70219, 25.67828, 0], "rotation": [0, 0, 42.5], "uv": [35, 33], "mirror": true}
					]
				},
				{
					"name": "band_left_1",
					"parent": "head",
					"pivot": [0.5, 22.5, 5],
					"cubes": [
						{"origin": [0.5, 22.5, 4], "size": [2, 0, 5], "uv": [0, 0], "mirror": true}
					]
				},
				{
					"name": "band_left_2",
					"parent": "band_left_1",
					"pivot": [0, 22.5, 9],
					"cubes": [
						{"origin": [0, 22.5, 9], "size": [3, 0, 5], "uv": [35, 9], "mirror": true}
					]
				},
				{
					"name": "band_left_3",
					"parent": "band_left_2",
					"pivot": [0, 22.5, 14],
					"cubes": [
						{"origin": [0, 22.5, 14], "size": [3, 0, 6], "uv": [32, 18], "mirror": true}
					]
				},
				{
					"name": "mouth",
					"parent": "head",
					"pivot": [0, 17.89781, -4.54181],
					"cubes": [
						{"origin": [-1, 17.9, -4.6], "size": [2, 2, 0], "pivot": [0, 18.5, -4.6], "rotation": [6, 0, 0], "uv": [17, 26]}
					]
				},
				{
					"name": "mouth_inside",
					"parent": "head",
					"pivot": [0, 17.4, 0],
					"cubes": [
						{"origin": [-1, 17.90826, -3.54236], "size": [2, 2, 0], "uv": [34, 29]}
					]
				},
				{
					"name": "eyebrow_right",
					"parent": "head",
					"pivot": [-2.5706, 23.51022, -5.02406],
					"cubes": [
						{"origin": [-4.0706, 23.01022, -5.02406], "size": [3, 1, 0], "pivot": [-2.5706, 23.51022, -5.02406], "rotation": [4.62111, -1.91134, 22.42287], "uv": [24, 18]}
					]
				},
				{
					"name": "eyebrow_left",
					"parent": "head",
					"pivot": [2.5706, 23.51022, -5.02406],
					"cubes": [
						{"origin": [1.0706, 23.01022, -5.02406], "size": [3, 1, 0], "pivot": [2.5706, 23.51022, -5.02406], "rotation": [4.62111, 1.91134, -22.42287], "uv": [24, 18], "mirror": true}
					]
				},
				{
					"name": "eyelid_right",
					"parent": "head",
					"pivot": [0, 17.4, 1],
					"cubes": [
						{"origin": [-3.5, 20.5, -3.6], "size": [2, 2, 1], "inflate": -0.001, "uv": [52, 33]}
					]
				},
				{
					"name": "eyelid_left",
					"parent": "head",
					"pivot": [0, 17.4, 1],
					"cubes": [
						{"origin": [1.5, 20.5, -3.6], "size": [2, 2, 1], "inflate": -0.001, "uv": [52, 33], "mirror": true}
					]
				},
				{
					"name": "head_tuft1",
					"parent": "head",
					"pivot": [-2.3, 26.4, 0],
					"cubes": [
						{"origin": [-2.15224, 25.63463, -2], "size": [3, 5, 2], "pivot": [-1.15224, 28.23463, -0.5], "rotation": [0, 0, 12.5], "uv": [0, 43]},
						{"origin": [-4.15224, 25.63463, -1], "size": [5, 7, 0], "pivot": [-1.15224, 28.23463, -0.5], "rotation": [0, 0, 12.5], "uv": [40, 41]}
					]
				},
				{
					"name": "head_tuft2",
					"parent": "head",
					"pivot": [1.5, 26.2, 0],
					"cubes": [
						{"origin": [2.34315, 24.17946, -1], "size": [2, 5, 2], "pivot": [2.24315, 27.37946, 0], "rotation": [0, 0, 27.5], "uv": [46, 7]},
						{"origin": [0.34315, 24.17946, 0], "size": [4, 7, 0], "pivot": [2.24315, 27.37946, 0], "rotation": [0, 0, 27.5], "uv": [20, 46]}
					]
				},
				{
					"name": "head_tuft3",
					"parent": "head",
					"pivot": [-2.2, 26.4, -3.4],
					"cubes": [
						{"origin": [-1.30284, 25.7029, -4.10266], "size": [2, 3, 2], "pivot": [-1.10284, 27.2029, -2.70266], "rotation": [-9.34793, 3.56782, 43.20821], "uv": [46, 48]},
						{"origin": [-2.30284, 24.7029, -3.10266], "size": [3, 6, 0], "pivot": [-1.10284, 27.2029, -2.70266], "rotation": [-9.34793, 3.56782, 43.20821], "uv": [0, 50]}
					]
				},
				{
					"name": "head_tuft4",
					"parent": "head",
					"pivot": [1.9, 26.4, -3],
					"cubes": [
						{"origin": [2.29944, 24.50992, -4.05123], "size": [2, 3, 2], "pivot": [3.04944, 26.45992, -3.05123], "rotation": [-7.85691, 6.20572, 60.57343], "uv": [47, 0]},
						{"origin": [1.29944, 23.50992, -3.05123], "size": [3, 6, 0], "pivot": [3.04944, 26.45992, -3.05123], "rotation": [-7.85691, 6.20572, 60.57343], "uv": [49, 22]}
					]
				},
				{
					"name": "face_tuft_right",
					"parent": "head",
					"pivot": [-5.5, 24.4, 0],
					"cubes": [
						{"origin": [-10.5, 17.5, 0], "size": [5, 7, 0], "pivot": [-5.5, 24.5, 0], "rotation": [0, 0, -12.5], "uv": [10, 43]}
					]
				},
				{
					"name": "face_tuft_left",
					"parent": "head",
					"pivot": [5.5, 24.4, 0],
					"cubes": [
						{"origin": [5.5, 17.5, 0], "size": [5, 7, 0], "pivot": [5.5, 24.5, 0], "rotation": [0, 0, 12.5], "uv": [10, 43], "mirror": true}
					]
				},
				{
					"name": "arm_left",
					"parent": "torso",
					"pivot": [3, 17.5, 2],
					"cubes": [
						{"origin": [3, 14.5, -2], "size": [6, 3, 4], "uv": [18, 29], "mirror": true}
					]
				},
				{
					"name": "arm_left2",
					"parent": "arm_left",
					"pivot": [9, 17.5, 2],
					"cubes": [
						{"origin": [9, 14.5, -2], "size": [3, 3, 4], "uv": [39, 25], "mirror": true}
					]
				},
				{
					"name": "hand_left",
					"parent": "arm_left2",
					"pivot": [12.09106, 16, 0],
					"cubes": [
						{"origin": [12, 14.5, -2], "size": [3, 3, 4], "uv": [16, 36], "mirror": true},
						{"origin": [12, 17.5, -2], "size": [3, 0, 4], "pivot": [12, 17.5, 0], "rotation": [0, 0, -7], "uv": [22, 36], "mirror": true},
						{"origin": [12, 14.5, -2], "size": [3, 0, 4], "pivot": [12, 14.5, 0], "rotation": [0, 0, 7], "uv": [8, 33], "mirror": true},
						{"origin": [12, 14.5, -2], "size": [3, 3, 0], "pivot": [12, 16, -2], "rotation": [0, 7, 0], "uv": [50, 45], "mirror": true},
						{"origin": [12, 14.5, 2], "size": [3, 3, 0], "pivot": [12, 16, 2], "rotation": [0, -7, 0], "uv": [50, 42], "mirror": true}
					]
				},
				{
					"name": "finger_middle3",
					"parent": "hand_left",
					"pivot": [15, 16.5, 0],
					"cubes": [
						{"origin": [15, 15.5, -0.5], "size": [1, 1, 1], "uv": [31, 0], "mirror": true}
					]
				},
				{
					"name": "finger_middle4",
					"parent": "finger_middle3",
					"pivot": [16, 16.5, 0],
					"cubes": [
						{"origin": [16, 15.5, -0.5], "size": [1, 1, 1], "uv": [0, 26], "mirror": true}
					]
				},
				{
					"name": "finger_back5",
					"parent": "hand_left",
					"pivot": [15, 16.5, 0.8],
					"cubes": [
						{"origin": [15, 15.5, 0.8], "size": [1, 1, 1], "uv": [17, 24], "mirror": true}
					]
				},
				{
					"name": "finger_back6",
					"parent": "finger_back5",
					"pivot": [16, 16.5, 1.8],
					"cubes": [
						{"origin": [16, 15.5, 0.8], "size": [1, 1, 1], "uv": [0, 24], "mirror": true}
					]
				},
				{
					"name": "finger_back7",
					"parent": "hand_left",
					"pivot": [15, 16.5, -0.8],
					"cubes": [
						{"origin": [15, 15.5, -1.8], "size": [1, 1, 1], "uv": [0, 2], "mirror": true}
					]
				},
				{
					"name": "finger_back8",
					"parent": "finger_back7",
					"pivot": [16, 16.5, -1.8],
					"cubes": [
						{"origin": [16, 15.5, -1.8], "size": [1, 1, 1], "uv": [0, 0], "mirror": true}
					]
				},
				{
					"name": "waist",
					"parent": "body",
					"pivot": [0, 12.5, 0],
					"cubes": [
						{"origin": [-3, 8.5, -2.5], "size": [6, 4, 5], "uv": [0, 24]}
					]
				},
				{
					"name": "leg_right",
					"parent": "waist",
					"pivot": [-1.6, 10, 0],
					"cubes": [
						{"origin": [-4.1, 6, -2], "size": [4, 5, 4], "uv": [31, 0]}
					]
				},
				{
					"name": "leg_right2",
					"parent": "leg_right",
					"pivot": [-4.1, 6, -2],
					"cubes": [
						{"origin": [-4.1, 0, -2], "size": [4, 6, 4], "uv": [0, 33]},
						{"origin": [-4.1, 1, -2], "size": [4, 2, 0], "pivot": [-2.1, 3, -2], "rotation": [-9, 0, 0], "uv": [47, 5]},
						{"origin": [-4.1, 0, 2], "size": [4, 3, 0], "pivot": [-2.1, 3, 2], "rotation": [6, 0, 0], "uv": [49, 36]},
						{"origin": [-4.1, 0, -2], "size": [0, 3, 4], "pivot": [-4.1, 3, 0], "rotation": [0, 0, 7], "uv": [20, 39]},
						{"origin": [-0.1, 0, -2], "size": [0, 3, 4], "pivot": [-0.1, 3, 0], "rotation": [0, 0, -6], "uv": [0, 1]},
						{"origin": [-4.1, 0, -2], "size": [4, 3, 0], "pivot": [-2.1, 0, -2], "rotation": [47.5, 0, 0], "uv": [50, 39]}
					]
				},
				{
					"name": "tail",
					"parent": "waist",
					"pivot": [0, 9, 2.5],
					"cubes": [
						{"origin": [-1.5, 9, 2.5], "size": [3, 3, 2], "uv": [44, 17]},
						{"origin": [0, 8, 2.5], "size": [0, 5, 3], "uv": [34, 45]},
						{"origin": [0, 8, 2.5], "size": [0, 5, 3], "pivot": [0, 10.5, 4], "rotation": [0, 0, -57.5], "uv": [34, 45]},
						{"origin": [0, 8, 2.5], "size": [0, 5, 3], "pivot": [0, 10.5, 4], "rotation": [0, 0, 55], "uv": [34, 45]},
						{"origin": [0, 8, 2.5], "size": [0, 5, 3], "pivot": [0, 10.5, 4], "rotation": [0, 0, -90], "uv": [28, 45]}
					]
				},
				{
					"name": "leg_left",
					"parent": "waist",
					"pivot": [1.6, 10, 0],
					"cubes": [
						{"origin": [0.1, 6, -2], "size": [4, 5, 4], "uv": [31, 0], "mirror": true}
					]
				},
				{
					"name": "leg_left2",
					"parent": "leg_left",
					"pivot": [4.1, 6, -2],
					"cubes": [
						{"origin": [0.1, 0, -2], "size": [4, 6, 4], "uv": [0, 33], "mirror": true},
						{"origin": [0.1, 1, -2], "size": [4, 2, 0], "pivot": [2.1, 3, -2], "rotation": [-9, 0, 0], "uv": [47, 5], "mirror": true},
						{"origin": [0.1, 0, 2], "size": [4, 3, 0], "pivot": [2.1, 3, 2], "rotation": [6, 0, 0], "uv": [49, 36], "mirror": true},
						{"origin": [4.1, 0, -2], "size": [0, 3, 4], "pivot": [4.1, 3, 0], "rotation": [0, 0, -7], "uv": [20, 39], "mirror": true},
						{"origin": [0.1, 0, -2], "size": [0, 3, 4], "pivot": [0.1, 3, 0], "rotation": [0, 0, 6], "uv": [0, 1], "mirror": true},
						{"origin": [0.1, 0, -2], "size": [4, 3, 0], "pivot": [2.1, 0, -2], "rotation": [47.5, 0, 0], "uv": [50, 39], "mirror": true}
					]
				}
			]
		}
	]
}