{
	"format_version": "1.12.0",
	"minecraft:geometry": [
		{
			"description": {
				"identifier": "geometry.unknown",
				"texture_width": 128,
				"texture_height": 128,
				"visible_bounds_width": 5,
				"visible_bounds_height": 4.5,
				"visible_bounds_offset": [0, 1.75, 0]
			},
			"bones": [
				{
					"name": "latios",
					"pivot": [0, -18, 0]
				},
				{
					"name": "body",
					"parent": "latios",
					"pivot": [0, 2, 0],
					"cubes": [
						{"origin": [-6.5, 1.5, -10], "size": [13, 12, 17], "inflate": -0.001, "uv": [0, 12]},
						{"origin": [-3.5, 1.4, -7], "size": [7, 0, 5], "uv": [15, 41]}
					]
				},
				{
					"name": "neck",
					"parent": "body",
					"pivot": [0, 12, -10],
					"cubes": [
						{"origin": [-4, 4, -14], "size": [8, 7, 5], "uv": [60, 27]}
					]
				},
				{
					"name": "neck2",
					"parent": "neck",
					"pivot": [0, 10.5, -14],
					"cubes": [
						{"origin": [-2.5, 4.5, -21], "size": [5, 6, 7], "uv": [0, 62]}
					]
				},
				{
					"name": "neck3",
					"parent": "neck2",
					"pivot": [0, 10.5, -21],
					"cubes": [
						{"origin": [-2.5, 4.5, -29], "size": [5, 6, 8], "uv": [22, 55]}
					]
				},
				{
					"name": "head",
					"parent": "neck3",
					"pivot": [0, 10.4567, -28.31089],
					"rotation": [-2.5, 0, 0],
					"cubes": [
						{"origin": [-2.5, 6.36171, -38.17023], "size": [5, 4, 5], "inflate": -0.001, "pivot": [0.5, 6.68138, -34.23635], "rotation": [27.5, 0, 0], "uv": [24, 69]},
						{"origin": [-2.001, 4.59027, -37.40798], "size": [4, 2, 10], "inflate": -0.001, "uv": [50, 45]},
						{"origin": [-3, 4.75194, -35.07806], "size": [6, 6, 7], "inflate": -0.001, "pivot": [-1.5, 7.57359, -32.52261], "rotation": [3, 0, 0], "uv": [48, 57]}
					]
				},
				{
					"name": "head_feather_right",
					"parent": "head",
					"pivot": [-2.601, 10.51821, -32.91964],
					"rotation": [-39.66569, -4.20854, -9.07947],
					"cubes": [
						{"origin": [-2.6, 10.59524, -33.06717], "size": [0, 8, 4], "pivot": [-1, 13.37359, -31.52261], "rotation": [3, 0, 0], "uv": [0, 37]}
					]
				},
				{
					"name": "head_feather_left",
					"parent": "head",
					"pivot": [2.601, 10.51821, -32.91964],
					"rotation": [-39.66569, 4.20854, 9.07947],
					"cubes": [
						{"origin": [2.6, 10.59524, -33.06717], "size": [0, 8, 4], "pivot": [1, 13.37359, -31.52261], "rotation": [3, 0, 0], "uv": [0, 37], "mirror": true}
					]
				},
				{
					"name": "eyelid_right",
					"parent": "head",
					"pivot": [-1.5, 7.69645, -33.58595],
					"cubes": [
						{"origin": [-2, 6.75194, -35.07806], "size": [1, 2, 3], "pivot": [-0.5, 7.57359, -32.52261], "rotation": [3, 0, 0], "uv": [40, 55]}
					]
				},
				{
					"name": "eyelid_left",
					"parent": "head",
					"pivot": [1.5, 7.69645, -33.58595],
					"cubes": [
						{"origin": [1, 6.75194, -35.07806], "size": [1, 2, 3], "pivot": [0.5, 7.57359, -32.52261], "rotation": [3, 0, 0], "uv": [40, 55], "mirror": true}
					]
				},
				{
					"name": "wing_right",
					"parent": "body",
					"pivot": [-5, 10, -1],
					"cubes": [
						{"origin": [-16, 10, -5.1], "size": [10, 3, 7], "uv": [52, 17]},
						{"origin": [-10, 8, -5.5], "size": [5, 7, 10], "uv": [0, 41]}
					]
				},
				{
					"name": "wing_right2",
					"parent": "wing_right",
					"pivot": [-14, 12.5, -5.5],
					"cubes": [
						{"origin": [-23, 10.5, -4.6], "size": [9, 2, 5], "uv": [67, 57]}
					]
				},
				{
					"name": "wing_right3",
					"parent": "wing_right2",
					"pivot": [-26, 11.5, -4.5],
					"cubes": [
						{"origin": [-38, 11.5, -6.5], "size": [32, 0, 12], "uv": [0, 0]}
					]
				},
				{
					"name": "arm_right",
					"parent": "body",
					"pivot": [-7.5, 6.69702, -3.95125],
					"cubes": [
						{"origin": [-8.5, 4.7, -7], "size": [2, 4, 6], "pivot": [-7.5, 6.3, -4], "rotation": [-7, 0, 0], "uv": [0, 6]}
					]
				},
				{
					"name": "arm_right2",
					"parent": "arm_right",
					"pivot": [-8.5, 7.68956, -3.82938],
					"cubes": [
						{"origin": [-13.5, 5.7, -6], "size": [6, 2, 2], "inflate": -0.001, "pivot": [-7.5, 6.3, -4], "rotation": [-7, 0, 0], "uv": [0, 23]}
					]
				},
				{
					"name": "hand_right",
					"parent": "arm_right2",
					"pivot": [-13.5, 7.67764, -3.83439],
					"cubes": [
						{"origin": [-21.5, 5.6, -7.5], "size": [8, 3, 5], "pivot": [-8.5, 6.3, -4], "rotation": [-7, 0, 0], "uv": [68, 39]},
						{"origin": [-23.5, 7.1, -7.5], "size": [2, 0, 5], "pivot": [-8.5, 6.3, -4], "rotation": [-7, 0, 0], "uv": [0, 0]}
					]
				},
				{
					"name": "tail",
					"parent": "body",
					"pivot": [0.101, 2.501, 7.001],
					"cubes": [
						{"origin": [-4.5, 2.5, 7], "size": [9, 8, 5], "inflate": -0.001, "uv": [31, 42]}
					]
				},
				{
					"name": "tail2",
					"parent": "tail",
					"pivot": [0, 2.5, 12],
					"cubes": [
						{"origin": [0, 2.5, 12], "size": [0, 7, 6], "inflate": -0.001, "uv": [44, 64]},
						{"origin": [0, 2.5, 12], "size": [0, 7, 6], "inflate": -0.001, "pivot": [0, 6, 15.5], "rotation": [0, 0, -90], "uv": [0, 10]}
					]
				},
				{
					"name": "tail_feathers_right",
					"parent": "tail",
					"pivot": [-2.68568, 6.5, 10.00285],
					"cubes": [
						{"origin": [-10.56707, 6.4, 6.19694], "size": [8, 0, 12], "inflate": -0.001, "pivot": [-6.56707, 6.4, 12.19694], "rotation": [0, 55, 180], "uv": [31, 12]}
					]
				},
				{
					"name": "tail_feathers_left",
					"parent": "tail",
					"pivot": [2.68568, 6.5, 10.00285],
					"cubes": [
						{"origin": [0.61629, 6.6, 7.21245], "size": [8, 0, 12], "inflate": -0.001, "pivot": [6.11629, 6.5, 13.71245], "rotation": [0, -55, -180], "uv": [31, 12], "mirror": true}
					]
				},
				{
					"name": "wing_left",
					"parent": "body",
					"pivot": [5, 10, -1],
					"cubes": [
						{"origin": [6, 10, -5.1], "size": [10, 3, 7], "uv": [52, 17], "mirror": true},
						{"origin": [5, 8, -5.5], "size": [5, 7, 10], "uv": [0, 41], "mirror": true}
					]
				},
				{
					"name": "wing_left2",
					"parent": "wing_left",
					"pivot": [14, 12.5, -5.5],
					"cubes": [
						{"origin": [14, 10.5, -4.6], "size": [9, 2, 5], "uv": [67, 57], "mirror": true}
					]
				},
				{
					"name": "wing_left3",
					"parent": "wing_left2",
					"pivot": [26, 11.5, -4.5],
					"cubes": [
						{"origin": [6, 11.5, -6.5], "size": [32, 0, 12], "uv": [0, 0], "mirror": true}
					]
				},
				{
					"name": "arm_left",
					"parent": "body",
					"pivot": [7.5, 6.69702, -3.95125],
					"cubes": [
						{"origin": [6.5, 4.7, -7], "size": [2, 4, 6], "pivot": [7.5, 6.3, -4], "rotation": [-7, 0, 0], "uv": [0, 6], "mirror": true}
					]
				},
				{
					"name": "arm_left2",
					"parent": "arm_left",
					"pivot": [8.5, 7.68956, -3.82938],
					"cubes": [
						{"origin": [7.5, 5.7, -6], "size": [6, 2, 2], "inflate": -0.001, "pivot": [7.5, 6.3, -4], "rotation": [-7, 0, 0], "uv": [0, 23], "mirror": true}
					]
				},
				{
					"name": "hand_left",
					"parent": "arm_left2",
					"pivot": [13.5, 7.67764, -3.83439],
					"cubes": [
						{"origin": [13.5, 5.6, -7.5], "size": [8, 3, 5], "pivot": [8.5, 6.3, -4], "rotation": [-7, 0, 0], "uv": [68, 39], "mirror": true},
						{"origin": [21.5, 7.1, -7.5], "size": [2, 0, 5], "pivot": [8.5, 6.3, -4], "rotation": [-7, 0, 0], "uv": [0, 0], "mirror": true}
					]
				}
			]
		}
	]
}