{
	"format_version": "1.12.0",
	"minecraft:geometry": [
		{
			"description": {
				"identifier": "geometry.unknown",
				"texture_width": 128,
				"texture_height": 128,
				"visible_bounds_width": 5,
				"visible_bounds_height": 4.5,
				"visible_bounds_offset": [0, 1.75, 0]
			},
			"bones": [
				{
					"name": "latios",
					"pivot": [0, -18, 0]
				},
				{
					"name": "body",
					"parent": "latios",
					"pivot": [0, 2, 0],
					"cubes": [
						{"origin": [-6.5, 2, -10], "size": [13, 11, 21], "inflate": -0.001, "uv": [0, 0]},
						{"origin": [-3.5, 2, -7], "size": [7, 0, 5], "uv": [78, 30]}
					]
				},
				{
					"name": "neck",
					"parent": "body",
					"pivot": [0, 12, -10],
					"cubes": [
						{"origin": [-4, 4, -14], "size": [8, 7, 5], "uv": [31, 67]}
					]
				},
				{
					"name": "neck2",
					"parent": "neck",
					"pivot": [0, 11, -14],
					"cubes": [
						{"origin": [-2.5, 5, -21], "size": [5, 6, 7], "uv": [70, 17]}
					]
				},
				{
					"name": "neck3",
					"parent": "neck2",
					"pivot": [0, 11, -21],
					"cubes": [
						{"origin": [-2.5, 5, -29], "size": [5, 6, 8], "uv": [61, 67]}
					]
				},
				{
					"name": "head",
					"parent": "neck3",
					"pivot": [0, 10.9567, -28.31089],
					"rotation": [-2.5, 0, 0],
					"cubes": [
						{"origin": [-2.5, 6.25046, -38.9241], "size": [5, 4, 5], "inflate": -0.001, "pivot": [0, 7.75046, -36.0241], "rotation": [27.5, 0, 0], "uv": [77, 47]},
						{"origin": [-2.001, 5.09027, -37.80798], "size": [4, 2, 10], "inflate": -0.001, "uv": [65, 34]},
						{"origin": [-3, 5.25194, -35.07806], "size": [6, 6, 7], "inflate": -0.001, "pivot": [-1.5, 8.07359, -32.52261], "rotation": [3, 0, 0], "uv": [0, 70]}
					]
				},
				{
					"name": "head_feather_right",
					"parent": "head",
					"pivot": [-3.101, 6.41821, -34.91964],
					"rotation": [-25, 0, 0],
					"cubes": [
						{"origin": [-3.1, 6.49524, -35.06717], "size": [0, 10, 4], "pivot": [-1.5, 9.27359, -33.52261], "rotation": [3, 0, 0], "uv": [0, 6]}
					]
				},
				{
					"name": "head_feather_left",
					"parent": "head",
					"pivot": [3.101, 6.41821, -34.91964],
					"rotation": [-25, 0, 0],
					"cubes": [
						{"origin": [3.1, 6.49524, -35.06717], "size": [0, 10, 4], "pivot": [1.5, 9.27359, -33.52261], "rotation": [3, 0, 0], "uv": [0, 6], "mirror": true}
					]
				},
				{
					"name": "eyelid_right",
					"parent": "head",
					"pivot": [-1.25, 7.96056, -34.01456],
					"cubes": [
						{"origin": [-2, 7.25194, -35.07806], "size": [1, 2, 3], "pivot": [-0.5, 8.07359, -32.52261], "rotation": [3, 0, 0], "uv": [49, 0]},
						{"origin": [-1.5, 6.25046, -35.9241], "size": [1, 1, 2], "pivot": [1, 7.75046, -36.0241], "rotation": [27.5, 0, 0], "uv": [54, 0]}
					]
				},
				{
					"name": "eyelid_left",
					"parent": "head",
					"pivot": [1.25, 7.96056, -34.01456],
					"cubes": [
						{"origin": [1, 7.25194, -35.07806], "size": [1, 2, 3], "pivot": [0.5, 8.07359, -32.52261], "rotation": [3, 0, 0], "uv": [49, 0], "mirror": true},
						{"origin": [0.5, 6.25046, -35.9241], "size": [1, 1, 2], "pivot": [-1, 7.75046, -36.0241], "rotation": [27.5, 0, 0], "uv": [54, 0], "mirror": true}
					]
				},
				{
					"name": "tail_right",
					"parent": "body",
					"pivot": [-5, 7.8, 7.5],
					"cubes": [
						{"origin": [-7.1, 3.3, 3.5], "size": [8, 8, 10], "pivot": [-6, 6.8, 4.5], "rotation": [-0.17752, -14.33131, 1.73433], "uv": [50, 49]}
					]
				},
				{
					"name": "tail_right2",
					"parent": "tail_right",
					"pivot": [-3.81806, 7.3, 8.05656],
					"cubes": [
						{"origin": [-3.1, 0.3, 7.5], "size": [0, 14, 16], "pivot": [-6, 6.8, 4.5], "rotation": [0, -12.5, 0], "uv": [0, 28]}
					]
				},
				{
					"name": "wing_right",
					"parent": "body",
					"pivot": [-4, 10, -1],
					"cubes": [
						{"origin": [-14, 10, -4.5], "size": [10, 3, 8], "uv": [0, 59]}
					]
				},
				{
					"name": "wing_right2",
					"parent": "wing_right",
					"pivot": [-12, 12.5, -5.5],
					"cubes": [
						{"origin": [-22, 10.5, -4], "size": [10, 2, 6], "uv": [65, 9]}
					]
				},
				{
					"name": "wing_right3",
					"parent": "wing_right2",
					"pivot": [-24, 11.5, -4.5],
					"cubes": [
						{"origin": [-36, 11.5, -6.5], "size": [32, 0, 12], "uv": [-1, 32]}
					]
				},
				{
					"name": "arm_right",
					"parent": "body",
					"pivot": [-7.5, 7.39702, -5.95125],
					"cubes": [
						{"origin": [-8.5, 5.4, -9], "size": [2, 4, 6], "pivot": [-7.5, 7, -6], "rotation": [-7, 0, 0], "uv": [0, 0]}
					]
				},
				{
					"name": "arm_right2",
					"parent": "arm_right",
					"pivot": [-8.5, 8.38956, -5.82938],
					"cubes": [
						{"origin": [-13.5, 6.4, -8], "size": [6, 2, 2], "inflate": -0.001, "pivot": [-7.5, 7, -6], "rotation": [-7, 0, 0], "uv": [49, 15]}
					]
				},
				{
					"name": "hand_right",
					"parent": "arm_right2",
					"pivot": [-13.5, 8.37764, -5.83439],
					"cubes": [
						{"origin": [-21.5, 6.3, -9.5], "size": [8, 3, 5], "pivot": [-8.5, 7, -6], "rotation": [-7, 0, 0], "uv": [71, 0]},
						{"origin": [-23.5, 7.8, -9.5], "size": [2, 0, 5], "pivot": [-8.5, 7, -6], "rotation": [-7, 0, 0], "uv": [5, 0]}
					]
				},
				{
					"name": "neck_feathers",
					"parent": "body",
					"pivot": [0, 13, -10]
				},
				{
					"name": "neck_feathers_right",
					"parent": "neck_feathers",
					"pivot": [-4, 13, -10],
					"cubes": [
						{"origin": [-4, 13, -25], "size": [6, 0, 15], "pivot": [1.5, 13, -10], "rotation": [7.5, 0, 0], "uv": [71, 56]},
						{"origin": [-12.5, 11.5, -25], "size": [7, 0, 15], "pivot": [-5.5, 13, -10], "rotation": [-0.06583, 7.49971, -90.50431], "uv": [31, 44]}
					]
				},
				{
					"name": "neck_feathers_left",
					"parent": "neck_feathers",
					"pivot": [4, 13, -10],
					"cubes": [
						{"origin": [-2, 13, -25], "size": [6, 0, 15], "pivot": [-1.5, 13, -10], "rotation": [7.5, 0, 0], "uv": [71, 56], "mirror": true},
						{"origin": [5.5, 11.5, -25], "size": [7, 0, 15], "pivot": [5.5, 13, -10], "rotation": [-0.06583, -7.49971, 90.50431], "uv": [31, 44], "mirror": true}
					]
				},
				{
					"name": "arm_left",
					"parent": "body",
					"pivot": [7.5, 7.39702, -5.95125],
					"cubes": [
						{"origin": [6.5, 5.4, -9], "size": [2, 4, 6], "pivot": [7.5, 7, -6], "rotation": [-7, 0, 0], "uv": [0, 0], "mirror": true}
					]
				},
				{
					"name": "arm_left2",
					"parent": "arm_left",
					"pivot": [8.5, 8.38956, -5.82938],
					"cubes": [
						{"origin": [7.5, 6.4, -8], "size": [6, 2, 2], "inflate": -0.001, "pivot": [7.5, 7, -6], "rotation": [-7, 0, 0], "uv": [49, 15], "mirror": true}
					]
				},
				{
					"name": "hand_left",
					"parent": "arm_left2",
					"pivot": [13.5, 8.37764, -5.83439],
					"cubes": [
						{"origin": [13.5, 6.3, -9.5], "size": [8, 3, 5], "pivot": [8.5, 7, -6], "rotation": [-7, 0, 0], "uv": [71, 0], "mirror": true},
						{"origin": [21.5, 7.8, -9.5], "size": [2, 0, 5], "pivot": [8.5, 7, -6], "rotation": [-7, 0, 0], "uv": [5, 0], "mirror": true}
					]
				},
				{
					"name": "tail_left",
					"parent": "body",
					"pivot": [5, 7.8, 7.5],
					"cubes": [
						{"origin": [-0.9, 3.3, 3.5], "size": [8, 8, 10], "pivot": [6, 6.8, 4.5], "rotation": [-0.17752, 14.33131, -1.73433], "uv": [50, 49], "mirror": true}
					]
				},
				{
					"name": "tail_left2",
					"parent": "tail_left",
					"pivot": [3.81806, 7.3, 8.05656],
					"cubes": [
						{"origin": [3.1, 0.3, 7.5], "size": [0, 14, 16], "pivot": [6, 6.8, 4.5], "rotation": [0, 12.5, 0], "uv": [0, 28], "mirror": true}
					]
				},
				{
					"name": "wing_left",
					"parent": "body",
					"pivot": [4, 10, -1],
					"cubes": [
						{"origin": [4, 10, -4.5], "size": [10, 3, 8], "uv": [0, 59], "mirror": true}
					]
				},
				{
					"name": "wing_left2",
					"parent": "wing_left",
					"pivot": [12, 12.5, -5.5],
					"cubes": [
						{"origin": [12, 10.5, -4], "size": [10, 2, 6], "uv": [65, 9], "mirror": true}
					]
				},
				{
					"name": "wing_left3",
					"parent": "wing_left2",
					"pivot": [24, 11.5, -4.5],
					"cubes": [
						{"origin": [4, 11.5, -6.5], "size": [32, 0, 12], "uv": [-1, 32], "mirror": true}
					]
				}
			]
		}
	]
}