{
	"format_version": "1.12.0",
	"minecraft:geometry": [
		{
			"description": {
				"identifier": "geometry.machoke",
				"texture_width": 64,
				"texture_height": 64,
				"visible_bounds_width": 5,
				"visible_bounds_height": 3.5,
				"visible_bounds_offset": [0, 1.25, 0]
			},
			"bones": [
				{
					"name": "machoke",
					"pivot": [0, -0.25, 0]
				},
				{
					"name": "body",
					"parent": "machoke",
					"pivot": [0, -0.25, 2.75]
				},
				{
					"name": "torso",
					"parent": "body",
					"pivot": [0, 12.25, 1.75],
					"cubes": [
						{"origin": [-4, 10.25, -0.75], "size": [8, 5, 5], "inflate": 0.01, "uv": [0, 14]},
						{"origin": [-2, 8.75, -0.75], "size": [4, 2, 5], "uv": [0, 33]}
					]
				},
				{
					"name": "chest",
					"parent": "torso",
					"pivot": [0, 14.25, 1.75],
					"cubes": [
						{"origin": [-5, 14.25, -1.75], "size": [10, 7, 7], "uv": [0, 0]}
					]
				},
				{
					"name": "head",
					"parent": "chest",
					"pivot": [0, 21.25, 0.75]
				},
				{
					"name": "head_correction",
					"parent": "head",
					"pivot": [0, 21.25, 0.75]
				},
				{
					"name": "head_ai",
					"parent": "head_correction",
					"pivot": [0, 21.25, 0.75]
				},
				{
					"name": "head_angle",
					"parent": "head_ai",
					"pivot": [0, 21.25, 0.75],
					"cubes": [
						{"origin": [-3, 22.25, -2.25], "size": [6, 5, 6], "uv": [20, 18]},
						{"origin": [-3, 21.25, -1.25], "size": [6, 1, 5], "inflate": 0.01, "uv": [29, 9]},
						{"origin": [-1.75, 25.25, -3], "size": [0, 4, 7], "pivot": [-1.75, 27.25, 0.5], "rotation": [0, -10, -15], "uv": [32, 32]},
						{"origin": [0, 25.5, -3], "size": [0, 4, 7], "uv": [32, 22]},
						{"origin": [1.75, 25.25, -3], "size": [0, 4, 7], "pivot": [1.75, 27.25, 0.5], "rotation": [0, 10, 15], "uv": [18, 32]},
						{"origin": [-3, 22.25, -5.25], "size": [6, 3, 3], "uv": [36, 33]},
						{"origin": [-1.5, 23.25, -5.25], "size": [3, 1, 0], "inflate": 0.01, "uv": [0, 2]},
						{"origin": [-2, 21.75, -5], "size": [1, 1, 0], "pivot": [-1.5, 22.25, -5.1], "rotation": [-12.5, 12.5, -45], "uv": [5, 0]},
						{"origin": [1, 21.75, -5], "size": [1, 1, 0], "pivot": [1.5, 22.25, -5.1], "rotation": [-12.5, -12.5, 45], "uv": [0, 16]}
					]
				},
				{
					"name": "eyes",
					"parent": "head_angle",
					"pivot": [0, 25.25, -0.65],
					"rotation": [2.5, 0, 0]
				},
				{
					"name": "eye_right",
					"parent": "eyes",
					"pivot": [-3, 25.25, -0.65],
					"cubes": [
						{"origin": [-3, 24.25, -2.15], "size": [0, 2, 3], "inflate": 0.01, "uv": [0, 0]}
					]
				},
				{
					"name": "eyelid_right",
					"parent": "eye_right",
					"pivot": [-2.4, 25.25, -0.65],
					"cubes": [
						{"origin": [-2.9, 24.25, -2.15], "size": [1, 2, 3], "inflate": 0.02, "uv": [32, 43]}
					]
				},
				{
					"name": "eye_left",
					"parent": "eyes",
					"pivot": [3, 25.25, -0.65],
					"cubes": [
						{"origin": [3, 24.25, -2.15], "size": [0, 2, 3], "inflate": 0.01, "uv": [0, 2]}
					]
				},
				{
					"name": "eyelid_left",
					"parent": "eye_left",
					"pivot": [2.4, 25.25, -0.65],
					"cubes": [
						{"origin": [1.9, 24.25, -2.15], "size": [1, 2, 3], "inflate": 0.02, "uv": [11, 40]}
					]
				},
				{
					"name": "jaw",
					"parent": "head_angle",
					"pivot": [0, 22.25, -1.25],
					"cubes": [
						{"origin": [-3, 21.25, -2.25], "size": [6, 1, 1], "uv": [21, 15]},
						{"origin": [-2.5, 21.25, -5.25], "size": [5, 1, 3], "uv": [16, 43]},
						{"origin": [-1.65, 21.75, -5], "size": [1, 1, 0], "inflate": 0.01, "pivot": [-1.15, 22.25, -5], "rotation": [-12.5, 12.5, -45], "uv": [3, 14]},
						{"origin": [0.65, 21.75, -5], "size": [1, 1, 0], "inflate": 0.01, "pivot": [1.15, 22.25, -5], "rotation": [-12.5, -12.5, 45], "uv": [2, 16]}
					]
				},
				{
					"name": "arm_right",
					"parent": "chest",
					"pivot": [-5, 21.25, 1.5],
					"cubes": [
						{"origin": [-13, 17.75, -0.5], "size": [8, 4, 4], "inflate": 0.01, "uv": [0, 25]}
					]
				},
				{
					"name": "arm_right2",
					"parent": "arm_right",
					"pivot": [-13, 19.75, 3.5],
					"cubes": [
						{"origin": [-20, 18.25, -0.5], "size": [7, 3, 4], "uv": [27, 0]}
					]
				},
				{
					"name": "hand_right",
					"parent": "arm_right2",
					"pivot": [-20, 20, 1.5],
					"cubes": [
						{"origin": [-23, 19, -1], "size": [3, 2, 5], "uv": [0, 40]}
					]
				},
				{
					"name": "finger_index_right",
					"parent": "hand_right",
					"pivot": [-23, 21, 0.25],
					"cubes": [
						{"origin": [-25, 20, -0.25], "size": [2, 1, 1], "inflate": 0.01, "uv": [44, 27]}
					]
				},
				{
					"name": "finger_index_right2",
					"parent": "finger_index_right",
					"pivot": [-25, 21, 0.25],
					"cubes": [
						{"origin": [-27, 20, -0.25], "size": [2, 1, 1], "uv": [29, 43]}
					]
				},
				{
					"name": "finger_middle_right",
					"parent": "hand_right",
					"pivot": [-23, 21, 1.25],
					"cubes": [
						{"origin": [-25, 20, 0.75], "size": [2, 1, 1], "inflate": 0.01, "uv": [40, 7]}
					]
				},
				{
					"name": "finger_middle_right2",
					"parent": "finger_middle_right",
					"pivot": [-25, 21, 1.25],
					"cubes": [
						{"origin": [-27, 20, 0.75], "size": [2, 1, 1], "uv": [38, 22]}
					]
				},
				{
					"name": "finger_ring_right",
					"parent": "hand_right",
					"pivot": [-23, 21, 2.25],
					"cubes": [
						{"origin": [-25, 20, 1.75], "size": [2, 1, 1], "inflate": 0.01, "uv": [13, 35]}
					]
				},
				{
					"name": "finger_ring_right2",
					"parent": "finger_ring_right",
					"pivot": [-25, 21, 2.25],
					"cubes": [
						{"origin": [-27, 20, 1.75], "size": [2, 1, 1], "uv": [34, 16]}
					]
				},
				{
					"name": "finger_pinky_right",
					"parent": "hand_right",
					"pivot": [-23, 21, 3.25],
					"cubes": [
						{"origin": [-25, 20, 2.75], "size": [2, 1, 1], "inflate": 0.01, "uv": [34, 7]}
					]
				},
				{
					"name": "finger_pinky_right2",
					"parent": "finger_pinky_right",
					"pivot": [-25, 21, 3.25],
					"cubes": [
						{"origin": [-27, 20, 2.75], "size": [2, 1, 1], "uv": [13, 33]}
					]
				},
				{
					"name": "thumb_right",
					"parent": "hand_right",
					"pivot": [-22.5, 19.5, -0.75],
					"cubes": [
						{"origin": [-24, 19, -1.25], "size": [2, 1, 1], "inflate": 0.01, "uv": [0, 0]}
					]
				},
				{
					"name": "thumb_right2",
					"parent": "thumb_right",
					"pivot": [-24, 19.5, -1.25],
					"cubes": [
						{"origin": [-25, 19, -1.25], "size": [1, 1, 1], "uv": [0, 14]}
					]
				},
				{
					"name": "container",
					"parent": "arm_right",
					"pivot": [-5, 21.25, 1.5],
					"cubes": [
						{"origin": [-4, 12, -11], "size": [8, 8, 8], "uv": [0, 48]}
					]
				},
				{
					"name": "arm_left",
					"parent": "chest",
					"pivot": [5, 21.25, 1.5],
					"cubes": [
						{"origin": [5, 17.75, -0.5], "size": [8, 4, 4], "inflate": 0.01, "uv": [0, 25], "mirror": true}
					]
				},
				{
					"name": "arm_left2",
					"parent": "arm_left",
					"pivot": [13, 19.75, 3.5],
					"cubes": [
						{"origin": [13, 18.25, -0.5], "size": [7, 3, 4], "uv": [27, 0], "mirror": true}
					]
				},
				{
					"name": "hand_left",
					"parent": "arm_left2",
					"pivot": [20, 20, 1.5],
					"cubes": [
						{"origin": [20, 19, -1], "size": [3, 2, 5], "uv": [0, 40], "mirror": true}
					]
				},
				{
					"name": "finger_index_left",
					"parent": "hand_left",
					"pivot": [23, 21, 0.25],
					"cubes": [
						{"origin": [23, 20, -0.25], "size": [2, 1, 1], "inflate": 0.01, "uv": [44, 27], "mirror": true}
					]
				},
				{
					"name": "finger_index_left2",
					"parent": "finger_index_left",
					"pivot": [25, 21, 0.25],
					"cubes": [
						{"origin": [25, 20, -0.25], "size": [2, 1, 1], "uv": [29, 43], "mirror": true}
					]
				},
				{
					"name": "finger_middle_left",
					"parent": "hand_left",
					"pivot": [23, 21, 1.25],
					"cubes": [
						{"origin": [23, 20, 0.75], "size": [2, 1, 1], "inflate": 0.01, "uv": [40, 7], "mirror": true}
					]
				},
				{
					"name": "finger_middle_left2",
					"parent": "finger_middle_left",
					"pivot": [25, 21, 1.25],
					"cubes": [
						{"origin": [25, 20, 0.75], "size": [2, 1, 1], "uv": [38, 22], "mirror": true}
					]
				},
				{
					"name": "finger_ring_left",
					"parent": "hand_left",
					"pivot": [23, 21, 2.25],
					"cubes": [
						{"origin": [23, 20, 1.75], "size": [2, 1, 1], "inflate": 0.01, "uv": [13, 35], "mirror": true}
					]
				},
				{
					"name": "finger_ring_left2",
					"parent": "finger_ring_left",
					"pivot": [25, 21, 2.25],
					"cubes": [
						{"origin": [25, 20, 1.75], "size": [2, 1, 1], "uv": [34, 16], "mirror": true}
					]
				},
				{
					"name": "finger_pinky_left",
					"parent": "hand_left",
					"pivot": [23, 21, 3.25],
					"cubes": [
						{"origin": [23, 20, 2.75], "size": [2, 1, 1], "inflate": 0.01, "uv": [34, 7], "mirror": true}
					]
				},
				{
					"name": "finger_pinky_left2",
					"parent": "finger_pinky_left",
					"pivot": [25, 21, 3.25],
					"cubes": [
						{"origin": [25, 20, 2.75], "size": [2, 1, 1], "uv": [13, 33], "mirror": true}
					]
				},
				{
					"name": "thumb_left",
					"parent": "hand_left",
					"pivot": [22.5, 19.5, -0.75],
					"cubes": [
						{"origin": [22, 19, -1.25], "size": [2, 1, 1], "inflate": 0.01, "uv": [0, 0], "mirror": true}
					]
				},
				{
					"name": "thumb_left2",
					"parent": "thumb_left",
					"pivot": [24, 19.5, -1.25],
					"cubes": [
						{"origin": [24, 19, -1.25], "size": [1, 1, 1], "uv": [0, 14], "mirror": true}
					]
				},
				{
					"name": "leg_right",
					"parent": "body",
					"pivot": [-2.5, 10, 1.75],
					"rotation": [-10, 2.5, 10],
					"cubes": [
						{"origin": [-4.5, 5, -0.25], "size": [4, 6, 4], "uv": [20, 29]}
					]
				},
				{
					"name": "leg_right2",
					"parent": "leg_right",
					"pivot": [-2.5, 5, -0.25],
					"rotation": [25, 0, 0],
					"cubes": [
						{"origin": [-4, 0, -0.25], "size": [3, 5, 4], "uv": [42, 39]}
					]
				},
				{
					"name": "foot_right",
					"parent": "leg_right2",
					"pivot": [-2.5, 0.75, 1.75],
					"rotation": [-15, 0, -10],
					"cubes": [
						{"origin": [-4.5, -1.25, -1], "size": [4, 2, 5], "uv": [38, 15]}
					]
				},
				{
					"name": "foot_right2",
					"parent": "foot_right",
					"pivot": [-2.5, -1.25, -1],
					"cubes": [
						{"origin": [-4.5, -1.25, -4], "size": [4, 2, 3], "inflate": 0.01, "uv": [44, 22]}
					]
				},
				{
					"name": "leg_left",
					"parent": "body",
					"pivot": [2.5, 10, 1.75],
					"rotation": [-10, -2.5, -10],
					"cubes": [
						{"origin": [0.5, 5, -0.25], "size": [4, 6, 4], "uv": [20, 29], "mirror": true}
					]
				},
				{
					"name": "leg_left2",
					"parent": "leg_left",
					"pivot": [2.5, 5, -0.25],
					"rotation": [25, 0, 0],
					"cubes": [
						{"origin": [1, 0, -0.25], "size": [3, 5, 4], "uv": [42, 39], "mirror": true}
					]
				},
				{
					"name": "foot_left",
					"parent": "leg_left2",
					"pivot": [2.5, 0.75, 1.75],
					"rotation": [-15, 0, 10],
					"cubes": [
						{"origin": [0.5, -1.25, -1], "size": [4, 2, 5], "uv": [38, 15], "mirror": true}
					]
				},
				{
					"name": "foot_left2",
					"parent": "foot_left",
					"pivot": [2.5, -1.25, -1],
					"cubes": [
						{"origin": [0.5, -1.25, -4], "size": [4, 2, 3], "inflate": 0.01, "uv": [44, 22], "mirror": true}
					]
				}
			]
		}
	]
}