{
	"format_version": "1.12.0",
	"minecraft:geometry": [
		{
			"description": {
				"identifier": "geometry.metagross",
				"texture_width": 256,
				"texture_height": 128,
				"visible_bounds_width": 5,
				"visible_bounds_height": 3.5,
				"visible_bounds_offset": [0, 1.25, 0]
			},
			"bones": [
				{
					"name": "metagross",
					"pivot": [0, 0, 0]
				},
				{
					"name": "body",
					"parent": "metagross",
					"pivot": [0, 26, 0]
				},
				{
					"name": "torso",
					"parent": "body",
					"pivot": [-0.5, 18, 0.5],
					"cubes": [
						{"origin": [-10, 16.5, -9.5], "size": [20, 5, 20], "uv": [0, 64]},
						{"origin": [-15, 21.5, -14.5], "size": [30, 4, 30], "uv": [0, 30]},
						{"origin": [-12, 25.25, -11.5], "size": [24, 6, 24], "uv": [0, 0]},
						{"origin": [-9.5, 30.75, -9], "size": [19, 3, 19], "uv": [72, 2]}
					]
				},
				{
					"name": "eyes",
					"parent": "torso",
					"pivot": [-0.5, 18, 0.5]
				},
				{
					"name": "eye_right",
					"parent": "eyes",
					"pivot": [-6.65, 27.15, -11.51],
					"cubes": [
						{"origin": [-9, 25.25, -11.51], "size": [5, 4, 0], "uv": [72, 4], "mirror": true}
					]
				},
				{
					"name": "eye_open_right",
					"parent": "eye_right",
					"pivot": [-6.65, 27.15, -11.51],
					"cubes": [
						{"origin": [-7.8, 26.05, -11.52], "size": [2, 2, 0], "uv": [86, 0], "mirror": true}
					]
				},
				{
					"name": "eye_shine_right",
					"parent": "eye_open_right",
					"pivot": [-7.3, 27.55, -11.525],
					"cubes": [
						{"origin": [-7.8, 27.05, -11.525], "size": [1, 1, 0], "uv": [88, 2], "mirror": true}
					]
				},
				{
					"name": "pupil_right",
					"parent": "eye_open_right",
					"pivot": [-6.8, 27.05, -11.53],
					"cubes": [
						{"origin": [-7.3, 26.55, -11.53], "size": [1, 1, 0], "uv": [86, 2], "mirror": true}
					]
				},
				{
					"name": "eye_closed_right",
					"parent": "eye_right",
					"pivot": [-6.8, 27.05, -11.42],
					"cubes": [
						{"origin": [-7.8, 26.55, -11.42], "size": [2, 1, 0], "uv": [86, 3], "mirror": true}
					]
				},
				{
					"name": "eye_left",
					"parent": "eyes",
					"pivot": [6.65, 27.15, -11.51],
					"cubes": [
						{"origin": [4, 25.25, -11.51], "size": [5, 4, 0], "uv": [72, 0]}
					]
				},
				{
					"name": "eye_open_left",
					"parent": "eye_left",
					"pivot": [6.65, 27.15, -11.51],
					"cubes": [
						{"origin": [5.8, 26.05, -11.52], "size": [2, 2, 0], "uv": [82, 0]}
					]
				},
				{
					"name": "eye_shine_left",
					"parent": "eye_open_left",
					"pivot": [7.3, 27.55, -11.525],
					"cubes": [
						{"origin": [6.8, 27.05, -11.525], "size": [1, 1, 0], "uv": [84, 2]}
					]
				},
				{
					"name": "pupil_left",
					"parent": "eye_open_left",
					"pivot": [6.8, 27.05, -11.53],
					"cubes": [
						{"origin": [6.3, 26.55, -11.53], "size": [1, 1, 0], "uv": [82, 2]}
					]
				},
				{
					"name": "eye_closed_left",
					"parent": "eye_left",
					"pivot": [6.8, 27.05, -11.42],
					"cubes": [
						{"origin": [5.8, 26.55, -11.42], "size": [2, 1, 0], "uv": [82, 3]}
					]
				},
				{
					"name": "mouth",
					"parent": "torso",
					"pivot": [0, 19.5, -9.41],
					"cubes": [
						{"origin": [-8, 17.5, -9.41], "size": [16, 4, 0], "uv": [0, 89]}
					]
				},
				{
					"name": "torso_spikes",
					"parent": "torso",
					"pivot": [-0.5, 21.5, 0.5],
					"cubes": [
						{"origin": [-13.9, 17, -1], "size": [3, 2, 3], "uv": [18, 40], "mirror": true},
						{"origin": [-14.4, 19, -1.5], "size": [4, 3, 4], "uv": [14, 33], "mirror": true},
						{"origin": [10.4, 19, -1.5], "size": [4, 3, 4], "uv": [0, 30]},
						{"origin": [10.9, 17, -1], "size": [3, 2, 3], "uv": [0, 37]}
					]
				},
				{
					"name": "head_metal",
					"parent": "torso",
					"pivot": [-0.5, 28.5, -12.1],
					"rotation": [-35, 0, 0]
				},
				{
					"name": "head_metal_right",
					"parent": "head_metal",
					"pivot": [-9.5, 30.5, -13.35],
					"rotation": [-2, 10, -60],
					"cubes": [
						{"origin": [-11, 20.5, -13.35], "size": [3, 10, 1], "uv": [0, 11], "mirror": true}
					]
				},
				{
					"name": "head_metal_right2",
					"parent": "head_metal_right",
					"pivot": [-9.5, 20.5, -13.35],
					"rotation": [15, 0, 0],
					"cubes": [
						{"origin": [-11, 12.5, -13.35], "size": [3, 8, 1], "inflate": 0.01, "uv": [8, 9], "mirror": true}
					]
				},
				{
					"name": "head_metal_right3",
					"parent": "head_metal_right2",
					"pivot": [-9.5, 12.5, -13.35],
					"rotation": [20, 0, 0],
					"cubes": [
						{"origin": [-11, 7.5, -13.35], "size": [3, 5, 1], "inflate": 0.02, "uv": [16, 6], "mirror": true},
						{"origin": [-8, 7.5, -13.35], "size": [3, 2, 1], "uv": [16, 12], "mirror": true}
					]
				},
				{
					"name": "head_metal_left",
					"parent": "head_metal",
					"pivot": [9.5, 30.5, -13.35],
					"rotation": [-2, -10, 60],
					"cubes": [
						{"origin": [8, 20.5, -13.35], "size": [3, 10, 1], "uv": [0, 0]}
					]
				},
				{
					"name": "head_metal_left2",
					"parent": "head_metal_left",
					"pivot": [9.5, 20.5, -13.35],
					"rotation": [15, 0, 0],
					"cubes": [
						{"origin": [8, 12.5, -13.35], "size": [3, 8, 1], "inflate": 0.01, "uv": [8, 0]}
					]
				},
				{
					"name": "head_metal_left3",
					"parent": "head_metal_left2",
					"pivot": [9.5, 12.5, -13.35],
					"rotation": [20, 0, 0],
					"cubes": [
						{"origin": [8, 7.5, -13.35], "size": [3, 5, 1], "inflate": 0.02, "uv": [16, 0]},
						{"origin": [5, 7.5, -13.35], "size": [3, 2, 1], "uv": [16, 15]}
					]
				},
				{
					"name": "leg_holes",
					"parent": "torso",
					"pivot": [-0.5, 0.5, 0]
				},
				{
					"name": "leg_hole_right",
					"parent": "leg_holes",
					"pivot": [-0.5, 0.5, 0],
					"cubes": [
						{"origin": [-9, 25.25, -8], "size": [0, 6, 17], "uv": [90, 19], "mirror": true},
						{"origin": [-12, 25.25, -8], "size": [3, 6, 0], "uv": [90, 48], "mirror": true},
						{"origin": [-12, 25.25, -2], "size": [3, 6, 0], "uv": [96, 48], "mirror": true},
						{"origin": [-12, 25.25, 3], "size": [3, 6, 0], "uv": [102, 48], "mirror": true},
						{"origin": [-12, 25.25, 9], "size": [3, 6, 0], "uv": [108, 48], "mirror": true}
					]
				},
				{
					"name": "leg_hole_left",
					"parent": "leg_holes",
					"pivot": [0.5, 0.5, 0],
					"cubes": [
						{"origin": [9, 25.25, -8], "size": [0, 6, 17], "uv": [90, 13]},
						{"origin": [9, 25.25, -8], "size": [3, 6, 0], "uv": [90, 42]},
						{"origin": [9, 25.25, -2], "size": [3, 6, 0], "uv": [96, 42]},
						{"origin": [9, 25.25, 3], "size": [3, 6, 0], "uv": [102, 42]},
						{"origin": [9, 25.25, 9], "size": [3, 6, 0], "uv": [108, 42]}
					]
				},
				{
					"name": "leg_front_right",
					"parent": "body",
					"pivot": [-10.85, 27.5, -5.05],
					"cubes": [
						{"origin": [-12.85, 25.5, -7], "size": [4, 4, 4], "inflate": 0.01, "uv": [0, 101], "mirror": true},
						{"origin": [-22.85, 26.5, -6], "size": [11, 2, 2], "uv": [12, 101], "mirror": true},
						{"origin": [-24.29905, 25.94362, -6.5], "size": [3, 3, 3], "pivot": [-24.29905, 25.94362, -5], "rotation": [0, 0, -2.5], "uv": [36, 103], "mirror": true}
					]
				},
				{
					"name": "leg_front_right2",
					"parent": "leg_front_right",
					"pivot": [-22.79905, 27.49362, -5],
					"rotation": [0, 0, 2.5],
					"cubes": [
						{"origin": [-27.57171, 14.5824, -6.5], "size": [6, 3, 3], "pivot": [-22.27171, 16.1324, -4.5], "rotation": [0, 0, 62.5], "uv": [193, 79], "mirror": true},
						{"origin": [-27.77171, 4.1324, -9], "size": [8, 13, 8], "uv": [153, 93], "mirror": true},
						{"origin": [-24.17171, 31.1824, -7], "size": [2, 4, 4], "pivot": [-22.17171, 26.7324, -5], "rotation": [0, 0, -2.5], "uv": [199, 106], "mirror": true},
						{"origin": [-25.17171, 26.6824, -7], "size": [3, 5, 4], "inflate": 0.01, "pivot": [-22.17171, 26.7324, -5], "rotation": [0, 0, -2.5], "uv": [197, 97], "mirror": true},
						{"origin": [-29.17171, 22.6324, -7], "size": [5, 7, 4], "inflate": 0.02, "pivot": [-29.17171, 22.6324, -5], "rotation": [0, 0, 30], "uv": [193, 86], "mirror": true},
						{"origin": [-28.77171, 14.6324, -6.5], "size": [6, 8, 3], "inflate": 0.01, "pivot": [-28.27171, 13.6324, -5], "rotation": [0, 0, -2.5], "uv": [193, 114], "mirror": true},
						{"origin": [-29.27171, 3.6324, -7], "size": [2, 11, 4], "pivot": [-29.27171, 4.1324, -4], "rotation": [0, 0, -2.5], "uv": [185, 99], "mirror": true}
					]
				},
				{
					"name": "hand_front_right",
					"parent": "leg_front_right2",
					"pivot": [-29.27171, 4.1324, -4.5],
					"rotation": [0, 0, -2.5],
					"cubes": [
						{"origin": [-29.27171, 1.1324, -10.5], "size": [11, 3, 11], "inflate": 0.01, "uv": [160, 114], "mirror": true}
					]
				},
				{
					"name": "finger_front_right1",
					"parent": "hand_front_right",
					"pivot": [-27.77171, 1.1324, -4.5],
					"cubes": [
						{"origin": [-27.77171, -2.3676, -6.5], "size": [0, 4, 4], "uv": [153, 89], "mirror": true}
					]
				},
				{
					"name": "bone",
					"parent": "finger_front_right1",
					"pivot": [-27.77171, 1.1324, -4.5]
				},
				{
					"name": "finger_front_right2",
					"parent": "hand_front_right",
					"pivot": [-21.32171, 1.1324, -8.65],
					"rotation": [0, -120, 0],
					"cubes": [
						{"origin": [-21.39671, -2.3676, -10.65], "size": [0, 4, 4], "uv": [153, 93], "mirror": true}
					]
				},
				{
					"name": "finger_front_right3",
					"parent": "hand_front_right",
					"pivot": [-21.32171, 1.1324, -1.25],
					"rotation": [0, 120, 0],
					"cubes": [
						{"origin": [-21.39671, -2.3676, -3.25], "size": [0, 4, 4], "uv": [177, 93], "mirror": true}
					]
				},
				{
					"name": "leg_front_left",
					"parent": "body",
					"pivot": [10.85, 27.5, -5.05],
					"cubes": [
						{"origin": [8.85, 25.5, -7], "size": [4, 4, 4], "inflate": 0.01, "uv": [0, 109]},
						{"origin": [11.85, 26.5, -6], "size": [11, 2, 2], "uv": [12, 109]},
						{"origin": [21.29905, 25.94362, -6.5], "size": [3, 3, 3], "pivot": [24.29905, 25.94362, -5], "rotation": [0, 0, 2.5], "uv": [48, 103]}
					]
				},
				{
					"name": "leg_front_left2",
					"parent": "leg_front_left",
					"pivot": [22.79905, 27.49362, -5],
					"rotation": [0, 0, -2.5],
					"cubes": [
						{"origin": [21.57171, 14.5824, -6.5], "size": [6, 3, 3], "pivot": [22.27171, 16.1324, -4.5], "rotation": [0, 0, -62.5], "uv": [95, 76]},
						{"origin": [19.77171, 4.1324, -9], "size": [8, 13, 8], "uv": [73, 93]},
						{"origin": [22.17171, 31.1824, -7], "size": [2, 4, 4], "pivot": [22.17171, 26.7324, -5], "rotation": [0, 0, 2.5], "uv": [73, 74]},
						{"origin": [22.17171, 26.6824, -7], "size": [3, 5, 4], "inflate": 0.01, "pivot": [22.17171, 26.7324, -5], "rotation": [0, 0, 2.5], "uv": [81, 69]},
						{"origin": [24.17171, 22.6324, -7], "size": [5, 7, 4], "inflate": 0.02, "pivot": [29.17171, 22.6324, -5], "rotation": [0, 0, -30], "uv": [95, 65]},
						{"origin": [22.77171, 14.6324, -6.5], "size": [6, 8, 3], "inflate": 0.01, "pivot": [28.27171, 13.6324, -5], "rotation": [0, 0, 2.5], "uv": [93, 82]},
						{"origin": [27.27171, 3.6324, -7], "size": [2, 11, 4], "pivot": [29.27171, 4.1324, -4], "rotation": [0, 0, 2.5], "uv": [81, 78]}
					]
				},
				{
					"name": "hand_front_left",
					"parent": "leg_front_left2",
					"pivot": [29.27171, 4.1324, -4.5],
					"rotation": [0, 0, 2.5],
					"cubes": [
						{"origin": [18.27171, 1.1324, -10.5], "size": [11, 3, 11], "inflate": 0.01, "uv": [73, 114]}
					]
				},
				{
					"name": "finger_front_left1",
					"parent": "hand_front_left",
					"pivot": [27.77171, 1.1324, -4.5],
					"cubes": [
						{"origin": [27.77171, -2.3676, -6.5], "size": [0, 4, 4], "uv": [73, 89]}
					]
				},
				{
					"name": "finger_front_left2",
					"parent": "hand_front_left",
					"pivot": [21.32171, 1.1324, -8.65],
					"rotation": [0, 120, 0],
					"cubes": [
						{"origin": [21.39671, -2.3676, -10.65], "size": [0, 4, 4], "uv": [73, 93]}
					]
				},
				{
					"name": "finger_front_left3",
					"parent": "hand_front_left",
					"pivot": [21.32171, 1.1324, -1.25],
					"rotation": [0, -120, 0],
					"cubes": [
						{"origin": [21.39671, -2.3676, -3.25], "size": [0, 4, 4], "uv": [97, 93]}
					]
				},
				{
					"name": "leg_back_right",
					"parent": "body",
					"pivot": [-10.85, 27.5, 5.95],
					"cubes": [
						{"origin": [-12.85, 25.5, 4], "size": [4, 4, 4], "inflate": 0.01, "uv": [0, 93], "mirror": true},
						{"origin": [-22.85, 26.5, 5], "size": [11, 2, 2], "uv": [12, 93], "mirror": true},
						{"origin": [-24.29905, 25.94362, 4.5], "size": [3, 3, 3], "pivot": [-24.29905, 25.94362, 6], "rotation": [0, 0, -2.5], "uv": [36, 110], "mirror": true}
					]
				},
				{
					"name": "leg_back_right3",
					"parent": "leg_back_right",
					"pivot": [-22.79905, 27.49362, 6],
					"rotation": [0, 0, 2.5],
					"cubes": [
						{"origin": [-27.57171, 14.5824, 4.5], "size": [6, 3, 3], "pivot": [-22.27171, 16.1324, 5.5], "rotation": [0, 0, 62.5], "uv": [188, 0], "mirror": true},
						{"origin": [-27.77171, 4.1324, 2], "size": [8, 13, 8], "uv": [148, 14], "mirror": true},
						{"origin": [-24.17171, 31.1824, 4], "size": [2, 4, 4], "pivot": [-22.17171, 26.7324, 6], "rotation": [0, 0, -2.5], "uv": [194, 27], "mirror": true},
						{"origin": [-25.17171, 26.6824, 4], "size": [3, 5, 4], "inflate": 0.01, "pivot": [-22.17171, 26.7324, 6], "rotation": [0, 0, -2.5], "uv": [192, 18], "mirror": true},
						{"origin": [-29.17171, 22.6324, 4], "size": [5, 7, 4], "inflate": 0.02, "pivot": [-29.17171, 22.6324, 6], "rotation": [0, 0, 30], "uv": [188, 7], "mirror": true},
						{"origin": [-28.77171, 14.6324, 4.5], "size": [6, 8, 3], "inflate": 0.01, "pivot": [-28.27171, 13.6324, 6], "rotation": [0, 0, -2.5], "uv": [188, 35], "mirror": true},
						{"origin": [-29.27171, 3.6324, 4], "size": [2, 11, 4], "pivot": [-29.27171, 4.1324, 5], "rotation": [0, 0, -2.5], "uv": [180, 20], "mirror": true}
					]
				},
				{
					"name": "hand_back_right",
					"parent": "leg_back_right3",
					"pivot": [-29.27171, 4.1324, 5.5],
					"rotation": [0, 0, -2.5],
					"cubes": [
						{"origin": [-29.27171, 1.1324, 0.5], "size": [11, 3, 11], "inflate": 0.01, "uv": [155, 35], "mirror": true}
					]
				},
				{
					"name": "finger_back_right",
					"parent": "hand_back_right",
					"pivot": [-27.77171, 1.1324, 5.5],
					"cubes": [
						{"origin": [-27.77171, -2.3676, 3.5], "size": [0, 4, 4], "uv": [148, 10], "mirror": true}
					]
				},
				{
					"name": "finger_back_right2",
					"parent": "hand_back_right",
					"pivot": [-21.32171, 1.1324, 9.65],
					"rotation": [0, 120, 0],
					"cubes": [
						{"origin": [-21.39671, -2.3676, 7.65], "size": [0, 4, 4], "uv": [148, 14], "mirror": true}
					]
				},
				{
					"name": "finger_back_right3",
					"parent": "hand_back_right",
					"pivot": [-21.32171, 1.1324, 2.25],
					"rotation": [0, -120, 0],
					"cubes": [
						{"origin": [-21.39671, -2.3676, 0.25], "size": [0, 4, 4], "uv": [172, 14], "mirror": true}
					]
				},
				{
					"name": "leg_back_left",
					"parent": "body",
					"pivot": [10.85, 27.5, 5.95],
					"cubes": [
						{"origin": [8.85, 25.5, 4], "size": [4, 4, 4], "inflate": 0.01, "uv": [0, 117]},
						{"origin": [11.85, 26.5, 5], "size": [11, 2, 2], "uv": [12, 117]},
						{"origin": [21.29905, 25.94362, 4.5], "size": [3, 3, 3], "pivot": [24.29905, 25.94362, 6], "rotation": [0, 0, 2.5], "uv": [48, 110]}
					]
				},
				{
					"name": "leg_back_left3",
					"parent": "leg_back_left",
					"pivot": [22.79905, 27.49362, 6],
					"rotation": [0, 0, -2.5],
					"cubes": [
						{"origin": [21.57171, 14.5824, 4.5], "size": [6, 3, 3], "pivot": [22.27171, 16.1324, 6.5], "rotation": [0, 0, -62.5], "uv": [139, 76]},
						{"origin": [19.77171, 4.1324, 2], "size": [8, 13, 8], "uv": [117, 93]},
						{"origin": [22.17171, 31.1824, 4], "size": [2, 4, 4], "pivot": [22.17171, 26.7324, 6], "rotation": [0, 0, 2.5], "uv": [117, 74]},
						{"origin": [22.17171, 26.6824, 4], "size": [3, 5, 4], "inflate": 0.01, "pivot": [22.17171, 26.7324, 6], "rotation": [0, 0, 2.5], "uv": [125, 69]},
						{"origin": [24.17171, 22.6324, 4], "size": [5, 7, 4], "inflate": 0.02, "pivot": [29.17171, 22.6324, 6], "rotation": [0, 0, -30], "uv": [139, 65]},
						{"origin": [22.77171, 14.6324, 4.5], "size": [6, 8, 3], "inflate": 0.01, "pivot": [28.27171, 13.6324, 6], "rotation": [0, 0, 2.5], "uv": [137, 82]},
						{"origin": [27.27171, 3.6324, 4], "size": [2, 11, 4], "pivot": [29.27171, 4.1324, 7], "rotation": [0, 0, 2.5], "uv": [125, 78]}
					]
				},
				{
					"name": "hand_back_left",
					"parent": "leg_back_left3",
					"pivot": [29.27171, 4.1324, 6.5],
					"rotation": [0, 0, 2.5],
					"cubes": [
						{"origin": [18.27171, 1.1324, 0.5], "size": [11, 3, 11], "inflate": 0.01, "uv": [117, 114]}
					]
				},
				{
					"name": "finger_back_left",
					"parent": "hand_back_left",
					"pivot": [27.77171, 1.1324, 6.5],
					"cubes": [
						{"origin": [27.77171, -2.3676, 4.5], "size": [0, 4, 4], "uv": [117, 89]}
					]
				},
				{
					"name": "finger_back_left2",
					"parent": "hand_back_left",
					"pivot": [21.32171, 1.1324, 2.35],
					"rotation": [0, 120, 0],
					"cubes": [
						{"origin": [21.39671, -2.3676, 0.35], "size": [0, 4, 4], "uv": [117, 93]}
					]
				},
				{
					"name": "finger_back_left3",
					"parent": "hand_back_left",
					"pivot": [21.32171, 1.1324, 9.75],
					"rotation": [0, -120, 0],
					"cubes": [
						{"origin": [21.39671, -2.3676, 7.75], "size": [0, 4, 4], "uv": [141, 93]}
					]
				}
			]
		}
	]
}