{
	"format_version": "1.8.0",
	"animations": {
		"animation.arcanine_delta.ground_idle": {
			"loop": true,
			"bones": {
				"neck": {
					"rotation": ["5-2*math.clamp(math.sin(q.anim_time*-110*3/2)*1+1,0,1)+2*math.clamp(-math.sin(q.anim_time*-110*3/2)*1+1,0,1)", 0, 0]
				},
				"head": {
					"rotation": ["0-0.5*math.clamp(math.sin(q.anim_time*-110*3/2)*1+1,0,1)+0.5*math.clamp(-math.sin(q.anim_time*-110*3/2)*1+1,0,1)", 0, 0]
				},
				"head_fluff_plane_top": {
					"rotation": ["math.sin(query.anim_time *110) * -1", 0, 0]
				},
				"head_fluff_plane_top2": {
					"rotation": ["math.sin(query.anim_time *110) * -1", 0, 0]
				},
				"head_fluff_right": {
					"rotation": [
						0,
						"0-1*math.clamp(math.sin(q.anim_time*-110*3/2)*1+1,0,1)+1*math.clamp(-math.sin(q.anim_time*-110*3/2)*1+1,0,1)",
						"6-1*math.clamp(math.sin(q.anim_time*110*3/2)*1+1,0,1)+1*math.clamp(-math.sin(q.anim_time*110*3/2)*1+1,0,1)"
					]
				},
				"head_fluff_right2": {
					"rotation": [
						0,
						"0-1*math.clamp(math.sin(q.anim_time*-110*3/2)*1+1,0,1)+1*math.clamp(-math.sin(q.anim_time*-110*3/2)*1+1,0,1)",
						"6-1*math.clamp(math.sin(q.anim_time*110*3/2)*1+1,0,1)+1*math.clamp(-math.sin(q.anim_time*110*3/2)*1+1,0,1)"
					]
				},
				"head_fluff_left": {
					"rotation": [
						0,
						"0-1*math.clamp(math.sin(q.anim_time*110*3/2)*1+1,0,1)+1*math.clamp(-math.sin(q.anim_time*110*3/2)*1+1,0,1)",
						"-6-1*math.clamp(math.sin(q.anim_time*-110*3/2)*1+1,0,1)+1*math.clamp(-math.sin(q.anim_time*-110*3/2)*1+1,0,1)"
					]
				},
				"head_fluff_left2": {
					"rotation": [
						0,
						"0-1*math.clamp(math.sin(q.anim_time*-110*3/2)*1+1,0,1)+1*math.clamp(-math.sin(q.anim_time*-110*3/2)*1+1,0,1)",
						"-6-1*math.clamp(math.sin(q.anim_time*-110*3/2)*1+1,0,1)+1*math.clamp(-math.sin(q.anim_time*-110*3/2)*1+1,0,1)"
					]
				},
				"head_fluff_top": {
					"rotation": [
						"0-2*math.clamp(math.sin(q.anim_time*110*3/2)*1+1,0,1)+2*math.clamp(-math.sin(q.anim_time*110*3/2)*1+1,0,1)",
						0,
						"math.sin(query.anim_time *100) * -1"
					]
				},
				"head_fluff_top2": {
					"rotation": ["0-1*math.clamp(math.sin(q.anim_time*110*3/2)*1+1,0,1)+1*math.clamp(-math.sin(q.anim_time*110*3/2)*1+1,0,1)", 0, 0]
				},
				"head_fluff_back_right": {
					"rotation": [0, 0, "math.sin(query.anim_time *110) * -2"]
				},
				"head_fluff_back_left": {
					"rotation": [0, 0, "math.sin(query.anim_time *-110) * -2"]
				},
				"jaw": {
					"rotation": ["10-10*math.clamp(math.sin(q.anim_time*60*3/2)*1+1,0,1)+10*math.clamp(-math.sin(q.anim_time*60*3/2)*1+1,0,1)", 0, 0]
				},
				"ear_right": {
					"rotation": [0, 0, "math.sin(query.anim_time *140) * -4"]
				},
				"ear_left": {
					"rotation": [0, 0, "math.sin(query.anim_time *140) * 4"]
				},
				"fluff_front": {
					"rotation": [
						"0-1*math.clamp(math.sin(q.anim_time*110*3/2)*1+1,0,1)+1*math.clamp(-math.sin(q.anim_time*110*3/2)*1+1,0,1)",
						0,
						"math.sin(query.anim_time *100) * -1"
					]
				},
				"fluff_front_right": {
					"rotation": [
						0,
						"0-1*math.clamp(math.sin(q.anim_time*110*3/2)*1+1,0,1)+1*math.clamp(-math.sin(q.anim_time*110*3/2)*1+1,0,1)",
						"6-1*math.clamp(math.sin(q.anim_time*110*3/2)*1+1,0,1)+1*math.clamp(-math.sin(q.anim_time*110*3/2)*1+1,0,1)"
					]
				},
				"fluff_front_right2": {
					"rotation": [
						0,
						"0-1*math.clamp(math.sin(q.anim_time*110*3/2)*1+1,0,1)+1*math.clamp(-math.sin(q.anim_time*110*3/2)*1+1,0,1)",
						"6-1*math.clamp(math.sin(q.anim_time*110*3/2)*1+1,0,1)+1*math.clamp(-math.sin(q.anim_time*110*3/2)*1+1,0,1)"
					]
				},
				"leg_front_right_fur2": {
					"rotation": [
						"-5-2*math.clamp(math.sin(q.anim_time*-120*3/2)*1+1,0,1)+2*math.clamp(-math.sin(q.anim_time*-120*3/2)*1+1,0,1)",
						"math.sin(query.anim_time *60) * -2",
						0
					]
				},
				"leg_front_right_fur3": {
					"rotation": [
						"5-3*math.clamp(math.sin(q.anim_time*-110*3/2)*1+1,0,1)+3*math.clamp(-math.sin(q.anim_time*-110*3/2)*1+1,0,1)",
						"math.sin(query.anim_time *50) * -4",
						0
					]
				},
				"leg_back_right_fur1": {
					"rotation": [0, 0, 0]
				},
				"leg_back_right_fur2": {
					"rotation": [
						"-5-2*math.clamp(math.sin(q.anim_time*-120*3/2)*1+1,0,1)+2*math.clamp(-math.sin(q.anim_time*-120*3/2)*1+1,0,1)",
						"math.sin(query.anim_time *60) * -2",
						0
					]
				},
				"leg_back_right_fur3": {
					"rotation": [
						"5-3*math.clamp(math.sin(q.anim_time*-110*3/2)*1+1,0,1)+3*math.clamp(-math.sin(q.anim_time*-110*3/2)*1+1,0,1)",
						"math.sin(query.anim_time *50) * -4",
						0
					]
				},
				"tail1": {
					"rotation": [
						"-5-3*math.clamp(math.sin(q.anim_time*-90*3/2)*1+1,0,1)+3*math.clamp(-math.sin(q.anim_time*-90*3/2)*1+1,0,1)",
						"math.sin(query.anim_time *60) * -2",
						0
					]
				},
				"tail1_fluff": {
					"rotation": ["math.sin(query.anim_time *90) * -1", 0, 0]
				},
				"tail2": {
					"rotation": [
						"-5-4*math.clamp(math.sin(q.anim_time*-70*3/2)*1+1,0,1)+4*math.clamp(-math.sin(q.anim_time*-70*3/2)*1+1,0,1)",
						"math.sin(query.anim_time *60) * -3",
						0
					]
				},
				"tail3": {
					"rotation": ["-5-5*math.clamp(math.sin(q.anim_time*-70*3/2)*1+1,0,1)+5*math.clamp(-math.sin(q.anim_time*-70*3/2)*1+1,0,1)", 0, 0]
				},
				"tail4": {
					"rotation": ["-5-5*math.clamp(math.sin(q.anim_time*-70*3/2)*1+1,0,1)+5*math.clamp(-math.sin(q.anim_time*-70*3/2)*1+1,0,1)", 0, 0]
				},
				"leg_back_left_fur2": {
					"rotation": [
						"-5-2*math.clamp(math.sin(q.anim_time*-120*3/2)*1+1,0,1)+2*math.clamp(-math.sin(q.anim_time*-120*3/2)*1+1,0,1)",
						"math.sin(query.anim_time *60) * 2",
						0
					]
				},
				"leg_back_left_fur3": {
					"rotation": [
						"5-3*math.clamp(math.sin(q.anim_time*-110*3/2)*1+1,0,1)+3*math.clamp(-math.sin(q.anim_time*-110*3/2)*1+1,0,1)",
						"math.sin(query.anim_time *50) * 4",
						0
					]
				},
				"leg_front_left_fur2": {
					"rotation": [
						"-5-2*math.clamp(math.sin(q.anim_time*-120*3/2)*1+1,0,1)+2*math.clamp(-math.sin(q.anim_time*-120*3/2)*1+1,0,1)",
						"math.sin(query.anim_time *60) * 2",
						0
					]
				},
				"leg_front_left_fur3": {
					"rotation": [
						"5-3*math.clamp(math.sin(q.anim_time*-110*3/2)*1+1,0,1)+3*math.clamp(-math.sin(q.anim_time*-110*3/2)*1+1,0,1)",
						"math.sin(query.anim_time *50) * 4",
						0
					]
				}
			}
		},
		"animation.arcanine_delta.ground_walk": {
			"loop": true,
			"bones": {
				"body": {
					"rotation": ["-2.5*math.sin(q.anim_time*90*4*2+45)*6", 0, "-0.5*math.sin(q.anim_time*90*4*2+45)*6"],
					"position": [
						0,
						"math.clamp(math.sin(q.anim_time*90*4)*1.1,0.4,1.1)+math.clamp(math.sin(q.anim_time*90*4+180)*1.1,0.4,1.1)",
						"math.sin(q.anim_time*90*4*2-33)*1"
					]
				},
				"head": {
					"rotation": ["math.sin(q.anim_time*90*4*2+45)*6+math.sin(q.anim_time*90*4*2-45)*4", 0, 0]
				},
				"leg_front_right": {
					"rotation": ["-math.clamp(25*(math.sin(q.anim_time*90*4*2-90)*1+1),-0,60)", 0, 0],
					"position": [
						0,
						"0.2*(math.clamp(math.sin(q.anim_time*90*4*2-155)*1.6,1,1.6)-0.2)+0.5*(math.clamp(math.sin(q.anim_time*90*4*2-75)*1.8,1,1.8)-1)-0.2*(math.clamp(math.sin(q.anim_time*90*4*2)*1.4,1,1.4)+1)",
						0
					]
				},
				"leg_front_right2": {
					"rotation": ["-10*math.sin(q.anim_time*90*4*2)", 0, 0]
				},
				"leg_front_right3": {
					"rotation": ["-15*math.sin(q.anim_time*90*4*2)", 0, 0]
				},
				"leg_back_right": {
					"rotation": ["math.clamp(25*(math.sin(q.anim_time*90*4*2-50)*1+1),-0,48)+5*math.sin(q.anim_time*90*4*2-50)", 0, 0],
					"position": [0, "math.clamp(math.sin(q.anim_time*90*4-130)*1,0.5,1)-math.clamp(math.sin(q.anim_time*90*4-40)*1,0.75,1)+0.25", 0]
				},
				"tail1": {
					"rotation": ["0-1*math.sin(q.anim_time*90*4*2+30)*4", 0, 0]
				},
				"tail2": {
					"rotation": ["0-1*math.sin(q.anim_time*90*4*2+30)*4", 0, 0]
				},
				"tail3": {
					"rotation": ["0-1*math.sin(q.anim_time*90*4*2+30)*4", 0, 0]
				},
				"leg_back_left": {
					"rotation": ["math.clamp(25*(math.sin(q.anim_time*90*4*2-90)*1+1),-0,48)+5*math.sin(q.anim_time*90*4*2-90)", 0, 0],
					"position": [
						0,
						"-(math.clamp(-math.sin(q.anim_time*90*4*2+50)*1,0.5,1)-0.5)*0.5+(math.clamp(-math.sin(q.anim_time*90*2*2+70+180*0)*1,0.5,1)-0.5)*2+(math.clamp(-math.sin(q.anim_time*90*2*2+70+180*1)*1,0.5,1)-0.5)*2",
						0
					]
				},
				"leg_front_left": {
					"rotation": ["-math.clamp(25*(math.sin(q.anim_time*90*4*2-50)*1+1),-0,60)", 0, 0]
				},
				"leg_front_left2": {
					"rotation": ["-10*math.sin(q.anim_time*90*4*2)", 0, 0]
				},
				"leg_front_left3": {
					"rotation": ["-15*math.sin(q.anim_time*90*4*2)", 0, 0]
				}
			}
		}
	}
}