{
	"format_version": "1.8.0",
	"animations": {
		"animation.axew_delta.pose": {
			"loop": true,
			"bones": {
				"torso": {
					"rotation": [27.5, 0, 0]
				},
				"scarf": {
					"rotation": [0, 0, 0]
				},
				"scarf2": {
					"rotation": [0, 0, 0]
				},
				"head": {
					"rotation": [-25, 0, 0]
				},
				"jaw": {
					"rotation": [15, 0, 0]
				},
				"arm_right": {
					"rotation": [13.93115, 35.68348, 7.29652]
				},
				"finger_right1": {
					"rotation": [0, -42.5, 0]
				},
				"finger_right2": {
					"rotation": [0, 0, 37.5]
				},
				"finger_right3": {
					"rotation": [0, 0, 17.5]
				},
				"arm_left": {
					"rotation": [18.89364, -32.64321, -7.68222]
				},
				"finger_left1": {
					"rotation": [0, 27.5, 0]
				},
				"finger_left2": {
					"rotation": [0, 0, -27.5]
				},
				"finger_left3": {
					"rotation": [0, 0, -10]
				},
				"tail": {
					"rotation": [12.68664, -9.76061, -2.18558]
				},
				"tail2": {
					"rotation": [10, 0, 0]
				},
				"leg_left": {
					"rotation": [-40, 0, 0]
				},
				"foot_left": {
					"rotation": [10, 0, 0]
				},
				"neck": {
					"rotation": [0, 0, 0]
				},
				"leg_right": {
					"rotation": [22.5, 0, 0]
				},
				"foot_right": {
					"rotation": [-8.50841, -0.80358, 2.87476]
				},
				"flame_left": {
					"rotation": [0, 0, -5]
				},
				"flame_left2": {
					"rotation": [0, -10, -15]
				},
				"flame_right": {
					"rotation": [0, 0, 5]
				},
				"flame_right2": {
					"rotation": [0, 10, 15]
				}
			}
		},
		"animation.axew_delta.blink": {
			"animation_length": 0.16667,
			"bones": {
				"eye_right": {
					"position": {
						"0.125": [0.1, 0, 0],
						"0.1667": [0, 0, 0]
					}
				},
				"eye_left": {
					"position": {
						"0.125": [-0.1, 0, 0],
						"0.1667": [0, 0, 0]
					}
				}
			}
		},
		"animation.axew_delta.ground_walk": {
			"animation_length": 0.75,
			"bones": {
				"body": {
					"position": {
						"0.0": [0, 0, 0],
						"0.0833": [0, 0.65, 0],
						"0.125": [0, 0.75, 0],
						"0.1667": [0, 0.65, 0],
						"0.25": [0, 0, 0],
						"0.375": [0, 0, 0],
						"0.4583": [0, 0.65, 0],
						"0.5": [0, 0.75, 0],
						"0.5417": [0, 0.65, 0],
						"0.625": [0, 0, 0]
					}
				},
				"torso": {
					"rotation": [
						"-7.5+Math.cos((query.anim_time) * 90 * 85/16 * 2 - 90) * -2",
						"0+Math.cos((query.anim_time) * 90 * 85/16 * 1) * -5",
						"0+Math.cos((query.anim_time) * 90 * 85/16 * 1 - 90) * -4"
					],
					"position": [0, "0+Math.cos((query.anim_time) * 90 * 85/16 * 2) * -0.4", 0]
				},
				"head": {
					"rotation": [
						"5+Math.cos((query.anim_time) * 90 * 85/16 * 2 - 120) * 2",
						"0+Math.cos((query.anim_time) * 90 * 85/16 * 1 - 45) * 3",
						"0+Math.cos((query.anim_time) * 90 * 85/16 * 1 - 45) * 3"
					]
				},
				"flame_right": {
					"rotation": [0, 17.5, "0+math.sin(q.anim_time*90*20)*4"]
				},
				"flame_left": {
					"rotation": [0, -17.5, "0+math.sin(q.anim_time*90*20)*4"]
				},
				"arm_right": {
					"rotation": [-20, 22.5, "0+Math.cos((query.anim_time) * 90 * 85/16 * 2 - 90) * -8"]
				},
				"arm_left": {
					"rotation": [-20, -22.5, "0+Math.cos((query.anim_time) * 90 * 85/16 * 2 - 90) * 8"]
				},
				"tail": {
					"rotation": [0, 0, "math.sin(q.anim_time*90*5-45)*8"]
				},
				"tail2": {
					"rotation": ["math.sin(q.anim_time*90*10-90)*4", 0, 0]
				},
				"leg_right": {
					"rotation": {
						"0.0": [-15, 0, 0],
						"0.1667": [-12.5, 0, 0],
						"0.25": [0, 0, 0],
						"0.5": [17.5, 0, 0],
						"0.75": [-15, 0, 0]
					},
					"position": {
						"0.0": [0, 0.75, -0.5],
						"0.125": [0, 0.5, -0.75],
						"0.2083": [0, 0, -0.75],
						"0.375": [0, 0.1, 1],
						"0.4583": [0, 0.8, 1.13],
						"0.5417": [0, 1, 1.25],
						"0.7083": [0, 0.72, -0.33],
						"0.75": [0, 0.75, -0.5]
					}
				},
				"leg_left": {
					"rotation": {
						"0.0": [8.75, 0, 0],
						"0.125": [17.5, 0, 0],
						"0.375": [-15, 0, 0],
						"0.5417": [-12.5, 0, 0],
						"0.625": [0, 0, 0],
						"0.75": [8.75, 0, 0]
					},
					"position": {
						"0.0": [0, 0.1, 1],
						"0.0833": [0, 0.8, 1.13],
						"0.1667": [0, 1, 1.25],
						"0.3333": [0, 0.72, -0.33],
						"0.375": [0, 0.75, -0.5],
						"0.5": [0, 0.5, -0.75],
						"0.5833": [0, 0, -0.75],
						"0.75": [0, 0.1, 1]
					}
				}
			}
		},
		"animation.axew_delta.ground_idle": {
			"loop": true,
			"bones": {
				"body": {
					"rotation": ["Math.cos((query.anim_time-0.5) * 90 * 4) * 1", "Math.cos((query.anim_time-0.1) * 90 * 2) * 2", 0]
				},
				"torso": {
					"rotation": ["Math.cos((query.anim_time-0.5) * 90 * 4) * 1", "Math.cos((query.anim_time-0.1) * 90 * 2) * 2", 0]
				},
				"head": {
					"rotation": ["6+Math.cos((query.anim_time-0.2) * 90 * 4) * -2", "Math.cos((query.anim_time-1) * 90 * 2) * 2", 0]
				},
				"flame_right": {
					"rotation": [0, 0, "math.sin(q.anim_time*90*10)*2"]
				},
				"flame_left": {
					"rotation": [0, 0, "math.sin(q.anim_time*90*10)*2"]
				},
				"arm_right": {
					"rotation": [1.14435, "0.4739-Math.cos((query.anim_time-0.2) * 90 * 2) * -2", "-45.0114+Math.cos((query.anim_time-0.2) * 90 * 4) * -2"],
					"position": [-0.8, -0.3, 0]
				},
				"arm_left": {
					"rotation": [1.07321, "-Math.cos((query.anim_time-0.2) * 90 * 2) * -2.3594", "37.5128+Math.cos((query.anim_time-0.2) * 90 * 4) * -2"],
					"position": [0.2, -0.3, 0]
				}
			}
		}
	}
}