{
	"format_version": "1.8.0",
	"animations": {
		"animation.corsola_delta.render": {
			"loop": true
		},
		"animation.corsola_delta.disassembled": {
			"loop": true,
			"bones": {
				"grass_front": {
					"position": [0, 0, -5]
				},
				"grass_back": {
					"position": [0, 0, 8]
				},
				"grass_left": {
					"position": [8, 0, 0]
				},
				"branch_front_left": {
					"position": [11, 0, -5]
				},
				"branch_back_left": {
					"position": [14, 0, 0]
				},
				"arm_right": {
					"position": [7, 0, 0]
				},
				"eye_left": {
					"position": [0, 0, -10]
				},
				"mouth": {
					"position": [0, 0, -3]
				},
				"eyelid_left": {
					"position": [0, 0, 2]
				},
				"grass_right": {
					"position": [-9, 0, 0]
				},
				"arm_left": {
					"position": [-6, 0, 0]
				},
				"eye_right": {
					"position": [0, 0, -10]
				},
				"eyelid_right": {
					"position": [0, 0, 2]
				},
				"branch_front_right": {
					"position": [-8, 0, 0]
				},
				"branch_back_right": {
					"position": [-11, 0, 0]
				}
			}
		},
		"animation.corsola_delta.ground_walk": {
			"loop": true,
			"bones": {
				"body": {
					"rotation": ["6*(math.sin(q.anim_time*90*4*2-120)*1+1)", 0, 0],
					"position": [0, "math.clamp(1*(math.sin(q.anim_time*90*4*2)*1.25),0,2)", "-math.clamp(math.sin(q.anim_time*90*4*2-30)*1.25,0,2)"]
				},
				"leg_front_left": {
					"rotation": [
						"math.clamp(math.sin(-q.anim_time*90*4)*40,-50,5)+math.clamp(math.sin(q.anim_time*90*4)*40,-50,5)+math.clamp(math.sin(-q.anim_time*90*8)*25,-15,50)",
						0,
						0
					],
					"position": [0, "-math.clamp(0.5*(math.sin(q.anim_time*90*4*2+50)*1),-1,0)", 0]
				},
				"leg_front_right": {
					"rotation": [
						"math.clamp(math.sin(-q.anim_time*90*4)*40,-50,5)+math.clamp(math.sin(q.anim_time*90*4)*40,-50,5)+math.clamp(math.sin(-q.anim_time*90*8)*25,-15,50)",
						0,
						0
					],
					"position": [0, "-math.clamp(0.5*(math.sin(q.anim_time*90*4*2+50)*1),-1,0)", 0]
				},
				"leg_back_left": {
					"rotation": ["math.clamp(math.sin(q.anim_time*90*8)*20,-17.5,50)-math.clamp(math.sin(-q.anim_time*90*8)*3,0,8)", 0, 0],
					"position": [
						0,
						"-math.clamp(math.sin(q.anim_time*90*4*2)*1,0,2)-math.clamp(math.sin(-q.anim_time*90*4*2)*0.5,0,2)",
						"math.clamp(math.sin(q.anim_time*90*4*2-30)*1,0,2)"
					]
				},
				"leg_back_right": {
					"rotation": ["math.clamp(math.sin(q.anim_time*90*8)*20,-17.5,50)-math.clamp(math.sin(-q.anim_time*90*8)*3,0,8)", 0, 0],
					"position": [
						0,
						"-math.clamp(math.sin(q.anim_time*90*4*2)*1,0,2)-math.clamp(math.sin(-q.anim_time*90*4*2)*0.5,0,2)",
						"math.clamp(math.sin(q.anim_time*90*4*2-30)*1,0,2)"
					]
				}
			}
		},
		"animation.corsola_delta.ground_idle": {
			"loop": true,
			"bones": {
				"body": {
					"rotation": ["math.sin(q.anim_time*90*4)*0.2", 0, 0],
					"position": [0, "math.clamp(math.sin(q.anim_time*90*8+180)*0.06,-0.03,0.03)+math.clamp(math.sin(q.anim_time*90*8+180)*0.03,-0.5,0.5)", 0]
				}
			}
		}
	}
}