{
	"format_version": "1.8.0",
	"animations": {
		"animation.dragetsu.pose": {
			"loop": true,
			"bones": {
				"head": {
					"rotation": [-42.5, 0, 0]
				},
				"ear_tail_right": {
					"rotation": [-7.84721, -12.06754, 3.28396]
				},
				"ear_tail_right2": {
					"rotation": [-15, 0, 0]
				},
				"ear_tail_right3": {
					"rotation": [12.5, 0, 0]
				},
				"ear_tail_right4": {
					"rotation": [30, 0, 0]
				},
				"ear_tail_right5": {
					"rotation": [-30, 0, 0]
				},
				"ear_tail_left": {
					"rotation": [-16.17354, 21.69365, -6.1191]
				},
				"ear_tail_left2": {
					"rotation": [-15, 0, 0]
				},
				"ear_tail_left3": {
					"rotation": [12.5, 0, 0]
				},
				"ear_tail_left4": {
					"rotation": [30, 0, 0]
				},
				"ear_tail_left5": {
					"rotation": [-30, 0, 0]
				},
				"wing_left": {
					"rotation": [0, 50, 0]
				},
				"wing_right": {
					"rotation": [0, -50, 0]
				},
				"tail": {
					"rotation": [0, 0, 20]
				},
				"tail2": {
					"rotation": [-15, 0, 17.5]
				},
				"tail3": {
					"rotation": [-20, 0, 15]
				},
				"tail4": {
					"rotation": [-12.5, 0, 30]
				},
				"tail5": {
					"rotation": [0, 0, -22.5]
				},
				"tail6": {
					"rotation": [32.5, 0, -25]
				},
				"tail7": {
					"rotation": [15, 0, -37.5]
				},
				"tail8": {
					"rotation": [12.5, 0, -22.5]
				},
				"tail9": {
					"rotation": [12.5, 0, -25]
				},
				"arm_left": {
					"rotation": [0, -27.5, 0]
				},
				"arm_left3": {
					"rotation": [0, 47.5, 0]
				},
				"hand_left": {
					"rotation": [0, 0, 0]
				},
				"finger_left1": {
					"rotation": [17.5, -20, 0]
				},
				"finger_left2": {
					"rotation": [0, 0, 32.5]
				},
				"finger_left3": {
					"rotation": [-15, 20, 0]
				},
				"arm_right": {
					"rotation": [0, 27.5, 0]
				},
				"arm_right3": {
					"rotation": [0, -50, 0]
				},
				"finger_right1": {
					"rotation": [17.5, 15, 0]
				},
				"finger_right2": {
					"rotation": [0, 0, -20]
				},
				"finger_right3": {
					"rotation": [-12.5, -22.5, 0]
				},
				"neck": {
					"rotation": [20, 0, 0]
				},
				"neck2": {
					"rotation": [20, 0, 0]
				},
				"neck3": {
					"rotation": [20, 0, 0]
				}
			}
		},
		"animation.dragetsu.ground_idle": {
			"loop": true,
			"bones": {
				"body": {
					"rotation": [77.5, 0, 0],
					"position": [0, "-1+Math.cos((query.anim_time) * 90 * 1) * 1.5", -8]
				},
				"torso": {
					"rotation": ["-48.2367+Math.cos((query.anim_time-0.3) * 90 * 1) * 2", -15.18892, -13.16783]
				},
				"neck": {
					"rotation": ["-35.941+Math.cos((query.anim_time-0.6) * 90 * 1) * 1", 8.42106, 5.94102]
				},
				"neck2": {
					"rotation": [-13.42353, -5.10865, 16.34788]
				},
				"neck3": {
					"rotation": ["42.0154+Math.cos((query.anim_time-0.6) * 90 * 1) * -3", 3.29467, 4.84218]
				},
				"head": {
					"rotation": ["-0.6809+Math.cos((query.anim_time-0.3) * 90 * 1) * -2", -22.43585, -3.18071]
				},
				"ear_tail_right2": {
					"rotation": ["-37.5+Math.cos((query.anim_time) * 90 * 2) * 5", 0, 7.5]
				},
				"ear_tail_right3": {
					"rotation": ["10+Math.cos((query.anim_time-0.4) * 90 * 2) * 5", 0, 0]
				},
				"ear_tail_right4": {
					"rotation": ["15+Math.cos((query.anim_time-0.8) * 90 * 2) * 8", 0, 0]
				},
				"ear_tail_right5": {
					"rotation": ["-15+Math.cos((query.anim_time-1.2) * 90 * 2) * 15", 0, 0]
				},
				"ear_tail_right6": {
					"rotation": ["0+Math.cos((query.anim_time-1.6) * 90 * 2) * 7", 0, 0]
				},
				"ear_tail_left2": {
					"rotation": ["-36.6066+Math.cos((query.anim_time) * 90 * 2) * 5", -7.99365, -20.23415]
				},
				"ear_tail_left3": {
					"rotation": ["10+Math.cos((query.anim_time-0.4) * 90 * 2) * 5", 0, 0]
				},
				"ear_tail_left4": {
					"rotation": ["15+Math.cos((query.anim_time-0.8) * 90 * 2) * 8", 0, 0]
				},
				"ear_tail_left5": {
					"rotation": ["-15+Math.cos((query.anim_time-1.2) * 90 * 2) * 15", 0, 0]
				},
				"ear_tail_left6": {
					"rotation": ["0+Math.cos((query.anim_time-1.6) * 90 * 2) * 7", 0, 0]
				},
				"wing_right": {
					"rotation": [20, "-42.5+Math.cos((query.anim_time+0.3) * 90 * 1) * -10", 0]
				},
				"wing_left": {
					"rotation": [0, "42.5+Math.cos((query.anim_time+0.3) * 90 * 1) * 10", 0]
				},
				"arm_right": {
					"rotation": [-0.85805, -4.98192, 2.4238]
				},
				"arm_right2": {
					"rotation": [0, 0, "-27.5+Math.cos((query.anim_time-0.5) * 90 * 1) * -6"]
				},
				"arm_right3": {
					"rotation": [0, -60, 0]
				},
				"finger_right1": {
					"rotation": [0, 47.5, 0]
				},
				"finger_right2": {
					"rotation": [0, 0, -40]
				},
				"finger_right3": {
					"rotation": [0, -42.5, 0]
				},
				"arm_left": {
					"rotation": [0.85561, 2.4822, 2.38646]
				},
				"arm_left2": {
					"rotation": [0, 0, "37.5+Math.cos((query.anim_time-0.5) * 90 * 1) * 6"]
				},
				"arm_left3": {
					"rotation": [0, 60, 0]
				},
				"finger_left1": {
					"rotation": [0, -47.5, 0]
				},
				"finger_left2": {
					"rotation": [0, 0, 40]
				},
				"finger_left3": {
					"rotation": [0, 42.5, 0]
				},
				"tail": {
					"rotation": ["-22.5405+Math.cos((query.anim_time+0.2) * 90 * 1) * 3", -3.76766, -36.8595]
				},
				"tail2": {
					"rotation": ["-4.6066+Math.cos((query.anim_time-0.4) * 90 * 1) * 3", 14.2906, -43.07779]
				},
				"tail3": {
					"rotation": ["0+Math.cos((query.anim_time-0.8) * 90 * 1) * 3", 7.5, -37.5]
				},
				"tail4": {
					"rotation": [-15.3195, 4.52307, -52.01069]
				},
				"tail5": {
					"rotation": [-12.5, 0, -60]
				},
				"tail6": {
					"rotation": ["-15+Math.cos((query.anim_time-2) * 90 * 1) * 3", 0, -50]
				},
				"tail7": {
					"rotation": ["-7.2412+Math.cos((query.anim_time-2.4) * 90 * 1) * 3", 10.99675, -24.41192]
				},
				"tail8": {
					"rotation": ["13.4712+Math.cos((query.anim_time-2.8) * 90 * 1) * 10", 6.19375, -30.92105]
				},
				"tail9": {
					"rotation": ["17.1093+Math.cos((query.anim_time-3.2) * 90 * 1) * 10", -20.97757, -48.69064]
				},
				"head_wing_left": {
					"rotation": ["0.2127+Math.cos((query.anim_time+0.3) * 90 * 1) * 5", 12.34676, 1.96659]
				},
				"head_wing_right": {
					"rotation": ["0.2127+Math.cos((query.anim_time+0.3) * 90 * 1) * 5", -12.34676, -1.96659]
				}
			}
		},
		"animation.dragetsu.ground_walk": {
			"loop": true,
			"bones": {
				"body": {
					"rotation": [90, 0, 0],
					"position": [0, "-11+Math.cos((query.anim_time-0.3) * 90 * 4) * 1", -9]
				},
				"torso": {
					"rotation": ["-17.5+Math.cos((query.anim_time) * 90 * 2) * 2", 0, "0+Math.cos((query.anim_time) * 90 * 4) * 2"]
				},
				"neck": {
					"rotation": ["-12.5+Math.cos((query.anim_time-0.3) * 90 * 2) * 2", 0, "0+Math.cos((query.anim_time+0.4) * 90 * 4) * 2"]
				},
				"neck2": {
					"rotation": [17.5, 0, "0+Math.cos((query.anim_time+0.6) * 90 * 4) * 2"]
				},
				"neck3": {
					"rotation": [10, 0, "0+Math.cos((query.anim_time+0.8) * 90 * 4) * 2"]
				},
				"head": {
					"rotation": ["-80+Math.cos((query.anim_time-0.3) * 90 * 2) * -5", 0, "0+Math.cos((query.anim_time+0.8) * 90 * 4) * -2"],
					"position": [0, 3, -3]
				},
				"head_wing_left": {
					"rotation": [0, 20, 0]
				},
				"head_wing_right": {
					"rotation": [0, -20, 0]
				},
				"ear_tail_right2": {
					"rotation": ["-12.5+Math.cos((query.anim_time) * 90 * 8) * 3", 0, 17.5]
				},
				"ear_tail_right3": {
					"rotation": ["10+Math.cos((query.anim_time-0.15) * 90 * 8) * 3", 0, 0]
				},
				"ear_tail_right4": {
					"rotation": ["12.5+Math.cos((query.anim_time-0.25) * 90 * 8) * 3", 0, 0]
				},
				"ear_tail_right5": {
					"rotation": ["-7.5+Math.cos((query.anim_time-0.3) * 90 * 8) * 3", 0, 0]
				},
				"ear_tail_right6": {
					"rotation": ["0+Math.cos((query.anim_time-0.3) * 90 * 8) * 5", 0, 0]
				},
				"ear_tail_left2": {
					"rotation": ["-12.5+Math.cos((query.anim_time) * 90 * 8) * 3", 0, -17.5]
				},
				"ear_tail_left3": {
					"rotation": ["10+Math.cos((query.anim_time-0.15) * 90 * 8) * 3", 0, 0]
				},
				"ear_tail_left4": {
					"rotation": ["12.5+Math.cos((query.anim_time-0.25) * 90 * 8) * 3", 0, 0]
				},
				"ear_tail_left5": {
					"rotation": ["-7.5+Math.cos((query.anim_time-0.3) * 90 * 8) * 3", 0, 0]
				},
				"ear_tail_left6": {
					"rotation": ["0+Math.cos((query.anim_time-0.3) * 90 * 8) * 5", 0, 0]
				},
				"wing_right": {
					"rotation": ["-42.5+Math.cos((query.anim_time-0.3) * 90 * 4) * -5", "-42.5+Math.cos((query.anim_time-0.3) * 90 * 4) * -5", 0]
				},
				"wing_left": {
					"rotation": ["-42.5+Math.cos((query.anim_time-0.3) * 90 * 4) * -5", "42.5+Math.cos((query.anim_time-0.3) * 90 * 4) * 5", 0]
				},
				"arm_right2": {
					"rotation": [0, "0+Math.cos((query.anim_time) * 90 * 2) * 5", -70]
				},
				"arm_right3": {
					"rotation": [0, -85, 0]
				},
				"finger_right1": {
					"rotation": [0, 52.5, 0]
				},
				"finger_right2": {
					"rotation": [0, 0, -70]
				},
				"finger_right3": {
					"rotation": [0, -42.5, 0]
				},
				"arm_left2": {
					"rotation": [0, "0+Math.cos((query.anim_time) * 90 * 2) * -5", 70]
				},
				"arm_left3": {
					"rotation": [0, 85, 0]
				},
				"finger_left1": {
					"rotation": [0, -52.5, 0]
				},
				"finger_left2": {
					"rotation": [0, 0, 70]
				},
				"finger_left3": {
					"rotation": [0, 42.5, 0]
				},
				"tail": {
					"rotation": [-10, 0, "0+Math.cos((query.anim_time-0.2) * 90 * 4) * 2"]
				},
				"tail2": {
					"rotation": [15, 0, "Math.cos((query.anim_time-0.4) * 90 * 4) * 8"]
				},
				"tail3": {
					"rotation": [12.5, 0, "Math.cos((query.anim_time-0.6) * 90 * 4) * 8"]
				},
				"tail4": {
					"rotation": [-7.5, 0, "Math.cos((query.anim_time-0.8) * 90 * 4) * 10"]
				},
				"tail5": {
					"rotation": [-12.5, 0, "Math.cos((query.anim_time-1) * 90 * 4) * 8"]
				},
				"tail6": {
					"rotation": [-5, 0, "0+Math.cos((query.anim_time-1.2) * 90 * 4) * 8"]
				},
				"tail7": {
					"rotation": [7.5, 0, "Math.cos((query.anim_time-0.8) * 90 * 4) * 14"]
				},
				"tail8": {
					"rotation": [20, 0, "0+Math.cos((query.anim_time-0.7) * 90 * 4) * 5"]
				}
			}
		},
		"animation.dragetsu.air_idle": {
			"loop": true,
			"bones": {
				"body": {
					"rotation": [77.5, 0, 0],
					"position": [0, "-1+Math.cos((query.anim_time) * 90 * 1) * 1.5", -8]
				},
				"torso": {
					"rotation": ["-48.2367+Math.cos((query.anim_time-0.3) * 90 * 1) * 2", -15.18892, -13.16783]
				},
				"neck": {
					"rotation": ["-35.941+Math.cos((query.anim_time-0.6) * 90 * 1) * 1", 8.42106, 5.94102]
				},
				"neck2": {
					"rotation": [-13.42353, -5.10865, 16.34788]
				},
				"neck3": {
					"rotation": ["42.0154+Math.cos((query.anim_time-0.6) * 90 * 1) * -3", 3.29467, 4.84218]
				},
				"head": {
					"rotation": ["-0.6809+Math.cos((query.anim_time-0.3) * 90 * 1) * -2", -22.43585, -3.18071]
				},
				"ear_tail_right2": {
					"rotation": ["-37.5+Math.cos((query.anim_time) * 90 * 2) * 5", 0, 7.5]
				},
				"ear_tail_right3": {
					"rotation": ["10+Math.cos((query.anim_time-0.4) * 90 * 2) * 5", 0, 0]
				},
				"ear_tail_right4": {
					"rotation": ["15+Math.cos((query.anim_time-0.8) * 90 * 2) * 8", 0, 0]
				},
				"ear_tail_right5": {
					"rotation": ["-15+Math.cos((query.anim_time-1.2) * 90 * 2) * 15", 0, 0]
				},
				"ear_tail_right6": {
					"rotation": ["0+Math.cos((query.anim_time-1.6) * 90 * 2) * 7", 0, 0]
				},
				"ear_tail_left2": {
					"rotation": ["-36.6066+Math.cos((query.anim_time) * 90 * 2) * 5", -7.99365, -20.23415]
				},
				"ear_tail_left3": {
					"rotation": ["10+Math.cos((query.anim_time-0.4) * 90 * 2) * 5", 0, 0]
				},
				"ear_tail_left4": {
					"rotation": ["15+Math.cos((query.anim_time-0.8) * 90 * 2) * 8", 0, 0]
				},
				"ear_tail_left5": {
					"rotation": ["-15+Math.cos((query.anim_time-1.2) * 90 * 2) * 15", 0, 0]
				},
				"ear_tail_left6": {
					"rotation": ["0+Math.cos((query.anim_time-1.6) * 90 * 2) * 7", 0, 0]
				},
				"wing_right": {
					"rotation": [20, "-42.5+Math.cos((query.anim_time+0.3) * 90 * 1) * -10", 0]
				},
				"wing_left": {
					"rotation": [0, "42.5+Math.cos((query.anim_time+0.3) * 90 * 1) * 10", 0]
				},
				"arm_right": {
					"rotation": [-0.85805, -4.98192, 2.4238]
				},
				"arm_right2": {
					"rotation": [0, 0, "-27.5+Math.cos((query.anim_time-0.5) * 90 * 1) * -6"]
				},
				"arm_right3": {
					"rotation": [0, -60, 0]
				},
				"finger_right1": {
					"rotation": [0, 47.5, 0]
				},
				"finger_right2": {
					"rotation": [0, 0, -40]
				},
				"finger_right3": {
					"rotation": [0, -42.5, 0]
				},
				"arm_left": {
					"rotation": [0.85561, 2.4822, 2.38646]
				},
				"arm_left2": {
					"rotation": [0, 0, "37.5+Math.cos((query.anim_time-0.5) * 90 * 1) * 6"]
				},
				"arm_left3": {
					"rotation": [0, 60, 0]
				},
				"finger_left1": {
					"rotation": [0, -47.5, 0]
				},
				"finger_left2": {
					"rotation": [0, 0, 40]
				},
				"finger_left3": {
					"rotation": [0, 42.5, 0]
				},
				"tail": {
					"rotation": ["-22.5405+Math.cos((query.anim_time+0.2) * 90 * 1) * 3", -3.76766, -36.8595]
				},
				"tail2": {
					"rotation": ["-4.6066+Math.cos((query.anim_time-0.4) * 90 * 1) * 3", 14.2906, -43.07779]
				},
				"tail3": {
					"rotation": ["0+Math.cos((query.anim_time-0.8) * 90 * 1) * 3", 7.5, -37.5]
				},
				"tail4": {
					"rotation": [-15.3195, 4.52307, -52.01069]
				},
				"tail5": {
					"rotation": [-12.5, 0, -60]
				},
				"tail6": {
					"rotation": ["-15+Math.cos((query.anim_time-2) * 90 * 1) * 3", 0, -50]
				},
				"tail7": {
					"rotation": ["-7.2412+Math.cos((query.anim_time-2.4) * 90 * 1) * 3", 10.99675, -24.41192]
				},
				"tail8": {
					"rotation": ["13.4712+Math.cos((query.anim_time-2.8) * 90 * 1) * 10", 6.19375, -30.92105]
				},
				"tail9": {
					"rotation": ["17.1093+Math.cos((query.anim_time-3.2) * 90 * 1) * 10", -20.97757, -48.69064]
				},
				"head_wing_left": {
					"rotation": ["0.2127+Math.cos((query.anim_time+0.3) * 90 * 1) * 5", 12.34676, 1.96659]
				},
				"head_wing_right": {
					"rotation": ["0.2127+Math.cos((query.anim_time+0.3) * 90 * 1) * 5", -12.34676, -1.96659]
				}
			}
		},
		"animation.dragetsu.air_fly": {
			"loop": true,
			"bones": {
				"body": {
					"rotation": [90, 0, 0],
					"position": [0, "-11+Math.cos((query.anim_time-0.3) * 90 * 4) * 1", -9]
				},
				"torso": {
					"rotation": ["-17.5+Math.cos((query.anim_time) * 90 * 2) * 2", 0, "0+Math.cos((query.anim_time) * 90 * 4) * 2"]
				},
				"neck": {
					"rotation": ["-12.5+Math.cos((query.anim_time-0.3) * 90 * 2) * 2", 0, "0+Math.cos((query.anim_time+0.4) * 90 * 4) * 2"]
				},
				"neck2": {
					"rotation": [17.5, 0, "0+Math.cos((query.anim_time+0.6) * 90 * 4) * 2"]
				},
				"neck3": {
					"rotation": [10, 0, "0+Math.cos((query.anim_time+0.8) * 90 * 4) * 2"]
				},
				"head": {
					"rotation": ["-80+Math.cos((query.anim_time-0.3) * 90 * 2) * -5", 0, "0+Math.cos((query.anim_time+0.8) * 90 * 4) * -2"],
					"position": [0, 3, -3]
				},
				"head_wing_left": {
					"rotation": [0, 20, 0]
				},
				"head_wing_right": {
					"rotation": [0, -20, 0]
				},
				"ear_tail_right2": {
					"rotation": ["-12.5+Math.cos((query.anim_time) * 90 * 8) * 3", 0, 17.5]
				},
				"ear_tail_right3": {
					"rotation": ["10+Math.cos((query.anim_time-0.15) * 90 * 8) * 3", 0, 0]
				},
				"ear_tail_right4": {
					"rotation": ["12.5+Math.cos((query.anim_time-0.25) * 90 * 8) * 3", 0, 0]
				},
				"ear_tail_right5": {
					"rotation": ["-7.5+Math.cos((query.anim_time-0.3) * 90 * 8) * 3", 0, 0]
				},
				"ear_tail_right6": {
					"rotation": ["0+Math.cos((query.anim_time-0.3) * 90 * 8) * 5", 0, 0]
				},
				"ear_tail_left2": {
					"rotation": ["-12.5+Math.cos((query.anim_time) * 90 * 8) * 3", 0, -17.5]
				},
				"ear_tail_left3": {
					"rotation": ["10+Math.cos((query.anim_time-0.15) * 90 * 8) * 3", 0, 0]
				},
				"ear_tail_left4": {
					"rotation": ["12.5+Math.cos((query.anim_time-0.25) * 90 * 8) * 3", 0, 0]
				},
				"ear_tail_left5": {
					"rotation": ["-7.5+Math.cos((query.anim_time-0.3) * 90 * 8) * 3", 0, 0]
				},
				"ear_tail_left6": {
					"rotation": ["0+Math.cos((query.anim_time-0.3) * 90 * 8) * 5", 0, 0]
				},
				"wing_right": {
					"rotation": ["-42.5+Math.cos((query.anim_time-0.3) * 90 * 4) * -5", "-42.5+Math.cos((query.anim_time-0.3) * 90 * 4) * -5", 0]
				},
				"wing_left": {
					"rotation": ["-42.5+Math.cos((query.anim_time-0.3) * 90 * 4) * -5", "42.5+Math.cos((query.anim_time-0.3) * 90 * 4) * 5", 0]
				},
				"arm_right2": {
					"rotation": [0, "0+Math.cos((query.anim_time) * 90 * 2) * 5", -70]
				},
				"arm_right3": {
					"rotation": [0, -85, 0]
				},
				"finger_right1": {
					"rotation": [0, 52.5, 0]
				},
				"finger_right2": {
					"rotation": [0, 0, -70]
				},
				"finger_right3": {
					"rotation": [0, -42.5, 0]
				},
				"arm_left2": {
					"rotation": [0, "0+Math.cos((query.anim_time) * 90 * 2) * -5", 70]
				},
				"arm_left3": {
					"rotation": [0, 85, 0]
				},
				"finger_left1": {
					"rotation": [0, -52.5, 0]
				},
				"finger_left2": {
					"rotation": [0, 0, 70]
				},
				"finger_left3": {
					"rotation": [0, 42.5, 0]
				},
				"tail": {
					"rotation": [-10, 0, "0+Math.cos((query.anim_time-0.2) * 90 * 4) * 2"]
				},
				"tail2": {
					"rotation": [15, 0, "Math.cos((query.anim_time-0.4) * 90 * 4) * 8"]
				},
				"tail3": {
					"rotation": [12.5, 0, "Math.cos((query.anim_time-0.6) * 90 * 4) * 8"]
				},
				"tail4": {
					"rotation": [-7.5, 0, "Math.cos((query.anim_time-0.8) * 90 * 4) * 10"]
				},
				"tail5": {
					"rotation": [-12.5, 0, "Math.cos((query.anim_time-1) * 90 * 4) * 8"]
				},
				"tail6": {
					"rotation": [-5, 0, "0+Math.cos((query.anim_time-1.2) * 90 * 4) * 8"]
				},
				"tail7": {
					"rotation": [7.5, 0, "Math.cos((query.anim_time-0.8) * 90 * 4) * 14"]
				},
				"tail8": {
					"rotation": [20, 0, "0+Math.cos((query.anim_time-0.7) * 90 * 4) * 5"]
				}
			}
		},
		"animation.dragetsu.sleep": {
			"loop": true,
			"bones": {
				"body": {
					"rotation": [-90, -50, 180],
					"position": [3, -21, 15]
				},
				"torso": {
					"rotation": ["0+Math.cos((query.anim_time-0.2) * 90 * 1) * 1", 0, -47.5]
				},
				"neck": {
					"rotation": [-7.5, 0, -42.5]
				},
				"neck2": {
					"rotation": [-7.5, 0, -42.5]
				},
				"neck3": {
					"rotation": ["0+Math.cos((query.anim_time-0.4) * 90 * 1) * -1", 0, -35]
				},
				"head": {
					"rotation": [-82.52286, 15.73821, -16.84336],
					"position": [-1.25, 0.75, -3]
				},
				"eyelid_left": {
					"position": [0.275, 0, 0]
				},
				"eyelid_right": {
					"position": [-0.275, 0, 0]
				},
				"head_wing_left": {
					"rotation": [0, 20, 0]
				},
				"head_wing_right": {
					"rotation": [0, -20, 0]
				},
				"ear_tail_right2": {
					"rotation": ["5.5651+Math.cos((query.anim_time) * 90 * 1) * 2", 2.86313, 62.32648]
				},
				"ear_tail_right3": {
					"rotation": ["17.0649+Math.cos((query.anim_time-0.3) * 90 * 1) * 2", -10.58927, 30.90686]
				},
				"ear_tail_right4": {
					"rotation": ["3.7313+Math.cos((query.anim_time-0.6) * 90 * 1) * 1", 9.09838, 43.19966]
				},
				"ear_tail_right5": {
					"rotation": ["-3.5052+Math.cos((query.anim_time-0.9) * 90 * 1) * 1", 18.74724, 23.85865]
				},
				"ear_tail_right6": {
					"rotation": [-2.5, 0, 0]
				},
				"ear_tail_left2": {
					"rotation": ["5+Math.cos((query.anim_time) * 90 * 1) * 2", 0, 0]
				},
				"ear_tail_left3": {
					"rotation": ["14.7822+Math.cos((query.anim_time-0.3) * 90 * 1) * 2", -2.57594, 9.6658]
				},
				"ear_tail_left4": {
					"rotation": ["13.0643+Math.cos((query.anim_time-0.6) * 90 * 1) * 1", -7.43547, 29.14743]
				},
				"ear_tail_left5": {
					"rotation": ["-9.9753+Math.cos((query.anim_time-0.9) * 90 * 1) * 2", 7.57131, 36.83829]
				},
				"ear_tail_left6": {
					"rotation": [-7.32417, 1.61888, 12.39638]
				},
				"wing_right": {
					"rotation": [170, -65, -180]
				},
				"wing_left": {
					"rotation": [167.5, 65, -180]
				},
				"arm_right2": {
					"rotation": [-75.00719, -7.95558, 43.5329]
				},
				"arm_right3": {
					"rotation": [-4.56136, -19.71126, 7.69653]
				},
				"finger_right1": {
					"rotation": [0, 47.5, 0]
				},
				"finger_right2": {
					"rotation": [0, 0, -45]
				},
				"finger_right3": {
					"rotation": [0, -45, 0]
				},
				"arm_left2": {
					"rotation": [-80.77463, "19.5064+Math.cos((query.anim_time-0.2) * 90 * 1) * -2", -62.00432]
				},
				"arm_left3": {
					"rotation": [-5.22206, 34.65749, -9.13039]
				},
				"finger_left1": {
					"rotation": [0, -47.5, 0]
				},
				"finger_left2": {
					"rotation": [0, 0, 45]
				},
				"finger_left3": {
					"rotation": [0, 45, 0]
				},
				"tail2": {
					"rotation": [0, 0, 42.5]
				},
				"tail3": {
					"rotation": [-5, 0, 35]
				},
				"tail4": {
					"rotation": [0, 0, 45]
				},
				"tail5": {
					"rotation": [-10, 0, 60]
				},
				"tail6": {
					"rotation": [0, 0, 65]
				},
				"tail7": {
					"rotation": [-12.5, 0, 70]
				},
				"tail8": {
					"rotation": [0, 0, 62.5]
				},
				"tail9": {
					"rotation": [0, 82.5, 0]
				}
			}
		},
		"animation.dragetsu.faint": {
			"loop": true,
			"animation_length": 3,
			"bones": {
				"body": {
					"rotation": {
						"0.0": [0, 0, 0],
						"0.125": [11.23, 0, 0],
						"0.25": [12.5, 0, 0],
						"0.5": [13, 0, 0],
						"0.7917": [-84.88, 0, 0],
						"1.0417": [-252.775, 0, 0],
						"1.2917": [-352.6, 0, 0],
						"1.5417": [-388.5, 0, 0],
						"1.6667": [-401.15, 0, 0],
						"1.7917": [-411.15, 0, 0],
						"1.875": [-455.65, 0, 0],
						"1.9583": [-463.15, 0, 0],
						"2.0833": [-461.15, 0, 0],
						"2.1667": [-457.15, 0, 0]
					},
					"position": {
						"0.0": [0, 0, 0],
						"0.125": [0, -0.12, 1.5],
						"0.25": [0, -0.25, 2],
						"0.5": [0, -0.25, 2.25],
						"0.5417": [0, 0.3, 3.9],
						"0.625": [0, 12.66, -2.29],
						"0.75": [0, 24.575, -7.2],
						"0.875": [0, 30.43, -9.42],
						"1.0": [0, 34.125, -10],
						"1.125": [0, 35.5, -8.86],
						"1.2917": [0, 39.7, -5],
						"1.5": [0, 47.05, -2.95],
						"1.625": [0, 45.03, -1.925],
						"1.75": [0, 22.23, -1.575],
						"1.8333": [0, -22.445, -1.925],
						"1.875": [0, -25.94, -1.92],
						"1.9583": [0, -25.82, -1.92],
						"2.0833": [0, -24.13, -1.92],
						"2.25": [0, -20.94, -1.92]
					}
				},
				"torso": {
					"rotation": {
						"0.0": [12.5, 0, 0],
						"0.25": [18.33, 0, 0],
						"0.375": [17.5, 0, 0],
						"0.625": [10, 0, 0],
						"1.0": [-5, 0, 0],
						"1.1667": [-22.5, 0, 0],
						"1.375": [-28, 0, 0],
						"1.5833": [-12.5, 0, 0],
						"1.7917": [15, 0, 0],
						"1.875": [35, 0, 0],
						"2.0": [15.9, 0, 0],
						"2.0833": [20.7, 0, 0],
						"2.2083": [16.39, 0, 0],
						"2.3333": [8.675, 0, 0],
						"2.4583": [6.18, 0, 0]
					}
				},
				"neck": {
					"rotation": {
						"0.0": [0, 0, 0],
						"0.4167": [17.5, 0, 0],
						"0.6667": [-18.75, 0, 0],
						"0.875": [-31.325, 0, 0],
						"1.0833": [-33.5, 0, 0],
						"1.4167": [-29.1, 0, 0],
						"1.5833": [-17.75, 0, 0],
						"1.7917": [10, 0, 0],
						"1.875": [17.5, 0, 0],
						"1.9583": [15, 0, 0],
						"2.0417": [-5, 0, 0],
						"2.0833": [-2.56, 0, 0],
						"2.125": [4.875, 0, 0],
						"2.2083": [7.4, 0, 0],
						"2.2917": [4.8, 0, 0],
						"2.3333": [-1.8, 0, 0]
					}
				},
				"neck2": {
					"rotation": {
						"0.0": [0, 0, 0],
						"0.375": [17.88, 0, 0],
						"0.5417": [15, 0, 0],
						"0.7083": [-6.5, 0, 0],
						"0.875": [-30.15, 0, 0],
						"1.0833": [-41.6, 0, 0],
						"1.375": [-42.5, 0, 0],
						"1.5833": [-40, 0, 0],
						"1.7917": [7.5, 0, 0],
						"2.0": [12.5, 0, 0],
						"2.0833": [-7.38733, 1.29876, 9.91615],
						"2.1667": [-12.5, 1.5, 10.75],
						"2.25": [-3.125, 1.5, 10.75],
						"2.375": [-0.25, 1.5, 10.75]
					}
				},
				"neck3": {
					"rotation": {
						"0.0": [0, 0, 0],
						"0.3333": [20.6, 0, 0],
						"0.5417": [22.5, 0, 0],
						"0.75": [-32.5, 0, 0],
						"1.3333": [-10, 0, 0],
						"1.7083": [7.5, 0, 0],
						"1.8333": [10, 0, 0],
						"1.9583": [7.21, 0, 0],
						"2.0833": [2.5, -5.5, 0],
						"2.25": [8.11003, -22.29711, -3.09472]
					}
				},
				"head": {
					"rotation": {
						"0.0": [0, 0, 0],
						"0.3333": [13.7, 0, 0],
						"0.5": [15, 0, 0],
						"0.6667": [-12.5, 0, 0],
						"1.0417": [-2.76, 0, 0],
						"1.3333": [35, 0, 0],
						"1.625": [28.84, 0, 0],
						"1.75": [-19.5, 0, 0],
						"1.8333": [-35, 0, 0],
						"2.0": [-34.17, 0, 0],
						"2.0833": [-52.5, -11.45, 0],
						"2.2083": [-48.42663, -23.03181, 20.20848],
						"2.375": [-53.98381, -27.30984, 29.49826]
					}
				},
				"eyelid_left": {
					"position": [0.15, 0, 0]
				},
				"eyelid_right": {
					"position": [-0.15, 0, 0]
				},
				"ear_tail_right2": {
					"rotation": {
						"0.0": [-12.5, 0, 17.5],
						"0.3333": [-43.05468, 0, 17.5],
						"0.5": [-43.05468, 0, 17.5],
						"0.625": [46.94532, 0, 17.5],
						"1.3333": [24.44532, 0, -2.5],
						"1.625": [-20.55468, 0, 7.85],
						"1.9167": [-20.55, 0, -9.65],
						"2.0833": [61.95, 42.5, -74.65],
						"2.3333": [74.975, 25, -132.15],
						"2.5417": [79.45, 22.5, -141.65]
					}
				},
				"ear_tail_right3": {
					"rotation": {
						"0.0": [10, 0, 0],
						"0.5": [47.5, 0, 0],
						"0.6667": [87.5, -20, 0],
						"1.5417": [65.86, -16.3, -18.24],
						"1.8333": [58.81061, -15.09492, 8.95891],
						"1.9583": [86.31, -15.09, 8.96],
						"2.25": [52.34, -15.09, 8.96],
						"2.6667": [46.31, -15.09, 8.96]
					}
				},
				"ear_tail_right4": {
					"rotation": {
						"0.0": [10, 0, 0],
						"0.5417": [65, 0, 0],
						"1.9167": [65, 0, 0],
						"2.0417": [32.5, 0, 42.5],
						"2.2083": [47.38, 0, -1.28],
						"2.3333": [57.78, 0, -19.14],
						"2.4167": [65, 0, -14.25],
						"2.6667": [65, 0, -17.5]
					}
				},
				"ear_tail_right5": {
					"rotation": {
						"0.0": [-12.5, 0, 0],
						"0.5": [-92.5, 0, 0],
						"0.6667": [62.47, 0, 0.27],
						"1.7917": [59.47, 0, 0.27],
						"2.0833": [26.29, 0, 0.86],
						"2.125": [-15.9, 0, 1.45],
						"2.2917": [-51.27, 0, 2.63],
						"2.5417": [-42.5, 0, 3],
						"2.7083": [-42.5, 0, 3]
					}
				},
				"ear_tail_left2": {
					"rotation": {
						"0.0": [-12.5, 0, -17.5],
						"0.3333": [-43.05468, 0, -17.5],
						"0.5": [-43.05468, 0, -17.5],
						"0.625": [46.94532, 0, -17.5],
						"1.3333": [24.44532, 0, 2.5],
						"1.625": [-20.55468, 0, -27.85],
						"1.75": [-49.10659, -16.90226, -60.1349],
						"1.8333": [-34.24932, -34.48961, -85.59064],
						"1.9167": [-29.69666, -34.58348, -88.82357],
						"2.0": [-34.15745, -31.80295, -97.18001],
						"2.0417": [-19.77156, 18.49693, -106.20068],
						"2.125": [-16.76053, 10.12586, -124.47118],
						"2.25": [-32.80148, 24.36833, -156.19567],
						"2.375": [-47.22881, 30.45676, -151.53942],
						"2.5417": [-63.94426, 33.28034, -154.60303],
						"2.75": [-64.41817, 34.83897, -156.04464]
					}
				},
				"ear_tail_left3": {
					"rotation": {
						"0.0": [10, 0, 0],
						"0.5": [47.5, 0, 0],
						"0.6667": [87.5, 20, 0],
						"1.5417": [65.86, 16.3, 18.24],
						"1.8333": [58.81061, 15.09492, 48.54109],
						"1.9583": [86.31, 15.09, 61.04],
						"2.25": [52.34, 15.09, -8.96],
						"2.6667": [46.31, 15.09, -8.96]
					}
				},
				"ear_tail_left4": {
					"rotation": {
						"0.0": [10, 0, 0],
						"0.5417": [65, 0, 0],
						"1.9167": [65, 0, 0],
						"2.0417": [32.5, 0, -42.5],
						"2.4167": [65, 0, 14.95],
						"2.6667": [65, 0, 25]
					}
				},
				"ear_tail_left5": {
					"rotation": {
						"0.0": [-12.5, 0, 0],
						"0.5": [-92.5, 0, 0],
						"0.6667": [62.47, 0, -0.27],
						"1.7917": [59.47, 0, -0.27],
						"2.0833": [-10.535, 0, -0.86],
						"2.125": [-15.9, 0, -1.45],
						"2.2917": [-51.27, 0, -2.63],
						"2.5417": [-42.5, 0, 0],
						"2.7083": [-42.5, 0, -7.5]
					}
				},
				"wing_right": {
					"rotation": {
						"0.0": [27.5, -65, 0],
						"0.5417": [0, 0, 0],
						"0.7083": [-15, -58.3, 0],
						"0.875": [-17.88125, -77.39857, 2.96621],
						"1.5": [-4.57638, -32.90568, -12.02093],
						"1.625": [-12.70383, -45.35688, -4.05339],
						"1.75": [-28.81328, -82.01058, 14.06708],
						"1.875": [-159.75655, -78.83708, 145.59843],
						"2.0417": [-147.35414, -73.54253, 136.33625],
						"2.2083": [-6.95956, -83.46162, -3.23468],
						"2.5417": [29.74988, -87.69489, -44.63354]
					},
					"position": {
						"1.875": [0, 0, 0],
						"1.9583": [0, 0, -1.75],
						"2.5417": [0, 0, 0]
					}
				},
				"wing_left": {
					"rotation": {
						"0.0": [27.5, 65, 0],
						"0.5417": [0, 0, 0],
						"0.7083": [-15, 58.3, 0],
						"0.875": [-17.88125, 77.39857, -2.96621],
						"1.5": [-4.57638, 32.90568, 12.02093],
						"1.625": [-12.70383, 45.35688, 4.05339],
						"1.75": [-28.81328, 82.01058, -14.06708],
						"1.875": [-159.75655, 78.83708, -145.59843],
						"2.0417": [-147.35414, 73.54253, -136.33625],
						"2.2083": [-6.95956, 83.46162, 3.23468],
						"2.5417": [29.74988, 87.69489, 44.63354]
					},
					"position": {
						"1.875": [0, 0, 0],
						"1.9583": [0, 0, -1.75],
						"2.5417": [0, 0, 0]
					}
				},
				"arm_right2": {
					"rotation": {
						"0.0": [0, -55, 0],
						"0.4583": [55.73437, -72.03614, -57.05419],
						"0.7083": [79.96258, -4.92385, -89.12962],
						"1.375": [79.95369, 4.90555, -37.49372],
						"1.625": [52.07025, -8.97416, -26.80216],
						"1.7917": [-15.37087, -44.19483, 14.25151],
						"1.9167": [-13.51186, -2.70397, 4.44922],
						"2.125": [-14.59148, -22.11791, 9.39769],
						"2.25": [-14.86561, -17.1608, 10.08981],
						"2.375": [-13.73643, 1.24629, 5.40374],
						"2.5": [-13.71923, 5.74192, 2.44287]
					}
				},
				"arm_right3": {
					"rotation": {
						"0.0": [0, -50, 0],
						"0.4583": [0, -62.5, 0],
						"0.8333": [0, -15, 0],
						"1.7083": [0, -15, 0],
						"1.7917": [0, -40, 0],
						"1.9167": [0, -5, 0],
						"2.0417": [0, 5, 0],
						"2.2083": [0, -9.475, 0],
						"2.3333": [0, -9.75, 0],
						"2.4583": [0, -2.5, 0]
					}
				},
				"finger_right1": {
					"rotation": [0, 52.5, 0]
				},
				"finger_right2": {
					"rotation": [0, 0, -62.5]
				},
				"finger_right3": {
					"rotation": [0, -52.5, 0]
				},
				"arm_left2": {
					"rotation": {
						"0.0": [0, 55, 0],
						"0.4583": [55.73437, 72.03614, 57.05419],
						"0.7083": [79.96258, 4.92385, 89.12962],
						"1.375": [79.95369, -4.90555, 37.49372],
						"1.625": [52.07025, 8.97416, 26.80216],
						"1.7917": [-15.37087, 44.19483, -14.25151],
						"1.9167": [-13.51186, 2.70397, -4.44922],
						"2.125": [-14.59148, 22.11791, -9.39769],
						"2.25": [-14.86561, 17.1608, -10.08981],
						"2.3333": [-13.73643, -1.24629, -5.40374],
						"2.4583": [-13.71923, -5.74192, -2.44287]
					}
				},
				"arm_left3": {
					"rotation": {
						"0.0": [0, 50, 0],
						"0.4583": [0, 62.5, 0],
						"0.8333": [0, 15, 0],
						"1.7083": [0, 15, 0],
						"1.7917": [0, 40, 0],
						"1.9167": [0, 5, 0],
						"2.0417": [0, -5, 0],
						"2.2083": [0, 9.475, 0],
						"2.3333": [0, 9.75, 0],
						"2.4583": [0, 2.5, 0]
					}
				},
				"finger_left1": {
					"rotation": [0, -52.5, 0]
				},
				"finger_left2": {
					"rotation": [0, 0, 62.5]
				},
				"finger_left3": {
					"rotation": [0, 52.5, 0]
				},
				"tail": {
					"rotation": {
						"0.0": [37.5, 0, 0],
						"0.3333": [28.855, 0, 0],
						"0.5417": [28.275, 0, 0],
						"0.6667": [47.5, 0, 0],
						"1.125": [21.88, 0, 0],
						"1.5": [2.75, 0, 0],
						"1.7083": [-11.5, 0, 0],
						"1.875": [-1.5, 0, 0],
						"2.2083": [11, 0, 0],
						"2.4583": [13.5, 0, 0]
					}
				},
				"tail2": {
					"rotation": {
						"0.0": [26.40319, 7.98133, -15.62489],
						"0.5": [11.40319, 7.98133, -15.62489],
						"0.6667": [20, 0, 0],
						"1.5": [27.5, 0, 0],
						"1.6667": [-20.83, 0, 0],
						"1.75": [-30, 0, 0],
						"1.7917": [-25, 0, 0],
						"1.875": [7.5, 0, 0],
						"1.9167": [4.17, 0, 0],
						"2.0": [-21.05, 0, 0],
						"2.0833": [-13.55, 0, 0],
						"2.1667": [-5, 0, 0]
					}
				},
				"tail3": {
					"rotation": {
						"0.0": [4.83045, 1.29256, -42.44548],
						"0.5": [25.26341, 10.35636, -38.19433],
						"0.625": [20, 0, -17.5],
						"0.9167": [35, 0, 0],
						"1.25": [40, 0, 0],
						"1.5417": [26.67, 0, 0],
						"1.6667": [13.67, 0, 0],
						"1.75": [-32.5, 0, 0],
						"1.875": [-2.5, 0, 0],
						"2.0": [-10.625, 0, 0],
						"2.125": [-18.125, 0, 0],
						"2.25": [-2.5, 0, 0]
					}
				},
				"tail4": {
					"rotation": {
						"0.0": [-12.5, 12.5, -52.5],
						"0.5417": [-17.46018, 1.12588, -57.67435],
						"0.6667": [20, 0, -41.425],
						"0.9583": [32.5, 0, 0],
						"1.5": [25.5, 0, 0],
						"1.6667": [-0.665, 0, 0],
						"1.7917": [-12.5, 0, 0],
						"1.8333": [-10, 0, 0],
						"1.9167": [7.5, 0, 0],
						"1.9583": [1.67, 0, 0],
						"2.0": [-7.6, 0, 0],
						"2.125": [-20.74, 0, 0],
						"2.25": [-19.175, 0, 0],
						"2.4583": [-3.95, 0, 0],
						"2.625": [-1, 0, 0]
					}
				},
				"tail5": {
					"rotation": {
						"0.0": [-7.5, 0, -47.5],
						"0.2083": [-6.42306, 2.04106, -27.60245],
						"0.4583": [0.83933, 3.45533, -20.20113],
						"0.7917": [32.5, 0, -12.325],
						"1.4167": [19.13, 0, -12.325],
						"1.7083": [27.4075, 0, -12.325],
						"1.7917": [-33, 0, -12.325],
						"1.8333": [-25.20833, 0, -18.69167],
						"1.9583": [9, 0, -21.875],
						"2.0": [5.8411, 2.49046, -25.74833],
						"2.0417": [-7.3178, 4.98093, -29.62165],
						"2.25": [-14.19154, 5.25664, -31.4844],
						"2.4583": [2.46888, 5.71617, -34.58897],
						"2.6667": [9.71888, 5.71617, -34.58897]
					}
				},
				"tail6": {
					"rotation": {
						"0.0": [-10, 0, -70],
						"0.3333": [-7.99708, 5.0265, -38.20566],
						"0.5417": [-7.69263, 6.40865, -30.43131],
						"0.625": [30, 0, -27.35],
						"1.3333": [25.675, 0, -5.825],
						"1.6667": [30, 0, -5.825],
						"1.8333": [-18, 0, -14.435],
						"1.9583": [-10, 0, -27.35],
						"2.0417": [10.07947, -4.20854, -31.78431],
						"2.0833": [6.63531, -2.75365, -34.22349],
						"2.125": [-11.80885, -1.29876, -36.66267],
						"2.25": [-6.50354, -2.70145, -44.29451],
						"2.4167": [-4.06794, -5.50685, -49.13319],
						"2.7083": [-2.56794, -5.50685, -49.13319]
					}
				},
				"tail7": {
					"rotation": {
						"0.0": [0, 0, -35],
						"0.5417": [0, 0, -20],
						"0.8333": [32.5, 0, 0],
						"1.625": [26, 0, -12.2],
						"1.75": [-27.44081, 0.54094, -11.71152],
						"1.8333": [-37.44081, 0.54094, -14.66152],
						"1.9167": [10.05919, 0.54094, -21.43652],
						"2.0833": [8.90692, 4.7248, -28.99094],
						"2.3333": [8.22003, 5.84317, -36.5639],
						"2.5833": [6.08929, 8.03998, -37.13079]
					}
				},
				"tail8": {
					"rotation": {
						"0.0": [0, 0, -32.5],
						"0.5": [17.5, 0, -15],
						"0.625": [30, 0, 0],
						"0.9167": [31.88403, 27.18693, -6.92991],
						"1.6667": [25.01656, 27.18693, -6.92991],
						"1.7917": [-47.48344, 27.18693, -6.92991],
						"1.9167": [-3.87873, 27.18693, -6.92991],
						"1.9583": [15.65609, 27.05364, -7.98424],
						"2.0833": [-24.01698, 26.23106, -14.4909],
						"2.2917": [-30.34705, 25.92487, -25.03781],
						"2.4583": [-9.92611, 25.45415, -34.28626],
						"2.625": [2.72994, 21.62444, -38.63736]
					}
				},
				"tail9": {
					"rotation": {
						"0.0": [0, -40, -30],
						"0.2083": [28.11151, -33.35979, -50.25727],
						"0.4583": [35, -40, -30],
						"0.625": [0, -40, -30],
						"0.7917": [68.59671, -83.83481, -93.64645],
						"0.9167": [93.59671, -83.83481, -93.64645],
						"1.7083": [118.01285, -60.68546, -111.60397],
						"1.7917": [269.13026, -63.65052, -269.29109],
						"1.9167": [91.06961, -68.8435, -91.06801],
						"2.0417": [249.18796, -72.28616, -250.34521],
						"2.125": [267.58376, -65.8768, -267.89463],
						"2.4583": [167.60852, -61.29233, -196.5102],
						"2.75": [150.243, -60.58851, -171.58681]
					}
				}
			}
		},
		"animation.dragetsu.blink": {
			"animation_length": 0.16667,
			"bones": {
				"eyelid_left": {
					"position": {
						"0.125": [0.1, 0, 0],
						"0.1667": [0, 0, 0]
					}
				},
				"eyelid_right": {
					"position": {
						"0.125": [-0.1, 0, 0],
						"0.1667": [0, 0, 0]
					}
				}
			}
		}
	}
}