{
	"format_version": "1.8.0",
	"animations": {
		"animation.ectarachnid.ground_idle": {
			"loop": true,
			"bones": {
				"torso": {
					"rotation": [15, 0, 0]
				},
				"head": {
					"rotation": [25, 0, 0]
				},
				"neck": {
					"rotation": [-25, 0, 0]
				},
				"leg_front_left": {
					"rotation": [-25, 30, 9.5]
				},
				"leg_front2_left": {
					"rotation": [0, 0, 31]
				},
				"leg_top_left": {
					"rotation": [-65, 15, 0]
				},
				"leg_mid_left": {
					"rotation": [-10.56806, 9.39692, 48.25188]
				},
				"leg_mid_left2": {
					"rotation": [0, 0, -10]
				},
				"leg_back_left": {
					"rotation": [-25, -12.5, 57.5]
				},
				"leg_front_right": {
					"rotation": [-25, -30, -9.5]
				},
				"leg_front2_right": {
					"rotation": [0, 0, -31]
				},
				"leg_mid_right": {
					"rotation": [-10.56806, -9.39692, -48.25188]
				},
				"leg_mid_right2": {
					"rotation": [0, 0, 10]
				},
				"leg_back_right": {
					"rotation": [-25, 12.5, -57.5]
				},
				"leg_top_left2": {
					"rotation": [0, 0, -15]
				},
				"leg_top_left3": {
					"rotation": [0, 0, 15]
				},
				"leg_top_right": {
					"rotation": [-65, -15, 0]
				},
				"leg_top_right2": {
					"rotation": [0, 0, 15]
				},
				"leg_top_right3": {
					"rotation": [0, 0, -15]
				}
			}
		},
		"animation.ectarachnid.ground_walk": {
			"loop": true,
			"animation_length": 0.5,
			"bones": {
				"torso": {
					"rotation": [15, 0, "Math.cos((query.anim_time) * 90 * 8) * -2"],
					"position": [0, "Math.cos((query.anim_time) * 90 * 8*2) * 0.2", 0]
				},
				"head": {
					"rotation": [25, 0, 0]
				},
				"neck": {
					"rotation": [-25, 0, 0]
				},
				"leg_front_left": {
					"rotation": {
						"0.0": [-6.94088, 1.86929, 13.81369],
						"0.25": [-25, 30, 9.5],
						"0.5": [-6.94088, 1.86929, 13.81369]
					}
				},
				"leg_front2_left": {
					"rotation": [0, 0, 31]
				},
				"leg_top_left": {
					"rotation": [-65, 15, 0]
				},
				"leg_mid_left": {
					"rotation": {
						"0.0": [-10.89301, 16.76616, 46.81924],
						"0.25": [-10.5202, -7.80836, 51.44248],
						"0.5": [-10.89301, 16.76616, 46.81924]
					}
				},
				"leg_mid_left2": {
					"rotation": [0, 0, -10]
				},
				"leg_back_left": {
					"rotation": {
						"0.0": [-25, -12.5, 57.5],
						"0.25": [-12.12164, 7.96937, 48.10115],
						"0.5": [-25, -12.5, 57.5]
					}
				},
				"leg_front_right": {
					"rotation": {
						"0.0": [-25, -30, -9.5],
						"0.25": [-6.94088, -1.8693, -13.8137],
						"0.5": [-25, -30, -9.5]
					}
				},
				"leg_front2_right": {
					"rotation": [0, 0, -31]
				},
				"leg_mid_right": {
					"rotation": {
						"0.0": [-10.5202, 7.8084, -51.4425],
						"0.25": [-10.89301, -16.7662, -46.8192],
						"0.5": [-10.5202, 7.8084, -51.4425]
					}
				},
				"leg_mid_right2": {
					"rotation": [0, 0, 10]
				},
				"leg_back_right": {
					"rotation": {
						"0.0": [-12.12164, 7.96937, -48.1011],
						"0.25": [-25, 12.5, -57.5],
						"0.5": [-12.12164, 7.96937, -48.1011]
					}
				},
				"leg_top_left2": {
					"rotation": [0, 0, -15]
				},
				"leg_top_left3": {
					"rotation": [0, 0, 15]
				},
				"leg_top_right": {
					"rotation": [-65, -15, 0]
				},
				"leg_top_right2": {
					"rotation": [0, 0, 15]
				},
				"leg_top_right3": {
					"rotation": [0, 0, -15]
				}
			}
		},
		"animation.ectarachnid.dasassembled": {
			"loop": true,
			"bones": {
				"stinger": {
					"position": [0, 0, 9]
				},
				"neck": {
					"position": [0, 0, -7]
				},
				"head": {
					"position": [0, 0, -8]
				},
				"eye_left": {
					"position": [3, 0, -6]
				},
				"eyelid_left": {
					"position": [-2, 0, 0]
				},
				"eye_right": {
					"position": [-4, 0, -6]
				},
				"eyelid_right": {
					"position": [2, 0, 0]
				},
				"horn": {
					"position": [0, 7, 0]
				},
				"fang_left": {
					"position": [0, 0, -15]
				},
				"fang_left2": {
					"position": [0, 0, -15]
				},
				"leg_front_left": {
					"position": [7, 0, 0]
				},
				"leg_front2_left": {
					"position": [6, 0, 0]
				},
				"leg_mid_left": {
					"position": [6, 0, 0]
				},
				"leg_mid_left2": {
					"position": [6, 0, 0]
				},
				"leg_back_left": {
					"position": [7, 0, 0]
				},
				"leg_back_left2": {
					"position": [6, 0, 0]
				},
				"leg_top_left": {
					"position": [0, 11, 0]
				},
				"head_point_left": {
					"position": [7, 0, 0]
				},
				"head_point_right": {
					"position": [-6, 0, 0]
				},
				"leg_front_right": {
					"position": [-7, 0, 0]
				},
				"leg_front2_right": {
					"position": [-6, 0, 0]
				},
				"leg_mid_right": {
					"position": [-6, 0, 0]
				},
				"leg_mid_right2": {
					"position": [-6, 0, 0]
				},
				"leg_back_right": {
					"position": [-7, 0, 0]
				},
				"leg_back_right2": {
					"position": [-6, 0, 0]
				},
				"leg_top_right": {
					"position": [0, 11, 0]
				}
			}
		}
	}
}