{
	"format_version": "1.8.0",
	"animations": {
		"animation.flygon_delta.pose": {
			"loop": true,
			"bones": {
				"body": {
					"rotation": [25, 0, 0]
				},
				"tail": {
					"rotation": [-62.59947, -2.77399, 7.18354]
				},
				"tail2": {
					"rotation": [-11.75017, 2.8842, 3.73645]
				},
				"tail3": {
					"rotation": [-14.66481, 23.4504, -10.32671]
				},
				"tail4": {
					"rotation": [-21.47027, 24.09293, -6.8817]
				},
				"tail5": {
					"rotation": [3.0457, 40.20574, 3.08781]
				},
				"tail6": {
					"rotation": [-5.16524, 27.0478, -11.24314]
				},
				"arm_left": {
					"rotation": [55.91266, 44.80233, 59.99383]
				},
				"arm_left2": {
					"rotation": [0, 27.5, 0]
				},
				"finger_left1": {
					"rotation": [3.28396, 12.06754, 40.34721]
				},
				"claw_left1": {
					"rotation": [0, 0, 27.5]
				},
				"finger_left2": {
					"rotation": [0, 0, 22.5]
				},
				"claw_left2": {
					"rotation": [0, 0, 22.5]
				},
				"finger_left3": {
					"rotation": [-3.81397, -11.91276, 37.89807]
				},
				"claw_left3": {
					"rotation": [0, 0, 32.5]
				},
				"arm_right": {
					"rotation": [45.84178, -42.00149, -65.22307]
				},
				"arm_right2": {
					"rotation": [0, -25, 0]
				},
				"finger_right1": {
					"rotation": [9.97528, -7.57131, -53.16171]
				},
				"claw_right1": {
					"rotation": [0, 0, -32.5]
				},
				"finger_right2": {
					"rotation": [0, 0, -22.5]
				},
				"claw_right2": {
					"rotation": [0, 0, -25]
				},
				"finger_right3": {
					"rotation": [-8.90928, 8.80348, -45.68718]
				},
				"claw_right3": {
					"rotation": [0, 0, -30]
				},
				"neck_fluff": {
					"rotation": [0, 0, 0]
				},
				"head": {
					"rotation": [-15.86053, 70.47632, -25.98577]
				},
				"leg_right": {
					"rotation": [20, 0, 0]
				},
				"leg_right2": {
					"rotation": [0, 0, 2.5]
				},
				"leg_right3": {
					"rotation": [-37.5, 0, 0]
				},
				"hoof_right": {
					"rotation": [22.5, 0, 0]
				},
				"leg_left": {
					"rotation": [15, 0, 0]
				},
				"leg_left2": {
					"rotation": [0, 0, -2.5]
				},
				"leg_left3": {
					"rotation": [-30, 0, 0]
				},
				"hoof_left": {
					"rotation": [22.5, 0, 0]
				},
				"tail7": {
					"rotation": [0, 15, 0]
				},
				"body2": {
					"rotation": [-15, 0, 0]
				},
				"body3": {
					"rotation": [7.5, 0, 0]
				},
				"wing_right_top": {
					"rotation": [-5, 17.5, 0]
				},
				"wing_right_top2": {
					"rotation": [0, -2.5, 0]
				},
				"wing_right_top3": {
					"rotation": [0, -5, 0]
				},
				"wing_right_bottom": {
					"rotation": [-1.59176, 7.46527, -12.96346]
				},
				"wing_right_bottom2": {
					"rotation": [0, 0, -40]
				},
				"wing_right_bottom3": {
					"rotation": [0, 0, 15]
				},
				"wing_left_top": {
					"rotation": [-6.75147, -10.05761, -1.19259]
				},
				"wing_left_top2": {
					"rotation": [0, 2.5, 0]
				},
				"wing_left_top3": {
					"rotation": [0, 5, 0]
				},
				"wing_left_bottom": {
					"rotation": [0, -2.5, 10]
				},
				"wing_left_bottom2": {
					"rotation": [0, 0, 40]
				},
				"wing_left_bottom3": {
					"rotation": [0, 0, -15]
				}
			}
		},
		"animation.flygon_delta.blink": {
			"animation_length": 0.16667,
			"bones": {
				"eyelid_right": {
					"position": {
						"0.125": [-0.2, 0, 0],
						"0.1667": [0, 0, 0]
					}
				},
				"eyelid_left": {
					"position": {
						"0.125": [0.2, 0, 0],
						"0.1667": [0, 0, 0]
					}
				}
			}
		},
		"animation.flygon_delta.ground_idle": {
			"loop": true,
			"bones": {
				"body": {
					"rotation": ["25+Math.cos((query.anim_time-0.2) * 90 * 4) * 1", 0, 0],
					"position": [0, "14+Math.cos((query.anim_time) * 90 * 4) * 0.3", 0]
				},
				"tail": {
					"rotation": [-62.59947, "-2.774+Math.cos((query.anim_time-0.5) * 90 * 4) * 1", 7.18354]
				},
				"tail2": {
					"rotation": [-11.75017, "2.8842+Math.cos((query.anim_time-0.5) * 90 * 4) * 1", 3.73645]
				},
				"tail3": {
					"rotation": [-14.66481, "23.4504+Math.cos((query.anim_time-0.5) * 90 * 4) * 1", -10.32671]
				},
				"tail4": {
					"rotation": [-21.47027, "24.0929+Math.cos((query.anim_time-0.5) * 90 * 4) * 1", -6.8817]
				},
				"tail5": {
					"rotation": [3.0457, "40.2057+Math.cos((query.anim_time-0.5) * 90 * 4) * 1", 3.08781]
				},
				"tail6": {
					"rotation": [-5.16524, "27.0478+Math.cos((query.anim_time-0.5) * 90 * 4) * 1", -11.24314]
				},
				"arm_left": {
					"rotation": [55.91266, 44.80233, "59.9938+Math.cos((query.anim_time-0.3) * 90 * 4) * -3"]
				},
				"arm_left2": {
					"rotation": [0, 27.5, 0]
				},
				"finger_left1": {
					"rotation": [3.28396, 12.06754, 40.34721]
				},
				"claw_left1": {
					"rotation": [0, 0, 27.5]
				},
				"finger_left2": {
					"rotation": [0, 0, 22.5]
				},
				"claw_left2": {
					"rotation": [0, 0, 22.5]
				},
				"finger_left3": {
					"rotation": [-3.81397, -11.91276, 37.89807]
				},
				"claw_left3": {
					"rotation": [0, 0, 32.5]
				},
				"arm_right": {
					"rotation": [45.84178, -42.00149, "-65.2231-Math.cos((query.anim_time-0.3) * 90 * 4) * -3"]
				},
				"arm_right2": {
					"rotation": [0, -25, 0]
				},
				"finger_right1": {
					"rotation": [9.97528, -7.57131, -53.16171]
				},
				"claw_right1": {
					"rotation": [0, 0, -32.5]
				},
				"finger_right2": {
					"rotation": [0, 0, -22.5]
				},
				"claw_right2": {
					"rotation": [0, 0, -25]
				},
				"finger_right3": {
					"rotation": [-8.90928, 8.80348, -45.68718]
				},
				"claw_right3": {
					"rotation": [0, 0, -30]
				},
				"neck_fluff": {
					"rotation": [0, 0, 0]
				},
				"head": {
					"rotation": [0, 0, 0]
				},
				"leg_right": {
					"rotation": ["2-Math.cos((query.anim_time-0.3) * 90 * 4) * -3", 0, 0]
				},
				"leg_right2": {
					"rotation": [0, 0, 2.5]
				},
				"leg_right3": {
					"rotation": [-37.5, 0, 0]
				},
				"hoof_right": {
					"rotation": [22.5, 0, 0]
				},
				"leg_left": {
					"rotation": ["2-Math.cos((query.anim_time-0.3) * 90 * 4) * -3", 0, 0]
				},
				"leg_left2": {
					"rotation": [0, 0, -2.5]
				},
				"leg_left3": {
					"rotation": [-30, 0, 0]
				},
				"hoof_left": {
					"rotation": [22.5, 0, 0]
				},
				"tail7": {
					"rotation": [0, "15+Math.cos((query.anim_time-0.5) * 90 * 4) * 1", 0]
				},
				"body2": {
					"rotation": [-15, 0, 0]
				},
				"body3": {
					"rotation": ["7.5+Math.cos((query.anim_time-0.5) * 90 * 4) * 2", 0, 0]
				},
				"wing_right_top": {
					"rotation": [-5, "17.5-Math.cos((query.anim_time) * 90 * 32) * -20", 0]
				},
				"wing_right_top2": {
					"rotation": [0, -2.5, 0]
				},
				"wing_right_top3": {
					"rotation": [0, -5, 0]
				},
				"wing_right_bottom": {
					"rotation": [-1.59176, "7.4653-Math.cos((query.anim_time) * 90 * 32) * -20", -12.96346]
				},
				"wing_right_bottom2": {
					"rotation": [0, 0, -40]
				},
				"wing_right_bottom3": {
					"rotation": [0, 0, 15]
				},
				"wing_left_top": {
					"rotation": [-6.75147, "-10.0576+Math.cos((query.anim_time) * 90 * 32) * -20", -1.19259]
				},
				"wing_left_top2": {
					"rotation": [0, 2.5, 0]
				},
				"wing_left_top3": {
					"rotation": [0, 5, 0]
				},
				"wing_left_bottom": {
					"rotation": [0, "-2.5+Math.cos((query.anim_time) * 90 * 32) * -20", 10]
				},
				"wing_left_bottom2": {
					"rotation": [0, 0, 40]
				},
				"wing_left_bottom3": {
					"rotation": [0, 0, -15]
				}
			}
		},
		"animation.flygon_delta.ground_walk": {
			"loop": true,
			"animation_length": 2.875,
			"bones": {
				"body": {
					"rotation": ["62.5+Math.cos((query.anim_time-0.2) * 90 * 4) * 3", 0, 0],
					"position": [0, "14+Math.cos((query.anim_time) * 90 * 4) * 0.8", 0]
				},
				"tail": {
					"rotation": ["-70+Math.cos((query.anim_time-0.5) * 90 * 4) * 2", 0, 0]
				},
				"tail2": {
					"rotation": ["-11.7502+Math.cos((query.anim_time-0.5) * 90 * 4) * 2", 0, 0]
				},
				"tail3": {
					"rotation": ["Math.cos((query.anim_time-0.5) * 90 * 4) * 2", 0, 0]
				},
				"tail4": {
					"rotation": ["-9.7223+Math.cos((query.anim_time-0.5) * 90 * 4) * 2", 0, 0]
				},
				"tail5": {
					"rotation": ["2.4344+Math.cos((query.anim_time-0.5) * 90 * 4) * 2", 0, 0]
				},
				"tail6": {
					"rotation": ["-5.1652+Math.cos((query.anim_time-0.5) * 90 * 4) * 2", 0, 0]
				},
				"arm_left": {
					"rotation": [55.91266, 44.80233, "59.9938+Math.cos((query.anim_time-0.3) * 90 * 4) * -3"]
				},
				"arm_left2": {
					"rotation": [0, 27.5, 0]
				},
				"finger_left1": {
					"rotation": [3.28396, 12.06754, 40.34721]
				},
				"claw_left1": {
					"rotation": [0, 0, 27.5]
				},
				"finger_left2": {
					"rotation": [0, 0, 22.5]
				},
				"claw_left2": {
					"rotation": [0, 0, 22.5]
				},
				"finger_left3": {
					"rotation": [-3.81397, -11.91276, 37.89807]
				},
				"claw_left3": {
					"rotation": [0, 0, 32.5]
				},
				"arm_right": {
					"rotation": [45.84178, -42.00149, "-65.2231-Math.cos((query.anim_time-0.3) * 90 * 4) * -3"]
				},
				"arm_right2": {
					"rotation": [0, -25, 0]
				},
				"finger_right1": {
					"rotation": [9.97528, -7.57131, -53.16171]
				},
				"claw_right1": {
					"rotation": [0, 0, -32.5]
				},
				"finger_right2": {
					"rotation": [0, 0, -22.5]
				},
				"claw_right2": {
					"rotation": [0, 0, -25]
				},
				"finger_right3": {
					"rotation": [-8.90928, 8.80348, -45.68718]
				},
				"claw_right3": {
					"rotation": [0, 0, -30]
				},
				"neck_fluff": {
					"rotation": [0, 0, 0]
				},
				"head": {
					"rotation": [0, 0, 0]
				},
				"leg_right": {
					"rotation": ["2-Math.cos((query.anim_time-0.3) * 90 * 4) * -3", 0, 0]
				},
				"leg_right2": {
					"rotation": [0, 0, 2.5]
				},
				"leg_right3": {
					"rotation": [-37.5, 0, 0]
				},
				"hoof_right": {
					"rotation": [22.5, 0, 0]
				},
				"leg_left": {
					"rotation": ["2-Math.cos((query.anim_time-0.3) * 90 * 4) * -3", 0, 0]
				},
				"leg_left2": {
					"rotation": [0, 0, -2.5]
				},
				"leg_left3": {
					"rotation": [-30, 0, 0]
				},
				"hoof_left": {
					"rotation": [22.5, 0, 0]
				},
				"tail7": {
					"rotation": ["0+Math.cos((query.anim_time-0.5) * 90 * 4) * 2", 0, 0]
				},
				"body2": {
					"rotation": [-15, 0, 0]
				},
				"body3": {
					"rotation": ["7.5+Math.cos((query.anim_time-0.5) * 90 * 4) * 2", 0, 0]
				},
				"wing_right_top": {
					"rotation": [-5, "17.5-Math.cos((query.anim_time) * 90 * 32) * -20", 0]
				},
				"wing_right_top2": {
					"rotation": [0, -2.5, 0]
				},
				"wing_right_top3": {
					"rotation": [0, -5, 0]
				},
				"wing_right_bottom": {
					"rotation": [-1.59176, "7.4653-Math.cos((query.anim_time) * 90 * 32) * -20", -12.96346]
				},
				"wing_right_bottom2": {
					"rotation": [0, 0, -40]
				},
				"wing_right_bottom3": {
					"rotation": [0, 0, 15]
				},
				"wing_left_top": {
					"rotation": [-6.75147, "-10.0576+Math.cos((query.anim_time) * 90 * 32) * -20", -1.19259]
				},
				"wing_left_top2": {
					"rotation": [0, 2.5, 0]
				},
				"wing_left_top3": {
					"rotation": [0, 5, 0]
				},
				"wing_left_bottom": {
					"rotation": [0, "-2.5+Math.cos((query.anim_time) * 90 * 32) * -20", 10]
				},
				"wing_left_bottom2": {
					"rotation": [0, 0, 40]
				},
				"wing_left_bottom3": {
					"rotation": [0, 0, -15]
				}
			}
		}
	}
}