{
	"format_version": "1.8.0",
	"animations": {
		"animation.fraxure_delta.pose": {
			"loop": true,
			"bones": {
				"torso": {
					"rotation": [10, 0, 0]
				},
				"chest": {
					"rotation": [12.5, 0, 0]
				},
				"back_spike": {
					"rotation": [-20, 0, 0]
				},
				"head": {
					"rotation": [0, 20, 0]
				},
				"jaw": {
					"rotation": [42.5, 0, 0]
				},
				"arm_right": {
					"rotation": [-3.22402, -22.25849, -19.72091]
				},
				"arm_right2": {
					"rotation": [0, -15, 0]
				},
				"hand_right": {
					"rotation": [0, -7.5, 0]
				},
				"finger_right1": {
					"rotation": [0, -37.5, 0]
				},
				"finger_right2": {
					"rotation": [0, 0, 15]
				},
				"finger_right3": {
					"rotation": [0, 15, 0]
				},
				"arm_left": {
					"rotation": [-1.91567, 28.12115, 19.95807]
				},
				"arm_left2": {
					"rotation": [0, 10, 2.5]
				},
				"hand_left": {
					"rotation": [0, 15, 0]
				},
				"finger_left1": {
					"rotation": [0, 40, 0]
				},
				"finger_left2": {
					"rotation": [0, 0, -25]
				},
				"finger_left3": {
					"rotation": [0, -20, 0]
				},
				"tail": {
					"rotation": [-20.08453, 7.38542, -1.30962]
				},
				"tail2": {
					"rotation": [32.5, 0, 0]
				},
				"tail3": {
					"rotation": [12.5, 0, 0]
				},
				"leg_right": {
					"rotation": [2.34601, 25.76789, 5.4691]
				},
				"foot_right": {
					"rotation": [0, 0, -5]
				},
				"neck": {
					"rotation": [-12.5, 0, 0]
				},
				"leg_left": {
					"rotation": [0, -22.5, 0]
				},
				"back_flame": {
					"rotation": [10, 0, 0]
				},
				"back_flame_left": {
					"rotation": [0, -25, 0]
				},
				"back_flame_left3": {
					"rotation": [0, -15, 0]
				},
				"back_flame_left4": {
					"rotation": [0, -10, 0]
				},
				"back_flame_right": {
					"rotation": [0, 15, 0]
				},
				"back_flame_right3": {
					"rotation": [0, 10, 0]
				},
				"back_flame_right4": {
					"rotation": [0, 15, 0]
				}
			}
		},
		"animation.fraxure_delta.blink": {
			"animation_length": 0.16667,
			"bones": {
				"eyelid_left": {
					"position": {
						"0.125": [0.1, 0, 0],
						"0.1667": [0, 0, 0]
					}
				},
				"eyelid_right": {
					"position": {
						"0.125": [-0.1, 0, 0],
						"0.1667": [0, 0, 0]
					}
				}
			}
		},
		"animation.fraxure_delta.ground_idle": {
			"loop": true,
			"bones": {
				"torso": {
					"rotation": ["5+math.sin(q.anim_time*90*2)*1", 0, 0]
				},
				"neck": {
					"rotation": ["10+math.sin(q.anim_time*90*2-90)*1", 0, 0]
				},
				"head": {
					"rotation": [-7.5, 0, 0]
				},
				"arm_right": {
					"rotation": [0, 0, -37.5]
				},
				"arm_right2": {
					"rotation": [0, "-30-math.sin(q.anim_time*90*2+90)*2", -17.5]
				},
				"arm_left": {
					"rotation": [0, 0, 37.5]
				},
				"arm_left2": {
					"rotation": [0, "30+math.sin(q.anim_time*90*2+90)*2", 17.5]
				},
				"tail": {
					"rotation": ["math.sin(q.anim_time*90*4)*1", "-math.sin(q.anim_time*90*2+90)*2", "math.sin(q.anim_time*90*2+90)*3"]
				},
				"tail2": {
					"rotation": [15, 0, "math.sin(q.anim_time*90*2+0)*6"]
				},
				"tail3": {
					"rotation": [0, 0, "0+math.sin(q.anim_time*90*2-90)*6"]
				}
			}
		},
		"animation.fraxure_delta.ground_walk": {
			"loop": true,
			"bones": {
				"body": {
					"position": [0, "math.abs(math.sin(q.anim_time*90*4-90)*0.5)", 0]
				},
				"torso": {
					"rotation": ["10-(math.sin(q.anim_time*90*8-45)*1)", "0-math.cos(q.anim_time*90*4-25)*2", "0-math.sin(q.anim_time*90*4-25)*5"]
				},
				"chest": {
					"rotation": [22.5, 0, 0]
				},
				"head": {
					"rotation": [-22.5, 0, 0]
				},
				"arm_right": {
					"rotation": [0, "0+(math.sin(q.anim_time*90*8-95)*2)", -57.5],
					"position": [-2, 0, 0]
				},
				"arm_right2": {
					"rotation": [24.8399, "-51.1172-(math.sin(q.anim_time*90*8-95)*2)", 30.062]
				},
				"arm_left": {
					"rotation": [0, "0-(math.sin(q.anim_time*90*8-95)*2)", 57.5],
					"position": [2, 0, 0]
				},
				"arm_left2": {
					"rotation": [-24.83992, "51.1172-(math.sin(q.anim_time*90*8-95)*2)", -30.062]
				},
				"tail": {
					"rotation": ["-5+math.sin(q.anim_time*90*8)*2", "0-math.sin(q.anim_time*90*4+90)*2", "0+math.sin(q.anim_time*90*4+90)*3"]
				},
				"tail2": {
					"rotation": [20, 0, "math.sin(q.anim_time*90*4+0)*12"]
				},
				"tail3": {
					"rotation": [5, 0, "math.sin(q.anim_time*90*4-90)*12"]
				},
				"leg_right": {
					"rotation": ["-math.sin(q.anim_time*90*4-155)*30", 12.5, 0],
					"position": [0, "math.clamp(math.sin(q.anim_time*90*4-45)*2,0,180)", "math.cos(q.anim_time*90*4-65)*2"]
				},
				"leg_left": {
					"rotation": ["math.sin(q.anim_time*90*4-155)*30", -12.5, 0],
					"position": [0, "math.clamp(-math.sin(q.anim_time*90*4-45)*2,0,180)", "-math.cos(q.anim_time*90*4-65)*2"]
				}
			}
		}
	}
}