{
	"format_version": "1.8.0",
	"animations": {
		"animation.garchomp.ground_idle": {
			"loop": true,
			"bones": {
				"torso": {
					"rotation": [10, "math.sin(q.anim_time*90*1)*1", "-math.sin(q.anim_time*90*1)*2"]
				},
				"chest": {
					"rotation": ["10+math.sin(q.anim_time*90*1-45)*2", 0, 0]
				},
				"head": {
					"rotation": ["-25-math.sin(q.anim_time*90*2-45)*4", "-math.sin(q.anim_time*90*1-45)*2", 0]
				},
				"arm_left": {
					"rotation": [12.99362, "32.2401-math.sin(q.anim_time*90*2-45)*4", 21.30049]
				},
				"arm_left2": {
					"rotation": [18.71569, "11.4859+math.sin(q.anim_time*90*2)*4", 12.20301]
				},
				"arm_left3": {
					"rotation": [2.40887, "32.9977+math.sin(q.anim_time*90*2)*2", "-42.9278+math.sin(q.anim_time*90*2)*4"]
				},
				"arm_right": {
					"rotation": [11.91739, "-15.4426+math.sin(q.anim_time*90*2-45)*4", -27.35366]
				},
				"arm_right2": {
					"rotation": [8.94606, "-27.6352-math.sin(q.anim_time*90*2)*4", 1.95053]
				},
				"arm_right3": {
					"rotation": [13.73169, "-34.2435-math.sin(q.anim_time*90*2)*4", 21.20861]
				},
				"tail2": {
					"rotation": [10, "math.sin(q.anim_time*90*1-45)*8", 0]
				},
				"tail3": {
					"rotation": [22.5, "math.sin(q.anim_time*90*1-90)*8", 0]
				},
				"tail4": {
					"rotation": [17.5, "math.sin(q.anim_time*90*1-135)*8", 0]
				},
				"body": {
					"rotation": ["17.5+math.sin(q.anim_time*90*2)*2", 0, 0],
					"position": [0, "-1.75-math.sin(q.anim_time*90*2)*0.7", "0-math.sin(q.anim_time*90*2)*0.25"]
				},
				"neck": {
					"rotation": [7.5, 0, 0]
				},
				"jaw": {
					"rotation": ["10-math.sin(q.anim_time*90*1-45)*4", 0, 0]
				},
				"tail": {
					"rotation": ["-17.5+math.sin(q.anim_time*90*2-45)*2", 0, 0]
				},
				"leg_left2": {
					"rotation": ["23.5+math.sin(q.anim_time*90*2)*6", 0, 0]
				},
				"foot_left": {
					"rotation": ["15-math.sin(q.anim_time*90*2)*2", 0, 0]
				},
				"foot_left2": {
					"rotation": [-25, 0, 0]
				},
				"leg_right2": {
					"rotation": ["23.5+math.sin(q.anim_time*90*2)*6", 0, 0]
				},
				"foot_right": {
					"rotation": ["15-math.sin(q.anim_time*90*2)*2", 0, 0]
				},
				"foot_right2": {
					"rotation": [-25, 0, 0]
				},
				"hand_left": {
					"rotation": [0, 0, "40+math.sin(q.anim_time*90*2)*4"]
				},
				"hand_right": {
					"rotation": [0, 0, "-40-math.sin(q.anim_time*90*2)*4"]
				},
				"leg_left1": {
					"rotation": ["-30-math.sin(q.anim_time*90*2)*6", 0, "5+math.sin(q.anim_time*90*2)*1"]
				},
				"leg_right1": {
					"rotation": ["-30-math.sin(q.anim_time*90*2)*6", 0, "-5-math.sin(q.anim_time*90*2)*1"]
				}
			}
		},
		"animation.garchomp.ground_run": {
			"loop": true,
			"bones": {
				"garchomp": {
					"position": [0, "math.abs(math.sin(q.anim_time*90*8-45)*2)", 0]
				},
				"torso": {
					"rotation": ["35+math.sin(q.anim_time*90*16-45)*2", 0, 0]
				},
				"head": {
					"rotation": ["-35-math.sin(q.anim_time*90*16-45)*2", 0, 0]
				},
				"arm_left": {
					"rotation": [0, -15, 0]
				},
				"arm_left2": {
					"rotation": [0, 0, -40]
				},
				"arm_left3": {
					"rotation": [0, -30, 10]
				},
				"arm_right": {
					"rotation": [0, 15, 0]
				},
				"arm_right2": {
					"rotation": [0, 0, 40]
				},
				"arm_right3": {
					"rotation": [0, 30, -10]
				},
				"leg_left2": {
					"rotation": ["-math.sin(q.anim_time*90*8-135)*48", 0, 0]
				},
				"leg_right2": {
					"rotation": ["math.sin(q.anim_time*90*8-135)*48", 0, 0]
				},
				"foot_left": {
					"rotation": ["math.sin(q.anim_time*90*8+60)*12", 0, 0]
				},
				"foot_right": {
					"rotation": ["-math.sin(q.anim_time*90*8+60)*12", 0, 0]
				},
				"leg_left0": {
					"rotation": ["25-math.sin(q.anim_time*90*8-45)*64", 0, 0]
				},
				"leg_right0": {
					"rotation": ["25+math.sin(q.anim_time*90*8-45)*64", 0, 0]
				}
			}
		},
		"animation.garchomp.air_idle": {
			"loop": true,
			"bones": {
				"body": {
					"rotation": [92.5, 0, 0],
					"position": [0, "-5+0.2*math.sin(q.anim_time*90*2+90)", 0]
				},
				"chest": {
					"rotation": [-5, 0, 0]
				},
				"neck2": {
					"rotation": [-17.5, 0, 0]
				},
				"head": {
					"rotation": [-57.5, 0, 0]
				},
				"jaw": {
					"rotation": [5, 0, 0]
				},
				"arm_left": {
					"rotation": [0, 12.5, -20]
				},
				"arm_left3": {
					"rotation": ["-22.5+1*math.sin(q.anim_time*90*3+90)", 0, -52.5]
				},
				"hand_left": {
					"rotation": [0, 0, 40]
				},
				"arm_right": {
					"rotation": [0, -12.5, 20]
				},
				"arm_right3": {
					"rotation": ["-22.5+1*math.sin(q.anim_time*90*2+90)", 0, 52.5]
				},
				"hand_right": {
					"rotation": [0, 0, -40]
				},
				"tail": {
					"rotation": [-20, 0, 0]
				},
				"leg_left1": {
					"rotation": ["0.4*math.sin(q.anim_time*90*3+90)", 0, "0.4*math.sin(q.anim_time*90*3+90)"]
				},
				"foot_left": {
					"rotation": [10, 0, 0]
				},
				"foot_left2": {
					"rotation": ["10+1*math.sin(q.anim_time*90*4+90)", 0, 0]
				},
				"leg_right1": {
					"rotation": ["0+0.4*math.sin(q.anim_time*90*3+90)", 0, "0+0.4*math.sin(q.anim_time*90*3+90)"]
				},
				"foot_right": {
					"rotation": [10, 0, 0]
				},
				"foot_right2": {
					"rotation": ["10+1*math.sin(q.anim_time*90*4+90)", 0, 0]
				},
				"fin": {
					"rotation": [0, "0+0.5*math.sin(q.anim_time*90*4+90)", 0]
				},
				"tail2": {
					"rotation": [-7.5, "1+1.5*math.sin(q.anim_time*90*2.5+90)", 0]
				},
				"tail3": {
					"rotation": [-12.5, "0-1*math.sin(q.anim_time*90*2+90)", 0]
				},
				"leg_right2": {
					"rotation": ["0-1*math.sin(q.anim_time*90*2+90)", 0, 0]
				},
				"arm_left2": {
					"rotation": [0, 0, "0-0.8*math.sin(q.anim_time*90*2+90)"]
				},
				"arm_right2": {
					"rotation": [0, 0, "0-0.8*math.sin(q.anim_time*90*2+90)"]
				},
				"leg_left0": {
					"rotation": [0, -25, 0]
				},
				"leg_right0": {
					"rotation": [0, 25, 0]
				}
			}
		},
		"animation.garchomp.battle_idle": {
			"loop": true,
			"bones": {
				"torso": {
					"rotation": [20, "math.sin(q.anim_time*90*2)*1", "-math.sin(q.anim_time*90*2)*2"]
				},
				"chest": {
					"rotation": ["10+math.sin(q.anim_time*90*4-45)*2", 0, 0]
				},
				"head": {
					"rotation": ["-45-math.sin(q.anim_time*90*4-45)*4", "-math.sin(q.anim_time*90*2-45)*2", 0]
				},
				"arm_left": {
					"rotation": [-10.82077, "33.6082-math.sin(q.anim_time*90*4-45)*4", 6.57164]
				},
				"arm_left2": {
					"rotation": [0, "17.5+math.sin(q.anim_time*90*4)*4", 0]
				},
				"arm_left3": {
					"rotation": [9.38803, "18.7864+math.sin(q.anim_time*90*4)*2", "-34.2092+math.sin(q.anim_time*90*4)*2"]
				},
				"arm_right": {
					"rotation": [-7.06071, "-15.3325+math.sin(q.anim_time*90*4-45)*4", -30.08578]
				},
				"arm_right2": {
					"rotation": [0, "-17.5-math.sin(q.anim_time*90*4)*4", 0]
				},
				"arm_right3": {
					"rotation": [-340.20717, "-34.1698-math.sin(q.anim_time*90*4)*2", "-330.719-math.sin(q.anim_time*90*4)*2"]
				},
				"tail2": {
					"rotation": [10, "math.sin(q.anim_time*90*2-45)*8", 0]
				},
				"tail3": {
					"rotation": [22.5, "math.sin(q.anim_time*90*2-90)*8", 0]
				},
				"tail4": {
					"rotation": [17.5, "math.sin(q.anim_time*90*2-135)*8", 0]
				},
				"body": {
					"rotation": ["17.5+math.sin(q.anim_time*90*4)*2", 0, 0],
					"position": [0, "-2.1-math.sin(q.anim_time*90*4)*1", "0-math.sin(q.anim_time*90*4)*0.25"]
				},
				"neck": {
					"rotation": [17.5, 0, 0]
				},
				"jaw": {
					"rotation": ["15-math.sin(q.anim_time*90*2-45)*6", 0, 0]
				},
				"tail": {
					"rotation": ["-17.5+math.sin(q.anim_time*90*4-45)*2", 0, 0]
				},
				"leg_left0": {
					"rotation": ["7.5-math.sin(q.anim_time*90*4)*6", 0, "0-math.sin(q.anim_time*90*4)*1.5"]
				},
				"leg_left2": {
					"rotation": ["5.5+math.sin(q.anim_time*90*4)*8", "-math.sin(q.anim_time*90*4)*2", 5]
				},
				"foot_left": {
					"rotation": ["-10-math.sin(q.anim_time*90*4)*4", 0, 0]
				},
				"foot_left2": {
					"rotation": [-17.5, 0, 0]
				},
				"leg_right0": {
					"rotation": ["-35-math.sin(q.anim_time*90*4)*6", 0, "2.5+math.sin(q.anim_time*90*4)*2"],
					"position": [0, "math.sin(q.anim_time*90*4)*0.2", 0]
				},
				"leg_right2": {
					"rotation": ["20+math.sin(q.anim_time*90*4)*6", "5+math.sin(q.anim_time*90*4)*0.5", "5+math.sin(q.anim_time*90*4)*1"]
				},
				"foot_right": {
					"rotation": ["5-math.sin(q.anim_time*90*4)*2", 0, 0]
				},
				"foot_right2": {
					"rotation": [-5, 0, 0]
				},
				"hand_left": {
					"rotation": [0, 0, "40+math.sin(q.anim_time*90*4)*6"]
				},
				"hand_right": {
					"rotation": [0, 0, "-40-math.sin(q.anim_time*90*4)*6"]
				}
			}
		},
		"animation.garchomp.blink": {
			"animation_length": 0.1667,
			"bones": {
				"eyelid_left": {
					"position": {
						"0.0": [0, 0, -0.1],
						"0.125": [0, 0, -0.1],
						"0.1667": [0, 0, 0]
					}
				},
				"eyelid_right": {
					"position": {
						"0.0": [0, 0, -0.1],
						"0.125": [0, 0, -0.1],
						"0.1667": [0, 0, 0]
					}
				}
			}
		},
		"animation.garchomp.cry": {
			"animation_length": 1.5,
			"bones": {
				"neck": {
					"rotation": {
						"0.0": [0, 0, 0],
						"0.25": [10, 0, 0],
						"1.25": [10, 0, 0],
						"1.5": [0, 0, 0]
					}
				},
				"head": {
					"rotation": {
						"0.0": [0, 0, 0],
						"0.25": [-15, 0, 0],
						"1.25": [-15, 0, 0],
						"1.5": [0, 0, 0]
					}
				},
				"jaw": {
					"rotation": {
						"0.0": [0, 0, 0],
						"0.25": [25, 0, 0],
						"1.25": [25, 0, 0],
						"1.5": [0, 0, 0]
					}
				}
			}
		}
	}
}