{
	"format_version": "1.8.0",
	"animations": {
		"animation.gastrodon_delta.ground_idle": {
			"loop": true,
			"bones": {
				"bottom": {
					"rotation": [0, 0, 0],
					"position": [0, 0, 0]
				},
				"head": {
					"rotation": [-5, 0, 0]
				},
				"body": {
					"position": [0, 0, 0]
				},
				"torso_2": {
					"rotation": ["-2+math.sin(q.anim_time*30*2)*-1.1", 0, 0],
					"position": [0, 0.25, 0],
					"scale": 1
				},
				"leg_right1": {
					"rotation": [0, "35+math.sin(q.anim_time*30*6)", 6],
					"position": [0, 0, 1.5]
				},
				"neck": {
					"rotation": ["4.6+math.sin(q.anim_time*30*2)*-0.9", "0+math.sin(q.anim_time*30*1)*-1.1", "0+math.sin(q.anim_time*30*1)*-1.1"],
					"position": [0, 0, 0.75]
				},
				"neck_2": {
					"rotation": ["10+math.sin(q.anim_time*30*2)*-0.9", "0+math.sin(q.anim_time*30*1)*-1.1", "0+math.sin(q.anim_time*30*1)*-1.1"],
					"position": [0, -0.4, 0]
				},
				"neck_3": {
					"rotation": ["-5+math.sin(q.anim_time*30*2)*-0.9", "math.sin(q.anim_time*30*1)*-1.1", "math.sin(q.anim_time*30*1)*-1.1"],
					"position": [0, 0, 0]
				},
				"tail": {
					"position": [0, 0, 0]
				},
				"horn_right": {
					"rotation": [0, -5, -35],
					"position": [-1.5, 0, 0]
				},
				"horn_right2": {
					"rotation": [0, -5, -35],
					"position": [-1.5, -1.15, 0]
				},
				"horn_left": {
					"rotation": [0, 5, 35],
					"position": [1.5, 0, 0]
				},
				"horn_left2": {
					"rotation": [0, 5, 35],
					"position": [1.5, -1.15, 0]
				},
				"horn_right3": {
					"rotation": [0, 0, -15]
				},
				"horn_left3": {
					"rotation": [0, 0, 15]
				},
				"spike_1": {
					"rotation": [0, 0, 15]
				},
				"spikes_2": {
					"rotation": [0, 0, -15]
				},
				"spike_3": {
					"rotation": [0, 0, -15],
					"position": [0.2, 0, 0]
				},
				"spike_4": {
					"rotation": [0, 0, 15],
					"position": [-0.19, 0, 0]
				},
				"horn_bottom_right": {
					"rotation": [0, 5, 10],
					"position": [0, 0.25, 0]
				},
				"horn_bottom_left": {
					"rotation": [0, -5, -10],
					"position": [0, 0.25, 0]
				},
				"tail_1": {
					"rotation": [-5, "0+math.sin(q.anim_time*30*2)*8", 0]
				},
				"tail_2": {
					"rotation": [-5, "0+math.sin(q.anim_time*30*2)*8", 0]
				},
				"tail_3": {
					"rotation": [10, "0+math.sin(q.anim_time*30*2)*8", 0]
				},
				"tail_end": {
					"rotation": [0, 0, 0]
				},
				"leg_right2": {
					"rotation": [0, "10-math.sin(q.anim_time*30*6)", 6],
					"position": [0, 0, 0.5]
				},
				"leg_right3": {
					"rotation": [0, "-10-math.sin(q.anim_time*30*12)", 6],
					"position": [0, 0, -0.5]
				},
				"leg_right4": {
					"rotation": [0, "-35+math.sin(q.anim_time*30*6)", 6],
					"position": [0, 0, -1.5]
				},
				"horn_middle": {
					"rotation": [-5, 0, 0]
				},
				"spikes": {
					"position": [0, 0, 0]
				},
				"leg_left4": {
					"rotation": [0, "35+math.sin(q.anim_time*30*6)", -6],
					"position": [0, 0, -1.5]
				},
				"leg_left1": {
					"rotation": [0, "-35+math.sin(q.anim_time*30*6)", -6],
					"position": [0, 0, 1.5]
				},
				"leg_left2": {
					"rotation": [0, "-10-math.sin(q.anim_time*30*6)", -6],
					"position": [0, 0, 0.5]
				},
				"leg_left3": {
					"rotation": [0, "10-math.sin(q.anim_time*30*12)", -6],
					"position": [0, 0, -0.5]
				},
				"leg_right_back1": {
					"rotation": [0, "30+math.sin(q.anim_time*30*6)", 8],
					"position": [0, 0, 1]
				},
				"leg_right_back2": {
					"rotation": [0, "0+math.sin(q.anim_time*30*12)", 8]
				},
				"leg_right_back3": {
					"rotation": [0, "-30-math.sin(q.anim_time*30*6)", 8],
					"position": [0, 0, -1]
				},
				"leg_left_back3": {
					"rotation": [0, "30-math.sin(q.anim_time*30*6)", -8],
					"position": [0, 0, -1]
				},
				"leg_left_back1": {
					"rotation": [0, "-30+math.sin(q.anim_time*30*6)", -8],
					"position": [0, 0, 1]
				},
				"leg_left_back2": {
					"rotation": [0, "0+math.sin(q.anim_time*30*12)", -8]
				},
				"beard": {
					"rotation": [-5, 0, 0]
				},
				"torso": {
					"position": [0, 0, 0]
				}
			}
		},
		"animation.gastrodon_delta.blink": {
			"animation_length": 0.16667
		},
		"animation.gastrodon_delta.ground_walk": {
			"loop": true,
			"bones": {
				"bottom": {
					"rotation": ["0-math.clamp(math.sin(q.anim_time*90*2)*0.25,0,2)-math.clamp(math.sin(q.anim_time*90*2)*0.25,-2,0)", 0, 0],
					"position": [
						0,
						0,
						"0.5*(-math.clamp(math.sin(q.anim_time*90*2*1+30)*1,1,1)-math.clamp(math.sin(q.anim_time*90*2*1+30)*1,1,1)+math.clamp(math.sin(q.anim_time*90*2*1-90+120)*1,-0.25,1))"
					]
				},
				"head": {
					"rotation": [-5, 0, 0]
				},
				"body": {
					"position": [0, 0, 0]
				},
				"torso_2": {
					"rotation": ["-2+math.sin(q.anim_time*30*2)*-1.1", 0, 0],
					"position": [0, 0.25, 0],
					"scale": 1
				},
				"leg_right1": {
					"rotation": [0, "35+math.sin(q.anim_time*30*6)", 6],
					"position": [0, 0, 1.5]
				},
				"neck": {
					"rotation": ["4.6+math.sin(q.anim_time*30*2)*-0.9", "0+math.sin(q.anim_time*30*1)*-1.1", "0+math.sin(q.anim_time*30*1)*-1.1"],
					"position": [0, 0, 0.75]
				},
				"neck_2": {
					"rotation": ["10+math.sin(q.anim_time*30*2)*-0.9", "0+math.sin(q.anim_time*30*1)*-1.1", "0+math.sin(q.anim_time*30*1)*-1.1"],
					"position": [0, -0.4, 0]
				},
				"neck_3": {
					"rotation": ["-5+math.sin(q.anim_time*30*2)*-0.9", "math.sin(q.anim_time*30*1)*-1.1", "math.sin(q.anim_time*30*1)*-1.1"],
					"position": [0, 0, 0]
				},
				"tail": {
					"position": [0, 0, 0]
				},
				"horn_right": {
					"rotation": [0, -5, -35],
					"position": [-1.5, 0, 0]
				},
				"horn_right2": {
					"rotation": [0, -5, -35],
					"position": [-1.5, -1.15, 0]
				},
				"horn_left": {
					"rotation": [0, 5, 35],
					"position": [1.5, 0, 0]
				},
				"horn_left2": {
					"rotation": [0, 5, 35],
					"position": [1.5, -1.15, 0]
				},
				"horn_right3": {
					"rotation": [0, 0, -15]
				},
				"horn_left3": {
					"rotation": [0, 0, 15]
				},
				"spike_1": {
					"rotation": [0, 0, 15]
				},
				"spikes_2": {
					"rotation": [0, 0, -15]
				},
				"spike_3": {
					"rotation": [0, 0, -15],
					"position": [0.2, 0, 0]
				},
				"spike_4": {
					"rotation": [0, 0, 15],
					"position": [-0.19, 0, 0]
				},
				"horn_bottom_right": {
					"rotation": [0, 5, 10],
					"position": [0, 0.25, 0]
				},
				"horn_bottom_left": {
					"rotation": [0, -5, -10],
					"position": [0, 0.25, 0]
				},
				"tail_1": {
					"rotation": [-5, "0+math.sin(q.anim_time*30*2)*8", 0]
				},
				"tail_2": {
					"rotation": [-5, "0+math.sin(q.anim_time*30*2)*8", 0]
				},
				"tail_3": {
					"rotation": [10, "0+math.sin(q.anim_time*30*2)*8", 0]
				},
				"tail_end": {
					"rotation": [0, 0, 0]
				},
				"leg_right2": {
					"rotation": [0, "10-math.sin(q.anim_time*30*6)", 6],
					"position": [0, 0, 0.5]
				},
				"leg_right3": {
					"rotation": [0, "-10-math.sin(q.anim_time*30*12)", 6],
					"position": [0, 0, -0.5]
				},
				"leg_right4": {
					"rotation": [0, "-35+math.sin(q.anim_time*30*6)", 6],
					"position": [0, 0, -1.5]
				},
				"horn_middle": {
					"rotation": [-5, 0, 0]
				},
				"spikes": {
					"position": [0, 0, 0]
				},
				"leg_left4": {
					"rotation": [0, "35+math.sin(q.anim_time*30*6)", -6],
					"position": [0, 0, -1.5]
				},
				"leg_left1": {
					"rotation": [0, "-35+math.sin(q.anim_time*30*6)", -6],
					"position": [0, 0, 1.5]
				},
				"leg_left2": {
					"rotation": [0, "-10-math.sin(q.anim_time*30*6)", -6],
					"position": [0, 0, 0.5]
				},
				"leg_left3": {
					"rotation": [0, "10-math.sin(q.anim_time*30*12)", -6],
					"position": [0, 0, -0.5]
				},
				"leg_right_back1": {
					"rotation": [0, "30+math.sin(q.anim_time*30*6)", 8],
					"position": [0, 0, 1]
				},
				"leg_right_back2": {
					"rotation": [0, "0+math.sin(q.anim_time*30*12)", 8]
				},
				"leg_right_back3": {
					"rotation": [0, "-30-math.sin(q.anim_time*30*6)", 8],
					"position": [0, 0, -1]
				},
				"leg_left_back3": {
					"rotation": [0, "30-math.sin(q.anim_time*30*6)", -8],
					"position": [0, 0, -1]
				},
				"leg_left_back1": {
					"rotation": [0, "-30+math.sin(q.anim_time*30*6)", -8],
					"position": [0, 0, 1]
				},
				"leg_left_back2": {
					"rotation": [0, "0+math.sin(q.anim_time*30*12)", -8]
				},
				"beard": {
					"rotation": [-5, 0, 0]
				},
				"torso": {
					"position": [0, 0, 0]
				}
			}
		}
	}
}