{
	"format_version": "1.8.0",
	"animations": {
		"animation.haxorus_delta.pose": {
			"loop": true,
			"bones": {
				"arm_left": {
					"rotation": [-7.37242, -3.04437, 42.28174]
				},
				"arm_left_elbow": {
					"rotation": [0, 27.5, 0]
				},
				"hand_left": {
					"rotation": [92.71082, 7.22631, 25.23849]
				},
				"finger_left1": {
					"rotation": [0, 0, -40]
				},
				"finger_left2": {
					"rotation": [0, -10, 0]
				},
				"finger_left3": {
					"rotation": [0, 10, 0]
				},
				"leg_left": {
					"rotation": [-15.34721, -12.06754, 3.28396]
				},
				"leg_left2": {
					"rotation": [26.80675, -3.247, 0.42089]
				},
				"foot_left": {
					"rotation": [-15, 0, 0]
				},
				"toe_left3": {
					"rotation": [-2.5, 0, 0]
				},
				"arm_left2": {
					"rotation": [13.46783, 32.61461, 23.9568]
				},
				"toe_left1": {
					"rotation": [2.5, 0, 0]
				},
				"claw_left_foot1": {
					"rotation": [2.5, 0, 0]
				},
				"toe_left2": {
					"rotation": [0, 0, 0]
				},
				"claw_left_foot2": {
					"rotation": [2.5, 0, 0]
				},
				"claw_left_foot3": {
					"rotation": [7.5, 0, 0]
				},
				"leg_right": {
					"rotation": [-25.1732, 10.05933, 3.56865]
				},
				"leg_right2": {
					"rotation": [30.02363, -2.16489, -1.2506]
				},
				"foot_right": {
					"rotation": [-7.5175, -4.631, 3.13198]
				},
				"toe_right1": {
					"rotation": [5, 0, 0]
				},
				"claw_right_foot1": {
					"rotation": [25, 0, 0]
				},
				"toe_right2": {
					"rotation": [7.5, 0, 0]
				},
				"claw_right_foot2": {
					"rotation": [22.5, 0, 0]
				},
				"toe_right3": {
					"rotation": [10, 0, 0]
				},
				"claw_right_foot3": {
					"rotation": [17.5, 0, 0]
				},
				"arm_right": {
					"rotation": [-4.72458, -12.49526, -39.41627]
				},
				"arm_right_elbow": {
					"rotation": [0, -12.5, 0]
				},
				"arm_right2": {
					"rotation": [-3.97908, -18.52955, -13.05974]
				},
				"hand_right": {
					"rotation": [67.6912, -10.18865, -0.97178]
				},
				"finger_right1": {
					"rotation": [0, 0, -5]
				},
				"finger_right2": {
					"rotation": [0, -10, 0]
				},
				"finger_right3": {
					"rotation": [0, -22.5, 0]
				},
				"neck": {
					"rotation": [25, 0, 0]
				},
				"head": {
					"rotation": [-2.5, 0, 0]
				},
				"jaw": {
					"rotation": [52.5, 0, 0]
				},
				"neck2": {
					"rotation": [17.5, 0, 0]
				},
				"neck3": {
					"rotation": [22.5, 0, 0]
				},
				"neck4": {
					"rotation": [17.5, 0, 0]
				},
				"torso": {
					"rotation": [7.5, 0, 0]
				},
				"chest": {
					"rotation": [-12.5, 0, 0]
				},
				"leg_flame_left2": {
					"rotation": [17.10967, 3.73171, -19.43845]
				},
				"leg_flame_right2": {
					"rotation": [-6.80423, 3.1622, 24.81197]
				},
				"arm_flame_left": {
					"rotation": [17.5, 12.5, 0]
				},
				"arm_flame_right": {
					"rotation": [30, -12.5, 0]
				}
			}
		},
		"animation.haxorus_delta.blink": {
			"animation_length": 0.16667,
			"bones": {
				"eyelid_left": {
					"position": {
						"0.125": [0.1, 0, 0],
						"0.1667": [0, 0, 0]
					}
				},
				"eyelid_right": {
					"position": {
						"0.125": [-0.1, 0, 0],
						"0.1667": [0, 0, 0]
					}
				}
			}
		},
		"animation.haxorus_delta.ground_idle": {
			"loop": true,
			"bones": {
				"arm_left": {
					"rotation": [-7.37242, "-3.0444-math.sin(q.anim_time*90*2-45)*4", 42.28174]
				},
				"arm_left_elbow": {
					"rotation": [0, 27.5, 0]
				},
				"hand_left": {
					"rotation": [92.71082, 7.22631, 25.23849]
				},
				"finger_left1": {
					"rotation": [0, 0, -40]
				},
				"finger_left2": {
					"rotation": [0, -10, 0]
				},
				"finger_left3": {
					"rotation": [0, 10, 0]
				},
				"leg_left": {
					"rotation": [-42.5, 0, 0]
				},
				"leg_left2": {
					"rotation": [30, 0, 0]
				},
				"toe_left3": {
					"rotation": [7.5, 0, 0]
				},
				"arm_left2": {
					"rotation": [11.37093, "5.7302+math.sin(q.anim_time*90*2)*4", 17.75209]
				},
				"toe_left1": {
					"rotation": [12.5, 0, 0]
				},
				"claw_left_foot1": {
					"rotation": [2.5, 0, 0]
				},
				"toe_left2": {
					"rotation": [15, 0, 0]
				},
				"claw_left_foot2": {
					"rotation": [2.5, 0, 0]
				},
				"claw_left_foot3": {
					"rotation": [7.5, 0, 0]
				},
				"leg_right": {
					"rotation": [-32.5, 0, 0]
				},
				"leg_right2": {
					"rotation": [22.5, 0, 0]
				},
				"foot_right": {
					"rotation": [-7.5175, -4.631, 3.13198]
				},
				"toe_right1": {
					"rotation": [5, 0, 0]
				},
				"claw_right_foot1": {
					"rotation": [25, 0, 0]
				},
				"toe_right2": {
					"rotation": [7.5, 0, 0]
				},
				"claw_right_foot2": {
					"rotation": [22.5, 0, 0]
				},
				"toe_right3": {
					"rotation": [10, 0, 0]
				},
				"claw_right_foot3": {
					"rotation": [17.5, 0, 0]
				},
				"arm_right": {
					"rotation": [-4.72458, "-12.4953+math.sin(q.anim_time*90*2-45)*4", -39.41627]
				},
				"arm_right_elbow": {
					"rotation": [0, -12.5, 0]
				},
				"arm_right2": {
					"rotation": [-3.97908, "-18.5295-math.sin(q.anim_time*90*2)*4", -13.05974]
				},
				"hand_right": {
					"rotation": [67.6912, -10.18865, -0.97178]
				},
				"finger_right1": {
					"rotation": [0, 0, -5]
				},
				"finger_right2": {
					"rotation": [0, -10, 0]
				},
				"finger_right3": {
					"rotation": [0, -22.5, 0]
				},
				"neck": {
					"rotation": [25, 0, 0]
				},
				"head": {
					"rotation": [-2.5, 0, 0]
				},
				"jaw": {
					"rotation": [52.5, 0, 0]
				},
				"neck2": {
					"rotation": [17.5, 0, 0]
				},
				"neck3": {
					"rotation": [22.5, 0, 0]
				},
				"neck4": {
					"rotation": [17.5, 0, 0]
				},
				"torso": {
					"rotation": [7.5, "math.sin(q.anim_time*90*1)*1", "-math.sin(q.anim_time*90*1)*2"]
				},
				"chest": {
					"rotation": [-12.5, 0, 0]
				},
				"leg_flame_left2": {
					"rotation": [17.10967, 3.73171, -19.43845]
				},
				"leg_flame_right2": {
					"rotation": [-6.80423, 3.1622, 24.81197]
				},
				"arm_flame_left": {
					"rotation": [17.5, 12.5, 0]
				},
				"arm_flame_right": {
					"rotation": [30, -12.5, 0]
				},
				"body": {
					"rotation": [15, 0, 0],
					"position": [0, -1.2, 0]
				},
				"tail": {
					"rotation": ["2.5+math.sin(q.anim_time*90*2-45)*2", 0, 0]
				},
				"tail2": {
					"rotation": [10, "math.sin(q.anim_time*90*1-45)*8", 0]
				},
				"tail3": {
					"rotation": [22.5, "math.sin(q.anim_time*90*1-90)*8", 0]
				},
				"tail4": {
					"rotation": [17.5, "math.sin(q.anim_time*90*1-135)*8", 0]
				}
			}
		},
		"animation.haxorus_delta.ground_walk": {
			"loop": true,
			"bones": {
				"arm_left": {
					"rotation": [-7.9655, "-0.3484+math.sin(q.anim_time*90*4-155)*30", 62.10982],
					"position": [2, 0, 0]
				},
				"arm_left_elbow": {
					"rotation": [0, 27.5, 0]
				},
				"hand_left": {
					"rotation": [92.71082, 7.22631, 25.23849]
				},
				"finger_left1": {
					"rotation": [0, 0, -40]
				},
				"finger_left2": {
					"rotation": [0, -10, 0]
				},
				"finger_left3": {
					"rotation": [0, 10, 0]
				},
				"leg_left": {
					"rotation": ["math.sin(q.anim_time*90*4-155)*30", -12.5, 0],
					"position": [0, "math.clamp(-math.sin(q.anim_time*90*4-45)*2,0,180)", "-math.cos(q.anim_time*90*4-65)*2"]
				},
				"leg_left2": {
					"rotation": [26.80675, -3.247, 0.42089]
				},
				"foot_left": {
					"rotation": [-15, 0, 0]
				},
				"toe_left3": {
					"rotation": [-2.5, 0, 0]
				},
				"arm_left2": {
					"rotation": [-17.09283, "28.1406-(math.sin(q.anim_time*90*8-95)*2)", 4.91016]
				},
				"toe_left1": {
					"rotation": [2.5, 0, 0]
				},
				"claw_left_foot1": {
					"rotation": [2.5, 0, 0]
				},
				"toe_left2": {
					"rotation": [0, 0, 0]
				},
				"claw_left_foot2": {
					"rotation": [2.5, 0, 0]
				},
				"claw_left_foot3": {
					"rotation": [7.5, 0, 0]
				},
				"leg_right": {
					"rotation": ["-math.sin(q.anim_time*90*4-155)*30", 12.5, 0],
					"position": [0, "math.clamp(math.sin(q.anim_time*90*4-45)*2,0,180)", "math.cos(q.anim_time*90*4-65)*2"]
				},
				"leg_right2": {
					"rotation": [30.02363, -2.16489, -1.2506]
				},
				"foot_right": {
					"rotation": [-7.5175, -4.631, 3.13198]
				},
				"toe_right1": {
					"rotation": [5, 0, 0]
				},
				"claw_right_foot1": {
					"rotation": [25, 0, 0]
				},
				"toe_right2": {
					"rotation": [7.5, 0, 0]
				},
				"claw_right_foot2": {
					"rotation": [22.5, 0, 0]
				},
				"toe_right3": {
					"rotation": [10, 0, 0]
				},
				"claw_right_foot3": {
					"rotation": [17.5, 0, 0]
				},
				"arm_right": {
					"rotation": [1.09256, "-13.3014+math.sin(q.anim_time*90*4-155)*30", -65.06119],
					"position": [-2, 0, 0]
				},
				"arm_right_elbow": {
					"rotation": [0, -12.5, 0]
				},
				"arm_right2": {
					"rotation": [-20, "-40+(math.sin(q.anim_time*90*8-95)*2)", 0]
				},
				"hand_right": {
					"rotation": [67.6912, -10.18865, -0.97178]
				},
				"finger_right1": {
					"rotation": [0, 0, -5]
				},
				"finger_right2": {
					"rotation": [0, -10, 0]
				},
				"finger_right3": {
					"rotation": [0, -22.5, 0]
				},
				"neck": {
					"rotation": [25, "-math.sin(q.anim_time*90*4)*3", 0]
				},
				"head": {
					"rotation": [-2.5, 0, 0]
				},
				"jaw": {
					"rotation": [52.5, 0, 0]
				},
				"neck2": {
					"rotation": [17.5, 0, 0]
				},
				"neck3": {
					"rotation": [22.5, 0, 0]
				},
				"neck4": {
					"rotation": [17.5, 0, 0]
				},
				"torso": {
					"rotation": ["25-(math.sin(q.anim_time*90*8-45)*1)", "0-math.cos(q.anim_time*90*4-25)*2", "0-math.sin(q.anim_time*90*4-25)*5"],
					"position": [0, 1, 0]
				},
				"chest": {
					"rotation": [-12.5, 0, 0]
				},
				"leg_flame_left2": {
					"rotation": [17.10967, 3.73171, -19.43845]
				},
				"leg_flame_right2": {
					"rotation": [-6.80423, 3.1622, 24.81197]
				},
				"arm_flame_left": {
					"rotation": [17.5, 12.5, 0]
				},
				"arm_flame_right": {
					"rotation": [30, -12.5, 0]
				},
				"body": {
					"position": [0, "math.abs(math.sin(q.anim_time*90*4-90)*0.5)", 0]
				},
				"tail": {
					"rotation": ["-10+math.sin(q.anim_time*90*8)*2", "0-math.sin(q.anim_time*90*4+90)*2", "0+math.sin(q.anim_time*90*4+90)*3"]
				},
				"tail2": {
					"rotation": [20, 0, "math.sin(q.anim_time*90*4+0)*12"]
				},
				"tail3": {
					"rotation": [17.5, 0, "math.sin(q.anim_time*90*4+0)*12"]
				},
				"tail4": {
					"rotation": [27.5, 0, "math.sin(q.anim_time*90*4-90)*15"]
				}
			}
		}
	}
}