{
	"format_version": "1.8.0",
	"animations": {
		"animation.maestrot.ground_idle": {
			"loop": true,
			"bones": {
				"wing_left": {
					"rotation": [91.85297, 33.16421, "78.3498+Math.cos((query.anim_time) * 90 * 2 - 120) * -2"]
				},
				"wing_left1": {
					"rotation": [0, 0, 50]
				},
				"wing_left2": {
					"rotation": [0, 0, 62.5]
				},
				"finger_left1": {
					"rotation": [0, 0, 30]
				},
				"finger_left3": {
					"rotation": [0, 0, -27.5]
				},
				"leg_left": {
					"rotation": ["0+Math.cos((query.anim_time) * 90 * 2) * 6", -20, 0],
					"position": ["0+Math.cos((query.anim_time) * 90 * 2) * 0.1", 0, 0]
				},
				"wing_right": {
					"rotation": [-16.45377, 3.94365, "-7.3185+Math.cos((query.anim_time) * 90 * 2 - 120) * 2"]
				},
				"wing_right1": {
					"rotation": [0, -100, 0]
				},
				"wing_right2": {
					"rotation": [0, -57.5, 0]
				},
				"finger_right1": {
					"rotation": [0, -92.5, 0]
				},
				"finger_right2": {
					"rotation": [0, -105, 0]
				},
				"finger_right3": {
					"rotation": [0, -120, 0]
				},
				"leg_right": {
					"rotation": ["0+Math.cos((query.anim_time) * 90 * 2) * 6", 35, 0],
					"position": ["0+Math.cos((query.anim_time) * 90 * 2) * -0.1", 0, 1]
				},
				"body": {
					"position": [0, "0+Math.cos((query.anim_time) * 90 * 2) * -0.065", "0+Math.cos((query.anim_time) * 90 * 2) * -0.3"]
				},
				"torso_lower": {
					"rotation": ["0+Math.cos((query.anim_time) * 90 * 2 - 90) * 1", 15, 0],
					"position": [0, "0+Math.cos((query.anim_time) * 90 * 2 - 20) * 0.3", 0]
				},
				"torso_upper": {
					"rotation": ["0+Math.cos((query.anim_time) * 90 * 2 - 140) * 1", 0, 0]
				},
				"head": {
					"rotation": ["0+Math.cos((query.anim_time) * 90 * 2 - 120) * -2", -15, 0]
				},
				"head_feather": {
					"rotation": ["0+Math.cos((query.anim_time) * 90 * 2 - 120) * 5", 0, 0]
				},
				"tail": {
					"rotation": ["0+Math.cos((query.anim_time) * 90 * 2 - 160) * 4", 0, 0]
				},
				"tail2": {
					"rotation": ["-5+Math.cos((query.anim_time) * 90 * 2 - 250) * 8", 0, 0]
				},
				"leg_left2": {
					"rotation": ["0+Math.cos((query.anim_time) * 90 * 2) * -6", 0, 0]
				},
				"leg_right2": {
					"rotation": ["0+Math.cos((query.anim_time) * 90 * 2) * -6", 0, 0]
				}
			}
		},
		"animation.maestrot.ground_walk": {
			"loop": true,
			"animation_length": 1.5,
			"bones": {
				"body": {
					"position": [0, 0, "0+Math.cos((query.anim_time) * 90 * 8/3 * 2 - 40) * 1"]
				},
				"torso_lower": {
					"rotation": ["0+Math.cos((query.anim_time) * 90 * 8/3 * 2 - 120) * 4", 0, "0+Math.cos((query.anim_time) * 90 * 8/3 - 140) * 6"],
					"position": [0, "0+Math.cos((query.anim_time) * 90 * 8/3 * 2 - 30) * -0.6", 0]
				},
				"torso_upper": {
					"rotation": [-7.5, 0, "0+Math.cos((query.anim_time) * 90 * 8/3 - 190) * 5"]
				},
				"head": {
					"rotation": ["-10+Math.cos((query.anim_time) * 90 * 8/3 *2 - 120) * -5", 0, "0+Math.cos((query.anim_time) * 90 * 8/3 - 120) * -5"],
					"position": [0, -0.75, -0.25]
				},
				"eyelid_left": {
					"position": [1.025, 0, -1.075]
				},
				"eyelid_right": {
					"position": [-1.025, 0, -1.075]
				},
				"head_feather": {
					"rotation": ["0+Math.cos((query.anim_time) * 90 * 8/3 *2 - 140) * -5", "0+Math.cos((query.anim_time) * 90 * 8/3 - 140) * -20", 0]
				},
				"wing_left": {
					"rotation": [91.85297, 33.16421, "78.3498+Math.cos((query.anim_time) * 90 * 8/3 * 2 - 140) * 5"]
				},
				"wing_left1": {
					"rotation": [0, 0, 60]
				},
				"wing_left2": {
					"rotation": [0, 0, 40]
				},
				"wing_right": {
					"rotation": [0, -10, -22.5]
				},
				"wing_right1": {
					"rotation": [12.5, -90, 0]
				},
				"wing_right2": {
					"rotation": [0, -85, 0]
				},
				"finger_right1": {
					"rotation": [0, -30, 0]
				},
				"finger_right2": {
					"rotation": [0, -20, 0]
				},
				"finger_right3": {
					"rotation": [0, -47.5, 0]
				},
				"tail": {
					"rotation": ["0+Math.cos((query.anim_time) * 90 * 8/3 *2 - 100) * -10", "0+Math.cos((query.anim_time) * 90 * 8/3 - 100) * -20", 0]
				},
				"tail2": {
					"rotation": ["-12.5+Math.cos((query.anim_time) * 90 * 8/3 *2 - 170) * -10", 0, 0]
				},
				"leg_left": {
					"rotation": {
						"0.0": [-52.5, 0, 0],
						"0.1667": [-5, 0, 0],
						"0.3333": [18.85, 0, 0],
						"0.7917": {
							"pre": [40, 0, 0],
							"post": [40, 0, 0],
							"lerp_mode": "catmullrom"
						},
						"0.9583": {
							"post": [12.78, 0, -25],
							"lerp_mode": "catmullrom"
						},
						"1.2083": {
							"post": [-65, 0, -17.5],
							"lerp_mode": "catmullrom"
						},
						"1.5": [-52.5, 0, 0]
					}
				},
				"leg_left2": {
					"rotation": {
						"0.0": [-20, 0, 0],
						"0.1667": [-2.5, 0, 0],
						"0.7917": {
							"pre": [-10, 0, 0],
							"post": [-10, 0, 0],
							"lerp_mode": "catmullrom"
						},
						"0.9583": {
							"post": [-70.56, 0, 0],
							"lerp_mode": "catmullrom"
						},
						"1.2083": {
							"post": [-20, 0, 0],
							"lerp_mode": "catmullrom"
						},
						"1.5": [-20, 0, 0]
					}
				},
				"foot_left": {
					"rotation": {
						"0.0": [-27.5, 0, 0],
						"0.1667": [17.5, 0, 0],
						"0.4167": {
							"pre": [-2.5, 0, 0],
							"post": [-2.5, 0, 0],
							"lerp_mode": "catmullrom"
						},
						"0.75": {
							"post": [-3.18, 0, 0],
							"lerp_mode": "catmullrom"
						},
						"0.875": {
							"post": [37.5, 0, 0],
							"lerp_mode": "catmullrom"
						},
						"1.25": [-17.5, 0, 0],
						"1.5": [-27.5, 0, 0]
					}
				},
				"toes_left_front": {
					"rotation": {
						"0.0": [-27.5, 0, 0],
						"0.2083": [-12.5, 0, 0],
						"0.6667": [-5, 0, 0],
						"0.8333": [-30, 0, 0],
						"0.9583": [42.5, 0, 0],
						"1.2917": [-20, 0, 0],
						"1.5": [-27.5, 0, 0]
					}
				},
				"leg_right": {
					"rotation": {
						"0.0": [39.9, 0, -0.94],
						"0.0417": {
							"pre": [40, 0, 0],
							"post": [40, 0, 0],
							"lerp_mode": "catmullrom"
						},
						"0.2083": {
							"post": [12.78, 0, 25],
							"lerp_mode": "catmullrom"
						},
						"0.4583": {
							"post": [-65, 0, 17.5],
							"lerp_mode": "catmullrom"
						},
						"0.75": [-52.5, 0, 0],
						"0.9167": [-5, 0, 0],
						"1.0833": [18.85, 0, 0],
						"1.5": [39.9, 0, -0.94]
					}
				},
				"leg_right2": {
					"rotation": {
						"0.0": [-7.91, 0, 0],
						"0.0417": {
							"pre": [-10, 0, 0],
							"post": [-10, 0, 0],
							"lerp_mode": "catmullrom"
						},
						"0.2083": {
							"post": [-70.56, 0, 0],
							"lerp_mode": "catmullrom"
						},
						"0.4583": {
							"post": [-20, 0, 0],
							"lerp_mode": "catmullrom"
						},
						"0.75": [-20, 0, 0],
						"0.9167": [-2.5, 0, 0],
						"1.5": [-7.91, 0, 0]
					}
				},
				"foot_right": {
					"rotation": {
						"0.0": [-3.18, 0, 0],
						"0.125": {
							"pre": [37.5, 0, 0],
							"post": [37.5, 0, 0],
							"lerp_mode": "catmullrom"
						},
						"0.5": {
							"post": [-17.5, 0, 0],
							"lerp_mode": "catmullrom"
						},
						"0.75": {
							"post": [-27.5, 0, 0],
							"lerp_mode": "catmullrom"
						},
						"0.9167": [17.5, 0, 0],
						"1.1667": {
							"pre": [-2.5, 0, 0],
							"post": [-2.5, 0, 0],
							"lerp_mode": "catmullrom"
						},
						"1.5": [-3.18, 0, 0]
					}
				},
				"toes_right_front": {
					"rotation": {
						"0.0": [-17.5, 0, 0],
						"0.0833": [-30, 0, 0],
						"0.2083": [42.5, 0, 0],
						"0.5417": [-20, 0, 0],
						"0.75": [-27.5, 0, 0],
						"0.9583": [-12.5, 0, 0],
						"1.4167": [-5, 0, 0],
						"1.5": [-17.5, 0, 0]
					}
				}
			}
		},
		"animation.maestrot.air_idle": {
			"loop": true,
			"bones": {
				"body": {
					"rotation": ["12.5+Math.cos((query.anim_time) * 90 * 2 - 90) * 4", 0, 0],
					"position": [0, "2+Math.cos((query.anim_time) * 90 * 2) * -2", 0]
				},
				"dress_front": {
					"rotation": ["22.5+Math.cos((query.anim_time) * 90 * 2 - 100) * -7", 0, 0]
				},
				"dress_front2": {
					"rotation": [-12.5, 0, 0]
				},
				"dress_back": {
					"rotation": ["15+Math.cos((query.anim_time) * 90 * 2 - 100) * -7", 0, 0]
				},
				"dress_back2": {
					"rotation": [-15, 0, 0]
				},
				"dress_left": {
					"rotation": [0, 0, "-27.5+Math.cos((query.anim_time) * 90 * 2 - 100) * 7"]
				},
				"dress_left2": {
					"rotation": [0, 0, 12.5]
				},
				"dress_right": {
					"rotation": [0, 0, "27.5+Math.cos((query.anim_time) * 90 * 2 - 100) * -7"]
				},
				"dress_right2": {
					"rotation": [0, 0, -12.5]
				},
				"torso_upper": {
					"rotation": ["15+Math.cos((query.anim_time) * 90 * 2 - 130) * 4", 0, 0]
				},
				"head": {
					"rotation": ["-12.5+Math.cos((query.anim_time) * 90 * 2 - 100) * -7", 0, 0],
					"position": [0, -0.44351, -0.23087]
				},
				"feather_left": {
					"rotation": [0, 20, 22.5]
				},
				"feather_right": {
					"rotation": [0, -20, -22.5]
				},
				"wing_left": {
					"rotation": [75, 0, "20+Math.cos((query.anim_time) * 90 * 2 + 40) * -30"]
				},
				"wing_left1": {
					"rotation": [0, "0+Math.cos((query.anim_time) * 90 * 2 - 40) * -20", 10]
				},
				"wing_left2": {
					"rotation": [0, "0+Math.cos((query.anim_time) * 90 * 2 - 100) * -20", 12.5]
				},
				"finger_left1": {
					"rotation": [0, "0+Math.cos((query.anim_time) * 90 * 2 - 160) * -20", -10]
				},
				"finger_left2": {
					"rotation": [0, "0+Math.cos((query.anim_time) * 90 * 2 - 160) * -20", 0]
				},
				"finger_left3": {
					"rotation": [0, "0+Math.cos((query.anim_time) * 90 * 2 - 160) * -20", 17.5]
				},
				"leg_left": {
					"rotation": [25, -17.5, 0]
				},
				"leg_left2": {
					"rotation": ["-110+Math.cos((query.anim_time) * 90 * 2 - 90) * 10", 0, 0]
				},
				"head_feather": {
					"rotation": ["0+Math.cos((query.anim_time) * 90 * 2 - 100) * -10", 0, 0]
				},
				"wing_right": {
					"rotation": [75, 0, "-20+Math.cos((query.anim_time) * 90 * 2 + 40) * 30"]
				},
				"wing_right1": {
					"rotation": [0, "0+Math.cos((query.anim_time) * 90 * 2 - 40) * 20", -10]
				},
				"wing_right2": {
					"rotation": [0, "0+Math.cos((query.anim_time) * 90 * 2 - 100) * 20", -12.5]
				},
				"finger_right1": {
					"rotation": [0, "0+Math.cos((query.anim_time) * 90 * 2 - 160) * 20", 10]
				},
				"finger_right2": {
					"rotation": [0, "0+Math.cos((query.anim_time) * 90 * 2 - 160) * 20", 0]
				},
				"finger_right3": {
					"rotation": [0, "0+Math.cos((query.anim_time) * 90 * 2 - 160) * 20", -17.5]
				},
				"tail": {
					"rotation": ["-7.5+Math.cos((query.anim_time) * 90 * 2 - 100) * -20", 0, 0]
				},
				"tail2": {
					"rotation": ["-10+Math.cos((query.anim_time) * 90 * 2 - 140) * -10", 0, 0]
				},
				"foot_left": {
					"rotation": [65, 0, 0]
				},
				"toe_left_back": {
					"rotation": [-22.5, 0, 0]
				},
				"toes_left_front": {
					"rotation": [32.5, 0, 0]
				},
				"leg_right": {
					"rotation": [25, 17.5, 0]
				},
				"leg_right2": {
					"rotation": ["-110+Math.cos((query.anim_time) * 90 * 2 - 90) * 10", 0, 0]
				},
				"foot_right": {
					"rotation": [65, 0, 0]
				},
				"toe_right_back": {
					"rotation": [-22.5, 0, 0]
				},
				"toes_right_front": {
					"rotation": [32.5, 0, 0]
				}
			}
		},
		"animation.maestrot.air_fly": {
			"loop": true,
			"bones": {
				"body": {
					"rotation": ["22.5+Math.cos((query.anim_time) * 90 * 4 - 90) * 4", 0, 0],
					"position": [0, "2+Math.cos((query.anim_time) * 90 * 4) * -1.8", 0]
				},
				"dress_front": {
					"rotation": ["22.5+Math.cos((query.anim_time) * 90 * 4 - 100) * -7", 0, 0]
				},
				"dress_front2": {
					"rotation": [-12.5, 0, 0]
				},
				"dress_back": {
					"rotation": ["15+Math.cos((query.anim_time) * 90 * 4 - 100) * -7", 0, 0]
				},
				"dress_back2": {
					"rotation": [-15, 0, 0]
				},
				"dress_left": {
					"rotation": [0, 0, "-27.5+Math.cos((query.anim_time) * 90 * 4 - 100) * 7"]
				},
				"dress_left2": {
					"rotation": [0, 0, 12.5]
				},
				"dress_right": {
					"rotation": [0, 0, "27.5+Math.cos((query.anim_time) * 90 * 4 - 100) * -7"]
				},
				"dress_right2": {
					"rotation": [0, 0, -12.5]
				},
				"torso_upper": {
					"rotation": ["27.5+Math.cos((query.anim_time) * 90 * 4 - 130) * 4", 0, 0]
				},
				"head": {
					"rotation": ["-32.5+Math.cos((query.anim_time) * 90 * 4 - 100) * -7", 0, 0],
					"position": [0, -1.12001, -0.96731]
				},
				"feather_left": {
					"rotation": [0, 20, 22.5]
				},
				"feather_right": {
					"rotation": [0, -20, -22.5]
				},
				"wing_left": {
					"rotation": [62.5, 32.5, "20+Math.cos((query.anim_time) * 90 * 4 + 40) * -50"]
				},
				"wing_left1": {
					"rotation": [0, "0+Math.cos((query.anim_time) * 90 * 4 - 40) * -20", 15]
				},
				"wing_left2": {
					"rotation": [0, "0+Math.cos((query.anim_time) * 90 * 4 - 100) * -20", 20]
				},
				"finger_left1": {
					"rotation": [0, 0, -10]
				},
				"finger_left2": {
					"rotation": [0, 0, 0]
				},
				"finger_left3": {
					"rotation": [0, 0, 17.5]
				},
				"leg_left": {
					"rotation": [32.5, -17.5, 0]
				},
				"leg_left2": {
					"rotation": ["-102.5+Math.cos((query.anim_time) * 90 * 4 - 130) * 10", 0, 0]
				},
				"head_feather": {
					"rotation": ["0+Math.cos((query.anim_time) * 90 * 4 - 130) * -10", 0, 0]
				},
				"wing_right": {
					"rotation": [62.5, -32.5, "-20+Math.cos((query.anim_time) * 90 * 4 + 40) * 50"]
				},
				"wing_right1": {
					"rotation": [0, "0+Math.cos((query.anim_time) * 90 * 4 - 40) * 20", -15]
				},
				"wing_right2": {
					"rotation": [0, "0+Math.cos((query.anim_time) * 90 * 4 - 100) * 20", -20]
				},
				"finger_right1": {
					"rotation": [0, 0, 10]
				},
				"finger_right2": {
					"rotation": [0, 0, 0]
				},
				"finger_right3": {
					"rotation": [0, 0, -17.5]
				},
				"tail": {
					"rotation": ["-45+Math.cos((query.anim_time) * 90 * 4 - 100) * -15", 0, 0]
				},
				"tail2": {
					"rotation": ["-10+Math.cos((query.anim_time) * 90 * 4 - 140) * -4", 0, 0]
				},
				"toes_left_front": {
					"rotation": [27.5, 0, 0]
				},
				"leg_right": {
					"rotation": [32.5, 17.5, 0]
				},
				"leg_right2": {
					"rotation": ["-102.5+Math.cos((query.anim_time) * 90 * 4 - 130) * 10", 0, 0]
				},
				"toes_right_front": {
					"rotation": [27.5, 0, 0]
				}
			}
		},
		"animation.maestrot.sleep": {
			"loop": true,
			"bones": {
				"torso_lower": {
					"position": [0, -7, 0]
				},
				"torso_upper": {
					"rotation": ["0+Math.cos((query.anim_time) * 90 * 1) * 1", 0, 0],
					"position": [0, -1, 0]
				},
				"head": {
					"rotation": ["17.5+Math.cos((query.anim_time) * 90 * 1) * -1", 25, 0]
				},
				"eyelid_left": {
					"position": [1.025, 0, -1.05]
				},
				"eyelid_right": {
					"position": [-1.025, 0, -1.05]
				},
				"head_feather": {
					"rotation": [-42.5, 0, 0]
				},
				"wing_left": {
					"rotation": [87.5, 25, 50]
				},
				"wing_left1": {
					"rotation": [0, 0, 42.5]
				},
				"wing_left2": {
					"rotation": [0, 0, 62.5]
				},
				"finger_left1": {
					"rotation": [0, 0, -12.5]
				},
				"finger_left2": {
					"rotation": [0, 0, -12.5]
				},
				"wing_right": {
					"rotation": [87.5, -25, -50]
				},
				"wing_right1": {
					"rotation": [0, 0, -42.5]
				},
				"wing_right2": {
					"rotation": [0, 0, -62.5]
				},
				"finger_right1": {
					"rotation": [0, 0, 12.5]
				},
				"finger_right2": {
					"rotation": [0, 0, 12.5]
				},
				"tail": {
					"rotation": [-22.5, "7.5+Math.cos((query.anim_time) * 90 * 1) * 1", 80]
				},
				"tail2": {
					"rotation": [0, "-5+Math.cos((query.anim_time) * 90 * 1) * 1", 10]
				}
			}
		},
		"animation.maestrot.faint": {
			"loop": true,
			"animation_length": 3,
			"bones": {
				"body": {
					"rotation": {
						"0.5833": [0, 0, 0],
						"0.625": [18.75, 0, 0],
						"0.75": [-25, 0, 0],
						"1.5": {
							"pre": [-20.875, 0, 0],
							"post": [-20.875, 0, 0],
							"lerp_mode": "catmullrom"
						},
						"1.75": {
							"post": [-34.35, 0, 0],
							"lerp_mode": "catmullrom"
						},
						"1.9167": {
							"post": [-63.375, 0, 0],
							"lerp_mode": "catmullrom"
						},
						"2.0": [-160, 0, 0],
						"2.0833": [-166.075, 0, 0],
						"2.25": [-227.6, 0, 0],
						"2.5": [-248.9, 0, 0],
						"2.5833": [-275, 0, 0]
					},
					"position": {
						"0.0": [0, 0, 0],
						"0.25": [0, -2, 0],
						"0.375": [0, -2.25, 0],
						"0.5417": [0, -2.35, 0],
						"0.625": [0, -4.35, 0],
						"0.7083": [0, 8.65, 4.5],
						"0.7917": [0, 16.65, 9],
						"0.9583": [0, 21.65, 13],
						"1.1667": {
							"pre": [0, 22.9, 16.25],
							"post": [0, 22.9, 16.25],
							"lerp_mode": "catmullrom"
						},
						"1.4583": {
							"post": [0, 23.18, 17.805],
							"lerp_mode": "catmullrom"
						},
						"1.75": {
							"post": [0, 22.65, 18],
							"lerp_mode": "catmullrom"
						},
						"1.875": [0, 21.15, 18],
						"1.9167": [0, 19.4, 18],
						"2.0": [0, 2.4, 18],
						"2.0833": [0, -2.1, 20.175],
						"2.2083": [0, 10.1, 26.45],
						"2.3333": [0, 13.1, 29.75],
						"2.4583": [0, 10.85, 32.075],
						"2.5833": [0, -5.175, 32.075],
						"2.625": [0, -4.425, 32.075]
					}
				},
				"torso_upper": {
					"rotation": {
						"0.0": [0, 0, 0],
						"0.2083": [8.75, 0, 0],
						"0.3333": [10, 0, 0],
						"0.5": [10, 0, 0],
						"0.5833": [-2.5, 0, 0],
						"0.9167": [22.5, 0, 0],
						"1.0417": [22.5, 0, 0],
						"1.2083": {
							"pre": [25, 20, 0],
							"post": [25, 20, 0],
							"lerp_mode": "catmullrom"
						},
						"1.4167": {
							"post": [28.13, -20, 0],
							"lerp_mode": "catmullrom"
						},
						"1.625": {
							"post": [30, 21, 0],
							"lerp_mode": "catmullrom"
						},
						"1.8333": [31.56, 2.88, 0],
						"1.9583": [32.5, 0, 0],
						"2.0417": [92.5, 0, 0],
						"2.2083": [27.5, 0, 0],
						"2.5": [12.5, 0, 0],
						"2.625": [15, 0, 0]
					}
				},
				"head": {
					"rotation": {
						"1.0": [0, 0, 0],
						"1.2083": {
							"pre": [-15, -30, 10],
							"post": [-15, -30, 10],
							"lerp_mode": "catmullrom"
						},
						"1.4167": {
							"post": [-17.5, 30, -10],
							"lerp_mode": "catmullrom"
						},
						"1.625": {
							"post": [-15, -30, 10],
							"lerp_mode": "catmullrom"
						},
						"1.8333": [0, 0, 0]
					}
				},
				"pupil_left": {
					"position": {
						"0.6667": [0, 0, 0],
						"0.7083": [0, 0.05, 0.2]
					}
				},
				"eyelid_left": {
					"position": {
						"0.0": [1.05, 0.05, -1.05],
						"0.7083": [1.05, 0.05, -1.05],
						"0.75": [0, 0, 0],
						"1.875": [0, 0, 0],
						"1.9167": [1.05, 0.05, -1.05]
					}
				},
				"pupil_right": {
					"position": {
						"0.6667": [0, 0, 0],
						"0.7083": [0, 0.05, 0.2]
					}
				},
				"eyelid_right": {
					"position": {
						"0.0": [-1.05, 0.05, -1.05],
						"0.7083": [-1.05, 0.05, -1.05],
						"0.75": [0, 0, 0],
						"1.875": [0, 0, 0],
						"1.9167": [-1.05, 0.05, -1.05]
					}
				},
				"head_feather": {
					"rotation": {
						"0.0": [0, 0, 0],
						"0.3333": [24.83, 0, 0],
						"0.5": [27.5, 0, 0],
						"1.7083": [27.72, 0, 0],
						"1.9167": [60, 0, 0],
						"2.5417": [65, 0, 0],
						"2.6667": [80, 0, 0],
						"2.8333": [85, 0, 0]
					}
				},
				"wing_left": {
					"rotation": {
						"0.0": [80, 0, 52.5],
						"0.3333": [80, 0, -0.5],
						"0.5": [80, 0, -3],
						"0.625": [80, 0, -38],
						"0.75": [80, 0, 54.5],
						"0.875": [80, 0, "-8.5+Math.cos((query.anim_time) * 90 * 12) * 30"],
						"1.75": [80, 0, "-8.5+Math.cos((query.anim_time) * 90 * 12) * 30"],
						"1.9583": [28.21, 26.79, 13.99],
						"2.0417": [7.5, 2.5, 14.5],
						"2.3333": [7.5, -17.5, 14.5],
						"2.625": [7.5, 2.5, 14.5]
					}
				},
				"wing_left1": {
					"rotation": {
						"0.0": [0, 0, 22.5],
						"0.3333": [0, 0, 9.17],
						"0.5": [0, 0, 10],
						"0.625": [0, -17.5, 10],
						"0.7083": [0, 36.67, 10],
						"0.875": [0, "1+Math.cos((query.anim_time) * 90 * 12 - 60) * 30", 10],
						"1.8333": [0, "1+Math.cos((query.anim_time) * 90 * 12 - 60) * 30", 10],
						"1.9583": [0, 36.67, -12.5],
						"2.125": [0, 9.17, -12.5],
						"2.4167": [0, -18.33, 7.5],
						"2.7083": [0, 1.67, 7.5]
					}
				},
				"wing_left2": {
					"rotation": {
						"0.0": [0, 0, 37.5],
						"0.3333": [0, 0, 10.83],
						"0.5": [0, 0, 5],
						"0.625": [0, -17.5, 10],
						"0.7083": [0, 36.67, 10],
						"0.875": [0, "1+Math.cos((query.anim_time) * 90 * 12 - 120) * 30", 10],
						"1.8333": [0, "1+Math.cos((query.anim_time) * 90 * 12 - 120) * 30", 10],
						"1.9167": [0, -35, 0],
						"1.9583": [0, 36.67, 10],
						"2.7083": [0, 11.67, 10]
					}
				},
				"finger_left1": {
					"rotation": [0, 0, -10]
				},
				"finger_left3": {
					"rotation": [0, 0, 15]
				},
				"wing_right": {
					"rotation": {
						"0.0": [80, 0, -52.5],
						"0.3333": [80, 0, 0.5],
						"0.5": [80, 0, 3],
						"0.625": [80, 0, 38],
						"0.75": [80, 0, -54.5],
						"0.7917": [73.5, -9.75, -51.7],
						"1.0": [7.5, -52.5, -14.5],
						"1.9167": [7.5, -52.5, -14.5],
						"2.0417": [7.5, -2.5, -14.5],
						"2.3333": [7.5, 17.5, -14.5],
						"2.625": [7.5, -2.5, -14.5]
					}
				},
				"wing_right1": {
					"rotation": {
						"0.0": [0, 0, -22.5],
						"0.3333": [0, 0, -9.17],
						"0.5": [0, 0, -10],
						"0.625": [0, 17.5, -10],
						"0.7083": [0, -36.67, -10],
						"1.1667": [0, -71.67, 12.5],
						"1.875": [0, -71.67, 12.5],
						"1.9583": [0, -36.67, 12.5],
						"2.125": [0, -9.17, 12.5],
						"2.4167": [0, 18.33, -7.5],
						"2.7083": [0, -1.67, -7.5]
					}
				},
				"wing_right2": {
					"rotation": {
						"0.0": [0, 0, -37.5],
						"0.3333": [0, 0, -10.83],
						"0.5": [0, 0, -5],
						"0.625": [0, 17.5, -10],
						"0.7083": [0, -36.67, -10],
						"1.1667": [0, -89.17, -10],
						"1.8333": [0, -89.17, -10],
						"1.9583": [0, -36.67, -10],
						"2.7083": [0, -11.67, -10]
					}
				},
				"finger_right1": {
					"rotation": [0, 0, 10]
				},
				"finger_right3": {
					"rotation": [0, 0, -15]
				},
				"tail": {
					"rotation": {
						"0.0": [0, 0, 0],
						"0.4583": [12.5, 0, 0],
						"0.5833": [17.5, 0, 0],
						"0.75": [-47.5, 0, 0],
						"0.9167": [-42.79, 0, 0],
						"1.4583": [15, 0, 0],
						"1.6667": [25, 0, 0],
						"2.0": [18.75, 0, 0],
						"2.0833": [-50, 0, 0],
						"2.4167": [-62.5, 0, 0],
						"2.5833": [-107.35, 0, 0],
						"2.7083": [-117.5, 0, 0]
					}
				},
				"tail2": {
					"rotation": {
						"0.0": [0, 0, 0],
						"0.5417": [0, 0, 0],
						"0.75": [-30, 0, 0],
						"1.25": [0, 0, 0],
						"2.1667": [-0.18, 0, 0],
						"2.4167": [12.5, 0, 0],
						"2.625": [-7.5, 0, 0],
						"2.7917": [-12.5, 0, 0]
					}
				},
				"leg_left": {
					"rotation": {
						"0.0": [0, 0, 0],
						"0.3333": [29.17, 0, 0],
						"0.5": [25, 0, 0],
						"0.625": [25, 0, 0],
						"0.7083": [2.5, 0, 0],
						"1.1667": [-10, 0, 0],
						"1.9583": [-10, -2, 0],
						"2.125": [-100, -22, 0],
						"2.4167": [17.5, -22, 0],
						"2.5": [25, -22, 0],
						"2.7083": [5, -22, 0]
					}
				},
				"leg_left2": {
					"rotation": {
						"0.0": [0, 0, 0],
						"0.3333": [-78.33, 0, 0],
						"0.5": [-80, 0, 0],
						"0.625": [-80, 0, 0],
						"0.7083": [-27.5, 0, 0],
						"1.1667": [-62.5, 0, 0],
						"1.5833": [-67.5, 0, 0],
						"1.8333": [-67.5, 0, 0],
						"2.0": [-12.5, 0, 0]
					}
				},
				"foot_left": {
					"rotation": {
						"0.0": [0, 0, 0],
						"0.3333": [49.17, 0, 0],
						"0.5": [55, 0, 0],
						"0.625": [55, 0, 0]
					}
				},
				"leg_right": {
					"rotation": {
						"0.0": [0, 0, 0],
						"0.3333": [29.17, 0, 0],
						"0.5": [25, 0, 0],
						"0.625": [25, 0, 0],
						"0.7083": [2.5, 0, 0],
						"1.1667": [-10, 0, 0],
						"2.0": [-10, 0, 0],
						"2.125": [-100, 0, 0],
						"2.375": [17.5, 0, 0],
						"2.4583": [25, 0, 0],
						"2.625": [5, 0, 0]
					}
				},
				"leg_right2": {
					"rotation": {
						"0.0": [0, 0, 0],
						"0.3333": [-78.33, 0, 0],
						"0.5": [-80, 0, 0],
						"0.625": [-80, 0, 0],
						"0.7083": [-27.5, 0, 0],
						"1.1667": [-62.5, 0, 0],
						"1.5833": [-67.5, 0, 0],
						"1.8333": [-67.5, 0, 0],
						"2.0": [-12.5, 0, 0]
					}
				},
				"foot_right": {
					"rotation": {
						"0.0": [0, 0, 0],
						"0.3333": [49.17, 0, 0],
						"0.5": [55, 0, 0],
						"0.625": [55, 0, 0]
					}
				}
			}
		},
		"animation.maestrot.blink": {
			"animation_length": 0.16667,
			"bones": {
				"eyelid_left": {
					"position": {
						"0.0": [1.075, 0, -1.025],
						"0.125": [1.075, 0, -1.025],
						"0.1667": [0, 0, 0]
					}
				},
				"eyelid_right": {
					"position": {
						"0.0": [-1.075, 0, -1.025],
						"0.125": [-1.075, 0, -1.025],
						"0.1667": [0, 0, 0]
					}
				}
			}
		},
		"animation.maestrot.disassembled": {
			"loop": true,
			"bones": {
				"eye_left": {
					"position": [9, 0, 0]
				},
				"eyelid_left": {
					"position": [-1, 0, 0]
				},
				"wing_left": {
					"position": [9, 0, 0]
				},
				"tail": {
					"position": [0, 0, 11]
				},
				"leg_left": {
					"position": [9, 0, 0]
				},
				"torso_upper": {
					"position": [0, 9, 0]
				},
				"head": {
					"position": [0, 7, 0]
				},
				"leg_left2": {
					"position": [7, 0, 0]
				},
				"foot_left": {
					"position": [6, 0, 0]
				},
				"toe_left_back": {
					"position": [0, 0, 3]
				},
				"toe_left_outer": {
					"position": [3, 0, -2]
				},
				"toe_left_mid": {
					"position": [0, 0, -8]
				},
				"toe_left_inner": {
					"position": [-3, 0, -3]
				},
				"beak_top": {
					"position": [0, 1, -8]
				},
				"beak_bottom": {
					"position": [0, -3, -8]
				}
			}
		},
		"animation.maestrot.test": {
			"loop": true,
			"bones": {
				"body": {
					"position": [0, 0, "query.anim_time * 90 * -0.13"]
				}
			}
		},
		"animation.maestrot.shoulder_left": {
			"loop": true,
			"bones": {
				"wing_left": {
					"rotation": [91.85297, 33.16421, "78.3498+Math.cos((query.anim_time) * 90 * 2 - 120) * -2"]
				},
				"wing_left1": {
					"rotation": [0, 0, 50]
				},
				"wing_left2": {
					"rotation": [0, 0, 62.5]
				},
				"finger_left1": {
					"rotation": [0, 0, 30]
				},
				"finger_left3": {
					"rotation": [0, 0, -27.5]
				},
				"leg_left": {
					"rotation": ["0+Math.cos((query.anim_time) * 90 * 2) * 6", -20, 0],
					"position": ["0+Math.cos((query.anim_time) * 90 * 2) * 0.1", 0, 0]
				},
				"wing_right": {
					"rotation": [-16.45377, 3.94365, "-7.3185+Math.cos((query.anim_time) * 90 * 2 - 120) * 2"]
				},
				"wing_right1": {
					"rotation": [0, -100, 0]
				},
				"wing_right2": {
					"rotation": [0, -57.5, 0]
				},
				"finger_right1": {
					"rotation": [0, -92.5, 0]
				},
				"finger_right2": {
					"rotation": [0, -105, 0]
				},
				"finger_right3": {
					"rotation": [0, -120, 0]
				},
				"leg_right": {
					"rotation": ["0+Math.cos((query.anim_time) * 90 * 2) * 6", 35, 0],
					"position": ["0+Math.cos((query.anim_time) * 90 * 2) * -0.1", 0, 1]
				},
				"body": {
					"position": [0, "0+Math.cos((query.anim_time) * 90 * 2) * -0.065", "0+Math.cos((query.anim_time) * 90 * 2) * -0.3"]
				},
				"torso_lower": {
					"rotation": ["0+Math.cos((query.anim_time) * 90 * 2 - 90) * 1", 15, 0],
					"position": [0, "0+Math.cos((query.anim_time) * 90 * 2 - 20) * 0.3", 0]
				},
				"torso_upper": {
					"rotation": ["0+Math.cos((query.anim_time) * 90 * 2 - 140) * 1", 0, 0]
				},
				"head": {
					"rotation": ["0+Math.cos((query.anim_time) * 90 * 2 - 120) * -2", -15, 0]
				},
				"head_feather": {
					"rotation": ["0+Math.cos((query.anim_time) * 90 * 2 - 120) * 5", 0, 0]
				},
				"tail": {
					"rotation": ["0+Math.cos((query.anim_time) * 90 * 2 - 160) * 4", 0, 0]
				},
				"tail2": {
					"rotation": ["-5+Math.cos((query.anim_time) * 90 * 2 - 250) * 8", 0, 0]
				},
				"leg_left2": {
					"rotation": ["0+Math.cos((query.anim_time) * 90 * 2) * -6", 0, 0]
				},
				"leg_right2": {
					"rotation": ["0+Math.cos((query.anim_time) * 90 * 2) * -6", 0, 0]
				}
			}
		}
	}
}