{
	"format_version": "1.8.0",
	"animations": {
		"animation.meowth_delta.ground_idle": {
			"loop": true,
			"bones": {
				"arm_right": {
					"rotation": [0, 0, "-57.5+Math.cos((query.anim_time) * 90 * 2 -90) * 3"]
				},
				"arm_left": {
					"rotation": [0, 0, "57.5+Math.cos((query.anim_time) * 90 * 2 -90) * -3"]
				},
				"foot_right": {
					"rotation": [0, 12.5, 0]
				},
				"foot_left": {
					"rotation": [0, -12.5, 0]
				},
				"foot_left_end": {
					"rotation": [0, 0, 0]
				},
				"tail1": {
					"rotation": ["-12.5+Math.cos((query.anim_time) * 90 * 2 - 45) * 5", 0, 0]
				},
				"tail2": {
					"rotation": ["22.5+Math.cos((query.anim_time) * 90 * 2 - 95) * 5", 0, 0]
				},
				"tail3": {
					"rotation": [22.5, 0, 0]
				},
				"forearm_right": {
					"rotation": [0, -20, 0]
				},
				"forearm_left": {
					"rotation": [0, 20, 0]
				},
				"torso": {
					"rotation": ["0+Math.cos((query.anim_time) * 90 * 2 -90) * -2", 0, 0],
					"position": [0, "0+Math.cos((query.anim_time) * 90 * 2) * 0.2", 0]
				},
				"head": {
					"rotation": ["0+Math.cos((query.anim_time) * 90 * 2 - 45) * 3", 0, 0]
				},
				"ear_right": {
					"rotation": [0, 0, "0+Math.cos((query.anim_time) * 90 * 2 - 45) * 3"]
				},
				"ear_left": {
					"rotation": [0, 0, "0+Math.cos((query.anim_time) * 90 * 2 - 45) * -3"]
				},
				"coin1": {
					"position": [0, 0, 0]
				},
				"coin2": {
					"position": [0, -7, 0]
				},
				"coin3": {
					"position": [0, -7, 0]
				}
			}
		},
		"animation.meowth_delta.ground_walk": {
			"loop": true,
			"animation_length": 1,
			"bones": {
				"torso": {
					"rotation": ["22.5+Math.cos((query.anim_time) * 90 * 4*2 - 90) * 2", 0, 0],
					"position": [0, "0+Math.cos((query.anim_time) * 90 * 4*2) * 0.4", 0]
				},
				"head": {
					"rotation": ["-20+Math.cos((query.anim_time) * 90 * 4*2 - 45) * -2", 0, 0]
				},
				"ear_right": {
					"rotation": [0, 0, "0+Math.cos((query.anim_time) * 90 * 4*2 - 90) * -3"]
				},
				"ear_left": {
					"rotation": [0, 0, "0+Math.cos((query.anim_time) * 90 * 4*2 - 90) * 3"]
				},
				"arm_right": {
					"rotation": [0, -37.5, "-37.5+Math.cos((query.anim_time) * 90 * 4*2 - 45) * 4"]
				},
				"forearm_right": {
					"rotation": [0, -50, 0]
				},
				"hand_right": {
					"rotation": [0, 0, -32.5]
				},
				"arm_left": {
					"rotation": [0, 37.5, "37.5+Math.cos((query.anim_time) * 90 * 4*2 - 45) * -4"]
				},
				"forearm_left": {
					"rotation": [0, 50, 0]
				},
				"hand_left": {
					"rotation": [0, 0, 32.5]
				},
				"tail1": {
					"rotation": ["-25+Math.cos((query.anim_time) * 90 * 4*2 - 45) * -6", "0+Math.cos((query.anim_time) * 90 * 4 - 90) * 10", 0]
				},
				"tail2": {
					"rotation": ["22.5+Math.cos((query.anim_time) * 90 * 4*2 - 90) * -6", "0+Math.cos((query.anim_time) * 90 * 4 - 180) * 20", 0]
				},
				"tail3": {
					"rotation": [25, 0, 0]
				},
				"leg_right": {
					"rotation": {
						"0.0": [25, 0, 0],
						"0.125": [13.75, 0, 0],
						"0.2917": [-20.75, 0, 0],
						"0.4167": [-35.5, 0, 0],
						"0.5": [-40, 0, 0],
						"0.6667": [-23.75, 0, 0],
						"0.875": [17.33, 0, 0],
						"1.0": [25, 0, 0]
					}
				},
				"leg_right2": {
					"rotation": {
						"0.0": [2.5, 0, 0],
						"0.25": [60, 0, 0],
						"0.3333": [42.3, 0, 0],
						"0.5": [30, 0, 0],
						"0.75": [5, 0, 0],
						"1.0": [2.5, 0, 0]
					}
				},
				"foot_right": {
					"rotation": {
						"0.0": [0, 0, 0],
						"0.1667": [-23.75, 0, 0],
						"0.3333": [-12.5, 0, 0],
						"0.5417": [-15, 0, 0],
						"0.7917": [15, 0, 0],
						"1.0": [0, 0, 0]
					}
				},
				"foot_right_end": {
					"rotation": {
						"0.0": [-12.5, 0, 0],
						"0.1667": [-27.5, 0, 0],
						"0.3333": [0, 0, 0],
						"0.5": [0, 0, 0],
						"0.75": [0, 0, 0],
						"1.0": [-12.5, 0, 0]
					}
				},
				"leg_left": {
					"rotation": {
						"0.0": [-40, 0, 0],
						"0.1667": [-23.75, 0, 0],
						"0.375": [17.33, 0, 0],
						"0.5": [25, 0, 0],
						"0.625": [13.75, 0, 0],
						"0.7917": [-20.75, 0, 0],
						"0.9167": [-35.5, 0, 0],
						"1.0": [-40, 0, 0]
					}
				},
				"foot_left": {
					"rotation": {
						"0.0": [0, 0, 0],
						"0.1667": [-23.75, 0, 0],
						"0.3333": [-12.5, 0, 0],
						"0.5417": [-15, 0, 0],
						"0.7917": [15, 0, 0],
						"1.0": [0, 0, 0]
					}
				},
				"foot_left_end": {
					"rotation": {
						"0.0": [0, 0, 0],
						"0.25": [0, 0, 0],
						"0.5": [-12.5, 0, 0],
						"0.6667": [-27.5, 0, 0],
						"0.8333": [0, 0, 0]
					}
				},
				"coin1": {
					"position": [0, "Math.cos((query.anim_time) * 90 * 4*2 - 90) * 0.2", 0]
				},
				"coin2": {
					"position": [0, "-7+Math.cos((query.anim_time) * 90 * 4*2 - 90) * 0.2", 0]
				},
				"coin3": {
					"position": [0, "-7+Math.cos((query.anim_time) * 90 * 4*2 - 90) * 0.2", 0]
				},
				"leg_left2": {
					"rotation": {
						"0.0": [30, 0, 0],
						"0.25": [5, 0, 0],
						"0.5": [2.5, 0, 0],
						"0.75": [60, 0, 0],
						"0.8333": [42.3, 0, 0],
						"1.0": [30, 0, 0]
					}
				}
			}
		},
		"animation.meowth_delta.sleep": {
			"loop": true,
			"bones": {
				"torso": {
					"rotation": ["0+Math.cos((query.anim_time) * 90 * 1) * -2", 0, 0]
				},
				"head": {
					"rotation": ["-87.5+Math.cos((query.anim_time) * 90 * 1) * 4", 0, 0],
					"position": [0, 3.25, -1.75]
				},
				"eyelid_right": {
					"position": [0, 0, -0.1]
				},
				"eyelid_left": {
					"position": [0, 0, -0.1]
				},
				"ear_right": {
					"rotation": [22.5, 0, "-45+Math.cos((query.anim_time) * 90 * 1 - 90) * 4"]
				},
				"ear_left": {
					"rotation": [22.5, 0, "45+Math.cos((query.anim_time) * 90 * 1 - 90) * -4"]
				},
				"whisker_top_right": {
					"rotation": [0, 0, -20]
				},
				"whisker_top_left": {
					"rotation": [0, 0, 20]
				},
				"whisker_bottom_right": {
					"rotation": [0, 0, -10]
				},
				"whisker_bottom_left": {
					"rotation": [0, 0, 10]
				},
				"arm_right": {
					"rotation": [-92.5, "-15+Math.cos((query.anim_time) * 90 * 1) * -2", 32.5]
				},
				"forearm_right": {
					"rotation": [0, -25, 0]
				},
				"arm_left": {
					"rotation": [-92.5, "15+Math.cos((query.anim_time) * 90 * 1) * 2", -32.5]
				},
				"forearm_left": {
					"rotation": [0, 25, 0]
				},
				"tail1": {
					"rotation": ["-70+Math.cos((query.anim_time) * 90 * 1 - 45) * 5", 0, 0]
				},
				"tail2": {
					"rotation": [42.5, 0, 0]
				},
				"tail3": {
					"rotation": [42.5, 0, 0]
				},
				"leg_right": {
					"rotation": [-120, 0, 17.5],
					"position": [-0.5, -2.25, 1.5]
				},
				"leg_right2": {
					"rotation": [87.5, 0, 0],
					"position": [0, 0.25, 1]
				},
				"foot_right": {
					"rotation": [80, 0, 0],
					"position": [0, -2.25, 1]
				},
				"foot_right_end": {
					"rotation": [45, 0, 0],
					"position": [0, -0.25, 0.25]
				},
				"leg_left": {
					"rotation": [-120, 0, -17.5],
					"position": [0.5, -2.25, 1.5]
				},
				"foot_left": {
					"rotation": [80, 0, 0],
					"position": [0, -2.25, 1]
				},
				"foot_left_end": {
					"rotation": [45, 0, 0],
					"position": [0, -0.25, 0.25]
				},
				"coin1": {
					"rotation": [0, "-90 + ((query.anim_time) * 90) * -0.5", 0],
					"position": ["0+Math.cos((query.anim_time) * 90 * 1/2) * 5", -16, "3+Math.cos((query.anim_time) * 90 * 1/2 - 90) * 5"]
				},
				"coin2": {
					"rotation": [0, "150 + ((query.anim_time) * 90) * -0.5", 0],
					"position": ["-8+Math.cos((query.anim_time) * 90 * 1/2 - 240) * 5", -16, "3+Math.cos((query.anim_time) * 90 * 1/2 - 330) * 5"]
				},
				"coin3": {
					"rotation": [0, "30 + ((query.anim_time) * 90) * -0.5", 0],
					"position": ["8+Math.cos((query.anim_time) * 90 * 1/2 - 120) * 5", -16, "3+Math.cos((query.anim_time) * 90 * 1/2 - 210) * 5"]
				},
				"leg_left2": {
					"rotation": [87.5, 0, 0],
					"position": [0, 0.25, 1]
				},
				"main_body": {
					"rotation": [90, 0, 0],
					"position": [0, -7, 0]
				}
			}
		},
		"animation.meowth_delta.faint": {
			"animation_length": 3,
			"bones": {
				"body": {
					"rotation": [0, 0, 0],
					"position": {
						"0.0": [0, 0, 0],
						"0.125": [0, -2, 0],
						"0.25": {
							"pre": [0, 8.25, 2],
							"post": [0, 8.25, 2],
							"lerp_mode": "catmullrom"
						},
						"0.5": {
							"post": [0, 11, 6],
							"lerp_mode": "catmullrom"
						},
						"0.7083": {
							"post": [0, 8.25, 8],
							"lerp_mode": "catmullrom"
						},
						"0.7917": [0, 0, 9],
						"0.8333": [0, -2, 9],
						"1.0": [0, 0, 7]
					}
				},
				"main_body": {
					"rotation": {
						"1.8333": [0, 0, 0],
						"1.9583": [5.75, 0, 0],
						"2.0417": [19.25, 0, 0],
						"2.125": [66.25, 0, 0],
						"2.2083": [87.5, 0, 0]
					},
					"position": {
						"1.5": [0, 0, 0],
						"1.5833": {
							"pre": [0, -1.75, 0],
							"post": [0, -1.75, 0],
							"lerp_mode": "catmullrom"
						},
						"1.6667": {
							"post": [0, -1.5, 0],
							"lerp_mode": "catmullrom"
						},
						"1.7917": {
							"post": [0, -1.5, 0],
							"lerp_mode": "catmullrom"
						},
						"1.8333": {
							"post": [0, -4, 0],
							"lerp_mode": "catmullrom"
						},
						"1.9167": {
							"post": [0, -3.5, 0],
							"lerp_mode": "catmullrom"
						},
						"2.0417": {
							"post": [0, -3.5, -0.75],
							"lerp_mode": "catmullrom"
						},
						"2.0833": {
							"post": [0, -4.5, -4],
							"lerp_mode": "catmullrom"
						},
						"2.125": {
							"post": [0, -5.51, -4.54],
							"lerp_mode": "catmullrom"
						},
						"2.2083": [0, -6.75, -5],
						"2.3333": [0, -7.25, -5],
						"2.4583": [0, -6.75, -5]
					}
				},
				"torso": {
					"rotation": {
						"0.0": [0, 0, 0],
						"0.0833": [1.5, 0, 0],
						"0.1667": [8, 0, 0],
						"0.25": [35, 0, 0],
						"0.3333": [33.75, 0, 0],
						"0.5417": [2.5, 0, 0],
						"0.75": [-7.5, 0, 0],
						"0.9167": [15, 0, 0],
						"1.125": [7.5, 0, 0],
						"1.3333": [-5, 0, 0],
						"1.5417": [-7.5, 0, 0],
						"1.625": [20, 0, 0],
						"2.0": [20, 0, 0],
						"2.125": [35, 0, 0],
						"2.25": [22.5, 0, 0]
					},
					"position": {
						"1.5417": [0, 0, 0],
						"1.625": {
							"pre": [0, -1, 0],
							"post": [0, -1, 0],
							"lerp_mode": "catmullrom"
						},
						"1.75": [0, 0, 0],
						"1.875": {
							"pre": [0, -1.25, 0],
							"post": [0, -1.25, 0],
							"lerp_mode": "catmullrom"
						},
						"2.0": {
							"post": [0, -0.25, 0],
							"lerp_mode": "catmullrom"
						},
						"2.125": [0, 0, 0]
					}
				},
				"head": {
					"rotation": {
						"0.0": [0, 12.5, 0],
						"0.125": [-7.5, 22.5, 0],
						"0.2917": [25, 18, 0],
						"0.6667": [5, 0, 0],
						"0.7917": {
							"pre": [-2.5, 0, 0],
							"post": [-2.5, 0, 0],
							"lerp_mode": "catmullrom"
						},
						"0.9167": {
							"post": [27.5, 0, 0],
							"lerp_mode": "catmullrom"
						},
						"1.0": {
							"post": [21.5, 0, 0],
							"lerp_mode": "catmullrom"
						},
						"1.2083": [-49, 0, 0],
						"1.5417": [-51.5, 0, 0],
						"1.625": [21, 0, 0],
						"1.75": [8.5, 0, 0],
						"1.8333": [28.5, 0, 0],
						"2.0": {
							"pre": [-1.5, 0, 0],
							"post": [-1.5, 0, 0],
							"lerp_mode": "catmullrom"
						},
						"2.0833": {
							"post": [-76.5, 0, 0],
							"lerp_mode": "catmullrom"
						},
						"2.1667": {
							"post": [-92, 0, 0],
							"lerp_mode": "catmullrom"
						},
						"2.3333": {
							"post": [-102, 0, 0],
							"lerp_mode": "catmullrom"
						}
					},
					"position": {
						"2.0833": [0, 0, 0],
						"2.1667": [0, 2, 0]
					}
				},
				"eyelid_right": {
					"position": {
						"0.0": [0, 0, 0],
						"0.1667": [0, 0, 0],
						"0.2083": [0, 0, -0.2],
						"0.7917": [0, 0, -0.2],
						"0.8333": [0, 0, 0],
						"1.5833": [0, 0, 0],
						"1.625": [0, 0, -0.2],
						"1.6667": [0, 0, -0.2],
						"1.7083": [0, 0, 0],
						"1.75": [0, 0, 0],
						"1.7917": [0, 0, -0.2],
						"1.8333": [0, 0, -0.2],
						"1.875": [0, 0, 0],
						"2.0": [0, 0, 0],
						"2.0417": [0, 0, -0.2]
					}
				},
				"eyelid_left": {
					"position": {
						"0.0": [0, 0, 0],
						"0.1667": [0, 0, 0],
						"0.2083": [0, 0, -0.2],
						"0.7917": [0, 0, -0.2],
						"0.8333": [0, 0, 0],
						"1.5833": [0, 0, 0],
						"1.625": [0, 0, -0.2],
						"1.6667": [0, 0, -0.2],
						"1.7083": [0, 0, 0],
						"1.75": [0, 0, 0],
						"1.7917": [0, 0, -0.2],
						"1.8333": [0, 0, -0.2],
						"1.875": [0, 0, 0],
						"2.0": [0, 0, 0],
						"2.0417": [0, 0, -0.2]
					}
				},
				"ear_right": {
					"rotation": {
						"0.0": [0, 0, 0],
						"0.0833": [0, 0, -7.5],
						"0.1667": [0, 0, -40],
						"0.7083": [0, 0, -7.5],
						"0.9167": [0, 0, -60],
						"1.125": [0, 0, -5],
						"1.375": [0, 0, 5],
						"1.5": [-12.5, 0, 5],
						"1.625": [-60, -50, 5],
						"1.75": [5, 0, 2],
						"1.875": [5, 0, -59],
						"2.0": [0, 0, 0],
						"2.125": [0, 0, -45]
					}
				},
				"ear_left": {
					"rotation": {
						"0.0": [0, 0, 0],
						"0.0833": [0, 0, 7.5],
						"0.1667": [0, 0, 40],
						"0.7083": [0, 0, 7.5],
						"0.9167": [0, 0, 60],
						"1.125": [0, 0, 5],
						"1.375": [0, 0, -5],
						"1.5": [-12.5, 0, -5],
						"1.625": [-60, 50, -5],
						"1.75": [5, 0, -2],
						"1.875": [5, 0, 59],
						"2.0": [0, 0, 0],
						"2.125": [0, 0, 45]
					}
				},
				"arm_right": {
					"rotation": {
						"0.0": [25, -25, -45],
						"0.125": [25, -25, 7.5],
						"0.25": [25, -25, -35],
						"0.7083": [25, -25, -7.5],
						"1.0": [25, -25, -37.5],
						"1.25": [25, 5, -37.5],
						"1.5417": [25, 15, -37.5],
						"1.6667": [25, 15, 0],
						"1.7083": [25, 15, -18.33],
						"1.7917": [25, 15, 12.5],
						"1.9583": [25, 15, 0],
						"2.125": [-80, 25, -2],
						"2.2083": [-80, 13.75, -2],
						"2.2917": [-80, 7.5, -2],
						"2.5417": [-80, 5, -2]
					}
				},
				"forearm_right": {
					"rotation": [0, -35, 0]
				},
				"hand_right": {
					"rotation": [0, 0, -27.5]
				},
				"arm_left": {
					"rotation": {
						"0.0": [25, 25, 45],
						"0.125": [25, 25, -7.5],
						"0.25": [25, 25, 35],
						"0.7083": [25, 25, 7.5],
						"1.0": [25, 25, 37.5],
						"1.25": [25, -5, 37.5],
						"1.5417": [25, -15, 37.5],
						"1.6667": [25, -15, 0],
						"1.7083": [25, -15, 18.33],
						"1.7917": [25, -15, -12.5],
						"1.9583": [25, -15, 0],
						"2.125": [-80, -25, 2],
						"2.2083": [-80, -13.75, 2],
						"2.2917": [-80, -7.5, 2],
						"2.5417": [-80, -5, 2]
					}
				},
				"forearm_left": {
					"rotation": [0, 35, 0]
				},
				"hand_left": {
					"rotation": [0, 0, 27.5]
				},
				"tail1": {
					"rotation": {
						"0.0": [-25, 0, 0],
						"0.0833": [-35.83, 1, 0],
						"0.25": [-62.5, 1, 0],
						"0.6667": [7.5, 0, 0],
						"0.9583": [-32.5, 0, 0],
						"1.1667": [-62.5, 0, 0],
						"1.5": [-57.5, 0, 0],
						"1.625": [-12.5, 0, 0],
						"1.7917": [-32.5, 0, 0],
						"1.9167": [2.5, 0, 0],
						"2.0": [-15, 0, 0],
						"2.1667": [-60, 0, 0],
						"2.4167": [-77.5, 0, 0],
						"2.625": [-85, 0, 0]
					}
				},
				"tail2": {
					"rotation": {
						"0.0": [40, 0, 0],
						"0.1667": [67.5, 0, 0],
						"0.25": [15, 0, 0],
						"0.7083": [55, 0, 0],
						"1.0833": [20, 0, 0],
						"1.4583": [45, 0, 0],
						"2.125": [47.5, 0, 0],
						"2.4583": [93.85, 0, 0],
						"2.6667": [102.5, 0, 0],
						"2.875": [105, 0, 0]
					}
				},
				"leg_right": {
					"rotation": {
						"0.0": [0, 9, 0],
						"0.125": [-45, 9, 0],
						"0.2083": [0, 9, 0],
						"0.5": [-25, 9, 0],
						"0.7083": {
							"pre": [-30, 9, 0],
							"post": [-30, 9, 0],
							"lerp_mode": "catmullrom"
						},
						"0.8333": {
							"post": [-47.5, 9, 0],
							"lerp_mode": "catmullrom"
						},
						"1.0": {
							"post": [0, 9, 0],
							"lerp_mode": "catmullrom"
						},
						"1.375": {
							"post": [7.5, 9, 0],
							"lerp_mode": "catmullrom"
						},
						"1.5": {
							"post": [7.5, 9, 0],
							"lerp_mode": "catmullrom"
						},
						"1.5833": {
							"post": [-44.44, 9, 0],
							"lerp_mode": "catmullrom"
						},
						"1.625": {
							"post": [-45, 9, 0],
							"lerp_mode": "catmullrom"
						},
						"1.75": {
							"post": [-37.5, 9, 0],
							"lerp_mode": "catmullrom"
						},
						"1.9167": {
							"post": [30, 9, 0],
							"lerp_mode": "catmullrom"
						},
						"2.125": {
							"post": [42.5, 9, 0],
							"lerp_mode": "catmullrom"
						},
						"2.2917": {
							"post": [-27.5, 9, 0],
							"lerp_mode": "catmullrom"
						},
						"2.4583": {
							"post": [15, 9, 0],
							"lerp_mode": "catmullrom"
						},
						"2.625": {
							"post": [17.5, 9, 0],
							"lerp_mode": "catmullrom"
						},
						"2.7917": [-12.09301, 4.5967, -3.71586]
					}
				},
				"leg_right2": {
					"rotation": {
						"0.0": [0, 0, 0],
						"0.125": [62.5, 0, 0],
						"0.2083": [5, 0, 0],
						"0.7083": [25, 0, 0],
						"0.8333": [52.5, 0, 0],
						"1.0": [0, 0, 0],
						"1.5": [0, 0, 0],
						"1.5833": [50, 0, 0],
						"1.625": [52.5, 0, 0],
						"1.75": [45, 0, 0],
						"1.9167": [52.5, 0, 0],
						"2.2917": [57.5, 0, 0],
						"2.4583": [15, 0, 0],
						"2.625": [30, 0, 0],
						"2.75": [24.37, 0, 0],
						"2.8333": [12.5, 0, 0]
					}
				},
				"foot_right": {
					"rotation": {
						"0.0": [0, 0, 0],
						"0.125": [-12.5, 0, 0],
						"0.2083": [37.5, 0, 0],
						"0.7083": [15, 0, 0],
						"0.8333": [0, 0, 0],
						"1.0": [0, 0, 0],
						"1.375": [-7.5, 0, 0],
						"1.5": [-7.5, 0, 0],
						"1.5833": [-5, 0, 0],
						"1.7917": [-5, 0, 0],
						"1.9167": [50, 0, 0]
					}
				},
				"leg_left": {
					"rotation": {
						"0.0": [0, -5, 0],
						"0.125": [-45, -5, 0],
						"0.2083": [0, -5, 0],
						"0.5": [-25, -5, 0],
						"0.7083": {
							"pre": [-30, -5, 0],
							"post": [-30, -5, 0],
							"lerp_mode": "catmullrom"
						},
						"0.8333": {
							"post": [-47.5, -5, 0],
							"lerp_mode": "catmullrom"
						},
						"1.0": {
							"post": [0, -5, 0],
							"lerp_mode": "catmullrom"
						},
						"1.375": {
							"post": [7.5, -5, 0],
							"lerp_mode": "catmullrom"
						},
						"1.5": {
							"post": [7.5, -5, 0],
							"lerp_mode": "catmullrom"
						},
						"1.5833": {
							"post": [-44.44, -5, 0],
							"lerp_mode": "catmullrom"
						},
						"1.625": {
							"post": [-45, -5, 0],
							"lerp_mode": "catmullrom"
						},
						"1.75": {
							"post": [-37.5, -5, 0],
							"lerp_mode": "catmullrom"
						},
						"1.9167": {
							"post": [30, -5, 0],
							"lerp_mode": "catmullrom"
						},
						"2.125": {
							"post": [42.5, -5, 0],
							"lerp_mode": "catmullrom"
						},
						"2.2917": {
							"post": [-27.5, -5, 0],
							"lerp_mode": "catmullrom"
						},
						"2.4583": {
							"post": [15, -5, 0],
							"lerp_mode": "catmullrom"
						},
						"2.625": {
							"post": [17.5, -5, 0],
							"lerp_mode": "catmullrom"
						},
						"2.7917": [-12.09301, -4.5967, 3.71586]
					}
				},
				"leg_left2": {
					"rotation": {
						"0.0": [0, -5, 0],
						"0.125": [62.5, -5, 0],
						"0.2083": [5, -5, 0],
						"0.7083": [25, -5, 0],
						"0.8333": [52.5, -5, 0],
						"1.0": [0, -5, 0],
						"1.5": [0, -5, 0],
						"1.5833": [50, -5, 0],
						"1.625": [52.5, -5, 0],
						"1.75": [45, -5, 0],
						"1.9167": [52.5, -5, 0],
						"2.2917": [57.5, -5, 0],
						"2.4583": [15, -5, 0],
						"2.625": [30, -5, 0],
						"2.75": [24.37, -5, 0],
						"2.8333": [12.5, -5, 0]
					}
				},
				"foot_left": {
					"rotation": {
						"0.0": [0, -5, 0],
						"0.125": [-12.5, -5, 0],
						"0.2083": [37.5, -5, 0],
						"0.7083": [15, -5, 0],
						"0.8333": [0, -5, 0],
						"1.0": [0, -5, 0],
						"1.375": [-7.5, -5, 0],
						"1.5": [-7.5, -5, 0],
						"1.5833": [-5, -5, 0],
						"1.7917": [-5, -5, 0],
						"1.9167": [50, -5, 0]
					}
				},
				"coin1": {
					"rotation": {
						"0.0": [0, 0, 0],
						"0.25": [35, 0, 0],
						"0.75": [-15, 0, 0],
						"0.9583": [-18.75, 0, 0],
						"1.125": [47.64, 0, 0],
						"1.25": [386.25, 0, 0],
						"1.375": [559.25, 0, 0],
						"1.5": [627.5, 0, 0],
						"1.6667": [662.5, 0, 0],
						"1.7917": [719.17, 0, 0],
						"2.0417": [997.5, 0, 0],
						"2.25": [795, 0, 0],
						"2.5417": [620, 0, 0],
						"2.7083": [632.5, 0, 0]
					},
					"position": {
						"0.0": [0, 2, 0],
						"0.125": [0, 3, 0],
						"0.25": [0, -6, 0],
						"0.7083": [0, 2, 0],
						"0.7917": [0, 5, 0],
						"1.0833": [0, 4, 0],
						"1.125": [0, 6, -1],
						"1.2083": [0, 19, -3],
						"1.3333": {
							"pre": [0, 23.5, -4.75],
							"post": [0, 23.5, -4.75],
							"lerp_mode": "catmullrom"
						},
						"1.5417": {
							"post": [0, 24.38, -6.25],
							"lerp_mode": "catmullrom"
						},
						"1.75": {
							"post": [0, 23.26, -7],
							"lerp_mode": "catmullrom"
						},
						"1.9167": [0, 15.18, -7],
						"2.0417": [0, -10, -7],
						"2.0833": [0, -3.25, -7],
						"2.2083": [0, -1.25, -7],
						"2.3333": [0, -5.25, -7],
						"2.4583": [0, -19.25, -7],
						"2.5833": [0, -18.25, -7],
						"2.75": [0, -19.25, -7]
					}
				},
				"coin2": {
					"rotation": {
						"0.0": [0, 0, 0],
						"0.125": [6, 0, 0],
						"0.2083": [47.5, 0, 0],
						"0.375": [7.5, 0, 0],
						"0.7083": [-327.5, 0, 0],
						"0.7917": [-355, 0, 0],
						"0.9583": [-307.5, 0, 0],
						"1.1667": [-355, 0, 0],
						"1.25": [-355, 0, -24.55],
						"1.5417": [-355, 0, -321.57],
						"1.625": [-355, 0, -355],
						"2.125": [82.5, 0, -355],
						"2.4583": [-75, 0, -355],
						"2.5833": [-90, 0, -355]
					},
					"position": {
						"0.0": [0, -6, 0],
						"0.125": [0, -5, 0],
						"0.25": [0, -14, 0],
						"0.7083": [0, -6, 0],
						"0.7917": [0, -3, 0],
						"0.9167": [0, -3.5, 0],
						"1.0": {
							"pre": [0, 4.75, 0],
							"post": [0, 4.75, 0],
							"lerp_mode": "catmullrom"
						},
						"1.0833": {
							"post": [-1, 9, -1],
							"lerp_mode": "catmullrom"
						},
						"1.2083": {
							"post": [-2.4, 10.5, -2],
							"lerp_mode": "catmullrom"
						},
						"1.3333": {
							"post": [-4, 10, -4],
							"lerp_mode": "catmullrom"
						},
						"1.5": {
							"post": [-5.77, 6.14, -5.57],
							"lerp_mode": "catmullrom"
						},
						"1.625": [-7, -8, -6],
						"1.7083": {
							"pre": [-7, -2, -10],
							"post": [-7, -2, -10],
							"lerp_mode": "catmullrom"
						},
						"1.8333": {
							"post": [-7, 0, -14],
							"lerp_mode": "catmullrom"
						},
						"2.0": {
							"post": [-7, -2, -19],
							"lerp_mode": "catmullrom"
						},
						"2.0833": {
							"post": [-7, -8, -21],
							"lerp_mode": "catmullrom"
						},
						"2.1667": [-7, -24, -24],
						"2.2083": {
							"pre": [-7, -21, -24],
							"post": [-7, -21, -24],
							"lerp_mode": "catmullrom"
						},
						"2.3333": {
							"post": [-7, -19, -24],
							"lerp_mode": "catmullrom"
						},
						"2.5": {
							"post": [-7, -21, -24],
							"lerp_mode": "catmullrom"
						},
						"2.5417": [-7, -25, -24]
					}
				},
				"coin3": {
					"rotation": {
						"0.0": [0, 0, 0],
						"0.125": [6, 0, 0],
						"0.2083": [47.5, 0, 0],
						"0.375": [7.5, 0, 0],
						"0.7083": [-327.5, 0, 0],
						"0.7917": [-355, 0, 0],
						"0.9583": [-307.5, 0, 0],
						"1.0833": [-357.5, 0, 0],
						"1.2083": [-357.5, 0, 30.62],
						"1.625": [-357.5, 0, 237.26],
						"1.75": [-357.5, 0, 270],
						"1.8333": [-395, 0, 270],
						"2.375": [-1130, 0, 270],
						"2.4167": [-1063.7958, 87.9843, 283.58929],
						"2.75": [-1063.8, 270.48, 283.59],
						"2.8333": [-1096.3, 270.48, 283.59]
					},
					"position": {
						"0.0": [0, -6, 0],
						"0.125": [0, -5, 0],
						"0.25": [0, -14, 0],
						"0.7083": [0, -6, 0],
						"0.7917": [0, -3, 0],
						"1.0": [0, -3.5, 0],
						"1.0833": {
							"pre": [2, 4.75, -2],
							"post": [2, 4.75, -2],
							"lerp_mode": "catmullrom"
						},
						"1.1667": {
							"post": [4, 9, -3],
							"lerp_mode": "catmullrom"
						},
						"1.4583": {
							"post": [7.75, 11.75, -5],
							"lerp_mode": "catmullrom"
						},
						"1.7083": {
							"post": [9, 5.75, -6],
							"lerp_mode": "catmullrom"
						},
						"1.7917": {
							"post": [8, -11, -8],
							"lerp_mode": "catmullrom"
						},
						"1.875": {
							"post": [5, -5, -12],
							"lerp_mode": "catmullrom"
						},
						"2.0417": {
							"post": [1, -3, -16],
							"lerp_mode": "catmullrom"
						},
						"2.2917": {
							"post": [-2, -5, -19],
							"lerp_mode": "catmullrom"
						},
						"2.4167": {
							"post": [-3, -25, -20],
							"lerp_mode": "catmullrom"
						},
						"2.4583": {
							"post": [-5, -17, -22],
							"lerp_mode": "catmullrom"
						},
						"2.5833": {
							"post": [-7.75, -14, -24.25],
							"lerp_mode": "catmullrom"
						},
						"2.7083": {
							"post": [-9, -15, -26],
							"lerp_mode": "catmullrom"
						},
						"2.7917": {
							"post": [-9, -24.75, -26],
							"lerp_mode": "catmullrom"
						},
						"2.875": {
							"post": [-9, -25, -26],
							"lerp_mode": "catmullrom"
						}
					}
				}
			}
		},
		"animation.meowth_delta.blink": {
			"animation_length": 0.16667,
			"bones": {
				"eyelid_left": {
					"position": {
						"0.0": [0, 0, -0.1],
						"0.125": [0, 0, -0.1],
						"0.1667": [0, 0, 0]
					}
				},
				"eyelid_right": {
					"position": {
						"0.0": [0, 0, -0.1],
						"0.125": [0, 0, -0.1],
						"0.1667": [0, 0, 0]
					}
				}
			}
		},
		"animation.meowth_delta.cry": {
			"animation_length": 1.5,
			"bones": {
				"head": {
					"rotation": {
						"0.0": [0, 0, 0],
						"0.125": [10, 0, 0],
						"0.3333": {
							"pre": [-17.5, 0, 0],
							"post": [-17.5, 0, 0],
							"lerp_mode": "catmullrom"
						},
						"1.1667": {
							"post": [-12.5, 0, 0],
							"lerp_mode": "catmullrom"
						},
						"1.375": [-2.19, 0, 0],
						"1.5": [0, 0, 0]
					}
				}
			}
		},
		"animation.meowth_delta.coin_overlay": {
			"loop": true,
			"bones": {
				"coin1": {
					"position": [0, "0+Math.cos((query.anim_time) * 90 * 1/2 - 45) * 2", 0]
				},
				"coin2": {
					"position": [0, "0+Math.cos((query.anim_time) * 90 * 1/2) * 2", 0]
				},
				"coin3": {
					"position": [0, "0+Math.cos((query.anim_time) * 90 * 1/2 - 90) * 2", 0]
				}
			}
		}
	}
}