{
	"format_version": "1.8.0",
	"animations": {
		"animation.operettot.ground_idle": {
			"loop": true,
			"bones": {
				"leg_left": {
					"rotation": [0, -20, 0]
				},
				"beak_bottom": {
					"rotation": [0, 0, 0]
				},
				"wing_left": {
					"rotation": [141.9386, "48.1922+Math.cos((query.anim_time) * 90 * 1 - 220) * 3", 90.01905],
					"position": [0.75, 2.25, -2.75]
				},
				"wing_left1": {
					"rotation": [0, 0, -40],
					"position": [0.75, 1, 0]
				},
				"wing_left2": {
					"rotation": [0, 0, -50]
				},
				"finger_left1": {
					"rotation": [0, 20, 0]
				},
				"finger_left2": {
					"rotation": [0, 37.5, 0]
				},
				"finger_left3": {
					"rotation": [21.39959, 49.1684, 27.38122]
				},
				"wing_right": {
					"rotation": ["66.2897+Math.cos((query.anim_time) * 90 * 1 - 180) * -3", -55.70097, -23.64492]
				},
				"wing_right1": {
					"rotation": [-365.12339, -39.70046, -350.76701]
				},
				"wing_right2": {
					"rotation": [0, 0, -67.5],
					"position": [4.75, 3.75, 0]
				},
				"finger_right1": {
					"rotation": [0, 0, -12.5],
					"position": [0.25, 0, 0]
				},
				"finger_right2": {
					"rotation": [0, 0, -17.5],
					"position": [0.25, 0, 0]
				},
				"finger_right3": {
					"rotation": [0, 0, -27.5],
					"position": [0.25, 0, 0]
				},
				"body": {
					"rotation": [0, -17.5, 0]
				},
				"torso_lower": {
					"rotation": ["0+Math.cos((query.anim_time) * 90 * 1 - 90) * -1", 0, 0],
					"position": [0, "0+Math.cos((query.anim_time) * 90 * 1) * 0.4", 0]
				},
				"dress_front": {
					"rotation": [0, 0, 0]
				},
				"dress_left": {
					"rotation": [0, 0, "-12.5+Math.cos((query.anim_time) * 90 * 1 - 120) * -2"]
				},
				"dress_right": {
					"rotation": [0, 0, "12.5+Math.cos((query.anim_time) * 90 * 1 - 120) * 2"]
				},
				"torso_upper": {
					"rotation": ["0+Math.cos((query.anim_time) * 90 * 1 - 140) * -2", 12.5, 0],
					"position": [-0.5, 0, 0]
				},
				"head": {
					"rotation": ["7.5+Math.cos((query.anim_time) * 90 * 1 - 120) * 3", 5, 0]
				},
				"tail": {
					"rotation": ["0+Math.cos((query.anim_time) * 90 * 1 - 140) * 5", 0, 0]
				},
				"tail2": {
					"rotation": ["-17.3696+Math.cos((query.anim_time) * 90 * 1 - 190) * 5", -2.67558, 1.87209]
				}
			}
		},
		"animation.operettot.ground_walk": {
			"loop": true,
			"animation_length": 1,
			"bones": {
				"body": {
					"rotation": [0, 0, 0],
					"position": [0, -1, 0]
				},
				"torso_lower": {
					"rotation": ["2.5+Math.cos((query.anim_time) * 90 * 8 - 90) * 1", 0, 0],
					"position": [0, "0.75+Math.cos((query.anim_time) * 90 * 8 - 10) * 0.5", 0]
				},
				"dress_front": {
					"rotation": ["10+Math.cos((query.anim_time) * 90 * 8 - 120) * 4", 0, 0]
				},
				"dress_front2": {
					"rotation": [-5, 0, 0]
				},
				"dress_back": {
					"rotation": ["0+Math.cos((query.anim_time) * 90 * 8 - 120) * 4", 0, 0]
				},
				"dress_left": {
					"rotation": [0, 0, "-45+Math.cos((query.anim_time) * 90 * 8 - 120) * -5"]
				},
				"dress_left2": {
					"rotation": [0, 0, 20],
					"position": [-1.08253, 0.62262, -0.05447]
				},
				"dress_right": {
					"rotation": [0, 0, "45+Math.cos((query.anim_time) * 90 * 8 - 120) * 5"]
				},
				"dress_right2": {
					"rotation": [0, 0, -20],
					"position": [1.08253, 0.62262, -0.05447]
				},
				"torso_upper": {
					"rotation": ["-2.5+Math.cos((query.anim_time) * 90 * 8 - 120) * 1", 0, 0]
				},
				"head": {
					"rotation": ["10+Math.cos((query.anim_time) * 90 * 8 - 90) * -2", 0, 0]
				},
				"feather_left": {
					"rotation": [0, 0, "0+Math.cos((query.anim_time) * 90 * 8 - 60) * -4"]
				},
				"feather_right": {
					"rotation": [0, 0, "0+Math.cos((query.anim_time) * 90 * 8 - 60) * 4"]
				},
				"wing_left": {
					"rotation": [135, -30, "25+Math.cos((query.anim_time) * 90 * 8 - 120) * -2"]
				},
				"wing_left1": {
					"rotation": [0, 0, -37.5]
				},
				"wing_left2": {
					"rotation": [0, 0, -47.5]
				},
				"finger_left1": {
					"rotation": [0, 7.5, -22.5]
				},
				"finger_left2": {
					"rotation": [0, 7.5, -12.5]
				},
				"finger_left3": {
					"rotation": [0, 17.5, -5]
				},
				"wing_right": {
					"rotation": [135, 30, "-25+Math.cos((query.anim_time) * 90 * 8 - 120) * 2"],
					"position": [0, 0.49998, -0.00436]
				},
				"wing_right1": {
					"rotation": [0, 0, 37.5]
				},
				"wing_right2": {
					"rotation": [0, 0, 47.5]
				},
				"finger_right1": {
					"rotation": [0, -7.5, 22.5]
				},
				"finger_right2": {
					"rotation": [0, -7.5, 12.5]
				},
				"finger_right3": {
					"rotation": [0, -17.5, 5]
				},
				"tail": {
					"rotation": ["-7.5+Math.cos((query.anim_time) * 90 * 8 - 160) * 5", 0, 0]
				},
				"tail2": {
					"rotation": ["0+Math.cos((query.anim_time) * 90 * 8 - 180) * 8", 0, 0]
				},
				"leg_left": {
					"rotation": {
						"0.0": [-10, -15, 0],
						"0.125": [-1.17, -15, 0],
						"0.5": [40, -15, 0],
						"0.6667": [31, -15, 0],
						"0.9167": [-2.92, -15, 0],
						"1.0": [-10, -15, 0]
					},
					"position": [0, "-0.25+math.clamp(Math.cos((query.anim_time) * 90 * 4 + 90) * 0.8 + 0.8,0.4,1.6)", 0]
				},
				"leg_left2": {
					"rotation": {
						"0.0": [-20, 0, 0],
						"0.5": {
							"pre": [-32.5, 0, 0],
							"post": [-32.5, 0, 0],
							"lerp_mode": "catmullrom"
						},
						"0.75": {
							"post": [-58.75, 0, 0],
							"lerp_mode": "catmullrom"
						},
						"1.0": [-20, 0, 0]
					}
				},
				"foot_left": {
					"rotation": {
						"0.0": [27.5, 0, 0],
						"0.1667": [16.67, 0, 0],
						"0.5": {
							"pre": [-2.5, 0, 0],
							"post": [-2.5, 0, 0],
							"lerp_mode": "catmullrom"
						},
						"0.7083": {
							"post": [36.88, 0, 0],
							"lerp_mode": "catmullrom"
						},
						"0.8333": {
							"post": [36.25, 0, 0],
							"lerp_mode": "catmullrom"
						},
						"1.0": [27.5, 0, 0]
					}
				},
				"toes_left_front": {
					"rotation": {
						"0.0": [0, 0, 0],
						"0.125": [0, 0, 0],
						"0.625": [-1.5, 0, 0],
						"0.7917": [22.5, 0, 0],
						"0.9167": [-8.5, 0, 0],
						"1.0": [0, 0, 0]
					}
				},
				"leg_right": {
					"rotation": {
						"0.0": [40, 15, 0],
						"0.1667": [31, 15, 0],
						"0.4167": [-2.92, 15, 0],
						"0.5": [-10, 15, 0],
						"0.625": [-1.17, 15, 0],
						"1.0": [40, 15, 0]
					},
					"position": [0, "-0.25+math.clamp(Math.cos((query.anim_time) * 90 * 4 - 90) * 0.8 + 0.8,0.4,1.6)", 0]
				},
				"leg_right2": {
					"rotation": {
						"0.0": [-32.5, 0, 0],
						"0.25": {
							"pre": [-58.75, 0, 0],
							"post": [-58.75, 0, 0],
							"lerp_mode": "catmullrom"
						},
						"0.5": [-20, 0, 0],
						"1.0": [-32.5, 0, 0]
					}
				},
				"foot_right": {
					"rotation": {
						"0.0": [-2.5, 0, 0],
						"0.2083": {
							"pre": [36.88, 0, 0],
							"post": [36.88, 0, 0],
							"lerp_mode": "catmullrom"
						},
						"0.3333": {
							"post": [36.25, 0, 0],
							"lerp_mode": "catmullrom"
						},
						"0.5": [27.5, 0, 0],
						"0.6667": [16.67, 0, 0],
						"1.0": [-2.5, 0, 0]
					}
				},
				"toes_right_front": {
					"rotation": {
						"0.0": [-1.12, 0, 0],
						"0.125": [-1.5, 0, 0],
						"0.2917": [22.5, 0, 0],
						"0.4167": [-8.5, 0, 0],
						"0.5": [0, 0, 0],
						"0.625": [0, 0, 0],
						"1.0": [-1.12, 0, 0]
					}
				}
			}
		},
		"animation.operettot.air_idle": {
			"loop": true,
			"bones": {
				"body": {
					"rotation": ["12.5+Math.cos((query.anim_time) * 90 * 2 - 90) * 4", 0, 0],
					"position": [0, "2+Math.cos((query.anim_time) * 90 * 2) * -2", 0]
				},
				"dress_front": {
					"rotation": ["22.5+Math.cos((query.anim_time) * 90 * 2 - 100) * -7", 0, 0]
				},
				"dress_front2": {
					"rotation": [-12.5, 0, 0]
				},
				"dress_back": {
					"rotation": ["15+Math.cos((query.anim_time) * 90 * 2 - 100) * -7", 0, 0]
				},
				"dress_back2": {
					"rotation": [-15, 0, 0]
				},
				"dress_left": {
					"rotation": [0, 0, "-27.5+Math.cos((query.anim_time) * 90 * 2 - 100) * 7"]
				},
				"dress_left2": {
					"rotation": [0, 0, 12.5]
				},
				"dress_right": {
					"rotation": [0, 0, "27.5+Math.cos((query.anim_time) * 90 * 2 - 100) * -7"]
				},
				"dress_right2": {
					"rotation": [0, 0, -12.5]
				},
				"torso_upper": {
					"rotation": ["15+Math.cos((query.anim_time) * 90 * 2 - 130) * 4", 0, 0]
				},
				"head": {
					"rotation": ["-12.5+Math.cos((query.anim_time) * 90 * 2 - 100) * -7", 0, 0],
					"position": [0, -0.44351, -0.23087]
				},
				"feather_left": {
					"rotation": [0, 20, 22.5]
				},
				"feather_right": {
					"rotation": [0, -20, -22.5]
				},
				"wing_left": {
					"rotation": [75, 0, "0+Math.cos((query.anim_time) * 90 * 2 + 40) * -30"]
				},
				"wing_left1": {
					"rotation": [0, "0+Math.cos((query.anim_time) * 90 * 2 - 40) * -20", -15]
				},
				"wing_left2": {
					"rotation": [0, "0+Math.cos((query.anim_time) * 90 * 2 - 100) * -20", -10]
				},
				"finger_left1": {
					"rotation": [0, "0+Math.cos((query.anim_time) * 90 * 2 - 160) * -20", -10]
				},
				"finger_left2": {
					"rotation": [0, "0+Math.cos((query.anim_time) * 90 * 2 - 160) * -20", 0]
				},
				"finger_left3": {
					"rotation": [0, "0+Math.cos((query.anim_time) * 90 * 2 - 160) * -20", 17.5]
				},
				"wing_right": {
					"rotation": [75, 0, "0+Math.cos((query.anim_time) * 90 * 2 + 40) * 30"]
				},
				"wing_right1": {
					"rotation": [0, "0+Math.cos((query.anim_time) * 90 * 2 - 40) * 20", 15]
				},
				"wing_right2": {
					"rotation": [0, "0+Math.cos((query.anim_time) * 90 * 2 - 100) * 20", 10]
				},
				"finger_right1": {
					"rotation": [0, "0+Math.cos((query.anim_time) * 90 * 2 - 160) * 20", 10]
				},
				"finger_right2": {
					"rotation": [0, "0+Math.cos((query.anim_time) * 90 * 2 - 160) * 20", 0]
				},
				"finger_right3": {
					"rotation": [0, "0+Math.cos((query.anim_time) * 90 * 2 - 160) * 20", -17.5]
				},
				"tail": {
					"rotation": ["-7.5+Math.cos((query.anim_time) * 90 * 2 - 100) * -15", 0, 0]
				},
				"tail2": {
					"rotation": ["0+Math.cos((query.anim_time) * 90 * 2 - 140) * -15", 0, 0]
				},
				"leg_left": {
					"rotation": [0, -17.5, 0]
				},
				"leg_left2": {
					"rotation": [-77.5, 0, 0]
				},
				"leg_right": {
					"rotation": [0, 17.5, 0]
				},
				"leg_right2": {
					"rotation": [-77.5, 0, 0]
				}
			}
		},
		"animation.operettot.air_fly": {
			"loop": true,
			"bones": {
				"body": {
					"rotation": ["22.5+Math.cos((query.anim_time) * 90 * 4 - 90) * 4", 0, 0],
					"position": [0, "2+Math.cos((query.anim_time) * 90 * 4) * -1.2", 0]
				},
				"dress_front": {
					"rotation": ["22.5+Math.cos((query.anim_time) * 90 * 4 - 100) * -7", 0, 0]
				},
				"dress_front2": {
					"rotation": [-12.5, 0, 0]
				},
				"dress_back": {
					"rotation": ["15+Math.cos((query.anim_time) * 90 * 4 - 100) * -7", 0, 0]
				},
				"dress_back2": {
					"rotation": [-15, 0, 0]
				},
				"dress_left": {
					"rotation": [0, 0, "-27.5+Math.cos((query.anim_time) * 90 * 4 - 100) * 7"]
				},
				"dress_left2": {
					"rotation": [0, 0, 12.5]
				},
				"dress_right": {
					"rotation": [0, 0, "27.5+Math.cos((query.anim_time) * 90 * 4 - 100) * -7"]
				},
				"dress_right2": {
					"rotation": [0, 0, -12.5]
				},
				"torso_upper": {
					"rotation": ["27.5+Math.cos((query.anim_time) * 90 * 4 - 130) * 4", 0, 0]
				},
				"head": {
					"rotation": ["-32.5+Math.cos((query.anim_time) * 90 * 4 - 100) * -7", 0, 0],
					"position": [0, -1.12001, -0.96731]
				},
				"feather_left": {
					"rotation": [0, 20, 22.5]
				},
				"feather_right": {
					"rotation": [0, -20, -22.5]
				},
				"wing_left": {
					"rotation": [62.5, 0, "0+Math.cos((query.anim_time) * 90 * 4 + 40) * -50"]
				},
				"wing_left1": {
					"rotation": [0, "0+Math.cos((query.anim_time) * 90 * 4 - 40) * -20", -15]
				},
				"wing_left2": {
					"rotation": [0, "0+Math.cos((query.anim_time) * 90 * 4 - 100) * -20", -10]
				},
				"finger_left1": {
					"rotation": [0, 0, -10]
				},
				"finger_left2": {
					"rotation": [0, 0, 0]
				},
				"finger_left3": {
					"rotation": [0, 0, 17.5]
				},
				"wing_right": {
					"rotation": [62.5, 0, "0+Math.cos((query.anim_time) * 90 * 4 + 40) * 50"]
				},
				"wing_right1": {
					"rotation": [0, "0+Math.cos((query.anim_time) * 90 * 4 - 40) * 20", 15]
				},
				"wing_right2": {
					"rotation": [0, "0+Math.cos((query.anim_time) * 90 * 4 - 100) * 20", 10]
				},
				"finger_right1": {
					"rotation": [0, 0, 10]
				},
				"finger_right2": {
					"rotation": [0, 0, 0]
				},
				"finger_right3": {
					"rotation": [0, 0, -17.5]
				},
				"tail": {
					"rotation": ["-42.5+Math.cos((query.anim_time) * 90 * 4 - 100) * -15", 0, 0]
				},
				"tail2": {
					"rotation": ["0+Math.cos((query.anim_time) * 90 * 4 - 140) * -15", 0, 0]
				},
				"leg_left": {
					"rotation": [0, -17.5, 0]
				},
				"leg_left2": {
					"rotation": [-77.5, 0, 0]
				},
				"leg_right": {
					"rotation": [0, 17.5, 0]
				},
				"leg_right2": {
					"rotation": [-77.5, 0, 0]
				}
			}
		},
		"animation.operettot.sleep": {
			"loop": true,
			"bones": {
				"body": {
					"position": [0, -4, 0]
				},
				"dress_front": {
					"rotation": [30, 0, 0],
					"position": [0, 0, 1]
				},
				"dress_front2": {
					"rotation": [7.5, 0, 0]
				},
				"dress_back": {
					"rotation": [32.5, 0, 0],
					"position": [0, 0, -1]
				},
				"dress_left": {
					"rotation": [0, 0, -47.5]
				},
				"dress_right": {
					"rotation": [0, 0, 47.5]
				},
				"torso_upper": {
					"rotation": ["-12.5+Math.cos((query.anim_time) * 90 * 1) * 1", 0, 0],
					"position": [0, -1.5, -0.5]
				},
				"head": {
					"rotation": ["30+Math.cos((query.anim_time) * 90 * 1 - 45) * 1", 0, 0],
					"position": [0, -0.16233, -0.73222]
				},
				"feather_left": {
					"rotation": [5, 10, 17.5]
				},
				"feather_right": {
					"rotation": [5, -10, -17.5]
				},
				"wing_left": {
					"rotation": [-60, "-65+Math.cos((query.anim_time) * 90 * 1) * -1", 20],
					"position": [1, 0.11054, -4.12162]
				},
				"wing_left1": {
					"rotation": [1.0204, -11.211, -12.41047]
				},
				"wing_left2": {
					"rotation": [0, -10, -27.5]
				},
				"finger_left1": {
					"rotation": [0, -10, -15]
				},
				"finger_left2": {
					"rotation": [0, -5, -5]
				},
				"wing_right": {
					"rotation": [-60, "65+Math.cos((query.anim_time) * 90 * 1) * 1", -20],
					"position": [-1, 0.11054, -4.12162]
				},
				"wing_right1": {
					"rotation": [1.0204, 11.211, 12.41047]
				},
				"wing_right2": {
					"rotation": [0, 10, 27.5]
				},
				"finger_right1": {
					"rotation": [0, 10, 15]
				},
				"finger_right2": {
					"rotation": [0, 5, 5]
				},
				"tail": {
					"rotation": [-72.5, 0, 0]
				},
				"tail2": {
					"rotation": [12.5, 0, 0]
				},
				"leg_left": {
					"position": [0, 4, 1]
				},
				"leg_right": {
					"position": [0, 4, 1]
				}
			}
		},
		"animation.operettot.faint": {
			"loop": true,
			"animation_length": 3,
			"bones": {
				"body": {
					"rotation": {
						"0.0": [0, 0, 0],
						"0.2917": [0, 0, 0],
						"0.4167": {
							"pre": [-17.5, 0, 0],
							"post": [-17.5, 0, 0],
							"lerp_mode": "catmullrom"
						},
						"0.75": {
							"post": [-17.5, 0, 0],
							"lerp_mode": "catmullrom"
						},
						"0.875": [-2.5, 0, 0],
						"1.0": [0, 2.5, 0],
						"1.1667": [0, 7.5, 0],
						"1.4583": [0, 34, 0],
						"1.7083": [0, 47.85, 0],
						"1.9167": [0, 51.75, 0],
						"2.0833": {
							"pre": [14.46375, 44.4076, 19.02909],
							"post": [14.46375, 44.4076, 19.02909],
							"lerp_mode": "catmullrom"
						},
						"2.25": {
							"post": [49.97313, 1.91486, 88.39243],
							"lerp_mode": "catmullrom"
						},
						"2.3333": [49.56754, -7.64427, 96.46635],
						"2.4167": {
							"pre": [49.32185, 3.04385, 81.88981],
							"post": [49.32185, 3.04385, 81.88981],
							"lerp_mode": "catmullrom"
						},
						"2.5417": {
							"post": [48.65802, 6.81791, 78.54304],
							"lerp_mode": "catmullrom"
						},
						"2.6667": [50, 0, 90]
					},
					"position": {
						"0.0": [0, 0, 0],
						"0.2083": [0, 0, -0.75],
						"0.375": [0, "11.77+Math.cos((query.anim_time) * 90 * 24 - 30) * 0.3", 7.76],
						"0.5833": [0, "14.75+Math.cos((query.anim_time) * 90 * 24 - 30) * 0.9", 12.94],
						"0.7917": [0, "11.67+Math.cos((query.anim_time) * 90 * 24 - 30) * 0.3", 15.4],
						"0.9583": [0, 0.96, 15.46],
						"1.0417": [0, 0, 15.5],
						"2.125": [0, 0, 15.5],
						"2.25": [0, -3, 15.5],
						"2.375": [0, -2, 15.5]
					}
				},
				"dress_front": {
					"rotation": {
						"0.0": [0, 0, 0],
						"0.2917": [0, 0, 0],
						"0.8333": [30, 0, 0],
						"1.2917": [0, 0, 0]
					}
				},
				"dress_back": {
					"rotation": {
						"0.0": [0, 0, 0],
						"0.2917": [0, 0, 0],
						"0.4167": [-18.08, 0, 0],
						"0.8333": [30, 0, 0],
						"1.2917": [0, 0, 0]
					}
				},
				"dress_left": {
					"rotation": {
						"0.0": [0, 0, -7.5],
						"0.2917": [0, 0, 0],
						"0.6667": [0, 0, -12.5],
						"0.875": [0, 0, -45],
						"1.1667": [0, 0, -19],
						"1.2917": [0, 0, -15],
						"1.75": [0, 0, -12.5],
						"2.2083": [0, 0, -2.5]
					}
				},
				"dress_right": {
					"rotation": {
						"0.0": [0, 0, 7.5],
						"0.2917": [0, 0, 0],
						"0.6667": [0, 0, 12.5],
						"0.875": [0, 0, 45],
						"1.1667": [0, 0, 19],
						"1.2917": [0, 0, 15],
						"1.75": [0, 0, 12.5],
						"2.2083": [0, 0, 2.5],
						"2.375": [0, 0, 27.5],
						"2.5833": [0, 0, 8.75],
						"2.7917": [0, 0, 5]
					}
				},
				"torso_upper": {
					"rotation": {
						"0.0": [0, 0, 0],
						"0.2083": [-5, 0, 0],
						"0.4583": [17.25, 0, 0],
						"0.6667": [16.775, 0, 0],
						"0.9167": [2.925, 0, 0],
						"1.0417": [-0.875, 0, 0],
						"1.1667": [-2.5, 0, 0],
						"1.2917": [12.5, 0, 0],
						"1.4167": [14.695, 0, 4],
						"1.6667": [-12.65, 0, 14.3],
						"1.9167": [-20, 0, 17.45],
						"2.0833": {
							"pre": [-20, 0, 10.3],
							"post": [-20, 0, 10.3],
							"lerp_mode": "catmullrom"
						},
						"2.1667": {
							"post": [-20, 0, -20],
							"lerp_mode": "catmullrom"
						},
						"2.3333": {
							"post": [-20, 0, 10],
							"lerp_mode": "catmullrom"
						},
						"2.4167": {
							"post": [-20, 0, 5.6],
							"lerp_mode": "catmullrom"
						},
						"2.5833": {
							"post": [-20, 0, -12.5],
							"lerp_mode": "catmullrom"
						},
						"2.7083": [-20, 0, -0.975],
						"2.75": [-20, 0, 0]
					}
				},
				"head": {
					"rotation": {
						"0.0": [12.5, 0, 0],
						"0.2083": [8.44, 0, 0],
						"0.3333": [30, 0, 0],
						"0.9583": [22.5, 0, 0],
						"1.0833": [14, 0, 0],
						"1.1667": [12.5, 0, 0],
						"1.375": [12.5, 0, 0],
						"1.5833": [-2.5, 0, 10],
						"2.0417": [-2.5, 0, 10],
						"2.2083": [-2.5, 0, -30],
						"2.3333": [0, 0, 0],
						"2.5417": [0, 0, -7.5],
						"2.75": [0, 0, 10],
						"2.875": [0, 0, 12.5]
					}
				},
				"feather_left": {
					"rotation": {
						"0.0": [0, 0, 0],
						"0.2083": [0, 0, 0],
						"0.4167": [0, 0, 25]
					}
				},
				"feather_right": {
					"rotation": {
						"0.0": [0, 0, 0],
						"0.2083": [0, 0, 0],
						"0.4167": [0, 0, -25]
					}
				},
				"eyelid_left": {
					"position": {
						"0.2083": [0, 0, 0],
						"0.25": [1.1, 0.24759, -1.16886],
						"0.875": [1.1, 0.24759, -1.16886],
						"0.9167": [0, 0, 0],
						"1.4167": [0, 0, 0],
						"1.4583": [1.1, 0.24759, -1.16886]
					}
				},
				"eyelid_right": {
					"position": {
						"0.2083": [0, 0, 0],
						"0.25": [-1.1, 0.24759, -1.16886],
						"0.875": [-1.1, 0.24759, -1.16886],
						"0.9167": [0, 0, 0],
						"1.4167": [0, 0, 0],
						"1.4583": [-1.1, 0.24759, -1.16886]
					}
				},
				"beak_bottom": {
					"rotation": {
						"1.3333": [0, 0, 0],
						"1.5417": [4.38, 0, 0],
						"1.6667": [35, 0, 0],
						"2.1667": [35, 0, 0],
						"2.3333": [0, 0, 0]
					}
				},
				"wing_left": {
					"rotation": {
						"0.0": [109, -7.5, 37.5],
						"0.25": [100.25, -7.5, 60],
						"0.3333": [83, 22.5, "-13.25+Math.cos((query.anim_time) * 90 * 24) * 20"],
						"0.7083": [83, 14, "-13.25+Math.cos((query.anim_time) * 90 * 24) * 20"],
						"0.875": [99.75, -7.5, -29.75],
						"0.9583": [102.5, -7.5, -24.25],
						"1.125": [101, -7.5, 25.5],
						"1.2083": [93.975, -7.5, 31],
						"1.4583": [38.98, -17.5, -29],
						"2.125": {
							"pre": [38.98, -17.5, -34],
							"post": [38.98, -17.5, -34],
							"lerp_mode": "catmullrom"
						},
						"2.3333": {
							"post": [88.15, 12.5, -110.67],
							"lerp_mode": "catmullrom"
						},
						"2.5": {
							"post": [101.48, 12.5, -56.5],
							"lerp_mode": "catmullrom"
						},
						"2.7083": [96.48, 5, -84.5]
					},
					"position": {
						"2.125": [0, 0, 0],
						"2.2917": [-2.25, 0, 0],
						"2.75": [-1.75, 0, 0]
					}
				},
				"wing_left1": {
					"rotation": {
						"0.0": [0, 0, -20],
						"0.25": [0, 0, 0],
						"0.3333": [0, "0+Math.cos((query.anim_time) * 90 * 24 - 90) * 50", -2.5],
						"0.7083": [0, "0+Math.cos((query.anim_time) * 90 * 24 - 90) * 20", -2.5],
						"0.8333": [0, 0, 0],
						"0.9583": [0, 22.5, 0],
						"1.125": [0, 21.39, 0],
						"1.5417": [0, 3.89, -45]
					}
				},
				"wing_left2": {
					"rotation": {
						"0.0": [0, 0, -15],
						"0.25": [0, 0, 0],
						"0.3333": [0, "0+Math.cos((query.anim_time) * 90 * 24 - 180) * 50", -2.5],
						"0.7083": [0, "0+Math.cos((query.anim_time) * 90 * 24 - 180) * 20", -2.5],
						"0.8333": [0, 0, 0],
						"1.0": [0, 22.5, 0],
						"1.1667": [0, 17.5, 0],
						"1.625": [0, 2.5, -42.5],
						"2.2917": {
							"pre": [10, 7.5, -42.5],
							"post": [10, 7.5, -42.5],
							"lerp_mode": "catmullrom"
						},
						"2.375": {
							"post": [5, -2.5, -42.5],
							"lerp_mode": "catmullrom"
						},
						"2.8333": [5, 2.5, -42.5]
					}
				},
				"finger_left1": {
					"rotation": [0, 0, -15]
				},
				"finger_left3": {
					"rotation": [0, 0, 15]
				},
				"wing_right": {
					"rotation": {
						"0.0": [109, 7.5, -37.5],
						"0.25": [100.25, 7.5, -60],
						"0.3333": [83, -22.5, "13.25+Math.cos((query.anim_time) * 90 * 24) * -20"],
						"0.7083": [83, -14, "13.25+Math.cos((query.anim_time) * 90 * 24) * -20"],
						"0.875": [99.75, 7.5, 29.75],
						"0.9583": [102.5, 7.5, 24.25],
						"1.125": [101, 7.5, -25.5],
						"1.2083": [93.975, 7.5, -31],
						"1.3333": [62.5, -45, -31],
						"1.4583": ["60+Math.cos((query.anim_time) * 90 * 18 - 90) * 20", -45, -31],
						"2.0833": ["60+Math.cos((query.anim_time) * 90 * 18 - 90) * 20", -45, -31],
						"2.1667": [47.5, -15, 4],
						"2.2083": [47.5, -7.5, -0.5],
						"2.4167": [77.5, -17.5, -78.5],
						"2.5833": [47.5, -17.5, -48.65],
						"2.6667": [68.5, -17.5, -40.75],
						"2.8333": [82.5, -17.5, -71],
						"2.875": [82.5, -17.5, -75.5]
					}
				},
				"wing_right1": {
					"rotation": {
						"0.0": [0, 0, 20],
						"0.25": [0, 0, 0],
						"0.3333": [0, "0+Math.cos((query.anim_time) * 90 * 24 - 90) * -50", 2.5],
						"0.7083": [0, "0+Math.cos((query.anim_time) * 90 * 24 - 90) * -20", 2.5],
						"0.8333": [0, 0, 0],
						"0.9583": [0, -22.5, 0],
						"1.125": [0, -21.39, 0],
						"1.25": [0, -11.8, 0],
						"1.3333": [0, -10.575, 0],
						"1.5417": [0, -10.57, 32.5],
						"1.6667": [0, -10.57, 32.5],
						"2.0417": [0, -10.57, 32.5],
						"2.2083": [0, -10.57, 5],
						"2.375": [0, 24.43, 5],
						"2.5": [0, -38.07, 5],
						"2.7083": [0, 4.43, 5],
						"2.9167": [0, -8.07, 5]
					}
				},
				"wing_right2": {
					"rotation": {
						"0.0": [0, 0, 15],
						"0.25": [0, 0, 0],
						"0.3333": [0, "0+Math.cos((query.anim_time) * 90 * 24 - 180) * -50", 2.5],
						"0.7083": [0, "0+Math.cos((query.anim_time) * 90 * 24 - 180) * -20", 2.5],
						"0.8333": [0, 0, 0],
						"1.0": [0, -22.5, 0],
						"1.1667": [0, -17.5, 0],
						"1.3333": [0, -2.625, 0],
						"1.4167": [0, 0, 0],
						"1.625": [0, "0+Math.cos((query.anim_time) * 90 * 18 - 150) * 20", 45],
						"2.0833": [0, "0+Math.cos((query.anim_time) * 90 * 18 - 150) * 20", 45],
						"2.1667": [0, 0, 30]
					}
				},
				"finger_right1": {
					"rotation": [0, 0, 15]
				},
				"finger_right3": {
					"rotation": [0, 0, -15]
				},
				"tail": {
					"rotation": {
						"0.0": [-10, 0, 0],
						"0.2083": [0, 0, 0],
						"0.4167": [-42.5, 0, 0],
						"0.9583": [-7.5, 0, 0],
						"1.0833": [-2.5, 0, 0],
						"1.3333": [-2.5, -20, 0],
						"1.7917": [-2.5, 5, 0],
						"2.0833": [-2.5, 5, 0],
						"2.2083": [-2.5, 5, -30],
						"2.5": [-2.5, 5, 24],
						"2.5833": [-2.5, 5, 29]
					}
				},
				"tail2": {
					"rotation": [12.5, 0, 0]
				},
				"leg_left": {
					"rotation": {
						"0.0": [0, 0, 0],
						"0.2917": [0, 0, 0],
						"0.4583": [-32.5, 0, 0],
						"0.875": [-19.81, 0, 0],
						"1.0": [0, 0, 0],
						"1.5417": [0, -57.5, 0],
						"2.2083": [0, -56, -15],
						"2.375": [0, 27.5, -37.5],
						"2.5417": [0, 27.5, -25],
						"2.6667": [0, 27.5, -22.5]
					}
				},
				"leg_left2": {
					"rotation": {
						"0.2917": [0, 0, 0],
						"0.4583": [-35, 0, 0],
						"0.9583": [-35, 0, 0],
						"1.125": [12.5, 0, 0],
						"2.0": [0, 0, 0],
						"2.2083": [65, 0, 0],
						"2.375": [-14.75, 0, 0],
						"2.5": [-25, -22.5, 10],
						"2.7083": [-25, -35, -10]
					}
				},
				"leg_right": {
					"rotation": {
						"0.0": [0, 0, 0],
						"0.2917": [0, 0, 0],
						"0.4583": [-32.5, 0, 0],
						"0.875": [-19.81, 0, 0],
						"1.0": [0, 0, 0],
						"1.5417": [0, -27.5, 0],
						"2.2083": [0, -27.5, 15],
						"2.375": [0, -27.5, -37.5],
						"2.5417": [0, -27.5, -25],
						"2.6667": [0, -27.5, -22.5]
					}
				},
				"leg_right2": {
					"rotation": {
						"0.2917": [0, 0, 0],
						"0.4583": [-35, 0, 0],
						"0.9583": [-35, 0, 0],
						"1.125": [12.5, 0, 0],
						"2.0": [0, 0, 0],
						"2.2083": [65, 0, 0],
						"2.375": [-14.75, 0, 0],
						"2.5": [-25, 0, 0]
					}
				}
			}
		},
		"animation.operettot.blink": {
			"animation_length": 0.16667,
			"bones": {
				"eyelid_left": {
					"position": {
						"0.0": [1.025, 0.35, -1.025],
						"0.125": [1.025, 0.35, -1.025],
						"0.1667": [0, 0, 0]
					}
				},
				"eyelid_right": {
					"position": {
						"0.0": [-1.025, 0.35, -1.025],
						"0.125": [-1.025, 0.35, -1.025],
						"0.1667": [0, 0, 0]
					}
				}
			}
		},
		"animation.operettot.disassembled": {
			"loop": true,
			"bones": {
				"dress_front": {
					"position": [0, 0, -12]
				},
				"dress_front2": {
					"position": [-5, 0, 0]
				},
				"dress_back": {
					"position": [0, 0, 8]
				},
				"dress_back2": {
					"position": [-4, 0, 0]
				},
				"dress_left": {
					"position": [16, 0, 0]
				},
				"dress_left2": {
					"position": [-6, 0, 0]
				},
				"torso_upper": {
					"position": [0, 10, 0]
				},
				"head": {
					"position": [0, 9, 0]
				},
				"eye_left": {
					"position": [12, 0, 0]
				},
				"eyelid_left": {
					"position": [-2, 0, 0]
				},
				"wing_left": {
					"position": [15, 0, 0]
				},
				"tail": {
					"position": [0, 0, 16]
				},
				"leg_left": {
					"position": [27, 0, 0]
				},
				"leg_left2": {
					"position": [5, 0, 0]
				},
				"foot_left": {
					"position": [7, 0, 0]
				}
			}
		}
	}
}