{
	"format_version": "1.8.0",
	"animations": {
		"animation.palossand_delta.pose": {
			"loop": true,
			"bones": {
				"arm_right": {
					"rotation": [32.42232, 3.45071, -0.76768]
				},
				"hand_right": {
					"rotation": [10, 0, 0]
				},
				"finger_right1": {
					"rotation": [-10, 0, 0]
				},
				"finger_right2": {
					"rotation": [0, 0, 10]
				},
				"finger_right3": {
					"rotation": [0, 0, -32.5]
				},
				"arm_left": {
					"rotation": [29.80253, -25.71496, -0.33924]
				},
				"hand_left": {
					"rotation": [45, 0, 0]
				},
				"finger_left1": {
					"rotation": [-17.5, 0, 0]
				},
				"finger_left2": {
					"rotation": [0, 0, -30]
				},
				"finger_left3": {
					"rotation": [0, 0, 45]
				}
			}
		}
	}
}