{
	"format_version": "1.8.0",
	"animations": {
		"animation.sableye_delta_mega.pose": {
			"loop": true,
			"bones": {
				"gem": {
					"rotation": [0, 0, 25],
					"position": [-2, 0, 0]
				},
				"head": {
					"rotation": [0, 0, 25]
				},
				"arm_right": {
					"rotation": [-58.98996, -26.32776, -14.92735]
				},
				"arm_right2": {
					"rotation": [0, -35, 0]
				},
				"arm_left": {
					"rotation": [25.26795, 53.54818, 82.90531]
				},
				"arm_left2": {
					"rotation": [0, 62.5, 0]
				},
				"leg_right": {
					"rotation": [-32.19157, 3.81024, 9.25249]
				},
				"leg_right2": {
					"rotation": [37.5, 0, 0]
				},
				"foot_right": {
					"rotation": [0, 0, -10]
				},
				"leg_left": {
					"rotation": [-20, 0, -20]
				},
				"leg_left2": {
					"rotation": [25, 0, 0]
				},
				"foot_left": {
					"rotation": [0, 0, 17.5]
				}
			}
		}
	}
}