{
	"format_version": "1.8.0",
	"animations": {
		"animation.shellos_delta.ground_idle": {
			"loop": true,
			"bones": {
				"neck": {
					"rotation": ["5+math.sin(q.anim_time*30*4)*1", "0+math.sin(q.anim_time*30*2)*1", "0+math.sin(q.anim_time*30*3)*2"],
					"position": [0, 0.25, 0]
				},
				"horn": {
					"position": [0, 0, 0]
				},
				"head": {
					"rotation": [-2.5, 0, "0+math.sin(q.anim_time*30*3)*4"]
				},
				"spike1": {
					"rotation": [0, 0, 45]
				},
				"spike2": {
					"rotation": [0, 0, -45]
				},
				"spike4": {
					"rotation": [0, 0, 45]
				},
				"spike5": {
					"rotation": [0, 0, -45]
				},
				"horn1": {
					"rotation": [-15, 0, "-30+math.sin(q.anim_time*30*3)*12"]
				},
				"horn2": {
					"rotation": [-15, 0, "15+math.sin(q.anim_time*30*3.5)*8"]
				},
				"horn3": {
					"rotation": [-10, 0, "-10+math.sin(q.anim_time*30*3.5)*4"]
				},
				"horn4": {
					"rotation": [-15, 0, "30+math.sin(q.anim_time*30*3)*12"]
				},
				"horn5": {
					"rotation": [-15, 0, "-15+math.sin(q.anim_time*30*3.5)*8"]
				},
				"horn6": {
					"rotation": [-10, 0, "10+math.sin(q.anim_time*30*3.5)*4"]
				},
				"horn7": {
					"rotation": [-15, 0, "0+math.sin(q.anim_time*30*3)*8"]
				},
				"horn8": {
					"rotation": [-15, 0, "0+math.sin(q.anim_time*30*3.5)*4"]
				},
				"horn9": {
					"rotation": [-10, 0, "0+math.sin(q.anim_time*30*3.5)*4"]
				},
				"leg1": {
					"rotation": [0, "20-math.sin(q.anim_time*30*8)", 0],
					"position": [0, 0, 1]
				},
				"leg2": {
					"rotation": [0, "5+math.sin(q.anim_time*30*8)", 0],
					"position": [0, 0, 0.5]
				},
				"leg3": {
					"rotation": [0, "-5-math.sin(q.anim_time*30*8)", 0],
					"position": [0, 0, -0.5]
				},
				"leg4": {
					"rotation": [0, "-20+math.sin(q.anim_time*30*8)", 0],
					"position": [0, 0, -1]
				},
				"leg8": {
					"rotation": [0, "20+math.sin(q.anim_time*30*8)", 0],
					"position": [0, 0, -1]
				},
				"leg5": {
					"rotation": [0, "-20-math.sin(q.anim_time*30*8)", 0],
					"position": [0, 0, 1]
				},
				"leg6": {
					"rotation": [0, "-5+math.sin(q.anim_time*30*8)", 0],
					"position": [0, 0, 0.5]
				},
				"leg7": {
					"rotation": [0, "5-math.sin(q.anim_time*30*8)", 0],
					"position": [0, 0, -0.5]
				},
				"torso": {
					"rotation": ["-2+math.sin(q.anim_time*30*2)*-1.1", 0, 0],
					"position": [0, "0+math.sin(q.anim_time*30*2)*-0.1", 0]
				},
				"neck2": {
					"rotation": [0, 0, "0+math.sin(q.anim_time*30*3)*2"],
					"position": [0, 0, 0]
				},
				"horn_right2": {
					"rotation": [-20, 0, "40+math.sin(q.anim_time*30*3)*4"],
					"position": [-0.75, 0.5, 0]
				},
				"horn_left2": {
					"rotation": [-20, 0, "-40+math.sin(q.anim_time*30*3)*4"],
					"position": [0.75, 0.5, 0]
				},
				"horn_left3": {
					"rotation": [0, 0, "-20+math.sin(q.anim_time*30*3)*8"],
					"position": [-0.1, 0, 0]
				},
				"horn_right3": {
					"rotation": [0, 0, "20+math.sin(q.anim_time*30*3)*8"],
					"position": [0.1, 0, 0]
				},
				"spike3": {
					"position": [0, 0, 0]
				},
				"spike6": {
					"rotation": [-45, 0, 0]
				}
			}
		},
		"animation.shellos_delta.ground_walk": {
			"loop": true,
			"bones": {
				"neck": {
					"rotation": [5, 0, 0],
					"position": [0, 0.25, 0]
				},
				"horn": {
					"position": [0, 0, 0]
				},
				"head": {
					"rotation": [-2.5, 0, 0]
				},
				"spike1": {
					"rotation": [0, 0, 45]
				},
				"spike2": {
					"rotation": [0, 0, -45]
				},
				"spike4": {
					"rotation": [0, 0, 45]
				},
				"spike5": {
					"rotation": [0, 0, -45]
				},
				"horn1": {
					"rotation": [-15, 0, -30]
				},
				"horn2": {
					"rotation": [-15, 0, 15]
				},
				"horn3": {
					"rotation": [-10, 0, -10]
				},
				"horn4": {
					"rotation": [-15, 0, 30]
				},
				"horn5": {
					"rotation": [-15, 0, -15]
				},
				"horn6": {
					"rotation": [-10, 0, 10]
				},
				"horn7": {
					"rotation": [-15, 0, 0]
				},
				"horn8": {
					"rotation": [-15, 0, 0]
				},
				"horn9": {
					"rotation": [-10, 0, 0]
				},
				"leg1": {
					"rotation": [0, "20-math.sin(q.anim_time*30*8)", 0],
					"position": [0, 0, 1]
				},
				"leg2": {
					"rotation": [0, "5+math.sin(q.anim_time*30*8)", 0],
					"position": [0, 0, 0.5]
				},
				"leg3": {
					"rotation": [0, "-5-math.sin(q.anim_time*30*8)", 0],
					"position": [0, 0, -0.5]
				},
				"leg4": {
					"rotation": [0, "-20+math.sin(q.anim_time*30*8)", 0],
					"position": [0, 0, -1]
				},
				"leg8": {
					"rotation": [0, "20+math.sin(q.anim_time*30*8)", 0],
					"position": [0, 0, -1]
				},
				"leg5": {
					"rotation": [0, "-20-math.sin(q.anim_time*30*8)", 0],
					"position": [0, 0, 1]
				},
				"leg6": {
					"rotation": [0, "-5+math.sin(q.anim_time*30*8)", 0],
					"position": [0, 0, 0.5]
				},
				"leg7": {
					"rotation": [0, "5-math.sin(q.anim_time*30*8)", 0],
					"position": [0, 0, -0.5]
				},
				"torso": {
					"rotation": [0, 0, 0],
					"position": [0, 0, 0]
				},
				"neck2": {
					"rotation": [0, 0, 0],
					"position": [0, 0, 0]
				},
				"horn_right2": {
					"rotation": [-20, 0, 40],
					"position": [-0.75, 0.5, 0]
				},
				"horn_left2": {
					"rotation": [-20, 0, -40],
					"position": [0.75, 0.5, 0]
				},
				"horn_left3": {
					"rotation": [0, 0, -20],
					"position": [-0.1, 0, 0]
				},
				"horn_right3": {
					"rotation": [0, 0, 20],
					"position": [0.1, 0, 0]
				},
				"spike3": {
					"position": [0, 0, 0]
				},
				"spike6": {
					"rotation": [-45, 0, 0]
				},
				"body": {
					"rotation": ["-2-math.clamp(math.sin(q.anim_time*90*2)*0.25,0,2)-math.clamp(math.sin(q.anim_time*90*2)*0.25,-2,0)", 0, 0],
					"position": [
						0,
						0,
						"0.5*(-math.clamp(math.sin(q.anim_time*90*2*1+30)*1,1,1)-math.clamp(math.sin(q.anim_time*90*2*1+30)*1,1,1)+math.clamp(math.sin(q.anim_time*90*2*1-90+120)*1,-0.25,1))"
					]
				}
			}
		},
		"animation.shellos_delta.blink": {
			"animation_length": 0.16667
		}
	}
}