{
	"format_version": "1.8.0",
	"animations": {
		"animation.shrookle.ground_idle": {
			"loop": true,
			"bones": {
				"arm_top_left": {
					"rotation": [48.2367, 15.18892, -13.16783],
					"position": [0, 0, -4]
				},
				"head": {
					"rotation": [-17.5, 0, 0]
				},
				"arm_top_left2": {
					"rotation": [0, 0, -45]
				},
				"arm_top_left3": {
					"rotation": [0, 0, -35]
				},
				"arm_top_right": {
					"rotation": [48.85235, 17.36737, -24.77241]
				},
				"arm_top_right2": {
					"rotation": [0, 0, 12.5]
				},
				"arm_top_right3": {
					"rotation": [0, 0, 52.5]
				},
				"neck": {
					"rotation": [-45, 0, 0]
				},
				"neck2": {
					"rotation": [60, 0, 0]
				},
				"body": {
					"rotation": [0, "0*1+q.anim_time*90*1.5", "0+math.sin(q.anim_time*90*5)*3"]
				},
				"arm_front_middle": {
					"rotation": ["0+Math.cos(q.anim_time*90*5) * -4", 0, 0]
				},
				"arm_back_middle": {
					"rotation": ["0+Math.cos(q.anim_time*90*5) * -4", 0, 0]
				},
				"arm_front_left": {
					"rotation": ["0+Math.cos(q.anim_time*90*5) * -4", 0, 0]
				},
				"arm_front_left2": {
					"rotation": [0, 0, 0]
				},
				"arm_front_right": {
					"rotation": ["0+Math.cos(q.anim_time*90*5) * -4", 0, 0]
				},
				"arm_back_right": {
					"rotation": ["0+Math.cos(q.anim_time*90*5) * -4", 0, 0]
				},
				"arm_back_left": {
					"rotation": ["0+Math.cos(q.anim_time*90*5) * -4", 0, 0]
				}
			}
		},
		"animation.shrookle.ground_walk": {
			"loop": true,
			"bones": {
				"arm_top_left": {
					"rotation": [48.2367, 15.18892, -13.16783],
					"position": [0, 0, -4]
				},
				"head": {
					"rotation": [-17.5, 0, 0]
				},
				"arm_top_left2": {
					"rotation": [0, 0, -45]
				},
				"arm_top_left3": {
					"rotation": [0, 0, -35]
				},
				"arm_top_right": {
					"rotation": [48.85235, 17.36737, -24.77241]
				},
				"arm_top_right2": {
					"rotation": [0, 0, 12.5]
				},
				"arm_top_right3": {
					"rotation": [0, 0, 52.5]
				},
				"neck": {
					"rotation": [-45, 0, 0]
				},
				"neck2": {
					"rotation": [60, 0, 0]
				},
				"body": {
					"rotation": [0, "0*1+q.anim_time*90*1.5", "0+math.sin(q.anim_time*90*6)*3"]
				},
				"arm_front_middle": {
					"rotation": ["0+Math.cos(q.anim_time*90*5) * -4", 0, 0]
				},
				"arm_back_middle": {
					"rotation": ["0+Math.cos(q.anim_time*90*5) * -4", 0, 0]
				},
				"arm_front_left": {
					"rotation": ["0+Math.cos(q.anim_time*90*5) * -4", 0, 0]
				},
				"arm_front_left2": {
					"rotation": [0, 0, 0]
				},
				"arm_front_right": {
					"rotation": ["0+Math.cos(q.anim_time*90*5) * -4", 0, 0]
				},
				"arm_back_right": {
					"rotation": ["0+Math.cos(q.anim_time*90*5) * -4", 0, 0]
				},
				"arm_back_left": {
					"rotation": ["0+Math.cos(q.anim_time*90*5) * -4", 0, 0]
				}
			}
		},
		"animation.shrookle.pose": {
			"loop": true,
			"bones": {
				"arm_top_left": {
					"rotation": [48.2367, 15.18892, -13.16783],
					"position": [0, 0, -4]
				},
				"head": {
					"rotation": [-17.5, 0, 0]
				},
				"arm_top_left2": {
					"rotation": [0, 0, -45]
				},
				"arm_top_left3": {
					"rotation": [0, 0, -35]
				},
				"arm_top_right": {
					"rotation": [48.85235, 17.36737, -24.77241]
				},
				"arm_top_right2": {
					"rotation": [0, 0, 12.5]
				},
				"arm_top_right3": {
					"rotation": [0, 0, 52.5]
				},
				"neck": {
					"rotation": [-45, 0, 0]
				},
				"neck2": {
					"rotation": [60, 0, 0]
				}
			}
		},
		"animation.shrookle.exploded": {
			"loop": true,
			"bones": {
				"leaf": {
					"position": [0, 0, -10]
				},
				"mushroom_big": {
					"position": [0, 0, 16]
				},
				"mushroom_small": {
					"position": [14, 0, 14]
				},
				"arm_front_middle": {
					"position": [0, 0, -15]
				},
				"bone": {
					"position": [0, 0, -6]
				},
				"arm_front_left": {
					"position": [15, 0, 0]
				},
				"arm_front_left2": {
					"position": [0, 0, -8]
				},
				"neck": {
					"position": [0, 10, 0]
				},
				"neck2": {
					"position": [0, 7, 0]
				},
				"head": {
					"position": [0, 11, 0]
				},
				"eye_left": {
					"position": [0, 0, -6]
				},
				"stick": {
					"position": [-19, 0, 0]
				},
				"arm_top_left": {
					"position": [7, 8, 0]
				},
				"arm_top_left2": {
					"position": [0, 4, 0]
				},
				"arm_top_left3": {
					"position": [0, 4, 0]
				},
				"mouth": {
					"position": [0, 0, -8]
				},
				"drool": {
					"position": [0, 0, -8]
				}
			}
		}
	}
}