{
	"format_version": "1.8.0",
	"animations": {
		"animation.sinisfee.ground_idle": {
			"loop": true,
			"bones": {
				"cup": {
					"rotation": ["-173.9885+math.sin(q.anim_time*90*0.75-90)*3", 0, "-179.7376+math.sin(q.anim_time*90*1.5-90)*3"],
					"position": ["0+math.sin(q.anim_time*90*1.5)*3", "5+math.sin(q.anim_time*90*3)*1", "0+math.sin(q.anim_time*90*3)*0.5"]
				},
				"smoke": {
					"rotation": [0, "0+math.sin(q.anim_time*90*5-90)*3.5", 0]
				},
				"neck": {
					"rotation": ["0+math.sin(q.anim_time*90*3-90)*0.5", 0, "0+math.sin(q.anim_time*90*3-90)*0.5"]
				}
			}
		},
		"animation.sinisfee.ground_walk": {
			"loop": true,
			"bones": {
				"cup": {
					"rotation": [-202.54928, "math.sin(q.anim_time*90*1.5-90)*4", "-181.7083+math.sin(q.anim_time*90*1.5+60)*3"],
					"position": ["0+math.sin(q.anim_time*90*1.5)*2", "5+math.sin(q.anim_time*90*3)*1", "4+math.sin(q.anim_time*90*3)*0.5"]
				},
				"smoke": {
					"rotation": [0, "0+math.sin(q.anim_time*90*5-90)*3.5", 0]
				},
				"neck": {
					"rotation": ["0+math.sin(q.anim_time*90*3-90)*0.5", 0, "0+math.sin(q.anim_time*90*3-90)*0.5"]
				}
			}
		}
	}
}