{
	"format_version": "1.8.0",
	"animations": {
		"animation.tinkatink_delta.ground_idle": {
			"loop": true,
			"bones": {
				"finger_left": {
					"rotation": [0, 0, 10]
				},
				"hammer": {
					"rotation": ["122.5+Math.cos((query.anim_time) * 90 * 2) * 0.5", -5, -10],
					"position": [0, -0.75, 0.25]
				},
				"finger_right": {
					"rotation": [0, 0, -10]
				},
				"leg_left": {
					"rotation": [0, -5, 0]
				},
				"leg_right": {
					"rotation": [0, 5, 0]
				},
				"hair": {
					"rotation": ["0+Math.cos((query.anim_time) * 90 * 2 - 120) * 5", 30, 0]
				},
				"hair4": {
					"rotation": ["0+Math.cos((query.anim_time) * 90 * 2 - 60) * -4", 0, 0]
				},
				"hair2": {
					"rotation": ["0+Math.cos((query.anim_time) * 90 * 2 - 180) * 4", 0, 0]
				},
				"arm_hammer_left": {
					"rotation": [-27.5, 22.5, "15+Math.cos((query.anim_time) * 90 * 2) * 2"]
				},
				"torso": {
					"rotation": ["0+Math.cos((query.anim_time) * 90 * 2 - 90) * -1", 0, 0],
					"position": [0, "-0.25+Math.cos((query.anim_time) * 90 * 2) * 0.15", 0]
				},
				"head": {
					"rotation": ["0+Math.cos((query.anim_time) * 90 * 2 - 60) * 2", 0, 0]
				},
				"pearl": {
					"position": [0, "0.25+Math.cos((query.anim_time) * 90 * 2 - 120) * 0.2", 0]
				},
				"arm_left": {
					"rotation": [-27.5, 22.5, "15+Math.cos((query.anim_time) * 90 * 2) * 2"],
					"position": [0, -0.75, 0]
				},
				"finger_left2": {
					"rotation": [0, 0, 15]
				},
				"finger_left3": {
					"rotation": [0, 0, 15]
				},
				"arm_right": {
					"rotation": [0, -22.5, "-25+Math.cos((query.anim_time) * 90 * 2 - 90) * 4"]
				},
				"finger_right2": {
					"rotation": [0, 0, -15]
				},
				"finger_right3": {
					"rotation": [0, 0, -15]
				}
			}
		},
		"animation.tinkatink_delta.ground_walk": {
			"loop": true,
			"animation_length": 1,
			"bones": {
				"hair3": {
					"rotation": ["0+Math.cos((query.anim_time) * 90 * 8 - 100) * 3", 0, 0]
				},
				"hair": {
					"rotation": ["0+Math.cos((query.anim_time) * 90 * 8 - 120) * 10", 12.5, "0+Math.cos((query.anim_time) * 90 * 4 - 180) * 10"]
				},
				"hair2": {
					"rotation": ["0+Math.cos((query.anim_time) * 90 * 8 - 180) * 8", 0, 0]
				},
				"finger_left": {
					"rotation": [0, 0, -42.5]
				},
				"hammer": {
					"rotation": [10, 0, "20+Math.cos((query.anim_time) * 90 * 8 - 180) * 10"]
				},
				"hammer2": {
					"rotation": [0, 0, 0]
				},
				"leg_left": {
					"rotation": {
						"0.0": [-3.75, -1.25, 0],
						"0.125": [-0.75, -0.275, 0],
						"0.25": [0, 0, 0],
						"0.5": [10, -0.825, 0],
						"0.75": [-10, -5, 0],
						"0.875": [-8.75, -6.25, 0],
						"1.0": [-3.75, -1.25, 0]
					},
					"position": {
						"0.0": [0, 0, -0.825],
						"0.0417": [0, -0.275, -0.74],
						"0.125": [0, 0, -0.575],
						"0.375": [0, 0, 0.42],
						"0.5": [0, 0, 0.75],
						"0.625": [0, 0.75, 0.5],
						"0.75": [0, 1, -0.05],
						"0.875": [0, 0.75, -0.575],
						"1.0": [0, 0, -0.825]
					}
				},
				"leg_right": {
					"rotation": {
						"0.0": [10, 0.825, 0],
						"0.25": [-10, 5, 0],
						"0.375": [-8.75, 6.25, 0],
						"0.5": [-3.75, 1.25, 0],
						"0.625": [-0.75, 0.275, 0],
						"0.75": [0, 0, 0],
						"1.0": [10, 0.825, 0]
					},
					"position": {
						"0.0": [0, 0, 0.75],
						"0.125": [0, 0.75, 0.5],
						"0.25": [0, 1, -0.05],
						"0.375": [0, 0.75, -0.575],
						"0.5": [0, 0, -0.825],
						"0.5417": [0, -0.275, -0.74],
						"0.625": [0, 0, -0.575],
						"0.875": [0, 0, 0.42],
						"1.0": [0, 0, 0.75]
					}
				},
				"arm_hammer_left": {
					"rotation": [0, "0+Math.cos((query.anim_time) * 90 * 4) * -12", "10+Math.cos((query.anim_time) * 90 * 8 - 130) * 5"]
				},
				"foot_left": {
					"rotation": {
						"0.0": [-3.75, -1.25, 0],
						"0.125": [-0.75, -0.275, 0],
						"0.25": [0, 0, 0],
						"0.5": [10, -0.825, 0],
						"0.75": [-10, -5, 0],
						"0.875": [-8.75, -6.25, 0],
						"1.0": [-3.75, -1.25, 0]
					},
					"position": {
						"0.0": [0, 0, -0.825],
						"0.0417": [0, -0.275, -0.74],
						"0.125": [0, 0, -0.575],
						"0.375": [0, 0, 0.42],
						"0.5": [0, 0, 0.75],
						"0.625": [0, 0.75, 0.5],
						"0.75": [0, 1, -0.05],
						"0.875": [0, 0.75, -0.575],
						"1.0": [0, 0, -0.825]
					}
				},
				"foot_right": {
					"rotation": {
						"0.0": [10, 0.825, 0],
						"0.25": [-10, 5, 0],
						"0.375": [-8.75, 6.25, 0],
						"0.5": [-3.75, 1.25, 0],
						"0.625": [-0.75, 0.275, 0],
						"0.75": [0, 0, 0],
						"1.0": [10, 0.825, 0]
					},
					"position": {
						"0.0": [0, 0, 0.75],
						"0.125": [0, 0.75, 0.5],
						"0.25": [0, 1, -0.05],
						"0.375": [0, 0.75, -0.575],
						"0.5": [0, 0, -0.825],
						"0.5417": [0, -0.275, -0.74],
						"0.625": [0, 0, -0.575],
						"0.875": [0, 0, 0.42],
						"1.0": [0, 0, 0.75]
					}
				},
				"torso": {
					"rotation": [
						"0+Math.cos((query.anim_time) * 90 * 8 - 90) * 3",
						"0+Math.cos((query.anim_time) * 90 * 4) * 6",
						"0+Math.cos((query.anim_time) * 90 * 4) * -3"
					],
					"position": [0, "0+Math.cos((query.anim_time) * 90 * 8) * -0.3", 0]
				},
				"head": {
					"rotation": [
						"0+Math.cos((query.anim_time) * 90 * 8 - 120) * -3",
						"0+Math.cos((query.anim_time) * 90 * 4 - 10) * -6",
						"0+Math.cos((query.anim_time) * 90 * 4 - 60) * 3"
					],
					"position": [0, "0+Math.cos((query.anim_time) * 90 * 8 - 60) * -0.1", 0]
				},
				"pearl": {
					"position": ["0+Math.cos((query.anim_time) * 90 * 4 - 90) * -0.3", "0.25+Math.cos((query.anim_time) * 90 * 8 - 90) * -0.2", 0]
				},
				"arm_left": {
					"rotation": [0, "47.5+Math.cos((query.anim_time) * 90 * 4) * -12", "10+Math.cos((query.anim_time) * 90 * 8 - 130) * 5"],
					"position": [0, -0.75, 0]
				},
				"arm_right": {
					"rotation": [0, "-32.5+Math.cos((query.anim_time) * 90 * 4) * -12", "-10+Math.cos((query.anim_time) * 90 * 8 - 130) * -5"],
					"position": [0, -0.75, 0]
				},
				"spear": {
					"rotation": [20, "Math.cos((query.anim_time) * 90 * 8 - 50) * -4", 0]
				}
			}
		},
		"animation.tinkatink_delta.water_idle": {
			"loop": true,
			"bones": {
				"body": {
					"rotation": ["35+Math.cos((query.anim_time) * 90 * 2 - 90) * 2", 0, 0],
					"position": [0, "0+Math.cos((query.anim_time) * 90 * 2) * -0.3", 0]
				},
				"foot_left": {
					"rotation": ["37.5+Math.cos((query.anim_time) * 90 * 2 - 160) * 6", -15, -7.5]
				},
				"foot_right": {
					"rotation": ["37.5+Math.cos((query.anim_time) * 90 * 2 - 160) * 6", 15, 7.5]
				},
				"head": {
					"rotation": ["-35+Math.cos((query.anim_time) * 90 * 2 - 45) * -3", 0, 0],
					"position": [0, 0.5, -0.75]
				},
				"pearl": {
					"position": [0, "0.25+Math.cos((query.anim_time) * 90 * 2 - 90) * -0.1", "0+Math.cos((query.anim_time) * 90 * 2) * -0.1"]
				},
				"arm_left": {
					"rotation": [0, 75, 0],
					"position": [0.75, -0.75, 0]
				},
				"arm_right": {
					"rotation": [0, -75, 0],
					"position": [-0.75, -0.75, 0]
				},
				"spear": {
					"rotation": [92.14772, 0.95308, -16.68503]
				}
			}
		},
		"animation.tinkatink_delta.water_swim": {
			"loop": true,
			"bones": {
				"body": {
					"rotation": ["35+Math.cos((query.anim_time) * 90 * 4 - 90) * 2", 0, 0],
					"position": [0, "0+Math.cos((query.anim_time) * 90 * 4) * -0.3", 0]
				},
				"foot_left": {
					"rotation": ["50+Math.cos((query.anim_time) * 90 * 8 - 160) * -20", -15, -7.5]
				},
				"foot_right": {
					"rotation": ["50+Math.cos((query.anim_time) * 90 * 8 - 160) * 20", 15, 7.5]
				},
				"head": {
					"rotation": ["-35+Math.cos((query.anim_time) * 90 * 4 - 45) * -3", 0, 0],
					"position": [0, 0.5, -0.75]
				},
				"pearl": {
					"position": [0, "0.25+Math.cos((query.anim_time) * 90 * 4 - 90) * -0.1", "0+Math.cos((query.anim_time) * 90 * 4) * -0.1"]
				},
				"arm_left": {
					"rotation": [60.15986, "-29.5982+Math.cos((query.anim_time) * 90 * 4 - 160) * -5", 25.4895],
					"position": [0, -0.5, 0]
				},
				"arm_right": {
					"rotation": [60.15986, "29.5982+Math.cos((query.anim_time) * 90 * 4 - 160) * 5", -25.4895],
					"position": [0, -0.5, 0]
				},
				"torso": {
					"rotation": [5, 0, 0]
				}
			}
		},
		"animation.tinkatink_delta.sleep": {
			"loop": true,
			"bones": {
				"hair": {
					"rotation": [-35, -50, 0]
				},
				"hair2": {
					"rotation": [0, 0, 20]
				},
				"hammer": {
					"rotation": [100, -27.5, 0],
					"position": [-1.63659, -1.07651, 3.16823]
				},
				"finger_right": {
					"rotation": [0, 0, 17.5]
				},
				"leg_left": {
					"rotation": [-10, 12.5, -5]
				},
				"leg_right": {
					"rotation": [-10, -12.5, 5]
				},
				"arm_hammer_left": {
					"rotation": [-85, 100, 0]
				},
				"body": {
					"rotation": [-90, 0, 0],
					"position": [0, -2.5, -2]
				},
				"foot_left": {
					"rotation": [0, -15, -15]
				},
				"foot_right": {
					"rotation": [0, 15, 15]
				},
				"torso": {
					"rotation": ["0+Math.cos((query.anim_time) * 90 * 1) * 2", 0, 0]
				},
				"head": {
					"rotation": ["7.5+Math.cos((query.anim_time) * 90 * 1) * -2", -5, 0]
				},
				"eyelid_left": {
					"position": [0, 0, -1]
				},
				"eyelid_right": {
					"position": [0, 0, -1]
				},
				"pearl": {
					"rotation": [-7.5, 5, 0],
					"position": [0, 0.075, -0.7]
				},
				"finger_right2": {
					"rotation": [0, 0, 37.5]
				},
				"finger_right3": {
					"rotation": [0, 0, 20]
				},
				"spear": {
					"rotation": [22.5, "5+Math.cos((query.anim_time) * 90 * 1) * 2", 92.5],
					"position": [-1.5, 1, 0]
				}
			}
		},
		"animation.tinkatink_delta.blink": {
			"animation_length": 0.16667,
			"bones": {
				"eyelid_left": {
					"position": {
						"0.0": [0, 0, -1],
						"0.125": [0, 0, -1],
						"0.1667": [0, 0, 0]
					}
				},
				"eyelid_right": {
					"position": {
						"0.0": [0, 0, -1],
						"0.125": [0, 0, -1],
						"0.1667": [0, 0, 0]
					}
				}
			}
		},
		"animation.tinkatink_delta.pose": {
			"loop": true,
			"bones": {
				"body": {
					"rotation": [-15, 0, 0]
				},
				"foot_left": {
					"rotation": [-25, 0, 0]
				},
				"torso": {
					"rotation": [10, 0, 0]
				},
				"head": {
					"rotation": [2.5, 0, 0]
				},
				"spear": {
					"rotation": [26.62747, 9.60533, 64.00783],
					"position": [-1, 1, 0.75]
				},
				"arm_left": {
					"rotation": [-77.62039, 8.53726, -34.0724]
				},
				"arm_right": {
					"rotation": [0, -37.5, 0]
				},
				"foot_right": {
					"rotation": [-7.5, 20, 0]
				},
				"finger_right1": {
					"position": [0, 0.75, 0]
				},
				"finger_right2": {
					"rotation": [0, -32.5, 0],
					"position": [0, 0.5, 0]
				},
				"finger_right3": {
					"rotation": [0, 27.5, 0],
					"position": [-0.25, -0.5, 0]
				}
			}
		},
		"animation.tinkatink_delta.exploded": {
			"loop": true,
			"bones": {
				"foot_left": {
					"position": [3, 0, 0]
				},
				"torso": {
					"position": [0, 1, 0]
				},
				"head": {
					"position": [0, 3, 0]
				},
				"pearl": {
					"position": [0, 4, 0]
				},
				"spear": {
					"position": [-6, 0, 0]
				},
				"arm_left": {
					"position": [4, 0, 0]
				},
				"arm_right": {
					"position": [-5, 0, 0]
				},
				"foot_right": {
					"position": [-3, 0, 0]
				}
			}
		}
	}
}