{
	"format_version": "1.8.0",
	"animations": {
		"animation.trainer_hasty.idle": {
			"loop": true,
			"bones": {
				"arm_left": {
					"rotation": [
						"0-2*math.clamp(math.sin(q.anim_time*90*1)*1+1,0,1)+2*math.clamp(-math.sin(q.anim_time*90*1)*1+1,0,1)",
						0,
						"-5-2*(math.sin(q.anim_time*90*1-90)*1+1)"
					]
				},
				"arm_right": {
					"rotation": [
						"0+2*math.clamp(math.sin(q.anim_time*90*1)*1+1,0,1)-2*math.clamp(-math.sin(q.anim_time*90*1)*1+1,0,1)",
						0,
						"5+2*(math.sin(q.anim_time*90*1-90)*1+1)"
					]
				},
				"torso": {
					"rotation": [2.5, 0, 0],
					"position": [0, "0.01*(math.sin(q.anim_time*90*1-90)*1+1)", 0.4]
				},
				"head": {
					"rotation": [-2.5, 0, 0]
				},
				"leg_right": {
					"rotation": [-2.5, 0, 3],
					"position": [0, 0, 0.5]
				},
				"leg_left": {
					"rotation": [-2.5, 0, -3],
					"position": [0, 0, 0.5]
				}
			}
		},
		"animation.trainer_hasty.idle_battle": {
			"loop": true,
			"bones": {
				"arm_right": {
					"rotation": [
						"8+2*math.clamp(math.sin(q.anim_time*90*1)*1+1,0,1)-2*math.clamp(-math.sin(q.anim_time*90*1)*1+1,0,1)",
						0,
						"6+2*(math.sin(q.anim_time*90*1-90)*1+1)"
					],
					"position": [0, 0.1, 0]
				},
				"torso": {
					"rotation": [8.5, 0, 0],
					"position": [0, "0.01*(math.sin(q.anim_time*90*3-90)*1+1)", 0.8]
				},
				"head": {
					"rotation": [-8.5, 0, 0]
				},
				"arm_left": {
					"rotation": [
						"8-2*math.clamp(math.sin(q.anim_time*90*1)*1+1,0,1)+2*math.clamp(-math.sin(q.anim_time*90*1)*1+1,0,1)",
						0,
						"-6-2*(math.sin(q.anim_time*90*1-90)*1+1)"
					],
					"position": [0, 0.1, 0]
				},
				"leg_right": {
					"rotation": [-3, 15.5, 5.5],
					"position": [-0.2, 0, 0.6]
				},
				"leg_left": {
					"rotation": [-3, -15.5, -5.5],
					"position": [0.2, 0, 0.6]
				}
			}
		},
		"animation.trainer_hasty.battle_intro": {
			"animation_length": 3,
			"bones": {
				"torso": {
					"rotation": {
						"0.25": [2.5, 0, 0],
						"1.375": {
							"pre": [-3.5, 0, 0],
							"post": [-3.5, 0, 0],
							"lerp_mode": "catmullrom"
						},
						"1.5417": {
							"post": [-0.07, 0, 0],
							"lerp_mode": "catmullrom"
						},
						"1.6667": [6.5, 0, 0],
						"1.7917": [8.5, 0, 0]
					},
					"position": {
						"0.0": [0, 0, 0.4],
						"0.25": [0, 0, 0.4],
						"1.7917": [0, 0, 0.8]
					}
				},
				"head": {
					"rotation": {
						"0.25": [-2.5, 0, 0],
						"1.4167": [-13, 0, 0],
						"1.625": [-7, 0, 0],
						"1.7917": [-8.5, 0, 0]
					}
				},
				"arm_ball": {
					"rotation": {
						"0.0": [8, 0, 6],
						"0.25": {
							"pre": [20, 0, -16.5],
							"post": [20, 0, -16.5],
							"lerp_mode": "catmullrom"
						},
						"0.5": {
							"post": [0, 0, 5],
							"lerp_mode": "catmullrom"
						},
						"0.7083": {
							"post": [-40, 5, 5],
							"lerp_mode": "catmullrom"
						},
						"0.9167": {
							"post": [-80.5, -7.5, -2],
							"lerp_mode": "catmullrom"
						},
						"1.125": {
							"post": [-121, 13, -8],
							"lerp_mode": "catmullrom"
						},
						"1.2917": [-153, 6.5, -8.5],
						"1.5833": {
							"pre": [-153, 7, -8],
							"post": [-153, 7, -8],
							"lerp_mode": "catmullrom"
						},
						"1.75": {
							"post": [-93, -0.5, -7.5],
							"lerp_mode": "catmullrom"
						},
						"1.8333": [-98, -0.5, -7.5]
					},
					"position": [0, 0.1, 0]
				},
				"arm_left": {
					"rotation": {
						"0.0": [0, 0, -5],
						"0.25": [0, 0, -5],
						"1.0": [13.81579, 0, -5],
						"1.25": {
							"pre": [17.5, 0, -5],
							"post": [17.5, 0, -5],
							"lerp_mode": "catmullrom"
						},
						"1.5417": {
							"post": [17.5, 0, -5],
							"lerp_mode": "catmullrom"
						},
						"1.7917": [34.89743, 2.86544, -9.09918]
					},
					"position": [0, 0.1, 0]
				},
				"pokeball": {
					"rotation": [90, 0, 0],
					"position": {
						"0.0": [1, -1, 1],
						"0.2917": {"pre": [1, -1, 1], "post": [-6, -18, 0]}
					}
				},
				"leg_right": {
					"rotation": {
						"0.0": [-2.5, 0, 3],
						"0.25": [-2.5, 0, 3],
						"1.4583": [-3.5, 0, 3],
						"1.75": [-3.5, 2.5, 3]
					},
					"position": {
						"0.0": [0, 0, 0.5],
						"0.25": [0, 0, 0.5],
						"1.4583": [-0.1, 0, 0.7],
						"1.75": [-0.1, 0, 0.7]
					}
				},
				"leg_left": {
					"rotation": {
						"0.0": [-2.5, 0, -3],
						"0.25": [-2.5, 0, -3],
						"1.4583": [-3.5, 0, -3],
						"1.75": [-3.5, -2.5, -3]
					},
					"position": {
						"0.0": [0, 0, 0.5],
						"0.25": [0, 0, 0.5],
						"1.4583": [0.1, 0, 0.7],
						"1.75": [0.1, 0, 0.7]
					}
				},
				"eyelid_right": {
					"position": {
						"1.2083": [0, 0, 0],
						"1.25": [0, 0, -0.1],
						"1.6667": [0, 0, -0.1],
						"1.7083": [0, 0, 0]
					}
				},
				"eyelid_left": {
					"position": {
						"1.2083": [0, 0, 0],
						"1.25": [0, 0, -0.1],
						"1.6667": [0, 0, -0.1],
						"1.7083": [0, 0, 0]
					}
				},
				"mouth": {
					"position": {
						"1.625": [0, 0, 0],
						"1.6667": [0, 0, -0.1]
					}
				}
			}
		},
		"animation.trainer_hasty.lose": {
			"animation_length": 3,
			"bones": {
				"torso": {
					"rotation": {
						"0.0": [8.5, 0, 0],
						"0.4583": [16, 0, 1],
						"1.125": [16, 0, 1],
						"1.2917": [16, 0, 1],
						"2.2917": [1, -15, 0]
					},
					"position": {
						"0.0": [0, 0, 0.8],
						"0.2917": [0, 0.4, 0.8],
						"0.4167": [0, 0, 0.8],
						"0.5": [0, 0, 0.8],
						"0.5833": [0, 0.2, 0.8],
						"0.7083": [0, 0.1, 0.8],
						"0.8333": [0, 0.2, 0.8],
						"0.9583": [0, 0.1, 0.8],
						"1.125": [0, 0, 0.8],
						"1.2917": [0, 0, 0.8]
					}
				},
				"head": {
					"rotation": {
						"0.0": [-8.5, 0, 0],
						"0.4167": [-31, 0, 0],
						"0.9167": [-36, 0, 0],
						"1.375": [-36, 0, 0],
						"1.5833": {
							"pre": [-28.5, 5, 0],
							"post": [-28.5, 5, 0],
							"lerp_mode": "catmullrom"
						},
						"1.7917": {
							"post": [-23.5, -20.63, 0],
							"lerp_mode": "catmullrom"
						},
						"1.9583": {
							"post": [-16, -14.59, 0],
							"lerp_mode": "catmullrom"
						},
						"2.2917": [-8.5, -27.5, 0]
					}
				},
				"arm_left": {
					"rotation": {
						"0.0": [8, 0, -6],
						"0.25": [-194.5, 0, 6.5],
						"1.0": [-194.5, 0, 6.5],
						"1.375": [-194.5, 0, 6.5],
						"1.75": {
							"pre": [-168.36, 0, 12.5],
							"post": [-168.36, 0, 12.5],
							"lerp_mode": "catmullrom"
						},
						"2.0417": {
							"post": [-206.43, 0, 0.75],
							"lerp_mode": "catmullrom"
						},
						"2.2917": [-199.5, 0, -16]
					},
					"position": {
						"0.0": [0, 0.1, 0],
						"0.25": [0, -2.2, -2],
						"0.375": {
							"pre": [0, -2.5, -2],
							"post": [0, -2.5, -2],
							"lerp_mode": "catmullrom"
						},
						"0.5": {
							"post": [0, -2.2, -2],
							"lerp_mode": "catmullrom"
						},
						"0.625": {
							"post": [0, -2.5, -2],
							"lerp_mode": "catmullrom"
						},
						"0.75": {
							"post": [0, -2.2, -2],
							"lerp_mode": "catmullrom"
						},
						"0.875": {
							"post": [0, -2.5, -2],
							"lerp_mode": "catmullrom"
						},
						"1.0": [0, -2.2, -2],
						"1.375": [0, -2.2, -2],
						"2.2917": [0, -0.5, 0]
					}
				},
				"pokeball": {
					"rotation": {
						"0.0": [0, 0, 0],
						"1.5": [0, 0, 0],
						"2.125": [0, -35, 0]
					},
					"position": {
						"0.0": [0, -1, 1],
						"1.5": [0, -1, 1],
						"2.125": [-1, 0, 0]
					}
				},
				"leg_right": {
					"rotation": {
						"0.0": [-3, 15.5, 5.5],
						"0.4167": [-3, 15.5, 5.5],
						"1.0417": [-3, 15.5, 5.5],
						"1.6667": [-3, 15.5, 5.5],
						"2.375": [-1, 14, 3.5]
					},
					"position": {
						"0.0": [-0.2, 0, 0.6],
						"0.4167": [-0.2, 0, 0.6],
						"1.0417": [-0.2, 0, 0.6],
						"1.7917": [-0.2, 0, 0.6],
						"2.0417": {
							"pre": [-0.2, 0.3, 0.45],
							"post": [-0.2, 0.3, 0.45],
							"lerp_mode": "catmullrom"
						},
						"2.1667": {
							"post": [-0.2, 0.3, 0.34],
							"lerp_mode": "catmullrom"
						},
						"2.3333": [-0.2, 0, 0.2]
					}
				},
				"leg_left": {
					"rotation": {
						"0.0": [-3, -15.5, -5.5],
						"0.4167": [-3, -15.5, -5.5],
						"1.0417": [-3, -15.5, -5.5],
						"1.3333": [-3, -15.5, -5.5],
						"2.0417": [-3, -30.5, -3]
					},
					"position": {
						"0.0": [0.2, 0, 0.6],
						"0.2917": [0.2, 2, -0.4],
						"0.4167": [0.2, 0, 0.6],
						"1.0417": [0.2, 0, 0.6],
						"1.4583": [0.2, 0, 0.6],
						"1.625": {
							"pre": [0.2, 0.5, 0.74],
							"post": [0.2, 0.5, 0.74],
							"lerp_mode": "catmullrom"
						},
						"1.7917": {
							"post": [0.2, 0.5, 1.13],
							"lerp_mode": "catmullrom"
						},
						"1.9583": [0.2, 0, 1.3]
					}
				},
				"arm_right": {
					"rotation": {
						"0.0": [8, 0, 6],
						"0.25": [-194.5, 0, -6.5],
						"1.0": [-194.5, 0, -6.5],
						"1.375": [-194.5, 0, -6.5],
						"1.8333": {
							"pre": [-86.63, 0, 2.71],
							"post": [-86.63, 0, 2.71],
							"lerp_mode": "catmullrom"
						},
						"2.1667": {
							"post": [-8.18, 0, 9.41],
							"lerp_mode": "catmullrom"
						},
						"2.2917": [5.5, 0, 11]
					},
					"position": {
						"0.0": [0, 0.1, 0],
						"0.25": [0, -2.2, -2],
						"0.375": {
							"pre": [0, -2.5, -2],
							"post": [0, -2.5, -2],
							"lerp_mode": "catmullrom"
						},
						"0.5": {
							"post": [0, -2.2, -2],
							"lerp_mode": "catmullrom"
						},
						"0.625": {
							"post": [0, -2.5, -2],
							"lerp_mode": "catmullrom"
						},
						"0.75": {
							"post": [0, -2.2, -2],
							"lerp_mode": "catmullrom"
						},
						"0.875": {
							"post": [0, -2.5, -2],
							"lerp_mode": "catmullrom"
						},
						"1.0": [0, -2.2, -2],
						"1.375": [0, -2.2, -2],
						"1.8333": [0, 0, 0],
						"2.2917": [0, 0, 0]
					}
				},
				"mouth": {
					"position": {
						"0.0": [0, 0, 0],
						"0.0417": [0, 0, -0.1],
						"1.25": [0, 0, -0.1],
						"1.2917": [0, 0, 0]
					}
				},
				"eyelid_right": {
					"position": {
						"0.375": [0, 0, 0],
						"0.4167": [0, 0, -0.1],
						"1.4583": [0, 0, -0.1],
						"1.5": [0, 0, 0]
					}
				},
				"eyelid_left": {
					"position": {
						"0.375": [0, 0, 0],
						"0.4167": [0, 0, -0.1],
						"1.4583": [0, 0, -0.1],
						"1.5": [0, 0, 0]
					}
				},
				"pokeball_lid": {
					"position": [0, 0, 0]
				},
				"pupil_left": {
					"position": {
						"2.125": [0, 0, 0],
						"2.1667": {"pre": [0, 0, 0], "post": [1, 0, 0]}
					}
				}
			}
		},
		"animation.trainer_hasty.win": {
			"animation_length": 3,
			"bones": {
				"body": {
					"position": [0, 0, 0]
				},
				"torso": {
					"rotation": {
						"0.0": [8.5, 0, 0],
						"0.4": {
							"pre": [18.5, 0, 0],
							"post": [18.5, 0, 0],
							"lerp_mode": "catmullrom"
						},
						"1.1": {
							"post": [19.5, 0, 0],
							"lerp_mode": "catmullrom"
						},
						"1.3": [-3, 0, 0],
						"1.5": [-2, 0, 0],
						"1.8": [-2, 0, 0]
					},
					"position": {
						"0.0": [0, 0, 0.8],
						"0.4": {
							"pre": [0, -3.5, 0],
							"post": [0, -3.5, 0],
							"lerp_mode": "catmullrom"
						},
						"1.1": {
							"post": [0, -3.8, -0.2],
							"lerp_mode": "catmullrom"
						},
						"1.3": [0, 0.2, 0],
						"1.5": [0, 0, 0],
						"1.8": [0, 0, 0]
					}
				},
				"head": {
					"rotation": {
						"0.0": [-8.5, 0, 0],
						"0.4": [37, 0, 0],
						"1.1": [37, 0, 0],
						"1.3": [-6, 0, 0],
						"1.5": [-6, 0, 0],
						"1.7": [-6, 0, 0]
					}
				},
				"arm_left": {
					"rotation": {
						"0.0": [8, 0, -6],
						"0.2": [-106, -5.5, 36.5],
						"0.4": [-182, 70, 6.5],
						"1.1": [-182, 70, 6.5],
						"1.3": [-177, 0, 4]
					},
					"position": {
						"0.0": [0, 0.1, 0],
						"0.2": [0, -1.2, -0.6],
						"0.4": [0, -1.9, -1],
						"0.5": [0, -2.1, -1],
						"0.6": [0, -1.88, -1],
						"0.7": [0, -2.08, -1],
						"0.8": [0, -1.86, -1],
						"0.9": [0, -2.07, -1],
						"1.1": [0, -1.9, -1],
						"1.3": [0, 3.4, 0],
						"1.4": [0, 2.5, 0],
						"1.5": [0, 2.8, 0]
					}
				},
				"pokeball": {
					"position": {
						"0.0": [0, 0, 0],
						"0.6": [0, 0, -2.2],
						"1.1": [0, 0, -2],
						"1.3": [0, 0, 0]
					}
				},
				"leg_right": {
					"rotation": {
						"0.0": [-3, 15.5, 5.5],
						"0.4": {
							"pre": [17.5, 8, 5.5],
							"post": [17.5, 8, 5.5],
							"lerp_mode": "catmullrom"
						},
						"1.1": {
							"post": [20.5, 8, 5.5],
							"lerp_mode": "catmullrom"
						},
						"1.3": [0, 6, 2],
						"1.5": [0, 4, 3]
					},
					"position": {
						"0.0": [-0.2, 0, 0.6],
						"0.4": {
							"pre": [-0.4, -0.4, -3.6],
							"post": [-0.4, -0.4, -3.6],
							"lerp_mode": "catmullrom"
						},
						"1.1": {
							"post": [-0.4, -0.4, -4.2],
							"lerp_mode": "catmullrom"
						},
						"1.3": [-0.1, 0.1, 0.1],
						"1.5": [-0.1, 0, 0.2]
					}
				},
				"leg_left": {
					"rotation": {
						"0.0": [-3, -15.5, -5.5],
						"0.4": {
							"pre": [17.5, -8, -5.5],
							"post": [17.5, -8, -5.5],
							"lerp_mode": "catmullrom"
						},
						"1.1": {
							"post": [20.5, -8, -5.5],
							"lerp_mode": "catmullrom"
						},
						"1.3": [0, -6, -2],
						"1.5": [0, -4, -3]
					},
					"position": {
						"0.0": [0.2, 0, 0.6],
						"0.4": {
							"pre": [0.3, -0.4, -3.6],
							"post": [0.3, -0.4, -3.6],
							"lerp_mode": "catmullrom"
						},
						"1.1": {
							"post": [0.3, -0.4, -4.2],
							"lerp_mode": "catmullrom"
						},
						"1.3": [0.1, 0.1, 0.1],
						"1.5": [0.1, 0, 0.2]
					}
				},
				"arm_right": {
					"rotation": {
						"0.0": [8, 0, 6],
						"0.2": [-106, 5.5, -36.5],
						"0.4": [-182, -70, -6.5],
						"1.1": [-182, -70, -6.5],
						"1.3": [-177, 0, -4]
					},
					"position": {
						"0.0": [0, 0.1, 0],
						"0.2": [0, -1.2, -0.6],
						"0.4": [0, -1.9, -1],
						"0.5": [0, -2.1, -1],
						"0.6": [0, -1.88, -1],
						"0.7": [0, -2.08, -1],
						"0.8": [0, -1.86, -1],
						"0.9": [0, -2.07, -1],
						"1.1": [0, -1.9, -1],
						"1.3": [0, 3.4, 0],
						"1.4": [0, 2.5, 0],
						"1.5": [0, 2.8, 0]
					}
				},
				"eyelid_right": {
					"position": {
						"0.1": [0, 0, 0],
						"0.2": [0, 0, -0.1],
						"1.2": [0, 0, -0.1],
						"1.3": [0, 0, 0]
					}
				},
				"eyelid_left": {
					"position": {
						"0.1": [0, 0, 0],
						"0.2": [0, 0, -0.1],
						"1.2": [0, 0, -0.1],
						"1.3": [0, 0, 0]
					}
				},
				"mouth": {
					"position": {
						"1.2": [0, 0, 0],
						"1.3": [0, 0, -0.1]
					}
				}
			}
		},
		"animation.trainer_hasty.send_out": {
			"animation_length": 3,
			"bones": {
				"torso": {
					"rotation": {
						"0.0": [8.5, 0, 0],
						"0.875": [8.5, 0, 0],
						"1.375": [8.5, -12.5, 0],
						"2.25": [8.5, -12.5, 0],
						"2.875": [8.5, 0, 0]
					},
					"position": {
						"0.0": [0, 0, 0.8],
						"0.875": [0, 0, 0.8],
						"1.375": [0, 0, 0.5],
						"2.25": [0, 0, 0.5],
						"2.875": [0, 0, 0.8]
					}
				},
				"head": {
					"rotation": {
						"0.0": [-8.5, 0, 0],
						"0.875": [-8.5, 0, 0],
						"1.375": [-8.5, 12.5, 0],
						"2.25": [-8.5, 12.5, 0],
						"2.875": [-8.5, 0, 0]
					}
				},
				"arm_ball": {
					"rotation": {
						"0.0": [3, 0, 3.5],
						"0.5": [3, 0, 3.5],
						"0.9375": {
							"pre": [14.5, 2.5, -17.5],
							"post": [14.5, 2.5, -17.5],
							"lerp_mode": "catmullrom"
						},
						"1.125": {
							"post": [5, 2.5, -0.5],
							"lerp_mode": "catmullrom"
						},
						"1.375": [-98, 12.5, 0],
						"2.25": [-98, 12.5, 0],
						"2.5625": {
							"pre": [5, 2.5, -0.5],
							"post": [5, 2.5, -0.5],
							"lerp_mode": "catmullrom"
						},
						"2.75": {
							"post": [14.5, 2.5, -17.5],
							"lerp_mode": "catmullrom"
						},
						"3.0": [3, 0, 3.5]
					},
					"position": {
						"0.0": [0, 0.1, 0],
						"0.5": [0, 0.1, 0],
						"3.0": [0, 0.1, 0]
					}
				},
				"arm_left": {
					"rotation": {
						"0.0": [8, 0, -6],
						"0.875": [8, 0, -6],
						"1.375": [23, 0, -21],
						"2.25": [23, 0, -21],
						"2.75": [8, 0, -6]
					},
					"position": {
						"0.0": [0, 0.1, 0],
						"0.875": [0, 0.1, 0],
						"2.75": [0, 0.1, 0]
					}
				},
				"pokeball": {
					"rotation": [90, 0, 0],
					"position": {
						"0.5625": [0, 0, 0],
						"0.625": {"pre": [0, 0, 0], "post": [2, -2, 1]},
						"0.9375": {"pre": [2, -2, 1], "post": [-6, -18, 0]},
						"2.625": [-6, -18, 0],
						"2.75": {"pre": [-6, -18, 0], "post": [2, -1.6, 1.5]},
						"2.9375": {"pre": [2, -1.6, 1.5], "post": [0, 0, 0]}
					}
				},
				"leg_right": {
					"rotation": {
						"0.0": [-3, 15.5, 5.5],
						"0.875": [-3, 15.5, 5.5],
						"1.375": [-0.5, 8, 5.5],
						"2.25": [-0.5, 8, 5.5],
						"2.875": [-3, 15.5, 5.5]
					},
					"position": {
						"0.0": [-0.2, 0, 0.6],
						"0.875": [-0.2, 0, 0.6],
						"1.375": [-0.2, 0, -0.2],
						"2.25": [-0.2, 0, -0.2],
						"2.875": [-0.2, 0, 0.6]
					}
				},
				"leg_left": {
					"rotation": {
						"0.0": [-3, -15.5, -5.5],
						"0.875": [-3, -15.5, -5.5],
						"1.375": [-5, -15.5, -5.5],
						"2.25": [-5, -15.5, -5.5],
						"2.875": [-3, -15.5, -5.5]
					},
					"position": {
						"0.0": [0.2, 0, 0.6],
						"0.875": [0.2, 0, 0.6],
						"1.375": [0.2, 0, 1],
						"2.25": [0.2, 0, 1],
						"2.875": [0.2, 0, 0.6]
					}
				}
			}
		},
		"animation.trainer_hasty.command": {
			"animation_length": 2,
			"bones": {
				"torso": {
					"rotation": {
						"0.0": [8.5, 0, 0],
						"0.1667": [8.5, -5, 0],
						"0.4583": [8.5, -13.9, 0],
						"0.625": [8.5, -11.4, 0],
						"0.75": [8.5, -13.9, 0],
						"1.0833": [8.5, -5, 0],
						"1.375": [8.5, 0, 0]
					},
					"position": {
						"0.0": [0, 0, 0.8],
						"1.375": [0, 0, 0.8]
					}
				},
				"head": {
					"rotation": {
						"0.0": [-8.5, 0, 0],
						"0.1667": [-8.5, 5, 0],
						"0.4583": [-8.5, 13.9, 0],
						"0.625": [-8.5, 11.4, 0],
						"0.75": [-8.5, 13.9, 0],
						"1.0833": [-8.5, 5, 0],
						"1.375": [-8.5, 0, 0]
					}
				},
				"arm_left": {
					"rotation": {
						"0.0": [8, 0, -6],
						"0.1667": [8, 0, -6],
						"0.4167": [13, 0, -6],
						"1.0": [13, 0, -6],
						"1.375": [8, 0, -6]
					},
					"position": {
						"0.125": [0, 0.1, 0],
						"1.375": [0, 0.1, 0]
					}
				},
				"leg_right": {
					"rotation": {
						"0.0": [-3, 15.5, 5.5],
						"0.1667": [-3, 14.2, 5.5],
						"0.4583": [-3, 12.5, 5.5],
						"0.625": [-3, 13, 5.5],
						"0.75": [-3, 12.5, 5.5],
						"1.1667": [-3, 14.2, 5.5],
						"1.375": [-3, 15.5, 5.5]
					},
					"position": [-0.2, 0, 0.6]
				},
				"leg_left": {
					"rotation": {
						"0.0": [-3, -15.5, -5.5],
						"0.1667": [-3, -17.2, -5.5],
						"0.4583": [-3, -19, -5.5],
						"0.625": [-3, -18.5, -5.5],
						"0.75": [-3, -19, -5.5],
						"1.1667": [-3, -17.2, -5.5],
						"1.375": [-3, -15.5, -5.5]
					},
					"position": [0.2, 0, 0.6]
				},
				"arm_right": {
					"rotation": {
						"0.0": [8, 0, 6],
						"0.1667": [-66.86, 2.5, 1.27],
						"0.3333": {
							"pre": [-95, 10.5, 0],
							"post": [-95, 10.5, 0],
							"lerp_mode": "catmullrom"
						},
						"0.4583": {
							"post": [-95, 15, 0],
							"lerp_mode": "catmullrom"
						},
						"0.625": {
							"post": [-95, 13, 0],
							"lerp_mode": "catmullrom"
						},
						"0.75": [-95, 15, 0],
						"1.0": {
							"pre": [-95, 5.5, 0],
							"post": [-95, 5.5, 0],
							"lerp_mode": "catmullrom"
						},
						"1.1667": {
							"post": [-95, 0, 0],
							"lerp_mode": "catmullrom"
						},
						"1.4583": [8, 0, 6]
					},
					"position": {
						"0.0": [0, 0.1, 0],
						"0.3333": [0, 0.1, 1],
						"0.4583": [0, 0.1, -1],
						"0.625": [0, 0.1, 1],
						"0.75": [0, 0.1, -1],
						"1.0": [0, 0.1, 1],
						"1.375": [0, 0.1, 0]
					}
				},
				"mouth": {
					"position": {
						"0.4167": [0, 0, 0],
						"0.4583": [0, 0, -0.1],
						"1.2917": [0, 0, -0.1],
						"1.3333": [0, 0, 0]
					}
				}
			}
		},
		"animation.trainer_hasty.blink": {
			"animation_length": 0.16667,
			"bones": {
				"eyelid_right": {
					"position": {
						"0.0": [0, 0, -0.1],
						"0.125": [0, 0, -0.1],
						"0.1667": [0, 0, 0]
					}
				},
				"eyelid_left": {
					"position": {
						"0.0": [0, 0, -0.1],
						"0.125": [0, 0, -0.1],
						"0.1667": [0, 0, 0]
					}
				}
			}
		},
		"animation.trainer_hasty.mega": {
			"animation_length": 4.5,
			"bones": {
				"body": {
					"rotation": [0, 27.5, 0]
				},
				"torso": {
					"rotation": {
						"0.0833": [0, 5, 0],
						"0.1667": {
							"pre": [0, 5, 0],
							"post": [0, 5, 0],
							"lerp_mode": "catmullrom"
						},
						"0.6667": {
							"post": [7.6, 15.8, 0.6],
							"lerp_mode": "catmullrom"
						},
						"0.875": [0, -15, 0],
						"2.0": [0, -15, 0],
						"2.2917": [-3.4, 4.5, -6.8]
					},
					"position": {
						"0.0833": [0, 0, 0.3],
						"0.375": [0, -0.2, 0.3],
						"0.6667": [0, -0.2, 0.3],
						"0.7917": [0, 0, 0.3],
						"2.0": [0, 0, 0.3],
						"2.1667": [0, -0.4, 0.3],
						"2.25": [0, 0, 0.3],
						"2.3333": [0, -0.1, 0.3]
					}
				},
				"head": {
					"rotation": {
						"0.1667": [0, -32.5, 0],
						"0.5": [10.8, -20.6, -3],
						"0.9167": [-3.5, -13.5, 0],
						"1.0": [-2.5, -12.5, 0],
						"2.0": [-2.5, -12.5, 0],
						"2.1667": [1, -21.8, 1],
						"2.3333": [-1, -32.1, 3.3]
					},
					"position": {
						"2.0": [0, 0, 0],
						"2.3333": [-0.6, 0.1, -0.2]
					}
				},
				"leg_right": {
					"rotation": {
						"0.0833": [0.8, 17.9, 2.6],
						"0.1667": [0.8, 17.9, 2.6],
						"0.5417": [-1.6, 31.4, 1.5],
						"0.7083": [-1.6, 31.4, 1.5],
						"0.875": [0.8, 16, 2.6],
						"0.9583": [0.8, 17.5, 2.6],
						"2.0833": [0.8, 17.5, 2.6],
						"2.2917": [2.3, 17.3, 7.8]
					},
					"position": {
						"0.0833": [-0.4, 0, 0.3],
						"0.5417": [-0.4, 0, 0.8],
						"0.7083": [-0.4, 0, 0.8],
						"0.875": [-0.4, 0, 0.3],
						"2.0": [-0.4, 0, 0.3],
						"2.0833": [-0.1, 0, 0.3],
						"2.2917": [-0.5, -0.2, 0.4],
						"2.375": [-0.4, -0.2, 0.4]
					}
				},
				"leg_left": {
					"rotation": {
						"0.0": [0.3, -17.5, -1],
						"0.1667": [0.3, -17.5, -1],
						"0.8333": [0.3, -20, -1],
						"0.9583": [0.3, -22.5, -1],
						"2.0": [0.3, -22.5, -1],
						"2.3333": [0.3, -22.5, -1]
					},
					"position": {
						"0.0": [0.1, 0, 0.3],
						"2.0": [0.1, 0, 0.3],
						"2.3333": [0.2, 0, 0.5]
					}
				},
				"arm_left": {
					"rotation": {
						"0.125": [-2, 0, -8],
						"0.2083": [5, 0, -8],
						"0.5": [-104.9, 67.3, 72.7],
						"0.625": [-108.9, 72.1, 68.5],
						"1.0": [-82.7, 60.4, 96.7],
						"2.0417": [-82.7, 60.4, 96.7],
						"2.3333": [-160.1, 66.5, 26.8]
					},
					"position": {
						"0.125": [0, 0, 0],
						"0.2083": {
							"pre": [0, 0, 0],
							"post": [0, 0, 0],
							"lerp_mode": "catmullrom"
						},
						"0.3333": {
							"post": [-1.01, -0.65, -1.64],
							"lerp_mode": "catmullrom"
						},
						"0.5": {
							"post": [1, -1, -0.4],
							"lerp_mode": "catmullrom"
						},
						"0.625": [1, -1.5, -0.4],
						"2.0417": [1, -1.5, -0.4],
						"2.125": {
							"pre": [1, -2.1, -0.3],
							"post": [1, -2.1, -0.3],
							"lerp_mode": "catmullrom"
						},
						"2.2083": {
							"post": [1, -2, -0.3],
							"lerp_mode": "catmullrom"
						},
						"2.3333": {
							"post": [1.1, 2.6, 0.2],
							"lerp_mode": "catmullrom"
						},
						"2.4167": [1.2, 2.3, 0.3]
					}
				},
				"arm_right": {
					"rotation": {
						"0.0833": [3, 20, 5],
						"0.1667": {
							"pre": [3, 20, 5],
							"post": [3, 20, 5],
							"lerp_mode": "catmullrom"
						},
						"0.2917": {
							"post": [-41, 24.9, -4.6],
							"lerp_mode": "catmullrom"
						},
						"0.4583": {
							"post": [-10.2, 41.2, 90],
							"lerp_mode": "catmullrom"
						},
						"0.7083": {
							"post": [-20.2, 41.2, 65.7],
							"lerp_mode": "catmullrom"
						},
						"0.9167": [-87.5, -61.1, -14.6],
						"1.0": [-87.6, -59.1, -14.5],
						"1.9583": [-87.6, -59.1, -14.5],
						"2.0417": [-75.4, -36.2, -9],
						"2.125": [-47.5, 5.4, 4.8],
						"2.2083": [-28.4, 25.4, 14.1],
						"2.3333": [-36.2, 21.4, 7.2]
					},
					"position": {
						"0.0833": [0, 0, 0.8],
						"0.1667": {
							"pre": [0, 0, 0.8],
							"post": [0, 0, 0.8],
							"lerp_mode": "catmullrom"
						},
						"0.4583": {
							"post": [-0.6, 0, 0],
							"lerp_mode": "catmullrom"
						},
						"0.7083": {
							"post": [-0.6, 0, 0],
							"lerp_mode": "catmullrom"
						},
						"0.9167": [1.4, 0, -0.3],
						"1.9583": [1.4, 0, -0.3],
						"2.1667": [0, -0.9, 1],
						"2.3333": [0, -0.6, 1]
					}
				},
				"eyelid_right": {
					"position": {
						"0.3333": [0, 0, 0],
						"0.375": [0, 0, -0.1],
						"0.7083": [0, 0, -0.1],
						"0.75": [0, 0, 0]
					}
				},
				"eyelid_left": {
					"position": {
						"0.3333": [0, 0, 0],
						"0.375": [0, 0, -0.1],
						"0.7083": [0, 0, -0.1],
						"0.75": [0, 0, 0]
					}
				}
			}
		}
	}
}