{
	"format_version": "1.8.0",
	"animations": {
		"animation.trapinch_delta.pose": {
			"loop": true,
			"bones": {
				"ear_left": {
					"rotation": [-12.31594, 2.15393, 9.76758]
				},
				"ear_left2": {
					"rotation": [-10, 0, 0]
				},
				"ear_right": {
					"rotation": [0, 0, -7.5]
				},
				"ear_right2": {
					"rotation": [-20, 0, 0]
				},
				"leg_left1": {
					"rotation": [-1.81693, 19.92066, -5.3191]
				},
				"leg_right1": {
					"rotation": [1.10693, 12.45167, 5.12076]
				},
				"leg_left2": {
					"rotation": [-2.00307, 14.8687, -7.7614]
				},
				"leg_right2": {
					"rotation": [1.30962, 7.38542, 10.08453]
				},
				"leg_left3": {
					"rotation": [2.06754, -22.40972, -5.40961]
				},
				"leg_right3": {
					"rotation": [-2.28312, -9.85164, 7.5474]
				},
				"head": {
					"rotation": [-12.5, 0, 0]
				},
				"jaw": {
					"rotation": [25, 0, 0]
				}
			}
		},
		"animation.trapinch_delta.blink": {
			"animation_length": 0.16667,
			"bones": {
				"eyelid_left": {
					"position": {
						"0.125": [0.1, 0, 0],
						"0.1667": [0, 0, 0]
					}
				},
				"eyelid_right": {
					"position": {
						"0.125": [-0.1, 0, 0],
						"0.1667": [0, 0, 0]
					}
				}
			}
		},
		"animation.trapinch_delta.ground_idle": {
			"loop": true,
			"bones": {
				"ear_left": {
					"rotation": ["-12.3159+math.cos(q.anim_time*90*1-50)*5 ", 2.15393, 9.76758]
				},
				"ear_left2": {
					"rotation": [-10, 0, 0]
				},
				"ear_right": {
					"rotation": ["0+math.cos(q.anim_time*90*1-50)*5 ", 0, -7.5]
				},
				"ear_right2": {
					"rotation": [-20, 0, 0]
				},
				"leg_left1": {
					"rotation": [-1.81693, 19.92066, -5.3191]
				},
				"leg_right1": {
					"rotation": [1.10693, 12.45167, 5.12076]
				},
				"leg_left2": {
					"rotation": [-2.00307, 14.8687, -7.7614]
				},
				"leg_right2": {
					"rotation": [1.30962, 7.38542, 10.08453]
				},
				"leg_left3": {
					"rotation": [2.06754, -22.40972, -5.40961]
				},
				"leg_right3": {
					"rotation": [-2.28312, -9.85164, 7.5474]
				},
				"head": {
					"rotation": ["-12.5+math.sin(q.anim_time*90*2-90)*3", "math.sin(q.anim_time*90*1)*-3", 0],
					"position": [0, "math.sin(q.anim_time*90*2-30)*0.05", 0]
				},
				"jaw": {
					"rotation": ["25+math.sin(q.anim_time*90*2)*-3", 0, 0]
				},
				"body": {
					"rotation": ["0-math.cos(q.anim_time*90*2)*-2", "math.sin(q.anim_time*90*1)*0.5", "math.cos(q.anim_time*90*2)*-0.5"],
					"position": [0, "math.sin(q.anim_time*90*2)*0.1", 0]
				},
				"body2": {
					"rotation": ["math.sin(q.anim_time*90*1)*-3", 0, 0]
				}
			}
		},
		"animation.trapinch_delta.ground_walk": {
			"loop": true,
			"bones": {
				"body": {
					"rotation": ["0-math.cos(q.anim_time*90*6)*1", "0-math.sin(q.anim_time*90*6)*2", "0+math.sin(q.anim_time*90*6)*2"],
					"position": [0, "0+math.sin(q.anim_time*90*6*2)*0.3", 0]
				},
				"body2": {
					"rotation": ["math.cos(q.anim_time*90*6*2-60)*2-3", 0, 0]
				},
				"head": {
					"rotation": ["-math.cos(q.anim_time*90*6*2-30)*2", 0, 0]
				},
				"ear_right2": {
					"rotation": ["-math.cos(q.anim_time*90*6*2-60)*2-3", 0, 0]
				},
				"ear_left": {
					"rotation": ["-math.cos(q.anim_time*90*6*2-60)*2-3", 0, 0]
				},
				"ear_left2": {
					"rotation": [0, 0, 0]
				},
				"leg_right1": {
					"rotation": ["0-math.sin(q.anim_time*90*6)*9", 0, 0],
					"position": [0, "0+math.clamp(math.cos(q.anim_time*90*6+50)*0.7,0,1)", "0-math.sin(q.anim_time*90*6+50)*0.5"]
				},
				"leg_right2": {
					"rotation": ["0-math.sin(q.anim_time*90*6+180)*9", 0, 0],
					"position": [0, "0+math.clamp(math.cos(q.anim_time*90*6+180)*0.6,0,1)", "0-math.sin(q.anim_time*90*6+180)*0.5"]
				},
				"leg_left1": {
					"rotation": ["0-math.sin(q.anim_time*90*6+230)*9", 0, 0],
					"position": [0, "0+math.clamp(math.cos(q.anim_time*90*6+230)*0.7,0,1)", "0-math.sin(q.anim_time*90*6+230)*0.5"]
				},
				"leg_left2": {
					"rotation": ["0-math.sin(q.anim_time*90*6+50)*9", 0, 0],
					"position": [0, "0+math.clamp(math.cos(q.anim_time*90*6)*0.6,0,1)", "0-math.sin(q.anim_time*90*6)*0.5"]
				},
				"leg_right3": {
					"rotation": ["0-math.sin(q.anim_time*90*6)*9", 0, 0],
					"position": [0, "0+math.clamp(math.cos(q.anim_time*90*6+50)*0.7,0,1)", "0-math.sin(q.anim_time*90*6+50)*0.5"]
				},
				"leg_left3": {
					"rotation": ["0-math.sin(q.anim_time*90*6+230)*9", 0, 0],
					"position": [0, "0+math.clamp(math.cos(q.anim_time*90*6+230)*0.7,0,1)", "0-math.sin(q.anim_time*90*6+230)*0.5"]
				}
			}
		}
	}
}