{
	"format_version": "1.8.0",
	"animations": {
		"animation.vibrava_delta.pose": {
			"loop": true,
			"bones": {
				"wing_front_left": {
					"rotation": [7.56274, -4.76804, -1.50701]
				},
				"leg_left_front": {
					"rotation": [0, 7.5, 15]
				},
				"leg_left_front2": {
					"rotation": [0, 0, 60]
				},
				"foot_left_front": {
					"rotation": [-7.5, 0, 15]
				},
				"toe_left_front_right2": {
					"rotation": [0, -7.5, 0]
				},
				"toe_left_front_left2": {
					"rotation": [0, -7.5, 0]
				},
				"toe_left_front_back": {
					"rotation": [0, 5, 0]
				},
				"leg_right_front": {
					"rotation": [0, -7.5, -15]
				},
				"leg_right_front2": {
					"rotation": [0, 0, -60]
				},
				"foot_right_front": {
					"rotation": [-7.5, 0, -15]
				},
				"toe_left_front_right4": {
					"rotation": [0, 7.5, 0]
				},
				"toe_right_front_left2": {
					"rotation": [0, 7.5, 0]
				},
				"toe_right_front_back": {
					"rotation": [0, -5, 0]
				},
				"leg_left_back": {
					"rotation": [0, -20, 15]
				},
				"leg_left_back2": {
					"rotation": [0, 0, 60]
				},
				"foot_left_back": {
					"rotation": [-4.78135, 4.99523, 15.00954]
				},
				"toe_left_back_right2": {
					"rotation": [0, -7.5, 0]
				},
				"toe_left_front_left4": {
					"rotation": [0, -7.5, 0]
				},
				"toe_left_back_back": {
					"rotation": [0, 5, 0]
				},
				"leg_right_back": {
					"rotation": [0, 20, -15]
				},
				"leg_right_back2": {
					"rotation": [0, 0, -60]
				},
				"foot_right_back": {
					"rotation": [-2.5, -5, -15]
				},
				"toe_left_back_left2": {
					"rotation": [0, 7.5, 0]
				},
				"toe_right_front_left4": {
					"rotation": [0, 7.5, 0]
				},
				"toe_right_back_back": {
					"rotation": [0, -5, 0]
				},
				"wing_back_left": {
					"rotation": [7.96099, -2.3813, -0.88994]
				},
				"wing_back_right": {
					"rotation": [7.96099, 2.3813, 0.88994]
				},
				"abdomen": {
					"rotation": [-2.56368, 0.41321, 0.38791]
				},
				"abdomen2": {
					"rotation": [-7.5, 0, 0]
				},
				"abdomen3": {
					"rotation": [-5, 0, 0]
				},
				"body2": {
					"rotation": [-2.5, 0, 0]
				},
				"neck_fluff": {
					"rotation": [5, 0, 0]
				},
				"head": {
					"rotation": [5, 0, 0]
				},
				"wing_front_right": {
					"rotation": [7.56274, 4.76804, 1.50701]
				}
			}
		},
		"animation.vibrava_delta.blink": {
			"animation_length": 0.125,
			"bones": {
				"eyelid_right": {
					"position": [-2, 0, 0]
				},
				"eyelid_left": {
					"position": [2, 0, 0]
				}
			}
		},
		"animation.vibrava_delta.ground_idle": {
			"loop": true,
			"bones": {
				"wing_front_left": {
					"rotation": [7.56274, -4.76804, "-1.507+Math.cos((query.anim_time) * 90 * 32) * -20"]
				},
				"leg_left_front": {
					"rotation": [0, 7.5, "15+Math.cos((query.anim_time-0.3) * 90 * 4) * -3"]
				},
				"leg_left_front2": {
					"rotation": [0, 0, 60]
				},
				"foot_left_front": {
					"rotation": [-7.5, 0, 15]
				},
				"toe_left_front_right2": {
					"rotation": [0, -7.5, 0]
				},
				"toe_left_front_left2": {
					"rotation": [0, -7.5, 0]
				},
				"toe_left_front_back": {
					"rotation": [0, 5, 0]
				},
				"leg_right_front": {
					"rotation": [0, -7.5, "-15+Math.cos((query.anim_time-0.3) * 90 * 4) * 3"]
				},
				"leg_right_front2": {
					"rotation": [0, 0, -60]
				},
				"foot_right_front": {
					"rotation": [-7.5, 0, -15]
				},
				"toe_left_front_right4": {
					"rotation": [0, 7.5, 0]
				},
				"toe_right_front_left2": {
					"rotation": [0, 7.5, 0]
				},
				"toe_right_front_back": {
					"rotation": [0, -5, 0]
				},
				"leg_left_back": {
					"rotation": [0, -20, "15+Math.cos((query.anim_time-0.3) * 90 * 4) * -3"]
				},
				"leg_left_back2": {
					"rotation": [0, 0, 60]
				},
				"foot_left_back": {
					"rotation": [-4.78135, 4.99523, 15.00954]
				},
				"toe_left_back_right2": {
					"rotation": [0, -7.5, 0]
				},
				"toe_left_front_left4": {
					"rotation": [0, -7.5, 0]
				},
				"toe_left_back_back": {
					"rotation": [0, 5, 0]
				},
				"leg_right_back": {
					"rotation": [0, 20, "-15+Math.cos((query.anim_time-0.3) * 90 * 4) * 3"]
				},
				"leg_right_back2": {
					"rotation": [0, 0, -60]
				},
				"foot_right_back": {
					"rotation": [-2.5, -5, -15]
				},
				"toe_left_back_left2": {
					"rotation": [0, 7.5, 0]
				},
				"toe_right_front_left4": {
					"rotation": [0, 7.5, 0]
				},
				"toe_right_back_back": {
					"rotation": [0, -5, 0]
				},
				"wing_back_left": {
					"rotation": [7.96099, -2.3813, "-0.8899+Math.cos((query.anim_time) * 90 * 32) * -20"]
				},
				"wing_back_right": {
					"rotation": [7.96099, 2.3813, "0.8899-Math.cos((query.anim_time) * 90 * 32) * -20"]
				},
				"abdomen": {
					"rotation": [-2.56368, 0.41321, 0.38791]
				},
				"abdomen2": {
					"rotation": [-7.5, 0, 0]
				},
				"abdomen3": {
					"rotation": [-5, 0, 0]
				},
				"body2": {
					"rotation": ["-2.5+Math.cos((query.anim_time-0.5) * 90 * 4) * 1", 0, 0]
				},
				"neck_fluff": {
					"rotation": [5, 0, 0]
				},
				"head": {
					"rotation": [5, 0, 0]
				},
				"wing_front_right": {
					"rotation": [7.56274, 4.76804, "1.507-Math.cos((query.anim_time) * 90 * 32) * -20"]
				},
				"body": {
					"rotation": ["0+Math.cos((query.anim_time-0.2) * 90 * 4) * 1", 0, 0],
					"position": [0, "11+Math.cos((query.anim_time) * 90 * 4) * 0.3", 0]
				},
				"antenna_right": {
					"rotation": ["0+Math.cos((query.anim_time-0.5) * 90 * 4) * 1", 0, 0]
				},
				"antenna_left": {
					"rotation": ["0+Math.cos((query.anim_time-0.5) * 90 * 4) * 1", 0, 0]
				}
			}
		}
	}
}