{
	"format_version": "1.8.0",
	"animations": {
		"animation.yanfern.ground_idle": {
			"loop": true,
			"bones": {
				"body": {
					"rotation": ["-15+Math.cos((query.anim_time-0.1) * 90 * 8) * 0.5", 0, 0],
					"position": [0, "15+Math.cos((query.anim_time) * 90 * 8) * 0.3", 0]
				},
				"leg_right1": {
					"rotation": [0, "0+Math.cos((query.anim_time-0.1) * 90 * 8) * -2", -40]
				},
				"leg_joint_right1": {
					"rotation": [25, -30, -35]
				},
				"leg_right2": {
					"rotation": [0, "15+Math.cos((query.anim_time-0.15) * 90 * 8) * -2", -45]
				},
				"leg_joint_right2": {
					"rotation": [10, -45, -40]
				},
				"leg_right3": {
					"rotation": [0, "30+Math.cos((query.anim_time-0.25) * 90 * 8) * -2", -50]
				},
				"leg_joint_right3": {
					"rotation": [17.5, -60, -50]
				},
				"leg_left1": {
					"rotation": [0, "0+Math.cos((query.anim_time-0.1) * 90 * 8) * 2", 40]
				},
				"leg_joint_left1": {
					"rotation": [25, 30, 35]
				},
				"leg_left2": {
					"rotation": [0, "-15+Math.cos((query.anim_time-0.15) * 90 * 8) * 2", 45]
				},
				"leg_joint_left2": {
					"rotation": [10, 45, 40]
				},
				"leg_left3": {
					"rotation": [0, "-30+Math.cos((query.anim_time-0.25) * 90 * 8) * 2", 50]
				},
				"leg_joint_left3": {
					"rotation": [17.5, 60, 50]
				},
				"tail1": {
					"rotation": ["-7.5+Math.cos((query.anim_time-0.15) * 90 * 8) * 1", 0, 0]
				},
				"tail2": {
					"rotation": [-7.5, 0, 0]
				},
				"tail3": {
					"rotation": ["-27.5+Math.cos((query.anim_time-0.25) * 90 * 8) * 2", 0, 0]
				},
				"tail_end": {
					"rotation": ["-2.5+Math.cos((query.anim_time-0.3) * 90 * 8) * 2", 0, 0]
				},
				"head": {
					"rotation": ["12.5+Math.cos((query.anim_time+0.1) * 90 * 8) * 1", 0, 0]
				},
				"wing_right1": {
					"rotation": [-33.56209, 5.12548, "-1.744+Math.cos((query.anim_time-0.1) * 90 * 24) * -40"]
				},
				"wing_right2": {
					"rotation": [-26.29948, 2.81408, "15.9234+Math.cos((query.anim_time-0.1) * 90 * 24) * 40"]
				},
				"wing_left1": {
					"rotation": [-33.56209, -5.12548, "1.744+Math.cos((query.anim_time-0.1) * 90 * 24) * 40"]
				},
				"wing_left2": {
					"rotation": [-27.99202, -7.30426, "-13.2625+Math.cos((query.anim_time-0.1) * 90 * 24) * -40"]
				},
				"tail4": {
					"rotation": [-37.5, 0, 0]
				},
				"tail5": {
					"rotation": [-50, 0, 0]
				},
				"antenna_right": {
					"rotation": [0, 0, "0+Math.cos((query.anim_time-0.25) * 90 * 8) * -2"]
				},
				"antenna_left": {
					"rotation": [0, 0, "0+Math.cos((query.anim_time-0.25) * 90 * 8) * 2"]
				},
				"tail_right1": {
					"rotation": [0, 0, "0+Math.cos((query.anim_time+0.2) * 90 * 8) * -6"]
				},
				"tail_right2": {
					"rotation": [0, 0, -20]
				},
				"tail_left1": {
					"rotation": [0, 0, "0+Math.cos((query.anim_time+0.2) * 90 * 8) * 6"]
				},
				"tail_left2": {
					"rotation": [0, 0, 20]
				}
			}
		},
		"animation.yanfern.ground_walk": {
			"loop": true,
			"bones": {
				"body": {
					"rotation": ["-2.5+Math.cos((query.anim_time-0.1) * 90 * 8) * 1", 0, 0],
					"position": [0, "13+Math.cos((query.anim_time) * 90 * 8) * 1", 0]
				},
				"head": {
					"rotation": ["7.5+Math.cos((query.anim_time-0.4) * 90 * 8) * 2", 0, 0]
				},
				"wing_right1": {
					"rotation": [-28.35569, -8.37616, "27.0879+Math.cos((query.anim_time-0.4) * 90 * 32) * 30"]
				},
				"wing_right2": {
					"rotation": [3.09472, 17.29711, "8.11+Math.cos((query.anim_time-0.4) * 90 * 32) * -30"]
				},
				"wing_left1": {
					"rotation": [-28.35569, 8.37616, "-27.0879+Math.cos((query.anim_time-0.4) * 90 * 32) * -30"]
				},
				"wing_left2": {
					"rotation": [3.09472, -17.29711, "-8.11+Math.cos((query.anim_time-0.4) * 90 * 32) * 30"]
				},
				"leg_right1": {
					"rotation": [0, 22.5, "-30+Math.cos((query.anim_time-0.3) * 90 * 8) * -12"]
				},
				"leg_joint_right1": {
					"rotation": [0, 45, 0]
				},
				"leg_right2": {
					"rotation": [-16.0129, 37.15855, "-25.4138+Math.cos((query.anim_time-0.35) * 90 * 8) * -12"]
				},
				"leg_joint_right2": {
					"rotation": [0, 32.5, 0]
				},
				"leg_right3": {
					"rotation": [-24.14611, 51.77406, "-28.1868+Math.cos((query.anim_time-0.4) * 90 * 8) * -12"]
				},
				"leg_joint_right3": {
					"rotation": [0, 25, 0]
				},
				"leg_left1": {
					"rotation": [0, -22.5, "30+Math.cos((query.anim_time-0.3) * 90 * 8) * 12"]
				},
				"leg_joint_left1": {
					"rotation": [0, -45, 0]
				},
				"leg_left2": {
					"rotation": [-16.0129, -37.15855, "25.4138+Math.cos((query.anim_time-0.35) * 90 * 8) * 12"]
				},
				"leg_joint_left2": {
					"rotation": [0, -32.5, 0]
				},
				"leg_left3": {
					"rotation": [-24.14611, -51.77406, "28.1868+Math.cos((query.anim_time-0.4) * 90 * 8) * 12"]
				},
				"leg_joint_left3": {
					"rotation": [0, -25, 0]
				},
				"tail1": {
					"rotation": ["5+Math.cos((query.anim_time-0.2) * 90 * 8) * 2", 0, 0]
				},
				"tail2": {
					"rotation": [-15, 0, 0]
				},
				"tail3": {
					"rotation": [-32.5, 0, 0]
				},
				"tail4": {
					"rotation": ["-22.5+Math.cos((query.anim_time-0.3) * 90 * 8) * 2", 0, 0]
				},
				"tail5": {
					"rotation": [-27.5, 0, 0]
				},
				"tail_right1": {
					"rotation": [0, 0, "25+Math.cos((query.anim_time-0.4) * 90 * 8) * 12"]
				},
				"tail_right2": {
					"rotation": [0, 0, 22.5]
				},
				"tail_left1": {
					"rotation": [0, 0, "-25+Math.cos((query.anim_time-0.4) * 90 * 8) * -12"]
				},
				"tail_left2": {
					"rotation": [0, 0, -22.5]
				},
				"tail_end": {
					"rotation": ["-40+Math.cos((query.anim_time-0.4) * 90 * 8) * 5", 0, 0]
				}
			}
		},
		"animation.yanfern.air_idle": {
			"loop": true,
			"bones": {
				"body": {
					"rotation": ["-15+Math.cos((query.anim_time-0.1) * 90 * 8) * 0.5", 0, 0],
					"position": [0, "15+Math.cos((query.anim_time) * 90 * 8) * 0.3", 0]
				},
				"leg_right1": {
					"rotation": [0, "0+Math.cos((query.anim_time-0.1) * 90 * 8) * -2", -40]
				},
				"leg_joint_right1": {
					"rotation": [25, -30, -35]
				},
				"leg_right2": {
					"rotation": [0, "15+Math.cos((query.anim_time-0.15) * 90 * 8) * -2", -45]
				},
				"leg_joint_right2": {
					"rotation": [10, -45, -40]
				},
				"leg_right3": {
					"rotation": [0, "30+Math.cos((query.anim_time-0.25) * 90 * 8) * -2", -50]
				},
				"leg_joint_right3": {
					"rotation": [17.5, -60, -50]
				},
				"leg_left1": {
					"rotation": [0, "0+Math.cos((query.anim_time-0.1) * 90 * 8) * 2", 40]
				},
				"leg_joint_left1": {
					"rotation": [25, 30, 35]
				},
				"leg_left2": {
					"rotation": [0, "-15+Math.cos((query.anim_time-0.15) * 90 * 8) * 2", 45]
				},
				"leg_joint_left2": {
					"rotation": [10, 45, 40]
				},
				"leg_left3": {
					"rotation": [0, "-30+Math.cos((query.anim_time-0.25) * 90 * 8) * 2", 50]
				},
				"leg_joint_left3": {
					"rotation": [17.5, 60, 50]
				},
				"tail1": {
					"rotation": ["-7.5+Math.cos((query.anim_time-0.15) * 90 * 8) * 1", 0, 0]
				},
				"tail2": {
					"rotation": [-7.5, 0, 0]
				},
				"tail3": {
					"rotation": ["-27.5+Math.cos((query.anim_time-0.25) * 90 * 8) * 2", 0, 0]
				},
				"tail_end": {
					"rotation": ["-2.5+Math.cos((query.anim_time-0.3) * 90 * 8) * 2", 0, 0]
				},
				"head": {
					"rotation": ["12.5+Math.cos((query.anim_time+0.1) * 90 * 8) * 1", 0, 0]
				},
				"wing_right1": {
					"rotation": [-33.56209, 5.12548, "-1.744+Math.cos((query.anim_time-0.1) * 90 * 24) * -40"]
				},
				"wing_right2": {
					"rotation": [-26.29948, 2.81408, "15.9234+Math.cos((query.anim_time-0.1) * 90 * 24) * 40"]
				},
				"wing_left1": {
					"rotation": [-33.56209, -5.12548, "1.744+Math.cos((query.anim_time-0.1) * 90 * 24) * 40"]
				},
				"wing_left2": {
					"rotation": [-27.99202, -7.30426, "-13.2625+Math.cos((query.anim_time-0.1) * 90 * 24) * -40"]
				},
				"tail4": {
					"rotation": [-37.5, 0, 0]
				},
				"tail5": {
					"rotation": [-50, 0, 0]
				},
				"antenna_right": {
					"rotation": [0, 0, "0+Math.cos((query.anim_time-0.25) * 90 * 8) * -2"]
				},
				"antenna_left": {
					"rotation": [0, 0, "0+Math.cos((query.anim_time-0.25) * 90 * 8) * 2"]
				},
				"tail_right1": {
					"rotation": [0, 0, "0+Math.cos((query.anim_time+0.2) * 90 * 8) * -6"]
				},
				"tail_right2": {
					"rotation": [0, 0, -20]
				},
				"tail_left1": {
					"rotation": [0, 0, "0+Math.cos((query.anim_time+0.2) * 90 * 8) * 6"]
				},
				"tail_left2": {
					"rotation": [0, 0, 20]
				}
			}
		},
		"animation.yanfern.air_fly": {
			"loop": true,
			"bones": {
				"body": {
					"rotation": ["-2.5+Math.cos((query.anim_time-0.1) * 90 * 8) * 1", 0, 0],
					"position": [0, "13+Math.cos((query.anim_time) * 90 * 8) * 1", 0]
				},
				"head": {
					"rotation": ["7.5+Math.cos((query.anim_time-0.4) * 90 * 8) * 2", 0, 0]
				},
				"wing_right1": {
					"rotation": [-28.35569, -8.37616, "27.0879+Math.cos((query.anim_time-0.4) * 90 * 32) * 30"]
				},
				"wing_right2": {
					"rotation": [3.09472, 17.29711, "8.11+Math.cos((query.anim_time-0.4) * 90 * 32) * -30"]
				},
				"wing_left1": {
					"rotation": [-28.35569, 8.37616, "-27.0879+Math.cos((query.anim_time-0.4) * 90 * 32) * -30"]
				},
				"wing_left2": {
					"rotation": [3.09472, -17.29711, "-8.11+Math.cos((query.anim_time-0.4) * 90 * 32) * 30"]
				},
				"leg_right1": {
					"rotation": [0, 22.5, "-30+Math.cos((query.anim_time-0.3) * 90 * 8) * -12"]
				},
				"leg_joint_right1": {
					"rotation": [0, 45, 0]
				},
				"leg_right2": {
					"rotation": [-16.0129, 37.15855, "-25.4138+Math.cos((query.anim_time-0.35) * 90 * 8) * -12"]
				},
				"leg_joint_right2": {
					"rotation": [0, 32.5, 0]
				},
				"leg_right3": {
					"rotation": [-24.14611, 51.77406, "-28.1868+Math.cos((query.anim_time-0.4) * 90 * 8) * -12"]
				},
				"leg_joint_right3": {
					"rotation": [0, 25, 0]
				},
				"leg_left1": {
					"rotation": [0, -22.5, "30+Math.cos((query.anim_time-0.3) * 90 * 8) * 12"]
				},
				"leg_joint_left1": {
					"rotation": [0, -45, 0]
				},
				"leg_left2": {
					"rotation": [-16.0129, -37.15855, "25.4138+Math.cos((query.anim_time-0.35) * 90 * 8) * 12"]
				},
				"leg_joint_left2": {
					"rotation": [0, -32.5, 0]
				},
				"leg_left3": {
					"rotation": [-24.14611, -51.77406, "28.1868+Math.cos((query.anim_time-0.4) * 90 * 8) * 12"]
				},
				"leg_joint_left3": {
					"rotation": [0, -25, 0]
				},
				"tail1": {
					"rotation": ["5+Math.cos((query.anim_time-0.2) * 90 * 8) * 2", 0, 0]
				},
				"tail2": {
					"rotation": [-15, 0, 0]
				},
				"tail3": {
					"rotation": [-32.5, 0, 0]
				},
				"tail4": {
					"rotation": ["-22.5+Math.cos((query.anim_time-0.3) * 90 * 8) * 2", 0, 0]
				},
				"tail5": {
					"rotation": [-27.5, 0, 0]
				},
				"tail_right1": {
					"rotation": [0, 0, "25+Math.cos((query.anim_time-0.4) * 90 * 8) * 12"]
				},
				"tail_right2": {
					"rotation": [0, 0, 22.5]
				},
				"tail_left1": {
					"rotation": [0, 0, "-25+Math.cos((query.anim_time-0.4) * 90 * 8) * -12"]
				},
				"tail_left2": {
					"rotation": [0, 0, -22.5]
				},
				"tail_end": {
					"rotation": ["-40+Math.cos((query.anim_time-0.4) * 90 * 8) * 5", 0, 0]
				}
			}
		},
		"animation.yanfern.faint": {
			"loop": true,
			"animation_length": 3,
			"bones": {
				"body": {
					"rotation": {
						"0.0": [-15, 0, 0],
						"0.0833": [4, 0, 0],
						"0.2083": [3, 0, 0],
						"0.375": [-10, 0, 0],
						"0.5417": [-15, 0, 0],
						"0.9167": [-17.5, 0, 0],
						"1.0833": [-50, 0, 0],
						"1.4167": [-20.67, 0, 0],
						"1.5833": [-14.5, 17.25, 18],
						"1.7917": [-14.5, 64.25, 28],
						"1.9583": [-14.5, 248.14, 29.75],
						"2.0417": [-14.5, 292.5, 28],
						"2.0833": [-14.5, 303.5, 25],
						"2.125": [-14.5, 342.25, 0],
						"2.2083": [-14.5, 377.75, 0],
						"2.2917": [-14.5, 392.75, 0],
						"2.4167": [-14.5, 396.5, 0]
					},
					"position": {
						"0.0": [0, 21, 0],
						"0.2083": [0, 14, -7],
						"0.25": [0, 13.25, -8.25],
						"0.3333": [0, 14, -7],
						"0.5": [0, 14.25, -6.75],
						"0.625": [0, 12.75, -6.75],
						"0.75": [0, 10.25, -6.75],
						"0.9167": [0, 9.75, -6.75],
						"0.9583": [0, 7.75, -6.75],
						"1.0417": [0, 25.7, -4.25],
						"1.1667": [0, 37, -0.5],
						"1.2917": [0, 42.5, 1.5],
						"1.4583": [0, 45, 3.5],
						"1.625": [0, 42.825, 4.25],
						"1.875": [0, 32.75, 5],
						"2.0417": [0, -0.75, 5.25],
						"2.0833": [0, -2.25, 5.25],
						"2.1667": [0, 1.75, 5.25],
						"2.25": [0, 2.75, 5.25],
						"2.375": [0, 1.5, 5.25],
						"2.4583": [0, -1.5, 5.25]
					}
				},
				"head": {
					"rotation": {
						"0.0": [12.5, 0, 0],
						"0.125": [5, 0, 0],
						"0.25": [2.5, 0, 0],
						"0.4583": [15, 0, 0],
						"0.625": [33.75, 0, 0],
						"0.7917": [37.5, 0, 0],
						"1.0417": [70, 0, 0],
						"1.375": [42.5, 0, 0],
						"1.6667": [32.5, 0, 0],
						"1.9583": [-2.5, 0, 0],
						"2.125": [20, 0, 0],
						"2.3333": [-2.5, 0, 0],
						"2.5417": [12.5, 0, 0],
						"2.6667": [15, 0, 0]
					}
				},
				"antenna_right": {
					"rotation": {
						"2.4167": [0, 0, 0],
						"2.5833": [-37.5, 0, 0],
						"2.75": [-50, 0, 0]
					}
				},
				"antenna_left": {
					"rotation": {
						"2.4167": [0, 0, 0],
						"2.5833": [-37.5, 0, 0],
						"2.75": [-50, 0, 0]
					}
				},
				"wing_right1": {
					"rotation": {
						"0.0": [0, -10, "0+Math.cos((query.anim_time-0.4) * 90 * 32) * 30"],
						"0.3333": [0, -10, "0+Math.cos((query.anim_time-0.4) * 90 * 32) * 30"],
						"0.7083": [0, -10, 0],
						"0.8333": [0, -10, 0],
						"1.25": [0, -10, "0+Math.cos((query.anim_time-0.4) * 90 * 32) * 30"],
						"2.0417": [0, -10, "0+Math.cos((query.anim_time-0.4) * 90 * 32) * 30"],
						"2.0833": [0, -10, 0],
						"2.125": [0, -10, 32.5],
						"2.2083": [0, -10, 42.5],
						"2.3333": [0, -10, 42],
						"2.4583": [0, -10, 31],
						"2.5417": [0, -10, 8.5],
						"2.6667": [0, -10, -14],
						"2.7917": [0, -10, -21.5]
					}
				},
				"wing_right2": {
					"rotation": {
						"0.0": [0, 10, "0+Math.cos((query.anim_time-0.4) * 90 * 32) * -30"],
						"0.3333": [0, 10, "0+Math.cos((query.anim_time-0.4) * 90 * 32) * -30"],
						"0.7083": [0, 10, 0],
						"0.8333": [0, 10, 0],
						"1.25": [0, 10, "0+Math.cos((query.anim_time-0.4) * 90 * 32) * -30"],
						"2.0417": [0, 10, "0+Math.cos((query.anim_time-0.4) * 90 * 32) * -30"],
						"2.0833": [0, 10, 0],
						"2.125": [0, -10, 32.5],
						"2.2083": [0, -10, 42.5],
						"2.375": [0, -10, 42],
						"2.5": [0, -10, 31],
						"2.625": [0, -10, 8.5],
						"2.75": [0, -10, -14],
						"2.9167": [0, -10, -21.5]
					}
				},
				"wing_left1": {
					"rotation": {
						"0.0": [0, 10, "0+Math.cos((query.anim_time-0.4) * 90 * 32) * -30"],
						"0.3333": [0, 10, "0+Math.cos((query.anim_time-0.4) * 90 * 32) * -30"],
						"0.7083": [0, 10, 0],
						"0.8333": [0, 10, 0],
						"1.25": [0, 10, "0+Math.cos((query.anim_time-0.4) * 90 * 32) * -30"],
						"2.0417": [0, 10, "0+Math.cos((query.anim_time-0.4) * 90 * 32) * -30"],
						"2.0833": [0, 10, 0],
						"2.125": [0, 10, -32.5],
						"2.2083": [0, 10, -42.5],
						"2.3333": [0, 10, -42],
						"2.4583": [0, 10, -31],
						"2.5417": [0, 10, -8.5],
						"2.6667": [0, 10, 14],
						"2.7917": [0, 10, 21.5]
					}
				},
				"wing_left2": {
					"rotation": {
						"0.0": [0, -10, "0+Math.cos((query.anim_time-0.4) * 90 * 32) * 30"],
						"0.3333": [0, -10, "0+Math.cos((query.anim_time-0.4) * 90 * 32) * 30"],
						"0.7083": [0, -10, 0],
						"0.8333": [0, -10, 0],
						"1.25": [0, -10, "0+Math.cos((query.anim_time-0.4) * 90 * 32) * 30"],
						"2.0417": [0, -10, "0+Math.cos((query.anim_time-0.4) * 90 * 32) * 30"],
						"2.0833": [0, -10, 0],
						"2.125": [0, 10, -32.5],
						"2.2083": [0, 10, -42.5],
						"2.375": [0, 10, -42],
						"2.5": [0, 10, -31],
						"2.625": [0, 10, -8.5],
						"2.75": [0, 10, 14],
						"2.9167": [0, 10, 21.5]
					}
				},
				"leg_right1": {
					"rotation": {
						"0.0": [0, 0, -35],
						"0.5833": [0, 0, -35],
						"0.875": [0, 0, -60],
						"1.0417": [0, 0, -35],
						"2.0": [0, 0, -35],
						"2.0833": [0, 0, 10]
					}
				},
				"leg_joint_right1": {
					"rotation": {
						"0.0": [0, 30, 0],
						"0.5833": [0, 30, 0],
						"0.875": [0, 132.5, 0],
						"1.0417": [0, 30, 0],
						"2.0": [0, 30, 0],
						"2.0833": [0, 132.5, 0]
					}
				},
				"leg_right2": {
					"rotation": {
						"0.0": [0, 10, -25],
						"0.5833": [0, 10, -25],
						"0.875": [0, -5, -25],
						"1.0417": [0, 10, -25],
						"2.0": [0, 10, -25],
						"2.0833": [0, -5, 15]
					}
				},
				"leg_joint_right2": {
					"rotation": {
						"0.0": [0, 27.5, 0],
						"0.5833": [0, 27.5, 0],
						"0.875": [0, 132.5, 0],
						"1.0417": [0, 27.5, 0],
						"2.0": [0, 27.5, 0],
						"2.0833": [0, 132.5, 0]
					}
				},
				"leg_right3": {
					"rotation": {
						"0.0": [0, 20, -20],
						"0.5833": [0, 20, -20],
						"0.875": [0, 15, -20],
						"1.0417": [0, 20, -20],
						"2.0": [0, 20, -20],
						"2.0833": [0, 15, 22.5]
					}
				},
				"leg_joint_right3": {
					"rotation": {
						"0.0": [0, 17.5, 0],
						"0.5833": [0, 17.5, 0],
						"0.875": [0, 122.5, 0],
						"1.0417": [0, 17.5, 0],
						"2.0": [0, 17.5, 0],
						"2.0833": [0, 122.5, 0]
					}
				},
				"leg_left1": {
					"rotation": {
						"0.0": [0, 0, 35],
						"0.5833": [0, 0, 35],
						"0.875": [0, 0, 60],
						"1.0417": [0, 0, 35],
						"2.0": [0, 0, 35],
						"2.0833": [0, 0, -10]
					}
				},
				"leg_joint_left1": {
					"rotation": {
						"0.0": [0, -30, 0],
						"0.5833": [0, -30, 0],
						"0.875": [0, -132.5, 0],
						"1.0417": [0, -30, 0],
						"2.0": [0, -30, 0],
						"2.0833": [0, -132.5, 0]
					}
				},
				"leg_left2": {
					"rotation": {
						"0.0": [0, -10, 25],
						"0.5833": [0, -10, 25],
						"0.875": [0, 5, 25],
						"1.0417": [0, -10, 25],
						"2.0": [0, -10, 25],
						"2.0833": [0, 5, -15]
					}
				},
				"leg_joint_left2": {
					"rotation": {
						"0.0": [0, -27.5, 0],
						"0.5833": [0, -27.5, 0],
						"0.875": [0, -132.5, 0],
						"1.0417": [0, -27.5, 0],
						"2.0": [0, -27.5, 0],
						"2.0833": [0, -132.5, 0]
					}
				},
				"leg_left3": {
					"rotation": {
						"0.0": [0, -20, 20],
						"0.5833": [0, -20, 20],
						"0.875": [0, -15, 20],
						"1.0417": [0, -20, 20],
						"2.0": [0, -20, 20],
						"2.0833": [0, -15, -22.5]
					}
				},
				"leg_joint_left3": {
					"rotation": {
						"0.0": [0, -17.5, 0],
						"0.5833": [0, -17.5, 0],
						"0.875": [0, -122.5, 0],
						"1.0417": [0, -17.5, 0],
						"2.0": [0, -17.5, 0],
						"2.0833": [0, -122.5, 0]
					}
				},
				"tail1": {
					"rotation": {
						"0.0": [10, 0, 0],
						"0.0833": [12.5, 0, 0],
						"0.2917": [0, 0, 0],
						"0.6667": [-10, 0, 0],
						"0.9167": [-10, 0, 0],
						"0.9583": [-5, 0, 0],
						"1.2083": [0, 0, 0],
						"1.4167": [17.5, 0, 0],
						"2.0833": [10, 0, 0]
					}
				},
				"tail2": {
					"rotation": {
						"0.0": [-15, 0, 0],
						"0.1667": [-7.5, 0, 0],
						"0.3333": [-27.5, 0, 0],
						"0.7083": [-40, 0, 0],
						"0.9167": [-40, 0, 0],
						"0.9583": [-27.5, 0, 0],
						"1.2917": [-22.5, 0, 0],
						"1.4583": [-15, 0, 0],
						"1.625": [-12.5, -10, 0],
						"1.875": [12.5, -30, 0],
						"2.125": [0, -26, 0],
						"2.25": [20, -9.5, 0],
						"2.375": [-3, -6.5, 0],
						"2.5": [-10, -6.5, 0]
					}
				},
				"tail3": {
					"rotation": {
						"0.0": [-42.5, 0, 0],
						"0.2083": [-30, 0, 0],
						"0.375": [-42.5, 0, 0],
						"0.7917": [-55, 0, 0],
						"1.3333": [-40, 0, 0],
						"1.5": [-15, 0, 0],
						"1.6667": [-5, -17.5, 0],
						"1.9167": [10, -17.5, 0],
						"2.1667": [-10, -13.75, 0],
						"2.25": [12.5, -9, 0],
						"2.5833": [15, -5.5, 0]
					}
				},
				"tail4": {
					"rotation": {
						"0.0": [-37.5, 0, 0],
						"0.25": [-25, 0, 0],
						"0.4167": [-40, 0, 0],
						"0.8333": [-50, 0, 0],
						"1.375": [-42.5, 0, 0],
						"1.5417": [-10, 0, 0],
						"1.7083": [10, -27.5, 0],
						"2.2083": [-12.5, -27.5, 0],
						"2.3333": [5, -14, 0],
						"2.5833": [0, -11.25, 0]
					}
				},
				"tail5": {
					"rotation": {
						"0.0": [-45, 0, 0],
						"0.4583": [-55, 0, 0],
						"0.9167": [-55, 0, 0],
						"0.9583": [-32.5, 0, 0],
						"1.4167": [-42.5, 0, 0],
						"1.5833": [2.5, 0, 0],
						"1.75": [22.5, -12.5, 0],
						"2.25": [-5, -12.5, 0],
						"2.4167": [20, -12.5, 0],
						"2.5": [-7.5, -12.5, 0]
					}
				},
				"tail_right2": {
					"rotation": [0, 0, -25]
				},
				"tail_left2": {
					"rotation": [0, 0, 27.5]
				},
				"tail_end": {
					"rotation": {
						"0.0": [-27.5, 0, 0],
						"0.875": [-37.5, 0, 0],
						"1.4167": [-27.5, 0, 0],
						"1.7917": [5, -12.5, 0],
						"1.9583": [27.5, -12.5, 0],
						"2.3333": [-4, -12.5, 0],
						"2.625": [-10.5, -12.5, 0]
					}
				},
				"eyelid_left": {
					"position": {
						"0.625": [0, 0, 0],
						"0.6667": [0.2, 0, 0],
						"1.2083": [0.2, 0, 0],
						"1.25": [0, 0, 0],
						"1.7083": [0, 0, 0],
						"1.75": [0.2, 0, 0]
					}
				},
				"eyelid_right": {
					"position": {
						"0.625": [0, 0, 0],
						"0.6667": [-0.2, 0, 0],
						"1.2083": [-0.2, 0, 0],
						"1.25": [0, 0, 0],
						"1.7083": [0, 0, 0],
						"1.75": [-0.2, 0, 0]
					}
				}
			}
		},
		"animation.yanfern.blink": {
			"animation_length": 0.20833,
			"bones": {
				"eyelid_left": {
					"position": {
						"0.0": [0.225, 0, 0],
						"0.1667": [0.225, 0, 0],
						"0.2083": [0, 0, 0]
					}
				},
				"eyelid_right": {
					"position": {
						"0.0": [-0.225, 0, 0],
						"0.1667": [-0.225, 0, 0],
						"0.2083": [0, 0, 0]
					}
				}
			}
		},
		"animation.yanfern.sleep": {
			"loop": true,
			"bones": {
				"body": {
					"rotation": ["0+Math.cos((query.anim_time) * 90 * 1) * 1", 0, 0],
					"position": [0, -2, 0]
				},
				"head": {
					"rotation": ["0+Math.cos((query.anim_time-0.4) * 90 * 1) * -2", -17.5, 0],
					"position": [0, 1, 0]
				},
				"eyelid_left": {
					"position": [0.225, 0, 0]
				},
				"eyelid_right": {
					"position": [-0.225, 0, 0]
				},
				"antenna_right": {
					"rotation": [0, 0, -42.5]
				},
				"antenna_left": {
					"rotation": [0, 0, 42.5]
				},
				"wing_right1": {
					"rotation": [0, 0, -20]
				},
				"wing_right2": {
					"rotation": [0, 22.5, -22.5]
				},
				"wing_left1": {
					"rotation": [0, 15, 7.5]
				},
				"wing_left2": {
					"rotation": [0, 0, 12.5]
				},
				"tail1": {
					"rotation": [0, 25, 0]
				},
				"tail2": {
					"rotation": [0, 52.5, 0]
				},
				"tail3": {
					"rotation": [0, 40, 0]
				},
				"tail4": {
					"rotation": [0, 35, 0]
				},
				"tail5": {
					"rotation": [0, 30, 0]
				},
				"tail_end": {
					"rotation": [35, 42.5, 37.5]
				}
			}
		}
	}
}