{
	"format_version": "1.10.0",
	"particle_effect": {
		"description": {
			"identifier": "noble-pokemon:alpha_ambient",
			"basic_render_parameters": {
				"material": "particles_alpha",
				"texture": "textures/particles/alpha_ambient"
			}
		},
		"components": {
			"minecraft:emitter_rate_steady": {
				"spawn_rate": 15,
				"max_particles": 100
			},
			"minecraft:emitter_lifetime_once": {
				"active_time": 1
			},
			"minecraft:emitter_shape_sphere": {
				"radius": 2,
				"direction": "outwards"
			},
			"minecraft:particle_lifetime_expression": {
				"max_lifetime": 1
			},
			"minecraft:particle_initial_spin": {
				"rotation": "math.random(-45,45)"
			},
			"minecraft:particle_initial_speed": 0,
			"minecraft:particle_motion_dynamic": {},
			"minecraft:particle_appearance_billboard": {
				"size": ["math.clamp(variable.particle_random_4 * 2, 0.5,1.1)", "math.clamp(variable.particle_random_4 * 2, 0.5,1.1)"],
				"facing_camera_mode": "rotate_xyz",
				"uv": {
					"texture_width": 320,
					"texture_height": 32,
					"flipbook": {
						"base_UV": [0, 0],
						"size_UV": [32, 32],
						"step_UV": [32, 0],
						"frames_per_second": 24,
						"max_frame": 10
					}
				}
			}
		}
	}
}