{
	"format_version": "1.10.0",
	"particle_effect": {
		"description": {
			"identifier": "cobblemon:shiny_sparkles_ambient_small",
			"basic_render_parameters": {
				"material": "particles_alpha",
				"texture": "textures/particles/shiny_sparkle"
			}
		},
		"curves": {
			"variable.size": {
				"type": "linear",
				"input": "v.particle_age",
				"horizontal_range": "v.particle_lifetime / 1.5",
				"nodes": [0.2, 0.69, 0.26, 0.78, 0.26, 0.8, 0]
			}
		},
		"components": {
			"minecraft:emitter_rate_instant": {
				"num_particles": 6
			},
			"minecraft:emitter_lifetime_once": {
				"active_time": 1
			},
			"minecraft:emitter_shape_box": {
				"half_dimensions": [0.5, 0.5, 0.5],
				"direction": ["math.random(-1,1)", "math.random(-1,1)", "math.random(-1,1)"]
			},
			"minecraft:particle_lifetime_expression": {
				"max_lifetime": 2
			},
			"minecraft:particle_initial_spin": {
				"rotation": "math.random(0,359)"
			},
			"minecraft:particle_initial_speed": 1,
			"minecraft:particle_motion_dynamic": {
				"linear_drag_coefficient": "math.random(25,50)"
			},
			"minecraft:particle_appearance_billboard": {
				"size": ["math.random(0.2,1)*variable.size / 2.5", "math.random(0.2,1)*variable.size / 2.5"],
				"facing_camera_mode": "rotate_xyz",
				"uv": {
					"texture_width": 16,
					"texture_height": 16,
					"uv": [0, 0],
					"uv_size": [16, 16]
				}
			}
		}
	}
}