{
	"format_version": "1.10.0",
	"particle_effect": {
		"description": {
			"identifier": "cobblemon:us_portal",
			"basic_render_parameters": {
				"material": "particles_alpha",
				"texture": "textures/blocks/wool_colored_white"
			}
		},
		"events": {
			"event_portal": {
				"particle_effect": {
					"effect": "cobblemon:us_portal_rift",
					"type": "emitter"
				}
			},
			"event_sparks": {
				"particle_effect": {
					"effect": "cobblemon:us_sparks",
					"type": "emitter"
				}
			},
			"event_particles": {
				"particle_effect": {
					"effect": "cobblemon:us_particles",
					"type": "emitter"
				}
			}
		},
		"components": {
			"minecraft:emitter_rate_steady": {
				"spawn_rate": 4,
				"max_particles": 100
			},
			"minecraft:emitter_lifetime_looping": {
				"active_time": 9999
			},
			"minecraft:emitter_lifetime_events": {
				"creation_event": ["event_portal", "event_sparks", "event_particles"]
			},
			"minecraft:emitter_shape_point": {},
			"minecraft:particle_lifetime_expression": {
				"max_lifetime": 1,
				"expiration_expression": 1
			},
			"minecraft:particle_initial_speed": 0,
			"minecraft:particle_motion_dynamic": {},
			"minecraft:particle_appearance_billboard": {
				"size": [0.2, 0.2],
				"facing_camera_mode": "rotate_xyz",
				"uv": {
					"texture_width": 16,
					"texture_height": 16,
					"uv": [0, 0],
					"uv_size": [16, 16]
				}
			}
		}
	}
}