{
	"format_version": "1.10.0",
	"particle_effect": {
		"description": {
			"identifier": "cobblemon:us_particles",
			"basic_render_parameters": {
				"material": "particles_alpha",
				"texture": "textures/particles/us_blank_orb"
			}
		},
		"curves": {
			"variable.size": {
				"type": "linear",
				"input": "v.particle_age",
				"horizontal_range": "v.particle_lifetime",
				"nodes": [1, 0]
			}
		},
		"components": {
			"minecraft:emitter_rate_steady": {
				"spawn_rate": 10,
				"max_particles": 100
			},
			"minecraft:emitter_lifetime_once": {
				"active_time": 1
			},
			"minecraft:emitter_shape_disc": {
				"offset": [1, 0, 0],
				"radius": 0.5,
				"plane_normal": "x",
				"surface_only": true,
				"direction": [-2, "math.random(-2,2)", "math.random(-2,2)"]
			},
			"minecraft:particle_lifetime_expression": {
				"max_lifetime": 1.4
			},
			"minecraft:particle_initial_speed": 0.9,
			"minecraft:particle_motion_dynamic": {
				"linear_acceleration": ["math.random(-10,10)", "math.random(-10,10)", "math.random(-10,10)"]
			},
			"minecraft:particle_appearance_billboard": {
				"size": ["math.clamp(0.1 * v.particle_random_3, 0.05,0.1) * v.size", "math.clamp(0.1 * v.particle_random_3, 0.05,0.1) * v.size"],
				"facing_camera_mode": "rotate_xyz",
				"uv": {
					"texture_width": 16,
					"texture_height": 16,
					"uv": [0, 0],
					"uv_size": [16, 16]
				}
			},
			"minecraft:particle_appearance_tinting": {
				"color": [1, 1, 1, 1]
			}
		}
	}
}