{
	"format_version": "1.10.0",
	"particle_effect": {
		"description": {
			"identifier": "cobblemon:us_portal_rift_blue",
			"basic_render_parameters": {
				"material": "particles_alpha",
				"texture": "textures/particles/us_blank_orb"
			}
		},
		"curves": {
			"variable.size": {
				"type": "linear",
				"input": "v.particle_age",
				"horizontal_range": "v.particle_lifetime",
				"nodes": [1, 0.89, 0.4]
			}
		},
		"components": {
			"minecraft:emitter_rate_steady": {
				"spawn_rate": 200,
				"max_particles": 324
			},
			"minecraft:emitter_lifetime_once": {
				"active_time": 1
			},
			"minecraft:emitter_shape_disc": {
				"radius": 2,
				"plane_normal": "x",
				"surface_only": true,
				"direction": "inwards"
			},
			"minecraft:particle_lifetime_expression": {
				"max_lifetime": 1.8
			},
			"minecraft:particle_initial_spin": {
				"rotation": "math.random(0,360)"
			},
			"minecraft:particle_initial_speed": 1,
			"minecraft:particle_motion_dynamic": {
				"linear_acceleration": [2.5, 0, 0]
			},
			"minecraft:particle_appearance_billboard": {
				"size": ["math.clamp(0.5 * v.particle_random_3, 0.5,0.6) * v.size", "math.clamp(0.5 * v.particle_random_3, 0.5,0.6) * v.size"],
				"facing_camera_mode": "rotate_xyz",
				"uv": {
					"texture_width": 16,
					"texture_height": 16,
					"uv": [0, 0],
					"uv_size": [16, 16]
				}
			},
			"minecraft:particle_appearance_tinting": {
				"color": {
					"interpolant": "v.particle_age / v.particle_lifetime * 1.5",
					"gradient": {
						"0.0": "#FF00E5FF",
						"0.43": "#FFA2FEBE",
						"0.68": "#FFCBBAFF",
						"1.0": "#FFFFFFFF"
					}
				}
			}
		}
	}
}