{
	"format_version": "1.8.0",
	"animations": {
		"animation.absol.ground_idle": {
			"loop": true
		},
		"animation.absol.ground_walk": {
			"loop": true,
			"bones": {
				"body": {
					"rotation": ["-2.5*math.sin(q.anim_time*90*4*2+45)*6", "-0.5*math.sin(q.anim_time*90*4*2+45)*6", 0],
					"position": [
						0,
						"math.clamp(math.sin(q.anim_time*90*4)*1.1,0.4,1.1)+math.clamp(math.sin(q.anim_time*90*4+180)*1.1,0.4,1.1)",
						"math.sin(q.anim_time*90*4*2-33)*1"
					]
				},
				"left_leg_front": {
					"rotation": ["9-math.clamp(25*(math.sin(q.anim_time*90*4*2-50)*1+1),-0,60)", 1.93597, -7.24721],
					"position": [0, -0.6, 0]
				},
				"left_leg_front2": {
					"rotation": ["-2.4811-10*math.sin(q.anim_time*90*4*2)", -0.43523, 7.51893]
				},
				"left_foot_front": {
					"rotation": ["20-15*math.sin(q.anim_time*90*4*2)", 0, 0]
				},
				"right_leg_front": {
					"rotation": ["9-math.clamp(25*(math.sin(q.anim_time*90*4*2-90)*1+1),-0,60)", 1.93597, 7.2472],
					"position": [
						0,
						"-0.6+0.2*(math.clamp(math.sin(q.anim_time*90*4*2-155)*1.6,1,1.6)-0.2)+0.5*(math.clamp(math.sin(q.anim_time*90*4*2-75)*1.8,1,1.8)-1)-0.2*(math.clamp(math.sin(q.anim_time*90*4*2)*1.4,1,1.4)+1)",
						0
					]
				},
				"right_leg_front2": {
					"rotation": ["-2.4811-10*math.sin(q.anim_time*90*4*2)", 0.4352, -7.5189]
				},
				"right_foot_front": {
					"rotation": ["20-15*math.sin(q.anim_time*90*4*2)", 0, 0]
				},
				"left_leg_back": {
					"rotation": ["-10+math.clamp(25*(math.sin(q.anim_time*90*4*2-90)*1+1),-0,48)+5*math.sin(q.anim_time*90*4*2-90)", 0, -7.5],
					"position": [
						0,
						"0-(math.clamp(-math.sin(q.anim_time*90*4*2+50)*1,0.5,1)-0.5)*0.5+(math.clamp(-math.sin(q.anim_time*90*2*2+70+180*0)*1,0.5,1)-0.5)*2+(math.clamp(-math.sin(q.anim_time*90*2*2+70+180*1)*1,0.5,1)-0.5)*2",
						0
					]
				},
				"left_leg_back2": {
					"rotation": [
						"1.2121+math.clamp(math.sin(q.anim_time*90*4*2)*10,0,10)+math.clamp(math.sin(q.anim_time*90*4*2-95)*20,0,45)-math.clamp(math.sin(q.anim_time*90*4*2+180)*50,0,45)",
						-2.11759,
						0.84516
					],
					"position": [0, "math.clamp(math.sin(q.anim_time*90*4-130)*1,0.5,1)-math.clamp(math.sin(q.anim_time*90*4-40)*1,0.75,1)+0.25", 0]
				},
				"right_leg_back": {
					"rotation": ["-10+math.clamp(25*(math.sin(q.anim_time*90*4*2-50)*1+1),-0,48)+5*math.sin(q.anim_time*90*4*2-50)", 0, 7.5],
					"position": [0, "math.clamp(math.sin(q.anim_time*90*4-130)*1,0.5,1)-math.clamp(math.sin(q.anim_time*90*4-40)*1,0.75,1)+0.25", 0]
				},
				"right_leg_back2": {
					"rotation": [
						"1.2105+math.clamp(math.sin(q.anim_time*90*4*2)*10,0,10)+math.clamp(math.sin(q.anim_time*90*4*2-95)*20,0,45)-math.clamp(math.sin(q.anim_time*90*4*2+180)*50,0,45)",
						1.12839,
						-1.36621
					],
					"position": [0, "math.clamp(math.sin(q.anim_time*90*4-130)*1,0.5,1)-math.clamp(math.sin(q.anim_time*90*4-40)*1,0.75,1)+0.25", 0]
				}
			}
		}
	}
}