{
	"format_version": "1.8.0",
	"animations": {
		"animation.carbink.air_idle": {
			"loop": true,
			"animation_length": 3,
			"bones": {
				"earL": {
					"rotation": [0, "0-math.sin(q.anim_time*60*2-60)*3", "-25-math.sin(q.anim_time*60*2-20)*4"],
					"position": [0, -0.25, 0]
				},
				"earR": {
					"rotation": [0, "0+math.sin(q.anim_time*60*2-60)*3", "27.5+math.sin(q.anim_time*60*2-20)*4"],
					"position": [0, -0.25, 0]
				},
				"body": {
					"rotation": ["math.sin(q.anim_time*60*2-30)*0.3", 0, 0],
					"position": [0, "2-math.sin(q.anim_time*60*2-90)*0.3", "-math.sin(q.anim_time*60*2 )*0.05"]
				},
				"head": {
					"rotation": ["-math.sin(q.anim_time*60*2-30)*1", 0, 0]
				}
			}
		},
		"animation.carbink.air_walk": {
			"loop": true,
			"animation_length": 4,
			"bones": {
				"body": {
					"rotation": [7.5, "0-math.sin(q.anim_time*45*2-35)*3", "-math.sin(q.anim_time*90*1-90)*1.5"],
					"position": ["math.sin(q.anim_time*90*1-10)*0.4", "2-math.sin(q.anim_time*90*2)*0.15", 0]
				},
				"head": {
					"rotation": [-7.5, 0, 0]
				},
				"earL": {
					"rotation": [0, "-17.5+math.sin(q.anim_time*45*2-35)*3", "-25+math.sin(q.anim_time*90*2-70)*3"]
				},
				"earR": {
					"rotation": [0, "17.5-math.sin(q.anim_time*45*2-35)*3", "25-math.sin(q.anim_time*90*2-70)*3"]
				}
			}
		},
		"animation.carbink.cry": {
			"animation_length": 3,
			"bones": {
				"body": {
					"rotation": {
						"0.0": [0, 0, 0],
						"0.3": {
							"pre": [1.475, 0, 0],
							"post": [1.475, 0, 0],
							"lerp_mode": "catmullrom"
						},
						"0.9333": {
							"post": [-1.015, 0, 0],
							"lerp_mode": "catmullrom"
						},
						"1.2333": {
							"post": [-1.125, 0, 0],
							"lerp_mode": "catmullrom"
						},
						"1.6667": {
							"post": [1.17, 0, 0],
							"lerp_mode": "catmullrom"
						},
						"2.0": {
							"post": [1.63, 0, 0],
							"lerp_mode": "catmullrom"
						},
						"2.4": {
							"post": [0, 0, 0],
							"lerp_mode": "catmullrom"
						},
						"2.7667": {
							"post": [0, 0, 0],
							"lerp_mode": "catmullrom"
						}
					},
					"position": {
						"0.0": [0, 0, 0],
						"0.3667": {
							"pre": [0, -0.145, 0.175],
							"post": [0, -0.145, 0.175],
							"lerp_mode": "catmullrom"
						},
						"0.7333": {
							"post": [0, 1.45, -0.15],
							"lerp_mode": "catmullrom"
						},
						"1.1667": {
							"post": [0, 1.43, -0.375],
							"lerp_mode": "catmullrom"
						},
						"1.6667": {
							"post": [0, -0.08, -0.05],
							"lerp_mode": "catmullrom"
						},
						"2.4667": [0, 0, 0]
					}
				},
				"head": {
					"rotation": {
						"0.0": {
							"post": [0, 0, 0],
							"lerp_mode": "catmullrom"
						},
						"0.3333": {
							"post": [0.625, 0, 0],
							"lerp_mode": "catmullrom"
						},
						"0.8667": {
							"post": [-4.695, 0, 0],
							"lerp_mode": "catmullrom"
						},
						"1.3333": {
							"post": [-3.115, 0, 0],
							"lerp_mode": "catmullrom"
						},
						"1.7": {
							"post": [2.435, 0, 0],
							"lerp_mode": "catmullrom"
						},
						"2.0667": {
							"post": [2.575, 0, 0],
							"lerp_mode": "catmullrom"
						},
						"2.5333": {
							"post": [-0.99, 0, 0],
							"lerp_mode": "catmullrom"
						},
						"3.0": {
							"post": [0, 0, 0],
							"lerp_mode": "catmullrom"
						}
					},
					"position": [0, 0, 0]
				},
				"earL": {
					"rotation": {
						"0.0": [0, 0, 0],
						"0.4667": {
							"pre": [0, 0, 9.6],
							"post": [0, 0, 9.6],
							"lerp_mode": "catmullrom"
						},
						"0.8": {
							"post": [0, 0, -1.1],
							"lerp_mode": "catmullrom"
						},
						"1.4333": {
							"post": [0, 0, -0.96],
							"lerp_mode": "catmullrom"
						},
						"1.9333": {
							"post": [0, 0, 5.92],
							"lerp_mode": "catmullrom"
						},
						"2.4667": {
							"post": [0, 0, 0],
							"lerp_mode": "catmullrom"
						}
					}
				},
				"earR": {
					"rotation": {
						"0.0": [0, 0, 0],
						"0.4667": {
							"pre": [0, 0, -9.6],
							"post": [0, 0, -9.6],
							"lerp_mode": "catmullrom"
						},
						"0.8": {
							"post": [0, 0, 1.1],
							"lerp_mode": "catmullrom"
						},
						"1.4333": {
							"post": [0, 0, 0.96],
							"lerp_mode": "catmullrom"
						},
						"1.9333": {
							"post": [0, 0, -5.92],
							"lerp_mode": "catmullrom"
						},
						"2.4667": {
							"post": [0, 0, 0],
							"lerp_mode": "catmullrom"
						}
					}
				}
			}
		},
		"animation.carbink.blink": {
			"animation_length": 0.4,
			"bones": {
				"eyeL": {
					"position": {
						"0.0": [0, 0, -0.015],
						"0.3667": [0, 0, -0.015],
						"0.4": [0, 0, 0]
					}
				},
				"eyeR": {
					"position": {
						"0.0": [0, 0, -0.015],
						"0.3667": [0, 0, -0.015],
						"0.4": [0, 0, 0]
					}
				}
			}
		},
		"animation.carbink.faint": {
			"animation_length": 3,
			"bones": {
				"body": {
					"rotation": {
						"0.0": {
							"post": [0, 0, 0],
							"lerp_mode": "catmullrom"
						},
						"0.1667": {
							"post": [6.74, 0, 0.65],
							"lerp_mode": "catmullrom"
						},
						"0.3667": {
							"post": [-10.55, 0, 1.05],
							"lerp_mode": "catmullrom"
						},
						"0.4": [-10.62543, 0, 0.85248],
						"0.4333": [-10.76625, 0, 0.30248],
						"0.4667": [-10.84268, 0, -0.49783],
						"0.5": [-10.73632, 0, -1.41718],
						"0.5333": [-10.35356, 0, -2.33229],
						"0.5667": [-9.63078, 0, -3.1531],
						"0.6": [-8.5331, 0, -3.82716],
						"0.6333": [-7.0488, 0, -4.33166],
						"0.6667": [-5.18267, 0, -4.66228],
						"0.7": [-2.95, 0, -4.825],
						"0.7333": [-0.06402, 0.04833, -4.84744],
						"0.7667": [3.74337, 0.17011, -4.74523],
						"0.8": [8.38638, 0.33959, -4.51224],
						"0.8333": [13.71062, 0.53795, -4.1491],
						"0.9": [25.32549, 0.96205, -3.10572],
						"0.9333": [30.81504, 1.16041, -2.52014],
						"0.9667": [35.40487, 1.32989, -1.99792],
						"1.0": [38.52978, 1.45167, -1.63272],
						"1.0333": {
							"pre": [39.67, 1.5, -1.5],
							"post": [39.67, 1.5, -1.5],
							"lerp_mode": "catmullrom"
						},
						"1.2667": {
							"post": [39.395, 1.5, -0.1],
							"lerp_mode": "catmullrom"
						},
						"1.5": [39.67, 1.5, -0.3]
					},
					"position": {
						"0.0": {
							"post": [0, 2, 0],
							"lerp_mode": "catmullrom"
						},
						"0.2667": {
							"post": [0.325, 1.825, 2.375],
							"lerp_mode": "catmullrom"
						},
						"0.5667": {
							"post": [-0.1, 2.655, 4.03],
							"lerp_mode": "catmullrom"
						},
						"0.8667": {
							"post": [-0.875, 1.48, 4.23],
							"lerp_mode": "catmullrom"
						},
						"1.0333": {
							"post": [-0.325, -4.77, 2.63],
							"lerp_mode": "catmullrom"
						},
						"1.2667": [-0.3, -4.77, 2.63],
						"1.5333": [-0.3, -4.77, 2.63]
					}
				},
				"head": {
					"rotation": {
						"0.0": [0, 0, 0],
						"0.1333": {
							"pre": [5, 0, 0],
							"post": [5, 0, 0],
							"lerp_mode": "catmullrom"
						},
						"0.4667": {
							"post": [-1.975, 0, 0],
							"lerp_mode": "catmullrom"
						},
						"0.7333": {
							"post": [-7.6, 0, 0],
							"lerp_mode": "catmullrom"
						},
						"1.1": {
							"post": [-6.25, 0, 0],
							"lerp_mode": "catmullrom"
						},
						"1.2": {
							"post": [6.8, 0, 0],
							"lerp_mode": "catmullrom"
						},
						"1.3667": {
							"post": [5.6, 0, 0],
							"lerp_mode": "catmullrom"
						}
					},
					"position": [0, 0, 0]
				},
				"earL": {
					"rotation": {
						"0.0": [0, 0, -25],
						"0.2": {
							"pre": [0, 19, -26.25],
							"post": [0, 19, -26.25],
							"lerp_mode": "catmullrom"
						},
						"0.5333": {
							"post": [0, -18.5, 7.4],
							"lerp_mode": "catmullrom"
						},
						"0.9333": {
							"post": [0, -21.1, -3.25],
							"lerp_mode": "catmullrom"
						},
						"1.1333": {
							"post": [0, 9, 2.075],
							"lerp_mode": "catmullrom"
						},
						"1.4": {
							"post": [0, 32.1, 11.825],
							"lerp_mode": "catmullrom"
						},
						"1.6667": {
							"post": [0, 21.6, 11.825],
							"lerp_mode": "catmullrom"
						},
						"1.9667": {
							"post": [0, 25.6, 11.825],
							"lerp_mode": "catmullrom"
						}
					},
					"position": [0, -0.25, 0]
				},
				"earR": {
					"rotation": {
						"0.0": [0, 0, 25],
						"0.2": {
							"pre": [0, -19, 26.25],
							"post": [0, -19, 26.25],
							"lerp_mode": "catmullrom"
						},
						"0.5333": {
							"post": [0, 18.5, -7.625],
							"lerp_mode": "catmullrom"
						},
						"0.9333": {
							"post": [0, 21.1, 3.25],
							"lerp_mode": "catmullrom"
						},
						"1.1333": {
							"post": [0, -9, -2.075],
							"lerp_mode": "catmullrom"
						},
						"1.4": {
							"post": [0, -32.1, -11.825],
							"lerp_mode": "catmullrom"
						},
						"1.6667": {
							"post": [0, -21.6, -11.825],
							"lerp_mode": "catmullrom"
						},
						"1.9667": {
							"post": [0, -25.6, -11.825],
							"lerp_mode": "catmullrom"
						}
					},
					"position": [0, -0.25, 0]
				},
				"eyeL": {
					"position": {
						"0.0": [0, 0, -0.015],
						"0.9667": [0, 0, 0],
						"1.0": [0, 0, -0.015]
					}
				},
				"eyeR": {
					"position": {
						"0.0": [0, 0, -0.015],
						"0.9667": [0, 0, 0],
						"1.0": [0, 0, -0.015]
					}
				},
				"eyeR2": {
					"position": {
						"0.0": [0, 0, -0.015],
						"1.0": [0, 0, -0.015],
						"1.0333": [0, 0, 0]
					}
				},
				"eyeL2": {
					"position": {
						"0.0": [0, 0, -0.015],
						"1.0": [0, 0, -0.015],
						"1.0333": [0, 0, 0]
					}
				}
			}
		},
		"animation.carbink.sleep": {
			"loop": true,
			"animation_length": 3,
			"bones": {
				"body": {
					"rotation": {
						"0.0": {
							"post": [0, 0, 0],
							"lerp_mode": "catmullrom"
						}
					},
					"position": {
						"0.0": {
							"post": [0, -3.4, 0],
							"lerp_mode": "catmullrom"
						}
					}
				},
				"head": {
					"rotation": ["5+math.sin(q.anim_time*90*1.333+60)*1.0+3 ", 0, 0],
					"position": [0, 0, 0]
				},
				"earL": {
					"rotation": [17.5, "7.5+math.sin(q.anim_time*90*1.333+25)*1.5 ", "15-math.sin(q.anim_time*90*1.333+100)*1.5 "],
					"position": [0, -0.25, 0]
				},
				"earR": {
					"rotation": [20, "-7.5-math.sin(q.anim_time*90*1.333+25)*1.5 ", "-15+math.sin(q.anim_time*90*1.333+100)*1.5 "],
					"position": [0, -0.25, 0]
				},
				"eyeL": {
					"position": [0, 0, -0.015]
				},
				"eyeR": {
					"position": [0, 0, -0.015]
				},
				"eyeR2": {
					"position": [0, 0, -0.015]
				},
				"eyeL2": {
					"position": [0, 0, -0.015]
				}
			}
		}
	}
}