{
	"format_version": "1.8.0",
	"animations": {
		"animation.flittle.ground_idle": {
			"loop": true,
			"bones": {
				"dress_upper_back_rotation": {
					"rotation": ["5+Math.cos((query.anim_time+0.1) * 90 * 6) * 2", 0, 0]
				},
				"dress_upper_left_rotation": {
					"rotation": ["5+Math.cos((query.anim_time+0.1) * 90 * 6) * 2", 0, 0]
				},
				"dress_upper_left_rotation2": {
					"rotation": ["5+Math.cos((query.anim_time+0.1) * 90 * 6) * 2", 0, 0]
				},
				"dress_upper_right_rotation": {
					"rotation": ["5+Math.cos((query.anim_time+0.1) * 90 * 6) * 2", 0, 0]
				},
				"dress_upper_right_rotation2": {
					"rotation": ["5+Math.cos((query.anim_time+0.1) * 90 * 6) * 2", 0, 0]
				},
				"dress_upper_base_front_rotation": {
					"rotation": ["5+Math.cos((query.anim_time+0.1) * 90 * 6) * 2", 0, 0]
				},
				"dress_upper_base_left_rotation": {
					"rotation": ["5+Math.cos((query.anim_time+0.1) * 90 * 6) * 2", 0, 0]
				},
				"dress_upper_base_left_rotation2": {
					"rotation": ["5+Math.cos((query.anim_time+0.1) * 90 * 6) * 2", 0, 0]
				},
				"dress_upper_base_right_rotation": {
					"rotation": ["5+Math.cos((query.anim_time+0.1) * 90 * 6) * 2", 0, 0]
				},
				"dress_upper_base_right_rotation2": {
					"rotation": ["5+Math.cos((query.anim_time+0.1) * 90 * 6) * 2", 0, 0]
				},
				"dress_lower_back_rotation": {
					"rotation": ["20+Math.cos((query.anim_time+0.15) * 90 * 6) * 2", 0, 0]
				},
				"dress_lower_left_rotation": {
					"rotation": ["20+Math.cos((query.anim_time+0.15) * 90 * 6) * 2", 0, 0]
				},
				"dress_lower_left_rotation2": {
					"rotation": ["20+Math.cos((query.anim_time+0.15) * 90 * 6) * 2", 0, 0]
				},
				"dress_lower_right_rotation": {
					"rotation": ["20+Math.cos((query.anim_time+0.15) * 90 * 6) * 2", 0, 0]
				},
				"dress_lower_right_rotation2": {
					"rotation": ["20+Math.cos((query.anim_time+0.15) * 90 * 6) * 2", 0, 0]
				},
				"dress_lower_base_front_rotation": {
					"rotation": ["20+Math.cos((query.anim_time+0.15) * 90 * 6) * 2", 0, 0]
				},
				"dress_lower_base_left_rotation": {
					"rotation": ["20+Math.cos((query.anim_time+0.15) * 90 * 6) * 2", 0, 0]
				},
				"dress_lower_base_left_rotation2": {
					"rotation": ["20+Math.cos((query.anim_time+0.15) * 90 * 6) * 2", 0, 0]
				},
				"dress_lower_base_right_rotation": {
					"rotation": ["20+Math.cos((query.anim_time+0.15) * 90 * 6) * 2", 0, 0]
				},
				"dress_lower_base_right_rotation2": {
					"rotation": ["20+Math.cos((query.anim_time+0.15) * 90 * 6) * 2", 0, 0]
				},
				"body": {
					"rotation": [2.5, "5*Math.sin((query.anim_time-0.1) * 90 * 0.5)", "2*Math.sin((query.anim_time-0.1) * 90 * 0.25)"],
					"position": [
						"1*Math.sin((query.anim_time-0.1) * 90 * 0.4)",
						"7+Math.cos((query.anim_time-0.1) * 90 * 6) * 0.3+1*Math.cos((query.anim_time-0.1) * 90 * 0.5)",
						0
					]
				},
				"torso": {
					"rotation": [-2.5, 0, "0+Math.cos((query.anim_time+0.2) * 90 * 3) * 2"]
				},
				"ear_left": {
					"rotation": [-10, 0, "0+Math.cos((query.anim_time-0) * 90 * 3) * 6"]
				},
				"ear_right": {
					"rotation": [-10, 0, "0+Math.cos((query.anim_time-0) * 90 * 3) * 6"]
				}
			}
		},
		"animation.flittle.ground_walk": {
			"loop": true,
			"bones": {
				"body": {
					"rotation": ["22.5+Math.cos((query.anim_time-0.1) * 90 * 8) * 2", 0, "0+Math.cos((query.anim_time-0.4) * 90 * 2) * 4"],
					"position": [
						"-Math.cos((query.anim_time-0) * 90 * 2) * 1",
						"5+Math.cos((query.anim_time-0) * 90 * 8) * 0.3",
						"-Math.sin((query.anim_time-0) * 90 * 4) * 1"
					]
				},
				"dress_upper_back_rotation": {
					"rotation": ["5+Math.cos((query.anim_time-0.15) * 90 * 8) * -4", 0, 0]
				},
				"dress_upper_left_rotation": {
					"rotation": ["5+Math.cos((query.anim_time-0.15) * 90 * 8) * -4", 0, 0]
				},
				"dress_upper_left_rotation2": {
					"rotation": ["5+Math.cos((query.anim_time-0.15) * 90 * 8) * -4", 0, 0]
				},
				"dress_upper_right_rotation": {
					"rotation": ["5+Math.cos((query.anim_time-0.15) * 90 * 8) * -4", 0, 0]
				},
				"dress_upper_right_rotation2": {
					"rotation": ["5+Math.cos((query.anim_time-0.15) * 90 * 8) * -4", 0, 0]
				},
				"dress_upper_base_front_rotation": {
					"rotation": ["5+Math.cos((query.anim_time-0.15) * 90 * 8) * -4", 0, 0]
				},
				"dress_upper_base_left_rotation": {
					"rotation": ["5+Math.cos((query.anim_time-0.15) * 90 * 8) * -4", 0, 0]
				},
				"dress_upper_base_left_rotation2": {
					"rotation": ["5+Math.cos((query.anim_time-0.15) * 90 * 8) * -4", 0, 0]
				},
				"dress_upper_base_right_rotation": {
					"rotation": ["5+Math.cos((query.anim_time-0.15) * 90 * 8) * -4", 0, 0]
				},
				"dress_upper_base_right_rotation2": {
					"rotation": ["5+Math.cos((query.anim_time-0.15) * 90 * 8) * -4", 0, 0]
				},
				"dress_lower_back_rotation": {
					"rotation": ["20+Math.cos((query.anim_time-0.18) * 90 * 8) * -5", 0, 0]
				},
				"dress_lower_left_rotation": {
					"rotation": ["20+Math.cos((query.anim_time-0.18) * 90 * 8) * -5", 0, 0]
				},
				"dress_lower_left_rotation2": {
					"rotation": ["20+Math.cos((query.anim_time-0.18) * 90 * 8) * -5", 0, 0]
				},
				"dress_lower_right_rotation": {
					"rotation": ["20+Math.cos((query.anim_time-0.18) * 90 * 8) * -5", 0, 0]
				},
				"dress_lower_right_rotation2": {
					"rotation": ["20+Math.cos((query.anim_time-0.18) * 90 * 8) * -5", 0, 0]
				},
				"dress_lower_base_front_rotation": {
					"rotation": ["20+Math.cos((query.anim_time-0.18) * 90 * 8) * -5", 0, 0]
				},
				"dress_lower_base_left_rotation": {
					"rotation": ["20+Math.cos((query.anim_time-0.18) * 90 * 8) * -5", 0, 0]
				},
				"dress_lower_base_left_rotation2": {
					"rotation": ["20+Math.cos((query.anim_time-0.18) * 90 * 8) * -5", 0, 0]
				},
				"dress_lower_base_right_rotation": {
					"rotation": ["20+Math.cos((query.anim_time-0.18) * 90 * 8) * -5", 0, 0]
				},
				"dress_lower_base_right_rotation2": {
					"rotation": ["20+Math.cos((query.anim_time-0.18) * 90 * 8) * -5", 0, 0]
				},
				"ear_left": {
					"rotation": ["-37.5+Math.cos((query.anim_time-0.15) * 90 * 8) * 7", 0, 0]
				},
				"ear_right": {
					"rotation": ["-37.5+Math.cos((query.anim_time-0.15) * 90 * 8) * 7", 0, 0]
				},
				"leg_left": {
					"rotation": ["20+Math.cos((query.anim_time-0.15) * 90 * 8) * 4", 0, 0]
				},
				"leg_right": {
					"rotation": ["20+Math.cos((query.anim_time-0.15) * 90 * 8) * 4", 0, 0]
				}
			}
		},
		"animation.flittle.air_idle": {
			"loop": true,
			"bones": {
				"dress_upper_back_rotation": {
					"rotation": ["5+Math.cos((query.anim_time+0.1) * 90 * 6) * 2", 0, 0]
				},
				"dress_upper_left_rotation": {
					"rotation": ["5+Math.cos((query.anim_time+0.1) * 90 * 6) * 2", 0, 0]
				},
				"dress_upper_left_rotation2": {
					"rotation": ["5+Math.cos((query.anim_time+0.1) * 90 * 6) * 2", 0, 0]
				},
				"dress_upper_right_rotation": {
					"rotation": ["5+Math.cos((query.anim_time+0.1) * 90 * 6) * 2", 0, 0]
				},
				"dress_upper_right_rotation2": {
					"rotation": ["5+Math.cos((query.anim_time+0.1) * 90 * 6) * 2", 0, 0]
				},
				"dress_upper_base_front_rotation": {
					"rotation": ["5+Math.cos((query.anim_time+0.1) * 90 * 6) * 2", 0, 0]
				},
				"dress_upper_base_left_rotation": {
					"rotation": ["5+Math.cos((query.anim_time+0.1) * 90 * 6) * 2", 0, 0]
				},
				"dress_upper_base_left_rotation2": {
					"rotation": ["5+Math.cos((query.anim_time+0.1) * 90 * 6) * 2", 0, 0]
				},
				"dress_upper_base_right_rotation": {
					"rotation": ["5+Math.cos((query.anim_time+0.1) * 90 * 6) * 2", 0, 0]
				},
				"dress_upper_base_right_rotation2": {
					"rotation": ["5+Math.cos((query.anim_time+0.1) * 90 * 6) * 2", 0, 0]
				},
				"dress_lower_back_rotation": {
					"rotation": ["20+Math.cos((query.anim_time+0.15) * 90 * 6) * 2", 0, 0]
				},
				"dress_lower_left_rotation": {
					"rotation": ["20+Math.cos((query.anim_time+0.15) * 90 * 6) * 2", 0, 0]
				},
				"dress_lower_left_rotation2": {
					"rotation": ["20+Math.cos((query.anim_time+0.15) * 90 * 6) * 2", 0, 0]
				},
				"dress_lower_right_rotation": {
					"rotation": ["20+Math.cos((query.anim_time+0.15) * 90 * 6) * 2", 0, 0]
				},
				"dress_lower_right_rotation2": {
					"rotation": ["20+Math.cos((query.anim_time+0.15) * 90 * 6) * 2", 0, 0]
				},
				"dress_lower_base_front_rotation": {
					"rotation": ["20+Math.cos((query.anim_time+0.15) * 90 * 6) * 2", 0, 0]
				},
				"dress_lower_base_left_rotation": {
					"rotation": ["20+Math.cos((query.anim_time+0.15) * 90 * 6) * 2", 0, 0]
				},
				"dress_lower_base_left_rotation2": {
					"rotation": ["20+Math.cos((query.anim_time+0.15) * 90 * 6) * 2", 0, 0]
				},
				"dress_lower_base_right_rotation": {
					"rotation": ["20+Math.cos((query.anim_time+0.15) * 90 * 6) * 2", 0, 0]
				},
				"dress_lower_base_right_rotation2": {
					"rotation": ["20+Math.cos((query.anim_time+0.15) * 90 * 6) * 2", 0, 0]
				},
				"body": {
					"rotation": [2.5, "5*Math.sin((query.anim_time-0.1) * 90 * 0.5)", "2*Math.sin((query.anim_time-0.1) * 90 * 0.25)"],
					"position": [
						"1*Math.sin((query.anim_time-0.1) * 90 * 0.4)",
						"7+Math.cos((query.anim_time-0.1) * 90 * 6) * 0.3+1*Math.cos((query.anim_time-0.1) * 90 * 0.5)",
						0
					]
				},
				"torso": {
					"rotation": [-2.5, 0, "0+Math.cos((query.anim_time+0.2) * 90 * 3) * 2"]
				},
				"ear_left": {
					"rotation": [-10, 0, "0+Math.cos((query.anim_time-0) * 90 * 3) * 6"]
				},
				"ear_right": {
					"rotation": [-10, 0, "0+Math.cos((query.anim_time-0) * 90 * 3) * 6"]
				}
			}
		},
		"animation.flittle.air_fly": {
			"loop": true,
			"bones": {
				"body": {
					"rotation": ["22.5+Math.cos((query.anim_time-0.1) * 90 * 8) * 2", 0, "0+Math.cos((query.anim_time-0.4) * 90 * 2) * 4"],
					"position": [
						"-Math.cos((query.anim_time-0) * 90 * 2) * 1",
						"5+Math.cos((query.anim_time-0) * 90 * 8) * 0.3",
						"-Math.sin((query.anim_time-0) * 90 * 4) * 1"
					]
				},
				"dress_upper_back_rotation": {
					"rotation": ["5+Math.cos((query.anim_time-0.15) * 90 * 8) * -4", 0, 0]
				},
				"dress_upper_left_rotation": {
					"rotation": ["5+Math.cos((query.anim_time-0.15) * 90 * 8) * -4", 0, 0]
				},
				"dress_upper_left_rotation2": {
					"rotation": ["5+Math.cos((query.anim_time-0.15) * 90 * 8) * -4", 0, 0]
				},
				"dress_upper_right_rotation": {
					"rotation": ["5+Math.cos((query.anim_time-0.15) * 90 * 8) * -4", 0, 0]
				},
				"dress_upper_right_rotation2": {
					"rotation": ["5+Math.cos((query.anim_time-0.15) * 90 * 8) * -4", 0, 0]
				},
				"dress_upper_base_front_rotation": {
					"rotation": ["5+Math.cos((query.anim_time-0.15) * 90 * 8) * -4", 0, 0]
				},
				"dress_upper_base_left_rotation": {
					"rotation": ["5+Math.cos((query.anim_time-0.15) * 90 * 8) * -4", 0, 0]
				},
				"dress_upper_base_left_rotation2": {
					"rotation": ["5+Math.cos((query.anim_time-0.15) * 90 * 8) * -4", 0, 0]
				},
				"dress_upper_base_right_rotation": {
					"rotation": ["5+Math.cos((query.anim_time-0.15) * 90 * 8) * -4", 0, 0]
				},
				"dress_upper_base_right_rotation2": {
					"rotation": ["5+Math.cos((query.anim_time-0.15) * 90 * 8) * -4", 0, 0]
				},
				"dress_lower_back_rotation": {
					"rotation": ["20+Math.cos((query.anim_time-0.18) * 90 * 8) * -5", 0, 0]
				},
				"dress_lower_left_rotation": {
					"rotation": ["20+Math.cos((query.anim_time-0.18) * 90 * 8) * -5", 0, 0]
				},
				"dress_lower_left_rotation2": {
					"rotation": ["20+Math.cos((query.anim_time-0.18) * 90 * 8) * -5", 0, 0]
				},
				"dress_lower_right_rotation": {
					"rotation": ["20+Math.cos((query.anim_time-0.18) * 90 * 8) * -5", 0, 0]
				},
				"dress_lower_right_rotation2": {
					"rotation": ["20+Math.cos((query.anim_time-0.18) * 90 * 8) * -5", 0, 0]
				},
				"dress_lower_base_front_rotation": {
					"rotation": ["20+Math.cos((query.anim_time-0.18) * 90 * 8) * -5", 0, 0]
				},
				"dress_lower_base_left_rotation": {
					"rotation": ["20+Math.cos((query.anim_time-0.18) * 90 * 8) * -5", 0, 0]
				},
				"dress_lower_base_left_rotation2": {
					"rotation": ["20+Math.cos((query.anim_time-0.18) * 90 * 8) * -5", 0, 0]
				},
				"dress_lower_base_right_rotation": {
					"rotation": ["20+Math.cos((query.anim_time-0.18) * 90 * 8) * -5", 0, 0]
				},
				"dress_lower_base_right_rotation2": {
					"rotation": ["20+Math.cos((query.anim_time-0.18) * 90 * 8) * -5", 0, 0]
				},
				"ear_left": {
					"rotation": ["-37.5+Math.cos((query.anim_time-0.15) * 90 * 8) * 7", 0, 0]
				},
				"ear_right": {
					"rotation": ["-37.5+Math.cos((query.anim_time-0.15) * 90 * 8) * 7", 0, 0]
				},
				"leg_left": {
					"rotation": ["20+Math.cos((query.anim_time-0.15) * 90 * 8) * 4", 0, 0]
				},
				"leg_right": {
					"rotation": ["20+Math.cos((query.anim_time-0.15) * 90 * 8) * 4", 0, 0]
				}
			}
		},
		"animation.flittle.faint": {
			"loop": true,
			"animation_length": 3,
			"bones": {
				"body": {
					"rotation": {
						"0.0": [0, 0, 0],
						"0.25": [16.41, 0, 0],
						"0.4167": [20, 0, 0],
						"0.4583": [32.5, 0, 0],
						"0.5833": [16.56, 0, 0],
						"0.875": [-256.37, 0, 0],
						"1.1667": [-417.39, 0, 0],
						"1.4167": [-506.17, 0, 0],
						"1.5833": [-558.67, -11, 0],
						"1.75": [-592.795, -39.75, 0],
						"1.8333": [-609.72, -46.45, 0],
						"1.9167": [-644.07, -40.25, 0],
						"2.0833": [-701.32, -4.44, 0],
						"2.25": [-722.32, 31.36, 0],
						"2.3333": [-729.595, 43.75, 0],
						"2.4583": [-729.59, 56, 0],
						"2.5417": [-744.59, 56, 0],
						"2.625": [-805.84, 56, 0],
						"2.6667": [-813.34, 56, 0],
						"2.75": [-810.84, 56, 0],
						"2.7917": [-807.34, 56, 0]
					},
					"position": {
						"0.0": [0, 5, 0],
						"0.2083": [0, 3.555, 0],
						"0.4167": [0, 3.25, 0],
						"0.4583": [0, 1.92, 0],
						"0.5417": [0, 12.25, 0],
						"0.5833": [0, "15.5+Math.cos((query.anim_time-0.1) * 90 * 24) * 0.2", 0],
						"0.6667": [0, "18.75+Math.cos((query.anim_time-0.1) * 90 * 16) * 2", 0],
						"1.2083": [0, "22.25+Math.cos((query.anim_time-0.1) * 90 * 16) * 1", 0],
						"1.375": [0, 14, 0],
						"1.5": [2.25, 10, 0.725],
						"1.5833": [4.25, 8.575, 1.55],
						"1.7083": [5.75, 9.75, 2.55],
						"1.8333": [6.25, 12.025, 3],
						"1.9167": [5.58, 10.33, 2.775],
						"2.0": [3.5, 5.55, 2.075],
						"2.125": [0.25, 4.05, 0.5],
						"2.25": [-2.25, 6.3, -0.575],
						"2.3333": [-2.92, 9.07, -1.1],
						"2.4167": [-3.25, 9.15, -1.1],
						"2.4583": [-3.05, 7.225, -1.1],
						"2.5417": [-2.25, -0.55, -0.75],
						"2.5833": [0, -2.325, 1.5],
						"2.625": [1.275, -2.025, 2.4],
						"2.6667": [1.825, -1.4, 2.775],
						"2.75": [2.3, -1.125, 3.15],
						"2.7917": [2.525, -1.675, 3.25],
						"2.875": [2.525, -2.8, 3.25]
					}
				},
				"eyelash_left": {
					"rotation": {
						"0.0": [90, 0, 0],
						"2.125": [90, 0, 0],
						"2.1667": [0, 0, 0],
						"2.4583": [0, 0, 0],
						"2.5": [90, 0, 0]
					},
					"position": {
						"0.0": [0, -3, 0],
						"2.125": [0, -3, 0],
						"2.1667": [0, 0, 0],
						"2.4583": [0, 0, 0],
						"2.5": [0, -3, 0]
					}
				},
				"eyelid_left": {
					"position": {
						"0.0": [0, 0, -0.125],
						"2.125": [0, 0, -0.125],
						"2.1667": [0, 0, 0],
						"2.4583": [0, 0, 0],
						"2.5": [0, 0, -0.125]
					}
				},
				"eyelash_right": {
					"rotation": {
						"0.0": [90, 0, 0],
						"2.125": [90, 0, 0],
						"2.1667": [0, 0, 0],
						"2.4583": [0, 0, 0],
						"2.5": [90, 0, 0]
					},
					"position": {
						"0.0": [0, -3, 0],
						"2.125": [0, -3, 0],
						"2.1667": [0, 0, 0],
						"2.4583": [0, 0, 0],
						"2.5": [0, -3, 0]
					}
				},
				"eyelid_right": {
					"position": {
						"0.0": [0, 0, -0.125],
						"2.125": [0, 0, -0.125],
						"2.1667": [0, 0, 0],
						"2.4583": [0, 0, 0],
						"2.5": [0, 0, -0.125]
					}
				},
				"dress_upper_back_rotation": {
					"rotation": {
						"0.0": [5, 0, 0],
						"0.25": [-20.36, 0, 0],
						"0.4583": [-25, 0, 0],
						"0.5417": [15, 0, 0],
						"2.125": [11, 0, 0],
						"2.2917": [-16.5, 0, 0],
						"2.5": [-24, 0, 0],
						"2.5833": [43.5, 0, 0],
						"2.75": [27.5, 0, 0],
						"2.9167": [21.5, 0, 0]
					}
				},
				"dress_upper_left_rotation": {
					"rotation": {
						"0.0": [5, 0, 0],
						"0.25": [-20.36, 0, 0],
						"0.4583": [-25, 0, 0],
						"0.5417": [15, 0, 0],
						"2.125": [11, 0, 0],
						"2.2917": [-16.5, 0, 0],
						"2.5": [-24, 0, 0],
						"2.5833": [43.5, 0, 0],
						"2.75": [27.5, 0, 0],
						"2.9167": [21.5, 0, 0]
					}
				},
				"dress_upper_left_rotation2": {
					"rotation": {
						"0.0": [5, 0, 0],
						"0.25": [-20.36, 0, 0],
						"0.4583": [-25, 0, 0],
						"0.5417": [15, 0, 0],
						"2.125": [11, 0, 0],
						"2.2917": [-16.5, 0, 0],
						"2.5": [-24, 0, 0],
						"2.5833": [43.5, 0, 0],
						"2.75": [27.5, 0, 0],
						"2.9167": [21.5, 0, 0]
					}
				},
				"dress_upper_right_rotation": {
					"rotation": {
						"0.0": [5, 0, 0],
						"0.25": [-20.36, 0, 0],
						"0.4583": [-25, 0, 0],
						"0.5417": [15, 0, 0],
						"2.125": [11, 0, 0],
						"2.2917": [-16.5, 0, 0],
						"2.5": [-24, 0, 0],
						"2.5833": [43.5, 0, 0],
						"2.75": [27.5, 0, 0],
						"2.9167": [21.5, 0, 0]
					}
				},
				"dress_upper_right_rotation2": {
					"rotation": {
						"0.0": [5, 0, 0],
						"0.25": [-20.36, 0, 0],
						"0.4583": [-25, 0, 0],
						"0.5417": [15, 0, 0],
						"2.125": [11, 0, 0],
						"2.2917": [-16.5, 0, 0],
						"2.5": [-24, 0, 0],
						"2.5833": [43.5, 0, 0],
						"2.75": [27.5, 0, 0],
						"2.9167": [21.5, 0, 0]
					}
				},
				"dress_upper_base_front_rotation": {
					"rotation": {
						"0.0": [5, 0, 0],
						"0.25": [-20.36, 0, 0],
						"0.4583": [-25, 0, 0],
						"0.5417": [15, 0, 0],
						"2.125": [11, 0, 0],
						"2.2917": [-16.5, 0, 0],
						"2.5": [-24, 0, 0],
						"2.5833": [43.5, 0, 0],
						"2.75": [27.5, 0, 0],
						"2.9167": [21.5, 0, 0]
					}
				},
				"dress_upper_base_left_rotation": {
					"rotation": {
						"0.0": [5, 0, 0],
						"0.25": [-20.36, 0, 0],
						"0.4583": [-25, 0, 0],
						"0.5417": [15, 0, 0],
						"2.125": [11, 0, 0],
						"2.2917": [-16.5, 0, 0],
						"2.5": [-24, 0, 0],
						"2.5833": [43.5, 0, 0],
						"2.75": [27.5, 0, 0],
						"2.9167": [21.5, 0, 0]
					}
				},
				"dress_upper_base_left_rotation2": {
					"rotation": {
						"0.0": [5, 0, 0],
						"0.25": [-20.36, 0, 0],
						"0.4583": [-25, 0, 0],
						"0.5417": [15, 0, 0],
						"2.125": [11, 0, 0],
						"2.2917": [-16.5, 0, 0],
						"2.5": [-24, 0, 0],
						"2.5833": [43.5, 0, 0],
						"2.75": [27.5, 0, 0],
						"2.9167": [21.5, 0, 0]
					}
				},
				"dress_upper_base_right_rotation": {
					"rotation": {
						"0.0": [5, 0, 0],
						"0.25": [-20.36, 0, 0],
						"0.4583": [-25, 0, 0],
						"0.5417": [15, 0, 0],
						"2.125": [11, 0, 0],
						"2.2917": [-16.5, 0, 0],
						"2.5": [-24, 0, 0],
						"2.5833": [43.5, 0, 0],
						"2.75": [27.5, 0, 0],
						"2.9167": [21.5, 0, 0]
					}
				},
				"dress_upper_base_right_rotation2": {
					"rotation": {
						"0.0": [5, 0, 0],
						"0.25": [-20.36, 0, 0],
						"0.4583": [-25, 0, 0],
						"0.5417": [15, 0, 0],
						"2.125": [11, 0, 0],
						"2.2917": [-16.5, 0, 0],
						"2.5": [-24, 0, 0],
						"2.5833": [43.5, 0, 0],
						"2.75": [27.5, 0, 0],
						"2.9167": [21.5, 0, 0]
					}
				},
				"dress_lower_back_rotation": {
					"rotation": {
						"0.0": [20, 0, 0],
						"0.25": [-3, 0, 0],
						"0.4583": [-7.5, 0, 0],
						"0.5417": [30, 0, 0],
						"2.125": [26, 0, 0],
						"2.2917": [-3.14, 0, 0],
						"2.5": [-7.5, 0, 0],
						"2.5833": [65, 0, 0],
						"2.75": [52.5, 0, 0],
						"2.875": [49, 0, 0]
					}
				},
				"dress_lower_left_rotation": {
					"rotation": {
						"0.0": [20, 0, 0],
						"0.25": [-3, 0, 0],
						"0.4583": [-7.5, 0, 0],
						"0.5417": [30, 0, 0],
						"2.125": [26, 0, 0],
						"2.2917": [-3.14, 0, 0],
						"2.5": [-7.5, 0, 0],
						"2.5833": [65, 0, 0],
						"2.75": [52.5, 0, 0],
						"2.875": [49, 0, 0]
					}
				},
				"dress_lower_left_rotation2": {
					"rotation": {
						"0.0": [20, 0, 0],
						"0.25": [-3, 0, 0],
						"0.4583": [-7.5, 0, 0],
						"0.5417": [30, 0, 0],
						"2.125": [26, 0, 0],
						"2.2917": [-3.14, 0, 0],
						"2.5": [-7.5, 0, 0],
						"2.5833": [65, 0, 0],
						"2.75": [52.5, 0, 0],
						"2.875": [49, 0, 0]
					}
				},
				"dress_lower_right_rotation": {
					"rotation": {
						"0.0": [20, 0, 0],
						"0.25": [-3, 0, 0],
						"0.4583": [-7.5, 0, 0],
						"0.5417": [30, 0, 0],
						"2.125": [26, 0, 0],
						"2.2917": [-3.14, 0, 0],
						"2.5": [-7.5, 0, 0],
						"2.5833": [65, 0, 0],
						"2.75": [52.5, 0, 0],
						"2.875": [49, 0, 0]
					}
				},
				"dress_lower_right_rotation2": {
					"rotation": {
						"0.0": [20, 0, 0],
						"0.25": [-3, 0, 0],
						"0.4583": [-7.5, 0, 0],
						"0.5417": [30, 0, 0],
						"2.125": [26, 0, 0],
						"2.2917": [-3.14, 0, 0],
						"2.5": [-7.5, 0, 0],
						"2.5833": [65, 0, 0],
						"2.75": [52.5, 0, 0],
						"2.875": [49, 0, 0]
					}
				},
				"dress_lower_base_front_rotation": {
					"rotation": {
						"0.0": [20, 0, 0],
						"0.25": [-3, 0, 0],
						"0.4583": [-7.5, 0, 0],
						"0.5417": [30, 0, 0],
						"2.125": [26, 0, 0],
						"2.2917": [-3.14, 0, 0],
						"2.5": [-7.5, 0, 0],
						"2.5833": [65, 0, 0],
						"2.75": [52.5, 0, 0],
						"2.875": [49, 0, 0]
					}
				},
				"dress_lower_base_left_rotation": {
					"rotation": {
						"0.0": [20, 0, 0],
						"0.25": [-3, 0, 0],
						"0.4583": [-7.5, 0, 0],
						"0.5417": [30, 0, 0],
						"2.125": [26, 0, 0],
						"2.2917": [-3.14, 0, 0],
						"2.5": [-7.5, 0, 0],
						"2.5833": [65, 0, 0],
						"2.75": [52.5, 0, 0],
						"2.875": [49, 0, 0]
					}
				},
				"dress_lower_base_left_rotation2": {
					"rotation": {
						"0.0": [20, 0, 0],
						"0.25": [-3, 0, 0],
						"0.4583": [-7.5, 0, 0],
						"0.5417": [30, 0, 0],
						"2.125": [26, 0, 0],
						"2.2917": [-3.14, 0, 0],
						"2.5": [-7.5, 0, 0],
						"2.5833": [65, 0, 0],
						"2.75": [52.5, 0, 0],
						"2.875": [49, 0, 0]
					}
				},
				"dress_lower_base_right_rotation": {
					"rotation": {
						"0.0": [20, 0, 0],
						"0.25": [-3, 0, 0],
						"0.4583": [-7.5, 0, 0],
						"0.5417": [30, 0, 0],
						"2.125": [26, 0, 0],
						"2.2917": [-3.14, 0, 0],
						"2.5": [-7.5, 0, 0],
						"2.5833": [65, 0, 0],
						"2.75": [52.5, 0, 0],
						"2.875": [49, 0, 0]
					}
				},
				"dress_lower_base_right_rotation2": {
					"rotation": {
						"0.0": [20, 0, 0],
						"0.25": [-3, 0, 0],
						"0.4583": [-7.5, 0, 0],
						"0.5417": [30, 0, 0],
						"2.125": [26, 0, 0],
						"2.2917": [-3.14, 0, 0],
						"2.5": [-7.5, 0, 0],
						"2.5833": [65, 0, 0],
						"2.75": [52.5, 0, 0],
						"2.875": [49, 0, 0]
					}
				},
				"ear_left": {
					"rotation": {
						"0.0": [0, 0, 0],
						"0.25": [29.59, 0, 0],
						"0.4583": [35, 0, 0],
						"0.6667": [67.5, 0, 0],
						"1.5": [59.5, 0, 0],
						"1.75": [17.5, 0, 0],
						"2.0": [57.5, 0, 0],
						"2.0833": [52.75, 0, 0],
						"2.25": [0, 0, 0],
						"2.4583": [-22.5, 0, 0],
						"2.5417": [47.5, 0, 0],
						"2.625": [-15, 0, 0],
						"2.7083": [5.975, 0, 0],
						"2.7917": [11.9, 0, 0],
						"2.875": [-2.225, 0, 0],
						"3.0": [-7.1, 0, 0]
					}
				},
				"ear_right": {
					"rotation": {
						"0.0": [0, 0, 0],
						"0.25": [29.59, 0, 0],
						"0.4583": [35, 0, 0],
						"0.6667": [67.5, 0, 0],
						"1.5": [59.5, 0, 0],
						"1.75": [17.5, 0, 0],
						"2.0": [57.5, 0, 0],
						"2.0833": [52.75, 0, 0],
						"2.25": [0, 0, 0],
						"2.4583": [-22.5, 0, 0],
						"2.5417": [47.5, 0, 0],
						"2.625": [-15, 0, 0],
						"2.7083": [5.975, 0, 0],
						"2.7917": [11.9, 0, 0],
						"2.875": [-2.225, 0, 0],
						"3.0": [-7.1, 0, 0]
					}
				},
				"leg_left": {
					"rotation": {
						"0.0": [0, 0, 0],
						"0.5": [0, 0, 0],
						"0.625": [62.5, 0, 0],
						"1.9583": [62.5, 0, 0],
						"2.25": [0, 0, -27.5],
						"2.5": [-45, 0, -27.5],
						"2.5833": [-36.85, 0, 0],
						"2.6667": [20, 0, 0],
						"2.7917": [8.125, 0, 0],
						"2.9167": [5, 0, 0]
					}
				},
				"leg_right": {
					"rotation": {
						"0.0": [0, 0, 0],
						"0.5": [0, 0, 0],
						"0.625": [62.5, 0, 0],
						"1.9583": [62.5, 0, 0],
						"2.25": [0, 0, 27.5],
						"2.5": [-45, 0, 27.5],
						"2.5833": [-36.85, 0, 0],
						"2.6667": [20, 0, 0],
						"2.7917": [8.125, 0, 0],
						"2.9167": [5, 0, 0]
					}
				}
			}
		},
		"animation.flittle.sleep": {
			"loop": true,
			"bones": {
				"body": {
					"rotation": ["10+Math.cos((query.anim_time) * 90 * 1) * 1", 5, 0],
					"position": [0, "-2+Math.cos((query.anim_time-0.5) * 90 * 1) * -0.05", 0]
				},
				"eyelash_left": {
					"rotation": [90, 0, 0],
					"position": [0, -3, 0]
				},
				"eyelid_left": {
					"position": [0, 0, -0.125]
				},
				"eyelash_right": {
					"rotation": [90, 0, 0],
					"position": [0, -3, 0]
				},
				"eyelid_right": {
					"position": [0, 0, -0.125]
				},
				"dress_upper_back_rotation": {
					"rotation": [20, 0, 0]
				},
				"dress_upper_left_rotation": {
					"rotation": [10, 0, 0]
				},
				"dress_upper_left_rotation2": {
					"rotation": [10, 0, 0]
				},
				"dress_upper_right_rotation": {
					"rotation": [10, 0, 0]
				},
				"dress_upper_right_rotation2": {
					"rotation": [10, 0, 0]
				},
				"dress_upper_base_front_rotation": {
					"rotation": ["2.5+Math.cos((query.anim_time) * 90 * 1) * -1", 0, 0]
				},
				"dress_upper_base_left_rotation": {
					"rotation": ["10+Math.cos((query.anim_time) * 90 * 1) * -1", 0, 0]
				},
				"dress_upper_base_left_rotation2": {
					"rotation": [22.5, 0, 0]
				},
				"dress_upper_base_right_rotation": {
					"rotation": ["10+Math.cos((query.anim_time) * 90 * 1) * -1", 0, 0]
				},
				"dress_upper_base_right_rotation2": {
					"rotation": [22.5, 0, 0]
				},
				"dress_lower_back_rotation": {
					"rotation": [35, 0, 0]
				},
				"dress_lower_left_rotation": {
					"rotation": [25, 0, 0]
				},
				"dress_lower_left_rotation2": {
					"rotation": [25, 0, 0]
				},
				"dress_lower_right_rotation": {
					"rotation": [25, 0, 0]
				},
				"dress_lower_right_rotation2": {
					"rotation": [25, 0, 0]
				},
				"dress_lower_base_front_rotation": {
					"rotation": ["12.5+Math.cos((query.anim_time) * 90 * 1) * -1", 0, 0]
				},
				"dress_lower_base_left_rotation": {
					"rotation": ["25+Math.cos((query.anim_time) * 90 * 1) * -1", 0, 0]
				},
				"dress_lower_base_left_rotation2": {
					"rotation": [37.5, 0, 0]
				},
				"dress_lower_base_right_rotation": {
					"rotation": ["25+Math.cos((query.anim_time) * 90 * 1) * -1", 0, 0]
				},
				"dress_lower_base_right_rotation2": {
					"rotation": [37.5, 0, 0]
				},
				"ear_left": {
					"rotation": ["72.5+Math.cos((query.anim_time-0.5) * 90 * 1) * 3", 0, 0]
				},
				"ear_right": {
					"rotation": ["62.5+Math.cos((query.anim_time-0.5) * 90 * 1) * 3", 22.5, 0]
				}
			}
		},
		"animation.flittle.blink": {
			"animation_length": 0.16667,
			"bones": {
				"eyelash_left": {
					"rotation": {
						"0.0": [90, 0, 0],
						"0.125": [90, 0, 0],
						"0.1667": [0, 0, 0]
					},
					"position": {
						"0.0": [0, -3, 0],
						"0.125": [0, -3, 0],
						"0.1667": [0, 0, 0]
					}
				},
				"eyelid_left": {
					"position": {
						"0.0": [0, 0, -0.1],
						"0.125": [0, 0, -0.1],
						"0.1667": [0, 0, 0]
					}
				},
				"eyelash_right": {
					"rotation": {
						"0.0": [90, 0, 0],
						"0.125": [90, 0, 0],
						"0.1667": [0, 0, 0]
					},
					"position": {
						"0.0": [0, -3, 0],
						"0.125": [0, -3, 0],
						"0.1667": [0, 0, 0]
					}
				},
				"eyelid_right": {
					"position": {
						"0.0": [0, 0, -0.1],
						"0.125": [0, 0, -0.1],
						"0.1667": [0, 0, 0]
					}
				}
			}
		},
		"animation.flittle.cry": {
			"animation_length": 1.25,
			"bones": {
				"body": {
					"rotation": {
						"0.0": [0, 0, 0],
						"0.125": [13.1, 0, 0],
						"0.25": [15, 0, 0],
						"0.4167": [-7.5, 0, 0],
						"0.8333": [-10, 0, 0],
						"1.0": [-2, 0, 0],
						"1.125": [0, 0, 0]
					}
				},
				"dress_upper_back_rotation": {
					"rotation": {
						"0.2917": [0, 0, 0],
						"0.4583": ["12.5+Math.cos((query.anim_time+0.05) * 90 * 16) * 5", 0, 0],
						"1.0": [12.5, 0, 0],
						"1.1667": [0, 0, 0]
					}
				},
				"dress_upper_left_rotation": {
					"rotation": {
						"0.2917": [0, 0, 0],
						"0.4583": ["12.5+Math.cos((query.anim_time+0.05) * 90 * 16) * 5", 0, 0],
						"1.0": [12.5, 0, 0],
						"1.1667": [0, 0, 0]
					}
				},
				"dress_upper_left_rotation2": {
					"rotation": {
						"0.2917": [0, 0, 0],
						"0.4583": ["12.5+Math.cos((query.anim_time+0.05) * 90 * 16) * 5", 0, 0],
						"1.0": [12.5, 0, 0],
						"1.1667": [0, 0, 0]
					}
				},
				"dress_upper_right_rotation": {
					"rotation": {
						"0.2917": [0, 0, 0],
						"0.4583": ["12.5+Math.cos((query.anim_time+0.05) * 90 * 16) * 5", 0, 0],
						"1.0": [12.5, 0, 0],
						"1.1667": [0, 0, 0]
					}
				},
				"dress_upper_right_rotation2": {
					"rotation": {
						"0.2917": [0, 0, 0],
						"0.4583": ["12.5+Math.cos((query.anim_time+0.05) * 90 * 16) * 5", 0, 0],
						"1.0": [12.5, 0, 0],
						"1.1667": [0, 0, 0]
					}
				},
				"dress_upper_base_front_rotation": {
					"rotation": {
						"0.2917": [0, 0, 0],
						"0.4583": ["12.5+Math.cos((query.anim_time+0.05) * 90 * 16) * 5", 0, 0],
						"1.0": [12.5, 0, 0],
						"1.1667": [0, 0, 0]
					}
				},
				"dress_upper_base_left_rotation": {
					"rotation": {
						"0.2917": [0, 0, 0],
						"0.4583": ["12.5+Math.cos((query.anim_time+0.05) * 90 * 16) * 5", 0, 0],
						"1.0": [12.5, 0, 0],
						"1.1667": [0, 0, 0]
					}
				},
				"dress_upper_base_left_rotation2": {
					"rotation": {
						"0.2917": [0, 0, 0],
						"0.4583": ["12.5+Math.cos((query.anim_time+0.05) * 90 * 16) * 5", 0, 0],
						"1.0": [12.5, 0, 0],
						"1.1667": [0, 0, 0]
					}
				},
				"dress_upper_base_right_rotation": {
					"rotation": {
						"0.2917": [0, 0, 0],
						"0.4583": ["12.5+Math.cos((query.anim_time+0.05) * 90 * 16) * 5", 0, 0],
						"1.0": [12.5, 0, 0],
						"1.1667": [0, 0, 0]
					}
				},
				"dress_upper_base_right_rotation2": {
					"rotation": {
						"0.2917": [0, 0, 0],
						"0.4583": ["12.5+Math.cos((query.anim_time+0.05) * 90 * 16) * 5", 0, 0],
						"1.0": [12.5, 0, 0],
						"1.1667": [0, 0, 0]
					}
				},
				"dress_lower_back_rotation": {
					"rotation": {
						"0.25": [0, 0, 0],
						"0.4583": ["15+Math.cos((query.anim_time) * 90 * 16) * 5", 0, 0],
						"1.0": [15, 0, 0],
						"1.1667": [0, 0, 0]
					}
				},
				"dress_lower_left_rotation": {
					"rotation": {
						"0.25": [0, 0, 0],
						"0.4583": ["15+Math.cos((query.anim_time) * 90 * 16) * 5", 0, 0],
						"1.0": [15, 0, 0],
						"1.1667": [0, 0, 0]
					}
				},
				"dress_lower_left_rotation2": {
					"rotation": {
						"0.25": [0, 0, 0],
						"0.4583": ["15+Math.cos((query.anim_time) * 90 * 16) * 5", 0, 0],
						"1.0": [15, 0, 0],
						"1.1667": [0, 0, 0]
					}
				},
				"dress_lower_right_rotation": {
					"rotation": {
						"0.25": [0, 0, 0],
						"0.4583": ["15+Math.cos((query.anim_time) * 90 * 16) * 5", 0, 0],
						"1.0": [15, 0, 0],
						"1.1667": [0, 0, 0]
					}
				},
				"dress_lower_right_rotation2": {
					"rotation": {
						"0.25": [0, 0, 0],
						"0.4583": ["15+Math.cos((query.anim_time) * 90 * 16) * 5", 0, 0],
						"1.0": [15, 0, 0],
						"1.1667": [0, 0, 0]
					}
				},
				"dress_lower_base_front_rotation": {
					"rotation": {
						"0.25": [0, 0, 0],
						"0.4583": ["15+Math.cos((query.anim_time) * 90 * 16) * 5", 0, 0],
						"1.0": [15, 0, 0],
						"1.1667": [0, 0, 0]
					}
				},
				"dress_lower_base_left_rotation": {
					"rotation": {
						"0.25": [0, 0, 0],
						"0.4583": ["15+Math.cos((query.anim_time) * 90 * 16) * 5", 0, 0],
						"1.0": [15, 0, 0],
						"1.1667": [0, 0, 0]
					}
				},
				"dress_lower_base_left_rotation2": {
					"rotation": {
						"0.25": [0, 0, 0],
						"0.4583": ["15+Math.cos((query.anim_time) * 90 * 16) * 5", 0, 0],
						"1.0": [15, 0, 0],
						"1.1667": [0, 0, 0]
					}
				},
				"dress_lower_base_right_rotation": {
					"rotation": {
						"0.25": [0, 0, 0],
						"0.4583": ["15+Math.cos((query.anim_time) * 90 * 16) * 5", 0, 0],
						"1.0": [15, 0, 0],
						"1.1667": [0, 0, 0]
					}
				},
				"dress_lower_base_right_rotation2": {
					"rotation": {
						"0.25": [0, 0, 0],
						"0.4583": ["15+Math.cos((query.anim_time) * 90 * 16) * 5", 0, 0],
						"1.0": [15, 0, 0],
						"1.1667": [0, 0, 0]
					}
				}
			}
		}
	}
}