{
	"format_version": "1.8.0",
	"animations": {
		"animation.floette.ground_idle": {
			"loop": true,
			"bones": {
				"body": {
					"rotation": [-10, 30, 0],
					"position": [0, -30, 0]
				},
				"arm_left": {
					"rotation": [-58.14272, 22.77865, 48.00741]
				},
				"arm_left2": {
					"rotation": [0, 0, 57.5]
				},
				"arm_left3": {
					"rotation": [-4.47054, 3.15538, 31.69181]
				},
				"hand_left": {
					"rotation": [90, -25, 0]
				},
				"hand_left2": {
					"rotation": [0, 0, 20]
				},
				"thumb_left": {
					"rotation": [72.5, 0, 0]
				},
				"arm_right": {
					"rotation": [20.14131, 18.21219, -50.55164]
				},
				"arm_right2": {
					"rotation": [-2.5, -65, 0]
				},
				"arm_right3": {
					"rotation": [-31.86799, -49.88529, 31.21432]
				},
				"hand_right": {
					"rotation": [-39.56501, -28.11988, -10.26281]
				},
				"hand_right2": {
					"rotation": [0, 0, -67.5]
				},
				"thumb_right": {
					"rotation": [96.16473, -1.40791, 343.73263]
				},
				"neck": {
					"rotation": [0, -20, 0]
				},
				"head": {
					"rotation": [7.5, -7.5, 0]
				},
				"ear_left": {
					"rotation": [0, 0, "17.5+math.sin(q.anim_time*90*1+35)*5"]
				},
				"ear_left2": {
					"rotation": [0, 0, 12.5]
				},
				"ear_right": {
					"rotation": [0, 0, "-17.5-math.sin(q.anim_time*90*1+35)*5"]
				},
				"ear_right2": {
					"rotation": [0, 0, -12.5]
				},
				"tail": {
					"rotation": ["17.5+math.sin(q.anim_time*90*0.5)*5", 0, "0+math.sin(q.anim_time*90*1)*5"]
				},
				"tail2": {
					"rotation": [22.5, 0, 0]
				},
				"tail_end": {
					"rotation": [15, 0, 0]
				},
				"flower": {
					"rotation": [-41.46608, -10.08254, 13.462],
					"position": [-2.75, -2, 8]
				},
				"root2": {
					"rotation": [-2.44103, 0.75898, -2.54467]
				},
				"root3": {
					"rotation": [-4.98107, 0.43523, -0.01893]
				},
				"root4": {
					"rotation": [-2.4905, 0.21782, -5.00473]
				},
				"root5": {
					"rotation": [-2.42442, 0.86717, -0.03729]
				},
				"root6": {
					"rotation": [-2.49762, -0.10901, -2.49762]
				},
				"floette": {
					"rotation": ["math.sin(q.anim_time*90*0.5+15)*2", 0, "math.sin(q.anim_time*90*1+35)*5"],
					"position": [0, "-1+math.sin(q.anim_time*90*2)*2*math.sin(q.anim_time*90*1)*0.2", 0],
					"scale": 1
				},
				"petal_long_front": {
					"rotation": [0, 0, 0]
				}
			}
		},
		"animation.floette.ground_walk": {
			"loop": true,
			"bones": {
				"body": {
					"rotation": [-10, 30, 0],
					"position": [0, -30, 0]
				},
				"arm_left": {
					"rotation": [-58.14272, 22.77865, 48.00741]
				},
				"arm_left2": {
					"rotation": [0, 0, 57.5]
				},
				"arm_left3": {
					"rotation": [-4.47054, 3.15538, 31.69181]
				},
				"hand_left": {
					"rotation": [90, -25, 0]
				},
				"hand_left2": {
					"rotation": [0, 0, 20]
				},
				"thumb_left": {
					"rotation": [72.5, 0, 0]
				},
				"arm_right": {
					"rotation": [20.14131, 18.21219, -50.55164]
				},
				"arm_right2": {
					"rotation": [-2.5, -65, 0]
				},
				"arm_right3": {
					"rotation": [-31.86799, -49.88529, 31.21432]
				},
				"hand_right": {
					"rotation": [-39.56501, -28.11988, -10.26281]
				},
				"hand_right2": {
					"rotation": [0, 0, -67.5]
				},
				"thumb_right": {
					"rotation": [96.16473, -1.40791, 343.73263]
				},
				"neck": {
					"rotation": [0, -20, 0]
				},
				"head": {
					"rotation": [7.5, -7.5, 0]
				},
				"ear_left": {
					"rotation": [0, 0, "17.5+math.sin(q.anim_time*90*1)*5"]
				},
				"ear_left2": {
					"rotation": [0, 0, 12.5]
				},
				"ear_right": {
					"rotation": [0, 0, "-17.5-math.sin(q.anim_time*90*1)*5"]
				},
				"ear_right2": {
					"rotation": [0, 0, -12.5]
				},
				"tail": {
					"rotation": ["17.5+math.sin(q.anim_time*90*4+20)*3", 0, "math.sin(q.anim_time*90*1)*5"]
				},
				"tail2": {
					"rotation": [22.5, 0, 0]
				},
				"tail_end": {
					"rotation": [15, 0, 0]
				},
				"flower": {
					"rotation": [-41.46608, -10.08254, 13.462],
					"position": [-2.75, -2, 8]
				},
				"root2": {
					"rotation": [-2.44103, 0.75898, -2.54467]
				},
				"root3": {
					"rotation": [-4.98107, 0.43523, -0.01893]
				},
				"root4": {
					"rotation": [-2.4905, 0.21782, -5.00473]
				},
				"root5": {
					"rotation": [-2.42442, 0.86717, -0.03729]
				},
				"root6": {
					"rotation": [-2.49762, -0.10901, -2.49762]
				},
				"floette": {
					"rotation": ["17.5+math.sin(q.anim_time*90*4+50)*1", 0, "math.sin(q.anim_time*90*1+35)*-2"],
					"position": [0, 4, 0],
					"scale": 1
				}
			}
		},
		"animation.floette.blink": {
			"animation_length": 0.16667,
			"bones": {
				"eyelid_left": {
					"position": {
						"0.0": [0, 0, -0.1],
						"0.125": [0, 0, -0.1],
						"0.1667": [0, 0, 0]
					}
				},
				"eyelid_right": {
					"position": {
						"0.0": [0, 0, -0.1],
						"0.125": [0, 0, -0.1],
						"0.1667": [0, 0, 0]
					}
				}
			}
		}
	}
}