{
	"format_version": "1.8.0",
	"animations": {
		"animation.garchomp_mega.ground_idle": {
			"loop": true,
			"bones": {
				"torso": {
					"rotation": [10, "math.sin(q.anim_time*90*1)*1", "-math.sin(q.anim_time*90*1)*2"]
				},
				"chest": {
					"rotation": ["10+math.sin(q.anim_time*90*1-45)*2", 0, 0]
				},
				"head": {
					"rotation": ["-25-math.sin(q.anim_time*90*2-45)*4", "-math.sin(q.anim_time*90*1-45)", 0]
				},
				"arm_left": {
					"rotation": [12.99362, "32.2401-math.sin(q.anim_time*90*2-45)*4", 21.30049]
				},
				"arm_left2": {
					"rotation": [18.71569, "11.4859+math.sin(q.anim_time*90*2)*4", 12.20301]
				},
				"arm_left3": {
					"rotation": [2.40887, "32.9977+math.sin(q.anim_time*90*2)*2", "-52.9278+math.sin(q.anim_time*90*2)*4"]
				},
				"arm_right": {
					"rotation": [11.91739, "-15.4426+math.sin(q.anim_time*90*2-45)*4", -27.35366]
				},
				"arm_right2": {
					"rotation": [8.94606, "-27.6352-math.sin(q.anim_time*90*2)*4", 1.95053]
				},
				"arm_right3": {
					"rotation": [13.73169, "-34.2435-math.sin(q.anim_time*90*2)*4", 41.2086]
				},
				"tail2": {
					"rotation": [10, "math.sin(q.anim_time*90*1-45)*8", 0]
				},
				"tail3": {
					"rotation": [22.5, "math.sin(q.anim_time*90*1-90)*8", 0]
				},
				"tail4": {
					"rotation": [17.5, "math.sin(q.anim_time*90*1-135)*8", 0]
				},
				"body": {
					"rotation": ["17.5+math.sin(q.anim_time*90*2)*2", 0, 0],
					"position": [0, "-1.75-math.sin(q.anim_time*90*2)*0.7", "0-math.sin(q.anim_time*90*2)*0.25"]
				},
				"neck": {
					"rotation": [7.5, 0, 0]
				},
				"jaw": {
					"rotation": ["10-math.sin(q.anim_time*90*1-45)*4", 0, 0]
				},
				"tail": {
					"rotation": ["-17.5+math.sin(q.anim_time*90*2-45)*2", 0, 0]
				},
				"leg_left2": {
					"rotation": ["23.5+math.sin(q.anim_time*90*2)*6", 0, 0]
				},
				"foot_left": {
					"rotation": ["15-math.sin(q.anim_time*90*2)*2", 0, 0]
				},
				"foot_left2": {
					"rotation": [-25, 0, 0]
				},
				"leg_right2": {
					"rotation": ["23.5+math.sin(q.anim_time*90*2)*6", 0, 0]
				},
				"foot_right": {
					"rotation": ["15-math.sin(q.anim_time*90*2)*2", 0, 0]
				},
				"foot_right2": {
					"rotation": [-25, 0, 0]
				},
				"leg_left1": {
					"rotation": ["-30-math.sin(q.anim_time*90*2)*6", 0, "5+math.sin(q.anim_time*90*2)*1"]
				},
				"leg_right1": {
					"rotation": ["-30-math.sin(q.anim_time*90*2)*6", 0, "-5-math.sin(q.anim_time*90*2)*1"]
				}
			}
		},
		"animation.garchomp_mega.ground_run": {
			"loop": true,
			"bones": {
				"garchomp_mega": {
					"position": [0, "math.abs(math.sin(q.anim_time*90*8-45)*2)", 0]
				},
				"torso": {
					"rotation": ["35+math.sin(q.anim_time*90*16-45)*2", 0, 0]
				},
				"head": {
					"rotation": ["-35-math.sin(q.anim_time*90*16-45)*2", 0, 0]
				},
				"arm_left": {
					"rotation": [0, -15, 0]
				},
				"arm_left2": {
					"rotation": [0, 0, -40]
				},
				"arm_left3": {
					"rotation": [0, -30, 10]
				},
				"arm_right": {
					"rotation": [0, 15, 0]
				},
				"arm_right2": {
					"rotation": [0, 0, 40]
				},
				"arm_right3": {
					"rotation": [0, 30, -10]
				},
				"leg_left2": {
					"rotation": ["-math.sin(q.anim_time*90*8-135)*48", 0, 0]
				},
				"leg_right2": {
					"rotation": ["math.sin(q.anim_time*90*8-135)*48", 0, 0]
				},
				"foot_left": {
					"rotation": ["math.sin(q.anim_time*90*8+60)*12", 0, 0]
				},
				"foot_right": {
					"rotation": ["-math.sin(q.anim_time*90*8+60)*12", 0, 0]
				},
				"leg_left0": {
					"rotation": ["25-math.sin(q.anim_time*90*8-45)*64", 0, 0]
				},
				"leg_right0": {
					"rotation": ["25+math.sin(q.anim_time*90*8-45)*64", 0, 0]
				}
			}
		},
		"animation.garchomp.air_idle": {
			"loop": true,
			"bones": {
				"body": {
					"rotation": [92.5, 0, 0],
					"position": [0, "-5+0.2*math.sin(q.anim_time*90*2+90)", 0]
				},
				"chest": {
					"rotation": [-5, 0, 0]
				},
				"neck2": {
					"rotation": [-17.5, 0, 0]
				},
				"head": {
					"rotation": [-57.5, 0, 0]
				},
				"jaw": {
					"rotation": [5, 0, 0]
				},
				"arm_left": {
					"rotation": [0, 12.5, -20]
				},
				"arm_left3": {
					"rotation": ["-22.5+1*math.sin(q.anim_time*90*3+90)", 0, -52.5]
				},
				"arm_right": {
					"rotation": [0, -12.5, 20]
				},
				"arm_right3": {
					"rotation": ["-22.5+1*math.sin(q.anim_time*90*2+90)", 0, 52.5]
				},
				"tail": {
					"rotation": [-20, 0, 0]
				},
				"leg_left1": {
					"rotation": ["0.4*math.sin(q.anim_time*90*3+90)", 0, "0.4*math.sin(q.anim_time*90*3+90)"]
				},
				"foot_left": {
					"rotation": [10, 0, 0]
				},
				"foot_left2": {
					"rotation": ["10+1*math.sin(q.anim_time*90*4+90)", 0, 0]
				},
				"leg_right1": {
					"rotation": ["0+0.4*math.sin(q.anim_time*90*3+90)", 0, "0+0.4*math.sin(q.anim_time*90*3+90)"]
				},
				"foot_right": {
					"rotation": [10, 0, 0]
				},
				"foot_right2": {
					"rotation": ["10+1*math.sin(q.anim_time*90*4+90)", 0, 0]
				},
				"fin": {
					"rotation": [0, "0+0.5*math.sin(q.anim_time*90*4+90)", 0]
				},
				"tail2": {
					"rotation": [-7.5, "1+1.5*math.sin(q.anim_time*90*2.5+90)", 0]
				},
				"tail3": {
					"rotation": [-12.5, "0-1*math.sin(q.anim_time*90*2+90)", 0]
				},
				"leg_right2": {
					"rotation": ["0-1*math.sin(q.anim_time*90*2+90)", 0, 0]
				},
				"arm_left2": {
					"rotation": [0, 0, "0-0.8*math.sin(q.anim_time*90*2+90)"]
				},
				"arm_right2": {
					"rotation": [0, 0, "0-0.8*math.sin(q.anim_time*90*2+90)"]
				},
				"leg_left0": {
					"rotation": [0, -25, 0]
				},
				"leg_right0": {
					"rotation": [0, 25, 0]
				}
			}
		},
		"animation.garchomp.blink": {
			"animation_length": 0.1667
		},
		"animation.garchomp.cry": {
			"animation_length": 1.5,
			"bones": {
				"neck": {
					"rotation": {
						"0.0": [0, 0, 0],
						"0.25": [10, 0, 0],
						"1.25": [10, 0, 0],
						"1.5": [0, 0, 0]
					}
				},
				"head": {
					"rotation": {
						"0.0": [0, 0, 0],
						"0.25": [-15, 0, 0],
						"1.25": [-15, 0, 0],
						"1.5": [0, 0, 0]
					}
				},
				"jaw": {
					"rotation": {
						"0.0": [0, 0, 0],
						"0.25": [25, 0, 0],
						"1.25": [25, 0, 0],
						"1.5": [0, 0, 0]
					}
				}
			}
		},
		"animation.garchomp.battle_idle": {
			"loop": true,
			"bones": {
				"torso": {
					"rotation": [20, "math.sin(q.anim_time*90*2)*1", "-math.sin(q.anim_time*90*2)*2"]
				},
				"chest": {
					"rotation": ["10+math.sin(q.anim_time*90*4-45)*2", 0, 0]
				},
				"head": {
					"rotation": ["-45-math.sin(q.anim_time*90*4-45)*4", "-math.sin(q.anim_time*90*2-45)*2", 0]
				},
				"arm_left": {
					"rotation": [-5.22206, "34.6575-math.sin(q.anim_time*90*4-45)*4", 15.86961]
				},
				"arm_left2": {
					"rotation": [0, "17.5+math.sin(q.anim_time*90*4)*4", 0]
				},
				"arm_left3": {
					"rotation": [10, "19+math.sin(q.anim_time*90*4)*2", "-34+math.sin(q.anim_time*90*4)*2"]
				},
				"arm_right": {
					"rotation": [-7.06071, "-15.3325+math.sin(q.anim_time*90*4-45)*4", -30.08578]
				},
				"arm_right2": {
					"rotation": [0, "-17.5-math.sin(q.anim_time*90*4)*4", 0]
				},
				"arm_right3": {
					"rotation": [17.5, "-34-math.sin(q.anim_time*90*4)*2", "30-math.sin(q.anim_time*90*4)*2"]
				},
				"tail2": {
					"rotation": [10, "math.sin(q.anim_time*90*2-45)*8", 0]
				},
				"tail3": {
					"rotation": [22.5, "math.sin(q.anim_time*90*2-90)*8", 0]
				},
				"tail4": {
					"rotation": [17.5, "math.sin(q.anim_time*90*2-135)*8", 0]
				},
				"body": {
					"rotation": ["17.5+math.sin(q.anim_time*90*4)*2", 0, 0],
					"position": [0, "-2.1-math.sin(q.anim_time*90*4)*1", "0-math.sin(q.anim_time*90*4)*0.25"]
				},
				"neck": {
					"rotation": [17.5, 0, 0]
				},
				"jaw": {
					"rotation": ["15-math.sin(q.anim_time*90*2-45)*6", 0, 0]
				},
				"tail": {
					"rotation": ["-17.5+math.sin(q.anim_time*90*4-45)*2", 0, 0]
				},
				"leg_left0": {
					"rotation": ["7.5-math.sin(q.anim_time*90*4)*6", 0, "0-math.sin(q.anim_time*90*4)*1.5"]
				},
				"leg_left2": {
					"rotation": ["5.5+math.sin(q.anim_time*90*4)*8", "-math.sin(q.anim_time*90*4)*2", 5]
				},
				"foot_left": {
					"rotation": ["-10-math.sin(q.anim_time*90*4)*4", 0, 0]
				},
				"foot_left2": {
					"rotation": [-17.5, 0, 0]
				},
				"leg_right0": {
					"rotation": ["-35-math.sin(q.anim_time*90*4)*6", 0, "2.5+math.sin(q.anim_time*90*4)*2"],
					"position": [0, "math.sin(q.anim_time*90*4)*0.2", 0]
				},
				"leg_right2": {
					"rotation": ["20+math.sin(q.anim_time*90*4)*6", "5+math.sin(q.anim_time*90*4)*0.5", "5+math.sin(q.anim_time*90*4)*1"]
				},
				"foot_right": {
					"rotation": ["5-math.sin(q.anim_time*90*4)*2", 0, 0]
				},
				"foot_right2": {
					"rotation": [-5, 0, 0]
				}
			}
		},
		"animation.garchomp_male.idle_mega": {
			"loop": true,
			"bones": {
				"torso": {
					"rotation": [-7.5, 0, 0]
				},
				"chest": {
					"rotation": [10.03742, -4.92385, -0.87038]
				},
				"neck": {
					"rotation": [15.12353, 7.24305, 1.95155]
				},
				"head": {
					"rotation": [-5, 0, 0]
				},
				"arm_left": {
					"rotation": [0, -25, 0]
				},
				"arm_left2": {
					"rotation": [76.61487, 20.48799, 55.17342]
				},
				"arm_left3": {
					"rotation": [0, 0, -67.5]
				},
				"arm_right": {
					"rotation": [-12.5, 0, 0]
				},
				"arm_right2": {
					"rotation": [66.97074, -21.48358, -63.41106]
				},
				"arm_right3": {
					"rotation": [0, 0, 57.5]
				},
				"tail": {
					"rotation": [7.5, 0, 0]
				},
				"tail2": {
					"rotation": [20.44582, 11.73507, 4.3361]
				},
				"tail3": {
					"rotation": [17.89807, 11.91276, 3.81397]
				},
				"tail4": {
					"rotation": [20.29362, 12.19908, 2.74715]
				},
				"leg_left1": {
					"rotation": [22.07724, -1.81224, -22.56831],
					"position": [1, -1, 0]
				},
				"leg_left2": {
					"rotation": [7.5, 0, 0]
				},
				"foot_left": {
					"rotation": [7.5, 0, 0]
				},
				"foot_left2": {
					"rotation": [-17.5, 0, 0]
				},
				"leg_right1": {
					"rotation": [-7.94037, 12.79548, 4.62914],
					"position": [-1, 0, -1]
				},
				"leg_right2": {
					"rotation": [5, 0, 0]
				},
				"foot_right": {
					"rotation": [10, 0, 0]
				}
			}
		}
	}
}