{
	"format_version": "1.8.0",
	"animations": {
		"animation.giratina_origin.ground_idle": {
			"loop": true,
			"bones": {
				"neck": {
					"rotation": [-17.5, 0, 0]
				},
				"head": {
					"rotation": [40, 0, 0]
				},
				"torso": {
					"rotation": [-22.5, 0, 0]
				},
				"tail": {
					"rotation": ["15.0547-math.sin((query.anim_time) * 90 * 1)*3", "0-math.sin((query.anim_time) * 90 * 1)*10", 0]
				},
				"jaw": {
					"rotation": [0, 0, 0]
				},
				"neck2": {
					"rotation": [12.5, 0, 0]
				},
				"dbody2": {
					"rotation": [15, 0, 0]
				},
				"chest": {
					"rotation": [-15, 0, 0]
				},
				"dbody": {
					"rotation": ["7.5-math.sin((query.anim_time) * 90 * 1)*3", 0, 0]
				},
				"bone2": {
					"rotation": [25, 0, 0]
				},
				"bone": {
					"rotation": [12.60443, 0, 0]
				},
				"bone4": {
					"rotation": [5.04292, 0, 0]
				},
				"bone5": {
					"rotation": [-7.61435, 0, 0]
				},
				"bone6": {
					"rotation": [0, 0, 0]
				},
				"right_arm_top": {
					"rotation": [21.46872, "13.1248-Math.sin((query.anim_time) * 90 * 1) * 8", "-82.5014-Math.cos((query.anim_time) * 90 * 1) * 8"]
				},
				"right_arm_top2": {
					"rotation": [0, "0-Math.sin((query.anim_time) * 90 * 1) * 8", "17.5-Math.cos((query.anim_time) * 90 * 1) * 8"]
				},
				"right_arm_top3": {
					"rotation": [0, "0-Math.sin((query.anim_time) * 90 * 1) * 8", "-30-Math.cos((query.anim_time) * 90 * 1) * 8"]
				},
				"right_arm_top4": {
					"rotation": [0, "0-Math.sin((query.anim_time) * 90 * 1) * 8", "30-Math.cos((query.anim_time) * 90 * 1) * 8"]
				},
				"right_arm_top5": {
					"rotation": [0, "0-Math.sin((query.anim_time) * 90 * 1) * 8", "-42.5-Math.cos((query.anim_time) * 90 * 1) * 8"]
				},
				"right_arm_top6": {
					"rotation": [0, "0-Math.sin((query.anim_time) * 90 * 1) * 8", "-25-Math.cos((query.anim_time) * 90 * 1) * 8"]
				},
				"left_arm_top": {
					"rotation": [21.4687, "-13.1248+Math.sin((query.anim_time) * 90 * 1) * 8", "82.5014+Math.cos((query.anim_time) * 90 * 1) * 8"]
				},
				"left_arm_top2": {
					"rotation": [0, "0+Math.sin((query.anim_time) * 90 * 1) * 8", "-17.5+Math.cos((query.anim_time) * 90 * 1) * 8"]
				},
				"left_arm_top3": {
					"rotation": [0, "0+Math.sin((query.anim_time) * 90 * 1) * 8", "30+Math.cos((query.anim_time) * 90 * 1) * 8"]
				},
				"left_arm_top4": {
					"rotation": [0, "0+Math.sin((query.anim_time) * 90 * 1) * 8", "-30+Math.cos((query.anim_time) * 90 * 1) * 8"]
				},
				"left_arm_top5": {
					"rotation": [0, "0+Math.sin((query.anim_time) * 90 * 1) * 8", "42.5+Math.cos((query.anim_time) * 90 * 1) * 8"]
				},
				"left_arm_top6": {
					"rotation": [0, "0+Math.sin((query.anim_time) * 90 * 1) * 8", "25+Math.cos((query.anim_time) * 90 * 1) * 8"]
				},
				"right_arm_top7": {
					"rotation": [18.19144, "13.4716-Math.sin((query.anim_time) * 90 * 1) * 8", "-35.3335-Math.cos((query.anim_time) * 90 * 1) * 8"]
				},
				"right_arm_top8": {
					"rotation": [0, "0-Math.sin((query.anim_time) * 90 * 1) * 8", "-27.5-Math.cos((query.anim_time) * 90 * 1) * 8"]
				},
				"right_arm_top9": {
					"rotation": [0, "0-Math.sin((query.anim_time) * 90 * 1) * 8", "22.5-Math.cos((query.anim_time) * 90 * 1) * 8"]
				},
				"right_arm_top10": {
					"rotation": [0, "0-Math.sin((query.anim_time) * 90 * 1) * 8", "-42.5-Math.cos((query.anim_time) * 90 * 1) * 8"]
				},
				"right_arm_top11": {
					"rotation": [0, "0-Math.sin((query.anim_time) * 90 * 1) * 8", "35-Math.cos((query.anim_time) * 90 * 1) * 8"]
				},
				"right_arm_top12": {
					"rotation": [0, "0-Math.sin((query.anim_time) * 90 * 1) * 8", "-22.5-Math.cos((query.anim_time) * 90 * 1) * 8"]
				},
				"right_arm_top13": {
					"rotation": [0, "0-Math.sin((query.anim_time) * 90 * 1) * 8", "-42.5-Math.cos((query.anim_time) * 90 * 1) * 8"]
				},
				"right_arm_top14": {
					"rotation": [0, "0-Math.sin((query.anim_time) * 90 * 1) * 8", "20-Math.cos((query.anim_time) * 90 * 1) * 8"]
				},
				"right_arm_top15": {
					"rotation": [0, "0-Math.sin((query.anim_time) * 90 * 1) * 8", "-27.5-Math.cos((query.anim_time) * 90 * 1) * 8"]
				},
				"right_arm_top16": {
					"rotation": [0, "0-Math.sin((query.anim_time) * 90 * 1) * 8", "20-Math.cos((query.anim_time) * 90 * 1) * 8"]
				},
				"right_arm_top17": {
					"rotation": [0, "0-Math.sin((query.anim_time) * 90 * 1) * 8", "-42.5-Math.cos((query.anim_time) * 90 * 1) * 8"]
				},
				"right_arm_top18": {
					"rotation": [0, "0-Math.sin((query.anim_time) * 90 * 1) * 8", "-20-Math.cos((query.anim_time) * 90 * 1) * 8"]
				},
				"left_arm_top7": {
					"rotation": [18.19144, "-13.4716+Math.sin((query.anim_time) * 90 * 1) * 8", "35.3335+Math.cos((query.anim_time) * 90 * 1) * 8"]
				},
				"left_arm_top8": {
					"rotation": [0, "0+Math.sin((query.anim_time) * 90 * 1) * 8", "27.5+Math.cos((query.anim_time) * 90 * 1) * 8"]
				},
				"left_arm_top9": {
					"rotation": [0, "0+Math.sin((query.anim_time) * 90 * 1) * 8", "-22.5+Math.cos((query.anim_time) * 90 * 1) * 8"]
				},
				"left_arm_top10": {
					"rotation": [0, "0+Math.sin((query.anim_time) * 90 * 1) * 8", "42.5+Math.cos((query.anim_time) * 90 * 1) * 8"]
				},
				"left_arm_top11": {
					"rotation": [0, "0+Math.sin((query.anim_time) * 90 * 1) * 8", "-35+Math.cos((query.anim_time) * 90 * 1) * 8"]
				},
				"left_arm_top12": {
					"rotation": [0, "0+Math.sin((query.anim_time) * 90 * 1) * 8", "22.5+Math.cos((query.anim_time) * 90 * 1) * 8"]
				},
				"left_arm_top13": {
					"rotation": [0, "0+Math.sin((query.anim_time) * 90 * 1) * 8", "42.5+Math.cos((query.anim_time) * 90 * 1) * 8"]
				},
				"left_arm_top14": {
					"rotation": [0, "0+Math.sin((query.anim_time) * 90 * 1) * 8", "-20+Math.cos((query.anim_time) * 90 * 1) * 8"]
				},
				"left_arm_top15": {
					"rotation": [0, "0+Math.sin((query.anim_time) * 90 * 1) * 8", "27.5+Math.cos((query.anim_time) * 90 * 1) * 8"]
				},
				"left_arm_top16": {
					"rotation": [0, "0+Math.sin((query.anim_time) * 90 * 1) * 8", "-20+Math.cos((query.anim_time) * 90 * 1) * 8"]
				},
				"left_arm_top17": {
					"rotation": [0, "0+Math.sin((query.anim_time) * 90 * 1) * 8", "42.5+Math.cos((query.anim_time) * 90 * 1) * 8"]
				},
				"left_arm_top18": {
					"rotation": [0, "0+Math.sin((query.anim_time) * 90 * 1) * 8", "20+Math.cos((query.anim_time) * 90 * 1) * 8"]
				},
				"body": {
					"rotation": ["0-2.5*math.sin((query.anim_time) * 90 * 1)*1", 0, "0-2.5*math.sin((query.anim_time) * 90 * 1)*1"],
					"position": ["0-math.sin((query.anim_time) * 90 * 1)*3", "0-math.sin((query.anim_time) * 90 * 2)*2", "0-math.sin((query.anim_time) * 90 * 2)*1.5"]
				}
			}
		},
		"animation.giratina_origin.cry": {
			"loop": true,
			"bones": {
				"head": {
					"rotation": [-7.5, 0, 0]
				},
				"jaw": {
					"rotation": [37.5, 0, 0]
				}
			}
		},
		"animation.giratina_origin.ground_walk": {
			"loop": true,
			"bones": {
				"neck": {
					"rotation": [-17.5, 0, 0]
				},
				"head": {
					"rotation": [40, 0, 0]
				},
				"torso": {
					"rotation": [-22.5, 0, 0]
				},
				"tail": {
					"rotation": ["15.0547-math.sin((query.anim_time) * 90 * 1)*3", "0-math.sin((query.anim_time) * 90 * 1)*10", 0]
				},
				"jaw": {
					"rotation": [0, 0, 0]
				},
				"neck2": {
					"rotation": [12.5, 0, 0]
				},
				"dbody2": {
					"rotation": [15, 0, 0]
				},
				"chest": {
					"rotation": [-15, 0, 0]
				},
				"dbody": {
					"rotation": ["7.5-math.sin((query.anim_time) * 90 * 1)*3", 0, 0]
				},
				"bone2": {
					"rotation": [25, 0, 0]
				},
				"bone": {
					"rotation": [12.60443, 0, 0]
				},
				"bone4": {
					"rotation": [5.04292, 0, 0]
				},
				"bone5": {
					"rotation": [-7.61435, 0, 0]
				},
				"bone6": {
					"rotation": [0, 0, 0]
				},
				"right_arm_top": {
					"rotation": [21.46872, "13.1248-Math.sin((query.anim_time) * 90 * 1) * 8", "-82.5014-Math.cos((query.anim_time) * 90 * 1) * 8"]
				},
				"right_arm_top2": {
					"rotation": [0, "0-Math.sin((query.anim_time) * 90 * 1) * 8", "17.5-Math.cos((query.anim_time) * 90 * 1) * 8"]
				},
				"right_arm_top3": {
					"rotation": [0, "0-Math.sin((query.anim_time) * 90 * 1) * 8", "-30-Math.cos((query.anim_time) * 90 * 1) * 8"]
				},
				"right_arm_top4": {
					"rotation": [0, "0-Math.sin((query.anim_time) * 90 * 1) * 8", "30-Math.cos((query.anim_time) * 90 * 1) * 8"]
				},
				"right_arm_top5": {
					"rotation": [0, "0-Math.sin((query.anim_time) * 90 * 1) * 8", "-42.5-Math.cos((query.anim_time) * 90 * 1) * 8"]
				},
				"right_arm_top6": {
					"rotation": [0, "0-Math.sin((query.anim_time) * 90 * 1) * 8", "-25-Math.cos((query.anim_time) * 90 * 1) * 8"]
				},
				"left_arm_top": {
					"rotation": [21.4687, "-13.1248+Math.sin((query.anim_time) * 90 * 1) * 8", "82.5014+Math.cos((query.anim_time) * 90 * 1) * 8"]
				},
				"left_arm_top2": {
					"rotation": [0, "0+Math.sin((query.anim_time) * 90 * 1) * 8", "-17.5+Math.cos((query.anim_time) * 90 * 1) * 8"]
				},
				"left_arm_top3": {
					"rotation": [0, "0+Math.sin((query.anim_time) * 90 * 1) * 8", "30+Math.cos((query.anim_time) * 90 * 1) * 8"]
				},
				"left_arm_top4": {
					"rotation": [0, "0+Math.sin((query.anim_time) * 90 * 1) * 8", "-30+Math.cos((query.anim_time) * 90 * 1) * 8"]
				},
				"left_arm_top5": {
					"rotation": [0, "0+Math.sin((query.anim_time) * 90 * 1) * 8", "42.5+Math.cos((query.anim_time) * 90 * 1) * 8"]
				},
				"left_arm_top6": {
					"rotation": [0, "0+Math.sin((query.anim_time) * 90 * 1) * 8", "25+Math.cos((query.anim_time) * 90 * 1) * 8"]
				},
				"right_arm_top7": {
					"rotation": [18.19144, "13.4716-Math.sin((query.anim_time) * 90 * 1) * 8", "-35.3335-Math.cos((query.anim_time) * 90 * 1) * 8"]
				},
				"right_arm_top8": {
					"rotation": [0, "0-Math.sin((query.anim_time) * 90 * 1) * 8", "-27.5-Math.cos((query.anim_time) * 90 * 1) * 8"]
				},
				"right_arm_top9": {
					"rotation": [0, "0-Math.sin((query.anim_time) * 90 * 1) * 8", "22.5-Math.cos((query.anim_time) * 90 * 1) * 8"]
				},
				"right_arm_top10": {
					"rotation": [0, "0-Math.sin((query.anim_time) * 90 * 1) * 8", "-42.5-Math.cos((query.anim_time) * 90 * 1) * 8"]
				},
				"right_arm_top11": {
					"rotation": [0, "0-Math.sin((query.anim_time) * 90 * 1) * 8", "35-Math.cos((query.anim_time) * 90 * 1) * 8"]
				},
				"right_arm_top12": {
					"rotation": [0, "0-Math.sin((query.anim_time) * 90 * 1) * 8", "-22.5-Math.cos((query.anim_time) * 90 * 1) * 8"]
				},
				"right_arm_top13": {
					"rotation": [0, "0-Math.sin((query.anim_time) * 90 * 1) * 8", "-42.5-Math.cos((query.anim_time) * 90 * 1) * 8"]
				},
				"right_arm_top14": {
					"rotation": [0, "0-Math.sin((query.anim_time) * 90 * 1) * 8", "20-Math.cos((query.anim_time) * 90 * 1) * 8"]
				},
				"right_arm_top15": {
					"rotation": [0, "0-Math.sin((query.anim_time) * 90 * 1) * 8", "-27.5-Math.cos((query.anim_time) * 90 * 1) * 8"]
				},
				"right_arm_top16": {
					"rotation": [0, "0-Math.sin((query.anim_time) * 90 * 1) * 8", "20-Math.cos((query.anim_time) * 90 * 1) * 8"]
				},
				"right_arm_top17": {
					"rotation": [0, "0-Math.sin((query.anim_time) * 90 * 1) * 8", "-42.5-Math.cos((query.anim_time) * 90 * 1) * 8"]
				},
				"right_arm_top18": {
					"rotation": [0, "0-Math.sin((query.anim_time) * 90 * 1) * 8", "-20-Math.cos((query.anim_time) * 90 * 1) * 8"]
				},
				"left_arm_top7": {
					"rotation": [18.19144, "-13.4716+Math.sin((query.anim_time) * 90 * 1) * 8", "35.3335+Math.cos((query.anim_time) * 90 * 1) * 8"]
				},
				"left_arm_top8": {
					"rotation": [0, "0+Math.sin((query.anim_time) * 90 * 1) * 8", "27.5+Math.cos((query.anim_time) * 90 * 1) * 8"]
				},
				"left_arm_top9": {
					"rotation": [0, "0+Math.sin((query.anim_time) * 90 * 1) * 8", "-22.5+Math.cos((query.anim_time) * 90 * 1) * 8"]
				},
				"left_arm_top10": {
					"rotation": [0, "0+Math.sin((query.anim_time) * 90 * 1) * 8", "42.5+Math.cos((query.anim_time) * 90 * 1) * 8"]
				},
				"left_arm_top11": {
					"rotation": [0, "0+Math.sin((query.anim_time) * 90 * 1) * 8", "-35+Math.cos((query.anim_time) * 90 * 1) * 8"]
				},
				"left_arm_top12": {
					"rotation": [0, "0+Math.sin((query.anim_time) * 90 * 1) * 8", "22.5+Math.cos((query.anim_time) * 90 * 1) * 8"]
				},
				"left_arm_top13": {
					"rotation": [0, "0+Math.sin((query.anim_time) * 90 * 1) * 8", "42.5+Math.cos((query.anim_time) * 90 * 1) * 8"]
				},
				"left_arm_top14": {
					"rotation": [0, "0+Math.sin((query.anim_time) * 90 * 1) * 8", "-20+Math.cos((query.anim_time) * 90 * 1) * 8"]
				},
				"left_arm_top15": {
					"rotation": [0, "0+Math.sin((query.anim_time) * 90 * 1) * 8", "27.5+Math.cos((query.anim_time) * 90 * 1) * 8"]
				},
				"left_arm_top16": {
					"rotation": [0, "0+Math.sin((query.anim_time) * 90 * 1) * 8", "-20+Math.cos((query.anim_time) * 90 * 1) * 8"]
				},
				"left_arm_top17": {
					"rotation": [0, "0+Math.sin((query.anim_time) * 90 * 1) * 8", "42.5+Math.cos((query.anim_time) * 90 * 1) * 8"]
				},
				"left_arm_top18": {
					"rotation": [0, "0+Math.sin((query.anim_time) * 90 * 1) * 8", "20+Math.cos((query.anim_time) * 90 * 1) * 8"]
				},
				"body": {
					"rotation": ["0-2.5*math.sin((query.anim_time) * 90 * 1)*1", 0, "0-2.5*math.sin((query.anim_time) * 90 * 1)*1"],
					"position": ["0-math.sin((query.anim_time) * 90 * 1)*3", "0-math.sin((query.anim_time) * 90 * 2)*2", "0-math.sin((query.anim_time) * 90 * 2)*1.5"]
				}
			}
		}
	}
}