{
	"format_version": "1.8.0",
	"animations": {
		"animation.gougingfire.ground_idle": {
			"loop": true,
			"bones": {
				"body": {
					"position": [0, -3.25, 0]
				},
				"neck": {
					"rotation": ["0-math.sin(q.anim_time*60*2.75+180)", -5, 0]
				},
				"head": {
					"rotation": ["5-math.sin(q.anim_time*90*2)", 0, 0]
				},
				"mane_left": {
					"rotation": [0, -15, 0]
				},
				"mane_left2": {
					"rotation": [0, 30, 0]
				},
				"mane_left3": {
					"rotation": [0, -12.5, 0]
				},
				"mane_right": {
					"rotation": [0, 15, 0]
				},
				"mane_right2": {
					"rotation": [0, -20, 0]
				},
				"mane_right3": {
					"rotation": [0, 12.5, 0]
				},
				"leg_front_right": {
					"rotation": [-52.26198, 5.94383, 4.58217],
					"position": [0, 1, 3]
				},
				"leg_knee_front_right": {
					"rotation": [2.5, 0, 0]
				},
				"leg_foot_front_right": {
					"rotation": [50, 0, 0],
					"position": [0, -1, -1]
				},
				"leg_back_left": {
					"rotation": [17.10967, 3.73171, -11.93845]
				},
				"leg_knee_back_left": {
					"rotation": [0, 0, 0]
				},
				"leg_foot_back_left": {
					"rotation": [-14.94548, 1.29256, 4.83045]
				},
				"leg_foot_back_left2": {
					"rotation": [0, 0, 5]
				},
				"leg_back_right": {
					"rotation": [-27.14233, 4.59902, 8.88927],
					"position": [0, 0, 1]
				},
				"leg_knee_back_right": {
					"rotation": [35, 0, 0]
				},
				"leg_foot_back_right2": {
					"rotation": [-7.49294, -0.32621, -7.47864]
				},
				"jaw": {
					"rotation": [25, 0, 0],
					"position": [0, -0.75, -0.25]
				},
				"right_back_fur": {
					"rotation": [-22.5, 0, 0]
				},
				"left_leg_fur2": {
					"rotation": [77.5, 0, 0]
				},
				"leg_front_left": {
					"rotation": [12.31594, 2.15393, -9.76758],
					"position": [0, 0.5, 0]
				},
				"leg_knee_front_left": {
					"rotation": [-9.99067, 0.43399, 2.46207]
				},
				"right_leg_fur2": {
					"rotation": [-20, 0, 0]
				},
				"leg_foot_front_left": {
					"rotation": [-2.5, 0, 0]
				},
				"bone8": {
					"rotation": [0, 22.5, 0]
				},
				"bone9": {
					"rotation": [0, -27.5, 0]
				},
				"mane_neck": {
					"rotation": [7.5, 0, 0]
				},
				"mane_neck2": {
					"rotation": [20, 0, 0]
				},
				"mane_neck3": {
					"rotation": [-17.5, 0, 0]
				},
				"chest": {
					"rotation": [0, -5, 0]
				},
				"tail": {
					"rotation": [5.04292, -7.4713, -0.6574]
				},
				"bone": {
					"rotation": [-7.56397, 7.43547, -0.98448]
				},
				"bone10": {
					"rotation": [20.15874, 7.04533, 2.57816]
				},
				"bone11": {
					"rotation": [25.33761, -9.05478, -4.26175]
				},
				"bone12": {
					"rotation": [-15, 0, 0]
				},
				"torso": {
					"rotation": ["math.sin(q.anim_time*90*2)*0.6", 0, "math.cos(q.anim_time*90*1)*-1"]
				}
			}
		},
		"animation.gougingfire.ground_walk": {
			"loop": true,
			"bones": {
				"body": {
					"rotation": ["-2.5*math.sin(q.anim_time*90*4*2+45)*6", "-0.5*math.sin(q.anim_time*90*4*2+45)*6", 0],
					"position": [
						0,
						"math.clamp(math.sin(q.anim_time*90*4)*1.1,0.4,1.1)+math.clamp(math.sin(q.anim_time*90*4+180)*1.1,0.4,1.1)",
						"math.sin(q.anim_time*90*4*2-33)*1"
					]
				},
				"tail": {
					"rotation": [5.04292, -7.4713, -0.6574]
				},
				"bone": {
					"rotation": [-7.56397, 7.43547, -0.98448]
				},
				"bone10": {
					"rotation": [20.15874, 7.04533, 2.57816]
				},
				"bone11": {
					"rotation": [25.33761, -9.05478, -4.26175]
				},
				"bone12": {
					"rotation": [-15, 0, 0]
				},
				"head": {
					"rotation": ["0+math.sin(q.anim_time*90*4*2+45)*6+math.sin(q.anim_time*90*4*2-45)*4", 0, 0]
				},
				"leg_front_right": {
					"rotation": ["0-math.clamp(25*(math.sin(q.anim_time*90*4*2-90)*1+1),-0,60)", 0, 0]
				},
				"leg_knee_front_right": {
					"rotation": ["0-10*math.sin(q.anim_time*90*4*2)", 0, 0]
				},
				"leg_foot_front_right": {
					"rotation": ["0-15*math.sin(q.anim_time*90*4*2)", 0, 0]
				},
				"leg_front_left": {
					"rotation": ["0-math.clamp(25*(math.sin(q.anim_time*90*4*2-50)*1+1),-0,60)", 0, 0]
				},
				"leg_knee_front_left": {
					"rotation": ["0-10*math.sin(q.anim_time*90*4*2)", 0, 0]
				},
				"leg_foot_front_left": {
					"rotation": ["0-15*math.sin(q.anim_time*90*4*2)", 0, 0]
				},
				"leg_back_left": {
					"rotation": ["0+math.clamp(25*(math.sin(q.anim_time*90*4*2-90)*1+1),-0,48)+5*math.sin(q.anim_time*90*4*2-90)", 0, 0],
					"position": [
						0,
						"0-(math.clamp(-math.sin(q.anim_time*90*4*2+50)*1,0.5,1)-0.5)*0.5+(math.clamp(-math.sin(q.anim_time*90*2*2+70+180*0)*1,0.5,1)-0.5)*2+(math.clamp(-math.sin(q.anim_time*90*2*2+70+180*1)*1,0.5,1)-0.5)*2",
						0
					]
				},
				"leg_knee_back_left": {
					"rotation": [
						"0+math.clamp(math.sin(q.anim_time*90*4*2)*10,0,10)+math.clamp(math.sin(q.anim_time*90*4*2-95)*20,0,45)-math.clamp(math.sin(q.anim_time*90*4*2+180)*50,0,45)",
						0,
						0
					],
					"position": [0, "math.clamp(math.sin(q.anim_time*90*4-130)*1,0.5,1)-math.clamp(math.sin(q.anim_time*90*4-40)*1,0.75,1)+0.25", 0]
				},
				"leg_back_right": {
					"rotation": ["0+math.clamp(25*(math.sin(q.anim_time*90*4*2-50)*1+1),-0,48)+5*math.sin(q.anim_time*90*4*2-50)", 0, 0],
					"position": [0, "math.clamp(math.sin(q.anim_time*90*4-130)*1,0.5,1)-math.clamp(math.sin(q.anim_time*90*4-40)*1,0.75,1)+0.25", 0]
				},
				"leg_knee_back_right": {
					"rotation": [
						"0+math.clamp(math.sin(q.anim_time*90*4*2)*10,0,10)+math.clamp(math.sin(q.anim_time*90*4*2-95)*20,0,45)-math.clamp(math.sin(q.anim_time*90*4*2+180)*50,0,45)",
						0,
						0
					],
					"position": [0, "math.clamp(math.sin(q.anim_time*90*4-130)*1,0.5,1)-math.clamp(math.sin(q.anim_time*90*4-40)*1,0.75,1)+0.25", 0]
				}
			}
		}
	}
}