{
	"format_version": "1.8.0",
	"animations": {
		"animation.ironcrown.pose": {
			"loop": true,
			"bones": {
				"torso": {
					"rotation": [-7.5, 0, 0]
				},
				"chest": {
					"rotation": [-5, 0, 0]
				},
				"neck": {
					"rotation": [22.5, 0, 0]
				},
				"head": {
					"rotation": [-10, 0, 0]
				},
				"leg_front_left": {
					"rotation": [-30, 0, 0]
				},
				"leg_front_left2": {
					"rotation": [52.5, 0, 0]
				},
				"leg_back_right0": {
					"rotation": [10, 0, 0],
					"position": [0, -0.5, 1]
				},
				"leg_back_right1": {
					"rotation": [-10, 0, 0]
				}
			}
		},
		"animation.ironcrown.ground_idle": {
			"loop": true,
			"bones": {
				"torso": {
					"rotation": [-7.5, 0, 0]
				},
				"chest": {
					"rotation": [-5, 0, 0]
				},
				"neck": {
					"rotation": [22.5, 0, 0]
				},
				"head": {
					"rotation": [2.5, 0, 0]
				},
				"leg_back_right0": {
					"rotation": [10, 0, 0],
					"position": [0, -0.5, 1]
				},
				"leg_back_right1": {
					"rotation": [-10, 0, 0]
				},
				"leg_back_left0": {
					"rotation": [10, 0, 0],
					"position": [0, -0.5, 1]
				},
				"leg_back_left1": {
					"rotation": [-10, 0, 0]
				}
			}
		},
		"animation.ironcrown.ground_walk": {
			"loop": true,
			"bones": {
				"torso": {
					"rotation": [-7.5, 0, 0],
					"position": [0, "math.abs(math.sin(q.anim_time*90*4-45)*0.25)", 0]
				},
				"chest": {
					"rotation": [-5, 0, 0]
				},
				"neck": {
					"rotation": ["22.5+math.sin(q.anim_time*90*8-45)*1", 0, 0]
				},
				"head": {
					"rotation": [2.5, 0, 0]
				},
				"leg_back_right0": {
					"rotation": ["10-math.sin(q.anim_time*90*4-90)*10", 0, 0],
					"position": [0, "-0.5+math.clamp(math.sin(q.anim_time*90*4+90*0)*1,0,180)", 1]
				},
				"leg_back_right1": {
					"rotation": ["-10+math.clamp(-math.sin(q.anim_time*90*4+45)*25,-90,0)", 0, 0]
				},
				"leg_back_left0": {
					"rotation": ["10+math.sin(q.anim_time*90*4-90)*10", 0, 0],
					"position": [0, "-0.5+math.clamp(-math.sin(q.anim_time*90*4+90*0)*1,0,180)", 1]
				},
				"leg_back_left1": {
					"rotation": ["-10+math.clamp(math.sin(q.anim_time*90*4+45)*20,-90,5)", 0, 0]
				},
				"body": {
					"position": [0, "math.abs(math.sin(q.anim_time*90*4)*0.25)", 0]
				},
				"leg_front_right": {
					"rotation": ["math.sin(q.anim_time*90*4-90)*10", 0, 0],
					"position": [0, "math.clamp(-math.sin(q.anim_time*90*4+90*0)*1,0,180)", 0]
				},
				"foot_front_right": {
					"rotation": ["-math.clamp(math.sin(q.anim_time*90*4-10)*25,-90,0)", 0, 0]
				},
				"leg_front_left": {
					"rotation": ["-math.sin(q.anim_time*90*4-90)*10", 0, 0],
					"position": [0, "math.clamp(math.sin(q.anim_time*90*4+90*0)*1,0,180)", 0]
				},
				"foot_front_left": {
					"rotation": ["-math.clamp(-math.sin(q.anim_time*90*4+10)*25,-90,0)", 0, 0]
				},
				"foot_back_right": {
					"rotation": ["-math.clamp(-math.sin(q.anim_time*90*4-10)*25,-90,0)", 0, 0]
				},
				"foot_back_left": {
					"rotation": ["-math.clamp(math.sin(q.anim_time*90*4+10)*25,-90,0)", 0, 0]
				}
			}
		}
	}
}