{
	"format_version": "1.8.0",
	"animations": {
		"animation.kleavor.ground_idle": {
			"loop": true,
			"bones": {
				"body": {
					"position": [0, -1, 0]
				},
				"head": {
					"rotation": [-12.5, 0, 0]
				},
				"left_brow": {
					"rotation": [0, 0, 0]
				},
				"jaw": {
					"rotation": [0, 0, 0]
				},
				"right_brow": {
					"rotation": [0, 0, 0]
				},
				"left_eye": {
					"position": [0, 0, 0]
				},
				"abdomen": {
					"rotation": ["0+Math.cos((query.anim_time-0.3) * 90 * 2) * 0.5", 0, 0]
				},
				"spine": {
					"rotation": [5, 0, 0]
				},
				"neck": {
					"rotation": [7.5, 0, 0]
				},
				"upper_spine": {
					"rotation": [5, 0, 0]
				},
				"right_eye": {
					"position": [0, 0, 0]
				},
				"left_upper_leg": {
					"rotation": [5.2531, -9.53274, -3.03513]
				},
				"left_lower_leg": {
					"rotation": [9.61265, 5.46857, 1.01759]
				},
				"left_foot": {
					"rotation": [-22.5, 0, 0]
				},
				"left_toes": {
					"rotation": [7.5, 0, 0]
				},
				"right_upper_leg": {
					"rotation": [5.25313, 9.53274, 3.03513]
				},
				"right_lower_leg": {
					"rotation": [9.61265, -5.46857, -1.01759]
				},
				"right_foot": {
					"rotation": [-22.5, 0, 0]
				},
				"right_toes": {
					"rotation": [7.5, 0, 0]
				},
				"right_shoulder": {
					"rotation": [-47.25471, -5.52235, -5.08269]
				},
				"right_upper_arm": {
					"rotation": [13.85738, 1.78966, -53.54717]
				},
				"right_hand": {
					"rotation": [-5, 0, -10]
				},
				"right_axe": {
					"rotation": [2.46207, 0.43399, 0.00933]
				},
				"left_shoulder": {
					"rotation": [-47.25471, 5.52235, 5.08269]
				},
				"right_lower_arm": {
					"rotation": [15.418, "-74.0538-Math.cos((query.anim_time-0.3) * 90 * 2) * 0.2", 50.90146]
				},
				"left_upper_arm": {
					"rotation": [13.85738, -1.78966, 53.54717]
				},
				"left_lower_arm": {
					"rotation": [15.418, "74.0538+Math.cos((query.anim_time-0.3) * 90 * 2) * 0.2", -50.90146]
				},
				"left_hand": {
					"rotation": [-5, 0, 10]
				},
				"left_axe": {
					"rotation": [2.46207, -0.43399, -0.00933]
				},
				"right_cheek_spike": {
					"rotation": [0, 0, 0]
				}
			}
		},
		"animation.kleavor.test": {
			"loop": true,
			"bones": {
				"body": {
					"position": [0, -1, 0]
				},
				"head": {
					"rotation": [-12.5, 0, 0]
				},
				"left_brow": {
					"rotation": [0, 0, 0]
				},
				"jaw": {
					"rotation": [30, 0, 0]
				},
				"right_brow": {
					"rotation": [0, 0, 0]
				},
				"left_eye": {
					"position": [0, 0, 0]
				},
				"abdomen": {
					"rotation": [0, 0, 0]
				},
				"spine": {
					"rotation": [5, 0, 0]
				},
				"neck": {
					"rotation": [7.5, 0, 0]
				},
				"upper_spine": {
					"rotation": [5, 0, 0]
				},
				"right_eye": {
					"position": [0, 0, 0]
				},
				"left_upper_leg": {
					"rotation": [5.25313, -9.53274, -3.03513]
				},
				"left_lower_leg": {
					"rotation": [9.61265, 5.46857, 1.01759]
				},
				"left_foot": {
					"rotation": [-22.5, 0, 0]
				},
				"left_toes": {
					"rotation": [7.5, 0, 0]
				},
				"right_upper_leg": {
					"rotation": [5.25313, 9.53274, 3.03513]
				},
				"right_lower_leg": {
					"rotation": [9.61265, -5.46857, -1.01759]
				},
				"right_foot": {
					"rotation": [-22.5, 0, 0]
				},
				"right_toes": {
					"rotation": [7.5, 0, 0]
				},
				"right_shoulder": {
					"rotation": [-47.25471, -5.52235, -5.08269]
				},
				"right_upper_arm": {
					"rotation": [13.85738, 1.78966, -53.54717]
				},
				"right_hand": {
					"rotation": [-5, 0, -10]
				},
				"right_axe": {
					"rotation": [2.46207, 0.43399, 0.00933]
				},
				"left_shoulder": {
					"rotation": [-47.25471, 5.52235, 5.08269]
				},
				"right_lower_arm": {
					"rotation": [15.418, -74.05376, 50.90146]
				},
				"left_upper_arm": {
					"rotation": [13.85738, -1.78966, 53.54717]
				},
				"left_lower_arm": {
					"rotation": [15.418, 74.05376, -50.90146]
				},
				"left_hand": {
					"rotation": [-5, 0, 10]
				},
				"left_axe": {
					"rotation": [2.46207, -0.43399, -0.00933]
				},
				"right_cheek_spike": {
					"rotation": [0, 0, 0]
				}
			}
		},
		"animation.kleavor.pose": {
			"loop": true,
			"bones": {
				"body": {
					"position": [0, -1, 0]
				},
				"abdomen": {
					"rotation": [0, 0, 5]
				},
				"lower_spine": {
					"rotation": [-0.22395, -5.32152, 2.48933]
				},
				"spine": {
					"rotation": [4.60175, -6.25847, 3.28802]
				},
				"upper_spine": {
					"rotation": [5.39651, -3.24452, -6.28106]
				},
				"thorax": {
					"rotation": [0.74903, -3.62651, -9.93367]
				},
				"neck": {
					"rotation": [7.99582, 3.23458, 9.78907]
				},
				"head": {
					"rotation": [-11.23219, 9.71419, -20.05435]
				},
				"right_brow": {
					"rotation": [0, 0, 0]
				},
				"jaw": {
					"rotation": [0, 0, 0]
				},
				"left_eye": {
					"position": [0, 0, 0]
				},
				"right_eye": {
					"position": [0, 0, 0]
				},
				"right_arm_spikes": {
					"rotation": [0, -5, 0]
				},
				"right_shoulder": {
					"rotation": [-48.18385, -8.40819, 9.28293]
				},
				"right_upper_arm": {
					"rotation": [-33.89017, -26.29624, -47.31464]
				},
				"right_lower_arm": {
					"rotation": [76.02802, -51.72598, 8.97369]
				},
				"right_hand": {
					"rotation": [0.00474, 2.71782, -7.50929]
				},
				"right_axe": {
					"rotation": [2.49762, 0.10901, 7.50238]
				},
				"left_shoulder": {
					"rotation": [-47.25471, 5.52235, 5.08269]
				},
				"left_upper_arm": {
					"rotation": [15.79343, -28.41095, 46.32394]
				},
				"left_lower_arm": {
					"rotation": [-77.76772, 52.44075, -153.36464]
				},
				"left_hand": {
					"rotation": [-2.49762, 0.10901, 12.49762]
				},
				"left_axe": {
					"rotation": [2.44081, -0.54094, 2.48848]
				},
				"left_wing": {
					"rotation": [0.63533, 1.14491, 2.19489]
				},
				"right_wing": {
					"rotation": [0.63533, -1.14491, -2.19489]
				},
				"left_upper_leg": {
					"rotation": [28.38084, -13.4702, -6.18061]
				},
				"left_lower_leg": {
					"rotation": [-7.88735, 5.46857, 1.01759]
				},
				"left_foot": {
					"rotation": [-27.5, 0, 0]
				},
				"left_toes": {
					"rotation": [7.5, 0, 0]
				},
				"right_upper_leg": {
					"rotation": [6.4951, 23.96771, 7.30856]
				},
				"right_lower_leg": {
					"rotation": [2.0208, 4.44406, -9.03077]
				},
				"right_foot": {
					"rotation": [-15, 0, 0]
				},
				"right_toes": {
					"rotation": [7.5, 0, 0]
				}
			}
		},
		"animation.kleavor.blink": {
			"animation_length": 0.16667,
			"bones": {
				"closed": {
					"position": {
						"0.0": [0, 0, -0.1],
						"0.125": [0, 0, -0.1],
						"0.1667": [0, 0, 0]
					}
				}
			}
		},
		"animation.kleavor.ground_walk": {
			"loop": true,
			"bones": {
				"body": {
					"position": [0, -1, 0]
				},
				"head": {
					"rotation": ["-12.5-math.sin(q.anim_time*90*16-45)*2", 0, 0]
				},
				"left_brow": {
					"rotation": [0, 0, 0]
				},
				"jaw": {
					"rotation": [0, 0, 0]
				},
				"right_brow": {
					"rotation": [0, 0, 0]
				},
				"left_eye": {
					"position": [0, 0, 0]
				},
				"abdomen": {
					"rotation": ["0+math.sin(q.anim_time*90*16-45)*1", 0, 0]
				},
				"spine": {
					"rotation": [5, 0, 0]
				},
				"neck": {
					"rotation": [7.5, 0, 0]
				},
				"upper_spine": {
					"rotation": [5, 0, 0]
				},
				"right_eye": {
					"position": [0, 0, 0]
				},
				"left_upper_leg": {
					"rotation": ["5.2531-math.sin(q.anim_time*90*8-135)*32", -9.53274, -3.03513]
				},
				"left_lower_leg": {
					"rotation": [9.61265, 5.46857, 1.01759]
				},
				"left_foot": {
					"rotation": [-22.5, 0, 0]
				},
				"left_toes": {
					"rotation": [7.5, 0, 0]
				},
				"right_upper_leg": {
					"rotation": ["5.2531+math.sin(q.anim_time*90*8-135)*32", 9.53274, 3.03513]
				},
				"right_lower_leg": {
					"rotation": [9.61265, -5.46857, -1.01759]
				},
				"right_foot": {
					"rotation": [-22.5, 0, 0]
				},
				"right_toes": {
					"rotation": [7.5, 0, 0]
				},
				"right_shoulder": {
					"rotation": ["-47.2547-math.sin(q.anim_time*90*8-135)*32", -5.52235, -5.08269]
				},
				"right_upper_arm": {
					"rotation": [13.85738, 1.78966, -53.54717]
				},
				"right_hand": {
					"rotation": [-5, 0, -10]
				},
				"right_axe": {
					"rotation": [2.46207, 0.43399, 0.00933]
				},
				"left_shoulder": {
					"rotation": ["-47.2547+math.sin(q.anim_time*90*8-135)*32", 5.52235, 5.08269]
				},
				"right_lower_arm": {
					"rotation": [15.418, -74.05376, "50.9015+math.sin(q.anim_time*90*16-45)*5"]
				},
				"left_upper_arm": {
					"rotation": [13.85738, -1.78966, "53.5472-math.sin(q.anim_time*90*16-45)*5"]
				},
				"left_lower_arm": {
					"rotation": [15.418, 74.05376, -50.90146]
				},
				"left_hand": {
					"rotation": [-5, 0, 10]
				},
				"left_axe": {
					"rotation": [2.46207, -0.43399, -0.00933]
				},
				"right_cheek_spike": {
					"rotation": [0, 0, 0]
				}
			}
		}
	}
}