{
	"format_version": "1.8.0",
	"animations": {
		"animation.lampent.idle": {
			"loop": true,
			"bones": {
				"swing": {
					"rotation": ["2.5*math.sin(q.anim_time*90*0.75)", 0, "2.5*math.sin(q.anim_time*90*0.75+90)"],
					"position": [0, "5+math.sin(q.anim_time*90*0.375-90) -0.375", 0]
				},
				"flame": {
					"rotation": [
						"6*math.sin(q.anim_time*3*90)*math.sin(q.anim_time*90-90)",
						"math.sin(q.anim_time) * 0.2*math.sin(q.anim_time*90) + (0.8*90*((q.anim_time) + 0.2*math.sin(q.anim_time*90)))",
						"6*math.sin(q.anim_time*90-90)*math.sin(q.anim_time*3*90-90)"
					]
				},
				"arm_left": {
					"rotation": ["5 + 5*math.sin(q.anim_time*90*0.75-90)", 0, "5 + 5*math.sin(q.anim_time*90*0.375)"]
				},
				"arm_left2": {
					"rotation": [0, 0, "10 + 5*math.sin(q.anim_time*90*0.375+90)"]
				},
				"arm_left3": {
					"rotation": [0, 0, "10 + 5*math.sin(q.anim_time*90*0.375+180)"]
				},
				"arm_left4": {
					"rotation": [0, 0, "52.5 + 5*math.sin(q.anim_time*90*0.375+270)"]
				},
				"arm_left5": {
					"rotation": [0, 0, "65 + 5*math.sin(q.anim_time*90*0.375+360)"]
				},
				"arm_left6": {
					"rotation": [0, 0, "75 + 5*math.sin(q.anim_time*90*0.375+450)"]
				},
				"arm_right": {
					"rotation": ["5 + 5*math.sin(q.anim_time*90*0.75-90)", 0, "-5 - 5*math.sin(q.anim_time*90*0.375)"]
				},
				"arm_right2": {
					"rotation": [0, 0, "-10 - 5*math.sin(q.anim_time*90*0.375+90)"]
				},
				"arm_right3": {
					"rotation": [0, 0, "-10 - 5*math.sin(q.anim_time*90*0.375+180)"]
				},
				"arm_right4": {
					"rotation": [0, 0, "-52.5 - 5*math.sin(q.anim_time*90*0.375+270)"]
				},
				"arm_right5": {
					"rotation": [0, 0, "-65 - 5*math.sin(q.anim_time*90*0.375+360)"]
				},
				"arm_right6": {
					"rotation": [0, 0, "-75 - 5*math.sin(q.anim_time*90*0.375+450)"]
				},
				"eyelid_left": {
					"scale": 0
				},
				"eyelid_right": {
					"scale": 0
				},
				"body": {
					"position": [0, 5, 0]
				}
			}
		},
		"animation.lampent.pose": {
			"loop": true,
			"bones": {
				"body": {
					"rotation": [0, 35, 7.5]
				},
				"head": {
					"rotation": [10, 30, 0]
				},
				"arm_left": {
					"rotation": [0, 0, 17.5]
				},
				"arm_left2": {
					"rotation": [0, 0, 20]
				},
				"arm_left3": {
					"rotation": [0, 0, 25]
				},
				"arm_left4": {
					"rotation": [0, 0, 40]
				},
				"arm_left5": {
					"rotation": [0, 0, 47.5]
				},
				"arm_left6": {
					"rotation": [0, 0, 57.5]
				},
				"arm_right": {
					"rotation": [10, 0, 5]
				},
				"arm_right2": {
					"rotation": [0, 0, 7.5]
				},
				"arm_right3": {
					"rotation": [0, 0, 10]
				},
				"arm_right4": {
					"rotation": [0, 0, 5]
				},
				"arm_right5": {
					"rotation": [0, 0, 12.5]
				},
				"arm_right6": {
					"rotation": [0, 0, 20]
				}
			}
		},
		"animation.lampent.blink": {
			"animation_length": 0.16667,
			"bones": {
				"eye_left": {
					"scale": {
						"0.0": [0, 0, 0],
						"0.125": [0, 0, 0],
						"0.1667": [1, 1, 1]
					}
				},
				"eye_right": {
					"scale": {
						"0.0": [0, 0, 0],
						"0.125": [0, 0, 0],
						"0.1667": [1, 1, 1]
					}
				},
				"eyelid_left": {
					"scale": {
						"0.0": [1, 1, 1],
						"0.125": [1, 1, 1],
						"0.1667": [1, 1, 1]
					}
				},
				"eyelid_right": {
					"scale": {
						"0.0": [1, 1, 1],
						"0.125": [1, 1, 1],
						"0.1667": [1, 1, 1]
					}
				}
			}
		}
	}
}