{
	"format_version": "1.8.0",
	"animations": {
		"animation.lucario_mega.ground_idle": {
			"loop": true,
			"bones": {
				"arm_left": {
					"rotation": [4.3361, -11.73507, 52.05418]
				},
				"arm_left2": {
					"rotation": [0, 17.5, 0]
				},
				"hand_left": {
					"rotation": [0, 0, 12.5]
				},
				"figner_front_left": {
					"rotation": [0, 0, 20]
				},
				"figner_back_left": {
					"rotation": [0, 0, 12.5]
				},
				"head": {
					"rotation": [5, 0, 0]
				},
				"dread_left": {
					"rotation": [-45.48718, 4.34972, -7.43536],
					"position": [0, 0, 0]
				},
				"dread_left2": {
					"rotation": [-7.5, 0, 0]
				},
				"dread_back_left": {
					"rotation": [-34, 0, 0]
				},
				"dread_back_left2": {
					"rotation": [-10, 0, 0]
				},
				"dread_back_right": {
					"rotation": [-34.75, 0, 0]
				},
				"dread_back_right2": {
					"rotation": [-10, 0, 0]
				},
				"leg_left": {
					"rotation": [5, -5, 0]
				},
				"leg_left2": {
					"rotation": [0, -7.5, 0]
				},
				"leg_left4": {
					"rotation": [7.5, 0, 0]
				},
				"foot_left": {
					"rotation": [12.5, 0, 0]
				},
				"foot_left2": {
					"rotation": [-10, 0, 0]
				},
				"leg_right": {
					"rotation": [0, 5, 0]
				},
				"figner_center_left": {
					"rotation": [0, 0, 5]
				},
				"shoulder_left": {
					"rotation": [0, 0, 10]
				},
				"dread_right": {
					"rotation": [-38.98718, -4.34972, 7.43536]
				},
				"dread_right2": {
					"rotation": [-7.5, 0, 0]
				},
				"shoulder_right": {
					"rotation": [0, 0, -10]
				},
				"arm_right": {
					"rotation": [0, 10, -52.5]
				},
				"arm_right2": {
					"rotation": [0, -17.5, 0]
				},
				"hand_right": {
					"rotation": [0, 0, -10]
				},
				"figner_front_right": {
					"rotation": [0, 0, -22.5]
				},
				"figner_center_right": {
					"rotation": [0, 0, -10]
				},
				"figner_back_right": {
					"rotation": [0, 0, -27.5]
				},
				"tail": {
					"rotation": [-25, 0, 0]
				},
				"tail2": {
					"rotation": [32.5, 0, 0]
				},
				"tail3": {
					"rotation": [27.5, 0, 0]
				},
				"crotch_fur": {
					"rotation": [-15, 0, 0]
				},
				"foot_right": {
					"rotation": [15, 0, 0]
				},
				"foot_right2": {
					"rotation": [15, 0, 0]
				},
				"foot_right3": {
					"rotation": [-27.5, 0, 0]
				},
				"foot_left3": {
					"rotation": [-20, 0, 0]
				},
				"tail6": {
					"rotation": [17, 0, 0]
				},
				"tail4": {
					"rotation": [7.25, 0, 0]
				},
				"tail5": {
					"rotation": [-7.25, 0, 0]
				},
				"dread_right4": {
					"rotation": [-20, 0, 0]
				},
				"dread_right3": {
					"rotation": [-17.75, 0, 0]
				},
				"dread_left3": {
					"rotation": [-17.25, 0, 0]
				},
				"dread_back_left3": {
					"rotation": [-28.75, 0, 0]
				},
				"dread_back_right3": {
					"rotation": [-21.25, 0, 0]
				},
				"dread_left4": {
					"rotation": [-13.75, 0, 0]
				}
			}
		},
		"animation.lucario.blink": {
			"animation_length": 0.16667,
			"bones": {
				"eyelid_left": {
					"position": {
						"0.0": [0.1, 0, -0.1],
						"0.125": [0.1, 0, -0.1],
						"0.1667": [0, 0, 0]
					}
				},
				"eyelid_right": {
					"position": {
						"0.0": [-0.1, 0, -0.1],
						"0.125": [-0.1, 0, -0.1],
						"0.1667": [0, 0, 0]
					}
				}
			}
		},
		"animation.lucario.cute": {
			"loop": true,
			"bones": {
				"eyelid_cute_left": {
					"position": [0.1, 0, -0.1]
				},
				"eyelid_cute_right": {
					"position": [-0.1, 0, -0.1]
				},
				"jaw": {
					"rotation": [90, 0, 0],
					"position": [0, 0.25, 0]
				}
			}
		},
		"animation.lucario_mega.ground_walk": {
			"loop": true,
			"bones": {
				"arm_left": {
					"rotation": [4.3361, -11.73507, 52.05418]
				},
				"arm_left2": {
					"rotation": [0, 17.5, 0]
				},
				"hand_left": {
					"rotation": [0, 0, 12.5]
				},
				"figner_front_left": {
					"rotation": [0, 0, 20]
				},
				"figner_back_left": {
					"rotation": [0, 0, 12.5]
				},
				"head": {
					"rotation": [5, 0, 0]
				},
				"dread_left": {
					"rotation": [-45.48718, 4.34972, -7.43536],
					"position": [0, 0, 0]
				},
				"dread_left2": {
					"rotation": [-7.5, 0, 0]
				},
				"dread_back_left": {
					"rotation": [-34, 0, 0]
				},
				"dread_back_left2": {
					"rotation": [-10, 0, 0]
				},
				"dread_back_right": {
					"rotation": [-34.75, 0, 0]
				},
				"dread_back_right2": {
					"rotation": [-10, 0, 0]
				},
				"leg_left": {
					"rotation": [5, -5, 0]
				},
				"leg_left2": {
					"rotation": [0, -7.5, 0]
				},
				"leg_left4": {
					"rotation": [7.5, 0, 0]
				},
				"foot_left": {
					"rotation": [12.5, 0, 0]
				},
				"foot_left2": {
					"rotation": [-10, 0, 0]
				},
				"leg_right": {
					"rotation": [0, 5, 0]
				},
				"figner_center_left": {
					"rotation": [0, 0, 5]
				},
				"shoulder_left": {
					"rotation": [0, 0, 10]
				},
				"dread_right": {
					"rotation": [-38.98718, -4.34972, 7.43536]
				},
				"dread_right2": {
					"rotation": [-7.5, 0, 0]
				},
				"shoulder_right": {
					"rotation": [0, 0, -10]
				},
				"arm_right": {
					"rotation": [0, 10, -52.5]
				},
				"arm_right2": {
					"rotation": [0, -17.5, 0]
				},
				"hand_right": {
					"rotation": [0, 0, -10]
				},
				"figner_front_right": {
					"rotation": [0, 0, -22.5]
				},
				"figner_center_right": {
					"rotation": [0, 0, -10]
				},
				"figner_back_right": {
					"rotation": [0, 0, -27.5]
				},
				"tail": {
					"rotation": [-25, 0, 0]
				},
				"tail2": {
					"rotation": [32.5, 0, 0]
				},
				"tail3": {
					"rotation": [27.5, 0, 0]
				},
				"crotch_fur": {
					"rotation": [-15, 0, 0]
				},
				"foot_right": {
					"rotation": [15, 0, 0]
				},
				"foot_right2": {
					"rotation": [15, 0, 0]
				},
				"foot_right3": {
					"rotation": [-27.5, 0, 0]
				},
				"foot_left3": {
					"rotation": [-20, 0, 0]
				},
				"tail6": {
					"rotation": [17, 0, 0]
				},
				"tail4": {
					"rotation": [7.25, 0, 0]
				},
				"tail5": {
					"rotation": [-7.25, 0, 0]
				},
				"dread_right4": {
					"rotation": [-20, 0, 0]
				},
				"dread_right3": {
					"rotation": [-17.75, 0, 0]
				},
				"dread_left3": {
					"rotation": [-17.25, 0, 0]
				},
				"dread_back_left3": {
					"rotation": [-28.75, 0, 0]
				},
				"dread_back_right3": {
					"rotation": [-21.25, 0, 0]
				},
				"dread_left4": {
					"rotation": [-13.75, 0, 0]
				}
			}
		}
	}
}