{
	"format_version": "1.8.0",
	"animations": {
		"animation.miraidon.ground_idle": {
			"loop": true,
			"bones": {
				"head": {
					"rotation": ["7.5+1*math.sin(q.anim_time*90*2)", 0, 0]
				},
				"leg_left": {
					"rotation": [-25.18664, 9.76061, -2.18558]
				},
				"arm_left": {
					"rotation": [-32.5, 0, 47.5]
				},
				"arm_left_2": {
					"rotation": [-22.30739, 41.88901, -21.47469]
				},
				"hand_left": {
					"rotation": [0, 47.5, 0]
				},
				"torso": {
					"rotation": [-22.5, 0, 0]
				},
				"torso_2": {
					"rotation": [12.5, 0, 0]
				},
				"torso_3": {
					"rotation": [10, 0, 0]
				},
				"tail_1": {
					"rotation": ["-42.5+1*math.sin(q.anim_time*90*2)", 0, 0]
				},
				"tail_2": {
					"rotation": ["-57.5+1*math.sin(q.anim_time*90*2)", 0, 0]
				},
				"tail_3": {
					"rotation": ["-42.5+1*math.sin(q.anim_time*90*2)", 0, 0]
				},
				"tail_4": {
					"rotation": ["-52.5+1*math.sin(q.anim_time*90*2)", 0, "0+1*math.sin(q.anim_time*90*2)"]
				},
				"tail_5": {
					"rotation": [62.5, 0, "0+1*math.sin(q.anim_time*90*2)"]
				},
				"tail_6": {
					"rotation": [60, 0, 0]
				},
				"tail_7": {
					"rotation": [47.5, 0, 0]
				},
				"arm_right": {
					"rotation": [-33.40659, -12.60837, -39.30748],
					"position": [-2, -1, 0]
				},
				"arm_right_2": {
					"rotation": [0, -55, 0]
				},
				"hand_right": {
					"rotation": [0, -47.5, 0]
				},
				"leg_right": {
					"rotation": [-12.68664, -9.76061, 2.18558]
				},
				"body": {
					"rotation": ["1*math.sin(q.anim_time*90*1-60)", 0, "0.2*math.cos(q.anim_time*90*1-60)"],
					"position": [0, "23+0.6*math.cos(q.anim_time*90*1-210)", 0]
				},
				"neck_1": {
					"rotation": ["0+1*math.sin(q.anim_time*90*2)", 0, 0]
				}
			}
		},
		"animation.miraidon.ground_walk": {
			"loop": true,
			"bones": {
				"head": {
					"rotation": ["7.5+1*math.sin(q.anim_time*90*2)", 0, 0]
				},
				"leg_left": {
					"rotation": [-25.18664, 9.76061, -2.18558]
				},
				"arm_left": {
					"rotation": [-32.5, 0, 47.5]
				},
				"arm_left_2": {
					"rotation": [-22.30739, 41.88901, -21.47469]
				},
				"hand_left": {
					"rotation": [0, 47.5, 0]
				},
				"torso": {
					"rotation": [-22.5, 0, 0]
				},
				"torso_2": {
					"rotation": [12.5, 0, 0]
				},
				"torso_3": {
					"rotation": [10, 0, 0]
				},
				"tail_1": {
					"rotation": ["-20+1*math.sin(q.anim_time*90*2)", 0, 0]
				},
				"tail_2": {
					"rotation": ["20+1*math.sin(q.anim_time*90*2)", 0, 0]
				},
				"tail_3": {
					"rotation": ["5+1*math.sin(q.anim_time*90*2)", 0, 0]
				},
				"tail_4": {
					"rotation": ["-12.5+1*math.sin(q.anim_time*90*2)", 0, "0+1*math.sin(q.anim_time*90*2)"]
				},
				"tail_5": {
					"rotation": [-10, 0, "1*math.sin(q.anim_time*90*2)"]
				},
				"tail_6": {
					"rotation": [0, 0, 0]
				},
				"tail_7": {
					"rotation": [-5, 0, 0]
				},
				"arm_right": {
					"rotation": [-33.40659, -12.60837, -39.30748],
					"position": [-2, -1, 0]
				},
				"arm_right_2": {
					"rotation": [0, -55, 0]
				},
				"hand_right": {
					"rotation": [0, -47.5, 0]
				},
				"leg_right": {
					"rotation": [-12.68664, -9.76061, 2.18558]
				},
				"body": {
					"rotation": ["10+1*math.sin(q.anim_time*90*2-60)", 0, "0.2*math.cos(q.anim_time*90*3-60)"],
					"position": [0, "23+0.6*math.cos(q.anim_time*90*1-210)", "1*math.cos(q.anim_time*90*2-210)"]
				},
				"neck_1": {
					"rotation": ["0+1*math.sin(q.anim_time*90*2)", 0, 0]
				}
			}
		}
	}
}