{
	"format_version": "1.8.0",
	"animations": {
		"animation.pikachu.render": {
			"loop": true,
			"bones": {
				"body": {
					"rotation": [30, 0, 0],
					"position": [0, 3, 0]
				},
				"head": {
					"rotation": [-35, 0, 0],
					"position": [0, -0.43, -0.25]
				},
				"ear_left": {
					"rotation": [-25, 0, 15]
				},
				"ear_right": {
					"rotation": [0, 30, -5]
				},
				"arm_right": {
					"rotation": [-45, -50, 40],
					"position": [0, -0.43, -0.25]
				},
				"arm_left": {
					"rotation": [-45, 50, -40],
					"position": [0, -0.43, -0.25]
				},
				"tail": {
					"rotation": [-25, 40, 0]
				},
				"leg_right": {
					"rotation": [0, 0, 10],
					"position": [0, -1.36, 0.36]
				},
				"foot_right": {
					"rotation": [27.5, 3, -7],
					"position": [0, -0.25, 0]
				},
				"leg_left": {
					"rotation": [0, 0, -10],
					"position": [0, -1.36, 0.36]
				},
				"foot_left": {
					"rotation": [25, -1.85, 6.85],
					"position": [0, -0.25, 0]
				},
				"mouth_closed": {
					"position": [0, 0, 0.1]
				},
				"mouth_open": {
					"rotation": [-25, 0, 180],
					"position": [0, -0.9, 0]
				}
			}
		}
	}
}