{
	"format_version": "1.8.0",
	"animations": {
		"animation.raichu_alolan.ground_idle": {
			"loop": true,
			"bones": {
				"body": {
					"rotation": ["2.5-1.5*math.sin(q.anim_time*90*2-40)*2", "0+0.5*math.sin(q.anim_time*90)*4", 0],
					"position": [0, "5+0.05*(math.sin(q.anim_time*90*3)*6)", 0]
				},
				"head": {
					"rotation": ["-10+math.sin(query.anim_time*90*2)*2", "math.sin(query.anim_time*90)*4", 0]
				},
				"ear_right": {
					"rotation": [0, 0, "math.sin(q.anim_time*90*2+90)*2"]
				},
				"ear_left": {
					"rotation": [0, 0, "-math.sin(q.anim_time*90*2+90)*2"]
				},
				"arm_right": {
					"rotation": [62.5, -47.75, -121],
					"position": [-1, 0, 0.5]
				},
				"arm_left": {
					"rotation": [62.5, 47.75, 121],
					"position": [1, 0, 0.5]
				},
				"leg_right": {
					"rotation": [17.5, 8.7, -7.37],
					"position": [0, 0, 0]
				},
				"leg_left": {
					"rotation": [30, -3.15, 5.9],
					"position": [0, 0, -0.225]
				},
				"foot_right": {
					"rotation": ["28.8+1*math.sin(q.anim_time*90*2-40)*2", "8-1*math.sin(q.anim_time*90*2-40)*2", 6]
				},
				"foot_left": {
					"rotation": ["-1*math.sin(q.anim_time*90*2-40)*2", "-10.15-1*math.sin(q.anim_time*90*2-40)*2", -2.85]
				},
				"toes_right": {
					"rotation": [-26, 0, -1]
				},
				"toes_left": {
					"rotation": [-15, -1.7, -6],
					"position": [0, -0.075, 0]
				},
				"tail": {
					"rotation": [46.37, 2.6, "-101.1-1*math.sin(q.anim_time*90*2-40)*2"],
					"position": [0, -0.75, 0]
				},
				"tail_2": {
					"rotation": [20, -5.75, -4.25]
				},
				"tail_3": {
					"rotation": [38.25, 1.835, -4.38]
				},
				"tail_4": {
					"rotation": [37, 7, -7]
				},
				"tail_5": {
					"rotation": [44.3, 2.5, -10.85]
				},
				"tail_6": {
					"rotation": [44.35, 5.1, -2.5]
				},
				"tail_7": {
					"rotation": [33.48, -0.05, 12.32]
				}
			}
		},
		"animation.raichu_alolan.ground_walk": {
			"loop": true,
			"bones": {
				"body": {
					"rotation": ["-2.5+1.5*math.sin(q.anim_time*90*2-40)*2", "65.5+0.5*math.sin(q.anim_time*90)*4", -1.5],
					"position": [0, "5+0.05*(math.sin(q.anim_time*90*3)*6)", "0.5*math.sin(q.anim_time*90*2-40)*2"]
				},
				"head": {
					"rotation": ["-4.5+math.sin(query.anim_time*90*2)*2", "-40.5+math.sin(query.anim_time*90)*4", -4.5],
					"position": [0, 0.3, 0]
				},
				"ear_right": {
					"rotation": [0, 0, "math.sin(q.anim_time*90*2+90)*2"]
				},
				"ear_left": {
					"rotation": [0, 0, "-math.sin(q.anim_time*90*2+90)*2"]
				},
				"arm_right": {
					"rotation": ["2.5+math.sin(q.anim_time*90*1.5)*2", "-1.75+math.sin(q.anim_time*90*1.5)*3", "-4+math.sin(q.anim_time*90*1.5-30)*2"],
					"position": [0.1, -0.55, 0.5]
				},
				"arm_left": {
					"rotation": ["2.5+math.sin(q.anim_time*90*1.5)*2", "1.6+math.sin(q.anim_time*90*1.5)*3", "6.5-math.sin(q.anim_time*90*1.5-30)*2"],
					"position": [-0.3, -0.55, 0.5]
				},
				"leg_right": {
					"rotation": [17.5, 8.7, -7.37],
					"position": [0, 0, 0]
				},
				"leg_left": {
					"rotation": [30, -3.15, 5.9],
					"position": [0, 0, -0.225]
				},
				"foot_right": {
					"rotation": ["28.8+1*math.sin(q.anim_time*90*2.5-40)*2", "8-1*math.sin(q.anim_time*90*2.5-40)*2", 6]
				},
				"foot_left": {
					"rotation": ["-1*math.sin(q.anim_time*90*2.5-40)*2", "-10.15-1*math.sin(q.anim_time*90*2.5-40)*2", -2.85]
				},
				"toes_right": {
					"rotation": [-26, 0, -1]
				},
				"toes_left": {
					"rotation": [-15, -1.7, -6]
				},
				"tail": {
					"rotation": [46.37, 2.6, "-101.1-1*math.sin(q.anim_time*90*2.5-40)*2"],
					"position": [0, -0.75, 0]
				},
				"tail_2": {
					"rotation": [20, -5.75, -4.25]
				},
				"tail_3": {
					"rotation": [38.25, 1.835, -4.38]
				},
				"tail_4": {
					"rotation": [37, 7, -7]
				},
				"tail_5": {
					"rotation": [44.3, 2.5, -10.85]
				},
				"tail_6": {
					"rotation": [44.35, 5.1, -2.5]
				},
				"tail_7": {
					"rotation": [33.48, -0.05, 12.32]
				}
			}
		},
		"animation.raichu_alolan.ground_sleep": {
			"loop": true,
			"bones": {
				"body": {
					"rotation": ["90+0.5*math.sin(q.anim_time*90+60)*2", "12+0.5*math.sin(q.anim_time*90)*4", "60+0.25*(math.sin(q.anim_time*90)*6)"],
					"position": [0, "0.05*(math.sin(q.anim_time*90)*6)", 2]
				},
				"torso": {
					"rotation": ["-1.3+math.sin(query.anim_time*90*0.5)*1.5", 0.57, 6.5]
				},
				"head": {
					"rotation": ["10.9+math.sin(query.anim_time*90)*1.5", 20.28, 17],
					"position": [-0.73, 0.44, -0.59]
				},
				"eye_right": {
					"rotation": [0, 0, -10]
				},
				"eye_left": {
					"rotation": [0, 0, 10]
				},
				"eyelid_right": {
					"position": [0, 0, -0.1]
				},
				"eyelid_left": {
					"position": [0, 0, -0.1]
				},
				"ear_right": {
					"rotation": [-30, 0, "math.sin(q.anim_time*90*2+90)*2"],
					"position": [0, 0, 0]
				},
				"ear_left": {
					"rotation": [-20.3, -21.5, "-3.7-math.sin(q.anim_time*90*2+90)*2"],
					"position": [0, 0, 0]
				},
				"arm_right": {
					"rotation": [57.9, "-73+0.5*math.sin(query.anim_time*90)*3", -121],
					"position": [0, -0.5, 0]
				},
				"arm_left": {
					"rotation": [-88.2, "64.154-0.5*math.sin(query.anim_time*90)*3", -164.6],
					"position": [-1, 0.18, -0.85]
				},
				"leg_right": {
					"rotation": [-22.66, -0.675, -19.8],
					"position": [0.15, -1.03, 0.5]
				},
				"leg_left": {
					"rotation": ["-84-0.25*(math.sin(q.anim_time*90)*6)", 30, 13],
					"position": [-0.5, -0.84, -0.72]
				},
				"foot_right": {
					"rotation": [36.7, 9.5, "-17.6+0.25*(math.sin(q.anim_time*90)*6)"],
					"position": [0.25, 0.3, -0.4]
				},
				"foot_left": {
					"rotation": [54.4, 20.4, -4.92],
					"position": [0, 0.5, -0.75]
				},
				"toes_left": {
					"rotation": ["-1.21+1*(math.sin(q.anim_time*90+60)*6)", -10, 3],
					"position": [0, 0, 0.2]
				},
				"toes_right": {
					"rotation": ["-11+1.5*(math.sin(q.anim_time*90+80)*6)", 0, 0]
				},
				"tail": {
					"rotation": [-114.75, 46.5, -12.3],
					"position": [0, 0, -0.65]
				},
				"tail_2": {
					"rotation": [-33.45, 14.25, -19.12],
					"position": [0.11, -0.1, -0.47]
				},
				"tail_3": {
					"rotation": [43.18, -1.35, 4.5]
				},
				"tail_4": {
					"rotation": [73.3, -7.8, 15.54]
				},
				"tail_5": {
					"rotation": [71.6, -3.6, 14.5]
				},
				"tail_6": {
					"rotation": [40.5, 0.45, 11.8]
				},
				"tail_7": {
					"rotation": [-5, -4.15, 6.6]
				}
			}
		},
		"animation.raichu.cry": {
			"animation_length": 1.15,
			"bones": {
				"head": {
					"rotation": {
						"0.0": {
							"post": [0, 0, 0],
							"lerp_mode": "catmullrom"
						},
						"0.25": {
							"post": [-15, 0, 0],
							"lerp_mode": "catmullrom"
						},
						"0.7": {
							"post": [-15, 0, 0],
							"lerp_mode": "catmullrom"
						},
						"1.15": {
							"post": [0, 0, 0],
							"lerp_mode": "catmullrom"
						}
					}
				},
				"mouth_closed": {
					"position": {
						"0.0": {
							"post": [0, 0, 0],
							"lerp_mode": "catmullrom"
						},
						"0.2": {
							"post": [0, 0, 0],
							"lerp_mode": "catmullrom"
						},
						"0.25": {
							"post": [0, 0, 0.2],
							"lerp_mode": "catmullrom"
						},
						"0.7": {
							"post": [0, 0, 0.2],
							"lerp_mode": "catmullrom"
						},
						"0.75": {
							"post": [0, 0, 0],
							"lerp_mode": "catmullrom"
						},
						"1.15": {
							"post": [0, 0, 0],
							"lerp_mode": "catmullrom"
						}
					}
				},
				"mouth_open": {
					"position": {
						"0.0": {
							"post": [0, 0, 0],
							"lerp_mode": "catmullrom"
						},
						"0.2": {
							"post": [0, 0, -0.2],
							"lerp_mode": "catmullrom"
						},
						"0.75": {
							"post": [0, 0, -0.2],
							"lerp_mode": "catmullrom"
						},
						"1.15": {
							"post": [0, 0, 0],
							"lerp_mode": "catmullrom"
						}
					}
				}
			},
			"sound_effects": {
				"0.15": {
					"effect": "pokemon.raichu.cry"
				}
			}
		},
		"animation.raichu_alolan.render": {
			"loop": true,
			"bones": {
				"body": {
					"rotation": [5, 0, 0],
					"position": [0, 4, 0]
				},
				"head": {
					"rotation": [-20.15, 7, -2.5]
				},
				"ear_right": {
					"rotation": [1, -14.45, -4]
				},
				"arm_right": {
					"rotation": [-12, -13.5, -10],
					"position": [0, -0.7, 1]
				},
				"arm_left": {
					"rotation": [12.45, 1, 5],
					"position": [0, -0.7, 1]
				},
				"leg_right": {
					"rotation": [17.5, 8.7, -7.37],
					"position": [0, 0, 0]
				},
				"foot_right": {
					"rotation": [28.8, 8, 6]
				},
				"toes_right": {
					"rotation": [-26.2, 1, 1.25]
				},
				"leg_left": {
					"rotation": [30, -3.15, 5.9],
					"position": [0, 0, -0.225]
				},
				"foot_left": {
					"rotation": [0, -10.15, -2.85]
				},
				"toes_left": {
					"rotation": [-15.15, -0.4, -1.35]
				},
				"tail": {
					"rotation": [46.37, 2.6, -101.1],
					"position": [0, -0.75, 0]
				},
				"tail_2": {
					"rotation": [20, -5.75, -4.25]
				},
				"tail_3": {
					"rotation": [38.25, 1.835, -4.38]
				},
				"tail_4": {
					"rotation": [37, 7, -7]
				},
				"tail_5": {
					"rotation": [44.3, 2.5, -10.85]
				},
				"tail_6": {
					"rotation": [44.35, 5.1, -2.5]
				},
				"tail_7": {
					"rotation": [33.48, -0.05, 12.32]
				}
			}
		}
	}
}