{
	"format_version": "1.8.0",
	"animations": {
		"animation.roaringmoon.ground_walk": {
			"loop": true,
			"bones": {
				"tail": {
					"rotation": [-5, "0+5*math.sin(q.anim_time*90*1-60)", 0]
				},
				"tail2": {
					"rotation": [-22.5, "0+5*math.sin(q.anim_time*90*1-60)", 0]
				},
				"tail3": {
					"rotation": [-20, "0+5*math.sin(q.anim_time*90*1-60)", 0]
				},
				"neck2": {
					"rotation": [15, 0, 0]
				},
				"head": {
					"rotation": ["27.5+1*math.sin(q.anim_time*90*1-60)", 0, 0]
				},
				"tail4": {
					"rotation": [25, "0+5*math.sin(q.anim_time*90*1-60)", 0]
				},
				"tail5": {
					"rotation": [10, "0+5*math.sin(q.anim_time*90*1-60)", 0]
				},
				"left_arm": {
					"rotation": ["3.1709+5*math.sin(q.anim_time*90*1-60)", -19.72335, "39.3816+5*math.sin(q.anim_time*90*1-60)"]
				},
				"left_forearm": {
					"rotation": ["0+5*math.sin(q.anim_time*90*1-60)", 7.5, "27.5+5*math.sin(q.anim_time*90*1-60)"]
				},
				"body": {
					"rotation": ["-32.5+1*math.sin(q.anim_time*90*1-60)", 0, "0.2*math.cos(q.anim_time*90*1-60)"],
					"position": [0, "36.9+1*math.cos(q.anim_time*90*1-210)", 0]
				},
				"neck": {
					"rotation": ["17.5+5*math.sin(q.anim_time*90*1-60)", 0, 0]
				},
				"left_leg": {
					"rotation": ["0+5*math.sin(q.anim_time*90*1-60)", -42.5, "-27.5+5*math.sin(q.anim_time*90*1-60)"]
				},
				"left_leg2": {
					"rotation": ["0+5*math.sin(q.anim_time*90*1-60)", -15, "17.5+5*math.sin(q.anim_time*90*1-60)"]
				},
				"front_toes": {
					"rotation": [0, -35, 0]
				},
				"toes": {
					"rotation": [0, -20, 0]
				},
				"jaw": {
					"rotation": [5, 0, 0]
				},
				"right_arm": {
					"rotation": ["3.1709-5*math.sin(q.anim_time*90*1-60)", 19.72335, "-39.3816-5*math.sin(q.anim_time*90*1-60)"]
				},
				"right_forearm": {
					"rotation": ["0-5*math.sin(q.anim_time*90*1-60)", -7.5, "-27.5-5*math.sin(q.anim_time*90*1-60)"]
				},
				"front_toes2": {
					"rotation": [0, 35, 0]
				},
				"right_leg": {
					"rotation": ["0-5*math.sin(q.anim_time*90*1-60)", 42.5, "27.5-5*math.sin(q.anim_time*90*1-60)"]
				},
				"right_leg2": {
					"rotation": ["0-5*math.sin(q.anim_time*90*1-60)", 15, "-17.5-5*math.sin(q.anim_time*90*1-60)"]
				}
			}
		},
		"animation.roaringmoon.ground_idle": {
			"loop": true,
			"bones": {
				"neck2": {
					"rotation": [7.5, 0, 0]
				},
				"head": {
					"rotation": ["22.5-math.sin(q.anim_time*90*1)*1", 0, 0]
				},
				"left_arm": {
					"rotation": [-0.55404, 12.48791, 39.93938],
					"position": [1, 0, 1]
				},
				"left_forearm": {
					"rotation": [-3.30295, -16.77789, 53.26637]
				},
				"body": {
					"position": [0, -2, 0]
				},
				"torso": {
					"rotation": [-10, 0, 0]
				},
				"left_leg": {
					"rotation": [-4.11405, 22.13991, -10.80524],
					"position": [0.4, 0.6, 0]
				},
				"left_leg2": {
					"rotation": [-3.48303, -24.77164, 8.26511],
					"position": [0, 0.1, 0]
				},
				"jaw": {
					"rotation": [10, 0, 0]
				},
				"chest": {
					"rotation": [2.5, 0, 0]
				},
				"tail": {
					"rotation": [-10, "0-math.sin(q.anim_time*90*2)*2", 0]
				},
				"tail2": {
					"rotation": [5, "0-math.sin(q.anim_time*90*2)*2", 0]
				},
				"tail3": {
					"rotation": [10, "0-math.sin(q.anim_time*90*2)*2", 0]
				},
				"tail4": {
					"rotation": [7.5, "0-math.sin(q.anim_time*90*2)*2", 0]
				},
				"tail5": {
					"rotation": [10, "0-math.sin(q.anim_time*90*2)*2", 0]
				},
				"toes": {
					"rotation": [0, 5, 0]
				},
				"right_arm": {
					"rotation": [-0.55404, -12.48791, -39.93938],
					"position": [1, 0, 1]
				},
				"right_forearm": {
					"rotation": [-3.30295, 16.77789, -53.26637]
				},
				"right_leg": {
					"rotation": [-4.11405, -22.13991, 10.80524],
					"position": [-0.4, 0.6, 0]
				},
				"right_leg2": {
					"rotation": [-3.48303, 24.77164, -8.26511],
					"position": [0, 0.1, 0]
				},
				"neck": {
					"rotation": ["0-math.sin(q.anim_time*90*1)*2", 0, 0]
				},
				"wings": {
					"rotation": ["0-math.sin(q.anim_time*90*1)*0.3", 0, 0],
					"position": [0, "0+0.3", 0]
				}
			}
		}
	}
}