{
	"format_version": "1.8.0",
	"animations": {
		"animation.swampert_mega.ground_idle": {
			"loop": true,
			"bones": {
				"torso": {
					"rotation": [37.5, 0, 0],
					"position": [0, 1, 0]
				},
				"chest": {
					"rotation": [5, 0, 0]
				},
				"neck2": {
					"rotation": [-57.5, 0, 0]
				},
				"leg_left": {
					"rotation": [0, -15, -15]
				},
				"leg_left2": {
					"rotation": [5, 0, 12.5]
				},
				"neck": {
					"rotation": [22.5, 0, 0]
				},
				"foot_left2": {
					"rotation": [0, 0, 2.5]
				},
				"body": {
					"position": [0, -0.75, 0]
				},
				"leg_right": {
					"rotation": [0, 15, 15]
				},
				"leg_right2": {
					"rotation": [5, 0, -12.5]
				},
				"foot_right2": {
					"rotation": [0, 0, -2.5]
				},
				"ja": {
					"rotation": [22.5, 0, 0]
				},
				"left_arm": {
					"rotation": [31.80083, 37.50895, 37.44619]
				},
				"left_forearm": {
					"rotation": [-7.12284, 29.21893, -56.85885],
					"position": [0.75, 0, 1]
				},
				"right_arm": {
					"rotation": [31.80083, -37.50895, -37.44619]
				},
				"right_forearm": {
					"rotation": [-7.12284, -29.21893, 56.85885],
					"position": [-0.75, 0, 1]
				}
			}
		}
	}
}