{
	"format_version": "1.8.0",
	"animations": {
		"animation.ursaluna.ground_idle": {
			"loop": true,
			"bones": {
				"torso": {
					"rotation": [-5, 0, 0]
				},
				"shoulder_left": {
					"rotation": [0, -22.5, 52.5]
				},
				"arm_left": {
					"rotation": [10, 0, 20]
				},
				"spikes_torso_main": {
					"rotation": ["-7.5-math.sin(q.anim_time*90*2)*3", 0, 0]
				},
				"tail": {
					"rotation": [12.5, "0+Math.cos((query.anim_time-0.7) * 90 * 4) * 2", 0]
				},
				"arm_left2": {
					"rotation": [3.20462, 33.83204, 15.47261]
				},
				"hand_left": {
					"rotation": [-0.33692, -17.49026, 0.17248]
				},
				"leg_left_rotate": {
					"rotation": [0, -5, 0]
				},
				"thigh_left": {
					"rotation": [5, 0, 0]
				},
				"thumb_left": {
					"rotation": [-67.5, 0, 0]
				},
				"shoulder_right": {
					"rotation": [0, 22.5, -55]
				},
				"arm_right": {
					"rotation": [10, 0, -20]
				},
				"arm_right2": {
					"rotation": [3.2046, -33.832, -15.4726]
				},
				"hand_right": {
					"rotation": [-0.3369, 17.4903, -0.1725]
				},
				"thumb_right": {
					"rotation": [-67.5, 0, 0]
				},
				"leg_left": {
					"rotation": [10, 0, 0]
				},
				"foot_left": {
					"rotation": [-15, 0, 0]
				},
				"thigh_right": {
					"rotation": [5, 0, 0]
				},
				"leg_right": {
					"rotation": [10, 0, 0]
				},
				"foot_right": {
					"rotation": [-15, 0, 0]
				},
				"leg_right_rotate": {
					"rotation": [0, 5, 0]
				},
				"head": {
					"rotation": [10, 0, 0],
					"position": ["1", "math.sin(q.anim_time*90*2+180+50)*0.05", 0]
				},
				"spike_bottom_main": {
					"rotation": [10, 0, 0]
				},
				"eye_left": {
					"position": [0, 0, 0]
				},
				"hip": {
					"rotation": ["-5+math.sin(q.anim_time*90*2)*0.6", 0, "math.cos(q.anim_time*90*1)*-1"],
					"position": [0, "math.sin(q.anim_time*90*2)*-0.2", 0]
				},
				"jaw": {
					"rotation": ["22.5+math.sin(q.anim_time*90*2-60)*2", 0, 0]
				},
				"spike_right2": {
					"rotation": ["0-math.sin(q.anim_time*90*2)*2", 0, 0]
				},
				"spike_left": {
					"rotation": ["0-math.sin(q.anim_time*90*2)*2", 0, 0]
				},
				"spike_left4": {
					"rotation": ["0-math.sin(q.anim_time*90*2)*2", 0, 0]
				}
			}
		},
		"animation.ursaluna.ground_walk": {
			"loop": true,
			"bones": {
				"torso": {
					"rotation": [-5, 0, 0]
				},
				"shoulder_left": {
					"rotation": ["0-math.sin(q.anim_time*90*2-180)*10", "22.5+math.sin(q.anim_time*90*2-180)*8", 55],
					"position": {
						"0.0": ["0+math.cos(q.anim_time*90*2-180)*0.2", "0+math.clamp(math.cos(q.anim_time*90*2-180)*1.5,0,10)", "0-math.sin(q.anim_time*90*2-180)*0.8"],
						"0.5": ["0+math.cos(q.anim_time*90*2-180)*0.2", "math.clamp(math.cos(q.anim_time*90*2-180)*1.5,0,10)", "0-math.sin(q.anim_time*90*2-180)*0.8"],
						"1.4583": ["0+math.cos(q.anim_time*90*2-180)*0.2", "math.clamp(math.cos(q.anim_time*90*2-180)*1.5,0,10)", "0-math.sin(q.anim_time*90*2-180)*0.8"],
						"1.5": ["0+math.cos(q.anim_time*90*2-180)*0.2", "-1+math.clamp(math.cos(q.anim_time*90*2-180)*1.5,0,10)", "0-math.sin(q.anim_time*90*2-180)*0.8"],
						"2.0": ["0+math.cos(q.anim_time*90*2-180)*0.2", "-0.5+math.clamp(math.cos(q.anim_time*90*2-180)*1.5,0,10)", "0-math.sin(q.anim_time*90*2-180)*0.8"]
					}
				},
				"arm_left": {
					"rotation": [0, 0, 20]
				},
				"spikes_torso_main": {
					"rotation": [-7.5, 0, 0]
				},
				"tail": {
					"rotation": [12.5, 0, 0]
				},
				"arm_left2": {
					"rotation": {
						"0.0": ["-25+math.clamp(math.sin(q.anim_time*90*2-90)*15,0,20)+math.clamp(math.sin(q.anim_time*90*2+90)*2,-2,20)", 0, 10],
						"1.4167": ["-25+math.clamp(math.sin(q.anim_time*90*2-90)*15,0,20)+math.clamp(math.sin(q.anim_time*90*2+90)*2,-2,20)", 0, 10],
						"1.5": ["-17.5+math.clamp(math.sin(q.anim_time*90*2-90)*15,0,20)+math.clamp(math.sin(q.anim_time*90*2+90)*2,-2,20)", 0, 10],
						"1.75": ["-20+math.clamp(math.sin(q.anim_time*90*2-90)*15,0,20)+math.clamp(math.sin(q.anim_time*90*2+90)*2,-2,20)", 0, 10],
						"2.0": ["-25+math.clamp(math.sin(q.anim_time*90*2-90)*15,0,20)+math.clamp(math.sin(q.anim_time*90*2+90)*2,-2,20)", 0, 10]
					},
					"position": [-4, -1, -1]
				},
				"hand_left": {
					"rotation": [-0.33692, -17.49026, 0.17248]
				},
				"leg_left_rotate": {
					"rotation": [0, -5, 0]
				},
				"thigh_left": {
					"rotation": ["0-math.sin(q.anim_time*90*2-60)*10", "0+math.sin(q.anim_time*90*2-60)*8", -10],
					"position": {
						"0.0": ["0+math.cos(q.anim_time*90*2-60)*0.2", "math.clamp(math.cos(q.anim_time*90*2-60)*1.5,0,10)", "-0.75-math.sin(q.anim_time*90*2-60)*0.7"],
						"0.75": [
							"0+math.cos(q.anim_time*90*2-60)*0.2",
							"0.25+math.clamp(math.cos(q.anim_time*90*2-60)*1.5,0,10)",
							"-0.75-math.sin(q.anim_time*90*2-60)*0.7"
						],
						"0.8333": ["0+math.cos(q.anim_time*90*2-60)*0.2", "-1+math.clamp(math.cos(q.anim_time*90*2-60)*1.5,0,10)", "-0.75-math.sin(q.anim_time*90*2-60)*0.7"],
						"1.8333": ["0+math.cos(q.anim_time*90*2-60)*0.2", "math.clamp(math.cos(q.anim_time*90*2-60)*1.5,0,10)", "-0.75-math.sin(q.anim_time*90*2-60)*0.7"]
					}
				},
				"thumb_left": {
					"rotation": [-67.5, 0, 0]
				},
				"shoulder_right": {
					"rotation": {
						"0.0": ["0-math.sin(q.anim_time*90*2)*10", "22.5-math.sin(q.anim_time*90*2)*8", -55],
						"0.4167": ["0-math.sin(q.anim_time*90*2)*10", "22-math.sin(q.anim_time*90*2)*8", -55],
						"0.625": ["-0.25-math.sin(q.anim_time*90*2)*10", "22.5-math.sin(q.anim_time*90*2)*8", -55],
						"0.8333": ["-1-math.sin(q.anim_time*90*2)*10", "22.5-math.sin(q.anim_time*90*2)*8", -55],
						"1.0": ["0-math.sin(q.anim_time*90*2)*10", "22.5-math.sin(q.anim_time*90*2)*8", -55]
					},
					"position": {
						"0.0": ["0-math.cos(q.anim_time*90*2)*0.2", "math.clamp(math.cos(q.anim_time*90*2)*1.5,0,10)", "0-math.sin(q.anim_time*90*2)*0.7"],
						"0.4167": ["0-math.cos(q.anim_time*90*2)*0.2", "math.clamp(math.cos(q.anim_time*90*2)*1.5,0,10)", "0-math.sin(q.anim_time*90*2)*0.7"],
						"0.5": ["0-math.cos(q.anim_time*90*2)*0.2", "-1+math.clamp(math.cos(q.anim_time*90*2)*1.5,0,10)", "0-math.sin(q.anim_time*90*2)*0.7"],
						"0.75": ["0-math.cos(q.anim_time*90*2)*0.2", "-0.75+math.clamp(math.cos(q.anim_time*90*2)*1.5,0,10)", "0-math.sin(q.anim_time*90*2)*0.7"],
						"1.5": ["0-math.cos(q.anim_time*90*2)*0.2", "math.clamp(math.cos(q.anim_time*90*2)*1.5,0,10)", "0-math.sin(q.anim_time*90*2)*0.7"]
					}
				},
				"arm_right": {
					"rotation": [0, 0, -20]
				},
				"arm_right2": {
					"rotation": {
						"0.0": ["2.9257+math.clamp(math.sin(q.anim_time*90*2+90)*15,0,20)-math.clamp(math.sin(q.anim_time*90*2+270)*2,-2,20)", -30.91875, -20.55112],
						"0.4167": ["0.453+math.clamp(math.sin(q.anim_time*90*2+90)*15,0,20)-math.clamp(math.sin(q.anim_time*90*2+270)*2,-2,20)", -24.92128, -12.04888],
						"0.5": ["14.0327+math.clamp(math.sin(q.anim_time*90*2+90)*15,0,20)-math.clamp(math.sin(q.anim_time*90*2+270)*2,-2,20)", -26.79524, -16.42848],
						"0.75": ["8.2682+math.clamp(math.sin(q.anim_time*90*2+90)*15,0,20)-math.clamp(math.sin(q.anim_time*90*2+270)*2,-2,20)", -27.33204, -13.15888],
						"1.0": ["2.9257+math.clamp(math.sin(q.anim_time*90*2+90)*15,0,20)-math.clamp(math.sin(q.anim_time*90*2+270)*2,-2,20)", -30.91875, -20.55112]
					},
					"position": [2, 2, 0]
				},
				"hand_right": {
					"rotation": [-0.3369, 17.4903, -0.1725]
				},
				"thumb_right": {
					"rotation": [-67.5, 0, 0]
				},
				"leg_left": {
					"rotation": {
						"0.0": ["0+math.clamp(math.sin(q.anim_time*90*2+30)*15,0,20)-math.clamp(math.sin(q.anim_time*90*2+210)*2,-2,20)", 0, 10],
						"0.75": ["0+math.clamp(math.sin(q.anim_time*90*2+30)*15,0,20)-math.clamp(math.sin(q.anim_time*90*2+210)*2,-2,20)", 0, 10],
						"0.8333": ["7.5+math.clamp(math.sin(q.anim_time*90*2+30)*15,0,20)-math.clamp(math.sin(q.anim_time*90*2+210)*2,-2,20)", 0, 10],
						"1.25": [3.32, 0, 10],
						"1.8333": ["-8.5+math.clamp(math.sin(q.anim_time*90*2+30)*15,0,20)-math.clamp(math.sin(q.anim_time*90*2+210)*2,-2,20)", 0, 10],
						"2.0": ["0+math.clamp(math.sin(q.anim_time*90*2+30)*15,0,20)-math.clamp(math.sin(q.anim_time*90*2+210)*2,-2,20)", 0, 10]
					}
				},
				"foot_left": {
					"rotation": [-15, 0, 0]
				},
				"thigh_right": {
					"rotation": [5, 0, 0]
				},
				"leg_right": {
					"rotation": {
						"0.0": ["7.5+math.clamp(math.sin(q.anim_time*90*2-150)*15,0,20)+math.clamp(math.sin(q.anim_time*90*2+150)*2,-2,20)", 0, -10],
						"0.8333": ["-5+math.clamp(math.sin(q.anim_time*90*2-150)*15,0,20)+math.clamp(math.sin(q.anim_time*90*2+150)*2,-2,20)", 0, -10],
						"1.75": ["1.75+math.clamp(math.sin(q.anim_time*90*2-150)*15,0,20)+math.clamp(math.sin(q.anim_time*90*2+150)*2,-2,20)", 0, -10],
						"1.8333": ["7.5+math.clamp(math.sin(q.anim_time*90*2-150)*15,0,20)+math.clamp(math.sin(q.anim_time*90*2+150)*2,-2,20)", 0, -10]
					}
				},
				"foot_right": {
					"rotation": [-15, 0, 0]
				},
				"leg_right_rotate": {
					"rotation": ["0-math.sin(q.anim_time*90*2-240)*10", "0-math.sin(q.anim_time*90*2-240)*8", 10],
					"position": {
						"0.0": [
							"0-math.cos(q.anim_time*90*2-240)*0.2",
							"-0.75+math.clamp(math.cos(q.anim_time*90*2-240)*1.5,0,10)",
							"-0.75-math.sin(q.anim_time*90*2-240)*0.8"
						],
						"0.8333": ["0-math.cos(q.anim_time*90*2-240)*0.2", "math.clamp(math.cos(q.anim_time*90*2-240)*1.5,0,10)", "-0.75-math.sin(q.anim_time*90*2-240)*0.8"],
						"1.7917": ["0-math.cos(q.anim_time*90*2-240)*0.2", "math.clamp(math.cos(q.anim_time*90*2-240)*1.5,0,10)", "-0.75-math.sin(q.anim_time*90*2-240)*0.8"],
						"1.8333": [
							"0-math.cos(q.anim_time*90*2-240)*0.2",
							"-1+math.clamp(math.cos(q.anim_time*90*2-240)*1.5,0,10)",
							"-0.75-math.sin(q.anim_time*90*2-240)*0.8"
						],
						"2.0": [
							"0-math.cos(q.anim_time*90*2-240)*0.2",
							"-0.75+math.clamp(math.cos(q.anim_time*90*2-240)*1.5,0,10)",
							"-0.75-math.sin(q.anim_time*90*2-240)*0.8"
						]
					}
				},
				"head": {
					"rotation": ["5+math.cos(q.anim_time*90*2*2+30)*-1", "0-math.cos(q.anim_time*90*2)*4", "0+math.sin(q.anim_time*90*2)*2"]
				},
				"spike_bottom_main": {
					"rotation": [10, 0, 0]
				},
				"eye_left": {
					"position": [0, 0, 0]
				},
				"body": {
					"position": {
						"0.0": [0, -0.3, 0],
						"0.0833": [0, -0.1, 0],
						"0.4583": [0, -0.1, 0],
						"0.6667": [0, -0.4, 0],
						"0.8333": [0, -0.1, 0],
						"0.875": [0, -0.1, 0],
						"0.9583": [0, -0.3, 0],
						"1.0417": [0, -0.1, 0],
						"1.5417": [0, -0.1, 0],
						"1.75": [0, -0.4, 0],
						"1.9167": [0, -0.1, 0],
						"2.0": [0, -0.3, 0]
					}
				},
				"hip": {
					"rotation": ["0+math.sin(q.anim_time*90*2*2)*1", "0+math.cos(q.anim_time*90*2)*3", "0-math.sin(q.anim_time*90*2)*3"],
					"position": {
						"0.0": [0, -0.01, 0],
						"0.0417": [0, -0.12, 0],
						"0.5833": [0, "0+math.sin(q.anim_time*90*2*2)*0.6", 0],
						"0.625": [0, "0.4+math.sin(q.anim_time*90*2*2)*0.4", 0],
						"0.7083": [0, "-0.1+math.sin(q.anim_time*90*2*2)*0.4", 0],
						"0.7917": [0, "0.4+math.sin(q.anim_time*90*2*2)*0.4", 0],
						"0.875": [0, "0+math.sin(q.anim_time*90*2*2)*0.4", 0],
						"0.9583": [0, 0.1, 0],
						"1.0417": [0, -0.12, 0],
						"1.5833": [0, "0+math.sin(q.anim_time*90*2*2)*0.6", 0],
						"1.625": [0, "0.4+math.sin(q.anim_time*90*2*2)*0.4", 0],
						"1.7083": [0, "-0.1+math.sin(q.anim_time*90*2*2)*0.4", 0],
						"1.7917": [0, "0.4+math.sin(q.anim_time*90*2*2)*0.4", 0],
						"1.875": [0, "0+math.sin(q.anim_time*90*2*2)*0.4", 0],
						"1.9583": [0, 0.1, 0],
						"2.0": [0, -0.01, 0]
					}
				},
				"jaw": {
					"rotation": ["22.5+math.sin(q.anim_time*90*2-60)*2", 0, 0]
				}
			}
		},
		"animation.ursaluna.ground_run": {
			"loop": true,
			"bones": {
				"torso": {
					"rotation": [-5, 0, 0]
				},
				"shoulder_left": {
					"rotation": [0, "15-math.clamp(25*(math.sin(q.anim_time*90*4*2-90)*1+1),-0,60)", 52.5]
				},
				"arm_left": {
					"rotation": [10, 0, 20]
				},
				"spikes_torso_main": {
					"rotation": ["-22.5-7.51*math.sin(q.anim_time*90*4*2-30)*1", 0, 0]
				},
				"tail": {
					"rotation": [12.5, "1*math.sin(q.anim_time*90*4*2-30)*1", 0]
				},
				"arm_left2": {
					"rotation": [3.20462, "33.832-10*math.sin(q.anim_time*90*4*2)", 15.47261]
				},
				"hand_left": {
					"rotation": [-0.33692, -17.49026, 0.17248]
				},
				"leg_left_rotate": {
					"rotation": [0, -5, 0]
				},
				"thigh_left": {
					"rotation": ["math.clamp(25*(math.sin(q.anim_time*90*4*2-90)*1+1),-0,48)+5*math.sin(q.anim_time*90*4*2-90)", 0, 0],
					"position": [
						0,
						"-(math.clamp(-math.sin(q.anim_time*90*4*2+50)*1,0.5,1)-0.5)*0.5+(math.clamp(-math.sin(q.anim_time*90*2*2+70+180*0)*1,0.5,1)-0.5)*2+(math.clamp(-math.sin(q.anim_time*90*2*2+70+180*1)*1,0.5,1)-0.5)*2",
						0
					]
				},
				"thumb_left": {
					"rotation": [-67.5, 0, 0]
				},
				"shoulder_right": {
					"rotation": [0, "22.5-math.clamp(25*(math.sin(q.anim_time*90*4*2-50)*1+1),-0,60)", -55]
				},
				"arm_right": {
					"rotation": [10, 0, -20]
				},
				"arm_right2": {
					"rotation": [3.2046, "-33.832-10*math.sin(q.anim_time*90*4*2)", -15.4726]
				},
				"hand_right": {
					"rotation": [-0.3369, 17.4903, -0.1725]
				},
				"thumb_right": {
					"rotation": [-67.5, 0, 0]
				},
				"leg_left": {
					"rotation": [10, 0, 0]
				},
				"foot_left": {
					"rotation": [-15, 0, 0]
				},
				"thigh_right": {
					"rotation": ["math.clamp(25*(math.sin(q.anim_time*90*4*2-50)*1+1),-0,48)+5*math.sin(q.anim_time*90*4*2-50)", 0, 0],
					"position": [0, "math.clamp(math.sin(q.anim_time*90*4-130)*1,0.5,1)-math.clamp(math.sin(q.anim_time*90*4-40)*1,0.75,1)+0.25", 0]
				},
				"leg_right": {
					"rotation": [10, 0, 0]
				},
				"foot_right": {
					"rotation": [-15, 0, 0]
				},
				"leg_right_rotate": {
					"rotation": [0, 5, 0]
				},
				"head": {
					"rotation": [10, 0, 0]
				},
				"spike_bottom_main": {
					"rotation": [10, 0, 0]
				},
				"eye_left": {
					"position": [0, 0, 0]
				},
				"body": {
					"rotation": ["-2.5*math.sin(q.anim_time*90*4*2+45)*3", "-0.5*math.sin(q.anim_time*90*4*2+45)*3", 0],
					"position": [
						0,
						"math.clamp(math.sin(q.anim_time*90*4)*1.1,0.4,1.1)+math.clamp(math.sin(q.anim_time*90*4+180)*1.1,0.4,1.1)",
						"math.sin(q.anim_time*90*4*2-33)*1"
					]
				},
				"jaw": {
					"rotation": ["42.5-math.sin(q.anim_time*90*4*2)*4", 0, 0]
				}
			}
		},
		"animation.ursaluna.dig": {
			"loop": true,
			"bones": {
				"torso": {
					"rotation": [-5, 0, 0]
				},
				"shoulder_left": {
					"rotation": [0, "15-math.clamp(25*(math.sin(q.anim_time*90*4*2-90)*1+1),-0,60)", 52.5],
					"position": [0, -1, -2]
				},
				"arm_left": {
					"rotation": [10, 0, 20]
				},
				"spikes_torso_main": {
					"rotation": [-7.5, 0, 0]
				},
				"tail": {
					"rotation": [12.5, 0, 0]
				},
				"arm_left2": {
					"rotation": [3.20462, "33.832-10*math.sin(q.anim_time*90*4*2)", 15.47261]
				},
				"hand_left": {
					"rotation": [-0.33692, -17.49026, 0.17248]
				},
				"leg_left_rotate": {
					"rotation": [0, -5, 0]
				},
				"thigh_left": {
					"rotation": [5, 0, 0]
				},
				"thumb_left": {
					"rotation": [-67.5, 0, 0]
				},
				"shoulder_right": {
					"rotation": [0, "22.5-math.clamp(25*(math.sin(q.anim_time*90*4*2-50)*1+1),-0,60)", -55],
					"position": [0, -1, -5]
				},
				"arm_right": {
					"rotation": [10, 0, -20]
				},
				"arm_right2": {
					"rotation": [3.2046, "-33.832-10*math.sin(q.anim_time*90*4*2)", -15.4726]
				},
				"hand_right": {
					"rotation": [-0.3369, 17.4903, -0.1725]
				},
				"thumb_right": {
					"rotation": [-67.5, 0, 0]
				},
				"leg_left": {
					"rotation": [10, 0, 0]
				},
				"foot_left": {
					"rotation": [-15, 0, 0]
				},
				"thigh_right": {
					"rotation": [5, 0, 0]
				},
				"leg_right": {
					"rotation": [10, 0, 0]
				},
				"foot_right": {
					"rotation": [-15, 0, 0]
				},
				"leg_right_rotate": {
					"rotation": [0, 5, 0]
				},
				"head": {
					"rotation": ["40+math.sin(q.anim_time*180*2.75+180)*4", 0, 0]
				},
				"spike_bottom_main": {
					"rotation": [10, 0, 0]
				},
				"eye_left": {
					"position": [0, 0, 0]
				},
				"hip": {
					"rotation": ["0+Math.cos((query.anim_time) * 90 * 2) * 1.5", 0, "0+math.sin(q.anim_time*220*2.75+180)*9"]
				},
				"upper_body": {
					"rotation": [7.5, 0, 0]
				}
			}
		},
		"animation.ursaluna.blink": {
			"animation_length": 0.16667,
			"bones": {
				"eyelid_left": {
					"position": {
						"0.0": [0, 0, -0.1],
						"0.125": [0, 0, -0.1],
						"0.1667": [0, 0, 0.1]
					}
				},
				"eyelid_right": {
					"position": {
						"0.0": [0, 0, -0.1],
						"0.125": [0, 0, -0.1],
						"0.1667": [0, 0, 0.1]
					}
				}
			}
		},
		"animation.ursaluna.cry": {
			"animation_length": 2,
			"bones": {
				"head": {
					"rotation": {
						"0.0": [0, 0, 0],
						"0.1667": [-12.5, 0, 0],
						"1.8333": [-12.5, 0, 0],
						"2.0": [0, 0, 0]
					}
				},
				"jaw": {
					"rotation": {
						"0.0": [0, 0, 0],
						"0.25": [55, 0, 0],
						"1.7083": [55, 0, 0],
						"1.9583": [0, 0, 0]
					}
				}
			}
		}
	}
}