{
	"format_version": "1.8.0",
	"animations": {
		"animation.urshifu.single_strike": {
			"loop": true,
			"bones": {
				"neck": {
					"rotation": [13.82796, 20.31275, -2.74688]
				},
				"head": {
					"rotation": ["-5.0767+1*math.sin(q.anim_time*90*1.5-20)", 9.96156, -3.38045]
				},
				"bottom_jaw": {
					"rotation": [0, 0, 0]
				},
				"arm_right": {
					"rotation": [10.5111, -22.98178, "-21.6062-1*math.sin(q.anim_time*90*1.5-20)*2"]
				},
				"arm_right2": {
					"rotation": [-9.77616, 1.28156, 82.55797]
				},
				"hand_right": {
					"rotation": [-33.87121, -25.84044, 25.58043]
				},
				"finger_1": {
					"rotation": [0, 0, -57.5]
				},
				"finger_2": {
					"rotation": [0, 0, -77.5]
				},
				"finger_3": {
					"rotation": [3.9705, -3.04137, -47.60545]
				},
				"finger_4": {
					"rotation": [0, 0, -80]
				},
				"finger_5": {
					"rotation": [8.90928, -8.80348, -48.18718]
				},
				"finger_6": {
					"rotation": [0, 0, -72.5]
				},
				"finger_7": {
					"rotation": [17.30426, -12.28322, -61.03941]
				},
				"finger_8": {
					"rotation": [0, 0, -75]
				},
				"thumb_right": {
					"rotation": [25, 45, 0]
				},
				"thumb_right2": {
					"rotation": [0, 35, 0]
				},
				"leg_right": {
					"rotation": [-62.40035, 54.98805, 10.32508]
				},
				"leg_right2": {
					"rotation": [62.32913, 5.53016, -4.15495]
				},
				"urshifu": {
					"position": [0, 0, 0]
				},
				"torso": {
					"rotation": ["0.8804+1*math.sin(q.anim_time*90*1.5-20)", -9.96156, -5.07673]
				},
				"waist": {
					"rotation": [0, -17.5, 0]
				},
				"leg_left": {
					"rotation": [-45.07312, -75.55706, -25.57161]
				},
				"leg_left2": {
					"rotation": [70, 0, 0]
				},
				"arm_left": {
					"rotation": [16.90873, 31.9304, "37.0271+1*math.sin(q.anim_time*90*1.5-20)*2"]
				},
				"arm_left2": {
					"rotation": [0, 90, 0]
				},
				"hand_left": {
					"rotation": [25.41377, 37.15855, 16.0129]
				},
				"finger_9": {
					"rotation": [0, 0, 72.5]
				},
				"finger_10": {
					"rotation": [0, 0, 50]
				},
				"finger_11": {
					"rotation": [0, 0, 60]
				},
				"finger_12": {
					"rotation": [0, 0, 55]
				},
				"finger_13": {
					"rotation": [0, 0, 55]
				},
				"finger_14": {
					"rotation": [0, 0, 50]
				},
				"finger_15": {
					"rotation": [0, 0, 65]
				},
				"finger_16": {
					"rotation": [0, 0, 55]
				},
				"thumb_left": {
					"rotation": [35, -27.5, 0]
				},
				"thumb_left2": {
					"rotation": [0, -30, 0]
				},
				"crown_right": {
					"rotation": [0, 0, 60]
				},
				"crown_left": {
					"rotation": [0, 0, -57.5]
				},
				"crown_back": {
					"rotation": [75, 0, 0]
				},
				"head_fluff": {
					"rotation": [30, 0, 0]
				},
				"leg_fluff": {
					"rotation": [-15, 0, 0]
				},
				"leg_fluff2": {
					"rotation": [-12.5, 0, 0]
				},
				"foot_right": {
					"rotation": [5, 0, 0]
				},
				"foot_left": {
					"rotation": [2.62116, 17.48281, 0.78795]
				},
				"loincloth": {
					"rotation": [-30.09468, -4.32875, 2.50477]
				},
				"loincloth2": {
					"rotation": [17.5, 0, 0]
				},
				"loincloth3": {
					"rotation": [-17.5, 0, 0]
				},
				"loincloth4": {
					"rotation": [32.5, 0, 0]
				},
				"loincloth5": {
					"rotation": [-57.5, 0, 0]
				},
				"loincloth6": {
					"rotation": [-15, 0, 0]
				},
				"head_fluff2": {
					"rotation": [10, 0, 0]
				},
				"band_right_1": {
					"rotation": ["16.871-3*math.sin(q.anim_time*90*1.5-20)*1", 8.81625, 8.0774]
				},
				"band_right_2": {
					"rotation": [22.5, -7.5, 0]
				},
				"band_right_3": {
					"rotation": [42.88871, -9.21325, 7.52502]
				},
				"band_right_5": {
					"rotation": [6.16599, 20.3488, -3.68543]
				},
				"band_right_4": {
					"rotation": [14.97538, 48.84862, 7.23091]
				},
				"band_right_6": {
					"rotation": [16.95804, 15.25456, -5.87632]
				},
				"band_left_1": {
					"rotation": ["13.1867-3*math.sin(q.anim_time*90*1.5-20)*1", 39.39842, 10.16]
				},
				"band_left_2": {
					"rotation": [12.5, -32.5, 0]
				},
				"band_left_3": {
					"rotation": [7.20123, -22.54102, 0.70573]
				},
				"band_left_4": {
					"rotation": [46.97988, -15.84368, -11.44395]
				},
				"band_left_5": {
					"rotation": [27.5, 12.5, 0]
				},
				"band_left_6": {
					"rotation": [17.5, 0, 0]
				},
				"fluff_right": {
					"rotation": [4.99527, -0.21782, -25.0095]
				},
				"fluff_left": {
					"rotation": [7.23432, 7.75648, 37.9988]
				},
				"waist_fluff": {
					"rotation": [-10, 0, 0]
				},
				"body": {
					"rotation": [0, 0, 0],
					"position": [0, -11, 0]
				}
			}
		},
		"animation.urshifu.rapid_strike": {
			"loop": true,
			"bones": {
				"body": {
					"rotation": [0, -105, 0],
					"position": [0, -1, 0]
				},
				"torso": {
					"rotation": ["13.0862+1*math.sin(q.anim_time*90*1.5-20)", -17.07228, -3.90399]
				},
				"neck": {
					"rotation": [17.5, 20, 0]
				},
				"head": {
					"rotation": ["-16.8348+1*math.sin(q.anim_time*90*1.5-20)", 42.11917, -23.8089]
				},
				"crown_right": {
					"rotation": [0, 0, -67.5]
				},
				"crown_back": {
					"rotation": [-70, 0, 0]
				},
				"head_fluff": {
					"rotation": [-42.5, 0, 0]
				},
				"band_right_1": {
					"rotation": [77.269, "-4.2936-3*math.sin(q.anim_time*90*1.5-20)*1", -83.84482]
				},
				"band_right_2": {
					"rotation": [45, 0, 0]
				},
				"band_right_3": {
					"rotation": [53.98381, -24.28484, -29.49826]
				},
				"band_right_4": {
					"rotation": [27.5, 17.5, 0]
				},
				"band_right_5": {
					"rotation": [-42.5, 0, 0]
				},
				"band_right_6": {
					"rotation": [-70, 0, 0]
				},
				"crown_left": {
					"rotation": [0, 0, 67.5]
				},
				"band_left_1": {
					"rotation": [78.9923, "-18.6667-3*math.sin(q.anim_time*90*1.5-20)*1", 108.66392]
				},
				"band_left_2": {
					"rotation": [45.99297, -10.54529, -10.72858]
				},
				"band_left_3": {
					"rotation": [-64.97645, -6.12103, -3.26994]
				},
				"band_left_4": {
					"rotation": [79.35579, -5.40467, 3.22567]
				},
				"band_left_5": {
					"rotation": [-38.06394, 35.80852, -24.61562]
				},
				"band_left_6": {
					"rotation": [-3.05099, -34.96182, 1.74942]
				},
				"arm_right": {
					"rotation": [7.40119, -39.40865, "-26.2741-1*math.sin(q.anim_time*90*1.5-20)*2"]
				},
				"arm_right2": {
					"rotation": [0, 0, 42.5]
				},
				"hand_right": {
					"rotation": [0, 0, -47.5]
				},
				"finger_1": {
					"rotation": [0, 0, -52.5]
				},
				"finger_2": {
					"rotation": [0, 0, -67.5]
				},
				"finger_3": {
					"rotation": [0, 0, -45]
				},
				"finger_4": {
					"rotation": [0, 0, -52.5]
				},
				"finger_5": {
					"rotation": [0, 0, -20]
				},
				"finger_6": {
					"rotation": [0, 0, -37.5]
				},
				"finger_7": {
					"rotation": [0, 0, -22.5]
				},
				"finger_8": {
					"rotation": [0, 0, -42.5]
				},
				"thumb_right": {
					"rotation": [75.66499, 4.46375, 16.93839]
				},
				"thumb_right2": {
					"rotation": [0, 10, 0]
				},
				"fluff_right": {
					"rotation": [0, -10, -30]
				},
				"arm_left2": {
					"rotation": [0, 0, -70]
				},
				"hand_left": {
					"rotation": [0, 15, 0]
				},
				"finger_9": {
					"rotation": [0, 0, 15]
				},
				"finger_10": {
					"rotation": [0, 0, 75]
				},
				"finger_11": {
					"rotation": [0, 0, 10]
				},
				"finger_12": {
					"rotation": [0, 0, 65]
				},
				"finger_13": {
					"rotation": [0, 0, 12.5]
				},
				"finger_14": {
					"rotation": [0, 0, 57.5]
				},
				"finger_15": {
					"rotation": [0, 0, 17.5]
				},
				"finger_16": {
					"rotation": [0, 0, 65]
				},
				"thumb_left": {
					"rotation": [-14.70516, -34.89321, 24.64445]
				},
				"thumb_left2": {
					"rotation": [0, -27.5, 0]
				},
				"fluff_left": {
					"rotation": [0, 0, 7.5]
				},
				"waist": {
					"rotation": [0, -15, 0]
				},
				"leg_right": {
					"rotation": [-72.24506, 72.57357, 3.81405],
					"position": [0, 0, -0.7]
				},
				"leg_right2": {
					"rotation": [67.5, 0, 0]
				},
				"foot_right": {
					"rotation": [42.5, 0, 0]
				},
				"leg_fluff": {
					"rotation": [135, 0, 0]
				},
				"loincloth": {
					"rotation": [-22.5, 0, 0]
				},
				"loincloth2": {
					"rotation": [-40, 0, 0]
				},
				"loincloth3": {
					"rotation": [-67.5, 0, 0]
				},
				"loincloth4": {
					"rotation": [7.5, 0, 0]
				},
				"loincloth5": {
					"rotation": [10, 0, 0]
				},
				"loincloth6": {
					"rotation": [42.5, 0, 0]
				},
				"leg_left": {
					"rotation": [-2.5, 0, 0]
				},
				"leg_left2": {
					"rotation": [10, 0, 0]
				},
				"foot_left": {
					"rotation": [-7.5, 0, 0]
				},
				"leg_fluff2": {
					"rotation": [100, 0, 0]
				},
				"tail": {
					"rotation": [-10, 0, 0]
				},
				"waist_fluff": {
					"rotation": [-7.5, 0, 0]
				},
				"arm_left": {
					"rotation": [0, 0, "0+1*math.sin(q.anim_time*90*1.5-20)*2"]
				}
			}
		},
		"animation.urshifu.ground_walk": {
			"loop": true,
			"bones": {
				"neck": {
					"rotation": ["0-math.sin(q.anim_time*90*16-45)*2", 0, 0]
				},
				"head": {
					"rotation": [4.9233, 0, 0]
				},
				"bottom_jaw": {
					"rotation": [0, 0, 0]
				},
				"arm_right": {
					"rotation": [18, "-12-math.sin(q.anim_time*90*8-45)*50", -42]
				},
				"arm_right2": {
					"rotation": [0, "-25-math.sin(q.anim_time*90*8-45)*50", 0]
				},
				"hand_right": {
					"rotation": [3, -12, 4]
				},
				"finger_1": {
					"rotation": [0, 0, -57.5]
				},
				"finger_2": {
					"rotation": [0, 0, -77.5]
				},
				"finger_3": {
					"rotation": [3.9705, -3.04137, -47.60545]
				},
				"finger_4": {
					"rotation": [0, 0, -80]
				},
				"finger_5": {
					"rotation": [8.90928, -8.80348, -48.18718]
				},
				"finger_6": {
					"rotation": [0, 0, -72.5]
				},
				"finger_7": {
					"rotation": [17.30426, -12.28322, -61.03941]
				},
				"finger_8": {
					"rotation": [0, 0, -75]
				},
				"thumb_right": {
					"rotation": [25, 45, 0]
				},
				"thumb_right2": {
					"rotation": [0, 35, 0]
				},
				"leg_right": {
					"rotation": ["0+math.sin(q.anim_time*90*8-45)*75", 0, 0]
				},
				"leg_right2": {
					"rotation": ["0+math.sin(q.anim_time*90*8-135)*48", 0, 0]
				},
				"urshifu": {
					"position": [0, 0, 0]
				},
				"torso": {
					"rotation": [20, 0, 0]
				},
				"waist": {
					"rotation": [0, 0, 0]
				},
				"leg_left": {
					"rotation": ["0-math.sin(q.anim_time*90*8-45)*75", 0, 0]
				},
				"leg_left2": {
					"rotation": ["0-math.sin(q.anim_time*90*8-135)*48", 0, 0]
				},
				"arm_left": {
					"rotation": [18, "12-math.sin(q.anim_time*90*8-45)*50", 42]
				},
				"arm_left2": {
					"rotation": [0, "25-math.sin(q.anim_time*90*8-45)*50", 0]
				},
				"hand_left": {
					"rotation": [3, 12, 4]
				},
				"finger_9": {
					"rotation": [0, 0, 72.5]
				},
				"finger_10": {
					"rotation": [0, 0, 50]
				},
				"finger_11": {
					"rotation": [0, 0, 60]
				},
				"finger_12": {
					"rotation": [0, 0, 55]
				},
				"finger_13": {
					"rotation": [0, 0, 55]
				},
				"finger_14": {
					"rotation": [0, 0, 50]
				},
				"finger_15": {
					"rotation": [0, 0, 65]
				},
				"finger_16": {
					"rotation": [0, 0, 55]
				},
				"thumb_left": {
					"rotation": [35, -27.5, 0]
				},
				"thumb_left2": {
					"rotation": [0, -30, 0]
				},
				"crown_right": {
					"rotation": [0, 0, 60]
				},
				"crown_left": {
					"rotation": [0, 0, -57.5]
				},
				"crown_back": {
					"rotation": [75, 0, 0]
				},
				"head_fluff": {
					"rotation": [30, 0, 0]
				},
				"leg_fluff": {
					"rotation": [90, 0, 0]
				},
				"leg_fluff2": {
					"rotation": [90, 0, 0]
				},
				"foot_right": {
					"rotation": [0, 0, 0]
				},
				"foot_left": {
					"rotation": [0, 0, 0]
				},
				"loincloth": {
					"rotation": [-30.09468, -4.32875, 2.50477]
				},
				"loincloth2": {
					"rotation": [17.5, 0, 0]
				},
				"loincloth3": {
					"rotation": [-17.5, 0, 0]
				},
				"loincloth4": {
					"rotation": [32.5, 0, 0]
				},
				"loincloth5": {
					"rotation": [-57.5, 0, 0]
				},
				"loincloth6": {
					"rotation": [-15, 0, 0]
				},
				"head_fluff2": {
					"rotation": [10, 0, 0]
				},
				"band_right_1": {
					"rotation": ["-20.629-3*math.sin(q.anim_time*90*4*2-30)*2", 8.81625, 8.0774]
				},
				"band_right_2": {
					"rotation": [-10, -7.5, 0]
				},
				"band_right_3": {
					"rotation": [-13.32996, -10.38442, 0.00705]
				},
				"band_right_5": {
					"rotation": [1.16599, 20.3488, -3.68543]
				},
				"band_right_4": {
					"rotation": [-2.93946, 1.87092, -1.31205]
				},
				"band_right_6": {
					"rotation": [-6.06176, 3.17868, -8.63777]
				},
				"band_left_1": {
					"rotation": ["-1.8133-3*math.sin(q.anim_time*90*4*2-30)*2", 39.39842, 10.16]
				},
				"band_left_2": {
					"rotation": [-20, -32.5, 0]
				},
				"band_left_3": {
					"rotation": [-10.7915, -7.65001, 2.58167]
				},
				"band_left_4": {
					"rotation": [-21.2456, -2.70427, -2.93161]
				},
				"band_left_5": {
					"rotation": [15, 12.5, 0]
				},
				"band_left_6": {
					"rotation": [17.5, 0, 0]
				},
				"fluff_right": {
					"rotation": [4.99527, -0.21782, -25.0095]
				},
				"fluff_left": {
					"rotation": [7.23432, 7.75648, 37.9988]
				},
				"waist_fluff": {
					"rotation": [-10, 0, 0]
				},
				"body": {
					"rotation": ["0-math.sin(q.anim_time*90*16-45)*3", 0, 0]
				}
			}
		}
	}
}