{
	"format_version": "1.8.0",
	"animations": {
		"animation.zoroark_hisuian_mega.ground_idle": {
			"loop": true,
			"bones": {
				"body": {
					"position": [0, -7.95, 0],
					"scale": 0.85
				},
				"torso": {
					"rotation": ["24.7397+Math.cos((query.anim_time) * 90 * 1 - 90) * -2", -30.03698, 0.50131],
					"position": [0, "-0.6+Math.cos((query.anim_time) * 90 * 1) * 0.2", 0]
				},
				"waist": {
					"rotation": [12.58016, 12.56232, -12.46577],
					"position": [0.6, 0, 0]
				},
				"arm_right": {
					"rotation": [-16.07819, -39.8755, "-43.3828+Math.cos((query.anim_time) * 90 * 1 - 150) * 2"]
				},
				"arm_right2": {
					"rotation": [10.27858, -55.75845, -5.74599]
				},
				"claw_back_right": {
					"rotation": [0, 0, -20]
				},
				"claw_middle_right": {
					"rotation": [0, 0, -20]
				},
				"claw_front_right": {
					"rotation": [0, 0, -20]
				},
				"head": {
					"rotation": ["-47.5+Math.cos((query.anim_time) * 90 * 1) * 2", -4, 0],
					"position": [0, -1.5, 0.2]
				},
				"snout2": {
					"rotation": [0, 0, 0]
				},
				"leg_left": {
					"rotation": [49.53795, -15.88978, -33.49964],
					"position": [1, 0, 1.5]
				},
				"leg_left2": {
					"rotation": [2.5, 0, 0]
				},
				"foot_left": {
					"rotation": [-30.99815, 39.8232, -0.59162]
				},
				"foot_left2": {
					"rotation": [3, 0, 0]
				},
				"chest": {
					"rotation": [42.5, 22.5, -5]
				},
				"arm_left": {
					"rotation": [-67.71842, 59.98516, "20.1783+Math.cos((query.anim_time) * 90 * 1 - 150) * -2"]
				},
				"arm_left2": {
					"rotation": [14.07606, 4.71827, 15.91377]
				},
				"bang_front": {
					"rotation": ["0+Math.cos((query.anim_time) * 90 * 8/3 * 1 - 170) * 2", 12.5, 0]
				},
				"bang_front_bend": {
					"rotation": ["35.9387+Math.cos((query.anim_time) * 90 * 8/3 * 1 - 170) * 2", 12.2403, 8.73739]
				},
				"bang_front_mid": {
					"rotation": ["36.0533+Math.cos((query.anim_time) * 90 * 8/3 * 1 - 170) * 2", -40.0064, -39.1118]
				},
				"bang_front_end": {
					"rotation": [51.34816, "50.1902+Math.cos((query.anim_time) * 90 * 8/3 * 1 - 170) * 2", 43.8455]
				},
				"bang_front_tip": {
					"rotation": [0, "42.5+Math.cos((query.anim_time) * 90 * 8/3 * 1 - 170) * 2", 0]
				},
				"hair_strand1_base": {
					"rotation": ["1.5661+Math.cos((query.anim_time) * 90 * 8/3 * 1 - 170) * 2", 28.48848, -13.73557]
				},
				"hair_strand1_bend": {
					"rotation": ["20.1587+Math.cos((query.anim_time) * 90 * 8/3 * 1 - 170) * 2", -7.04533, -2.57816]
				},
				"hair_strand1_mid": {
					"rotation": ["52.2961+Math.cos((query.anim_time) * 90 * 8/3 * 1 - 170) * 2", -4.21996, -9.20669]
				},
				"hair_strand1_end": {
					"rotation": ["-43.9739+Math.cos((query.anim_time) * 90 * 8/3 * 1 - 170) * 2", 8.56838, 14.28455]
				},
				"hair_strand1_end_bend": {
					"rotation": ["0+Math.cos((query.anim_time) * 90 * 8/3 * 1 - 170) * 2", 32.5, 0]
				},
				"hair_strand1_mid_bend": {
					"rotation": ["-25.7693+Math.cos((query.anim_time) * 90 * 8/3 * 1 - 170) * 2", 13.56626, -6.46066]
				},
				"hair_strand1_tip": {
					"rotation": ["0+Math.cos((query.anim_time) * 90 * 8/3 * 1 - 170) * 2", 60, 0]
				},
				"leg_right": {
					"rotation": [-46.03789, -16.90951, 16.60893]
				},
				"leg_right2": {
					"rotation": [43.82795, 5.79007, 6.84751]
				},
				"foot_right2": {
					"rotation": [-5, 0, 0]
				},
				"tail": {
					"rotation": [0, 15, 0]
				},
				"arm_fluff_left": {
					"rotation": [0, -15, 0]
				},
				"arm_fluff_left2": {
					"rotation": [27.5, 0, 0]
				},
				"claw_back_left": {
					"rotation": [0, 0, 20]
				},
				"claw_middle_left": {
					"rotation": [0, 0, 20]
				},
				"claw_front_left": {
					"rotation": [0, 0, 20]
				},
				"arm_fluff_right": {
					"rotation": [0, -20, 0]
				},
				"arm_fluff_right2": {
					"rotation": [25, 0, 0]
				},
				"chest_fluff": {
					"rotation": [-3.03513, -9.53274, 17.75313]
				},
				"foot_wisp_left": {
					"rotation": [0, 27.5, 0]
				},
				"foot_wisp_left_mid": {
					"rotation": [0, 45, 0]
				},
				"foot_wisp_left_end": {
					"rotation": [0, -45, 0]
				},
				"leg_wisp_left_mid": {
					"rotation": [0, -25, 0]
				},
				"leg_wisp_left_end": {
					"rotation": [0, 50, 0]
				},
				"leg_wisp_right": {
					"rotation": [52.64876, 7.68454, -8.21533]
				},
				"leg_wisp_right_mid": {
					"rotation": [0, 10, 0]
				},
				"leg_wisp_right_end": {
					"rotation": [0, -37.5, 0]
				},
				"foot_wisp_right": {
					"rotation": [-31.5667, -17.2294, 10.3141]
				},
				"foot_wisp_right_mid": {
					"rotation": [0, -32.5, 0]
				},
				"foot_wisp_right_end": {
					"rotation": [0, 47.5, 0]
				},
				"foot_right": {
					"rotation": [10, 0, -15]
				},
				"hair_strand2_base": {
					"rotation": ["-28.8781+Math.cos((query.anim_time) * 90 * 2/3 * 1 - 170) * 2", 21.5087, -16.05815]
				},
				"hair_strand2_bend": {
					"rotation": ["26.0666+Math.cos((query.anim_time) * 90 * 2/3 * 1 - 170) * 2", -9.08661, 17.89244]
				},
				"hair_strand2_mid": {
					"rotation": ["34.5886+Math.cos((query.anim_time) * 90 * 2/3 * 1 - 170) * 2", -18.82943, -12.54707]
				},
				"hair_strand2_mid_bend": {
					"rotation": ["42.0243+Math.cos((query.anim_time) * 90 * 2/3 * 1 - 170) * 2", -27.22866, -20.28429]
				},
				"hair_strand2_end": {
					"rotation": ["0+Math.cos((query.anim_time) * 90 * 2/3 * 1 - 170) * 2", 42.5, 0]
				},
				"hair_strand2_end_bend": {
					"rotation": [0, 47.5, 0]
				},
				"hair_strand2_tip": {
					"rotation": [0, 60, 0]
				},
				"hair_strand3_tip": {
					"rotation": [0, -42.5, 0]
				},
				"hair_strand3_end_bend": {
					"rotation": [0, -37.5, 0]
				},
				"hair_strand3_end": {
					"rotation": ["-3.5086+Math.cos((query.anim_time) * 90 * 8/3 * 1 - 170) * 2", -31.4895, -12.286]
				},
				"hair_strand3_mid_bend": {
					"rotation": ["-22.31+Math.cos((query.anim_time) * 90 * 8/3 * 1 - 170) * 2", 25.71543, -10.09541]
				},
				"hair_strand3_mid": {
					"rotation": ["57.8962+Math.cos((query.anim_time) * 90 * 8/3 * 1 - 170) * 2", 5.35355, 8.45862]
				},
				"hair_strand3_bend": {
					"rotation": ["34.0333+Math.cos((query.anim_time) * 90 * 8/3 * 1 - 170) * 2", -7.73303, -16.39954]
				},
				"hair_strand3_base_bend": {
					"rotation": ["38.4635+Math.cos((query.anim_time) * 90 * 8/3 * 1 - 170) * 2", 11.84911, 9.26433]
				},
				"hair_strand3_base": {
					"rotation": [-20, 0, 0]
				},
				"hair_strand2_base_bend": {
					"rotation": ["38.4635+Math.cos((query.anim_time) * 90 * 8/3 * 1 - 170) * 2", 11.84911, 9.26433]
				},
				"hair_strand4_base": {
					"rotation": [-223.45113, -49.98055, -194.38879]
				},
				"hair_strand4_base_bend": {
					"rotation": ["57.265+Math.cos((query.anim_time) * 90 * 3/3 * 1 - 170) * 2", 16.3882, 15.63367]
				},
				"hair_strand4_bend": {
					"rotation": ["55.6431+Math.cos((query.anim_time) * 90 * 3/3 * 1 - 170) * 2", -7.13136, -10.29284]
				},
				"hair_strand4_mid": {
					"rotation": ["56.395+Math.cos((query.anim_time) * 90 * 3/3 * 1 - 170) * 2", -17.72091, -24.60981]
				},
				"hair_strand4_mid_bend": {
					"rotation": ["3.6091+Math.cos((query.anim_time) * 90 * 3/3 * 1 - 170) * 2", 36.27011, -14.27393]
				},
				"hair_strand4_end": {
					"rotation": [-14.2634, -4.65852, -56.5429]
				},
				"hair_strand4_end_bend": {
					"rotation": [0, -50, 0]
				},
				"hair_strand4_tip": {
					"rotation": [0, -50, 0]
				},
				"hair_strand3_strand_base": {
					"rotation": [-32.30998, -25.71543, 10.09541]
				},
				"hair_strand3_strand_bend": {
					"rotation": [26.05573, -15.81499, -7.59001]
				},
				"hair_strand3_strand_end": {
					"rotation": [17.5, -35, 0]
				},
				"hair_strand3_strand_end_bend": {
					"rotation": [0, -55, 0]
				},
				"hair_strand3_strand_tip": {
					"rotation": [0, 47.5, 0]
				},
				"hair_strand4_strand_mid": {
					"rotation": [57.05902, 28.53623, 36.40051]
				},
				"hair_strand4_strand_bend": {
					"rotation": [59.74943, 14.98328, 16.98216]
				},
				"hair_strand4_strand_base": {
					"rotation": ["-15+Math.cos((query.anim_time) * 90 * 8/3 * 1 - 170) * 2", 37.5, 0]
				},
				"hair_strand4_strand_end": {
					"rotation": [27.5, -42.5, 0]
				},
				"hair_strand4_strand_end_bend": {
					"rotation": [0, -37.5, 0]
				},
				"hair_strand4_strand_tip": {
					"rotation": [0, -62.5, 0]
				},
				"hair_strand4_strand2_tip": {
					"rotation": [0, 40, 0]
				},
				"hair_strand4_strand2_end": {
					"rotation": [55, 32.5, 0]
				},
				"hair_strand4_strand2_base": {
					"rotation": [-7.05612, 15.03629, 0.61415]
				},
				"hair_strand5_base": {
					"rotation": ["156.874+Math.cos((query.anim_time) * 90 * 8/3 * 1 - 170) * 2", 190.51794, -186.79286]
				},
				"hair_strand5_bend": {
					"rotation": [69.5662, 26.94622, 18.89595]
				},
				"hair_strand5_mid": {
					"rotation": [50, 0, 0]
				},
				"hair_strand5_end": {
					"rotation": [35, 32.5, 0]
				},
				"hair_strand5_end_bend": {
					"rotation": [0, 42.5, 0]
				},
				"hair_strand5_tip": {
					"rotation": [0, 55, 0]
				},
				"pupil_left": {
					"position": [0, 0.2, 0]
				},
				"ear_right": {
					"scale": 0
				},
				"zoroark": {
					"position": [0, -0.5, 0]
				},
				"hair5": {
					"rotation": [-10, 0, 0]
				},
				"hair6": {
					"rotation": ["-17.5-Math.cos((query.anim_time) * 90 * 8/3 * 1 - 170) * 1", 0, 0]
				},
				"hair7": {
					"rotation": ["-27.5-Math.cos((query.anim_time) * 90 * 8/3 * 1 - 170) * 1", 0, 0]
				},
				"hair8": {
					"rotation": [-25, 0, 0]
				},
				"hair9": {
					"rotation": [-7.5, 0, 0]
				},
				"hair10": {
					"rotation": [15, 0, 0]
				},
				"bead": {
					"rotation": [20, 0, 0]
				},
				"hair_strand2_bend2": {
					"rotation": [22.5, 0, 0]
				},
				"hair_strand2_mid2": {
					"rotation": [25.18908, -6.79382, -3.18458]
				},
				"hair_strand2_mid_bend2": {
					"rotation": [31.5667, 17.2294, 10.3141]
				},
				"hair_strand2_end2": {
					"rotation": [-22.79588, -28.02432, 11.17023]
				},
				"hair_strand2_end_bend2": {
					"rotation": [36.04466, 31.81666, 20.98998]
				},
				"hair_strand2_tip2": {
					"rotation": [-32.82562, -36.08272, 3.68177]
				},
				"hair_strand2_mid3": {
					"rotation": [34.93751, 19.34818, 13.7221]
				},
				"hair_strand2_mid_bend3": {
					"rotation": [-39.23412, -15.74419, 12.49325]
				},
				"hair_strand2_end3": {
					"rotation": [39.70042, 26.11218, 20.07273]
				},
				"hair_strand2_end_bend3": {
					"rotation": [37.61557, -40.84182, -26.744]
				},
				"hair_strand2_tip3": {
					"rotation": [-33.12598, 10.51794, -6.79286]
				},
				"hair_strand2_mid4": {
					"rotation": [34.93751, -19.34818, -13.7221]
				},
				"hair_strand2_mid_bend4": {
					"rotation": [-39.23412, 15.74419, -12.49325]
				},
				"hair_strand2_end4": {
					"rotation": [39.70042, -26.11218, -20.07273]
				},
				"hair_strand2_end_bend4": {
					"rotation": [37.61557, 40.84182, 26.744]
				},
				"hair_strand2_tip4": {
					"rotation": [-33.12598, -10.51794, 6.79286]
				}
			}
		},
		"animation.zoroark_hisuian_mega.pose": {
			"loop": true,
			"bones": {
				"body": {
					"position": [0, -5.45, 0]
				},
				"torso": {
					"rotation": [24.73973, -30.03698, 0.50131],
					"position": [0, -0.6, 0]
				},
				"waist": {
					"rotation": [12.58016, 12.56232, -12.46577],
					"position": [0.6, 0, 0]
				},
				"arm_right": {
					"rotation": [-16.07819, -39.8755, -43.38279]
				},
				"arm_right2": {
					"rotation": [10.27858, -55.75845, -5.74599]
				},
				"claw_back_right": {
					"rotation": [0, 0, -20]
				},
				"claw_middle_right": {
					"rotation": [0, 0, -20]
				},
				"claw_front_right": {
					"rotation": [0, 0, -20]
				},
				"head": {
					"rotation": [-47.5, -4, 0],
					"position": [0, -1.5, 0.2]
				},
				"snout2": {
					"rotation": [0, 0, 0]
				},
				"leg_left": {
					"rotation": [49.53795, -15.88978, -33.49964],
					"position": [1, 0, 1.5]
				},
				"leg_left2": {
					"rotation": [2.5, 0, 0]
				},
				"foot_left": {
					"rotation": [-30.99815, 39.8232, -0.59162]
				},
				"foot_left2": {
					"rotation": [3, 0, 0]
				},
				"chest": {
					"rotation": [42.5, 22.5, -5]
				},
				"arm_left": {
					"rotation": [-36.51449, 38.93089, 59.90514]
				},
				"arm_left2": {
					"rotation": [-3.46983, 63.2016, 3.61324]
				},
				"bang_front": {
					"rotation": [0, 12.5, 0]
				},
				"bang_front_bend": {
					"rotation": [35.93866, 12.2403, 8.73739]
				},
				"bang_front_mid": {
					"rotation": [36.05326, -40.00638, -39.11175]
				},
				"bang_front_end": {
					"rotation": [51.34816, 50.19019, 43.8455]
				},
				"bang_front_tip": {
					"rotation": [0, 42.5, 0]
				},
				"hair_strand1_base": {
					"rotation": [1.56614, 28.48848, -13.73557]
				},
				"hair_strand1_bend": {
					"rotation": [20.15874, -7.04533, -2.57816]
				},
				"hair_strand1_mid": {
					"rotation": [52.29608, -4.21996, -9.20669]
				},
				"hair_strand1_end": {
					"rotation": [-43.97392, 8.56838, 14.28455]
				},
				"hair_strand1_end_bend": {
					"rotation": [0, 32.5, 0]
				},
				"hair_strand1_mid_bend": {
					"rotation": [-25.76926, 13.56626, -6.46066]
				},
				"hair_strand1_tip": {
					"rotation": [0, 60, 0]
				},
				"leg_right": {
					"rotation": [-46.03789, -16.90951, 16.60893]
				},
				"leg_right2": {
					"rotation": [43.82795, 5.79007, 6.84751]
				},
				"foot_right2": {
					"rotation": [-5, 0, 0]
				},
				"tail": {
					"rotation": [0, 15, 0]
				},
				"claw_back_left": {
					"rotation": [0, 0, 20]
				},
				"claw_middle_left": {
					"rotation": [0, 0, 20]
				},
				"claw_front_left": {
					"rotation": [0, 0, 20]
				},
				"chest_fluff": {
					"rotation": [-3.03513, -9.53274, 17.75313]
				},
				"foot_wisp_left": {
					"rotation": [0, 70, 0]
				},
				"foot_wisp_left_mid": {
					"rotation": [-56.12803, 55.39035, -39.37967]
				},
				"foot_wisp_left_end": {
					"rotation": [0, -55, 0]
				},
				"leg_wisp_left_mid": {
					"rotation": [30, -25, 0]
				},
				"leg_wisp_left_end": {
					"rotation": [0, 50, 0]
				},
				"foot_right": {
					"rotation": [10, 0, -15]
				},
				"hair_strand2_base": {
					"rotation": [-28.87809, 21.5087, -16.05815]
				},
				"hair_strand2_bend": {
					"rotation": [26.06663, -9.08661, 17.89244]
				},
				"hair_strand2_mid": {
					"rotation": [34.58859, -18.82943, -12.54707]
				},
				"hair_strand2_mid_bend": {
					"rotation": [42.02427, -27.22866, -20.28429]
				},
				"hair_strand2_end": {
					"rotation": [0, 42.5, 0]
				},
				"hair_strand2_end_bend": {
					"rotation": [0, 47.5, 0]
				},
				"hair_strand2_tip": {
					"rotation": [0, 60, 0]
				},
				"hair_strand2_base_bend": {
					"rotation": [38.46347, 11.84911, 9.26433]
				},
				"pupil_left": {
					"position": [0, 0.2, 0]
				},
				"mega_zoroark_hisuian_mega": {
					"position": [0, -0.5, 0]
				},
				"leg_wisp_left": {
					"rotation": [-151.51262, 23.91719, -143.29584]
				},
				"foot_wisp_left_end2": {
					"rotation": [0, -45, 0]
				},
				"foot_wisp_left_end3": {
					"rotation": [20, 87.5, 0]
				},
				"foot_wisp_left_end4": {
					"rotation": [17.5, -50, 0]
				},
				"foot_wisp_right": {
					"rotation": [-12.5, -42.5, 0]
				},
				"foot_wisp_right_mid": {
					"rotation": [-56.12803, 55.39035, -39.37967]
				},
				"foot_wisp_right_end": {
					"rotation": [0, -55, 0]
				},
				"foot_wisp_right_end2": {
					"rotation": [0, -45, 0]
				},
				"foot_wisp_right_end3": {
					"rotation": [20, 87.5, 0]
				},
				"foot_wisp_right_end4": {
					"rotation": [17.5, -50, 0]
				},
				"leg_wisp_left_end2": {
					"rotation": [25, 42.5, 0]
				},
				"leg_wisp_right": {
					"rotation": [32.5, 0, 0]
				},
				"leg_wisp_right_mid": {
					"rotation": [30, -25, 0]
				},
				"leg_wisp_right_end": {
					"rotation": [0, 50, 0]
				},
				"leg_wisp_right_end2": {
					"rotation": [25, -42.5, 0]
				},
				"arm_fluff_left": {
					"rotation": [12.10193, 11.91276, -3.81397]
				},
				"arm_fluff_left2": {
					"rotation": [44.76498, -16.3882, -15.63367]
				},
				"arm_fluff_left3": {
					"rotation": [35, 0, 0]
				},
				"arm_fluff_left4": {
					"rotation": [-47.81374, 17.38772, -18.2489]
				},
				"arm_fluff_left5": {
					"rotation": [-36.33914, -24.94169, 17.23442]
				},
				"arm_fluff_left6": {
					"rotation": [60, 0, 0]
				},
				"arm_fluff_right": {
					"rotation": [-17.89807, 11.91276, -3.81397]
				},
				"arm_fluff_right2": {
					"rotation": [44.76498, -16.3882, -15.63367]
				},
				"arm_fluff_right3": {
					"rotation": [35, 0, 0]
				},
				"arm_fluff_right4": {
					"rotation": [-47.81374, 17.38772, -18.2489]
				},
				"arm_fluff_right5": {
					"rotation": [-36.33914, -24.94169, 17.23442]
				},
				"arm_fluff_right6": {
					"rotation": [60, 0, 0]
				},
				"hair5": {
					"rotation": [-10, 0, 0]
				},
				"hair6": {
					"rotation": ["-17.5+0", 0, 0]
				},
				"hair7": {
					"rotation": [-27.5, 0, 0]
				},
				"hair8": {
					"rotation": [-22.5, 0, 0]
				},
				"hair9": {
					"rotation": [-7.5, 0, 0]
				},
				"hair10": {
					"rotation": [15, 0, 0]
				},
				"bead": {
					"rotation": [10, 0, 0]
				},
				"hair_strand2_bend2": {
					"rotation": [25, 0, 0]
				},
				"arm_right_tuft": {
					"rotation": [0, 0, 12.5]
				},
				"arm_left_tuft": {
					"rotation": [0, 0, -12.5]
				},
				"arm_left_tuft2": {
					"rotation": [0, 0, 30]
				},
				"arm_right_tuft2": {
					"rotation": [0, 0, -30]
				},
				"hair_strand2_mid2": {
					"rotation": [25.18908, -6.79382, -3.18458]
				},
				"hair_strand2_mid_bend2": {
					"rotation": [31.5667, 17.2294, 10.3141]
				},
				"hair_strand2_end2": {
					"rotation": [-22.79588, -28.02432, 11.17023]
				},
				"hair_strand2_end_bend2": {
					"rotation": [36.04466, 31.81666, 20.98998]
				},
				"hair_strand2_tip2": {
					"rotation": [-32.82562, -36.08272, 3.68177]
				},
				"hair_strand2_mid3": {
					"rotation": [34.93751, 19.34818, 13.7221]
				},
				"hair_strand2_mid_bend3": {
					"rotation": [-39.23412, -15.74419, 12.49325]
				},
				"hair_strand2_end3": {
					"rotation": [39.70042, 26.11218, 20.07273]
				},
				"hair_strand2_end_bend3": {
					"rotation": [37.61557, -40.84182, -26.744]
				},
				"hair_strand2_tip3": {
					"rotation": [-33.12598, 10.51794, -6.79286]
				},
				"hair_strand2_mid4": {
					"rotation": [34.93751, -19.34818, -13.7221]
				},
				"hair_strand2_mid_bend4": {
					"rotation": [-39.23412, 15.74419, -12.49325]
				},
				"hair_strand2_end4": {
					"rotation": [39.70042, -26.11218, -20.07273]
				},
				"hair_strand2_end_bend4": {
					"rotation": [37.61557, 40.84182, 26.744]
				},
				"hair_strand2_tip4": {
					"rotation": [-33.12598, -10.51794, 6.79286]
				}
			}
		},
		"animation.zoroark_hisuian_mega.ground_walk": {
			"loop": true,
			"animation_length": 1.5,
			"bones": {
				"body": {
					"position": [0, -3.95, 0],
					"scale": 0.85
				},
				"torso": {
					"rotation": [
						"34.7397+Math.cos((query.anim_time) * 90 * 8/3 * 2 - 90) * 2",
						"-30.037+Math.cos((query.anim_time) * 90 * 8/3 - 90) * 5",
						"0.5013+Math.cos((query.anim_time) * 90 * 8/3 - 90) * -8"
					],
					"position": [0, "-0.6+Math.cos((query.anim_time) * 90 * 8/3 * 2) * 0.8", 0]
				},
				"waist": {
					"rotation": [20.08016, 12.56232, -12.46577],
					"position": [0.6, 0, 0]
				},
				"arm_right": {
					"rotation": [-16.07819, "-39.8755+Math.cos((query.anim_time) * 90 * 8/3) * -20", "-43.3828+Math.cos((query.anim_time) * 90 * 8/3 - 90) * 10"]
				},
				"arm_right2": {
					"rotation": [10.27858, "-55.7584+Math.cos((query.anim_time) * 90 * 8/3 - 90) * -20", -5.74599]
				},
				"claw_back_right": {
					"rotation": [0, 0, -20]
				},
				"claw_middle_right": {
					"rotation": [0, 0, -20]
				},
				"claw_front_right": {
					"rotation": [0, 0, -20]
				},
				"head": {
					"rotation": [-35, -4, 0],
					"position": [0, -1.5, 0.2]
				},
				"snout2": {
					"rotation": [0, 0, 0]
				},
				"leg_left": {
					"rotation": {
						"0.0": [-43.625, -12.5, 0],
						"0.1667": [-35.845, -9.72, 0],
						"0.75": [27.5, 0, 0],
						"0.875": [23.67, -2.08, 0],
						"1.1667": [-26.94, -6.94, 0],
						"1.5": [-43.625, -12.5, 0]
					},
					"position": {
						"0.0": [0, 0, 0],
						"0.2083": [0, -0.97, 0],
						"0.3333": [0, -0.75, 0],
						"0.4167": [0, 0, 0],
						"0.9167": [0, 0, 0],
						"1.0833": [0, 0.75, 0],
						"1.25": [0, 0.7, 0],
						"1.5": [0, 0, 0]
					}
				},
				"leg_left2": {
					"rotation": {
						"0.0": [0, 0, 0],
						"0.125": [-8.805, 0, 0],
						"0.3333": [-13.11, 0, 0],
						"0.75": [-2.5, 0, 0],
						"1.1667": [41.39, 0, 0],
						"1.5": [0, 0, 0]
					}
				},
				"foot_left": {
					"rotation": {
						"0.0": [10, 0, 0],
						"0.25": [-6.67, 0, 0],
						"0.4167": [21.11, 0, 0],
						"0.625": [-8.17, 0, 0],
						"0.75": [-10, 0, 0],
						"1.1667": [19.44, 0, 0],
						"1.375": [26.04, 0, 0],
						"1.5": [10, 0, 0]
					}
				},
				"foot_left2": {
					"rotation": [3, 0, 0]
				},
				"chest": {
					"rotation": [42.5, 22.5, -5]
				},
				"arm_left": {
					"rotation": [-67.71842, "59.9852+Math.cos((query.anim_time) * 90 * 8/3) * -20", "20.1783+Math.cos((query.anim_time) * 90 * 8/3 - 90) * 10"]
				},
				"arm_left2": {
					"rotation": [14.07606, "4.7183+Math.cos((query.anim_time) * 90 * 8/3 - 90) * -20", 15.91377]
				},
				"bang_front": {
					"rotation": ["0+Math.cos((query.anim_time) * 90 * 8/3 * 1 - 170) * 2", 12.5, 0]
				},
				"bang_front_bend": {
					"rotation": ["35.9387+Math.cos((query.anim_time) * 90 * 8/3 * 1 - 170) * 2", 12.2403, 8.73739]
				},
				"bang_front_mid": {
					"rotation": ["36.0533+Math.cos((query.anim_time) * 90 * 8/3 * 1 - 170) * 2", -40.0064, -39.1118]
				},
				"bang_front_end": {
					"rotation": [51.34816, "50.1902+Math.cos((query.anim_time) * 90 * 8/3 * 1 - 170) * 2", 43.8455]
				},
				"bang_front_tip": {
					"rotation": [0, "42.5+Math.cos((query.anim_time) * 90 * 8/3 * 1 - 170) * 2", 0]
				},
				"hair_strand1_base": {
					"rotation": ["1.5661+Math.cos((query.anim_time) * 90 * 8/3 * 1 - 170) * 2", 28.48848, -13.73557]
				},
				"hair_strand1_bend": {
					"rotation": ["20.1587+Math.cos((query.anim_time) * 90 * 8/3 * 1 - 170) * 2", -7.04533, -2.57816]
				},
				"hair_strand1_mid": {
					"rotation": ["52.2961+Math.cos((query.anim_time) * 90 * 8/3 * 1 - 170) * 2", -4.21996, -9.20669]
				},
				"hair_strand1_end": {
					"rotation": ["-43.9739+Math.cos((query.anim_time) * 90 * 8/3 * 1 - 170) * 2", 8.56838, 14.28455]
				},
				"hair_strand1_end_bend": {
					"rotation": ["0+Math.cos((query.anim_time) * 90 * 8/3 * 1 - 170) * 2", 32.5, 0]
				},
				"hair_strand1_mid_bend": {
					"rotation": ["-25.7693+Math.cos((query.anim_time) * 90 * 8/3 * 1 - 170) * 2", 13.56626, -6.46066]
				},
				"hair_strand1_tip": {
					"rotation": ["0+Math.cos((query.anim_time) * 90 * 8/3 * 1 - 170) * 2", 60, 0]
				},
				"leg_right": {
					"rotation": {
						"0.0": [27.5, 0, 0],
						"0.125": [23.67, 2.08, 0],
						"0.4167": [-26.94, 6.94, 0],
						"0.75": [-43.625, 12.5, 0],
						"0.9167": [-35.845, 9.72, 0],
						"1.5": [27.5, 0, 0]
					},
					"position": {
						"0.0": [0, 0, 0],
						"0.1667": [0, 0, 0],
						"0.3333": [0, 0.75, 0],
						"0.5": [0, 0.7, 0],
						"0.75": [0, 0, 0],
						"0.9583": [0, -0.97, 0],
						"1.0833": [0, -0.75, 0],
						"1.1667": [0, 0, 0],
						"1.5": [0, 0, 0]
					}
				},
				"leg_right2": {
					"rotation": {
						"0.0": [-2.5, 0, 0],
						"0.4167": [41.39, 0, 0],
						"0.75": [0, 0, 0],
						"0.875": [-8.805, 0, 0],
						"1.0833": [-13.11, 0, 0],
						"1.5": [-2.5, 0, 0]
					}
				},
				"foot_right2": {
					"rotation": [-5, 0, 0]
				},
				"tail": {
					"rotation": [0, 15, 0]
				},
				"arm_fluff_left": {
					"rotation": [0, -15, 0]
				},
				"arm_fluff_left2": {
					"rotation": [27.5, 0, 0]
				},
				"claw_back_left": {
					"rotation": [0, 0, 20]
				},
				"claw_middle_left": {
					"rotation": [0, 0, 20]
				},
				"claw_front_left": {
					"rotation": [0, 0, 20]
				},
				"arm_fluff_right": {
					"rotation": [0, -20, 0]
				},
				"arm_fluff_right2": {
					"rotation": [25, 0, 0]
				},
				"chest_fluff": {
					"rotation": [-3.03513, -9.53274, 17.75313]
				},
				"foot_wisp_left": {
					"rotation": [0, 27.5, 0]
				},
				"foot_wisp_left_mid": {
					"rotation": [0, 45, 0]
				},
				"foot_wisp_left_end": {
					"rotation": [0, -45, 0]
				},
				"leg_wisp_left_mid": {
					"rotation": [0, -25, 0]
				},
				"leg_wisp_left_end": {
					"rotation": [0, 50, 0]
				},
				"leg_wisp_right": {
					"rotation": [52.64876, 7.68454, -8.21533]
				},
				"leg_wisp_right_mid": {
					"rotation": [0, 10, 0]
				},
				"leg_wisp_right_end": {
					"rotation": [0, -37.5, 0]
				},
				"foot_wisp_right": {
					"rotation": [-31.5667, -17.2294, 10.3141]
				},
				"foot_wisp_right_mid": {
					"rotation": [0, -32.5, 0]
				},
				"foot_wisp_right_end": {
					"rotation": [0, 47.5, 0]
				},
				"foot_right": {
					"rotation": {
						"0.0": [-10, 0, 0],
						"0.4167": [19.44, 0, 0],
						"0.625": [26.04, 0, 0],
						"0.75": [10, 0, 0],
						"1.0": [-6.67, 0, 0],
						"1.1667": [21.11, 0, 0],
						"1.375": [-8.17, 0, 0],
						"1.5": [-10, 0, 0]
					}
				},
				"hair_strand2_base": {
					"rotation": ["-28.8781+Math.cos((query.anim_time) * 90 * 2/3 * 1 - 170) * 2", 21.5087, -16.05815]
				},
				"hair_strand2_bend": {
					"rotation": ["26.0666+Math.cos((query.anim_time) * 90 * 2/3 * 1 - 170) * 2", -9.08661, 17.89244]
				},
				"hair_strand2_mid": {
					"rotation": ["34.5886+Math.cos((query.anim_time) * 90 * 2/3 * 1 - 170) * 2", -18.82943, -12.54707]
				},
				"hair_strand2_mid_bend": {
					"rotation": ["42.0243+Math.cos((query.anim_time) * 90 * 2/3 * 1 - 170) * 2", -27.22866, -20.28429]
				},
				"hair_strand2_end": {
					"rotation": ["0+Math.cos((query.anim_time) * 90 * 2/3 * 1 - 170) * 2", 42.5, 0]
				},
				"hair_strand2_end_bend": {
					"rotation": [0, 47.5, 0]
				},
				"hair_strand2_tip": {
					"rotation": [0, 60, 0]
				},
				"hair_strand3_tip": {
					"rotation": [0, -42.5, 0]
				},
				"hair_strand3_end_bend": {
					"rotation": [0, -37.5, 0]
				},
				"hair_strand3_end": {
					"rotation": ["-3.5086+Math.cos((query.anim_time) * 90 * 8/3 * 1 - 170) * 2", -31.4895, -12.286]
				},
				"hair_strand3_mid_bend": {
					"rotation": ["-22.31+Math.cos((query.anim_time) * 90 * 8/3 * 1 - 170) * 2", 25.71543, -10.09541]
				},
				"hair_strand3_mid": {
					"rotation": ["57.8962+Math.cos((query.anim_time) * 90 * 8/3 * 1 - 170) * 2", 5.35355, 8.45862]
				},
				"hair_strand3_bend": {
					"rotation": ["34.0333+Math.cos((query.anim_time) * 90 * 8/3 * 1 - 170) * 2", -7.73303, -16.39954]
				},
				"hair_strand3_base_bend": {
					"rotation": ["38.4635+Math.cos((query.anim_time) * 90 * 8/3 * 1 - 170) * 2", 11.84911, 9.26433]
				},
				"hair_strand3_base": {
					"rotation": [-20, 0, 0]
				},
				"hair_strand2_base_bend": {
					"rotation": ["38.4635+Math.cos((query.anim_time) * 90 * 8/3 * 1 - 170) * 2", 11.84911, 9.26433]
				},
				"hair_strand4_base": {
					"rotation": [-223.45113, -49.98055, -194.38879]
				},
				"hair_strand4_base_bend": {
					"rotation": ["57.265+Math.cos((query.anim_time) * 90 * 3/3 * 1 - 170) * 2", 16.3882, 15.63367]
				},
				"hair_strand4_bend": {
					"rotation": ["55.6431+Math.cos((query.anim_time) * 90 * 3/3 * 1 - 170) * 2", -7.13136, -10.29284]
				},
				"hair_strand4_mid": {
					"rotation": ["56.395+Math.cos((query.anim_time) * 90 * 3/3 * 1 - 170) * 2", -17.72091, -24.60981]
				},
				"hair_strand4_mid_bend": {
					"rotation": ["3.6091+Math.cos((query.anim_time) * 90 * 3/3 * 1 - 170) * 2", 36.27011, -14.27393]
				},
				"hair_strand4_end": {
					"rotation": [-14.2634, -4.65852, -56.5429]
				},
				"hair_strand4_end_bend": {
					"rotation": [0, -50, 0]
				},
				"hair_strand4_tip": {
					"rotation": [0, -50, 0]
				},
				"hair_strand3_strand_base": {
					"rotation": [-32.30998, -25.71543, 10.09541]
				},
				"hair_strand3_strand_bend": {
					"rotation": [26.05573, -15.81499, -7.59001]
				},
				"hair_strand3_strand_end": {
					"rotation": [17.5, -35, 0]
				},
				"hair_strand3_strand_end_bend": {
					"rotation": [0, -55, 0]
				},
				"hair_strand3_strand_tip": {
					"rotation": [0, 47.5, 0]
				},
				"hair_strand4_strand_mid": {
					"rotation": [57.05902, 28.53623, 36.40051]
				},
				"hair_strand4_strand_bend": {
					"rotation": [59.74943, 14.98328, 16.98216]
				},
				"hair_strand4_strand_base": {
					"rotation": ["-15+Math.cos((query.anim_time) * 90 * 8/3 * 1 - 170) * 2", 37.5, 0]
				},
				"hair_strand4_strand_end": {
					"rotation": [27.5, -42.5, 0]
				},
				"hair_strand4_strand_end_bend": {
					"rotation": [0, -37.5, 0]
				},
				"hair_strand4_strand_tip": {
					"rotation": [0, -62.5, 0]
				},
				"hair_strand4_strand2_tip": {
					"rotation": [0, 40, 0]
				},
				"hair_strand4_strand2_end": {
					"rotation": [55, 32.5, 0]
				},
				"hair_strand4_strand2_base": {
					"rotation": [-7.05612, 15.03629, 0.61415]
				},
				"hair_strand5_base": {
					"rotation": ["156.874+Math.cos((query.anim_time) * 90 * 8/3 * 1 - 170) * 2", 190.51794, -186.79286]
				},
				"hair_strand5_bend": {
					"rotation": [69.5662, 26.94622, 18.89595]
				},
				"hair_strand5_mid": {
					"rotation": [50, 0, 0]
				},
				"hair_strand5_end": {
					"rotation": [35, 32.5, 0]
				},
				"hair_strand5_end_bend": {
					"rotation": [0, 42.5, 0]
				},
				"hair_strand5_tip": {
					"rotation": [0, 55, 0]
				},
				"pupil_left": {
					"position": [0, 0.2, 0]
				},
				"ear_right": {
					"scale": 0
				},
				"zoroark": {
					"position": [0, -0.5, 0]
				},
				"hair5": {
					"rotation": [-10, 0, 0]
				},
				"hair6": {
					"rotation": ["-17.5+0", 0, 0]
				},
				"hair7": {
					"rotation": [-27.5, 0, 0]
				},
				"hair8": {
					"rotation": [-25, 0, 0]
				},
				"hair9": {
					"rotation": [-7.5, 0, 0]
				},
				"hair10": {
					"rotation": [15, 0, 0]
				},
				"bead": {
					"rotation": [20, 0, 0]
				},
				"hair_strand2_bend2": {
					"rotation": [22.5, 0, 0]
				},
				"hair_strand2_mid2": {
					"rotation": [25.18908, -6.79382, -3.18458]
				},
				"hair_strand2_mid_bend2": {
					"rotation": [31.5667, 17.2294, 10.3141]
				},
				"hair_strand2_end2": {
					"rotation": [-22.79588, -28.02432, 11.17023]
				},
				"hair_strand2_end_bend2": {
					"rotation": [36.04466, 31.81666, 20.98998]
				},
				"hair_strand2_tip2": {
					"rotation": [-32.82562, -36.08272, 3.68177]
				},
				"hair_strand2_mid3": {
					"rotation": [34.93751, 19.34818, 13.7221]
				},
				"hair_strand2_mid_bend3": {
					"rotation": [-39.23412, -15.74419, 12.49325]
				},
				"hair_strand2_end3": {
					"rotation": [39.70042, 26.11218, 20.07273]
				},
				"hair_strand2_end_bend3": {
					"rotation": [37.61557, -40.84182, -26.744]
				},
				"hair_strand2_tip3": {
					"rotation": [-33.12598, 10.51794, -6.79286]
				},
				"hair_strand2_mid4": {
					"rotation": [34.93751, -19.34818, -13.7221]
				},
				"hair_strand2_mid_bend4": {
					"rotation": [-39.23412, 15.74419, -12.49325]
				},
				"hair_strand2_end4": {
					"rotation": [39.70042, -26.11218, -20.07273]
				},
				"hair_strand2_end_bend4": {
					"rotation": [37.61557, 40.84182, 26.744]
				},
				"hair_strand2_tip4": {
					"rotation": [-33.12598, -10.51794, 6.79286]
				}
			}
		},
		"animation.zoroark_hisuian_mega.hair_setup": {
			"loop": true,
			"bones": {
				"bang_front": {
					"rotation": [0, 12.5, 0]
				},
				"bang_front_bend": {
					"rotation": [35.93866, 12.2403, 8.73739]
				},
				"bang_front_mid": {
					"rotation": [36.05326, -40.00638, -39.11175]
				},
				"bang_front_end": {
					"rotation": [51.34816, 50.19019, 43.8455]
				},
				"bang_front_tip": {
					"rotation": [0, 42.5, 0]
				},
				"hair_strand1_base": {
					"rotation": [1.56614, 28.48848, -13.73557]
				},
				"hair_strand1_bend": {
					"rotation": [20.15874, -7.04533, -2.57816]
				},
				"hair_strand1_mid": {
					"rotation": [52.29608, -4.21996, -9.20669]
				},
				"hair_strand1_mid_bend": {
					"rotation": [-25.76926, 13.56626, -6.46066]
				},
				"hair_strand1_end": {
					"rotation": [-43.97392, 8.56838, 14.28455]
				},
				"hair_strand1_end_bend": {
					"rotation": [0, 32.5, 0]
				},
				"hair_strand1_tip": {
					"rotation": [0, 60, 0]
				},
				"hair_strand2_base": {
					"rotation": [-28.87809, 21.5087, -16.05815]
				},
				"hair_strand2_base_bend": {
					"rotation": [38.46347, 11.84911, 9.26433]
				},
				"hair_strand2_bend": {
					"rotation": [26.06663, -9.08661, 17.89244]
				},
				"hair_strand2_mid": {
					"rotation": [34.58859, -18.82943, -12.54707]
				},
				"hair_strand2_mid_bend": {
					"rotation": [42.02427, -27.22866, -20.28429]
				},
				"hair_strand2_end": {
					"rotation": [0, 42.5, 0]
				},
				"hair_strand2_end_bend": {
					"rotation": [0, 47.5, 0]
				},
				"hair_strand2_tip": {
					"rotation": [0, 60, 0]
				},
				"torso": {
					"position": [0, -5, 0]
				},
				"leg_left": {
					"position": [1, -1, 0]
				},
				"leg_left2": {
					"rotation": [5, 0, 0]
				},
				"foot_left": {
					"rotation": [-10, 0, 0]
				},
				"foot_left2": {
					"rotation": [2.5, 0, 0]
				},
				"leg_right": {
					"position": [-1, -1, 0]
				},
				"leg_right2": {
					"rotation": [10, 0, 0]
				},
				"foot_right": {
					"rotation": [-7.5, 0, 0]
				}
			}
		},
		"animation.zoroark_hisuian_mega.battle_idle": {
			"loop": true,
			"bones": {
				"body": {
					"position": [0, -8.45, 0],
					"scale": 0.85
				},
				"torso": {
					"rotation": [49.73973, -30.03698, 0.50131],
					"position": [0, -0.6, 0]
				},
				"waist": {
					"rotation": [22.58016, 12.56232, -12.46577],
					"position": [0.6, 0, 0]
				},
				"arm_right": {
					"rotation": [-86.8599, -66.16255, 93.67743],
					"position": [0, 1.5, -1.5]
				},
				"arm_right2": {
					"rotation": [5.87318, -11.13107, 1.6422]
				},
				"claw_back_right": {
					"rotation": [0, 0, -40]
				},
				"claw_middle_right": {
					"rotation": [0, 0, -40]
				},
				"claw_front_right": {
					"rotation": [0, 0, -40]
				},
				"head": {
					"rotation": [-45.44533, -14.89565, -10.43703]
				},
				"snout2": {
					"rotation": [0, 0, 0]
				},
				"leg_left": {
					"rotation": [49.53795, -15.88978, -33.49964],
					"position": [1, 0, 1.5]
				},
				"leg_left2": {
					"rotation": [2.5, 0, 0]
				},
				"foot_left": {
					"rotation": [-30.99815, 39.8232, -0.59162]
				},
				"foot_left2": {
					"rotation": [3, 0, 0]
				},
				"chest": {
					"rotation": [39.84924, 13.07247, -13.63358]
				},
				"arm_left": {
					"rotation": [-65.47055, 10.12021, 31.66357]
				},
				"arm_left2": {
					"rotation": [43.73516, 69.47539, 56.59445]
				},
				"bang_front": {
					"rotation": [0, 12.5, 0]
				},
				"bang_front_bend": {
					"rotation": [35.93866, 12.2403, 8.73739]
				},
				"bang_front_mid": {
					"rotation": [36.05326, -40.00638, -39.11175]
				},
				"bang_front_end": {
					"rotation": [51.34816, 50.19019, 43.8455]
				},
				"bang_front_tip": {
					"rotation": [0, 42.5, 0]
				},
				"hair_strand1_base": {
					"rotation": [1.56614, 28.48848, -13.73557]
				},
				"hair_strand1_bend": {
					"rotation": [20.15874, -7.04533, -2.57816]
				},
				"hair_strand1_mid": {
					"rotation": [52.29608, -4.21996, -9.20669]
				},
				"hair_strand1_end": {
					"rotation": [-43.97392, 8.56838, 14.28455]
				},
				"hair_strand1_end_bend": {
					"rotation": [0, 32.5, 0]
				},
				"hair_strand1_mid_bend": {
					"rotation": [-25.76926, 13.56626, -6.46066]
				},
				"hair_strand1_tip": {
					"rotation": [0, 60, 0]
				},
				"leg_right": {
					"rotation": [-46.03789, -16.90951, 16.60893]
				},
				"leg_right2": {
					"rotation": [43.82795, 5.79007, 6.84751]
				},
				"foot_right2": {
					"rotation": [-5, 0, 0]
				},
				"tail": {
					"rotation": [0, 15, 0]
				},
				"arm_fluff_left": {
					"rotation": [0, 25, 0]
				},
				"arm_fluff_left2": {
					"rotation": [27.5, 0, 0]
				},
				"claw_back_left": {
					"rotation": [0, 0, 20]
				},
				"claw_middle_left": {
					"rotation": [0, 0, 20]
				},
				"claw_front_left": {
					"rotation": [0, 0, 20]
				},
				"arm_fluff_right": {
					"rotation": [0, 25, 0]
				},
				"arm_fluff_right2": {
					"rotation": [25, 0, 0]
				},
				"chest_fluff": {
					"rotation": [-3.03513, -9.53274, 17.75313]
				},
				"foot_wisp_left": {
					"rotation": [0, 27.5, 0]
				},
				"foot_wisp_left_mid": {
					"rotation": [0, 45, 0]
				},
				"foot_wisp_left_end": {
					"rotation": [0, -45, 0]
				},
				"leg_wisp_left_mid": {
					"rotation": [0, -25, 0]
				},
				"leg_wisp_left_end": {
					"rotation": [0, 50, 0]
				},
				"leg_wisp_right": {
					"rotation": [52.64876, 7.68454, -8.21533]
				},
				"leg_wisp_right_mid": {
					"rotation": [0, 10, 0]
				},
				"leg_wisp_right_end": {
					"rotation": [0, -37.5, 0]
				},
				"foot_wisp_right": {
					"rotation": [-31.5667, -17.2294, 10.3141]
				},
				"foot_wisp_right_mid": {
					"rotation": [0, -32.5, 0]
				},
				"foot_wisp_right_end": {
					"rotation": [0, 47.5, 0]
				},
				"foot_right": {
					"rotation": [10, 0, -15]
				},
				"hair_strand2_base": {
					"rotation": [-28.87809, 21.5087, -16.05815]
				},
				"hair_strand2_bend": {
					"rotation": [26.06663, -9.08661, 17.89244]
				},
				"hair_strand2_mid": {
					"rotation": [34.58859, -18.82943, -12.54707]
				},
				"hair_strand2_mid_bend": {
					"rotation": [42.02427, -27.22866, -20.28429]
				},
				"hair_strand2_end": {
					"rotation": [0, 42.5, 0]
				},
				"hair_strand2_end_bend": {
					"rotation": [0, 47.5, 0]
				},
				"hair_strand2_tip": {
					"rotation": [0, 60, 0]
				},
				"hair_strand3_tip": {
					"rotation": [0, -42.5, 0]
				},
				"hair_strand3_end_bend": {
					"rotation": [0, -37.5, 0]
				},
				"hair_strand3_end": {
					"rotation": [-3.50863, -31.4895, -12.286]
				},
				"hair_strand3_mid_bend": {
					"rotation": [-22.30998, 25.71543, -10.09541]
				},
				"hair_strand3_mid": {
					"rotation": [57.89618, 5.35355, 8.45862]
				},
				"hair_strand3_bend": {
					"rotation": [34.03327, -7.73303, -16.39954]
				},
				"hair_strand3_base_bend": {
					"rotation": [38.46347, 11.84911, 9.26433]
				},
				"hair_strand3_base": {
					"rotation": [-20, 0, 0]
				},
				"hair_strand2_base_bend": {
					"rotation": [38.46347, 11.84911, 9.26433]
				},
				"hair_strand4_base": {
					"rotation": [-223.45113, -49.98055, -194.38879]
				},
				"hair_strand4_base_bend": {
					"rotation": [57.26498, 16.3882, 15.63367]
				},
				"hair_strand4_bend": {
					"rotation": [55.6431, -7.13136, -10.29284]
				},
				"hair_strand4_mid": {
					"rotation": [56.39498, -17.72091, -24.60981]
				},
				"hair_strand4_mid_bend": {
					"rotation": [3.60909, 36.27011, -14.27393]
				},
				"hair_strand4_end": {
					"rotation": [-14.26338, -4.65852, -56.5429]
				},
				"hair_strand4_end_bend": {
					"rotation": [0, -50, 0]
				},
				"hair_strand4_tip": {
					"rotation": [0, -50, 0]
				},
				"hair_strand3_strand_base": {
					"rotation": [-32.30998, -25.71543, 10.09541]
				},
				"hair_strand3_strand_bend": {
					"rotation": [26.05573, -15.81499, -7.59001]
				},
				"hair_strand3_strand_end": {
					"rotation": [17.5, -35, 0]
				},
				"hair_strand3_strand_end_bend": {
					"rotation": [0, -55, 0]
				},
				"hair_strand3_strand_tip": {
					"rotation": [0, 47.5, 0]
				},
				"hair_strand4_strand_mid": {
					"rotation": [57.05902, 28.53623, 36.40051]
				},
				"hair_strand4_strand_bend": {
					"rotation": [59.74943, 14.98328, 16.98216]
				},
				"hair_strand4_strand_base": {
					"rotation": [-15, 37.5, 0]
				},
				"hair_strand4_strand_end": {
					"rotation": [27.5, -42.5, 0]
				},
				"hair_strand4_strand_end_bend": {
					"rotation": [0, -37.5, 0]
				},
				"hair_strand4_strand_tip": {
					"rotation": [0, -62.5, 0]
				},
				"hair_strand4_strand2_tip": {
					"rotation": [0, 40, 0]
				},
				"hair_strand4_strand2_end": {
					"rotation": [55, 32.5, 0]
				},
				"hair_strand4_strand2_base": {
					"rotation": [-8.69245, 24.94347, -1.51417]
				},
				"hair_strand5_base": {
					"rotation": [156.87402, 190.51794, -186.79286]
				},
				"hair_strand5_bend": {
					"rotation": [69.5662, 26.94622, 18.89595]
				},
				"hair_strand5_mid": {
					"rotation": [50, 0, 0]
				},
				"hair_strand5_end": {
					"rotation": [35, 32.5, 0]
				},
				"hair_strand5_end_bend": {
					"rotation": [0, 42.5, 0]
				},
				"hair_strand5_tip": {
					"rotation": [0, 55, 0]
				},
				"neck": {
					"rotation": [-30.69293, 15.05155, 5.36389]
				},
				"chest_fluff_left": {
					"rotation": [0, 2.5, 0]
				},
				"ear_right": {
					"scale": 0
				}
			}
		},
		"animation.zoroark_hisuian_mega.cry": {
			"loop": true,
			"animation_length": 1.0417,
			"bones": {
				"head": {
					"rotation": {
						"0.0": [0, 0, 0],
						"0.0417": [-1.68, 1, 0],
						"0.125": {
							"pre": [-5, 0, 0],
							"post": [-5, 0, 0],
							"lerp_mode": "catmullrom"
						},
						"0.2083": {
							"post": [-4.55, -2, 0],
							"lerp_mode": "catmullrom"
						},
						"0.625": {
							"post": [0.32, 0, 0],
							"lerp_mode": "catmullrom"
						},
						"0.8333": [0.46, 0.13, 0],
						"1.0417": [0, 0, 0]
					}
				},
				"snout": {
					"position": {
						"0.0": [0, 0, 0],
						"0.0833": [0, 0.2, 0],
						"0.1667": [0, 0.4, 0],
						"0.9167": [0, 0.2, 0],
						"1.0": [0, 0, 0]
					}
				},
				"fangs_top": {
					"position": {
						"0.9167": [0, 0, 0],
						"0.9583": [0, 1, 0]
					}
				},
				"jaw": {
					"scale": {
						"0.0": [1, 1, 1],
						"0.0417": {"pre": [1, 1, 1], "post": [0, 0, 0]},
						"1.0": [0, 0, 0],
						"1.0417": {"pre": [0, 0, 0], "post": [1, 1, 1]}
					}
				},
				"mouth_open": {
					"rotation": {
						"0.0": [0, 0, 0],
						"0.125": {
							"pre": [42.5, 0, 0],
							"post": [42.5, 0, 0],
							"lerp_mode": "catmullrom"
						},
						"0.375": {
							"post": [42.5, 0, 0],
							"lerp_mode": "catmullrom"
						},
						"0.5417": {
							"post": [25, 0, 0],
							"lerp_mode": "catmullrom"
						},
						"0.8333": [25, 0, 0],
						"0.9583": [0, 0, 0]
					},
					"position": {
						"0.0": [0, 0, 0],
						"0.0417": {"pre": [0, 0, 0], "post": [0, -1, -1]},
						"1.0": [0, -1, -1],
						"1.0417": {"pre": [0, -1, -1], "post": [0, 0, 0]}
					}
				},
				"pupil_left": {
					"position": [0, -0.2, -0.1]
				}
			},
			"sound_effects": {
				"0.0": {
					"effect": "zoroarkcry"
				}
			}
		},
		"animation.zoroark_hisuian_mega.blink": {
			"animation_length": 0.16667
		}
	}
}