{
	"format_version": "1.8.0",
	"animations": {
		"animation.zamazenta.ground_walk": {
			"loop": true,
			"animation_length": 1.5,
			"bones": {
				"frontlegleft": {
					"rotation": {
						"0.0": [-22.5, 0, 0],
						"0.75": [27.5, 0, 0],
						"1.5": [-22.5, 0, 0]
					}
				},
				"backlegleft": {
					"rotation": {
						"0.0": [25, 0, 0],
						"0.75": [-25, 0, 0],
						"1.5": [25, 0, 0]
					}
				},
				"frontlegright": {
					"rotation": {
						"0.0": [30, 0, 0],
						"0.75": [-20, 0, 0],
						"1.5": [30, 0, 0]
					}
				},
				"backlegright": {
					"rotation": {
						"0.0": [-22.5, 0, 0],
						"0.75": [22.5, 0, 0],
						"1.5": [-22.5, 0, 0]
					}
				},
				"Mane": {
					"position": {
						"0.0": [0, 0, 0],
						"0.7917": [0, 0.6, 0],
						"1.5": [0, 0, 0]
					}
				}
			}
		},
		"animation.zamazenta.ground_idle": {
			"loop": true,
			"animation_length": 3.91667,
			"bones": {
				"head": {
					"rotation": {
						"0.0": [0, 0, 0],
						"1.6667": [-5, 0, 0],
						"3.9167": [0, 0, 0]
					}
				},
				"Mane": {
					"position": {
						"0.0": [0, 0, 0],
						"1.6667": [0, 0.6, 0],
						"3.9167": [0, 0, 0]
					}
				}
			}
		}
	}
}