{
	"format_version": "1.8.0",
	"animations": {
		"animation.beedrill_mega.air_idle": {
			"loop": true,
			"bones": {
				"body": {
					"rotation": ["math.sin(q.anim_time*90*2)*2+22.5", 0, 0],
					"position": [
						"math.clamp(math.sin(q.anim_time*90*4)*0.6,-0.5,0)+math.clamp(math.sin(q.anim_time*90*4)*0.6,0,0.5)",
						"10+(math.clamp(math.sin(q.anim_time*90*4)*2,-1.5,0)+math.clamp(math.sin(q.anim_time*90*4)*2,0,1.5)+math.sin(q.anim_time*90*4)*10)*0.1",
						"math.sin(q.anim_time*90*2)*1"
					]
				},
				"wing_right": {
					"rotation": [0, "45-30*(math.sin(q.anim_time*90*4*6)*1+1)", 0]
				},
				"wing_right2": {
					"rotation": [0, "-4*(math.sin(q.anim_time*90*4*6-22.5)*1)+5", 0]
				},
				"abdomen": {
					"rotation": [-22.5, 0, 0]
				},
				"arm_right": {
					"rotation": [-45, 5, "-(math.sin(q.anim_time*90*4)*2+math.clamp(math.sin(q.anim_time*90*4)*1,0,5))"]
				},
				"arm_left": {
					"rotation": [-45, -5, "math.sin(q.anim_time*90*4)*2+math.clamp(math.sin(q.anim_time*90*4)*1,0,5)"]
				},
				"leg_right": {
					"rotation": ["math.sin(q.anim_time*90*2-45)*5+62.0973", 2.61272, 4.26454]
				},
				"leg_left": {
					"rotation": ["math.sin(q.anim_time*90*2-45)*5+62.0973", -2.61272, -4.26454]
				},
				"leg_left2": {
					"rotation": [-35.14943, 42.90543, -42.84493]
				},
				"head_AI": {
					"rotation": [-22.5, 0, 0]
				},
				"head": {
					"rotation": [7.5, 0, 0]
				},
				"arm_stinger_left": {
					"rotation": [0, 40, 65]
				},
				"arm_stinger_right": {
					"rotation": [0, -40, -65]
				},
				"leg_left3": {
					"rotation": [-35.14943, -42.90543, 42.84493]
				},
				"wing_left": {
					"rotation": [0, "-45+30*(math.sin(q.anim_time*90*4*6)*1+1)", 0]
				}
			}
		},
		"animation.beedrill_mega.air_fly": {
			"loop": true,
			"bones": {
				"body": {
					"rotation": ["math.sin(q.anim_time*90*2)*2+45", 0, 0],
					"position": [
						"math.clamp(math.sin(q.anim_time*90*4*0.5)*0.6,-0.5,0)+math.clamp(math.sin(q.anim_time*90*4*0.5)*0.6,0,0.5)",
						"(math.clamp(math.sin(q.anim_time*90*4*2)*2,-1.5,0)+math.clamp(math.sin(q.anim_time*90*4*2)*2,0,1.5)+math.sin(q.anim_time*90*4*2)*2)*0.1",
						"math.sin(q.anim_time*90*2)*1"
					]
				},
				"wing_right": {
					"rotation": [0, "40-30*(math.sin(q.anim_time*90*4*6)*1+1)", 0]
				},
				"wing_right2": {
					"rotation": [0, "-4*(math.sin(q.anim_time*90*4*6-22.5)*1)+5", 0]
				},
				"abdomen": {
					"rotation": [25, 0, 0]
				},
				"arm_right": {
					"rotation": [-35, -30, "-44-math.sin(q.anim_time*90*4)*2-math.clamp(math.sin(q.anim_time*90*4)*1,0,5)"]
				},
				"arm_left": {
					"rotation": [-35, 30, "44+math.sin(q.anim_time*90*4)*2+math.clamp(math.sin(q.anim_time*90*4)*1,0,5)"]
				},
				"leg_right": {
					"rotation": ["math.sin(q.anim_time*90*2-45)*5+70", -16, -17]
				},
				"leg_left": {
					"rotation": ["math.sin(q.anim_time*90*2-45)*5+70", 16, 17]
				},
				"head": {
					"rotation": ["-math.sin(q.anim_time*90*2)*2-15", 0, 0],
					"position": [0, 0, -1]
				},
				"head_AI": {
					"rotation": [-22.5, 0, 0]
				}
			}
		},
		"animation.beedrill_mega.sleep": {
			"loop": true,
			"bones": {
				"body": {
					"rotation": [82.5, 0, 0],
					"position": [0, -13.25, 0]
				},
				"head": {
					"rotation": ["-44.5+math.sin(q.anim_time*90*2)*0.5", 14.25, 0.25]
				},
				"torso": {
					"rotation": [5, 0, 0]
				},
				"wing_right": {
					"rotation": [0, "60-8*(math.sin(q.anim_time*90*1)*0.25)-4*(math.sin(q.anim_time*90*1)*0.25)", 0]
				},
				"abdomen": {
					"rotation": [5, 0, 0]
				},
				"arm_right": {
					"rotation": [-84.56463, -17.91591, 50.27542]
				},
				"arm_left": {
					"rotation": [-87.12723, 4.09405, -54.8973]
				},
				"arm_stinger_left": {
					"rotation": [-26.49955, 84.41125, -26.60872]
				},
				"leg_right": {
					"rotation": [0, 2.5, -17.5]
				},
				"leg_left": {
					"rotation": [0, 0, 10]
				},
				"leg_left2": {
					"rotation": [-14.41412, -4.4972, 20.34559]
				}
			}
		},
		"animation.beedrill_mega.cry": {
			"animation_length": 1.70833,
			"bones": {
				"head": {
					"rotation": {
						"0.0": {
							"post": [0, 0, 0],
							"lerp_mode": "catmullrom"
						},
						"0.2917": {
							"post": [-15, 0, 0],
							"lerp_mode": "catmullrom"
						},
						"0.375": {
							"post": [-1.5, 0, 0],
							"lerp_mode": "catmullrom"
						},
						"0.4583": {
							"post": [-15, 0, 0],
							"lerp_mode": "catmullrom"
						},
						"0.5833": {
							"post": [0, 0, 0],
							"lerp_mode": "catmullrom"
						},
						"1.125": {
							"post": [0, 0, 0],
							"lerp_mode": "catmullrom"
						}
					}
				}
			},
			"sound_effects": {
				"0.125": {
					"effect": "pokemon.beedrill_mega.cry"
				}
			}
		},
		"animation.beedrill_mega.render": {
			"loop": true,
			"bones": {
				"body": {
					"rotation": [0, -5, 0]
				},
				"torso": {
					"rotation": [0, -5, 0]
				},
				"abdomen": {
					"rotation": [-22.5, 0, 0]
				},
				"arm_right": {
					"rotation": [21.69203, -27.42723, -5.54924]
				},
				"arm_left": {
					"rotation": [-1.5741, 17.43127, -5.24133]
				},
				"arm_stinger_left": {
					"rotation": [0, 0, -55]
				},
				"leg_right": {
					"rotation": [-7.37987, -18.10943, -4.45759]
				},
				"leg_left": {
					"rotation": [53.53321, 29.98509, 7.02085]
				},
				"leg_left2": {
					"rotation": [0, 0, 25]
				}
			}
		}
	}
}