{
	"format_version": "1.8.0",
	"animations": {
		"animation.cresselia.new": {
			"loop": true,
			"bones": {
				"torso": {
					"rotation": [-15, 0, 0],
					"position": [0, 4, 0]
				},
				"neck": {
					"rotation": [45, 0, 0]
				},
				"neck2": {
					"rotation": [-12.5, 0, 0]
				},
				"neck3": {
					"rotation": [-12.5, 0, 0]
				},
				"tail_ring": {
					"rotation": [10, 0, 0]
				},
				"tail": {
					"rotation": [15, 0, 0]
				},
				"tail2": {
					"rotation": [7.5, 0, 0]
				},
				"tail3": {
					"rotation": [7.5, 0, 0]
				}
			}
		}
	}
}