{
	"format_version": "1.8.0",
	"animations": {
		"animation.entei.ground_idle": {
			"loop": true,
			"bones": {
				"waist": {
					"rotation": [0, 0, 0]
				},
				"leg_back_right": {
					"rotation": [-10, 0, 7.5]
				},
				"leg_back_right2": {
					"rotation": [1.21046, 1.12839, -1.36621]
				},
				"leg_back_right3": {
					"rotation": [6.71034, 3.47434, -6.44415]
				},
				"foot_back_right": {
					"rotation": [0.94887, -1.52321, -0.77016]
				},
				"wing_top_right": {
					"rotation": [0, 0, 0]
				},
				"wing_bottom_right": {
					"rotation": [0, 0, 0]
				},
				"wing_top_left": {
					"rotation": [0, 0, 0]
				},
				"wing_bottom_left": {
					"rotation": [0, 0, 0]
				},
				"leg_front_right": {
					"rotation": ["2-0.3*math.clamp(math.sin(q.anim_time*-90*3/2)*1+1,0,1)+0.3*math.clamp(-math.sin(q.anim_time*-90*3/2)*1+1,0,1)", 1.93597, 7.2472]
				},
				"leg_front_right2": {
					"rotation": [-2.48107, 0.4352, -7.5189]
				},
				"neck": {
					"rotation": [0, 0, 0]
				},
				"head": {
					"rotation": ["-3+math.sin(q.anim_time*60*2.75+180)", 0, 0]
				},
				"hair": {
					"rotation": ["-15+Math.cos((query.anim_time-0.1) * 90 * 2) * 2", 0, 0]
				},
				"hair2": {
					"rotation": [20, 0, 0]
				},
				"hair3": {
					"rotation": [-25, 0, 0]
				},
				"hair4": {
					"rotation": [30, 0, 0]
				},
				"hair5": {
					"rotation": [30, 0, 0]
				},
				"hair6": {
					"rotation": [-30, 0, 0]
				},
				"jaw": {
					"rotation": [20, 0, 0]
				},
				"leg_front_left3": {
					"rotation": ["2-0.3*math.clamp(math.sin(q.anim_time*-90*3/2)*1+1,0,1)+0.3*math.clamp(-math.sin(q.anim_time*-90*3/2)*1+1,0,1)", -1.936, -7.2472]
				},
				"leg_front_left4": {
					"rotation": [-2.48107, -0.4352, 7.5189]
				}
			}
		},
		"animation.entei.ground_walk": {
			"loop": true,
			"animation_length": 9.125,
			"bones": {
				"waist": {
					"rotation": [0, 0, 0]
				},
				"leg_back_right": {
					"rotation": ["-10+math.clamp(25*(math.sin(q.anim_time*90*4*2-50)*1+1),-0,48)+5*math.sin(q.anim_time*90*4*2-50)", 0, 7.5],
					"position": [0, "math.clamp(math.sin(q.anim_time*90*4-130)*1,0.5,1)-math.clamp(math.sin(q.anim_time*90*4-40)*1,0.75,1)+0.25", 0]
				},
				"leg_back_right2": {
					"rotation": [
						"1.2105+math.clamp(math.sin(q.anim_time*90*4*2)*10,0,10)+math.clamp(math.sin(q.anim_time*90*4*2-95)*20,0,45)-math.clamp(math.sin(q.anim_time*90*4*2+180)*50,0,45)",
						1.12839,
						-1.36621
					],
					"position": [0, "math.clamp(math.sin(q.anim_time*90*4-130)*1,0.5,1)-math.clamp(math.sin(q.anim_time*90*4-40)*1,0.75,1)+0.25", 0]
				},
				"leg_back_right3": {
					"rotation": [6.71034, 3.47434, -6.44415]
				},
				"foot_back_right": {
					"rotation": [0.94887, -1.52321, -0.77016]
				},
				"wing_top_right": {
					"rotation": [0, 0, 0]
				},
				"wing_bottom_right": {
					"rotation": [0, 0, 0]
				},
				"wing_top_left": {
					"rotation": [0, 0, 0]
				},
				"wing_bottom_left": {
					"rotation": [0, 0, 0]
				},
				"leg_front_right": {
					"rotation": ["2-math.clamp(25*(math.sin(q.anim_time*90*4*2-90)*1+1),-0,60)", 1.93597, 7.2472],
					"position": [
						0,
						"-0.6+0.2*(math.clamp(math.sin(q.anim_time*90*4*2-155)*1.6,1,1.6)-0.2)+0.5*(math.clamp(math.sin(q.anim_time*90*4*2-75)*1.8,1,1.8)-1)-0.2*(math.clamp(math.sin(q.anim_time*90*4*2)*1.4,1,1.4)+1)",
						0
					]
				},
				"leg_front_right2": {
					"rotation": ["-2.4811-10*math.sin(q.anim_time*90*4*2)", 0.4352, -7.5189]
				},
				"neck": {
					"rotation": [0, 0, 0]
				},
				"head": {
					"rotation": ["-3+math.sin(q.anim_time*90*4*2+45)*6+math.sin(q.anim_time*90*4*2-45)*4", 0, 0]
				},
				"hair": {
					"rotation": [-15, 0, 0]
				},
				"hair2": {
					"rotation": ["20-5*math.sin(q.anim_time*90*4*2+30)*2", 0, 0]
				},
				"hair3": {
					"rotation": ["-25-5*math.sin(q.anim_time*90*4*2+30)*2", 0, 0]
				},
				"hair4": {
					"rotation": ["20-5*math.sin(q.anim_time*90*4*2+30)*2", 0, 0]
				},
				"hair5": {
					"rotation": {
						"0.0": [-2.5, 0, 0],
						"9.125": [5.28218, 12.32114, -0.96853]
					}
				},
				"hair6": {
					"rotation": [-30, 0, 0]
				},
				"jaw": {
					"rotation": [20, 0, 0]
				},
				"leg_front_left3": {
					"rotation": ["2-math.clamp(25*(math.sin(q.anim_time*90*4*2-50)*1+1),-0,60)", -1.936, -7.2472]
				},
				"leg_front_left4": {
					"rotation": ["-2.4811-10*math.sin(q.anim_time*90*4*2)", -0.4352, 7.5189]
				},
				"body": {
					"rotation": ["-2.5*math.sin(q.anim_time*90*4*2+45)*6", "-0.5*math.sin(q.anim_time*90*4*2+45)*6", 0],
					"position": [
						0,
						"math.clamp(math.sin(q.anim_time*90*4)*1.1,0.4,1.1)+math.clamp(math.sin(q.anim_time*90*4+180)*1.1,0.4,1.1)",
						"math.sin(q.anim_time*90*4*2-33)*1"
					]
				},
				"leg_back_left": {
					"rotation": ["0+math.clamp(25*(math.sin(q.anim_time*90*4*2-90)*1+1),-0,48)+5*math.sin(q.anim_time*90*4*2-90)", 0, 0],
					"position": [
						0,
						"0-(math.clamp(-math.sin(q.anim_time*90*4*2+50)*1,0.5,1)-0.5)*0.5+(math.clamp(-math.sin(q.anim_time*90*2*2+70+180*0)*1,0.5,1)-0.5)*2+(math.clamp(-math.sin(q.anim_time*90*2*2+70+180*1)*1,0.5,1)-0.5)*2",
						0
					]
				},
				"leg_back_left2": {
					"rotation": [
						"0+math.clamp(math.sin(q.anim_time*90*4*2)*10,0,10)+math.clamp(math.sin(q.anim_time*90*4*2-95)*20,0,45)-math.clamp(math.sin(q.anim_time*90*4*2+180)*50,0,45)",
						0,
						0
					],
					"position": [0, "math.clamp(math.sin(q.anim_time*90*4-130)*1,0.5,1)-math.clamp(math.sin(q.anim_time*90*4-40)*1,0.75,1)+0.25", 0]
				},
				"foot_front_right": {
					"rotation": ["0-15*math.sin(q.anim_time*90*4*2)", 0, 0]
				},
				"foot_front_left": {
					"rotation": ["0-15*math.sin(q.anim_time*90*4*2)", 0, 0]
				}
			}
		}
	}
}