{
	"format_version": "1.8.0",
	"animations": {
		"animation.gyarados_mega.ground_idle": {
			"loop": true,
			"bones": {
				"body": {
					"rotation": [30, 0, 0],
					"position": [0, 13.75, 0]
				},
				"neck": {
					"rotation": [-45, 0, 0]
				},
				"head": {
					"rotation": [22.5, 0, 0]
				},
				"segment1": {
					"rotation": [-62.5, 0, 0]
				},
				"segment2": {
					"rotation": [0, 0, 0]
				},
				"segment3": {
					"rotation": [-7.5, 0, 0]
				},
				"segment4": {
					"rotation": [-10, 0, 0]
				},
				"segment5": {
					"rotation": [42.5, 0, 0]
				},
				"segment6": {
					"rotation": [2.5, 0, 0]
				},
				"segment9": {
					"rotation": [-5, 0, 0]
				},
				"segment10": {
					"rotation": [-2.5, 0, 0]
				},
				"segment11": {
					"rotation": [0, 0, 0]
				},
				"segment12": {
					"rotation": [-2.5, 0, 0]
				},
				"segment13": {
					"rotation": [17.5, 0, 0]
				},
				"mega_gyarados_mega": {
					"position": [0, -1, 0]
				},
				"whisker_left2": {
					"rotation": [-9.92926, -20.29348, 26.78135]
				},
				"whisker_left3": {
					"rotation": [-10.58992, -20.19724, -30.0417]
				},
				"whisker_left4": {
					"rotation": [-3.61644, -19.6835, 10.62758]
				},
				"whisker_left5": {
					"rotation": [-3.6164, -19.6835, 10.62758]
				},
				"whisker_right2": {
					"rotation": [-9.9293, 20.2935, -26.7813]
				},
				"whisker_right3": {
					"rotation": [-10.5899, 20.1972, 30.0417]
				},
				"whisker_right4": {
					"rotation": [-3.6164, 19.6835, -10.6276]
				},
				"whisker_right5": {
					"rotation": [-3.6164, 19.6835, -10.6276]
				}
			}
		},
		"animation.gyarados_mega.water_idle": {
			"loop": true,
			"bones": {
				"body": {
					"rotation": [0, 0, 0],
					"position": [0, 16.5, 0]
				},
				"neck": {
					"rotation": [10, 0, 0]
				},
				"head": {
					"rotation": [-7.5, 0, 0]
				},
				"jaw_lower": {
					"rotation": [-15, 0, 0]
				},
				"segment1": {
					"rotation": [-5.02253, -1.23695, -0.68337]
				},
				"segment2": {
					"rotation": [0, 0, 0]
				},
				"segment3": {
					"rotation": [15, 0, 0]
				},
				"mega_gyarados_mega": {
					"position": [0, -13, 0]
				},
				"segment4": {
					"rotation": [-2.5, 0, 0]
				},
				"segment5": {
					"rotation": [-10, 0, 0]
				},
				"segment6": {
					"rotation": [-7.5, 0, 0]
				},
				"segment9": {
					"rotation": [-2.5, 0, 0]
				},
				"segment10": {
					"rotation": [7.5, 0, 0]
				},
				"segment11": {
					"rotation": [2.5, 0, 0]
				},
				"segment13": {
					"rotation": [6.78854, -3.12039, 0.50427]
				}
			}
		},
		"animation.gyarados_mega.water_swim": {
			"loop": true,
			"bones": {
				"body": {
					"rotation": [-2.5, 0, 0],
					"position": [0, 5, -6]
				},
				"neck": {
					"rotation": [10, 0, 0]
				},
				"head": {
					"rotation": [-7.5, 0, 0]
				},
				"segment1": {
					"rotation": [-30, 0, 0]
				},
				"segment2": {
					"rotation": [15, 0, 0]
				},
				"segment3": {
					"rotation": [17.5, 0, 0]
				},
				"jaw_upper": {
					"rotation": [15, 0, 0]
				},
				"jaw_lower": {
					"rotation": [-42.5, 0, 0]
				},
				"jaw_lower2": {
					"rotation": [-65, 0, 0]
				},
				"whisker_left": {
					"rotation": [-15, -25, -15]
				},
				"whisker_right1": {
					"rotation": [-15, 25, 15]
				}
			}
		},
		"animation.gyarados_mega.surface_idle": {
			"loop": true,
			"bones": {
				"body": {
					"rotation": [0, 0, 0],
					"position": [0, 9, 0]
				},
				"neck": {
					"rotation": [10, 0, 0]
				},
				"head": {
					"rotation": [-7.5, 0, 0]
				},
				"segment1": {
					"rotation": [-70, 0, 0]
				},
				"segment2": {
					"rotation": [-7.5, 0, 0]
				},
				"segment3": {
					"rotation": [-10, 0, 0]
				},
				"segment4": {
					"rotation": [30, 0, 0]
				},
				"segment5": {
					"rotation": [30, 0, 0]
				},
				"segment6": {
					"rotation": [27.5, 0, 0]
				}
			}
		},
		"animation.gyarados_mega.blink": {
			"animation_length": 0.1667,
			"bones": {
				"eyelid_right": {
					"position": {
						"0.0": [-0.1, 0, -0.1],
						"0.125": [-0.1, 0, -0.1],
						"0.1667": [0, 0, 0]
					}
				},
				"eyelid_left": {
					"position": {
						"0.0": [0.1, 0, -0.1],
						"0.125": [0.1, 0, -0.1],
						"0.1667": [0, 0, 0]
					}
				}
			}
		},
		"animation.gyarados_mega_male.render": {
			"loop": true,
			"bones": {
				"body": {
					"rotation": [-37.5, 0, 0],
					"position": [0, 21.3, 0]
				},
				"neck": {
					"rotation": [17.5, 0, 0]
				},
				"head": {
					"rotation": [22.5, 0, 0]
				},
				"segment1": {
					"rotation": [-22.5, 0, 0]
				},
				"segment3": {
					"rotation": [-27.5, 0, 0]
				},
				"segment4": {
					"rotation": [22.5, 0, 0]
				},
				"segment5": {
					"rotation": [25, 0, 0]
				},
				"segment6": {
					"rotation": [25, 0, 0]
				},
				"segment9": {
					"rotation": [5, 0, 0]
				},
				"segment10": {
					"rotation": [-30, 0, 0]
				},
				"segment11": {
					"rotation": [-37.5, 0, 0]
				},
				"segment12": {
					"rotation": [-30, 0, 0]
				},
				"segment13": {
					"rotation": [-42.5, 0, 0]
				}
			}
		}
	}
}