{
	"format_version": "1.8.0",
	"animations": {
		"animation.houndour.ground_idle": {
			"loop": true,
			"bones": {
				"body": {
					"rotation": ["0+math.cos(q.anim_time*90*3)*1", 0, "0+math.cos(q.anim_time*90*3/2+30)*1"],
					"position": [0, "0.1*math.sin(q.anim_time*90*3)", 0]
				},
				"head": {
					"rotation": ["0+math.cos(q.anim_time*90*3-60)*1", 0, "0+math.cos(q.anim_time*90*3/2-60)*1"],
					"position": [0, "0.1*math.sin(q.anim_time*90*3-60)", 0]
				}
			}
		},
		"animation.houndour.ground_walk": {
			"loop": true,
			"bones": {
				"body": {
					"rotation": ["0+math.cos(q.anim_time*90*3*2)*1", "0-math.cos(q.anim_time*90*3)*1", "0+math.cos(q.anim_time*90*3+30)*2"],
					"position": [0, "0.2*math.sin(q.anim_time*90*3*2)", 0]
				},
				"head": {
					"rotation": ["0+math.cos(q.anim_time*90*3*2-60)*1", 0, "0+math.cos(q.anim_time*90*3-60)*1"]
				},
				"leg_right_front": {
					"rotation": ["0-math.sin(q.anim_time*90*3)*10", 0, 0],
					"position": [-0.25, "0+math.clamp(math.cos(q.anim_time*90*3)*1,0,1)", "0.5-math.sin(q.anim_time*90*3)*1/2"]
				},
				"leg_left_front": {
					"rotation": ["0+math.sin(q.anim_time*90*3)*10", 0, 0],
					"position": [0.25, "0+math.clamp(math.cos(q.anim_time*90*3-180)*1,0,1)", "0.5+math.sin(q.anim_time*90*3)*1/2"]
				},
				"leg_right_back": {
					"rotation": ["0+math.sin(q.anim_time*90*3)*10", 0, 0],
					"position": [-0.25, "0+math.clamp(math.cos(q.anim_time*90*3-180)*1,0,1)", "-0.25+math.sin(q.anim_time*90*3)*1/2"]
				},
				"leg_left_back": {
					"rotation": ["0-math.sin(q.anim_time*90*3)*10", 0, 0],
					"position": [0.25, "0+math.clamp(math.cos(q.anim_time*90*3)*1,0,1)", "-0.25-math.sin(q.anim_time*90*3)*1/2"]
				}
			}
		},
		"render": {
			"animation_length": 2,
			"bones": {
				"houndour": {
					"rotation": {
						"0.0": [0, 0, 0],
						"2.0": [0, -360, 0]
					},
					"position": [0, 0, 0]
				}
			}
		}
	}
}