{
	"format_version": "1.8.0",
	"animations": {
		"animation.kartana.new": {
			"loop": true,
			"bones": {
				"head": {
					"rotation": [-10, 0, 0]
				},
				"torso": {
					"rotation": [-10, 0, 0]
				},
				"left_ribbon2": {
					"rotation": [0, 0, 3.5]
				},
				"left_ribbon": {
					"rotation": [0, 0, 7]
				},
				"left_ribbon3": {
					"rotation": [0, 0, 1.5]
				},
				"right_ribbon3": {
					"rotation": [0, 0, -1.5]
				},
				"right_ribbon": {
					"rotation": [0, 0, -7]
				},
				"right_ribbon2": {
					"rotation": [0, 0, -3.5]
				},
				"left_arm": {
					"rotation": [0, 0, -7.5]
				},
				"left_arm2": {
					"rotation": [0, -12.5, 0]
				},
				"left_hand": {
					"rotation": [0, -22.5, 0]
				},
				"right_arm": {
					"rotation": [0, 0, 7.5]
				},
				"right_arm2": {
					"rotation": [0, 12.5, 0]
				},
				"right_hand": {
					"rotation": [0, 22.5, 0]
				},
				"right_leg2": {
					"rotation": [15, 0, 0]
				},
				"right_leg3": {
					"rotation": [12.5, 0, 0]
				},
				"left_leg2": {
					"rotation": [5, 0, 0]
				},
				"left_leg3": {
					"rotation": [15, 0, 0]
				}
			}
		},
		"animation.kartana.ground_idle": {
			"loop": true,
			"bones": {
				"head": {
					"rotation": [0, 0, 0]
				},
				"torso": {
					"rotation": [0, 0, 0]
				},
				"left_ribbon2": {
					"rotation": [0, 0, 3.5]
				},
				"left_ribbon": {
					"rotation": [0, 0, 7]
				},
				"left_ribbon3": {
					"rotation": [0, 0, 1.5]
				},
				"right_ribbon3": {
					"rotation": [0, 0, -1.5]
				},
				"right_ribbon": {
					"rotation": [0, 0, -7]
				},
				"right_ribbon2": {
					"rotation": [0, 0, -3.5]
				},
				"left_arm": {
					"rotation": [0, "0+Math.cos(q.anim_time*90*2) * 2", 0]
				},
				"left_arm2": {
					"rotation": [0, "0+Math.cos(q.anim_time*90*2) * 10", 0]
				},
				"left_hand": {
					"rotation": [0, -22.5, 0]
				},
				"right_arm": {
					"rotation": [0, "0-Math.cos(q.anim_time*90*2) * 2", 0]
				},
				"right_arm2": {
					"rotation": [0, "0-Math.cos(q.anim_time*90*2) * 10", 0]
				},
				"right_hand": {
					"rotation": [0, 22.5, 0]
				},
				"right_leg2": {
					"rotation": ["0-Math.cos(q.anim_time*90*2) * 10", 0, 0]
				},
				"right_leg3": {
					"rotation": ["0-Math.cos(q.anim_time*90*2) * 10", 0, 0]
				},
				"left_leg2": {
					"rotation": ["5-Math.cos(q.anim_time*90*2) * 10", 0, 0]
				},
				"left_leg3": {
					"rotation": ["0-Math.cos(q.anim_time*90*2) * 10", 0, 0]
				},
				"body": {
					"rotation": ["2.5*math.sin(q.anim_time*90*2)*1.5", 0, "2.5*math.sin(q.anim_time*90*2+90)*1.5"],
					"position": ["0+math.sin(q.anim_time*90*1.5)*2", "4+math.sin(q.anim_time*90*2)*2", "0+math.sin(q.anim_time*90*2)*1.5"]
				},
				"right_leg": {
					"rotation": ["0-Math.cos(q.anim_time*90*2) * 10", 0, 0]
				},
				"left_leg": {
					"rotation": ["0-Math.cos(q.anim_time*90*2) * 10", 0, 0]
				}
			}
		},
		"animation.kartana.ground_walk": {
			"loop": true,
			"bones": {
				"head": {
					"rotation": [0, 0, 0]
				},
				"torso": {
					"rotation": [0, 0, 0]
				},
				"left_ribbon2": {
					"rotation": [0, 0, 3.5]
				},
				"left_ribbon": {
					"rotation": [0, 0, 7]
				},
				"left_ribbon3": {
					"rotation": [0, 0, 1.5]
				},
				"right_ribbon3": {
					"rotation": [0, 0, -1.5]
				},
				"right_ribbon": {
					"rotation": [0, 0, -7]
				},
				"right_ribbon2": {
					"rotation": [0, 0, -3.5]
				},
				"left_arm": {
					"rotation": [0, "0+Math.cos(q.anim_time*90*2) * 2", 0]
				},
				"left_arm2": {
					"rotation": [0, "0+Math.cos(q.anim_time*90*2) * 10", 0]
				},
				"left_hand": {
					"rotation": [0, -22.5, 0]
				},
				"right_arm": {
					"rotation": [0, "0-Math.cos(q.anim_time*90*2) * 2", 0]
				},
				"right_arm2": {
					"rotation": [0, "0-Math.cos(q.anim_time*90*2) * 10", 0]
				},
				"right_hand": {
					"rotation": [0, 22.5, 0]
				},
				"right_leg2": {
					"rotation": ["0-Math.cos(q.anim_time*90*2) * 10", 0, 0]
				},
				"right_leg3": {
					"rotation": ["0-Math.cos(q.anim_time*90*2) * 10", 0, 0]
				},
				"left_leg2": {
					"rotation": ["5-Math.cos(q.anim_time*90*2) * 10", 0, 0]
				},
				"left_leg3": {
					"rotation": ["0-Math.cos(q.anim_time*90*2) * 10", 0, 0]
				},
				"body": {
					"rotation": ["30+2.5*math.sin(q.anim_time*90*2)*1.5", 0, "2.5*math.sin(q.anim_time*90*2+90)*1.5"],
					"position": ["0+math.sin(q.anim_time*90*1.5)*2", "2+math.sin(q.anim_time*90*2)*2", "3+math.sin(q.anim_time*90*2)*1.5"]
				},
				"right_leg": {
					"rotation": ["0-Math.cos(q.anim_time*90*2) * 10", 0, 0]
				},
				"left_leg": {
					"rotation": ["0-Math.cos(q.anim_time*90*2) * 10", 0, 0]
				}
			}
		}
	}
}