{
	"format_version": "1.8.0",
	"animations": {
		"animation.litwick.idle": {
			"loop": true,
			"bones": {
				"head": {
					"rotation": ["math.sin(q.anim_time*90+180)", 0, "math.sin(q.anim_time*90+90)"],
					"position": [0, "0.05*math.sin(q.anim_time*90) -0.075", 0]
				},
				"hair": {
					"rotation": ["0.5*math.sin(q.anim_time*90+90)", 0, "0.5*math.sin(q.anim_time*90)"],
					"position": [0, "0.05*math.sin(q.anim_time*90-90) -0.05", 0]
				},
				"flame": {
					"rotation": [
						"6*math.sin(q.anim_time*3*90)*math.sin(q.anim_time*90-90)",
						"math.sin(q.anim_time) * 0.2*math.sin(q.anim_time*90) + (0.8*90*((q.anim_time) + 0.2*math.sin(q.anim_time*90)))",
						"6*math.sin(q.anim_time*90-90)*math.sin(q.anim_time*3*90-90)"
					]
				},
				"arm_right": {
					"rotation": [0, 0, "-60 - 2.5*math.sin(q.anim_time*90+90)"]
				},
				"arm_left": {
					"rotation": [0, 0, "60 + 2.5*math.sin(q.anim_time*90+90)"]
				}
			}
		},
		"animation.litwick.blink": {
			"animation_length": 0.20833,
			"bones": {
				"eyelid_right": {
					"position": {
						"0.0": [-0.1, 0, -0.1],
						"0.1667": [-0.1, 0, -0.1],
						"0.2083": [0, 0, 0]
					}
				},
				"eyelid_left": {
					"position": {
						"0.0": [0.1, 0, -0.1],
						"0.1667": [0.1, 0, -0.1],
						"0.2083": [0, 0, 0]
					}
				}
			}
		},
		"animation.litwick.pose": {
			"loop": true,
			"bones": {
				"head": {
					"rotation": [-7.56397, -7.43547, 0.98448]
				},
				"hair": {
					"rotation": [-2.5, 0, 0]
				},
				"flame": {
					"rotation": [-19.8423, -2.55868, -12.05239]
				},
				"arm_right": {
					"rotation": [0, 0, -50]
				},
				"arm_left": {
					"rotation": [0, 0, 52.5]
				},
				"lip": {
					"rotation": [-7.5, 0, 0]
				},
				"mouth_small": {
					"position": [0, 0, 0]
				},
				"mouth_large": {
					"position": [0, 0, 0]
				}
			}
		}
	}
}