{
	"format_version": "1.8.0",
	"animations": {
		"animation.lopunny_christmas.ground_idle": {
			"loop": true,
			"bones": {
				"ear_left": {
					"rotation": [-7.5, 0, 10]
				},
				"ear_left3": {
					"rotation": [0, 0, 5]
				},
				"ear_left4": {
					"rotation": [0, 0, 5]
				},
				"ear_left5": {
					"rotation": [0, 0, 5]
				},
				"arm_right": {
					"rotation": [22.75149, -24.02162, -27.44183]
				},
				"arm_right2": {
					"rotation": [2.88066, -29.8742, -5.76863]
				},
				"arm_left": {
					"rotation": [24.48017, 20.56067, 29.11729]
				},
				"arm_left2": {
					"rotation": [0, 30, 0]
				},
				"eyebrow_left": {
					"rotation": [0, 5, 0]
				},
				"eyebrow_right": {
					"rotation": [0, -5, 0]
				},
				"eyebrow_right2": {
					"rotation": [0, -2.5, 0]
				},
				"ear_left2": {
					"rotation": [-0.98448, -7.43547, 42.56397]
				},
				"ear_right": {
					"rotation": [-7.5, 0, -10]
				},
				"ear_right2": {
					"rotation": [-0.98448, 7.43547, -42.56397]
				},
				"ear_right3": {
					"rotation": [0, 0, -5]
				},
				"ear_right4": {
					"rotation": [0, 0, -5]
				},
				"ear_right5": {
					"rotation": [0, 0, -5]
				},
				"tail": {
					"rotation": [5, 0, 0]
				}
			}
		},
		"animation.lopunny_christmas.ground_idle3": {
			"loop": true,
			"bones": {
				"ear_left": {
					"rotation": [-7.5, 0, 10]
				},
				"ear_left3": {
					"rotation": [0, 0, 5]
				},
				"ear_left4": {
					"rotation": [0, 0, 5]
				},
				"ear_left5": {
					"rotation": [0, 0, 5]
				},
				"arm_right": {
					"rotation": [11.06587, -20.49552, -23.23704]
				},
				"arm_right2": {
					"rotation": [-23.05787, -19.7426, 51.56568]
				},
				"arm_left": {
					"rotation": [21.28059, -13.27302, 12.64388]
				},
				"arm_left2": {
					"rotation": [0, 30, 0]
				},
				"eyebrow_left": {
					"rotation": [0, 5, 0]
				},
				"eyebrow_right": {
					"rotation": [0, -5, 0]
				},
				"eyebrow_right2": {
					"rotation": [0, -2.5, 0]
				},
				"ear_left2": {
					"rotation": [-0.98448, -7.43547, 42.56397]
				},
				"ear_right": {
					"rotation": [-7.5, 0, -10]
				},
				"ear_right2": {
					"rotation": [-0.98448, 7.43547, -42.56397]
				},
				"ear_right3": {
					"rotation": [0, 0, -5]
				},
				"ear_right4": {
					"rotation": [0, 0, -5]
				},
				"ear_right5": {
					"rotation": [0, 0, -5]
				},
				"tail": {
					"rotation": [5, 0, 0]
				},
				"ear_left2_rotation": {
					"rotation": [0, 0, -5]
				},
				"leg_left": {
					"rotation": [0, 0, -6],
					"position": [-0.4, 0, 0]
				},
				"bell_right": {
					"rotation": [3.35714, -15.17312, -10.52205]
				}
			}
		},
		"animation.lopunny_christmas.blink": {
			"animation_length": 0.1667,
			"bones": {
				"eyelid_left": {
					"position": {
						"0.0": [0.1, 0, 0],
						"0.125": [0.1, 0, 0],
						"0.1667": [0, 0, 0]
					}
				},
				"eyelid_right": {
					"position": {
						"0.0": [-0.1, 0, 0],
						"0.125": [-0.1, 0, 0],
						"0.1667": [0, 0, 0]
					}
				}
			}
		},
		"animation.lopunny_christmas.cry": {
			"animation_length": 1.95833,
			"bones": {
				"neck": {
					"rotation": {
						"0.0": {
							"post": [0, 0, 0],
							"lerp_mode": "catmullrom"
						},
						"0.2083": {
							"post": [10, 0, 0],
							"lerp_mode": "catmullrom"
						},
						"1.0": {
							"post": [15, 0, 0],
							"lerp_mode": "catmullrom"
						},
						"1.0833": {
							"post": [12.5, 0, 0],
							"lerp_mode": "catmullrom"
						},
						"1.1667": {
							"post": [7.5, 0, 0],
							"lerp_mode": "catmullrom"
						},
						"1.7917": {
							"post": [0, 0, 0],
							"lerp_mode": "catmullrom"
						}
					}
				},
				"head": {
					"rotation": {
						"0.0": {
							"post": [0, 0, 0],
							"lerp_mode": "catmullrom"
						},
						"0.2083": {
							"post": [-20, 0, 0],
							"lerp_mode": "catmullrom"
						},
						"1.0": {
							"post": [-12.5, 0, 0],
							"lerp_mode": "catmullrom"
						},
						"1.0833": {
							"post": [-22.5, 0, 0],
							"lerp_mode": "catmullrom"
						},
						"1.1667": {
							"post": [-12.5, 0, 0],
							"lerp_mode": "catmullrom"
						},
						"1.3333": {
							"post": [-22.5, 0, 0],
							"lerp_mode": "catmullrom"
						},
						"1.4583": {
							"post": [-12.5, 0, 0],
							"lerp_mode": "catmullrom"
						},
						"1.7917": {
							"post": [0, 0, 0],
							"lerp_mode": "catmullrom"
						}
					}
				},
				"mouth_closed": {
					"position": {
						"0.0": [0, 0, 0],
						"0.2083": [0, 0, 0]
					}
				},
				"mouth_open": {
					"position": {
						"0.0": [0, 0, 0],
						"0.2083": [0, 0, -0.101],
						"0.875": [0, 0, -0.101],
						"0.9167": [0, 0, 0],
						"1.0833": [0, 0, -0.101],
						"1.25": [0, 0, -0.101],
						"1.2917": [0, 0, 0],
						"1.3333": [0, 0, -0.101],
						"1.7083": [0, 0, -0.101],
						"1.75": [0, 0, 0]
					}
				}
			},
			"sound_effects": {
				"0.125": {
					"effect": "pokemon.lopunny_christmas.cry"
				}
			}
		}
	}
}