{
	"format_version": "1.8.0",
	"animations": {
		"animation.mawile_mega.ground_idle": {
			"loop": true,
			"bones": {
				"arm_left": {
					"rotation": [0, 0, 35]
				},
				"arm_left2": {
					"rotation": [0, 12.5, 0]
				},
				"finger_left": {
					"rotation": [0, 0, 0]
				},
				"finger_left2": {
					"rotation": [0, 0, 0]
				},
				"finger_left3": {
					"rotation": [0, 0, 0]
				},
				"hair_left": {
					"rotation": [0, -10, 65]
				},
				"hair_left3": {
					"rotation": [0, 0, -15]
				},
				"leg_left": {
					"rotation": [0, -5, 0]
				},
				"leg_right": {
					"rotation": [0, 5, 0]
				},
				"arm_right": {
					"rotation": [0, 0, -35]
				},
				"arm_right2": {
					"rotation": [0, -12.5, 0]
				},
				"finger_right": {
					"rotation": [0, 0, 0]
				},
				"finger_right2": {
					"rotation": [0, 0, 0]
				},
				"finger_right3": {
					"rotation": [0, 0, 0]
				},
				"hair_right": {
					"rotation": [0, 10, -65]
				},
				"hair_right3": {
					"rotation": [0, 0, 15]
				},
				"mouth": {
					"rotation": [-40, 40, 0]
				},
				"mouth2": {
					"rotation": [-42.5, 0, 0]
				},
				"mouth_top2": {
					"rotation": [40, 0, 0]
				},
				"mouth_top3": {
					"rotation": [-25, 0, 0]
				},
				"jaw": {
					"rotation": [-22.5, 0, 0]
				},
				"jaw2": {
					"rotation": [42.5, 0, 0]
				},
				"jaw3": {
					"rotation": [20, 0, 0]
				},
				"mouth3": {
					"rotation": [-35, 0, 0]
				},
				"head": {
					"rotation": [0, 0, 0]
				},
				"leg_left2": {
					"rotation": [5, 0, 0]
				},
				"jaw4": {
					"rotation": [-17.5, 0, 0]
				},
				"mouth_top4": {
					"rotation": [27.5, 0, 0]
				},
				"mouth5": {
					"rotation": [-40, -40, 0]
				},
				"mouth6": {
					"rotation": [-42.5, 0, 0]
				},
				"mouth7": {
					"rotation": [-35, 0, 0]
				},
				"jaw5": {
					"rotation": [-22.5, 0, 0]
				},
				"jaw6": {
					"rotation": [42.5, 0, 0]
				},
				"jaw7": {
					"rotation": [20, 0, 0]
				},
				"jaw8": {
					"rotation": [-17.5, 0, 0]
				},
				"mouth_top5": {
					"rotation": [40, 0, 0]
				},
				"mouth_top6": {
					"rotation": [-25, 0, 0]
				},
				"mouth_top7": {
					"rotation": [27.5, 0, 0]
				},
				"hair_left2": {
					"rotation": [0, 0, -7.5]
				},
				"hair_right2": {
					"rotation": [0, 0, 7.5]
				}
			}
		},
		"animation.mawile_mega.cry": {
			"animation_length": 1.5,
			"bones": {
				"neck": {
					"rotation": {
						"0.0": [0, 0, 0],
						"0.25": [10, 0, 0],
						"1.25": [10, 0, 0],
						"1.5": [0, 0, 0]
					}
				},
				"head": {
					"rotation": {
						"0.0": [0, 0, 0],
						"0.25": [-15, 0, 0],
						"1.25": [-15, 0, 0],
						"1.5": [0, 0, 0]
					}
				},
				"head2": {
					"rotation": {
						"0.0": [0, 0, 0],
						"0.25": [-15, 0, 0],
						"1.25": [-15, 0, 0],
						"1.5": [0, 0, 0]
					}
				},
				"mouth_closed2": {
					"position": {
						"0.25": [0, 0, -0.1],
						"0.3333": [0, 0, 0],
						"1.1667": [0, 0, 0],
						"1.25": [0, 0, -0.1]
					}
				},
				"mouth_open2": {
					"position": {
						"0.0": [0, 0, 0.1],
						"0.25": [0, 0, 0],
						"1.25": [0, 0, 0],
						"1.5": [0, 0, 0.1]
					}
				},
				"head3": {
					"rotation": {
						"0.0": [0, 0, 0],
						"0.25": [-15, 0, 0],
						"1.25": [-15, 0, 0],
						"1.5": [0, 0, 0]
					}
				},
				"mouth_closed3": {
					"position": {
						"0.25": [0, 0, -0.1],
						"0.3333": [0, 0, 0],
						"1.1667": [0, 0, 0],
						"1.25": [0, 0, -0.1]
					}
				},
				"mouth_open3": {
					"position": {
						"0.0": [0, 0, 0.1],
						"0.25": [0, 0, 0],
						"1.25": [0, 0, 0],
						"1.5": [0, 0, 0.1]
					}
				},
				"mouth_open": {
					"position": {
						"0.0": [0, 0, 0],
						"0.25": [0, 0, -0.1],
						"1.25": [0, 0, -0.1],
						"1.5": [0, 0, 0]
					}
				},
				"mouth_closed": {
					"position": {
						"0.25": [0, 0, 0],
						"0.3333": [0, 0, 0.1],
						"1.1667": [0, 0, 0.1],
						"1.25": [0, 0, 0]
					}
				}
			}
		},
		"animation.mawile_mega.blink": {
			"animation_length": 0.1667,
			"bones": {
				"eye_right": {
					"position": [0, 0, 0]
				},
				"eyelid_left": {
					"position": {
						"0.0": [0.1, 0, -0.1],
						"0.125": [0.1, 0, -0.1],
						"0.1667": [0, 0, 0]
					}
				},
				"eyelid_right": {
					"position": {
						"0.0": [-0.1, 0, -0.1],
						"0.125": [-0.1, 0, -0.1],
						"0.1667": [0, 0, 0]
					}
				}
			}
		}
	}
}