{
	"format_version": "1.8.0",
	"animations": {
		"animation.pawniard.ground_idle": {
			"loop": true,
			"bones": {
				"torso": {
					"position": [0, "0.1*(math.sin(q.anim_time*90*3-30)*1.3+0.8)", 0]
				},
				"head": {
					"rotation": ["math.sin(query.anim_time*90*2)*2", "math.sin(query.anim_time*90)*1", 0]
				},
				"arm_right": {
					"rotation": [0, "(math.sin(q.anim_time*90*3-30)*1.3+1.8)", "-52.5+(math.sin(q.anim_time*90*3-30)*1.3+1.8)"]
				},
				"forearm_right": {
					"rotation": [0, -27.5, 0]
				},
				"arm_left": {
					"rotation": [0, "-(math.sin(q.anim_time*90*3-30)*1.3+1.8)", "52.5-(math.sin(q.anim_time*90*3-30)*1.3+1.8)"]
				},
				"forearm_left": {
					"rotation": [0, 27.5, 0]
				},
				"leg_right": {
					"position": [0, "0.1*(math.sin(q.anim_time*90*3-30)*1.3+0.8)", 0]
				},
				"foot_right": {
					"rotation": ["1.5*(math.sin(q.anim_time*90*3-30)*1.3+0.8) ", 0, 0],
					"position": [0, "-0.1*(math.sin(q.anim_time*90*3-30)*1.3+0.8)", 0]
				},
				"leg_left": {
					"position": [0, "0.1*(math.sin(q.anim_time*90*3-30)*1.3+0.8)", 0]
				},
				"foot_left": {
					"rotation": ["1.5*(math.sin(q.anim_time*90*3-30)*1.3+0.8) ", 0, 0],
					"position": [0, "-0.1*(math.sin(q.anim_time*90*3-30)*1.3+0.8)", 0]
				}
			}
		},
		"animation.pawniard.ground_walk": {
			"loop": true,
			"bones": {
				"body": {
					"rotation": [
						"Math.cos((query.anim_time-0.5) * 90 * 6) * 1",
						"Math.cos((query.anim_time-0) * 90 * 3) * 3",
						"-Math.cos((query.anim_time-0.5) * 90 * 3) * 4"
					]
				},
				"arm_right": {
					"rotation": [0, "Math.cos((query.anim_time-0.2) * 90 * 3) * -25", "-50+Math.cos((query.anim_time-0.2) * 90 * 6) * -2"]
				},
				"arm_left": {
					"rotation": [0, "Math.cos((query.anim_time-0.2) * 90 * 3) * -25", "50-Math.cos((query.anim_time-0.2) * 90 * 6) * -2"]
				},
				"leg_right": {
					"rotation": ["0+Math.cos((query.anim_time+0.6) * 90 * 3) * -8", 0, 0],
					"position": [0, "0+Math.cos((query.anim_time+0.6-0.6) * 90 * 3) * -0.2", "0-Math.cos((query.anim_time-1.5) * 90 * 3) * -0.5"]
				},
				"leg_left": {
					"rotation": ["0+Math.cos((query.anim_time+0) * 90 * 3) * -8", 0, 0],
					"position": [0, "0-Math.cos((query.anim_time+0.6-0.6) * 90 * 3) * -0.2", "0+Math.cos((query.anim_time-0.5) * 90 * 3) * -0.5"]
				}
			}
		},
		"animation.pawniard.blink": {
			"animation_length": 0.16667,
			"bones": {
				"eyelid_right": {
					"position": {
						"0.0": [-0.1, 0, -0.1],
						"0.125": [0, 0, 0],
						"0.1667": [0.1, 0, -0.1]
					}
				},
				"eyelid_left": {
					"position": {
						"0.0": [0.1, 0, -0.1],
						"0.125": [0, 0, 0],
						"0.1667": [0.1, 0, -0.1]
					}
				}
			}
		},
		"animation.pawniard.faint": {
			"loop": true
		}
	}
}