{
	"format_version": "1.8.0",
	"animations": {
		"animation.phione.pose": {
			"loop": true,
			"bones": {
				"head": {
					"rotation": [-5, 0, 0]
				},
				"tail": {
					"rotation": [-20, 0, 0]
				},
				"tail2": {
					"rotation": [-50, 0, 0]
				},
				"tail3": {
					"rotation": [25, 0, 0]
				},
				"tail4": {
					"rotation": [20, 0, 0]
				},
				"tail5": {
					"rotation": [22.5, 0, 0]
				},
				"arm_right": {
					"rotation": [0, 0, -10]
				},
				"arm_left": {
					"rotation": [0, 0, 10]
				},
				"arm_left2": {
					"rotation": [0, 0, -10]
				},
				"arm_right2": {
					"rotation": [0, 0, 10]
				},
				"body": {
					"rotation": [5, 0, 0]
				},
				"foot": {
					"rotation": [15, 0, 0]
				}
			}
		},
		"animation.phione.blink": {
			"animation_length": 0.16667,
			"bones": {
				"eyelid_right": {
					"position": {
						"0.125": [0, 0, -0.1],
						"0.1667": [0, 0, 0]
					}
				},
				"eyelid_left": {
					"position": {
						"0.125": [0, 0, -0.1],
						"0.1667": [0, 0, 0]
					}
				},
				"pupil_left": {
					"position": {
						"0.125": [0, 0, 0.1],
						"0.1667": [0, 0, 0]
					}
				},
				"pupil_right": {
					"position": {
						"0.0": [0, 0, 0],
						"0.125": [0, 0, 0.1],
						"0.1667": [0, 0, 0]
					}
				}
			}
		},
		"animation.phione.ground_idle": {
			"loop": true,
			"bones": {
				"head": {
					"rotation": [-5, 0, 0]
				},
				"tail": {
					"rotation": ["-20-0.5*math.sin(q.anim_time*90*4-30)*1", "0-2*math.sin(q.anim_time*90*2-30)*1", 0]
				},
				"tail2": {
					"rotation": ["-50-1*math.sin(q.anim_time*90*4-80)*1", 0, 0]
				},
				"tail3": {
					"rotation": ["25-0.25*math.sin(q.anim_time*90*4-100)*1", 0, 0]
				},
				"tail4": {
					"rotation": ["20-0.25*math.sin(q.anim_time*90*4-120)*1", 0, 0]
				},
				"tail5": {
					"rotation": ["22.5-0.25*math.sin(q.anim_time*90*4-140)*1", 0, 0]
				},
				"arm_right": {
					"rotation": [0, 0, "-10-5*math.sin(q.anim_time*90*2-50)*1"]
				},
				"arm_left": {
					"rotation": [0, 0, "10+5*math.sin(q.anim_time*90*2-50)*1"]
				},
				"arm_left2": {
					"rotation": [0, 0, "-10+5*math.sin(q.anim_time*90*2-50)*1"]
				},
				"arm_right2": {
					"rotation": [0, 0, "10-5*math.sin(q.anim_time*90*2-50)*1"]
				},
				"body": {
					"rotation": ["5-0.75*math.cos(q.anim_time*90*4-20)*1", "0-1*math.sin(q.anim_time*90*2-30)*1", "2*math.sin(q.anim_time*90*2-50)*1"],
					"position": [0, "0+0.1*math.cos(q.anim_time*90*4-60)*1", 0]
				},
				"foot": {
					"rotation": [15, 0, 0]
				}
			}
		}
	}
}