{
	"format_version": "1.8.0",
	"animations": {
		"animation.raikou.ground_idle": {
			"loop": true,
			"bones": {
				"torso": {
					"rotation": [-7.5, 0, 0]
				},
				"waist": {
					"rotation": [3, 0, 0]
				},
				"hips": {
					"rotation": [10, 0, 0]
				},
				"neck": {
					"rotation": [0, 0, 0]
				},
				"head": {
					"rotation": ["10+math.sin(q.anim_time*60*2.75+180)", 0, 0]
				},
				"leg_front_left": {
					"rotation": [9, 1.93597, -7.24721],
					"position": [0, -0.6, 0]
				},
				"leg_front_left2": {
					"rotation": [-2.48107, -0.43523, 7.51893]
				},
				"foot_front_left": {
					"rotation": [0, 0, 0]
				},
				"leg_front_right": {
					"rotation": [9, 1.93597, 7.2472],
					"position": [0, -0.6, 0]
				},
				"leg_front_right2": {
					"rotation": [-2.48107, 0.4352, -7.5189]
				},
				"foot_front_right": {
					"rotation": [0, 0, 0]
				},
				"head_tuft_middle": {
					"rotation": ["-7.5+Math.cos((query.anim_time-0.1) * 90 * 1) * 2", 0, 0]
				},
				"head_tuft_middle2": {
					"rotation": [10, 0, 0]
				},
				"head_tuft_middle_right": {
					"rotation": ["-7.5283+Math.cos((query.anim_time-0.1) * 90 * 1) * 2", -4.95712, 0.65426]
				},
				"head_tuft_middle_right2": {
					"rotation": [10, 2.4786, 0.32652]
				},
				"head_tuft_right": {
					"rotation": ["-10.1511+Math.cos((query.anim_time-0.1) * 90 * 1) * 2", -9.84655, 1.75378]
				},
				"head_tuft_right2": {
					"rotation": [10, 4.92385, 0.87038]
				},
				"head_tuft_right3": {
					"rotation": [10, 0, 0]
				},
				"head_tuft_things": {
					"rotation": [-20, 0, 0]
				},
				"leg_back_left": {
					"rotation": [-10, 0, -7.5]
				},
				"leg_back_left2": {
					"rotation": [1.21213, -2.11759, 0.84516]
				},
				"leg_back_left3": {
					"rotation": [-2.31236, 5.50032, 6.55288]
				},
				"foot_back_left": {
					"rotation": [4.60324, -5.39211, 3.30617]
				},
				"leg_back_right": {
					"rotation": [-10, 0, 7.5]
				},
				"leg_back_right2": {
					"rotation": [1.21046, 1.12839, -1.36621]
				},
				"leg_back_right3": {
					"rotation": [-2.31236, -5.5003, -6.5529]
				},
				"foot_back_right": {
					"rotation": [4.60324, 5.3921, -3.3062]
				},
				"head_tuft_middle_left": {
					"rotation": ["-7.5283+Math.cos((query.anim_time-0.1) * 90 * 1) * 2", 4.9571, -0.6543]
				},
				"head_tuft_middle_left2": {
					"rotation": [10, -2.4786, -0.3265]
				},
				"head_tuft_left": {
					"rotation": ["-10.1511+Math.cos((query.anim_time-0.1) * 90 * 1) * 2", 9.8466, -1.7538]
				},
				"head_tuft_left2": {
					"rotation": [10, -4.9238, -0.8704]
				},
				"tail": {
					"rotation": [-12, "Math.cos((query.anim_time-0.7) * 90 * 4) * 2", 0]
				},
				"jaw": {
					"rotation": [0, 0, 0]
				},
				"head_tuft_middle3": {
					"rotation": [5, 0, 0]
				},
				"head_tuft_middle_right3": {
					"rotation": [10, 0, 0]
				},
				"head_tuft_middle_left3": {
					"rotation": [10, 0, 0]
				},
				"head_tuft_left3": {
					"rotation": [10, 0, 0]
				}
			}
		},
		"animation.raikou.ground_walk": {
			"loop": true,
			"bones": {
				"torso": {
					"rotation": [-7.5, 0, 0]
				},
				"waist": {
					"rotation": [3, 0, 0]
				},
				"hips": {
					"rotation": [10, 0, 0]
				},
				"neck": {
					"rotation": [0, 0, 0]
				},
				"head": {
					"rotation": ["10+math.sin(q.anim_time*90*4*2+45)*6+math.sin(q.anim_time*90*4*2-45)*4", 0, 0]
				},
				"leg_front_left": {
					"rotation": ["9-math.clamp(25*(math.sin(q.anim_time*90*4*2-50)*1+1),-0,60)", 1.93597, -7.24721],
					"position": [0, -0.6, 0]
				},
				"leg_front_left2": {
					"rotation": ["-2.4811-10*math.sin(q.anim_time*90*4*2)", -0.43523, 7.51893]
				},
				"foot_front_left": {
					"rotation": ["20-15*math.sin(q.anim_time*90*4*2)", 0, 0]
				},
				"leg_front_right": {
					"rotation": ["9-math.clamp(25*(math.sin(q.anim_time*90*4*2-90)*1+1),-0,60)", 1.93597, 7.2472],
					"position": [
						0,
						"-0.6+0.2*(math.clamp(math.sin(q.anim_time*90*4*2-155)*1.6,1,1.6)-0.2)+0.5*(math.clamp(math.sin(q.anim_time*90*4*2-75)*1.8,1,1.8)-1)-0.2*(math.clamp(math.sin(q.anim_time*90*4*2)*1.4,1,1.4)+1)",
						0
					]
				},
				"leg_front_right2": {
					"rotation": ["-2.4811-10*math.sin(q.anim_time*90*4*2)", 0.4352, -7.5189]
				},
				"foot_front_right": {
					"rotation": ["20-15*math.sin(q.anim_time*90*4*2)", 0, 0]
				},
				"head_tuft_middle": {
					"rotation": [-7.5, 0, 0]
				},
				"head_tuft_middle2": {
					"rotation": [10, 0, 0]
				},
				"head_tuft_middle_right": {
					"rotation": [-7.52832, -4.95712, 0.65426]
				},
				"head_tuft_middle_right2": {
					"rotation": [10, 2.4786, 0.32652]
				},
				"head_tuft_right": {
					"rotation": [-10.15108, -9.84655, 1.75378]
				},
				"head_tuft_right2": {
					"rotation": [10, 4.92385, 0.87038]
				},
				"head_tuft_right3": {
					"rotation": [10, 0, 0]
				},
				"head_tuft_things": {
					"rotation": [-20, 0, 0]
				},
				"leg_back_left": {
					"rotation": ["-10+math.clamp(25*(math.sin(q.anim_time*90*4*2-90)*1+1),-0,48)+5*math.sin(q.anim_time*90*4*2-90)", 0, -7.5],
					"position": [
						0,
						"0-(math.clamp(-math.sin(q.anim_time*90*4*2+50)*1,0.5,1)-0.5)*0.5+(math.clamp(-math.sin(q.anim_time*90*2*2+70+180*0)*1,0.5,1)-0.5)*2+(math.clamp(-math.sin(q.anim_time*90*2*2+70+180*1)*1,0.5,1)-0.5)*2",
						0
					]
				},
				"leg_back_left2": {
					"rotation": [
						"1.2121+math.clamp(math.sin(q.anim_time*90*4*2)*10,0,10)+math.clamp(math.sin(q.anim_time*90*4*2-95)*20,0,45)-math.clamp(math.sin(q.anim_time*90*4*2+180)*50,0,45)",
						-2.11759,
						0.84516
					],
					"position": [0, "math.clamp(math.sin(q.anim_time*90*4-130)*1,0.5,1)-math.clamp(math.sin(q.anim_time*90*4-40)*1,0.75,1)+0.25", 0]
				},
				"leg_back_left3": {
					"rotation": [-2.31236, 5.50032, 6.55288]
				},
				"foot_back_left": {
					"rotation": [4.60324, -5.39211, 3.30617]
				},
				"leg_back_right": {
					"rotation": ["-10+math.clamp(25*(math.sin(q.anim_time*90*4*2-50)*1+1),-0,48)+5*math.sin(q.anim_time*90*4*2-50)", 0, 7.5],
					"position": [0, "math.clamp(math.sin(q.anim_time*90*4-130)*1,0.5,1)-math.clamp(math.sin(q.anim_time*90*4-40)*1,0.75,1)+0.25", 0]
				},
				"leg_back_right2": {
					"rotation": [
						"1.2105+math.clamp(math.sin(q.anim_time*90*4*2)*10,0,10)+math.clamp(math.sin(q.anim_time*90*4*2-95)*20,0,45)-math.clamp(math.sin(q.anim_time*90*4*2+180)*50,0,45)",
						1.12839,
						-1.36621
					],
					"position": [0, "math.clamp(math.sin(q.anim_time*90*4-130)*1,0.5,1)-math.clamp(math.sin(q.anim_time*90*4-40)*1,0.75,1)+0.25", 0]
				},
				"leg_back_right3": {
					"rotation": [-2.31236, -5.5003, -6.5529]
				},
				"foot_back_right": {
					"rotation": [4.60324, 5.3921, -3.3062]
				},
				"head_tuft_middle_left": {
					"rotation": [-7.52832, 4.9571, -0.6543]
				},
				"head_tuft_middle_left2": {
					"rotation": [10, -2.4786, -0.3265]
				},
				"head_tuft_left": {
					"rotation": [-10.15108, 9.8466, -1.7538]
				},
				"head_tuft_left2": {
					"rotation": [10, -4.9238, -0.8704]
				},
				"tail": {
					"rotation": [-12, "-5*math.sin(q.anim_time*90*4*2+30)*4", 0]
				},
				"jaw": {
					"rotation": [0, 0, 0]
				},
				"head_tuft_middle3": {
					"rotation": [5, 0, 0]
				},
				"head_tuft_middle_right3": {
					"rotation": [10, 0, 0]
				},
				"head_tuft_middle_left3": {
					"rotation": [10, 0, 0]
				},
				"head_tuft_left3": {
					"rotation": [10, 0, 0]
				},
				"body": {
					"rotation": ["-2.5*math.sin(q.anim_time*90*4*2+45)*6", "-0.5*math.sin(q.anim_time*90*4*2+45)*6", 0],
					"position": [
						0,
						"math.clamp(math.sin(q.anim_time*90*4)*1.1,0.4,1.1)+math.clamp(math.sin(q.anim_time*90*4+180)*1.1,0.4,1.1)",
						"math.sin(q.anim_time*90*4*2-33)*1"
					]
				}
			}
		}
	}
}