{
	"format_version": "1.8.0",
	"animations": {
		"animation.spiritomb_unbound.ground_idle": {
			"loop": true,
			"bones": {
				"tomb": {
					"rotation": ["math.sin(query.anim_time*90*1.5)*2", 0, "math.cos(query.anim_time*90*1.5)*2"]
				},
				"stem": {
					"rotation": ["-9.9976+math.cos(query.anim_time*90*1.5)*5", "44.9455+math.sin(query.anim_time*90*1.5)*5", -3.53329]
				},
				"spirit": {
					"rotation": [6.93255, "-34.3927+math.cos(query.anim_time*90*1.5)*-2", -12.14787]
				},
				"back": {
					"rotation": [0, 0, "-27.5-(query.anim_time)*40"],
					"scale": "1+math.sin(query.anim_time*90*1.5)*0.075"
				},
				"orbs": {
					"rotation": [0, 0, "20+(query.anim_time)*80"]
				},
				"stem_left": {
					"rotation": ["0+math.cos(query.anim_time*90*1.5)*5", "math.sin(query.anim_time*90*1.5)*5", -10]
				},
				"spirit_left": {
					"rotation": [0, "17.5+math.cos(query.anim_time*90*1.5)*-2", 0]
				},
				"back_left": {
					"rotation": ["-17.5-(query.anim_time)*40", 0, 0],
					"scale": "1+math.sin(query.anim_time*90*1.5)*0.075"
				},
				"orbs_left": {
					"rotation": ["-17.5+(query.anim_time)*80", 0, 0]
				},
				"stem_right": {
					"rotation": ["-10+math.cos(query.anim_time*90*1.5)*5", "math.sin(query.anim_time*90*1.5)*5", 7.5]
				},
				"spirit_right": {
					"rotation": [0, "7.5+math.cos(query.anim_time*90*1.5)*-2", 0]
				},
				"back_right": {
					"rotation": ["-20-(query.anim_time)*40", 0, 0],
					"scale": "1+math.sin(query.anim_time*90*1.5)*0.075"
				},
				"orbs_right": {
					"rotation": ["12.5+(query.anim_time)*80", 0, 0]
				},
				"stem_left2": {
					"rotation": ["2.664+math.cos(query.anim_time*90*1.5)*5", "-14.7669+math.sin(query.anim_time*90*1.5)*5", -10.34527]
				},
				"back_left2": {
					"rotation": ["-15-(query.anim_time)*40", 0, 0],
					"scale": "1+math.sin(query.anim_time*90*1.5)*0.075"
				},
				"orbs_left2": {
					"rotation": ["15+(query.anim_time)*80", 0, 0]
				},
				"face_open_left": {
					"scale": "1+math.sin(query.anim_time*90*1.5)*0.05"
				},
				"face_open_right": {
					"scale": "1+math.sin(query.anim_time*90*1.5)*0.05"
				},
				"spirit_left2": {
					"rotation": [0, "0+math.cos(query.anim_time*90*1.5)*-2", 0]
				},
				"face_closed_left2": {
					"scale": "1+math.sin(query.anim_time*90*1.5)*0.05"
				},
				"face": {
					"scale": "1+math.sin(query.anim_time*90*1.5)*0.05"
				}
			}
		},
		"animation.spiritomb_unbound.cry": {
			"animation_length": 1.5,
			"bones": {
				"spirit": {
					"scale": {
						"0.2917": {
							"pre": [1, 1, 1],
							"post": [1, 1, 1],
							"lerp_mode": "catmullrom"
						},
						"0.4167": {
							"post": [1.1, 1.1, 1.1],
							"lerp_mode": "catmullrom"
						},
						"0.5": {
							"post": [1, 1, 1],
							"lerp_mode": "catmullrom"
						},
						"0.5833": {
							"post": [1.1, 1.1, 1.1],
							"lerp_mode": "catmullrom"
						},
						"0.6667": {
							"post": [1, 1, 1],
							"lerp_mode": "catmullrom"
						},
						"0.75": {
							"post": [1.1, 1.1, 1.1],
							"lerp_mode": "catmullrom"
						},
						"0.875": {
							"post": [1, 1, 1],
							"lerp_mode": "catmullrom"
						}
					}
				},
				"mouth_open": {
					"scale": {
						"0.0": [0, 0, 0],
						"0.25": {"pre": [0, 0, 0], "post": [1, 1, 1]},
						"1.25": {"pre": [1, 1, 1], "post": [0, 0, 0]}
					}
				},
				"mouth_closed": {
					"scale": {
						"0.0": [1, 1, 1],
						"0.25": {"pre": [1, 1, 1], "post": [0, 0, 0]},
						"1.25": {"pre": [0, 0, 0], "post": [1, 1, 1]}
					}
				},
				"spirit_left": {
					"scale": {
						"0.2917": {
							"pre": [1, 1, 1],
							"post": [1, 1, 1],
							"lerp_mode": "catmullrom"
						},
						"0.4167": {
							"post": [1.1, 1.1, 1.1],
							"lerp_mode": "catmullrom"
						},
						"0.5": {
							"post": [1, 1, 1],
							"lerp_mode": "catmullrom"
						},
						"0.5833": {
							"post": [1.1, 1.1, 1.1],
							"lerp_mode": "catmullrom"
						},
						"0.6667": {
							"post": [1, 1, 1],
							"lerp_mode": "catmullrom"
						},
						"0.75": {
							"post": [1.1, 1.1, 1.1],
							"lerp_mode": "catmullrom"
						},
						"0.875": {
							"post": [1, 1, 1],
							"lerp_mode": "catmullrom"
						}
					}
				},
				"face_open_left": {
					"scale": {
						"0.0": [0, 0, 0],
						"0.25": {"pre": [0, 0, 0], "post": [1, 1, 1]},
						"1.25": {"pre": [1, 1, 1], "post": [0, 0, 0]}
					}
				},
				"spirit_right": {
					"scale": {
						"0.2917": {
							"pre": [1, 1, 1],
							"post": [1, 1, 1],
							"lerp_mode": "catmullrom"
						},
						"0.4167": {
							"post": [1.1, 1.1, 1.1],
							"lerp_mode": "catmullrom"
						},
						"0.5": {
							"post": [1, 1, 1],
							"lerp_mode": "catmullrom"
						},
						"0.5833": {
							"post": [1.1, 1.1, 1.1],
							"lerp_mode": "catmullrom"
						},
						"0.6667": {
							"post": [1, 1, 1],
							"lerp_mode": "catmullrom"
						},
						"0.75": {
							"post": [1.1, 1.1, 1.1],
							"lerp_mode": "catmullrom"
						},
						"0.875": {
							"post": [1, 1, 1],
							"lerp_mode": "catmullrom"
						}
					}
				},
				"face_open_right": {
					"scale": {
						"0.0": [0, 0, 0],
						"0.25": {"pre": [0, 0, 0], "post": [1, 1, 1]},
						"1.25": {"pre": [1, 1, 1], "post": [0, 0, 0]}
					}
				},
				"spirit_left2": {
					"scale": {
						"0.2917": {
							"pre": [1, 1, 1],
							"post": [1, 1, 1],
							"lerp_mode": "catmullrom"
						},
						"0.4167": {
							"post": [1.1, 1.1, 1.1],
							"lerp_mode": "catmullrom"
						},
						"0.5": {
							"post": [1, 1, 1],
							"lerp_mode": "catmullrom"
						},
						"0.5833": {
							"post": [1.1, 1.1, 1.1],
							"lerp_mode": "catmullrom"
						},
						"0.6667": {
							"post": [1, 1, 1],
							"lerp_mode": "catmullrom"
						},
						"0.75": {
							"post": [1.1, 1.1, 1.1],
							"lerp_mode": "catmullrom"
						},
						"0.875": {
							"post": [1, 1, 1],
							"lerp_mode": "catmullrom"
						}
					}
				},
				"face_open_left2": {
					"scale": {
						"0.0": [0, 0, 0],
						"0.25": {"pre": [0, 0, 0], "post": [1, 1, 1]},
						"1.25": {"pre": [1, 1, 1], "post": [0, 0, 0]}
					}
				}
			}
		}
	}
}