{
	"format_version": "1.8.0",
	"animations": {
		"animation.thundurus_incarnate.pose": {
			"loop": true,
			"bones": {
				"torso": {
					"rotation": [-2.5, 0, 0]
				},
				"arm_left": {
					"rotation": [86.69491, 58.77539, 89.94087]
				},
				"arm_left2": {
					"rotation": [0, 82.5, 0]
				},
				"hand_left": {
					"rotation": [0, 12.5, 0]
				},
				"finger_left1_1": {
					"rotation": [0, 0, 45]
				},
				"finger_left1_2": {
					"rotation": [0, 0, 55]
				},
				"finger_left2_1": {
					"rotation": [0, 0, 40]
				},
				"finger_left2_2": {
					"rotation": [0, 0, 55]
				},
				"finger_left3_1": {
					"rotation": [0, 0, 45]
				},
				"finger_left3_2": {
					"rotation": [0, 0, 55]
				},
				"thumb_left": {
					"rotation": [30, -40, 0]
				},
				"thumb_left2": {
					"rotation": [20, 0, 0]
				},
				"cloud_tail": {
					"rotation": [-15, 0, 0]
				},
				"cloud_tail2": {
					"rotation": [7.5, 0, 0]
				},
				"arm_right": {
					"rotation": [83.34891, -62.55479, -86.40158]
				},
				"arm_right2": {
					"rotation": [0, -85, 0]
				},
				"hand_right": {
					"rotation": [-6.1512, -16.72698, 15.60837]
				},
				"finger_right1_1": {
					"rotation": [0, 0, -30]
				},
				"finger_right1_2": {
					"rotation": [0, 0, -30]
				},
				"finger_right2_1": {
					"rotation": [0, 0, -25]
				},
				"finger_right2_2": {
					"rotation": [0, 0, -40]
				},
				"finger_right3_1": {
					"rotation": [0, 0, -30]
				},
				"finger_right3_2": {
					"rotation": [0, 0, -40]
				},
				"tail": {
					"rotation": [-57.40093, -4.21541, 142.30864]
				},
				"tail2": {
					"rotation": [-37.5, 0, 0]
				},
				"tail3": {
					"rotation": [-30, 0, 0]
				},
				"tail4": {
					"rotation": [-35, 0, 0]
				},
				"tail5": {
					"rotation": [-37.5, 0, 0]
				},
				"tail6": {
					"rotation": [-35, 0, 0]
				},
				"tail7": {
					"rotation": [-42.5, 0, 0]
				},
				"head": {
					"rotation": [7.5, 0, 0]
				}
			}
		},
		"animation.thundurus_incarnate.blink": {
			"animation_length": 0.16667,
			"bones": {
				"eyelid_left": {
					"position": {
						"0.125": [0.1, 0, -0.1],
						"0.1667": [0, 0, 0]
					}
				},
				"eyelid_right": {
					"position": {
						"0.125": [-0.1, 0, -0.1],
						"0.1667": [0, 0, 0]
					}
				}
			}
		},
		"animation.thundurus_incarnate.mouth_closed": {
			"animation_length": 0.16667,
			"bones": {
				"mouth": {
					"position": {
						"0.125": [0, 0, -0.1],
						"0.1667": [0, 0, 0]
					}
				}
			}
		},
		"animation.thundurus_incarnate.ground_idle": {
			"loop": true,
			"bones": {
				"torso": {
					"rotation": [-2.5, 0, 0]
				},
				"arm_left": {
					"rotation": [86.69491, 58.77539, 89.94087]
				},
				"arm_left2": {
					"rotation": [0, 82.5, 0]
				},
				"hand_left": {
					"rotation": [0, 12.5, 0]
				},
				"finger_left1_1": {
					"rotation": [0, 0, 45]
				},
				"finger_left1_2": {
					"rotation": [0, 0, 55]
				},
				"finger_left2_1": {
					"rotation": [0, 0, 40]
				},
				"finger_left2_2": {
					"rotation": [0, 0, 55]
				},
				"finger_left3_1": {
					"rotation": [0, 0, 45]
				},
				"finger_left3_2": {
					"rotation": [0, 0, 55]
				},
				"thumb_left": {
					"rotation": [30, -40, 0]
				},
				"thumb_left2": {
					"rotation": [20, 0, 0]
				},
				"cloud_tail": {
					"rotation": [-15, 0, 0]
				},
				"cloud_tail2": {
					"rotation": [7.5, 0, 0]
				},
				"arm_right": {
					"rotation": [83.34891, -62.55479, -86.40158]
				},
				"arm_right2": {
					"rotation": [0, -85, 0]
				},
				"hand_right": {
					"rotation": [-6.1512, -16.72698, 15.60837]
				},
				"finger_right1_1": {
					"rotation": [0, 0, -30]
				},
				"finger_right1_2": {
					"rotation": [0, 0, -30]
				},
				"finger_right2_1": {
					"rotation": [0, 0, -25]
				},
				"finger_right2_2": {
					"rotation": [0, 0, -40]
				},
				"finger_right3_1": {
					"rotation": [0, 0, -30]
				},
				"finger_right3_2": {
					"rotation": [0, 0, -40]
				},
				"tail": {
					"rotation": [-57.40093, -4.21541, 142.30864]
				},
				"tail2": {
					"rotation": [-37.5, 0, 0]
				},
				"tail3": {
					"rotation": [-30, 0, 0]
				},
				"tail4": {
					"rotation": [-35, 0, 0]
				},
				"tail5": {
					"rotation": [-37.5, 0, 0]
				},
				"tail6": {
					"rotation": [-35, 0, 0]
				},
				"tail7": {
					"rotation": [-42.5, 0, 0]
				},
				"head": {
					"rotation": [7.5, 0, 0]
				},
				"thundurus_incarnate": {
					"rotation": ["2.5*math.sin(q.anim_time*90*2)*0.5", 0, "2.5*math.sin(q.anim_time*90*2+90)*0.5"],
					"position": ["0+math.sin(q.anim_time*90*1.5)*2", "8+math.sin(q.anim_time*90*3)*1", "0+math.sin(q.anim_time*90*3)*0.5"]
				}
			}
		}
	}
}