{
	"format_version": "1.8.0",
	"animations": {
		"animation.tornadus_therian.pose": {
			"loop": true,
			"bones": {
				"head": {
					"rotation": [0, 17.5, 0]
				},
				"wing_open_left": {
					"rotation": [-22.19157, -3.81024, -21.7525]
				},
				"wing_open_left2": {
					"rotation": [0, 5, -12.5]
				},
				"wing_open_left3": {
					"rotation": [0, 10, -7.5]
				},
				"wing_open_right": {
					"rotation": [-22.1916, -3.8102, 21.7525]
				},
				"wing_open_right2": {
					"rotation": [0, -5, 12.5]
				},
				"wing_open_right3": {
					"rotation": [-360, -10, -352.5]
				},
				"cloud_tail2": {
					"rotation": [15, 0, 0]
				},
				"cloud_tail3": {
					"rotation": [-12.5, 0, 0]
				},
				"cloud_tail4": {
					"rotation": [37.5, 0, 0]
				},
				"tail": {
					"rotation": [50, 0, 0]
				},
				"tail2": {
					"rotation": [30, 0, 0]
				},
				"tail3": {
					"rotation": [25, 0, 0]
				},
				"tail4": {
					"rotation": [27.5, 0, 0]
				},
				"leg_left": {
					"rotation": [0, -10, 0]
				},
				"leg_right": {
					"rotation": [0, 10, 0]
				}
			}
		},
		"animation.tornadus_therian.blink": {
			"animation_length": 0.16667,
			"bones": {
				"eyelid_right": {
					"position": {
						"0.125": [0, 0, -0.1],
						"0.1667": [0, 0, 0]
					}
				},
				"eyelid_left": {
					"position": {
						"0.125": [0, 0, -0.1],
						"0.1667": [0, 0, 0]
					}
				}
			}
		},
		"animation.tornadus_therian.ground_idle": {
			"loop": true,
			"bones": {
				"head": {
					"rotation": ["0+Math.cos((query.anim_time) * 90 * 1 - 45) * 6", 0, 0]
				},
				"wing_open_left": {
					"rotation": [0, "0+Math.cos((query.anim_time) * 90 * 1) * 30", 0]
				},
				"wing_open_left2": {
					"rotation": [0, 5, -12.5]
				},
				"wing_open_left3": {
					"rotation": [0, "10+Math.cos((query.anim_time) * 90 * 1 - 120) * 40", -7.5]
				},
				"wing_open_right": {
					"rotation": [0, "0+Math.cos((query.anim_time) * 90 * 1) * -30", 0]
				},
				"wing_open_right2": {
					"rotation": [0, "-5+Math.cos((query.anim_time) * 90 * 1 - 60) * -20", 12.5]
				},
				"wing_open_right3": {
					"rotation": [-360, "-10+Math.cos((query.anim_time) * 90 * 1 - 120) * -40", -352.5]
				},
				"cloud_tail2": {
					"rotation": [15, 0, 0]
				},
				"cloud_tail3": {
					"rotation": [-12.5, 0, 0]
				},
				"cloud_tail4": {
					"rotation": [37.5, 0, 0]
				},
				"tail": {
					"rotation": ["50+Math.cos((query.anim_time) * 90 * 1 - 90) * 8", 0, 0]
				},
				"tail2": {
					"rotation": [30, 0, 0]
				},
				"tail3": {
					"rotation": [25, 0, 0]
				},
				"tail4": {
					"rotation": [27.5, 0, 0]
				},
				"leg_left": {
					"rotation": ["0+Math.cos((query.anim_time) * 90 * 1 - 90) * -4 ", -10, 0]
				},
				"leg_right": {
					"rotation": ["0+Math.cos((query.anim_time) * 90 * 1 - 90) * -4 ", 10, 0]
				},
				"body": {
					"rotation": ["0+Math.cos((query.anim_time) * 90 * 1 - 90) * -2", 0, 0],
					"position": [0, "8+Math.cos((query.anim_time) * 90 * 1 - 30) * 4", 0]
				},
				"neck": {
					"rotation": ["0+Math.cos((query.anim_time) * 90 * 1 - 90) * -4 ", 0, 0]
				},
				"wing_closed_left": {
					"scale": 0
				},
				"wing_closed_right": {
					"scale": 0
				}
			}
		}
	}
}