{
	"format_version": "1.8.0",
	"animations": {
		"animation.ursaluna_bloodmoon.ground_idle": {
			"loop": true,
			"bones": {
				"torso": {
					"rotation": [-10, 0, 0]
				},
				"shoulder_left": {
					"rotation": [0, -41.5, "52.5+(math.sin(q.anim_time*90*1+180)*3)*0.6"]
				},
				"arm_left": {
					"rotation": [9.6658, 2.57594, 5.21783]
				},
				"spikes_torso_main": {
					"rotation": [-7.5, 0, 0]
				},
				"tail": {
					"rotation": [12.5, 0, 0]
				},
				"arm_left2": {
					"rotation": [3.83609, 22.92333, 27.24936]
				},
				"hand_left": {
					"rotation": [-0.49981, -49.98947, 0.45405]
				},
				"leg_left_rotate": {
					"rotation": [0, -5, 0]
				},
				"thigh_left": {
					"rotation": [-37.57558, 0.86717, -9.96271]
				},
				"thumb_left": {
					"rotation": [-67.5, 0, 0]
				},
				"shoulder_right": {
					"rotation": [0, 45.5, "-55-(math.sin(q.anim_time*90*1+180)*3)*0.6"]
				},
				"arm_right": {
					"rotation": [9.285, -3.72971, 1.69702]
				},
				"arm_right2": {
					"rotation": [11.49483, -39.90652, -30.78736]
				},
				"hand_right": {
					"rotation": [-0.52771, 52.48941, -0.48985]
				},
				"thumb_right": {
					"rotation": [-52.5, 0, 0]
				},
				"leg_left": {
					"rotation": [37.09251, -2.09132, 10.41098]
				},
				"foot_left": {
					"rotation": [0, 0, 0]
				},
				"thigh_right": {
					"rotation": [-37.57558, -0.86717, 9.96271]
				},
				"leg_right": {
					"rotation": [37.09251, 2.09132, -10.41098]
				},
				"foot_right": {
					"rotation": [0, 0, 0]
				},
				"leg_right_rotate": {
					"rotation": [0, 5, 0]
				},
				"head": {
					"rotation": [45, 0, 0]
				},
				"spike_bottom_main": {
					"rotation": [10, 0, 0]
				},
				"eye_left": {
					"position": [0, 0, 0]
				},
				"hip": {
					"rotation": ["-65+(math.sin(q.anim_time*90*1+180)*3)*0.6", 0, "0+(math.cos(q.anim_time*90*1+180)*2)*0.2"]
				},
				"upper_body": {
					"rotation": [30, 0, 0]
				},
				"jaw": {
					"rotation": [32.5, 0, 0]
				},
				"hand_right2": {
					"rotation": [0, 32.5, 0]
				},
				"hand_left2": {
					"rotation": [0, -25, 0]
				},
				"neck": {
					"rotation": [5, 0, 0]
				}
			}
		}
	}
}