{
	"format_version": "1.8.0",
	"animations": {
		"animation.xurkitree.ground_idle": {
			"loop": true,
			"bones": {
				"body": {
					"rotation": ["+Math.cos((query.anim_time) * 90 * 1) * 2", 0, 0]
				},
				"head": {
					"scale": "1+math.cos(q.anim_time*30*4*20+90)*0.05"
				},
				"leg_right_4": {
					"rotation": [0, 0, "-37.5-Math.sin((query.anim_time-0.4) * 90 * 1) * 4"]
				},
				"leg_right_5": {
					"rotation": [0, 0, "40-Math.cos((query.anim_time-0.8) * 90 * 1) * 6"]
				},
				"leg_right_6": {
					"rotation": [0, 0, "17.5-Math.cos((query.anim_time-1.2) * 90 * 1) * 4"]
				},
				"leg_left_4": {
					"rotation": [0, 0, "37.5+Math.sin((query.anim_time-0.4) * 90 * 1) * 4"]
				},
				"leg_left_5": {
					"rotation": [0, 0, "-40+Math.cos((query.anim_time-0.8) * 90 * 1) * 6"]
				},
				"leg_left_6": {
					"rotation": [0, 0, "-17.5+Math.cos((query.anim_time-1.2) * 90 * 1) * 4"]
				},
				"leg_left_1": {
					"rotation": [-18.29539, -35.20383, -2.63636]
				},
				"leg_left_2": {
					"rotation": [15, 0, 0]
				},
				"leg_left_3": {
					"rotation": [10, 0, 0]
				},
				"leg_right_1": {
					"rotation": [-12.80098, 33.43206, 8.23096]
				},
				"leg_right_2": {
					"rotation": [15, 0, 0]
				},
				"leg_center_1": {
					"rotation": [139.71854, -126.49538, 140.92885]
				},
				"leg_center_2": {
					"rotation": ["45+math.sin(q.anim_time*90*1-60)*3", 0, 0]
				},
				"leg_center_3": {
					"rotation": ["23.6624+math.sin(q.anim_time*90*1-120)*6", 8.31087, -18.25612]
				}
			}
		},
		"animation.xurkitree.ground_walk": {
			"loop": true,
			"animation_length": 2,
			"bones": {
				"body": {
					"rotation": [0, 0, "math.sin((query.anim_time)*360-10)*3"],
					"position": [
						"math.sin((query.anim_time)*360-90)*0.15 ",
						"(math.sin((query.anim_time)*720-280)*0.5)",
						"-1.175+math.sin((query.anim_time)*720-90)*0.025 "
					]
				},
				"head": {
					"scale": "1+math.cos(q.anim_time*30*4*20+90)*0.05"
				},
				"leg_right_4": {
					"rotation": ["((math.sin((query.anim_time-0.45)*360)*25))", "math.cos((query.anim_time-0.2)*360)*20", -35]
				},
				"leg_right_5": {
					"rotation": [0, 0, "40+((math.sin((query.anim_time-0.6)*360)*4))"]
				},
				"leg_left_4": {
					"rotation": ["((math.sin((query.anim_time-0.45)*360)*25))", "math.cos((query.anim_time-0.2)*360)*20", 35]
				},
				"leg_left_5": {
					"rotation": [0, 0, "-40-((math.sin((query.anim_time-0.6)*360)*4))"]
				},
				"leg_left_1": {
					"rotation": {
						"0.0": ["(-Math.cos(query.anim_time * 360-1)*25)", 0, 0],
						"1.0": ["(-Math.cos(query.anim_time * 360-1)*25)", 0, 0]
					},
					"position": {
						"0.0": [0, "-1+math.clamp((-Math.sin(query.anim_time * 360)*1.2),0,4)", "-0.5+(-Math.cos(query.anim_time * 360)*1)"],
						"0.5": [0, "-1+math.clamp((-Math.sin(query.anim_time * 360)*1.2),0,4)", "-0.5+(-Math.cos(query.anim_time * 360)*1)"],
						"0.75": [0, "math.clamp((-Math.sin(query.anim_time * 360)*1.2),0,4)", "-0.5+(-Math.cos(query.anim_time * 360)*1)"],
						"1.0": [0, "-1+math.clamp((-Math.sin(query.anim_time * 360)*1.2),0,4)", "-0.5+(-Math.cos(query.anim_time * 360)*1)"],
						"1.5": [0, "-1+math.clamp((-Math.sin(query.anim_time * 360)*1.2),0,4)", "-0.5+(-Math.cos(query.anim_time * 360)*1)"],
						"1.75": [0, "math.clamp((-Math.sin(query.anim_time * 360)*1.2),0,4)", "-0.5+(-Math.cos(query.anim_time * 360)*1)"],
						"2.0": [0, "-1+math.clamp((-Math.sin(query.anim_time * 360)*1.2),0,4)", "-0.5+(-Math.cos(query.anim_time * 360)*1)"]
					}
				},
				"leg_left_2": {
					"rotation": {
						"0.0": [6.47048, 0, 0],
						"0.0417": {
							"pre": [2, 0, 0],
							"post": [2, 0, 0],
							"lerp_mode": "catmullrom"
						},
						"0.0833": {
							"post": [0, 0, 0],
							"lerp_mode": "catmullrom"
						},
						"0.125": {
							"post": [-0.09, 0, 0],
							"lerp_mode": "catmullrom"
						},
						"0.1667": {
							"post": [-0.1, 0, 0],
							"lerp_mode": "catmullrom"
						},
						"0.2083": {
							"post": [-0.11, 0, 0],
							"lerp_mode": "catmullrom"
						},
						"0.25": {
							"post": [-0.12, 0, 0],
							"lerp_mode": "catmullrom"
						},
						"0.2917": {
							"post": [-0.13, 0, 0],
							"lerp_mode": "catmullrom"
						},
						"0.3333": {
							"post": [-0.14, 0, 0],
							"lerp_mode": "catmullrom"
						},
						"0.375": {
							"post": [-0.16, 0, 0],
							"lerp_mode": "catmullrom"
						},
						"0.4167": {
							"post": [-0.19, 0, 0],
							"lerp_mode": "catmullrom"
						},
						"0.4583": {
							"post": [-0.22, 0, 0],
							"lerp_mode": "catmullrom"
						},
						"0.5": {
							"post": [0, 0, 0],
							"lerp_mode": "catmullrom"
						},
						"0.5417": {
							"post": [2, 0, 0],
							"lerp_mode": "catmullrom"
						},
						"0.5833": {
							"post": [6.47048, 0, 0],
							"lerp_mode": "catmullrom"
						},
						"0.625": {
							"post": [12.5, 0, 0],
							"lerp_mode": "catmullrom"
						},
						"0.6667": {
							"post": [17.67767, 0, 0],
							"lerp_mode": "catmullrom"
						},
						"0.7083": {
							"post": [21.65064, 0, 0],
							"lerp_mode": "catmullrom"
						},
						"0.75": {
							"post": [24.14815, 0, 0],
							"lerp_mode": "catmullrom"
						},
						"0.7917": {
							"post": [25, 0, 0],
							"lerp_mode": "catmullrom"
						},
						"0.8333": {
							"post": [24.14815, 0, 0],
							"lerp_mode": "catmullrom"
						},
						"0.875": {
							"post": [21.65064, 0, 0],
							"lerp_mode": "catmullrom"
						},
						"0.9167": {
							"post": [17.67767, 0, 0],
							"lerp_mode": "catmullrom"
						},
						"0.9583": {
							"post": [12.5, 0, 0],
							"lerp_mode": "catmullrom"
						},
						"1.0": [6.47048, 0, 0],
						"1.0417": {
							"pre": [2, 0, 0],
							"post": [2, 0, 0],
							"lerp_mode": "catmullrom"
						},
						"1.0833": {
							"post": [0, 0, 0],
							"lerp_mode": "catmullrom"
						},
						"1.125": {
							"post": [-0.09, 0, 0],
							"lerp_mode": "catmullrom"
						},
						"1.1667": {
							"post": [-0.1, 0, 0],
							"lerp_mode": "catmullrom"
						},
						"1.2083": {
							"post": [-0.11, 0, 0],
							"lerp_mode": "catmullrom"
						},
						"1.25": {
							"post": [-0.12, 0, 0],
							"lerp_mode": "catmullrom"
						},
						"1.2917": {
							"post": [-0.13, 0, 0],
							"lerp_mode": "catmullrom"
						},
						"1.3333": {
							"post": [-0.14, 0, 0],
							"lerp_mode": "catmullrom"
						},
						"1.375": {
							"post": [-0.16, 0, 0],
							"lerp_mode": "catmullrom"
						},
						"1.4167": {
							"post": [-0.19, 0, 0],
							"lerp_mode": "catmullrom"
						},
						"1.4583": {
							"post": [-0.22, 0, 0],
							"lerp_mode": "catmullrom"
						},
						"1.5": {
							"post": [0, 0, 0],
							"lerp_mode": "catmullrom"
						},
						"1.5417": {
							"post": [2, 0, 0],
							"lerp_mode": "catmullrom"
						},
						"1.5833": {
							"post": [6.47048, 0, 0],
							"lerp_mode": "catmullrom"
						},
						"1.625": {
							"post": [12.5, 0, 0],
							"lerp_mode": "catmullrom"
						},
						"1.6667": {
							"post": [17.67767, 0, 0],
							"lerp_mode": "catmullrom"
						},
						"1.7083": {
							"post": [21.65064, 0, 0],
							"lerp_mode": "catmullrom"
						},
						"1.75": {
							"post": [24.14815, 0, 0],
							"lerp_mode": "catmullrom"
						},
						"1.7917": {
							"post": [25, 0, 0],
							"lerp_mode": "catmullrom"
						},
						"1.8333": {
							"post": [24.14815, 0, 0],
							"lerp_mode": "catmullrom"
						},
						"1.875": {
							"post": [21.65064, 0, 0],
							"lerp_mode": "catmullrom"
						},
						"1.9167": {
							"post": [17.67767, 0, 0],
							"lerp_mode": "catmullrom"
						},
						"1.9583": {
							"post": [12.5, 0, 0],
							"lerp_mode": "catmullrom"
						},
						"2.0": [6.47048, 0, 0]
					}
				},
				"foot_left": {
					"rotation": ["math.clamp((Math.cos(query.anim_time*360-45)*15),-1,15)", 0, 0]
				},
				"leg_right_1": {
					"rotation": {
						"0.0": ["(Math.cos(query.anim_time * 360-1)*25)", 0, 0],
						"1.0": ["(Math.cos(query.anim_time * 360-1)*25)", 0, 0]
					},
					"position": {
						"0.0": [0, "-1+math.clamp((Math.sin(query.anim_time * 360)*1.2),0,4)", "-0.5+(Math.cos(query.anim_time * 360)*1)"],
						"0.25": [0, "math.clamp((Math.sin(query.anim_time * 360)*1.2),0,4)", "-0.5+(Math.cos(query.anim_time * 360)*1)"],
						"0.5": [0, "-1+math.clamp((Math.sin(query.anim_time * 360)*1.2),0,4)", "-0.5+(Math.cos(query.anim_time * 360)*1)"],
						"1.0": [0, "-1+math.clamp((Math.sin(query.anim_time * 360)*1.2),0,4)", "-0.5+(Math.cos(query.anim_time * 360)*1)"],
						"1.25": [0, "math.clamp((Math.sin(query.anim_time * 360)*1.2),0,4)", "-0.5+(Math.cos(query.anim_time * 360)*1)"],
						"1.5": [0, "-1+math.clamp((Math.sin(query.anim_time * 360)*1.2),0,4)", "-0.5+(Math.cos(query.anim_time * 360)*1)"],
						"2.0": [0, "-1+math.clamp((Math.sin(query.anim_time * 360)*1.2),0,4)", "-0.5+(Math.cos(query.anim_time * 360)*1)"]
					}
				},
				"leg_right_2": {
					"rotation": {
						"0.0": {
							"post": [0.5, 0, 0],
							"lerp_mode": "catmullrom"
						},
						"0.0417": {
							"post": [2, 0, 0],
							"lerp_mode": "catmullrom"
						},
						"0.0833": {
							"post": [6.47048, 0, 0],
							"lerp_mode": "catmullrom"
						},
						"0.125": {
							"post": [12.5, 0, 0],
							"lerp_mode": "catmullrom"
						},
						"0.1667": {
							"post": [17.67767, 0, 0],
							"lerp_mode": "catmullrom"
						},
						"0.2083": {
							"post": [21.65064, 0, 0],
							"lerp_mode": "catmullrom"
						},
						"0.25": {
							"post": [24.14815, 0, 0],
							"lerp_mode": "catmullrom"
						},
						"0.2917": {
							"post": [25, 0, 0],
							"lerp_mode": "catmullrom"
						},
						"0.3333": {
							"post": [24.14815, 0, 0],
							"lerp_mode": "catmullrom"
						},
						"0.375": {
							"post": [21.65064, 0, 0],
							"lerp_mode": "catmullrom"
						},
						"0.4167": {
							"post": [17.67767, 0, 0],
							"lerp_mode": "catmullrom"
						},
						"0.4583": {
							"post": [12.5, 0, 0],
							"lerp_mode": "catmullrom"
						},
						"0.5": [6.47048, 0, 0],
						"0.5417": {
							"pre": [2, 0, 0],
							"post": [2, 0, 0],
							"lerp_mode": "catmullrom"
						},
						"0.5833": {
							"post": [0, 0, 0],
							"lerp_mode": "catmullrom"
						},
						"0.9583": {
							"post": [-0.22, 0, 0],
							"lerp_mode": "catmullrom"
						},
						"1.0": {
							"post": [0.5, 0, 0],
							"lerp_mode": "catmullrom"
						},
						"1.0417": {
							"post": [2, 0, 0],
							"lerp_mode": "catmullrom"
						},
						"1.0833": {
							"post": [6.47048, 0, 0],
							"lerp_mode": "catmullrom"
						},
						"1.125": {
							"post": [12.5, 0, 0],
							"lerp_mode": "catmullrom"
						},
						"1.1667": {
							"post": [17.67767, 0, 0],
							"lerp_mode": "catmullrom"
						},
						"1.2083": {
							"post": [21.65064, 0, 0],
							"lerp_mode": "catmullrom"
						},
						"1.25": {
							"post": [24.14815, 0, 0],
							"lerp_mode": "catmullrom"
						},
						"1.2917": {
							"post": [25, 0, 0],
							"lerp_mode": "catmullrom"
						},
						"1.3333": {
							"post": [24.14815, 0, 0],
							"lerp_mode": "catmullrom"
						},
						"1.375": {
							"post": [21.65064, 0, 0],
							"lerp_mode": "catmullrom"
						},
						"1.4167": {
							"post": [17.67767, 0, 0],
							"lerp_mode": "catmullrom"
						},
						"1.4583": {
							"post": [12.5, 0, 0],
							"lerp_mode": "catmullrom"
						},
						"1.5": [6.47048, 0, 0],
						"1.5417": {
							"pre": [2, 0, 0],
							"post": [2, 0, 0],
							"lerp_mode": "catmullrom"
						},
						"1.5833": {
							"post": [0, 0, 0],
							"lerp_mode": "catmullrom"
						},
						"1.9583": {
							"post": [-0.22, 0, 0],
							"lerp_mode": "catmullrom"
						},
						"2.0": {
							"post": [0.5, 0, 0],
							"lerp_mode": "catmullrom"
						}
					}
				},
				"foot_right": {
					"rotation": {
						"0.0": {
							"post": [-16.5, 0, 0],
							"lerp_mode": "catmullrom"
						},
						"0.125": {
							"post": [-11.98448, 0, 0],
							"lerp_mode": "catmullrom"
						},
						"0.25": {
							"post": [-2, 0, 0],
							"lerp_mode": "catmullrom"
						},
						"0.5": [0, 0, 0],
						"0.6667": [0, 0, 0],
						"0.7083": {
							"pre": [-5, 0, 0],
							"post": [-5, 0, 0],
							"lerp_mode": "catmullrom"
						},
						"0.75": {
							"post": [-9.5, 0, 0],
							"lerp_mode": "catmullrom"
						},
						"0.7917": {
							"post": [-12.5, 0, 0],
							"lerp_mode": "catmullrom"
						},
						"0.8333": {
							"post": [-15, 0, 0],
							"lerp_mode": "catmullrom"
						},
						"0.9167": {
							"post": [-17.5, 0, 0],
							"lerp_mode": "catmullrom"
						},
						"1.0": {
							"post": [-16.5, 0, 0],
							"lerp_mode": "catmullrom"
						},
						"1.125": {
							"post": [-11.98448, 0, 0],
							"lerp_mode": "catmullrom"
						},
						"1.25": {
							"post": [-2, 0, 0],
							"lerp_mode": "catmullrom"
						},
						"1.5": [0, 0, 0],
						"1.6667": [0, 0, 0],
						"1.7083": {
							"pre": [-5, 0, 0],
							"post": [-5, 0, 0],
							"lerp_mode": "catmullrom"
						},
						"1.75": {
							"post": [-9.5, 0, 0],
							"lerp_mode": "catmullrom"
						},
						"1.7917": {
							"post": [-12.5, 0, 0],
							"lerp_mode": "catmullrom"
						},
						"1.8333": {
							"post": [-15, 0, 0],
							"lerp_mode": "catmullrom"
						},
						"1.9167": {
							"post": [-17.5, 0, 0],
							"lerp_mode": "catmullrom"
						},
						"2.0": {
							"post": [-16.5, 0, 0],
							"lerp_mode": "catmullrom"
						}
					}
				},
				"leg_center_1": {
					"rotation": [-239.24462, 188.06933, 132.41963]
				},
				"leg_center_2": {
					"rotation": [32.5, 0, 0]
				},
				"leg_center_3": {
					"rotation": [30, 0, 0]
				},
				"foot_center": {
					"rotation": [47.5, 0, 0]
				}
			}
		}
	}
}