{
	"format_version": "1.8.0",
	"animations": {
		"animation.absol_mega.ground_idle": {
			"animation_length": 8,
			"bones": {
				"body": {
					"rotation": ["math.sin(query.anim_time*90*2)*0.5+math.cos(query.anim_time*90*2)*0.5", 0, 0],
					"position": [0, "math.sin(query.anim_time*90*2)*0.1", 0]
				},
				"jaw": {
					"rotation": ["math.cos(query.anim_time*90*2)*5+22", 0, 0]
				},
				"left_leg_front": {
					"position": [0, "math.sin(query.anim_time*90*2)*0.1", 0]
				},
				"left_leg_front2": {
					"position": [0, "-math.sin(query.anim_time*90*2)*0.1", 0]
				},
				"right_leg_front": {
					"position": [0, "math.sin(query.anim_time*90*2)*0.1", 0]
				},
				"right_leg_front2": {
					"position": [0, "-math.sin(query.anim_time*90*2)*0.1", 0]
				},
				"left_leg_back": {
					"position": [0, "math.sin(query.anim_time*90*2)*0.1", 0]
				},
				"left_leg_back2": {
					"position": [0, "-math.sin(query.anim_time*90*2)*0.1", 0]
				},
				"right_leg_back": {
					"position": [0, "math.sin(query.anim_time*90*2)*0.1", 0]
				},
				"right_leg_back2": {
					"position": [0, "-math.sin(query.anim_time*90*2)*0.1", 0]
				},
				"tail": {
					"rotation": [0, "-math.sin(query.anim_time*90*2)*4", 0]
				},
				"wing_left2": {
					"rotation": [20.69185, 21.4109, "-20.8298"]
				},
				"wing_left": {
					"rotation": [0, 37.5, 0]
				},
				"bone": {
					"rotation": [0, 25, 0]
				},
				"bone2": {
					"rotation": [0, 22.5, 0]
				},
				"bone3": {
					"rotation": [0, 22.5, 0]
				},
				"wing_right2": {
					"rotation": [22.84496, -23.35363, 4.58486]
				},
				"wing_right": {
					"rotation": [0, -32.5, 0]
				},
				"bone4": {
					"rotation": [0, -20, 0]
				},
				"bone5": {
					"rotation": [0, -20, 0]
				},
				"bone6": {
					"rotation": [0, -22.5, 0]
				}
			}
		},
		"animation.absol_mega.blink": {
			"animation_length": 0.16667,
			"bones": {
				"left_eyelid": {
					"position": {
						"0.0": [0.1, 0, -0.1],
						"0.125": [0, 0, 0],
						"0.1667": [0.1, 0, -0.1]
					}
				},
				"right_eyelid": {
					"position": {
						"0.0": [-0.1, 0, -0.1],
						"0.125": [0, 0, 0],
						"0.1667": [-0.1, 0, -0.1]
					}
				}
			}
		}
	}
}