{
	"format_version": "1.8.0",
	"animations": {
		"animation.espathra.ground_idle": {
			"loop": true,
			"bones": {
				"wing_left_rotation": {
					"rotation": ["5+Math.cos((query.anim_time-0.4) * 90 * 2) * 2", 0, 0]
				},
				"wing_right_rotation": {
					"rotation": ["5+Math.cos((query.anim_time-0.4) * 90 * 2) * 2", 0, 0]
				},
				"neck5": {
					"rotation": ["2.5+Math.cos((query.anim_time-0.3) * 90 * 2) * -3", 0, 0]
				},
				"neck6": {
					"rotation": [7.5, 0, 0]
				},
				"head_rotation": {
					"rotation": ["-2*math.cos((query.anim_time)*90*2)", 0, 0]
				},
				"lower_cloth_right": {
					"rotation": [0, 0, 2.5]
				},
				"tail_top": {
					"rotation": ["20+Math.cos((query.anim_time-1) * 90 * 2) * 2", 0, 0]
				},
				"tail_top2": {
					"rotation": ["-15+Math.cos((query.anim_time-1.1) * 90 * 2) * 2", 0, 0]
				},
				"leg_left": {
					"rotation": [0, -8, 0.00001],
					"position": [-0.5, "Math.cos((query.anim_time-0.3) * 90 * 2) * 0.1", 0]
				},
				"leg_left2": {
					"rotation": [0, 0, 5]
				},
				"leg_left3": {
					"rotation": [0, -10, 0]
				},
				"leg_right": {
					"rotation": [0, 8, -0.00001],
					"position": [0.5, "Math.cos((query.anim_time-0.3) * 90 * 2) * 0.1", 0]
				},
				"leg_right2": {
					"rotation": [7.5, 0, -5]
				},
				"leg_right3": {
					"rotation": [0, 10, 0]
				},
				"foot_right": {
					"rotation": ["-5+Math.cos((query.anim_time-0.3) * 90 * 2) * 0.3", 0, 0],
					"position": [0, 0, "-Math.cos((query.anim_time-0.3) * 90 * 2) * 0.1"]
				},
				"toe_outer_right2": {
					"rotation": ["-Math.cos((query.anim_time-0.3) * 90 * 2) * 0.3", 0, 0]
				},
				"toe_inner_right": {
					"rotation": [-2.5, 0, 0]
				},
				"tail_middle2": {
					"rotation": ["-15+Math.cos((query.anim_time-1.2) * 90 * 2) * 2", 0, 0]
				},
				"tail_middle": {
					"rotation": ["5+Math.cos((query.anim_time-1.1) * 90 * 2) * 2", 0, 0]
				},
				"tail_bottom2": {
					"rotation": ["-5+Math.cos((query.anim_time-1.2) * 90 * 2) * 2", 0, 0]
				},
				"tail_bottom3": {
					"rotation": ["-5+Math.cos((query.anim_time-1.3) * 90 * 2) * 2", 0, 0]
				},
				"back_toe_left": {
					"rotation": [0, 15, 0]
				},
				"back_toe_right": {
					"rotation": [0, -15, 0]
				},
				"torso": {
					"rotation": ["0+Math.cos((query.anim_time) * 90 * 2) * 1", 0, 0],
					"position": [0, "0+Math.cos((query.anim_time-0.3) * 90 * 2) * 0.3", 0]
				},
				"neck": {
					"rotation": ["0+Math.cos((query.anim_time-0.2) * 90 * 2) * 1", 0, 0]
				},
				"neck3": {
					"rotation": ["0+Math.cos((query.anim_time-0.5) * 90 * 2) * 2", 0, 0]
				},
				"wing_upper_dress_left": {
					"rotation": ["0+Math.cos((query.anim_time-0.6) * 90 * 2) * 4", 0, 0]
				},
				"wing_upper_dress_left2": {
					"rotation": ["0+Math.cos((query.anim_time-0.6) * 90 * 2) * 4", 0, 0]
				},
				"wing_upper_dress_left3": {
					"rotation": ["0+Math.cos((query.anim_time-0.6) * 90 * 2) * 4", 0, 0]
				},
				"wing_upper_dress_left4": {
					"rotation": ["0+Math.cos((query.anim_time-0.6) * 90 * 2) * 4", 0, 0]
				},
				"wing_upper_dress_right": {
					"rotation": ["0+Math.cos((query.anim_time-0.6) * 90 * 2) * 4", 0, 0]
				},
				"wing_upper_dress_right2": {
					"rotation": ["0+Math.cos((query.anim_time-0.6) * 90 * 2) * 4", 0, 0]
				},
				"wing_upper_dress_right3": {
					"rotation": ["0+Math.cos((query.anim_time-0.6) * 90 * 2) * 4", 0, 0]
				},
				"wing_upper_dress_right4": {
					"rotation": ["0+Math.cos((query.anim_time-0.6) * 90 * 2) * 4", 0, 0]
				},
				"upper_cloth": {
					"rotation": ["0+Math.cos((query.anim_time-0.6) * 90 * 2) * 2", 0, 0]
				},
				"upper_cloth_dress_left1": {
					"rotation": ["0+Math.cos((query.anim_time-0.8) * 90 * 2) * 2", 0, 0]
				},
				"upper_cloth_dress_right1": {
					"rotation": ["0+Math.cos((query.anim_time-0.8) * 90 * 2) * 2", 0, 0]
				},
				"upper_cloth_dress_left2": {
					"rotation": [0, "0+Math.cos((query.anim_time-0.8) * 90 * 2) * 2", 0]
				},
				"upper_cloth_dress_left3": {
					"rotation": [0, "0+Math.cos((query.anim_time-0.8) * 90 * 2) * 2", 0]
				},
				"upper_cloth_dress_right2": {
					"rotation": [0, "0+Math.cos((query.anim_time-0.8) * 90 * 2) * -2", 0]
				},
				"upper_cloth_dress_right3": {
					"rotation": [0, "0+Math.cos((query.anim_time-0.8) * 90 * 2) * -2", 0]
				},
				"lower_cloth": {
					"rotation": ["0+Math.cos((query.anim_time-0.8) * 90 * 2) * 2", 0, 0]
				},
				"lower_cloth_dress_left": {
					"rotation": ["0+Math.cos((query.anim_time-1.2) * 90 * 2) * 2", 0, 0]
				},
				"lower_cloth_dress_right": {
					"rotation": ["0+Math.cos((query.anim_time-1.2) * 90 * 2) * 2", 0, 0]
				},
				"lower_cloth_dress_left2": {
					"rotation": ["0+Math.cos((query.anim_time-1.2) * 90 * 2) * 2", 0, 0]
				},
				"lower_cloth_dress_left3": {
					"rotation": ["0+Math.cos((query.anim_time-1.2) * 90 * 2) * 2", 0, 0]
				},
				"lower_cloth_dress_right2": {
					"rotation": ["0+Math.cos((query.anim_time-1.2) * 90 * 2) * 2", 0, 0]
				},
				"lower_cloth_dress_right_back2": {
					"rotation": ["0+Math.cos((query.anim_time-1.2) * 90 * 2) * 2", 0, 0]
				},
				"hair_left2": {
					"rotation": [0, "-2*math.cos((query.anim_time)*90*2)", 0]
				},
				"hair_right2": {
					"rotation": [0, "2*math.cos((query.anim_time)*90*2)", 0]
				},
				"hair_back2": {
					"rotation": ["2*math.cos((query.anim_time)*90*2)", 0, 0]
				},
				"foot_left": {
					"rotation": ["Math.cos((query.anim_time-0.3) * 90 * 2) * 0.3", 0, 0],
					"position": [0, 0, "-Math.cos((query.anim_time-0.3) * 90 * 2) * 0.1"]
				},
				"toe_outer_left2": {
					"rotation": ["-Math.cos((query.anim_time-0.3) * 90 * 2) * 0.3", 0, 0]
				},
				"toe_inner_left2": {
					"rotation": ["-Math.cos((query.anim_time-0.3) * 90 * 2) * 0.3", 0, 0]
				},
				"toe_inner_right2": {
					"rotation": ["-Math.cos((query.anim_time-0.3) * 90 * 2) * 0.3", 0, 0]
				}
			}
		},
		"animation.espathra.ground_walk": {
			"loop": true,
			"animation_length": 1,
			"bones": {
				"body": {
					"position": [0, -0.25, 0]
				},
				"torso": {
					"rotation": ["10+Math.cos((query.anim_time-0.4) * 90 * 8) * 1", 0, "0+Math.cos((query.anim_time-0.5) * 90 * 4) * -1"],
					"position": [0, "0+Math.cos((query.anim_time-0.02) * 90 * 8) * -0.6", "Math.cos((query.anim_time+0.4) * 90 * 8) * -0.4"]
				},
				"neck": {
					"rotation": ["0+Math.cos((query.anim_time-0.6) * 90 * 8) * 2", 0, 0]
				},
				"neck2": {
					"rotation": ["0+Math.cos((query.anim_time-0.65) * 90 * 8) * 2", 0, 0]
				},
				"neck5": {
					"rotation": ["0+Math.cos((query.anim_time-0.66) * 90 * 8) * -3", 0, 0]
				},
				"hair_left": {
					"rotation": ["0+Math.cos((query.anim_time-0.66) * 90 * 8) * -5", 0, 0]
				},
				"hair_right": {
					"rotation": ["0+Math.cos((query.anim_time-0.66) * 90 * 8) * -5", 0, 0]
				},
				"hair_back": {
					"rotation": ["0+Math.cos((query.anim_time-0.7) * 90 * 8) * -5", 0, 0]
				},
				"hair_front": {
					"rotation": ["0+Math.cos((query.anim_time-0.68) * 90 * 8) * -3", 0, 0]
				},
				"wing_left_rotation": {
					"rotation": ["0+Math.cos((query.anim_time-0.35) * 90 * 8) * 5", 0, 0]
				},
				"wing_upper_dress_left": {
					"rotation": ["0+Math.cos((query.anim_time-0.4) * 90 * 8) * 8", 0, 0]
				},
				"wing_upper_dress_left2": {
					"rotation": ["0+Math.cos((query.anim_time-0.4) * 90 * 8) * 8", 0, 0]
				},
				"wing_upper_dress_left3": {
					"rotation": ["0+Math.cos((query.anim_time-0.4) * 90 * 8) * 8", 0, 0]
				},
				"wing_upper_dress_left4": {
					"rotation": ["0+Math.cos((query.anim_time-0.4) * 90 * 8) * 8", 0, 0]
				},
				"wing_right_rotation": {
					"rotation": ["0+Math.cos((query.anim_time-0.35) * 90 * 8) * 5", 0, 0]
				},
				"wing_upper_dress_right": {
					"rotation": ["0+Math.cos((query.anim_time-0.4) * 90 * 8) * 8", 0, 0]
				},
				"wing_upper_dress_right2": {
					"rotation": ["0+Math.cos((query.anim_time-0.4) * 90 * 8) * 8", 0, 0]
				},
				"wing_upper_dress_right3": {
					"rotation": ["0+Math.cos((query.anim_time-0.4) * 90 * 8) * 8", 0, 0]
				},
				"wing_upper_dress_right4": {
					"rotation": ["0+Math.cos((query.anim_time-0.4) * 90 * 8) * 8", 0, 0]
				},
				"upper_cloth": {
					"rotation": ["0+Math.cos((query.anim_time-0.4) * 90 * 8) * 3", 0, 0]
				},
				"upper_cloth_dress_left1": {
					"rotation": ["0+Math.cos((query.anim_time-0.45) * 90 * 8) * 6", 0, 0]
				},
				"upper_cloth_dress_right1": {
					"rotation": ["0+Math.cos((query.anim_time-0.45) * 90 * 8) * 6", 0, 0]
				},
				"upper_cloth_dress_left2": {
					"rotation": ["0+Math.cos((query.anim_time-0.45) * 90 * 8) * 6", 0, 0]
				},
				"upper_cloth_dress_left3": {
					"rotation": ["0+Math.cos((query.anim_time-0.45) * 90 * 8) * 6", 0, 0]
				},
				"upper_cloth_dress_right2": {
					"rotation": ["0+Math.cos((query.anim_time-0.45) * 90 * 8) * 6", 0, 0]
				},
				"upper_cloth_dress_right3": {
					"rotation": ["0+Math.cos((query.anim_time-0.45) * 90 * 8) * 6", 0, 0]
				},
				"lower_cloth": {
					"rotation": ["0+Math.cos((query.anim_time-0.45) * 90 * 8) * 4", 0, 0]
				},
				"lower_cloth_dress_left": {
					"rotation": ["0+Math.cos((query.anim_time-0.5) * 90 * 8) * 6", 0, 0]
				},
				"lower_cloth_dress_right": {
					"rotation": ["0+Math.cos((query.anim_time-0.5) * 90 * 8) * 6", 0, 0]
				},
				"lower_cloth_dress_left2": {
					"rotation": ["0+Math.cos((query.anim_time-0.5) * 90 * 8) * 6", 0, 0]
				},
				"lower_cloth_dress_left3": {
					"rotation": ["0+Math.cos((query.anim_time-0.5) * 90 * 8) * 6", 0, 0]
				},
				"lower_cloth_dress_right2": {
					"rotation": ["0+Math.cos((query.anim_time-0.5) * 90 * 8) * 6", 0, 0]
				},
				"lower_cloth_dress_right_back2": {
					"rotation": ["0+Math.cos((query.anim_time-0.5) * 90 * 8) * 6", 0, 0]
				},
				"tail_top": {
					"rotation": ["0+Math.cos((query.anim_time-0.5) * 90 * 8) * 4", 0, 0]
				},
				"tail_middle": {
					"rotation": ["0+Math.cos((query.anim_time-0.55) * 90 * 8) * 4", 0, 0]
				},
				"tail_bottom2": {
					"rotation": ["0+Math.cos((query.anim_time-0.6) * 90 * 8) * 6", 0, 0]
				},
				"leg_left": {
					"rotation": {
						"0.0": ["Math.cos((query.anim_time-0.4) * 90 * 4) * 20", 0, 0],
						"0.5": ["-17.5+Math.cos((query.anim_time-0.4) * 90 * 4) * 20", 0, 0],
						"1.0": ["Math.cos((query.anim_time-0.4) * 90 * 4) * 20", 0, 0]
					},
					"position": {
						"0.0": [0, "0+Math.cos((query.anim_time-0.25) * 90 * 4) * -0.5", "Math.sin((query.anim_time-0.25) * 90 * 4) * 0"],
						"0.375": [0, "0+Math.cos((query.anim_time-0.25) * 90 * 4) * -0.5", "Math.sin((query.anim_time-0.25) * 90 * 4) * 0"],
						"0.7083": [0, "0+Math.cos((query.anim_time-0.25) * 90 * 4) * -0.5", "Math.sin((query.anim_time-0.25) * 90 * 4) * 0"],
						"1.0": [0, "0+Math.cos((query.anim_time-0.25) * 90 * 4) * -0.5", "Math.sin((query.anim_time-0.25) * 90 * 4) * 0"]
					}
				},
				"leg_left2": {
					"rotation": ["Math.cos((query.anim_time) * 90 * 4-60) * 5", "Math.cos((query.anim_time) * 90 * 4-60) * 5", 0]
				},
				"leg_left3": {
					"rotation": ["Math.cos((query.anim_time) * 90 * 4-10) * 10", 0, 0]
				},
				"foot_left": {
					"rotation": {
						"0.0": [7.5, 0, 0],
						"0.3333": [10, 0, 0],
						"0.5": [6.67, 0, 0],
						"0.5833": [5, 0, 0],
						"0.875": [15, 0, 0],
						"1.0": [7.5, 0, 0]
					},
					"position": {
						"0.0": [0, 0, 0.7],
						"0.125": [0, 0, 1.85],
						"0.5": [0, 0, 0.43],
						"0.875": [0, 0.1, 0.63],
						"1.0": [0, 0, 0.7]
					}
				},
				"toe_outer_left": {
					"rotation": {
						"0.0": [0, 0, 0],
						"0.1667": [-12.05, 0, 0],
						"0.7917": [29.49, 0, 0],
						"1.0": [0, 0, 0]
					}
				},
				"toe_outer_left2": {
					"rotation": {
						"0.0": [-10, 0, 0],
						"0.4167": [-2.5, 0, 0],
						"0.7917": [12.86, 0, 0],
						"1.0": [-10, 0, 0]
					}
				},
				"toe_inner_left": {
					"rotation": {
						"0.0": [0, 0, 0],
						"0.1667": [-12.05, 0, 0],
						"0.7917": [29.49, 0, 0],
						"1.0": [0, 0, 0]
					}
				},
				"toe_inner_left2": {
					"rotation": {
						"0.0": [-10, 0, 0],
						"0.4167": [-2.5, 0, 0],
						"0.7917": [12.86, 0, 0],
						"1.0": [-10, 0, 0]
					}
				},
				"leg_right": {
					"rotation": {
						"0.0": ["-17.5+Math.cos((query.anim_time-0.4) * 90 * 4) * -20", 0, 0],
						"0.5": ["Math.cos((query.anim_time-0.4) * 90 * 4) * -20", 0, 0],
						"1.0": ["-17.5+Math.cos((query.anim_time-0.4) * 90 * 4) * -20", 0, 0]
					},
					"position": {
						"0.0": [0, "0+Math.cos((query.anim_time-0.25) * 90 * 4) * 0.5", "Math.sin((query.anim_time-0.25) * 90 * 4) * -0"],
						"0.2083": [0, "0+Math.cos((query.anim_time-0.25) * 90 * 4) * 0.5", "Math.sin((query.anim_time-0.25) * 90 * 4) * -0"],
						"0.5": [0, "0+Math.cos((query.anim_time-0.25) * 90 * 4) * 0.5", "Math.sin((query.anim_time-0.25) * 90 * 4) * -0"],
						"0.875": [0, "0+Math.cos((query.anim_time-0.25) * 90 * 4) * 0.5", "Math.sin((query.anim_time-0.25) * 90 * 4) * -0"],
						"1.0": [0, "0+Math.cos((query.anim_time-0.25) * 90 * 4) * 0.5", "Math.sin((query.anim_time-0.25) * 90 * 4) * -0"]
					}
				},
				"leg_right2": {
					"rotation": ["Math.cos((query.anim_time) * 90 * 4-60) * -5", "Math.cos((query.anim_time) * 90 * 4-60) * 5", 0]
				},
				"leg_right3": {
					"rotation": ["Math.cos((query.anim_time) * 90 * 4-10) * -10", 0, 0]
				},
				"foot_right": {
					"rotation": {
						"0.0": [6.67, 0, 0],
						"0.0833": [5, 0, 0],
						"0.375": [15, 0, 0],
						"0.5": [7.5, 0, 0],
						"0.8333": [10, 0, 0],
						"1.0": [6.67, 0, 0]
					},
					"position": {
						"0.0": [0, 0, 0.43],
						"0.375": [0, 0.1, 0.63],
						"0.5": [0, 0, 0.7],
						"0.625": [0, 0, 1.85],
						"1.0": [0, 0, 0.43]
					}
				},
				"toe_outer_right": {
					"rotation": {
						"0.0": [-0.56, 0, 0],
						"0.2917": [29.49, 0, 0],
						"0.5": [0, 0, 0],
						"0.6667": [-12.05, 0, 0],
						"1.0": [-0.56, 0, 0]
					}
				},
				"toe_outer_right2": {
					"rotation": {
						"0.0": [0.91, 0, 0],
						"0.2917": [12.86, 0, 0],
						"0.5": [-10, 0, 0],
						"0.9167": [-2.5, 0, 0],
						"1.0": [0.91, 0, 0]
					}
				},
				"toe_inner_right": {
					"rotation": {
						"0.0": [-0.56, 0, 0],
						"0.2917": [29.49, 0, 0],
						"0.5": [0, 0, 0],
						"0.6667": [-12.05, 0, 0],
						"1.0": [-0.56, 0, 0]
					}
				},
				"toe_inner_right2": {
					"rotation": {
						"0.0": [0.91, 0, 0],
						"0.2917": [12.86, 0, 0],
						"0.5": [-10, 0, 0],
						"0.9167": [-2.5, 0, 0],
						"1.0": [0.91, 0, 0]
					}
				}
			}
		},
		"animation.espathra.faint": {
			"loop": true,
			"animation_length": 3,
			"bones": {
				"body": {
					"rotation": {
						"0.0": [0, 0, 0],
						"0.1667": [4.63, 0, 0],
						"0.3333": [6.69, 0, 0],
						"0.5417": [7.5, 0, 0],
						"0.7083": [12.5, 0, 0],
						"0.7917": [11.9, 0, 0],
						"0.9167": [-5, 0, 0],
						"1.1667": [-7.5, 0, 0],
						"1.4167": [-11.925, 0, 0],
						"1.5": [-15.425, 0, 0],
						"1.7083": [-69, 0, 6.225],
						"1.875": [-69, 0, 27.675],
						"2.0": [-69, 0, 82.5],
						"2.0417": [-69, 0, 91.25],
						"2.125": [-69, 0, 87.45],
						"2.25": [-69, 0, 85.5]
					},
					"position": {
						"0.0": [0, 0, 0],
						"0.1667": [0, -2.4, 0],
						"0.3333": [0, -3.6, 0],
						"0.5417": [0, -4, 0],
						"0.625": [0, -4.425, 0],
						"0.7083": [0, -5.62, 0],
						"0.7917": [0, -4.77, 0],
						"0.875": [0, 4.38, 0],
						"1.0": [0, "8.58+Math.cos((query.anim_time+0.1) * 90 * 24) * 0.5", 0],
						"1.25": [0, "12.03+Math.cos((query.anim_time+0.1) * 90 * 24) * 0.2", 0],
						"1.5417": [0, "11.25+Math.cos((query.anim_time+0.1) * 90 * 24) * 0.2", 0],
						"1.625": [0, 8.23, 0],
						"1.7083": [0, -11.97, 0],
						"1.75": [0.75, -13.22, 0],
						"1.8333": [2.15, -13.82, 0],
						"1.9583": [4.25, -13.27, 0],
						"2.0417": [4.92, -13.22, 0],
						"2.0833": [5.25, -12.72, 0]
					}
				},
				"neck": {
					"rotation": {
						"0.0": [0, 0, 0],
						"0.4167": [15, 0, 0],
						"0.75": [17.5, 0, 0],
						"0.875": [20, 0, 0],
						"1.5": [15, 0, 0],
						"1.625": [10, 0, 0],
						"1.7083": [12.5, -10, 0],
						"1.7917": [12.5, 12.5, 0],
						"1.875": [12.5, 6.5, 0],
						"1.9583": [12.5, -5.67, 0],
						"2.0417": [12.5, -10, 0],
						"2.125": [12.5, -2.95, 0],
						"2.1667": [12.5, 3.475, 0],
						"2.25": [12.5, 4.2, 0],
						"2.375": [12.5, 1.025, 0],
						"2.5": [12.5, -8.97, 0],
						"2.625": [12.5, -10.85, 0]
					}
				},
				"neck2": {
					"rotation": {
						"0.0": [0, 0, 0],
						"0.4167": [-18.75, 0, 0],
						"0.75": [-22.5, 0, 0],
						"0.9167": [-2.5, 0, "0+Math.cos((query.anim_time+0.2) * 90 * 16) * 5"],
						"1.5": [-2.5, 0, "0+Math.cos((query.anim_time+0.2) * 90 * 16) * 5"],
						"1.6667": [20, 0, 0],
						"1.75": [5, -17.5, 0],
						"1.8333": [0, -15.025, 0],
						"1.9167": [0, -10.48, -13.81],
						"2.0417": [0, 5, 2.5],
						"2.125": [0, -2.5, 7.25],
						"2.25": [0, -2.5, -5.25],
						"2.4167": [0, -2.5, -0.375],
						"2.5417": [0, -2.5, 0.75]
					}
				},
				"neck3": {
					"rotation": {
						"0.0": [0, 0, 0],
						"0.4167": [-12.1, 0, 0],
						"0.75": [-15, 0, 0],
						"0.9167": [-2.5, 0, 0],
						"1.0833": [5, 0, 0],
						"1.4167": [8.93, 0, 0],
						"1.6667": [25, 0, 0],
						"1.75": [-5, 0, 0],
						"1.8333": [-10, -7.5, -1.25],
						"1.9583": [-10, 6, -14],
						"2.0417": [-10, 0.75, -5],
						"2.125": [-10, -3.25, 0],
						"2.2083": [-10, -5, 0],
						"2.5": [-10, 2.5, 0]
					}
				},
				"neck4": {
					"rotation": {
						"0.0": [0, 0, 0],
						"0.4167": [11.8, 0, 0],
						"0.75": [15, 0, 0],
						"0.9167": [14.475, "0+Math.cos((query.anim_time+0.16) * 90 * 16) * 8", 0],
						"1.125": [12.07, "0+Math.cos((query.anim_time+0.16) * 90 * 16) * 5", 0],
						"1.3333": [5, 0, 0],
						"1.5417": [6.75, 0, 0],
						"1.75": [12.5, 0, 0],
						"1.8333": [0, 1.25, 0],
						"1.9167": [-2.5, 5.425, 0],
						"1.9583": [-2.5, 6.67, -2.5],
						"2.0417": [-2.5, -10, -7.5],
						"2.125": [-2.5, -13.75, -7.5]
					}
				},
				"neck5": {
					"rotation": {
						"0.0": [0, 0, 0],
						"0.4167": [16.8, 0, 0],
						"0.75": [20, 0, 0],
						"0.9167": [16.25, 0, 0],
						"1.0833": [-2.5, 0, 0]
					}
				},
				"head_rotation": {
					"rotation": {
						"0.0": [0, 0, 0],
						"0.4167": [12.3, 0, 0],
						"0.75": [15, 0, 0],
						"0.9167": [0.5, 0, "0+Math.cos((query.anim_time+0.14) * 90 * 16) * -8"],
						"1.1667": [-10, 0, "0+Math.cos((query.anim_time+0.14) * 90 * 16) * -8"],
						"1.3333": [-15, 0, 0],
						"1.625": [-22.5, 0, 0],
						"1.7083": [-45, 0, 0],
						"2.0417": [-45, 0, 0],
						"2.1667": [-45, -5, 0],
						"2.375": [-37.83, -1.48, 0],
						"2.4583": [-32.5, -13.25, 0],
						"2.625": [-32.5, -17, 0]
					}
				},
				"eyelid_left": {
					"position": {
						"0.0": [0.1, -0.1, 0],
						"0.875": [0.1, -0.1, 0],
						"0.9167": [0, 0, 0],
						"1.625": [0, 0, 0],
						"1.6667": [0.1, -0.1, 0]
					}
				},
				"eyelid_right": {
					"position": {
						"0.0": [-0.1, -0.1, 0],
						"0.875": [-0.1, -0.1, 0],
						"0.9167": [0, 0, 0],
						"1.625": [0, 0, 0],
						"1.6667": [-0.1, -0.1, 0]
					}
				},
				"wing_left_rotation": {
					"rotation": {
						"0.0": [0, 0, 0],
						"0.4583": [30.41, 0, 10.59],
						"0.7083": [37.5, 0, 12.5],
						"0.7917": [33.35, -20, 12.5],
						"0.9583": [12.5, 42, 12.5],
						"1.0": ["13.9+Math.cos((query.anim_time+0.2) * 90 * 20) * -50", 49.5, 12.5],
						"1.5417": ["11.15+Math.cos((query.anim_time+0.2) * 90 * 20) * -40", 49.5, 12.5],
						"1.6667": [70, 69.5, 12.5],
						"1.7083": [62.45, 69.5, 12.5],
						"1.7917": [36.2, 37, 37.5],
						"1.8333": [33.505, 37, 37.5],
						"1.875": [52.86, 37, 37.5],
						"2.0": [122.5, 37, 37.5],
						"2.0417": [137.41, 37, 37.5],
						"2.0833": [135, 37, 37.5],
						"2.125": [128.5, 37, 37.5],
						"2.2083": [125.8, 37, 37.5],
						"2.3333": [127.65, 37, 37.5],
						"2.4583": [129.3, 37, 37.5]
					}
				},
				"wing_upper_dress_left": {
					"rotation": {
						"0.0": [0, 0, 0],
						"0.4167": [29.38, 0, 0],
						"0.6667": [35, 0, 0],
						"0.9167": [-18.5, 0, 0],
						"1.0": ["-18.5+Math.cos((query.anim_time+0.18) * 90 * 24) * -20", 0, 0],
						"1.5833": ["-18.5+Math.cos((query.anim_time+0.18) * 90 * 24) * -20", 0, 0],
						"1.625": [24, 0, 0],
						"1.7917": [12.5, 0, 0],
						"1.875": [-30, 0, 0],
						"2.0": [-7, 0, 0],
						"2.0833": [0, 0, 0]
					}
				},
				"wing_upper_dress_left2": {
					"rotation": {
						"0.0": [0, 0, 0],
						"0.4167": [29.38, 0, 0],
						"0.6667": [35, 0, 0],
						"0.9167": [-18.5, 0, 0],
						"1.0": ["-18.5+Math.cos((query.anim_time+0.18) * 90 * 24) * -20", 0, 0],
						"1.5833": ["-18.5+Math.cos((query.anim_time+0.18) * 90 * 24) * -20", 0, 0],
						"1.625": [24, 0, 0],
						"1.7917": [12.5, 0, 0],
						"1.875": [-30, 0, 0],
						"2.0": [-7, 0, 0],
						"2.0833": [0, 0, 0]
					}
				},
				"wing_upper_dress_left3": {
					"rotation": {
						"0.0": [0, 0, 0],
						"0.4167": [29.38, 0, 0],
						"0.6667": [35, 0, 0],
						"0.9167": [-18.5, 0, 0],
						"1.0": ["-18.5+Math.cos((query.anim_time+0.18) * 90 * 24) * -20", 0, 0],
						"1.5833": ["-18.5+Math.cos((query.anim_time+0.18) * 90 * 24) * -20", 0, 0],
						"1.625": [24, 0, 0],
						"1.7917": [12.5, 0, 0],
						"1.875": [-30, 0, 0],
						"2.0": [-7, 0, 0],
						"2.0833": [0, 0, 0]
					}
				},
				"wing_upper_dress_left4": {
					"rotation": {
						"0.0": [0, 0, 0],
						"0.4167": [29.38, 0, 0],
						"0.6667": [35, 0, 0],
						"0.9167": [-18.5, 0, 0],
						"1.0": ["-18.5+Math.cos((query.anim_time+0.18) * 90 * 24) * -20", 0, 0],
						"1.5833": ["-18.5+Math.cos((query.anim_time+0.18) * 90 * 24) * -20", 0, 0],
						"1.625": [24, 0, 0],
						"1.7917": [12.5, 0, 0],
						"1.875": [-30, 0, 0],
						"2.0": [-7, 0, 0],
						"2.0833": [0, 0, 0]
					}
				},
				"wing_right_rotation": {
					"rotation": {
						"0.0": [0, 0, 0],
						"0.4583": [30.41, 0, -10.59],
						"0.7083": [37.5, 0, -12.5],
						"0.7917": [33.35, 20, -12.5],
						"0.9583": [12.5, -42, -12.5],
						"1.0": ["13.9+Math.cos((query.anim_time+0.2) * 90 * 20) * -50", -49.5, -12.5],
						"1.5417": ["11.15+Math.cos((query.anim_time+0.2) * 90 * 20) * -40", -49.5, -12.5],
						"1.6667": [70, -69.5, -12.5],
						"1.7083": [62.45, -69.5, -12.5],
						"1.7917": [23.7, -37, -37.5],
						"1.8333": [17.98, -37, -37.5],
						"1.9167": [30.48, -37, -37.5],
						"2.0833": [46.48, -37, -37.5],
						"2.1667": [47.73, -37, -37.5],
						"2.25": [38.98, -37, -37.5],
						"2.3333": [14.48, -37, -37.5],
						"2.4167": [4.955, -37, -37.5],
						"2.5": [2.46, -37, -37.5]
					}
				},
				"wing_upper_dress_right": {
					"rotation": {
						"0.0": [0, 0, 0],
						"0.4167": [29.38, 0, 0],
						"0.6667": [35, 0, 0],
						"0.9167": [-18.5, 0, 0],
						"1.0": ["-18.5+Math.cos((query.anim_time+0.18) * 90 * 24) * -20", 0, 0],
						"1.5833": ["-18.5+Math.cos((query.anim_time+0.18) * 90 * 24) * -20", 0, 0],
						"1.6667": [24, 0, 0],
						"1.75": [15.25, 0, 0],
						"1.8333": [-38.5, 0, 0],
						"2.0": [-56, 0, 0],
						"2.1667": [4.83, 0, 0],
						"2.25": [4.25, 0, 0],
						"2.3333": [-8.5, 0, 0],
						"2.5": [-23.525, 0, 0],
						"2.7083": [-28.5, 0, 0]
					}
				},
				"wing_upper_dress_right2": {
					"rotation": {
						"0.0": [0, 0, 0],
						"0.4167": [29.38, 0, 0],
						"0.6667": [35, 0, 0],
						"0.9167": [-18.5, 0, 0],
						"1.0": ["-18.5+Math.cos((query.anim_time+0.18) * 90 * 24) * -20", 0, 0],
						"1.5833": ["-18.5+Math.cos((query.anim_time+0.18) * 90 * 24) * -20", 0, 0],
						"1.6667": [24, 0, 0],
						"1.75": [15.25, 0, 0],
						"1.8333": [-38.5, 0, 0],
						"2.0": [-56, 0, 0],
						"2.1667": [4.83, 0, 0],
						"2.25": [4.25, 0, 0],
						"2.3333": [-8.5, 0, 0],
						"2.5": [-23.525, 0, 0],
						"2.7083": [-28.5, 0, 0]
					}
				},
				"wing_upper_dress_right3": {
					"rotation": {
						"0.0": [0, 0, 0],
						"0.4167": [29.38, 0, 0],
						"0.6667": [35, 0, 0],
						"0.9167": [-18.5, 0, 0],
						"1.0": ["-18.5+Math.cos((query.anim_time+0.18) * 90 * 24) * -20", 0, 0],
						"1.5833": ["-18.5+Math.cos((query.anim_time+0.18) * 90 * 24) * -20", 0, 0],
						"1.6667": [24, 0, 0],
						"1.75": [15.25, 0, 0],
						"1.8333": [-38.5, 0, 0],
						"2.0": [-56, 0, 0],
						"2.1667": [4.83, 0, 0],
						"2.25": [4.25, 0, 0],
						"2.3333": [-8.5, 0, 0],
						"2.5": [-23.525, 0, 0],
						"2.7083": [-28.5, 0, 0]
					}
				},
				"wing_upper_dress_right4": {
					"rotation": {
						"0.0": [0, 0, 0],
						"0.4167": [29.38, 0, 0],
						"0.6667": [35, 0, 0],
						"0.9167": [-18.5, 0, 0],
						"1.0": ["-18.5+Math.cos((query.anim_time+0.18) * 90 * 24) * -20", 0, 0],
						"1.5833": ["-18.5+Math.cos((query.anim_time+0.18) * 90 * 24) * -20", 0, 0],
						"1.6667": [24, 0, 0],
						"1.75": [15.25, 0, 0],
						"1.8333": [-38.5, 0, 0],
						"2.0": [-56, 0, 0],
						"2.1667": [4.83, 0, 0],
						"2.25": [4.25, 0, 0],
						"2.3333": [-8.5, 0, 0],
						"2.5": [-23.525, 0, 0],
						"2.7083": [-28.5, 0, 0]
					}
				},
				"upper_cloth": {
					"rotation": {
						"0.0": [0, 0, 0],
						"0.4167": [12.495, 0, 0],
						"0.7083": [15, 0, 0],
						"1.0": [-2.5, 0, 0],
						"1.2083": ["-0.37+Math.cos((query.anim_time+0.2) * 90 * 24) * -2", 0, 0],
						"1.4583": [2.19, 0, 0],
						"1.6667": [40, 0, 0],
						"1.75": [2.5, 0, 0],
						"1.8333": [-2.5, -0.67, 0],
						"2.0833": [2.5, -7.5, 0],
						"2.2917": [6.28, -1.25, 0],
						"2.4583": [7.5, 0, 0]
					}
				},
				"upper_cloth_left": {
					"rotation": {
						"1.5833": [0, 0, 0],
						"1.6667": [0, 0, -30],
						"1.8333": [0, 0, 0]
					}
				},
				"upper_cloth_right": {
					"rotation": {
						"1.5833": [0, 0, 0],
						"1.6667": [0, 0, 30],
						"1.8333": [0, 0, 0],
						"2.0": [0, 0, -12.5],
						"2.1667": [0, 0, -17.5]
					}
				},
				"lower_cloth": {
					"rotation": {
						"0.0": [0, 0, 0],
						"0.5": [10.81, 0, 0],
						"0.7917": [12.5, 0, 0],
						"1.0": [-5, 0, 0],
						"1.2083": ["-2.12+Math.cos((query.anim_time+0.17) * 90 * 24) * -3", 0, 0],
						"1.5": [1.5, 0, 0],
						"1.6667": [45, 0, 0],
						"1.75": [8.905, -8.33, 0],
						"1.9167": [3.125, -25, 0],
						"2.1667": [-1.25, -5, 0],
						"2.375": [-2, 0, 0]
					}
				},
				"lower_cloth_left": {
					"rotation": {
						"1.5833": [0, 0, 0],
						"1.7083": [0, 0, -55],
						"1.8333": [0, 0, 0],
						"2.0": [0, 0, 20],
						"2.125": [0, 0, 25]
					}
				},
				"lower_cloth_right": {
					"rotation": {
						"1.5833": [0, 0, 0],
						"1.7083": [0, 0, 55],
						"1.8333": [0, 0, 0],
						"2.0": [0, 0, -20],
						"2.125": [0, 0, -25]
					}
				},
				"tail_top": {
					"rotation": {
						"0.0": [0, 0, 0],
						"0.125": [5.92, 0, 0],
						"0.4583": [34.945, 0, 0],
						"0.6667": [40.275, 0, 0],
						"0.8333": [35.61, 0, 0],
						"1.0": [-0.72, 0, 0],
						"1.125": [-5.72, 0, 0],
						"1.625": [-8.37, 0, 0],
						"1.7083": [-28.37, 0, 0],
						"2.0417": [-23.37, 0, 0],
						"2.2083": [-0.87, 0, -7.7],
						"2.4167": [6.63, 0, -9.45],
						"2.6667": [9.13, 0, -10]
					}
				},
				"tail_middle": {
					"rotation": {
						"0.0": [0, 0, 0],
						"0.1667": [4.37, 0, 0],
						"0.4583": [20.28, 0, 0],
						"0.75": [25, 0, 0],
						"0.875": [21.265, 0, 0],
						"1.0417": [-3.2, 0, 0],
						"1.1667": [-8.375, 0, 0],
						"1.5833": [-8.375, 0, 0],
						"1.6667": [-25.87, 0, 0],
						"1.875": [-35.87, 0, 0],
						"2.0417": [-16.02, 0, -3.25],
						"2.2083": [-5.87, 0, -4.625],
						"2.4167": [-3.37, 0, -5]
					}
				},
				"tail_bottom": {
					"rotation": {
						"0.0": [0, 0, 0],
						"0.2083": [5.5, 0, 0],
						"0.5417": [22.11, 0, 0],
						"0.7917": [25, 0, 0],
						"1.0833": [-10, 0, 0],
						"1.25": [-15, 0, 0],
						"1.5833": [-15, 0, 0],
						"1.7083": [-32.175, 0, 0],
						"1.8333": [-29.62, -10, 0],
						"1.9583": [-23.575, -15, 0],
						"2.1667": [-16.75, -20, 0],
						"2.375": [-13, -20, 0],
						"2.6667": [-12, -20, 0]
					}
				},
				"tail_bottom2": {
					"rotation": {
						"0.0": [0, 0, 0],
						"0.1667": [-9.22, 0, 0],
						"0.375": [-12.5, 0, 0],
						"0.7083": [-4.5, 0, 0],
						"0.875": [-5.43, 0, 0],
						"1.0833": [-17, 0, 0],
						"1.25": [-19.5, 0, 0],
						"1.625": [-19.5, 0, 0],
						"1.6667": [-32, 0, 0],
						"1.7917": [-21.05, 0, 0],
						"1.9583": [-13.55, 0, 0],
						"2.2083": [-6.5, 0, 0],
						"2.5417": [-3.5, 0, 0]
					}
				},
				"tail_bottom3": {
					"rotation": {
						"1.4167": [0, 0, 0],
						"1.5833": [-17.5, 0, 0],
						"1.75": [-12.725, 0, 0],
						"1.9583": [10, 0, 0],
						"2.0833": [-4.975, 0, 0],
						"2.2083": [-8, 0, 0],
						"2.4583": [-10.5, 0, 0]
					}
				},
				"leg_left": {
					"rotation": {
						"0.0": [0, 0, 0],
						"0.3333": [27.565, 9.84, 0],
						"0.6667": [35, 17.5, 0],
						"0.75": [30.75, 6.25, 0],
						"0.8333": [1.5, -5, 0],
						"0.9583": [-18.4, -5, -12.5],
						"1.0": ["-10+Math.cos((query.anim_time+0.25) * 90 * 8) * 12", -5, -12.5],
						"1.5": ["-10+Math.cos((query.anim_time+0.25) * 90 * 8) * 12", -5, -12.5],
						"1.5417": [-18.4, -5, -12.5],
						"1.625": [-0.9, -5, -12.5],
						"1.6667": [-2.4, 1.25, -12.5],
						"1.75": [-25.9, 7.5, -12.5],
						"1.8333": [-28.9, 7.5, -12.5],
						"1.9583": [-48.4, 7.5, -12.5],
						"2.125": [-35.9, 2.5, -7.5]
					},
					"position": {
						"0.0": [0, 0, 0],
						"0.1667": [0, 0.61, 0],
						"0.375": [0, -0.65, 0],
						"0.625": [0, -0.75, 0],
						"0.75": [0, 0.46, 0],
						"0.7917": [0, 2.2, 0],
						"0.8333": [0, -1.665, 0],
						"0.875": [0, -2.75, 0],
						"0.9583": [0, -3.035, 0],
						"1.0417": [0, -0.5, 0],
						"1.125": [0, 0, 0]
					}
				},
				"leg_left2": {
					"rotation": {
						"0.0": [0, 0, 0],
						"0.3333": [-8.12, 0, 0],
						"0.6667": [-10, 0, 0],
						"0.9167": [0, 0, 0]
					}
				},
				"leg_left3": {
					"rotation": {
						"0.0": [0, 0, 0],
						"0.3333": [-29.09, 0, 0],
						"0.6667": [-35, 0, 0],
						"0.75": [-28.75, 0, 0],
						"0.8333": [2.5, 0, 0],
						"0.9583": [-23.93, 0, 0],
						"1.0": ["-27+Math.cos((query.anim_time+0.18) * 90 * 8) * 12", 0, 0],
						"1.5833": ["-27+Math.cos((query.anim_time+0.18) * 90 * 8) * 12", 0, 0],
						"1.625": [-37.2, 0, 0],
						"1.7083": [-18.7, 0, 0],
						"1.75": [14.05, 0, 0],
						"1.7917": [-2.33, 0, 0],
						"1.8333": [-10.7, 0, 0],
						"1.9583": [-22.2, 0, 0],
						"2.0833": [0, 0, 0],
						"2.2083": [5, 0, 0]
					}
				},
				"leg_right": {
					"rotation": {
						"0.0": [0, 0, 0],
						"0.3333": [27.565, -9.84, 0],
						"0.6667": [35, -17.5, 0],
						"0.75": [30.75, -6.25, 0],
						"0.8333": [1.5, 5, 0],
						"0.9583": [-18.4, 5, 12.5],
						"1.0": ["-30.75+Math.cos((query.anim_time+0.25) * 90 * 8) * -12", 5, 12.5],
						"1.5": ["-30.75+Math.cos((query.anim_time+0.25) * 90 * 8) * -12", 5, 12.5],
						"1.5417": [-18.4, 5, 12.5],
						"1.625": [-40.9, 5, 12.5],
						"1.7083": [-35.9, 5, 12.5],
						"1.75": [-10.9, 5, 12.5],
						"1.875": [-28.4, 5, 12.5],
						"2.0": [-33.4, 5, 9.5],
						"2.125": [-33.4, 5, -20],
						"2.2083": [-33.4, 5, -14.75],
						"2.2917": [-33.4, 5, -12.25],
						"2.4167": [-33.4, 5, -14.75],
						"2.5833": [-33.4, 5, -16.25]
					},
					"position": {
						"0.0": [0, 0, 0],
						"0.1667": [0, 0.61, 0],
						"0.375": [0, -0.65, 0],
						"0.625": [0, -0.75, 0],
						"0.75": [0, 0.46, 0],
						"0.7917": [0, 2.2, 0],
						"0.8333": [0, -1.665, 0],
						"0.875": [0, -2.75, 0],
						"0.9583": [0, -3.035, 0],
						"1.0417": [0, -0.5, 0],
						"1.125": [0, 0, 0]
					}
				},
				"leg_right2": {
					"rotation": {
						"0.0": [0, 0, 0],
						"0.3333": [-8.12, 0, 0],
						"0.6667": [-10, 0, 0],
						"0.9167": [0, 0, 0]
					}
				},
				"leg_right3": {
					"rotation": {
						"0.0": [0, 0, 0],
						"0.3333": [-29.09, 0, 0],
						"0.6667": [-35, 0, 0],
						"0.75": [-28.75, 0, 0],
						"0.8333": [2.5, 0, 0],
						"0.9583": [-23.93, 0, 0],
						"1.0": ["-27+Math.cos((query.anim_time+0.18) * 90 * 8) * -12", 0, 0],
						"1.5833": ["-37.5+Math.cos((query.anim_time+0.18) * 90 * 8) * -12", 0, 0],
						"1.625": [-36.4, 0, 0],
						"1.7083": [-36.4, 0, 0],
						"1.7917": [1.1, 0, 0],
						"1.9583": [8.6, -4, 0],
						"2.0417": [-8.9, 2.5, 0],
						"2.125": [-8.9, -25, 0],
						"2.2083": [-8.9, -35, 0],
						"2.2917": [-8.9, -30, 0],
						"2.375": [-8.9, -28.05, 0],
						"2.4583": [-8.9, -32.05, 0],
						"2.5833": [-8.9, -34.05, 0]
					}
				},
				"foot_left": {
					"position": {
						"0.0": [0, 0, 0],
						"0.75": [0, 0, 0],
						"0.8333": [0, 0, 1.75],
						"0.875": [0, 0, 0]
					}
				},
				"foot_right": {
					"position": {
						"0.0": [0, 0, 0],
						"0.75": [0, 0, 0],
						"0.8333": [0, 0, 2],
						"0.875": [0, 0, 0]
					}
				}
			}
		},
		"animation.espathra.sleep": {
			"loop": true,
			"bones": {
				"body": {
					"position": [0, -17, 0]
				},
				"torso": {
					"rotation": ["0+Math.cos((query.anim_time+0.2) * 90 * 1) * 1", 0, 0]
				},
				"neck": {
					"rotation": ["35+Math.cos((query.anim_time+0.2) * 90 * 1) * -1", 0, 0],
					"position": [0, 0, 2]
				},
				"neck2": {
					"rotation": [37.5, 15, 0]
				},
				"neck3": {
					"rotation": [40, 25, 0],
					"position": [0, 0, 0.75]
				},
				"neck4": {
					"rotation": ["15+Math.cos((query.anim_time+0.2) * 90 * 1) * -1", 30, -12.5],
					"position": [0.25, 0, 0.75]
				},
				"neck5": {
					"rotation": [-30, 0, 0]
				},
				"head_rotation": {
					"rotation": [-85, 0, 0],
					"position": [0, 0.75, 0.75]
				},
				"eyelid_left": {
					"position": [0.1, -0.1, 0]
				},
				"eyelid_right": {
					"position": [-0.1, -0.1, 0]
				},
				"wing_left_rotation": {
					"rotation": [-12.5, 32.5, 10]
				},
				"wing_right_rotation": {
					"rotation": [-12.5, -32.5, -10]
				},
				"tail_top": {
					"rotation": ["15+Math.cos((query.anim_time) * 90 * 1) * -1", 0, 0]
				},
				"tail_top2": {
					"rotation": [-2.5, 0, 5]
				},
				"tail_middle": {
					"rotation": [15, 0, 0]
				},
				"tail_middle2": {
					"rotation": ["12.5+Math.cos((query.anim_time+0.2) * 90 * 1) * -1", 0, 5]
				},
				"tail_bottom": {
					"rotation": ["7.5+Math.cos((query.anim_time+0.2) * 90 * 1) * -1", -5, 0]
				},
				"tail_bottom2": {
					"rotation": [40, 0, 0]
				},
				"tail_bottom3": {
					"rotation": [17.5, 0, 0]
				},
				"leg_left": {
					"rotation": [67.5, 27.5, 0]
				},
				"leg_left2": {
					"rotation": [-27.5, 0, 0]
				},
				"leg_left3": {
					"rotation": [-95, 0, 0]
				},
				"leg_right": {
					"rotation": [67.5, -27.5, 0]
				},
				"leg_right2": {
					"rotation": [-27.5, 0, 0]
				},
				"leg_right3": {
					"rotation": [-95, 0, 0]
				}
			}
		},
		"animation.espathra.blink": {
			"animation_length": 0.16667,
			"bones": {
				"eyelid_left": {
					"position": {
						"0.0": [0.1, -0.1, 0],
						"0.125": [0.1, -0.1, 0],
						"0.1667": [0, 0, 0]
					}
				},
				"eyelid_right": {
					"position": {
						"0.0": [-0.1, -0.1, 0],
						"0.125": [-0.1, -0.1, 0],
						"0.1667": [0, 0, 0]
					}
				}
			}
		},
		"animation.espathra.cry": {
			"animation_length": 1.29167,
			"bones": {
				"torso": {
					"rotation": {
						"0.0": [0, 0, 0],
						"0.125": [7.5, 0, 0],
						"0.2917": [-4.5, 0, 0],
						"1.0": [-6.5, 0, 0],
						"1.2917": [0, 0, 0]
					}
				},
				"neck": {
					"rotation": {
						"0.0": [0, 0, 0],
						"0.125": [-5, 0, 0],
						"0.2917": [0, 0, 0],
						"1.0": [0, 0, 0],
						"1.2917": [0, 0, 0]
					}
				},
				"neck2": {
					"rotation": {
						"0.0": [0, 0, 0],
						"0.1667": [17.5, 0, 0],
						"0.3333": [0.125, 0, 0],
						"0.5": [-2, 0, 0],
						"1.0": [0, 0, 0],
						"1.2917": [0, 0, 0]
					}
				},
				"head_rotation": {
					"rotation": {
						"0.0": [0, 0, 0],
						"0.2083": [7.5, 0, 0],
						"0.375": [-15, 0, 0],
						"1.0": [-12, 0, 0],
						"1.2917": [0, 0, 0]
					}
				},
				"wing_left_rotation": {
					"rotation": {
						"0.0": [0, 0, 0],
						"0.25": [0, 0, 0],
						"0.3333": ["0+Math.cos((query.anim_time+0.2) * 90 * 24) * 5", 0, 0],
						"0.9167": ["0+Math.cos((query.anim_time+0.2) * 90 * 24) * 5", 0, 0],
						"1.2917": [0, 0, 0]
					}
				},
				"wing_right_rotation": {
					"rotation": {
						"0.0": [0, 0, 0],
						"0.25": [0, 0, 0],
						"0.3333": ["0+Math.cos((query.anim_time+0.2) * 90 * 24) * 5", 0, 0],
						"0.9167": ["0+Math.cos((query.anim_time+0.2) * 90 * 24) * 5", 0, 0],
						"1.2917": [0, 0, 0]
					}
				},
				"upper_cloth": {
					"rotation": {
						"0.0": [0, 0, 0],
						"0.25": [0, 0, 0],
						"0.3333": ["0+Math.cos((query.anim_time+0.18) * 90 * 24) * 3", 0, 0],
						"0.9167": ["0+Math.cos((query.anim_time+0.18) * 90 * 24) * 3", 0, 0],
						"1.2917": [0, 0, 0]
					}
				},
				"lower_cloth": {
					"rotation": {
						"0.0": [0, 0, 0],
						"0.25": [0, 0, 0],
						"0.3333": ["0+Math.cos((query.anim_time+0.16) * 90 * 24) * 3", 0, 0],
						"0.9167": ["0+Math.cos((query.anim_time+0.16) * 90 * 24) * 3", 0, 0],
						"1.2917": [0, 0, 0]
					}
				}
			}
		}
	}
}