{
	"format_version": "1.8.0",
	"animations": {
		"animation.giratina.ground_idle": {
			"loop": true,
			"bones": {
				"neck": {
					"rotation": ["15+Math.sin(q.anim_time*90*2) * 0.3", 0, 0]
				},
				"neck2": {
					"rotation": ["-10+Math.sin(q.anim_time*90*2) * 0.3", 0, 0]
				},
				"left_leg": {
					"rotation": [-7.5, 0, 0]
				},
				"left_foot": {
					"rotation": [7.5, 0, 0]
				},
				"head": {
					"rotation": [7.5, 0, 0]
				},
				"torso": {
					"rotation": ["-2.5+math.sin(q.anim_time*90*2)*0.6", 0, "math.cos(q.anim_time*90*1)*-1"]
				},
				"tail3": {
					"rotation": [12.5, 0, 0]
				},
				"tail2": {
					"rotation": [12.5, 0, 0]
				},
				"tail": {
					"rotation": [-20, 0, 0]
				},
				"jaw": {
					"rotation": [0, 0, 0]
				},
				"left_leg3": {
					"rotation": [20, 0, 0],
					"position": [0, -0.7, 0]
				},
				"left_foot3": {
					"rotation": [-20, 0, 0]
				},
				"right_leg": {
					"rotation": [-7.5, 0, 0]
				},
				"right_foot": {
					"rotation": [7.5, 0, 0]
				},
				"right_leg3": {
					"rotation": [15, 0, 0]
				},
				"right_foot3": {
					"rotation": [-15, 0, 0]
				},
				"left_ing": {
					"rotation": [0, "77.5+Math.sin(q.anim_time*90*2) * 8", 0]
				},
				"right_ing": {
					"rotation": [0, "-77.5- Math.sin(q.anim_time*90*2) * 8", 0]
				},
				"neck3": {
					"rotation": ["0+Math.sin(q.anim_time*90*2) * 0.3", 0, 0]
				}
			}
		},
		"animation.giratina.ground_walk": {
			"loop": true,
			"animation_length": 2,
			"bones": {
				"neck": {
					"rotation": [15, 0, 0]
				},
				"neck2": {
					"rotation": [-10, 0, 0]
				},
				"left_leg": {
					"rotation": ["0-math.sin(q.anim_time*90*2-180)*10", "0+math.sin(q.anim_time*90*2-180)*8", -10],
					"position": {
						"0.0": ["0+math.cos(q.anim_time*90*2-180)*0.2", "-0.5+math.clamp(math.cos(q.anim_time*90*2-180)*1.5,0,10)", "0-math.sin(q.anim_time*90*2-180)*0.8"],
						"0.5": ["0+math.cos(q.anim_time*90*2-180)*0.2", "math.clamp(math.cos(q.anim_time*90*2-180)*1.5,0,10)", "0-math.sin(q.anim_time*90*2-180)*0.8"],
						"1.4583": ["0+math.cos(q.anim_time*90*2-180)*0.2", "math.clamp(math.cos(q.anim_time*90*2-180)*1.5,0,10)", "0-math.sin(q.anim_time*90*2-180)*0.8"],
						"1.5": ["0+math.cos(q.anim_time*90*2-180)*0.2", "-1+math.clamp(math.cos(q.anim_time*90*2-180)*1.5,0,10)", "0-math.sin(q.anim_time*90*2-180)*0.8"],
						"2.0": ["0+math.cos(q.anim_time*90*2-180)*0.2", "-0.5+math.clamp(math.cos(q.anim_time*90*2-180)*1.5,0,10)", "0-math.sin(q.anim_time*90*2-180)*0.8"]
					}
				},
				"left_foot": {
					"rotation": [7.5, 0, 0]
				},
				"head": {
					"rotation": [7.5, 0, 0]
				},
				"torso": {
					"rotation": ["0+math.sin(q.anim_time*90*2*2)*1", "0+math.cos(q.anim_time*90*2)*3", "0-math.sin(q.anim_time*90*2)*3"],
					"position": {
						"0.0": [0, -0.01, 0],
						"0.0417": [0, -0.12, 0],
						"0.5833": [0, "0+math.sin(q.anim_time*90*2*2)*0.6", 0],
						"0.625": [0, "0.4+math.sin(q.anim_time*90*2*2)*0.4", 0],
						"0.7083": [0, "-0.1+math.sin(q.anim_time*90*2*2)*0.4", 0],
						"0.7917": [0, "0.4+math.sin(q.anim_time*90*2*2)*0.4", 0],
						"0.875": [0, "0+math.sin(q.anim_time*90*2*2)*0.4", 0],
						"0.9583": [0, 0.1, 0],
						"1.0417": [0, -0.12, 0],
						"1.5833": [0, "0+math.sin(q.anim_time*90*2*2)*0.6", 0],
						"1.625": [0, "0.4+math.sin(q.anim_time*90*2*2)*0.4", 0],
						"1.7083": [0, "-0.1+math.sin(q.anim_time*90*2*2)*0.4", 0],
						"1.7917": [0, "0.4+math.sin(q.anim_time*90*2*2)*0.4", 0],
						"1.875": [0, "0+math.sin(q.anim_time*90*2*2)*0.4", 0],
						"1.9583": [0, 0.1, 0],
						"2.0": [0, -0.01, 0]
					}
				},
				"tail3": {
					"rotation": [12.5, 0, 0]
				},
				"tail2": {
					"rotation": [12.5, 0, 0]
				},
				"tail": {
					"rotation": [-20, 0, 0]
				},
				"jaw": {
					"rotation": [0, 0, 0]
				},
				"left_leg3": {
					"rotation": ["0-math.sin(q.anim_time*90*2-60)*10", "0+math.sin(q.anim_time*90*2-60)*8", -10],
					"position": {
						"0.0": ["0+math.cos(q.anim_time*90*2-60)*0.2", "math.clamp(math.cos(q.anim_time*90*2-60)*1.5,0,10)", "-0.75-math.sin(q.anim_time*90*2-60)*0.7"],
						"0.75": [
							"0+math.cos(q.anim_time*90*2-60)*0.2",
							"0.25+math.clamp(math.cos(q.anim_time*90*2-60)*1.5,0,10)",
							"-0.75-math.sin(q.anim_time*90*2-60)*0.7"
						],
						"0.8333": ["0+math.cos(q.anim_time*90*2-60)*0.2", "-1+math.clamp(math.cos(q.anim_time*90*2-60)*1.5,0,10)", "-0.75-math.sin(q.anim_time*90*2-60)*0.7"],
						"1.8333": ["0+math.cos(q.anim_time*90*2-60)*0.2", "math.clamp(math.cos(q.anim_time*90*2-60)*1.5,0,10)", "-0.75-math.sin(q.anim_time*90*2-60)*0.7"]
					}
				},
				"left_foot3": {
					"rotation": [-20, 0, 0]
				},
				"right_leg": {
					"rotation": {
						"0.0": ["0-math.sin(q.anim_time*90*2)*10", "0-math.sin(q.anim_time*90*2)*8", 10],
						"0.4167": ["0-math.sin(q.anim_time*90*2)*10", "0-math.sin(q.anim_time*90*2)*8", 10],
						"0.625": ["-0.25-math.sin(q.anim_time*90*2)*10", "-math.sin(q.anim_time*90*2)*8", 10],
						"0.8333": ["-1-math.sin(q.anim_time*90*2)*10", "-math.sin(q.anim_time*90*2)*8", 10],
						"1.0": ["0-math.sin(q.anim_time*90*2)*10", "0-math.sin(q.anim_time*90*2)*8", 10]
					},
					"position": {
						"0.0": ["0-math.cos(q.anim_time*90*2)*0.2", "math.clamp(math.cos(q.anim_time*90*2)*1.5,0,10)", "0-math.sin(q.anim_time*90*2)*0.7"],
						"0.4167": ["0-math.cos(q.anim_time*90*2)*0.2", "math.clamp(math.cos(q.anim_time*90*2)*1.5,0,10)", "0-math.sin(q.anim_time*90*2)*0.7"],
						"0.5": ["0-math.cos(q.anim_time*90*2)*0.2", "-1+math.clamp(math.cos(q.anim_time*90*2)*1.5,0,10)", "0-math.sin(q.anim_time*90*2)*0.7"],
						"0.75": ["0-math.cos(q.anim_time*90*2)*0.2", "-0.75+math.clamp(math.cos(q.anim_time*90*2)*1.5,0,10)", "0-math.sin(q.anim_time*90*2)*0.7"],
						"1.5": ["0-math.cos(q.anim_time*90*2)*0.2", "math.clamp(math.cos(q.anim_time*90*2)*1.5,0,10)", "0-math.sin(q.anim_time*90*2)*0.7"]
					}
				},
				"right_foot": {
					"rotation": [7.5, 0, 0]
				},
				"right_leg3": {
					"rotation": ["0-math.sin(q.anim_time*90*2-240)*10", "0-math.sin(q.anim_time*90*2-240)*8", 10],
					"position": {
						"0.0": [
							"0-math.cos(q.anim_time*90*2-240)*0.2",
							"-0.75+math.clamp(math.cos(q.anim_time*90*2-240)*1.5,0,10)",
							"-0.75-math.sin(q.anim_time*90*2-240)*0.8"
						],
						"0.8333": ["0-math.cos(q.anim_time*90*2-240)*0.2", "math.clamp(math.cos(q.anim_time*90*2-240)*1.5,0,10)", "-0.75-math.sin(q.anim_time*90*2-240)*0.8"],
						"1.7917": ["0-math.cos(q.anim_time*90*2-240)*0.2", "math.clamp(math.cos(q.anim_time*90*2-240)*1.5,0,10)", "-0.75-math.sin(q.anim_time*90*2-240)*0.8"],
						"1.8333": [
							"0-math.cos(q.anim_time*90*2-240)*0.2",
							"-1+math.clamp(math.cos(q.anim_time*90*2-240)*1.5,0,10)",
							"-0.75-math.sin(q.anim_time*90*2-240)*0.8"
						],
						"2.0": [
							"0-math.cos(q.anim_time*90*2-240)*0.2",
							"-0.75+math.clamp(math.cos(q.anim_time*90*2-240)*1.5,0,10)",
							"-0.75-math.sin(q.anim_time*90*2-240)*0.8"
						]
					}
				},
				"right_foot3": {
					"rotation": [-15, 0, 0]
				},
				"left_ing": {
					"rotation": [0, 77.5, 0]
				},
				"right_ing": {
					"rotation": [0, -77.5, 0]
				},
				"left_leg2": {
					"rotation": ["0-math.sin(q.anim_time*90*2-60)*5", "0+math.sin(q.anim_time*90*2-60)*4", -10],
					"position": {
						"0.0": ["0+math.cos(q.anim_time*90*2-60)*0.2", "math.clamp(math.cos(q.anim_time*90*2-60)*1.5,0,10)", "-0.75-math.sin(q.anim_time*90*2-60)*0.7"],
						"0.75": [
							"0+math.cos(q.anim_time*90*2-60)*0.2",
							"0.25+math.clamp(math.cos(q.anim_time*90*2-60)*1.5,0,10)",
							"-0.75-math.sin(q.anim_time*90*2-60)*0.7"
						],
						"0.8333": ["0+math.cos(q.anim_time*90*2-60)*0.2", "-1+math.clamp(math.cos(q.anim_time*90*2-60)*1.5,0,10)", "-0.75-math.sin(q.anim_time*90*2-60)*0.7"],
						"1.8333": ["0+math.cos(q.anim_time*90*2-60)*0.2", "math.clamp(math.cos(q.anim_time*90*2-60)*1.5,0,10)", "-0.75-math.sin(q.anim_time*90*2-60)*0.7"]
					}
				},
				"right_leg2": {
					"rotation": ["0-math.sin(q.anim_time*90*2-240)*5", "0-math.sin(q.anim_time*90*2-240)*4", 10],
					"position": {
						"0.0": [
							"0-math.cos(q.anim_time*90*2-240)*0.2",
							"-0.75+math.clamp(math.cos(q.anim_time*90*2-240)*1.5,0,10)",
							"-0.75-math.sin(q.anim_time*90*2-240)*0.8"
						],
						"0.8333": ["0-math.cos(q.anim_time*90*2-240)*0.2", "math.clamp(math.cos(q.anim_time*90*2-240)*1.5,0,10)", "-0.75-math.sin(q.anim_time*90*2-240)*0.8"],
						"1.7917": ["0-math.cos(q.anim_time*90*2-240)*0.2", "math.clamp(math.cos(q.anim_time*90*2-240)*1.5,0,10)", "-0.75-math.sin(q.anim_time*90*2-240)*0.8"],
						"1.8333": [
							"0-math.cos(q.anim_time*90*2-240)*0.2",
							"-1+math.clamp(math.cos(q.anim_time*90*2-240)*1.5,0,10)",
							"-0.75-math.sin(q.anim_time*90*2-240)*0.8"
						],
						"2.0": [
							"0-math.cos(q.anim_time*90*2-240)*0.2",
							"-0.75+math.clamp(math.cos(q.anim_time*90*2-240)*1.5,0,10)",
							"-0.75-math.sin(q.anim_time*90*2-240)*0.8"
						]
					}
				}
			}
		},
		"animation.giratina.cry": {
			"loop": true,
			"bones": {
				"head": {
					"rotation": [-7.5, 0, 0]
				},
				"jaw": {
					"rotation": [37.5, 0, 0]
				}
			}
		}
	}
}