{
	"format_version": "1.8.0",
	"animations": {
		"pose": {
			"animation_length": 2,
			"bones": {
				"tail": {
					"rotation": [23.71801, 25.90738, 37.57473]
				},
				"tail2": {
					"rotation": [-5.81606, -10.70078, 23.2433]
				},
				"tail3": {
					"rotation": [22.5, -25, 0]
				},
				"tail4": {
					"rotation": [9.64581, -20.07319, 0.92326]
				},
				"tail5": {
					"rotation": [-9.8491, -28.48042, 20.00533]
				},
				"tail6": {
					"rotation": [3.47284, -22.3554, -5.15652]
				},
				"tail7": {
					"rotation": [30, -22.5, 0]
				},
				"tail8": {
					"rotation": [0, -12.5, 0]
				},
				"neck": {
					"rotation": [10.00933, -2.462, -0.43439]
				},
				"head": {
					"rotation": [6.94714, -14.21826, -7.70881]
				},
				"mouth": {
					"rotation": [15, 0, 0]
				},
				"leg_left_front": {
					"rotation": [-2.5, 0, 0]
				},
				"leg_left_front2": {
					"rotation": [-15, 0, 0]
				},
				"leg_left_front3": {
					"rotation": [20, 0, 0]
				},
				"leg_right_front": {
					"rotation": [12.5, 0, 0]
				},
				"leg_right_front3": {
					"rotation": [-5, 0, 0]
				},
				"leg_left_back": {
					"rotation": [15, 0, 0]
				},
				"leg_left_back1": {
					"rotation": [-15, 0, 0]
				},
				"leg_right_back": {
					"rotation": [-7.5, 0, 0]
				},
				"leg_right_back1": {
					"rotation": [-7.5, 0, 0]
				},
				"leg_right_back2": {
					"rotation": [10, 0, 0]
				},
				"tail9": {
					"rotation": [-15, 12.5, 0]
				},
				"houndoom": {
					"rotation": {
						"0.0": [0, 0, 0],
						"2.0": [0, -360, 0]
					},
					"position": {
						"0.0": [0, 0, 0],
						"2.0": [0, 0, 0]
					}
				}
			}
		},
		"animation.houndoom.ground_idle": {
			"loop": true,
			"bones": {
				"body": {
					"position": [0, "math.sin(q.anim_time*90*2+90)*0.3-1", 0]
				},
				"tail": {
					"rotation": [17.5, "0+math.sin(query.anim_time*90*3+90)*4", 0]
				},
				"tail2": {
					"rotation": [12.5, "0+math.sin(query.anim_time*90*3+90)*4", 0]
				},
				"tail3": {
					"rotation": [5, "0+math.sin(query.anim_time*90*3+90)*4", 0]
				},
				"tail4": {
					"rotation": [10, "0+math.sin(query.anim_time*90*3+90)*4", 0]
				},
				"tail5": {
					"rotation": [10, 0, 0]
				},
				"tail6": {
					"rotation": [7.5, 0, 0]
				},
				"tail7": {
					"rotation": [7.5, 0, 0]
				},
				"tail8": {
					"rotation": [7.5, 0, 0]
				},
				"tail9": {
					"rotation": [7.5, 0, 0]
				},
				"head": {
					"rotation": ["math.sin(q.anim_time*90*2)*3", 0, 0]
				},
				"mouth": {
					"rotation": ["math.sin(q.anim_time*90*2)*3+5", 0, 0]
				},
				"leg_left_front": {
					"position": [0, "math.sin(q.anim_time*90*2+90)*0.3-1", 0]
				},
				"leg_left_front2": {
					"position": [0, "-math.sin(q.anim_time*90*2+90)*0.3", 0]
				},
				"leg_right_front": {
					"position": [0, "math.sin(q.anim_time*90*2+90)*0.3-1", 0]
				},
				"leg_right_front2": {
					"position": [0, "-math.sin(q.anim_time*90*2+90)*0.3", 0]
				},
				"leg_left_back": {
					"position": [0, "math.sin(q.anim_time*90*2+90)*0.3-1", 0]
				},
				"leg_left_back2": {
					"position": [0, "-math.sin(q.anim_time*90*2+90)*0.3", 0]
				},
				"leg_right_back": {
					"position": [0, "math.sin(q.anim_time*90*2+90)*0.3-1", 0]
				},
				"leg_right_back2": {
					"position": [0, "-math.sin(q.anim_time*90*2+90)*0.3", 0]
				}
			}
		},
		"animation.houndoom.ground_walk": {
			"loop": true,
			"bones": {
				"body": {
					"rotation": ["math.sin(q.anim_time*90*4-90)*1+0.5", 0, 0],
					"position": [0, "math.sin(q.anim_time*90*8-90)*0.2", 0]
				},
				"tail": {
					"rotation": [17.5, "0+math.sin(query.anim_time*90*3+90)*4", 0]
				},
				"tail2": {
					"rotation": [12.5, "0+math.sin(query.anim_time*90*3+90)*4", 0]
				},
				"tail3": {
					"rotation": [5, "0+math.sin(query.anim_time*90*3+90)*4", 0]
				},
				"tail4": {
					"rotation": [10, "0+math.sin(query.anim_time*90*3+90)*4", 0]
				},
				"tail5": {
					"rotation": [10, 0, 0]
				},
				"tail6": {
					"rotation": [7.5, 0, 0]
				},
				"tail7": {
					"rotation": [7.5, 0, 0]
				},
				"tail8": {
					"rotation": [7.5, 0, 0]
				},
				"tail9": {
					"rotation": [7.5, 0, 0]
				},
				"neck": {
					"rotation": [
						"-math.sin(q.anim_time*90*4-90)*0.5+math.sin(q.anim_time*90*4*2-45)*1",
						0,
						"-math.clamp(math.sin(q.anim_time*90*4-90)*1,-0.8,0.8)-math.sin(q.anim_time*90*4-180)*1"
					],
					"position": ["math.sin(q.anim_time*90*4-45)*0.1", "math.sin(-q.anim_time*90*4*2-45)*0.1", 0]
				},
				"leg_left_front": {
					"rotation": [
						"30-math.clamp(20*(math.sin(q.anim_time*90*4-90+33)*1+1),-0,60)",
						0,
						"-math.clamp(math.sin(q.anim_time*90*4-90)*1,-0.8,0.8)-math.sin(q.anim_time*90*4-180)*1"
					],
					"position": [
						0,
						"1*(math.clamp(math.sin(q.anim_time*90*4-160)*1.6,1,1.6)-0.2)+0.5*(math.clamp(math.sin(q.anim_time*90*4-75)*1.8,1,1.8)-1)-0.1*(math.clamp(math.sin(q.anim_time*90*4)*1.4,1,1.4)+1)-math.clamp(math.sin(q.anim_time*90*4-180)*1,0,1)",
						0
					]
				},
				"leg_left_front2": {
					"rotation": [
						"-math.clamp(math.sin(q.anim_time*90*4-180*0+33)*25,0,40)-(math.clamp(math.sin(q.anim_time*90*1-90*0)*1,0.5,1)*1-0.5)*20-(math.clamp(math.sin(q.anim_time*90*1-90*2)*1,0.5,1)*1-0.5)*20",
						0,
						0
					]
				},
				"leg_right_front": {
					"rotation": [
						"30-math.clamp(20*(math.sin(q.anim_time*90*4-90+33+180)*1+1),-0,60)",
						0,
						"math.clamp(math.sin(q.anim_time*90*4-90+180)*1,-0.8,0.8)+math.sin(q.anim_time*90*4-180*0)*1"
					],
					"position": [
						0,
						"1*(math.clamp(math.sin(q.anim_time*90*4-165+180)*1.6,1,1.6)-0.2)+0.5*(math.clamp(math.sin(q.anim_time*90*4-75+180)*1.8,1,1.8)-1)-0.1*(math.clamp(math.sin(q.anim_time*90*4+180)*1.4,1,1.4)+1)-math.clamp(math.sin(q.anim_time*90*4)*1,0,1)",
						0
					]
				},
				"leg_right_front2": {
					"rotation": [
						"-math.clamp(math.sin(q.anim_time*90*4-180*1+33)*25,0,40)-(math.clamp(math.sin(q.anim_time*90*1-90*3)*1,0.5,1)*1-0.5)*20-(math.clamp(math.sin(q.anim_time*90*1-90*1)*1,0.5,1)*1-0.5)*20",
						0,
						0
					]
				},
				"leg_left_back": {
					"rotation": [
						"-20+math.clamp(15*(math.sin(q.anim_time*90*4-90)*1+1),-0,60)",
						0,
						"-math.clamp(math.sin(q.anim_time*90*4-90)*1,-0.8,0.8)-math.sin(q.anim_time*90*4-180)*1"
					],
					"position": [
						0,
						"-math.clamp(-math.sin(q.anim_time*90*4+90+180*0)*0.01,0,0.01)+math.clamp(-math.sin(q.anim_time*90*4+20+180*0)*1,0.4,1)-0.4+math.clamp(math.sin(q.anim_time*90*4-130+180*0)*1.5,0.4,0.6)-0.3+(math.clamp(-math.sin(q.anim_time*90*2+70+180*0)*1,0.5,1)-0.5)*0.5+(math.clamp(-math.sin(q.anim_time*90*2+70+180*1)*1,0.5,1)+0)*0.5",
						0
					]
				},
				"leg_left_back1": {
					"rotation": [
						"math.clamp(math.sin(q.anim_time*90*4)*10,0,10)-math.clamp(math.sin(q.anim_time*90*4-95)*10,0,45)-math.clamp(math.sin(q.anim_time*90*4+180)*10,0,45)",
						0,
						0
					],
					"position": [0, "math.clamp(math.sin(q.anim_time*90*4-130)*1,0.5,1)-math.clamp(math.sin(q.anim_time*90*4-40)*1,0.75,1)+0.25", 0]
				},
				"leg_right_back": {
					"rotation": [
						"-20+math.clamp(15*(math.sin(q.anim_time*90*4-90+180)*1+1),-0,60)",
						0,
						"math.clamp(math.sin(q.anim_time*90*4-90+180)*1,-0.8,0.8)+math.sin(q.anim_time*90*4-180*0)*1"
					],
					"position": [
						0,
						"-math.clamp(-math.sin(q.anim_time*90*4+90+180*1)*0.01,0,0.01)+math.clamp(-math.sin(q.anim_time*90*4+20+180*1)*1,0.4,1)-0.4+math.clamp(math.sin(q.anim_time*90*4-130+180*1)*1.5,0.4,0.6)-0.3+(math.clamp(-math.sin(q.anim_time*90*2+70+180*1)*1,0.5,1)-0.5)*0.5+(math.clamp(-math.sin(q.anim_time*90*2+70+180*0)*1,0.5,1)+0.5)*0.5",
						0
					]
				},
				"leg_right_back1": {
					"rotation": [
						"math.clamp(math.sin(q.anim_time*90*4+180)*10,0,10)-math.clamp(math.sin(q.anim_time*90*4-95+180)*10,0,45)-math.clamp(math.sin(q.anim_time*90*4+180*0)*10,0,45)",
						0,
						0
					],
					"position": [0, "math.clamp(math.sin(q.anim_time*90*4-130+180)*1,0.5,1)-math.clamp(math.sin(q.anim_time*90*4-40+180)*1,0.75,1)+0.25", 0]
				}
			}
		}
	}
}