{
	"format_version": "1.8.0",
	"animations": {
		"animation.ironjugulis.new": {
			"animation_length": 0.625,
			"bones": {
				"body": {
					"rotation": {
						"0.0": [20, 0, 0],
						"0.0833": [27.5, 0, 0]
					}
				},
				"neck": {
					"rotation": [15.08377, -4.53051, -2.11751]
				},
				"neck2": {
					"rotation": [-10, 0, 0]
				},
				"neck3": {
					"rotation": {
						"0.0": [-7.5, 0, 0],
						"0.0833": [-8.06161, 4.46375, -14.33501]
					}
				},
				"head_rotation": {
					"rotation": {
						"0.0": [-7.56397, -7.43547, 0.98448],
						"0.0833": [-7.56397, 7.43547, -0.98448]
					}
				},
				"tail": {
					"rotation": [37.5, 0, 0]
				},
				"tail2": {
					"rotation": [-22.5, 0, 0]
				},
				"tail3": {
					"rotation": {
						"0.0": [-22.5, 0, 0],
						"0.625": [-30, 0, 0]
					}
				},
				"tail4": {
					"rotation": [-27.5, 0, 0]
				},
				"arm_left": {
					"rotation": {
						"0.0": [-14.60355, 39.94303, 12.56149],
						"0.0833": [-26.96279, 33.65447, -7.90033]
					}
				},
				"arm_left2": {
					"rotation": [0.21865, -4.99523, -20.00954]
				},
				"arm_left3": {
					"rotation": [-0.88045, 9.96156, -15.07673]
				},
				"hand_left": {
					"rotation": [0.98448, 7.43547, 25.06397]
				},
				"leg_left": {
					"rotation": [-13.08619, -17.07228, 3.90399]
				},
				"leg_left2": {
					"rotation": [-10, 0, 0]
				},
				"leg_right": {
					"rotation": [-13.08619, 17.07228, -3.90399]
				},
				"leg_right2": {
					"rotation": [-10, 0, 0]
				},
				"arm_right": {
					"rotation": [-14.60355, -39.94303, -12.56149]
				},
				"arm_right2": {
					"rotation": [0.21865, 4.99523, 20.00954]
				},
				"arm_right3": {
					"rotation": [-0.88045, -9.96156, 15.07673]
				},
				"hand_right": {
					"rotation": [0.98448, -7.43547, -25.06397]
				},
				"wing_front_right": {
					"rotation": [0, 30, 0]
				},
				"wing_front_right2": {
					"rotation": [0, -15, 0]
				},
				"wing_front_right3": {
					"rotation": [0, -15, 0]
				},
				"wing_front_right4": {
					"rotation": [0, -15, 0]
				},
				"jaw": {
					"rotation": [20, 0, 0]
				},
				"lower_hand_left": {
					"rotation": [0, 0, 17.5]
				},
				"lower_hand_right": {
					"rotation": [0, 0, -17.5]
				},
				"wing_mid_right": {
					"rotation": [0, 2.5, 0]
				},
				"wing_mid_right2": {
					"rotation": [0, -10, 0]
				},
				"wing_mid_right3": {
					"rotation": [0, -27.5, 0]
				},
				"wing_mid_right4": {
					"rotation": [0, -22.5, 0]
				},
				"wing_back_right": {
					"rotation": [0, -15, 0]
				},
				"wing_back_right2": {
					"rotation": [0, -20, 0]
				},
				"wing_back_right3": {
					"rotation": [0, -27.5, 0]
				},
				"wing_back_right4": {
					"rotation": [0, -22.5, 0]
				},
				"wing_front_left": {
					"rotation": [0, -30, 0]
				},
				"wing_front_left2": {
					"rotation": [0, 15, 0]
				},
				"wing_front_left3": {
					"rotation": [0, 15, 0]
				},
				"wing_front_left4": {
					"rotation": [0, 15, 0]
				},
				"wing_mid_left": {
					"rotation": [0, -2.5, 0]
				},
				"wing_mid_left2": {
					"rotation": [0, 10, 0]
				},
				"wing_mid_left3": {
					"rotation": [0, 27.5, 0]
				},
				"wing_mid_left4": {
					"rotation": [0, 22.5, 0]
				},
				"wing_back_left": {
					"rotation": [0, 15, 0]
				},
				"wing_back_left2": {
					"rotation": [0, 20, 0]
				},
				"wing_back_left3": {
					"rotation": [0, 27.5, 0]
				},
				"wing_back_left4": {
					"rotation": [0, 22.5, 0]
				}
			}
		},
		"animation.ironjugulis.ground_idle": {
			"loop": true,
			"bones": {
				"body": {
					"rotation": [20, 0, 0],
					"position": [0, "6+1*(math.sin(q.anim_time*90*3+45)*1+1)", 0]
				},
				"neck": {
					"rotation": ["0-math.sin(q.anim_time*90*3-90)*1", 0, 0]
				},
				"tail": {
					"rotation": ["37.5-math.sin(q.anim_time*90*2-90)*2", 0, 0]
				},
				"tail2": {
					"rotation": ["-22.5-math.sin(q.anim_time*90*2-90)*2", 0, 0]
				},
				"tail3": {
					"rotation": ["-22.5-math.sin(q.anim_time*90*2-90)*2", 0, 0]
				},
				"tail4": {
					"rotation": ["-27.5-math.sin(q.anim_time*90*2-90)*2", 0, 0]
				},
				"arm_left": {
					"rotation": [-14.60355, 39.94303, 12.56149]
				},
				"arm_left2": {
					"rotation": [0.21865, -4.99523, -20.00954]
				},
				"arm_left3": {
					"rotation": [-0.88045, 9.96156, -15.07673]
				},
				"hand_left": {
					"rotation": [0.98448, 7.43547, 25.06397]
				},
				"leg_left": {
					"rotation": [-13.08619, -17.07228, 3.90399]
				},
				"leg_left2": {
					"rotation": [-10, 0, 0]
				},
				"leg_right": {
					"rotation": [-13.08619, 17.07228, -3.90399]
				},
				"leg_right2": {
					"rotation": [-10, 0, 0]
				},
				"arm_right": {
					"rotation": [-14.60355, -39.94303, -12.56149]
				},
				"arm_right2": {
					"rotation": [0.21865, 4.99523, 20.00954]
				},
				"arm_right3": {
					"rotation": [-0.88045, -9.96156, 15.07673]
				},
				"hand_right": {
					"rotation": [0.98448, -7.43547, -25.06397]
				},
				"wing_front_right": {
					"rotation": [0, "30+math.sin(q.anim_time*90*2-90)*2", 0]
				},
				"wing_front_right2": {
					"rotation": [0, "-15+math.sin(q.anim_time*90*2-90)*2", 0]
				},
				"wing_front_right3": {
					"rotation": [0, "-15+math.sin(q.anim_time*90*2-90)*2", 0]
				},
				"wing_front_right4": {
					"rotation": [0, "-15+math.sin(q.anim_time*90*2-90)*2", 0]
				},
				"jaw": {
					"rotation": [20, 0, 0]
				},
				"lower_hand_left": {
					"rotation": [0, 0, 17.5]
				},
				"lower_hand_right": {
					"rotation": [0, 0, -17.5]
				},
				"wing_mid_right": {
					"rotation": [0, "2.5+math.sin(q.anim_time*90*2-90)*2", 0]
				},
				"wing_mid_right2": {
					"rotation": [0, "-10+math.sin(q.anim_time*90*2-90)*2", 0]
				},
				"wing_mid_right3": {
					"rotation": [0, "-27.5+math.sin(q.anim_time*90*2-90)*2", 0]
				},
				"wing_mid_right4": {
					"rotation": [0, "-22.5+math.sin(q.anim_time*90*2-90)*2", 0]
				},
				"wing_back_right": {
					"rotation": [0, "-15+math.sin(q.anim_time*90*2-90)*2", 0]
				},
				"wing_back_right2": {
					"rotation": [0, "-20+math.sin(q.anim_time*90*2-90)*2", 0]
				},
				"wing_back_right3": {
					"rotation": [0, "-27.5+math.sin(q.anim_time*90*2-90)*2", 0]
				},
				"wing_back_right4": {
					"rotation": [0, "-22.5+math.sin(q.anim_time*90*2-90)*2", 0]
				},
				"wing_front_left": {
					"rotation": [0, "-30-math.sin(q.anim_time*90*2-90)*2", 0]
				},
				"wing_front_left2": {
					"rotation": [0, "15-math.sin(q.anim_time*90*2-90)*2", 0]
				},
				"wing_front_left3": {
					"rotation": [0, "15-math.sin(q.anim_time*90*2-90)*2", 0]
				},
				"wing_front_left4": {
					"rotation": [0, "15-math.sin(q.anim_time*90*2-90)*2", 0]
				},
				"wing_mid_left": {
					"rotation": [0, "-2.5-math.sin(q.anim_time*90*2-90)*2", 0]
				},
				"wing_mid_left2": {
					"rotation": [0, "10-math.sin(q.anim_time*90*2-90)*2", 0]
				},
				"wing_mid_left3": {
					"rotation": [0, "27.5-math.sin(q.anim_time*90*2-90)*2", 0]
				},
				"wing_mid_left4": {
					"rotation": [0, "22.5-math.sin(q.anim_time*90*2-90)*2", 0]
				},
				"wing_back_left": {
					"rotation": [0, "15-math.sin(q.anim_time*90*2-90)*2", 0]
				},
				"wing_back_left2": {
					"rotation": [0, "20-math.sin(q.anim_time*90*2-90)*2", 0]
				},
				"wing_back_left3": {
					"rotation": [0, "27.5-math.sin(q.anim_time*90*2-90)*2", 0]
				},
				"wing_back_left4": {
					"rotation": [0, "22.5-math.sin(q.anim_time*90*2-90)*2", 0]
				},
				"wings_left": {
					"rotation": [0, 0, 0]
				},
				"head": {
					"rotation": [0, 0, 0]
				}
			}
		},
		"animation.ironjugulis.ground_walk": {
			"loop": true,
			"bones": {
				"body": {
					"rotation": {
						"0.0": [30, 0, 0],
						"3.5417": [32.5, 0, 0]
					},
					"position": [0, "6+1*(math.sin(q.anim_time*90*3+45)*1+1)", 0]
				},
				"neck": {
					"rotation": ["0-math.sin(q.anim_time*90*3-90)*1", 0, 0]
				},
				"tail": {
					"rotation": ["37.5-math.sin(q.anim_time*90*2-90)*2", 0, 0]
				},
				"tail2": {
					"rotation": ["-22.5-math.sin(q.anim_time*90*2-90)*2", 0, 0]
				},
				"tail3": {
					"rotation": ["-22.5-math.sin(q.anim_time*90*2-90)*2", 0, 0]
				},
				"tail4": {
					"rotation": ["-27.5-math.sin(q.anim_time*90*2-90)*2", 0, 0]
				},
				"arm_left": {
					"rotation": [-14.60355, 39.94303, 12.56149]
				},
				"arm_left2": {
					"rotation": [0.21865, -4.99523, -20.00954]
				},
				"arm_left3": {
					"rotation": [-0.88045, 9.96156, -15.07673]
				},
				"hand_left": {
					"rotation": [0.98448, 7.43547, 25.06397]
				},
				"leg_left": {
					"rotation": [-13.08619, -17.07228, 3.90399]
				},
				"leg_left2": {
					"rotation": [-10, 0, 0]
				},
				"leg_right": {
					"rotation": [-13.08619, 17.07228, -3.90399]
				},
				"leg_right2": {
					"rotation": [-10, 0, 0]
				},
				"arm_right": {
					"rotation": [-14.60355, -39.94303, -12.56149]
				},
				"arm_right2": {
					"rotation": [0.21865, 4.99523, 20.00954]
				},
				"arm_right3": {
					"rotation": [-0.88045, -9.96156, 15.07673]
				},
				"hand_right": {
					"rotation": [0.98448, -7.43547, -25.06397]
				},
				"wing_front_right": {
					"rotation": [0, "30+math.sin(q.anim_time*90*2-90)*2", 0]
				},
				"wing_front_right2": {
					"rotation": [0, "-15+math.sin(q.anim_time*90*2-90)*2", 0]
				},
				"wing_front_right3": {
					"rotation": [0, "-15+math.sin(q.anim_time*90*2-90)*2", 0]
				},
				"wing_front_right4": {
					"rotation": [0, "-15+math.sin(q.anim_time*90*2-90)*2", 0]
				},
				"jaw": {
					"rotation": [20, 0, 0]
				},
				"lower_hand_left": {
					"rotation": [0, 0, 17.5]
				},
				"lower_hand_right": {
					"rotation": [0, 0, -17.5]
				},
				"wing_mid_right": {
					"rotation": [0, "2.5+math.sin(q.anim_time*90*2-90)*2", 0]
				},
				"wing_mid_right2": {
					"rotation": [0, "-10+math.sin(q.anim_time*90*2-90)*2", 0]
				},
				"wing_mid_right3": {
					"rotation": [0, "-27.5+math.sin(q.anim_time*90*2-90)*2", 0]
				},
				"wing_mid_right4": {
					"rotation": [0, "-22.5+math.sin(q.anim_time*90*2-90)*2", 0]
				},
				"wing_back_right": {
					"rotation": [0, "-15+math.sin(q.anim_time*90*2-90)*2", 0]
				},
				"wing_back_right2": {
					"rotation": [0, "-20+math.sin(q.anim_time*90*2-90)*2", 0]
				},
				"wing_back_right3": {
					"rotation": [0, "-27.5+math.sin(q.anim_time*90*2-90)*2", 0]
				},
				"wing_back_right4": {
					"rotation": [0, "-22.5+math.sin(q.anim_time*90*2-90)*2", 0]
				},
				"wing_front_left": {
					"rotation": [0, "-30-math.sin(q.anim_time*90*2-90)*2", 0]
				},
				"wing_front_left2": {
					"rotation": [0, "15-math.sin(q.anim_time*90*2-90)*2", 0]
				},
				"wing_front_left3": {
					"rotation": [0, "15-math.sin(q.anim_time*90*2-90)*2", 0]
				},
				"wing_front_left4": {
					"rotation": [0, "15-math.sin(q.anim_time*90*2-90)*2", 0]
				},
				"wing_mid_left": {
					"rotation": [0, "-2.5-math.sin(q.anim_time*90*2-90)*2", 0]
				},
				"wing_mid_left2": {
					"rotation": [0, "10-math.sin(q.anim_time*90*2-90)*2", 0]
				},
				"wing_mid_left3": {
					"rotation": [0, "27.5-math.sin(q.anim_time*90*2-90)*2", 0]
				},
				"wing_mid_left4": {
					"rotation": [0, "22.5-math.sin(q.anim_time*90*2-90)*2", 0]
				},
				"wing_back_left": {
					"rotation": [0, "15-math.sin(q.anim_time*90*2-90)*2", 0]
				},
				"wing_back_left2": {
					"rotation": [0, "20-math.sin(q.anim_time*90*2-90)*2", 0]
				},
				"wing_back_left3": {
					"rotation": [0, "27.5-math.sin(q.anim_time*90*2-90)*2", 0]
				},
				"wing_back_left4": {
					"rotation": [0, "22.5-math.sin(q.anim_time*90*2-90)*2", 0]
				},
				"wings_left": {
					"rotation": [0, 0, 0]
				},
				"head": {
					"rotation": [0, 0, 0]
				}
			}
		}
	}
}