{
	"format_version": "1.8.0",
	"animations": {
		"animation.kubfu.ground_idle": {
			"loop": true,
			"bones": {
				"body": {
					"position": [0, -2, 0]
				},
				"arm_right": {
					"rotation": [-6.6976, -4.95122, "-49.4698-1*math.sin(q.anim_time*90*1.5-20)"]
				},
				"arm_right2": {
					"rotation": [-0.5, -60, 0]
				},
				"finger_middle1": {
					"rotation": [0, 0, -14]
				},
				"finger_middle2": {
					"rotation": [0, 0, -40]
				},
				"finger_back1": {
					"rotation": [0, 0, -36.5]
				},
				"finger_back2": {
					"rotation": [0, 0, -38]
				},
				"finger_back3": {
					"rotation": [0, 0, -14]
				},
				"finger_back4": {
					"rotation": [0, 0, -35]
				},
				"band_right_1": {
					"rotation": [-56.39536, -28.78696, 13.53806]
				},
				"band_right_2": {
					"rotation": [-10.42614, -17.1389, -1.59243]
				},
				"band_right_3": {
					"rotation": [-21.58826, -25.80352, 11.26485]
				},
				"leg_right": {
					"rotation": [-19.13666, 4.09091, 18.66964]
				},
				"leg_right2": {
					"rotation": [22.02699, 6.1926, -13.46405]
				},
				"tail": {
					"rotation": [15, 0, 0]
				},
				"leg_left": {
					"rotation": [5.30524, 1.08707, -30.82274]
				},
				"leg_left2": {
					"rotation": [0, -1, 30]
				},
				"arm_left": {
					"rotation": [0, -10, "53+1*math.sin(q.anim_time*90*1.5-20)"]
				},
				"arm_left2": {
					"rotation": [-1, 62, 0]
				},
				"hand_left": {
					"rotation": [0, 1.5, 0]
				},
				"finger_middle3": {
					"rotation": [0, 0, 4]
				},
				"finger_middle4": {
					"rotation": [0, 0, 24]
				},
				"finger_back5": {
					"rotation": [0, 0, 19]
				},
				"finger_back6": {
					"rotation": [0, 0, 33]
				},
				"finger_back7": {
					"rotation": [0, 0, 11]
				},
				"finger_back8": {
					"rotation": [0, 0, 27]
				},
				"band_left_1": {
					"rotation": ["-70.615-3*math.sin(q.anim_time*90*1.5-20)*0.5", 30.93922, -19.9979]
				},
				"band_left_2": {
					"rotation": [-15.17626, 15.96193, -4.54567]
				},
				"band_left_3": {
					"rotation": [-26.00063, 24.88366, 0.64925]
				},
				"head": {
					"rotation": ["0+1*math.sin(q.anim_time*90*1.5-20)", 0, 0]
				}
			}
		},
		"animation.kubfu.ground_walk": {
			"loop": true,
			"bones": {
				"body": {
					"rotation": ["0+math.sin(q.anim_time*90*16-45)*2", 0, 0],
					"position": [0, -2, 0]
				},
				"arm_right": {
					"rotation": [-6.6976, "-4.9512-math.sin(q.anim_time*90*8-45)*30", -49.4698]
				},
				"arm_right2": {
					"rotation": [-0.5, -60, 0]
				},
				"finger_middle1": {
					"rotation": [0, 0, -14]
				},
				"finger_middle2": {
					"rotation": [0, 0, -40]
				},
				"finger_back1": {
					"rotation": [0, 0, -36.5]
				},
				"finger_back2": {
					"rotation": [0, 0, -38]
				},
				"finger_back3": {
					"rotation": [0, 0, -14]
				},
				"finger_back4": {
					"rotation": [0, 0, -35]
				},
				"band_right_1": {
					"rotation": ["-41.3954-3*math.sin(q.anim_time*90*4*2-30)*2", -28.78696, 13.53806]
				},
				"band_right_2": {
					"rotation": ["1.9831-3*math.sin(q.anim_time*90*4*2-30)*2", -2.14819, -1.05541]
				},
				"band_right_3": {
					"rotation": ["-19.3446-3*math.sin(q.anim_time*90*4*2-30)*2", 0.02542, 1.48325]
				},
				"leg_right": {
					"rotation": ["-19.1367+math.sin(q.anim_time*90*8-45)*64", 4.09091, 18.66964]
				},
				"leg_right2": {
					"rotation": ["22.027+math.sin(q.anim_time*90*8-135)*48", 6.1926, -13.46405]
				},
				"tail": {
					"rotation": [15, 0, 0]
				},
				"leg_left": {
					"rotation": ["5.3052-math.sin(q.anim_time*90*8-45)*64", 1.08707, -30.82274]
				},
				"leg_left2": {
					"rotation": ["0-math.sin(q.anim_time*90*8-135)*48", -1, 30]
				},
				"arm_left": {
					"rotation": [0, "-10-math.sin(q.anim_time*90*8-45)*30", 53]
				},
				"arm_left2": {
					"rotation": [-1, 62, 0]
				},
				"hand_left": {
					"rotation": [0, 1.5, 0]
				},
				"finger_middle3": {
					"rotation": [0, 0, 4]
				},
				"finger_middle4": {
					"rotation": [0, 0, 24]
				},
				"finger_back5": {
					"rotation": [0, 0, 19]
				},
				"finger_back6": {
					"rotation": [0, 0, 33]
				},
				"finger_back7": {
					"rotation": [0, 0, 11]
				},
				"finger_back8": {
					"rotation": [0, 0, 27]
				},
				"band_left_1": {
					"rotation": ["-55.615-3*math.sin(q.anim_time*90*4*2-30)*2", 30.93922, -19.9979]
				},
				"band_left_2": {
					"rotation": ["7.0412-3*math.sin(q.anim_time*90*4*2-30)*2", 1.07826, -6.43671]
				},
				"band_left_3": {
					"rotation": ["-24.2252-3*math.sin(q.anim_time*90*4*2-30)*2", 3.6482, 2.44866]
				},
				"head": {
					"rotation": ["0+1*math.sin(q.anim_time*90*8-45)*3", 0, 0]
				},
				"torso": {
					"rotation": [10, 0, 0]
				}
			}
		}
	}
}