{
	"format_version": "1.8.0",
	"animations": {
		"animation.landorus_therian.pose": {
			"loop": true,
			"bones": {
				"body": {
					"rotation": [-5, 0, 0]
				},
				"foot_tail_back_left2": {
					"rotation": [15, 0, 0]
				},
				"leg_back_right": {
					"rotation": [-10, 0, 0]
				},
				"leg_back_right2": {
					"rotation": [-5, 0, 0]
				},
				"foot_back_right": {
					"rotation": [15, 0, 0]
				},
				"foot_tail_back_right2": {
					"rotation": [17.5, 0, 0]
				},
				"body2": {
					"rotation": [5, 0, 0]
				},
				"torso": {
					"rotation": [2.5, 0, 0]
				},
				"head": {
					"rotation": [-14.73734, -30.38016, 48.35651]
				},
				"leg_front_left": {
					"rotation": [-7.5, 0, 0]
				},
				"leg_front_left2": {
					"rotation": [5, 0, 0]
				},
				"foot_tail_front_left2": {
					"rotation": [12.5, 0, 0]
				},
				"leg_front_right": {
					"rotation": [-12.5, 0, 0]
				},
				"leg_front_right2": {
					"rotation": [32.5, 0, 0]
				},
				"foot_front_right": {
					"rotation": [5, 0, 0]
				},
				"toe_front_right1": {
					"rotation": [70, 0, 0]
				},
				"toe_front_right2": {
					"rotation": [65, 0, 0]
				},
				"toe_front_right3": {
					"rotation": [70, 0, 0]
				},
				"foot_tail_front_right1": {
					"rotation": [-15.0684, -0.48266, -0.33356]
				},
				"foot_tail_front_right2": {
					"rotation": [7.5, 0, 0]
				},
				"tail": {
					"rotation": [19.71975, 3.40487, -9.40804]
				},
				"tail2": {
					"rotation": [47.5, 0, 0]
				},
				"tail3": {
					"rotation": [55.41141, -18.82943, 12.54707]
				},
				"tail4": {
					"rotation": [45.23502, -16.3882, 15.63367]
				},
				"pupil_left": {
					"position": [0.25, 0, 0.25]
				},
				"pupil_right": {
					"position": [0, 0, 0.25]
				},
				"jaw": {
					"rotation": [0, 0, 0]
				}
			}
		},
		"animation.landorus_therian.blink": {
			"animation_length": 0.16667,
			"bones": {
				"eyelid_right": {
					"position": {
						"0.125": [0, 0.1, 0],
						"0.1667": [0, 0, 0]
					}
				},
				"eyelid_left": {
					"position": {
						"0.125": [0, 0.1, 0],
						"0.1667": [0, 0, 0]
					}
				}
			}
		},
		"animation.landorus_therian.ground_idle": {
			"loop": true,
			"bones": {
				"body": {
					"rotation": ["-5+Math.cos((query.anim_time) * 90 * 1) * 1", 0, "1*Math.cos((query.anim_time) * 90 * 1) * 1"],
					"position": [0, 5, 0]
				},
				"foot_tail_back_left2": {
					"rotation": [15, 0, 0]
				},
				"leg_back_right": {
					"rotation": ["-10+Math.cos((query.anim_time) * 90 * 1) * 1", 0, 0]
				},
				"leg_back_right2": {
					"rotation": [-5, 0, 0]
				},
				"foot_back_right": {
					"rotation": [15, 0, 0]
				},
				"foot_tail_back_right2": {
					"rotation": [17.5, 0, 0]
				},
				"body2": {
					"rotation": [5, 0, 0]
				},
				"torso": {
					"rotation": [2.5, 0, 0]
				},
				"head": {
					"rotation": ["-14.7373+1*math.cos(q.anim_time*90*1-60)", -30.38016, 48.35651]
				},
				"leg_front_left": {
					"rotation": ["-7.5+Math.cos((query.anim_time) * 90 * 1) * 1", 0, 0]
				},
				"leg_front_left2": {
					"rotation": [5, 0, 0]
				},
				"foot_tail_front_left2": {
					"rotation": [12.5, 0, 0]
				},
				"leg_front_right": {
					"rotation": ["-12.5-Math.cos((query.anim_time) * 90 * 1) * 1", 0, 0]
				},
				"leg_front_right2": {
					"rotation": [32.5, 0, 0]
				},
				"foot_front_right": {
					"rotation": [5, 0, 0]
				},
				"toe_front_right1": {
					"rotation": [70, 0, 0]
				},
				"toe_front_right2": {
					"rotation": [65, 0, 0]
				},
				"toe_front_right3": {
					"rotation": [70, 0, 0]
				},
				"foot_tail_front_right1": {
					"rotation": [-15.0684, -0.48266, -0.33356]
				},
				"foot_tail_front_right2": {
					"rotation": [7.5, 0, 0]
				},
				"tail": {
					"rotation": ["19.7198+Math.cos((query.anim_time) * 90 * 1) * 8", "3.4049+Math.sin((query.anim_time) * 90 * 1) * 8", -9.40804]
				},
				"tail2": {
					"rotation": ["47.5+Math.cos((query.anim_time) * 90 * 1) * 4", "0+Math.cos((query.anim_time) * 90 * 1) * 4", 0]
				},
				"tail3": {
					"rotation": ["55.4114+Math.cos((query.anim_time) * 90 * 1) * 6", "-18.8294+Math.cos((query.anim_time) * 90 * 1) * 6", 12.54707]
				},
				"tail4": {
					"rotation": ["45.235+Math.cos((query.anim_time) * 90 * 1) * 4", "-16.3882+Math.cos((query.anim_time) * 90 * 1) * 4", 15.63367]
				},
				"pupil_left": {
					"position": [0.25, 0, 0.25]
				},
				"pupil_right": {
					"position": [0, 0, 0.25]
				},
				"jaw": {
					"rotation": [0, 0, 0]
				},
				"neck": {
					"rotation": ["1*math.cos(q.anim_time*90*1-60)", 0, 0]
				},
				"leg_back_left": {
					"rotation": ["0-Math.cos((query.anim_time) * 90 * 1) * 1", 0, 0]
				}
			}
		}
	}
}