{
	"format_version": "1.8.0",
	"animations": {
		"animation.latios_mega.ground_idle": {
			"loop": true,
			"bones": {
				"torso": {
					"rotation": ["0+math.sin(q.anim_time*90*0.75-90)*3", 0, "0+math.sin(q.anim_time*90*1.5-90)*3"],
					"position": ["0+math.sin(q.anim_time*90*1.5)*3", "26+math.sin(q.anim_time*90*3)*1", "0+math.sin(q.anim_time*90*3)*0.5"]
				},
				"neck": {
					"rotation": ["0-math.sin(q.anim_time*90*1.5-90)*3", 0, 0]
				},
				"arm_left": {
					"rotation": [0, 0, "0-math.sin(q.anim_time*90*1.5-90)*3"]
				},
				"arm_right": {
					"rotation": [0, 0, "0+math.sin(q.anim_time*90*1.5-90)*3"]
				}
			}
		},
		"animation.latios_mega.ground_walk": {
			"loop": true,
			"bones": {
				"torso": {
					"position": ["0+math.sin(q.anim_time*90*2.5)*3", "26+math.sin(q.anim_time*90*4)*1", 0]
				},
				"arm_left": {
					"rotation": [0, 0, "0-math.sin(q.anim_time*90*4)*2"]
				},
				"arm_right_2": {
					"rotation": [0, 0, "0+math.sin(q.anim_time*90*4)*2"]
				}
			}
		}
	}
}