{
	"format_version": "1.8.0",
	"animations": {
		"animation.latios.ground_idle": {
			"loop": true,
			"bones": {
				"latios": {
					"position": [0, 18, 0]
				},
				"body": {
					"rotation": ["-47.5361+math.sin(q.anim_time*90*0.75-90)*3", 0.40387, "0.1368+math.sin(q.anim_time*90*1.5-90)*3"],
					"position": ["0+math.sin(q.anim_time*90*1.5)*3", "0+math.sin(q.anim_time*90*3)*1", "0+math.sin(q.anim_time*90*3)*0.5"]
				},
				"neck": {
					"rotation": ["7.5+math.sin(q.anim_time*90*1.5-90)*3", 0, 0]
				},
				"neck2": {
					"rotation": [7.5, 0, 0]
				},
				"neck3": {
					"rotation": [10, 0, 0]
				},
				"head": {
					"rotation": [30, 0, 0]
				},
				"tail_right": {
					"rotation": [-32.5, 0, 0]
				},
				"wing_right": {
					"rotation": [0, 0, 45]
				},
				"arm_right2": {
					"rotation": [0, 20, "-57.5+math.sin(q.anim_time*90*1.5-90)*3"]
				},
				"hand_right": {
					"rotation": [0, -27.5, -22.5]
				},
				"neck_feathers": {
					"rotation": ["14.5+math.sin(q.anim_time*90*1.5-90)*3", 0, 0]
				},
				"arm_left2": {
					"rotation": [0, -20, "57.5-math.sin(q.anim_time*90*1.5-90)*3"]
				},
				"hand_left": {
					"rotation": [0, 27.5, 22.5]
				},
				"tail_left": {
					"rotation": [-32.5, 0, 0]
				},
				"wing_left": {
					"rotation": [0, 0, -45]
				},
				"neck_feathers_right": {
					"rotation": [0, -3, 0]
				},
				"neck_feathers_left": {
					"rotation": [0, 3, 0]
				}
			}
		},
		"animation.latios.ground_walk": {
			"loop": true,
			"bones": {
				"body": {
					"rotation": [0, 0, 0],
					"position": ["0+math.sin(q.anim_time*90*2.5)*3", "25+math.sin(q.anim_time*90*4)*1", 7]
				},
				"arm_right2": {
					"rotation": [0, 20, "-57.5+math.sin(q.anim_time*90*4)*2"]
				},
				"hand_right": {
					"rotation": [0, -55, 0]
				},
				"arm_left2": {
					"rotation": [0, -20, "57.5-math.sin(q.anim_time*90*4)*2"]
				},
				"hand_left": {
					"rotation": [0, 55, 0]
				}
			}
		}
	}
}