{
	"format_version": "1.8.0",
	"animations": {
		"animation.pheromosa.ground_walk": {
			"loop": true,
			"animation_length": 2,
			"bones": {
				"head": {
					"rotation": ["20+math.sin(q.anim_time*90*8)*2", 0, 0]
				},
				"antenna_left": {
					"rotation": [-44.76528, 22.96829, -4.39479]
				},
				"antenna_left2": {
					"rotation": [-38.43432, 19.7426, 23.05787]
				},
				"antenna_left3": {
					"rotation": [-42.5, 0, 0]
				},
				"antenna_left4": {
					"rotation": [-30, 0, 0]
				},
				"antenna_left5": {
					"rotation": [-15, 0, 0]
				},
				"antenna_left6": {
					"rotation": [-12.5, 0, 0]
				},
				"antenna_right": {
					"rotation": [-52.26528, -22.96829, 4.39479]
				},
				"antenna_right2": {
					"rotation": [-38.43432, -19.7426, -23.05787]
				},
				"antenna_right3": {
					"rotation": [-42.5, 0, 0]
				},
				"antenna_right4": {
					"rotation": [-30, 0, 0]
				},
				"antenna_right5": {
					"rotation": [-15, 0, 0]
				},
				"antenna_right6": {
					"rotation": [-12.5, 0, 0]
				},
				"hair2": {
					"rotation": [22.5, 0, 0]
				},
				"hair3": {
					"rotation": [-15, 0, 0]
				},
				"hair4": {
					"rotation": [-17.5, 0, 0]
				},
				"hair5": {
					"rotation": [-15, 0, 0]
				},
				"neck": {
					"rotation": ["0.0244-math.sin(q.anim_time*90*8-90)*1", 12.49807, 0.22169]
				},
				"torso": {
					"rotation": ["-0.2413-math.sin(q.anim_time*90*8)*2", -17.43127, 1.57409]
				},
				"left_arm_rotation": {
					"rotation": [0, 0, 67.5]
				},
				"left_arm": {
					"rotation": [0, 7.5, 15]
				},
				"left_arm2": {
					"rotation": [-2.18558, -9.76061, 57.68664]
				},
				"left_hand": {
					"rotation": [0, 0, -17.5]
				},
				"left_finger": {
					"rotation": [0, 0, -32.5]
				},
				"left_finger2": {
					"rotation": [0, 0, -37.5]
				},
				"right_arm": {
					"rotation": ["0+math.sin(q.anim_time*90*4)*12", "0-math.sin(q.anim_time*90*4)*30", "-67.5+math.sin(q.anim_time*90*8-45)*2"]
				},
				"right_arm_rotation": {
					"rotation": [0, 0, 12.5]
				},
				"right_finger": {
					"rotation": [0, 0, -7.5]
				},
				"torso3": {
					"rotation": [0, 0, -5]
				},
				"abdomen": {
					"rotation": [0, 0, 2.5]
				},
				"right_leg": {
					"rotation": {
						"0.0": {
							"post": [2.64, -4.01, -9.99],
							"lerp_mode": "catmullrom"
						},
						"0.25": {
							"post": [15.08385, -1.29876, -7.38733],
							"lerp_mode": "catmullrom"
						},
						"0.5": {
							"post": [2.1153, 20.38198, 13.4154],
							"lerp_mode": "catmullrom"
						},
						"0.75": {
							"post": [-9.91615, -1.29876, -7.38733],
							"lerp_mode": "catmullrom"
						},
						"1.25": {
							"post": [15.08385, -1.29876, -7.38733],
							"lerp_mode": "catmullrom"
						},
						"1.5": {
							"post": [2.1153, 20.38198, 13.4154],
							"lerp_mode": "catmullrom"
						},
						"1.75": {
							"post": [-9.91615, -1.29876, -7.38733],
							"lerp_mode": "catmullrom"
						},
						"2.0": {
							"post": [2.64, -4.01, -9.99],
							"lerp_mode": "catmullrom"
						}
					},
					"position": ["-0.5-math.cos(q.anim_time*90*4)*0.5", "math.clamp(-math.cos(q.anim_time*90*4)*2,0,2)", "math.sin(q.anim_time*90*4)*1"]
				},
				"right_leg2": {
					"rotation": [0, 0, -7.5]
				},
				"right_leg4": {
					"rotation": [0, 0, -2.5]
				},
				"bone": {
					"rotation": [0, 0, 5]
				},
				"left_leg2": {
					"rotation": [-5, 0, 0]
				},
				"left_leg3": {
					"rotation": [7.5, 0, 0]
				},
				"body": {
					"rotation": [2.5, 0, "math.sin(q.anim_time*90*8)*0.5"],
					"position": [0, "0-(8/11+(8*0.1))+math.abs(math.sin(((query.anim_time)-(1.1/8))*90*4)*(4/11+(4*0.1)))", "0.5+math.sin(q.anim_time*90*8)*0.5"]
				},
				"left_leg": {
					"rotation": {
						"0.0": {
							"post": [2.1153, -20.38198, -13.4154],
							"lerp_mode": "catmullrom"
						},
						"0.25": {
							"post": [-9.91615, 1.29876, 7.38733],
							"lerp_mode": "catmullrom"
						},
						"0.5": {
							"post": [2.46492, 4.12025, 7.48385],
							"lerp_mode": "catmullrom"
						},
						"0.75": {
							"post": [15.08385, 1.29876, 7.38733],
							"lerp_mode": "catmullrom"
						},
						"1.0": {
							"post": [2.1153, -20.38198, -13.4154],
							"lerp_mode": "catmullrom"
						},
						"1.25": {
							"post": [-9.91615, 1.29876, 7.38733],
							"lerp_mode": "catmullrom"
						},
						"1.5": {
							"post": [2.46492, 4.12025, 7.48385],
							"lerp_mode": "catmullrom"
						},
						"1.75": {
							"post": [15.08385, 1.29876, 7.38733],
							"lerp_mode": "catmullrom"
						},
						"2.0": {
							"post": [2.1153, -20.38198, -13.4154],
							"lerp_mode": "catmullrom"
						}
					},
					"position": ["0.5-math.cos(q.anim_time*90*4)*0.5", "math.clamp(math.cos(q.anim_time*90*4)*2,0,2)", "-math.sin(q.anim_time*90*4)*1"]
				}
			}
		},
		"animation.pheromosa.ground_idle": {
			"loop": true,
			"bones": {
				"head": {
					"rotation": [12.97532, 19.82169, 2.71994]
				},
				"antenna_left": {
					"rotation": [-44.76528, 22.96829, -4.39479]
				},
				"antenna_left2": {
					"rotation": ["-38.4343+math.sin(q.anim_time*90*1-60)*3", 19.7426, 23.05787]
				},
				"antenna_left3": {
					"rotation": [-42.5, 0, 0]
				},
				"antenna_left4": {
					"rotation": ["-30+math.sin(q.anim_time*90*1-120)*6", 0, 0]
				},
				"antenna_left5": {
					"rotation": ["-15+math.sin(q.anim_time*90*1-180)*9", 0, 0]
				},
				"antenna_left6": {
					"rotation": [-12.5, 0, 0]
				},
				"antenna_right": {
					"rotation": [-52.26528, -22.96829, 4.39479]
				},
				"antenna_right2": {
					"rotation": ["-38.4343+math.sin(q.anim_time*90*1-60)*3", -19.7426, -23.05787]
				},
				"antenna_right3": {
					"rotation": [-42.5, 0, 0]
				},
				"antenna_right4": {
					"rotation": ["-30+math.sin(q.anim_time*90*1-120)*6", 0, 0]
				},
				"antenna_right5": {
					"rotation": ["-15+math.sin(q.anim_time*90*1-180)*9", 0, 0]
				},
				"antenna_right6": {
					"rotation": [-12.5, 0, 0]
				},
				"hair2": {
					"rotation": [22.5, 0, 0]
				},
				"hair3": {
					"rotation": [-15, 0, 0]
				},
				"hair4": {
					"rotation": [-17.5, 0, 0]
				},
				"hair5": {
					"rotation": [-15, 0, 0]
				},
				"neck": {
					"rotation": [0, 10, 0]
				},
				"torso": {
					"rotation": [0, -27.5, 0]
				},
				"left_arm_rotation": {
					"rotation": [0, 0, 67.5]
				},
				"left_arm": {
					"rotation": [0, 7.5, 15]
				},
				"left_arm2": {
					"rotation": [-2.18558, -9.76061, 57.68664]
				},
				"left_hand": {
					"rotation": [0, 0, -17.5]
				},
				"left_finger": {
					"rotation": [0, 0, -32.5]
				},
				"left_finger2": {
					"rotation": [0, 0, -37.5]
				},
				"right_arm": {
					"rotation": [0, 0, -67.5]
				},
				"right_arm_rotation": {
					"rotation": [0, 0, 12.5]
				},
				"right_finger": {
					"rotation": [0, 0, -7.5]
				},
				"torso3": {
					"rotation": [0, 0, -5]
				},
				"abdomen": {
					"rotation": [0, 0, 2.5]
				},
				"right_leg": {
					"rotation": [5, 0, 0]
				},
				"right_leg2": {
					"rotation": [0, 0, -7.5]
				},
				"right_leg4": {
					"rotation": [0, 0, -2.5]
				},
				"bone": {
					"rotation": [0, 0, 5]
				},
				"left_leg2": {
					"rotation": [-5, 0, 0]
				},
				"left_leg3": {
					"rotation": [7.5, 0, 0]
				},
				"body": {
					"rotation": [0, 0, 0],
					"position": [0, "0+math.sin(q.anim_time*90*1)*0.7", 0]
				}
			}
		},
		"animation.pheromosa.wave": {
			"animation_length": 2.5,
			"bones": {
				"head": {
					"rotation": [12.97532, 19.82169, 2.71994]
				},
				"antenna_left": {
					"rotation": [-44.76528, 22.96829, -4.39479]
				},
				"antenna_left2": {
					"rotation": ["-38.4343+math.sin(q.anim_time*90*1-60)*3", 19.7426, 23.05787]
				},
				"antenna_left3": {
					"rotation": [-42.5, 0, 0]
				},
				"antenna_left4": {
					"rotation": ["-30+math.sin(q.anim_time*90*1-120)*6", 0, 0]
				},
				"antenna_left5": {
					"rotation": ["-15+math.sin(q.anim_time*90*1-180)*9", 0, 0]
				},
				"antenna_left6": {
					"rotation": [-12.5, 0, 0]
				},
				"antenna_right": {
					"rotation": [-52.26528, -22.96829, 4.39479]
				},
				"antenna_right2": {
					"rotation": ["-38.4343+math.sin(q.anim_time*90*1-60)*3", -19.7426, -23.05787]
				},
				"antenna_right3": {
					"rotation": [-42.5, 0, 0]
				},
				"antenna_right4": {
					"rotation": ["-30+math.sin(q.anim_time*90*1-120)*6", 0, 0]
				},
				"antenna_right5": {
					"rotation": ["-15+math.sin(q.anim_time*90*1-180)*9", 0, 0]
				},
				"antenna_right6": {
					"rotation": [-12.5, 0, 0]
				},
				"hair2": {
					"rotation": [22.5, 0, 0]
				},
				"hair3": {
					"rotation": [-15, 0, 0]
				},
				"hair4": {
					"rotation": [-17.5, 0, 0]
				},
				"hair5": {
					"rotation": [-15, 0, 0]
				},
				"neck": {
					"rotation": [0, 10, 0]
				},
				"torso": {
					"rotation": {
						"0.0": {
							"post": [0, -27.5, 0],
							"lerp_mode": "catmullrom"
						},
						"0.8333": {
							"post": [2.59775, -27.38656, -5.63304],
							"lerp_mode": "catmullrom"
						},
						"1.5417": {
							"post": [2.59775, -27.38656, -5.63304],
							"lerp_mode": "catmullrom"
						},
						"2.0417": {
							"post": [0, -27.5, 0],
							"lerp_mode": "catmullrom"
						}
					}
				},
				"left_arm_rotation": {
					"rotation": [0, 0, 67.5]
				},
				"left_arm": {
					"rotation": [0, 7.5, 15]
				},
				"left_arm2": {
					"rotation": [-2.18558, -9.76061, 57.68664]
				},
				"left_hand": {
					"rotation": [0, 0, -17.5]
				},
				"left_finger": {
					"rotation": [0, 0, -32.5]
				},
				"left_finger2": {
					"rotation": [0, 0, -37.5]
				},
				"right_arm": {
					"rotation": {
						"0.0": {
							"post": [0, 0, -67.5],
							"lerp_mode": "catmullrom"
						},
						"0.25": {
							"post": [0, 0, -45],
							"lerp_mode": "catmullrom"
						},
						"0.75": [0, 0, -20],
						"1.9583": {
							"pre": [0, 0, -20],
							"post": [0, 0, -20],
							"lerp_mode": "catmullrom"
						},
						"2.4583": {
							"post": [0, 0, -67.5],
							"lerp_mode": "catmullrom"
						}
					}
				},
				"right_arm_rotation": {
					"rotation": [0, 0, 12.5]
				},
				"right_finger": {
					"rotation": [0, 0, -7.5]
				},
				"torso3": {
					"rotation": [0, 0, -5]
				},
				"abdomen": {
					"rotation": [0, 0, 2.5]
				},
				"right_leg": {
					"rotation": [5, 0, 0]
				},
				"right_leg2": {
					"rotation": [0, 0, -7.5]
				},
				"right_leg4": {
					"rotation": [0, 0, -2.5]
				},
				"bone": {
					"rotation": [0, 0, 5]
				},
				"left_leg2": {
					"rotation": [-5, 0, 0]
				},
				"left_leg3": {
					"rotation": [7.5, 0, 0]
				},
				"body": {
					"rotation": [0, 0, 0],
					"position": [0, "0+math.sin(q.anim_time*90*1)*0.7", 0]
				},
				"right_arm2": {
					"rotation": {
						"0.0": {
							"post": [0, 0, 0],
							"lerp_mode": "catmullrom"
						},
						"0.75": {
							"post": [0, 0, 57.5],
							"lerp_mode": "catmullrom"
						},
						"1.0": {
							"post": [0, 0, 107.5],
							"lerp_mode": "catmullrom"
						},
						"1.25": {
							"post": [0, 0, 80],
							"lerp_mode": "catmullrom"
						},
						"1.5": {
							"post": [0, 0, 112.5],
							"lerp_mode": "catmullrom"
						},
						"1.75": {
							"post": [0, 0, 65],
							"lerp_mode": "catmullrom"
						},
						"2.4583": [0, 0, 0]
					}
				}
			}
		},
		"animation.pheromosa.blink": {
			"animation_length": 0.20833,
			"bones": {
				"eye_left": {
					"position": {
						"0.0": [0.1, 0, 0.2],
						"0.125": [0.1, 0, 0.2],
						"0.1667": [0, 0, 0]
					}
				},
				"eye_right": {
					"position": {
						"0.0": [0.1, 0, 0.2],
						"0.125": [0.1, 0, 0.2],
						"0.1667": [0, 0, 0]
					}
				}
			}
		}
	}
}