{
	"format_version": "1.8.0",
	"animations": {
		"animation.sceptile_mega.ground_idle": {
			"loop": true,
			"bones": {
				"finger_left": {
					"rotation": [0, 0, 12.5]
				},
				"finger_left2": {
					"rotation": [0, 0, 12.5]
				},
				"arm_left": {
					"rotation": [0, 0, 45]
				},
				"arm_left2": {
					"rotation": [0, 50, 0]
				},
				"hand_left": {
					"rotation": [0, 0, 27.5]
				},
				"finger_left3": {
					"rotation": [0, 0, 12.5]
				},
				"finger_left4": {
					"rotation": [0, 0, 27.5]
				},
				"arm_right": {
					"rotation": [0, 0, -45]
				},
				"arm_right2": {
					"rotation": [0, -50, 0]
				},
				"hand_right": {
					"rotation": [0, 0, -27.5]
				},
				"finger_right": {
					"rotation": [0, 0, -12.5]
				},
				"finger_right2": {
					"rotation": [0, 0, -12.5]
				},
				"finger_right3": {
					"rotation": [0, 0, -12.5]
				},
				"finger_right4": {
					"rotation": [0, 0, -27.5]
				},
				"tail_left": {
					"rotation": [12.5, 7.5, 0]
				},
				"tail_left2": {
					"rotation": [-12.5, 0, 0]
				},
				"tail_right": {
					"rotation": [12.5, -7.5, 0]
				},
				"tail_right2": {
					"rotation": [-12.5, 0, 0]
				},
				"torso2": {
					"rotation": [7.5, 0, 0]
				},
				"neck": {
					"rotation": [5, 0, 0]
				},
				"tail": {
					"rotation": [2.5, 0, 0]
				},
				"tail2": {
					"rotation": [5, 0, 0]
				},
				"tail3": {
					"rotation": [5, 0, 0]
				},
				"tail4": {
					"rotation": [2.5, 0, 0]
				},
				"leg_left": {
					"rotation": [0, -15, 0]
				},
				"leg_right": {
					"rotation": [0, 15, 0]
				},
				"head": {
					"rotation": [0, 0, 0]
				},
				"jaw": {
					"rotation": [7.5, 0, 0]
				},
				"torso": {
					"rotation": [5, 0, 0]
				},
				"tail_base": {
					"rotation": [-17.5, 0, 0]
				},
				"tail_base2": {
					"rotation": [5, 0, 0]
				},
				"tail_base3": {
					"rotation": [7.5, 0, 0]
				}
			}
		},
		"animation.sceptile_mega.cry": {
			"animation_length": 1.5,
			"bones": {
				"neck": {
					"rotation": {
						"0.0": [0, 0, 0],
						"0.25": [10, 0, 0],
						"1.25": [10, 0, 0],
						"1.5": [0, 0, 0]
					}
				},
				"head": {
					"rotation": {
						"0.0": [0, 0, 0],
						"0.25": [-15, 0, 0],
						"1.25": [-15, 0, 0],
						"1.5": [0, 0, 0]
					},
					"position": [0, 0, 0]
				},
				"jaw": {
					"rotation": {
						"0.0": [0, 0, 0],
						"0.25": [25, 0, 0],
						"1.25": [25, 0, 0],
						"1.5": [0, 0, 0]
					}
				}
			}
		},
		"animation.sceptile_mega.blink": {
			"animation_length": 0.1667,
			"bones": {
				"eyelid_right": {
					"position": {
						"0.0": [-0.12, 0, 0],
						"0.125": [-0.12, 0, 0],
						"0.1667": [0, 0, 0]
					}
				},
				"eyelid_left": {
					"position": {
						"0.0": [0.12, 0, 0],
						"0.125": [0.12, 0, 0],
						"0.1667": [0, 0, 0]
					}
				}
			}
		}
	}
}