{
	"format_version": "1.8.0",
	"animations": {
		"animation.suicune.ground_idle": {
			"loop": true,
			"bones": {
				"body": {
					"position": [0, -0.8, 0]
				},
				"torso": {
					"rotation": [7.5, "math.sin(query.anim_time *180) * -0.2", 0]
				},
				"waist": {
					"rotation": [-10, 0, 0]
				},
				"hips": {
					"rotation": ["math.sin(query.anim_time *180) * -0.2", 0, 0]
				},
				"leg_back_right": {
					"rotation": [22.62032, -4.27565, 10.14447]
				},
				"leg_back_right2": {
					"rotation": [-11.62253, 0.82985, -5.81557]
				},
				"leg_back_right3": {
					"rotation": [-9.99717, -1.67874, -3.766]
				},
				"foot_back_right": {
					"rotation": [0, 18, 0]
				},
				"tail_right": {
					"rotation": [0, "-14.7821-1*math.clamp(math.sin(q.anim_time*70*3/2)*1+1,0,1)+1*math.clamp(-math.sin(q.anim_time*70*3/2)*1+1,0,1)", 0]
				},
				"tail_right2": {
					"rotation": [0, "-27.7821-1*math.clamp(math.sin(q.anim_time*90*3/2)*1+1,0,1)+1*math.clamp(-math.sin(q.anim_time*90*3/2)*1+1,0,1)", 0]
				},
				"tail_right3": {
					"rotation": [0, "-48.7821-4*math.clamp(math.sin(q.anim_time*110*3/2)*1+1,0,1)+4*math.clamp(-math.sin(q.anim_time*110*3/2)*1+1,0,1)", 0]
				},
				"tail_right4": {
					"rotation": [30.81393, "-28.6886-1*math.clamp(math.sin(q.anim_time*90*3/2)*1+1,0,1)+1*math.clamp(-math.sin(q.anim_time*90*3/2)*1+1,0,1)", -1.70752]
				},
				"tail_right5": {
					"rotation": [57.2401, "7.0514-3*math.clamp(math.sin(q.anim_time*100*3/2)*1+1,0,1)+3*math.clamp(-math.sin(q.anim_time*100*3/2)*1+1,0,1)", -2.32418]
				},
				"tail_right6": {
					"rotation": [19.0412, "-11.9922-1*math.clamp(math.sin(q.anim_time*90*3/2)*1+1,0,1)+1*math.clamp(-math.sin(q.anim_time*90*3/2)*1+1,0,1)", -8.79715]
				},
				"tail_right7": {
					"rotation": [8.75071, "-31.9782-1.5*math.clamp(math.sin(q.anim_time*90*3/2)*1+1,0,1)+1.5*math.clamp(-math.sin(q.anim_time*90*3/2)*1+1,0,1)", -5.64202]
				},
				"tail_right8": {
					"rotation": [-20.24523, "-19.8064-2*math.clamp(math.sin(q.anim_time*90*3/2)*1+1,0,1)+2*math.clamp(-math.sin(q.anim_time*90*3/2)*1+1,0,1)", 7.12354]
				},
				"tail_right9": {
					"rotation": [-23.51711, "-32.4568-3*math.clamp(math.sin(q.anim_time*100*3/2)*1+1,0,1)+3*math.clamp(-math.sin(q.anim_time*100*3/2)*1+1,0,1)", 3.10146]
				},
				"tail_right10": {
					"rotation": [-22.43016, -43.74689, 15.93038]
				},
				"tail_right11": {
					"rotation": [17.19212, "-28.8791-4*math.clamp(math.sin(q.anim_time*110*3/2)*1+1,0,1)+4*math.clamp(-math.sin(q.anim_time*110*3/2)*1+1,0,1)", -8.49878]
				},
				"tail_right12": {
					"rotation": [18.54606, -11.2796, -9.84496]
				},
				"tail_right13": {
					"rotation": [0, "30-5*math.clamp(math.sin(q.anim_time*120*3/2)*1+1,0,1)+5*math.clamp(-math.sin(q.anim_time*120*3/2)*1+1,0,1)", 0]
				},
				"tail_right14": {
					"rotation": [0, 42, 0]
				},
				"tail_right15": {
					"rotation": [0, "55-6*math.clamp(math.sin(q.anim_time*130*3/2)*1+1,0,1)+6*math.clamp(-math.sin(q.anim_time*130*3/2)*1+1,0,1)", 0]
				},
				"tail_right16": {
					"rotation": [0, -20, 0]
				},
				"tail_right17": {
					"rotation": [0, "-4755-7*math.clamp(math.sin(q.anim_time*140*3/2)*1+1,0,1)+7*math.clamp(-math.sin(q.anim_time*140*3/2)*1+1,0,1)", 0]
				},
				"tail_right18": {
					"rotation": [0, -47, 0]
				},
				"neck": {
					"rotation": ["0-1*math.clamp(math.sin(q.anim_time*70*3/2)*1+1,0,1)+1*math.clamp(-math.sin(q.anim_time*70*3/2)*1+1,0,1)", 0, 0]
				},
				"head": {
					"rotation": [
						"5-2*math.clamp(math.sin(q.anim_time*90*3/2)*1+1,0,1)+2*math.clamp(-math.sin(q.anim_time*90*3/2)*1+1,0,1)",
						0,
						"math.sin(query.anim_time *180) * -0.5"
					]
				},
				"jaw": {
					"rotation": ["25-8*math.clamp(math.sin(q.anim_time*-100*3/2)*1+1,0,1)+8*math.clamp(-math.sin(q.anim_time*-100*3/2)*1+1,0,1)", 0, 0]
				},
				"hair_middle2": {
					"rotation": [10.7821, 0, 0]
				},
				"hair_middle3": {
					"rotation": [-20.0497, 0, 0]
				},
				"hair_middle4": {
					"rotation": [15.6657, 0, 0]
				},
				"hair_middle5": {
					"rotation": [-20, 0, 0]
				},
				"hair_middle6": {
					"rotation": [-30, 0, 0]
				},
				"hair_right": {
					"rotation": [-14.7821, 2.57593, 9.6658]
				},
				"hair_right2": {
					"rotation": [20.0497, 8.02922, -4.52619]
				},
				"hair_right3": {
					"rotation": [-24.6657, -4.20855, -9.07946]
				},
				"hair_right4": {
					"rotation": [30, 0, 0]
				},
				"hair_right5": {
					"rotation": [30, 0, 0]
				},
				"leg_front_right": {
					"rotation": ["-23.6322-0.3*math.clamp(math.sin(q.anim_time*-90*3/2)*1+1,0,1)+0.3*math.clamp(-math.sin(q.anim_time*-90*3/2)*1+1,0,1)", -3.33774, 9.92865],
					"position": [0, -1.1, -0.5]
				},
				"leg_front_right2": {
					"rotation": [-5.53476, -3.72624, -7.99742],
					"position": [0, 0, 0]
				},
				"foot_front_right": {
					"rotation": [23.3469, 25.88837, 6.74265],
					"position": [0, 0.9, 0.1]
				},
				"hair": {
					"rotation": [-10, 0, 0]
				},
				"hair_left": {
					"rotation": [-14.7821, -2.57593, -9.6658]
				},
				"hair_left2": {
					"rotation": [20.0497, -8.02922, 4.52619]
				},
				"hair_left3": {
					"rotation": [-24.6657, 4.20855, 9.07946]
				},
				"hair_left4": {
					"rotation": [30, 0, 0]
				},
				"hair_left5": {
					"rotation": [30, 0, 0]
				},
				"tail_left": {
					"rotation": [0, "14.7821-1*math.clamp(math.sin(q.anim_time*-70*3/2)*1+1,0,1)+1*math.clamp(-math.sin(q.anim_time*-70*3/2)*1+1,0,1)", 0]
				},
				"tail_left2": {
					"rotation": [0, "27.7821-1*math.clamp(math.sin(q.anim_time*-90*3/2)*1+1,0,1)+1*math.clamp(-math.sin(q.anim_time*-90*3/2)*1+1,0,1)", 0]
				},
				"tail_left3": {
					"rotation": [0, "48.7821-4*math.clamp(math.sin(q.anim_time*-110*3/2)*1+1,0,1)+4*math.clamp(-math.sin(q.anim_time*-110*3/2)*1+1,0,1)", 0]
				},
				"tail_left4": {
					"rotation": [30.81393, "28.6886-1*math.clamp(math.sin(q.anim_time*-90*3/2)*1+1,0,1)+1*math.clamp(-math.sin(q.anim_time*-90*3/2)*1+1,0,1)", 1.70752]
				},
				"tail_left5": {
					"rotation": [57.2401, "-7.0514-3*math.clamp(math.sin(q.anim_time*-100*3/2)*1+1,0,1)+3*math.clamp(-math.sin(q.anim_time*-100*3/2)*1+1,0,1)", 2.32418]
				},
				"tail_left6": {
					"rotation": [19.0412, "11.9922-1*math.clamp(math.sin(q.anim_time*-90*3/2)*1+1,0,1)+1*math.clamp(-math.sin(q.anim_time*-90*3/2)*1+1,0,1)", 8.79715]
				},
				"tail_left7": {
					"rotation": [8.75071, "31.9782-1.5*math.clamp(math.sin(q.anim_time*-90*3/2)*1+1,0,1)+1.5*math.clamp(-math.sin(q.anim_time*-90*3/2)*1+1,0,1)", 5.64202]
				},
				"tail_left8": {
					"rotation": [-20.24523, "19.8064-2*math.clamp(math.sin(q.anim_time*-90*3/2)*1+1,0,1)+2*math.clamp(-math.sin(q.anim_time*-90*3/2)*1+1,0,1)", -7.12354]
				},
				"tail_left9": {
					"rotation": [-23.51711, "32.4568-3*math.clamp(math.sin(q.anim_time*-100*3/2)*1+1,0,1)+3*math.clamp(-math.sin(q.anim_time*-100*3/2)*1+1,0,1)", -3.10146]
				},
				"tail_left10": {
					"rotation": [-22.43016, 43.74689, -15.93038]
				},
				"tail_left11": {
					"rotation": [17.19212, "28.8791-4*math.clamp(math.sin(q.anim_time*-110*3/2)*1+1,0,1)+4*math.clamp(-math.sin(q.anim_time*-110*3/2)*1+1,0,1)", 8.49878]
				},
				"tail_left12": {
					"rotation": [18.54606, 11.2796, 9.84496]
				},
				"tail_left13": {
					"rotation": [0, "-30-5*math.clamp(math.sin(q.anim_time*-120*3/2)*1+1,0,1)+5*math.clamp(-math.sin(q.anim_time*-120*3/2)*1+1,0,1)", 0]
				},
				"tail_left14": {
					"rotation": [0, -42, 0]
				},
				"tail_left15": {
					"rotation": [0, "-55-6*math.clamp(math.sin(q.anim_time*-130*3/2)*1+1,0,1)+6*math.clamp(-math.sin(q.anim_time*-130*3/2)*1+1,0,1)", 0]
				},
				"tail_left16": {
					"rotation": [0, 20, 0]
				},
				"tail_left17": {
					"rotation": [0, "4755-7*math.clamp(math.sin(q.anim_time*-140*3/2)*1+1,0,1)+7*math.clamp(-math.sin(q.anim_time*-140*3/2)*1+1,0,1)", 0]
				},
				"tail_left18": {
					"rotation": [0, 47, 0]
				},
				"leg_front_right3": {
					"rotation": ["-23.6322-0.3*math.clamp(math.sin(q.anim_time*-90*3/2)*1+1,0,1)+0.3*math.clamp(-math.sin(q.anim_time*-90*3/2)*1+1,0,1)", 3.3377, -9.9286],
					"position": [0, -1.1, -0.5]
				},
				"leg_front_right4": {
					"rotation": [-5.53476, 3.7262, 7.9974],
					"position": [0, 0, 0]
				},
				"foot_front_right2": {
					"rotation": [23.3469, -25.8884, -6.7426],
					"position": [0, 0.9, 0.1]
				},
				"leg_back_right4": {
					"rotation": [22.62032, 4.2757, -10.1445]
				},
				"leg_back_right5": {
					"rotation": [-11.62253, 0.82985, 5.8156]
				},
				"leg_back_right6": {
					"rotation": [-9.99717, 1.6787, 3.766]
				},
				"foot_back_right2": {
					"rotation": [0, -18, 0]
				}
			}
		},
		"animation.suicune.ground_walk": {
			"loop": true,
			"bones": {
				"body": {
					"rotation": ["-2.5*math.sin(q.anim_time*90*4*2+45)*6", "-0.5*math.sin(q.anim_time*90*4*2+45)*6", 0],
					"position": [
						0,
						"-0.8+math.clamp(math.sin(q.anim_time*90*4)*1.1,0.4,1.1)+math.clamp(math.sin(q.anim_time*90*4+180)*1.1,0.4,1.1)",
						"math.sin(q.anim_time*90*4*2-33)*1"
					]
				},
				"torso": {
					"rotation": [7.5, "math.sin(query.anim_time *180) * -0.2", 0]
				},
				"waist": {
					"rotation": [-10, 0, 0]
				},
				"hips": {
					"rotation": ["math.sin(query.anim_time *180) * -0.2", 0, 0]
				},
				"leg_back_right": {
					"rotation": ["22.6203+math.clamp(25*(math.sin(q.anim_time*90*4*2-50)*1+1),-0,48)+5*math.sin(q.anim_time*90*4*2-50)", -4.27565, 10.14447],
					"position": [0, "math.clamp(math.sin(q.anim_time*90*4-130)*1,0.5,1)-math.clamp(math.sin(q.anim_time*90*4-40)*1,0.75,1)+0.25", 0]
				},
				"leg_back_right2": {
					"rotation": [
						"-11.6225+math.clamp(math.sin(q.anim_time*90*4*2)*10,0,10)+math.clamp(math.sin(q.anim_time*90*4*2-95)*20,0,45)-math.clamp(math.sin(q.anim_time*90*4*2+180)*50,0,45)",
						0.82985,
						-5.81557
					],
					"position": [0, "math.clamp(math.sin(q.anim_time*90*4-130)*1,0.5,1)-math.clamp(math.sin(q.anim_time*90*4-40)*1,0.75,1)+0.25", 0]
				},
				"leg_back_right3": {
					"rotation": [-9.99717, -1.67874, -3.766]
				},
				"foot_back_right": {
					"rotation": [0, 18, 0]
				},
				"tail_right": {
					"rotation": [0, "-14.7821-1*math.clamp(math.sin(q.anim_time*70*3/2)*1+1,0,1)+1*math.clamp(-math.sin(q.anim_time*70*3/2)*1+1,0,1)", 0]
				},
				"tail_right2": {
					"rotation": [0, "-27.7821-1*math.clamp(math.sin(q.anim_time*90*3/2)*1+1,0,1)+1*math.clamp(-math.sin(q.anim_time*90*3/2)*1+1,0,1)", 0]
				},
				"tail_right3": {
					"rotation": [0, "-48.7821-4*math.clamp(math.sin(q.anim_time*110*3/2)*1+1,0,1)+4*math.clamp(-math.sin(q.anim_time*110*3/2)*1+1,0,1)", 0]
				},
				"tail_right4": {
					"rotation": [30.81393, "-28.6886-1*math.clamp(math.sin(q.anim_time*90*3/2)*1+1,0,1)+1*math.clamp(-math.sin(q.anim_time*90*3/2)*1+1,0,1)", -1.70752]
				},
				"tail_right5": {
					"rotation": [57.2401, "7.0514-3*math.clamp(math.sin(q.anim_time*100*3/2)*1+1,0,1)+3*math.clamp(-math.sin(q.anim_time*100*3/2)*1+1,0,1)", -2.32418]
				},
				"tail_right6": {
					"rotation": [19.0412, "-11.9922-1*math.clamp(math.sin(q.anim_time*90*3/2)*1+1,0,1)+1*math.clamp(-math.sin(q.anim_time*90*3/2)*1+1,0,1)", -8.79715]
				},
				"tail_right7": {
					"rotation": [8.75071, "-31.9782-1.5*math.clamp(math.sin(q.anim_time*90*3/2)*1+1,0,1)+1.5*math.clamp(-math.sin(q.anim_time*90*3/2)*1+1,0,1)", -5.64202]
				},
				"tail_right8": {
					"rotation": [-20.24523, "-19.8064-2*math.clamp(math.sin(q.anim_time*90*3/2)*1+1,0,1)+2*math.clamp(-math.sin(q.anim_time*90*3/2)*1+1,0,1)", 7.12354]
				},
				"tail_right9": {
					"rotation": [-23.51711, "-32.4568-3*math.clamp(math.sin(q.anim_time*100*3/2)*1+1,0,1)+3*math.clamp(-math.sin(q.anim_time*100*3/2)*1+1,0,1)", 3.10146]
				},
				"tail_right10": {
					"rotation": [-22.43016, -43.74689, 15.93038]
				},
				"tail_right11": {
					"rotation": [17.19212, "-28.8791-4*math.clamp(math.sin(q.anim_time*110*3/2)*1+1,0,1)+4*math.clamp(-math.sin(q.anim_time*110*3/2)*1+1,0,1)", -8.49878]
				},
				"tail_right12": {
					"rotation": [18.54606, -11.2796, -9.84496]
				},
				"tail_right13": {
					"rotation": [0, "30-5*math.clamp(math.sin(q.anim_time*120*3/2)*1+1,0,1)+5*math.clamp(-math.sin(q.anim_time*120*3/2)*1+1,0,1)", 0]
				},
				"tail_right14": {
					"rotation": [0, 42, 0]
				},
				"tail_right15": {
					"rotation": [0, "55-6*math.clamp(math.sin(q.anim_time*130*3/2)*1+1,0,1)+6*math.clamp(-math.sin(q.anim_time*130*3/2)*1+1,0,1)", 0]
				},
				"tail_right16": {
					"rotation": [0, -20, 0]
				},
				"tail_right17": {
					"rotation": [0, "-4755-7*math.clamp(math.sin(q.anim_time*140*3/2)*1+1,0,1)+7*math.clamp(-math.sin(q.anim_time*140*3/2)*1+1,0,1)", 0]
				},
				"tail_right18": {
					"rotation": [0, -47, 0]
				},
				"neck": {
					"rotation": ["0-1*math.clamp(math.sin(q.anim_time*70*3/2)*1+1,0,1)+1*math.clamp(-math.sin(q.anim_time*70*3/2)*1+1,0,1)", 0, 0]
				},
				"head": {
					"rotation": ["5+math.sin(q.anim_time*90*4*2+45)*6+math.sin(q.anim_time*90*4*2-45)*4", 0, 0]
				},
				"jaw": {
					"rotation": ["25-8*math.clamp(math.sin(q.anim_time*-100*3/2)*1+1,0,1)+8*math.clamp(-math.sin(q.anim_time*-100*3/2)*1+1,0,1)", 0, 0]
				},
				"hair_middle2": {
					"rotation": [10.7821, 0, 0]
				},
				"hair_middle3": {
					"rotation": [-20.0497, 0, 0]
				},
				"hair_middle4": {
					"rotation": [15.6657, 0, 0]
				},
				"hair_middle5": {
					"rotation": [-20, 0, 0]
				},
				"hair_middle6": {
					"rotation": [-30, 0, 0]
				},
				"hair_right": {
					"rotation": [-14.7821, 2.57593, 9.6658]
				},
				"hair_right2": {
					"rotation": [20.0497, 8.02922, -4.52619]
				},
				"hair_right3": {
					"rotation": [-24.6657, -4.20855, -9.07946]
				},
				"hair_right4": {
					"rotation": [30, 0, 0]
				},
				"hair_right5": {
					"rotation": [30, 0, 0]
				},
				"leg_front_right": {
					"rotation": ["-23.6322-math.clamp(25*(math.sin(q.anim_time*90*4*2-90)*1+1),-0,60)", -3.33774, 9.92865],
					"position": [
						0,
						"-1.1+0.2*(math.clamp(math.sin(q.anim_time*90*4*2-155)*1.6,1,1.6)-0.2)+0.5*(math.clamp(math.sin(q.anim_time*90*4*2-75)*1.8,1,1.8)-1)-0.2*(math.clamp(math.sin(q.anim_time*90*4*2)*1.4,1,1.4)+1)",
						-0.5
					]
				},
				"leg_front_right2": {
					"rotation": ["-5.5348-10*math.sin(q.anim_time*90*4*2)", -3.72624, -7.99742],
					"position": [0, 0, 0]
				},
				"foot_front_right": {
					"rotation": ["23.3469-15*math.sin(q.anim_time*90*4*2)", 25.88837, 6.74265],
					"position": [0, 0.9, 0.1]
				},
				"hair": {
					"rotation": [-10, 0, 0]
				},
				"hair_left": {
					"rotation": [-14.7821, -2.57593, -9.6658]
				},
				"hair_left2": {
					"rotation": [20.0497, -8.02922, 4.52619]
				},
				"hair_left3": {
					"rotation": [-24.6657, 4.20855, 9.07946]
				},
				"hair_left4": {
					"rotation": [30, 0, 0]
				},
				"hair_left5": {
					"rotation": [30, 0, 0]
				},
				"tail_left": {
					"rotation": [0, "14.7821-1*math.clamp(math.sin(q.anim_time*-70*3/2)*1+1,0,1)+1*math.clamp(-math.sin(q.anim_time*-70*3/2)*1+1,0,1)", 0]
				},
				"tail_left2": {
					"rotation": [0, "27.7821-1*math.clamp(math.sin(q.anim_time*-90*3/2)*1+1,0,1)+1*math.clamp(-math.sin(q.anim_time*-90*3/2)*1+1,0,1)", 0]
				},
				"tail_left3": {
					"rotation": [0, "48.7821-4*math.clamp(math.sin(q.anim_time*-110*3/2)*1+1,0,1)+4*math.clamp(-math.sin(q.anim_time*-110*3/2)*1+1,0,1)", 0]
				},
				"tail_left4": {
					"rotation": [30.81393, "28.6886-1*math.clamp(math.sin(q.anim_time*-90*3/2)*1+1,0,1)+1*math.clamp(-math.sin(q.anim_time*-90*3/2)*1+1,0,1)", 1.70752]
				},
				"tail_left5": {
					"rotation": [57.2401, "-7.0514-3*math.clamp(math.sin(q.anim_time*-100*3/2)*1+1,0,1)+3*math.clamp(-math.sin(q.anim_time*-100*3/2)*1+1,0,1)", 2.32418]
				},
				"tail_left6": {
					"rotation": [19.0412, "11.9922-1*math.clamp(math.sin(q.anim_time*-90*3/2)*1+1,0,1)+1*math.clamp(-math.sin(q.anim_time*-90*3/2)*1+1,0,1)", 8.79715]
				},
				"tail_left7": {
					"rotation": [8.75071, "31.9782-1.5*math.clamp(math.sin(q.anim_time*-90*3/2)*1+1,0,1)+1.5*math.clamp(-math.sin(q.anim_time*-90*3/2)*1+1,0,1)", 5.64202]
				},
				"tail_left8": {
					"rotation": [-20.24523, "19.8064-2*math.clamp(math.sin(q.anim_time*-90*3/2)*1+1,0,1)+2*math.clamp(-math.sin(q.anim_time*-90*3/2)*1+1,0,1)", -7.12354]
				},
				"tail_left9": {
					"rotation": [-23.51711, "32.4568-3*math.clamp(math.sin(q.anim_time*-100*3/2)*1+1,0,1)+3*math.clamp(-math.sin(q.anim_time*-100*3/2)*1+1,0,1)", -3.10146]
				},
				"tail_left10": {
					"rotation": [-22.43016, 43.74689, -15.93038]
				},
				"tail_left11": {
					"rotation": [17.19212, "28.8791-4*math.clamp(math.sin(q.anim_time*-110*3/2)*1+1,0,1)+4*math.clamp(-math.sin(q.anim_time*-110*3/2)*1+1,0,1)", 8.49878]
				},
				"tail_left12": {
					"rotation": [18.54606, 11.2796, 9.84496]
				},
				"tail_left13": {
					"rotation": [0, "-30-5*math.clamp(math.sin(q.anim_time*-120*3/2)*1+1,0,1)+5*math.clamp(-math.sin(q.anim_time*-120*3/2)*1+1,0,1)", 0]
				},
				"tail_left14": {
					"rotation": [0, -42, 0]
				},
				"tail_left15": {
					"rotation": [0, "-55-6*math.clamp(math.sin(q.anim_time*-130*3/2)*1+1,0,1)+6*math.clamp(-math.sin(q.anim_time*-130*3/2)*1+1,0,1)", 0]
				},
				"tail_left16": {
					"rotation": [0, 20, 0]
				},
				"tail_left17": {
					"rotation": [0, "4755-7*math.clamp(math.sin(q.anim_time*-140*3/2)*1+1,0,1)+7*math.clamp(-math.sin(q.anim_time*-140*3/2)*1+1,0,1)", 0]
				},
				"tail_left18": {
					"rotation": [0, 47, 0]
				},
				"leg_front_right3": {
					"rotation": ["-23.6322-math.clamp(25*(math.sin(q.anim_time*90*4*2-50)*1+1),-0,60)", 3.3377, -9.9286],
					"position": [0, -1.1, -0.5]
				},
				"leg_front_right4": {
					"rotation": ["-5.5348-10*math.sin(q.anim_time*90*4*2)", 3.7262, 7.9974],
					"position": [0, 0, 0]
				},
				"foot_front_right2": {
					"rotation": ["23.3469-15*math.sin(q.anim_time*90*4*2)", -25.8884, -6.7426],
					"position": [0, 0.9, 0.1]
				},
				"leg_back_right4": {
					"rotation": ["22.6203+math.clamp(25*(math.sin(q.anim_time*90*4*2-90)*1+1),-0,48)+5*math.sin(q.anim_time*90*4*2-90)", 4.2757, -10.1445],
					"position": [
						0,
						"0-(math.clamp(-math.sin(q.anim_time*90*4*2+50)*1,0.5,1)-0.5)*0.5+(math.clamp(-math.sin(q.anim_time*90*2*2+70+180*0)*1,0.5,1)-0.5)*2+(math.clamp(-math.sin(q.anim_time*90*2*2+70+180*1)*1,0.5,1)-0.5)*2",
						0
					]
				},
				"leg_back_right5": {
					"rotation": [
						"-11.6225+math.clamp(math.sin(q.anim_time*90*4*2)*10,0,10)+math.clamp(math.sin(q.anim_time*90*4*2-95)*20,0,45)-math.clamp(math.sin(q.anim_time*90*4*2+180)*50,0,45)",
						0.82985,
						5.8156
					],
					"position": [0, "math.clamp(math.sin(q.anim_time*90*4-130)*1,0.5,1)-math.clamp(math.sin(q.anim_time*90*4-40)*1,0.75,1)+0.25", 0]
				},
				"leg_back_right6": {
					"rotation": [-9.99717, 1.6787, 3.766]
				},
				"foot_back_right2": {
					"rotation": [0, -18, 0]
				}
			}
		}
	}
}