{
	"format_version": "1.8.0",
	"animations": {
		"animation.tapubulu.ground_walk": {
			"loop": true,
			"bones": {
				"right_shell": {
					"rotation": [7.5, 0, 7.5]
				},
				"right_arm": {
					"rotation": [16.32495, "-15.6999+2*math.sin(q.anim_time*100*2.75+180)", -47.26579]
				},
				"arm_accessory": {
					"rotation": [0, 22.5, 45]
				},
				"right_arm2": {
					"rotation": [0, -57.5, 0]
				},
				"left_arm": {
					"rotation": [16.32495, "15.6999-2*math.sin(q.anim_time*100*2.75+180)", 47.2658]
				},
				"arm_accessory2": {
					"rotation": [0, -22.5, -45]
				},
				"left_arm2": {
					"rotation": [0, 57.5, 0]
				},
				"right_horn": {
					"rotation": [0, 0, -10]
				},
				"left_shell": {
					"rotation": [7.5, 0, -7.5]
				},
				"left_horn": {
					"rotation": [0, 0, 7.5]
				},
				"body": {
					"rotation": [10, 0, 0],
					"position": [0, 0, 0]
				},
				"tail": {
					"rotation": ["2.5+2*math.sin(q.anim_time*100*2.75+180)", 0, 0]
				},
				"tail2": {
					"rotation": [-10, 0, 0]
				},
				"tail3": {
					"rotation": [-7.5, 0, 0]
				},
				"tapubulu": {
					"rotation": [0, "0+(math.cos(q.anim_time*90*2+180)*10)*0.3", "0+(math.sin(q.anim_time*90*3+180)*4)*0.3"],
					"position": [0, "5+(math.cos(q.anim_time*50*3+180)*6)*0.2", "0+(math.cos(q.anim_time*50*3+180)*10)*0.6"]
				},
				"head": {
					"rotation": ["math.sin(q.anim_time*60*2.75+180)", 0, 0]
				}
			}
		},
		"animation.tapubulu.shell": {
			"loop": true,
			"bones": {
				"right_arm": {
					"rotation": [0, 0, -90]
				},
				"arm_accessory": {
					"rotation": [0, 0, -67.5]
				},
				"right_arm2": {
					"rotation": [0, 0, -180]
				},
				"left_arm": {
					"rotation": [0, 0, 90]
				},
				"arm_accessory2": {
					"rotation": [0, 0, 90]
				},
				"left_arm2": {
					"rotation": [0, 0, 180]
				},
				"right_shell": {
					"rotation": [0, 0, -90]
				},
				"left_shell": {
					"rotation": [0, 0, 90]
				}
			}
		},
		"animation.tapubulu.ground_idle": {
			"loop": true,
			"bones": {
				"right_shell": {
					"rotation": [7.5, 0, 7.5]
				},
				"right_arm": {
					"rotation": [16.32495, "-15.6999+1*math.sin(q.anim_time*50*2.75+180)", -47.26579]
				},
				"arm_accessory": {
					"rotation": [0, 22.5, 45]
				},
				"right_arm2": {
					"rotation": [0, -57.5, 0]
				},
				"left_arm": {
					"rotation": [16.32495, "15.6999-1*math.sin(q.anim_time*50*2.75+180)", 47.2658]
				},
				"arm_accessory2": {
					"rotation": [0, -22.5, -45]
				},
				"left_arm2": {
					"rotation": [0, 57.5, 0]
				},
				"right_horn": {
					"rotation": [0, 0, -10]
				},
				"left_shell": {
					"rotation": [7.5, 0, -7.5]
				},
				"left_horn": {
					"rotation": [0, 0, 7.5]
				},
				"body": {
					"rotation": [10, 0, 0]
				},
				"tail": {
					"rotation": ["2.5+1*math.sin(q.anim_time*50*2.75+180)", 0, 0]
				},
				"tail2": {
					"rotation": [-10, 0, 0]
				},
				"tail3": {
					"rotation": [-7.5, 0, 0]
				},
				"tapubulu": {
					"rotation": [0, "0+(math.cos(q.anim_time*90*2+180)*10)*0.3", "0+(math.sin(q.anim_time*90*3+180)*4)*0.3"],
					"position": [0, "5+(math.cos(q.anim_time*50*3+180)*6)*0.2", 0]
				},
				"head": {
					"rotation": ["math.sin(q.anim_time*60*2.75+180)", 0, 0]
				}
			}
		}
	}
}