{
	"format_version": "1.8.0",
	"animations": {
		"animation.thundurus_therian.ground_idle": {
			"loop": true,
			"bones": {
				"tail": {
					"rotation": ["7.5301+Math.cos((query.anim_time) * 90 * 1) * 8", "4.9513+Math.sin((query.anim_time) * 90 * 1) * 8", 0.6976]
				},
				"tail2": {
					"rotation": ["-5+Math.cos((query.anim_time-0.4) * 90 * 1) * 4", "Math.sin((query.anim_time-0.4) * 90 * 1) * 4", 0]
				},
				"tail3": {
					"rotation": ["Math.cos((query.anim_time-0.8) * 90 * 1) * 6", "Math.sin((query.anim_time-0.8) * 90 * 1) * 6", 0]
				},
				"tail4": {
					"rotation": ["Math.cos((query.anim_time-1.2) * 90 * 1) * 4", 0, "Math.sin((query.anim_time-1.2) * 90 * 1) * 30"]
				},
				"tail5": {
					"rotation": ["Math.cos((query.anim_time-1.6) * 90 * 1) * 6", "Math.sin((query.anim_time-1.6) * 90 * 1) * 6", 0]
				},
				"tail6": {
					"rotation": ["Math.cos((query.anim_time-2) * 90 * 1) * 14", "Math.sin((query.anim_time-2) * 90 * 1) * 14", 0]
				},
				"tail7": {
					"rotation": ["Math.cos((query.anim_time-2.4) * 90 * 1) * 18", "Math.sin((query.anim_time-2.4) * 90 * 1) * 18", 0]
				},
				"neck": {
					"rotation": ["7.5+Math.cos((query.anim_time-0.4) * 90 * 1) * -3", 0, 0]
				},
				"arm_left": {
					"rotation": [0, -5, "35-Math.sin((query.anim_time) * 90 * 1) * 3"]
				},
				"arm_left2": {
					"rotation": [0, "65-Math.sin((query.anim_time) * 90 * 1) * 4", 0]
				},
				"finger_left1": {
					"rotation": [10, 0, 55]
				},
				"claw_left1": {
					"rotation": [35, 0, 0]
				},
				"finger_left2": {
					"rotation": [0, 30, 0]
				},
				"claw_left2": {
					"rotation": [0, 35, 0]
				},
				"finger_left3": {
					"rotation": [-10, 0, -55]
				},
				"claw_left3": {
					"rotation": [-35, 0, 0]
				},
				"arm_right": {
					"rotation": [0, 5, "-35+Math.sin((query.anim_time) * 90 * 1) * 3"]
				},
				"arm_right2": {
					"rotation": [0, "-65+Math.sin((query.anim_time) * 90 * 1) * 4", 0]
				},
				"finger_right1": {
					"rotation": [10, 0, -55]
				},
				"finger_right2": {
					"rotation": [0, -30, 0]
				},
				"finger_right3": {
					"rotation": [-10, 0, 55]
				},
				"leg_left": {
					"rotation": ["-130+Math.cos((query.anim_time-0.4) * 90 * 1) * 6", 0, -5]
				},
				"toe_left1": {
					"rotation": [7.5, 0, 0]
				},
				"toe_left1_2": {
					"rotation": [55, 0, 0]
				},
				"toe_left2": {
					"rotation": [7.5, 0, 0]
				},
				"toe_left2_1": {
					"rotation": [55, 0, 0]
				},
				"toe_left3": {
					"rotation": [7.5, 0, 0]
				},
				"toe_left3_2": {
					"rotation": [55, 0, 0]
				},
				"leg_right": {
					"rotation": ["-130+Math.cos((query.anim_time-0.4) * 90 * 1) * 6", 0, 5]
				},
				"foot_right": {
					"rotation": [-15, 0, 0]
				},
				"toe_right1": {
					"rotation": [7.5, 0, 0]
				},
				"toe_right1_2": {
					"rotation": [55, 0, 0]
				},
				"toe_right2": {
					"rotation": [7.5, 0, 0]
				},
				"toe_right2_1": {
					"rotation": [55, 0, 0]
				},
				"toe_right3": {
					"rotation": [7.5, 0, 0]
				},
				"toe_right3_2": {
					"rotation": [55, 0, 0]
				},
				"pupil_right": {
					"position": [0, 0, 0]
				},
				"body1": {
					"position": [0, "4+Math.sin((query.anim_time) * 90 * 1) * 3", 0]
				},
				"head": {
					"rotation": ["10+Math.cos((query.anim_time-0.4) * 90 * 1) * -3", 0, 0]
				}
			}
		},
		"animation.thundurus_therian.blink": {
			"animation_length": 0.16667,
			"bones": {
				"eyelid_left": {
					"position": {
						"0.125": [0, 0.1, 0],
						"0.1667": [0, 0, 0]
					}
				},
				"eyelid_right": {
					"position": {
						"0.125": [0, 0.1, 0],
						"0.1667": [0, 0, 0]
					}
				}
			}
		}
	}
}