{
	"format_version": "1.8.0",
	"animations": {
		"animation.toxapex.ground_idle": {
			"loop": true,
			"bones": {
				"main_top": {
					"position": [0, "0+math.sin(q.anim_time*90*1-60)*0.1", 0]
				},
				"hand_50": {
					"rotation": [0, 0, "0+math.sin(q.anim_time*90*1-60)*3"]
				},
				"hand_51": {
					"rotation": [0, 0, "0+math.sin(q.anim_time*90*1-120)*6"]
				},
				"hand_45": {
					"rotation": [0, 0, "0-math.sin(q.anim_time*90*1-60)*3"]
				},
				"hand_47": {
					"rotation": [0, 0, "0-math.sin(q.anim_time*90*1-120)*6"]
				},
				"body_rotate": {
					"rotation": ["-1.25+math.sin(q.anim_time*90*1.5-60)*4", 0, "-math.sin(q.anim_time*90*0.75)*3"]
				}
			}
		},
		"animation.toxapex.ground_walk": {
			"loop": true,
			"bones": {
				"main_top": {
					"rotation": ["2.5+math.sin(q.anim_time*90*4-40)*5-math.clamp(math.sin(q.anim_time*90*4-90)*3,-2,3)", 0, "math.sin(q.anim_time*90*4*2+90)*0.5"],
					"position": [0, "math.sin(q.anim_time*90*4+30)*0.25+math.clamp(math.sin(q.anim_time*90*4+60)*0.5,-4,0)", 0]
				},
				"body_rotate": {
					"rotation": ["2.5+math.sin(q.anim_time*90*4-40)*5-math.clamp(math.sin(q.anim_time*90*4-90)*15,-5,20)", 0, "math.sin(q.anim_time*90*4*2+90)*2"],
					"position": [0, "math.sin(q.anim_time*90*4+30)*0.25+math.clamp(math.sin(q.anim_time*90*4+60)*0.5,-4,0)", 0]
				}
			}
		}
	}
}