{
	"format_version": "1.8.0",
	"animations": {
		"animation.tranquill.ground_idle": {
			"loop": true,
			"bones": {
				"toe_inner_left": {
					"rotation": [0, 5, 0]
				},
				"toe_outer_left": {
					"rotation": [0, -5, 0]
				},
				"tail": {
					"rotation": ["50-1*math.sin(q.anim_time*90*2-20)", 0, 0]
				},
				"hair": {
					"rotation": [15, 0, 0]
				},
				"wing_left": {
					"rotation": [173.06428, -69.8486, -82.7329],
					"position": [0, -2.5, -2]
				},
				"wing_left2": {
					"rotation": [-0.61072, 44.98912, -0.37494]
				},
				"wing_left3": {
					"rotation": [0, -30, 0]
				},
				"neck": {
					"rotation": ["0-1*math.sin(q.anim_time*90*1.5-20)", 0, 0]
				},
				"head": {
					"rotation": [0, 0, 0]
				},
				"wing_right": {
					"rotation": [173.06428, 69.84863, 82.73288],
					"position": [0, -2.5, -2]
				},
				"wing_right2": {
					"rotation": [-0.61072, -44.98912, 0.37494]
				},
				"wing_right3": {
					"rotation": [0, 30, 0]
				},
				"torso": {
					"rotation": [0, "0+0.1*math.sin(q.anim_time*90*1.5)", 0]
				}
			}
		},
		"animation.tranquill.cry": {
			"animation_length": 1.5,
			"bones": {
				"neck": {
					"rotation": {
						"0.0": [0, 0, 0],
						"0.25": [10, 0, 0],
						"1.25": [10, 0, 0],
						"1.5": [0, 0, 0]
					}
				},
				"head": {
					"rotation": {
						"0.0": [0, 0, 0],
						"0.25": [-15, 0, 0],
						"1.25": [-15, 0, 0],
						"1.5": [0, 0, 0]
					}
				},
				"jaw": {
					"rotation": {
						"0.0": [0, 0, 0],
						"0.25": [42.5, 0, 0],
						"1.25": [42.5, 0, 0],
						"1.5": [0, 0, 0]
					}
				}
			}
		},
		"animation.tranquill.blink": {
			"animation_length": 0.1667,
			"bones": {
				"eyelid_left": {
					"position": {
						"0.0": [0.1, 0, 0],
						"0.125": [0.1, 0, 0],
						"0.1667": [0, 0, 0]
					}
				},
				"eyelid_right": {
					"position": {
						"0.0": [-0.1, 0, 0],
						"0.125": [-0.1, 0, 0],
						"0.1667": [0, 0, 0]
					}
				}
			}
		},
		"animation.tranquill.ground_walk": {
			"loop": true,
			"bones": {
				"toe_inner_left": {
					"rotation": [0, 5, 0]
				},
				"toe_outer_left": {
					"rotation": [0, -5, 0]
				},
				"tail": {
					"rotation": ["50-1*math.sin(q.anim_time*90*2-20)", 0, 0]
				},
				"hair": {
					"rotation": [15, 0, 0]
				},
				"wing_left": {
					"rotation": [173.06428, -69.8486, -82.7329],
					"position": [0, -2.5, -2]
				},
				"wing_left2": {
					"rotation": [-0.61072, 44.98912, -0.37494]
				},
				"wing_left3": {
					"rotation": [0, -30, 0]
				},
				"neck": {
					"rotation": ["0-1*math.sin(q.anim_time*90*1.5-20)", 0, 0]
				},
				"head": {
					"rotation": [0, 0, 0]
				},
				"wing_right": {
					"rotation": [173.06428, 69.84863, 82.73288],
					"position": [0, -2.5, -2]
				},
				"wing_right2": {
					"rotation": [-0.61072, -44.98912, 0.37494]
				},
				"wing_right3": {
					"rotation": [0, 30, 0]
				},
				"body": {
					"position": [0, "2*math.abs(math.sin(q.anim_time*90*6))", 0]
				},
				"torso": {
					"rotation": [0, "0+0.1*math.sin(q.anim_time*90*1.5)", 0]
				},
				"leg_left": {
					"rotation": ["0+10*math.sin(q.anim_time*180*6)-0.5", 0, 0]
				},
				"leg_right": {
					"rotation": ["0+10*math.sin(q.anim_time*180*6)-0.5", 0, 0]
				}
			}
		},
		"animation.tranquill.air_idle": {
			"loop": true,
			"bones": {
				"body": {
					"position": [0, "0+Math.sin((q.anim_time-(1.1/10))*90*10)*1", 0]
				},
				"torso": {
					"position": ["0+0.1*math.sin(q.anim_time*90*1.5)", "0+0.1*math.sin(q.anim_time*90*1.5)", "0+0.1*math.sin(q.anim_time*90*1.5)"]
				},
				"wing_left": {
					"rotation": ["0+Math.cos((query.anim_time-0.2)*720)*8", 0, "0+Math.sin((q.anim_time)*90*10)*75"]
				},
				"wing_left2": {
					"rotation": [0, 0, "0+Math.sin((q.anim_time-(1.15/10))*90*10)*30+Math.clamp(Math.sin((q.anim_time-(1.25/10))*90*10)*75, 0, 75)"]
				},
				"wing_left3": {
					"rotation": [0, 0, "0+Math.sin((q.anim_time-(1.2/10))*90*10)*30"]
				},
				"wing_right": {
					"rotation": ["0+Math.cos((query.anim_time-0.2)*720)*8", 0, "0-Math.sin((q.anim_time)*90*10)*75"]
				},
				"wing_right2": {
					"rotation": [0, 0, "0-Math.sin((q.anim_time-(1.15/10))*90*10)*30-Math.clamp(Math.sin((q.anim_time-(1.25/10))*90*10)*75, 0, 75)"]
				},
				"wing_right3": {
					"rotation": [0, 0, "0-Math.sin((q.anim_time-(1.2/10))*90*10)*30"]
				},
				"tail": {
					"rotation": ["50-4*math.sin(q.anim_time*90*8-30)", 0, 0]
				}
			}
		},
		"animation.tranquill.air_fly": {
			"loop": true,
			"bones": {
				"tail": {
					"rotation": ["50+1*math.sin(q.anim_time*90*8)", 0, 0]
				},
				"body": {
					"position": [0, "1+Math.sin((q.anim_time-(1.1/15))*90*3)*1", 0]
				},
				"torso": {
					"position": ["0+0.1*math.sin(q.anim_time*90*1.5)", "0+0.1*math.sin(q.anim_time*90*1.5)", "0+0.1*math.sin(q.anim_time*90*1.5)"]
				},
				"wing_left": {
					"rotation": ["0+Math.cos((query.anim_time-0.2)*720)*8", 0, "0+Math.sin((q.anim_time)*90*15)*75"]
				},
				"wing_left2": {
					"rotation": [0, 0, "0+Math.sin((q.anim_time-(1.15/15))*90*15)*30+Math.clamp(Math.sin((q.anim_time-(1.25/15))*90*15)*75, 0, 75)"]
				},
				"wing_left3": {
					"rotation": [0, 0, "Math.sin((q.anim_time-(1.2/15))*90*15)*30"]
				},
				"wing_right": {
					"rotation": ["0+Math.cos((query.anim_time-0.2)*720)*8", 0, "0-Math.sin((q.anim_time)*90*15)*75"]
				},
				"wing_right2": {
					"rotation": [0, 0, "0-Math.sin((q.anim_time-(1.15/15))*90*15)*30-Math.clamp(Math.sin((q.anim_time-(1.25/15))*90*15)*75, 0, 75)"]
				},
				"wing_right3": {
					"rotation": [0, 0, "0-Math.sin((q.anim_time-(1.2/15))*90*15)*30"]
				}
			}
		}
	}
}