{
	"format_version": "1.8.0",
	"animations": {
		"animation.pokeloot.open": {
			"loop": "hold_on_last_frame",
			"animation_length": 2.5,
			"bones": {
				"lid": {
					"rotation": {
						"0.0": {
							"post": [0, 0, 0],
							"lerp_mode": "catmullrom"
						},
						"0.25": {
							"post": [-82.5, 0, 0],
							"lerp_mode": "catmullrom"
						}
					}
				}
			},
			"particle_effects": {
				"0.0": {
					"effect": "item_open",
					"locator": "center_particles"
				},
				"0.2917": {
					"effect": "item_poke",
					"locator": "center_particles"
				}
			}
		},
		"animation.pokeloot.idle": {
			"loop": true,
			"particle_effects": {
				"0.0": {
					"effect": "item_ambient",
					"locator": "center_particles"
				}
			}
		}
	}
}