{
  "name": "Zamazenta",
  "nationalPokedexNumber": 889,
  "primaryType": "fighting",
  "secondaryType": "steel",
  "abilities": [
    "innerfocus"
  ],
  "baseStats": {
    "hp": 92,
    "attack": 120,
    "defence": 115,
    "special_attack": 80,
    "special_defence": 115,
    "speed": 138
  },
  "catchRate": 50,
  "maleRatio": -1,
  "shoulderMountable": false,
  "baseExperienceYield": 340,
  "experienceGroup": "slow",
  "eggCycles": 120,
  "eggGroups": [
    "undiscovered"
  ],
  "moves": [
    "1:metalclaw",
    "1:nobleroar",
    "1:teleport",
    "21:zenheadbutt",
    "42:crunch",
    "84:gigaimpact",
    "tm:agility",
    "tm:bulldoze",
    "tm:calmmind",
    "tm:closecombat",
    "tm:confide",
    "tm:cosmicpower",
    "tm:crunch",
    "tm:doubleteam",
    "tm:earthquake",
    "tm:endure",
    "tm:facade",
    "tm:fireblast",
    "tm:firespin",
    "tm:flamecharge",
    "tm:flamethrower",
    "tm:flareblitz",
    "tm:flashcannon",
    "tm:focusblast",
    "tm:frustration",
    "tm:futuresight",
    "tm:gigaimpact",
    "tm:gyroball",
    "tm:heatcrash",
    "tm:heavyslam",
    "tm:helpinghand",
    "tm:hiddenpower",
    "tm:hyperbeam",
    "tm:hypervoice",
    "tm:irondefense",
    "tm:ironhead",
    "tm:irontail",
    "tm:lightscreen",
    "tm:mysticalfire",
    "tm:outrage",
    "tm:protect",
    "tm:psychic",
    "tm:psychicfangs",
    "tm:psychup",
    "tm:psyshock",
    "tm:reflect",
    "tm:rest",
    "tm:return",
    "tm:roar",
    "tm:rockslide",
    "tm:rocktomb",
    "tm:round",
    "tm:safeguard",
    "tm:scaryface",
    "tm:sleeptalk",
    "tm:snarl",
    "tm:snore",
    "tm:solarbeam",
    "tm:stoneedge",
    "tm:substitute",
    "tm:sunnyday",
    "tm:superpower",
    "tm:swagger",
    "tm:swift",
    "tm:thunder",
    "tm:thunderbolt",
    "tm:thunderwave",
    "tm:toxic",
    "tm:trickroom",
    "tm:wildcharge",
    "tm:workup",
    "tm:zenheadbutt",
    "tutor:ancientpower",
    "tutor:aurasphere",
    "tutor:crunch",
    "tutor:endeavor",
    "tutor:expandingforce",
    "tutor:hypervoice",
    "tutor:irondefense",
    "tutor:irontail",
    "tutor:knockoff",
    "tutor:lastresort",
    "tutor:morningsun",
    "tutor:nobleroar",
    "tutor:outrage",
    "tutor:shockwave",
    "tutor:steelbeam",
    "tutor:superpower",
    "tutor:zenheadbutt"
  ],
  "labels": [
    "gen8",
    "legendary"
  ],
  "pokedex": [
    "cobblemon.species.zamazenta.desc"
  ],
  "evolutions": [],
  "baseScale": 1.40,
  "hitbox": {
    "width": 1,
    "height": 1,
    "fixed": false
  },
  "baseFriendship": 0,
  "evYield": {
    "hp": 0,
    "attack": 0,
    "defence": 0,
    "special_attack": 3,
    "special_defence": 0,
    "speed": 0
  },
  "height": 15,
  "weight": 2000,
  "aspects": [],
  "cannotDynamax": false
}