{
	"format_version": "1.8.0",
	"animations": {
		"animation.drifblimp.ground_idle": {
			"loop": true,
			"bones": {
				"moustache_right2": {
					"rotation": [0, 7.5, 0]
				},
				"moustache_right3": {
					"rotation": [0, 10, 0]
				},
				"moustache_left2": {
					"rotation": [0, -7.5, 0]
				},
				"moustache_left3": {
					"rotation": [0, -10, 0]
				},
				"arm_front_left_rotation": {
					"rotation": ["18.1769-math.sin(q.anim_time*90*1-60)*3", 27.13867, -21.65105]
				},
				"arm_front_left2": {
					"rotation": ["35-math.sin(q.anim_time*90*1-120)*6", 0, 0]
				},
				"hand_front_left": {
					"rotation": ["25-math.sin(q.anim_time*90*1-180)*9", 0, 0]
				},
				"arm_back_left_rotation": {
					"rotation": ["-18.9867-math.sin(q.anim_time*90*1-120)*6", 7.62426, 5.78989]
				},
				"arm_back_left2": {
					"rotation": ["12.5-math.sin(q.anim_time*90*1-180)*9", 0, 0]
				},
				"hand_back_left": {
					"rotation": ["12.5-math.sin(q.anim_time*90*1-240)*12", 0, 0]
				},
				"arm_front_right_rotation": {
					"rotation": ["18.1769-math.sin(q.anim_time*90*1-60)*3", -27.1387, 21.651]
				},
				"arm_front_right2": {
					"rotation": ["35-math.sin(q.anim_time*90*1-120)*6", 0, 0]
				},
				"hand_front_right": {
					"rotation": ["25-math.sin(q.anim_time*90*1-180)*9", 0, 0]
				},
				"arm_back_right_rotation": {
					"rotation": ["-18.9867-math.sin(q.anim_time*90*1-120)*6", -7.6243, -5.7899]
				},
				"arm_back_right2": {
					"rotation": ["12.5-math.sin(q.anim_time*90*1-180)*9", 0, 0]
				},
				"hand_back_right": {
					"rotation": ["12.5-math.sin(q.anim_time*90*1-240)*12", 0, 0]
				},
				"body": {
					"rotation": ["2.5*math.sin(q.anim_time*90*2)*0.5", 0, "2.5*math.sin(q.anim_time*90*2+90)*0.5"],
					"position": ["0+math.sin(q.anim_time*90*1.5)*2", "12+math.sin(q.anim_time*90*3)*1", "0+math.sin(q.anim_time*90*3)*0.5"]
				},
				"flap_top": {
					"rotation": ["0-Math.cos((query.anim_time) * 90 * 32) * -2", 0, 0]
				},
				"flap_right": {
					"rotation": [0, "0-Math.cos((query.anim_time) * 90 * 32) * -2", 0]
				},
				"flap_left": {
					"rotation": [0, "0-Math.cos((query.anim_time) * 90 * 32) * -2", 0]
				},
				"flap_bottom": {
					"rotation": ["0-Math.cos((query.anim_time) * 90 * 32) * -2", 0, 0]
				},
				"moustache_right1": {
					"scale": "1-math.sin(q.anim_time*720)*0.01"
				},
				"moustache_left1": {
					"scale": "1-math.sin(q.anim_time*720)*0.01"
				},
				"cloud": {
					"rotation": ["2.5*math.sin(q.anim_time*90*2)*0.5", 0, "2.5*math.sin(q.anim_time*90*2+90)*0.5"],
					"position": ["0+math.sin(q.anim_time*90*1.5)*2", "0+math.sin(q.anim_time*90*3)*1", "0+math.sin(q.anim_time*90*3)*0.5"]
				}
			}
		},
		"animation.drifblimp.ground_walk": {
			"loop": true,
			"bones": {
				"moustache_right2": {
					"rotation": [0, 7.5, 0]
				},
				"moustache_right3": {
					"rotation": [0, 10, 0]
				},
				"moustache_left2": {
					"rotation": [0, -7.5, 0]
				},
				"moustache_left3": {
					"rotation": [0, -10, 0]
				},
				"arm_front_left_rotation": {
					"rotation": ["18.1769-math.sin(q.anim_time*180*1-120)*6", 27.13867, -21.65105]
				},
				"arm_front_left2": {
					"rotation": ["35-math.sin(q.anim_time*120*1-180)*9", 0, 0]
				},
				"hand_front_left": {
					"rotation": ["25-math.sin(q.anim_time*180*1-240)*12", 0, 0]
				},
				"arm_back_left_rotation": {
					"rotation": ["-18.9867-math.sin(q.anim_time*180*1-120)*6", 7.62426, 5.78989]
				},
				"arm_back_left2": {
					"rotation": ["12.5-math.sin(q.anim_time*180*1-180)*9", 0, 0]
				},
				"hand_back_left": {
					"rotation": ["12.5-math.sin(q.anim_time*180*1-240)*12", 0, 0]
				},
				"arm_front_right_rotation": {
					"rotation": ["18.1769-math.sin(q.anim_time*180*1-120)*6", -27.1387, 21.651]
				},
				"arm_front_right2": {
					"rotation": ["35-math.sin(q.anim_time*180*1-180)*9", 0, 0]
				},
				"hand_front_right": {
					"rotation": ["25-math.sin(q.anim_time*180*1-240)*12", 0, 0]
				},
				"arm_back_right_rotation": {
					"rotation": ["-18.9867-math.sin(q.anim_time*180*1-120)*6", -7.6243, -5.7899]
				},
				"arm_back_right2": {
					"rotation": ["12.5-math.sin(q.anim_time*180*1-180)*9", 0, 0]
				},
				"hand_back_right": {
					"rotation": ["12.5-math.sin(q.anim_time*180*1-240)*12", 0, 0]
				},
				"body": {
					"rotation": ["15+2.5*math.sin(q.anim_time*90*2)*0.75", 0, "2.5*math.sin(q.anim_time*90*2+90)*0.75"],
					"position": [0, "12+math.sin(q.anim_time*90*4)*0.75", 0]
				},
				"flap_top": {
					"rotation": ["0-Math.cos((query.anim_time) * 90 * 32) * -2", 0, 0]
				},
				"flap_right": {
					"rotation": [0, "0-Math.cos((query.anim_time) * 90 * 32) * -2", 0]
				},
				"flap_left": {
					"rotation": [0, "0-Math.cos((query.anim_time) * 90 * 32) * -2", 0]
				},
				"flap_bottom": {
					"rotation": ["0-Math.cos((query.anim_time) * 90 * 32) * -2", 0, 0]
				},
				"moustache_right1": {
					"scale": "1-math.sin(q.anim_time*1560)*0.05"
				},
				"moustache_left1": {
					"scale": "1-math.sin(q.anim_time*1560)*0.05"
				},
				"cloud": {
					"rotation": ["15+2.5*math.sin(q.anim_time*90*2)*0.75", 0, "2.5*math.sin(q.anim_time*90*2+90)*0.75"],
					"position": [0, "-1.5+math.sin(q.anim_time*90*4)*0.75", -10.75]
				}
			}
		},
		"animation.drifblimp.blink": {
			"animation_length": 0.16667,
			"bones": {
				"eyelid_left": {
					"position": {
						"0.125": [0, 0, -0.1],
						"0.1667": [0, 0, 0]
					}
				},
				"eyelid_right": {
					"position": {
						"0.125": [0, 0, -0.1],
						"0.1667": [0, 0, 0]
					}
				}
			}
		},
		"animation.drifblimp.faint": {
			"animation_length": 2.29167,
			"bones": {
				"moustache_right2": {
					"rotation": [0, 7.5, 0]
				},
				"moustache_right3": {
					"rotation": [0, 10, 0]
				},
				"moustache_left2": {
					"rotation": [0, -7.5, 0]
				},
				"moustache_left3": {
					"rotation": [0, -10, 0]
				},
				"arm_front_left_rotation": {
					"rotation": ["18.1769-math.sin(q.anim_time*90*1-60)*3", 27.13867, -21.65105]
				},
				"arm_front_left2": {
					"rotation": ["35-math.sin(q.anim_time*90*1-120)*6", 0, 0]
				},
				"hand_front_left": {
					"rotation": ["25-math.sin(q.anim_time*90*1-180)*9", 0, 0]
				},
				"arm_back_left_rotation": {
					"rotation": ["-18.9867-math.sin(q.anim_time*90*1-120)*6", 7.62426, 5.78989]
				},
				"arm_back_left2": {
					"rotation": ["12.5-math.sin(q.anim_time*90*1-180)*9", 0, 0]
				},
				"hand_back_left": {
					"rotation": ["12.5-math.sin(q.anim_time*90*1-240)*12", 0, 0]
				},
				"arm_front_right_rotation": {
					"rotation": ["18.1769-math.sin(q.anim_time*90*1-60)*3", -27.1387, 21.651]
				},
				"arm_front_right2": {
					"rotation": ["35-math.sin(q.anim_time*90*1-120)*6", 0, 0]
				},
				"hand_front_right": {
					"rotation": ["25-math.sin(q.anim_time*90*1-180)*9", 0, 0]
				},
				"arm_back_right_rotation": {
					"rotation": ["-18.9867-math.sin(q.anim_time*90*1-120)*6", -7.6243, -5.7899]
				},
				"arm_back_right2": {
					"rotation": ["12.5-math.sin(q.anim_time*90*1-180)*9", 0, 0]
				},
				"hand_back_right": {
					"rotation": ["12.5-math.sin(q.anim_time*90*1-240)*12", 0, 0]
				},
				"body": {
					"rotation": {
						"0.0": ["2.5*math.sin(q.anim_time*90*2)*0.5", 0, "2.5*math.sin(q.anim_time*90*2+90)*0.5"],
						"0.25": ["2.5*math.sin(q.anim_time*90*2)*0.5", 0, "2.5*math.sin(q.anim_time*90*2+90)*0.5"],
						"0.5417": ["-0.1399+2.5*math.sin(q.anim_time*90*2)*0.5", 0.57209, "-27.4942+2.5*math.sin(q.anim_time*90*2+90)*0.5"],
						"0.7083": [-0.1399, 0.57, -27.494]
					},
					"position": {
						"0.0": ["0+math.sin(q.anim_time*90*1.5)*2", "0+math.sin(q.anim_time*90*3)*1", "0+math.sin(q.anim_time*90*3)*0.5"],
						"0.7083": [0, 0, 0]
					}
				},
				"flap_top": {
					"rotation": {
						"0.0": ["0-Math.cos((query.anim_time) * 90 * 32) * -2", 0, 0],
						"1.125": [0, 0, 0]
					}
				},
				"flap_right": {
					"rotation": {
						"0.0": [0, "0-Math.cos((query.anim_time) * 90 * 32) * -2", 0],
						"1.125": [0, 0, 0]
					}
				},
				"flap_left": {
					"rotation": {
						"0.0": [0, "0-Math.cos((query.anim_time) * 90 * 32) * -2", 0],
						"1.125": [0, 0, 0]
					}
				},
				"flap_bottom": {
					"rotation": {
						"0.0": ["0-Math.cos((query.anim_time) * 90 * 32) * -2", 0, 0],
						"1.125": [0, 0, 0]
					}
				},
				"moustache_right1": {
					"scale": "1-math.sin(q.anim_time*720)*0.01"
				},
				"moustache_left1": {
					"scale": "1-math.sin(q.anim_time*720)*0.01"
				},
				"cloud": {
					"rotation": {
						"0.0": ["2.5*math.sin(q.anim_time*90*2)*0.5", 0, "2.5*math.sin(q.anim_time*90*2+90)*0.5"],
						"0.25": ["2.5*math.sin(q.anim_time*90*2)*0.5", 0, "2.5*math.sin(q.anim_time*90*2+90)*0.5"],
						"0.5417": ["-0.1399+2.5*math.sin(q.anim_time*90*2)*0.5", 0.57209, "-27.4942+2.5*math.sin(q.anim_time*90*2+90)*0.5"]
					},
					"position": ["0+math.sin(q.anim_time*90*1.5)*2", "0+math.sin(q.anim_time*90*3)*1", "0+math.sin(q.anim_time*90*3)*0.5"],
					"scale": {
						"0.0": [1, 1, 1],
						"0.25": [1, 1, 1],
						"0.5417": [0, 0, 0]
					}
				},
				"drifblimp": {
					"rotation": {
						"0.0": [0, 0, 0],
						"0.0833": [-7.5, 6.22, 0],
						"0.25": {
							"pre": [-22.5, 54.17, 0],
							"post": [-22.5, 54.17, 0],
							"lerp_mode": "catmullrom"
						},
						"0.5417": {
							"post": [0, 79.8, 0],
							"lerp_mode": "catmullrom"
						},
						"0.7083": {
							"post": [105.86764, 64.13683, 104.34731],
							"lerp_mode": "catmullrom"
						},
						"0.9583": {
							"post": [10, 153.75, 0],
							"lerp_mode": "catmullrom"
						},
						"1.125": {
							"post": [31.25, 272.825, 0],
							"lerp_mode": "catmullrom"
						},
						"1.375": [84.15, 307.45, 0],
						"1.5833": [45.5621, 335.17324, 96.11534],
						"1.7917": [40.22263, 341.11748, 112.98665]
					},
					"position": {
						"0.0": [0, 0, 0],
						"0.0833": [-0.35, 0, 0.7],
						"0.25": {
							"pre": [-1.7, 0, 2.475],
							"post": [-1.7, 0, 2.475],
							"lerp_mode": "catmullrom"
						},
						"0.5833": {
							"post": [-2.5, 0, 5.5],
							"lerp_mode": "catmullrom"
						},
						"0.7083": {
							"post": [-2.5, 0, 6.9],
							"lerp_mode": "catmullrom"
						},
						"0.875": {
							"post": [1.47, 0, 9.1],
							"lerp_mode": "catmullrom"
						},
						"0.9583": {
							"post": [1.87, -0.06, 9.32],
							"lerp_mode": "catmullrom"
						},
						"1.0417": {
							"post": [5.83, -0.12, 9.25],
							"lerp_mode": "catmullrom"
						},
						"1.1667": [12.25, -14.5, 8],
						"1.25": {
							"pre": [14.75, -27.75, 4.5],
							"post": [14.75, -27.75, 4.5],
							"lerp_mode": "catmullrom"
						},
						"1.375": {
							"post": [16.025, -20, 2.775],
							"lerp_mode": "catmullrom"
						},
						"1.5": {
							"post": [16.025, -21.75, 1.85],
							"lerp_mode": "catmullrom"
						},
						"1.6667": [16.025, -34, 1.55]
					},
					"scale": {
						"1.4167": [1, 1, 1],
						"1.5": [1.2, 1.25, 0.85],
						"1.5833": [1, 1, 1]
					}
				},
				"eyelid_right": {
					"position": [0, 0, -0.1]
				},
				"eyelid_left": {
					"position": [0, 0, -0.1]
				}
			}
		},
		"animation.drifblimp.mouth_open": {
			"animation_length": 0.16667,
			"bones": {
				"mouth_open": {
					"position": {
						"0.125": [0, 0, -1],
						"0.1667": [0, 0, 0]
					}
				}
			}
		}
	}
}