{
	"format_version": "1.8.0",
	"animations": {
		"animation.growlithe_delta.ground_idle": {
			"loop": true,
			"bones": {
				"torso": {
					"rotation": ["math.sin(query.anim_time *100) * 1", 0, 0]
				},
				"head": {
					"rotation": ["math.sin(query.anim_time *100) * 2", 0, 0]
				},
				"ear_right": {
					"rotation": [0, 0, "math.sin(query.anim_time *90) * 4"]
				},
				"jaw": {
					"rotation": ["10-10*math.clamp(math.sin(q.anim_time*60*3/2)*1+1,0,1)+10*math.clamp(-math.sin(q.anim_time*60*3/2)*1+1,0,1)", 0, 0]
				},
				"ear_left": {
					"rotation": [0, 0, "math.sin(query.anim_time *-80) * 4"]
				},
				"head_fluff": {
					"rotation": [
						"0-1*math.clamp(math.sin(q.anim_time*-100*3/2)*1+1,0,1)+1*math.clamp(-math.sin(q.anim_time*-100*3/2)*1+1,0,1)",
						0,
						"math.sin(query.anim_time *110) * 1"
					]
				},
				"head_fluff3": {
					"rotation": [
						"0-2*math.clamp(math.sin(q.anim_time*-80*3/2)*1+1,0,1)+2*math.clamp(-math.sin(q.anim_time*-80*3/2)*1+1,0,1)",
						0,
						"math.sin(query.anim_time *90) * 4"
					]
				},
				"head_fluff4": {
					"rotation": [
						"0-4*math.clamp(math.sin(q.anim_time*-70*3/2)*1+1,0,1)+4*math.clamp(-math.sin(q.anim_time*-70*3/2)*1+1,0,1)",
						0,
						"math.sin(query.anim_time *70) * 3"
					]
				},
				"tail1": {
					"rotation": [
						"-5-3*math.clamp(math.sin(q.anim_time*-90*3/2)*1+1,0,1)+3*math.clamp(-math.sin(q.anim_time*-90*3/2)*1+1,0,1)",
						"math.sin(query.anim_time *100) * -3",
						0
					]
				},
				"tail2": {
					"rotation": [
						"-5-4*math.clamp(math.sin(q.anim_time*-80*3/2)*1+1,0,1)+4*math.clamp(-math.sin(q.anim_time*-80*3/2)*1+1,0,1)",
						0,
						"math.sin(query.anim_time *90) * -4"
					]
				},
				"tail3": {
					"rotation": [
						"-5-5*math.clamp(math.sin(q.anim_time*-70*3/2)*1+1,0,1)+5*math.clamp(-math.sin(q.anim_time*-70*3/2)*1+1,0,1)",
						0,
						"math.sin(query.anim_time *60) * -2"
					]
				},
				"water_chest": {
					"rotation": ["0-1*math.clamp(math.sin(q.anim_time*90*3/2)*1+1,0,1)+1*math.clamp(-math.sin(q.anim_time*90*3/2)*1+1,0,1)", 0, 0]
				},
				"water_chest_top_right2": {
					"rotation": ["math.sin(query.anim_time *100) * 2", 0, "math.sin(query.anim_time *100) * 4"]
				},
				"water_chest_top_left2": {
					"rotation": ["math.sin(query.anim_time *100) * 2", 0, "math.sin(query.anim_time *100) * -4"]
				},
				"water_chest_bottom_right2": {
					"rotation": ["math.sin(query.anim_time *100) * 2", 0, "math.sin(query.anim_time *100) * 4"]
				},
				"water_chest_bottom_left2": {
					"rotation": ["math.sin(query.anim_time *100) * 2", 0, "math.sin(query.anim_time *100) * -4"]
				},
				"water_chest_front": {
					"rotation": ["math.sin(query.anim_time *100) * -4", 0, 0]
				}
			}
		},
		"animation.growlithe_delta.ground_walk": {
			"loop": true,
			"bones": {
				"body": {
					"rotation": ["-2.5*math.sin(q.anim_time*90*4*2+45)*6", "-0.5*math.sin(q.anim_time*90*4*2+45)*6", 0],
					"position": [
						0,
						"math.clamp(math.sin(q.anim_time*90*4)*1.1,0.4,1.1)+math.clamp(math.sin(q.anim_time*90*4+180)*1.1,0.4,1.1)",
						"math.sin(q.anim_time*90*4*2-33)*1"
					]
				},
				"head": {
					"rotation": ["math.sin(q.anim_time*90*4*2+45)*6+math.sin(q.anim_time*90*4*2-45)*4", 0, 0]
				},
				"tail1": {
					"rotation": ["10*(math.sin(q.anim_time*90*4*2-50)*1+1)", 0, 0]
				},
				"leg_front_right1": {
					"rotation": ["-math.clamp(25*(math.sin(q.anim_time*90*4*2-90)*1+1),-0,60)", 0, 0]
				},
				"leg_front_right2": {
					"rotation": ["-10*math.sin(q.anim_time*90*4*2)", 0, 0]
				},
				"leg_back_right1": {
					"rotation": ["math.clamp(25*(math.sin(q.anim_time*90*4*2-50)*1+1),-0,48)+5*math.sin(q.anim_time*90*4*2-50)", 0, 0],
					"position": [
						0,
						"0-(math.clamp(-math.sin(q.anim_time*90*4*2+50)*1,0.5,1)-0.5)*0.5+(math.clamp(-math.sin(q.anim_time*90*2*2+70+180*0)*1,0.5,1)-0.5)*2+(math.clamp(-math.sin(q.anim_time*90*2*2+70+180*1)*1,0.5,1)-0.5)*2",
						0
					]
				},
				"leg_front_left1": {
					"rotation": ["-math.clamp(25*(math.sin(q.anim_time*90*4*2-50)*1+1),-0,60)", 0, 0]
				},
				"leg_front_left2": {
					"rotation": ["-10*math.sin(q.anim_time*90*4*2)", 0, 0]
				},
				"leg_back_left1": {
					"rotation": ["math.clamp(25*(math.sin(q.anim_time*90*4*2-90)*1+1),-0,48)+5*math.sin(q.anim_time*90*4*2-90)", 0, 0],
					"position": [
						0,
						"0-(math.clamp(-math.sin(q.anim_time*90*4*2+50)*1,0.5,1)-0.5)*0.5+(math.clamp(-math.sin(q.anim_time*90*2*2+70+180*0)*1,0.5,1)-0.5)*2+(math.clamp(-math.sin(q.anim_time*90*2*2+70+180*1)*1,0.5,1)-0.5)*2",
						0
					]
				}
			}
		}
	}
}