{
	"format_version": "1.8.0",
	"animations": {
		"animation.honedge_delta.ground_idle": {
			"loop": true,
			"bones": {
				"arm": {
					"rotation": [35.22465, -36.81662, -5.43393]
				},
				"arm2": {
					"rotation": ["22.5+Math.cos((query.anim_time-0.4) * 90 * 1) * 1", 0, 0]
				},
				"arm3": {
					"rotation": ["35+Math.cos((query.anim_time-0.6) * 90 * 1) * 1", 0, 0]
				},
				"arm4": {
					"rotation": ["32.5+Math.cos((query.anim_time-0.8) * 90 * 1) * 2", 0, 0]
				},
				"arm5": {
					"rotation": ["35+Math.cos((query.anim_time-1) * 90 * 1) * 4", 0, 0]
				},
				"hand": {
					"rotation": ["-20+Math.cos((query.anim_time-1.2) * 90 * 1) * 8", 0, 0]
				},
				"finger4": {
					"rotation": ["57.5+Math.cos((query.anim_time-1.4) * 90 * 1) * 8", 0, 0]
				},
				"finger5": {
					"rotation": [52.5, 0, 0]
				},
				"finger6": {
					"rotation": [62.5, 0, 0]
				},
				"finger": {
					"rotation": ["87.5+Math.cos((query.anim_time-1.4) * 90 * 1) * 8", 0, -7.5]
				},
				"finger2": {
					"rotation": [65, 0, 0]
				},
				"finger3": {
					"rotation": [32.5, 0, 0]
				},
				"finger7": {
					"rotation": ["80+Math.cos((query.anim_time-1.4) * 90 * 1) * 12", 0, 5]
				},
				"finger8": {
					"rotation": [75, 0, 0]
				},
				"finger9": {
					"rotation": [32.5, 0, 0]
				},
				"finger10": {
					"rotation": ["87.5+Math.cos((query.anim_time-1.4) * 90 * 1) * 16", 0, 17.5]
				},
				"finger11": {
					"rotation": [82.5, 0, 0]
				},
				"finger12": {
					"rotation": [7.5, 0, 0]
				},
				"sheath_arm": {
					"rotation": [35.22465, -36.81662, -5.43393]
				},
				"sheath_arm2": {
					"rotation": [22.5, 0, 0]
				},
				"sheath_arm3": {
					"rotation": [35, 0, 0]
				},
				"sheath_arm4": {
					"rotation": [32.5, 0, 0]
				},
				"sheath_arm5": {
					"rotation": [35, 0, 0]
				},
				"sheath_arm6": {
					"rotation": [-20, 0, 0]
				},
				"body": {
					"rotation": ["2.5+Math.sin((query.anim_time-0.6) * 90 * 1) * 3", 0, "15+Math.cos((query.anim_time-0.6) * 90 * 1) * 3"],
					"position": [2, "0+Math.cos((query.anim_time) * 90 * 1) * 1", 2]
				}
			}
		},
		"animation.honedge_delta.ground_walk": {
			"loop": true,
			"bones": {
				"body": {
					"rotation": ["25+Math.cos((query.anim_time-0.2) * 90 * 4) * 3", 10, "-12.5+Math.cos((query.anim_time-0.5) * 90 * 2) * 4"],
					"position": [0, "-2+Math.cos((query.anim_time) * 90 * 4) * 1", -7]
				},
				"arm": {
					"rotation": [15, 0, 15]
				},
				"arm2": {
					"rotation": [-20, 27.5, 30]
				},
				"arm3": {
					"rotation": [-50, 0, "22.5+Math.cos((query.anim_time-0.3) * 90 * 4) * 3"]
				},
				"arm4": {
					"rotation": [-42.5, 0, "27.5+Math.cos((query.anim_time-0.4) * 90 * 4) * 3"]
				},
				"arm5": {
					"rotation": [-52.5, 0, 10]
				},
				"hand": {
					"rotation": [22.5, 0, "-7.5+Math.cos((query.anim_time+0.1) * 90 * 4) * 6"]
				},
				"finger": {
					"rotation": [17.5, 0, "-7.5+Math.cos((query.anim_time) * 90 * 4) * 6"]
				},
				"finger2": {
					"rotation": [12.5, 0, 0]
				},
				"finger3": {
					"rotation": [20, 0, 0]
				},
				"finger4": {
					"rotation": [5, 0, "0+Math.cos((query.anim_time) * 90 * 4) * 6"]
				},
				"finger5": {
					"rotation": [25, 0, 0]
				},
				"finger6": {
					"rotation": [22.5, 0, 0]
				},
				"finger7": {
					"rotation": [15, 0, "0+Math.cos((query.anim_time) * 90 * 4) * 6"]
				},
				"finger8": {
					"rotation": [12.5, 0, 0]
				},
				"finger9": {
					"rotation": [30, 0, 0]
				},
				"finger10": {
					"rotation": [-7.5, 0, "0+Math.cos((query.anim_time) * 90 * 4) * 6"]
				},
				"finger11": {
					"rotation": [25, 0, 0]
				},
				"finger12": {
					"rotation": [17.5, 0, 0]
				}
			}
		},
		"animation.honedge_delta.sleep": {
			"loop": true,
			"bones": {
				"body": {
					"rotation": ["-90+Math.cos((query.anim_time) * 90 * 1) * 0.5", -17.5, 0],
					"position": [-3, "-24.25+Math.cos((query.anim_time) * 90 * 1) * 0.1", 8]
				},
				"eyelid": {
					"position": [0, 0, -0.15]
				},
				"arm2": {
					"rotation": [0, -45, 52.5]
				},
				"arm3": {
					"rotation": [85, -40, 0]
				},
				"arm4": {
					"rotation": ["17.5+Math.cos((query.anim_time) * 90 * 1) * -1", -42.5, -12.5]
				},
				"arm5": {
					"rotation": [7.5, -2.5, -2.5]
				},
				"hand": {
					"rotation": ["17.5+Math.cos((query.anim_time) * 90 * 1) * 1", -32.5, -20]
				},
				"finger": {
					"rotation": [20, 0, -20]
				},
				"finger3": {
					"rotation": [-15, 0, 0]
				},
				"finger4": {
					"rotation": [7.5, 0, -15]
				},
				"finger5": {
					"rotation": [10, 0, 0]
				},
				"finger7": {
					"rotation": [0, 0, -10]
				},
				"finger8": {
					"rotation": [12.5, 0, 0]
				},
				"finger10": {
					"rotation": [-5, 0, 0]
				},
				"finger11": {
					"rotation": [17.5, 0, 0]
				}
			}
		},
		"animation.honedge_delta.faint": {
			"loop": true,
			"animation_length": 3,
			"bones": {
				"body": {
					"rotation": {
						"0.0": [0, 0, 0],
						"0.2917": [-69.68, 0, 0],
						"0.5417": [-97.34, 0, 62.5],
						"0.7917": [-120, 0, 352.5],
						"0.9583": [-105, 0, 467],
						"1.1667": [-37.5, 0, 530.325],
						"1.375": [-17.75, 0, 542.25],
						"1.5833": [-13.5, 0, 542.25],
						"1.75": [-8.725, 0, 542.25],
						"1.9583": [7, 0, 542.25],
						"2.1667": [31.75, 0, 542.25],
						"2.2917": [91, 0, 542.25],
						"2.3333": [94.5, 0, 542.25],
						"2.4167": [87, 0, 542.25],
						"2.5417": [79.5, 0, 542.25],
						"2.6667": [89.5, 0, 542.25]
					},
					"position": {
						"0.0": [0, 0, 0],
						"0.25": [0, -10.45, 14.35],
						"0.5": [0, -15.74, 23.04],
						"0.5417": [0, -15.92, 28.36],
						"0.5833": [0, -16.1, 21.68],
						"0.6667": [0, -17.53, 14.63],
						"0.7917": [0, -19.61, 8.71],
						"1.0417": [0, -19.28, 1.13],
						"1.25": [0, -11.62, -1.865],
						"1.5": [0, "-6.28+Math.cos((query.anim_time-0.09) * 90 * 24) * 1", -3.245],
						"1.75": [0, "-4.18+Math.cos((query.anim_time-0.09) * 90 * 24) * 1", -3.245],
						"2.0": [0, "-4.91+Math.cos((query.anim_time-0.09) * 90 * 24) * 0.6", -3.24],
						"2.1667": [0, -7.01, -3.24],
						"2.2917": [0, -24.53, -3.24],
						"2.3333": [0, -25.28, -3.24],
						"2.4167": [0, -21.53, -3.24],
						"2.5": [0, -20.58, -3.24],
						"2.5833": [0, -21.58, -3.24],
						"2.625": [0, -24.155, -3.24]
					}
				},
				"eyelid": {
					"rotation": [0, 0, 0],
					"position": {
						"0.0": [0, 0, -0.1],
						"1.1667": [0, 0, -0.1],
						"1.2083": [0, 0, 0],
						"2.0": [0, 0, 0],
						"2.0417": [0, 0, -0.1]
					}
				},
				"arm": {
					"rotation": {
						"0.0": [0, 0, 0],
						"0.4167": [30, -37.5, 0]
					}
				},
				"arm2": {
					"rotation": {
						"0.0": [-12.5, 0, 0],
						"0.4583": [25, 0, -15],
						"0.5417": [57.5, 0, -15],
						"0.6667": [-27.5, 0, -15],
						"1.5417": [-20, 0, -15],
						"1.8333": [-2.5, 0, -15],
						"2.2917": [-42.5, 25, -15]
					}
				},
				"arm3": {
					"rotation": {
						"0.0": [-25, 0, 0],
						"0.5": [35, 0, -17.5],
						"0.6667": [-10, 0, -5],
						"0.8333": [5, 0, -5],
						"1.0417": [-20, 0, -5],
						"1.5417": [-15, 0, -5],
						"1.875": [-22.5, 0, -5],
						"2.1667": [-30, 0, -5],
						"2.2917": [-5, 0, -5]
					}
				},
				"arm4": {
					"rotation": {
						"0.0": [-22.5, 0, 0],
						"0.5417": [22.5, 0, -30],
						"0.6667": [22.5, 0, 12.5],
						"0.8333": [27.5, 0, 12.5],
						"1.0833": [-7.5, 0, 12.5],
						"1.1667": [-35, 0, 12.5],
						"1.5833": [-25, 0, 12.5],
						"1.9583": [-28.6, 0, 12.5],
						"2.2083": [-37.3, 0, 12.5],
						"2.2917": [-170, 0, 12.5],
						"2.375": [-164.5, 0, 12.5],
						"2.4167": [-155, 0, 12.5],
						"2.5417": [-156.5, 0, 12.5],
						"2.6667": [-170, 0, 12.5]
					}
				},
				"arm5": {
					"rotation": {
						"0.0": [-10, 0, 0],
						"0.5833": [15, 0, -20],
						"0.7083": [15, 0, 5],
						"0.875": [-7.5, 0, -12.5],
						"1.125": [-32.5, 0, -12.5],
						"2.0417": [-50, 0, -12.5],
						"2.1667": [-53, 0, -12.5],
						"2.25": [-102.5, 0, -12.5],
						"2.2917": [5, 0, -27.5],
						"2.4167": [-2.5, 0, -27.5],
						"2.5417": [6.25, 0, -27.5],
						"2.6667": [7, 0, -27.5]
					}
				},
				"hand": {
					"rotation": {
						"0.0": [-10, 0, 0],
						"0.5833": [22.5, 0, -12.5],
						"0.7083": [22.5, 0, 2.5],
						"0.9167": [-7.5, 0, 10],
						"1.3333": [-22.5, 0, 10],
						"1.7083": [-30, 0, 10],
						"2.0833": [-40, 0, 10],
						"2.2917": [0, 0, 10]
					}
				}
			}
		},
		"animation.honedge_delta.blink": {
			"animation_length": 0.16667,
			"bones": {
				"eyelid": {
					"position": {
						"0.0": [0, 0, -0.1],
						"0.125": [0, 0, -0.1],
						"0.1667": [0, 0, 0]
					}
				}
			}
		}
	}
}