{
	"format_version": "1.8.0",
	"animations": {
		"animation.larvesta_delta.exploded": {
			"loop": true,
			"bones": {
				"eye_left": {
					"position": [0, 0, -8]
				},
				"head": {
					"position": [0, 10, -15]
				},
				"eyelid_left": {
					"position": [0, 0, -4]
				}
			}
		},
		"animation.larvesta_delta.pose": {
			"loop": true,
			"bones": {
				"eyelid_left": {
					"position": [0, 0, 0]
				}
			}
		},
		"animation.larvesta_delta.ground_idle": {
			"loop": true,
			"bones": {
				"eyelid_left": {
					"position": [0, 0, 0]
				},
				"body": {
					"rotation": [0, "-0.1*math.sin(q.anim_time*90*4)", 0]
				},
				"tail": {
					"rotation": [0, "math.clamp(math.sin(q.anim_time*90*4)*0.1,-0.1,0.2)", 0]
				}
			}
		},
		"animation.larvesta_delta.ground_walk": {
			"loop": true,
			"bones": {
				"eyelid_left": {
					"position": [0, 0, 0]
				},
				"body": {
					"rotation": [0, 0, 0],
					"position": [0, 0, 0]
				}
			}
		}
	}
}