{
	"format_version": "1.8.0",
	"animations": {
		"animation.magirigus.ground_idle": {
			"loop": true,
			"bones": {
				"body": {
					"rotation": ["-8.4805+Math.cos((query.anim_time) * 90 * 2 - 90) * -1", 19.16296, "-2.8275+Math.cos((query.anim_time) * 90 * 1 - 90) * -3"],
					"position": [0, "1.5+Math.cos((query.anim_time) * 90 * 2) * 0.4", 1.75]
				},
				"door": {
					"rotation": [0, "-57.5+Math.cos((query.anim_time) * 90 * 1/2 - 90) * -5", 0]
				},
				"arm_left": {
					"rotation": [-16.40399, 40.42772, "25.5862+Math.cos((query.anim_time) * 90 * 1 - 130) * -3"]
				},
				"arm_left2": {
					"rotation": [-17.6685, 27.73062, "-76.8939+Math.cos((query.anim_time) * 90 * 1 - 170) * -8"]
				},
				"arm_left3": {
					"rotation": [63.73357, 27.31936, "61.2633+Math.cos((query.anim_time) * 90 * 1 - 220) * -8"]
				},
				"arm_left4": {
					"rotation": [0, "55+Math.cos((query.anim_time) * 90 * 1 - 290) * -12", -40]
				},
				"hand_left": {
					"rotation": [-49.51555, "-8.1526+Math.cos((query.anim_time) * 90 * 1 - 330) * 12", 22.7847]
				},
				"finger_left_index": {
					"rotation": [0, 30, 0]
				},
				"finger_topleft_index2": {
					"rotation": [0, 65, 0]
				},
				"finger_left_middle": {
					"rotation": [0, 32.5, 0]
				},
				"finger_topleft_middle2": {
					"rotation": [0, 87.5, 0]
				},
				"finger_left_ring": {
					"rotation": [0, 40, 0]
				},
				"finger_topleft_ring2": {
					"rotation": [0, 77.5, 0]
				},
				"finger_left_pinky": {
					"rotation": [0, 40, 0]
				},
				"finger_topleft_pinky2": {
					"rotation": [0, 52.5, 0]
				},
				"thumb_left": {
					"rotation": [-337.5, 65, -397.5]
				},
				"thumb_topleft2": {
					"rotation": [0, 0, 87.5]
				},
				"sword1": {
					"rotation": [0, 0, 180],
					"position": [0, 10, -26]
				},
				"arm_right": {
					"rotation": [21.88151, -29.47568, "40.5237+Math.cos((query.anim_time) * 90 * 1 - 130) * 6"]
				},
				"arm_right2": {
					"rotation": [-360, "-50+Math.cos((query.anim_time) * 90 * 1 - 180) * 6", -307.5]
				},
				"arm_right3": {
					"rotation": [37.69778, "-21.2842+Math.cos((query.anim_time) * 90 * 1 - 230) * 15", -64.84067]
				},
				"arm_right4": {
					"rotation": [0, "-15+Math.cos((query.anim_time) * 90 * 1 - 280) * 15", 95]
				},
				"hand_right": {
					"rotation": [-44.71854, "53.5046+Math.cos((query.anim_time) * 90 * 1 - 280) * -15", -50.92885]
				},
				"finger_right_index": {
					"rotation": [0, 0, 27.5]
				},
				"finger_topright_index2": {
					"rotation": [0, -10, 0]
				},
				"finger_topright_middle2": {
					"rotation": [0, -35, 0]
				},
				"finger_right_ring": {
					"rotation": [0, -7.5, -30]
				},
				"finger_topright_ring2": {
					"rotation": [0, -37.5, 0]
				},
				"finger_right_pinky": {
					"rotation": [6.21354, -23.77939, -54.31998]
				},
				"finger_topright_pinky2": {
					"rotation": [0, -37.5, 0]
				},
				"thumb_right": {
					"rotation": [0, 0, 57.5]
				},
				"thumb_topright2": {
					"rotation": [0, 0, 22.5]
				},
				"arm_right5": {
					"rotation": [-9.8644, -54.0701, -18.09128],
					"position": [-5, 0, -12]
				},
				"arm_right6": {
					"rotation": [262.94677, -44.78238, -265.01893]
				},
				"arm_right7": {
					"rotation": [4.80968, -7.53642, -81.62527]
				},
				"arm_right8": {
					"rotation": [98.22908, -24.3055, 43.22908]
				},
				"hand_right2": {
					"rotation": [-8.27961, 67.4764, 21.64838]
				},
				"finger_right_index2": {
					"rotation": [8.19037, -29.7174, 8.64388]
				},
				"finger_topright_index3": {
					"rotation": [0, -82.5, 0]
				},
				"finger_right_middle2": {
					"rotation": [0, -35, 0]
				},
				"finger_topright_middle3": {
					"rotation": [0, -87.5, 0]
				},
				"finger_right_ring2": {
					"rotation": [0, -40, 0]
				},
				"finger_topright_ring3": {
					"rotation": [0, -85, 0]
				},
				"finger_right_pinky2": {
					"rotation": [-3.19037, -29.7174, -8.64388]
				},
				"finger_topright_pinky3": {
					"rotation": [0, -85, 0]
				},
				"thumb_right2": {
					"rotation": [-25, -70, 30]
				},
				"thumb_topright3": {
					"rotation": [0, 50, 0]
				},
				"sword2": {
					"rotation": [0, 0, -90],
					"position": [1, 7, -38]
				},
				"sword4": {
					"position": [0, -2.75, 0]
				}
			}
		},
		"animation.magirigus.ground_walk": {
			"loop": true,
			"bones": {
				"body": {
					"rotation": ["19.0195+Math.cos((query.anim_time) * 90 * 4 - 90) * 3", "-8.337+Math.cos((query.anim_time) * 90 * 1) * 5", -0.32753],
					"position": [0, "1+Math.cos((query.anim_time) * 90 * 4) * 1.8", 0]
				},
				"door": {
					"rotation": [0, "-62.5+Math.cos((query.anim_time) * 90 * 4) * 2", 0]
				},
				"arm_left": {
					"rotation": [-41.40399, 40.42772, "43.0862+Math.cos((query.anim_time) * 90 * 4 - 140) * -2"]
				},
				"arm_left2": {
					"rotation": [-17.6685, 27.73062, "-76.8939+Math.cos((query.anim_time) * 90 * 4 - 190) * -4"]
				},
				"arm_left3": {
					"rotation": [63.73357, 27.31936, "61.2633+Math.cos((query.anim_time) * 90 * 4 - 240) * -8"]
				},
				"arm_left4": {
					"rotation": [0, "20+Math.cos((query.anim_time) * 90 * 4 - 290) * -8", -2.5]
				},
				"hand_left": {
					"rotation": ["0.4845+Math.cos((query.anim_time) * 90 * 4 - 240) * -2", "61.8474+Math.cos((query.anim_time) * 90 * 4 - 290) * 15", -14.71528]
				},
				"finger_left_index": {
					"rotation": [0, 30, 0]
				},
				"finger_topleft_index2": {
					"rotation": [0, 65, 0]
				},
				"finger_left_middle": {
					"rotation": [0, 32.5, 0]
				},
				"finger_topleft_middle2": {
					"rotation": [0, 87.5, 0]
				},
				"finger_left_ring": {
					"rotation": [0, 40, 0]
				},
				"finger_topleft_ring2": {
					"rotation": [0, 77.5, 0]
				},
				"finger_left_pinky": {
					"rotation": [0, 40, 0]
				},
				"finger_topleft_pinky2": {
					"rotation": [0, 52.5, 0]
				},
				"thumb_left": {
					"rotation": [-337.5, 65, -397.5]
				},
				"thumb_topleft2": {
					"rotation": [0, 0, 87.5]
				},
				"sword1": {
					"rotation": [0, 0, 180],
					"position": [0, 10, -26]
				},
				"arm_right": {
					"rotation": [-53.11849, -46.97568, 40.52368],
					"position": [0, "0+Math.cos((query.anim_time) * 90 * 4 - 45) * 0.5", 0]
				},
				"arm_right2": {
					"rotation": [-360, -77.5, -307.5]
				},
				"arm_right3": {
					"rotation": [10.19778, 3.7158, -49.84067]
				},
				"arm_right4": {
					"rotation": [-17.5, 2.5, 130]
				},
				"hand_right": {
					"rotation": [-132.21854, -18.99538, -45.92885]
				},
				"finger_right_index": {
					"rotation": [-25, "-42.5+Math.cos((query.anim_time) * 90 * 4 - 140) * 6", 12.5]
				},
				"finger_topright_index2": {
					"rotation": [0, -17.5, 0]
				},
				"finger_topright_middle2": {
					"rotation": [0, -47.5, 0]
				},
				"finger_right_ring": {
					"rotation": [25, -75, -32.5]
				},
				"finger_topright_ring2": {
					"rotation": [0, -72.5, 0]
				},
				"finger_right_pinky": {
					"rotation": [16.21354, -88.77939, -26.81998]
				},
				"finger_topright_pinky2": {
					"rotation": [0, -62.5, 0]
				},
				"thumb_right": {
					"rotation": [-10, -35, 72.5]
				},
				"thumb_topright2": {
					"rotation": [0, 0, 17.5]
				},
				"arm_right5": {
					"rotation": [25.1356, 18.4299, "6.9087+Math.cos((query.anim_time) * 90 * 4 - 140) * 2"],
					"position": [-5, 0, -12]
				},
				"arm_right6": {
					"rotation": [262.94677, -44.78238, "-265.0189+Math.cos((query.anim_time) * 90 * 4 - 190) * 4"]
				},
				"arm_right7": {
					"rotation": [4.80968, -7.53642, "-56.6253+Math.cos((query.anim_time) * 90 * 4 - 240) * 4"]
				},
				"arm_right8": {
					"rotation": [25.72908, -49.30553, 48.22908]
				},
				"hand_right2": {
					"rotation": [6.72039, -27.5236, -13.35162]
				},
				"finger_right_index2": {
					"rotation": [8.19037, -29.7174, 8.64388]
				},
				"finger_topright_index3": {
					"rotation": [0, -82.5, 0]
				},
				"finger_right_middle2": {
					"rotation": [0, -35, 0]
				},
				"finger_topright_middle3": {
					"rotation": [0, -87.5, 0]
				},
				"finger_right_ring2": {
					"rotation": [0, -40, 0]
				},
				"finger_topright_ring3": {
					"rotation": [0, -85, 0]
				},
				"finger_right_pinky2": {
					"rotation": [-3.19037, -29.7174, -8.64388]
				},
				"finger_topright_pinky3": {
					"rotation": [0, -85, 0]
				},
				"thumb_right2": {
					"rotation": [-25, -70, 30]
				},
				"thumb_topright3": {
					"rotation": [0, 50, 0]
				},
				"sword2": {
					"rotation": [0, 0, -90],
					"position": [1, 7, -38]
				},
				"finger_right_middle": {
					"rotation": [-7.43974, "-51.971+Math.cos((query.anim_time) * 90 * 4 - 160) * 8", 0.88806]
				},
				"sword3": {
					"rotation": [105, 0, 0]
				}
			}
		},
		"animation.magirigus.sleep": {
			"loop": true,
			"bones": {
				"body": {
					"position": [0, -2, 0]
				},
				"door": {
					"rotation": [0, -90, 0]
				},
				"arm_left": {
					"rotation": [0, -122.5, 0],
					"position": [0, 0, -2]
				},
				"arm_left2": {
					"rotation": [0, 180, 0]
				},
				"arm_left3": {
					"rotation": [0, 180, 0]
				},
				"arm_left4": {
					"rotation": [0, 180, 0]
				},
				"hand_left": {
					"rotation": [0, 180, 0]
				},
				"sword4": {
					"rotation": [0, 7.5, -10],
					"position": [8, -27, -2.5]
				},
				"arm_right": {
					"rotation": [0, 122.5, 0],
					"position": [0, 0, -2]
				},
				"arm_right2": {
					"rotation": [0, -180, 0]
				},
				"arm_right3": {
					"rotation": [0, -180, 0]
				},
				"arm_right4": {
					"rotation": [0, -180, 0]
				},
				"hand_right": {
					"rotation": [0, -180, 0]
				},
				"arm_right5": {
					"rotation": [0, 122.5, 0],
					"position": [0, 0, -2]
				},
				"arm_right6": {
					"rotation": [0, -180, 0]
				},
				"arm_right7": {
					"rotation": [0, -180, 0]
				},
				"arm_right8": {
					"rotation": [0, -180, 0]
				},
				"hand_right2": {
					"rotation": [0, -180, 0]
				},
				"sword3": {
					"rotation": [15.8478, -58.60849, -109.39653],
					"position": [
						"-2.5+Math.cos((query.anim_time) * 90 * 1 - 90) * 0.3",
						"-18.25+Math.cos((query.anim_time) * 90 * 1 - 90) * 0.1",
						"15+Math.cos((query.anim_time) * 90 * 1 - 90) * 0.4"
					]
				},
				"sword1": {
					"rotation": [0, 0, 180],
					"position": [0, "11+Math.cos((query.anim_time) * 90 * 1) * 0.4", -26]
				},
				"sword2": {
					"rotation": [0, 0, -90],
					"position": ["5+Math.cos((query.anim_time) * 90 * 1 - 45) * 0.4", 7, -38]
				}
			}
		},
		"animation.magirigus.faint": {
			"loop": true,
			"animation_length": 3,
			"bones": {
				"body": {
					"rotation": {
						"0.0": [-8.4805, 19.16296, -2.8275],
						"0.0833": [3.77, 11.66, -2.83],
						"0.1667": {
							"pre": [30.27, -12.84, -2.83],
							"post": [30.27, -12.84, -2.83],
							"lerp_mode": "catmullrom"
						},
						"0.3333": {
							"post": [36.52, -21.59, -2.83],
							"lerp_mode": "catmullrom"
						},
						"0.5833": {
							"post": [30.52, -17.59, -2.83],
							"lerp_mode": "catmullrom"
						},
						"0.8333": {
							"post": [11.77, -3.59, -2.83],
							"lerp_mode": "catmullrom"
						},
						"1.0417": [8.02, 0.41, -2.83],
						"1.2083": [22.77, 0.41, -2.83],
						"1.2917": [14.47, 0.41, -2.83],
						"1.4167": [-31.98, 0.41, -2.83],
						"1.5": ["-41.85+Math.cos((query.anim_time) * 90 * 48) * 4", "0.41+Math.cos((query.anim_time) * 90 * 48 - 90) * 4", -2.83],
						"1.8333": ["-47.98+Math.cos((query.anim_time) * 90 * 48) * 2", 0.41, -2.83],
						"2.0": [-61.48, 0.41, -2.83],
						"2.0833": [-86.73, 0.41, -0.33],
						"2.2083": [-93.98, 0.41, -0.33],
						"2.3333": [-93.205, 0.41, -0.33],
						"2.4583": [-90.73, 0.41, -0.33]
					},
					"position": {
						"0.0": [0, 1.5, 1.75],
						"0.0833": [0, 1.5, -1.5],
						"0.2083": [0, 1.5, 14.75],
						"0.2917": {
							"pre": [0, 1.5, 19.5],
							"post": [0, 1.5, 19.5],
							"lerp_mode": "catmullrom"
						},
						"0.4167": {
							"post": [0, 1.5, 20.275],
							"lerp_mode": "catmullrom"
						},
						"0.5833": {
							"post": [0, 1.5, 15.175],
							"lerp_mode": "catmullrom"
						},
						"0.9167": [0, 1.5, 3.125],
						"1.0417": [0, 1.5, 0.5],
						"1.2083": [0, 1.5, -1],
						"1.3333": [0, 4.8, 0.7],
						"1.4167": [0, 21, 3.25],
						"1.5833": [0, 27.2, 3.25],
						"1.7083": [0, 28.87, 3.25],
						"1.8333": [0, 26.2, 3.25],
						"1.9167": [0, 18.35, 3.25],
						"2.0417": [0, -27.925, 3.25],
						"2.125": [0, -31.6, 3.25],
						"2.2083": [0, -29.775, 3.25],
						"2.2917": [0, -26.425, 3.25]
					}
				},
				"door": {
					"rotation": {
						"0.0": [0, -57.5, 0],
						"0.0833": [0, -59, 0],
						"0.1667": [0, -89, 0],
						"0.4167": [0, -85.15, 0],
						"0.75": [0, -47.75, 0],
						"1.1667": [0, -30.5, 0],
						"1.25": [0, -36.1, 0],
						"1.3333": [0, -83.5, 0],
						"1.375": [0, -90.5, 0]
					}
				},
				"arm_left": {
					"rotation": {
						"0.0": [-3.90399, 40.42772, 13.08619],
						"0.125": [-28.81639, 45.41639, 12.7385],
						"0.375": [-39.01426, 15.97895, 34.40823],
						"0.75": [-47.525, 7.28089, 46.18647],
						"1.0417": [-28.79866, 45.92611, 12.47012],
						"1.2917": [-1.99294, 49.66339, 32.50012],
						"1.4167": [-31.32684, 35.61804, 19.0155],
						"1.9583": [-50.19895, 6.40141, 49.28089],
						"2.0": [0, 0, 0]
					},
					"position": {
						"1.9583": [0, 0, 0],
						"2.0": [-5.75, -14.25, -12]
					}
				},
				"arm_left2": {
					"rotation": {
						"0.0": [-17.6685, 27.73062, -76.8939],
						"0.1667": [-3.17805, 32.36121, -48.42236],
						"0.4583": [-2.81566, -17.57897, -45.86904],
						"0.9583": [-3.02809, -27.56605, -45.31771],
						"1.2083": [-2.72459, 9.89012, -47.18836],
						"1.5": [-42.41406, 43.203, -98.15878],
						"1.9583": [-42.41406, 43.203, -98.15878],
						"2.0": [0, 180, 0]
					}
				},
				"arm_left3": {
					"rotation": {
						"0.0": [63.73357, 27.31936, 61.26326],
						"0.2917": [0.13118, 66.8471, -15.83232],
						"0.5833": [54.71481, 22.58383, 41.87961],
						"1.0417": [43.46132, 27.18133, 1.80179],
						"1.3333": [17.80488, 47.29976, -38.85742],
						"1.4583": [47.37498, -17.54876, 43.04657],
						"1.9583": [47.37498, -17.54876, 43.04657],
						"2.0": [0, 180, 0]
					}
				},
				"arm_left4": {
					"rotation": {
						"0.0": [0, 55, -40],
						"0.375": [23.24122, 51.37417, -11.20211],
						"0.6667": [57.61847, 0.06875, 32.17961],
						"1.2083": [57.00192, -10.46365, 38.94912],
						"1.375": [22.09519, 54.68982, -31.32742],
						"1.5": [14.9397, -1.38896, -78.25058],
						"1.9583": [14.9397, -1.38896, -78.25058],
						"2.0": [0, 180, 0]
					}
				},
				"hand_left": {
					"rotation": {
						"0.0": [-49.51555, 11.84739, 75.28472],
						"1.9583": [-49.51555, 11.84739, 75.28472],
						"2.0": [0, 160, 0]
					}
				},
				"finger_left_index": {
					"rotation": [0, 30, 0]
				},
				"finger_topleft_index2": {
					"rotation": [0, 65, 0]
				},
				"finger_left_middle": {
					"rotation": [0, 32.5, 0]
				},
				"finger_topleft_middle2": {
					"rotation": [0, 87.5, 0]
				},
				"finger_left_ring": {
					"rotation": [0, 40, 0]
				},
				"finger_topleft_ring2": {
					"rotation": [0, 77.5, 0]
				},
				"finger_left_pinky": {
					"rotation": [0, 40, 0]
				},
				"finger_topleft_pinky2": {
					"rotation": [0, 52.5, 0]
				},
				"thumb_left": {
					"rotation": [-337.5, 65, -397.5]
				},
				"thumb_topleft2": {
					"rotation": [0, 0, 87.5]
				},
				"sword1": {
					"rotation": [0, 0, 180],
					"position": {
						"0.0": [0, 10, -26],
						"1.375": [0, 10, -26],
						"1.4583": [0, 42, -26],
						"1.9167": [0, 39, -26],
						"2.1667": [0, 9, -26]
					}
				},
				"arm_right": {
					"rotation": {
						"0.0": [21.88151, -29.47568, 40.52368],
						"0.125": [21.88151, -29.47568, 40.52368],
						"0.1667": [0, -40, 0]
					},
					"position": {
						"0.125": [0, 0, 0],
						"0.1667": [14.25, -6.25, -11.75]
					}
				},
				"arm_right2": {
					"rotation": {
						"0.0": [-360, -50, -307.5],
						"0.125": [-360, -50, -307.5],
						"0.1667": [0, -180, 0]
					}
				},
				"arm_right3": {
					"rotation": {
						"0.0": [37.69778, -21.2842, -64.84067],
						"0.125": [37.69778, -21.2842, -64.84067],
						"0.1667": [0, -180, 0]
					}
				},
				"arm_right4": {
					"rotation": {
						"0.0": [0, -15, 95],
						"0.125": [0, -15, 95],
						"0.1667": [0, -180, 0]
					}
				},
				"hand_right": {
					"rotation": {
						"0.0": [-44.71854, 53.50462, -50.92885],
						"0.125": [-44.71854, 53.50462, -50.92885],
						"0.1667": [0, -180, 0]
					}
				},
				"finger_right_index": {
					"rotation": [0, 0, 27.5]
				},
				"finger_topright_index2": {
					"rotation": [0, 12.5, 0]
				},
				"finger_topright_middle2": {
					"rotation": [0, -22.5, 0]
				},
				"finger_right_ring": {
					"rotation": [0, -7.5, -30]
				},
				"finger_topright_ring2": {
					"rotation": [0, -37.5, 0]
				},
				"finger_right_pinky": {
					"rotation": [6.21354, -23.77939, -54.31998]
				},
				"finger_topright_pinky2": {
					"rotation": {
						"0.0": [0, -37.5, 0],
						"0.125": [0, -37.5, 0],
						"0.1667": [0, -1.5, -47.5]
					}
				},
				"thumb_right": {
					"rotation": [0, 0, 80]
				},
				"thumb_topright2": {
					"rotation": [0, 0, 22.5]
				},
				"arm_right5": {
					"rotation": {
						"0.0": [-9.8644, -54.0701, -18.09128],
						"0.0417": [-9.86, -50.32, -18.09],
						"0.2083": [-9.86, 28.43, -18.09],
						"0.3333": [-9.86, 33.43, -18.09]
					},
					"position": [-5, 0, -12]
				},
				"arm_right6": {
					"rotation": {
						"0.0": [262.94677, -44.78238, -265.01893],
						"0.2917": [262.94677, -44.78238, -265.01893],
						"0.9167": [262.95, -44.78, -285.02],
						"1.3333": [200.45, -102.28, -300.02],
						"1.375": [200.45, -149.78, -330.02]
					},
					"position": {
						"1.3333": [0, 0, 0],
						"1.4167": [0, 0, "0+Math.cos((query.anim_time) * 90 * 48) * 0.5"],
						"1.7083": [0, 0, "0+Math.cos((query.anim_time) * 90 * 48) * 0.5"],
						"1.875": [0, 0, 0]
					}
				},
				"arm_right7": {
					"rotation": {
						"0.0": [4.80968, -7.53642, -81.62527],
						"0.4167": [4.81, 14.96, -76.63],
						"0.625": [4.81, 19.96, -76.63],
						"1.0417": [4.81, 42.46, -79.13],
						"1.25": [4.81, 39.46, -85.105],
						"1.375": [39.81, 24.96, -99.13],
						"1.9583": [39.81, 24.96, -99.13],
						"2.125": [39.81, 24.96, -59.13],
						"2.3333": [39.81, 24.96, -68.705]
					}
				},
				"arm_right8": {
					"rotation": {
						"0.0": [98.22908, -24.30553, 43.22908],
						"1.125": [98.23, -1.81, 43.23],
						"1.3333": [143.23, -3.56, 43.23],
						"1.375": [155.73, -16.81, 58.23]
					}
				},
				"hand_right2": {
					"rotation": {
						"0.0": [-8.27961, 67.4764, 21.64838],
						"0.125": [-18.78, 52.155, 26.65],
						"0.4167": [-43.28, 39.98, -3.35],
						"1.0833": [-43.28, 39.98, -3.35],
						"1.25": [-30.42, 23.55, 38.08],
						"1.375": [-20.78, -32.52, 69.15],
						"1.9167": [-20.78, -32.52, 69.15],
						"2.125": [-23.28, -15.02, 79.15],
						"2.3333": [-23.28, -15.02, 74.15]
					},
					"position": {
						"1.2917": [0, 0, 0],
						"1.375": [0, 1.75, 0]
					}
				},
				"finger_right_index2": {
					"rotation": [8.19037, -29.7174, 8.64388]
				},
				"finger_topright_index3": {
					"rotation": [0, -82.5, 0]
				},
				"finger_right_middle2": {
					"rotation": [0, -35, 0]
				},
				"finger_topright_middle3": {
					"rotation": [0, -87.5, 0]
				},
				"finger_right_ring2": {
					"rotation": [0, -40, 0]
				},
				"finger_topright_ring3": {
					"rotation": [0, -85, 0]
				},
				"finger_right_pinky2": {
					"rotation": [-3.19037, -29.7174, -8.64388]
				},
				"finger_topright_pinky3": {
					"rotation": [0, -85, 0]
				},
				"thumb_right2": {
					"rotation": [-25, -70, 30]
				},
				"thumb_topright3": {
					"rotation": [0, 50, 0]
				},
				"sword2": {
					"rotation": [0, 0, -90],
					"position": {
						"0.0": [1, 7, -38],
						"1.375": [1, 7, -38],
						"1.4583": [28, 7, -38],
						"1.9167": [25, 7, -38],
						"2.0417": [1, 7, -38]
					}
				},
				"sword3": {
					"rotation": {
						"0.0": [0, 0, 0],
						"0.25": [70, 0, 0]
					}
				},
				"eyelid_left": {
					"position": [0, 0, -1]
				},
				"eyelid_right": {
					"position": [0, 0, -1]
				},
				"blade4": {
					"position": {
						"1.9583": [0, 0, 0],
						"2.0": [19.25, 0, 0]
					}
				}
			}
		},
		"animation.magirigus.blink": {
			"animation_length": 0.16667,
			"bones": {
				"eyelid_left": {
					"position": {
						"0.0": [0, 0, -1],
						"0.125": [0, 0, -1],
						"0.1667": [0, 0, 0]
					}
				},
				"eyelid_right": {
					"position": {
						"0.0": [0, 0, -1],
						"0.125": [0, 0, -1],
						"0.1667": [0, 0, 0]
					}
				}
			}
		},
		"animation.magirigus.pose": {
			"loop": true,
			"bones": {
				"body": {
					"rotation": [-38.48047, -8.33704, 9.67247]
				},
				"door": {
					"rotation": [0, -57.5, 0]
				},
				"arm_left": {
					"rotation": [-3.90399, 40.42772, 13.08619]
				},
				"arm_left2": {
					"rotation": [-17.6685, 27.73062, -76.8939]
				},
				"arm_left3": {
					"rotation": [63.73357, 27.31936, 61.26326]
				},
				"arm_left4": {
					"rotation": [0, 55, -40]
				},
				"hand_left": {
					"rotation": [-49.51555, 11.84739, 75.28472]
				},
				"finger_left_index": {
					"rotation": [0, 30, 0]
				},
				"finger_topleft_index2": {
					"rotation": [0, 65, 0]
				},
				"finger_left_middle": {
					"rotation": [0, 32.5, 0]
				},
				"finger_topleft_middle2": {
					"rotation": [0, 87.5, 0]
				},
				"finger_left_ring": {
					"rotation": [0, 40, 0]
				},
				"finger_topleft_ring2": {
					"rotation": [0, 77.5, 0]
				},
				"finger_left_pinky": {
					"rotation": [0, 40, 0]
				},
				"finger_topleft_pinky2": {
					"rotation": [0, 52.5, 0]
				},
				"thumb_left": {
					"rotation": [-337.5, 65, -397.5]
				},
				"thumb_topleft2": {
					"rotation": [0, 0, 87.5]
				},
				"sword1": {
					"rotation": [0, 0, 180],
					"position": [0, 10, -26]
				},
				"arm_right": {
					"rotation": [21.88151, -29.47568, 40.52368]
				},
				"arm_right2": {
					"rotation": [-360, -50, -307.5]
				},
				"arm_right3": {
					"rotation": [37.69778, -21.2842, -64.84067]
				},
				"arm_right4": {
					"rotation": [0, -15, 95]
				},
				"hand_right": {
					"rotation": [-44.71854, 53.50462, -50.92885]
				},
				"finger_right_index": {
					"rotation": [0, 0, 27.5]
				},
				"finger_topright_index2": {
					"rotation": [0, 12.5, 0]
				},
				"finger_topright_middle2": {
					"rotation": [0, -22.5, 0]
				},
				"finger_right_ring": {
					"rotation": [0, -7.5, -30]
				},
				"finger_topright_ring2": {
					"rotation": [0, -37.5, 0]
				},
				"finger_right_pinky": {
					"rotation": [6.21354, -23.77939, -54.31998]
				},
				"finger_topright_pinky2": {
					"rotation": [0, -37.5, 0]
				},
				"thumb_right": {
					"rotation": [0, 0, 80]
				},
				"thumb_topright2": {
					"rotation": [0, 0, 22.5]
				},
				"arm_right5": {
					"rotation": [-9.8644, -54.0701, -18.09128],
					"position": [-5, 0, -12]
				},
				"arm_right6": {
					"rotation": [262.94677, -44.78238, -265.01893]
				},
				"arm_right7": {
					"rotation": [4.80968, -7.53642, -81.62527]
				},
				"arm_right8": {
					"rotation": [98.22908, -24.30553, 43.22908]
				},
				"hand_right2": {
					"rotation": [-8.27961, 67.4764, 21.64838]
				},
				"finger_right_index2": {
					"rotation": [8.19037, -29.7174, 8.64388]
				},
				"finger_topright_index3": {
					"rotation": [0, -82.5, 0]
				},
				"finger_right_middle2": {
					"rotation": [0, -35, 0]
				},
				"finger_topright_middle3": {
					"rotation": [0, -87.5, 0]
				},
				"finger_right_ring2": {
					"rotation": [0, -40, 0]
				},
				"finger_topright_ring3": {
					"rotation": [0, -85, 0]
				},
				"finger_right_pinky2": {
					"rotation": [-3.19037, -29.7174, -8.64388]
				},
				"finger_topright_pinky3": {
					"rotation": [0, -85, 0]
				},
				"thumb_right2": {
					"rotation": [-25, -70, 30]
				},
				"thumb_topright3": {
					"rotation": [0, 50, 0]
				},
				"sword2": {
					"rotation": [0, 0, -90],
					"position": [1, 7, -38]
				}
			}
		},
		"animation.magirigus.exploded": {
			"loop": true,
			"bones": {
				"door": {
					"position": [0, 0, -22]
				},
				"eye_left": {
					"position": [0, 0, -16]
				},
				"eye_right": {
					"position": [0, 0, -19]
				}
			}
		}
	}
}