{
	"format_version": "1.8.0",
	"animations": {
		"animation.missingno.idle": {
			"loop": true,
			"bones": {
				"body": {
					"rotation": ["0+math.sin(q.anim_time*90*2)*3", 0, 0],
					"position": ["0+math.sin(q.anim_time*90*2)*3", "3-math.clamp(math.sin(q.anim_time*90*4-90)*1+1,0,2)", 0]
				}
			}
		},
		"animation.missingno.blink": {
			"animation_length": 1,
			"bones": {
				"body": {
					"rotation": {
						"0.0": [0, 0, 0],
						"0.2917": {"pre": [0, 0, 0], "post": [-14.33501, -4.46375, -16.93839]},
						"0.375": {"pre": [-14.33501, -4.46375, -16.93839], "post": [8.36728, 5.07855, 19.37006]},
						"0.4583": {"pre": [8.36728, 5.07855, 19.37006], "post": [-7.07735, -6.76488, -173.08285]},
						"0.5833": {"pre": [-7.07735, -6.76488, -173.08285], "post": [0, 0, 0]}
					},
					"position": {
						"0.0": [0, 0, 0],
						"0.4583": {"pre": [0, 0, 0], "post": [0, 54, 0]},
						"0.5833": {"pre": [0, 54, 0], "post": [0, 0, 0]}
					},
					"scale": {
						"0.0": [1, 1, 1],
						"0.5833": {"pre": [1, 1, 1], "post": [1, 1, 1]}
					}
				},
				"ghost": {
					"rotation": {
						"0.0833": [0, 0, 0],
						"0.2917": [0, 0, 0],
						"0.4167": [0, 0, 0],
						"0.5417": [0, 0, 0],
						"0.6667": [0, 0, 0]
					},
					"position": {
						"0.0833": [-20, 642, 0],
						"0.125": [-22.34793, 637.61218, 0],
						"0.1667": [-30.80707, 621.8037, 0],
						"0.2083": [-43.49293, 598.0963, 0],
						"0.25": [-51.95207, 582.28782, 0],
						"0.2917": [-54.3, 577.9, 0],
						"0.3333": [-56.5362, 588.83369, 0],
						"0.375": [-73.7638, 673.06631, 0],
						"0.4167": [-76, 684, 0],
						"0.4583": [-75.48475, 679.15661, 0],
						"0.5": [-71.51525, 641.84339, 0],
						"0.5417": [-71, 637, 0],
						"0.5833": [-63.68339, 630.81695, 0],
						"0.625": [-7.31661, 583.18305, 0],
						"0.6667": [0, 577, 0]
					}
				},
				"dino": {
					"rotation": {
						"0.0833": [0, 0, 0],
						"0.2917": [0, 0, 0],
						"0.4167": [0, 0, 0],
						"0.5417": [0, 0, 0],
						"0.6667": [0, 0, 0]
					},
					"position": {
						"0.0833": [0, 577, 0],
						"0.125": [5.0655, 583.43456, 0],
						"0.1667": [23.31554, 606.61703, 0],
						"0.2083": [50.68446, 641.38297, 0],
						"0.25": [68.9345, 664.56544, 0],
						"0.2917": [74, 671, 0],
						"0.3333": [73.14468, 663.99254, 0],
						"0.375": [66.55532, 610.00746, 0],
						"0.4167": [65.7, 603, 0],
						"0.4583": [65.93702, 612.78983, 0],
						"0.5": [67.76298, 688.21017, 0],
						"0.5417": [68, 698, 0],
						"0.5833": [60.99254, 685.53085, 0],
						"0.625": [7.00746, 589.46915, 0],
						"0.6667": [0, 577, 0]
					}
				}
			}
		}
	}
}