{
	"format_version": "1.8.0",
	"animations": {
		"animation.polfeegeist.ground_idle": {
			"loop": true,
			"bones": {
				"cup": {
					"rotation": ["0+math.sin(q.anim_time*90*0.75-90)*3", 0, "0+math.sin(q.anim_time*90*1.5-90)*3"],
					"position": ["0+math.sin(q.anim_time*90*1.5-90)*3", "0+math.sin(q.anim_time*90*3)*1", "0+math.sin(q.anim_time*90*3)*0.5"]
				},
				"tripple_smoke": {
					"rotation": ["0+math.sin(q.anim_time*90*5-90)*3.5", 0, 0]
				},
				"smoke2": {
					"rotation": [0, "0+math.sin(q.anim_time*90*5-90)*3.5", 0]
				},
				"smoke_head": {
					"rotation": ["0+math.sin(q.anim_time*90*5-90)*3.5", 0, 0]
				}
			}
		},
		"animation.polfeegeist.ground_walk": {
			"loop": true,
			"bones": {
				"cup": {
					"rotation": [25, "0+math.sin(q.anim_time*90*1.5-90)*4", "0+math.sin(q.anim_time*90*1.5+60)*3"],
					"position": ["0+math.sin(q.anim_time*90*1.5)*2", "0+math.sin(q.anim_time*90*3)*1", "6+math.sin(q.anim_time*90*3)*0.5"]
				},
				"tripple_smoke": {
					"rotation": ["0+math.sin(q.anim_time*90*5-90)*3.5", 0, 0]
				},
				"smoke2": {
					"rotation": [0, "0+math.sin(q.anim_time*90*5-90)*3.5", 0]
				},
				"smoke_head": {
					"rotation": ["0+math.sin(q.anim_time*90*5-90)*3.5", 0, 0]
				}
			}
		}
	}
}