{
	"format_version": "1.8.0",
	"animations": {
		"animation.quilava_delta.ground_idle": {
			"loop": true,
			"animation_length": 1.58333,
			"bones": {
				"torso": {
					"rotation": ["0+math.cos(q.anim_time*90*5/2)*1", 0, 0],
					"position": [0, "0+math.sin(q.anim_time*90*5/2)*0.2", 0]
				},
				"torso2": {
					"rotation": ["17.5+math.cos(q.anim_time*90*5/2-60)*1", 0, 0]
				},
				"torso3": {
					"rotation": ["25-math.cos(q.anim_time*90*5/2-120)*2", 0, 0]
				},
				"arm_left": {
					"rotation": ["51.5304-math.cos(q.anim_time*90*5/2-120)*4", 20.82047, -61.33448],
					"position": [0.5, "-0.1-math.sin(q.anim_time*90*5/2-60)*0.2", "0+math.sin(q.anim_time*90*5/2-60)*0.4"]
				},
				"arm_left2": {
					"rotation": ["12-math.cos(q.anim_time*90*5/2-120)*-11", 0, 0]
				},
				"arm_left3": {
					"rotation": ["12.5-math.cos(q.anim_time*90*5/2-100)*5", 0, 0]
				},
				"arm_right": {
					"rotation": ["69.8464-math.cos(q.anim_time*90*5/2-120)*4", -23.6496, 81.55286],
					"position": [-0.5, "-0.1-math.sin(q.anim_time*90*5/2-60)*0.2", "0+math.sin(q.anim_time*90*5/2-60)*0.4"]
				},
				"arm_right2": {
					"rotation": ["14.5-math.cos(q.anim_time*90*5/2-120)*-11", 0, 0]
				},
				"arm_right3": {
					"rotation": ["7.5-math.cos(q.anim_time*90*5/2-100)*5", 0, 0]
				},
				"head": {
					"rotation": ["50+math.cos(q.anim_time*90*5/2-130)*1", 0, 0]
				},
				"leg_left": {
					"rotation": ["14.8-math.sin(q.anim_time*90*5/2)*6", -5, 0],
					"position": [0.5, 0, 0]
				},
				"foot_left": {
					"rotation": ["27.5+math.sin(q.anim_time*90*5/2)*15", 0, 0]
				},
				"foot_left2": {
					"rotation": ["-40+math.sin(q.anim_time*90*5/2)*-10", 0, 0]
				},
				"leg_right": {
					"rotation": ["14.8-math.sin(q.anim_time*90*5/2)*6", 5, 0],
					"position": [-0.5, 0, 0]
				},
				"foot_right": {
					"rotation": ["27.5+math.sin(q.anim_time*90*5/2)*15", 0, 0]
				},
				"foot_right2": {
					"rotation": ["-40+math.sin(q.anim_time*90*5/2)*-10", 0, 0]
				},
				"fire_back": {
					"rotation": [-12.5, 0, 0],
					"scale": [0.2, -0.1, 1]
				},
				"fire_head": {
					"scale": [1, 0, 0]
				},
				"ear_right": {
					"rotation": ["0+math.cos(q.anim_time*90*5/2-120)*2", 0, "0+math.cos(q.anim_time*90*5/2-120)*5"]
				},
				"ear_left": {
					"rotation": ["0-math.cos(q.anim_time*90*5/2-120)*2", 0, "0-math.cos(q.anim_time*90*5/2-120)*5"]
				},
				"body": {
					"position": [0, "0+math.sin(q.anim_time*90*5/2)*0.2", 0]
				}
			}
		},
		"animation.quilava_delta.battle_idle": {
			"loop": true,
			"bones": {
				"torso": {
					"rotation": ["0+math.cos(q.anim_time*90*5/2)*1", 0, 0],
					"position": [0, "0+math.sin(q.anim_time*90*5/2)*0.2", 0]
				},
				"torso2": {
					"rotation": ["14.9228+math.cos(q.anim_time*90*5/2-60)*1", 2.42969, -0.95584]
				},
				"torso3": {
					"rotation": ["30-math.cos(q.anim_time*90*5/2-120)*2", 0, 0]
				},
				"arm_left": {
					"rotation": ["33.8416-math.cos(q.anim_time*90*5/2-120)*4", 7.33504, -60.77928],
					"position": [0.5, "-0.1-math.sin(q.anim_time*90*5/2-60)*0.2", "0+math.sin(q.anim_time*90*5/2-60)*0.4"]
				},
				"arm_left2": {
					"rotation": ["15.9898-math.cos(q.anim_time*90*5/2-120)*-10", -0.47688, 2.45412]
				},
				"arm_left3": {
					"rotation": ["15-math.cos(q.anim_time*90*5/2-100)*5", 0, 0]
				},
				"arm_right": {
					"rotation": ["50.7079-math.cos(q.anim_time*90*5/2-120)*4", -8.95641, -262.56993],
					"position": [-0.5, "-0.1-math.sin(q.anim_time*90*5/2-60)*0.2", "0+math.sin(q.anim_time*90*5/2-60)*0.4"]
				},
				"arm_right2": {
					"rotation": ["24.5-math.cos(q.anim_time*90*5/2-120)*-14", 0, 0]
				},
				"arm_right3": {
					"rotation": ["12.5-math.cos(q.anim_time*90*5/2-100)*11", 0, 0]
				},
				"head": {
					"rotation": ["45.8905+math.cos(q.anim_time*90*5/2-130)*1", 4.26977, 8.27733]
				},
				"leg_left": {
					"rotation": ["4.8-math.sin(q.anim_time*90*5/2)*6", -10, 0],
					"position": [1, -0.1, 0]
				},
				"foot_left": {
					"rotation": ["27.5+math.sin(q.anim_time*90*5/2)*15", 0, 0]
				},
				"foot_left2": {
					"rotation": ["-32.5+math.sin(q.anim_time*90*5/2)*-10", 0, 0]
				},
				"leg_right": {
					"rotation": ["4.8-math.sin(q.anim_time*90*5/2)*6", 10, 0],
					"position": [-1.5, 0, 0]
				},
				"foot_right": {
					"rotation": ["27.5+math.sin(q.anim_time*90*5/2)*15", 0, 0]
				},
				"foot_right2": {
					"rotation": ["-32.5+math.sin(q.anim_time*90*5/2)*-10", 0, 0]
				},
				"fire_back": {
					"rotation": ["-10+math.sin(q.anim_time*90*3*2+30)*1-1*6", 0, "0+math.sin(q.anim_time*90*3-10)*1-1)+6*(math.sin(q.anim_time*90*3/2-90)*10"],
					"scale": [1, "2-math.sin(q.anim_time*90*4*2-10)*0.02-1", "1.9-math.sin(q.anim_time*90*4*2-150)*0.02-1"]
				},
				"ear_right": {
					"rotation": ["0+math.cos(q.anim_time*90*5/2-120)*2", 0, "0+math.cos(q.anim_time*90*5/2-120)*5"]
				},
				"ear_left": {
					"rotation": ["0-math.cos(q.anim_time*90*5/2-120)*2", 0, "0-math.cos(q.anim_time*90*5/2-120)*5"]
				},
				"body": {
					"rotation": [0, -12.5, 0],
					"position": [0, "0+math.sin(q.anim_time*90*5/2)*0.2", 0]
				}
			}
		},
		"animation.quilava_delta.ground_walk": {
			"loop": true,
			"animation_length": 4.7917,
			"bones": {
				"torso": {
					"rotation": ["0+math.cos(q.anim_time*90*5/2*2)*1", "0-math.cos(q.anim_time*90*5/2)*1", "0+math.cos(q.anim_time*90*5/2)*3"],
					"position": [0, "0+math.sin(q.anim_time*90*5/2*2)*0.2", 0]
				},
				"torso2": {
					"rotation": ["10+math.cos(q.anim_time*90*5/2*2-60)*1/2", 0, 0]
				},
				"torso3": {
					"rotation": ["24.6819-math.cos(q.anim_time*90*5/2*2-120)*1", "2.1816+math.cos(q.anim_time*90*5/2)*2", "0.1284-math.cos(q.anim_time*90*5/2)*3"]
				},
				"arm_left": {
					"rotation": [-313.59112, 22.19057, -422.41507]
				},
				"arm_left2": {
					"rotation": [15, 0, 0]
				},
				"arm_left3": {
					"rotation": [12.5, 0, 0]
				},
				"arm_right": {
					"rotation": [60.07844, -19.39082, 79.25648]
				},
				"arm_right2": {
					"rotation": [15, 0, 0]
				},
				"arm_right3": {
					"rotation": [12.5, 0, 0]
				},
				"head": {
					"rotation": ["57.5+math.cos(q.anim_time*90*5/2*2-140)*2", "0-math.cos(q.anim_time*90*5/2)*1", 0]
				},
				"leg_left": {
					"rotation": {
						"0.0": ["12.3173+math.sin(q.anim_time*90*5/2)*16", -5, 0],
						"1.125": ["12.3173+math.sin(q.anim_time*90*5/2)*16", -5, 0],
						"1.375": ["19.8173+math.sin(q.anim_time*90*5/2)*16", -5, 0],
						"1.9167": ["12.3173+math.sin(q.anim_time*90*5/2)*16", -5, 0],
						"2.75": ["12.3173+math.sin(q.anim_time*90*5/2)*16", -5, 0],
						"3.0": ["19.8173+math.sin(q.anim_time*90*5/2)*16", -5, 0],
						"3.5": ["12.3173+math.sin(q.anim_time*90*5/2)*16", -5, 0],
						"4.375": ["12.3173+math.sin(q.anim_time*90*5/2)*16", -5, 0]
					},
					"position": {
						"0.0": [0.5, "0+math.clamp(math.cos(q.anim_time*90*5/2-180)*1,-0.4,20)", "-1+math.sin(q.anim_time*90*5/2)*1"],
						"1.125": [0.5, "0+math.clamp(math.cos(q.anim_time*90*5/2-180)*1,-0.4,20)", "-1+math.sin(q.anim_time*90*5/2)*1"],
						"1.2083": [0.5, "-0.5+math.clamp(math.cos(q.anim_time*90*5/2-180)*1,-0.4,20)", "-1+math.sin(q.anim_time*90*5/2)*1"],
						"1.9167": [0.5, "0+math.clamp(math.cos(q.anim_time*90*5/2-180)*1,-0.4,20)", "-1+math.sin(q.anim_time*90*5/2)*1"],
						"2.75": [0.5, "0+math.clamp(math.cos(q.anim_time*90*5/2-180)*1,-0.4,20)", "-1+math.sin(q.anim_time*90*5/2)*1"],
						"2.8333": [0.5, "-0.5+math.clamp(math.cos(q.anim_time*90*5/2-180)*1,-0.4,20)", "-1+math.sin(q.anim_time*90*5/2)*1"],
						"3.5": [0.5, "0+math.clamp(math.cos(q.anim_time*90*5/2-180)*1,-0.4,20)", "-1+math.sin(q.anim_time*90*5/2)*1"],
						"4.375": [0.5, "0+math.clamp(math.cos(q.anim_time*90*5/2-180)*1,-0.4,20)", "-1+math.sin(q.anim_time*90*5/2)*1"],
						"4.4583": [0.5, "-0.5+math.clamp(math.cos(q.anim_time*90*5/2-180)*1,-0.4,20)", "-1+math.sin(q.anim_time*90*5/2)*1"],
						"4.7917": [0.5, "0+math.clamp(math.cos(q.anim_time*90*5/2-180)*1,-0.4,20)", "-1+math.sin(q.anim_time*90*5/2)*1"]
					}
				},
				"foot_left": {
					"rotation": {
						"0.0": ["27.5+math.sin(q.anim_time*90*5/2)*26", 0, 0],
						"1.125": ["27.5+math.sin(q.anim_time*90*5/2)*26", 0, 0],
						"1.375": ["17.5+math.sin(q.anim_time*90*5/2)*26", 0, 0],
						"2.75": ["27.5+math.sin(q.anim_time*90*5/2)*26", 0, 0],
						"3.0": ["17.5+math.sin(q.anim_time*90*5/2)*26", 0, 0],
						"4.375": ["27.5+math.sin(q.anim_time*90*5/2)*26", 0, 0]
					}
				},
				"foot_left2": {
					"rotation": {
						"0.0": ["-40-math.sin(q.anim_time*90*5/2)*25", 0, 0],
						"1.125": ["-27.5-math.sin(q.anim_time*90*5/2)*25", 0, 0],
						"1.9167": ["-40-math.sin(q.anim_time*90*5/2)*25", 0, 0],
						"2.75": ["-27.5-math.sin(q.anim_time*90*5/2)*25", 0, 0],
						"3.5417": ["-40-math.sin(q.anim_time*90*5/2)*25", 0, 0],
						"4.375": ["-27.5-math.sin(q.anim_time*90*5/2)*25", 0, 0],
						"4.7917": ["-40-math.sin(q.anim_time*90*5/2)*25", 0, 0]
					}
				},
				"leg_right": {
					"rotation": {
						"0.0": ["12.3173-math.sin(q.anim_time*90*5/2)*16", 5, 0],
						"0.3333": ["12.3173-math.sin(q.anim_time*90*5/2)*16", 5, 0],
						"0.5833": ["19.8173-math.sin(q.anim_time*90*5/2)*16", 5, 0],
						"1.0833": ["12.317-math.sin(q.anim_time*90*5/2)*16", 5, 0],
						"1.9583": ["12.3173-math.sin(q.anim_time*90*5/2)*16", 5, 0],
						"2.4167": ["12.3173-math.sin(q.anim_time*90*5/2)*16", 5, 0],
						"3.5417": ["12.3173-math.sin(q.anim_time*90*5/2)*16", 5, 0],
						"3.7917": ["19.817-math.sin(q.anim_time*90*5/2)*16", 5, 0],
						"4.3333": ["7.3173-math.sin(q.anim_time*90*5/2)*16", 5, 0],
						"4.7917": ["12.3173-math.sin(q.anim_time*90*5/2)*16", 5, 0]
					},
					"position": {
						"0.0": [-0.5, "0+math.clamp(math.cos(q.anim_time*90*5/2)*1,-0.4,20)", "-1-math.sin(q.anim_time*90*5/2)*1"],
						"0.3333": [-0.5, "0+math.clamp(math.cos(q.anim_time*90*5/2)*1,-0.4,20)", "-1-math.sin(q.anim_time*90*5/2)*1"],
						"0.4167": [-0.5, "-0.5+math.clamp(math.cos(q.anim_time*90*5/2)*1,-0.4,20)", "-1-math.sin(q.anim_time*90*5/2)*1"],
						"1.0833": [-0.5, "0+math.clamp(math.cos(q.anim_time*90*5/2)*1,-0.4,20)", "-1-math.sin(q.anim_time*90*5/2)*1"],
						"1.9583": [-0.5, "0+math.clamp(math.cos(q.anim_time*90*5/2)*1,-0.4,20)", "-1-math.sin(q.anim_time*90*5/2)*1"],
						"2.0417": [-0.5, "-0.5+math.clamp(math.cos(q.anim_time*90*5/2)*1,-0.4,20)", "-1-math.sin(q.anim_time*90*5/2)*1"],
						"2.375": [-0.5, "0+math.clamp(math.cos(q.anim_time*90*5/2)*1,-0.4,20)", "-1-math.sin(q.anim_time*90*5/2)*1"],
						"2.4167": [-0.5, "0+math.clamp(math.cos(q.anim_time*90*5/2)*1,-0.4,20)", "-1-math.sin(q.anim_time*90*5/2)*1"],
						"3.5417": [-0.5, "0+math.clamp(math.cos(q.anim_time*90*5/2)*1,-0.4,20)", "-1-math.sin(q.anim_time*90*5/2)*1"],
						"3.5833": [-0.5, "-0.5+math.clamp(math.cos(q.anim_time*90*5/2)*1,-0.4,20)", "-1-math.sin(q.anim_time*90*5/2)*1"],
						"4.3333": [-0.5, "0+math.clamp(math.cos(q.anim_time*90*5/2)*1,-0.4,20)", "-1-math.sin(q.anim_time*90*5/2)*1"]
					}
				},
				"foot_right": {
					"rotation": {
						"0.3333": ["17.5-math.sin(q.anim_time*90*5/2)*26", 0, 0],
						"0.4167": ["28-math.sin(q.anim_time*90*5/2)*26", 0, 0],
						"1.9583": ["27.5-math.sin(q.anim_time*90*5/2)*26", 0, 0],
						"2.4167": ["27.5-math.sin(q.anim_time*90*5/2)*26", 0, 0],
						"3.5417": ["27.5-math.sin(q.anim_time*90*5/2)*26", 0, 0],
						"3.7917": ["17.5-math.sin(q.anim_time*90*5/2)*26", 0, 0],
						"4.3333": ["10-math.sin(q.anim_time*90*5/2)*26", 0, 0],
						"4.75": ["17.5-math.sin(q.anim_time*90*5/2)*26", 0, 0]
					}
				},
				"foot_right2": {
					"rotation": {
						"0.3333": ["-27.5+math.sin(q.anim_time*90*5/2)*25", 0, 0],
						"1.125": ["-40+math.sin(q.anim_time*90*5/2)*25", 0, 0],
						"1.9583": ["-27.5+math.sin(q.anim_time*90*5/2)*25", 0, 0],
						"2.375": ["-40+math.sin(q.anim_time*90*5/2)*25", 0, 0],
						"2.4167": ["-40+math.sin(q.anim_time*90*5/2)*25", 0, 0],
						"3.5417": ["-27.5+math.sin(q.anim_time*90*5/2)*25", 0, 0],
						"4.3333": ["-27+math.sin(q.anim_time*90*5/2)*25", 0, 0]
					}
				},
				"fire_back": {
					"rotation": [-12.5, 0, 0],
					"scale": [0.2, -0.1, 1]
				},
				"fire_head": {
					"position": [0, -2.5, 0],
					"scale": [1, -0.1, 0.4]
				},
				"ear_right": {
					"rotation": ["0+math.cos(q.anim_time*90*5/2*2-120)*2", 0, "0+math.cos(q.anim_time*90*5/2*2-120)*5"]
				},
				"ear_left": {
					"rotation": ["0-math.cos(q.anim_time*90*5/2*2-120)*2", 0, "0-math.cos(q.anim_time*90*5/2*2-120)*5"]
				}
			}
		},
		"animation.quilava_delta.cry": {
			"animation_length": 1.58333,
			"bones": {
				"torso": {
					"rotation": ["0+math.cos(q.anim_time*90*5/2)*1", 0, 0],
					"position": [0, "0+math.sin(q.anim_time*90*5/2)*0.2", 0]
				},
				"torso2": {
					"rotation": {
						"0.0": ["12.5+math.cos(q.anim_time*90*5/2-60)*1", 0, 0],
						"0.125": {
							"pre": [0, 0, 0],
							"post": [0, 0, 0],
							"lerp_mode": "catmullrom"
						},
						"0.3333": {
							"post": [7.5, 0, 0],
							"lerp_mode": "catmullrom"
						},
						"0.75": {
							"post": [2.5, 0, 0],
							"lerp_mode": "catmullrom"
						},
						"1.0": ["12.5+math.cos(q.anim_time*90*5/2-60)*1", 0, 0]
					}
				},
				"torso3": {
					"rotation": ["12.5-math.cos(q.anim_time*90*5/2-120)*2", 0, 0]
				},
				"arm_left2": {
					"rotation": ["22-math.cos(q.anim_time*90*5/2-120)*-11", 0, 0]
				},
				"arm_left3": {
					"rotation": ["12.5-math.cos(q.anim_time*90*5/2-100)*5", 0, 0]
				},
				"arm_right2": {
					"rotation": ["22-math.cos(q.anim_time*90*5/2-120)*-11", 0, 0]
				},
				"arm_right3": {
					"rotation": ["12.5-math.cos(q.anim_time*90*5/2-100)*5", 0, 0]
				},
				"head": {
					"rotation": {
						"0.0": ["57.5+math.cos(q.anim_time*90*5/2-130)*1", 0, 0],
						"0.125": {
							"pre": [12.5, 0, 0],
							"post": [12.5, 0, 0],
							"lerp_mode": "catmullrom"
						},
						"0.3333": {
							"post": [-7.5, 0, 0],
							"lerp_mode": "catmullrom"
						},
						"0.875": {
							"post": [-5.5, 0, 0],
							"lerp_mode": "catmullrom"
						},
						"1.125": ["57.5+math.cos(q.anim_time*90*5/2-130)*1", 0, 0]
					}
				},
				"leg_left": {
					"rotation": ["14.8-math.sin(q.anim_time*90*5/2)*6", -5, 0],
					"position": [0.5, 0, 0]
				},
				"foot_left": {
					"rotation": ["27.5+math.sin(q.anim_time*90*5/2)*15", 0, 0]
				},
				"foot_left2": {
					"rotation": ["-40+math.sin(q.anim_time*90*5/2)*-10", 0, 0]
				},
				"leg_right": {
					"rotation": ["14.8-math.sin(q.anim_time*90*5/2)*6", 5, 0],
					"position": [-0.5, 0, 0]
				},
				"foot_right": {
					"rotation": ["27.5+math.sin(q.anim_time*90*5/2)*15", 0, 0]
				},
				"foot_right2": {
					"rotation": ["-40+math.sin(q.anim_time*90*5/2)*-10", 0, 0]
				},
				"fire_back": {
					"rotation": [-12.5, 0, 0],
					"scale": [0.2, -0.1, 1]
				},
				"fire_head": {
					"rotation": {
						"0.0": [0, 0, 0],
						"0.125": [0, 0, 0],
						"0.1667": [-5, 0, 0],
						"0.875": [-5, 0, 0],
						"0.9583": [0, 0, 0]
					},
					"position": {
						"0.0": [0, 0, 0],
						"0.125": [0, 0, 0],
						"0.9583": [0, 0, 0]
					},
					"scale": {
						"0.0": [1, 0, 1],
						"0.125": [1, 1, 1],
						"0.1667": [1, "1-math.cos(q.anim_time*90*2*40)*1", 1],
						"0.875": [1, 1, 1],
						"0.9583": [1, 0, 1]
					}
				},
				"ear_right": {
					"rotation": ["0+math.cos(q.anim_time*90*5/2-120)*2", 0, "0+math.cos(q.anim_time*90*5/2-120)*5"]
				},
				"ear_left": {
					"rotation": ["0-math.cos(q.anim_time*90*5/2-120)*2", 0, "0-math.cos(q.anim_time*90*5/2-120)*5"]
				},
				"body": {
					"position": [0, "0+math.sin(q.anim_time*90*5/2)*0.2", 0]
				},
				"mouth": {
					"position": {
						"0.0": [0, 0, 0],
						"0.2083": {
							"pre": [0, 0, 0],
							"post": [0, 0, 0],
							"lerp_mode": "catmullrom"
						},
						"0.25": {
							"post": [0, -0.1, 0],
							"lerp_mode": "catmullrom"
						},
						"0.7917": [0, -0.1, 0],
						"1.0": [0, 0, 0]
					}
				}
			},
			"sound_effects": {
				"0.0833": {
					"effect": "pokemon.quilava_delta.cry"
				}
			}
		},
		"animation.quilava_delta.battle_cry": {
			"animation_length": 1.16667,
			"bones": {
				"head": {
					"rotation": {
						"0.0": [0, 0, 0],
						"0.125": {
							"pre": [12.5, 0, 0],
							"post": [12.5, 0, 0],
							"lerp_mode": "catmullrom"
						},
						"0.3333": {
							"post": [-7.5, 0, 0],
							"lerp_mode": "catmullrom"
						},
						"0.875": {
							"post": [-5.5, 0, 0],
							"lerp_mode": "catmullrom"
						},
						"1.0": [0, 0, 0]
					}
				},
				"mouth": {
					"position": {
						"0.0": [0, 0, 0],
						"0.2083": {
							"pre": [0, 0, 0],
							"post": [0, 0, 0],
							"lerp_mode": "catmullrom"
						},
						"0.25": {
							"post": [0, -0.1, 0],
							"lerp_mode": "catmullrom"
						},
						"0.7917": [0, -0.1, 0],
						"1.0": [0, 0, 0]
					}
				},
				"arm_right": {
					"rotation": {
						"0.0": [0, 0, 0],
						"0.125": {
							"pre": [0, 0, 0],
							"post": [0, 0, 0],
							"lerp_mode": "catmullrom"
						},
						"0.3333": {
							"post": [7.5, 0, 0],
							"lerp_mode": "catmullrom"
						},
						"0.75": {
							"post": [7.5, 0, 0],
							"lerp_mode": "catmullrom"
						},
						"1.0": [0, 0, 0]
					},
					"position": {
						"0.0": [0, 0, 0],
						"0.125": [0, 0, 0],
						"0.3333": [0, -1, -0.1],
						"0.75": [0, -1, -0.1],
						"1.0": [0, 0, 0]
					}
				},
				"arm_left": {
					"rotation": {
						"0.0": [0, 0, 0],
						"0.125": {
							"pre": [0, 0, 0],
							"post": [0, 0, 0],
							"lerp_mode": "catmullrom"
						},
						"0.3333": {
							"post": [7.5, 0, 0],
							"lerp_mode": "catmullrom"
						},
						"0.75": {
							"post": [7.5, 0, 0],
							"lerp_mode": "catmullrom"
						},
						"1.0": [0, 0, 0]
					},
					"position": {
						"0.0": [0, 0, 0],
						"0.125": [0, 0, 0],
						"0.3333": [0, -1, -0.1],
						"0.75": [0, -1, -0.1],
						"1.0": [0, 0, 0]
					}
				},
				"torso2": {
					"rotation": {
						"0.0": [0, 0, 0],
						"0.125": {
							"pre": [17.5, 0, 0],
							"post": [17.5, 0, 0],
							"lerp_mode": "catmullrom"
						},
						"0.3333": {
							"post": [2.5, 0, 0],
							"lerp_mode": "catmullrom"
						},
						"0.75": {
							"post": [0, 0, 0],
							"lerp_mode": "catmullrom"
						},
						"1.0": [0, 0, 0]
					}
				},
				"fire_head": {
					"rotation": {
						"0.0": [0, 0, 0],
						"0.125": [0, 0, 0],
						"0.1667": [-5, 0, 0],
						"0.875": [-5, 0, 0],
						"0.9583": [0, 0, 0]
					},
					"position": {
						"0.0": [0, 0, 0],
						"0.125": [0, 0, 0],
						"0.9583": [0, 0, 0]
					},
					"scale": {
						"0.0": [1, 1, 1],
						"0.125": [1, 1, 1],
						"0.1667": [1, "1-math.cos(q.anim_time*90*2*40)*1", 1],
						"0.875": [1, 1, 1],
						"0.9583": [1, 1, 1]
					}
				},
				"torso3": {
					"rotation": {
						"0.0": [0, 0, 0],
						"0.125": [10, 0, 0],
						"0.75": [0, 0, 0]
					}
				}
			},
			"sound_effects": {
				"0.0833": {
					"effect": "pokemon.quilava_delta.cry"
				}
			}
		},
		"animation.quilava_delta.sleep": {
			"loop": true,
			"animation_length": 5.20833,
			"bones": {
				"torso": {
					"rotation": ["90+math.cos(q.anim_time*90*1)*1", 0, 0],
					"position": [0, "-1+math.sin(q.anim_time*90*1)*0.2", 0]
				},
				"torso2": {
					"rotation": ["2.5001+math.cos(q.anim_time*90*1-60)*1", 0, 0]
				},
				"torso3": {
					"rotation": [10, 0, 0]
				},
				"arm_left": {
					"rotation": ["-88.5932-math.cos(q.anim_time*90*1-60)*2", 47.87197, 12.49286],
					"position": [0.5, "0.8-math.sin(q.anim_time*90*1-60)*0.3", 0]
				},
				"arm_left2": {
					"rotation": [-5.5, 0, 0]
				},
				"arm_left3": {
					"rotation": [-5, 0, 0]
				},
				"arm_right": {
					"rotation": ["-88.5933-math.cos(q.anim_time*90*1-60)*2", -47.87196, -12.49277],
					"position": [-0.5, "0.8-math.sin(q.anim_time*90*1-60)*0.3", 0]
				},
				"arm_right2": {
					"rotation": [-5.5, 0, 0]
				},
				"arm_right3": {
					"rotation": [-5, 0, 0]
				},
				"head": {
					"rotation": ["-14+math.cos(q.anim_time*90*1-130)*1", 0, 0]
				},
				"leg_left": {
					"rotation": [0, -5, 0],
					"position": [0.5, 0, 0]
				},
				"foot_left": {
					"rotation": [0, -10, 0],
					"position": [0, 0.5, 0]
				},
				"leg_right": {
					"rotation": [0, 5, 0],
					"position": [-0.5, 0, 0]
				},
				"foot_right": {
					"rotation": [0, 10, 0],
					"position": [0, 0.5, 0]
				},
				"fire_back": {
					"rotation": [-12.5, 0, 0],
					"scale": [0.2, -0.1, 1]
				},
				"fire_head": {
					"position": [0, -2.5, 0],
					"scale": [1, -0.1, 0.4]
				},
				"ear_right": {
					"rotation": ["42.3144-math.cos(q.anim_time*90*4/2-120)*2", -6.64, "-101.7358-math.cos(q.anim_time*90*4/2-120)*5"]
				},
				"ear_left": {
					"rotation": ["42.3144+math.cos(q.anim_time*90*4/2-120)*2", 6.64, "101.7358+math.cos(q.anim_time*90*4/2-120)*5"]
				},
				"body": {
					"position": [0, -1, 0]
				},
				"eyelid_right": {
					"position": [-0.1, 0, 0]
				},
				"eyelid_left": {
					"position": [0.1, 0, 0]
				}
			}
		},
		"animation.quilava_delta.blink": {
			"animation_length": 0.16667,
			"bones": {
				"eyelid_right": {
					"position": {
						"0.0": [-0.1, 0, 0],
						"0.125": [-0.1, 0, 0],
						"0.1667": [0, 0, 0.1]
					}
				},
				"eyelid_left": {
					"position": {
						"0.0": [0.1, 0, 0],
						"0.125": [0.1, 0, 0],
						"0.1667": [0, 0, 0.1]
					}
				}
			}
		},
		"animation.quilava_delta.fire_idle": {
			"loop": true,
			"bones": {
				"fire_head": {
					"rotation": ["5+math.sin(q.anim_time*90*3*2-90)*1-1*6", 0, "math.sin(q.anim_time*90*3-150)*1-1)+6*(math.sin(q.anim_time*90*3/2-90)*10"],
					"position": [0, 0, 0],
					"scale": [1, "2-math.sin(q.anim_time*90*4*2-90)*0.02-1", "1.9-math.sin(q.anim_time*90*4*2)*0.02-1"]
				}
			}
		}
	}
}