{
	"format_version": "1.8.0",
	"animations": {
		"animation.raticate_delta.ground_idle": {
			"loop": true,
			"bones": {
				"body": {
					"position": [0, "7.25+Math.cos((query.anim_time) * 90 * 4) * 0.3", 0]
				},
				"foot_left": {
					"rotation": ["-37.5+Math.cos((query.anim_time-0.5) * 90 * 4) * 5", "-17.5+Math.cos((query.anim_time-0.5) * 90 * 4) * -5", 0],
					"position": [0.75, -1, -2.75]
				},
				"toe_left": {
					"rotation": [-25, 0, 0]
				},
				"foot_right": {
					"rotation": ["-37.5+Math.cos((query.anim_time-0.5) * 90 * 4) * 5", "17.5+Math.cos((query.anim_time-0.5) * 90 * 4) * 5", 0],
					"position": [-0.75, -1, -2.75]
				},
				"toe_right": {
					"rotation": [-25, 0, 0]
				},
				"torso": {
					"rotation": ["10+Math.cos((query.anim_time-0.2) * 90 * 4) * 2", 0, 0]
				},
				"head": {
					"rotation": ["-5+Math.cos((query.anim_time-0.3) * 90 * 4) * -2", 0, 0]
				},
				"whisker_right": {
					"rotation": [0, 0, "0+Math.cos((query.anim_time-0.7) * 90 * 4) * -2"]
				},
				"whisker_left": {
					"rotation": [0, 0, "0+Math.cos((query.anim_time-0.7) * 90 * 4) * 2"]
				},
				"ear_right": {
					"rotation": [0, 0, "0+Math.cos((query.anim_time-0.7) * 90 * 4) * -2"]
				},
				"ear_left": {
					"rotation": [0, 0, "0+Math.cos((query.anim_time-0.7) * 90 * 4) * 2"]
				},
				"fluff_right": {
					"rotation": [0, 0, "0+Math.cos((query.anim_time-0.7) * 90 * 4) * 2"]
				},
				"fluff_left": {
					"rotation": [0, 0, "0+Math.cos((query.anim_time-0.7) * 90 * 4) * -2"]
				},
				"hand_right": {
					"rotation": [28.32159, -13.27207, -7.05309]
				},
				"hand_left": {
					"rotation": [28.32159, 13.27207, 7.05309]
				},
				"tail1": {
					"rotation": [-75.09983, 0.99254, 0.11713],
					"position": [0, "0+Math.cos((query.anim_time-0.05) * 90 * 4) * -0.3", 0]
				},
				"tail2": {
					"rotation": [-29.72357, -7.69769, -13.83216]
				},
				"tail3": {
					"rotation": ["-55.0889+Math.cos((query.anim_time-0.3) * 90 * 4) * -1", 11.41449, -39.47502]
				},
				"tail4": {
					"rotation": [-28.93803, -29.14089, 15.06885]
				},
				"tail5": {
					"rotation": [0, -60, 0]
				},
				"tail6": {
					"rotation": ["-24.5868+Math.cos((query.anim_time-0.3) * 90 * 4) * 2", -63.90515, 11.61004]
				},
				"tail_tip": {
					"rotation": ["-30+Math.cos((query.anim_time-0.4) * 90 * 4) * 3", 0, 0]
				}
			}
		},
		"animation.raticate_delta.ground_walk": {
			"loop": true,
			"animation_length": 1,
			"bones": {
				"body": {
					"position": {
						"0.0": [0, 6.75, 11.25],
						"0.0833": [0, 13.725, 1.5],
						"0.2083": [0, 17.2, -4.5],
						"0.3333": [0, 14.6, -7.425],
						"0.4583": [0, 6.75, -8.5],
						"0.5": [0, 5.5, -7.34],
						"0.5833": [0, 6.36, -5.28],
						"0.7917": [0, 6.75, 1.65],
						"0.9167": [0, 5.525, 6.45],
						"1.0": [0, 6.75, 11.25]
					}
				},
				"foot_left": {
					"rotation": {
						"0.0": [35.93866, -12.2403, -8.73739],
						"0.125": [80.93866, -12.2403, -8.73739],
						"0.5": [35.93866, -12.2403, -8.73739]
					}
				},
				"foot_right": {
					"rotation": {
						"0.0": [35.93866, 12.2403, 8.73739],
						"0.125": [80.93866, 12.2403, 8.73739],
						"0.5": [35.93866, 12.2403, 8.73739]
					},
					"position": [0, 0, 0]
				},
				"torso": {
					"rotation": {
						"0.0": [27.5, 0, 0],
						"0.3333": [0, 0, 0],
						"0.6667": [16.25, 0, 0],
						"1.0": [26.5, 0, 0]
					},
					"position": {
						"0.0": [0, 0, 0],
						"0.0417": [0, -1.25, 0.25],
						"0.2917": [0, 0, 0],
						"0.4167": [0, 0.75, -0.75],
						"0.5417": [0, -1, 0],
						"0.875": [0, -1.26, 0],
						"1.0": [0, 0, 0]
					}
				},
				"head": {
					"rotation": {
						"0.0": [-5, 0, 0],
						"0.125": [-15, 0, 0],
						"0.3333": [-2.5, 0, 0],
						"0.5": [-17.5, 0, 0],
						"0.75": [-20.25, 0, 0],
						"1.0": [-5, 0, 0]
					}
				},
				"whisker_right": {
					"rotation": {
						"0.0": [0, 0, 0],
						"0.125": [0, 0, -12.65],
						"0.3333": [0, 0, -15.5],
						"0.5": [0, 0, 11.725],
						"0.6667": [0, 0, 20.75],
						"0.875": [0, 0, 12.725],
						"1.0": [0, 0, 0]
					}
				},
				"whisker_left": {
					"rotation": {
						"0.0": [0, 0, 0],
						"0.125": [0, 0, 12.65],
						"0.3333": [0, 0, 15.5],
						"0.5": [0, 0, -11.725],
						"0.6667": [0, 0, -20.75],
						"0.9167": [0, 0, -14.56],
						"1.0": [0, 0, 0]
					}
				},
				"ear_right": {
					"rotation": {
						"0.0": [0, 0, 0],
						"0.125": [0, 0, -12.65],
						"0.3333": [0, 0, -15.5],
						"0.5": [0, 0, 2.225],
						"0.6667": [0, 0, 7.25],
						"1.0": [0, 0, 0]
					}
				},
				"ear_left": {
					"rotation": {
						"0.0": [0, 0, 0],
						"0.125": [0, 0, 12.65],
						"0.3333": [0, 0, 15.5],
						"0.5": [0, 0, -4.475],
						"0.6667": [0, 0, -12.25],
						"0.8333": [0, 0, -9.31],
						"1.0": [0, 0, 0]
					}
				},
				"hand_right": {
					"rotation": [32.5, 0, 0]
				},
				"hand_left": {
					"rotation": [32.5, 0, 0]
				},
				"tail1": {
					"rotation": {
						"0.0": [-63.05907, 5.73576, -11.12501],
						"0.25": [-50.55907, 5.73576, -11.12501],
						"0.4583": [-63.05907, 5.73576, -11.12501]
					}
				},
				"tail2": {
					"rotation": {
						"0.0": [-39.71128, 17.67415, -14.15251],
						"0.0833": [-20.57294, -4.83514, 6.57815],
						"0.25": [-15.14211, 6.4195, -3.78718],
						"0.4583": [-39.71128, 17.67415, -14.15251],
						"0.75": [-39.71128, 17.67415, -14.15251],
						"0.875": [-52.75298, 19.58991, -15.84766]
					}
				},
				"tail3": {
					"rotation": {
						"0.0": [-17.31095, 15.02845, -1.81805],
						"0.125": [0.18905, 15.02845, -1.81805],
						"0.2917": [-1.37345, 15.02845, -1.81805],
						"0.4583": [-17.31095, 15.02845, -1.81805],
						"0.5": [-18.93538, 11.65937, 0.21223],
						"0.625": [-19.81095, 15.02845, -1.81805],
						"0.8333": [-32.12698, 20.55458, 6.94019]
					}
				},
				"tail4": {
					"rotation": {
						"0.0": [-60.93194, -12.59534, 0.08471],
						"0.1667": [-23.43194, -12.59534, 0.08471],
						"0.4583": [-55.41603, -12.59534, 0.08471],
						"0.5417": [-72.34103, -12.59534, 0.08471],
						"0.6667": [-57.34103, -12.59534, 0.08471]
					}
				},
				"tail5": {
					"rotation": [-62.89967, -41.28172, 30.80679]
				},
				"tail6": {
					"rotation": {
						"0.0": [-35.71088, -13.83447, 5.85463],
						"0.2083": [1.78912, -13.83447, 5.85463],
						"0.3333": [-20.71088, -13.83447, 5.85463],
						"0.625": [-30.71088, -13.83447, 5.85463],
						"1.0": [-35.71088, -13.83447, 5.85463]
					}
				},
				"tail_tip": {
					"rotation": [-20, "0+Math.cos((query.anim_time) * 90 * 16) * 12", 0]
				}
			}
		},
		"animation.raticate_delta.sleep": {
			"loop": true,
			"bones": {
				"body": {
					"rotation": [90, 0, 0],
					"position": [0, 3.25, 9]
				},
				"foot_left": {
					"rotation": [45.31509, -18.15489, -17.48614],
					"position": [0.75, -0.5, -1]
				},
				"foot_right": {
					"rotation": [45.31509, 18.15489, 17.48614],
					"position": [-0.75, -0.5, -1]
				},
				"torso": {
					"rotation": ["0+Math.cos((query.anim_time) * 90 * 1) * 1", 0, 0]
				},
				"head": {
					"rotation": ["-85+Math.cos((query.anim_time-0.3) * 90 * 1) * -1", 0, 0],
					"position": [0, 5.5, 1.1]
				},
				"whisker_right": {
					"rotation": [-40.65645, 30.15308, "26.4502+Math.cos((query.anim_time-0.3) * 90 * 1) * 1"],
					"position": [0, 0, -2.15]
				},
				"whisker_left": {
					"rotation": [-40.65645, -30.15308, "-26.4502+Math.cos((query.anim_time-0.3) * 90 * 1) * -1"],
					"position": [0, 0, -2.15]
				},
				"ear_right": {
					"rotation": [0, 0, -32.5]
				},
				"ear_left": {
					"rotation": [0, 0, 32.5]
				},
				"eyelid_right": {
					"position": [0, 0, -2]
				},
				"eyelid_left": {
					"position": [0, 0, -1]
				},
				"hand_right": {
					"rotation": [-80, 0, -42.5]
				},
				"hand_left": {
					"rotation": [-80, 0, 42.5]
				},
				"tail1": {
					"rotation": [-77.91319, -3.21132, 14.65993]
				},
				"tail2": {
					"rotation": [-45.74377, -3.21584, -6.88242]
				},
				"tail3": {
					"rotation": [-38.46347, 11.84911, -9.26433]
				},
				"tail4": {
					"rotation": [0, 32.5, 0]
				},
				"tail5": {
					"rotation": [0, "60+Math.cos((query.anim_time-0.3) * 90 * 2) * -1", 0]
				},
				"tail6": {
					"rotation": [0, "57.5+Math.cos((query.anim_time-0.6) * 90 * 2) * -2", 0]
				},
				"tail_tip": {
					"rotation": [0, "42.5+Math.cos((query.anim_time-0.8) * 90 * 2) * -5", 0]
				}
			}
		},
		"animation.raticate_delta.faint": {
			"loop": true,
			"animation_length": 3,
			"bones": {
				"body": {
					"rotation": {
						"1.0833": [0, 0, 0],
						"1.2917": [-8.73, 0, 0],
						"1.375": [-72, 0, 0],
						"1.5": [-89.25, 0, 0],
						"1.5833": [-93.99, 0, 0],
						"1.6667": [-88, 0, 0],
						"1.7917": [-85, 0, 0]
					},
					"position": {
						"0.0": [0, 7.25, 0],
						"0.2917": [0, 5, -2],
						"0.5": [0, 4.37, -2.475],
						"0.75": [0, 4.25, -2.6],
						"0.7917": [0, 3.5, 0],
						"0.9167": [0, 20.7, 5.85],
						"1.0417": [0, 23.45, 8.75],
						"1.2083": [0, 19.35, 9.75],
						"1.2917": [0, 0.35, 9.75],
						"1.3333": [0, -1.15, 9.75],
						"1.5": [0, 1.45, 9.75],
						"1.7083": [0, 2.35, 9.75]
					}
				},
				"foot_left": {
					"rotation": {
						"0.0": [-37.5, -17.5, 0],
						"0.7083": [-62.5, -17.5, 0],
						"0.7917": [-5, -17.5, 0],
						"1.2917": [-52.5, -17.5, 0],
						"1.75": [-46.675, -17.5, 0],
						"2.0417": [-5.725, -17.5, 0],
						"2.3333": [0, -17.5, 0]
					},
					"position": {
						"0.0": [0.75, -1, -2.75],
						"1.8333": [0.75, -1, -2.75],
						"2.0": [0.75, -1, -1.35],
						"2.1667": [0.75, -1, -0.815],
						"2.3333": [0.75, -1, -0.75]
					}
				},
				"toe_left": {
					"rotation": [-25, 0, 0]
				},
				"foot_right": {
					"rotation": {
						"0.0": [-37.5, 17.5, 0],
						"0.7083": [-62.5, 17.5, 0],
						"0.7917": [-5, 17.5, 0],
						"1.2917": [-52.5, 17.5, 0],
						"1.75": [-46.675, 17.5, 0],
						"2.0417": [-5.725, 17.5, 0],
						"2.3333": [0, 17.5, 0]
					},
					"position": {
						"0.0": [-0.75, -1, -2.75],
						"1.8333": [-0.75, -1, -2.75],
						"2.0": [-0.75, -1, -1.35],
						"2.1667": [-0.75, -1, -0.815],
						"2.3333": [-0.75, -1, -0.75]
					}
				},
				"toe_right": {
					"rotation": [-25, 0, 0]
				},
				"torso": {
					"rotation": {
						"0.0": [10, 0, 0],
						"0.7917": [27.5, 0, 0],
						"0.875": [0, 0, 0],
						"1.0833": [-12.5, 0, 0],
						"1.375": [-20, 0, 0],
						"1.6667": [0, 0, 0]
					},
					"position": {
						"0.0": [0, 0, 0],
						"0.7917": [0, 0, -1],
						"0.875": [0, 0, 0]
					}
				},
				"head": {
					"rotation": {
						"0.0": [-5, 0, 0],
						"0.7917": [-17.5, 0, 0],
						"0.9167": [0, 0, 0],
						"1.4583": [8.26, 0, 0],
						"1.875": [-5.25, 0, 0],
						"2.1667": [-8, 0, 0]
					}
				},
				"whisker_right": {
					"rotation": {
						"0.0": [0, 0, 0],
						"0.4167": [0, 0, 15.22],
						"0.75": [0, 0, 17.5],
						"0.875": [0, 0, -25],
						"1.0833": [0, 0, -27.5],
						"1.2083": [0, 0, -11],
						"1.2917": [0, 0, 25],
						"1.3333": [0, 0, 0]
					}
				},
				"whisker_left": {
					"rotation": {
						"0.0": [0, 0, 0],
						"0.4167": [0, 0, -15.22],
						"0.75": [0, 0, -17.5],
						"0.875": [0, 0, 25],
						"1.0833": [0, 0, 27.5],
						"1.2083": [0, 0, 11],
						"1.2917": [0, 0, -25],
						"1.3333": [0, 0, 0]
					}
				},
				"ear_right": {
					"rotation": {
						"0.0": [0, 0, 0],
						"0.7917": [22.5, 0, 0],
						"0.8333": [18.19144, 13.47157, -35.3335],
						"1.2917": [0, 0, 0],
						"1.375": [35, 0, 0],
						"1.875": [0, 0, 0],
						"2.0833": [-5, 0, 0]
					}
				},
				"ear_left": {
					"rotation": {
						"0.0": [0, 0, 0],
						"0.7917": [22.5, 0, 0],
						"0.8333": [18.19144, -13.47157, 35.3335],
						"1.2917": [0, 0, 0],
						"1.375": [35, 0, 0],
						"1.875": [0, 0, 0],
						"2.0833": [-5, 0, 0]
					}
				},
				"fluff_right": {
					"rotation": [0, 0, 0]
				},
				"fluff_left": {
					"rotation": [0, 0, 0]
				},
				"hand_right": {
					"rotation": [28.32159, -13.27207, -7.05309]
				},
				"hand_left": {
					"rotation": [28.32159, 13.27207, 7.05309]
				},
				"tail1": {
					"rotation": {
						"0.0": [-75.09983, 0.99254, 0.11713],
						"0.4167": [-37.59983, 0.99254, 0.11713],
						"0.75": [-30.09983, 0.99254, 0.11713],
						"0.8333": [-67.02654, 7.67386, -5.59769],
						"1.125": [-92.02654, 7.67386, -5.59769],
						"1.25": [-99.52654, 7.67386, -5.59769]
					},
					"position": [0, 0, 0]
				},
				"tail2": {
					"rotation": {
						"0.0": [-29.72357, -7.69769, -13.83216],
						"0.4167": [-68.61246, -7.69769, -13.83216],
						"0.75": [-77.22357, -7.69769, -13.83216],
						"0.8333": [-37.22357, -7.69769, -13.83216],
						"1.4167": [-36.22357, -7.69769, -13.83216],
						"1.7083": [-1.008, -7.69769, -13.83216],
						"1.875": [5.27643, -7.69769, -13.83216]
					}
				},
				"tail3": {
					"rotation": {
						"0.0": [-55.0889, 11.41449, -39.47502],
						"0.5833": [-60.0889, 11.41449, -39.47502],
						"0.7917": [-60.0889, 11.41449, -39.47502],
						"0.8333": [-30.0889, 11.41449, -39.47502],
						"1.0": [-31.96701, -10.31584, -27.03849],
						"1.25": [-51.96701, -10.31584, -27.03849],
						"1.4167": [-6.96701, -10.31584, -27.03849],
						"1.9167": [0.53299, -10.31584, -27.03849]
					}
				},
				"tail4": {
					"rotation": {
						"0.0": [-28.93803, -29.14089, 15.06885],
						"1.0833": [-10.30163, -14.40632, 12.0312],
						"1.25": [-20.30163, -14.40632, 12.0312],
						"1.375": [44.18091, -14.40632, 12.0312],
						"1.6667": [-13.31909, -14.40632, 12.0312],
						"1.9167": [12.68091, -14.40632, 12.0312]
					}
				},
				"tail5": {
					"rotation": {
						"0.0": [0, -60, 0],
						"0.4583": [8.94737, -58.60987, -14.61288],
						"0.75": [10.55024, -57.72524, -23.91199],
						"0.9167": [23.84909, -19.47789, 8.46045],
						"1.125": [-3.65091, -19.47789, 8.46045],
						"1.25": [-13.65091, -19.47789, 8.46045],
						"1.2917": [41.34909, -19.47789, 8.46045],
						"1.4167": [4.84909, -19.47789, 8.46045],
						"1.5417": [-11.15091, -19.47789, 8.46045],
						"1.9583": [-2.65091, -19.47789, 8.46045]
					}
				},
				"tail6": {
					"rotation": {
						"0.0": [-24.5868, -63.90515, 11.61004],
						"0.8333": [-24.5868, -63.90515, 11.61004],
						"0.9167": [-11.10554, -18.16962, -7.22584],
						"2.0833": [3.89446, -18.16962, -7.22584]
					}
				},
				"tail_tip": {
					"rotation": [-30, 0, 0]
				},
				"eyelid_right": {
					"position": {
						"0.7083": [0, 0, 0],
						"0.75": [0, 0, -2.05]
					}
				},
				"eyelid_left": {
					"position": {
						"0.7083": [0, 0, 0],
						"0.75": [0, 0, -1]
					}
				}
			}
		},
		"animation.raticate_delta.blink": {
			"animation_length": 0.20833,
			"bones": {
				"eyelid_right": {
					"position": {
						"0.0": [0, 0, -2.025],
						"0.1667": [0, 0, -2.025],
						"0.2083": [0, 0, 0]
					}
				},
				"eyelid_left": {
					"position": {
						"0.0": [0, 0, -1.025],
						"0.1667": [0, 0, -1.025],
						"0.2083": [0, 0, 0]
					}
				}
			}
		}
	}
}