{
	"format_version": "1.8.0",
	"animations": {
		"animation.shinx_delta.ground_idle": {
			"loop": true,
			"bones": {
				"waist": {
					"rotation": ["-32.5+Math.cos((query.anim_time) * 90 * 2) * 1.5", 0, 0]
				},
				"tail_1": {
					"rotation": [-9.00717, 20.70481, 65.85133]
				},
				"tail_2": {
					"rotation": [67.5, 0, 0]
				},
				"tail_3": {
					"rotation": ["45+Math.cos((query.anim_time-0.3) * 90 * 4) * 2", 45, 0]
				},
				"head": {
					"rotation": [-4.1141, -22.13991, "10.8052+2*math.sin(q.anim_time*60*2.75+180)"]
				},
				"eyelid_right2": {
					"position": [0, 0, 0]
				},
				"ear_left": {
					"rotation": [0, 0, 12.5]
				},
				"ear_right": {
					"rotation": [0, 0, -12.5]
				},
				"fluff": {
					"rotation": [0, 0, 20]
				},
				"open_mouth": {
					"position": [0, 0, -2]
				},
				"closed_mouth": {
					"position": [0, 0, 1]
				},
				"back_leg_right": {
					"rotation": [-40.08019, "31.3724+Math.cos((query.anim_time) * 90 * 2) * 1.5", 1.3824],
					"position": [0, -1.5, -1]
				},
				"knee_right": {
					"rotation": [45, 0, 0]
				},
				"front_foot_right": {
					"rotation": [0, -5, 0]
				},
				"back_leg_left": {
					"rotation": [-40.0802, "-31.3724+Math.cos((query.anim_time) * 90 * 2) * 1.5", -1.3824],
					"position": [0, -1.5, -1]
				},
				"knee_left": {
					"rotation": [45, 0, 0]
				},
				"front_foot_left": {
					"rotation": [0, 5, 0]
				},
				"elbow_right": {
					"rotation": ["0-2*math.sin(q.anim_time*60*2.75+180)", 0, 0]
				},
				"leg_left": {
					"rotation": ["0+Math.cos((query.anim_time) * 90 * 2) * 1.5", 0, 0]
				}
			}
		},
		"animation.shinx_delta.ground_walk": {
			"loop": true,
			"bones": {
				"body": {
					"rotation": ["-2.5*math.sin(q.anim_time*90*4*2+45)*6", "-0.5*math.sin(q.anim_time*90*4*2+45)*6", 0],
					"position": [
						0,
						"math.clamp(math.sin(q.anim_time*90*4)*1.1,0.4,1.1)+math.clamp(math.sin(q.anim_time*90*4+180)*1.1,0.4,1.1)",
						"math.sin(q.anim_time*90*4*2-33)*1"
					]
				},
				"tail_fluff_left": {
					"rotation": [0, "10*(math.sin(q.anim_time*90*4*2-50)*1+1)", 0]
				},
				"tail_fluff": {
					"rotation": ["-10*(math.sin(q.anim_time*90*4*2-50)*1+1)", 0, 0]
				},
				"tail_fluff_right": {
					"rotation": [0, "-10*(math.sin(q.anim_time*90*4*2-50)*1+1)", 0]
				},
				"tail_1": {
					"rotation": ["5-1*math.sin(q.anim_time*90*4*2+30)*4", 0, 0]
				},
				"tail_2": {
					"rotation": ["2.5-math.sin(q.anim_time*90*4*2)*4", 0, 0]
				},
				"tail_3": {
					"rotation": ["2.5-3*math.sin(q.anim_time*90*4*2-30)*4", 0, 0]
				},
				"head": {
					"rotation": ["math.sin(q.anim_time*90*4*2+45)*6+math.sin(q.anim_time*90*4*2-45)*4", 0, 0]
				},
				"back_leg_right": {
					"rotation": ["math.clamp(25*(math.sin(q.anim_time*90*4*2-50)*1+1),-0,48)+5*math.sin(q.anim_time*90*4*2-50)", 0, 0],
					"position": [
						0,
						"-(math.clamp(-math.sin(q.anim_time*90*4*2+50)*1,0.5,1)-0.5)*0.5+(math.clamp(-math.sin(q.anim_time*90*2*2+70+180*0)*1,0.5,1)-0.5)*2+(math.clamp(-math.sin(q.anim_time*90*2*2+70+180*1)*1,0.5,1)-0.5)*2",
						0
					]
				},
				"knee_right": {
					"position": [0, "math.clamp(math.sin(q.anim_time*90*4-130)*1,0.5,1)-math.clamp(math.sin(q.anim_time*90*4-40)*1,0.75,1)+0.25", 0]
				},
				"leg_right": {
					"rotation": ["-math.clamp(25*(math.sin(q.anim_time*90*4*2-90)*1+1),-0,60)", 0, 0],
					"position": [0, 0, 0]
				},
				"elbow_right": {
					"rotation": ["-10*math.sin(q.anim_time*90*4*2)", 0, 0]
				},
				"back_leg_left": {
					"rotation": ["math.clamp(25*(math.sin(q.anim_time*90*4*2-90)*1+1),-0,48)+5*math.sin(q.anim_time*90*4*2-90)", 0, 0],
					"position": [
						0,
						"-(math.clamp(-math.sin(q.anim_time*90*4*2+50)*1,0.5,1)-0.5)*0.5+(math.clamp(-math.sin(q.anim_time*90*2*2+70+180*0)*1,0.5,1)-0.5)*2+(math.clamp(-math.sin(q.anim_time*90*2*2+70+180*1)*1,0.5,1)-0.5)*2",
						0
					]
				},
				"knee_left": {
					"rotation": [0, 0, 0],
					"position": [0, "math.clamp(math.sin(q.anim_time*90*4-130)*1,0.5,1)-math.clamp(math.sin(q.anim_time*90*4-40)*1,0.75,1)+0.25", 0]
				},
				"leg_left": {
					"rotation": ["-math.clamp(25*(math.sin(q.anim_time*90*4*2-50)*1+1),-0,60)", 0, 0]
				},
				"elbow_left": {
					"rotation": ["-10*math.sin(q.anim_time*90*4*2)", 0, 0]
				}
			}
		},
		"animation.shinx_delta.shoulder_left": {
			"loop": true,
			"bones": {
				"waist": {
					"rotation": ["-32.5+Math.cos((query.anim_time) * 90 * 2) * 1.5", 0, 0]
				},
				"tail_1": {
					"rotation": [-9.00717, 20.70481, 65.85133]
				},
				"tail_2": {
					"rotation": [67.5, 0, 0]
				},
				"tail_3": {
					"rotation": ["45+Math.cos((query.anim_time-0.3) * 90 * 4) * 2", 45, 0]
				},
				"head": {
					"rotation": [-4.1141, -22.13991, "10.8052+2*math.sin(q.anim_time*60*2.75+180)"]
				},
				"eyelid_right2": {
					"position": [0, 0, 0]
				},
				"ear_left": {
					"rotation": [0, 0, 12.5]
				},
				"ear_right": {
					"rotation": [0, 0, -12.5]
				},
				"fluff": {
					"rotation": [0, 0, 20]
				},
				"open_mouth": {
					"position": [0, 0, -2]
				},
				"closed_mouth": {
					"position": [0, 0, 1]
				},
				"back_leg_right": {
					"rotation": [-40.08019, "31.3724+Math.cos((query.anim_time) * 90 * 2) * 1.5", 1.3824],
					"position": [0, -1.5, -1]
				},
				"knee_right": {
					"rotation": [45, 0, 0]
				},
				"front_foot_right": {
					"rotation": [0, -5, 0]
				},
				"back_leg_left": {
					"rotation": [-40.0802, "-31.3724+Math.cos((query.anim_time) * 90 * 2) * 1.5", -1.3824],
					"position": [0, -1.5, -1]
				},
				"knee_left": {
					"rotation": [45, 0, 0]
				},
				"front_foot_left": {
					"rotation": [0, 5, 0]
				},
				"elbow_right": {
					"rotation": ["0-2*math.sin(q.anim_time*60*2.75+180)", 0, 0]
				},
				"leg_left": {
					"rotation": ["0+Math.cos((query.anim_time) * 90 * 2) * 1.5", 0, 0]
				},
				"body": {
					"position": [4, 0, 0]
				}
			}
		},
		"animation.shinx_delta.shoulder_right": {
			"loop": true,
			"bones": {
				"waist": {
					"rotation": ["-32.5+Math.cos((query.anim_time) * 90 * 2) * 1.5", 0, 0]
				},
				"tail_1": {
					"rotation": [-9.00717, 20.70481, 65.85133]
				},
				"tail_2": {
					"rotation": [-88.92828, -25.2314, 56.4027]
				},
				"tail_3": {
					"rotation": ["45+Math.cos((query.anim_time-0.3) * 90 * 4) * 2", 45, 0]
				},
				"head": {
					"rotation": [4.1141, 22.1399, "-10.8052+2*math.sin(q.anim_time*60*2.75+180)"]
				},
				"eyelid_right2": {
					"position": [0, 0, 0]
				},
				"ear_left": {
					"rotation": [0, 0, 12.5]
				},
				"ear_right": {
					"rotation": [0, 0, -12.5]
				},
				"fluff": {
					"rotation": [0, 0, 20]
				},
				"open_mouth": {
					"position": [0, 0, -2]
				},
				"closed_mouth": {
					"position": [0, 0, 1]
				},
				"back_leg_right": {
					"rotation": [-40.08019, "31.3724+Math.cos((query.anim_time) * 90 * 2) * 1.5", 1.3824],
					"position": [0, -1.5, -1]
				},
				"knee_right": {
					"rotation": [45, 0, 0]
				},
				"front_foot_right": {
					"rotation": [0, -5, 0]
				},
				"back_leg_left": {
					"rotation": [-40.0802, "-31.3724+Math.cos((query.anim_time) * 90 * 2) * 1.5", -1.3824],
					"position": [0, -1.5, -1]
				},
				"knee_left": {
					"rotation": [45, 0, 0]
				},
				"front_foot_left": {
					"rotation": [0, 5, 0]
				},
				"elbow_right": {
					"rotation": ["0-2*math.sin(q.anim_time*60*2.75+180)", 0, 0]
				},
				"leg_left": {
					"rotation": ["0+Math.cos((query.anim_time) * 90 * 2) * 1.5", 0, 0]
				},
				"body": {
					"position": [-4, 0, 0]
				}
			}
		}
	}
}