{
	"format_version": "1.8.0",
	"animations": {
		"animation.spectreon.ground_idle": {
			"loop": true,
			"animation_length": 32.58333,
			"override_previous_animation": true,
			"bones": {
				"head": {
					"rotation": ["57.5-math.sin(q.anim_time*90*4)*0.8  ", 0, "math.clamp(math.sin(q.anim_time*90*4+45)*0.2,-1.2,1.2)"],
					"position": [0, 0.25, -1.75]
				},
				"ear_left": {
					"rotation": ["2*math.sin(q.anim_time*90*2+90)-math.clamp(math.sin(q.anim_time*90*2-90),-1,1)", 0, 0]
				},
				"tail": {
					"rotation": {
						"0.0": ["math.sin(q.anim_time*90*4)*0.5", "math.sin(q.anim_time*90*1)*3", 0.43439],
						"32.5833": [10, 0, 0]
					}
				},
				"torso": {
					"rotation": ["math.sin(q.anim_time*90*4)*0.2", 0, 0],
					"position": [0, "(math.clamp(math.sin(q.anim_time*90*4+180)*0.1,-0.03,0.03)+math.clamp(math.sin(q.anim_time*90*2+180)*0.15,-0.5,0.5))*0.5", 0]
				},
				"hair_right": {
					"rotation": ["0-math.sin(q.anim_time*90*2+30)+0.5*math.clamp(math.sin(q.anim_time*90*2-150),-1,1)", "math.sin(q.anim_time*90*4)*-0.2", 0]
				},
				"body": {
					"rotation": [-52.5, 0, 0],
					"position": [0, "7+math.sin(q.anim_time*90*1)*1", 0]
				},
				"leg_front_right": {
					"rotation": ["40+math.sin(q.anim_time*90*4)*0.8", 0, "math.sin(q.anim_time*90*4)*-0.2"]
				},
				"leg_front_right2": {
					"rotation": [0, 0, "math.sin(q.anim_time*90*4)*-0.8"]
				},
				"leg_front_left": {
					"rotation": ["40+math.sin(q.anim_time*90*4)*0.8", 0, "math.sin(q.anim_time*90*4)*0.2"]
				},
				"leg_front_left2": {
					"rotation": [0, 0, "math.sin(q.anim_time*90*4)*0.8"]
				},
				"hair_right2": {
					"rotation": [0, "math.sin(q.anim_time*90*6)*0.8", 0]
				},
				"hair_left": {
					"rotation": ["0-math.sin(q.anim_time*90*2+30)+0.5*math.clamp(math.sin(q.anim_time*90*2-150),1,-1)", "math.sin(q.anim_time*90*4)*0.2", 0]
				},
				"hair_left2": {
					"rotation": [0, "math.sin(q.anim_time*90*6)*-0.8", 0]
				},
				"ear_left2": {
					"rotation": ["math.sin(q.anim_time*90*4)*5", 0, 0]
				},
				"ear_right": {
					"rotation": ["2*math.sin(q.anim_time*90*2+90)-math.clamp(math.sin(q.anim_time*90*2-90),1,-1)", 0, 0]
				},
				"ear_right2": {
					"rotation": ["math.sin(q.anim_time*90*4)*5", 0, 0]
				},
				"torso2": {
					"rotation": [-15, 0, 0]
				},
				"tail2": {
					"rotation": ["2*math.sin(q.anim_time*90*2+90)-math.clamp(math.sin(q.anim_time*90*2-90),-1,1)", "math.sin(q.anim_time*90*1)*3", 0]
				},
				"tail3": {
					"rotation": [20, "math.sin(q.anim_time*90*1)*5", 0]
				},
				"tail4": {
					"rotation": ["30+math.sin(q.anim_time*90*2+90)-math.clamp(math.sin(q.anim_time*90*2-90),-1,1)", "math.sin(q.anim_time*90*1)*0.5", 0]
				},
				"bone": {
					"rotation": [0, "math.sin(q.anim_time*90*1)*5", 0]
				}
			}
		},
		"animation.spectreon.ground_walk": {
			"loop": true,
			"animation_length": 32.58333,
			"override_previous_animation": true,
			"bones": {
				"head": {
					"rotation": ["40-math.sin(q.anim_time*90*4)*0.8", 0, "0+math.clamp(math.sin(q.anim_time*90*4+45)*0.2,-1.2,1.2)"],
					"position": [0, -1, -1.25]
				},
				"ear_left": {
					"rotation": ["-30+2*math.sin(q.anim_time*90*2+90)-math.clamp(math.sin(q.anim_time*90*2-90),-1,1)", 0, 0]
				},
				"tail": {
					"rotation": {
						"0.0": ["10+math.sin(q.anim_time*90*4)*2", "math.sin(q.anim_time*90*1)*3", 0.43439],
						"32.5833": [10, 0, 0]
					}
				},
				"torso": {
					"rotation": ["15+2*math.sin(q.anim_time*90*2+90)-math.clamp(math.sin(q.anim_time*90*2-90),-1,1)", 0, 0],
					"position": [0, "(math.clamp(math.sin(q.anim_time*90*4+180)*0.1,-0.03,0.03)+math.clamp(math.sin(q.anim_time*90*2+180)*0.15,-0.5,0.5))*0.5", 0]
				},
				"hair_right": {
					"rotation": ["0-math.sin(q.anim_time*90*2+30)+0.5*math.clamp(math.sin(q.anim_time*90*2-150),-1,1)", "math.sin(q.anim_time*90*4)*-0.2", 0]
				},
				"body": {
					"rotation": [-52.5, 0, 0],
					"position": [0, "7+math.sin(q.anim_time*90*2)*1", 0]
				},
				"leg_front_right": {
					"rotation": ["59.8255+math.sin(q.anim_time*90*4)*0.8", -6.92618, "math.sin(q.anim_time*90*4)*2.6841"]
				},
				"leg_front_right2": {
					"rotation": [0, 0, "math.sin(q.anim_time*90*4)*2"]
				},
				"leg_front_left": {
					"rotation": ["59.8255+math.sin(q.anim_time*90*4)*0.8", 6.92618, "-2.8841+math.sin(q.anim_time*90*4)*0.2"]
				},
				"leg_front_left2": {
					"rotation": [0, 0, "math.sin(q.anim_time*90*4)*-2"]
				},
				"hair_right2": {
					"rotation": [0, "math.sin(q.anim_time*90*6)*2", 0]
				},
				"hair_left": {
					"rotation": ["0-math.sin(q.anim_time*90*2+30)+0.5*math.clamp(math.sin(q.anim_time*90*2-150),1,-1)", "math.sin(q.anim_time*90*4)*0.2", 0]
				},
				"hair_left2": {
					"rotation": [0, "math.sin(q.anim_time*90*6)*-2", 0]
				},
				"ear_left2": {
					"rotation": ["math.sin(q.anim_time*90*4)*5", 0, 0]
				},
				"ear_right": {
					"rotation": ["-30+2*math.sin(q.anim_time*90*2+90)-math.clamp(math.sin(q.anim_time*90*2-90),1,-1)", 0, 0]
				},
				"ear_right2": {
					"rotation": ["math.sin(q.anim_time*90*4)*5", 0, 0]
				},
				"torso2": {
					"rotation": {
						"0.0": [0, 0, 0],
						"32.5833": [-15, 0, 0]
					}
				},
				"tail2": {
					"rotation": ["7.5+2*math.sin(q.anim_time*90*2+90)-math.clamp(math.sin(q.anim_time*90*2-90),-1,1)", "0+math.sin(q.anim_time*90*1)*3", 0]
				},
				"tail3": {
					"rotation": [20, "math.sin(q.anim_time*90*2)*5", 0]
				},
				"tail4": {
					"rotation": ["15+math.sin(q.anim_time*90*2+90)-math.clamp(math.sin(q.anim_time*90*2-90),-1,1)", "math.sin(q.anim_time*90*3)*2", 0]
				},
				"bone": {
					"rotation": [0, "math.sin(q.anim_time*90*4)*5", 0]
				}
			}
		},
		"animation.spectreon.sleep": {
			"loop": true,
			"animation_length": 32.58333,
			"override_previous_animation": true,
			"bones": {
				"head": {
					"rotation": ["104.0205-math.sin(q.anim_time*90*4)*0.8  ", 9.82641, 4.2336],
					"position": [0, 0.25, -3.75]
				},
				"ear_left": {
					"rotation": ["20.8055+2*math.sin(q.anim_time*90*2+90)-math.clamp(math.sin(q.anim_time*90*2-90),-1,1)", 0.47162, -12.91943]
				},
				"tail": {
					"rotation": ["-17.5+math.sin(q.anim_time*90*4)*0.5", 0, 0.43439]
				},
				"torso": {
					"rotation": ["-37.5+math.sin(q.anim_time*90*4)*0.2", 0, 10],
					"position": [0, "-2+(math.clamp(math.sin(q.anim_time*90*4+180)*0.1,-0.03,0.03)+math.clamp(math.sin(q.anim_time*90*2+180)*0.15,-0.5,0.5))*0.5", 6]
				},
				"hair_right": {
					"rotation": ["-7.5-math.sin(q.anim_time*90*2+30)+0.5*math.clamp(math.sin(q.anim_time*90*2-150),-1,1)", "math.sin(q.anim_time*90*4)*-0.2", 0]
				},
				"body": {
					"rotation": [-52.5, 0, 0],
					"position": [0, "7+math.sin(q.anim_time*90*1)*1", 0]
				},
				"leg_front_right": {
					"rotation": ["39.0093+math.sin(q.anim_time*90*4)*0.8", 11.00072, 0]
				},
				"leg_front_right2": {
					"rotation": [0, 0, "math.sin(q.anim_time*90*4)*-0.8"]
				},
				"leg_front_left": {
					"rotation": ["39.7547+math.sin(q.anim_time*90*4)*0.8", -5.52235, 0]
				},
				"leg_front_left2": {
					"rotation": [0, 0, "math.sin(q.anim_time*90*4)*0.8"]
				},
				"hair_right2": {
					"rotation": [0, "math.sin(q.anim_time*90*6)*0.8", 0]
				},
				"hair_left": {
					"rotation": ["0-math.sin(q.anim_time*90*2+30)+0.5*math.clamp(math.sin(q.anim_time*90*2-150),1,-1)", "math.sin(q.anim_time*90*4)*0.2", 0]
				},
				"hair_left2": {
					"rotation": [0, "math.sin(q.anim_time*90*6)*-0.8", 0]
				},
				"ear_left2": {
					"rotation": ["math.sin(q.anim_time*90*4)*5", 0, 0]
				},
				"ear_right": {
					"rotation": ["45+2*math.sin(q.anim_time*90*2+90)-math.clamp(math.sin(q.anim_time*90*2-90),1,-1)", 0, 0]
				},
				"ear_right2": {
					"rotation": ["math.sin(q.anim_time*90*4)*5", 0, 0]
				},
				"torso2": {
					"rotation": [-25, 0, 0]
				},
				"tail2": {
					"rotation": ["-12.5+math.sin(q.anim_time*90*0.2)*0.2", "math.sin(q.anim_time*90*0.1)*3", 0]
				},
				"tail3": {
					"rotation": [-15, "0+math.sin(q.anim_time*90*0.5)*5", 0]
				},
				"tail4": {
					"rotation": ["-24.1772+math.sin(q.anim_time*90*0.2)*0.2", "3.7326+math.sin(q.anim_time*90*0.2)*0.2", -9.86496]
				},
				"bone": {
					"rotation": [0, "17.5+math.sin(q.anim_time*90*1)*2", 0]
				},
				"eyelid_right": {
					"position": [-0.1, 0, -0.1]
				},
				"eyelid_left": {
					"position": [0.1, 0, -0.1]
				}
			}
		},
		"animation.spectreon.blink": {
			"animation_length": 0.1667,
			"bones": {
				"eyelid_right": {
					"position": {
						"0.0": [-0.1, 0, -0.1],
						"0.125": [-0.1, 0, -0.1],
						"0.1667": [0, 0, 0]
					}
				},
				"eyelid_left": {
					"position": {
						"0.0": [0.1, 0, -0.1],
						"0.125": [0.1, 0, -0.1],
						"0.1667": [0, 0, 0]
					}
				}
			}
		}
	}
}