{
	"format_version": "1.8.0",
	"animations": {
		"animation.steelix_delta.ground_idle": {
			"loop": true,
			"bones": {
				"body": {
					"position": [0, 29, 5]
				},
				"head": {
					"rotation": ["15+Math.cos((query.anim_time-0.2) * 90 * 1) * 3", 0, 0],
					"position": [0, "0+Math.cos((query.anim_time) * 90 * 1) * 1", 0]
				},
				"spike1": {
					"position": [0, "0+Math.cos((query.anim_time-0.5) * 90 * 1) * -1", 0]
				},
				"vine1_1": {
					"rotation": ["78.4248+Math.cos((query.anim_time-0.2) * 90 * 1) * -5", -4.75113, -22.01816]
				},
				"vine1_2": {
					"rotation": [-25, 0, 0]
				},
				"vine1_3": {
					"rotation": ["-32.5+Math.cos((query.anim_time-0.6) * 90 * 1) * -5", 0, 0]
				},
				"vine1_4": {
					"rotation": [-40, 0, 0]
				},
				"spike2": {
					"position": [0, "0+Math.cos((query.anim_time-0.5) * 90 * 1) * -1", 0]
				},
				"vine2_1": {
					"rotation": ["78.4248+Math.cos((query.anim_time-0.2) * 90 * 1) * -5", 4.75113, 22.01816]
				},
				"vine2_2": {
					"rotation": [-25, 0, 0]
				},
				"vine2_3": {
					"rotation": ["-32.5+Math.cos((query.anim_time-0.6) * 90 * 1) * -5", 0, 0]
				},
				"vine2_4": {
					"rotation": [-40, 0, 0]
				},
				"segment1": {
					"rotation": [20, 0, 0]
				},
				"rock1": {
					"rotation": [0, 0, "20*4-q.anim_time*90*0.75"],
					"position": [0, "0+Math.cos((query.anim_time-0.2) * 90 * 1) * 2", 0]
				},
				"segment2": {
					"rotation": [-27.5, 0, 0]
				},
				"rock2": {
					"rotation": [0, 0, "20*4+q.anim_time*90*0.75"],
					"position": [0, "0+Math.cos((query.anim_time-0.4) * 90 * 1) * -1", 0]
				},
				"segment4": {
					"rotation": [-27.5, 0, 0]
				},
				"segment3": {
					"rotation": ["-55+Math.cos((query.anim_time-0.6) * 90 * 1) * 2", 0, 0],
					"position": [0, 0, 2]
				},
				"rock3": {
					"rotation": [0, 0, "20*4-q.anim_time*90*0.75"]
				},
				"rock4": {
					"rotation": [0, 0, "20*4+q.anim_time*90*0.75"]
				},
				"segment5": {
					"rotation": [-17.5, 0, 0]
				},
				"rock5": {
					"rotation": [0, 0, "20*4-q.anim_time*90*0.75"]
				},
				"segment6": {
					"rotation": ["74.0635+Math.cos((query.anim_time-0.6) * 90 * 1) * -2", -5.51657, 19.25415],
					"position": [0, 2, -0.75]
				},
				"rock6": {
					"rotation": [0, 0, "20*4+q.anim_time*90*0.75"]
				},
				"segment7": {
					"rotation": [44.56621, 26.9462, 18.89598]
				},
				"rock7": {
					"rotation": [0, 0, "20*4-q.anim_time*90*0.75"]
				},
				"end": {
					"rotation": [24.87566, 42.05244, -6.82042]
				},
				"rockend": {
					"rotation": [0, 0, "20*4+q.anim_time*90*0.75"]
				}
			}
		},
		"animation.steelix_delta.ground_walk": {
			"loop": true,
			"animation_length": 4,
			"bones": {
				"body": {
					"position": [0, 18, 0]
				},
				"head": {
					"rotation": ["10+Math.cos((query.anim_time-0.25) * 90 * 4) * 3", 0, 0],
					"position": [0, 0, "0+Math.cos((query.anim_time) * 90 * 4) * 1"]
				},
				"segment1": {
					"rotation": [-32.5, 0, 0]
				},
				"rock1": {
					"rotation": [0, 0, "20*4-q.anim_time*90*1"],
					"position": [0, 0, "0+Math.cos((query.anim_time-0.05) * 90 * 4) * 1"]
				},
				"segment2": {
					"rotation": [-12.5, 0, 0]
				},
				"rock2": {
					"rotation": [0, 0, "20*4+q.anim_time*90*1"],
					"position": [0, 0, "0+Math.cos((query.anim_time-0.1) * 90 * 4) * 1"]
				},
				"spike1": {
					"position": [0, 0, "0+Math.cos((query.anim_time-0.1) * 90 * 4) * 1"]
				},
				"vine1_1": {
					"rotation": ["-0.0731+Math.cos((query.anim_time-0.05) * 90 * 4) * -5", 9.96523, -0.83746]
				},
				"vine1_2": {
					"rotation": [17.5, 0, 0]
				},
				"vine1_3": {
					"rotation": ["25+Math.cos((query.anim_time-0.15) * 90 * 4) * -5", 0, 0]
				},
				"vine1_4": {
					"rotation": ["20+Math.cos((query.anim_time-0.3) * 90 * 4) * -12", 0, 0]
				},
				"spike2": {
					"position": [0, 0, "0+Math.cos((query.anim_time-0.1) * 90 * 4) * 1"]
				},
				"vine2_1": {
					"rotation": ["-0.0409+Math.cos((query.anim_time-0.05) * 90 * 4) * -5", -7.47404, 0.6253]
				},
				"vine2_2": {
					"rotation": [17.5, 0, 0]
				},
				"vine2_3": {
					"rotation": ["25+Math.cos((query.anim_time-0.15) * 90 * 4) * -5", 0, 0]
				},
				"vine2_4": {
					"rotation": ["20+Math.cos((query.anim_time-0.3) * 90 * 4) * -12", 0, 0]
				},
				"segment3": {
					"rotation": [12.5, 0, 0]
				},
				"rock3": {
					"rotation": [0, 0, "20*4-q.anim_time*90*1"],
					"position": [0, 0, "0+Math.cos((query.anim_time-0.15) * 90 * 4) * 1"]
				},
				"segment4": {
					"rotation": [20, 0, 0],
					"position": [0, "0+Math.cos((query.anim_time-0.2) * 90 * 4) * 0.4", "0+Math.cos((query.anim_time-0.2) * 90 * 4) * 1"]
				},
				"rock4": {
					"rotation": [0, 0, "20*4+q.anim_time*90*1"]
				},
				"segment5": {
					"rotation": [12.5, 0, 0]
				},
				"rock5": {
					"rotation": [0, 0, "20*4-q.anim_time*90*1"],
					"position": [0, 0, "0+Math.cos((query.anim_time-0.25) * 90 * 4) * 1"]
				},
				"rock6": {
					"rotation": [0, 0, "20*4+q.anim_time*90*1"],
					"position": [0, 0, "0+Math.cos((query.anim_time-0.3) * 90 * 4) * 1"]
				},
				"rock7": {
					"rotation": [0, 0, "20*4-q.anim_time*90*1"],
					"position": [0, 0, "0+Math.cos((query.anim_time-0.35) * 90 * 4) * 1"]
				},
				"rockend": {
					"rotation": [0, 0, "20*4+q.anim_time*90*1"],
					"position": [0, 0, "0+Math.cos((query.anim_time-0.4) * 90 * 4) * 1"]
				}
			}
		},
		"animation.steelix_delta.faint": {
			"loop": true,
			"animation_length": 3,
			"bones": {
				"body": {
					"rotation": {
						"0.0": [0, 0, 0],
						"0.5833": [-14.33, 0, 0],
						"1.25": [-20, 0, 0]
					},
					"position": {
						"0.0": [0, 28, 0],
						"0.5833": [0, 37.02, 7.245],
						"1.25": [0, 41, 10]
					}
				},
				"head": {
					"rotation": {
						"0.0": [-4.5, 0, 0],
						"0.5833": [19, -30.075, 0],
						"1.0": [30.5, -42, 0],
						"1.375": [34, -47.5, 0],
						"1.5417": [11.5, 175.54, 0],
						"1.75": [15, 262.82, 0],
						"1.9583": [15, 330, 0],
						"2.2917": [-12.5, 377, -10],
						"2.3333": [22.5, 377, 7],
						"2.4167": [32, 377.25, 12.5],
						"2.5417": [34.5, 377.25, 12.5],
						"2.7917": [35.875, 377.25, 12]
					},
					"position": {
						"0.0": [0, 0, 0],
						"0.7917": ["0+Math.cos((query.anim_time) * 90 * 32) * 0.4", 0, 0],
						"0.8333": ["0+Math.cos((query.anim_time) * 90 * 48) * 0.6", 0, 0],
						"1.3333": ["0+Math.cos((query.anim_time) * 90 * 48) * 0.6", 0, 0],
						"1.375": [0, 0, 0],
						"1.4583": [0, 5.65823, -7.86301],
						"1.5833": [0, 7.45302, -11.70514],
						"1.7083": [0, 7.44914, -14.63617],
						"1.875": [0, 6.76596, -16.51939],
						"2.0417": [0, 5.93654, -18.07896],
						"2.125": [0, 3.45532, -19.03486],
						"2.2083": [0, -5.50815, -15.40571],
						"2.2917": [0, -41.49309, 0.73111],
						"2.375": [0, -42.75431, 1.49955],
						"2.5": [0, -42.28015, 1.32899],
						"2.5833": [0, -40.49309, 0.73111],
						"2.7083": [0, -39.94968, 0.53334]
					}
				},
				"segment1": {
					"rotation": {
						"0.0": [-2.5, 0, 0],
						"0.5833": [-11.33, 0, 0],
						"1.25": [-15, 0, 0]
					}
				},
				"rock1": {
					"rotation": {
						"0.0": [0, 0, 0],
						"0.9167": [0, 0, -124.38],
						"1.4167": [0, 0, -142],
						"1.6667": [-11.25, 0, -142],
						"1.75": [32.5, 0, -142],
						"1.9583": [35, 0, -142]
					},
					"position": {
						"1.4167": [0, 0, 0],
						"1.5417": [0, -0.71188, 0.328],
						"1.625": [0, -4.50921, 1.84552],
						"1.75": [0, -29.65202, 19.54802],
						"1.8333": [0, -27.19254, 17.82927],
						"1.9167": [0, -26.16606, 17.11303],
						"2.0": [0, -26.78436, 17.54018],
						"2.0833": [0, -29.23746, 19.26073]
					}
				},
				"segment2": {
					"rotation": {
						"0.0": [-15, 0, 0],
						"0.5833": [-13.08, 0, 0],
						"1.25": [-12.5, 0, 0]
					}
				},
				"rock2": {
					"rotation": {
						"0.0": [0, 0, 0],
						"0.4583": [0, 0, 80.08],
						"0.875": [0, 0, 124.375],
						"1.1667": [0, 0, 139.085],
						"1.4583": [0, 0, 144.25],
						"1.7083": [-9.85, 0, 172.5],
						"1.7917": [43.53, 0, 172],
						"2.1667": [50, 0, 172]
					},
					"position": {
						"1.4583": [0, 0, 0],
						"1.625": [-3.5, -2.36851, 2.57995],
						"1.7917": [-7, -19.59212, 21.38104],
						"1.875": [-7, -17.56323, 19.16817],
						"2.0": [-7, -16.37772, 17.87976],
						"2.0833": [-7, -16.7178, 18.24864],
						"2.1667": [-7, -19.25346, 21.01479]
					}
				},
				"spike1": {
					"rotation": {
						"0.0": [0, 0, 0],
						"0.3333": [35.95, 0, 0],
						"0.75": [54.13, 0, 0],
						"1.3333": [60, 0, 0]
					},
					"position": {
						"1.6667": [0, 0, 0],
						"1.75": [0, -1.52008, 1.65887],
						"1.8333": [0, -21.11212, 23.04104],
						"1.9167": [0, -19.42102, 21.19681],
						"2.0": [0, -18.91331, 20.64704],
						"2.0833": [0, -21.11212, 23.04104]
					}
				},
				"vine1_1": {
					"rotation": {
						"0.0": [0, 0, 0],
						"0.4167": [41.25, 0, 0],
						"0.8333": [47.5, 0, 0],
						"1.6667": [47.5, 0, 0],
						"1.75": [47.5, 0, 65],
						"1.9583": [47.5, 0, 95],
						"2.1667": [47.5, 15, 90]
					}
				},
				"vine1_2": {
					"rotation": {
						"0.0": [0, 0, 0],
						"0.4167": [97.5, 0, 0],
						"0.8333": [120, 0, 0]
					}
				},
				"vine1_3": {
					"rotation": {
						"0.0": [-37.5, 0, 0],
						"0.4167": [87.5, 0, 0],
						"0.8333": [105, 0, 0]
					}
				},
				"vine1_4": {
					"rotation": {
						"0.0": [-35, 0, 0],
						"0.4167": [80, 0, 0],
						"0.8333": [100, 0, 0]
					}
				},
				"spike2": {
					"rotation": {
						"0.0": [0, 0, 0],
						"0.3333": [35.95, 0, 0],
						"0.75": [54.13, 0, 0],
						"1.3333": [60, 0, 0]
					},
					"position": {
						"1.5833": [0, 0, 0],
						"1.6667": [0, -1.52008, 1.65887],
						"1.75": [0, -21.11212, 23.04104],
						"1.8333": [0, -19.42102, 21.19681],
						"1.9167": [0, -18.91331, 20.64704],
						"2.0": [0, -21.11212, 23.04104]
					}
				},
				"vine2_1": {
					"rotation": {
						"0.0": [0, 0, 0],
						"0.4167": [41.25, 0, 0],
						"0.8333": [47.5, 0, 0],
						"1.5833": [47.5, 0, 0],
						"1.6667": [47.5, 0, -65],
						"1.875": [47.5, 0, -95],
						"2.0833": [47.5, -15, -90]
					}
				},
				"vine2_2": {
					"rotation": {
						"0.0": [0, 0, 0],
						"0.4167": [97.5, 0, 0],
						"0.8333": [120, 0, 0]
					}
				},
				"vine2_3": {
					"rotation": {
						"0.0": [-37.5, 0, 0],
						"0.4167": [87.5, 0, 0],
						"0.8333": [105, 0, 0]
					}
				},
				"vine2_4": {
					"rotation": {
						"0.0": [-35, 0, 0],
						"0.4167": [80, 0, 0],
						"0.8333": [100, 0, 0]
					}
				},
				"segment3": {
					"rotation": {
						"0.0": [-35, 0, 0],
						"0.5833": [-29.525, 0, 0],
						"1.25": [-27.5, 0, 0]
					}
				},
				"rock3": {
					"rotation": {
						"0.0": [0, 0, 0],
						"0.7917": [0, 0, -36.25],
						"1.5": [0, 0, -45],
						"1.75": [31, 0, -45],
						"1.7917": [-17.5, 0, -45],
						"1.9167": [-42, 0, -45],
						"2.0417": [-55, 0, -45],
						"2.1667": [-57.5, 0, -45],
						"2.25": [-63.75, 0, -45],
						"2.3333": [-105, 0, -45]
					},
					"position": {
						"1.5": [0, 0, 0],
						"1.6667": [1.75, -2.91915, 0.25137],
						"1.7917": [4, -10.97194, 17.7656],
						"1.875": [4, -9.6112, 12.69889],
						"1.9583": [4, -9.28648, 11.49259],
						"2.0833": [4, -9.61352, 12.69741],
						"2.2083": [4, -10.97194, 17.7656],
						"2.25": [4, -10.32796, 16.98789],
						"2.3333": [4, -9.29697, 19.25356]
					}
				},
				"segment4": {
					"rotation": {
						"0.0": [-57.5, 0, 0],
						"0.5833": [-46.85, 0, 0],
						"1.25": [-42.5, 0, 0]
					}
				},
				"rock4": {
					"rotation": {
						"0.0": [0, 0, 0],
						"0.4583": [0, 0, 212.25],
						"1.0417": [0, 0, 337],
						"1.6667": [0, 0, 360],
						"1.75": [7.5, 0, 358],
						"1.8333": [25, 0, 358],
						"2.0": [37.5, 0, 358],
						"2.2083": [115, 0, 358],
						"2.2917": [122.5, 0, 358],
						"2.4583": [117.5, 0, 358]
					},
					"position": {
						"1.7083": [0, 0, 0],
						"1.75": [0, -1.19631, 2.03474],
						"1.8333": [0, -1.27579, 4.04628],
						"1.875": [0, -0.72194, 5.60227],
						"2.0": [0, -1.04719, 4.49124],
						"2.0833": [0, -1.67474, 4.59124],
						"2.2083": [0, -3.67455, 8.11102]
					}
				},
				"segment5": {
					"rotation": {
						"0.0": [45, 0, 0],
						"0.5833": [48.93, 0, 0],
						"1.25": [50, 0, 0]
					}
				},
				"rock5": {
					"rotation": {
						"0.0": [0, 0, 0],
						"0.4583": [0, 0, -99.94],
						"1.0": [0, 0, -170.945],
						"1.6667": [0, 0, -195],
						"1.7083": [-20, 0, -195]
					},
					"position": {
						"1.6667": [0, 0, 0],
						"1.7083": [0, -2.07193, 2.38896],
						"1.75": [0, -2.26134, 2.85194],
						"1.8333": [0, -1.97299, 2.15709]
					}
				},
				"segment6": {
					"rotation": {
						"0.0": [65, 0, 0],
						"0.5833": [65.66, 3.62, 16],
						"1.5": [66.69304, 9.30727, 20.57639]
					}
				},
				"rock6": {
					"rotation": {
						"0.0": [0, 0, 0],
						"0.625": [0, 0, 53.12],
						"1.1667": [0, 0, 82.755],
						"1.75": [0, 0, 87.5]
					}
				},
				"segment7": {
					"rotation": {
						"0.0": [0, 0, 0],
						"0.5833": [0, 28.64, 0],
						"1.5": [0, 32.5, 0]
					}
				},
				"rock7": {
					"rotation": {
						"0.0": [0, 0, 0],
						"0.4167": [0, 0, -52.47],
						"0.9583": [0, 0, -80.42],
						"1.75": [0, 0, -87.5]
					}
				},
				"end": {
					"rotation": {
						"0.0": [0, 0, 0],
						"0.6667": [0, 34.5, 0],
						"1.5": [0, 45, 0]
					}
				},
				"tailvines": {
					"rotation": {
						"1.6667": [0, 0, 0],
						"1.75": [-42.5, 17.5, 0]
					},
					"position": [0, 0, 0]
				},
				"rockend": {
					"rotation": {
						"1.7083": [0, 0, 0],
						"1.9167": [0.26118, -0.37763, -14.77838],
						"2.125": [0, 0, -109.47],
						"2.5": [0, 0, -135]
					},
					"position": {
						"1.6667": [0, 0, 0],
						"1.7083": [-0.06444, -1.49857, -0.01136],
						"1.875": [-0.95016, -1.42452, -0.16315],
						"2.1667": [-6.94161, -1.06914, -1.22045],
						"2.4167": [-7.92022, -0.90128, -1.39597],
						"2.6667": [-8.16597, -0.8891, -1.44337]
					}
				},
				"spike3": {
					"rotation": {
						"1.75": [0, 0, 0],
						"1.875": [32.5, 0, 0],
						"2.0": [42.85, 0, 0],
						"2.1667": [92.5, 0, 0],
						"2.2917": [108.5, 0, 0]
					},
					"position": {
						"1.75": [0, 0, 0],
						"1.7917": [0, 3.23224, 6.20908],
						"1.875": [0, 1.84825, 3.55299],
						"2.0": [0, 0.92126, 1.77495],
						"2.125": [0, 0.68913, 1.32649],
						"2.25": [0, 1.03631, 1.99526],
						"2.375": [0, 3.11787, 5.99155],
						"2.5": [0, 2.88913, 5.54649]
					}
				},
				"spke4": {
					"rotation": {
						"1.8333": [0, 0, 0],
						"2.0": [25, 0, 0],
						"2.125": [25, 0, 22.5],
						"2.25": [25, -9.25, 29.25],
						"2.5": [25, -12.5, 32.5]
					},
					"position": {
						"1.8333": [0, 0, 0],
						"1.9167": [0, 0.9235, 1.77402],
						"2.0": [0, 6.46098, 12.41413],
						"2.0833": [0, 4.95932, 9.52721],
						"2.2083": [0, 4.0365, 7.75598],
						"2.375": [0, 4.38631, 8.42526],
						"2.5": [0, 6.46098, 12.41413]
					}
				}
			}
		},
		"animation.steelix_delta.sleep": {
			"loop": true,
			"bones": {
				"body": {
					"position": [-4, 0, 21]
				},
				"head": {
					"rotation": ["20+Math.cos((query.anim_time) * 90 * 1) * 2", 20, -25],
					"position": [0, 4.25, 2]
				},
				"rock1": {
					"position": [0, "-1+Math.cos((query.anim_time-0.3) * 90 * 1) * 0.2", 0]
				},
				"segment2": {
					"rotation": [0, 27.5, 0]
				},
				"rock2": {
					"position": [0, "0+Math.cos((query.anim_time-0.6) * 90 * 1) * 0.2", 0]
				},
				"spike1": {
					"position": [0, -3, 0]
				},
				"vine1_1": {
					"rotation": [0, -15, 0]
				},
				"vine1_2": {
					"rotation": [0, -12.5, 0]
				},
				"vine1_3": {
					"rotation": [0, -17.5, 0]
				},
				"vine1_4": {
					"rotation": [0, -20, 0]
				},
				"spike2": {
					"position": [0, -4, 0]
				},
				"segment3": {
					"rotation": [0, 57.5, 0]
				},
				"rock3": {
					"position": [0, "-1+Math.cos((query.anim_time-0.9) * 90 * 1) * 0.2", 0]
				},
				"segment4": {
					"rotation": [0, 40, 0]
				},
				"rock4": {
					"position": [0, "0+Math.cos((query.anim_time-1.2) * 90 * 1) * 0.2", 0]
				},
				"segment5": {
					"rotation": [0, 45, 0]
				},
				"rock5": {
					"position": [0, "-1+Math.cos((query.anim_time-1.5) * 90 * 1) * 0.2", 0]
				},
				"segment6": {
					"rotation": [0, 45, 0]
				},
				"rock6": {
					"position": [0, "0+Math.cos((query.anim_time-1.8) * 90 * 1) * 0.2", 0]
				},
				"segment7": {
					"rotation": [0, 40, 0]
				},
				"rock7": {
					"position": [0, "-1+Math.cos((query.anim_time-2.1) * 90 * 1) * 0.2", 0]
				},
				"end": {
					"rotation": [0, 30, 0]
				},
				"spike3": {
					"position": [0, -3, 0]
				},
				"spke4": {
					"position": [0, -4, 0]
				}
			}
		}
	}
}