{
	"format_version": "1.8.0",
	"animations": {
		"animation.tapukehe.ground_idle": {
			"loop": true,
			"bones": {
				"torso": {
					"rotation": [-5, 0, 0]
				},
				"chest": {
					"rotation": [5, 0, 0]
				},
				"head": {
					"rotation": [5, 0, 0]
				},
				"hat": {
					"rotation": [2.5, 0, 0]
				},
				"right_arm": {
					"rotation": [0, -45, -20]
				},
				"right_arm_accesory": {
					"rotation": [0, 42.5, 0]
				},
				"right_arm2": {
					"rotation": [0, -60, 0]
				},
				"right_arm3": {
					"rotation": [0, 40, 0]
				},
				"right_arm4": {
					"rotation": [0, 67.5, 0]
				},
				"shell_arm_right": {
					"rotation": [0, -15, 0]
				},
				"left_arm": {
					"rotation": [0, 45, 20]
				},
				"left_arm2": {
					"rotation": [0, 60, 0]
				},
				"left_arm3": {
					"rotation": [0, -40, 0]
				},
				"left_arm4": {
					"rotation": [0, -67.5, 0]
				},
				"bottom": {
					"rotation": [-7.5, 0, 0]
				},
				"leg_front_right": {
					"rotation": [0, 0, -17.5]
				},
				"leg_front_right2": {
					"rotation": [0, 0, -22.5]
				},
				"leg_front_right3": {
					"rotation": [0, 0, 35]
				},
				"leg_front_right4": {
					"rotation": [0, -10, -15]
				},
				"leg_back_right": {
					"rotation": [0, 0, 12.5]
				},
				"leg_back_right2": {
					"rotation": [0, 0, 27.5]
				},
				"leg_back_right3": {
					"rotation": [0, 20, -42.5]
				},
				"leg_back_right4": {
					"rotation": [0, -15, 22.5]
				},
				"leg_front_left": {
					"rotation": [0, 0, 17.5]
				},
				"leg_front_left2": {
					"rotation": [0, 0, 22.5]
				},
				"leg_front_left3": {
					"rotation": [0, 0, -35]
				},
				"leg_front_left4": {
					"rotation": [0, 10, 15]
				},
				"leg_back_left": {
					"rotation": [0, 0, -12.5]
				},
				"leg_back_left2": {
					"rotation": [0, 0, -27.5]
				},
				"leg_back_left3": {
					"rotation": [0, 20, 42.5]
				},
				"leg_back_left4": {
					"rotation": [0, -15, -22.5]
				}
			}
		},
		"animation.tapumumu.shell": {
			"loop": true,
			"bones": {
				"hat": {
					"position": [0, -11, 0]
				},
				"right_arm": {
					"rotation": [90, 0, -90]
				},
				"right_arm2": {
					"rotation": [0, 0, 112.5]
				},
				"right_arm3": {
					"rotation": [0, 0, -22.5],
					"position": [0.4, 0.7, -0.5]
				},
				"right_arm4": {
					"rotation": [0, 90, 0]
				},
				"shell_arm_right": {
					"rotation": [0, 0, 0]
				},
				"left_arm": {
					"rotation": [90, 0, 90]
				},
				"left_arm2": {
					"rotation": [0, 0, -112.5]
				},
				"left_arm3": {
					"rotation": [0, 0, 22.5],
					"position": [-0.4, 0.7, -0.5]
				},
				"left_arm4": {
					"rotation": [0, -90, 0]
				},
				"leg_front_right": {
					"rotation": [0, 0, -40]
				},
				"leg_front_right2": {
					"rotation": [0, 0, -22.5]
				},
				"leg_front_right3": {
					"rotation": [0, 0, 22.5]
				},
				"leg_front_right4": {
					"rotation": [0, 0, 22.5]
				},
				"leg_back_right": {
					"rotation": [0, 0, -55]
				},
				"leg_back_right2": {
					"rotation": [0, 0, -22.5]
				},
				"leg_back_right3": {
					"rotation": [0, 0, 22.5]
				},
				"leg_back_right4": {
					"rotation": [0, 0, 12.5]
				},
				"leg_front_left": {
					"rotation": [0, 0, 40]
				},
				"leg_front_left2": {
					"rotation": [0, 0, 22.5]
				},
				"leg_front_left3": {
					"rotation": [0, 0, -22.5]
				},
				"leg_front_left4": {
					"rotation": [0, 0, -22.5]
				},
				"leg_back_left": {
					"rotation": [0, 0, 55]
				},
				"leg_back_left2": {
					"rotation": [0, 0, 22.5]
				},
				"leg_back_left3": {
					"rotation": [0, 0, -22.5]
				},
				"leg_back_left4": {
					"rotation": [0, 0, -12.5]
				}
			}
		}
	}
}