{
	"format_version": "1.8.0",
	"animations": {
		"animation.tinkatink_omega.ground_idle": {
			"loop": true,
			"bones": {
				"finger_left": {
					"rotation": [0, 0, 32.5]
				},
				"hammer": {
					"rotation": ["122.5+Math.cos((query.anim_time) * 90 * 2) * 0.5", -5, -10],
					"position": [0, -0.75, 0.25]
				},
				"finger_right": {
					"rotation": [0, 0, -10]
				},
				"leg_left": {
					"rotation": [0, -5, 0]
				},
				"leg_right": {
					"rotation": [0, 5, 0]
				},
				"hair": {
					"rotation": ["0+Math.cos((query.anim_time) * 90 * 2 - 120) * 5", 30, 0]
				},
				"hair4": {
					"rotation": ["0+Math.cos((query.anim_time) * 90 * 2 - 60) * -4", 0, 0]
				},
				"hair2": {
					"rotation": ["0+Math.cos((query.anim_time) * 90 * 2 - 180) * 4", 0, 0]
				},
				"arm_hammer_left": {
					"rotation": [-27.5, 22.5, "15+Math.cos((query.anim_time) * 90 * 2) * 2"]
				},
				"hammer2": {
					"rotation": [-14.56946, -2.56104, 2.8077],
					"position": [-1.23771, -1.29134, 0.78295]
				},
				"torso": {
					"rotation": ["0+Math.cos((query.anim_time) * 90 * 2 - 90) * -1", 0, 0],
					"position": [0, "0+Math.cos((query.anim_time) * 90 * 2) * 0.15", 0]
				},
				"head": {
					"rotation": ["0+Math.cos((query.anim_time) * 90 * 2 - 60) * 2", 0, 0]
				},
				"arm_left": {
					"rotation": [-19.32246, 15.41913, "19.5413+Math.cos((query.anim_time) * 90 * 2) * 2"]
				},
				"finger_left2": {
					"rotation": [0, 0, 25]
				},
				"finger_left3": {
					"rotation": [0, 0, 25]
				},
				"arm_right": {
					"rotation": [0, -22.5, "-25+Math.cos((query.anim_time) * 90 * 2 - 90) * 4"]
				},
				"finger_right2": {
					"rotation": [0, 0, -15]
				},
				"finger_right3": {
					"rotation": [0, 0, -15]
				}
			}
		},
		"animation.tinkatink_omega.ground_walk": {
			"loop": true,
			"animation_length": 1,
			"bones": {
				"hair3": {
					"rotation": ["0+Math.cos((query.anim_time) * 90 * 8 - 100) * 3", 0, 0]
				},
				"hair": {
					"rotation": ["0+Math.cos((query.anim_time) * 90 * 8 - 120) * 10", 12.5, "0+Math.cos((query.anim_time) * 90 * 4 - 180) * 10"]
				},
				"hair2": {
					"rotation": ["0+Math.cos((query.anim_time) * 90 * 8 - 180) * 8", 0, 0]
				},
				"finger_left": {
					"rotation": {
						"0.0": [0, 0, 17.5],
						"0.25": [0, 0, 12.5],
						"0.5833": [0, 0, 7.5],
						"0.9583": [0, 0, 17.5]
					}
				},
				"hammer": {
					"rotation": [12.5, 0, "15+Math.cos((query.anim_time) * 90 * 3 - 180) * 0.6"],
					"position": [0, -0.25, -0.25]
				},
				"hammer2": {
					"rotation": [4.97178, 0.65182, -4.95744],
					"position": [-1.21837, -0.34346, -0.4909]
				},
				"leg_left": {
					"rotation": {
						"0.0": [-3.75, -1.25, 0],
						"0.125": [-0.75, -0.275, 0],
						"0.25": [0, 0, 0],
						"0.5": [10, -0.825, 0],
						"0.75": [-10, -5, 0],
						"0.875": [-8.75, -6.25, 0],
						"1.0": [-3.75, -1.25, 0]
					},
					"position": {
						"0.0": [0, 0, -0.825],
						"0.0417": [0, -0.275, -0.74],
						"0.125": [0, 0, -0.575],
						"0.375": [0, 0, 0.42],
						"0.5": [0, 0, 0.75],
						"0.625": [0, 0.75, 0.5],
						"0.75": [0, 1, -0.05],
						"0.875": [0, 0.75, -0.575],
						"1.0": [0, 0, -0.825]
					}
				},
				"leg_right": {
					"rotation": {
						"0.0": [10, 0.825, 0],
						"0.25": [-10, 5, 0],
						"0.375": [-8.75, 6.25, 0],
						"0.5": [-3.75, 1.25, 0],
						"0.625": [-0.75, 0.275, 0],
						"0.75": [0, 0, 0],
						"1.0": [10, 0.825, 0]
					},
					"position": {
						"0.0": [0, 0, 0.75],
						"0.125": [0, 0.75, 0.5],
						"0.25": [0, 1, -0.05],
						"0.375": [0, 0.75, -0.575],
						"0.5": [0, 0, -0.825],
						"0.5417": [0, -0.275, -0.74],
						"0.625": [0, 0, -0.575],
						"0.875": [0, 0, 0.42],
						"1.0": [0, 0, 0.75]
					}
				},
				"arm_hammer_left": {
					"rotation": [0, "0+Math.cos((query.anim_time) * 90 * 4) * -12", "10+Math.cos((query.anim_time) * 90 * 8 - 130) * 5"]
				},
				"foot_left": {
					"rotation": {
						"0.0": [-3.75, -1.25, 0],
						"0.125": [-0.75, -0.275, 0],
						"0.25": [0, 0, 0],
						"0.5": [10, -0.825, 0],
						"0.75": [-10, -5, 0],
						"0.875": [-8.75, -6.25, 0],
						"1.0": [-3.75, -1.25, 0]
					},
					"position": {
						"0.0": [0, 0, -0.825],
						"0.0417": [0, -0.275, -0.74],
						"0.125": [0, 0, -0.575],
						"0.375": [0, 0, 0.42],
						"0.5": [0, 0, 0.75],
						"0.625": [0, 0.75, 0.5],
						"0.75": [0, 1, -0.05],
						"0.875": [0, 0.75, -0.575],
						"1.0": [0, 0, -0.825]
					}
				},
				"foot_right": {
					"rotation": {
						"0.0": [10, 0.825, 0],
						"0.25": [-10, 5, 0],
						"0.375": [-8.75, 6.25, 0],
						"0.5": [-3.75, 1.25, 0],
						"0.625": [-0.75, 0.275, 0],
						"0.75": [0, 0, 0],
						"1.0": [10, 0.825, 0]
					},
					"position": {
						"0.0": [0, 0, 0.75],
						"0.125": [0, 0.75, 0.5],
						"0.25": [0, 1, -0.05],
						"0.375": [0, 0.75, -0.575],
						"0.5": [0, 0, -0.825],
						"0.5417": [0, -0.275, -0.74],
						"0.625": [0, 0, -0.575],
						"0.875": [0, 0, 0.42],
						"1.0": [0, 0, 0.75]
					}
				},
				"torso": {
					"rotation": [
						"0+Math.cos((query.anim_time) * 90 * 8 - 90) * 3",
						"0+Math.cos((query.anim_time) * 90 * 4) * 6",
						"0+Math.cos((query.anim_time) * 90 * 4) * -3"
					],
					"position": [0, "0+Math.cos((query.anim_time) * 90 * 8) * -0.3", 0]
				},
				"head": {
					"rotation": [
						"0+Math.cos((query.anim_time) * 90 * 8 - 120) * -3",
						"0+Math.cos((query.anim_time) * 90 * 4 - 10) * -6",
						"0+Math.cos((query.anim_time) * 90 * 4 - 60) * 3"
					],
					"position": [0, "0+Math.cos((query.anim_time) * 90 * 8 - 60) * -0.1", 0]
				},
				"arm_left": {
					"rotation": {
						"0.0": [-72.5, "Math.cos((query.anim_time) * 90 * 4) * -12", "10+Math.cos((query.anim_time) * 90 * 8 - 130) * 5"],
						"0.2083": [-72.79827, "Math.cos((query.anim_time) * 90 * 4) * -13.4915", "14.7817+Math.cos((query.anim_time) * 90 * 8 - 130) * 5"],
						"0.4583": [-73.90782, "Math.cos((query.anim_time) * 90 * 4) * -12.0595", "9.8643+Math.cos((query.anim_time) * 90 * 8 - 130) * 5"],
						"0.7083": [-73.53659, "Math.cos((query.anim_time) * 90 * 4) * -14.1614", "17.0733+Math.cos((query.anim_time) * 90 * 8 - 130) * 5"],
						"0.9583": [-72.5, "Math.cos((query.anim_time) * 90 * 4) * -12", "10+Math.cos((query.anim_time) * 90 * 8 - 130) * 5"]
					}
				},
				"finger_left2": {
					"rotation": [0, 0, -15]
				},
				"finger_left3": {
					"rotation": {
						"0.0": [0, 0, 20],
						"0.5833": [0, 0, 10],
						"0.9583": [0, 0, 20]
					}
				},
				"arm_right": {
					"rotation": [0, "0+Math.cos((query.anim_time) * 90 * 4) * -12", "-10+Math.cos((query.anim_time) * 90 * 8 - 130) * -5"]
				}
			}
		},
		"animation.tinkatink_omega.pose": {
			"loop": true,
			"bones": {
				"body": {
					"rotation": [-15, 0, 0]
				},
				"foot_left": {
					"rotation": [17.5, 0, 0],
					"position": [0, 0.25, 0]
				},
				"torso": {
					"rotation": [27.5, 0, 0]
				},
				"head": {
					"rotation": [2.5, 0, 0]
				},
				"spear": {
					"rotation": [26.62747, 9.60533, 64.00783],
					"position": [-1, 1, 0.75]
				},
				"arm_left": {
					"rotation": [-68.66351, -54.35933, -53.5507],
					"position": [0, 0, 1]
				},
				"arm_right": {
					"rotation": [23.54958, -57.51086, -38.83426]
				},
				"foot_right": {
					"rotation": [115.84968, 11.12752, 21.49961],
					"position": [0, 2, 0.75]
				},
				"finger_right1": {
					"position": [0, 0.75, 0]
				},
				"finger_right2": {
					"rotation": [0, -32.5, 0],
					"position": [0, 0.5, 0]
				},
				"finger_right3": {
					"rotation": [0, 27.5, 0],
					"position": [-0.25, -0.5, 0]
				}
			}
		},
		"animation.tinkatink_omega.exploded": {
			"loop": true,
			"bones": {
				"foot_left": {
					"position": [3, 0, 0]
				},
				"torso": {
					"position": [0, 1, 0]
				},
				"head": {
					"position": [0, 3, 0]
				},
				"pearl": {
					"position": [0, 4, 0]
				},
				"spear": {
					"position": [-6, 0, 0]
				},
				"arm_left": {
					"position": [4, 0, 0]
				},
				"arm_right": {
					"position": [-5, 0, 0]
				},
				"foot_right": {
					"position": [-3, 0, 0]
				},
				"eyelid_left": {
					"position": [0, 0, -4]
				},
				"eyelid_right": {
					"position": [0, 0, -4]
				},
				"head_thing": {
					"position": [0, 5, 0]
				}
			}
		},
		"animation.tinkatink_omega.blink": {
			"animation_length": 0.16667,
			"bones": {
				"eyelid_left": {
					"position": {
						"0.0": [0, 0, -1.1],
						"0.125": [0, 0, -1.1],
						"0.1667": [0, 0, 0]
					}
				},
				"eyelid_right": {
					"position": {
						"0.0": [0, 0, -1.1],
						"0.125": [0, 0, -1.1],
						"0.1667": [0, 0, 0]
					}
				}
			}
		}
	}
}