{
	"format_version": "1.8.0",
	"animations": {
		"animation.turnimite.pose": {
			"loop": true,
			"bones": {
				"torso": {
					"rotation": [1.81693, -19.92066, 7.1809]
				},
				"stem": {
					"rotation": [-5, 0, 0]
				},
				"leaf_left": {
					"rotation": [0, -15, -15]
				},
				"leaf_right": {
					"rotation": [0, 15, 15]
				},
				"pupil": {
					"position": [-1, -1, 0]
				},
				"stem2": {
					"rotation": [12.5, 0, 0]
				}
			}
		},
		"animation.turnimite.blink": {
			"animation_length": 0.16667,
			"bones": {
				"eyelid_full": {
					"position": {
						"0.125": [0, 0, -0.1],
						"0.1667": [0, 0, 0]
					}
				},
				"eyelid_half": {
					"position": {
						"0.125": [0, 0, 0.1],
						"0.1667": [0, 0, 0]
					}
				}
			}
		},
		"animation.turnimite.eye_open": {
			"animation_length": 0.16667,
			"bones": {
				"eyelid_half": {
					"position": {
						"0.125": [0, 0, 0.1],
						"0.1667": [0, 0, 0]
					}
				}
			}
		},
		"animation.turnimite.sleep": {
			"loop": true,
			"bones": {
				"turnimite": {
					"position": [0, -3, 0]
				},
				"stem": {
					"rotation": [25, 0, 0]
				},
				"leaf_left": {
					"rotation": [90, 0, 27.5]
				},
				"leaf_right": {
					"rotation": [90, 0, -27.5]
				},
				"leg_left": {
					"rotation": [-32.5, 0, -45],
					"position": [1, 0, 0]
				},
				"leg_right": {
					"rotation": [-32.5, 0, 45],
					"position": [-1, 0, 0]
				},
				"leg_back": {
					"rotation": [45, 0, 0],
					"position": [0, 0, 1]
				},
				"stem2": {
					"rotation": [25, 0, 0]
				}
			}
		},
		"animation.turnimite.ground_idle": {
			"loop": true,
			"bones": {
				"body": {
					"rotation": ["Math.cos((query.anim_time) * 90 * 1 - 90) * 1", 0, "Math.cos((query.anim_time) * 90 * 1/2) * 2"],
					"position": [0, "5+Math.cos((query.anim_time) * 90 * 1) * 0.8", 0]
				},
				"leaf_right": {
					"rotation": [0, 0, "0+Math.cos((query.anim_time) * 90 * 1 - 130) * 3"]
				},
				"leaf_left": {
					"rotation": [0, 0, "0+Math.cos((query.anim_time) * 90 * 1 - 130) * -3"]
				}
			}
		},
		"animation.turnimite.ground_walk": {
			"loop": true,
			"bones": {
				"body": {
					"rotation": ["0+Math.cos((query.anim_time) * 90 * 8 - 90) * 1", 0, "0+Math.cos((query.anim_time) * 90 * 1 - 90) * 3"],
					"position": [0, "5+Math.cos((query.anim_time) * 90 * 8) * 0.3", 0]
				},
				"leaf_right": {
					"rotation": [0, "0+Math.cos((query.anim_time) * 90 * 16 - 90) * 2", "0+Math.cos((query.anim_time) * 90 * 8 - 90) * 4"]
				},
				"leaf_left": {
					"rotation": [0, "0+Math.cos((query.anim_time) * 90 * 16 - 90) * -2", "0+Math.cos((query.anim_time) * 90 * 8 - 90) * -4"]
				}
			}
		}
	}
}