{
	"format_version": "1.8.0",
	"animations": {
		"animation.yanmellia.ground_idle": {
			"loop": true,
			"bones": {
				"leg_right1": {
					"rotation": [0, 0, "-60+Math.cos((query.anim_time-0.3) * 90 * 4) * -3"]
				},
				"leg_right_joint1": {
					"rotation": [-12.5, 0, 75]
				},
				"tail1": {
					"rotation": ["-32.5+Math.cos((query.anim_time-0.5) * 90 * 4) * 1", 0, 0]
				},
				"tail2": {
					"rotation": [-27.5, 0, 0]
				},
				"tail3": {
					"rotation": ["-20+Math.cos((query.anim_time-0.6) * 90 * 4) * 3", 0, 0]
				},
				"tail4": {
					"rotation": [30, 0, 0]
				},
				"tail5": {
					"rotation": ["30+Math.cos((query.anim_time-0.8) * 90 * 4) * 5", 0, 0]
				},
				"body": {
					"rotation": ["7.5+Math.cos((query.anim_time-0.2) * 90 * 4) * 1", 0, 0],
					"position": [0, "9+Math.cos((query.anim_time) * 90 * 4) * 0.3", 0]
				},
				"head": {
					"rotation": ["10+Math.cos((query.anim_time-0.3) * 90 * 4) * 1", 0, 0]
				},
				"wing_right1": {
					"rotation": [15, 0, "15+Math.cos((query.anim_time) * 90 * 32) * -20"]
				},
				"wing_right2": {
					"rotation": [6.11611, -0.96319, "24.9775+Math.cos((query.anim_time) * 90 * 32) * 20"]
				},
				"wing_left1": {
					"rotation": [15, 0, "-15+Math.cos((query.anim_time) * 90 * 32) * 20"]
				},
				"wing_left2": {
					"rotation": [27.02111, -2.29136, "-23.0299+Math.cos((query.anim_time) * 90 * 32) * -20"]
				},
				"tail_end_right": {
					"rotation": [22.5, 0, 0]
				},
				"head_vine": {
					"rotation": ["-32.7136+Math.cos((query.anim_time-0.5) * 90 * 4) * 1", -6.49053, 3.76613]
				},
				"vine2": {
					"rotation": [-39.56869, 6.40865, 7.69263]
				},
				"vine3": {
					"rotation": [-49.32185, 9.54385, 8.11019]
				},
				"vine4": {
					"rotation": ["-24.4776+Math.cos((query.anim_time-0.7) * 90 * 4) * 3", -5.24826, -11.36081]
				},
				"vine5": {
					"rotation": [37.07723, 6.06809, -7.96341]
				},
				"vine6": {
					"rotation": ["34.0724+Math.cos((query.anim_time-0.9) * 90 * 4) * 5", 8.53726, -12.37961]
				},
				"vine7": {
					"rotation": ["18.5147+Math.cos((query.anim_time-0.7) * 90 * 8) * 5", 8.13608, -18.2089]
				},
				"vine8": {
					"rotation": [-1.45415, -61.16064, -69.26973]
				},
				"leg_right_foot1": {
					"rotation": [37.5, 0, 0]
				},
				"leg_right2": {
					"rotation": [0, 0, "-47.5+Math.cos((query.anim_time-0.3) * 90 * 4) * -3"]
				},
				"leg_right_joint2": {
					"rotation": [-10, 0, 75]
				},
				"leg_right_foot2": {
					"rotation": [37.5, 0, 0]
				},
				"leg_right3": {
					"rotation": [0, 0, "-40+Math.cos((query.anim_time-0.3) * 90 * 4) * -3"]
				},
				"leg_right_joint3": {
					"rotation": [-10, 0, 75]
				},
				"leg_right_foot3": {
					"rotation": [37.5, 0, 0]
				},
				"leg_left3": {
					"rotation": [0, 0, "40+Math.cos((query.anim_time-0.3) * 90 * 4) * 3"]
				},
				"leg_left1": {
					"rotation": [0, 0, "60+Math.cos((query.anim_time-0.3) * 90 * 4) * 3"]
				},
				"leg_left_joint1": {
					"rotation": [-12.5, 0, -75]
				},
				"leg_left_foot1": {
					"rotation": [37.5, 0, 0]
				},
				"leg_left2": {
					"rotation": [0, 0, "47.5+Math.cos((query.anim_time-0.3) * 90 * 4) * 3"]
				},
				"leg_left_joint2": {
					"rotation": [-10, 0, -75]
				},
				"leg_left_foot2": {
					"rotation": [37.5, 0, 0]
				},
				"leg_left_joint3": {
					"rotation": [-10, 0, -75]
				},
				"leg_left_foot3": {
					"rotation": [37.5, 0, 0]
				}
			}
		},
		"animation.yanmellia.ground_walk": {
			"loop": true,
			"bones": {
				"body": {
					"rotation": ["10+Math.cos((query.anim_time-0.05) * 90 * 16) * 1", 0, 0],
					"position": [0, "8+Math.cos((query.anim_time) * 90 * 16) * 0.4", 0]
				},
				"head": {
					"rotation": ["-7.5+Math.cos((query.anim_time-0.05) * 90 * 16) * -2", 0, 0]
				},
				"head_vine": {
					"rotation": ["-47.5+Math.cos((query.anim_time-0.05) * 90 * 16) * 2", 0, 0]
				},
				"vine2": {
					"rotation": ["-20+Math.cos((query.anim_time-0.1) * 90 * 16) * 2", 0, 0]
				},
				"vine3": {
					"rotation": ["0+Math.cos((query.anim_time-0.15) * 90 * 16) * 10", 0, 0]
				},
				"vine4": {
					"rotation": ["-20+Math.cos((query.anim_time-0.2) * 90 * 16) * 8", 0, 7.5]
				},
				"vine5": {
					"rotation": [-12.5, 0, 0]
				},
				"vine6": {
					"rotation": ["12.5+Math.cos((query.anim_time-0.25) * 90 * 16) * 35", 0, 0]
				},
				"vine7": {
					"rotation": [30, "0+Math.cos((query.anim_time-0.35) * 90 * 16) * 20", -55]
				},
				"vine8": {
					"rotation": [-40, 0, "-55+Math.cos((query.anim_time-0.3) * 90 * 16) * 10"]
				},
				"wing_right1": {
					"rotation": [-22.5, 22.5, "30+Math.cos((query.anim_time) * 90 * 32) * -25"]
				},
				"wing_right2": {
					"rotation": [0, 22.5, "10+Math.cos((query.anim_time) * 90 * 32) * 25"]
				},
				"wing_left1": {
					"rotation": [-22.5, -22.5, "-30+Math.cos((query.anim_time) * 90 * 32) * 25"]
				},
				"wing_left2": {
					"rotation": [0, -22.5, "-10+Math.cos((query.anim_time) * 90 * 32) * -25"]
				},
				"leg_right1": {
					"rotation": [20, 37.5, "-52.5+Math.cos((query.anim_time-0.15) * 90 * 16) * 4"]
				},
				"leg_right_joint1": {
					"rotation": [0, 0, 50]
				},
				"leg_left1": {
					"rotation": [20, -37.5, "52.5+Math.cos((query.anim_time-0.15) * 90 * 16) * -4"]
				},
				"leg_left_joint1": {
					"rotation": [0, 0, -50]
				},
				"leg_right2": {
					"rotation": [20, 37.5, "-52.5+Math.cos((query.anim_time-0.2) * 90 * 16) * 4"]
				},
				"leg_right_joint2": {
					"rotation": [0, 0, 57.5]
				},
				"leg_left2": {
					"rotation": [20, -37.5, "52.5+Math.cos((query.anim_time-0.2) * 90 * 16) * -4"]
				},
				"leg_left_joint2": {
					"rotation": [0, 0, -57.5]
				},
				"leg_right3": {
					"rotation": [20, 37.5, "-52.5+Math.cos((query.anim_time-0.25) * 90 * 16) * 4"]
				},
				"leg_right_joint3": {
					"rotation": [0, 0, 72.5]
				},
				"leg_left3": {
					"rotation": [20, -37.5, "52.5+Math.cos((query.anim_time-0.25) * 90 * 16) * -4"]
				},
				"leg_left_joint3": {
					"rotation": [0, 0, -72.5]
				},
				"tail1": {
					"rotation": ["-7.5+Math.cos((query.anim_time) * 90 * 16) * 1", 0, 0]
				},
				"tail2": {
					"rotation": ["-27.5+Math.cos((query.anim_time-0.05) * 90 * 16) * 2", 0, 0]
				},
				"tail3": {
					"rotation": ["-32.5+Math.cos((query.anim_time-0.1) * 90 * 16) * 5", 0, 0]
				},
				"tail4": {
					"rotation": ["20+Math.cos((query.anim_time-0.15) * 90 * 16) * 5", 0, 0]
				},
				"tail5": {
					"rotation": [15, 0, 0]
				},
				"wing_right": {
					"rotation": [0, 35, -2.5]
				},
				"wing_left": {
					"rotation": [0, -35, 2.5]
				}
			}
		},
		"animation.yanmellia.air_idle": {
			"loop": true,
			"bones": {
				"leg_right1": {
					"rotation": [0, 0, "-60+Math.cos((query.anim_time-0.3) * 90 * 4) * -3"]
				},
				"leg_right_joint1": {
					"rotation": [-12.5, 0, 75]
				},
				"tail1": {
					"rotation": ["-32.5+Math.cos((query.anim_time-0.5) * 90 * 4) * 1", 0, 0]
				},
				"tail2": {
					"rotation": [-27.5, 0, 0]
				},
				"tail3": {
					"rotation": ["-20+Math.cos((query.anim_time-0.6) * 90 * 4) * 3", 0, 0]
				},
				"tail4": {
					"rotation": [30, 0, 0]
				},
				"tail5": {
					"rotation": ["30+Math.cos((query.anim_time-0.8) * 90 * 4) * 5", 0, 0]
				},
				"body": {
					"rotation": ["7.5+Math.cos((query.anim_time-0.2) * 90 * 4) * 1", 0, 0],
					"position": [0, "9+Math.cos((query.anim_time) * 90 * 4) * 0.3", 0]
				},
				"head": {
					"rotation": ["10+Math.cos((query.anim_time-0.3) * 90 * 4) * 1", 0, 0]
				},
				"wing_right1": {
					"rotation": [15, 0, "15+Math.cos((query.anim_time) * 90 * 32) * -20"]
				},
				"wing_right2": {
					"rotation": [6.11611, -0.96319, "24.9775+Math.cos((query.anim_time) * 90 * 32) * 20"]
				},
				"wing_left1": {
					"rotation": [15, 0, "-15+Math.cos((query.anim_time) * 90 * 32) * 20"]
				},
				"wing_left2": {
					"rotation": [27.02111, -2.29136, "-23.0299+Math.cos((query.anim_time) * 90 * 32) * -20"]
				},
				"tail_end_right": {
					"rotation": [22.5, 0, 0]
				},
				"head_vine": {
					"rotation": ["-32.7136+Math.cos((query.anim_time-0.5) * 90 * 4) * 1", -6.49053, 3.76613]
				},
				"vine2": {
					"rotation": [-39.56869, 6.40865, 7.69263]
				},
				"vine3": {
					"rotation": [-49.32185, 9.54385, 8.11019]
				},
				"vine4": {
					"rotation": ["-24.4776+Math.cos((query.anim_time-0.7) * 90 * 4) * 3", -5.24826, -11.36081]
				},
				"vine5": {
					"rotation": [37.07723, 6.06809, -7.96341]
				},
				"vine6": {
					"rotation": ["34.0724+Math.cos((query.anim_time-0.9) * 90 * 4) * 5", 8.53726, -12.37961]
				},
				"vine7": {
					"rotation": ["18.5147+Math.cos((query.anim_time-0.7) * 90 * 8) * 5", 8.13608, -18.2089]
				},
				"vine8": {
					"rotation": [-1.45415, -61.16064, -69.26973]
				},
				"leg_right_foot1": {
					"rotation": [37.5, 0, 0]
				},
				"leg_right2": {
					"rotation": [0, 0, "-47.5+Math.cos((query.anim_time-0.3) * 90 * 4) * -3"]
				},
				"leg_right_joint2": {
					"rotation": [-10, 0, 75]
				},
				"leg_right_foot2": {
					"rotation": [37.5, 0, 0]
				},
				"leg_right3": {
					"rotation": [0, 0, "-40+Math.cos((query.anim_time-0.3) * 90 * 4) * -3"]
				},
				"leg_right_joint3": {
					"rotation": [-10, 0, 75]
				},
				"leg_right_foot3": {
					"rotation": [37.5, 0, 0]
				},
				"leg_left3": {
					"rotation": [0, 0, "40+Math.cos((query.anim_time-0.3) * 90 * 4) * 3"]
				},
				"leg_left1": {
					"rotation": [0, 0, "60+Math.cos((query.anim_time-0.3) * 90 * 4) * 3"]
				},
				"leg_left_joint1": {
					"rotation": [-12.5, 0, -75]
				},
				"leg_left_foot1": {
					"rotation": [37.5, 0, 0]
				},
				"leg_left2": {
					"rotation": [0, 0, "47.5+Math.cos((query.anim_time-0.3) * 90 * 4) * 3"]
				},
				"leg_left_joint2": {
					"rotation": [-10, 0, -75]
				},
				"leg_left_foot2": {
					"rotation": [37.5, 0, 0]
				},
				"leg_left_joint3": {
					"rotation": [-10, 0, -75]
				},
				"leg_left_foot3": {
					"rotation": [37.5, 0, 0]
				}
			}
		},
		"animation.yanmellia.air_fly": {
			"loop": true,
			"bones": {
				"body": {
					"rotation": ["10+Math.cos((query.anim_time-0.05) * 90 * 16) * 1", 0, 0],
					"position": [0, "8+Math.cos((query.anim_time) * 90 * 16) * 0.4", 0]
				},
				"head": {
					"rotation": ["-7.5+Math.cos((query.anim_time-0.05) * 90 * 16) * -2", 0, 0]
				},
				"head_vine": {
					"rotation": ["-47.5+Math.cos((query.anim_time-0.05) * 90 * 16) * 2", 0, 0]
				},
				"vine2": {
					"rotation": ["-20+Math.cos((query.anim_time-0.1) * 90 * 16) * 2", 0, 0]
				},
				"vine3": {
					"rotation": ["0+Math.cos((query.anim_time-0.15) * 90 * 16) * 10", 0, 0]
				},
				"vine4": {
					"rotation": ["-20+Math.cos((query.anim_time-0.2) * 90 * 16) * 8", 0, 7.5]
				},
				"vine5": {
					"rotation": [-12.5, 0, 0]
				},
				"vine6": {
					"rotation": ["12.5+Math.cos((query.anim_time-0.25) * 90 * 16) * 35", 0, 0]
				},
				"vine7": {
					"rotation": [30, "0+Math.cos((query.anim_time-0.35) * 90 * 16) * 20", -55]
				},
				"vine8": {
					"rotation": [-40, 0, "-55+Math.cos((query.anim_time-0.3) * 90 * 16) * 10"]
				},
				"wing_right1": {
					"rotation": [-22.5, 22.5, "30+Math.cos((query.anim_time) * 90 * 32) * -25"]
				},
				"wing_right2": {
					"rotation": [0, 22.5, "10+Math.cos((query.anim_time) * 90 * 32) * 25"]
				},
				"wing_left1": {
					"rotation": [-22.5, -22.5, "-30+Math.cos((query.anim_time) * 90 * 32) * 25"]
				},
				"wing_left2": {
					"rotation": [0, -22.5, "-10+Math.cos((query.anim_time) * 90 * 32) * -25"]
				},
				"leg_right1": {
					"rotation": [20, 37.5, "-52.5+Math.cos((query.anim_time-0.15) * 90 * 16) * 4"]
				},
				"leg_right_joint1": {
					"rotation": [0, 0, 50]
				},
				"leg_left1": {
					"rotation": [20, -37.5, "52.5+Math.cos((query.anim_time-0.15) * 90 * 16) * -4"]
				},
				"leg_left_joint1": {
					"rotation": [0, 0, -50]
				},
				"leg_right2": {
					"rotation": [20, 37.5, "-52.5+Math.cos((query.anim_time-0.2) * 90 * 16) * 4"]
				},
				"leg_right_joint2": {
					"rotation": [0, 0, 57.5]
				},
				"leg_left2": {
					"rotation": [20, -37.5, "52.5+Math.cos((query.anim_time-0.2) * 90 * 16) * -4"]
				},
				"leg_left_joint2": {
					"rotation": [0, 0, -57.5]
				},
				"leg_right3": {
					"rotation": [20, 37.5, "-52.5+Math.cos((query.anim_time-0.25) * 90 * 16) * 4"]
				},
				"leg_right_joint3": {
					"rotation": [0, 0, 72.5]
				},
				"leg_left3": {
					"rotation": [20, -37.5, "52.5+Math.cos((query.anim_time-0.25) * 90 * 16) * -4"]
				},
				"leg_left_joint3": {
					"rotation": [0, 0, -72.5]
				},
				"tail1": {
					"rotation": ["-7.5+Math.cos((query.anim_time) * 90 * 16) * 1", 0, 0]
				},
				"tail2": {
					"rotation": ["-27.5+Math.cos((query.anim_time-0.05) * 90 * 16) * 2", 0, 0]
				},
				"tail3": {
					"rotation": ["-32.5+Math.cos((query.anim_time-0.1) * 90 * 16) * 5", 0, 0]
				},
				"tail4": {
					"rotation": ["20+Math.cos((query.anim_time-0.15) * 90 * 16) * 5", 0, 0]
				},
				"tail5": {
					"rotation": [15, 0, 0]
				},
				"wing_right": {
					"rotation": [0, 35, -2.5]
				},
				"wing_left": {
					"rotation": [0, -35, 2.5]
				}
			}
		},
		"animation.yanmellia.faint": {
			"loop": true,
			"animation_length": 3,
			"bones": {
				"body": {
					"rotation": {
						"0.0": [-7.5, 0, 0],
						"0.2917": [-4.3, 0, 0],
						"0.4583": [7.34, 0, 0],
						"0.5833": [20.25, 0, 0],
						"0.6667": [0, 0, 0],
						"0.8333": [-183.87, 0, 0],
						"1.0833": [-296.53, 0, 0],
						"1.375": [-357.5, 0, 0],
						"1.4583": [-367.5, 0, 0],
						"1.5417": [-370, 0, 0],
						"1.5833": [-349.82, 0, 0],
						"1.7083": [-349.29, 0, 0],
						"1.8333": [-357.5, 0, 0],
						"2.0": [-360, 0, 0]
					},
					"position": {
						"0.0": [0, 16, 0],
						"0.2083": [0, "13.25+Math.cos((query.anim_time) * 90 * 48) * 0.2", 0],
						"0.625": [0, "10+Math.cos((query.anim_time) * 90 * 47) * 0.4", 0],
						"0.7083": [0, 11.5, 0],
						"0.8333": [0, 28.75, 9.25],
						"0.9583": [0, 31.5, 13],
						"1.125": [0, 32.5, 15.25],
						"1.2917": [0, 31.5, 15.325],
						"1.4167": [0, 25.25, 15.3],
						"1.5417": [0, -8, 15.3],
						"1.5833": [0, -11.5, 15.3],
						"1.625": [0, -4.25, 15.3],
						"1.7083": [0, -2.5, 15.3],
						"1.8333": [0, -3.25, 15.3],
						"1.9167": [0, -8, 15.3]
					}
				},
				"head": {
					"rotation": {
						"0.0": [12.5, 0, 0],
						"0.3333": [34.67, 0, 0],
						"0.625": [40, 0, 0],
						"0.6667": [47.5, 0, 0],
						"1.1667": [40.92, 0, 0],
						"1.4583": [-2.5, 0, 0],
						"1.5": [-22.5, 0, 0],
						"1.625": [12.5, 0, 0],
						"1.75": [-18, 0, 0],
						"1.875": [-19.75, 0, 0],
						"2.0": [-1, 0, 0],
						"2.125": [5, 0, 0]
					}
				},
				"head_vine": {
					"rotation": {
						"0.0": [-50, 0, 0],
						"0.7083": [-2.5, 0, 0],
						"1.375": [-42.5, 0, 0],
						"1.5": [-20.2664, -0.36493, -3.52727],
						"1.625": [-55.27, -0.36, -3.53],
						"1.75": [-12.77, -0.36, -3.53],
						"1.8333": [-9.27, -0.36, -3.53],
						"1.875": [-10.44, -0.36, -3.53],
						"1.9583": [-35.27, -0.36, -3.53],
						"2.0833": [-45.27, -0.36, -3.53],
						"2.2083": [-50.27, -0.36, -3.53],
						"2.3333": [-52.77, -0.36, -3.53]
					}
				},
				"vine2": {
					"rotation": {
						"0.4167": [-17.5, 0, 0],
						"0.75": [29.53367, 0.90808, -3.49471],
						"1.4167": [-20, 0, 0],
						"1.625": [-50, 0, 0],
						"1.7083": [-30, 0, 0],
						"1.875": [-13.93, 0, 0],
						"2.2917": [-35, 0, 0]
					}
				},
				"vine3": {
					"rotation": {
						"0.0": [-27.5, 0, 0],
						"0.4583": [-42.5, 0, 0],
						"0.7917": [7.5, 0, 0],
						"1.4583": [-12.5, 0, 0],
						"1.5": [10, 0, 0],
						"1.625": [-17.5, 0, 0],
						"1.7917": [-9.75, 0, 0],
						"1.9167": [-11.56, 0, 0],
						"2.125": [-25, 0, 0],
						"2.2917": [-30, 0, 0]
					}
				},
				"vine4": {
					"rotation": {
						"0.0": [-30, 0, 0],
						"0.5": [-40, 0, 0],
						"0.8333": [35, 0, 0],
						"1.4167": [-32.5, 0, 0],
						"1.5417": [7.5, 0, 0],
						"1.625": [-12.5, 0, 0],
						"1.7917": [17.25, 0, 0],
						"1.9167": [20, 0, 0],
						"2.0": [-7.5, 0, 0],
						"2.0833": [-12.5, 0, 0],
						"2.2083": [-7.5, 0, 0],
						"2.3333": [0, 0, 0],
						"2.5": [4, 0, 0]
					}
				},
				"vine5": {
					"rotation": {
						"0.0": [15, 0, 0],
						"0.5833": [7.5, 0, 0],
						"0.9167": [35, 0, 0],
						"1.6667": [42.5, 0, 0],
						"2.0417": [30, 0, 0],
						"2.25": [24.75, 0, 0],
						"2.4583": [22.5, 0, 0]
					}
				},
				"vine6": {
					"rotation": {
						"0.0": [17.5, 0, 0],
						"0.625": [-55, 0, 0],
						"0.9583": [37.5, 0, 0],
						"1.4583": [-17.5, 0, 0],
						"1.5417": [26.88, 0, 0],
						"1.6667": [-36.59, 0, 0],
						"1.875": [-40.65, 0, 0],
						"2.0": [-8.37, 0, 0],
						"2.2083": [0.21, 0, 0],
						"2.4583": [5, 0, 0]
					}
				},
				"vine7": {
					"rotation": {
						"0.0": [-15, 0, -12.5],
						"1.4167": [-15, 0, -12.5],
						"1.5417": [20, 0, -12.5],
						"1.6667": [-35, 0, -12.5],
						"1.9167": [12.5, 0, -12.5],
						"2.0417": [20, 0, -12.5],
						"2.25": [10.25, 0, -12.5],
						"2.375": [-18.75, 0, -12.5],
						"2.5": [-11.33, 0, -12.5],
						"2.625": [-13.59, 0, -12.5],
						"2.7917": [-22.86, 0, -12.5],
						"2.9583": [-30, 0, -12.5]
					}
				},
				"vine8": {
					"rotation": [-22.5, 0, -25]
				},
				"wing_right1": {
					"rotation": {
						"0.0": [0, 0, "10+Math.cos((query.anim_time-0.1) * 90 * 24) * -40"],
						"0.6667": [0, 0, 0],
						"0.7083": [0, 0, "10+Math.cos((query.anim_time-0.1) * 90 * 24) * -40"],
						"1.0417": [0, 0, "10+Math.cos((query.anim_time-0.1) * 90 * 24) * -40"],
						"1.4583": [0, 0, 27.5],
						"1.5417": [0, 0, 52.5],
						"1.6667": [0, 0, -20],
						"1.75": [0, 0, -2.5],
						"1.8333": [0, 0, 5],
						"1.9167": [0, 0, 5],
						"1.9583": [0, 0, -5],
						"2.0417": [0, 0, -10],
						"2.125": [0, 0, -12.5]
					}
				},
				"wing_right2": {
					"rotation": {
						"0.0": [0, 0, "-10+Math.cos((query.anim_time-0.1) * 90 * 24) * 40"],
						"0.6667": [0, 0, 0],
						"0.7083": [0, 0, "-10+Math.cos((query.anim_time-0.1) * 90 * 24) * 40"],
						"1.0417": [0, 0, "-10+Math.cos((query.anim_time-0.1) * 90 * 24) * 40"],
						"1.4583": [0, 0, -27.5],
						"1.5417": [0, 0, 52.5],
						"1.7083": [0, 0, -20],
						"1.7917": [0, 0, -2.5],
						"1.875": [0, 0, 5],
						"2.0": [0, 0, 5],
						"2.0417": [0, 0, -5],
						"2.125": [0, 0, -10],
						"2.25": [0, 0, -12.5]
					}
				},
				"wing_left1": {
					"rotation": {
						"0.0": [0, 0, "-10+Math.cos((query.anim_time-0.1) * 90 * 24) * 40"],
						"0.6667": [0, 0, 0],
						"0.7083": [0, 0, "-10+Math.cos((query.anim_time-0.1) * 90 * 24) * 40"],
						"1.0417": [0, 0, "-10+Math.cos((query.anim_time-0.1) * 90 * 24) * 40"],
						"1.4583": [0, 0, -27.5],
						"1.5417": [0, 0, -52.5],
						"1.6667": [0, 0, 20],
						"1.75": [0, 0, 2.5],
						"1.8333": [0, 0, -5],
						"1.9167": [0, 0, -5],
						"1.9583": [0, 0, 5],
						"2.0417": [0, 0, 10],
						"2.125": [0, 0, 12.5]
					}
				},
				"wing_left2": {
					"rotation": {
						"0.0": [0, 0, "10+Math.cos((query.anim_time-0.1) * 90 * 24) * -40"],
						"0.6667": [0, 0, 0],
						"0.7083": [0, 0, "10+Math.cos((query.anim_time-0.1) * 90 * 24) * -40"],
						"1.0417": [0, 0, "10+Math.cos((query.anim_time-0.1) * 90 * 24) * -40"],
						"1.4583": [0, 0, 27.5],
						"1.5417": [0, 0, -52.5],
						"1.7083": [0, 0, 20],
						"1.7917": [0, 0, 2.5],
						"1.875": [0, 0, -5],
						"2.0": [0, 0, -5],
						"2.0417": [0, 0, 5],
						"2.125": [0, 0, 10],
						"2.25": [0, 0, 12.5]
					}
				},
				"leg_right1": {
					"rotation": {
						"0.0": [47.5, 0, -25],
						"0.5": [60, 0, -25],
						"0.9167": [37.5, 0, -25],
						"1.375": [-22.5, 0, -62.5],
						"1.5417": [-22.5, -72.5, -62.5],
						"2.0833": [-27.5, -85, -62.5]
					}
				},
				"leg_right_joint1": {
					"rotation": [0, 0, 20]
				},
				"leg_left1": {
					"rotation": {
						"0.0": [47.5, 0, 25],
						"0.5": [60, 0, 25],
						"0.9167": [37.5, 0, 25],
						"1.375": [-22.5, 0, 62.5],
						"1.5417": [-22.5, 72.5, 62.5],
						"2.0833": [-27.5, 85, 62.5]
					}
				},
				"leg_left_joint1": {
					"rotation": [0, 0, -20]
				},
				"leg_right2": {
					"rotation": {
						"0.0": [47.5, 0, -17.5],
						"0.5417": [60, 0, -17.5],
						"1.0": [30, 0, -17.5],
						"1.4583": [5, 0, -57.5],
						"1.5833": [-32.5, -95, -57.5]
					}
				},
				"leg_right_joint2": {
					"rotation": [0, 0, 20]
				},
				"leg_left2": {
					"rotation": {
						"0.0": [47.5, 0, 17.5],
						"0.5417": [60, 0, 17.5],
						"1.0": [30, 0, 17.5],
						"1.4583": [5, 0, 57.5],
						"1.5833": [-32.5, 95, 57.5]
					}
				},
				"leg_left_joint2": {
					"rotation": [0, 0, -20]
				},
				"leg_right3": {
					"rotation": {
						"0.0": [47.5, 0, -12.5],
						"0.5833": [57.5, 0, -12.5],
						"1.125": [25, 0, -12.5],
						"1.4583": [25, 0, -57.5],
						"1.625": [27.5, 87.5, -57.5],
						"2.0833": [30, 87.5, -57.5]
					}
				},
				"leg_right_joint3": {
					"rotation": [0, 0, 20]
				},
				"leg_left3": {
					"rotation": {
						"0.0": [47.5, 0, 12.5],
						"0.5833": [57.5, 0, 12.5],
						"1.125": [25, 0, 12.5],
						"1.4583": [25, 0, 57.5],
						"1.625": [27.5, -87.5, 57.5],
						"2.0833": [30, -87.5, 57.5]
					}
				},
				"leg_left_joint3": {
					"rotation": [0, 0, -20]
				},
				"tail1": {
					"rotation": {
						"0.0": [-7.5, 0, 0],
						"0.2917": [-22.5, 0, 0],
						"0.6667": [-27.5, 0, 0],
						"0.75": [-75, 0, 0],
						"1.0833": [-64.17, 0, 0],
						"1.5": [16.5, 0, 0],
						"1.625": [-8.5, 0, 0],
						"1.75": [16.5, 0, 0],
						"1.8333": [21.5, 0, 0],
						"1.9583": [16.5, 0, 0],
						"2.1667": [6.5, 0, 0]
					}
				},
				"tail2": {
					"rotation": {
						"0.0": [-25, 0, 0],
						"0.625": [-37.5, 0, 0],
						"0.7917": [-67.5, 0, 0],
						"1.0833": [-23.17, 0, 0],
						"1.4167": [-10, 0, 0],
						"1.5": [-2.5, 0, 0],
						"1.5833": [-20, 0, 0],
						"1.7917": [-7.5, 0, 0],
						"2.0417": [-15, 0, 0],
						"2.4583": [-19.1, 0, 0]
					}
				},
				"tail3": {
					"rotation": {
						"0.0": [-20, 0, 0],
						"0.625": [-77.5, 0, 0],
						"0.7083": [11.68, 0, 0],
						"1.375": [-25, 0, 0],
						"1.5": [7.5, 0, 0],
						"1.7917": [20, 0, 0],
						"2.0": [12.5, 0, 0],
						"2.375": [5, 0, 0]
					}
				},
				"tail4": {
					"rotation": {
						"0.0": [15, 0, 0],
						"0.5833": [-5, 0, 0],
						"1.3333": [17.5, 0, 0],
						"1.5": [37.5, 0, 0],
						"1.7083": [5, 0, 0]
					}
				},
				"tail5": {
					"rotation": {
						"0.0": [32.5, 0, 0],
						"0.5833": [-2.5, 0, 0],
						"1.2917": [20, 0, 0],
						"1.5": [30, 0, 0],
						"1.625": [7.5, 0, 0],
						"2.2917": [10, 0, 0]
					}
				},
				"wing_right": {
					"rotation": [0, 22.5, 12.5]
				},
				"wing_left": {
					"rotation": [0, -22.5, -12.5]
				}
			}
		},
		"animation.yanmellia.sleep": {
			"loop": true,
			"bones": {
				"body": {
					"rotation": ["0+Math.cos((query.anim_time-0.1) * 90 * 1) * 1", 0, 0],
					"position": [0, -8, 0]
				},
				"head": {
					"rotation": ["0+Math.cos((query.anim_time-0.3) * 90 * 1) * -2", 0, 0]
				},
				"head_vine": {
					"rotation": ["-50+Math.cos((query.anim_time-0.3) * 90 * 1) * 2", 0, 0]
				},
				"vine2": {
					"rotation": [-24.81197, -3.1622, -6.80423]
				},
				"vine3": {
					"rotation": [-7.5, 0, -25]
				},
				"vine4": {
					"rotation": [-12.5, 0, -12.5]
				},
				"vine5": {
					"rotation": [-17.5, 0, -22.5]
				},
				"vine6": {
					"rotation": [0, 0, -20]
				},
				"vine7": {
					"rotation": [0, 0, -22.5]
				},
				"vine8": {
					"rotation": [30, 0, -27.5]
				},
				"wing_right1": {
					"rotation": [5, 0, -16.5]
				},
				"wing_right2": {
					"rotation": [5, 15, -15]
				},
				"wing_left1": {
					"rotation": [5, 0, 16.5]
				},
				"wing_left2": {
					"rotation": [5, -15, 15]
				},
				"leg_right1": {
					"rotation": [-82.72519, -69.85071, -6.83392]
				},
				"leg_right_joint1": {
					"rotation": [0, 0, 30]
				},
				"leg_left1": {
					"rotation": [-82.72519, 69.85071, 6.83392]
				},
				"leg_left_joint1": {
					"rotation": [0, 0, -30]
				},
				"leg_right2": {
					"rotation": [-82.72519, -69.85071, -6.83392]
				},
				"leg_left2": {
					"rotation": [-82.72519, 69.85071, 6.83392]
				},
				"leg_right3": {
					"rotation": [63.39128, -84.41125, -153.50045]
				},
				"leg_right_joint3": {
					"rotation": [0, 0, 17.5]
				},
				"leg_left3": {
					"rotation": [63.39128, 84.41125, 153.50045]
				},
				"leg_left_joint3": {
					"rotation": [0, 0, -17.5]
				},
				"tail1": {
					"rotation": ["-5+Math.cos((query.anim_time-0.1) * 90 * 1) * -2", 10, 0]
				},
				"tail2": {
					"rotation": [0, 12.5, 0]
				},
				"tail3": {
					"rotation": [0, 15, 0]
				},
				"tail4": {
					"rotation": [0, 20, 0]
				},
				"tail5": {
					"rotation": [0, 17.5, 0]
				},
				"wing_right": {
					"rotation": [0.88045, 9.96156, 5.07673]
				},
				"wing_left": {
					"rotation": [0, -30, 0]
				}
			}
		}
	}
}