{
    "head": "head",
	"portraitScale": 1.9,
    "portraitTranslation": [ -0.7, -0.9, 0 ],
    "profileScale": 0.8,
    "profileTranslation": [ 0, 0.4, 0 ],
    "poses": {
      "standing": {
        "poseName": "standing",
        "transformTicks": 10,
        "poseTypes": [
          "STAND",
          "NONE",
          "PORTRAIT",
          "PROFILE"
        ],
        "animations": [
          "bedrock(turpinch, ground_idle)"
        ]
      },
      "walking": {
        "poseName": "walking",
        "transformTicks": 10,
        "poseTypes": [ "WALK" ],
        "animations": [ "bedrock(turpinch, ground_walk)" ]
		}
      }
    }