{
	"format_version": "1.12.0",
	"minecraft:geometry": [
		{
			"description": {
				"identifier": "geometry.blacephalon",
				"texture_width": 128,
				"texture_height": 128,
				"visible_bounds_width": 6,
				"visible_bounds_height": 5.5,
				"visible_bounds_offset": [0, 2.25, 0]
			},
			"bones": [
				{
					"name": "blacephalon",
					"pivot": [0, 0, 0]
				},
				{
					"name": "bodyody2",
					"parent": "blacephalon",
					"pivot": [0, 33, 0]
				},
				{
					"name": "body",
					"parent": "bodyody2",
					"pivot": [0, 0, 0],
					"cubes": [
						{"origin": [-3, 20, -2], "size": [6, 5, 6], "uv": [64, 47]},
						{"origin": [-3, 21, 4], "size": [6, 5, 5], "uv": [24, 70]}
					]
				},
				{
					"name": "torso2",
					"parent": "body",
					"pivot": [0, 23, 0],
					"cubes": [
						{"origin": [-2, 23, -1], "size": [4, 11, 4], "uv": [46, 71]},
						{"origin": [-3, 29, -7], "size": [6, 6, 6], "uv": [0, 66]}
					]
				},
				{
					"name": "torso",
					"parent": "torso2",
					"pivot": [0, 34, 1],
					"cubes": [
						{"origin": [-2, 34, -1], "size": [4, 9, 4], "uv": [22, 80]}
					]
				},
				{
					"name": "neck",
					"parent": "torso",
					"pivot": [0.1, 44.4, 0],
					"cubes": [
						{"origin": [-16.5, 44.5, -16], "size": [33, 0, 33], "uv": [3, 1]}
					]
				},
				{
					"name": "headholder",
					"parent": "neck",
					"pivot": [0, 53, 0]
				},
				{
					"name": "head",
					"parent": "headholder",
					"pivot": [0, 46, 0],
					"cubes": [
						{"origin": [-8, 46, -7], "size": [16, 16, 16], "uv": [0, 34]},
						{"origin": [-7, 62, -6], "size": [2, 1, 2], "uv": [94, 42]},
						{"origin": [-4, 62, -6], "size": [2, 1, 2], "uv": [42, 94]},
						{"origin": [-1, 62, -5], "size": [2, 1, 2], "uv": [28, 94]},
						{"origin": [2, 62, -6], "size": [2, 1, 2], "uv": [88, 93]},
						{"origin": [5, 62, -6], "size": [2, 1, 2], "uv": [93, 86]},
						{"origin": [5, 62, 6], "size": [2, 1, 2], "uv": [22, 93]},
						{"origin": [2, 62, 5], "size": [2, 1, 2], "uv": [52, 93]},
						{"origin": [-4, 62, 5], "size": [2, 1, 2], "uv": [60, 93]},
						{"origin": [-7, 62, 6], "size": [2, 1, 2], "uv": [68, 93]},
						{"origin": [5, 62, 0], "size": [2, 1, 2], "uv": [92, 66]},
						{"origin": [2, 62, -1], "size": [2, 1, 2], "uv": [74, 92]},
						{"origin": [-1, 62, 1], "size": [2, 1, 2], "uv": [92, 75]},
						{"origin": [-4, 62, -1], "size": [2, 1, 2], "uv": [92, 78]},
						{"origin": [-7, 62, 0], "size": [2, 1, 2], "uv": [82, 92]},
						{"origin": [5, 62, -3], "size": [2, 1, 2], "uv": [0, 0]},
						{"origin": [-7, 62, -3], "size": [2, 1, 2], "uv": [0, 0]},
						{"origin": [8, 59, -4], "size": [1, 2, 2], "uv": [18, 96]},
						{"origin": [8, 55, -6], "size": [1, 2, 2], "uv": [12, 96]},
						{"origin": [8, 51, -6], "size": [1, 2, 2], "uv": [80, 95]},
						{"origin": [8, 47, -4], "size": [1, 2, 2], "uv": [74, 95]},
						{"origin": [8, 59, 4], "size": [1, 2, 2], "uv": [0, 66]},
						{"origin": [8, 55, 6], "size": [1, 2, 2], "uv": [94, 58]},
						{"origin": [8, 51, 6], "size": [1, 2, 2], "uv": [94, 94]},
						{"origin": [8, 47, 4], "size": [1, 2, 2], "uv": [48, 95]},
						{"origin": [-9, 59, -4], "size": [1, 2, 2], "uv": [28, 6]},
						{"origin": [-9, 55, -6], "size": [1, 2, 2], "uv": [28, 19]},
						{"origin": [-9, 51, -6], "size": [1, 2, 2], "uv": [0, 14]},
						{"origin": [-9, 47, -4], "size": [1, 2, 2], "uv": [28, 23]},
						{"origin": [-9, 59, 4], "size": [1, 2, 2], "uv": [28, 10]},
						{"origin": [-9, 55, 6], "size": [1, 2, 2], "uv": [28, 30]},
						{"origin": [-9, 51, 6], "size": [1, 2, 2], "uv": [0, 0]},
						{"origin": [-9, 47, 4], "size": [1, 2, 2], "uv": [64, 47]},
						{"origin": [-7, 58, -8], "size": [2, 2, 1], "uv": [11, 100]},
						{"origin": [-4, 59, -8], "size": [2, 2, 1], "uv": [99, 84]},
						{"origin": [-1, 60, -8], "size": [2, 2, 1], "uv": [82, 99]},
						{"origin": [2, 59, -8], "size": [2, 2, 1], "uv": [99, 77]},
						{"origin": [5, 58, -8], "size": [2, 2, 1], "uv": [76, 99]},
						{"origin": [5, 55, -8], "size": [2, 2, 1], "uv": [70, 99]},
						{"origin": [2, 56, -8], "size": [2, 2, 1], "uv": [64, 99]},
						{"origin": [-1, 56, -8], "size": [2, 2, 1], "uv": [58, 99]},
						{"origin": [-4, 56, -8], "size": [2, 2, 1], "uv": [99, 57]},
						{"origin": [-7, 55, -8], "size": [2, 2, 1], "uv": [0, 4]},
						{"origin": [-7, 51, -8], "size": [2, 2, 1], "uv": [99, 53]},
						{"origin": [-4, 51, -8], "size": [2, 2, 1], "uv": [52, 99]},
						{"origin": [-1, 51, -8], "size": [2, 2, 1], "uv": [46, 99]},
						{"origin": [2, 51, -8], "size": [2, 2, 1], "uv": [36, 99]},
						{"origin": [5, 51, -8], "size": [2, 2, 1], "uv": [97, 98]},
						{"origin": [-7, 48, -8], "size": [2, 2, 1], "uv": [98, 92]},
						{"origin": [-4, 47, -8], "size": [2, 2, 1], "uv": [91, 98]},
						{"origin": [-1, 47, -8], "size": [2, 2, 1], "uv": [98, 89]},
						{"origin": [2, 47, -8], "size": [2, 2, 1], "uv": [98, 65]},
						{"origin": [5, 48, -8], "size": [2, 2, 1], "uv": [98, 62]},
						{"origin": [5, 48, 9], "size": [2, 2, 1], "uv": [98, 48]},
						{"origin": [5, 51, 9], "size": [2, 2, 1], "uv": [0, 18]},
						{"origin": [-1, 52, 9], "size": [2, 2, 1], "uv": [98, 45]},
						{"origin": [2, 51, 9], "size": [2, 2, 1], "uv": [98, 34]},
						{"origin": [2, 47, 9], "size": [2, 2, 1], "uv": [30, 98]},
						{"origin": [-1, 48, 9], "size": [2, 2, 1], "uv": [6, 98]},
						{"origin": [-7, 48, 9], "size": [2, 2, 1], "uv": [0, 98]},
						{"origin": [-4, 47, 9], "size": [2, 2, 1], "uv": [97, 81]},
						{"origin": [-4, 51, 9], "size": [2, 2, 1], "uv": [41, 97]},
						{"origin": [-7, 51, 9], "size": [2, 2, 1], "uv": [97, 37]},
						{"origin": [-7, 55, 9], "size": [2, 2, 1], "uv": [24, 97]},
						{"origin": [-4, 56, 9], "size": [2, 2, 1], "uv": [86, 96]},
						{"origin": [-1, 56, 9], "size": [2, 2, 1], "uv": [96, 72]},
						{"origin": [2, 56, 9], "size": [2, 2, 1], "uv": [96, 69]},
						{"origin": [5, 55, 9], "size": [2, 2, 1], "uv": [66, 96]},
						{"origin": [5, 58, 9], "size": [2, 2, 1], "uv": [60, 96]},
						{"origin": [2, 59, 9], "size": [2, 2, 1], "uv": [54, 96]},
						{"origin": [-1, 60, 9], "size": [2, 2, 1], "uv": [35, 96]},
						{"origin": [-4, 59, 9], "size": [2, 2, 1], "uv": [82, 50]},
						{"origin": [-7, 58, 9], "size": [2, 2, 1], "uv": [28, 27]}
					]
				},
				{
					"name": "left_flower",
					"parent": "head",
					"pivot": [8.1, 53.95436, 1.03911],
					"cubes": [
						{"origin": [8.1, 56.19568, -7.59034], "size": [0, 1, 2], "pivot": [8.1, 56.89568, 3.90966], "rotation": [45, 0, 0], "uv": [30, 0]},
						{"origin": [8.1, 55.19568, -5.59034], "size": [0, 4, 5], "pivot": [8.1, 56.89568, 3.90966], "rotation": [45, 0, 0], "uv": [46, 81]},
						{"origin": [8.11, 58.09568, -2.49034], "size": [0, 4, 4], "pivot": [8.1, 56.89568, 3.90966], "rotation": [45, 0, 0], "uv": [58, 67]},
						{"origin": [7.6, 52.5, -0.5], "size": [1, 3, 3], "uv": [14, 90]},
						{"origin": [8.11, 51.49568, -1.89034], "size": [0, 4, 4], "pivot": [8.1, 56.89568, 3.90966], "rotation": [45, 0, 0], "uv": [38, 84]},
						{"origin": [8.09, 47, 0.5], "size": [0, 2, 1], "uv": [31, 13]},
						{"origin": [8.09, 49, -1], "size": [0, 3, 4], "uv": [85, 82]},
						{"origin": [8.11, 49.49568, -0.29034], "size": [0, 2, 1], "pivot": [8.1, 56.89568, 3.90966], "rotation": [45, 0, 0], "uv": [31, 15]},
						{"origin": [8.1, 54.69568, 0.10966], "size": [0, 4, 5], "pivot": [8.1, 56.89568, 3.90966], "rotation": [45, 0, 0], "uv": [10, 81]},
						{"origin": [8.1, 56.19568, 5.10966], "size": [0, 1, 2], "pivot": [8.1, 56.89568, 3.90966], "rotation": [45, 0, 0], "uv": [29, 16]},
						{"origin": [8.09, 56, -1], "size": [0, 3, 4], "uv": [56, 43]},
						{"origin": [8.09, 59, 0.5], "size": [0, 2, 1], "uv": [28, 22]},
						{"origin": [8.11, 62.09568, -0.99034], "size": [0, 2, 1], "pivot": [8.1, 56.89568, 3.90966], "rotation": [45, 0, 0], "uv": [28, 9]}
					]
				},
				{
					"name": "right_flower",
					"parent": "head",
					"pivot": [-8.1, 53.95436, 1.03911],
					"cubes": [
						{"origin": [-8.1, 56.19568, -7.59034], "size": [0, 1, 2], "pivot": [-8.1, 56.89568, 3.90966], "rotation": [45, 0, 0], "uv": [25, 4]},
						{"origin": [-8.1, 55.19568, -5.59034], "size": [0, 4, 5], "pivot": [-8.1, 56.89568, 3.90966], "rotation": [45, 0, 0], "uv": [76, 37]},
						{"origin": [-8.11, 58.09568, -2.49034], "size": [0, 4, 4], "pivot": [-8.1, 56.89568, 3.90966], "rotation": [45, 0, 0], "uv": [41, 66]},
						{"origin": [-8.6, 52.5, -0.5], "size": [1, 3, 3], "uv": [54, 87]},
						{"origin": [-8.11, 51.49568, -1.89034], "size": [0, 4, 4], "pivot": [-8.1, 56.89568, 3.90966], "rotation": [45, 0, 0], "uv": [48, 62]},
						{"origin": [-8.09, 47, 0.5], "size": [0, 2, 1], "uv": [0, 27]},
						{"origin": [-8.09, 49, -1], "size": [0, 3, 4], "uv": [48, 43]},
						{"origin": [-8.11, 49.49568, -0.29034], "size": [0, 2, 1], "pivot": [-8.1, 56.89568, 3.90966], "rotation": [45, 0, 0], "uv": [21, 0]},
						{"origin": [-8.1, 54.69568, 0.10966], "size": [0, 4, 5], "pivot": [-8.1, 56.89568, 3.90966], "rotation": [45, 0, 0], "uv": [21, 9]},
						{"origin": [-8.1, 56.19568, 5.10966], "size": [0, 1, 2], "pivot": [-8.1, 56.89568, 3.90966], "rotation": [45, 0, 0], "uv": [21, 4]},
						{"origin": [-8.09, 56, -1], "size": [0, 3, 4], "uv": [21, 14]},
						{"origin": [-8.09, 59, 0.5], "size": [0, 2, 1], "uv": [4, 13]},
						{"origin": [-8.11, 62.09568, -0.99034], "size": [0, 2, 1], "pivot": [-8.1, 56.89568, 3.90966], "rotation": [45, 0, 0], "uv": [0, 13]}
					]
				},
				{
					"name": "left_arm",
					"parent": "torso",
					"pivot": [1, 42.6, 0],
					"cubes": [
						{"origin": [1, 40.6, 0], "size": [13, 2, 2], "inflate": 0.01, "uv": [68, 38]},
						{"origin": [4, 38, -2], "size": [7, 7, 7], "uv": [0, 14]}
					]
				},
				{
					"name": "left_arm2",
					"parent": "left_arm",
					"pivot": [14, 42.6, 2],
					"cubes": [
						{"origin": [14, 40.6, 0], "size": [13, 2, 2], "uv": [68, 34]}
					]
				},
				{
					"name": "left_hand",
					"parent": "left_arm2",
					"pivot": [27, 42.6, 2],
					"cubes": [
						{"origin": [27.01, 37.6, -3], "size": [0, 8, 8], "uv": [0, 32]},
						{"origin": [27, 40.6, 0], "size": [3, 2, 2], "uv": [44, 90]},
						{"origin": [29, 39.6, -1], "size": [7, 4, 4], "uv": [0, 78]},
						{"origin": [35, 40.6, 0], "size": [4, 2, 2], "uv": [88, 54]}
					]
				},
				{
					"name": "right_arm",
					"parent": "torso",
					"pivot": [-1, 42.6, 0],
					"cubes": [
						{"origin": [-14, 40.6, 0], "size": [13, 2, 2], "inflate": 0.01, "uv": [18, 66]},
						{"origin": [-11, 38, -2], "size": [7, 7, 7], "uv": [0, 0]}
					]
				},
				{
					"name": "right_arm2",
					"parent": "right_arm",
					"pivot": [-14, 42.6, 2],
					"cubes": [
						{"origin": [-27, 40.6, 0], "size": [13, 2, 2], "uv": [0, 28]}
					]
				},
				{
					"name": "right_hand",
					"parent": "right_arm2",
					"pivot": [-27, 42.6, 2],
					"cubes": [
						{"origin": [-27.01, 37.6, -3], "size": [0, 8, 8], "uv": [0, 24]},
						{"origin": [-30, 40.6, 0], "size": [3, 2, 2], "uv": [88, 89]},
						{"origin": [-36, 39.6, -1], "size": [7, 4, 4], "uv": [76, 58]},
						{"origin": [-39, 40.6, 0], "size": [4, 2, 2], "uv": [88, 50]}
					]
				},
				{
					"name": "right_leg",
					"parent": "body",
					"pivot": [-3, 22, 1.1],
					"cubes": [
						{"origin": [-6, 19, -3], "size": [6, 5, 8], "uv": [56, 58]},
						{"origin": [-5, 16, -1], "size": [4, 4, 4], "uv": [82, 42]}
					]
				},
				{
					"name": "right_leg2",
					"parent": "right_leg",
					"pivot": [-2.8, 16.02926, -0.99571],
					"cubes": [
						{"origin": [-2.8, 8.50885, -1.69398], "size": [0, 8, 4], "pivot": [-3, 18.50885, 0.30602], "rotation": [17.5, 0, 0], "uv": [38, 76]},
						{"origin": [-5.3, 8.50885, -5.69398], "size": [5, 5, 5], "pivot": [-3, 18.50885, 0.30602], "rotation": [17.5, 0, 0], "uv": [77, 76]}
					]
				},
				{
					"name": "right_foot",
					"parent": "right_leg2",
					"pivot": [-2.8, 9.6, 5.2],
					"cubes": [
						{"origin": [-4.3, 2.49836, -0.02695], "size": [3, 8, 4], "pivot": [-2.8, 6.49836, 1.97305], "rotation": [-20, 0, 0], "uv": [0, 86]},
						{"origin": [-4.9, 7.49836, 3.97305], "size": [4, 4, 4], "pivot": [-2.8, 6.49836, 1.97305], "rotation": [-20, 0, 0], "uv": [18, 100], "mirror": true},
						{"origin": [-4.3, 2.20721, -2.90658], "size": [3, 3, 3], "inflate": -0.1, "pivot": [-2.8, 1.20721, -1.90658], "rotation": [-52.5, 0, 0], "uv": [76, 86]},
						{"origin": [-3.8, 1.22926, -1.89571], "size": [2, 2, 2], "pivot": [-2.8, 1.72926, -1.39571], "rotation": [-90, 0, 0], "uv": [36, 92]},
						{"origin": [-2.8, -0.77074, -1.89571], "size": [0, 2, 2], "pivot": [-2.8, 1.72926, -1.39571], "rotation": [-90, 0, 0], "uv": [20, 30]}
					]
				},
				{
					"name": "left_leg",
					"parent": "body",
					"pivot": [3, 22, 1.1],
					"cubes": [
						{"origin": [0, 19, -3], "size": [6, 5, 8], "uv": [48, 34]},
						{"origin": [1, 16, -1], "size": [4, 4, 4], "uv": [80, 67]}
					]
				},
				{
					"name": "left_leg2",
					"parent": "left_leg",
					"pivot": [2.8, 16.02926, -0.99571],
					"cubes": [
						{"origin": [2.8, 8.50885, -1.69398], "size": [0, 8, 4], "pivot": [3, 18.50885, 0.30602], "rotation": [17.5, 0, 0], "uv": [48, 30]},
						{"origin": [0.3, 8.50885, -5.69398], "size": [5, 5, 5], "pivot": [3, 18.50885, 0.30602], "rotation": [17.5, 0, 0], "uv": [62, 71]}
					]
				},
				{
					"name": "left_foot",
					"parent": "left_leg2",
					"pivot": [2.8, 9.6, 5.2],
					"cubes": [
						{"origin": [1.3, 2.49836, -0.02695], "size": [3, 8, 4], "pivot": [2.8, 6.49836, 1.97305], "rotation": [-20, 0, 0], "uv": [62, 81]},
						{"origin": [0.9, 7.49836, 3.97305], "size": [4, 4, 4], "pivot": [2.8, 6.49836, 1.97305], "rotation": [-20, 0, 0], "uv": [18, 100]},
						{"origin": [1.3, 2.20721, -2.90658], "size": [3, 3, 3], "inflate": -0.1, "pivot": [2.8, 1.20721, -1.90658], "rotation": [-52.5, 0, 0], "uv": [21, 0]},
						{"origin": [1.8, 1.22926, -1.89571], "size": [2, 2, 2], "pivot": [2.8, 1.72926, -1.39571], "rotation": [-90, 0, 0], "uv": [18, 78]},
						{"origin": [2.8, -0.77074, -1.89571], "size": [0, 2, 2], "pivot": [2.8, 1.72926, -1.39571], "rotation": [-90, 0, 0], "uv": [16, 30]}
					]
				}
			]
		}
	]
}