{
	"format_version": "1.12.0",
	"minecraft:geometry": [
		{
			"description": {
				"identifier": "geometry.brutebonnet",
				"texture_width": 128,
				"texture_height": 128,
				"visible_bounds_width": 4,
				"visible_bounds_height": 3,
				"visible_bounds_offset": [0, 1.5, 0]
			},
			"bones": [
				{
					"name": "brutebonnet",
					"pivot": [0, 0, 0]
				},
				{
					"name": "body",
					"parent": "brutebonnet",
					"pivot": [0, 5, 0]
				},
				{
					"name": "torso",
					"parent": "body",
					"pivot": [0, 5, 0],
					"cubes": [
						{"origin": [-6, 3, -5], "size": [12, 8, 12], "uv": [0, 53]}
					]
				},
				{
					"name": "tail",
					"parent": "torso",
					"pivot": [0, 6, 7.04167],
					"cubes": [
						{"origin": [-3.5, 3, 7], "size": [7, 6, 5], "uv": [62, 29]}
					]
				},
				{
					"name": "tail2",
					"parent": "tail",
					"pivot": [0, 6, 12],
					"cubes": [
						{"origin": [-2.5, 4, 12], "size": [5, 4, 4], "uv": [0, 16]},
						{"origin": [0, 8, 12], "size": [0, 4, 4], "uv": [18, 72]}
					]
				},
				{
					"name": "tail3",
					"parent": "tail2",
					"pivot": [0, 6, 16],
					"cubes": [
						{"origin": [-1.5, 4.5, 16], "size": [3, 3, 3], "uv": [0, 53]}
					]
				},
				{
					"name": "head",
					"parent": "torso",
					"pivot": [0, 12, 0],
					"cubes": [
						{"origin": [-5, 11, -4], "size": [10, 8, 10], "uv": [48, 53]},
						{"origin": [-3.5, 15.5, -4.01], "size": [2, 3, 0], "uv": [0, 16]},
						{"origin": [-2.75, 16, -4.02], "size": [1, 2, 0], "uv": [0, 6]},
						{"origin": [1.5, 15.5, -4.01], "size": [2, 3, 0], "uv": [20, 8]},
						{"origin": [1.75, 16, -4.02], "size": [1, 2, 0], "uv": [6, 0]}
					]
				},
				{
					"name": "jaw",
					"parent": "head",
					"pivot": [-0.00316, 13.9965, -3.99925],
					"cubes": [
						{"origin": [-0.1, 13.625, -5.999], "size": [1, 1, 0], "pivot": [0.5, 13.5, -6], "rotation": [0, 0, -45], "uv": [2, 6]},
						{"origin": [0, 14.11079, -5.999], "size": [1, 1, 0], "pivot": [0.5, 12.08579, -6], "rotation": [0, 0, -45], "uv": [4, 0]},
						{"origin": [-1, 14.11079, -5.999], "size": [1, 1, 0], "pivot": [-0.5, 12.08579, -6], "rotation": [0, 0, 45], "uv": [0, 0]},
						{"origin": [-2, 12, -6], "size": [4, 2, 2], "uv": [13, 1]},
						{"origin": [1.999, 13.65, -5.15], "size": [0, 1, 1], "pivot": [2, 14.5, -5], "rotation": [-45, 0, 0], "uv": [0, 2]},
						{"origin": [-1.998, 13.65, -5.15], "size": [0, 1, 1], "pivot": [-2, 14.5, -5], "rotation": [-45, 0, 0], "uv": [0, 0]}
					]
				},
				{
					"name": "snout",
					"parent": "head",
					"pivot": [0.00029, 13.99647, -3.9993],
					"cubes": [
						{"origin": [0.5, 13.225, -5.999], "size": [1, 1, 0], "pivot": [0.5, 13.5, -6], "rotation": [0, 0, -45], "uv": [6, 3]},
						{"origin": [-1.5, 13.225, -5.999], "size": [1, 1, 0], "pivot": [-0.5, 13.5, -6], "rotation": [0, 0, 45], "uv": [6, 2]},
						{"origin": [-2, 14, -6], "size": [4, 2, 2], "uv": [1, 46]},
						{"origin": [1.999, 13.5, -5.79289], "size": [0, 1, 1], "pivot": [2, 14, -5.29289], "rotation": [-45, 0, 0], "uv": [4, 3]},
						{"origin": [-1.998, 13.5, -5.79289], "size": [0, 1, 1], "pivot": [-2.004, 14, -5.29289], "rotation": [-45, 0, 0], "uv": [4, 2]},
						{"origin": [1.999, 14.5, -4.79289], "size": [0, 1, 1], "pivot": [2, 14, -5.29289], "rotation": [-45, 0, 0], "uv": [4, 0]},
						{"origin": [-1.998, 14.5, -4.79289], "size": [0, 1, 1], "pivot": [-1.999, 14, -5.29289], "rotation": [-45, 0, 0], "uv": [0, 3]}
					]
				},
				{
					"name": "arm_right",
					"parent": "head",
					"pivot": [-5, 11.5, -1],
					"cubes": [
						{"origin": [-8.5, 10.5, -2], "size": [5, 2, 2], "uv": [0, 73]}
					]
				},
				{
					"name": "arm_left2",
					"parent": "arm_right",
					"pivot": [-8.5, 11.5, 0],
					"cubes": [
						{"origin": [-12.5, 10.5, -2], "size": [4, 2, 2], "inflate": 0.01, "uv": [0, 59]}
					]
				},
				{
					"name": "hand_right",
					"parent": "arm_left2",
					"pivot": [-11.5, 11.5, -1],
					"cubes": [
						{"origin": [-13.5, 7.5, -5], "size": [2, 8, 8], "uv": [0, 29]},
						{"origin": [-13.5, 11, -5], "size": [1, 1, 2], "inflate": 0.01, "uv": [18, 5]},
						{"origin": [-13.5, 11, 1], "size": [1, 1, 2], "inflate": 0.01, "uv": [12, 5]}
					]
				},
				{
					"name": "arm_left",
					"parent": "head",
					"pivot": [5, 11.5, -1],
					"cubes": [
						{"origin": [3.5, 10.5, -2], "size": [5, 2, 2], "uv": [72, 71]}
					]
				},
				{
					"name": "arm_right2",
					"parent": "arm_left",
					"pivot": [8.5, 11.5, 0],
					"cubes": [
						{"origin": [8.5, 10.5, -2], "size": [4, 2, 2], "inflate": 0.01, "uv": [14, 16]}
					]
				},
				{
					"name": "hand_left",
					"parent": "arm_right2",
					"pivot": [11.5, 11.5, -1],
					"cubes": [
						{"origin": [11.5, 7.5, -5], "size": [2, 8, 8], "uv": [0, 0]},
						{"origin": [12.5, 11, -5], "size": [1, 1, 2], "inflate": 0.01, "uv": [0, 3]},
						{"origin": [12.5, 11, 1], "size": [1, 1, 2], "inflate": 0.01, "uv": [0, 0]}
					]
				},
				{
					"name": "cap",
					"parent": "head",
					"pivot": [0, 18, -3],
					"cubes": [
						{"origin": [-12, 19, -11], "size": [24, 3, 24], "inflate": 0.01, "uv": [2, 2]},
						{"origin": [-10, 22, -9], "size": [20, 2, 20], "uv": [2, 31]},
						{"origin": [7, 24.5, 6.9], "size": [0, 4, 3], "pivot": [6, 24, 7.4], "rotation": [-35, -45, 45], "uv": [80, 7]},
						{"origin": [7, 24.5, -8.1], "size": [0, 4, 3], "pivot": [6, 24, -5.6], "rotation": [35, 45, 45], "uv": [80, 7]},
						{"origin": [8, 25, -0.5], "size": [0, 5, 3], "pivot": [7, 24, 0.5], "rotation": [0, 0, 45], "uv": [80, -1]},
						{"origin": [-7, 24.5, -8.1], "size": [0, 4, 3], "pivot": [-6, 24, -5.6], "rotation": [35, -45, -45], "uv": [92, 7], "mirror": true},
						{"origin": [-8, 25, -0.5], "size": [0, 5, 3], "pivot": [-7, 24, 0.5], "rotation": [0, 0, -45], "uv": [92, -1], "mirror": true},
						{"origin": [-7, 24.5, 6.9], "size": [0, 4, 3], "pivot": [-6, 24, 7.4], "rotation": [-35, 45, -45], "uv": [92, 7], "mirror": true}
					]
				},
				{
					"name": "back_hair_main",
					"parent": "cap",
					"pivot": [4.5, 19, 13],
					"cubes": [
						{"origin": [0, 15, 13], "size": [9, 4, 0], "uv": [22, 102]}
					]
				},
				{
					"name": "back_hair_main2",
					"parent": "back_hair_main",
					"pivot": [3, 15, 13],
					"cubes": [
						{"origin": [1, 7, 13], "size": [4, 8, 0], "uv": [31, 107]}
					]
				},
				{
					"name": "back_hair_main3",
					"parent": "back_hair_main",
					"pivot": [7, 15, 13],
					"cubes": [
						{"origin": [5, 7, 13], "size": [4, 8, 0], "uv": [22, 107]}
					]
				},
				{
					"name": "back_hair_main4",
					"parent": "cap",
					"pivot": [-4.5, 19, 13],
					"cubes": [
						{"origin": [-9, 15, 13], "size": [9, 4, 0], "uv": [22, 102], "mirror": true}
					]
				},
				{
					"name": "back_hair_main5",
					"parent": "back_hair_main4",
					"pivot": [-3, 15, 13],
					"cubes": [
						{"origin": [-5, 7, 13], "size": [4, 8, 0], "uv": [31, 107], "mirror": true}
					]
				},
				{
					"name": "back_hair_main6",
					"parent": "back_hair_main4",
					"pivot": [-7, 15, 13],
					"cubes": [
						{"origin": [-9, 7, 13], "size": [4, 8, 0], "uv": [22, 107], "mirror": true}
					]
				},
				{
					"name": "back_hair",
					"parent": "cap",
					"pivot": [10.5, 19, 13],
					"cubes": [
						{"origin": [9, 15, 13], "size": [3, 4, 0], "uv": [1, 102]}
					]
				},
				{
					"name": "back_hair2",
					"parent": "back_hair",
					"pivot": [10.5, 15, 13],
					"cubes": [
						{"origin": [9, 10, 13], "size": [3, 5, 0], "uv": [1, 106]}
					]
				},
				{
					"name": "back_hair3",
					"parent": "cap",
					"pivot": [-10.5, 19, 13],
					"cubes": [
						{"origin": [-12, 15, 13], "size": [3, 4, 0], "uv": [1, 102], "mirror": true}
					]
				},
				{
					"name": "back_hair4",
					"parent": "back_hair3",
					"pivot": [-10.5, 15, 13],
					"cubes": [
						{"origin": [-12, 10, 13], "size": [3, 5, 0], "uv": [1, 106], "mirror": true}
					]
				},
				{
					"name": "left_hair",
					"parent": "cap",
					"pivot": [12, 19, 9.5],
					"cubes": [
						{"origin": [12, 15, 6], "size": [0, 4, 7], "uv": [110, 77]}
					]
				},
				{
					"name": "left_h",
					"parent": "left_hair",
					"pivot": [12, 15, 11.5],
					"cubes": [
						{"origin": [12, 7, 10], "size": [0, 8, 3], "uv": [118, 86]}
					]
				},
				{
					"name": "left_h2",
					"parent": "left_hair",
					"pivot": [12, 15, 8.5],
					"cubes": [
						{"origin": [12, 7, 6], "size": [0, 8, 4], "uv": [109, 85]}
					]
				},
				{
					"name": "right_hair",
					"parent": "cap",
					"pivot": [-12, 19, 9.5],
					"cubes": [
						{"origin": [-12, 15, 6], "size": [0, 4, 7], "uv": [110, 77], "mirror": true}
					]
				},
				{
					"name": "right_h",
					"parent": "right_hair",
					"pivot": [-12, 15, 11.5],
					"cubes": [
						{"origin": [-12, 7, 10], "size": [0, 8, 3], "uv": [118, 86], "mirror": true}
					]
				},
				{
					"name": "right_h2",
					"parent": "right_hair",
					"pivot": [-12, 15, 8.5],
					"cubes": [
						{"origin": [-12, 7, 6], "size": [0, 8, 4], "uv": [109, 85], "mirror": true}
					]
				},
				{
					"name": "left_hair_mid",
					"parent": "cap",
					"pivot": [12, 19, 1.75],
					"cubes": [
						{"origin": [12, 15, -2], "size": [0, 4, 8], "uv": [80, 76]}
					]
				},
				{
					"name": "left_h_mid",
					"parent": "left_hair_mid",
					"pivot": [12, 15, 3.5],
					"cubes": [
						{"origin": [12, 9, 2], "size": [0, 6, 3], "uv": [94, 86]}
					]
				},
				{
					"name": "left_h_mid2",
					"parent": "left_hair_mid",
					"pivot": [12, 15, -0.5],
					"cubes": [
						{"origin": [12, 6, -2], "size": [0, 9, 4], "uv": [84, 85]}
					]
				},
				{
					"name": "right_hair_mid",
					"parent": "cap",
					"pivot": [-12, 19, 1.75],
					"cubes": [
						{"origin": [-12, 15, -2], "size": [0, 4, 8], "uv": [80, 76], "mirror": true}
					]
				},
				{
					"name": "right_h_mid",
					"parent": "right_hair_mid",
					"pivot": [-12, 15, 3.5],
					"cubes": [
						{"origin": [-12, 9, 2], "size": [0, 6, 3], "uv": [94, 86], "mirror": true}
					]
				},
				{
					"name": "right_h_mid2",
					"parent": "right_hair_mid",
					"pivot": [-12, 15, -0.5],
					"cubes": [
						{"origin": [-12, 6, -2], "size": [0, 9, 4], "uv": [84, 85], "mirror": true}
					]
				},
				{
					"name": "left_hair2",
					"parent": "cap",
					"pivot": [12, 19, -7.25],
					"cubes": [
						{"origin": [12, 15, -11], "size": [0, 4, 9], "uv": [56, 75]}
					]
				},
				{
					"name": "left_h3",
					"parent": "left_hair2",
					"pivot": [12, 15, -5.5],
					"cubes": [
						{"origin": [12, 9, -7], "size": [0, 6, 4], "uv": [70, 85]}
					]
				},
				{
					"name": "left_h4",
					"parent": "left_hair2",
					"pivot": [12, 15, -9.5],
					"cubes": [
						{"origin": [12, 6, -11], "size": [0, 9, 4], "uv": [61, 85]}
					]
				},
				{
					"name": "right_hair2",
					"parent": "cap",
					"pivot": [-12, 19, -7.25],
					"cubes": [
						{"origin": [-12, 15, -11], "size": [0, 4, 9], "uv": [56, 75], "mirror": true}
					]
				},
				{
					"name": "right_h3",
					"parent": "right_hair2",
					"pivot": [-12, 15, -5.5],
					"cubes": [
						{"origin": [-12, 9, -7], "size": [0, 6, 4], "uv": [70, 85], "mirror": true}
					]
				},
				{
					"name": "right_h4",
					"parent": "right_hair2",
					"pivot": [-12, 15, -9.5],
					"cubes": [
						{"origin": [-12, 6, -11], "size": [0, 9, 4], "uv": [61, 85], "mirror": true}
					]
				},
				{
					"name": "front_hair2",
					"parent": "cap",
					"pivot": [3, 19, -11],
					"cubes": [
						{"origin": [3, 15, -11], "size": [9, 4, 0], "uv": [35, 85]}
					]
				},
				{
					"name": "front_h5",
					"parent": "front_hair2",
					"pivot": [9, 15, -11],
					"cubes": [
						{"origin": [7, 6, -11], "size": [4, 9, 0], "uv": [35, 90]}
					]
				},
				{
					"name": "front_h4",
					"parent": "front_hair2",
					"pivot": [5, 15, -11],
					"cubes": [
						{"origin": [3, 6, -11], "size": [4, 9, 0], "uv": [27, 90]}
					]
				},
				{
					"name": "front_hair",
					"parent": "cap",
					"pivot": [0, 19, -11],
					"cubes": [
						{"origin": [-12, 15, -11], "size": [12, 4, 0], "uv": [3, 85]}
					]
				},
				{
					"name": "front_h",
					"parent": "front_hair",
					"pivot": [-10, 15, -11],
					"cubes": [
						{"origin": [-12, 6, -11], "size": [4, 9, 0], "uv": [3, 90]}
					]
				},
				{
					"name": "front_h2",
					"parent": "front_hair",
					"pivot": [-6, 15, -11],
					"cubes": [
						{"origin": [-8, 6, -11], "size": [4, 9, 0], "uv": [11, 90]}
					]
				},
				{
					"name": "front_h3",
					"parent": "front_hair",
					"pivot": [-2, 15, -11],
					"cubes": [
						{"origin": [-4, 6, -11], "size": [4, 9, 0], "uv": [19, 90]}
					]
				},
				{
					"name": "leg_right_front",
					"parent": "body",
					"pivot": [-3.5, 4.5, -2.5],
					"cubes": [
						{"origin": [-6.5, 0, -5.5], "size": [4, 5, 4], "uv": [60, 71]}
					]
				},
				{
					"name": "leg_right_back",
					"parent": "body",
					"pivot": [-3.5, 4.5, 4.5],
					"cubes": [
						{"origin": [-6.5, 0, 3.5], "size": [4, 5, 4], "uv": [44, 71]}
					]
				},
				{
					"name": "leg_left_front",
					"parent": "body",
					"pivot": [3.5, 4.5, -2.5],
					"cubes": [
						{"origin": [2.5, 0, -5.5], "size": [4, 5, 4], "uv": [62, 40]}
					]
				},
				{
					"name": "leg_left_back",
					"parent": "body",
					"pivot": [3.5, 4.5, 4.5],
					"cubes": [
						{"origin": [2.5, 0, 3.5], "size": [4, 5, 4], "uv": [36, 53]}
					]
				}
			]
		}
	]
}