{
	"format_version": "1.12.0",
	"minecraft:geometry": [
		{
			"description": {
				"identifier": "geometry.bulbasaur",
				"texture_width": 64,
				"texture_height": 64,
				"visible_bounds_width": 3,
				"visible_bounds_height": 2.5,
				"visible_bounds_offset": [0, 0.75, 0]
			},
			"bones": [
				{
					"name": "bulbasaur",
					"pivot": [0, 0, 0]
				},
				{
					"name": "body",
					"parent": "bulbasaur",
					"pivot": [0, 4.4981, 0.5436]
				},
				{
					"name": "torso",
					"parent": "body",
					"pivot": [0, 4.4981, 0.54358],
					"cubes": [
						{"origin": [-4, 1.9981, -4.95642], "size": [8, 5, 11], "pivot": [0, 4.4981, 0.54358], "rotation": [-5, 0, 0], "uv": [0, 0]},
						{"origin": [-1, 1.9981, -5.45642], "size": [2, 2, 1], "inflate": 0.01, "pivot": [0, 4.4981, 0.54358], "rotation": [-5, 0, 0], "uv": [0, 40]},
						{"origin": [-2, -0.5019, -4.95642], "size": [4, 5, 0], "inflate": 0.01, "pivot": [0, 4.4981, 0.54358], "rotation": [-5, 0, 0], "uv": [0, 43]}
					]
				},
				{
					"name": "bulb",
					"parent": "torso",
					"pivot": [0, 6, 2.25],
					"rotation": [-15, 0, 0],
					"cubes": [
						{"origin": [-4, 6, -2.25], "size": [8, 5, 9], "inflate": 0.1, "uv": [4, 18]},
						{"origin": [-2.5, 11, -0.25], "size": [5, 2, 5], "uv": [41, 25]}
					]
				},
				{
					"name": "head",
					"parent": "torso",
					"pivot": [0, 4.5, -3.5],
					"rotation": [-5, 0, 0],
					"cubes": [
						{"origin": [-4.5, 4.5, -8.25], "size": [9, 6, 6], "inflate": 0.01, "uv": [34, 13]},
						{"origin": [-4.5, 3.5, -6.25], "size": [9, 1, 3], "inflate": 0.01, "uv": [40, 9]},
						{"origin": [-4.25, 4, -7.5], "size": [1, 1, 0], "pivot": [-3.75, 4.5, -7.75], "rotation": [30, 25, 50], "uv": [38, 13]},
						{"origin": [3.25, 4, -7.5], "size": [1, 1, 0], "pivot": [3.75, 4.5, -7.75], "rotation": [30, -25, -50], "uv": [38, 14], "mirror": true}
					]
				},
				{
					"name": "cafe_hat_small",
					"parent": "head",
					"pivot": [0, 10.5, -5],
					"cubes": [
						{"origin": [-2, 10.5, -7], "size": [4, 2, 4], "uv": [0, 32]},
						{"origin": [-0.5, 12, -5.5], "size": [1, 1, 1], "uv": [0, 34]}
					]
				},
				{
					"name": "cafe_hat_small_brim",
					"parent": "cafe_hat_small",
					"pivot": [-0.5, 11, -4],
					"cubes": [
						{"origin": [0, 11, -9], "size": [2, 0, 2], "pivot": [0, 11, -4], "rotation": [0, 0, 10], "uv": [4, 38]},
						{"origin": [-2, 11, -9], "size": [2, 0, 2], "pivot": [0, 11, -4], "rotation": [0, 0, -10], "uv": [0, 38]}
					]
				},
				{
					"name": "jaw",
					"parent": "head",
					"pivot": [0, 4.5, -6.25],
					"cubes": [
						{"origin": [-4.5, 3.5, -8], "size": [9, 1, 2], "uv": [27, 7]}
					]
				},
				{
					"name": "eyes",
					"parent": "head",
					"pivot": [0, 7.5, -7.45]
				},
				{
					"name": "eye_right",
					"parent": "eyes",
					"pivot": [-3.515, 7.5, -7.265],
					"cubes": [
						{"origin": [-4.515, 6, -8.265], "size": [2, 3, 2], "inflate": 0.01, "uv": [0, 5]}
					]
				},
				{
					"name": "eyelid_right",
					"parent": "eye_right",
					"pivot": [-3.415, 7.5, -7.165],
					"cubes": [
						{"origin": [-4.415, 6, -8.165], "size": [2, 3, 2], "inflate": 0.01, "uv": [38, 25]}
					]
				},
				{
					"name": "eye_left",
					"parent": "eyes",
					"pivot": [3.515, 7.5, -7.265],
					"cubes": [
						{"origin": [2.515, 6, -8.265], "size": [2, 3, 2], "uv": [0, 0], "mirror": true}
					]
				},
				{
					"name": "eyelid_left",
					"parent": "eye_left",
					"pivot": [3.415, 7.5, -7.165],
					"cubes": [
						{"origin": [2.415, 6, -8.165], "size": [2, 3, 2], "inflate": 0.01, "uv": [56, 25], "mirror": true}
					]
				},
				{
					"name": "ears",
					"parent": "head",
					"pivot": [0, 10.5, -4.75]
				},
				{
					"name": "ear_right",
					"parent": "ears",
					"pivot": [-2.75, 10.125, -5],
					"rotation": [0, 40, -17.5],
					"cubes": [
						{"origin": [-4.75, 10, -5], "size": [4, 3, 0], "uv": [5, 24], "mirror": true}
					]
				},
				{
					"name": "ear_left",
					"parent": "ears",
					"pivot": [2.75, 10.125, -5],
					"rotation": [0, -40, 17.5],
					"cubes": [
						{"origin": [0.75, 10, -5], "size": [4, 3, 0], "uv": [29, 16]}
					]
				},
				{
					"name": "leg_front_right",
					"parent": "body",
					"pivot": [-2.75, 4, -3],
					"cubes": [
						{"origin": [-4.25, 0, -4.5], "size": [3, 5, 3], "uv": [1, 16]}
					]
				},
				{
					"name": "leg_front_left",
					"parent": "body",
					"pivot": [2.75, 4, -3],
					"cubes": [
						{"origin": [1.25, 0, -4.5], "size": [3, 5, 3], "uv": [52, 0]}
					]
				},
				{
					"name": "leg_back_right",
					"parent": "body",
					"pivot": [-2.75, 3, 4],
					"cubes": [
						{"origin": [-4.25, 0, 2.5], "size": [3, 4, 3], "uv": [27, 0]}
					]
				},
				{
					"name": "leg_back_left",
					"parent": "body",
					"pivot": [2.75, 3, 4],
					"cubes": [
						{"origin": [1.25, 0, 2.5], "size": [3, 4, 3], "uv": [39, 0]}
					]
				}
			]
		}
	]
}