{
	"format_version": "1.12.0",
	"minecraft:geometry": [
		{
			"description": {
				"identifier": "geometry.celebi",
				"texture_width": 32,
				"texture_height": 32,
				"visible_bounds_width": 2,
				"visible_bounds_height": 2.5,
				"visible_bounds_offset": [0, 0.75, 0]
			},
			"bones": [
				{
					"name": "celebi",
					"pivot": [0, 0, 0]
				},
				{
					"name": "body",
					"parent": "celebi",
					"pivot": [0, 2, 0]
				},
				{
					"name": "torso",
					"parent": "body",
					"pivot": [0, 2, 0],
					"cubes": [
						{"origin": [-1, 2, -1], "size": [2, 3, 2], "uv": [12, 9]},
						{"origin": [-0.5, 2.5, -1.01], "size": [1, 2, 0], "uv": [0, 1]},
						{"origin": [-0.5, 2.5, 1.01], "size": [1, 2, 0], "uv": [0, 1]}
					]
				},
				{
					"name": "neck",
					"parent": "torso",
					"pivot": [-0.5, 5, 0],
					"cubes": [
						{"origin": [-0.5, 4, -0.5], "size": [1, 2, 1], "inflate": -0.1, "uv": [18, 8]}
					]
				},
				{
					"name": "head",
					"parent": "neck",
					"pivot": [0, 5.5, 0],
					"cubes": [
						{"origin": [-2, 5.5, -3], "size": [4, 4, 5], "uv": [0, 0]},
						{"origin": [-1.5, 5.5, -3.01], "size": [3, 1, 0], "uv": [18, 5]},
						{"origin": [-1, 6, -3.03], "size": [2, 2, 0], "uv": [19, 0]},
						{"origin": [2.01, 6, -2.8], "size": [0, 2, 2], "pivot": [2.1, 7, -1.8], "rotation": [-7, 0, 0], "uv": [8, 17]},
						{"origin": [-2.01, 6, -2.8], "size": [0, 2, 2], "pivot": [-2.1, 7, -1.8], "rotation": [-7, 0, 0], "uv": [14, 14]},
						{"origin": [-1.5, 5.96746, 0.65538], "size": [3, 3, 3], "pivot": [0.5, 7.7, 2], "rotation": [22.5, 0, 0], "uv": [0, 9]},
						{"origin": [-1, 7.10332, 3.09562], "size": [2, 2, 2], "pivot": [0, 8, 3.4], "rotation": [37.5, 0, 0], "uv": [13, 0]},
						{"origin": [-0.5, 8.43474, 4.00428], "size": [1, 1, 2], "pivot": [-0.5, 9, 4.5], "rotation": [82.5, 0, 0], "uv": [16, 16]}
					]
				},
				{
					"name": "l_antenna_0",
					"parent": "head",
					"pivot": [1, 8.5, -3],
					"cubes": [
						{"origin": [0.5, 8.5, -6], "size": [1, 0, 3], "uv": [0, 0]}
					]
				},
				{
					"name": "l_antenna_1",
					"parent": "l_antenna_0",
					"pivot": [1, 8.5, -6],
					"cubes": [
						{"origin": [0.5, 8.5, -8], "size": [1, 0, 2], "uv": [9, 9]}
					]
				},
				{
					"name": "r_antenna_0",
					"parent": "head",
					"pivot": [-1, 8.5, -3],
					"cubes": [
						{"origin": [-1.5, 8.5, -6], "size": [1, 0, 3], "uv": [0, 0]}
					]
				},
				{
					"name": "r_antenna_1",
					"parent": "r_antenna_0",
					"pivot": [-1, 8.5, -6],
					"cubes": [
						{"origin": [-1.5, 8.5, -8], "size": [1, 0, 2], "uv": [0, 3]}
					]
				},
				{
					"name": "l_arm",
					"parent": "torso",
					"pivot": [1, 4.4, 0.5],
					"cubes": [
						{"origin": [0.5, 3.8, -0.5], "size": [4, 1, 1], "uv": [0, 24]}
					]
				},
				{
					"name": "r_arm",
					"parent": "torso",
					"pivot": [-1, 4.3, 0.5],
					"cubes": [
						{"origin": [-4.5, 3.8, -0.5], "size": [4, 1, 1], "uv": [0, 24], "mirror": true}
					]
				},
				{
					"name": "l_wing",
					"parent": "torso",
					"pivot": [0.3, 4.5, 1],
					"cubes": [
						{"origin": [0.3, 4, 1.1], "size": [3, 1, 0], "uv": [18, 7]},
						{"origin": [0.6, 3.6, 1.15], "size": [2, 1, 0], "uv": [20, 11]}
					]
				},
				{
					"name": "r_wing",
					"parent": "torso",
					"pivot": [-0.3, 4.5, 1],
					"cubes": [
						{"origin": [-3.3, 4, 1.1], "size": [3, 1, 0], "uv": [18, 6]},
						{"origin": [-2.6, 3.6, 1.15], "size": [2, 1, 0], "uv": [20, 11], "mirror": true}
					]
				},
				{
					"name": "l_leg",
					"parent": "body",
					"pivot": [0.6, 2, 0],
					"cubes": [
						{"origin": [0.1, 0.5, -0.5], "size": [1, 2, 1], "inflate": -0.2, "uv": [4, 18]}
					]
				},
				{
					"name": "l_foot",
					"parent": "l_leg",
					"pivot": [0.6, 1, 0],
					"cubes": [
						{"origin": [0.2, 0, -1.5], "size": [1, 1, 2], "uv": [10, 16]}
					]
				},
				{
					"name": "r_leg",
					"parent": "body",
					"pivot": [-0.6, 2, 0],
					"cubes": [
						{"origin": [-1.1, 0.5, -0.5], "size": [1, 2, 1], "inflate": -0.2, "uv": [0, 17]}
					]
				},
				{
					"name": "r_foot",
					"parent": "r_leg",
					"pivot": [-0.6, 1, 0],
					"cubes": [
						{"origin": [-1.2, 0, -1.5], "size": [1, 1, 2], "uv": [6, 15]}
					]
				}
			]
		}
	]
}