{
	"format_version": "1.12.0",
	"minecraft:geometry": [
		{
			"description": {
				"identifier": "geometry.mega_charizard_y",
				"texture_width": 128,
				"texture_height": 128,
				"visible_bounds_width": 8,
				"visible_bounds_height": 5,
				"visible_bounds_offset": [0, 1.5, 0]
			},
			"bones": [
				{
					"name": "charizard",
					"pivot": [0, 0.25, 0]
				},
				{
					"name": "body",
					"parent": "charizard",
					"pivot": [0, 12.75, -0.5]
				},
				{
					"name": "torso",
					"parent": "body",
					"pivot": [0, 15.75, -0.5],
					"cubes": [
						{"origin": [-4.5, 16.25, -5], "size": [9, 7, 9], "uv": [89, 30]},
						{"origin": [-5.5, 7.25, -5.5], "size": [11, 9, 10], "uv": [1, 24]}
					]
				},
				{
					"name": "neck",
					"parent": "torso",
					"pivot": [0, 23.25, -0.5],
					"cubes": [
						{"origin": [-2, 22.25, -2.5], "size": [4, 5, 4], "inflate": 0.02, "uv": [94, 55]}
					]
				},
				{
					"name": "neck2",
					"parent": "neck",
					"pivot": [0, 27.25, 1.5],
					"cubes": [
						{"origin": [-2, 27.25, -2.5], "size": [4, 6, 4], "uv": [0, 43]}
					]
				},
				{
					"name": "head",
					"parent": "neck2",
					"pivot": [0, 31.75, -1],
					"rotation": [-22.5, 0, 0]
				},
				{
					"name": "head_ai",
					"parent": "head",
					"pivot": [0, 31.75, -1],
					"rotation": [22.5, 0, 0],
					"cubes": [
						{"origin": [-3, 31.75, -4.5], "size": [6, 6, 7], "uv": [71, 24]},
						{"origin": [-2.5, 33.75, -9], "size": [5, 3, 6], "inflate": 0.02, "uv": [93, 46]},
						{"origin": [-2.5, 32.04289, -8.79289], "size": [0, 1, 1], "inflate": 0.01, "pivot": [-2.5, 33.75, -9.5], "rotation": [45, 0, 0], "uv": [7, 25]},
						{"origin": [2.5, 32.04289, -8.79289], "size": [0, 1, 1], "inflate": 0.01, "pivot": [2.5, 33.75, -9.5], "rotation": [45, 0, 0], "uv": [7, 24], "mirror": true},
						{"origin": [-2.5, 35.75, 2.25], "size": [1, 2, 6], "pivot": [-2, 36.5, 2.5], "rotation": [5, -5, 0], "uv": [81, 49]},
						{"origin": [1.5, 35.75, 2.25], "size": [1, 2, 6], "pivot": [2, 36.5, 2.5], "rotation": [5, 5, 0], "uv": [81, 49], "mirror": true}
					]
				},
				{
					"name": "horn",
					"parent": "head_ai",
					"pivot": [0, 35.75, 2.5],
					"rotation": [25, 0, 0],
					"cubes": [
						{"origin": [-1, 35.75, 2.5], "size": [2, 2, 8], "uv": [90, 73]},
						{"origin": [-0.5, 36.75, 10.5], "size": [1, 1, 5], "uv": [102, 75]}
					]
				},
				{
					"name": "eyes",
					"parent": "head_ai",
					"pivot": [0, 38.92388, -2.88268]
				},
				{
					"name": "eye_right",
					"parent": "eyes",
					"pivot": [-3.01, 36, -2.25],
					"rotation": [10, 0, 0],
					"cubes": [
						{"origin": [-3.01, 35, -4.25], "size": [0, 2, 3], "uv": [36, 25]}
					]
				},
				{
					"name": "eyelid_right",
					"parent": "eye_right",
					"pivot": [-2.405, 36, -2.75],
					"cubes": [
						{"origin": [-2.91, 35, -4.25], "size": [1, 2, 3], "inflate": 0.01, "uv": [120, 27]}
					]
				},
				{
					"name": "eye_left",
					"parent": "eyes",
					"pivot": [3.01, 36, -2.75],
					"rotation": [10, 0, 0],
					"cubes": [
						{"origin": [3.01, 35, -4.25], "size": [0, 2, 3], "uv": [36, 23], "mirror": true}
					]
				},
				{
					"name": "eyelid_left",
					"parent": "eye_left",
					"pivot": [2.41, 36, -2.75],
					"cubes": [
						{"origin": [1.91, 35, -4.25], "size": [1, 2, 3], "inflate": 0.01, "uv": [120, 22], "mirror": true}
					]
				},
				{
					"name": "jaw",
					"parent": "head_ai",
					"pivot": [0, 33.75, -4],
					"cubes": [
						{"origin": [-2.5, 31.775, -8.75], "size": [5, 2, 6], "uv": [36, 26]},
						{"origin": [-2.25, 33.5, -8.55], "size": [0, 1, 1], "pivot": [-2.5, 33.75, -8.5], "rotation": [-45, 0, 0], "uv": [7, 27]},
						{"origin": [2.25, 33.5, -8.55], "size": [0, 1, 1], "pivot": [2.5, 33.75, -8.5], "rotation": [-45, 0, 0], "uv": [7, 27], "mirror": true}
					]
				},
				{
					"name": "tail",
					"parent": "torso",
					"pivot": [0, 11.125, 4.5],
					"cubes": [
						{"origin": [-3.5, 7.3, 2.5], "size": [7, 7, 13], "inflate": 0.01, "uv": [0, 90]}
					]
				},
				{
					"name": "tail_spike1",
					"parent": "tail",
					"pivot": [0, 14.25, 6.5],
					"rotation": [-30, 0, 0],
					"cubes": [
						{"origin": [-0.5, 14.3, 6.5], "size": [1, 3, 3], "uv": [90, 64]},
						{"origin": [-0.5, 17.3, 7.5], "size": [1, 3, 2], "uv": [90, 70]}
					]
				},
				{
					"name": "tail2",
					"parent": "tail",
					"pivot": [0, 10.3, 15.5],
					"cubes": [
						{"origin": [-2.5, 7.3, 14.5], "size": [5, 6, 11], "uv": [40, 92]}
					]
				},
				{
					"name": "tail3",
					"parent": "tail2",
					"pivot": [0, 9.4, 24.5],
					"cubes": [
						{"origin": [-2, 7.35, 24.5], "size": [4, 5, 13], "uv": [60, 46]},
						{"origin": [0, 12.35, 25.5], "size": [0, 2, 12], "uv": [0, 52]}
					]
				},
				{
					"name": "tail4",
					"parent": "tail3",
					"pivot": [0, 9.25, 37.5],
					"cubes": [
						{"origin": [-1, 7.4, 36.5], "size": [2, 4, 11], "uv": [5, 49]}
					]
				},
				{
					"name": "fire",
					"parent": "tail4",
					"pivot": [0, 11, 46.5],
					"cubes": [
						{"origin": [0, 11, 43], "size": [0, 12, 7], "uv": [62, -7]},
						{"origin": [0, 11, 43], "size": [0, 12, 7], "pivot": [0, 11, 46.5], "rotation": [0, 90, 0], "uv": [62, 5]}
					]
				},
				{
					"name": "arm_right",
					"parent": "torso",
					"pivot": [-4.5, 23.25, -1],
					"cubes": [
						{"origin": [-10.5, 22.25, -2], "size": [6, 2, 3], "uv": [31, 59]}
					]
				},
				{
					"name": "forearm_right",
					"parent": "arm_right",
					"pivot": [-10.5, 22.25, 1],
					"cubes": [
						{"origin": [-15.5, 22.25, -2], "size": [5, 2, 3], "inflate": 0.01, "uv": [0, 53]}
					]
				},
				{
					"name": "forearm_wing_right",
					"parent": "forearm_right",
					"pivot": [-13, 24.25, -0.5],
					"rotation": [0, 0, -5],
					"cubes": [
						{"origin": [-15.5, 24.25, -0.5], "size": [13, 6, 0], "uv": [0, 66]}
					]
				},
				{
					"name": "hand_right",
					"parent": "forearm_right",
					"pivot": [-15.5, 24.25, -0.5]
				},
				{
					"name": "finger_right1",
					"parent": "hand_right",
					"pivot": [-15.5, 24.25, -1.5],
					"cubes": [
						{"origin": [-18.5, 23.25, -2], "size": [3, 1, 1], "uv": [112, 50]},
						{"origin": [-19.5, 23.75, -2], "size": [1, 0, 1], "pivot": [-18.5, 23.75, -1.5], "rotation": [-120, 0, 0], "uv": [6, 30]}
					]
				},
				{
					"name": "finger_right2",
					"parent": "hand_right",
					"pivot": [-15.5, 24.25, -0.5],
					"cubes": [
						{"origin": [-18.5, 23.25, -1], "size": [3, 1, 1], "uv": [112, 46]},
						{"origin": [-19.5, 23.75, -1], "size": [1, 0, 1], "pivot": [-18.5, 23.75, -0.5], "rotation": [-120, 0, 0], "uv": [6, 31]}
					]
				},
				{
					"name": "finger_right3",
					"parent": "hand_right",
					"pivot": [-15.5, 24.25, 0.5],
					"cubes": [
						{"origin": [-18.5, 23.25, 0], "size": [3, 1, 1], "uv": [112, 48]},
						{"origin": [-19.5, 23.75, 0], "size": [1, 0, 1], "pivot": [-18.5, 23.75, 0.5], "rotation": [-120, 0, 0], "uv": [6, 32]}
					]
				},
				{
					"name": "arm_left",
					"parent": "torso",
					"pivot": [4.5, 23.25, -1],
					"cubes": [
						{"origin": [4.5, 22.25, -2], "size": [6, 2, 3], "uv": [110, 59], "mirror": true}
					]
				},
				{
					"name": "forearm_left",
					"parent": "arm_left",
					"pivot": [10.5, 22.25, 1],
					"cubes": [
						{"origin": [10.5, 22.25, -2], "size": [5, 2, 3], "inflate": 0.01, "uv": [16, 43], "mirror": true}
					]
				},
				{
					"name": "forearm_wing_left",
					"parent": "forearm_left",
					"pivot": [13, 24.25, -0.5],
					"rotation": [0, 0, 5],
					"cubes": [
						{"origin": [2.5, 24.25, -0.5], "size": [13, 6, 0], "uv": [0, 72], "mirror": true}
					]
				},
				{
					"name": "hand_left",
					"parent": "forearm_left",
					"pivot": [15.5, 24.25, -0.5]
				},
				{
					"name": "finger_left1",
					"parent": "hand_left",
					"pivot": [15.5, 24.25, -1.5],
					"cubes": [
						{"origin": [15.5, 23.25, -2], "size": [3, 1, 1], "uv": [120, 50], "mirror": true},
						{"origin": [18.5, 23.75, -2], "size": [1, 0, 1], "pivot": [18.5, 23.75, -1.5], "rotation": [-120, 0, 0], "uv": [6, 27]}
					]
				},
				{
					"name": "finger_left2",
					"parent": "hand_left",
					"pivot": [15.5, 24.25, -0.5],
					"cubes": [
						{"origin": [15.5, 23.25, -1], "size": [3, 1, 1], "uv": [120, 46], "mirror": true},
						{"origin": [18.5, 23.75, -1], "size": [1, 0, 1], "pivot": [18.5, 23.75, -0.5], "rotation": [-120, 0, 0], "uv": [6, 28]}
					]
				},
				{
					"name": "finger_left3",
					"parent": "hand_left",
					"pivot": [15.5, 24.25, 0.5],
					"cubes": [
						{"origin": [15.5, 23.25, 0], "size": [3, 1, 1], "uv": [120, 48], "mirror": true},
						{"origin": [18.5, 23.75, 0], "size": [1, 0, 1], "pivot": [18.5, 23.75, 0.5], "rotation": [-120, 0, 0], "uv": [6, 29]}
					]
				},
				{
					"name": "wing_right",
					"parent": "torso",
					"pivot": [-2, 20.25, 4],
					"cubes": [
						{"origin": [-8, 16.25, 4.01], "size": [6, 10, 0], "uv": [50, 10]}
					]
				},
				{
					"name": "wing_right2",
					"parent": "wing_right",
					"pivot": [-8, 22.25, 4],
					"cubes": [
						{"origin": [-17, 14.25, 4], "size": [9, 24, 0], "uv": [32, 0]}
					]
				},
				{
					"name": "wing_right3",
					"parent": "wing_right2",
					"pivot": [-17, 26.25, 4],
					"cubes": [
						{"origin": [-33, 10.25, 4], "size": [16, 26, 0], "uv": [26, 64]}
					]
				},
				{
					"name": "wing_left",
					"parent": "torso",
					"pivot": [2, 20.25, 4],
					"cubes": [
						{"origin": [2, 16.25, 4.01], "size": [6, 10, 0], "uv": [50, 0], "mirror": true}
					]
				},
				{
					"name": "wing_left2",
					"parent": "wing_left",
					"pivot": [8, 22.25, 4],
					"cubes": [
						{"origin": [8, 14.25, 4], "size": [9, 24, 0], "uv": [76, 0], "mirror": true}
					]
				},
				{
					"name": "wing_left3",
					"parent": "wing_left2",
					"pivot": [17, 26.25, 4],
					"cubes": [
						{"origin": [17, 10.25, 4], "size": [16, 26, 0], "uv": [58, 64], "mirror": true}
					]
				},
				{
					"name": "leg_right",
					"parent": "body",
					"pivot": [-5.75, 12.25, -0.5],
					"rotation": [-12.5, 5, 0],
					"cubes": [
						{"origin": [-8.25, 5.25, -4], "size": [5, 9, 7], "uv": [25, 43]}
					]
				},
				{
					"name": "leg_right2",
					"parent": "leg_right",
					"pivot": [-5.75, 5.25, -1],
					"rotation": [35, 0, 0],
					"cubes": [
						{"origin": [-7.75, 0.25, -1], "size": [4, 5, 4], "uv": [112, 69]}
					]
				},
				{
					"name": "foot_right",
					"parent": "leg_right2",
					"pivot": [-5.75, 1.25, -0.5],
					"rotation": [-22.5, 0, 0],
					"cubes": [
						{"origin": [-7.75, -0.75, -3], "size": [4, 2, 5], "inflate": 0.01, "uv": [102, 22]},
						{"origin": [-7.5, -0.75, -5.75], "size": [0, 2, 3], "pivot": [-7.5, 0.25, -3], "rotation": [0, 10, 0], "uv": [0, 28]},
						{"origin": [-5.75, -0.75, -6], "size": [0, 2, 3], "uv": [0, 26]},
						{"origin": [-4, -0.75, -5.75], "size": [0, 2, 3], "pivot": [-4, 0.25, -3], "rotation": [0, -10, 0], "uv": [0, 24]}
					]
				},
				{
					"name": "leg_left",
					"parent": "body",
					"pivot": [5.75, 12.25, -0.5],
					"rotation": [-12.5, -5, 0],
					"cubes": [
						{"origin": [3.25, 5.25, -4], "size": [5, 9, 7], "uv": [49, 43]}
					]
				},
				{
					"name": "leg_left2",
					"parent": "leg_left",
					"pivot": [5.75, 5.25, -1],
					"rotation": [35, 0, 0],
					"cubes": [
						{"origin": [3.75, 0.25, -1], "size": [4, 5, 4], "uv": [98, 64]}
					]
				},
				{
					"name": "foot_left",
					"parent": "leg_left2",
					"pivot": [5.75, 1.25, -0.5],
					"rotation": [-22.5, 0, 0],
					"cubes": [
						{"origin": [3.75, -0.75, -3], "size": [4, 2, 5], "inflate": 0.01, "uv": [110, 52]},
						{"origin": [4, -0.75, -5.75], "size": [0, 2, 3], "pivot": [4, 0.25, -3], "rotation": [0, 10, 0], "uv": [0, 22]},
						{"origin": [5.75, -0.75, -6], "size": [0, 2, 3], "uv": [122, 34]},
						{"origin": [7.5, -0.75, -5.75], "size": [0, 2, 3], "pivot": [7.5, 0.25, -3], "rotation": [0, -10, 0], "uv": [122, 32]}
					]
				}
			]
		}
	]
}