{
	"format_version": "1.12.0",
	"minecraft:geometry": [
		{
			"description": {
				"identifier": "geometry.unknown",
				"texture_width": 128,
				"texture_height": 128,
				"visible_bounds_width": 6,
				"visible_bounds_height": 3.5,
				"visible_bounds_offset": [0, 1.25, 0]
			},
			"bones": [
				{
					"name": "chienpao",
					"pivot": [0, 0, 0]
				},
				{
					"name": "body",
					"parent": "chienpao",
					"pivot": [0, 20, 0]
				},
				{
					"name": "torso",
					"parent": "body",
					"pivot": [0, 25.9, 2.7],
					"cubes": [
						{"origin": [-5.5, 12.54859, -14.24235], "size": [11, 10, 19], "inflate": -0.002, "pivot": [0, 12.50774, -14.24248], "rotation": [10, 0, 0], "uv": [0, 24]}
					]
				},
				{
					"name": "neck",
					"parent": "torso",
					"pivot": [0, 12.6, -14],
					"cubes": [
						{"origin": [-4.998, 26.1494, -16.67466], "size": [10, 8, 13], "pivot": [-0.498, 28.06459, -20.16891], "rotation": [-62.5, 0, 0], "uv": [0, 53]}
					]
				},
				{
					"name": "head_ai",
					"parent": "neck",
					"pivot": [0, 26, -17]
				},
				{
					"name": "neck2",
					"parent": "head_ai",
					"pivot": [0, 26, -17],
					"cubes": [
						{"origin": [-3.898, 23.37187, -26.4931], "size": [8, 7, 10], "pivot": [0.102, 25.52129, -17.99418], "rotation": [-90, 0, 0], "uv": [70, 63]}
					]
				},
				{
					"name": "head",
					"parent": "neck2",
					"pivot": [0, 32, -17],
					"cubes": [
						{"origin": [-5.398, 22.10763, -32.53991], "size": [11, 9, 8], "pivot": [0.102, 25.52129, -17.99418], "rotation": [-90, 0, 0], "uv": [58, 16]}
					]
				},
				{
					"name": "snout",
					"parent": "head",
					"pivot": [0, 35, -21.3],
					"cubes": [
						{"origin": [-3.898, 18.10763, -27.53991], "size": [8, 4, 3], "pivot": [0.102, 25.52129, -17.99418], "rotation": [-90, 0, 0], "uv": [58, 63]},
						{"origin": [-3.598, 34.36702, -23.90784], "size": [3, 2, 1], "inflate": -0.001, "pivot": [-2.398, 35.36702, -23.40784], "rotation": [-90, 17.5, 0], "uv": [27, 100]},
						{"origin": [0.598, 34.36702, -23.90784], "size": [3, 2, 1], "inflate": -0.001, "pivot": [2.398, 35.36702, -23.40784], "rotation": [-90, -17.5, 0], "uv": [27, 100], "mirror": true}
					]
				},
				{
					"name": "whiskers",
					"parent": "snout",
					"pivot": [0, 32, -25.4]
				},
				{
					"name": "iceicle_left",
					"parent": "whiskers",
					"pivot": [2.61247, 34.06702, -23.35104],
					"cubes": [
						{"origin": [2.61247, 20.16442, -28.03991], "size": [9, 0, 3], "pivot": [-0.102, 25.52129, -17.99418], "rotation": [-90, 0, 0], "uv": [38, 33]}
					]
				},
				{
					"name": "iceicle_right",
					"parent": "whiskers",
					"pivot": [-2.61247, 34.06702, -23.35104],
					"cubes": [
						{"origin": [-11.61247, 20.16442, -28.03991], "size": [9, 0, 3], "pivot": [0.102, 25.52129, -17.99418], "rotation": [-90, 0, 0], "uv": [38, 33], "mirror": true}
					]
				},
				{
					"name": "whisker_front",
					"parent": "whiskers",
					"pivot": [0, 32, -25.4],
					"cubes": [
						{"origin": [-3.398, 32.91763, -24.56379], "size": [7, 0, 5], "pivot": [0.102, 25.52129, -17.99418], "rotation": [90, 0, -180], "uv": [0, 18]}
					]
				},
				{
					"name": "whisker_right",
					"parent": "whiskers",
					"pivot": [-3.898, 32.0909, -22.39052],
					"cubes": [
						{"origin": [-7.29434, 29.52129, -24.56379], "size": [6, 0, 5], "pivot": [0.102, 25.52129, -17.99418], "rotation": [0, -90, -90], "uv": [0, 23]}
					]
				},
				{
					"name": "whisker_left",
					"parent": "whiskers",
					"pivot": [3.898, 32.0909, -22.39052],
					"cubes": [
						{"origin": [1.29434, 29.52129, -24.56379], "size": [6, 0, 5], "pivot": [-0.102, 25.52129, -17.99418], "rotation": [0, 90, 90], "uv": [0, 23], "mirror": true}
					]
				},
				{
					"name": "ears",
					"parent": "head",
					"pivot": [0, 0, 0]
				},
				{
					"name": "ear_right",
					"parent": "ears",
					"pivot": [-3.94812, 38.85096, -15.41346],
					"cubes": [
						{"origin": [-8.4089, 38.70902, -18.61346], "size": [4, 3, 5], "pivot": [-4.7089, 40.20902, -15.41346], "rotation": [-90, 0, -70], "uv": [0, 28], "mirror": true}
					]
				},
				{
					"name": "ear_left",
					"parent": "ears",
					"pivot": [3.94812, 38.85096, -15.41346],
					"cubes": [
						{"origin": [4.4089, 38.70902, -18.61346], "size": [4, 3, 5], "pivot": [4.7089, 40.20902, -15.41346], "rotation": [-90, 0, 70], "uv": [0, 28]}
					]
				},
				{
					"name": "swords",
					"parent": "head",
					"pivot": [0, 32, -23]
				},
				{
					"name": "sword_left",
					"parent": "swords",
					"pivot": [2.16867, 32.07233, -23.07867],
					"rotation": [-0.55404, 12.48791, 2.43938],
					"cubes": [
						{"origin": [-5.19041, 31.68425, -24.73343], "size": [10, 0, 24], "pivot": [0.102, 25.52129, -17.99418], "rotation": [90, 30, 167.5], "uv": [22, 0]},
						{"origin": [5.10061, 12.4428, -22.34666], "size": [0, 8, 4], "pivot": [-0.17342, 15.1132, -22.91559], "rotation": [-179.61902, -25.34, -12.21758], "uv": [41, 20], "mirror": true}
					]
				},
				{
					"name": "sword_right",
					"parent": "swords",
					"pivot": [-2.04761, 32.13975, -22.6198],
					"rotation": [-0.90956, -19.98015, -2.33978],
					"cubes": [
						{"origin": [-4.92148, 31.60304, -24.63237], "size": [11, 0, 24], "pivot": [0.102, 25.52129, -17.99418], "rotation": [90, -37.5, -167.5], "uv": [0, 0]},
						{"origin": [-6.05305, 11.10977, -24.71053], "size": [0, 8, 4], "pivot": [-6.05305, 15.10977, -22.71053], "rotation": [177.43707, 50.31951, 11.68721], "uv": [41, 20]}
					]
				},
				{
					"name": "legs",
					"parent": "body",
					"pivot": [0, 20, 0]
				},
				{
					"name": "leg_front_right",
					"parent": "legs",
					"pivot": [-5, 19, -11],
					"cubes": [
						{"origin": [-8.5, 11.07785, -14.05465], "size": [6, 11, 7], "uv": [0, 91], "mirror": true}
					]
				},
				{
					"name": "leg_front_right2",
					"parent": "leg_front_right",
					"pivot": [-6, 12, -13],
					"cubes": [
						{"origin": [-8, 2.576, -13.38328], "size": [5, 10, 6], "uv": [90, 93], "mirror": true}
					]
				},
				{
					"name": "foot_front_right",
					"parent": "leg_front_right2",
					"pivot": [-5, 4, -10],
					"cubes": [
						{"origin": [-9, 0.076, -15.63328], "size": [7, 4, 9], "uv": [90, 80], "mirror": true}
					]
				},
				{
					"name": "leg_back_right",
					"parent": "legs",
					"pivot": [-4, 19, 11],
					"cubes": [
						{"origin": [-7.5, 10.165, 7.54915], "size": [6, 12, 8], "uv": [62, 80], "mirror": true}
					]
				},
				{
					"name": "leg_back_right2",
					"parent": "leg_back_right",
					"pivot": [-5, 11, 9],
					"cubes": [
						{"origin": [-7, 0.85726, 8.28934], "size": [5, 12, 6], "uv": [0, 0], "mirror": true}
					]
				},
				{
					"name": "foot_back_right",
					"parent": "leg_back_right2",
					"pivot": [-4, 4, 12],
					"cubes": [
						{"origin": [-8, 0.076, 6.36672], "size": [7, 4, 9], "uv": [90, 80], "mirror": true}
					]
				},
				{
					"name": "leg_front_left",
					"parent": "legs",
					"pivot": [5, 19, -11],
					"cubes": [
						{"origin": [2.5, 11.07785, -14.05465], "size": [6, 11, 7], "uv": [0, 91]}
					]
				},
				{
					"name": "leg_front_left2",
					"parent": "leg_front_left",
					"pivot": [6, 12, -13],
					"cubes": [
						{"origin": [3, 2.576, -13.38328], "size": [5, 10, 6], "uv": [90, 93]}
					]
				},
				{
					"name": "foot_front_left",
					"parent": "leg_front_left2",
					"pivot": [5, 4, -10],
					"cubes": [
						{"origin": [2, 0.076, -15.63328], "size": [7, 4, 9], "uv": [90, 80]}
					]
				},
				{
					"name": "leg_back_left",
					"parent": "legs",
					"pivot": [4, 19, 11],
					"cubes": [
						{"origin": [1.5, 10.165, 7.54915], "size": [6, 12, 8], "uv": [62, 80]}
					]
				},
				{
					"name": "leg_back_left2",
					"parent": "leg_back_left",
					"pivot": [5, 11, 9],
					"cubes": [
						{"origin": [2, 0.85726, 8.28934], "size": [5, 12, 6], "uv": [0, 0]}
					]
				},
				{
					"name": "foot_back_left",
					"parent": "leg_back_left2",
					"pivot": [4, 4, 12],
					"cubes": [
						{"origin": [1, 0.076, 6.36672], "size": [7, 4, 9], "uv": [90, 80]}
					]
				},
				{
					"name": "back",
					"parent": "body",
					"pivot": [0, 25.8, 2.8],
					"cubes": [
						{"origin": [-4.5, 17.79731, 0.85893], "size": [9, 10, 16], "pivot": [0, 12.50774, -14.24248], "rotation": [-7.5, 0, 0], "uv": [44, 37]}
					]
				},
				{
					"name": "tail",
					"parent": "back",
					"pivot": [0, 19.49232, 16.14818],
					"rotation": [10, 0, 0],
					"cubes": [
						{"origin": [-4, 17.40995, 14.44938], "size": [8, 8, 8], "inflate": -0.004, "pivot": [2.5, 22.17248, 1.90942], "rotation": [-10, 0, 0], "uv": [66, 0]}
					]
				},
				{
					"name": "tail2",
					"parent": "tail",
					"pivot": [0, 13.93386, 21.35934],
					"cubes": [
						{"origin": [-4, 17.40995, 22.44938], "size": [8, 8, 8], "inflate": -0.002, "pivot": [2.5, 22.17248, 1.90942], "rotation": [-10, 0, 0], "uv": [90, 8]},
						{"origin": [-1.5, 17.40995, 25.44938], "size": [3, 0, 5], "pivot": [2.5, 22.17248, 1.90942], "rotation": [-10, 0, 0], "uv": [11, 0]},
						{"origin": [-1.5, 25.40995, 25.44938], "size": [3, 0, 5], "pivot": [2.5, 22.17248, 1.90942], "rotation": [-10, 0, 0], "uv": [11, 0]}
					]
				},
				{
					"name": "tail3",
					"parent": "tail2",
					"pivot": [0, 14.7321, 28.20403],
					"cubes": [
						{"origin": [-3.5, 18.20995, 27.94938], "size": [7, 7, 10], "inflate": -0.002, "pivot": [2.5, 22.57248, 0.40942], "rotation": [-10, 0, 0], "uv": [0, 74]}
					]
				},
				{
					"name": "tail4",
					"parent": "tail3",
					"pivot": [0, 11.4321, 36.60403],
					"cubes": [
						{"origin": [-3.5, 18.20995, 37.94938], "size": [7, 7, 10], "pivot": [2.5, 22.57248, 0.40942], "rotation": [-10, 0, 0], "uv": [78, 33]}
					]
				},
				{
					"name": "tail5",
					"parent": "tail4",
					"pivot": [0, 13.6321, 45.80403],
					"cubes": [
						{"origin": [-3, 18.60995, 45.24938], "size": [6, 6, 12], "inflate": -0.002, "pivot": [2.5, 22.47248, 1.70942], "rotation": [-10, 0, 0], "uv": [34, 63]},
						{"origin": [-1.5, 25.20995, 49.34938], "size": [3, 0, 5], "pivot": [2.5, 22.97248, -1.19058], "rotation": [-10, 0, 0], "uv": [11, 0]},
						{"origin": [-1.5, 19.10995, 49.34938], "size": [3, 0, 5], "pivot": [2.5, 22.97248, -1.19058], "rotation": [-10, 0, 0], "uv": [11, 0]}
					]
				},
				{
					"name": "tail6",
					"parent": "tail5",
					"pivot": [0, 11.0321, 55.30403],
					"cubes": [
						{"origin": [-2.5, 19.20995, 55.24938], "size": [5, 5, 11], "inflate": -0.002, "pivot": [2.5, 22.47248, 1.70942], "rotation": [-10, 0, 0], "uv": [23, 81]}
					]
				}
			]
		}
	]
}