{
	"format_version": "1.12.0",
	"minecraft:geometry": [
		{
			"description": {
				"identifier": "geometry.unknown",
				"texture_width": 128,
				"texture_height": 128,
				"visible_bounds_width": 4,
				"visible_bounds_height": 3.5,
				"visible_bounds_offset": [0, 1.25, 0]
			},
			"bones": [
				{
					"name": "zacian",
					"pivot": [0, 0, 0],
					"cubes": [
						{"origin": [-3, 9, -1], "size": [6, 4, 11], "uv": [0, 0]},
						{"origin": [-4, 8, -8], "size": [8, 6, 7], "uv": [0, 15]},
						{"origin": [-3, 6.23956, -8.02788], "size": [6, 5, 7], "pivot": [0, 16, 1], "rotation": [-35, 0, 0], "uv": [23, 21]},
						{"origin": [1.4, 12.9, -6.6], "size": [1, 9, 1], "pivot": [0, 15, -8], "rotation": [-22.01816, 4.75113, 11.57518], "uv": [78, 0]},
						{"origin": [0.8, 28.1, 1.7], "size": [1, 3, 2], "pivot": [0, 15, -8], "rotation": [-49.05613, 6.60796, 16.24074], "uv": [9, 38]},
						{"origin": [1.4, 13.5, -5], "size": [1, 9, 3], "pivot": [0, 15, -8], "rotation": [-26.55613, 6.60796, 16.24074], "uv": [22, 59]},
						{"origin": [3.1, 22.4, -9.4], "size": [1, 5, 3], "pivot": [0, 15, -8], "rotation": [-59.26364, -1.98379, 11.11492], "uv": [30, 71]},
						{"origin": [3.1, 25.4, -14.2], "size": [1, 5, 2], "pivot": [0, 15, -8], "rotation": [-86.76364, -1.98379, 11.11492], "uv": [42, 78]},
						{"origin": [3.1, 21.9, -12.3], "size": [1, 8, 2], "pivot": [0, 15, -8], "rotation": [-89.26364, -1.98379, 11.11492], "uv": [24, 71]},
						{"origin": [3.7, 23.9, -13.3], "size": [0, 8, 2], "pivot": [0, 15, -8], "rotation": [-89.26364, -1.98379, 11.11492], "uv": [4, 71]},
						{"origin": [3.1, 29.7, -15.5], "size": [1, 2, 2], "pivot": [0, 15, -8], "rotation": [-91.76364, -1.98379, 11.11492], "uv": [74, 68]},
						{"origin": [3.1, 29.7, -12.9], "size": [1, 2, 2], "pivot": [0, 15, -8], "rotation": [-91.76364, -1.98379, 11.11492], "uv": [74, 45]},
						{"origin": [3.1, 23.4, -12.1], "size": [1, 5, 2], "pivot": [0, 15, -8], "rotation": [-64.26364, -1.98379, 11.11492], "uv": [78, 52]},
						{"origin": [3.1, 25.8, -16.9], "size": [1, 5, 2], "pivot": [0, 15, -8], "rotation": [-86.76364, -1.98379, 11.11492], "uv": [48, 78]},
						{"origin": [3.1, 31.5, -14.8], "size": [1, 2, 2], "pivot": [0, 15, -8], "rotation": [-79.26364, -1.98379, 11.11492], "uv": [78, 61]},
						{"origin": [-1, 5.70848, 4.73576], "size": [2, 3, 7], "pivot": [0, 16, 1], "rotation": [-110, 0, 0], "uv": [27, 8]},
						{"origin": [-0.5, 10.16424, 13.79152], "size": [1, 2, 2], "pivot": [0, 16, 1], "rotation": [-130, 0, 0], "uv": [78, 70]},
						{"origin": [0, 10.66424, 15.59152], "size": [0, 1, 1], "pivot": [0, 16, 1], "rotation": [-130, 0, 0], "uv": [5, 1]},
						{"origin": [0.24025, 17.84181, -11.4], "size": [3, 3, 3], "pivot": [0, 16, 1], "rotation": [13.9042, -5.68422, 21.80633], "uv": [64, 20]},
						{"origin": [0.14025, 19.34181, -11.9], "size": [2, 2, 4], "pivot": [0, 16, 1], "rotation": [9.77243, -11.43563, 49.01916], "uv": [0, 63]},
						{"origin": [-2.4, 12.9, -6.6], "size": [1, 9, 1], "pivot": [0, 15, -8], "rotation": [-22.01816, -4.75113, -11.57518], "uv": [77, 18]},
						{"origin": [-2.4, 13.5, -6], "size": [1, 9, 1], "pivot": [0, 15, -8], "rotation": [-26.55613, -6.60796, -16.24074], "uv": [66, 75]},
						{"origin": [-1.8, 28.1, -6.3], "size": [1, 5, 3], "pivot": [0, 15, -8], "rotation": [-79.05613, -6.60796, -16.24074], "uv": [66, 67]},
						{"origin": [-1.8, 28.1, 1.7], "size": [1, 3, 2], "pivot": [0, 15, -8], "rotation": [-49.05613, -6.60796, -16.24074], "uv": [37, 2]},
						{"origin": [-2.4, 13.5, -5], "size": [1, 9, 3], "pivot": [0, 15, -8], "rotation": [-26.55613, -6.60796, -16.24074], "uv": [14, 59]},
						{"origin": [-4.1, 22.4, -9.4], "size": [1, 5, 3], "pivot": [0, 15, -8], "rotation": [-59.26364, 1.98379, -11.11492], "uv": [16, 71]},
						{"origin": [-4.1, 23.4, -12.1], "size": [1, 5, 2], "pivot": [0, 15, -8], "rotation": [-64.26364, 1.98379, -11.11492], "uv": [36, 78]},
						{"origin": [-4.1, 25.8, -16.9], "size": [1, 5, 2], "pivot": [0, 15, -8], "rotation": [-86.76364, 1.98379, -11.11492], "uv": [78, 33]},
						{"origin": [-4.1, 25.4, -14.2], "size": [1, 5, 2], "pivot": [0, 15, -8], "rotation": [-86.76364, 1.98379, -11.11492], "uv": [0, 15]},
						{"origin": [-4.1, 29.7, -15.5], "size": [1, 2, 2], "pivot": [0, 15, -8], "rotation": [-91.76364, 1.98379, -11.11492], "uv": [8, 63]},
						{"origin": [-4.1, 31.5, -14.8], "size": [1, 2, 2], "pivot": [0, 15, -8], "rotation": [-79.26364, 1.98379, -11.11492], "uv": [42, 62]},
						{"origin": [-4.1, 29.7, -12.9], "size": [1, 2, 2], "pivot": [0, 15, -8], "rotation": [-91.76364, 1.98379, -11.11492], "uv": [56, 42]},
						{"origin": [-4.1, 21.9, -12.3], "size": [1, 8, 2], "pivot": [0, 15, -8], "rotation": [-89.26364, 1.98379, -11.11492], "uv": [10, 71]},
						{"origin": [1.4, 13.5, -6], "size": [1, 9, 1], "pivot": [0, 15, -8], "rotation": [-26.55613, 6.60796, 16.24074], "uv": [54, 74]},
						{"origin": [0.8, 28.1, -6.3], "size": [1, 5, 3], "pivot": [0, 15, -8], "rotation": [-79.05613, 6.60796, 16.24074], "uv": [0, 0]},
						{"origin": [-3.24025, 17.84181, -11.4], "size": [3, 3, 3], "pivot": [0, 16, 1], "rotation": [13.9042, 5.68422, -21.80633], "uv": [62, 51]},
						{"origin": [-2.14025, 19.34181, -11.9], "size": [2, 2, 4], "pivot": [0, 16, 1], "rotation": [9.77243, 11.43563, -49.01916], "uv": [61, 38]},
						{"origin": [-1.1, 10, 10], "size": [2, 3, 5], "pivot": [0, -1, 0], "rotation": [7.5, 0, 0], "uv": [40, 13]},
						{"origin": [-3.7, 23.9, -13.3], "size": [0, 8, 2], "pivot": [0, 15, -8], "rotation": [-89.26364, 1.98379, -11.11492], "uv": [0, 71]}
					]
				},
				{
					"name": "head",
					"parent": "zacian",
					"pivot": [0, 16, -11],
					"cubes": [
						{"origin": [-21, -0.96327, 2.06283], "size": [1, 1, 0], "pivot": [0, 16, 1], "rotation": [-85, 0, 0], "uv": [29, 103]},
						{"origin": [-20, -1.46327, 2.06283], "size": [16, 2, 0], "pivot": [0, 16, 1], "rotation": [-85, 0, 0], "uv": [39, 102]},
						{"origin": [-4, -1.96327, 1.66283], "size": [2, 3, 1], "pivot": [0, 16, 1], "rotation": [-85, 0, 0], "uv": [9, 58]},
						{"origin": [-8.3, 2.53673, 1.66283], "size": [1, 1, 1], "pivot": [0, 16, 1], "rotation": [-84.75867, -17.43127, -1.5741], "uv": [0, 31]},
						{"origin": [3, -2.56327, 1.66283], "size": [1, 1, 1], "pivot": [0, 16, 1], "rotation": [-84.59039, 22.40972, 2.06754], "uv": [34, 2]},
						{"origin": [-18, 13.93604, 1.36396], "size": [0, 1, 1], "pivot": [0, 16, 1], "rotation": [49.59312, -87.49293, -95.73366], "uv": [0, 1]},
						{"origin": [18, 13.93604, 1.36396], "size": [0, 1, 1], "pivot": [0, 16, 1], "rotation": [49.59312, 87.49293, 95.73366], "uv": [0, 1], "mirror": true},
						{"origin": [-1, -1.96327, 0.96283], "size": [2, 3, 2], "pivot": [0, 16, 1], "rotation": [-85, 0, 0], "uv": [15, 28]},
						{"origin": [-0.5, -1.61492, 4.64415], "size": [1, 1, 1], "pivot": [0, 16, 1], "rotation": [-97.5, 0, 0], "uv": [36, 19]},
						{"origin": [-0.5, -0.36575, -3.5844], "size": [1, 2, 1], "pivot": [0, 16, 1], "rotation": [-70, 0, 0], "uv": [0, 28]},
						{"origin": [-3.75633, 1.1459, 2.7129], "size": [2, 1, 2], "pivot": [0, 16, 1], "rotation": [-102.03823, -11.76979, -43.49749], "uv": [46, 46]},
						{"origin": [-2, 0.43673, -2.23717], "size": [4, 1, 2], "pivot": [0, 16, 1], "rotation": [-85, 0, 0], "uv": [54, 71]},
						{"origin": [-1, 0.43673, -3.23717], "size": [2, 1, 1], "pivot": [0, 16, 1], "rotation": [-85, 0, 0], "uv": [52, 6]},
						{"origin": [-2.00371, -0.52021, 0.23533], "size": [2, 1, 2], "pivot": [0, 16, 1], "rotation": [-99.54332, -11.36611, -40.97913], "uv": [9, 51]},
						{"origin": [-12.18106, 6.06348, -2.23355], "size": [4, 1, 2], "pivot": [0, 16, 1], "rotation": [-79.37104, -59.02863, -12.14794], "uv": [71, 49]},
						{"origin": [-4.03182, 6.26348, -8.73024], "size": [3, 1, 2], "pivot": [0, 16, 1], "rotation": [-34.42351, -26.52977, -72.78241], "uv": [23, 8]},
						{"origin": [-2.5, 1.03673, -2.03717], "size": [5, 5, 5], "pivot": [0, 16, 1], "rotation": [-85, 0, 0], "uv": [0, 28]},
						{"origin": [1.69601, 3.93673, -4.05054], "size": [1, 0, 4], "pivot": [0, 16, 1], "rotation": [-85.04256, 0.65182, -7.47178], "uv": [4, 4]},
						{"origin": [1.29601, 4.03673, -5.05054], "size": [2, 1, 5], "pivot": [0, 16, 1], "rotation": [-85.04256, 0.65182, -7.47178], "uv": [52, 54]},
						{"origin": [-2.69601, 3.93673, -4.05054], "size": [1, 0, 4], "pivot": [0, 16, 1], "rotation": [-85.04256, -0.65182, 7.47178], "uv": [4, 0]},
						{"origin": [-3.29601, 4.03673, -5.05054], "size": [2, 1, 5], "pivot": [0, 16, 1], "rotation": [-85.04256, -0.65182, 7.47178], "uv": [0, 57]},
						{"origin": [8.18106, 6.06348, -2.23355], "size": [4, 1, 2], "pivot": [0, 16, 1], "rotation": [-79.37104, 59.02863, 12.14794], "uv": [71, 30]},
						{"origin": [1.03182, 6.26348, -8.73024], "size": [3, 1, 2], "pivot": [0, 16, 1], "rotation": [-34.42351, 26.52977, 72.78241], "uv": [0, 8]},
						{"origin": [0.79601, 0.83673, -0.05054], "size": [1, 0, 1], "pivot": [0, 16, 1], "rotation": [-85.04256, 0.65182, -7.47178], "uv": [0, 0]},
						{"origin": [0.49601, 0.93673, -0.15054], "size": [2, 0, 1], "pivot": [0, 16, 1], "rotation": [-85.04256, 0.65182, -7.47178], "uv": [22, 16]},
						{"origin": [-2.49601, 0.93673, -0.15054], "size": [2, 0, 1], "pivot": [0, 16, 1], "rotation": [-85.04256, -0.65182, 7.47178], "uv": [22, 15]},
						{"origin": [-1.79601, 0.83673, -0.05054], "size": [1, 0, 1], "pivot": [0, 16, 1], "rotation": [-85.04256, -0.65182, 7.47178], "uv": [0, 1]},
						{"origin": [-2, -0.96327, 1.66283], "size": [6, 1, 1], "pivot": [0, 16, 1], "rotation": [-85, 0, 0], "uv": [23, 18]},
						{"origin": [4, -1.46327, 1.66283], "size": [2, 2, 1], "pivot": [0, 16, 1], "rotation": [-85, 0, 0], "uv": [42, 21]},
						{"origin": [0.45633, 5.4459, -9.9871], "size": [2, 1, 1], "pivot": [0, 16, 1], "rotation": [-32.82205, 4.35021, 84.32507], "uv": [47, 5]},
						{"origin": [-2.45633, 5.4459, -9.9871], "size": [2, 1, 1], "pivot": [0, 16, 1], "rotation": [-32.82205, -4.35021, -84.32507], "uv": [48, 36]},
						{"origin": [6, 12.9, -15.8], "size": [1, 1, 1], "uv": [7, 88]},
						{"origin": [-6, 12.9, -15.8], "size": [2, 1, 1], "uv": [12, 101]},
						{"origin": [-10, 12.9, -14.8], "size": [2, 1, 1], "uv": [28, 96]},
						{"origin": [-10, 12.9, -16.8], "size": [2, 1, 1], "uv": [50, 93]},
						{"origin": [-15, 12.9, -15.8], "size": [2, 1, 1], "uv": [65, 93]}
					]
				},
				{
					"name": "lockleft1section",
					"parent": "zacian",
					"pivot": [0, 16, 1],
					"cubes": [
						{"origin": [-4.45975, 21.74181, -9.9], "size": [4, 1, 2], "pivot": [0, 16, 1], "rotation": [21.07687, -40.3122, 48.60413], "uv": [42, 24], "mirror": true},
						{"origin": [-2.65975, 21.24181, -9.5], "size": [4, 2, 2], "pivot": [0, 16, 1], "rotation": [26.30904, -51.7778, 41.37698], "uv": [42, 67], "mirror": true},
						{"origin": [-4.75975, 17.94181, -11], "size": [4, 3, 3], "pivot": [0, 16, 1], "rotation": [-4.40742, -74.36923, 57.5073], "uv": [51, 36], "mirror": true}
					]
				},
				{
					"name": "lockleft2section",
					"parent": "zacian",
					"pivot": [0, 16, 1],
					"cubes": [
						{"origin": [-3.95975, 17.94181, -10.5], "size": [4, 3, 3], "pivot": [0, 16, 1], "rotation": [-63.68722, -88.6764, 116.94342], "uv": [23, 2], "mirror": true},
						{"origin": [-2.75975, 17.94181, -9.5], "size": [4, 3, 2], "pivot": [0, 16, 1], "rotation": [-175.24381, -75.53908, -131.34389], "uv": [66, 0], "mirror": true},
						{"origin": [2.54025, 17.94181, -9.2], "size": [4, 3, 2], "pivot": [0, 16, 1], "rotation": [-164.93625, -85.4304, -141.75576], "uv": [62, 44], "mirror": true},
						{"origin": [4.44025, 18.54181, -10.1], "size": [4, 2, 2], "pivot": [0, 16, 1], "rotation": [-175.24381, -75.53908, -131.34389], "uv": [71, 14], "mirror": true},
						{"origin": [8.44025, 18.54181, -10.1], "size": [1, 2, 0], "pivot": [0, 16, 1], "rotation": [-175.24381, -75.53908, -131.34389], "uv": [69, 28]},
						{"origin": [8.44025, 20.54181, -9.1], "size": [1, 0, 1], "pivot": [0, 16, 1], "rotation": [-175.24381, -75.53908, -131.34389], "uv": [68, 27]},
						{"origin": [8.44025, 18.54181, -10.1], "size": [1, 0, 1], "pivot": [0, 16, 1], "rotation": [-175.24381, -75.53908, -131.34389], "uv": [68, 27]},
						{"origin": [8.44025, 19.54181, -8.1], "size": [1, 1, 0], "pivot": [0, 16, 1], "rotation": [-175.24381, -75.53908, -131.34389], "uv": [69, 28]},
						{"origin": [-9.44025, 19.54181, -8.1], "size": [1, 1, 0], "pivot": [0, 16, 1], "rotation": [-175.24381, 75.53908, 131.34389], "uv": [69, 28], "mirror": true},
						{"origin": [-9.44025, 18.54181, -10.1], "size": [1, 0, 1], "pivot": [0, 16, 1], "rotation": [-175.24381, 75.53908, 131.34389], "uv": [68, 27], "mirror": true},
						{"origin": [-9.44025, 18.54181, -10.1], "size": [1, 2, 0], "pivot": [0, 16, 1], "rotation": [-175.24381, 75.53908, 131.34389], "uv": [69, 28], "mirror": true},
						{"origin": [-9.44025, 20.54181, -9.1], "size": [1, 0, 1], "pivot": [0, 16, 1], "rotation": [-175.24381, 75.53908, 131.34389], "uv": [68, 27], "mirror": true}
					]
				},
				{
					"name": "lockright2section",
					"parent": "zacian",
					"pivot": [0, 16, 1],
					"cubes": [
						{"origin": [-0.04025, 17.94181, -10.5], "size": [4, 3, 3], "pivot": [0, 16, 1], "rotation": [-63.68722, 88.6764, -116.94342], "uv": [23, 2]},
						{"origin": [-1.24025, 17.94181, -9.5], "size": [4, 3, 2], "pivot": [0, 16, 1], "rotation": [-175.24381, 75.53908, 131.34389], "uv": [66, 0]},
						{"origin": [-6.54025, 17.94181, -9.2], "size": [4, 3, 2], "pivot": [0, 16, 1], "rotation": [-164.93625, 85.4304, 141.75576], "uv": [62, 44]},
						{"origin": [-8.44025, 18.54181, -10.1], "size": [4, 2, 2], "pivot": [0, 16, 1], "rotation": [-175.24381, 75.53908, 131.34389], "uv": [71, 14]}
					]
				},
				{
					"name": "frontlegleft",
					"parent": "zacian",
					"pivot": [3, 10, -4],
					"cubes": [
						{"origin": [3, 7.5, -6.4], "size": [2, 6, 5], "uv": [38, 2]},
						{"origin": [1.8, 4.5, -5.4], "size": [3, 4, 3], "uv": [62, 30]},
						{"origin": [2.3, 0.4, -5.1], "size": [2, 4, 2], "pivot": [0, -1, 0], "rotation": [-2.5, 0, 0], "uv": [58, 74]},
						{"origin": [2.3, 2, -6], "size": [2, 1, 3], "pivot": [0, 0, 0], "rotation": [17.5, 0, 0], "uv": [72, 41]},
						{"origin": [2.4, 0, -7.2], "size": [2, 1, 1], "uv": [38, 13]},
						{"origin": [1.8, 0, -6.2], "size": [3, 1, 3], "uv": [69, 57]}
					]
				},
				{
					"name": "backlegleft",
					"parent": "zacian",
					"pivot": [3, 11, 8],
					"cubes": [
						{"origin": [2, 8.5, 5.6], "size": [3, 5, 5], "uv": [31, 33], "mirror": true},
						{"origin": [1.4, 2.5, 9.8], "size": [4, 5, 3], "pivot": [0, -1, 0], "rotation": [12.5, 0, 0], "uv": [14, 51], "mirror": true},
						{"origin": [2, 2.5, 8.4], "size": [3, 5, 3], "pivot": [0, -1, 0], "rotation": [12.5, 0, 0], "uv": [28, 51], "mirror": true},
						{"origin": [2.3, -0.5, 8.7], "size": [2, 5, 2], "pivot": [0, -1, 0], "rotation": [5, 0, 0], "uv": [38, 71], "mirror": true},
						{"origin": [2.3, 2, 8], "size": [2, 1, 3], "pivot": [0, 0, 14], "rotation": [17.5, 0, 0], "uv": [71, 64], "mirror": true},
						{"origin": [2.4, 0, 6.8], "size": [2, 1, 1], "uv": [23, 20], "mirror": true},
						{"origin": [1.8, 0, 7.8], "size": [3, 1, 3], "uv": [67, 10], "mirror": true}
					]
				},
				{
					"name": "frontlegright",
					"parent": "zacian",
					"pivot": [-3, 10, -4],
					"cubes": [
						{"origin": [-4.8, 0, -6.2], "size": [3, 1, 3], "uv": [0, 69]},
						{"origin": [-4.4, 0, -7.2], "size": [2, 1, 1], "uv": [25, 51]},
						{"origin": [-4.3, 2, -6], "size": [2, 1, 3], "pivot": [0, 0, 0], "rotation": [17.5, 0, 0], "uv": [26, 33]},
						{"origin": [-4.3, 0.4, -5.1], "size": [2, 4, 2], "pivot": [0, -1, 0], "rotation": [-2.5, 0, 0], "uv": [72, 73]},
						{"origin": [-4.8, 4.5, -5.4], "size": [3, 4, 3], "uv": [60, 60]},
						{"origin": [-5, 7.5, -6.4], "size": [2, 6, 5], "uv": [0, 38]}
					]
				},
				{
					"name": "lockright1section",
					"parent": "zacian",
					"pivot": [0, 16, 1],
					"cubes": [
						{"origin": [0.45975, 21.74181, -9.9], "size": [4, 1, 2], "pivot": [0, 16, 1], "rotation": [21.07687, 40.3122, -48.60413], "uv": [42, 24]},
						{"origin": [-1.34025, 21.24181, -9.5], "size": [4, 2, 2], "pivot": [0, 16, 1], "rotation": [26.30904, 51.7778, -41.37698], "uv": [42, 67]},
						{"origin": [0.75975, 17.94181, -11], "size": [4, 3, 3], "pivot": [0, 16, 1], "rotation": [-4.40742, 74.36923, -57.5073], "uv": [51, 36]}
					]
				},
				{
					"name": "backlegright",
					"parent": "zacian",
					"pivot": [-3, 11, 8],
					"cubes": [
						{"origin": [-5, 2.5, 8.4], "size": [3, 5, 3], "pivot": [0, -1, 0], "rotation": [12.5, 0, 0], "uv": [28, 51]},
						{"origin": [-5.4, 2.5, 9.8], "size": [4, 5, 3], "pivot": [0, -1, 0], "rotation": [12.5, 0, 0], "uv": [14, 51]},
						{"origin": [-5, 8.5, 5.6], "size": [3, 5, 5], "uv": [31, 33]},
						{"origin": [-4.3, -0.5, 8.7], "size": [2, 5, 2], "pivot": [0, -1, 0], "rotation": [5, 0, 0], "uv": [38, 71]},
						{"origin": [-4.3, 2, 8], "size": [2, 1, 3], "pivot": [0, 0, 14], "rotation": [17.5, 0, 0], "uv": [71, 64]},
						{"origin": [-4.8, 0, 7.8], "size": [3, 1, 3], "uv": [67, 10]},
						{"origin": [-4.4, 0, 6.8], "size": [2, 1, 1], "uv": [23, 20]}
					]
				},
				{
					"name": "tail",
					"parent": "zacian",
					"pivot": [-0.2, 14, 13],
					"cubes": [
						{"origin": [-2.02447, 16.40214, 1.6], "size": [2, 3, 4], "pivot": [-0.22447, -0.99786, 0], "rotation": [-34.97168, 4.95712, 0.65426], "uv": [48, 60]},
						{"origin": [0.57553, 19.60214, 0.9], "size": [1, 0, 1], "pivot": [-0.22447, -0.99786, 0], "rotation": [-74.97168, -4.95712, -0.65426], "uv": [4, 53], "mirror": true},
						{"origin": [-2.02447, 16.90214, -2.7], "size": [2, 3, 5], "pivot": [-0.22447, -0.99786, 0], "rotation": [-57.47168, 4.95712, 0.65426], "uv": [49, 8]},
						{"origin": [-0.02447, 16.20214, 1.6], "size": [2, 3, 4], "pivot": [-0.22447, -0.99786, 0], "rotation": [-36.26638, -15.13278, 6.72943], "uv": [30, 59]},
						{"origin": [-2.02447, 16.60214, -4.1], "size": [2, 3, 5], "pivot": [-0.22447, -0.99786, 0], "rotation": [-74.97168, 4.95712, 0.65426], "uv": [0, 49]},
						{"origin": [-0.02447, 17.60214, 0.9], "size": [0, 2, 1], "pivot": [-0.22447, -0.99786, 0], "rotation": [-74.97168, 4.95712, 0.65426], "uv": [4, 53]},
						{"origin": [-2.02447, 16.60214, 0.9], "size": [0, 2, 1], "pivot": [-0.22447, -0.99786, 0], "rotation": [-74.97168, 4.95712, 0.65426], "uv": [4, 53]},
						{"origin": [-3.02447, 16.60214, 0.9], "size": [1, 0, 1], "pivot": [-0.22447, -0.99786, 0], "rotation": [-74.97168, 4.95712, 0.65426], "uv": [4, 53]},
						{"origin": [-2.02447, 19.60214, 0.9], "size": [1, 0, 1], "pivot": [-0.22447, -0.99786, 0], "rotation": [-74.97168, 4.95712, 0.65426], "uv": [4, 53]},
						{"origin": [-1.92447, 16.90214, -2.7], "size": [2, 3, 5], "pivot": [-0.22447, -0.99786, 0], "rotation": [-59.48453, -12.83337, 12.27851], "uv": [37, 46]},
						{"origin": [-0.52447, 15.80214, -1.7], "size": [1, 0, 1], "pivot": [-0.22447, -0.99786, 0], "rotation": [-84.48453, 12.83337, -12.27851], "uv": [18, 47], "mirror": true},
						{"origin": [-0.42447, 16.90214, -2.7], "size": [2, 3, 5], "pivot": [-0.22447, -0.99786, 0], "rotation": [-57.47168, -4.95712, -0.65426], "uv": [49, 8], "mirror": true},
						{"origin": [-1.92447, 15.80214, -6.7], "size": [2, 3, 5], "pivot": [-0.22447, -0.99786, 0], "rotation": [-84.48453, -12.83337, 12.27851], "uv": [14, 43]},
						{"origin": [0.07553, 15.80214, -1.7], "size": [0, 3, 1], "pivot": [-0.22447, -0.99786, 0], "rotation": [-84.48453, -12.83337, 12.27851], "uv": [18, 47]},
						{"origin": [-1.92447, 15.80214, -1.7], "size": [0, 2, 1], "pivot": [-0.22447, -0.99786, 0], "rotation": [-84.48453, -12.83337, 12.27851], "uv": [18, 47]},
						{"origin": [-1.92447, 18.80214, -1.7], "size": [1, 0, 1], "pivot": [-0.22447, -0.99786, 0], "rotation": [-84.48453, -12.83337, 12.27851], "uv": [18, 47]},
						{"origin": [-0.92447, 15.80214, -1.7], "size": [1, 0, 1], "pivot": [-0.22447, -0.99786, 0], "rotation": [-84.48453, -12.83337, 12.27851], "uv": [18, 47]},
						{"origin": [-0.52447, 16.90214, -2.7], "size": [2, 3, 5], "pivot": [-0.22447, -0.99786, 0], "rotation": [-59.48453, 12.83337, -12.27851], "uv": [37, 46], "mirror": true},
						{"origin": [-2.42447, 16.20214, 1.6], "size": [2, 3, 4], "pivot": [-0.22447, -0.99786, 0], "rotation": [-36.26638, 15.13278, -6.72943], "uv": [30, 59], "mirror": true},
						{"origin": [-0.42447, 16.40214, 1.6], "size": [2, 3, 4], "pivot": [-0.22447, -0.99786, 0], "rotation": [-34.97168, -4.95712, -0.65426], "uv": [48, 60], "mirror": true},
						{"origin": [-0.52447, 15.80214, -6.7], "size": [2, 3, 5], "pivot": [-0.22447, -0.99786, 0], "rotation": [-84.48453, 12.83337, -12.27851], "uv": [14, 43], "mirror": true},
						{"origin": [-0.52447, 15.80214, -1.7], "size": [0, 3, 1], "pivot": [-0.22447, -0.99786, 0], "rotation": [-84.48453, 12.83337, -12.27851], "uv": [18, 47], "mirror": true},
						{"origin": [1.47553, 15.80214, -1.7], "size": [0, 2, 1], "pivot": [-0.22447, -0.99786, 0], "rotation": [-84.48453, 12.83337, -12.27851], "uv": [18, 47], "mirror": true},
						{"origin": [0.47553, 18.80214, -1.7], "size": [1, 0, 1], "pivot": [-0.22447, -0.99786, 0], "rotation": [-84.48453, 12.83337, -12.27851], "uv": [18, 47], "mirror": true},
						{"origin": [-0.42447, 16.60214, -4.1], "size": [2, 3, 5], "pivot": [-0.22447, -0.99786, 0], "rotation": [-74.97168, -4.95712, -0.65426], "uv": [0, 49], "mirror": true},
						{"origin": [-0.42447, 17.60214, 0.9], "size": [0, 2, 1], "pivot": [-0.22447, -0.99786, 0], "rotation": [-74.97168, -4.95712, -0.65426], "uv": [4, 53], "mirror": true},
						{"origin": [1.57553, 16.60214, 0.9], "size": [0, 2, 1], "pivot": [-0.22447, -0.99786, 0], "rotation": [-74.97168, -4.95712, -0.65426], "uv": [4, 53], "mirror": true},
						{"origin": [1.57553, 16.60214, 0.9], "size": [1, 0, 1], "pivot": [-0.22447, -0.99786, 0], "rotation": [-74.97168, -4.95712, -0.65426], "uv": [4, 53], "mirror": true}
					]
				}
			]
		}
	]
}