{
	"format_version": "1.12.0",
	"minecraft:geometry": [
		{
			"description": {
				"identifier": "geometry.keldeo",
				"texture_width": 128,
				"texture_height": 128,
				"visible_bounds_width": 4,
				"visible_bounds_height": 3.5,
				"visible_bounds_offset": [0, 1.25, 0]
			},
			"bones": [
				{
					"name": "keldeo",
					"pivot": [0, 0, 0]
				},
				{
					"name": "body",
					"parent": "keldeo",
					"pivot": [0, 0, 0]
				},
				{
					"name": "front_left_leg",
					"parent": "body",
					"pivot": [2.5, 12.5, -6.5],
					"cubes": [
						{"origin": [1, 6, -8], "size": [3, 7, 3], "inflate": -0.2, "uv": [59, 49]}
					]
				},
				{
					"name": "bone",
					"parent": "front_left_leg",
					"pivot": [2.5, 7, -6.5],
					"cubes": [
						{"origin": [1, 0, -8], "size": [3, 2, 3], "inflate": 0.1, "uv": [0, 65]},
						{"origin": [1, 0, -8], "size": [3, 7, 3], "inflate": -0.1, "uv": [58, 39]}
					]
				},
				{
					"name": "back_left_leg",
					"parent": "body",
					"pivot": [2.5, 13.59951, 5.78217],
					"cubes": [
						{"origin": [1, 8, 5], "size": [3, 7, 3], "inflate": -0.1, "pivot": [2.5, 9.5, 10], "rotation": [37.5, 0, 0], "uv": [52, 12]},
						{"origin": [1, 9, 3], "size": [3, 4, 4], "pivot": [2.5, 9.5, 10], "rotation": [-15, 0, 0], "uv": [0, 52]}
					]
				},
				{
					"name": "bone3",
					"parent": "back_left_leg",
					"pivot": [2.5, 7, 7.5],
					"cubes": [
						{"origin": [1, 0, 6], "size": [3, 2, 3], "uv": [63, 25]},
						{"origin": [1, 0, 6], "size": [3, 7, 3], "inflate": -0.2, "uv": [35, 50]}
					]
				},
				{
					"name": "back_right_leg",
					"parent": "body",
					"pivot": [-2.5, 13.59951, 5.78217],
					"cubes": [
						{"origin": [-4, 8, 5], "size": [3, 7, 3], "inflate": -0.1, "pivot": [-2.5, 9.5, 10], "rotation": [37.5, 0, 0], "uv": [23, 50]},
						{"origin": [-4, 9, 3], "size": [3, 4, 4], "pivot": [-2.5, 9.5, 10], "rotation": [-15, 0, 0], "uv": [46, 4]}
					]
				},
				{
					"name": "bone4",
					"parent": "back_right_leg",
					"pivot": [-2.5, 7, 7.5],
					"cubes": [
						{"origin": [-4, 0, 6], "size": [3, 2, 3], "uv": [62, 19]},
						{"origin": [-4, 0, 6], "size": [3, 7, 3], "inflate": -0.2, "uv": [11, 46]}
					]
				},
				{
					"name": "front_right_leg",
					"parent": "body",
					"pivot": [-2.5, 12.5, -6.5],
					"cubes": [
						{"origin": [-4, 6, -8], "size": [3, 7, 3], "inflate": -0.2, "uv": [11, 57]}
					]
				},
				{
					"name": "bone2",
					"parent": "front_right_leg",
					"pivot": [-2.5, 7, -6.5],
					"cubes": [
						{"origin": [-4, 0, -8], "size": [3, 2, 3], "inflate": 0.1, "uv": [20, 64]},
						{"origin": [-4, 0, -8], "size": [3, 7, 3], "inflate": -0.1, "uv": [47, 53]}
					]
				},
				{
					"name": "chest",
					"parent": "body",
					"pivot": [0, 12.08366, -6.44026],
					"cubes": [
						{"origin": [-3.5, 10, -8], "size": [7, 7, 6], "pivot": [0, 13.5, -3.5], "rotation": [-20, 0, 0], "uv": [0, 33]},
						{"origin": [-2.5, 18.20224, -6.60672], "size": [5, 0, 6], "pivot": [0, 18.05195, -6.21247], "rotation": [-12.5, 0, 0], "uv": [16, 0]},
						{"origin": [-3.5, 10.13111, -7.81831], "size": [7, 8, 0], "pivot": [0, 15.38111, -8.66831], "rotation": [-22.5, 0, 0], "uv": [44, 45]},
						{"origin": [-1, 12.59387, -8.8971], "size": [2, 2, 2], "pivot": [0, 13.59387, -7.8971], "rotation": [-45, -22.5, 90], "uv": [0, 0]},
						{"origin": [-3.5, 9.31312, 2.46309], "size": [7, 6, 5], "pivot": [0, 13.31312, 4.96309], "rotation": [-17.5, 0, 0], "uv": [44, 28]},
						{"origin": [-3.5, 10, -4.5], "size": [7, 6, 8], "inflate": -0.1, "uv": [0, 0]}
					]
				},
				{
					"name": "neck",
					"parent": "chest",
					"pivot": [0, 15, -6.5],
					"cubes": [
						{"origin": [-1, 14, -8], "size": [2, 6, 3], "inflate": 0.3, "pivot": [0, 17, -6.5], "rotation": [12.5, 0, 0], "uv": [59, 59]}
					]
				},
				{
					"name": "head",
					"parent": "neck",
					"pivot": [0, 19.20444, -7.31198],
					"cubes": [
						{"origin": [-2.5, 19, -10], "size": [5, 6, 6], "uv": [26, 33]},
						{"origin": [0, 23, -14], "size": [0, 3, 6], "pivot": [0, 26, -12], "rotation": [-27.5, 0, 0], "uv": [20, 27]},
						{"origin": [-3, 23.51325, -9.6551], "size": [6, 5, 3], "inflate": 0.1, "pivot": [0, 26.01325, -8.4051], "rotation": [-15, 0, 0], "uv": [32, 0]},
						{"origin": [-3, 23.34022, -10.38867], "size": [2, 2, 1], "inflate": 0.1, "pivot": [-2, 24.34022, -9.88867], "rotation": [-10.72858, -10.54529, -44.00703], "uv": [34, 2]},
						{"origin": [1, 23.34022, -10.38867], "size": [2, 2, 1], "inflate": 0.1, "pivot": [2, 24.34022, -9.88867], "rotation": [-10.72858, 10.54529, 44.00703], "uv": [34, 2], "mirror": true},
						{"origin": [0, 26.89804, -11.07783], "size": [0, 3, 3], "pivot": [0, 28.39804, -9.57783], "rotation": [-47.5, 0, 0], "uv": [0, 14]},
						{"origin": [-2, 19, -13], "size": [4, 3, 4], "inflate": -0.2, "pivot": [0, 20.5, -9.5], "rotation": [20, 0, 0], "uv": [56, 0]},
						{"origin": [0.4, 20.475, -12.825], "size": [1, 1, 0], "pivot": [0, 20.5, -9.5], "rotation": [20, 0, 0], "uv": [76, 2]},
						{"origin": [-1.4, 20.475, -12.825], "size": [1, 1, 0], "pivot": [0, 20.5, -9.5], "rotation": [20, 0, 0], "uv": [76, 2], "mirror": true}
					]
				},
				{
					"name": "left_eye",
					"parent": "head",
					"pivot": [2.625, 22.05, -9.0875],
					"rotation": [83.49118, -67.36871, -83.98854],
					"cubes": [
						{"origin": [1.95, 20.95, -9.075], "size": [2, 2, 0], "uv": [4, 20]},
						{"origin": [1.8, 21.65, -9.1], "size": [1, 1, 0], "uv": [0, 1]}
					]
				},
				{
					"name": "right_eye",
					"parent": "head",
					"pivot": [-2.625, 22.05, -9.0875],
					"rotation": [83.49118, 67.36871, 83.98854],
					"cubes": [
						{"origin": [-3.95, 20.95, -9.075], "size": [2, 2, 0], "uv": [4, 20], "mirror": true},
						{"origin": [-2.8, 21.65, -9.1], "size": [1, 1, 0], "uv": [0, 1], "mirror": true}
					]
				},
				{
					"name": "eye_brow2",
					"parent": "head",
					"pivot": [-3, 23.5, -6.25],
					"rotation": [0, 0, -15],
					"cubes": [
						{"origin": [-3.75, 21, -9.25], "size": [0, 3, 6], "pivot": [-3, 23.5, -6.25], "rotation": [1.01033, -14.93434, -55.19696], "uv": [1, 40], "mirror": true},
						{"origin": [-2.63848, 21.64054, -10.54307], "size": [0, 3, 1], "pivot": [-2.46348, 22.74054, -10.14307], "rotation": [-41.91481, -39.06827, -12.22467], "uv": [20, 13], "mirror": true},
						{"origin": [-3.63766, 23.09372, -10.42811], "size": [0, 2, 2], "pivot": [-3.87883, 23.44172, -6.96891], "rotation": [-9.69454, -11.45891, -10.58955], "uv": [43, 18], "mirror": true},
						{"origin": [-3.58092, 23.09819, -8.7327], "size": [0, 3, 2], "pivot": [-3.79719, 23.49135, -7.78782], "rotation": [-7.19454, -11.45891, -10.58955], "uv": [43, 18], "mirror": true},
						{"origin": [-4.3029, 22.53456, -6.60857], "size": [0, 4, 2], "pivot": [-4.2779, 24.85956, -5.60857], "rotation": [-22.19454, -11.45891, -10.58955], "uv": [43, 18], "mirror": true},
						{"origin": [-4.64245, 22.47667, -5.15885], "size": [0, 5, 2], "pivot": [-4.56745, 24.20167, -3.73385], "rotation": [-17.19454, -11.45891, -10.58955], "uv": [43, 18], "mirror": true},
						{"origin": [-4.84567, 23.40245, -3.18935], "size": [0, 4, 4], "pivot": [-5.243, 25.07237, -3.12149], "rotation": [-9.75949, 13.19275, -14.78139], "uv": [34, 56], "mirror": true},
						{"origin": [-2.97699, 23.43118, 0.49639], "size": [0, 2, 2], "pivot": [-3.55199, 24.50618, 1.49639], "rotation": [-11.66872, 35.31326, -19.34103], "uv": [38, 59], "mirror": true}
					]
				},
				{
					"name": "eye_brow3",
					"parent": "head",
					"pivot": [3, 23.5, -6.25],
					"rotation": [0, 0, 15],
					"cubes": [
						{"origin": [3.75, 21, -9.25], "size": [0, 3, 6], "pivot": [3, 23.5, -6.25], "rotation": [1.01033, 14.93434, 55.19696], "uv": [1, 40]},
						{"origin": [2.63848, 21.64054, -10.54307], "size": [0, 3, 1], "pivot": [2.46348, 22.74054, -10.14307], "rotation": [-41.91481, 39.06827, 12.22467], "uv": [20, 13]},
						{"origin": [3.63766, 23.09372, -10.42811], "size": [0, 2, 2], "pivot": [3.87883, 23.44172, -6.96891], "rotation": [-9.69454, 11.45891, 10.58955], "uv": [43, 18]},
						{"origin": [3.58092, 23.09819, -8.7327], "size": [0, 3, 2], "pivot": [3.79719, 23.49135, -7.78782], "rotation": [-7.19454, 11.45891, 10.58955], "uv": [43, 18]},
						{"origin": [4.3029, 22.53456, -6.60857], "size": [0, 4, 2], "pivot": [4.2779, 24.85956, -5.60857], "rotation": [-22.19454, 11.45891, 10.58955], "uv": [43, 18]},
						{"origin": [4.64245, 22.47667, -5.15885], "size": [0, 5, 2], "pivot": [4.56745, 24.20167, -3.73385], "rotation": [-17.19454, 11.45891, 10.58955], "uv": [43, 18]},
						{"origin": [4.84567, 23.40245, -3.18935], "size": [0, 4, 4], "pivot": [5.243, 25.07237, -3.12149], "rotation": [-9.75949, -13.19275, 14.78139], "uv": [34, 56]},
						{"origin": [2.97699, 23.43118, 0.49639], "size": [0, 2, 2], "pivot": [3.55199, 24.50618, 1.49639], "rotation": [-11.66872, -35.31326, 19.34103], "uv": [38, 59]}
					]
				},
				{
					"name": "hair",
					"parent": "head",
					"pivot": [0, 28.75093, -8.67154],
					"rotation": [27.5, 0, 0],
					"cubes": [
						{"origin": [-3, 20.95446, -6.07033], "size": [6, 7, 8], "pivot": [0, 25.95446, -3.07033], "rotation": [-60, 0, 0], "uv": [0, 14]},
						{"origin": [0, 26.95446, -4.07033], "size": [0, 3, 4], "pivot": [0, 25.95446, -3.07033], "rotation": [-50, 0, 0], "uv": [0, 10]},
						{"origin": [-4, 22.95446, -9.07033], "size": [8, 6, 6], "uv": [24, 8]},
						{"origin": [0, 27.95446, -8.07033], "size": [0, 5, 5], "uv": [0, 55]}
					]
				},
				{
					"name": "ponytail",
					"parent": "hair",
					"pivot": [0, 25.95446, -3.07033],
					"cubes": [
						{"origin": [-1, 17.5289, -3.83784], "size": [2, 5, 3], "pivot": [0, 19.0289, -2.33784], "rotation": [-20, 0, 0], "uv": [61, 7]},
						{"origin": [0, 14.85068, -5.66273], "size": [0, 4, 4], "pivot": [0, 16.85068, -3.66273], "rotation": [-42.5, 0, 0], "uv": [0, 0]}
					]
				},
				{
					"name": "tail",
					"parent": "chest",
					"pivot": [0, 14.40379, 7.49684],
					"rotation": [-17.5, 0, 0],
					"cubes": [
						{"origin": [-1.5, 14.56312, 5.46309], "size": [3, 5, 2], "inflate": -0.2, "pivot": [0, 12.56312, 4.96309], "rotation": [-17.5, 0, 0], "uv": [41, 63]},
						{"origin": [-1.5, 14.7303, 7.87405], "size": [3, 4, 2], "inflate": -0.3, "pivot": [0, 16.7303, 8.37405], "rotation": [-55, 0, 0], "uv": [51, 66]},
						{"origin": [-2.5, 15.56312, 8.46309], "size": [5, 4, 9], "inflate": -0.2, "pivot": [0, 19.56312, 11.96309], "rotation": [-32.5, 0, 0], "uv": [19, 20]},
						{"origin": [0, 16.56312, 11.46309], "size": [0, 5, 9], "pivot": [0, 19.56312, 11.96309], "rotation": [-32.5, 0, 0], "uv": [26, 36]},
						{"origin": [-1.5, 17.98838, 11.0041], "size": [3, 2, 4], "inflate": -0.2, "pivot": [0, 18.98838, 11.0041], "rotation": [82.5, 0, 0], "uv": [52, 22]}
					]
				}
			]
		}
	]
}