{
	"format_version": "1.8.0",
	"animations": {
		"animation.zacian.ground_walk": {
			"loop": true,
			"animation_length": 1.5,
			"bones": {
				"lockleft1section": {
					"position": {
						"0.0": [0, 0, 0],
						"0.75": [0, 1, 0],
						"1.5": [0, 0, 0]
					}
				},
				"lockleft2section": {
					"position": {
						"0.0": [0, 0, 0],
						"0.75": [0, 1, 0],
						"1.5": [0, 0, 0]
					}
				},
				"lockright2section": {
					"position": {
						"0.0": [0, 0, 0],
						"0.75": [0, 1, 0],
						"1.5": [0, 0, 0]
					}
				},
				"frontlegleft": {
					"rotation": {
						"0.0": [-22.5, 0, 0],
						"0.75": [27.5, 0, 0],
						"1.5": [-22.5, 0, 0]
					}
				},
				"backlegleft": {
					"rotation": {
						"0.0": [25, 0, 0],
						"0.75": [-25, 0, 0],
						"1.5": [25, 0, 0]
					}
				},
				"frontlegright": {
					"rotation": {
						"0.0": [30, 0, 0],
						"0.75": [-20, 0, 0],
						"1.5": [30, 0, 0]
					}
				},
				"lockright1section": {
					"position": {
						"0.0": [0, 0, 0],
						"0.75": [0, 1, 0],
						"1.5": [0, 0, 0]
					}
				},
				"backlegright": {
					"rotation": {
						"0.0": [-22.5, 0, 0],
						"0.75": [22.5, 0, 0],
						"1.5": [-22.5, 0, 0]
					}
				},
				"tail": {
					"rotation": {
						"0.0": [0, 0, 12.5],
						"0.75": [0, 0, -12.5],
						"1.5": [0, 0, 12.5]
					}
				}
			}
		},
		"animation.zacian.ground_idle": {
			"loop": true,
			"animation_length": 3.91667,
			"bones": {
				"head": {
					"rotation": {
						"0.0": [0, 0, 0],
						"1.6667": [-5, 0, 0],
						"3.9167": [0, 0, 0]
					}
				},
				"lockleft1section": {
					"position": {
						"0.0": [0, 0, 0],
						"2.25": [0, 1, 0],
						"3.9167": [0, 0, 0]
					}
				},
				"lockleft2section": {
					"rotation": {
						"0.0": [0, 0, 0],
						"2.6667": [20, 0, 0],
						"3.9167": [0, 0, 0]
					},
					"position": {
						"0.0": [0, 0, 0],
						"1.75": [0, 1, -1],
						"2.6667": [0, 1, -2],
						"3.9167": [0, 0, 0]
					}
				},
				"lockright2section": {
					"rotation": {
						"0.0": [0, 0, 0],
						"2.6667": [20, 0, 0],
						"3.9167": [0, 0, 0]
					},
					"position": {
						"0.0": [0, 0, 0],
						"1.75": [0, 1, -1],
						"2.6667": [0, 1, -2],
						"3.9167": [0, 0, 0]
					}
				},
				"lockright1section": {
					"position": {
						"0.0": [0, 0, 0],
						"2.25": [0, 1, 0],
						"3.9167": [0, 0, 0]
					}
				},
				"tail": {
					"rotation": {
						"0.0": [0, 0, -10],
						"1.6667": [0, 0, 27.5],
						"3.3333": [0, 0, -10]
					},
					"position": {
						"0.0": [0.2, 0, 0],
						"1.6667": [0.2, -0.9, 0],
						"3.3333": [0.2, 0, 0]
					}
				}
			}
		}
	}
}