{
	"format_version": "1.10.0",
	"particle_effect": {
		"description": {
			"identifier": "noble-pokemon:alpha_symbol",
			"basic_render_parameters": {
				"material": "particles_alpha",
				"texture": "textures/particles/alpha_symbol"
			}
		},
		"curves": {
			"variable.size": {
				"type": "linear",
				"input": "v.particle_age",
				"horizontal_range": "v.particle_lifetime ",
				"nodes": [0, 1, 1, 1, 0]
			}
		},
		"components": {
			"minecraft:emitter_rate_instant": {
				"num_particles": 1
			},
			"minecraft:emitter_lifetime_once": {
				"active_time": 1
			},
			"minecraft:emitter_shape_point": {
				"offset": [0, 0, 0]
			},
			"minecraft:particle_lifetime_expression": {
				"max_lifetime": 1
			},
			"minecraft:particle_initial_speed": 0,
			"minecraft:particle_motion_dynamic": {},
			"minecraft:particle_appearance_billboard": {
				"size": ["2.0 * variable.size", "2.0 * variable.size"],
				"facing_camera_mode": "rotate_xyz",
				"uv": {
					"texture_width": 58,
					"texture_height": 61,
					"uv": [0, 0],
					"uv_size": [58, 61]
				}
			}
		}
	}
}