{
	"format_version": "1.10.0",
	"particle_effect": {
		"description": {
			"identifier": "cobblemon:item_poke",
			"basic_render_parameters": {
				"material": "particles_alpha",
				"texture": "textures/particles/item_orb"
			}
		},
		"curves": {
			"variable.size": {
				"type": "linear",
				"input": "v.particle_age * 6",
				"horizontal_range": "v.particle_lifetime",
				"nodes": [1, 1, 0]
			}
		},
		"components": {
			"minecraft:emitter_rate_instant": {
				"num_particles": 1
			},
			"minecraft:emitter_lifetime_once": {
				"active_time": 1
			},
			"minecraft:emitter_shape_point": {
				"offset": [0, 0.1, 0],
				"direction": [0, 1, 0]
			},
			"minecraft:particle_lifetime_expression": {
				"max_lifetime": 2.5
			},
			"minecraft:particle_initial_speed": 0.6,
			"minecraft:particle_motion_dynamic": {},
			"minecraft:particle_appearance_billboard": {
				"size": ["0.2 * variable.size", "0.2 * variable.size"],
				"facing_camera_mode": "rotate_xyz",
				"uv": {
					"texture_width": 224,
					"texture_height": 16,
					"flipbook": {
						"base_UV": [0, 0],
						"size_UV": [16, 16],
						"step_UV": [16, 0],
						"frames_per_second": 24,
						"max_frame": 14
					}
				}
			},
			"minecraft:particle_appearance_tinting": {
				"color": [1, 0.13333, 0.13333, 1]
			}
		}
	}
}