{
	"format_version": "1.8.0",
	"animations": {
		"animation.hattrem.pose": {
			"loop": true,
			"bones": {
				"left_pony_tail": {
					"rotation": [45, 0, 90],
					"position": [-1, -3, -1.2]
				},
				"left_pony_tail_end": {
					"rotation": [15.63028, 1.35985, -71.89981],
					"position": [3.5, -2, 2]
				},
				"right_pony_tail": {
					"rotation": [45, 0, -90],
					"position": [1, -3, -1.2]
				},
				"right_pony_tail_end": {
					"rotation": [15.63028, -1.3599, 71.8998],
					"position": [-3.5, -2, 2]
				},
				"hat": {
					"rotation": [-22.5, 0, 0],
					"position": [0, -4, 0]
				},
				"left_arm": {
					"rotation": [-20.94102, 40.78947, -30.36119]
				},
				"body": {
					"position": [0, -1, 0]
				},
				"legs": {
					"position": [0, 0, 0]
				},
				"hat_segment_1": {
					"rotation": [0, 45, 0]
				},
				"hattrem": {
					"position": [0, 2, 0]
				},
				"left_hand": {
					"rotation": [0, 0, -22.5]
				},
				"right_arm": {
					"rotation": [-9.00717, -20.70481, 24.14867]
				},
				"right_hand": {
					"rotation": [0, 0, 22.5]
				}
			}
		},
		"animation.hattrem.blank": {
			"loop": true,
			"animation_length": 2,
			"bones": {
				"left_pony_tail": {
					"rotation": [45, 0, 90],
					"position": [-1, -3, -1.2]
				},
				"left_pony_tail_end": {
					"rotation": [15.63028, 1.35985, -71.89981],
					"position": [3.5, -2, 2]
				},
				"right_pony_tail": {
					"rotation": [45, 0, -90],
					"position": [1, -3, -1.2]
				},
				"right_pony_tail_end": {
					"rotation": [15.63028, -1.3599, 71.8998],
					"position": [-3.5, -2, 2]
				},
				"hat": {
					"rotation": [-22.5, 0, 0],
					"position": [0, -4, 0]
				},
				"left_arm": {
					"rotation": [-16.67676, 19.44825, -22.02103]
				},
				"body": {
					"position": [0, -1, 0]
				},
				"legs": {
					"position": [0, 0, 0]
				},
				"hat_segment_1": {
					"rotation": [0, 0, 0]
				},
				"hattrem": {
					"position": [0, 2, 0]
				},
				"left_hand": {
					"rotation": [0, 0, -22.5]
				},
				"right_arm": {
					"rotation": [-9.00717, -20.70481, 24.14867]
				},
				"right_hand": {
					"rotation": [0, 0, 22.5]
				}
			}
		},
		"animation.hattrem.ground_walk": {
			"loop": true,
			"animation_length": 1,
			"bones": {
				"left_pony_tail": {
					"rotation": {
						"0.0": {
							"post": [-288.10763, 0, -269.45908],
							"lerp_mode": "catmullrom"
						},
						"0.125": {
							"post": [-293.91828, -39.95092, -253.56221],
							"lerp_mode": "catmullrom"
						},
						"0.2083": {
							"post": [-293.91828, -39.95092, -253.56221],
							"lerp_mode": "catmullrom"
						},
						"0.375": {
							"post": [-284.99528, -10.26897, -303.10401],
							"lerp_mode": "catmullrom"
						},
						"0.5833": {
							"post": [-323.05998, -15.26887, -276.58601],
							"lerp_mode": "catmullrom"
						},
						"0.6667": {
							"post": [-323.05998, -15.26887, -276.58601],
							"lerp_mode": "catmullrom"
						},
						"0.8333": {
							"post": [-287.32079, -5.36271, -286.14168],
							"lerp_mode": "catmullrom"
						},
						"0.9167": {
							"post": [-287.32079, -5.36271, -286.14168],
							"lerp_mode": "catmullrom"
						},
						"1.0": {
							"post": [-288.10763, 0, -269.45908],
							"lerp_mode": "catmullrom"
						}
					},
					"position": {
						"0.0": {
							"post": [-1, -3, -1.2],
							"lerp_mode": "catmullrom"
						}
					}
				},
				"left_pony_tail_end": {
					"rotation": {
						"0.0": {
							"post": [15.63028, 1.35985, -71.89981],
							"lerp_mode": "catmullrom"
						},
						"0.1667": {
							"post": [-11.98172, 1.35985, -71.89981],
							"lerp_mode": "catmullrom"
						},
						"0.3333": {
							"post": [19.10252, 1.35985, -71.89981],
							"lerp_mode": "catmullrom"
						},
						"0.4583": {
							"post": [1.92905, 33.84536, -70.86318],
							"lerp_mode": "catmullrom"
						},
						"0.6667": {
							"post": [-33.5579, 24.85779, -86.69218],
							"lerp_mode": "catmullrom"
						},
						"0.8333": {
							"post": [29.88695, 1.35985, -71.89981],
							"lerp_mode": "catmullrom"
						},
						"1.0": {
							"post": [15.63028, 1.35985, -71.89981],
							"lerp_mode": "catmullrom"
						}
					},
					"position": {
						"0.0": {
							"post": [3.5, -2, 2],
							"lerp_mode": "catmullrom"
						}
					}
				},
				"right_pony_tail": {
					"rotation": {
						"0.0": {
							"post": [44.69383, 23.59911, -92.99407],
							"lerp_mode": "catmullrom"
						},
						"0.125": {
							"post": [44.89078, 3.53329, -93.54002],
							"lerp_mode": "catmullrom"
						},
						"0.2083": {
							"post": [44.69383, 23.59911, -92.99407],
							"lerp_mode": "catmullrom"
						},
						"0.375": {
							"post": [36.47702, -27.02274, -41.24035],
							"lerp_mode": "catmullrom"
						},
						"0.5833": {
							"post": [44.69383, 23.59911, -92.99407],
							"lerp_mode": "catmullrom"
						},
						"0.6667": {
							"post": [44.69383, 23.59911, -92.99407],
							"lerp_mode": "catmullrom"
						},
						"0.8333": {
							"post": [37.45372, -27.03402, -59.31794],
							"lerp_mode": "catmullrom"
						},
						"0.9167": {
							"post": [37.45372, -27.03402, -59.31794],
							"lerp_mode": "catmullrom"
						},
						"1.0": {
							"post": [44.69383, 23.59911, -92.99407],
							"lerp_mode": "catmullrom"
						}
					},
					"position": {
						"0.0": {
							"post": [1, -3, -1.2],
							"lerp_mode": "catmullrom"
						}
					}
				},
				"right_pony_tail_end": {
					"rotation": {
						"0.0": {
							"post": [15.63028, -1.3599, 71.8998],
							"lerp_mode": "catmullrom"
						},
						"0.2083": {
							"post": [12.75801, 7.26531, 38.05618],
							"lerp_mode": "catmullrom"
						},
						"0.3333": {
							"post": [14.31883, -3.13887, 79.34849],
							"lerp_mode": "catmullrom"
						},
						"0.5": {
							"post": [14.17314, 3.75314, 52.70961],
							"lerp_mode": "catmullrom"
						},
						"0.6667": {
							"post": [11.6944, 8.48979, 31.75893],
							"lerp_mode": "catmullrom"
						},
						"0.7917": {
							"post": [14.38859, -0.90339, 70.77389],
							"lerp_mode": "catmullrom"
						},
						"1.0": {
							"post": [15.63028, -1.3599, 71.8998],
							"lerp_mode": "catmullrom"
						}
					},
					"position": {
						"0.0": {
							"post": [-3.5, -2, 2],
							"lerp_mode": "catmullrom"
						}
					}
				},
				"hat": {
					"rotation": {
						"0.0": {
							"post": [-22.5, 0, 0],
							"lerp_mode": "catmullrom"
						},
						"0.125": {
							"post": [-2.5, 0, 0],
							"lerp_mode": "catmullrom"
						},
						"0.2917": {
							"post": [-15, 0, 0],
							"lerp_mode": "catmullrom"
						},
						"0.4583": {
							"post": [-27.5, 0, 0],
							"lerp_mode": "catmullrom"
						},
						"0.625": {
							"post": [-5, 0, 0],
							"lerp_mode": "catmullrom"
						},
						"0.875": {
							"post": [-25, 0, 0],
							"lerp_mode": "catmullrom"
						},
						"1.0": {
							"post": [-22.5, 0, 0],
							"lerp_mode": "catmullrom"
						}
					},
					"position": {
						"0.0": {
							"post": [0, -4, 0],
							"lerp_mode": "catmullrom"
						}
					}
				},
				"left_arm": {
					"rotation": {
						"0.0": {
							"post": [-16.67676, 19.44825, -22.02103],
							"lerp_mode": "catmullrom"
						}
					}
				},
				"body": {
					"rotation": {
						"0.0": {
							"post": [0, 0, 0],
							"lerp_mode": "catmullrom"
						},
						"0.125": {
							"post": [15, 0, 0],
							"lerp_mode": "catmullrom"
						},
						"0.25": {
							"post": [12.5, 0, 0],
							"lerp_mode": "catmullrom"
						},
						"0.4167": {
							"post": [-32.5, 0, 0],
							"lerp_mode": "catmullrom"
						},
						"0.5417": {
							"post": [-15, 0, 0],
							"lerp_mode": "catmullrom"
						},
						"0.7083": {
							"post": [15, 0, 0],
							"lerp_mode": "catmullrom"
						},
						"0.875": {
							"post": [-25, 0, 0],
							"lerp_mode": "catmullrom"
						},
						"1.0": {
							"post": [0, 0, 0],
							"lerp_mode": "catmullrom"
						}
					},
					"position": {
						"0.0": {
							"post": [0, -1, 0],
							"lerp_mode": "catmullrom"
						}
					}
				},
				"legs": {
					"position": {
						"0.0": {
							"post": [0, 0, 0],
							"lerp_mode": "catmullrom"
						}
					}
				},
				"hat_segment_1": {
					"rotation": {
						"0.0": {
							"post": [2.5, 0, 0],
							"lerp_mode": "catmullrom"
						},
						"0.125": {
							"post": [0, 0, 0],
							"lerp_mode": "catmullrom"
						},
						"0.25": {
							"post": [25, 0, 0],
							"lerp_mode": "catmullrom"
						},
						"0.375": {
							"post": [0, 0, 0],
							"lerp_mode": "catmullrom"
						},
						"0.5": {
							"post": [-17.5, 0, 0],
							"lerp_mode": "catmullrom"
						},
						"0.6667": {
							"post": [5, 0, 0],
							"lerp_mode": "catmullrom"
						},
						"0.8333": {
							"post": [27.5, 0, 0],
							"lerp_mode": "catmullrom"
						},
						"1.0": {
							"post": [2.5, 0, 0],
							"lerp_mode": "catmullrom"
						}
					}
				},
				"hattrem": {
					"position": {
						"0.0": {
							"post": [0, 2, 0],
							"lerp_mode": "catmullrom"
						}
					}
				},
				"left_hand": {
					"rotation": {
						"0.0": {
							"post": [0, 0, -22.5],
							"lerp_mode": "catmullrom"
						}
					}
				},
				"right_arm": {
					"rotation": {
						"0.0": {
							"post": [-9.00717, -20.70481, 24.14867],
							"lerp_mode": "catmullrom"
						}
					}
				},
				"right_hand": {
					"rotation": {
						"0.0": {
							"post": [0, 0, 22.5],
							"lerp_mode": "catmullrom"
						}
					}
				},
				"torso": {
					"rotation": {
						"0.0": {
							"post": [0, 0, 0],
							"lerp_mode": "catmullrom"
						},
						"0.125": {
							"post": [2.5, 0, 0],
							"lerp_mode": "catmullrom"
						},
						"0.4167": {
							"post": [-5, 0, 0],
							"lerp_mode": "catmullrom"
						},
						"0.625": {
							"post": [5, 0, 0],
							"lerp_mode": "catmullrom"
						},
						"0.9167": {
							"post": [-2.5, 0, 0],
							"lerp_mode": "catmullrom"
						},
						"1.0": {
							"post": [0, 0, 0],
							"lerp_mode": "catmullrom"
						}
					},
					"position": {
						"0.0": {
							"post": [0, -1, 0],
							"lerp_mode": "catmullrom"
						},
						"0.25": {
							"post": [0, 7, 0],
							"lerp_mode": "catmullrom"
						},
						"0.5": {
							"post": [0, -1, 0],
							"lerp_mode": "catmullrom"
						},
						"0.75": {
							"post": [0, 7, 0],
							"lerp_mode": "catmullrom"
						},
						"1.0": {
							"post": [0, -1, 0],
							"lerp_mode": "catmullrom"
						}
					}
				},
				"front_ponytail": {
					"rotation": {
						"0.0": {
							"post": [0, 0, 0],
							"lerp_mode": "catmullrom"
						},
						"0.125": {
							"post": [10, 0, 0],
							"lerp_mode": "catmullrom"
						},
						"0.25": {
							"post": [8.44779, -0.70779, -1.81799],
							"lerp_mode": "catmullrom"
						},
						"0.4167": {
							"post": [-39.05221, -0.70779, -1.81799],
							"lerp_mode": "catmullrom"
						},
						"0.5833": {
							"post": [0.91861, -0.70779, -1.81799],
							"lerp_mode": "catmullrom"
						},
						"0.7083": {
							"post": [3.41861, -0.70779, -1.81799],
							"lerp_mode": "catmullrom"
						},
						"0.8333": {
							"post": [-36.58139, -0.70779, -1.81799],
							"lerp_mode": "catmullrom"
						},
						"1.0": {
							"post": [0, 0, 0],
							"lerp_mode": "catmullrom"
						}
					}
				},
				"hat_segment_2": {
					"rotation": {
						"0.0": {
							"post": [-15, 0, 0],
							"lerp_mode": "catmullrom"
						},
						"0.125": {
							"post": [-17.5, 0, 0],
							"lerp_mode": "catmullrom"
						},
						"0.25": {
							"post": [-20, 0, 0],
							"lerp_mode": "catmullrom"
						},
						"0.375": {
							"post": [27.5, 0, 0],
							"lerp_mode": "catmullrom"
						},
						"0.5": {
							"post": [20, 0, 0],
							"lerp_mode": "catmullrom"
						},
						"0.625": {
							"post": [-32.5, 0, 0],
							"lerp_mode": "catmullrom"
						},
						"0.75": {
							"post": [-27.5, 0, 0],
							"lerp_mode": "catmullrom"
						},
						"0.9167": {
							"post": [2.5, 0, 0],
							"lerp_mode": "catmullrom"
						},
						"1.0": {
							"post": [-15, 0, 0],
							"lerp_mode": "catmullrom"
						}
					}
				},
				"skrit": {
					"rotation": {
						"0.0": {
							"post": [-42.5, 0, 0],
							"lerp_mode": "catmullrom"
						},
						"0.1667": {
							"post": [-5, 0, 0],
							"lerp_mode": "catmullrom"
						},
						"0.3333": {
							"post": [40, 0, 0],
							"lerp_mode": "catmullrom"
						},
						"0.4583": {
							"post": [-12.5, 0, 0],
							"lerp_mode": "catmullrom"
						},
						"0.7083": {
							"post": [-2.5, 0, 0],
							"lerp_mode": "catmullrom"
						},
						"0.8333": {
							"post": [52.5, 0, 0],
							"lerp_mode": "catmullrom"
						},
						"1.0": {
							"post": [-42.5, 0, 0],
							"lerp_mode": "catmullrom"
						}
					}
				}
			}
		},
		"animation.hattrem.ground_idle": {
			"loop": true,
			"animation_length": 2,
			"bones": {
				"left_pony_tail": {
					"rotation": ["45+math.sin(query.anim_time*90*2)*2", 0, "90+math.sin(query.anim_time*90*2)*2"],
					"position": [-1, -3, -1.2]
				},
				"left_pony_tail_end": {
					"rotation": [15.63028, "1.3599-math.sin(query.anim_time*90*2)*2", -71.89981],
					"position": [3.5, -2, 2]
				},
				"right_pony_tail": {
					"rotation": ["45+math.sin(query.anim_time*90*2)*5", 0, -90],
					"position": [1, -3, -1.2]
				},
				"right_pony_tail_end": {
					"rotation": [15.63028, "-1.3599+math.sin(query.anim_time*90*2)*2", 71.8998],
					"position": [-3.5, -2, 2]
				},
				"hat": {
					"rotation": [-22.5, 0, "0-math.sin(query.anim_time*90*2)*0.4"],
					"position": [0, -4, 0]
				},
				"left_arm": {
					"rotation": [-16.67676, 19.44825, "-22.021-math.sin(query.anim_time*90*2)*4"]
				},
				"body": {
					"rotation": [0, 0, "math.sin(query.anim_time*90*2)*4"],
					"position": [0, -1, 0]
				},
				"legs": {
					"position": [0, 0, 0]
				},
				"hat_segment_1": {
					"rotation": [0, "0-math.sin(query.anim_time*90*2-60)*5", 0]
				},
				"hattrem": {
					"position": ["math.sin(query.anim_time*90*2)*0.4", 2, "math.sin(query.anim_time*90*2)*0.4"]
				},
				"left_hand": {
					"rotation": [0, 0, -22.5]
				},
				"right_arm": {
					"rotation": [-9.00717, -20.70481, "24.1487-math.sin(query.anim_time*90*2)*4"]
				},
				"right_hand": {
					"rotation": [0, 0, 22.5]
				},
				"front_ponytail": {
					"rotation": [0, 0, "0-math.sin(query.anim_time*90*2-60)*4"]
				},
				"head": {
					"rotation": ["2.5-math.sin(query.anim_time*90*2-120)*4", 0, "-math.sin(query.anim_time*90*2)*4"]
				},
				"skrit": {
					"rotation": [0, 0, "0-math.sin(query.anim_time*90*2+60)*6"]
				},
				"hat_segment_2": {
					"rotation": ["0-math.sin(query.anim_time*90*2-60)*5", 0, 0]
				},
				"hat_segment_3": {
					"rotation": ["2.5-math.sin(query.anim_time*90*2-120)*5", 0, 0]
				},
				"right_leg": {
					"rotation": [0.10745, -0.57765, "2.4294+math.sin(query.anim_time*90*2-180)*10"]
				},
				"left_leg": {
					"rotation": [0, 0, "0+math.sin(query.anim_time*90*2-180)*10"]
				}
			}
		},
		"animation.hattrem.sleep": {
			"loop": true,
			"animation_length": 4,
			"bones": {
				"torso": {
					"position": [0, -10, 0]
				},
				"hat": {
					"rotation": ["0+math.sin(query.anim_time*90*1)", 0, 0],
					"position": [0.5, -5, 0]
				},
				"front_ponytail": {
					"rotation": ["-22.5+math.sin(query.anim_time*90*1-60)*2", 0, "0+math.sin(query.anim_time*90*1-90)*5"]
				},
				"hat_segment_1": {
					"rotation": ["0+math.sin(query.anim_time*90*1-60)", 0, 0]
				},
				"hat_segment_3": {
					"rotation": ["0+math.sin(query.anim_time*90*1-120)", 0, 0]
				},
				"left_pony_tail": {
					"rotation": [3.88714, "27.2451+math.sin(query.anim_time*90*1-60)", 8.44236]
				},
				"right_pony_tail": {
					"rotation": [7.72206, "-34.6575+math.sin(query.anim_time*90*1-60)", -9.13039]
				},
				"body": {
					"position": [0, 2, 0],
					"scale": [1, 0.2, 1]
				},
				"skrit": {
					"rotation": [-35, 0, 0]
				},
				"right_leg": {
					"rotation": [-50, 0, 0]
				},
				"left_leg": {
					"rotation": [-80, 0, 0]
				},
				"left_arm": {
					"rotation": [0, 52.5, 0]
				},
				"left_hand": {
					"rotation": [0, 140, 0]
				},
				"right_arm": {
					"rotation": [0, -60, 0]
				},
				"right_hand": {
					"rotation": [0, -150, 0]
				}
			}
		},
		"animation.hattrem.cry": {
			"animation_length": 1.4583,
			"bones": {
				"head": {
					"rotation": {
						"0.0": {
							"post": [0, 0, 0],
							"lerp_mode": "catmullrom"
						},
						"0.125": {
							"post": [12.5, 0, 0],
							"lerp_mode": "catmullrom"
						},
						"0.375": {
							"post": [-12.5, 0, 0],
							"lerp_mode": "catmullrom"
						},
						"0.5417": {
							"post": [-15, 0, 0],
							"lerp_mode": "catmullrom"
						},
						"0.75": {
							"post": [0, 0, 0],
							"lerp_mode": "catmullrom"
						}
					}
				}
			},
			"sound_effects": {
				"0.0": {
					"effect": "pokemon.hattrem.cry"
				}
			}
		}
	}
}