{
	"format_version": "1.8.0",
	"animations": {
		"animation.aipom_delta.ground_walk": {
			"loop": true,
			"bones": {
				"body": {
					"rotation": [7.5, 0, 0]
				},
				"head": {
					"rotation": ["-5.3034-5+math.sin(q.anim_time*90*4+90)*1.5", -2.29865, "1.9918+math.sin(q.anim_time*90*3+135)*10.5"]
				},
				"arm_left": {
					"rotation": [0, 0, "50-10*(math.sin(q.anim_time*90*4*2)*1+1)"]
				},
				"arm_left2": {
					"rotation": [0, 35, 0]
				},
				"arm_right": {
					"rotation": [-1.31845, 9.91358, "-57.6144+10*(math.sin(q.anim_time*90*4*2)*1+1)"]
				},
				"arm_right2": {
					"rotation": [0, -65, 0]
				},
				"tail": {
					"rotation": ["-35+(math.sin(q.anim_time*90*4*2)*1+1)*4", "math.sin(q.anim_time*90*4*1+180)*20/2", "math.sin(q.anim_time*90*4*1+90)*20/2"]
				},
				"tail2": {
					"rotation": ["135+(math.sin(q.anim_time*90*4*2)*1+1)*4", "math.sin(q.anim_time*90*4*1-90*2)*10/2", 0]
				},
				"tail3": {
					"rotation": [-27.5, 0, 0]
				},
				"tail4": {
					"rotation": [-50, 0, 0]
				},
				"tail_hand": {
					"rotation": [-29.39942, -19.84302, 10.82777]
				},
				"finger1": {
					"rotation": [-50, 0, 0]
				},
				"finger1_2": {
					"rotation": [-30, 0, 0]
				},
				"finger2": {
					"rotation": [-55, 0, 0]
				},
				"finger2_2": {
					"rotation": [-27.5, 0, 0]
				},
				"finger3": {
					"rotation": [-60, 0, 0]
				},
				"finger3_2": {
					"rotation": [-25, 0, 0]
				},
				"thumb": {
					"rotation": [0, 0, 5]
				},
				"thumb2": {
					"rotation": [0, 0, 5]
				},
				"leg_right": {
					"rotation": [
						"-14.8774+math.clamp(math.sin(q.anim_time*90*4*1+180*1-90)*62,0,60)+math.clamp(math.sin(q.anim_time*90*4*1+180*1-90)*37,-40,30)",
						"1.936+math.clamp((math.sin(q.anim_time*90*4*1)*1-1)*10,-5,10)",
						"7.2472+(math.sin(q.anim_time*90*4*1-90)*1+1)*-3"
					],
					"position": [0, "(math.sin(q.anim_time*90*4*2-90)*1+1)*0.3-2*(math.clamp(math.sin(q.anim_time*90*4*1+200)*1,0.75,1)*1-0.75)", 0]
				},
				"leg_right2": {
					"rotation": [17.5, 0, 0]
				},
				"foot_right": {
					"rotation": [0, 0, -7.5]
				},
				"leg_left": {
					"rotation": [
						"-10+math.clamp(math.sin(q.anim_time*90*4*1+180*0-90)*62,0,60)+math.clamp(math.sin(q.anim_time*90*4*1+180*0-90)*37,-40,30)",
						"0-1*math.clamp((math.sin(q.anim_time*90*4*1+180)*1-1)*10,-5,10)",
						"0+3*(math.sin(q.anim_time*90*4*1-90+180)*1+1)"
					],
					"position": [0, "(math.sin(q.anim_time*90*4*2-90+180*0)*1+1)*0.3-2*(math.clamp(math.sin(q.anim_time*90*4*1+200+180)*1,0.75,1)*1-0.75)", 0]
				},
				"leg_left2": {
					"rotation": [7.5, 0, 0]
				},
				"thumb3": {
					"rotation": [0, 0, -12.5]
				},
				"finger1_3": {
					"rotation": [-10, 0, 0]
				},
				"finger2_3": {
					"rotation": [-10, 0, 0]
				},
				"finger3_3": {
					"rotation": [-10, 0, 0]
				},
				"aipom_delta": {
					"rotation": [
						"(math.sin(q.anim_time*90*4*2-90-45)*1+1)*2-(math.clamp(math.sin(q.anim_time*90*4*2+90)*1,0.5,1)*1-0.5)*10",
						0,
						"math.clamp(math.sin(q.anim_time*90*4*1)*5,-4,4)+math.sin(q.anim_time*90*4*1)*4"
					],
					"position": [
						0,
						"-0.5+math.sin(q.anim_time*90*4*2+90)*1+1+math.clamp((math.sin(q.anim_time*90*4*2+90)*1+0.5)*2,0,20)\", \"math.sin(q.anim_time*90*4*2)*1",
						0
					]
				},
				"right_ear": {
					"rotation": [0, "5*(math.sin(q.anim_time*90*4*2)*1+1)", 0]
				},
				"left_ear": {
					"rotation": [0, "0-5*(math.sin(q.anim_time*90*4*2)*1+1)", 0]
				}
			}
		},
		"animation.aipom_delta.ground_idle": {
			"loop": true,
			"bones": {
				"aipom_delta": {
					"position": [0, "15+Math.cos((query.anim_time) * 90 * 2) * 0.3", 0]
				},
				"body": {
					"rotation": [20, 0, 0]
				},
				"upper_body": {
					"rotation": [15, 0, 0]
				},
				"head": {
					"rotation": ["15.1587+math.sin(q.anim_time*60*2.75+180)", -29.12548, -2.17656]
				},
				"arm_left": {
					"rotation": [72.21943, 31.70779, "64.0337+3*math.sin(q.anim_time*60*2.75+180)"]
				},
				"arm_left2": {
					"rotation": [0, 15, 0]
				},
				"arm_right": {
					"rotation": [40, -45, "-50-3*math.sin(q.anim_time*60*2.75+180)"]
				},
				"arm_right2": {
					"rotation": [6.24605, -19.03771, -18.54835]
				},
				"tail": {
					"rotation": [77.08859, -18.82943, "167.4529+Math.cos((query.anim_time-0.7) * 90 * 2) * -2"]
				},
				"tail2": {
					"rotation": [30.31179, 9.23186, 3.86032]
				},
				"tail3": {
					"rotation": [23.47496, 9.57658, 11.59948]
				},
				"tail4": {
					"rotation": [35.42638, -14.63639, -3.31914]
				},
				"tail_hand": {
					"rotation": ["43.6765+Math.cos((query.anim_time-0.3) * 90 * 2) * 2", -28.56623, -21.25994]
				},
				"finger1": {
					"rotation": [0, 7.5, 0]
				},
				"finger1_2": {
					"rotation": [-7.5, 0, 0]
				},
				"finger2_2": {
					"rotation": [-12.5, 0, 0]
				},
				"finger3": {
					"rotation": [0, -10, 0]
				},
				"finger3_2": {
					"rotation": [-12.5, 0, 0]
				},
				"thumb": {
					"rotation": [0, 0, 5]
				},
				"thumb2": {
					"rotation": [0, 0, 2.5]
				},
				"foot_right": {
					"rotation": [27.5, 0, 0]
				},
				"toes_right": {
					"rotation": [22.5, 0, 0]
				},
				"foot_left": {
					"rotation": [55, 0, 0]
				},
				"toes_left": {
					"rotation": [25, 0, 0]
				},
				"thumb3": {
					"rotation": [0, 0, -7.5]
				},
				"finger1_3": {
					"rotation": [-5, 0, 0]
				},
				"finger2_3": {
					"rotation": [-2.5, 0, 0]
				},
				"finger3_3": {
					"rotation": [-5, 0, 0]
				},
				"right_ear": {
					"rotation": [0, "Math.cos((query.anim_time-0.7) * 90 * 2) * 2", 0]
				},
				"left_ear": {
					"rotation": [0, "Math.cos((query.anim_time-0.7) * 90 * 2) * 2", 0]
				}
			}
		}
	}
}