{
	"format_version": "1.8.0",
	"animations": {
		"animation.charizard_delta.ground_idle": {
			"loop": true,
			"bones": {
				"neck": {
					"rotation": ["5+1*(math.sin(q.anim_time*90*3)*1+1)+1*(math.sin(q.anim_time*90*3/2)*1+1)", 0, 0],
					"position": [0, "-0.05*(math.sin(q.anim_time*90*3-60)*1+1)", 0]
				},
				"neck2": {
					"rotation": [15, 0, 0]
				},
				"head_ai": {
					"rotation": [-5, 0, 0]
				},
				"tail": {
					"rotation": [20, "4*(math.sin(q.anim_time*90*3)*1)+4*(math.sin(q.anim_time*90*3/2)*1)", 0]
				},
				"tail2": {
					"rotation": [50, "6*(math.sin(q.anim_time*90*3-90)*1)+6*(math.sin(q.anim_time*90*3/2-90)*1)", 0]
				},
				"tail3": {
					"rotation": [-32.5, "6*(math.sin(q.anim_time*90*3-90)*1)+6*(math.sin(q.anim_time*90*3/2-90)*1)", 0]
				},
				"leg_left": {
					"rotation": [0, -20, 0]
				},
				"leg_right": {
					"rotation": [0, 12.5, 0]
				},
				"left_shoulder": {
					"rotation": [1.44261, 29.96852, "2.8861+2*(math.sin(q.anim_time*90*3)*1+1)"]
				},
				"left_arm": {
					"rotation": [0, 0, 12.5]
				},
				"left_arm_wing": {
					"rotation": [45, 0, 0]
				},
				"left_arm3": {
					"rotation": [-33.3055, 56.46179, -38.24671]
				},
				"left_arm4_wing": {
					"rotation": [40, 0, 0]
				},
				"left_claw2": {
					"rotation": [0, 0, 30]
				},
				"right_shoulder": {
					"rotation": [1.4426, -29.96852, "-2.8861-2*(math.sin(q.anim_time*90*3)*1+1)"]
				},
				"right_arm": {
					"rotation": [0, 0, -12.5]
				},
				"right_arm_wing": {
					"rotation": [45, 0, 0]
				},
				"right_arm3": {
					"rotation": [-33.3055, -56.46179, 38.24671]
				},
				"right_claw2": {
					"rotation": [0, 0, -30]
				},
				"right_arm4_wing": {
					"rotation": [40, 0, 0]
				},
				"torso": {
					"position": [0, "0-0.1*(math.sin(q.anim_time*90*3-90)*1+1)", 0]
				},
				"fire": {
					"rotation": [
						"6*(math.sin(q.anim_time*90*3*2-90)*1-1)+6*(math.sin(q.anim_time*90*3/2-90)*1-1)",
						0,
						"20*(math.sin(q.anim_time*90*3-150)*1-1)+6*(math.sin(q.anim_time*90*3/2-90)*1-1)"
					]
				}
			}
		},
		"animation.charizard_delta.ground_walk": {
			"loop": true,
			"bones": {
				"neck": {
					"rotation": [5, 0, 0]
				},
				"neck2": {
					"rotation": [15, 0, 0]
				},
				"head_ai": {
					"rotation": [-5, 0, 0]
				},
				"tail": {
					"rotation": [20, 0, 0]
				},
				"tail2": {
					"rotation": [50, 0, 0]
				},
				"tail3": {
					"rotation": [-32.5, 0, 0]
				},
				"leg_left": {
					"rotation": [
						"0-math.clamp(math.sin(query.anim_time*90*3*1.5+45)*20,-15,14)-math.clamp(math.sin(query.anim_time*90*3*1.5+45)*20,0,20)+math.clamp(-math.sin(query.anim_time*90*3*1.5+180)*15,5,15)-5",
						-20,
						0
					],
					"position": [
						0,
						"-math.clamp(math.sin(query.anim_time*90*3*1.5+25)*0.2,0,0.2)-math.clamp(-math.sin(query.anim_time*90*3*1.5+25)*0.4,0,0.3)+math.clamp(-math.sin(query.anim_time*90*3*1.5+25)*0.8,0.5,0.8)-math.clamp(-math.sin(query.anim_time*90*3*1.5+25+180)*0.8,0.5,0.8)",
						"-math.clamp(math.sin(query.anim_time*90*3*1.5)*0.5,-0.25,1)-math.clamp(math.sin(query.anim_time*90*3*1.5)*0.25,-0.8,0)"
					]
				},
				"leg_right": {
					"rotation": [
						"0-math.clamp(math.sin(query.anim_time*90*3*1.5+45+180)*20,-15,14)-math.clamp(math.sin(query.anim_time*90*3*1.5+45+180)*20,0,20)+math.clamp(-math.sin(query.anim_time*90*3*1.5+180*2)*15,5,15)-5",
						12.5,
						0
					],
					"position": [
						0,
						"0.2-math.clamp(math.sin(query.anim_time*90*3*1.5+25+180)*0.2,0,0.2)-math.clamp(-math.sin(query.anim_time*90*3*1.5+25+180)*0.4,0,0.3)+math.clamp(-math.sin(query.anim_time*90*3*1.5+25+180)*0.8,0.5,0.8)-math.clamp(-math.sin(query.anim_time*90*3*1.5+25+180*2)*0.8,0.5,0.8)",
						"-math.clamp(math.sin(query.anim_time*90*3*1.5+180)*0.5,-0.25,1)-math.clamp(math.sin(query.anim_time*90*3*1.5+180)*0.25,-0.8,0)"
					]
				},
				"left_shoulder": {
					"rotation": [1.44261, "29.9685-math.sin(query.anim_time*90*3*1.5)*10", "2.8861+2*(math.sin(q.anim_time*90*9)*1+1)"]
				},
				"left_arm": {
					"rotation": [0, 0, 12.5]
				},
				"left_arm_wing": {
					"rotation": [45, 0, 0]
				},
				"left_arm3": {
					"rotation": [-33.3055, 56.4618, -38.24671]
				},
				"left_arm4_wing": {
					"rotation": [40, 0, 0]
				},
				"left_claw2": {
					"rotation": [0, 0, 30]
				},
				"right_shoulder": {
					"rotation": [1.44261, "-29.9685-math.sin(query.anim_time*90*3*1.5+30)*10", "-2.8861-2*(math.sin(q.anim_time*90*9)*1+1)"]
				},
				"right_arm": {
					"rotation": [0, 0, -12.5]
				},
				"right_arm_wing": {
					"rotation": [45, 0, 0]
				},
				"right_arm3": {
					"rotation": [-33.3055, -56.4618, 38.24671]
				},
				"right_claw2": {
					"rotation": [0, 0, -30]
				},
				"right_arm4_wing": {
					"rotation": [40, 0, 0]
				},
				"body": {
					"rotation": ["math.clamp(math.sin(query.anim_time*180*3*1.5/2+20)*1,0.2,0.9)+math.clamp(-math.sin(query.anim_time*180*3*1.5/2)*1,0.2,0.9)-0.8", 0, 0],
					"position": [
						0,
						"-math.clamp(math.sin(-query.anim_time*90*3*1.5-90+45/2)*0.5,0,1)-math.clamp(math.sin(-query.anim_time*90*3*1.5-90+45/2+180)*0.5,0,1)+0.3",
						"-math.clamp(math.sin(query.anim_time*90*3*1.5+90)*0.2,0,0.2)-math.clamp(math.sin(-query.anim_time*90*3*1.5-90)*0.2,0,0.2)"
					]
				},
				"foot_left": {
					"rotation": ["math.clamp(math.sin(query.anim_time*90*3*1.5+45)*15,-14,14)+math.clamp(math.sin(query.anim_time*90*3*1.5+45)*15,0,8)", 0, 0]
				},
				"foot_right": {
					"rotation": ["math.clamp(math.sin(query.anim_time*90*3*1.5+45+180)*15,-14,14)+math.clamp(math.sin(query.anim_time*90*3*1.5+45+180)*15,0,8)", 0, 0]
				}
			}
		},
		"animation.charizard_delta.exploded": {
			"loop": true,
			"bones": {
				"neck": {
					"position": [0, 10, 0]
				},
				"tail": {
					"position": [0, 0, 13]
				},
				"tail2": {
					"position": [0, 0, 4]
				},
				"tail3": {
					"position": [0, 0, 9]
				},
				"leg_left": {
					"position": [9, 0, 0]
				},
				"leg_right": {
					"position": [-10, 0, 0]
				},
				"left_shoulder": {
					"position": [18, 0, 0]
				},
				"right_shoulder": {
					"position": [-14, 0, 0]
				},
				"eye_left": {
					"position": [12, 0, 0]
				},
				"jaw": {
					"position": [0, 0, -15]
				}
			}
		}
	}
}