{
	"format_version": "1.8.0",
	"animations": {
		"animation.cloyster_delta.ground_idle": {
			"loop": true,
			"bones": {
				"body": {
					"rotation": [-7.5, 0, 0]
				}
			}
		},
		"animation.cloyster_delta.exploded": {
			"loop": true,
			"bones": {
				"spike": {
					"position": [0, 3, -13]
				},
				"head": {
					"position": [0, 0, -10]
				},
				"lefteye": {
					"position": [0, 0, -5]
				},
				"righteye": {
					"position": [0, 0, -5]
				},
				"lefteyelid": {
					"position": [0, 0, -8]
				},
				"righteyelid": {
					"position": [0, 0, -8]
				},
				"shell_bottom": {
					"position": [0, -8, -1]
				},
				"shell_top": {
					"position": [0, 11, 0]
				},
				"shell_back": {
					"position": [0, 0, 18]
				},
				"spikes": {
					"position": [0, 19, 0]
				}
			}
		}
	}
}