{
	"format_version": "1.8.0",
	"animations": {
		"animation.furret_delta.ground_idle": {
			"loop": true,
			"bones": {
				"body": {
					"position": [0, 0, 0]
				},
				"torso": {
					"rotation": [-40, 0, 0],
					"position": [0, 0, -0.5]
				},
				"torso2": {
					"rotation": ["-40-math.cos(q.anim_time*90*3/2)*1", 0, 0],
					"position": [0, -0.5, 0]
				},
				"neck": {
					"rotation": ["12.5-math.cos(q.anim_time*90*3/2)*1", 0, 0],
					"position": [0, -0.25, 0]
				},
				"head": {
					"rotation": ["70-math.cos(q.anim_time*90*3/2)*1", 0, 0]
				},
				"tail": {
					"rotation": ["35+math.cos(q.anim_time*90*3/2)*1", 0, 0]
				},
				"tail2": {
					"rotation": [37.73802, "5.9438+math.cos(q.anim_time*90*3/2)*1", 4.58217]
				},
				"tail3": {
					"rotation": [34.13554, "-16.7656+math.cos(q.anim_time*90*3/2)*1", -11.06517]
				},
				"tail4": {
					"rotation": [22.99008, "-11.5349+math.cos(q.anim_time*90*3/2)*1", -4.8493]
				},
				"arm_left": {
					"rotation": [37.5, -50, 15],
					"position": [1, 0, 2]
				},
				"arm_left2": {
					"rotation": [12.5, 0, 0]
				},
				"arm_right": {
					"rotation": [37.5, 50, -15],
					"position": [-1, 0, 2]
				},
				"arm_right2": {
					"rotation": [12.5, 0, 0]
				},
				"leg_right": {
					"rotation": [0, 17.5, 0],
					"position": [-0.5, 0, 0]
				},
				"leg_left": {
					"rotation": [0, -17.5, 0],
					"position": [0.5, 0, 0]
				},
				"furret": {
					"scale": 1
				},
				"ear_left": {
					"rotation": ["-2.5+math.cos(q.anim_time*90*3/2-260)*4", 0, 0]
				},
				"ear_right": {
					"rotation": ["-2.5+math.cos(q.anim_time*90*3/2-260)*4", 0, 0]
				}
			}
		},
		"animation.furret.blink": {
			"animation_length": 0.1667,
			"bones": {
				"eyes_closed": {
					"position": {
						"0.0": [0, 0, -0.1],
						"0.125": [0, 0, -0.1],
						"0.1667": {"pre": [0, 0, -0.1], "post": [0, 0, 0]}
					}
				},
				"eyelid_left": {
					"position": {
						"0.0": [0, 0, -0.1],
						"0.125": [0, 0, -0.1],
						"0.1667": [0, 0, 0]
					}
				},
				"eyelid_right": {
					"position": {
						"0.0": [0, 0, -0.1],
						"0.125": [0, 0, -0.1],
						"0.1667": [0, 0, 0]
					}
				}
			}
		},
		"animation.furret.pose": {
			"loop": true,
			"bones": {
				"torso": {
					"rotation": [0, 0, 0]
				},
				"torso2": {
					"rotation": [-2.5, 0, 0]
				},
				"neck": {
					"rotation": [-17.5, 0, 0]
				},
				"head": {
					"rotation": [22.5, 0, 0]
				},
				"arm_left": {
					"rotation": [-45, 0, 0]
				},
				"arm_left2": {
					"rotation": [-30, 0, 0]
				},
				"arm_right": {
					"rotation": [-45, 0, 0]
				},
				"arm_right2": {
					"rotation": [-30, 0, 0]
				},
				"tail": {
					"rotation": [15, 0, 0]
				},
				"tail2": {
					"rotation": [15, 0, 0]
				},
				"tail3": {
					"rotation": [-10, 0, 0]
				},
				"tail4": {
					"rotation": [-15, 0, 0]
				}
			}
		},
		"animation.furret.cry": {
			"animation_length": 1.5,
			"bones": {
				"head": {
					"rotation": {
						"0.0": [0, 0, 0],
						"0.25": [-22.5, 0, 0],
						"1.25": [-22.5, 0, 0],
						"1.5": [0, 0, 0]
					}
				},
				"mouth_closed": {
					"position": {
						"0.0": [0, 0, 0],
						"0.25": {"pre": [0, 0, 0], "post": [0, 0, 0.1]},
						"1.25": {"pre": [0, 0, 0.1], "post": [0, 0, 0]}
					}
				},
				"mouth_open": {
					"position": {
						"0.0": [0, 0, 0],
						"0.25": {"pre": [0, 0, 0], "post": [0, 0, -0.1]},
						"1.25": {"pre": [0, 0, -0.1], "post": [0, 0, 0]}
					}
				}
			}
		},
		"animation.furret_delta.ground_walk": {
			"loop": true,
			"bones": {
				"torso": {
					"rotation": ["-10+math.cos(q.anim_time*90*5/2*2)*1", "0-math.cos(q.anim_time*90*5/2)*1", "0+math.cos(q.anim_time*90*5/2)*3"],
					"position": [0, "0+math.sin(q.anim_time*90*5/2*2)*0.2", 0]
				},
				"torso2": {
					"rotation": ["-2.5+math.cos(q.anim_time*90*5/2*2-60)*1/2", 0, 0]
				},
				"neck": {
					"rotation": ["-17.5-math.cos(q.anim_time*90*5/2*2-120)*1", "0+math.cos(q.anim_time*90*5/2)*2", "0-math.cos(q.anim_time*90*5/2)*3"]
				},
				"head": {
					"rotation": [35, 0, 0]
				},
				"arm_left": {
					"rotation": {
						"0.0": [-4.33, -5, 0],
						"0.375": ["12.5-math.sin(q.anim_time*90*5/2)*40", -5, 0],
						"1.1667": ["-17.5-math.sin(q.anim_time*90*5/2)*40", -5, 0],
						"1.9583": ["12.5-math.sin(q.anim_time*90*5/2)*40", -5, 0],
						"2.375": ["-17.5-math.sin(q.anim_time*90*5/2)*40", -5, 0],
						"2.8333": ["-17.5-math.sin(q.anim_time*90*5/2)*40", -5, 0],
						"3.625": ["12.5-math.sin(q.anim_time*90*5/2)*40", -5, 0],
						"4.4167": ["-17.5-math.sin(q.anim_time*90*5/2)*40", -5, 0],
						"4.7917": [-4.33, -5, 0]
					},
					"position": {
						"0.0": [0.5, 1.14, "0-math.sin(q.anim_time*90*5/2)*1"],
						"0.375": [0.5, "-0.4+math.clamp(math.cos(q.anim_time*90*5/2)*3/2,0,20)", "0-math.sin(q.anim_time*90*5/2)*1"],
						"1.1667": [0.4543, "-0.6495+math.clamp(math.cos(q.anim_time*90*5/2)*3/2,0,20)", "1.245-math.sin(q.anim_time*90*5/2)*1"],
						"1.9583": [0.5, "-0.4+math.clamp(math.cos(q.anim_time*90*5/2)*3/2,0,20)", "0-math.sin(q.anim_time*90*5/2)*1"],
						"2.375": [0.4854, "0.0102+math.clamp(math.cos(q.anim_time*90*5/2)*3/2,0,20)", "0.6-math.sin(q.anim_time*90*5/2)*1"],
						"2.8333": [0.4543, "-0.6495+math.clamp(math.cos(q.anim_time*90*5/2)*3/2,0,20)", "1.245-math.sin(q.anim_time*90*5/2)*1"],
						"3.625": [0.5, "0+math.clamp(math.cos(q.anim_time*90*5/2)*3/2,0,20)", "0-math.sin(q.anim_time*90*5/2)*1"],
						"4.4167": [0.4543, "-0.6495+math.clamp(math.cos(q.anim_time*90*5/2)*3/2,0,20)", "1.245-math.sin(q.anim_time*90*5/2)*1"],
						"4.7917": [0.5, 1.14, "0-math.sin(q.anim_time*90*5/2)*1"]
					}
				},
				"arm_left2": {
					"rotation": {
						"0.0": [-49.88, 0, 0],
						"0.0417": [-52.25, 0, 0],
						"0.3333": ["-25+math.sin(q.anim_time*90*5/2)*20", 0, 0],
						"0.75": [-49.94, 0, 0],
						"0.875": [-51.54, 0, 0],
						"1.0": [-44.39, 0, 0],
						"1.125": [-47.24, 0, 0],
						"1.1667": ["-27.5+math.sin(q.anim_time*90*5/2)*20", 0, 0],
						"1.625": [-52.25, 0, 0],
						"1.9167": ["-25+math.sin(q.anim_time*90*5/2)*20", 0, 0],
						"2.375": ["-35+math.sin(q.anim_time*90*5/2)*20", 0, 0],
						"2.4167": ["-35+math.sin(q.anim_time*90*5/2)*20", 0, 0],
						"2.8333": ["-27.5+math.sin(q.anim_time*90*5/2)*20", 0, 0],
						"3.2917": [-52.25, 0, 0],
						"3.5833": ["-25+math.sin(q.anim_time*90*5/2)*20", 0, 0],
						"4.0": [-49.94, 0, 0],
						"4.125": [-51.54, 0, 0],
						"4.25": [-44.39, 0, 0],
						"4.375": [-47.24, 0, 0],
						"4.4167": ["-27.5+math.sin(q.anim_time*90*5/2)*20", 0, 0],
						"4.7917": [-49.88, 0, 0]
					}
				},
				"arm_right": {
					"rotation": {
						"0.0": ["-17.5+math.sin(q.anim_time*90*5/2)*40", 5, 0],
						"0.4167": ["-17.5+math.sin(q.anim_time*90*5/2)*40", 5, 0],
						"1.2083": ["12.5+math.sin(q.anim_time*90*5/2)*40", 5, 0],
						"2.0": ["-17.5+math.sin(q.anim_time*90*5/2)*40", 5, 0],
						"2.7917": ["12.5+math.sin(q.anim_time*90*5/2)*40", 5, 0],
						"3.5833": ["-17.5+math.sin(q.anim_time*90*5/2)*40", 5, 0],
						"4.375": ["12.5+math.sin(q.anim_time*90*5/2)*40", 5, 0],
						"4.7917": ["-17.5+math.sin(q.anim_time*90*5/2)*40", 5, 0]
					},
					"position": {
						"0.0": [-0.5, "0+math.clamp(math.cos(q.anim_time*90*5/2-180)*3/2,0,20)", "0+math.sin(q.anim_time*90*5/2)*1"],
						"0.4167": [-0.53733, "-0.6716+math.clamp(math.cos(q.anim_time*90*5/2-180)*3/2,0,20)", "0.9964+math.sin(q.anim_time*90*5/2)*1"],
						"1.2083": [-0.5, "0+math.clamp(math.cos(q.anim_time*90*5/2-180)*3/2,0,20)", "0+math.sin(q.anim_time*90*5/2)*1"],
						"2.0": [-0.53733, "-0.6716+math.clamp(math.cos(q.anim_time*90*5/2-180)*3/2,0,20)", "0.9964+math.sin(q.anim_time*90*5/2)*1"],
						"2.7917": [-0.5, "0+math.clamp(math.cos(q.anim_time*90*5/2-180)*3/2,0,20)", "0+math.sin(q.anim_time*90*5/2)*1"],
						"3.5833": [-0.53733, "-0.6716+math.clamp(math.cos(q.anim_time*90*5/2-180)*3/2,0,20)", "0.9964+math.sin(q.anim_time*90*5/2)*1"],
						"4.375": [-0.5, "0+math.clamp(math.cos(q.anim_time*90*5/2-180)*3/2,0,20)", "0+math.sin(q.anim_time*90*5/2)*1"],
						"4.7917": [-0.5, "0+math.clamp(math.cos(q.anim_time*90*5/2-180)*3/2,0,20)", "0+math.sin(q.anim_time*90*5/2)*1"]
					}
				},
				"arm_right2": {
					"rotation": {
						"0.0": ["-35-math.sin(q.anim_time*90*5/2)*20", 0, 0],
						"0.4167": ["-27.5-math.sin(q.anim_time*90*5/2)*20", 0, 0],
						"0.875": [-52.25, 0, 0],
						"1.1667": ["-25-math.sin(q.anim_time*90*5/2)*20", 0, 0],
						"1.5833": [-49.94, 0, 0],
						"1.7083": [-51.54, 0, 0],
						"1.8333": [-44.39, 0, 0],
						"1.9583": [-47.24, 0, 0],
						"2.0": ["-27.5-math.sin(q.anim_time*90*5/2)*20", 0, 0],
						"2.4583": [-52.25, 0, 0],
						"2.75": ["-25-math.sin(q.anim_time*90*5/2)*20", 0, 0],
						"3.1667": [-49.94, 0, 0],
						"3.2917": [-51.54, 0, 0],
						"3.4167": [-44.39, 0, 0],
						"3.5417": [-47.24, 0, 0],
						"3.5833": ["-27.5-math.sin(q.anim_time*90*5/2)*20", 0, 0],
						"4.0417": [-52.25, 0, 0],
						"4.3333": ["-25-math.sin(q.anim_time*90*5/2)*20", 0, 0],
						"4.7917": ["-35-math.sin(q.anim_time*90*5/2)*20", 0, 0]
					}
				},
				"tail": {
					"rotation": ["15-math.cos(q.anim_time*90*5/2*2-120)*1", 0, 0]
				},
				"tail2": {
					"rotation": ["15-math.cos(q.anim_time*90*5/2*2-120)*1", 0, 0]
				},
				"tail3": {
					"rotation": ["-10-math.cos(q.anim_time*90*5/2*2-120)*1", 0, 0]
				},
				"tail4": {
					"rotation": ["-15-math.cos(q.anim_time*90*5/2*2-120)*1", 0, 0]
				},
				"ear_left": {
					"rotation": ["0-math.cos(q.anim_time*90*5/2*2-120)*2", 0, "0-math.cos(q.anim_time*90*5/2*2-120)*5"]
				},
				"ear_right": {
					"rotation": ["0+math.cos(q.anim_time*90*5/2*2-120)*2", 0, "0+math.cos(q.anim_time*90*5/2*2-120)*5"]
				},
				"leg_left": {
					"rotation": ["0+math.cos(q.anim_time*90*5/2*2)*20", 0, 0],
					"position": [0, 0, 5]
				},
				"leg_right": {
					"rotation": ["0+math.cos(q.anim_time*90*5/2*2)*20", 0, 0],
					"position": [0, 0, 5]
				}
			}
		}
	}
}