{
	"format_version": "1.8.0",
	"animations": {
		"animation.gorochu.ground_walk": {
			"loop": true,
			"bones": {
				"body": {
					"position": [0, "0 - (12/15) + math.abs(math.sin(((query.anim_time) - (1/3)) * 90 * 3) * (12/15))", 0]
				},
				"torso": {
					"rotation": [0, "0 - math.sin(((query.anim_time) - (0.25/3)) * 90 * 3) * 4", 0]
				},
				"head": {
					"rotation": ["0 - math.sin(((query.anim_time) - (0.25/3)) * 180 * 3) * 2", "math.sin(((query.anim_time) - (0.5/3)) * 90 * 3) * (4 * 1.5)", 0],
					"position": [0, 0, "0 - (0 / 10)"]
				},
				"arm_left": {
					"rotation": [15, "10 - math.sin(((query.anim_time) - (0.5/3)) * 90 * 3) * 8", 40]
				},
				"arm_left2": {
					"rotation": [0, "30+math.clamp(math.sin(((query.anim_time) + (0.75/3)) * 90 * 3) * 8, 0, 8)", 0]
				},
				"arm_right": {
					"rotation": [15, "-10 - math.sin(((query.anim_time) - (0.5/3)) * 90 * 3) * 8", -40]
				},
				"arm_right2": {
					"rotation": [0, "-30 - math.clamp(math.sin(((query.anim_time) - (0.75/3)) * 90 * 3) * 8, 0, 8)", 0]
				},
				"torso2": {
					"rotation": [0, "0 - math.sin(((query.anim_time) - (0.5/3)) * 90 * 3) * 4", 0]
				},
				"leg_left": {
					"rotation": [
						"0 -math.sin((query.anim_time) * 90 * 3) * 12",
						0,
						"0 - 0 + (math.clamp((math.sin(((query.anim_time - (1.75 / 3))) * 180 * 3) * 1) - math.clamp((math.sin(((query.anim_time - (1.75 / 3))) * 90 * 3) * 2), 0, 1), 0, 1)) * 0"
					],
					"position": [0, "math.clamp(math.sin(((query.anim_time) + (1/3)) * 90 * 3) * 1, 0, 1)", 0]
				},
				"leg_left2": {
					"rotation": ["0 - math.clamp(math.sin(((query.anim_time) - (0.75/3)) * 90 * 3) * 0, -0, 0)", 0, 0]
				},
				"leg_right": {
					"rotation": [
						"math.sin((query.anim_time) * 90 * 3) * 12",
						0,
						"0 - (math.clamp((math.sin(((query.anim_time + (0.25 / 3))) * 180 * 3) * 1) - math.clamp((math.sin(((query.anim_time + (0.25 / 3))) * 90 * 3) * 2), 0, 1), 0, 1)) * 0"
					],
					"position": [0, "math.clamp(math.sin(((query.anim_time) - (1/3)) * 90 * 3) * 1, 0, 1)", 0]
				},
				"leg_right2": {
					"rotation": ["math.clamp(math.sin(((query.anim_time) - (0.75/3)) * 90 * 3) * 0, 0, 0)", 0, 0]
				},
				"foot_left": {
					"rotation": ["0 - math.clamp(math.sin(((query.anim_time) - (0.75/3)) * 90 * 3) * 0, -0, 0)", 0, 0]
				},
				"foot_right": {
					"rotation": ["math.clamp(math.sin(((query.anim_time) - (0.75/3)) * 90 * 3) * 0, 0, 0)", 0, 0]
				},
				"hand_right": {
					"rotation": [0, 0, 0]
				},
				"hand_left": {
					"rotation": [0, 0, 0]
				},
				"tail": {
					"rotation": [18, "8*(math.sin(q.anim_time*104*3)*1)+2*(math.sin(q.anim_time*104*2/2)*1)", 0]
				},
				"tail2": {
					"rotation": [20, "6*(math.sin(q.anim_time*104*3-104)*1)+2*(math.sin(q.anim_time*104*2/2-104)*1)", 0]
				},
				"tail3": {
					"rotation": [40, "0+6*(math.sin(q.anim_time*104*3-104)*1)+2*(math.sin(q.anim_time*104*2/2-104)*1)", 0]
				},
				"tail4": {
					"rotation": [15, "6*(math.sin(q.anim_time*104*3-104)*1)+2*(math.sin(q.anim_time*104*2/2-104)*1)", 0]
				}
			}
		},
		"animation.gorochu.ground_idle": {
			"loop": true,
			"bones": {
				"body": {
					"position": [0, "0 - (0/1) + math.abs(math.sin(((query.anim_time) - (1/2)) * 90 * 2) * (0/1))", 0]
				},
				"torso": {
					"rotation": [0, "1 - math.sin(((query.anim_time) - (0.25/2)) * 90 * 2) * 4", 0]
				},
				"head": {
					"rotation": ["1*(math.sin(q.anim_time*90*4)*1+0)", "math.sin(((query.anim_time) - (0.5/2)) * 90 * 2) * (2 * 1.5)", 0],
					"position": [0, 0, "0 - (0 / 10)"]
				},
				"arm_left": {
					"rotation": [15, "10 - math.sin(((query.anim_time) - (0.5/2)) * 90 * 2) * 2", 40]
				},
				"arm_left2": {
					"rotation": [0, "30+math.clamp(math.sin(((query.anim_time) + (0.75/2)) * 90 * 2) * 2, 0, 2)", 0]
				},
				"arm_right": {
					"rotation": [15, "-10 - math.sin(((query.anim_time) - (0.5/2)) * 90 * 2) * 2", -40]
				},
				"arm_right2": {
					"rotation": [0, "-30 - math.clamp(math.sin(((query.anim_time) - (0.75/2)) * 90 * 2) * 2, 0, 2)", 0]
				},
				"torso2": {
					"rotation": [0, "0 - math.sin(((query.anim_time) - (0.5/2)) * 90 * 2) * 2", 0]
				},
				"leg_left": {
					"rotation": [
						"0 -math.sin((query.anim_time) * 90 * 2) * 0",
						0,
						"0 - 0 + (math.clamp((math.sin(((query.anim_time - (1.75 / 2))) * 180 * 2) * 1) - math.clamp((math.sin(((query.anim_time - (1.75 / 2))) * 90 * 2) * 2), 0, 1), 0, 1)) * 0"
					],
					"position": [0, "math.clamp(math.sin(((query.anim_time) + (1/2)) * 90 * 2) * 0, 0, 0)", 0]
				},
				"leg_left2": {
					"rotation": ["0 - math.clamp(math.sin(((query.anim_time) - (0.75/2)) * 90 * 2) * 0, -0, 0)", 0, 0]
				},
				"leg_right": {
					"rotation": [
						"math.sin((query.anim_time) * 90 * 2) * 0",
						0,
						"0 - (math.clamp((math.sin(((query.anim_time + (0.25 / 2))) * 180 * 2) * 1) - math.clamp((math.sin(((query.anim_time + (0.25 / 2))) * 90 * 2) * 2), 0, 1), 0, 1)) * 0"
					],
					"position": [0, "math.clamp(math.sin(((query.anim_time) - (1/2)) * 90 * 2) * 0, 0, 0)", 0]
				},
				"leg_right2": {
					"rotation": ["math.clamp(math.sin(((query.anim_time) - (0.75/2)) * 90 * 2) * 0, 0, 0)", 0, 0]
				},
				"foot_left": {
					"rotation": ["0 - math.clamp(math.sin(((query.anim_time) - (0.75/2)) * 90 * 2) * 0, -0, 0)", 0, 0]
				},
				"foot_right": {
					"rotation": ["math.clamp(math.sin(((query.anim_time) - (0.75/2)) * 90 * 2) * 0, 0, 0)", 0, 0]
				},
				"hand_right": {
					"rotation": [0, 0, 0]
				},
				"hand_left": {
					"rotation": [0, 0, 0]
				},
				"tail": {
					"rotation": [18, "5*(math.sin(q.anim_time*48*3)*1)+7*(math.sin(q.anim_time*48*4/2)*1)", 0]
				},
				"tail2": {
					"rotation": [20, "6*(math.sin(q.anim_time*48*3-48)*1)+7*(math.sin(q.anim_time*48*4/2-48)*1)", 0]
				},
				"tail3": {
					"rotation": [40, "0+10*(math.sin(q.anim_time*48*3-48)*1)+7*(math.sin(q.anim_time*48*4/2-48)*1)", 0]
				},
				"tail4": {
					"rotation": [15, "6*(math.sin(q.anim_time*48*3-48)*1)+7*(math.sin(q.anim_time*48*4/2-48)*1)", 0]
				}
			}
		},
		"animation.gorochu.sleep": {
			"animation_length": 0.16667,
			"bones": {
				"body": {
					"rotation": [85, 0, 0],
					"position": [0, 3, 10]
				},
				"torso": {
					"position": [0, 0, -0.25]
				},
				"head": {
					"rotation": [-45.31509, -18.15489, 17.48614]
				},
				"tail": {
					"rotation": [-75.21783, 2.57594, -9.6658]
				},
				"tail2": {
					"rotation": [-7.5, 27.5, 0]
				},
				"tail3": {
					"rotation": [-3.44747, 28.33148, 6.70996]
				},
				"tail4": {
					"rotation": [-5.20964, 31.57686, 9.78426]
				},
				"arm_right": {
					"rotation": [-88.69922, -27.47162, 87.18203]
				},
				"arm_right2": {
					"rotation": [0, -30, 17.5]
				},
				"arm_left": {
					"rotation": [-92.85945, 17.49027, -95.18452]
				},
				"arm_left2": {
					"rotation": [5, 20, 0]
				},
				"leg_right": {
					"rotation": [-6.19922, 27.47162, 2.81797],
					"position": [-0.75, 0, 0.25]
				},
				"foot_right": {
					"rotation": [44.09531, 22.52101, 20.36057]
				},
				"leg_left": {
					"rotation": [-7.42221, -32.95745, 2.85465],
					"position": [0.75, 0, 0.25]
				},
				"foot_left": {
					"rotation": [46.07183, -23.26451, -8.26602]
				},
				"eyelid_left": {
					"position": {
						"0.0": [0, 0, -0.1],
						"0.125": [0, 0, -0.1],
						"0.1667": [0, 0, 0]
					}
				},
				"eyelid_right": {
					"position": {
						"0.0": [0, 0, -0.1],
						"0.125": [0, 0, -0.1],
						"0.1667": [0, 0, 0]
					}
				}
			}
		},
		"animation.gorochu.blink": {
			"animation_length": 0.16667,
			"bones": {
				"eyelid_left": {
					"position": {
						"0.0": [0, 0, -0.1],
						"0.125": [0, 0, -0.1],
						"0.1667": [0, 0, 0]
					}
				},
				"eyelid_right": {
					"position": {
						"0.0": [0, 0, -0.1],
						"0.125": [0, 0, -0.1],
						"0.1667": [0, 0, 0]
					}
				}
			}
		}
	}
}