{
	"format_version": "1.8.0",
	"animations": {
		"animation.infernape_delta_mega.ground_idle": {
			"loop": true,
			"bones": {
				"torso": {
					"rotation": ["10 - math.sin((query.anim_time + 0.6) * 90 * 2) * -1.5", 0, 0],
					"position": [0, "0 - math.sin((query.anim_time + 0.3) * 90 * 2) * 0.3", 0]
				},
				"torso_ruff_back": {
					"rotation": ["5 - math.sin((query.anim_time + 0.2) * 90 * 2) * -3", 0, 0]
				},
				"torso_ruff_back2": {
					"rotation": [-25, 0, 0]
				},
				"chest": {
					"rotation": [27.5, 0, 0],
					"position": [0, -0.58811, -0.11887]
				},
				"neck": {
					"rotation": ["22.5 - math.sin((query.anim_time + 0.8) * 90 * 2) * 2.5", 0, 0]
				},
				"head": {
					"rotation": [-55, 0, 0]
				},
				"arm_right": {
					"rotation": [6.19395, -28.47015, "-51.6716 - math.sin((query.anim_time + 0.2) * 90 * 2) * 2"],
					"position": [0, 0, 0.9]
				},
				"arm_right2": {
					"rotation": [-6.31274, -31.94715, "11.8087 - math.sin((query.anim_time + 0.4) * 90 * 2) * 3"]
				},
				"finger_right_thumb": {
					"rotation": [0.32902, -7.49282, -27.52154]
				},
				"finger_right_thumb2": {
					"rotation": [0, 32.5, 0]
				},
				"finger_right_index": {
					"rotation": [0, 0, -40]
				},
				"finger_right_index2": {
					"rotation": [0, 0, -65]
				},
				"finger_right_middle": {
					"rotation": [0, 0, -37.5]
				},
				"finger_right_middle2": {
					"rotation": [0, 0, -62.5]
				},
				"finger_right_ring": {
					"rotation": [0, 0, -40]
				},
				"finger_right_ring2": {
					"rotation": [0, 0, -57.5]
				},
				"finger_right_pinkie": {
					"rotation": [0, 0, -45]
				},
				"finger_right_pinkie2": {
					"rotation": [0, 0, -55]
				},
				"arm_left": {
					"rotation": [5.83141, 21.01125, "50.8072 - math.sin((query.anim_time + 0.2) * 90 * 2) * -2"],
					"position": [0, 0, 0.8]
				},
				"arm_left2": {
					"rotation": [-6.31274, 31.94715, "-11.8087 - math.sin((query.anim_time + 0.4) * 90 * 2) * -3"]
				},
				"finger_left_thumb": {
					"rotation": [0, 0, 42.5]
				},
				"finger_left_thumb2": {
					"rotation": [0, -57.5, 0]
				},
				"finger_left_index": {
					"rotation": [0, 0, 37.5]
				},
				"finger_left_index2": {
					"rotation": [0, 0, 70]
				},
				"finger_left_middle": {
					"rotation": [0, 0, 40]
				},
				"finger_left_middle2": {
					"rotation": [0, 0, 65]
				},
				"finger_left_ring": {
					"rotation": [0, 0, 32.5]
				},
				"finger_left_ring2": {
					"rotation": [0, 0, 65]
				},
				"finger_left_pinkie": {
					"rotation": [0, 0, 35]
				},
				"finger_left_pinkie2": {
					"rotation": [0, 0, 52.5]
				},
				"tail": {
					"rotation": ["7.9304 - math.cos((query.anim_time + 0.8) * 90 * 2) * 2", 5.25691, -2.10352]
				},
				"tail2": {
					"rotation": ["10.1121 - math.cos((query.anim_time + 0.6) * 90 * 2) * 8", -0.23198, -2.19469]
				},
				"tail3": {
					"rotation": ["7.6457 - math.cos((query.anim_time + 0.4) * 90 * 2) * 8", -1.61525, -1.85723]
				},
				"tail4": {
					"rotation": ["10.0794 - math.cos((query.anim_time + 0.2) * 90 * 2) * 14", -1.28962, -0.70166]
				},
				"tail5": {
					"rotation": ["4.9634 - math.cos((query.anim_time + 0) * 90 * 2) * 16", 1.73274, 1.39979]
				},
				"leg_right": {
					"rotation": [-44.50786, "20.4667 - math.sin((query.anim_time + 0.4) * 90 * 2) * -1", 5.38247],
					"position": [0, 0, 0.75]
				},
				"leg_right2": {
					"rotation": [77.5, 0, 0]
				},
				"foot_right": {
					"rotation": [-30.01589, "-1.779 - math.sin((query.anim_time + 0.4) * 90 * 2) * 1", "-1.7816+math.sin((query.anim_time+0.4) * 90 * 2) *1"]
				},
				"toes_right": {
					"rotation": [-5, 0, 0]
				},
				"leg_left": {
					"rotation": [-51.7516, "-32.4264 - math.sin((query.anim_time + 0.4) * 90 * 2) * 1", -2.19931]
				},
				"leg_left2": {
					"rotation": [77.5, 0, 0]
				},
				"foot_left": {
					"rotation": [-22.5, "- math.sin((query.anim_time + 0.4) * 90 * 2) * -1", "math.sin((query.anim_time+0.4) * 90 * 2) *-0.6"],
					"position": ["math.sin((query.anim_time+0.4) * 90 * 2) *-0.06", 0, 0]
				},
				"toes_left": {
					"rotation": [-5, 0, 0]
				},
				"arm_right_shoulder_armor_plate": {
					"rotation": [0, 0, 17.5]
				},
				"hand_right": {
					"rotation": [0, 0, -22.5]
				},
				"arm_left_shoulder_armor_plate": {
					"rotation": [-7.38206, -1.08089, -12.45392]
				},
				"hand_left": {
					"rotation": [0, 0, 12.5]
				},
				"torso_ruff_right": {
					"rotation": [0, 0, "5 - math.sin((query.anim_time + 0.4) * 90 * 2) * -6"]
				},
				"torso_ruff_front": {
					"rotation": ["-7.5 - math.sin((query.anim_time + 0.4) * 90 * 2) * 6", 0, 0]
				},
				"torso_ruff_left": {
					"rotation": [0, 0, "-5 - math.sin((query.anim_time + 0.4) * 90 * 2) * 6"]
				},
				"body": {
					"position": [0, -7.35, 0]
				},
				"head_angle": {
					"rotation": [5, 0, 0]
				},
				"staff": {
					"position": [0, 0, 12]
				},
				"staff6": {
					"rotation": [0, 0, 0]
				}
			}
		},
		"animation.infernape_delta_mega.ground_walk": {
			"loop": true,
			"animation_length": 1,
			"bones": {
				"body": {
					"position": [0, "-1 - math.sin((query.anim_time + 0.6) * 90 * 8) * -0.5", 0]
				},
				"waist": {
					"rotation": [15, "0- math.sin((query.anim_time + 0.4) * 90 * 4) * 12", 0]
				},
				"torso": {
					"rotation": ["5 - math.sin((query.anim_time + 0) * 90 * 8) * 1.5", "0 - math.sin((query.anim_time + 0) * 90 * 4) * 3", 0],
					"position": [0, "0 - math.sin((query.anim_time + 0.6) * 90 * 8) * -0.2", 0]
				},
				"chest": {
					"rotation": [32.5, 0, 0],
					"position": [0, -0.75, 0]
				},
				"head": {
					"rotation": [
						"-35 - math.sin((query.anim_time + 0.2) * 90 * 8) * 2",
						"- math.sin((query.anim_time + 0.4) * 90 * 4) * -8",
						"0 - math.sin((query.anim_time + 0.4) * 90 * 4) * 6"
					]
				},
				"arm_right": {
					"rotation": [8.72312, "-47.0227- math.sin((query.anim_time + 0.4) * 90 * 4) * 8", -39.75561],
					"position": [-1, 0, 0]
				},
				"arm_right_shoulder_armor_plate": {
					"rotation": [0, 0, 12.5]
				},
				"arm_right2": {
					"rotation": [4.26497, "-34.9238- math.sin((query.anim_time + 0.2) * 90 * 4) * 12", -5.78459]
				},
				"finger_right_thumb": {
					"rotation": [22.5, 0, -35]
				},
				"finger_right_thumb2": {
					"rotation": [-1.74942, 34.96182, -3.05099]
				},
				"finger_right_index": {
					"rotation": [0, 0, -27.5]
				},
				"finger_right_index2": {
					"rotation": [5, 0, -47.5]
				},
				"finger_right_middle": {
					"rotation": [0, 0, -22.5]
				},
				"finger_right_middle2": {
					"rotation": [0, 0, -52.5]
				},
				"finger_right_ring": {
					"rotation": [0, 0, -22.5]
				},
				"finger_right_ring2": {
					"rotation": [0, 0, -52.5]
				},
				"finger_right_pinkie": {
					"rotation": [0, 0, -27.5]
				},
				"finger_right_pinkie2": {
					"rotation": [-2.5, 0, -57.5]
				},
				"arm_left": {
					"rotation": [8.72312, "47.0227 - math.sin((query.anim_time + 0.4) * 90 * 4) * 8", 39.75561],
					"position": [1, 0, 0]
				},
				"arm_left_shoulder_armor_plate": {
					"rotation": [0, 0, -12.5]
				},
				"arm_left2": {
					"rotation": [4.26497, "34.9238 - math.sin((query.anim_time + 0.2) * 90 * 4) * 12", 5.78459]
				},
				"hand_left": {
					"rotation": [5, 0, 22.5]
				},
				"finger_left_thumb": {
					"rotation": [22.5, 0, 35]
				},
				"finger_left_thumb2": {
					"rotation": [-1.74942, -34.96182, 3.05099]
				},
				"finger_left_index": {
					"rotation": [0, 0, 27.5]
				},
				"finger_left_index2": {
					"rotation": [5, 0, 47.5]
				},
				"finger_left_middle": {
					"rotation": [0, 0, 22.5]
				},
				"finger_left_middle2": {
					"rotation": [0, 0, 52.5]
				},
				"finger_left_ring": {
					"rotation": [0, 0, 22.5]
				},
				"finger_left_ring2": {
					"rotation": [0, 0, 52.5]
				},
				"finger_left_pinkie": {
					"rotation": [0, 0, 27.5]
				},
				"finger_left_pinkie2": {
					"rotation": [-2.5, 0, 57.5]
				},
				"tail": {
					"rotation": ["2.5 - math.cos((query.anim_time + 0.8) * 90 * 8) * 2", "- math.sin((query.anim_time + 0.4) * 90 * 4) * 6", 0]
				},
				"tail3": {
					"rotation": ["15 - math.cos((query.anim_time + 0.8) * 90 * 8) * 2", "0 - math.sin((query.anim_time + 0) * 90 * 4) * 14", 0]
				},
				"tail4": {
					"rotation": ["12.5 - math.cos((query.anim_time + 0.8) * 90 * 8) * 1", "0 - math.sin((query.anim_time + 0) * 90 * 4) * 14", 0]
				},
				"tail5": {
					"rotation": [12.5, 0, 0]
				},
				"leg_right": {
					"rotation": ["1.33+25*math.sin((query.anim_time) * 90 * 4+210)", 13.75, 19.56]
				},
				"leg_right2": {
					"rotation": {
						"0.0": [9.43537, -0.81987, -10.75211],
						"0.2083": [14.4706, 0.00183, -15.6843],
						"0.4583": [16.9706, 0.00183, -15.6843],
						"0.625": [41.9706, 0.00183, -15.6843],
						"0.75": [54.4706, 0.00183, -15.6843],
						"1.0": [9.43537, -0.81987, -10.75211]
					}
				},
				"foot_right": {
					"rotation": {
						"0.0": [-5.33025, -1.75223, 5.526],
						"0.1667": [12.6735, -2.8631, -6.93488],
						"0.3333": [-2.3265, -2.8631, -6.93488],
						"0.7083": [12.6735, -2.8631, -6.93488],
						"1.0": [-5.33025, -1.75223, 5.526]
					}
				},
				"toes_right": {
					"rotation": {
						"0.0": [0, 0, 0],
						"0.3333": [-2.5, 0, 0],
						"0.5": [-25, 0, 0],
						"0.7917": [17.5, 0, 0],
						"1.0": [0, 0, 0]
					}
				},
				"leg_left": {
					"rotation": ["1.33+25*math.sin((query.anim_time) * 90 * 4+50)", -13.75, -19.56]
				},
				"leg_left2": {
					"rotation": {
						"0.0": [23.22, 0, 15.68],
						"0.125": [41.9706, -0.00183, 15.6843],
						"0.25": [54.4706, -0.00183, 15.6843],
						"0.5": [9.43537, 0.81987, 10.75211],
						"0.7083": [14.4706, -0.00183, 15.6843],
						"0.875": [16.9706, -0.00183, 15.6843],
						"1.0": [23.22, 0, 15.68]
					}
				},
				"foot_left": {
					"rotation": {
						"0.0": [4.34, 2.86, 6.93],
						"0.2083": [12.6735, 2.8631, 6.93488],
						"0.5": [-5.33025, 1.75223, -5.526],
						"0.6667": [12.6735, 2.8631, 6.93488],
						"0.8333": [-2.3265, 2.8631, 6.93488],
						"1.0": [4.34, 2.86, 6.93]
					}
				},
				"toes_left": {
					"rotation": {
						"0.0": [-25, 0, 0],
						"0.2917": [17.5, 0, 0],
						"0.5": [0, 0, 0],
						"0.8333": [-2.5, 0, 0],
						"1.0": [-25, 0, 0]
					}
				},
				"torso_ruff_front": {
					"rotation": ["-7.5 - math.sin((query.anim_time + 0) * 90 * 8) * 6", 0, "- math.sin((query.anim_time + 0) * 90 * 4) * -6"]
				},
				"staff": {
					"position": [0, 0, 6]
				}
			}
		},
		"animation.infernape_delta_mega.ground_run": {
			"loop": true,
			"animation_length": 0.5,
			"bones": {
				"body": {
					"rotation": ["77.5 - math.sin((query.anim_time + 0) * 90 * 8) * 10.5", 0, 0],
					"position": {
						"0.0": [0, "11 - math.sin((query.anim_time + 0) * 90 * 8) * -3", 22],
						"0.375": [0, "15 - math.sin((query.anim_time + 0) * 90 * 8) * -3", 22],
						"0.5": [0, "11 - math.sin((query.anim_time + 0) * 90 * 8) * -3", 22]
					}
				},
				"torso": {
					"rotation": ["0 - math.sin((query.anim_time + 0.5) * 90 * 8) * 12", "0 - math.sin((query.anim_time + 0.5) * 90 * 8) * 8", 0],
					"position": [0, 0, 0]
				},
				"torso_ruff_back": {
					"rotation": [-5, 0, 0]
				},
				"torso_ruff_back2": {
					"rotation": [-40, 0, 0]
				},
				"chest": {
					"rotation": ["5 - math.sin((query.anim_time + 0.8) * 90 * 8) * 32", 0, 0]
				},
				"neck": {
					"rotation": [-5, 0, 0]
				},
				"head": {
					"rotation": ["-35 - math.sin((query.anim_time + 0.42) * 90 * 8) * -22", 0, 0]
				},
				"arm_left": {
					"rotation": {
						"0.0": [43.91882, 50.14096, 67.33775],
						"0.125": [36.75374, 25.5444, 68.33781],
						"0.2917": [-61.44218, 63.89744, -56.86738],
						"0.4167": [-59.13207, 70.52555, -48.023],
						"0.4583": [-14.74229, 75.0803, 2.01051],
						"0.5": [43.91882, 50.14096, 67.33775]
					},
					"position": {
						"0.0": [1, -1, 0],
						"0.4167": [1, -1, 2],
						"0.5": [1, -1, 0]
					}
				},
				"arm_left2": {
					"rotation": {
						"0.0": [-6.63414, 21.56744, -72.45465],
						"0.125": [1.22534, 8.97355, -8.42013],
						"0.2083": [0, 25, 2.5],
						"0.2917": [8.29627, 3.03415, -11.37146],
						"0.375": [12.5, 12.5, -60],
						"0.4583": [-6.00208, 17.58102, -86.69027],
						"0.5": [-6.63414, 21.56744, -72.45465]
					}
				},
				"finger_left_thumb": {
					"rotation": {
						"0.0": [0, 57.5, 25],
						"0.125": [0, 40, 25],
						"0.2917": [0, 40, 25],
						"0.4167": [0, 57.5, 25]
					}
				},
				"finger_left_index": {
					"rotation": {
						"0.125": [-1.75378, 9.84655, -10.15108],
						"0.2917": [-1.75378, 9.84655, -10.15108]
					}
				},
				"finger_left_middle2": {
					"rotation": {
						"0.0": [0, 0, -7.5],
						"0.125": [0, 0, 10],
						"0.2917": [0, 0, 10],
						"0.4167": [0, 0, -7.5]
					}
				},
				"finger_left_ring": {
					"rotation": {
						"0.0": [1.50701, -4.76804, -5.06274],
						"0.125": [0, -5, 12.5],
						"0.2917": [0, -5, 12.5],
						"0.4167": [1.50701, -4.76804, -5.06274]
					}
				},
				"finger_left_ring2": {
					"rotation": {
						"0.0": [0, 0, -7.5],
						"0.125": [0, 0, 17.5],
						"0.2917": [0, 0, 17.5],
						"0.4167": [0, 0, -7.5]
					}
				},
				"finger_left_pinkie": {
					"rotation": {
						"0.0": [-2.14506, -12.26002, -12.68754],
						"0.125": [-8.03513, -9.53274, 17.75313],
						"0.2917": [-8.03513, -9.53274, 17.75313],
						"0.4167": [-2.14506, -12.26002, -12.68754]
					}
				},
				"finger_left_pinkie2": {
					"rotation": {
						"0.0": [0, 0, 2.5],
						"0.125": [0, 0, 27.5],
						"0.2917": [0, 0, 27.5],
						"0.4167": [0, 0, 2.5]
					}
				},
				"tail": {
					"rotation": ["-70 - math.cos((query.anim_time + 0.2) * 90 * 8) * -2", 0, 0]
				},
				"tail2": {
					"rotation": ["0 - math.cos((query.anim_time + 0.3) * 90 * 8) * -8", 0, 0]
				},
				"tail3": {
					"rotation": ["0 - math.cos((query.anim_time + 0.2) * 90 * 8) * -10", 0, 0]
				},
				"tail4": {
					"rotation": ["0 - math.cos((query.anim_time + 0.1) * 90 * 8) * -14", 0, 0]
				},
				"leg_left": {
					"rotation": {
						"0.0": [-121.53621, 1.14955, -2.95448],
						"0.0833": [-90, 0, 0],
						"0.1667": [-25, 0, 0],
						"0.2917": [0, 0, 0],
						"0.4167": [-121.53621, 1.14955, -2.95448]
					}
				},
				"leg_left2": {
					"rotation": {
						"0.0": [87.5, 0, 0],
						"0.0833": [38.13, 0, 0],
						"0.1667": [20, 0, 0],
						"0.25": [47.5, 0, 0],
						"0.375": [95, 0, 0],
						"0.5": [87.5, 0, 0]
					}
				},
				"head_ruff_right_side2": {
					"rotation": [-2.5, 7.5, 0]
				},
				"head_ruff_left_side2": {
					"rotation": [-2.5, -7.5, 0]
				},
				"ear_right": {
					"rotation": [-44.55319, "14.2118- math.sin((query.anim_time + 0.35) * 90 * 8) * -12", 13.6041]
				},
				"ear_left": {
					"rotation": [-44.55319, "-14.2118 - math.sin((query.anim_time + 0.35) * 90 * 8) * 12", -13.6041]
				},
				"arm_right": {
					"rotation": {
						"0.0": [43.91882, -50.14096, -67.33775],
						"0.125": [36.75374, -25.5444, -68.33781],
						"0.2917": [-40.22967, -60.0508, 10.12476],
						"0.4167": [-59.13207, -70.52555, 48.023],
						"0.4583": [-14.74229, -75.0803, -2.01051],
						"0.5": [43.91882, -50.14096, -67.33775]
					},
					"position": {
						"0.0": [-1, -1, 0],
						"0.4167": [-1, -1, 2],
						"0.5": [-1, -1, 0]
					}
				},
				"arm_right2": {
					"rotation": {
						"0.0": [-6.43712, -16.59988, 71.85264],
						"0.0833": [1.22534, -8.97355, 8.42013],
						"0.2083": [-6.42848, -26.79524, 6.53271],
						"0.2917": [6.58804, -14.50555, 4.78649],
						"0.375": [12.5, -12.5, 60],
						"0.4583": [-6.00208, -17.58102, 86.69027],
						"0.5": [-6.43712, -16.59988, 71.85264]
					}
				},
				"hand_right": {
					"rotation": {
						"0.0": [1.57591, -11.11446, 20.07835],
						"0.0833": [0, 0, 32.5],
						"0.125": [0, 0, -17.5],
						"0.2083": [-32.5, 0, -32.5],
						"0.3333": [-37.43893, -3.49054, -2.93266],
						"0.4167": [-15.52061, -11.64315, -5.98873],
						"0.5": [1.57591, -11.11446, 20.07835]
					}
				},
				"finger_right_thumb": {
					"rotation": {
						"0.0": [0, -57.5, -25],
						"0.125": [0, -40, -25],
						"0.2917": [0, -40, -25],
						"0.4167": [0, -57.5, -25]
					}
				},
				"finger_right_thumb2": {
					"rotation": {
						"0.0": [0, -15, 0],
						"0.125": [0, 0, 0],
						"0.2917": [0, 0, 0],
						"0.4167": [0, -15, 0]
					}
				},
				"finger_right_index": {
					"rotation": {
						"0.125": [-1.75378, -9.84655, 10.15108],
						"0.2917": [-1.75378, -9.84655, 10.15108]
					}
				},
				"finger_right_index2": {
					"rotation": {
						"0.0": [0, 0, 10],
						"0.125": [0, 0, 0],
						"0.2917": [0, 0, 2.5],
						"0.4167": [0, 0, 10]
					}
				},
				"finger_right_middle": {
					"rotation": {
						"0.0": [0, 0, 7.5],
						"0.125": [0, 0, 0],
						"0.2917": [0, 0, 0],
						"0.4167": [0, 0, 7.5]
					}
				},
				"finger_right_middle2": {
					"rotation": {
						"0.0": [0, 0, 7.5],
						"0.125": [0, 0, -10],
						"0.2917": [0, 0, -10],
						"0.4167": [0, 0, 7.5]
					}
				},
				"finger_right_ring": {
					"rotation": {
						"0.0": [1.50701, 4.76804, 5.06274],
						"0.125": [0, 5, -12.5],
						"0.2917": [0, 5, -12.5],
						"0.4167": [1.50701, 4.76804, 5.06274]
					}
				},
				"finger_right_ring2": {
					"rotation": {
						"0.0": [0, 0, 7.5],
						"0.125": [0, 0, -17.5],
						"0.2917": [0, 0, -17.5],
						"0.4167": [0, 0, 7.5]
					}
				},
				"finger_right_pinkie": {
					"rotation": {
						"0.0": [-2.14506, 12.26002, 12.68754],
						"0.125": [-8.03513, 9.53274, -17.75313],
						"0.2917": [-8.03513, 9.53274, -17.75313],
						"0.4167": [-2.14506, 12.26002, 12.68754]
					}
				},
				"finger_right_pinkie2": {
					"rotation": {
						"0.0": [0, 0, -2.5],
						"0.125": [0, 0, -27.5],
						"0.2917": [0, 0, -27.5],
						"0.4167": [0, 0, -2.5]
					}
				},
				"hand_left": {
					"rotation": {
						"0.0": [1.57591, 11.11446, -20.07835],
						"0.0833": [0, 0, -32.5],
						"0.125": [0, 0, 17.5],
						"0.2083": [-32.5, 0, 32.5],
						"0.3333": [-37.43893, 3.49054, 2.93266],
						"0.4167": [-15.52061, 11.64315, 5.98873],
						"0.5": [1.57591, 11.11446, -20.07835]
					}
				},
				"finger_left_thumb2": {
					"rotation": {
						"0.0": [0, 15, 0],
						"0.125": [0, 0, 0],
						"0.2917": [0, 0, 0],
						"0.4167": [0, 15, 0]
					}
				},
				"finger_left_index2": {
					"rotation": {
						"0.0": [0, 0, -10],
						"0.125": [0, 0, 0],
						"0.2917": [0, 0, -2.5],
						"0.4167": [0, 0, -10]
					}
				},
				"finger_left_middle": {
					"rotation": {
						"0.0": [0, 0, -7.5],
						"0.125": [0, 0, 0],
						"0.2917": [0, 0, 0],
						"0.4167": [0, 0, -7.5]
					}
				},
				"tail5": {
					"rotation": ["0 - math.cos((query.anim_time + 0) * 90 * 8) * -18", 0, 0]
				},
				"leg_right": {
					"rotation": {
						"0.0": [-121.53621, -1.14955, 2.95448],
						"0.0417": [-90, 0, 0],
						"0.1667": [-25, 0, 0],
						"0.25": [0, 0, 0],
						"0.4167": [-121.53621, -1.14955, 2.95448]
					}
				},
				"leg_right2": {
					"rotation": {
						"0.0": [82.5, 0, 0],
						"0.0833": [38.13, 0, 0],
						"0.1667": [37.5, 0, 0],
						"0.25": [47.5, 0, 0],
						"0.375": [95, 0, 0],
						"0.5": [82.5, 0, 0]
					}
				},
				"foot_right": {
					"rotation": {
						"0.0417": [22.5, 0, 0],
						"0.125": [6.67, 0, 0],
						"0.2083": [47.5, 0, 0],
						"0.3333": [42.5, 0, 0],
						"0.4167": [-45, 0, 0],
						"0.5": [22.5, 0, 0]
					}
				},
				"toes_right": {
					"rotation": {
						"0.0417": [-27.5, 0, 0],
						"0.1667": [17.5, 0, 0],
						"0.2917": [15, 0, 0],
						"0.4583": [-27.5, 0, 0]
					}
				},
				"foot_left": {
					"rotation": {
						"0.0417": [22.5, 0, 0],
						"0.125": [6.67, 0, 0],
						"0.2083": [47.5, 0, 0],
						"0.3333": [42.5, 0, 0],
						"0.4167": [-45, 0, 0],
						"0.5": [22.5, 0, 0]
					}
				},
				"toes_left": {
					"rotation": {
						"0.0417": [-27.5, 0, 0],
						"0.1667": [17.5, 0, 0],
						"0.2917": [15, 0, 0],
						"0.4583": [-27.5, 0, 0]
					}
				},
				"staff": {
					"position": [0, 0, 11]
				}
			}
		},
		"animation.infernape_delta_mega.quirk": {
			"animation_length": 2,
			"bones": {
				"neck": {
					"rotation": {
						"0.0": {
							"post": [0, 0, 0],
							"lerp_mode": "catmullrom"
						},
						"0.3333": {
							"post": [7.52832, 4.95712, 0.65426],
							"lerp_mode": "catmullrom"
						},
						"0.625": {
							"post": [-12.58969, 15.76416, -9.26086],
							"lerp_mode": "catmullrom"
						},
						"1.0417": {
							"post": [-17.29503, -8.99697, 6.66984],
							"lerp_mode": "catmullrom"
						},
						"1.2917": {
							"post": [7.5, -7.5, 0],
							"lerp_mode": "catmullrom"
						},
						"1.6667": {
							"post": [0, 0, 0],
							"lerp_mode": "catmullrom"
						}
					}
				},
				"head": {
					"rotation": {
						"0.125": {
							"pre": [0, 0, 0],
							"post": [0, 0, 0],
							"lerp_mode": "catmullrom"
						},
						"0.5": {
							"post": [7.52832, 4.95712, 0.65426],
							"lerp_mode": "catmullrom"
						},
						"0.6667": {
							"post": [-0.45594, 15.96379, -1.46621],
							"lerp_mode": "catmullrom"
						},
						"0.7917": {
							"post": [-2.83667, 4.35183, 0.05402],
							"lerp_mode": "catmullrom"
						},
						"1.0833": {
							"post": [7.5, -7.5, 0],
							"lerp_mode": "catmullrom"
						},
						"1.375": {
							"post": [6.59756, 10.93057, 0.77334],
							"lerp_mode": "catmullrom"
						},
						"1.5833": [0, 0, 0]
					}
				},
				"eyelid_right": {
					"position": {
						"0.0": [0, 0, -0.1],
						"1.5833": [0, 0, -0.1],
						"1.625": [0, 0, 0]
					}
				},
				"eyelid_left": {
					"position": {
						"0.0": [0, 0, -0.1],
						"1.5833": [0, 0, -0.1],
						"1.625": [0, 0, 0]
					}
				},
				"arm_right": {
					"rotation": {
						"0.0": {
							"post": [0, 0, 0],
							"lerp_mode": "catmullrom"
						},
						"0.1667": {
							"post": [-5, -10, 0],
							"lerp_mode": "catmullrom"
						},
						"0.5417": {
							"post": [-14.69225, -13.05688, -1.81205],
							"lerp_mode": "catmullrom"
						},
						"0.9167": {
							"post": [4.15926, -1.76992, 3.86476],
							"lerp_mode": "catmullrom"
						},
						"1.125": {
							"post": [3.24534, 14.08065, -7.5974],
							"lerp_mode": "catmullrom"
						},
						"1.375": {
							"post": [0.40546, 4.23111, -11.2929],
							"lerp_mode": "catmullrom"
						},
						"1.625": {
							"post": [0, 2.5, 2.5],
							"lerp_mode": "catmullrom"
						},
						"1.875": {
							"post": [0, 0, 0],
							"lerp_mode": "catmullrom"
						}
					},
					"position": {
						"0.0": {
							"post": [0, 0, 0],
							"lerp_mode": "catmullrom"
						},
						"0.5": {
							"post": [-0.75, -0.5, 0],
							"lerp_mode": "catmullrom"
						},
						"0.875": {
							"post": [-0.75, 0.5, 0],
							"lerp_mode": "catmullrom"
						},
						"1.1667": {
							"post": [-0.75, -1, -0.25],
							"lerp_mode": "catmullrom"
						},
						"1.375": {
							"post": [-0.46, -1.62, -0.65],
							"lerp_mode": "catmullrom"
						},
						"1.625": {
							"post": [0, 0, 0],
							"lerp_mode": "catmullrom"
						}
					}
				},
				"arm_right2": {
					"rotation": {
						"0.0": [0, 0, 0],
						"0.25": [0, -2.5, 0],
						"0.5833": [0, -5, 0],
						"0.875": {
							"pre": [0, -22.5, 0],
							"post": [0, -22.5, 0],
							"lerp_mode": "catmullrom"
						},
						"1.125": {
							"post": [0, -5, 0],
							"lerp_mode": "catmullrom"
						},
						"1.9583": [0, 0, 0]
					}
				},
				"arm_left": {
					"rotation": {
						"0.0": {
							"post": [0, 0, 0],
							"lerp_mode": "catmullrom"
						},
						"0.1667": {
							"post": [-5, 10, 0],
							"lerp_mode": "catmullrom"
						},
						"0.375": {
							"post": [-14.69225, 13.05688, 1.81205],
							"lerp_mode": "catmullrom"
						},
						"0.625": {
							"post": [4.15926, 1.76992, -3.86476],
							"lerp_mode": "catmullrom"
						},
						"0.8333": {
							"post": [3.24534, -14.08065, 7.5974],
							"lerp_mode": "catmullrom"
						},
						"1.0833": {
							"post": [0.40546, -4.23111, 11.2929],
							"lerp_mode": "catmullrom"
						},
						"1.375": {
							"post": [0, -5, -5],
							"lerp_mode": "catmullrom"
						},
						"1.9167": {
							"post": [0, 0, 0],
							"lerp_mode": "catmullrom"
						}
					},
					"position": {
						"0.0": {
							"post": [0, 0, 0],
							"lerp_mode": "catmullrom"
						},
						"0.375": {
							"post": [0.75, -0.5, 0],
							"lerp_mode": "catmullrom"
						},
						"0.625": {
							"post": [0.75, 0.5, 0],
							"lerp_mode": "catmullrom"
						},
						"0.9167": {
							"post": [0.75, -1, -0.25],
							"lerp_mode": "catmullrom"
						},
						"1.125": {
							"post": [0.46, -1.62, -0.65],
							"lerp_mode": "catmullrom"
						},
						"1.375": {
							"post": [0, 0, 0],
							"lerp_mode": "catmullrom"
						}
					}
				},
				"arm_left2": {
					"rotation": {
						"0.0": [0, 0, 0],
						"0.25": [0, 2.5, 0],
						"0.4583": [0, 5, 0],
						"0.75": {
							"pre": [0, 22.5, 0],
							"post": [0, 22.5, 0],
							"lerp_mode": "catmullrom"
						},
						"1.0": {
							"post": [0, 5, 0],
							"lerp_mode": "catmullrom"
						},
						"1.9583": [0, 0, 0]
					}
				}
			}
		},
		"animation.infernape_delta_mega.sleep": {
			"loop": true,
			"bones": {
				"body": {
					"rotation": [-15.90924, 23.0438, -92.44079],
					"position": [24, 3, 0]
				},
				"torso_ruff_back2": {
					"rotation": [-12.5, 0, 0]
				},
				"chest": {
					"rotation": [31.88034, "-6.6782 - math.cos((query.anim_time + 0.8) * 90) * 2", 23.09061]
				},
				"neck": {
					"rotation": [10.03742, 4.92385, 0.87038]
				},
				"head": {
					"rotation": [2.4905, -0.21782, "4.9953 - math.cos((query.anim_time + 1) * 90) * 2"]
				},
				"eyelid_right": {
					"position": [0, 0, -0.1]
				},
				"eyelid_left": {
					"position": [0, 0, -0.1]
				},
				"head_ruff_left": {
					"rotation": [10, 0, 0]
				},
				"ear_right": {
					"rotation": [5.14522, 23.2087, -3.90513]
				},
				"arm_right": {
					"rotation": ["-23.5411 - math.cos((query.anim_time + 0.8) * 90) * -2", -11.5006, "79.9001 - math.cos((query.anim_time + 0.8) * 90) * 2"]
				},
				"arm_right2": {
					"rotation": ["-18.6702- math.cos((query.anim_time + 0.8) * 90) * 4", -76.7253, "20.896 - math.cos((query.anim_time + 0.8) * 90) * -4"]
				},
				"hand_right": {
					"rotation": [3.81522, -9.80465, -7.6094]
				},
				"finger_right_thumb": {
					"rotation": [0, -30, 0]
				},
				"finger_right_index": {
					"rotation": [5.49068, -9.75094, -10.46871]
				},
				"finger_right_middle": {
					"rotation": [0, 0, -5]
				},
				"finger_right_middle2": {
					"rotation": [0, 0, -7.5]
				},
				"finger_right_ring": {
					"rotation": [-0.43688, 4.98093, -5.019]
				},
				"finger_right_ring2": {
					"rotation": [0, 0, -10]
				},
				"finger_right_pinkie": {
					"rotation": [-7.92942, 9.66434, -7.5143]
				},
				"finger_right_pinkie2": {
					"rotation": [0, 0, -7.5]
				},
				"arm_left": {
					"rotation": [35.59793, 70.96684, "121.9694 - math.cos((query.anim_time + 0.8) * 90) * -2"]
				},
				"arm_left2": {
					"rotation": [
						"0.1833 - math.cos((query.anim_time + 0.8) * 90) * -4",
						"40.973 - math.cos((query.anim_time + 0.8) * 90) * -2",
						"-40.7353 - math.cos((query.anim_time + 0.8) * 90) * -4"
					]
				},
				"hand_left": {
					"rotation": [1.91699, 37.45817, 3.15]
				},
				"finger_left_thumb": {
					"rotation": [0, 45, 0]
				},
				"finger_left_thumb2": {
					"rotation": [0, -10, 0]
				},
				"finger_left_index": {
					"rotation": [5, 7.5, 15]
				},
				"finger_left_middle": {
					"rotation": [0, 0, 12.5]
				},
				"finger_left_middle2": {
					"rotation": [0, 0, 7.5]
				},
				"finger_left_ring": {
					"rotation": [0, -2.5, 12.5]
				},
				"finger_left_ring2": {
					"rotation": [0, 0, 7.5]
				},
				"finger_left_pinkie": {
					"rotation": [-5, -10, 12.5]
				},
				"finger_left_pinkie2": {
					"rotation": [0, 0, 10]
				},
				"tail": {
					"rotation": [-30.45005, -36.05609, 11.86295]
				},
				"tail2": {
					"rotation": [17.35932, 2.24944, -7.15656]
				},
				"tail3": {
					"rotation": ["17.836 - math.cos((query.anim_time + 0.4) * 90) * 4", 1.73812, 0.14091]
				},
				"tail4": {
					"rotation": ["22.423 - math.cos((query.anim_time + 0.6) * 90) * 4", 3.86618, -4.16488]
				},
				"tail5": {
					"rotation": [16.50582, 5.86843, -6.70115]
				},
				"leg_right": {
					"rotation": [-20.93972, -19.90328, -9.10241]
				},
				"leg_right2": {
					"rotation": [42.36263, -2.29512, 0.87445]
				},
				"foot_right": {
					"rotation": [22.48072, -0.95645, 2.30991]
				},
				"toes_right": {
					"rotation": ["5 - math.cos((query.anim_time + 0.5) * 90) * 2", 0, 0]
				},
				"leg_left": {
					"rotation": [-66.03828, -1.25181, 13.778]
				},
				"leg_left2": {
					"rotation": [48.1793, 8.0125, -18.43459]
				},
				"foot_left": {
					"rotation": [17.92429, -6.38738, -4.66433]
				},
				"toes_left": {
					"rotation": ["10 - math.cos((query.anim_time + 0.4) * 90) * 3", 0, 0]
				},
				"staff": {
					"rotation": [-2.4905, 0.21782, 4.99527],
					"position": [0, 0.5, 9]
				}
			}
		},
		"animation.infernape_delta_mega.blink": {
			"animation_length": 0.1667,
			"bones": {
				"eyelid_right": {
					"position": {
						"0.0": [0, 0, -0.1],
						"0.12": [0, 0, -0.1],
						"0.16": [0, 0, 0]
					}
				},
				"eyelid_left": {
					"position": {
						"0.0": [0, 0, -0.1],
						"0.12": [0, 0, -0.1],
						"0.16": [0, 0, 0]
					}
				}
			}
		},
		"animation.infernape_delta_mega.battle_idle": {
			"loop": true,
			"bones": {
				"body": {
					"rotation": [0, 55, 0],
					"position": [0, "-9 - math.sin(query.anim_time * 90 * 8) * 0.4", 1]
				},
				"torso": {
					"rotation": [12.60443, -7.32123, -1.63219]
				},
				"torso_ruff_right": {
					"rotation": [-12.45392, 1.08089, "17.382 - math.sin(query.anim_time * 90 * 8 + 90) * -4"]
				},
				"torso_ruff_front": {
					"rotation": ["-17.8813 - math.sin(query.anim_time * 90 * 8 + 90) * 4", 8.64917, -5.03837]
				},
				"torso_ruff_left": {
					"rotation": [-14.91615, 1.29876, "-10.1127 - math.sin(query.anim_time * 90 * 8 + 90) * 4"]
				},
				"torso_ruff_back2": {
					"rotation": [-15, 0, 0]
				},
				"chest": {
					"rotation": ["12.564 - math.sin(query.anim_time * 90 * 8 + 90) * 4", "-7.4355 - math.sin(query.anim_time * 90 * 4) * 8", -0.98448]
				},
				"neck": {
					"rotation": [12.5, 0, 0]
				},
				"head": {
					"rotation": [0, "0 - math.sin(query.anim_time * 90 * 4) * -8", "0 - math.sin(query.anim_time * 90 * 4) * 2"]
				},
				"head_angle": {
					"rotation": [-20.55225, -31.44137, 17.59013]
				},
				"arm_right": {
					"rotation": ["-41.8063 - math.sin(query.anim_time * 90 * 4) * 10", -5.68422, -33.9042]
				},
				"arm_right2": {
					"rotation": [35.74093, "-66.698 - math.sin(query.anim_time * 90 * 4 - 90) * 8", -48.48421]
				},
				"hand_right": {
					"rotation": [12.5, 0, -12.5]
				},
				"finger_right_thumb": {
					"rotation": [0, 0, -60]
				},
				"finger_right_thumb2": {
					"rotation": [0, 57.5, 0]
				},
				"finger_right_index": {
					"rotation": [0, 0, -37.5]
				},
				"finger_right_index2": {
					"rotation": [0, 0, -70]
				},
				"finger_right_middle": {
					"rotation": [0, 0, -40]
				},
				"finger_right_middle2": {
					"rotation": [0, 0, -65]
				},
				"finger_right_ring": {
					"rotation": [0, 0, -40]
				},
				"finger_right_ring2": {
					"rotation": [0, 0, -65]
				},
				"finger_right_pinkie": {
					"rotation": [0, 0, -50]
				},
				"finger_right_pinkie2": {
					"rotation": [0, 0, -60]
				},
				"arm_left": {
					"rotation": [-14.83394, "11.865 - math.sin(query.anim_time * 90 * 4) * 4", 43.19166],
					"position": [0.75, 0, 0.75]
				},
				"arm_left2": {
					"rotation": [0, "55 - math.sin(query.anim_time * 90 * 4 - 90) * 8", 0]
				},
				"hand_left": {
					"rotation": [1.30962, 7.38542, 10.08453]
				},
				"finger_left_thumb": {
					"rotation": [0, 0, 60]
				},
				"finger_left_thumb2": {
					"rotation": [0, -57.5, 0]
				},
				"finger_left_index": {
					"rotation": [0, 0, 37.5]
				},
				"finger_left_index2": {
					"rotation": [0, 0, 70]
				},
				"finger_left_middle": {
					"rotation": [0, 0, 40]
				},
				"finger_left_middle2": {
					"rotation": [0, 0, 65]
				},
				"finger_left_ring": {
					"rotation": [0, 0, 40]
				},
				"finger_left_ring2": {
					"rotation": [0, 0, 65]
				},
				"finger_left_pinkie": {
					"rotation": [0, 0, 50]
				},
				"finger_left_pinkie2": {
					"rotation": [0, 0, 60]
				},
				"tail": {
					"rotation": ["-10.3418 - math.cos(query.anim_time * 90 * 4 + 100) * 8", -24.42389, 2.37799]
				},
				"tail2": {
					"rotation": ["7.7118 - math.cos(query.anim_time * 90 * 4 + 80) * 8", -10.17241, -3.29046]
				},
				"tail3": {
					"rotation": ["7.7393 - math.cos(query.anim_time * 90 * 4 + 40) * 4", -11.58281, -2.66851]
				},
				"tail4": {
					"rotation": ["10.04 - math.cos(query.anim_time * 90 * 4 + 20) * 18", -6.25392, -0.10379]
				},
				"tail5": {
					"rotation": ["4.9634 - math.cos(query.anim_time * 90 * 4) * 16", 1.73274, 1.39979]
				},
				"leg_right": {
					"rotation": ["-49.6442 - math.sin(query.anim_time * 90 * 8) * 2", 47.23734, 7.5028]
				},
				"leg_right2": {
					"rotation": ["95 - math.sin(query.anim_time * 90 * 8) * -2.5", 0, 0],
					"position": [0, -0.75, 1]
				},
				"foot_right": {
					"rotation": ["-39.9375+math.sin(query.anim_time * 90 * 8) * -0.5", -1.50179, -4.76968],
					"position": [
						"math.sin(query.anim_time * 90 * 8) * -0.03",
						"0.372+math.sin(query.anim_time * 90 * 8) * -0.1",
						"0.6474+math.sin(query.anim_time * 90 * 8) * 0.1"
					]
				},
				"leg_left": {
					"rotation": ["-67.5 - math.sin(query.anim_time * 90 * 8) * 2", -52.5, 0]
				},
				"leg_left2": {
					"rotation": ["77.5 - math.sin(query.anim_time * 90 * 8) * -2", 0, 0]
				},
				"foot_left": {
					"rotation": [-10, 0, 0],
					"position": [0, "0.2+math.sin(query.anim_time * 90 * 8) * 0.02", "0.2+math.sin(query.anim_time * 90 * 8) * 0.07"]
				}
			}
		},
		"animation.infernape_delta_mega.faint": {
			"loop": true,
			"animation_length": 3,
			"bones": {
				"body": {
					"rotation": {
						"0.0": {
							"post": [0, 5, 0],
							"lerp_mode": "catmullrom"
						},
						"0.2083": {
							"post": [5, 0, 0],
							"lerp_mode": "catmullrom"
						},
						"0.375": {
							"post": [5, 0, 0],
							"lerp_mode": "catmullrom"
						},
						"0.5": [7.5, 0, 0],
						"1.75": [7.5, 0, 0],
						"1.8333": [10, 0, 0],
						"2.0833": [42.5, 0, 0]
					},
					"position": {
						"0.0": [0, -4.85, 0],
						"0.2083": [0, -4.85, -3],
						"0.375": [0, -9.85, -1],
						"1.75": [0, -9.85, -1],
						"1.8333": [0, -9.85, -1],
						"2.0833": [0, -12.85, -2.75],
						"2.125": [0, -12.6, -2.75],
						"2.2083": [0, -12.85, -2.75]
					}
				},
				"waist": {
					"rotation": {
						"0.0": {
							"post": [-5, 0, 0],
							"lerp_mode": "catmullrom"
						},
						"0.125": {
							"post": [-12.5, 0, 0],
							"lerp_mode": "catmullrom"
						},
						"0.25": {
							"post": [-17.5, 0, 0],
							"lerp_mode": "catmullrom"
						},
						"0.375": {
							"post": [-19.97879, 0.54363, 4.96924],
							"lerp_mode": "catmullrom"
						},
						"0.5833": {
							"post": [42.32196, 0.84612, -0.27352],
							"lerp_mode": "catmullrom"
						},
						"1.0417": [34.8213, 0.80318, -0.38163]
					}
				},
				"torso": {
					"rotation": [10, 0, 0],
					"position": [0, 0, 0]
				},
				"torso_ruff_right": {
					"rotation": [0, 0, 0]
				},
				"torso_ruff_front": {
					"rotation": {
						"0.0": [0, 0, 0],
						"0.375": [0, 0, 0],
						"0.625": [-42.47018, -1.15135, 1.68476],
						"1.7917": [-42.47, -1.15, 1.68],
						"1.9583": [-34.97, -1.15, 1.68],
						"2.0417": [5.03, -1.15, 1.68],
						"2.125": [12.53, -1.15, 1.68]
					}
				},
				"torso_ruff_left": {
					"rotation": [0, 0, 0]
				},
				"torso_ruff_back": {
					"rotation": {
						"0.0": [5, 0, 0],
						"0.4583": [5, 0, 0],
						"0.5833": [-12.5, 0, 0],
						"0.7917": [-10, 0, 0],
						"2.4583": [-10, 0, 0],
						"2.625": [-12.5, 0, 0]
					}
				},
				"torso_ruff_back2": {
					"rotation": {
						"0.0": [-25, 0, 0],
						"0.4583": [-25, 0, 0],
						"0.5833": [-35, 0, 0]
					}
				},
				"chest": {
					"rotation": {
						"0.0": {
							"post": [30, 0, 0],
							"lerp_mode": "catmullrom"
						},
						"0.125": {
							"post": [17.5, 0, 0],
							"lerp_mode": "catmullrom"
						},
						"0.2917": {
							"post": [10.01022, 0.39209, -0.00681],
							"lerp_mode": "catmullrom"
						},
						"0.5417": {
							"post": [2.53693, 1.48627, 2.20899],
							"lerp_mode": "catmullrom"
						},
						"0.7917": {
							"post": [12.45505, -0.30483, 4.4766],
							"lerp_mode": "catmullrom"
						},
						"1.1667": [12.46, -0.3, 4.48],
						"1.3333": [5.26742, -12.50065, 1.73835],
						"1.4167": [12.66134, 4.92805, 3.32614],
						"1.625": [12.46, -0.3, 4.48],
						"1.8333": [12.46, -0.3, 4.48],
						"1.875": [2.46, -0.3, 4.48],
						"2.0": [-17.54, -0.3, 4.48],
						"2.0833": [-15.04, -0.3, 4.48],
						"2.125": [-0.04, -0.3, 4.48],
						"2.375": [-2.54, -0.3, 4.48]
					}
				},
				"head": {
					"rotation": {
						"0.0": {
							"post": [-12.52563, 1.43364, -2.04831],
							"lerp_mode": "catmullrom"
						},
						"0.125": {
							"post": [-10.02633, 1.52113, -1.98499],
							"lerp_mode": "catmullrom"
						},
						"0.2083": {
							"post": [-20.01989, 1.09515, -2.20899],
							"lerp_mode": "catmullrom"
						},
						"0.3333": {
							"post": [-25.01492, 1.33246, -2.3821],
							"lerp_mode": "catmullrom"
						},
						"0.5833": {
							"post": [-27.51114, 1.19628, -2.37882],
							"lerp_mode": "catmullrom"
						},
						"0.875": {
							"post": [22.46098, -0.41053, -1.28428],
							"lerp_mode": "catmullrom"
						},
						"1.2083": {
							"post": [17.46523, -0.21411, -1.32523],
							"lerp_mode": "catmullrom"
						},
						"1.3333": {
							"post": [17.70646, 9.32077, 1.70219],
							"lerp_mode": "catmullrom"
						},
						"1.5": {
							"post": [17.52223, 4.55492, 0.17843],
							"lerp_mode": "catmullrom"
						},
						"1.7917": [17.46523, -0.21411, -1.32523],
						"1.9583": [-12.53477, -0.21411, -1.32523],
						"2.0417": [-52.53477, -0.21411, -1.32523],
						"2.0833": [-65.03, -0.21, -1.33],
						"2.125": [-62.53, -0.21, -1.33],
						"2.375": [-65.03, -0.21, -1.33]
					}
				},
				"eyelid_right": {
					"position": {
						"0.0417": [0, 0, 0],
						"0.0833": [0, 0, -0.1]
					}
				},
				"eyelid_left": {
					"position": {
						"0.0417": [0, 0, 0],
						"0.0833": [0, 0, -0.1]
					}
				},
				"jaw": {
					"rotation": {
						"0.0": [7.5, 0, 0],
						"0.25": [40, 0, 0],
						"0.6667": [37.5, 0, 0],
						"0.875": [15, 0, 0],
						"1.125": [22.5, 0, 0],
						"1.4583": [15, 0, 0]
					}
				},
				"arm_right": {
					"rotation": {
						"0.0": [-9.61114, -26.92042, -49.28553],
						"0.1667": [4.11, -14.86, -56.15],
						"0.4583": [-46.34322, -10.92865, -33.39336],
						"0.5": [-51.30902, -52.27966, -7.86559],
						"0.5833": [-24.21519, -65.4143, -54.95678],
						"1.1667": [-24.22, -65.41, -54.96],
						"1.3333": [-33.92421, -56.69828, -44.32233],
						"1.375": [-28.4527, -67.74665, -50.99646],
						"1.4167": [-15.12608, -72.22483, -66.3681],
						"1.625": [-24.22, -65.41, -54.96],
						"1.75": [-23.93529, -64.43193, -55.32726],
						"1.8333": [-17.80228, -56.05725, -62.28993],
						"1.9167": [-13.53712, -26.913, -72.16113],
						"2.0": [-9.82917, 0.15064, -77.23268],
						"2.0417": [-22.24034, 2.04772, -72.60549],
						"2.0833": [-23.81487, 20.48426, -80.54861],
						"2.125": [-57.09724, 9.55469, -75.61052],
						"2.1667": [-65.67661, 4.53059, -64.07345]
					},
					"position": {
						"0.0": [0, 0, 1],
						"0.4583": [0, 0, 1],
						"0.6667": [-2.54135, 0.40903, 2.08937],
						"1.1667": [-2.54, 0.41, 2.09],
						"1.3333": [-2.43402, -0.47203, 2.97962],
						"1.4167": [-2.54, 0.41, 2.09],
						"2.0833": [-2.54, 0.41, 2.09],
						"2.1667": [0, 0, 1]
					}
				},
				"arm_right_shoulder_armor_plate": {
					"rotation": [0, 0, 17.5]
				},
				"arm_right2": {
					"rotation": {
						"0.0": [-2.80826, -39.82249, 6.40483],
						"0.25": [10.65723, -39.62011, -4.53147],
						"0.4167": [-13.04679, -55.4617, 20.84477],
						"0.5": [-35.29102, -72.69099, 46.12342],
						"0.5833": [-3.08526, -35.95079, 2.7181],
						"0.625": [-3.11359, -35.95004, 2.74505],
						"0.6667": [-3.23237, -38.44578, 2.9321],
						"0.75": [-3.32937, -40.94181, 3.10308],
						"0.8333": [-2.99923, -35.95229, 2.64615],
						"0.9167": [-2.70023, -25.96456, 2.06713],
						"1.0": [-2.55947, -18.47243, 1.69566],
						"1.0417": [-2.52508, -15.97489, 1.57957],
						"1.1667": [-2.53, -15.97, 1.58],
						"1.3333": [-2.50117, -13.47241, 1.46656],
						"1.375": [-2.82888, -8.36174, 3.77078],
						"1.4167": [-2.47764, -10.97477, 1.35546],
						"1.625": [-2.53, -15.97, 1.58],
						"1.75": [-2.56444, -18.46753, 1.69631],
						"1.8333": [-2.83653, -30.95379, 2.34333],
						"1.9167": [-4.6457, -58.4007, 4.84277],
						"2.0": [-39.33059, -78.32275, 40.41692],
						"2.0417": [-145.05314, -85.75118, 146.01063],
						"2.0833": [-173.23567, -68.88104, 174.5697],
						"2.1667": [-7.99718, -55.63951, 8.9014],
						"2.2083": [-15.03929, -54.63862, 17.4781],
						"2.2917": [-5.55371, -35.77197, 5.53924]
					}
				},
				"hand_right": {
					"rotation": {
						"0.0": [0, 0, -22.5],
						"0.125": [0, 0, -25],
						"0.2917": [0, 0, -45],
						"0.4583": [0, 0, 0],
						"0.625": [62.91141, -18.82943, 12.54707],
						"0.9583": [53.16167, -30.32766, 18.24256],
						"1.1667": [53.16, -30.33, 18.24],
						"1.3333": [46.41117, -30.97816, 26.15022],
						"1.4167": [49.99743, -32.76608, 24.0844],
						"1.625": [52.23782, -32.31884, 20.01345],
						"1.8333": [55.14405, -27.9554, 17.37176],
						"1.875": [58.53388, -30.41269, 11.11623],
						"2.0417": [43.36076, -30.62003, 17.86283],
						"2.125": [28.09086, -36.80703, 27.27767],
						"2.1667": [-1.57661, -41.17043, -4.57566],
						"2.2083": [4.73304, -36.84987, -17.92484],
						"2.4583": [-10.19666, -12.10796, -10.39538],
						"2.6667": [-10.01358, -5.27649, -11.62517]
					}
				},
				"finger_right_thumb": {
					"rotation": {
						"0.0": [0, 0, -60],
						"0.2083": [2.74715, -12.19908, -72.79362],
						"0.625": [14.71408, -79.37171, -86.68503],
						"1.2083": [14.71408, -79.37171, -86.68503],
						"2.1667": [14.71, -79.37, -86.69],
						"2.3333": [55.38151, -71.69599, -128.49366]
					}
				},
				"finger_right_thumb2": {
					"rotation": {
						"0.0": [0, 57.5, 0],
						"0.2083": [0, 20, 0],
						"0.625": [0, -5, 0],
						"1.2083": [0, -5, 0]
					}
				},
				"finger_right_index": {
					"rotation": {
						"0.0": [0, 0, -37.5],
						"0.2083": [0, 0, -22.5],
						"0.4167": [0, 0, -10],
						"0.625": [5.88045, -9.96156, 7.42327],
						"1.2083": [5.88045, -9.96156, 7.42327],
						"2.1667": [5.88, -9.96, 7.42],
						"2.3333": [4.33376, -20.36276, 11.63924]
					}
				},
				"finger_right_index2": {
					"rotation": {
						"0.0": [0, 0, -70],
						"0.2083": [0, 0, -25],
						"0.4167": [0, -7.5, -25],
						"0.625": [-1.52264, -1.33257, 7.37103],
						"1.2083": [-1.52264, -1.33257, 7.37103],
						"2.1667": [-1.52, -1.33, 7.37],
						"2.3333": [-1.52891, -6.32823, 7.50327]
					}
				},
				"finger_right_middle": {
					"rotation": {
						"0.0": [0, 0, -40],
						"0.2083": [0, 0, -30],
						"0.4167": [0, 0, -15],
						"0.625": [0, 0, 7.5],
						"1.2083": [0, 0, 7.5],
						"2.1667": [0, 0, 7.5],
						"2.3333": [0, -12.5, 7.5]
					}
				},
				"finger_right_middle2": {
					"rotation": {
						"0.0": [0, 0, -65],
						"0.2083": [0, 0, -30],
						"0.4167": [0, -5, -30],
						"0.625": [-3.04868, -3.9649, 7.60555],
						"1.2083": [-3.04868, -3.9649, 7.60555]
					}
				},
				"finger_right_ring": {
					"rotation": {
						"0.0": [0, 0, -40],
						"0.2083": [0, 0, -35],
						"0.4167": [0, 2.5, -35],
						"0.625": [1.52251, 1.98315, 2.52635],
						"1.2083": [1.52251, 1.98315, 2.52635],
						"2.1667": [1.52, 1.98, 2.53],
						"2.3333": [1.54505, -10.51556, 2.19543]
					}
				},
				"finger_right_ring2": {
					"rotation": {
						"0.0": [0, 0, -65],
						"0.2083": [0, 0, -35],
						"0.625": [0, 0, 15],
						"1.2083": [0, 0, 15]
					}
				},
				"finger_right_pinkie": {
					"rotation": {
						"0.0": [0, 0, -50],
						"0.4167": [0, 7.5, -50],
						"0.625": [2.88477, 9.77027, 0.72963],
						"1.2083": [2.88477, 9.77027, 0.72963],
						"2.1667": [2.88, 9.77, 0.73],
						"2.3333": [2.8641, -7.70836, -0.1436]
					}
				},
				"finger_right_pinkie2": {
					"rotation": {
						"0.0": [0, 0, -60],
						"0.2083": [0, 0, -30],
						"0.625": [0, 0, 15],
						"1.2083": [0, 0, 15]
					}
				},
				"arm_left": {
					"rotation": {
						"0.0": [-4.94609, 11.29118, 47.23971],
						"0.1667": [4.11, 14.86, 56.15],
						"0.2083": [2.06479, 4.07747, 63.17211],
						"0.4583": [-46.34322, 10.92865, 33.39336],
						"0.5": [-51.30902, 52.27966, 7.86559],
						"0.5833": [-24.21519, 65.4143, 54.95678],
						"1.1667": [-24.22, 65.41, 54.96],
						"1.3333": [-31.32626, 12.96574, 46.14159],
						"1.375": [-41.73396, 58.80198, 53.16614],
						"1.4167": [-47.72931, 73.30166, 27.72602],
						"1.4583": [-54.56325, 74.87294, 20.62112],
						"1.5417": [-47.72931, 73.30166, 27.72602],
						"1.75": [-47.73, 73.3, 27.73],
						"1.8333": [-42.15504, 71.52822, 33.57712],
						"1.875": [-22.66447, 56.50677, 55.02869],
						"1.9583": [-14.25845, 30.30415, 66.92185],
						"2.0": [-12.76174, 15.71345, 70.71881],
						"2.0833": [-67.34293, -0.65671, 55.09162],
						"2.125": [-79.60977, -10.51746, 53.09233],
						"2.25": [-77.42464, 1.23194, 57.28942],
						"2.5": [-82.66578, 0.38123, 59.9664]
					},
					"position": {
						"0.0": [0, 0, 1],
						"0.4583": [0, 0, 1],
						"0.6667": [2.54135, 0.40903, 2.08937]
					}
				},
				"arm_left_shoulder_armor_plate": {
					"rotation": [-7.38206, -1.08089, -12.45392]
				},
				"arm_left2": {
					"rotation": {
						"0.0": [-5.42793, 42.14919, -9.98436],
						"0.25": [10.65723, 39.62011, 4.53147],
						"0.4167": [-13.04679, 55.4617, -20.84477],
						"0.5": [-35.29102, 72.69099, -46.12342],
						"0.5833": [-3.08526, 35.95079, -2.7181],
						"0.625": [-3.11359, 35.95004, -2.74505],
						"0.6667": [-3.23237, 38.44578, -2.9321],
						"0.75": [-3.32937, 40.94181, -3.10308],
						"0.8333": [-2.99923, 35.95229, -2.64615],
						"0.9167": [-2.70023, 25.96456, -2.06713],
						"1.0": [-2.55947, 18.47243, -1.69566],
						"1.0417": [-2.52508, 15.97489, -1.57957],
						"1.1667": [-2.53, 15.97, -1.58],
						"1.2917": [12.47273, 80.79512, 17.49998],
						"1.375": [150.54045, 85.97178, 155.78403],
						"1.4167": [4.43149, 63.44023, 9.14834],
						"1.4583": [2.55184, 10.92011, 7.24857],
						"1.5417": [3.74711, 18.24265, 11.10739],
						"1.625": [9.6909, 18.30748, 16.43824],
						"1.75": [9.69, 18.31, 16.44],
						"1.8333": [10.21455, 25.69753, 17.83708],
						"1.875": [12.59159, 42.86092, 22.00898],
						"1.9583": [39.21214, 75.35889, 51.65829],
						"2.0": [96.50117, 80.74494, 109.95556],
						"2.125": [96.5, 80.74, 109.96],
						"2.2083": [-6.97402, 74.94706, -1.31983],
						"2.5": [2.27802, 52.59837, 5.41024],
						"2.7083": [2.15704, 50.10024, 5.25537]
					}
				},
				"hand_left": {
					"rotation": {
						"0.0": [0, 0, 12.5],
						"0.125": [0, 0, 25],
						"0.2917": [0, 0, 45],
						"0.4583": [0, 0, 0],
						"0.625": [62.49541, 21.05113, -13.76661],
						"0.7083": [62.09138, 25.53275, -16.26379],
						"0.7917": [58.41964, 29.26885, -18.39418],
						"0.9167": [55.11305, 34.08599, -21.78607],
						"1.0417": [52.96978, 38.13479, -25.41972],
						"1.1667": [52.97, 38.13, -25.42],
						"1.375": [28.56975, 20.66353, 5.79016],
						"1.4167": [-11.1365, 45.66669, -7.94228],
						"2.0": [-11.14, 45.67, -7.94],
						"2.0417": [14.12868, 64.04697, -22.00979],
						"2.1667": [10.65612, 2.07479, -11.99728],
						"2.2917": [10.79423, 1.14373, -7.08274],
						"2.5": [11.37589, 18.32236, -3.6817]
					}
				},
				"finger_left_thumb": {
					"rotation": {
						"0.0": [0, 0, 60],
						"0.2083": [2.74715, 12.19908, 72.79362],
						"0.625": [14.71408, 79.37171, 86.68503],
						"1.2083": [14.71408, 79.37171, 86.68503],
						"1.3333": [0, 0, 60],
						"2.0417": [0, 0, 60],
						"2.1667": [-22.5, 67.5, 60]
					}
				},
				"finger_left_thumb2": {
					"rotation": {
						"0.0": [0, -57.5, 0],
						"0.2083": [0, -20, 0],
						"0.625": [0, 5, 0],
						"1.2083": [0, 5, 0],
						"1.3333": [0, -57.5, 0],
						"2.0417": [0, -57.5, 0],
						"2.1667": [0, 22.5, 0]
					}
				},
				"finger_left_index": {
					"rotation": {
						"0.0": [0, 0, 37.5],
						"0.2083": [0, 0, 22.5],
						"0.4167": [0, 0, 10],
						"0.625": [5.88045, 9.96156, -7.42327],
						"1.2083": [5.88045, 9.96156, -7.42327],
						"1.3333": [0, 0, 37.5],
						"2.0417": [0, 0, 37.5],
						"2.1667": [9.32984, 15.41979, 34.94601]
					}
				},
				"finger_left_index2": {
					"rotation": {
						"0.0": [0, 0, 70],
						"0.2083": [0, 0, 25],
						"0.4167": [0, 7.5, 25],
						"0.625": [-1.52264, 1.33257, -7.37103],
						"1.2083": [-1.52264, 1.33257, -7.37103],
						"1.3333": [0, 0, 70],
						"2.0417": [0, 0, 70],
						"2.1667": [0, 0, -15]
					}
				},
				"finger_left_middle": {
					"rotation": {
						"0.0": [0, 0, 40],
						"0.2083": [0, 0, 30],
						"0.4167": [0, 0, 15],
						"0.625": [0, 0, -7.5],
						"1.2083": [0, 0, -7.5],
						"1.3333": [0, 0, 40],
						"2.0417": [0, 0, 40],
						"2.1667": [-3.14695, 7.25354, 34.96437]
					}
				},
				"finger_left_middle2": {
					"rotation": {
						"0.0": [0, 0, 65],
						"0.2083": [0, 0, 30],
						"0.4167": [0, 5, 30],
						"0.625": [-3.04868, 3.9649, -7.60555],
						"1.2083": [-3.04868, 3.9649, -7.60555],
						"1.3333": [0, 0, 65],
						"2.0417": [0, 0, 65],
						"2.1667": [0, 0, -20]
					}
				},
				"finger_left_ring": {
					"rotation": {
						"0.0": [0, 0, 40],
						"0.2083": [0, 0, 35],
						"0.4167": [0, -2.5, 35],
						"0.625": [1.52251, -1.98315, -2.52635],
						"1.2083": [1.52251, -1.98315, -2.52635],
						"1.3333": [0, 0, 40],
						"2.0417": [0, 0, 40]
					}
				},
				"finger_left_ring2": {
					"rotation": {
						"0.0": [0, 0, 65],
						"0.2083": [0, 0, 35],
						"0.625": [0, 0, -15],
						"1.2083": [0, 0, -15],
						"1.3333": [0, 0, 65],
						"2.0417": [0, 0, 65],
						"2.1667": [0, 0, -20]
					}
				},
				"finger_left_pinkie": {
					"rotation": {
						"0.0": [0, 0, 50],
						"0.4167": [0, -7.5, 50],
						"0.625": [2.88477, -9.77027, -0.72963],
						"1.2083": [2.88477, -9.77027, -0.72963],
						"1.3333": [0, 0, 50],
						"2.0417": [0, 0, 50],
						"2.1667": [-14.01552, -7.43547, 42.43603]
					}
				},
				"finger_left_pinkie2": {
					"rotation": {
						"0.0": [0, 0, 60],
						"0.2083": [0, 0, 30],
						"0.625": [0, 0, -15],
						"1.2083": [0, 0, -15],
						"1.3333": [0, 0, 60],
						"2.0417": [0, 0, 60],
						"2.1667": [0, 0, -17.5]
					}
				},
				"tail": {
					"rotation": {
						"0.0": [-7.0696, 5.25691, -2.10352],
						"0.25": [-4.5696, 5.25691, -2.10352],
						"0.375": [-7.0696, 5.25691, -2.10352],
						"0.5833": [-43.3196, 5.25691, -2.10352],
						"0.7917": [22.9304, 5.25691, -2.10352],
						"1.0417": [-9.5696, 5.25691, -2.10352],
						"1.4167": [-12.0696, 5.25691, -2.10352],
						"1.7917": [-12.07, 5.26, -2.1],
						"1.875": [-24.57, 5.26, -2.1],
						"2.0": [-27.07, 5.26, -2.1],
						"2.125": [-2.07, 5.26, -2.1],
						"2.2917": [-19.57, 5.26, -2.1],
						"2.4167": [-24.57, 5.26, -2.1],
						"2.6667": [-74.57, 5.26, -2.1],
						"2.8333": [-72.07, 5.26, -2.1]
					}
				},
				"tail2": {
					"rotation": {
						"0.0": [10.1121, -0.23198, -2.19469],
						"0.1667": [4.75389, -0.23097, -2.19231],
						"0.2917": [22.61023, -0.23022, -2.19052],
						"0.375": [10.11, -0.23, -2.19],
						"0.5833": [-12.39, -0.23, -2.19],
						"0.7083": [12.61, -0.23, -2.19],
						"1.0": [22.61, -0.23, -2.19],
						"1.2083": [-9.89, -0.23, -2.19],
						"2.0": [-9.89, -0.23, -2.19],
						"2.25": [17.61, -0.23, -2.19],
						"2.625": [17.61, -0.23, -2.19],
						"2.7083": [-7.39, -0.23, -2.19],
						"2.7917": [-4.89, -0.23, -2.19]
					}
				},
				"tail3": {
					"rotation": {
						"0.0": [7.6457, -1.61525, -1.85723],
						"0.1667": [12.6457, -1.61525, -1.85723],
						"0.3333": [32.6457, -1.61525, -1.85723],
						"0.4583": [15.85999, -1.61525, -1.85723],
						"0.625": [-12.3543, -1.61525, -1.85723],
						"0.75": [-17.3543, -1.61525, -1.85723],
						"1.0": [20.1457, -1.61525, -1.85723],
						"1.2917": [-14.8543, -1.61525, -1.85723],
						"1.625": [-19.8543, -1.61525, -1.85723],
						"2.125": [-24.8543, -1.61525, -1.85723],
						"2.2917": [10.1457, -1.61525, -1.85723],
						"2.5": [10.15, -1.62, -1.86],
						"2.75": [-4.85, -1.62, -1.86]
					}
				},
				"tail4": {
					"rotation": {
						"0.0": [10.0794, -1.28962, -0.70166],
						"0.375": [25.0794, -1.28962, -0.70166],
						"0.5833": [-7.4206, -1.28962, -0.70166],
						"0.75": [-27.4206, -1.28962, -0.70166],
						"0.9167": [17.5794, -1.28962, -0.70166],
						"1.0833": [12.5794, -1.28962, -0.70166],
						"1.375": [-14.9206, -1.28962, -0.70166],
						"1.9583": [-14.92, -1.29, -0.7],
						"2.3333": [7.58, -1.29, -0.7],
						"2.5417": [2.12545, -1.29, -0.7],
						"2.7917": [-9.92, -1.29, -0.7]
					}
				},
				"tail5": {
					"rotation": {
						"0.0": [4.9634, 1.73274, 1.39979],
						"0.375": [7.4634, 1.73274, 1.39979],
						"0.5833": [12.4634, 1.73274, 1.39979],
						"0.7083": [-52.5366, 1.73274, 1.39979],
						"0.8333": [-45.0366, 1.73274, 1.39979],
						"0.9583": [17.4634, 1.73274, 1.39979],
						"1.0833": [32.4634, 1.73274, 1.39979],
						"1.3333": [-15.0366, 1.73274, 1.39979],
						"2.2083": [-15.04, 1.73, 1.4],
						"2.3333": [2.46, 1.73, 1.4],
						"2.5833": [12.46, 1.73, 1.4],
						"2.75": [-10.04, 1.73, 1.4],
						"2.875": [-2.54, 1.73, 1.4]
					}
				},
				"leg_right": {
					"rotation": {
						"0.0": [-32.2557, 17.9775, 5.29698],
						"0.125": [-33.37022, 5.92019, 5.06717],
						"0.2083": [-25.86854, 5.20926, 5.79566],
						"1.7917": [-25.86854, 5.20926, 5.79566],
						"1.9167": [12.42, 7.49, 2.97],
						"1.9583": [27.42, 7.49, 2.97],
						"2.0417": [39.92, 7.49, 2.97],
						"2.0833": [47.42, 7.49, 2.97],
						"2.2083": [54.54438, 5.57653, 27.67417],
						"2.2917": [47.10023, 3.7576, 34.90231],
						"2.375": [37.22405, -0.59464, 42.6901]
					}
				},
				"leg_right2": {
					"rotation": {
						"0.0": [60, 0, 0],
						"0.125": [60, 0, 0],
						"0.2083": [62.47671, -0.32759, 0.08598],
						"0.375": [117.16451, -7.54233, -1.86732],
						"1.7917": [117.16451, -7.54233, -1.86732],
						"1.9167": [77, -9.5, -0.47],
						"2.0417": [26.80687, -13.18483, 16.96718],
						"2.125": [31.01945, -39.32223, 2.01091],
						"2.25": [39.88797, -14.72242, -2.69626],
						"2.3333": [34.66877, 0.45617, 3.58248],
						"2.4167": [29.82356, 19.68439, -37.59859],
						"2.5417": [30.49165, 16.37184, -28.1414],
						"2.7917": [28.24126, 15.19277, -24.40347]
					},
					"position": {
						"0.2083": [0, 0, 0],
						"0.375": [-0.00783, -0.53553, 2.08282],
						"1.7917": [-0.00783, -0.53553, 2.08282],
						"1.9167": [0, 0, 0]
					}
				},
				"foot_right": {
					"rotation": {
						"0.0": [-24.89247, -3.2115, -3.83424],
						"0.2083": [-37.29571, -3.72809, -4.72994],
						"0.375": [-19.93072, -3.06097, -3.44831],
						"1.875": [-19.93072, -3.06097, -3.44831],
						"2.0833": [25.01, -0.54, -2.44],
						"2.2917": [18.19822, 42.51404, -3.47636]
					}
				},
				"leg_left": {
					"rotation": {
						"0.0": [-41.7516, -32.4264, -2.19931],
						"0.125": [-42.63947, -7.81477, -1.96636],
						"0.2083": [-35.07901, -7.49101, -2.97464],
						"1.7917": [-35.08, -7.49, -2.97],
						"1.9167": [12.42, -7.49, -2.97],
						"1.9583": [27.42, -7.49, -2.97],
						"2.0417": [39.92, -7.49, -2.97],
						"2.0833": [47.42, -7.49, -2.97],
						"2.1667": [54.54438, -5.57653, -27.67417],
						"2.25": [47.10023, -3.7576, -34.90231],
						"2.3333": [44.00637, -8.1389, -32.97273]
					}
				},
				"leg_left2": {
					"rotation": {
						"0.0": [55, 0, 0],
						"0.2083": [62.42205, 0.91445, -0.51693],
						"0.375": [126.99756, 9.49638, 0.46707],
						"1.7917": [127, 9.5, 0.47],
						"1.9167": [77, 9.5, 0.47],
						"2.0417": [29.5, 9.5, 0.47],
						"2.125": [34.5, 9.5, 0.47],
						"2.2083": [38.67165, 6.97347, -3.74522],
						"2.2917": [34.66877, -0.45617, -3.58248],
						"2.3333": [6.53086, -10.96058, -0.30648],
						"2.4167": [16.20512, -11.55928, 5.3682],
						"2.5833": [18.09099, -14.36047, 12.15321]
					},
					"position": {
						"0.2083": [0, 0, 0],
						"0.375": [0.15539, -0.73326, 3.09879],
						"1.7917": [0.15539, -0.73326, 3.09879],
						"1.9167": [0, 0, 0]
					}
				},
				"foot_left": {
					"rotation": {
						"0.0": [-12.48848, 0.54094, 2.44081],
						"0.2083": [-29.78915, 1.53435, 4.59546],
						"0.375": [-12.48848, 0.54094, 2.44081],
						"1.875": [-12.49, 0.54, 2.44],
						"2.0833": [25.01, 0.54, 2.44],
						"2.25": [18.19822, -42.51404, 3.47636]
					}
				},
				"toes_left": {
					"rotation": {
						"0.2083": [0, 0, 0],
						"0.375": [-34.62993, 1.67628, 4.38118],
						"1.75": [-34.63, 1.68, 4.38],
						"1.875": [-57.13, 1.68, 4.38],
						"2.0": [25.37, 1.68, 4.38],
						"2.25": [12.87, 1.68, 4.38]
					}
				},
				"ear_right": {
					"rotation": {
						"0.0": [0, 0, 0],
						"0.25": [0, -5, 0],
						"0.4167": [11.99755, 14.5311, -6.23987],
						"0.625": [-3.00245, 14.5311, -6.23987],
						"0.7083": [-5.50245, 14.5311, -6.23987],
						"0.7917": [-13.40732, -16.35968, -1.00754],
						"0.9583": [-24.39583, -11.13117, 11.22321],
						"1.0417": [0, 0, 0],
						"1.8333": [0, 0, 0],
						"1.9167": [-45.31145, 16.53453, 15.27996],
						"2.0833": [-45.31, 16.53, 15.28],
						"2.1667": [32.76005, -23.67639, -63.82672],
						"2.2917": [-19.44457, -9.53538, -5.30403],
						"2.4583": [-26.94457, -9.53538, -5.30403],
						"2.8333": [-31.94457, -9.53538, -5.30403]
					}
				},
				"ear_left": {
					"rotation": {
						"0.0": [0, 0, 0],
						"0.25": [0, 5, 0],
						"0.4167": [11.99755, -14.5311, 6.23987],
						"0.625": [-3.00245, -14.5311, 6.23987],
						"0.7083": [-5.50245, -14.5311, 6.23987],
						"0.7917": [-13.40732, 16.35968, 1.00754],
						"0.9583": [-24.39583, 11.13117, -11.22321],
						"1.0417": [0, 0, 0],
						"1.8333": [0, 0, 0],
						"1.9167": [-45.31145, -16.53453, -15.27996],
						"2.0833": [-45.31, -16.53, -15.28],
						"2.1667": [32.76005, 23.67639, 63.82672],
						"2.2917": [-19.44457, 9.53538, 5.30403],
						"2.4583": [-26.94457, 9.53538, 5.30403],
						"2.8333": [-31.94457, 9.53538, 5.30403]
					}
				},
				"eyebrows": {
					"position": [0, 0, 0]
				},
				"toes_right": {
					"rotation": {
						"0.2083": [0, 0, 0],
						"0.375": [-27.39974, -0.4928, -2.19999],
						"1.75": [-27.39974, -0.4928, -2.19999],
						"1.875": [-57.13, -1.68, -4.38],
						"2.0": [25.37, -1.68, -4.38],
						"2.25": [12.87, -1.68, -4.38]
					}
				},
				"head_ruff_front": {
					"rotation": {
						"0.0": [0, 0, 0],
						"0.3333": [20, 0, 0],
						"0.6667": [20, 0, 0],
						"0.75": [27.5, 0, 0],
						"0.9583": [32.5, 0, 0],
						"1.2917": [12.5, 0, 0],
						"2.0": [12.5, 0, 0],
						"2.0833": [52.5, 0, 0],
						"2.1667": [57.5, 0, 0],
						"2.5": [52.5, 0, 0],
						"2.9167": [47.5, 0, 0]
					}
				}
			}
		}
	}
}