{
	"format_version": "1.8.0",
	"animations": {
		"animation.klocktowl.ground_idle": {
			"loop": true,
			"bones": {
				"head": {
					"rotation": [1.77616, 27.24989, 8.65082]
				},
				"wing_closed_right": {
					"rotation": [14.87739, -1.93597, 7.24721]
				},
				"wing_closed_right2": {
					"rotation": [15.00731, 3.06173, -11.76771]
				},
				"wing_closed_left": {
					"rotation": [14.87739, 1.93597, -7.24721]
				},
				"wing_closed_left2": {
					"rotation": [14.65993, -3.21132, 12.08681]
				},
				"leg_right": {
					"rotation": [0, 27.5, 0]
				},
				"leg_left": {
					"rotation": [0, -27.5, 0]
				},
				"wing_open_right": {
					"scale": 0
				},
				"wing_open_left": {
					"scale": 0
				}
			}
		},
		"animation.klocktowl.air_idle": {
			"loop": true,
			"bones": {
				"body": {
					"rotation": [25, 0, 0],
					"position": [0, "7+Math.sin((q.anim_time-(1.1/10))*90*10)*1", 14]
				},
				"tail": {
					"rotation": ["17.5-Math.sin((q.anim_time)*90*10)*5", 0, 0]
				},
				"torso": {
					"rotation": [2.5, 0, 0]
				},
				"chest": {
					"rotation": [15, 0, 0]
				},
				"head": {
					"rotation": [5, 0, 0]
				},
				"leg_left": {
					"rotation": [-37, -27.51235, -12.45891]
				},
				"leg_left2": {
					"rotation": [20, 0, 0]
				},
				"foot_left": {
					"rotation": [-10.93083, -5.17386, 27.70422]
				},
				"toe_left1": {
					"rotation": [10, 0, 0]
				},
				"toe_left1_2": {
					"rotation": [37.5, 0, 0]
				},
				"toe_left2": {
					"rotation": [17.5, 0, 0]
				},
				"toe_left2_2": {
					"rotation": [40, 0, 0]
				},
				"toe_left3": {
					"rotation": [15, 0, 0]
				},
				"toe_left3_2": {
					"rotation": [27.5, 0, 0]
				},
				"toe_left_back": {
					"rotation": [-40, 0, 0]
				},
				"leg_right": {
					"rotation": [-37, 23.61425, 8.38998]
				},
				"leg_right2": {
					"rotation": [15, 0, 0]
				},
				"foot_right": {
					"rotation": [-10.10912, 2.49762, -25.00238]
				},
				"toe_right1": {
					"rotation": [10, 0, 0]
				},
				"toe_right1_2": {
					"rotation": [25, 0, 0]
				},
				"toe_right2_2": {
					"rotation": [40, 0, 0]
				},
				"toe_right3": {
					"rotation": [5, 0, 0]
				},
				"toe_right3_2": {
					"rotation": [32.5, 0, 0]
				},
				"toe_right_back": {
					"rotation": [-45, 0, 0]
				},
				"wing_open_left": {
					"rotation": [12.5, "0+Math.sin((q.anim_time)*90*10)*75", -20]
				},
				"wing_open_left2": {
					"rotation": [0, "0+Math.sin((q.anim_time-(1.15/10))*90*10)*30+Math.clamp(Math.sin((q.anim_time-(1.25/10))*90*10)*75, 0, 75)", 7.5]
				},
				"wing_open_left3": {
					"rotation": [2.5, "0+Math.sin((q.anim_time-(1.2/10))*90*10)*30", 7.5]
				},
				"wing_open_right": {
					"rotation": [12.5, "0-Math.sin((q.anim_time)*90*10)*75", 20]
				},
				"wing_open_right2": {
					"rotation": [0, "0-Math.sin((q.anim_time-(1.15/10))*90*10)*30-Math.clamp(Math.sin((q.anim_time-(1.25/10))*90*10)*75, 0, 75)", -7.5]
				},
				"wing_open_right3": {
					"rotation": [2.5, "0-Math.sin((q.anim_time-(1.2/10))*90*10)*30", -7.5]
				},
				"tie": {
					"rotation": [-10, 0, 0]
				},
				"jaw": {
					"rotation": [47.5, 0, 0]
				},
				"wing_closed_right": {
					"scale": 0
				},
				"wing_closed_left": {
					"scale": 0
				}
			}
		},
		"animation.klocktowl.blink": {
			"animation_length": 0.16667,
			"bones": {
				"eye_right": {
					"position": [0, 0, 0]
				},
				"eyelid_right": {
					"position": {
						"0.125": [0, 0, -0.1],
						"0.1667": [0, 0, 0]
					}
				},
				"eyelid_left": {
					"position": {
						"0.125": [0, 0, -0.1],
						"0.1667": [0, 0, 0]
					}
				}
			}
		}
	}
}