{
	"format_version": "1.8.0",
	"animations": {
		"animation.labsire.pose": {
			"loop": true,
			"bones": {
				"tail": {
					"rotation": [-18.31885, -36.49142, 7.81969]
				},
				"tail2": {
					"rotation": [16.80857, -26.48829, -7.6734]
				},
				"foot_left": {
					"rotation": [0, -22.5, 0]
				},
				"foot_right": {
					"rotation": [0, 15, 0]
				},
				"torso2": {
					"rotation": [7.5, 0, 0]
				},
				"arm_left": {
					"rotation": [0, 17.5, -35]
				},
				"arm_right": {
					"rotation": [6.41518, -4.88119, -4.95376]
				},
				"head": {
					"rotation": [-5.17922, -12.51096, 0.55409]
				}
			}
		},
		"animation.labsire.blink": {
			"animation_length": 0.16667,
			"bones": {
				"eyelid_left": {
					"position": {
						"0.125": [0.1, 0, -0.1],
						"0.1667": [0, 0, 0]
					}
				},
				"eyelid_right": {
					"position": {
						"0.125": [-0.1, 0, -0.1],
						"0.1667": [0, 0, 0]
					}
				}
			}
		},
		"animation.labsire.mouth_closed": {
			"loop": true,
			"bones": {
				"mouth_open": {
					"position": [0, 0, 0.1]
				},
				"mouth_closed": {
					"position": [0, 0, -0.1]
				}
			}
		},
		"animation.labsire.ground_idle": {
			"loop": true,
			"bones": {
				"body": {
					"rotation": ["2*math.sin(q.anim_time*90*5)", 0, 0],
					"position": [0, "0.3*math.sin(q.anim_time*90*5-90)", "0+0.15*math.sin(q.anim_time*90*2.5+90)"]
				},
				"tail": {
					"rotation": ["0+10*math.sin(q.anim_time*90*5-180)", 0, 0]
				},
				"tail2": {
					"rotation": ["0+3*math.sin(q.anim_time*90*5-270)", 0, 0]
				},
				"torso1": {
					"rotation": [0, 0, 0],
					"position": [0, 0, 0]
				},
				"arm_right": {
					"rotation": [90, 0, "0+5*math.sin(q.anim_time*90*5-270)"]
				},
				"arm_left": {
					"rotation": [90, 0, "0-5*math.sin(q.anim_time*90*5-270)"]
				},
				"head": {
					"rotation": ["3*math.sin(q.anim_time*90*5-90)", 0, 0],
					"position": [0, "-0.1*math.sin(q.anim_time*90*5)-0.1", 0]
				},
				"foot_left": {
					"rotation": ["0+5*math.sin(q.anim_time*90*5-90)", 0, 0],
					"position": [0, "0-0.4*math.sin(q.anim_time*90*5+90)", "0+0.125*math.sin(q.anim_time*90*5+90)"]
				},
				"foot_right": {
					"rotation": ["0+5*math.sin(q.anim_time*90*5-90)", 0, 0],
					"position": [0, "0-0.4*math.sin(q.anim_time*90*5+90)", "0+0.125*math.sin(q.anim_time*90*5+90)"]
				}
			}
		},
		"animation.labsire.ground_walk": {
			"loop": true,
			"bones": {
				"body": {
					"rotation": ["2.5+7.5*math.sin(q.anim_time*90*8.2-270)", 0, 0],
					"position": [
						0,
						"7*math.clamp(math.abs(math.sin(q.anim_time*90*4.1)),0.4,1)-2.8",
						"-3.5*math.sin(q.anim_time*90*8.2-180+math.sin(q.anim_time*90*8.2-180)*-20)"
					]
				},
				"tail": {
					"rotation": ["30*math.sin(q.anim_time*90*8.2-180-30)", 0, 0]
				},
				"tail2": {
					"rotation": ["math.clamp(20*math.sin(q.anim_time*90*8.2-180-90),-20,20)", 0, 0]
				},
				"torso1": {
					"rotation": [0, 0, 0],
					"position": [0, 0, 0]
				},
				"torso2": {
					"rotation": ["10*math.sin(q.anim_time*90*8.2-180)", 0, 0],
					"position": [0, "0.5*math.sin(q.anim_time*90*8.2-180)-0.25", 0]
				},
				"arm_right": {
					"rotation": [90, 0, "0+30*math.sin(q.anim_time*90*8.2-180-30)"]
				},
				"arm_left": {
					"rotation": [90, 0, "-30*math.sin(q.anim_time*90*8.2-180-30)"]
				},
				"head": {
					"rotation": ["10*math.sin(q.anim_time*90*8.2-180)", 0, 0],
					"position": [0, "0.5*math.sin(q.anim_time*90*8.2-180)-0.25", 0]
				},
				"foot_left": {
					"rotation": ["-5+math.clamp(120*math.sin(q.anim_time*90*8.2-30),-20,120)+math.clamp(60*math.sin(q.anim_time*90*8.2-30),-120,-10)", 0, 0],
					"position": [0, "3*math.abs(math.sin(q.anim_time*90*4.1))", "-1.6+1.5*math.sin(q.anim_time*90*8.2)"]
				},
				"foot_right": {
					"rotation": ["-5+math.clamp(120*math.sin(q.anim_time*90*8.2-30),-20,120)+math.clamp(60*math.sin(q.anim_time*90*8.2-30),-120,-10)", 0, 0],
					"position": [0, "3*math.abs(math.sin(q.anim_time*90*4.1))", "-1.6+1.5*math.sin(q.anim_time*90*8.2)"]
				}
			}
		}
	}
}