{
	"format_version": "1.8.0",
	"animations": {
		"animation.lopunny_delta.ground_walk": {
			"loops": true,
			"bones": {
				"ear_right": {
					"rotation": ["-5*math.sin(q.anim_time*200*2.75+180)", 0, -10]
				},
				"ear_right2": {
					"rotation": [0, 0, "-50-1*math.sin(q.anim_time*200*2.75+180)"],
					"position": [0, "-0.2*math.sin(q.anim_time*200*2.75+180)", 0]
				},
				"ear_right3": {
					"rotation": [0, 0, -5]
				},
				"ear_right4": {
					"rotation": [0, 0, -5]
				},
				"ear_right5": {
					"rotation": [0, 0, -5]
				},
				"ear_left": {
					"rotation": ["5*math.sin(q.anim_time*200*2.75+180)", 0, 10]
				},
				"ear_left2": {
					"rotation": [0, 0, "50+1*math.sin(q.anim_time*200*2.75+180)"],
					"position": [0, "0.2*math.sin(q.anim_time*200*2.75+180)", 0]
				},
				"ear_left3": {
					"rotation": [0, 0, 5]
				},
				"ear_left4": {
					"rotation": [0, 0, 5]
				},
				"ear_left5": {
					"rotation": [0, 0, 5]
				},
				"arm_right": {
					"rotation": [15, 15, "-50-3*math.sin(q.anim_time*200*2.75+180)"]
				},
				"arm_right2": {
					"rotation": [0, -30, 0]
				},
				"arm_left": {
					"rotation": [15, -15, "50-3*math.sin(q.anim_time*200*2.75+180)"]
				},
				"arm_left2": {
					"rotation": [0, 30, 0]
				},
				"finger_right_index": {
					"rotation": [0, 0, -2.5]
				},
				"finger_right_ring": {
					"rotation": [0, 0, -2.5]
				},
				"finger_left_index": {
					"rotation": [0, 0, 2.5]
				},
				"finger_left_ring": {
					"rotation": [0, 0, 2.5]
				},
				"tail": {
					"rotation": [0, 0, 0]
				},
				"torso_top": {
					"rotation": [0, 0, "-1*math.sin(q.anim_time*200*2.75+180)"]
				},
				"head": {
					"rotation": [0, 0, "-3*math.sin(q.anim_time*200*2.75+180)"]
				},
				"finger_left_middle": {
					"rotation": [0, 0, 0]
				},
				"torso_bottom": {
					"rotation": [0, "-2*math.sin(q.anim_time*200*2.75+180)", 0]
				},
				"leg_right": {
					"rotation": ["-12*math.sin(q.anim_time*200*2.75+180)", 0, 0]
				},
				"leg_right2": {
					"rotation": {
						"0.0": ["-12*math.sin(q.anim_time*200*2.75+180)", 0, 0],
						"11.375": [12.5, 0, 0]
					}
				},
				"leg_left": {
					"rotation": ["12*math.sin(q.anim_time*200*2.75+180)", 0, 0]
				},
				"leg_left2": {
					"rotation": {
						"0.0": ["12*math.sin(q.anim_time*200*2.75+180)", 0, 0],
						"11.375": [12.5, 0, 0]
					}
				}
			}
		},
		"animation.lopunny_delta.blink": {
			"animation_length": 0.1667,
			"bones": {
				"eyelid_right": {
					"position": {
						"0.0": [-0.1, 0, 0],
						"0.125": [-0.1, 0, 0],
						"0.1667": [0, 0, 0]
					}
				},
				"eyelid_left": {
					"position": {
						"0.0": [0.1, 0, 0],
						"0.125": [0.1, 0, 0],
						"0.1667": [0, 0, 0]
					}
				}
			}
		},
		"animation.lopunny_delta.ground_idle": {
			"loops": true,
			"bones": {
				"ear_right": {
					"rotation": ["-5*math.sin(q.anim_time*50*2.75+180)", 0, -10]
				},
				"ear_right2": {
					"rotation": [0, 0, "-50-1*math.sin(q.anim_time*50*2.75+180)"],
					"position": [0, "-0.2*math.sin(q.anim_time*50*2.75+180)", 0]
				},
				"ear_right3": {
					"rotation": [0, 0, -5]
				},
				"ear_right4": {
					"rotation": [0, 0, -5]
				},
				"ear_right5": {
					"rotation": [0, 0, -5]
				},
				"ear_left": {
					"rotation": ["1*math.sin(q.anim_time*50*2.75+180)", 0, 10]
				},
				"ear_left2": {
					"rotation": [0, 0, "50+1*math.sin(q.anim_time*50*2.75+180)"],
					"position": [0, "0.2*math.sin(q.anim_time*50*2.75+180)", 0]
				},
				"ear_left3": {
					"rotation": [0, 0, 5]
				},
				"ear_left4": {
					"rotation": [0, 0, 5]
				},
				"ear_left5": {
					"rotation": [0, 0, 5]
				},
				"arm_right": {
					"rotation": [15, 15, "-50-2*math.sin(q.anim_time*50*2.75+180)"]
				},
				"arm_right2": {
					"rotation": [0, -30, 0]
				},
				"arm_left": {
					"rotation": [15, -15, "50-2*math.sin(q.anim_time*50*2.75+180)"]
				},
				"arm_left2": {
					"rotation": [0, 30, 0]
				},
				"finger_right_index": {
					"rotation": [0, 0, -2.5]
				},
				"finger_right_ring": {
					"rotation": [0, 0, -2.5]
				},
				"finger_left_index": {
					"rotation": [0, 0, 2.5]
				},
				"finger_left_ring": {
					"rotation": [0, 0, 2.5]
				},
				"tail": {
					"rotation": [0, 0, 0]
				},
				"torso_top": {
					"rotation": [0, 0, "-1*math.sin(q.anim_time*50*2.75+180)"]
				},
				"head": {
					"rotation": [0, 0, "-1*math.sin(q.anim_time*50*2.75+180)"]
				},
				"finger_left_middle": {
					"rotation": [0, 0, 0]
				},
				"torso_bottom": {
					"rotation": [0, "-1*math.sin(q.anim_time*100*2.75+180)", 0]
				},
				"leg_right": {
					"rotation": ["-1*math.sin(q.anim_time*50*2.75+180)", 0, 0]
				},
				"leg_right2": {
					"rotation": {
						"0.0": [12.5, 0, 0],
						"11.375": [12.5, 0, 0]
					}
				},
				"leg_left": {
					"rotation": ["1*math.sin(q.anim_time*50*2.75+180)", 0, 0]
				},
				"leg_left2": {
					"rotation": {
						"0.0": [12.5, 0, 0],
						"11.375": [12.5, 0, 0]
					}
				}
			}
		}
	}
}