{
	"format_version": "1.8.0",
	"animations": {
		"animation.malevorus_incarnate.ground_idle": {
			"loop": true,
			"bones": {
				"torso": {
					"rotation": [-2.5, 0, 0]
				},
				"arm_left": {
					"rotation": [86.69491, 58.77539, 89.94087]
				},
				"arm_left2": {
					"rotation": [0, 82.5, 0]
				},
				"hand_left": {
					"rotation": [0, 12.5, 0]
				},
				"finger_left1_1": {
					"rotation": [0, 0, 45]
				},
				"finger_left1_2": {
					"rotation": [0, 0, 55]
				},
				"finger_left2_1": {
					"rotation": [0, 0, 40]
				},
				"finger_left2_2": {
					"rotation": [0, 0, 55]
				},
				"finger_left3_1": {
					"rotation": [0, 0, 45]
				},
				"finger_left3_2": {
					"rotation": [0, 0, 55]
				},
				"thumb_left": {
					"rotation": [30, -40, 0]
				},
				"thumb_left2": {
					"rotation": [20, 0, 0]
				},
				"cloud_tail": {
					"rotation": [-15, 0, 0]
				},
				"cloud_tail2": {
					"rotation": [7.5, 0, 0]
				},
				"arm_right": {
					"rotation": [83.34891, -62.55479, -86.40158]
				},
				"arm_right2": {
					"rotation": [0, -85, 0]
				},
				"hand_right": {
					"rotation": [-6.1512, -16.72698, 15.60837]
				},
				"finger_right1_1": {
					"rotation": [0, 0, -30]
				},
				"finger_right1_2": {
					"rotation": [0, 0, -30]
				},
				"finger_right2_1": {
					"rotation": [0, 0, -25]
				},
				"finger_right2_2": {
					"rotation": [0, 0, -40]
				},
				"finger_right3_1": {
					"rotation": [0, 0, -30]
				},
				"finger_right3_2": {
					"rotation": [0, 0, -40]
				},
				"tail": {
					"rotation": [-47.40093, -4.21541, 142.30864]
				},
				"tail2": {
					"rotation": [-37.5, 0, 0]
				},
				"tail3": {
					"rotation": [-30, 0, 0]
				},
				"tail4": {
					"rotation": [-35, 0, 0]
				},
				"tail5": {
					"rotation": [-35, 0, 0]
				},
				"tail6": {
					"rotation": [-35, 0, 0]
				},
				"tail7": {
					"rotation": [-32.5, 0, 0]
				},
				"head": {
					"rotation": [5, 0, 0]
				},
				"tail8": {
					"rotation": [-10, 0, 0]
				},
				"malevorus_incarnate": {
					"rotation": ["2.5*math.sin(q.anim_time*90*2)*0.5", 0, "2.5*math.sin(q.anim_time*90*2+90)*0.5"],
					"position": ["0+math.sin(q.anim_time*90*1.5)*2", "8+math.sin(q.anim_time*90*3)*1", "0+math.sin(q.anim_time*90*3)*0.5"]
				}
			}
		},
		"animation.malevorus_incarnate.pose2": {
			"loop": true,
			"bones": {
				"torso": {
					"rotation": [5, 0, 0]
				},
				"arm_left": {
					"rotation": [8.98725, -12.59996, 25.23882]
				},
				"arm_left2": {
					"rotation": [0, 47.5, 0]
				},
				"hand_left": {
					"rotation": [282.5, 12.5, 0]
				},
				"finger_left1_1": {
					"rotation": [0, 12.5, 45]
				},
				"finger_left1_2": {
					"rotation": [0, 0, 55]
				},
				"finger_left2_1": {
					"rotation": [0, 0, 40]
				},
				"finger_left2_2": {
					"rotation": [0, 0, 55]
				},
				"finger_left3_1": {
					"rotation": [0, -12.5, 45]
				},
				"finger_left3_2": {
					"rotation": [0, 0, 55]
				},
				"thumb_left": {
					"rotation": [30, -40, 0]
				},
				"thumb_left2": {
					"rotation": [20, 0, 0]
				},
				"cloud_tail": {
					"rotation": [-15, 0, 0]
				},
				"cloud_tail2": {
					"rotation": [7.5, 0, 0]
				},
				"arm_right": {
					"rotation": [8.98726, 12.59992, -25.23884]
				},
				"arm_right2": {
					"rotation": [0, -47.5, 0]
				},
				"hand_right": {
					"rotation": [282.5, -12.5, 0]
				},
				"finger_right1_1": {
					"rotation": [0, -12.5, -30]
				},
				"finger_right1_2": {
					"rotation": [0, 0, -30]
				},
				"finger_right2_1": {
					"rotation": [0, 0, -25]
				},
				"finger_right2_2": {
					"rotation": [0, 0, -40]
				},
				"finger_right3_1": {
					"rotation": [0, 12.5, -30]
				},
				"finger_right3_2": {
					"rotation": [0, 0, -40]
				},
				"tail": {
					"rotation": [-52.20217, 21.05127, 157.80824]
				},
				"tail2": {
					"rotation": [-37.5, 0, 0]
				},
				"tail3": {
					"rotation": [-28.30005, -26.94622, 13.71217]
				},
				"tail4": {
					"rotation": [-28.40659, -12.60837, 8.19252]
				},
				"tail5": {
					"rotation": [-38.40659, -12.60837, 8.19252]
				},
				"tail6": {
					"rotation": [-45.1027, 4.09405, -2.87277]
				},
				"tail7": {
					"rotation": [-40.39875, 8.42145, -5.41207]
				},
				"head": {
					"rotation": [17.5, 0, 0]
				},
				"tail8": {
					"rotation": [-10.08453, 7.38542, -1.30962]
				},
				"body": {
					"rotation": [5, 0, 0]
				},
				"thumb_right": {
					"rotation": [30, 40, 0]
				},
				"thumb_right2": {
					"rotation": [20, 0, 0]
				},
				"pupil_right": {
					"position": [0, 0.5, 0]
				},
				"pupil_left": {
					"position": [0, 0.5, 0]
				}
			}
		},
		"animation.malevorus_incarnate.blink": {
			"animation_length": 0.16667,
			"bones": {
				"eyelid_left": {
					"position": {
						"0.125": [0.1, 0, -0.1],
						"0.1667": [0, 0, 0]
					}
				},
				"eyelid_right": {
					"position": {
						"0.125": [-0.1, 0, -0.1],
						"0.1667": [0, 0, 0]
					}
				}
			}
		},
		"animation.malevorus_incarnate.mouth_closed": {
			"animation_length": 0.16667,
			"bones": {
				"mouth": {
					"position": {
						"0.125": [0, 0, -0.1],
						"0.1667": [0, 0, 0]
					}
				}
			}
		}
	}
}