{
	"format_version": "1.8.0",
	"animations": {
		"animation.noctowl_delta.ground_idle": {
			"loop": true,
			"bones": {
				"head": {
					"rotation": [1.68618, -17.19419, 4.07261]
				},
				"tie": {
					"rotation": [-5, 0, -2.5]
				},
				"wing_closed_right": {
					"rotation": [4.98107, -0.43523, 4.98107]
				},
				"wing_closed_right2": {
					"rotation": [4.98107, 0.43523, -4.98107]
				},
				"wing_closed_left": {
					"rotation": [4.98107, 0.43523, -4.98107]
				},
				"wing_closed_left2": {
					"rotation": [4.98107, -0.43523, 4.98107]
				},
				"leg_right": {
					"rotation": [0, 25, 0]
				},
				"toe_right3": {
					"rotation": [0, 7.5, 0]
				},
				"leg_left": {
					"rotation": [0, -25, 0]
				},
				"toe_left1": {
					"rotation": [0, -10, 0]
				},
				"tail": {
					"rotation": [-30, 0, 0]
				},
				"wing_open_left": {
					"scale": 0
				},
				"wing_open_right": {
					"scale": 0
				}
			}
		},
		"animation.noctowl_delta.air_idle": {
			"loop": true,
			"bones": {
				"noctowl_delta": {
					"rotation": [75, 0, 0],
					"position": [0, 6, 12]
				},
				"body": {
					"rotation": [20, 0, 0],
					"position": [0, "-6+Math.sin((q.anim_time-(1.1/10))*90*10)*1", 11]
				},
				"chest": {
					"rotation": [-25, 0, 0]
				},
				"body_lower": {
					"rotation": [10, 0, 0]
				},
				"tail": {
					"rotation": ["-55-Math.sin((q.anim_time)*90*10)*5", 0, 0]
				},
				"body_upper": {
					"rotation": [-15, 0, 0]
				},
				"bib": {
					"rotation": [2.5, 0, 0]
				},
				"bib2": {
					"rotation": [2.5, 0, 0]
				},
				"head": {
					"rotation": ["-12.5+Math.sin((q.anim_time)*90*10)*2", 0, 0]
				},
				"tie": {
					"rotation": [7.5, 0, 0]
				},
				"tie2": {
					"rotation": [-5, 0, 0]
				},
				"jaw": {
					"rotation": [50, 0, 0]
				},
				"leg_right": {
					"rotation": [15.70968, 17.20168, 3.36779]
				},
				"foot_right": {
					"rotation": [14.94548, -1.29256, 4.83045]
				},
				"toe_right1": {
					"rotation": [5, 0, 0]
				},
				"toe_right1_2": {
					"rotation": [42.5, 0, 0]
				},
				"toe_right2": {
					"rotation": [20, 0, 0]
				},
				"toe_right2_2": {
					"rotation": [30, 0, 0]
				},
				"toe_right3": {
					"rotation": [5, 7.5, 0]
				},
				"toe_right3_2": {
					"rotation": [22.5, 0, 0]
				},
				"toe_right_back": {
					"rotation": [-30, 0, 0]
				},
				"leg_left": {
					"rotation": [14.89525, -11.95027, -13.13227]
				},
				"foot_left": {
					"rotation": [40.43246, -7.64427, -6.46635]
				},
				"toe_left1": {
					"rotation": [2.61623, -7.50497, 0.25151]
				},
				"toe_left1_2": {
					"rotation": [42.00961, -2.66365, 0.07313]
				},
				"toe_left2": {
					"rotation": [0, 0, 0]
				},
				"toe_left2_2": {
					"rotation": [47.5, 0, 0]
				},
				"toe_left3": {
					"rotation": [4.84269, 2.49079, 0.26594]
				},
				"toe_left3_2": {
					"rotation": [47.5, 0, 0]
				},
				"toe_left_back": {
					"rotation": [-27.5, 0, 0]
				},
				"wing_open_left": {
					"rotation": [12.5, "-10+Math.sin((q.anim_time)*90*10)*75", -15]
				},
				"wing_open_left2": {
					"rotation": [0, "15+Math.sin((q.anim_time-(1.15/10))*90*10)*30+Math.clamp(Math.sin((q.anim_time-(1.25/10))*90*10)*75, 0, 75)", 2.5]
				},
				"wing_open_left3": {
					"rotation": [2.53852, "9.9904+Math.sin((q.anim_time-(1.2/10))*90*10)*30", 5.44067]
				},
				"wing_open_right": {
					"rotation": [18.38045, "9.9616-Math.sin((q.anim_time)*90*10)*75", 12.57673]
				},
				"wing_open_right2": {
					"rotation": [0.66181, "-9.9711-Math.sin((q.anim_time-(1.15/10))*90*10)*30-Math.clamp(Math.sin((q.anim_time-(1.25/10))*90*10)*75, 0, 75)", -5.07204]
				},
				"wing_open_right3": {
					"rotation": [0.44067, "-9.9904-Math.sin((q.anim_time-(1.2/10))*90*10)*30", -2.53852]
				},
				"delta_noctowl": {
					"rotation": [80, 0, 0]
				},
				"wing_closed_right": {
					"scale": 0
				},
				"wing_closed_left": {
					"scale": 0
				}
			}
		}
	}
}