{
	"format_version": "1.8.0",
	"animations": {
		"animation.perrgatory.ground_idle": {
			"loop": true,
			"bones": {
				"torso": {
					"rotation": ["math.sin(q.anim_time*90*1.5-90)*0.5+3", "math.sin(q.anim_time*90*1.5+33*1)*1+3", 0]
				},
				"neck": {
					"rotation": [0, 0, 0]
				},
				"head": {
					"rotation": [0, "-math.sin(q.anim_time*45*1.5+33*1)*0.5", 0]
				},
				"toe_back_right": {
					"position": [0, 0, 0.5]
				},
				"toe_back_right2": {
					"position": [0, 0, 0.5]
				},
				"toe_back_right3": {
					"position": [0, 0, 0.5]
				},
				"arm_right1": {
					"rotation": ["0-math.sin(q.anim_time*90*1)*0.5", 0, "45+math.sin(q.anim_time*90*1)*0.5"],
					"position": [-11.5, 7.5, 0]
				},
				"arm_left1": {
					"rotation": ["0-math.sin(q.anim_time*90*1)*0.5", 0, "-45-math.sin(q.anim_time*90*1)*0.5"],
					"position": [11.5, 7.5, 0]
				},
				"arm_right2": {
					"rotation": [0, 7.5, 7.5],
					"position": [-3, 1, 1]
				},
				"arm_left2": {
					"rotation": [0, -7.5, -7.5],
					"position": [3, 1, 1]
				},
				"tail1": {
					"rotation": ["25-math.sin(q.anim_time*45*1.5-45+45)", "math.sin(query.anim_time*45*0.75-45)", 0],
					"position": [0, 1.5, -4]
				},
				"tail2": {
					"rotation": ["22.5-math.sin(q.anim_time*45*1.5-45+45)*0.5", "math.sin(query.anim_time*45*0.75-45)*0.5", 0],
					"position": [0, 2, -4.1]
				},
				"tail3": {
					"rotation": ["17-math.sin(q.anim_time*45*3-45+45)*1", "math.sin(query.anim_time*45*1.5-45)*1", 0],
					"position": [0, 1.6, -3.1]
				},
				"tail4": {
					"rotation": ["22-math.sin(q.anim_time*45*3-45+45)*0.5", "math.sin(query.anim_time*45*1.5-45)*1", 0],
					"position": [0, 2, -4]
				},
				"tail8": {
					"rotation": ["-17.5-math.sin(q.anim_time*45*3-90+45)*0.5", "math.sin(query.anim_time*45*1.5-45)*1", 0],
					"position": [0, 0.4, -2.5]
				},
				"leg_back_left1": {
					"rotation": [0, 0, 0]
				},
				"leg_back_right1": {
					"rotation": [0, 0, 0]
				},
				"floating_bead": {
					"rotation": ["math.sin(q.anim_time*70*1)*10", "math.sin(q.anim_time*70*1-60)*-30", "math.sin(q.anim_time*70*1-60)*15"],
					"position": ["math.sin(q.anim_time*70*1-45)*0.5", "math.sin(q.anim_time*70*1-90)*0.5", "3+math.sin(q.anim_time*70*1-90)*0.5"]
				},
				"arm_left3": {
					"rotation": [0, 0, -7.5],
					"position": [2.5, 1.5, 0]
				},
				"arm_right3": {
					"rotation": [0, 0, 7.5],
					"position": [-2.5, 1.5, 0]
				},
				"body": {
					"rotation": [0, 0, 0],
					"position": ["0+math.sin(q.anim_time*90*0.5)*1", "4+math.sin(q.anim_time*90*2)*0.5", "0+math.sin(q.anim_time*90*2)*0.1"]
				},
				"leg_back_left3": {
					"rotation": ["57.5+math.sin(q.anim_time*90*2)*2.5", 0, 0]
				},
				"leg_back_right3": {
					"rotation": ["57.5+math.sin(q.anim_time*90*2)*2.5", 0, 0]
				}
			}
		},
		"animation.perrgatory.blink": {
			"animation_length": 0.1667,
			"bones": {
				"eyelid_right": {
					"position": {
						"0.0": [-0.1, 0, -0.1],
						"0.125": [-0.1, 0, -0.1],
						"0.1667": [0, 0, 0]
					}
				},
				"eyelid_left": {
					"position": {
						"0.0": [0.1, 0, -0.1],
						"0.125": [0.1, 0, -0.1],
						"0.1667": [0, 0, 0]
					}
				}
			}
		},
		"animation.perrgatory.sleep": {
			"loop": true,
			"bones": {
				"eyelid_right": {
					"position": [-0.1, 0, -0.1]
				},
				"neck": {
					"rotation": [17.5, 0, 0],
					"position": [0, 0, 0]
				},
				"eyelid_left": {
					"position": [0.1, 0, -0.1]
				},
				"arm_left1": {
					"rotation": [0, 0, -60],
					"position": [14, 8, 0]
				},
				"arm_left3": {
					"rotation": [0, 0, -7.5],
					"position": [2.5, 1.5, 0]
				},
				"arm_right1": {
					"rotation": [0, 0, 60],
					"position": [-14, 8, 0]
				},
				"arm_right3": {
					"rotation": [0, 0, 7.5],
					"position": [-2.5, 1.5, 0]
				},
				"tail1": {
					"rotation": ["25-math.sin(q.anim_time*45*0.75-45+45)", "math.sin(query.anim_time*45*0.75-45)", 0],
					"position": [0, 1.5, -4]
				},
				"tail2": {
					"rotation": ["22.5-math.sin(q.anim_time*45*0.75-45+45)*0.5", "math.sin(query.anim_time*45*0.75-45)*0.5", 0],
					"position": [0, 2, -4.1]
				},
				"tail3": {
					"rotation": ["-17-math.sin(q.anim_time*45*1.5-45+45)*0.5", "math.sin(query.anim_time*45*0.75-45)*0.5", 0],
					"position": [0, -2.4, 1.65]
				},
				"tail4": {
					"rotation": ["-17-math.sin(q.anim_time*45*1.5-45+45)*0.5", "math.sin(query.anim_time*45*1.5-45)*0.5", 0],
					"position": [0, -2.4, 1.75]
				},
				"tail8": {
					"rotation": ["-17.5-math.sin(q.anim_time*45*1.5-90+45)*0.5", "math.sin(query.anim_time*45*1.5-45)*0.5", 0],
					"position": [0, 0.4, -2.5]
				},
				"floating_bead": {
					"position": [0, -27.25, 0]
				},
				"arms": {
					"position": [0, 4, 0]
				}
			}
		},
		"animation.perrgatory.cry": {
			"animation_length": 1.5,
			"bones": {
				"head": {
					"rotation": {
						"0.0": [0, 0, 0],
						"0.25": [-5, 0, 0],
						"1.25": [-5, 0, 0],
						"1.5": [0, 0, 0]
					}
				},
				"jaw": {
					"rotation": {
						"0.0": [0, 0, 0],
						"0.25": [25, 0, 0],
						"1.25": [25, 0, 0],
						"1.5": [0, 0, 0]
					},
					"position": {
						"0.0": [0, 0, 0],
						"0.25": [0, -0.6, 0],
						"1.25": [0, -0.6, 0],
						"1.5": [0, 0, 0]
					}
				}
			}
		},
		"animation.perrgatory.ground_walk": {
			"loop": true,
			"bones": {
				"torso": {
					"rotation": ["math.sin(q.anim_time*90*1.5-90)*0.5+3", "math.sin(q.anim_time*90*1.5+33*1)*1+3", 0]
				},
				"neck": {
					"rotation": [0, 0, 0]
				},
				"head": {
					"rotation": [0, "-math.sin(q.anim_time*45*1.5+33*1)*0.5", 0]
				},
				"toe_back_right": {
					"position": [0, 0, 0.5]
				},
				"toe_back_right2": {
					"position": [0, 0, 0.5]
				},
				"toe_back_right3": {
					"position": [0, 0, 0.5]
				},
				"arm_right1": {
					"rotation": ["0-math.sin(q.anim_time*90*1)*0.5", 0, "45+math.sin(q.anim_time*90*1)*0.5"],
					"position": [-11.5, 7.5, 0]
				},
				"arm_left1": {
					"rotation": ["0-math.sin(q.anim_time*90*1)*0.5", 0, "-45-math.sin(q.anim_time*90*1)*0.5"],
					"position": [11.5, 7.5, 0]
				},
				"arm_right2": {
					"rotation": [0, 7.5, 7.5],
					"position": [-3, 1, 1]
				},
				"arm_left2": {
					"rotation": [0, -7.5, -7.5],
					"position": [3, 1, 1]
				},
				"tail1": {
					"rotation": ["25-math.sin(q.anim_time*45*1.5-45+45)", "math.sin(query.anim_time*45*0.75-45)", 0],
					"position": [0, 1.5, -4]
				},
				"tail2": {
					"rotation": ["22.5-math.sin(q.anim_time*45*1.5-45+45)*0.5", "math.sin(query.anim_time*45*0.75-45)*0.5", 0],
					"position": [0, 2, -4.1]
				},
				"tail3": {
					"rotation": ["17-math.sin(q.anim_time*45*3-45+45)*1", "math.sin(query.anim_time*45*1.5-45)*1", 0],
					"position": [0, 1.6, -3.1]
				},
				"tail4": {
					"rotation": ["22-math.sin(q.anim_time*45*3-45+45)*0.5", "math.sin(query.anim_time*45*1.5-45)*1", 0],
					"position": [0, 2, -4]
				},
				"tail8": {
					"rotation": ["-17.5-math.sin(q.anim_time*45*3-90+45)*0.5", "math.sin(query.anim_time*45*1.5-45)*1", 0],
					"position": [0, 0.4, -2.5]
				},
				"leg_back_left1": {
					"rotation": [0, 0, 0]
				},
				"leg_back_right1": {
					"rotation": [0, 0, 0]
				},
				"floating_bead": {
					"rotation": ["math.sin(q.anim_time*70*1)*10", "math.sin(q.anim_time*70*1-60)*-30", "math.sin(q.anim_time*70*1-60)*15"],
					"position": ["math.sin(q.anim_time*70*1-45)*0.5", "math.sin(q.anim_time*70*1-90)*0.5", "3+math.sin(q.anim_time*70*1-90)*0.5"]
				},
				"arm_left3": {
					"rotation": [0, 0, -7.5],
					"position": [2.5, 1.5, 0]
				},
				"arm_right3": {
					"rotation": [0, 0, 7.5],
					"position": [-2.5, 1.5, 0]
				},
				"body": {
					"rotation": [12.5, 0, 0],
					"position": ["0+math.sin(q.anim_time*90*0.5)*3", "4+math.sin(q.anim_time*90*2)*0.5", "0+math.sin(q.anim_time*90*2)*0.5"]
				},
				"leg_back_left3": {
					"rotation": ["57.5+math.sin(q.anim_time*90*2)*2.5", 0, 0]
				},
				"leg_back_right3": {
					"rotation": ["57.5+math.sin(q.anim_time*90*2)*2.5", 0, 0]
				}
			}
		}
	}
}