{
	"format_version": "1.8.0",
	"animations": {
		"animation.sinisurge.ground_idle": {
			"loop": true,
			"bones": {
				"head": {
					"rotation": ["-math.sin(q.anim_time*90*2+90)*8", "math.sin(q.anim_time*90*45)*0.5*math.sin(q.anim_time*90*20)*3", "math.sin(q.anim_time*90*2)*8"],
					"position": ["math.sin(q.anim_time*90*2)*1", 0.5, "math.sin(q.anim_time*90*2+90)*1"]
				},
				"top_bolt": {
					"rotation": ["0+math.sin(q.anim_time*90*2-60)*9", "math.sin(q.anim_time*90*45)*0.5*math.sin(q.anim_time*90*20)*8", 0]
				},
				"sinisteab": {
					"position": ["0+math.sin(q.anim_time*90*2)*2", "16-math.sin(q.anim_time*90*4)*2", 0]
				},
				"bot_bolt": {
					"rotation": ["0+math.sin(q.anim_time*90*2-60)*9", "math.sin(q.anim_time*90*45)*0.5*math.sin(q.anim_time*90*20)*8", 0]
				}
			}
		},
		"animation.sinisurge.ground_walk": {
			"loop": true,
			"bones": {
				"sinisteab": {
					"position": ["0+math.sin(q.anim_time*90*2)*2", "16-math.sin(q.anim_time*90*4)*3", 0]
				},
				"head": {
					"rotation": [
						"17.5-math.sin(q.anim_time*90*2+90)*8",
						"0+math.sin(q.anim_time*90*45)*0.5*math.sin(q.anim_time*90*20)*3",
						"0+math.sin(q.anim_time*90*2)*8"
					],
					"position": ["math.sin(q.anim_time*90*2)*1", 0.5, "math.sin(q.anim_time*90*2+90)*1"]
				},
				"top_bolt": {
					"rotation": ["0+math.sin(q.anim_time*90*2-60)*9", "math.sin(q.anim_time*90*45)*0.5*math.sin(q.anim_time*90*20)*8", 0]
				},
				"bot_bolt": {
					"rotation": ["0+math.sin(q.anim_time*90*2-60)*9", "math.sin(q.anim_time*90*45)*0.5*math.sin(q.anim_time*90*20)*8", 0]
				}
			}
		}
	}
}