{
	"format_version": "1.8.0",
	"animations": {
		"animation.turnizone.ground_idle": {
			"loop": true,
			"bones": {
				"allbodies": {
					"rotation": ["5+Math.cos((query.anim_time) * 90 * 1 - 90) * 1", 0, "0+Math.cos((query.anim_time) * 90 * 1/2) * 2"],
					"position": [0, "0+Math.cos((query.anim_time) * 90 * 1) * 0.8", 0]
				},
				"root_right": {
					"rotation": ["17.8981+Math.cos((query.anim_time) * 90 * 1 - 130) * -3", 11.91276, "3.814+Math.cos((query.anim_time) * 90 * 1 - 90) * 1"]
				},
				"root_right_bottom1": {
					"rotation": [10, 0, 0]
				},
				"root_right_bottom2": {
					"rotation": [-17.5, 0, 0]
				},
				"root_right_bottom3": {
					"rotation": [17.5, 0, 0]
				},
				"root_right_top1": {
					"rotation": [-30, 0, 0]
				},
				"root_right_top2": {
					"rotation": [22.5, 0, 0]
				},
				"root_right_top3": {
					"rotation": [-15, 0, 0]
				},
				"leaf_right": {
					"rotation": [0, 32.5, "0+Math.cos((query.anim_time) * 90 * 1 - 130) * 3"]
				},
				"stem_middle": {
					"rotation": [-7.49294, 0.32621, 2.47864]
				},
				"stem_middle2": {
					"rotation": [-10, 0, -10]
				},
				"leaf_middle": {
					"rotation": [0, 17.5, "0+Math.cos((query.anim_time) * 90 * 1 - 150) * 3"]
				},
				"stem_middle3": {
					"rotation": [0, 0, 12.5]
				},
				"root_back": {
					"rotation": ["-15+Math.cos((query.anim_time) * 90 * 1 - 110) * 3", 0, 0]
				},
				"root_back_bottom1": {
					"rotation": [0, 30, 0]
				},
				"root_back_bottom2": {
					"rotation": [0, -17.5, 0]
				},
				"root_back_bottom3": {
					"rotation": [0, 25, 0]
				},
				"root_back_top1": {
					"rotation": [0, -22.5, 0]
				},
				"root_back_top2": {
					"rotation": [0, 12.5, 0]
				},
				"root_back_top3": {
					"rotation": [0, -20, 0]
				},
				"root_left": {
					"rotation": ["17.8981+Math.cos((query.anim_time) * 90 * 1 - 130) * -3", -11.91276, -3.81397]
				},
				"root_left_bottom1": {
					"rotation": [10, 0, 0]
				},
				"root_left_bottom2": {
					"rotation": [-17.5, 0, 0]
				},
				"root_left_bottom3": {
					"rotation": [17.5, 0, 0]
				},
				"root_left_top1": {
					"rotation": [-30, 0, 0]
				},
				"root_left_top2": {
					"rotation": [22.5, 0, 0]
				},
				"root_left_top3": {
					"rotation": [-15, 0, 0]
				},
				"leaf_left": {
					"rotation": [0, -32.5, "0+Math.cos((query.anim_time) * 90 * 1 - 130) * -3"]
				}
			}
		},
		"animation.turnizone.ground_walk": {
			"loop": true,
			"bones": {
				"torso_middle": {
					"rotation": [10, 0, 0]
				},
				"torso_right": {
					"rotation": [10, 0, 0]
				},
				"pupil_right": {
					"position": [0, 0, 0]
				},
				"leaf_middle": {
					"rotation": [0, "62.5+Math.cos((query.anim_time) * 90 * 16 - 90) * 2", "17.5+Math.cos((query.anim_time) * 90 * 8 - 90) * 4"]
				},
				"torso_left": {
					"rotation": [10, 0, 0]
				},
				"leaf_left": {
					"rotation": [5, "-17.5+Math.cos((query.anim_time) * 90 * 16 - 90) * -2", "-40+Math.cos((query.anim_time) * 90 * 8 - 90) * -4"]
				},
				"allbodies": {
					"rotation": ["0+Math.cos((query.anim_time) * 90 * 8 - 90) * 1", 0, "0+Math.cos((query.anim_time) * 90 * 1 - 90) * 3"],
					"position": [0, "5+Math.cos((query.anim_time) * 90 * 8) * 0.3", 0]
				},
				"leaf_right": {
					"rotation": [5, "17.5+Math.cos((query.anim_time) * 90 * 16 - 90) * 2", "40+Math.cos((query.anim_time) * 90 * 8 - 90) * 4"]
				},
				"root_left": {
					"rotation": ["12.8578+Math.cos((query.anim_time) * 90 * 8 - 120) * -4", -2.39886, -6.6489]
				},
				"root_left_top1": {
					"rotation": [-35, 0, 0]
				},
				"root_left_bottom1": {
					"rotation": [40, 0, 0]
				},
				"root_left_top2": {
					"rotation": [42.5, 0, 0]
				},
				"root_left_top3": {
					"rotation": [-17.5, 0, 0]
				},
				"root_left_bottom3": {
					"rotation": [15, 0, 0]
				},
				"root_left_bottom2": {
					"rotation": [-20, 0, 0]
				},
				"root_right": {
					"rotation": ["12.8578+Math.cos((query.anim_time) * 90 * 8 - 120) * -4", 2.39886, 6.6489]
				},
				"root_right_bottom1": {
					"rotation": [40, 0, 0]
				},
				"root_right_bottom2": {
					"rotation": [-20, 0, 0]
				},
				"root_right_bottom3": {
					"rotation": [15, 0, 0]
				},
				"root_right_top1": {
					"rotation": [-35, 0, 0]
				},
				"root_right_top2": {
					"rotation": [42.5, 0, 0]
				},
				"root_right_top3": {
					"rotation": [-17.5, 0, 0]
				},
				"stem_middle2": {
					"rotation": [-5, 0, -10]
				},
				"stem_middle": {
					"rotation": ["-12.5+Math.cos((query.anim_time) * 90 * 8 - 120) * -2", 0, 5]
				},
				"stem_middle3": {
					"rotation": [7.5, 0, 12.5]
				},
				"root_back": {
					"rotation": ["-27.5+Math.cos((query.anim_time) * 90 * 8 - 120) * 2", 0, 0]
				},
				"root_back_bottom1": {
					"rotation": [0, 42.5, 0]
				},
				"root_back_bottom2": {
					"rotation": [0, -37.5, 0]
				},
				"root_back_bottom3": {
					"rotation": [0, 20, 0]
				},
				"root_back_top1": {
					"rotation": [0, -40, 0]
				},
				"root_back_top2": {
					"rotation": [0, 37.5, 0]
				},
				"root_back_top3": {
					"rotation": [0, -27.5, 0]
				}
			}
		},
		"animation.turnizone.sleep": {
			"loop": true,
			"bones": {
				"allbodies": {
					"position": [0, -8, 0]
				},
				"root_right": {
					"rotation": [-27.5, 17.5, 30]
				},
				"root_right_bottom1": {
					"rotation": [57.5, 37.5, -2.5]
				},
				"root_right_bottom2": {
					"rotation": [-10, 0, 0]
				},
				"root_right_bottom3": {
					"rotation": [45, 0, 0]
				},
				"root_right_top1": {
					"rotation": [12.5, -50, -7.5]
				},
				"root_right_top2": {
					"rotation": [42.5, 0, 0]
				},
				"root_right_top3": {
					"rotation": [-27.5, 0, 0]
				},
				"eyelid_half_right": {
					"position": [0, 0, 0.1]
				},
				"eyelid_full_right": {
					"position": [0, 0, -0.1]
				},
				"leaf_right": {
					"rotation": [-27.5, 32.5, "-22.5+Math.cos((query.anim_time) * 90 * 1 - 45) * -1"]
				},
				"body_middle": {
					"rotation": ["0+Math.cos((query.anim_time) * 90 * 1) * 1", 0, 0]
				},
				"stem_middle": {
					"rotation": [-22.5, 0, 17.5]
				},
				"stem_middle2": {
					"rotation": [-22.5, 0, -20]
				},
				"leaf_middle": {
					"rotation": [0, 60, "0+Math.cos((query.anim_time) * 90 * 1 - 45) * -1"]
				},
				"stem_middle3": {
					"rotation": [-32.5, 0, 27.5]
				},
				"root_back": {
					"rotation": [32.5, 0, 0]
				},
				"root_back_bottom1": {
					"rotation": [-22.5, 25, -22.5]
				},
				"root_back_bottom2": {
					"rotation": [-45, -15, 0]
				},
				"root_back_bottom3": {
					"rotation": [0, 17.5, 0]
				},
				"root_back_top1": {
					"rotation": [-27.5, -25, 0]
				},
				"root_back_top2": {
					"rotation": [-12.5, 40, 0]
				},
				"root_back_top3": {
					"rotation": [-35, -30, 0]
				},
				"root_left": {
					"rotation": [-27.5, -17.5, -30]
				},
				"root_left_bottom1": {
					"rotation": [57.5, 0, 10]
				},
				"root_left_bottom2": {
					"rotation": [-10, 0, 0]
				},
				"root_left_bottom3": {
					"rotation": [45, 0, 0]
				},
				"root_left_top1": {
					"rotation": [5, 55, -7.5]
				},
				"root_left_top2": {
					"rotation": [42.5, 0, 0]
				},
				"root_left_top3": {
					"rotation": [-27.5, 0, 0]
				},
				"eyelid_half_left": {
					"position": [0, 0, 0.1]
				},
				"eyelid_full_left": {
					"position": [0, 0, -0.1]
				},
				"leaf_left": {
					"rotation": [-27.5, -32.5, "22.5+Math.cos((query.anim_time) * 90 * 1 - 45) * 1"]
				}
			}
		},
		"animation.turnizone.faint": {
			"loop": true,
			"animation_length": 3,
			"bones": {
				"allbodies": {
					"rotation": {
						"0.0": [0, 0, 0],
						"0.125": [17.5, 0, 0],
						"0.375": [-10, 0, 0],
						"0.9167": [-17.5, 0, 0],
						"1.3333": [-30, 0, 0],
						"1.4583": [-23.75, 0, 0],
						"1.5833": [2.5, 0, 0],
						"1.8333": [-2.5, 0, 0],
						"2.0417": [17.5, "0+Math.cos((query.anim_time) * 90 * 32 - 60) * 5", 0],
						"2.5833": [0, 0, 0]
					},
					"position": {
						"0.0": [0, 0, 0],
						"0.0833": [0, -1.25, 0],
						"0.1667": [0, 2.16, 0],
						"0.375": [0, 3.36, 0],
						"0.7083": [0, "3.75+Math.cos((query.anim_time) * 90 * 32) * 0.2", 0],
						"1.0": [0, "3.75+Math.cos((query.anim_time) * 90 * 32) * 0.6", 0],
						"1.0833": [0, 16.5, 0],
						"1.1667": [0, 18, 0],
						"1.25": [0, 18.13, 0],
						"1.375": [0, 16.75, 0],
						"1.5": [0, -8.75, 0],
						"1.5417": [0, -10.5, 0],
						"1.625": [0, -4.75, 0],
						"1.75": [0, -3.25, 0],
						"1.875": [0, -4.25, 0],
						"2.25": [0, -18.5, 0],
						"2.5833": [0, -22.25, 0]
					}
				},
				"root_right": {
					"rotation": {
						"0.0": [20, 12.5, 0],
						"0.125": [-7.5, 12.5, 0],
						"0.3333": [-7.5, 12.5, -203],
						"0.5833": [-7.5, 12.5, -316.44],
						"0.875": [-7.5, 12.5, -342],
						"1.125": [50, 12.5, -342],
						"1.5417": [12.5, 2.5, -289.5],
						"1.9583": [12.5, -35, -289.5]
					}
				},
				"root_right_bottom1": {
					"rotation": [20, 0, 0]
				},
				"root_right_bottom2": {
					"rotation": [-17.5, 0, 0]
				},
				"root_right_bottom3": {
					"rotation": [30, 0, 0]
				},
				"root_right_top1": {
					"rotation": [-20, 0, 0]
				},
				"root_right_top2": {
					"rotation": [12.5, 0, 0]
				},
				"root_right_top3": {
					"rotation": [-12.5, 0, 0]
				},
				"eyelid_half_right": {
					"position": {
						"0.2083": [0, 0, 0],
						"1.0": [0, 0, 0],
						"1.0417": [0, 0, 0.2],
						"1.4583": [0, 0, 0.2],
						"1.5": [0, 0, 0]
					}
				},
				"eyelid_full_right": {
					"position": {
						"0.0": [0, 0, -0.1],
						"0.1667": [0, 0, -0.1],
						"0.2083": [0, 0, 0],
						"1.4583": [0, 0, 0],
						"1.5": [0, 0, -0.1]
					}
				},
				"leaf_right": {
					"rotation": {
						"0.0": [-22.5, 35, -15],
						"0.8333": [-22.5, 35, 12.5],
						"1.2917": [-22.5, 35, -30],
						"1.5417": [-22.5, 35, 45],
						"1.6667": [-22.5, 35, -22.5],
						"2.0417": [-22.5, 35, -27.5]
					}
				},
				"stem_middle": {
					"rotation": {
						"0.0": [-12.5, 0, -12.5],
						"0.4167": [-12.5, 0, -12.5],
						"0.9167": ["-12.5+Math.cos((query.anim_time) * 90 * 32 - 60) * 3", 0, -12.5],
						"1.2083": [0, 0, 0],
						"1.4583": [15, 0, 0],
						"1.5833": [57.5, 0, 0],
						"1.7083": [21.75, 0, 0],
						"1.9583": [4.25, 0, 0],
						"2.3333": [-6.25, 0, 0],
						"3.0": [-12.5, 0, 0]
					}
				},
				"stem_middle2": {
					"rotation": [0, 0, 27.5]
				},
				"leaf_middle": {
					"rotation": [0, 50, 0]
				},
				"stem_middle3": {
					"rotation": [0, 0, -17.5]
				},
				"root_back": {
					"rotation": {
						"0.0": [-5, 0, 0],
						"0.125": [-32.5, 0, 0],
						"0.3333": [10, 0, 0],
						"1.0": [17.5, 0, 0],
						"1.5": [-17.5, 0, 0]
					}
				},
				"root_back_bottom1": {
					"rotation": [0, 40, 0]
				},
				"root_back_bottom2": {
					"rotation": [0, -22.5, 0]
				},
				"root_back_bottom3": {
					"rotation": [0, 25, 0]
				},
				"root_back_top1": {
					"rotation": [0, -32.5, 0]
				},
				"root_back_top2": {
					"rotation": [0, 20, 0]
				},
				"root_back_top3": {
					"rotation": [0, -32.5, 0]
				},
				"root_left": {
					"rotation": {
						"0.0": [20, -12.5, 0],
						"0.125": [-7.5, -12.5, 0],
						"0.3333": [-7.5, -12.5, 203],
						"0.5833": [-7.5, -12.5, 316.44],
						"0.875": [-7.5, -12.5, 342],
						"1.125": [50, -12.5, 342],
						"1.5417": [12.5, -2.5, 289.5],
						"1.9583": [12.5, 35, 289.5]
					}
				},
				"root_left_bottom1": {
					"rotation": [20, 0, 0]
				},
				"root_left_bottom2": {
					"rotation": [-17.5, 0, 0]
				},
				"root_left_bottom3": {
					"rotation": [30, 0, 0]
				},
				"root_left_top1": {
					"rotation": [-20, 0, 0]
				},
				"root_left_top2": {
					"rotation": [12.5, 0, 0]
				},
				"root_left_top3": {
					"rotation": [-12.5, 0, 0]
				},
				"eyelid_half_left": {
					"position": {
						"0.2083": [0, 0, 0],
						"1.0": [0, 0, 0],
						"1.0417": [0, 0, 0.2],
						"1.4583": [0, 0, 0.2],
						"1.5": [0, 0, 0]
					}
				},
				"eyelid_full_left": {
					"position": {
						"0.0": [0, 0, -0.1],
						"0.1667": [0, 0, -0.1],
						"0.2083": [0, 0, 0],
						"1.4583": [0, 0, 0],
						"1.5": [0, 0, -0.1]
					}
				},
				"leaf_left": {
					"rotation": {
						"0.0": [-22.5, -35, 15],
						"0.8333": [-22.5, -35, -12.5],
						"1.2917": [-22.5, -35, 30],
						"1.5417": [-22.5, -35, -45],
						"1.6667": [-22.5, -35, 22.5],
						"2.0417": [-22.5, -35, 27.5]
					}
				}
			}
		},
		"animation.turnizone.blink": {
			"animation_length": 0.16667,
			"bones": {
				"eyelid_full_right": {
					"position": {
						"0.0": [0, 0, -0.15],
						"0.125": [0, 0, -0.15],
						"0.1667": [0, 0, 0]
					}
				},
				"eyelid_full_left": {
					"position": {
						"0.0": [0, 0, -0.15],
						"0.125": [0, 0, -0.15],
						"0.1667": [0, 0, 0]
					}
				}
			}
		}
	}
}