{
	"format_version": "1.12.0",
	"minecraft:geometry": [
		{
			"description": {
				"identifier": "geometry.delta_axew",
				"texture_width": 64,
				"texture_height": 32,
				"visible_bounds_width": 2,
				"visible_bounds_height": 2.5,
				"visible_bounds_offset": [0, 0.75, 0]
			},
			"bones": [
				{
					"name": "delta_axew",
					"pivot": [0, 0, 0]
				},
				{
					"name": "body",
					"parent": "delta_axew",
					"pivot": [0, 3, -0.25]
				},
				{
					"name": "torso",
					"parent": "body",
					"pivot": [0, 3, -0.25],
					"cubes": [
						{"origin": [-2.5, 2, -2.75], "size": [5, 5, 5], "uv": [0, 7]}
					]
				},
				{
					"name": "neck",
					"parent": "torso",
					"pivot": [0, 7, -0.25],
					"cubes": [
						{"origin": [-1.5, 6, -1.75], "size": [3, 3, 3], "uv": [18, 0]}
					]
				},
				{
					"name": "scarf",
					"parent": "neck",
					"pivot": [0, 7.5, -0.25],
					"cubes": [
						{"origin": [-3, 7, -3.25], "size": [6, 1, 6], "uv": [0, 0]}
					]
				},
				{
					"name": "scarf2",
					"parent": "scarf",
					"pivot": [0, 7, -3],
					"cubes": [
						{"origin": [-1.5, 5, -3], "size": [3, 2, 0], "uv": [0, 0]}
					]
				},
				{
					"name": "head",
					"parent": "scarf",
					"pivot": [0, 8, -0.25],
					"cubes": [
						{"origin": [-2.5, 8, -0.75], "size": [5, 5, 3], "inflate": 0.01, "uv": [0, 17]},
						{"origin": [-2.5, 9, -4.75], "size": [5, 4, 4], "uv": [16, 13]},
						{"origin": [2.52, 9.5, -4.25], "size": [0, 3, 5], "uv": [43, -5]},
						{"origin": [-2.52, 9.5, -4.25], "size": [0, 3, 5], "uv": [43, -5], "mirror": true}
					]
				},
				{
					"name": "eye_right",
					"parent": "head",
					"pivot": [2.5, 1.5, 1.25],
					"cubes": [
						{"origin": [-2.53, 9.5, -2.75], "size": [0, 3, 2], "uv": [0, 5], "mirror": true}
					]
				},
				{
					"name": "eye_left",
					"parent": "head",
					"pivot": [2.5, 1.5, 1.25],
					"cubes": [
						{"origin": [2.53, 9.5, -2.75], "size": [0, 3, 2], "uv": [0, 5]}
					]
				},
				{
					"name": "flame_right",
					"parent": "head",
					"pivot": [-2.5, 8.99, -2.25],
					"cubes": [
						{"origin": [-4.5, 8.99, -3.75], "size": [3, 0, 3], "uv": [24, 0]}
					]
				},
				{
					"name": "flame_right2",
					"parent": "flame_right",
					"pivot": [-4.5, 8.99, -3.75],
					"cubes": [
						{"origin": [-7.5, 8.99, -3.75], "size": [3, 0, 3], "uv": [19, 21]}
					]
				},
				{
					"name": "flame_left",
					"parent": "head",
					"pivot": [2.5, 8.99, -2.25],
					"cubes": [
						{"origin": [1.5, 8.99, -3.75], "size": [3, 0, 3], "uv": [34, 0]}
					]
				},
				{
					"name": "flame_left2",
					"parent": "flame_left",
					"pivot": [4.5, 8.99, -3.75],
					"cubes": [
						{"origin": [4.5, 8.99, -3.75], "size": [3, 0, 3], "uv": [13, 21]}
					]
				},
				{
					"name": "jaw",
					"parent": "head",
					"pivot": [0, 9, -0.75],
					"cubes": [
						{"origin": [-2.5, 8, -4.25], "size": [5, 1, 4], "uv": [15, 7]}
					]
				},
				{
					"name": "head_spike",
					"parent": "head",
					"pivot": [1.5, 7, 0.75],
					"rotation": [35, 0, 0],
					"cubes": [
						{"origin": [-0.5, 8.13964, 2.47873], "size": [1, 4, 5], "inflate": 0.01, "uv": [44, 13]}
					]
				},
				{
					"name": "head_spike2",
					"parent": "head_spike",
					"pivot": [1.5, 9, 5.75],
					"rotation": [15, 0, 0],
					"cubes": [
						{"origin": [-0.5, 8.60093, 7.46418], "size": [1, 3, 3], "uv": [30, 9]}
					]
				},
				{
					"name": "arm_right",
					"parent": "torso",
					"pivot": [-2.5, 7, -0.25],
					"cubes": [
						{"origin": [-5.5, 5, -1.25], "size": [4, 2, 2], "uv": [36, 13]}
					]
				},
				{
					"name": "finger_right1",
					"parent": "arm_right",
					"pivot": [-5.5, 5.5, -1.25],
					"cubes": [
						{"origin": [-6.5, 5, -1.25], "size": [1, 1, 0], "uv": [0, 4]}
					]
				},
				{
					"name": "finger_right2",
					"parent": "arm_right",
					"pivot": [-5.5, 7, -0.75],
					"cubes": [
						{"origin": [-6.5, 7, -1.25], "size": [1, 0, 1], "uv": [2, 2]}
					]
				},
				{
					"name": "finger_right3",
					"parent": "arm_right",
					"pivot": [-5.5, 7, 0.25],
					"cubes": [
						{"origin": [-6.5, 7, -0.25], "size": [1, 0, 1], "uv": [0, 2]}
					]
				},
				{
					"name": "arm_left",
					"parent": "torso",
					"pivot": [2.5, 7, -0.25],
					"cubes": [
						{"origin": [1.5, 5, -1.25], "size": [4, 2, 2], "uv": [39, 3]}
					]
				},
				{
					"name": "finger_left1",
					"parent": "arm_left",
					"pivot": [5.5, 5.5, -1.25],
					"cubes": [
						{"origin": [5.5, 5, -1.25], "size": [1, 1, 0], "uv": [2, 4]}
					]
				},
				{
					"name": "finger_left2",
					"parent": "arm_left",
					"pivot": [5.5, 7, -0.75],
					"cubes": [
						{"origin": [5.5, 7, -1.25], "size": [1, 0, 1], "uv": [0, 3]}
					]
				},
				{
					"name": "finger_left3",
					"parent": "arm_left",
					"pivot": [5.5, 7, 0.25],
					"cubes": [
						{"origin": [5.5, 7, -0.25], "size": [1, 0, 1], "uv": [2, 3]}
					]
				},
				{
					"name": "tail",
					"parent": "torso",
					"pivot": [0, 2, 2.25],
					"cubes": [
						{"origin": [-1, 2, 2.25], "size": [2, 2, 3], "inflate": 0.01, "uv": [36, 7]}
					]
				},
				{
					"name": "tail2",
					"parent": "tail",
					"pivot": [0, 3, 5.25],
					"cubes": [
						{"origin": [-0.5, 3, 4.25], "size": [1, 1, 3], "uv": [31, 18]}
					]
				},
				{
					"name": "leg_right",
					"parent": "body",
					"pivot": [-2, 3, -0.25],
					"rotation": [-15, 0, 0],
					"cubes": [
						{"origin": [-3, 1, -1.75], "size": [2, 3, 3], "inflate": 0.01, "uv": [48, 5]}
					]
				},
				{
					"name": "foot_right",
					"parent": "leg_right",
					"pivot": [0, 1, -0.5],
					"rotation": [15, 0, 0],
					"cubes": [
						{"origin": [-3, -0.12, -0.65], "size": [2, 2, 2], "uv": [56, 4]}
					]
				},
				{
					"name": "leg_left",
					"parent": "body",
					"pivot": [2, 3, -0.25],
					"rotation": [-15, 0, 0],
					"cubes": [
						{"origin": [1, 1, -1.75], "size": [2, 3, 3], "inflate": 0.01, "uv": [29, 3]}
					]
				},
				{
					"name": "foot_left",
					"parent": "leg_left",
					"pivot": [0, 1, -0.5],
					"rotation": [15, 0, 0],
					"cubes": [
						{"origin": [1, -0.12, -0.65], "size": [2, 2, 2], "uv": [56, 0]}
					]
				}
			]
		}
	]
}