{
	"format_version": "1.12.0",
	"minecraft:geometry": [
		{
			"description": {
				"identifier": "geometry.charizard_delta",
				"texture_width": 128,
				"texture_height": 128,
				"visible_bounds_width": 7,
				"visible_bounds_height": 5,
				"visible_bounds_offset": [0, 1.5, 0]
			},
			"bones": [
				{
					"name": "charizard",
					"pivot": [0, 0, 0]
				},
				{
					"name": "body",
					"parent": "charizard",
					"pivot": [0, 12.5, -0.5]
				},
				{
					"name": "torso",
					"parent": "body",
					"pivot": [0, 12.5, -0.5],
					"cubes": [
						{"origin": [-5.5, 13, -5], "size": [11, 7, 9], "uv": [29, 29]},
						{"origin": [-6.5, 4, -5.5], "size": [13, 9, 10], "uv": [0, 0]}
					]
				},
				{
					"name": "neck",
					"parent": "torso",
					"pivot": [0, 20, -0.5],
					"cubes": [
						{"origin": [-2, 19, -2.5], "size": [4, 5, 4], "inflate": 0.02, "uv": [68, 71]}
					]
				},
				{
					"name": "neck2",
					"parent": "neck",
					"pivot": [0, 24, 1.5],
					"cubes": [
						{"origin": [-2, 24, -2.5], "size": [4, 6, 4], "uv": [52, 69]}
					]
				},
				{
					"name": "head",
					"parent": "neck2",
					"pivot": [0, 28.5, -1],
					"rotation": [-22.5, 0, 0]
				},
				{
					"name": "head_ai",
					"parent": "head",
					"pivot": [0, 28.5, -1],
					"rotation": [22.5, 0, 0],
					"cubes": [
						{"origin": [-3, 28.5, -4.5], "size": [6, 6, 7], "uv": [54, 6]},
						{"origin": [-2.5, 30.5, -10], "size": [5, 3, 6], "uv": [17, 72]},
						{"origin": [3, 32.5, 1.25], "size": [0, 3, 8], "pivot": [2, 33.25, 2.5], "rotation": [50, 5, 0], "uv": [60, 27]},
						{"origin": [-3, 32.5, 1.25], "size": [0, 3, 8], "pivot": [-2, 33.25, 2.5], "rotation": [50, -5, 0], "uv": [60, 27], "mirror": true}
					]
				},
				{
					"name": "eyes",
					"parent": "head_ai",
					"pivot": [0, 35.67388, -2.88268]
				},
				{
					"name": "eye_left",
					"parent": "eyes",
					"pivot": [3.01, 32.75, -2.75],
					"rotation": [10, 0, 0],
					"cubes": [
						{"origin": [3.01, 31.75, -4.25], "size": [0, 2, 3], "uv": [25, 24]}
					]
				},
				{
					"name": "eyelid_left",
					"parent": "eye_left",
					"pivot": [2.41, 32.75, -2.75],
					"cubes": [
						{"origin": [1.91, 31.75, -4.25], "size": [1, 2, 3], "inflate": 0.01, "uv": [25, 19]}
					]
				},
				{
					"name": "eye_right",
					"parent": "eyes",
					"pivot": [-3.01, 32.75, -2.75],
					"rotation": [10, 0, 0],
					"cubes": [
						{"origin": [-3.01, 31.75, -4.25], "size": [0, 2, 3], "uv": [25, 24], "mirror": true}
					]
				},
				{
					"name": "eyelid_right",
					"parent": "eye_right",
					"pivot": [-2.41, 32.75, -2.75],
					"cubes": [
						{"origin": [-2.91, 31.75, -4.25], "size": [1, 2, 3], "inflate": 0.01, "uv": [25, 19], "mirror": true}
					]
				},
				{
					"name": "jaw",
					"parent": "head_ai",
					"pivot": [0, 30.5, -4],
					"cubes": [
						{"origin": [-2.5, 28.525, -9.75], "size": [5, 2, 6], "inflate": 0.02, "uv": [66, 51]},
						{"origin": [-2.5, 29.5, -9.5], "size": [0, 1, 1], "inflate": 0.01, "pivot": [-2.5, 30.5, -9.5], "rotation": [45, 0, 0], "uv": [0, 3]},
						{"origin": [2.5, 29.5, -9.5], "size": [0, 1, 1], "inflate": 0.01, "pivot": [2.5, 30.5, -9.5], "rotation": [45, 0, 0], "uv": [0, 1]},
						{"origin": [-2.25, 30.25, -9.55], "size": [0, 1, 1], "pivot": [-2.5, 30.5, -9.5], "rotation": [-45, 0, 0], "uv": [0, 2]},
						{"origin": [2.25, 30.25, -9.55], "size": [0, 1, 1], "pivot": [2.5, 30.5, -9.5], "rotation": [-45, 0, 0], "uv": [0, 0]}
					]
				},
				{
					"name": "tail",
					"parent": "torso",
					"pivot": [0, 7.875, 4.5],
					"cubes": [
						{"origin": [-3, 4.05, 2.5], "size": [6, 6, 13], "uv": [0, 19]},
						{"origin": [0, 10.05, 2.5], "size": [0, 4, 13], "uv": [62, 91]}
					]
				},
				{
					"name": "tail2",
					"parent": "tail",
					"pivot": [0, 6.5, 15.5],
					"cubes": [
						{"origin": [-2, 4.1, 14.5], "size": [4, 5, 13], "uv": [33, 6]},
						{"origin": [0, 9.1, 15.5], "size": [0, 5, 12], "uv": [47, 80]}
					]
				},
				{
					"name": "tail3",
					"parent": "tail2",
					"pivot": [0, 6, 27.5],
					"cubes": [
						{"origin": [-1, 4.15, 26.5], "size": [2, 4, 11], "uv": [30, 45]},
						{"origin": [0, 8.15, 26.5], "size": [0, 6, 11], "uv": [84, 75]}
					]
				},
				{
					"name": "fire",
					"parent": "tail3",
					"pivot": [0, 6.25, 36.5],
					"rotation": [-90, 0, 0],
					"cubes": [
						{"origin": [0, 6.25, 30], "size": [0, 14, 11], "uv": [8, 83]},
						{"origin": [0, 6.25, 32], "size": [0, 12, 9], "pivot": [0, 6.25, 36.5], "rotation": [0, 90, 0], "uv": [42, 105]},
						{"origin": [-0.5, 5.15, 37.5], "size": [1, 2, 7], "pivot": [0, 6, 36.5], "rotation": [90, 0, 0], "uv": [81, 60]}
					]
				},
				{
					"name": "leg_left",
					"parent": "body",
					"pivot": [5.75, 9, -0.5],
					"rotation": [0, -5, 0],
					"cubes": [
						{"origin": [3.25, 2, -4], "size": [5, 9, 7], "uv": [49, 53]}
					]
				},
				{
					"name": "foot_left",
					"parent": "leg_left",
					"pivot": [5.75, 2, -0.5],
					"cubes": [
						{"origin": [3.75, 0, -3], "size": [4, 2, 5], "inflate": 0.01, "uv": [68, 64]},
						{"origin": [4, 0, -5.75], "size": [0, 2, 3], "pivot": [4, 1, -3], "rotation": [0, 10, 0], "uv": [6, 24]},
						{"origin": [5.75, 0, -6], "size": [0, 2, 3], "uv": [7, 19]},
						{"origin": [7.5, 0, -5.75], "size": [0, 2, 3], "pivot": [7.5, 1, -3], "rotation": [0, -10, 0], "uv": [0, 5]}
					]
				},
				{
					"name": "leg_right",
					"parent": "body",
					"pivot": [-5.75, 9, -0.5],
					"rotation": [0, 5, 0],
					"cubes": [
						{"origin": [-8.25, 2, -4], "size": [5, 9, 7], "uv": [49, 53], "mirror": true}
					]
				},
				{
					"name": "foot_right",
					"parent": "leg_right",
					"pivot": [-5.75, 2, -0.5],
					"cubes": [
						{"origin": [-7.75, 0, -3], "size": [4, 2, 5], "inflate": 0.01, "uv": [68, 64], "mirror": true},
						{"origin": [-4, 0, -5.75], "size": [0, 2, 3], "pivot": [-4, 1, -3], "rotation": [0, -10, 0], "uv": [6, 24], "mirror": true},
						{"origin": [-5.75, 0, -6], "size": [0, 2, 3], "uv": [7, 19], "mirror": true},
						{"origin": [-7.5, 0, -5.75], "size": [0, 2, 3], "pivot": [-7.5, 1, -3], "rotation": [0, 10, 0], "uv": [0, 5], "mirror": true}
					]
				},
				{
					"name": "left_shoulder",
					"parent": "body",
					"pivot": [5.5, 18.48609, -0.777],
					"cubes": [
						{"origin": [3.5, 16.48609, -2.777], "size": [4, 4, 4], "uv": [0, 72]},
						{"origin": [5.5, 11.48609, -0.677], "size": [3, 5, 0], "uv": [0, 27]}
					]
				},
				{
					"name": "left_arm",
					"parent": "left_shoulder",
					"pivot": [6.5, 17.53609, 0.373],
					"cubes": [
						{"origin": [6.5, 16.48609, -2.677], "size": [14, 3, 3], "uv": [45, 45]}
					]
				},
				{
					"name": "left_arm_wing",
					"parent": "left_arm",
					"pivot": [11, 16.48609, -0.677],
					"cubes": [
						{"origin": [8.5, 5.48609, -0.677], "size": [12, 11, 0], "uv": [60, 24]}
					]
				},
				{
					"name": "left_arm3",
					"parent": "left_arm",
					"pivot": [20.5, 17.43609, 0.273],
					"cubes": [
						{"origin": [20.5, 16.48609, -2.677], "size": [15, 3, 3], "inflate": -0.002, "uv": [36, 0]}
					]
				},
				{
					"name": "left_claw2",
					"parent": "left_arm3",
					"pivot": [35.5, 19.48609, -1.177],
					"cubes": [
						{"origin": [35.5, 17.48609, -2.677], "size": [2, 2, 3], "uv": [0, 22]}
					]
				},
				{
					"name": "left_claw_tip2",
					"parent": "left_claw2",
					"pivot": [36.5, 17.48609, -1.177],
					"cubes": [
						{"origin": [37.5, 19.48609, -2.677], "size": [3, 0, 3], "uv": [0, 19]}
					]
				},
				{
					"name": "left_arm4_wing",
					"parent": "left_arm3",
					"pivot": [27.5, 16.43609, -0.727],
					"cubes": [
						{"origin": [20.5, 1.48609, -0.677], "size": [15, 15, 0], "uv": [0, 45]}
					]
				},
				{
					"name": "left_claw",
					"parent": "left_arm4_wing",
					"pivot": [31.5, 17.48609, -1.177]
				},
				{
					"name": "left_claw_tip",
					"parent": "left_claw",
					"pivot": [33.5, 17.48609, -1.177]
				},
				{
					"name": "right_shoulder",
					"parent": "body",
					"pivot": [-5.5, 18.48609, -0.777],
					"cubes": [
						{"origin": [-7.5, 16.48609, -2.777], "size": [4, 4, 4], "uv": [0, 72], "mirror": true},
						{"origin": [-8.5, 11.48609, -0.677], "size": [3, 5, 0], "uv": [0, 27], "mirror": true}
					]
				},
				{
					"name": "right_arm",
					"parent": "right_shoulder",
					"pivot": [-6.5, 17.53609, 0.373],
					"cubes": [
						{"origin": [-20.5, 16.48609, -2.677], "size": [14, 3, 3], "uv": [45, 45], "mirror": true}
					]
				},
				{
					"name": "right_arm_wing",
					"parent": "right_arm",
					"pivot": [-11, 16.48609, -0.677],
					"cubes": [
						{"origin": [-20.5, 5.48609, -0.677], "size": [12, 11, 0], "uv": [60, 24], "mirror": true}
					]
				},
				{
					"name": "right_arm3",
					"parent": "right_arm",
					"pivot": [-20.5, 17.43609, 0.273],
					"cubes": [
						{"origin": [-35.5, 16.48609, -2.677], "size": [15, 3, 3], "inflate": -0.002, "uv": [36, 0], "mirror": true}
					]
				},
				{
					"name": "right_claw2",
					"parent": "right_arm3",
					"pivot": [-35.5, 19.48609, -1.177],
					"cubes": [
						{"origin": [-37.5, 17.48609, -2.677], "size": [2, 2, 3], "uv": [0, 22], "mirror": true}
					]
				},
				{
					"name": "right_claw_tip2",
					"parent": "right_claw2",
					"pivot": [-36.5, 17.48609, -1.177],
					"cubes": [
						{"origin": [-40.5, 19.48609, -2.677], "size": [3, 0, 3], "uv": [0, 19], "mirror": true}
					]
				},
				{
					"name": "right_arm4_wing",
					"parent": "right_arm3",
					"pivot": [-27.5, 16.43609, -0.727],
					"cubes": [
						{"origin": [-35.5, 1.48609, -0.677], "size": [15, 15, 0], "uv": [0, 45], "mirror": true}
					]
				},
				{
					"name": "right_claw",
					"parent": "right_arm4_wing",
					"pivot": [-31.5, 17.48609, -1.177]
				},
				{
					"name": "right_claw_tip",
					"parent": "right_claw",
					"pivot": [-33.5, 17.48609, -1.177]
				}
			]
		}
	]
}