{
	"format_version": "1.12.0",
	"minecraft:geometry": [
		{
			"description": {
				"identifier": "geometry.clamperl",
				"texture_width": 128,
				"texture_height": 64,
				"visible_bounds_width": 4,
				"visible_bounds_height": 2.5,
				"visible_bounds_offset": [0, 0.75, 0]
			},
			"bones": [
				{
					"name": "delta_clamperl",
					"pivot": [0, 0, 0]
				},
				{
					"name": "body",
					"parent": "delta_clamperl",
					"pivot": [0, 0, 0]
				},
				{
					"name": "scallop_bottom",
					"parent": "body",
					"pivot": [0, 4, 7],
					"cubes": [
						{"origin": [-6.5, 1, -5], "size": [13, 3, 10], "inflate": 0.02, "uv": [0, 13]},
						{"origin": [0.5, 4, -4.99], "size": [4, 3, 0], "uv": [0, 13]},
						{"origin": [-3.5, 0, 1], "size": [7, 4, 6], "inflate": 0.03, "uv": [26, 26]},
						{"origin": [-1.5, 0, -7], "size": [3, 4, 8], "inflate": 0.01, "uv": [0, 48]},
						{"origin": [4.28109, 0, -2.54904], "size": [3, 4, 6], "inflate": 0.01, "pivot": [5.78109, 2, -0.04904], "rotation": [0, -60, 0], "uv": [34, 52]},
						{"origin": [1.95357, 0, -6.3076], "size": [3, 4, 8], "pivot": [3.45357, 2, -2.8076], "rotation": [0, -22.5, 0], "uv": [44, 28]},
						{"origin": [-4.95357, 0, -6.3076], "size": [3, 4, 8], "pivot": [-3.45357, 2, -2.8076], "rotation": [0, 22.5, 0], "uv": [36, 40]},
						{"origin": [-7.28109, 0, -2.54904], "size": [3, 4, 6], "inflate": 0.01, "pivot": [-5.78109, 2, -0.04904], "rotation": [0, 60, 0], "uv": [52, 0]}
					]
				},
				{
					"name": "flesh",
					"parent": "scallop_bottom",
					"pivot": [0, 4, 0]
				},
				{
					"name": "flesh_front_left",
					"parent": "flesh",
					"pivot": [2, 2.5, -2],
					"cubes": [
						{"origin": [1, 2.5, -4], "size": [3, 3, 3], "uv": [55, 49]},
						{"origin": [0, 3.5, -2.5], "size": [5, 8, 0], "uv": [68, 55], "mirror": true}
					]
				},
				{
					"name": "flesh_front_right",
					"parent": "flesh",
					"pivot": [-2, 2.5, -2],
					"cubes": [
						{"origin": [-4, 2.5, -4], "size": [3, 3, 3], "uv": [46, 52]},
						{"origin": [-5, 3.5, -2.5], "size": [5, 8, 0], "uv": [68, 55]}
					]
				},
				{
					"name": "flesh_back_left",
					"parent": "flesh",
					"pivot": [2, 3.5, 2],
					"cubes": [
						{"origin": [1, 3.5, 1], "size": [3, 3, 3], "uv": [55, 49]},
						{"origin": [0, 4.5, 2.5], "size": [5, 8, 0], "uv": [68, 55], "mirror": true}
					]
				},
				{
					"name": "flesh_back_right",
					"parent": "flesh",
					"pivot": [-2, 3.5, 2],
					"cubes": [
						{"origin": [-4, 3.5, 1], "size": [3, 3, 3], "uv": [46, 52]},
						{"origin": [-5, 4.5, 2.5], "size": [5, 8, 0], "uv": [68, 55]}
					]
				},
				{
					"name": "flesh_mid_left",
					"parent": "flesh",
					"pivot": [3, 4, 0.5],
					"cubes": [
						{"origin": [2, 4, -1.5], "size": [3, 3, 3], "uv": [55, 49]},
						{"origin": [1, 3.5, 0], "size": [5, 8, 0], "uv": [58, 55], "mirror": true}
					]
				},
				{
					"name": "flesh_mid_right",
					"parent": "flesh",
					"pivot": [-3, 4, 0.5],
					"cubes": [
						{"origin": [-5, 4, -1.5], "size": [3, 3, 3], "uv": [46, 52]},
						{"origin": [-6, 3.5, 0], "size": [5, 8, 0], "uv": [58, 55]}
					]
				},
				{
					"name": "head",
					"parent": "scallop_bottom",
					"pivot": [0, 3.9, 0],
					"cubes": [
						{"origin": [-2, 3.9, -2], "size": [4, 4, 4], "uv": [14, 36]},
						{"origin": [-0.45355, 6.40355, -2.11], "size": [2, 1, 0], "pivot": [0.64645, 6.50355, -2.11], "rotation": [0, 0, 90], "uv": [2, 0]},
						{"origin": [0.5, 6.15, -2.12], "size": [1, 1, 0], "pivot": [1, 6.65, -2.11], "rotation": [0, 0, 45], "uv": [0, 2]},
						{"origin": [-2.45355, 6.30355, -2.11], "size": [2, 1, 0], "pivot": [-1.35355, 6.50355, -2.11], "rotation": [0, 0, 90], "uv": [0, 1]},
						{"origin": [-1.5, 6.15, -2.12], "size": [1, 1, 0], "pivot": [-1, 6.65, -2.11], "rotation": [0, 0, 45], "uv": [0, 0]}
					]
				},
				{
					"name": "scallop_top",
					"parent": "body",
					"pivot": [0, 4, 7],
					"cubes": [
						{"origin": [-6.5, 4, -5], "size": [13, 3, 10], "inflate": 0.02, "uv": [0, 0]},
						{"origin": [-3.5, 4, 1], "size": [7, 4, 6], "inflate": 0.03, "uv": [0, 26]},
						{"origin": [-1.5, 4, -7], "size": [3, 4, 8], "inflate": 0.01, "uv": [38, 5]},
						{"origin": [-7.6491, 1, -2.96993], "size": [3, 3, 0], "inflate": 0.01, "pivot": [-6.1491, 2.5, -3.06993], "rotation": [0, 63, 0], "uv": [67, 52]},
						{"origin": [4.6491, 1, -2.96993], "size": [3, 3, 0], "inflate": 0.01, "pivot": [6.1491, 2.5, -3.06993], "rotation": [0, -63, 0], "uv": [67, 52], "mirror": true},
						{"origin": [-3.65269, 1, -5.01005], "size": [3, 3, 0], "inflate": 0.01, "pivot": [0, 4, -5.01005], "rotation": [3, 0, 0], "uv": [67, 52]},
						{"origin": [0.65269, 1, -5.01005], "size": [3, 3, 0], "inflate": 0.01, "pivot": [0, 4, -5.01005], "rotation": [3, 0, 0], "uv": [67, 52], "mirror": true},
						{"origin": [4.28109, 4, -2.54904], "size": [3, 4, 6], "inflate": 0.01, "pivot": [5.78109, 6, -0.04904], "rotation": [0, -60, 0], "uv": [22, 48]},
						{"origin": [1.95357, 4, -6.3076], "size": [3, 4, 8], "pivot": [3.45357, 6, -2.8076], "rotation": [0, -22.5, 0], "uv": [22, 36]},
						{"origin": [-4.95357, 4, -6.3076], "size": [3, 4, 8], "pivot": [-3.45357, 6, -2.8076], "rotation": [0, 22.5, 0], "uv": [0, 36]},
						{"origin": [-4.95357, 0, -6.2976], "size": [3, 4, 0], "pivot": [-3.45357, 6, -2.8076], "rotation": [0, 22.5, 0], "uv": [0, 6]},
						{"origin": [-7.28109, 4, -2.54904], "size": [3, 4, 6], "inflate": 0.01, "pivot": [-5.78109, 6, -0.04904], "rotation": [0, 60, 0], "uv": [46, 17]}
					]
				}
			]
		}
	]
}