{
	"format_version": "1.12.0",
	"minecraft:geometry": [
		{
			"description": {
				"identifier": "geometry.corsola_delta",
				"texture_width": 64,
				"texture_height": 64,
				"visible_bounds_width": 3,
				"visible_bounds_height": 2.5,
				"visible_bounds_offset": [0, 0.75, 0]
			},
			"bones": [
				{
					"name": "corsola",
					"pivot": [2, 3, -6.5]
				},
				{
					"name": "body",
					"parent": "corsola",
					"pivot": [2, 3, -6.5],
					"cubes": [
						{"origin": [-5, 2, -6], "size": [10, 9, 12], "uv": [0, 0]},
						{"origin": [-1, 9, -7], "size": [2, 5, 2], "pivot": [0, 11, -6], "rotation": [27.5, 0, 0], "uv": [20, 30]}
					]
				},
				{
					"name": "mouth",
					"parent": "body",
					"pivot": [0, 1, 0],
					"cubes": [
						{"origin": [-0.54597, 5.4429, -6.01], "size": [1, 2, 0], "pivot": [0.70403, 5.9179, -5.51], "rotation": [0, 0, -120], "uv": [9, 0]},
						{"origin": [-0.45403, 5.4429, -6.02], "size": [1, 2, 0], "pivot": [-0.70403, 5.9179, -5.51], "rotation": [0, 0, 120], "uv": [0, 0]}
					]
				},
				{
					"name": "eyes",
					"parent": "body",
					"pivot": [2.5, 7.25, -5.51]
				},
				{
					"name": "eye_left",
					"parent": "eyes",
					"pivot": [2.5, 7.25, -5.51],
					"cubes": [
						{"origin": [2, 5.75, -6.01], "size": [1, 3, 1], "pivot": [2.5, 7.25, -5.51], "rotation": [0, 0, -10], "uv": [36, 21]}
					]
				},
				{
					"name": "eyelid_left",
					"parent": "eye_left",
					"pivot": [2.5, 7.25, -4.51],
					"cubes": [
						{"origin": [2, 5.75, -5.01], "size": [1, 3, 1], "inflate": 0.01, "pivot": [2.5, 7.25, -4.51], "rotation": [0, 0, -10], "uv": [32, 21]}
					]
				},
				{
					"name": "eye_right",
					"parent": "eyes",
					"pivot": [-2.5, 7.25, -5.51],
					"cubes": [
						{"origin": [-3, 5.75, -6.01], "size": [1, 3, 1], "pivot": [-2.5, 7.25, -5.51], "rotation": [0, 0, 10], "uv": [36, 21], "mirror": true}
					]
				},
				{
					"name": "eyelid_right",
					"parent": "eye_right",
					"pivot": [-2.5, 7.25, -4.51],
					"cubes": [
						{"origin": [-3, 5.75, -5.01], "size": [1, 3, 1], "inflate": 0.01, "pivot": [-2.5, 7.25, -4.51], "rotation": [0, 0, 10], "uv": [32, 21], "mirror": true}
					]
				},
				{
					"name": "grass_front",
					"parent": "body",
					"pivot": [0, 1, 0],
					"cubes": [
						{"origin": [-6, 0, -6.01], "size": [12, 3, 0], "pivot": [0, 3, -6.01], "rotation": [-27.5, 0, 0], "uv": [24, 25]}
					]
				},
				{
					"name": "grass_front2",
					"parent": "grass_front",
					"pivot": [0, 0.33897, -7.39525],
					"cubes": [
						{"origin": [-6, -0.66103, -7.39525], "size": [12, 1, 0], "pivot": [0, 0.33897, -7.39525], "rotation": [-72.5, 0, 0], "uv": [0, 29]}
					]
				},
				{
					"name": "grass_back",
					"parent": "body",
					"pivot": [0.5, 3, 6.01],
					"rotation": [22.5, 0, 0],
					"cubes": [
						{"origin": [-6, -1, 6.01], "size": [12, 4, 0], "pivot": [0, 3, 6.01], "rotation": [27.5, 0, 0], "uv": [0, 25]}
					]
				},
				{
					"name": "grass_back2",
					"parent": "grass_back",
					"pivot": [0, -0.53603, 7.84525],
					"rotation": [-22.5, 0, 0],
					"cubes": [
						{"origin": [-6, -2.53603, 7.84525], "size": [12, 2, 0], "pivot": [0, -0.53603, 7.84525], "rotation": [72.5, 0, 0], "uv": [24, 28]}
					]
				},
				{
					"name": "grass_left",
					"parent": "body",
					"pivot": [-1, 1, 0],
					"rotation": [0, -90, 0],
					"cubes": [
						{"origin": [-8, 0, -6.01], "size": [16, 3, 0], "pivot": [-1, 3, -6.01], "rotation": [-27.5, 0, 0], "uv": [0, 21]}
					]
				},
				{
					"name": "grass_left2",
					"parent": "grass_left",
					"pivot": [-1, 0.33897, -7.39525],
					"cubes": [
						{"origin": [-8, -0.66103, -7.39525], "size": [16, 1, 0], "pivot": [-1, 0.33897, -7.39525], "rotation": [-72.5, 0, 0], "uv": [0, 24]}
					]
				},
				{
					"name": "grass_right",
					"parent": "body",
					"pivot": [1, 1, 0],
					"rotation": [0, 90, 0],
					"cubes": [
						{"origin": [-8, 0, -6.01], "size": [16, 3, 0], "pivot": [1, 3, -6.01], "rotation": [-27.5, 0, 0], "uv": [0, 21], "mirror": true}
					]
				},
				{
					"name": "grass_right2",
					"parent": "grass_right",
					"pivot": [1, 0.33897, -7.39525],
					"cubes": [
						{"origin": [-8, -0.66103, -7.39525], "size": [16, 1, 0], "pivot": [1, 0.33897, -7.39525], "rotation": [-72.5, 0, 0], "uv": [0, 24], "mirror": true}
					]
				},
				{
					"name": "branch_front_left",
					"parent": "body",
					"pivot": [4, 8.88701, -2.46175],
					"rotation": [-37.5, 0, 0],
					"cubes": [
						{"origin": [1.87997, 9.43928, -4.35667], "size": [3, 7, 3], "pivot": [4, 8.88701, -2.46175], "rotation": [11.93845, -3.73171, 17.10967], "uv": [0, 0]},
						{"origin": [2.37997, 16.43928, -3.85667], "size": [2, 5, 2], "pivot": [4, 8.88701, -2.46175], "rotation": [11.93845, -3.73171, 17.10967], "uv": [12, 30]},
						{"origin": [4.86829, 14.05582, -5.82307], "size": [1, 5, 1], "pivot": [5.79787, 15.17365, -5.7887], "rotation": [65.88307, 16.93126, 8.09446], "uv": [35, 35]},
						{"origin": [6.53388, 14.22049, -3.5647], "size": [1, 4, 1], "pivot": [6.51503, 16.22659, -2.22647], "rotation": [-6.79863, 24.45339, 41.99099], "uv": [36, 30]}
					]
				},
				{
					"name": "branch_front_right",
					"parent": "body",
					"pivot": [-4, 8.88701, -2.46175],
					"rotation": [-37.5, 0, 0],
					"cubes": [
						{"origin": [-4.87997, 9.43928, -4.35667], "size": [3, 7, 3], "pivot": [-4, 8.88701, -2.46175], "rotation": [11.93845, 3.73171, -17.10967], "uv": [0, 0], "mirror": true},
						{"origin": [-4.37997, 16.43928, -3.85667], "size": [2, 5, 2], "pivot": [-4, 8.88701, -2.46175], "rotation": [11.93845, 3.73171, -17.10967], "uv": [12, 30], "mirror": true},
						{"origin": [-5.86829, 14.05582, -5.82307], "size": [1, 5, 1], "pivot": [-5.79787, 15.17365, -5.7887], "rotation": [65.88307, -16.93126, -8.09446], "uv": [35, 35], "mirror": true},
						{"origin": [-7.53388, 14.22049, -3.5647], "size": [1, 4, 1], "pivot": [-6.51503, 16.22659, -2.22647], "rotation": [-6.79863, -24.45339, -41.99099], "uv": [36, 30], "mirror": true}
					]
				},
				{
					"name": "branch_back_left",
					"parent": "body",
					"pivot": [3, 6.88701, 3.53825],
					"rotation": [-63.94427, 15.81499, 7.59001],
					"cubes": [
						{"origin": [0.85399, 8.09908, 1.26836], "size": [3, 6, 3], "pivot": [3, 6.88701, 3.53825], "rotation": [11.93845, -3.73171, 17.10967], "uv": [0, 30]},
						{"origin": [1.35399, 14.09908, 1.76836], "size": [2, 4, 2], "pivot": [3, 6.88701, 3.53825], "rotation": [11.93845, -3.73171, 17.10967], "uv": [28, 30]},
						{"origin": [4.09258, 12.88201, -0.31682], "size": [1, 4, 1], "pivot": [4.79787, 13.17365, 0.2113], "rotation": [63.5099, -28.79504, 29.02099], "uv": [27, 36]},
						{"origin": [5.80875, 11.82412, 2.27926], "size": [1, 3, 1], "pivot": [5.51503, 14.22659, 3.77353], "rotation": [-6.79863, 24.45339, 41.99099], "uv": [31, 36]}
					]
				},
				{
					"name": "branch_back_right",
					"parent": "body",
					"pivot": [-3, 6.88701, 3.53825],
					"rotation": [-63.94427, -15.81499, -7.59001],
					"cubes": [
						{"origin": [-3.85399, 8.09908, 1.26836], "size": [3, 6, 3], "pivot": [-3, 6.88701, 3.53825], "rotation": [11.93845, 3.73171, -17.10967], "uv": [0, 30], "mirror": true},
						{"origin": [-3.35399, 14.09908, 1.76836], "size": [2, 4, 2], "pivot": [-3, 6.88701, 3.53825], "rotation": [11.93845, 3.73171, -17.10967], "uv": [28, 30], "mirror": true},
						{"origin": [-5.09258, 12.88201, -0.31682], "size": [1, 4, 1], "pivot": [-4.79787, 13.17365, 0.2113], "rotation": [63.5099, 28.79504, -29.02099], "uv": [27, 36], "mirror": true},
						{"origin": [-6.80875, 11.82412, 2.27926], "size": [1, 3, 1], "pivot": [-5.51503, 14.22659, 3.77353], "rotation": [-6.79863, -24.45339, -41.99099], "uv": [31, 36], "mirror": true}
					]
				},
				{
					"name": "leg_front_left",
					"parent": "body",
					"pivot": [2.5, 1, -3.5],
					"cubes": [
						{"origin": [2, 0, -5], "size": [2, 3, 2], "pivot": [2.5, 1, -3.5], "rotation": [-12.25002, -2.99318, -9.54589], "uv": [32, 5]}
					]
				},
				{
					"name": "leg_front_right",
					"parent": "body",
					"pivot": [-2.5, 1, -3.5],
					"cubes": [
						{"origin": [-4, 0, -5], "size": [2, 3, 2], "pivot": [-2.5, 1, -3.5], "rotation": [-12.25002, 2.99318, 9.54589], "uv": [32, 5], "mirror": true}
					]
				},
				{
					"name": "leg_back_left",
					"parent": "body",
					"pivot": [2.5, 1, 3.5],
					"cubes": [
						{"origin": [2, 0, 3], "size": [2, 3, 2], "pivot": [2.5, 1, 3.5], "rotation": [12.25002, 2.99318, -9.54589], "uv": [32, 5]}
					]
				},
				{
					"name": "leg_back_right",
					"parent": "body",
					"pivot": [-2.5, 1, 3.5],
					"cubes": [
						{"origin": [-4, 0, 3], "size": [2, 3, 2], "pivot": [-2.5, 1, 3.5], "rotation": [12.25002, -2.99318, 9.54589], "uv": [32, 5], "mirror": true}
					]
				},
				{
					"name": "arm_right",
					"parent": "body",
					"pivot": [2, 2, -6.5],
					"rotation": [-42.62647, 23.33702, 23.28697],
					"cubes": [
						{"origin": [1.5, 1, -8], "size": [2, 3, 2], "pivot": [2, 2, -6.5], "rotation": [-12.25002, -2.99318, -9.54589], "uv": [32, 0]}
					]
				},
				{
					"name": "arm_left",
					"parent": "body",
					"pivot": [-2, 2, -6.5],
					"rotation": [-42.62647, -23.33702, -23.28697],
					"cubes": [
						{"origin": [-3.5, 1, -8], "size": [2, 3, 2], "pivot": [-2, 2, -6.5], "rotation": [-12.25002, 2.99318, 9.54589], "uv": [32, 0], "mirror": true}
					]
				}
			]
		}
	]
}