{
	"format_version": "1.12.0",
	"minecraft:geometry": [
		{
			"description": {
				"identifier": "geometry.emolga_vampire",
				"texture_width": 64,
				"texture_height": 64,
				"visible_bounds_width": 4,
				"visible_bounds_height": 2.5,
				"visible_bounds_offset": [0, 0.75, 0]
			},
			"bones": [
				{
					"name": "emolga",
					"pivot": [0, 0, 0]
				},
				{
					"name": "body",
					"parent": "emolga",
					"pivot": [0, 4.5, 0],
					"cubes": [
						{"origin": [-3.5, 1, -2], "size": [7, 7, 4], "inflate": 0.02, "uv": [20, 18]}
					]
				},
				{
					"name": "head",
					"parent": "body",
					"pivot": [0, 8, 0],
					"cubes": [
						{"origin": [-5, 8, -3.5], "size": [10, 8, 7], "uv": [0, 0]},
						{"origin": [-0.5, 10.25, -3.525], "size": [1, 1, 0], "uv": [54, 7]},
						{"origin": [-2, 8, -3.501], "size": [4, 2, 0], "uv": [53, 0]}
					]
				},
				{
					"name": "tooth_left",
					"parent": "head",
					"pivot": [1, 10, -3.525],
					"rotation": [-5, 0, 0],
					"cubes": [
						{"origin": [0.5, 9.5, -3.502], "size": [1, 1, 0], "pivot": [1, 10, -3.525], "rotation": [0, 0, -45], "uv": [54, 7]}
					]
				},
				{
					"name": "tooth_left2",
					"parent": "head",
					"pivot": [-1, 10, -3.525],
					"rotation": [-5, 0, 0],
					"cubes": [
						{"origin": [-1.5, 9.5, -3.502], "size": [1, 1, 0], "pivot": [-1, 10, -3.525], "rotation": [0, 0, -45], "uv": [54, 7]}
					]
				},
				{
					"name": "lefteye",
					"parent": "head",
					"pivot": [2.5, 12, -3.55],
					"rotation": [0, 0, -15],
					"cubes": [
						{"origin": [1.5, 10.5, -3.55], "size": [2, 2, 0], "uv": [46, 0]},
						{"origin": [1.775, 11, -3.476], "size": [1, 1, 1], "inflate": 0.1, "uv": [53, 0]},
						{"origin": [1.75, 11, -3.577], "size": [1, 1, 0], "uv": [52, 6]}
					]
				},
				{
					"name": "eyelid_left",
					"parent": "lefteye",
					"pivot": [2.5, 12, -3.3],
					"rotation": [0, 0, -2.5],
					"cubes": [
						{"origin": [1.5, 10.5, -3.3], "size": [2, 2, 1], "inflate": 0.02, "uv": [52, 5]}
					]
				},
				{
					"name": "righteye",
					"parent": "head",
					"pivot": [-2.5, 12, -3.55],
					"rotation": [0, 0, 15],
					"cubes": [
						{"origin": [-3.5, 10.5, -3.55], "size": [2, 2, 0], "uv": [46, 0], "mirror": true},
						{"origin": [-2.775, 11, -3.476], "size": [1, 1, 1], "inflate": 0.1, "uv": [53, 0], "mirror": true},
						{"origin": [-2.75, 11, -3.577], "size": [1, 1, 0], "uv": [52, 6], "mirror": true}
					]
				},
				{
					"name": "eyelid_right",
					"parent": "righteye",
					"pivot": [-2.5, 12, -3.3],
					"rotation": [0, 0, 2.5],
					"cubes": [
						{"origin": [-3.5, 10.5, -3.3], "size": [2, 2, 1], "inflate": 0.02, "uv": [52, 5], "mirror": true}
					]
				},
				{
					"name": "leftear",
					"parent": "head",
					"pivot": [2.5, 14.75, 0.25],
					"rotation": [-9.7947, 22.91262, 35.67001],
					"cubes": [
						{"origin": [1, 14.75, -2.75], "size": [3, 7, 6], "uv": [0, 22]},
						{"origin": [3.25, 14.75, -2.75], "size": [0, 7, 6], "uv": [0, 29]}
					]
				},
				{
					"name": "rightear",
					"parent": "head",
					"pivot": [-2.5, 14.75, 0.25],
					"rotation": [-9.7947, -22.91262, -35.67001],
					"cubes": [
						{"origin": [-4, 14.75, -2.75], "size": [3, 7, 6], "uv": [12, 29]},
						{"origin": [-3.25, 14.75, -2.75], "size": [0, 7, 6], "uv": [30, 23]}
					]
				},
				{
					"name": "tail",
					"parent": "body",
					"pivot": [0, 2.5, 2],
					"cubes": [
						{"origin": [0, 1.5, 0.5], "size": [0, 2, 6], "uv": [30, 30]}
					]
				},
				{
					"name": "tail2",
					"parent": "tail",
					"pivot": [0, 2.5, 6.5],
					"cubes": [
						{"origin": [0, 1.5, 6.5], "size": [0, 7, 12], "uv": [0, 3]}
					]
				},
				{
					"name": "leftfoot",
					"parent": "body",
					"pivot": [2.25, 1, 0.5],
					"cubes": [
						{"origin": [1.25, 0, -2.5], "size": [2, 1, 4], "uv": [26, 38]}
					]
				},
				{
					"name": "rightfoot",
					"parent": "body",
					"pivot": [-2.25, 1, 0.5],
					"cubes": [
						{"origin": [-3.25, 0, -2.5], "size": [2, 1, 4], "uv": [34, 5]}
					]
				},
				{
					"name": "leftarm",
					"parent": "body",
					"pivot": [3.5, 6.5, 0.25],
					"cubes": [
						{"origin": [3.5, 5, -0.75], "size": [6, 3, 2], "uv": [27, 0]},
						{"origin": [8.75, 4.75, 0], "size": [1, 1, 0], "pivot": [9.25, 5.25, 0], "rotation": [0, 0, 45], "uv": [4, 22]},
						{"origin": [9.25, 6, 0], "size": [1, 1, 0], "uv": [2, 22]},
						{"origin": [8.75, 7.25, 0], "size": [1, 1, 0], "pivot": [9.25, 7.75, 0], "rotation": [0, 0, -45], "uv": [0, 22]}
					]
				},
				{
					"name": "leftwing",
					"parent": "leftarm",
					"pivot": [3.5, 5, 1.25],
					"cubes": [
						{"origin": [3.5, 1, 1.25], "size": [11, 7, 0], "uv": [39, 48]}
					]
				},
				{
					"name": "leftwingjoint",
					"parent": "leftwing",
					"pivot": [3.5, 5, 1.25],
					"cubes": [
						{"origin": [0.5, 1, 1.25], "size": [3, 7, 0], "uv": [0, 0]}
					]
				},
				{
					"name": "leftwing2",
					"parent": "leftarm",
					"pivot": [3.5, 5, 1.25],
					"cubes": [
						{"origin": [3.5, 1, 1.25], "size": [11, 7, 0], "uv": [39, 48]}
					]
				},
				{
					"name": "leftwingjoint2",
					"parent": "leftwing2",
					"pivot": [3.5, 5, 1.25],
					"cubes": [
						{"origin": [0.5, 1, 1.25], "size": [3, 7, 0], "uv": [0, 0]}
					]
				},
				{
					"name": "rightarm",
					"parent": "body",
					"pivot": [-3.5, 6.5, 0.25],
					"cubes": [
						{"origin": [-9.5, 5, -0.75], "size": [6, 3, 2], "uv": [27, 0], "mirror": true},
						{"origin": [-9.75, 4.75, 0], "size": [1, 1, 0], "pivot": [-9.25, 5.25, 0], "rotation": [0, 0, -45], "uv": [4, 22], "mirror": true},
						{"origin": [-10.25, 6, 0], "size": [1, 1, 0], "uv": [2, 22], "mirror": true},
						{"origin": [-9.75, 7.25, 0], "size": [1, 1, 0], "pivot": [-9.25, 7.75, 0], "rotation": [0, 0, 45], "uv": [0, 22], "mirror": true}
					]
				},
				{
					"name": "rightwing",
					"parent": "rightarm",
					"pivot": [-3.5, 5, 1.25],
					"cubes": [
						{"origin": [-14.5, 1, 1.25], "size": [11, 7, 0], "uv": [39, 48], "mirror": true}
					]
				},
				{
					"name": "rightwingjoint",
					"parent": "rightwing",
					"pivot": [-3.5, 5, 1.25],
					"cubes": [
						{"origin": [-3.5, 1, 1.25], "size": [3, 7, 0], "uv": [0, 0], "mirror": true}
					]
				},
				{
					"name": "rightwing2",
					"parent": "rightarm",
					"pivot": [-3.5, 5, 1.25],
					"cubes": [
						{"origin": [-14.5, 1, 1.25], "size": [11, 7, 0], "uv": [39, 48], "mirror": true}
					]
				},
				{
					"name": "rightwingjoint2",
					"parent": "rightwing2",
					"pivot": [-3.5, 5, 1.25],
					"cubes": [
						{"origin": [-3.5, 1, 1.25], "size": [3, 7, 0], "uv": [0, 0], "mirror": true}
					]
				}
			]
		}
	]
}