{
	"format_version": "1.12.0",
	"minecraft:geometry": [
		{
			"description": {
				"identifier": "geometry.delta_flygon",
				"texture_width": 256,
				"texture_height": 128,
				"visible_bounds_width": 10,
				"visible_bounds_height": 6.5,
				"visible_bounds_offset": [0, 2.75, 0]
			},
			"bones": [
				{
					"name": "delta_flygon",
					"pivot": [0, 0, 0]
				},
				{
					"name": "body",
					"parent": "delta_flygon",
					"pivot": [0.5, 22, 0],
					"cubes": [
						{"origin": [-5, 12, -5.5], "size": [10, 13, 11], "uv": [0, 42]}
					]
				},
				{
					"name": "tail",
					"parent": "body",
					"pivot": [0, 21, 5.5],
					"cubes": [
						{"origin": [-5, 12, 2.5], "size": [10, 9, 12], "inflate": 0.01, "uv": [30, 55]}
					]
				},
				{
					"name": "tail2",
					"parent": "tail",
					"pivot": [0, 16.5, 14.5],
					"cubes": [
						{"origin": [-4, 13, 12.5], "size": [8, 7, 12], "uv": [60, 13]}
					]
				},
				{
					"name": "tail3",
					"parent": "tail2",
					"pivot": [0, 16.5, 24.5],
					"cubes": [
						{"origin": [-2.5, 14, 22.5], "size": [5, 5, 11], "uv": [0, 87]}
					]
				},
				{
					"name": "tail4",
					"parent": "tail3",
					"pivot": [0, 16.5, 33.5],
					"cubes": [
						{"origin": [-2, 14.5, 32.5], "size": [4, 4, 12], "uv": [80, 86]}
					]
				},
				{
					"name": "tail5",
					"parent": "tail4",
					"pivot": [0, 16.5, 44.5],
					"cubes": [
						{"origin": [-1.5, 15, 43.5], "size": [3, 3, 12], "uv": [95, 68]}
					]
				},
				{
					"name": "tail6",
					"parent": "tail5",
					"pivot": [0, 16.5, 55.5],
					"cubes": [
						{"origin": [-1, 15.5, 54.5], "size": [2, 2, 12], "uv": [106, 53]}
					]
				},
				{
					"name": "tail7",
					"parent": "tail6",
					"pivot": [0, 16.5, 66.5],
					"cubes": [
						{"origin": [-0.5, 16, 65.5], "size": [1, 1, 10], "uv": [44, 76]},
						{"origin": [-6.5, 16.5, 65.5], "size": [13, 0, 22], "uv": [0, 0]}
					]
				},
				{
					"name": "body2",
					"parent": "body",
					"pivot": [0, 25, 0],
					"cubes": [
						{"origin": [-4, 22, -4], "size": [8, 10, 8], "uv": [86, 47]}
					]
				},
				{
					"name": "wing_right_top",
					"parent": "body2",
					"pivot": [0, 31.5, 4],
					"rotation": [0, 25, 0],
					"cubes": [
						{"origin": [-12, 25, 4.02], "size": [12, 21, 0], "uv": [0, 103]}
					]
				},
				{
					"name": "wing_right_top2",
					"parent": "wing_right_top",
					"pivot": [-12, 25, 4],
					"cubes": [
						{"origin": [-24, 25, 4.02], "size": [12, 21, 0], "uv": [80, 102]}
					]
				},
				{
					"name": "wing_right_top3",
					"parent": "wing_right_top2",
					"pivot": [-24, 25, 4],
					"cubes": [
						{"origin": [-36, 25, 4.02], "size": [12, 21, 0], "uv": [100, 21]}
					]
				},
				{
					"name": "wing_left_top",
					"parent": "body2",
					"pivot": [0, 31.5, 4],
					"rotation": [0, -25, 0],
					"cubes": [
						{"origin": [0, 25, 4.02], "size": [12, 21, 0], "uv": [100, 0]}
					]
				},
				{
					"name": "wing_left_top2",
					"parent": "wing_left_top",
					"pivot": [12, 25, 4],
					"cubes": [
						{"origin": [12, 25, 4.02], "size": [12, 21, 0], "uv": [56, 98]}
					]
				},
				{
					"name": "wing_left_top3",
					"parent": "wing_left_top2",
					"pivot": [24, 25, 4],
					"cubes": [
						{"origin": [24, 25, 4.02], "size": [12, 21, 0], "uv": [32, 97]}
					]
				},
				{
					"name": "wing_right_bottom",
					"parent": "body2",
					"pivot": [0, 31, 4],
					"rotation": [0, 25, 0],
					"cubes": [
						{"origin": [-26, 18, 4.01], "size": [26, 13, 0], "uv": [48, 0]}
					]
				},
				{
					"name": "wing_right_bottom2",
					"parent": "wing_right_bottom",
					"pivot": [-22, 21, 4.02],
					"cubes": [
						{"origin": [-40, 18, 4.02], "size": [20, 3, 0], "uv": [60, 35]}
					]
				},
				{
					"name": "wing_right_bottom3",
					"parent": "wing_right_bottom2",
					"pivot": [-39, 21, 4.01],
					"cubes": [
						{"origin": [-47, 15, 4.01], "size": [8, 6, 0], "uv": [46, 119]}
					]
				},
				{
					"name": "wing_left_bottom",
					"parent": "body2",
					"pivot": [0, 31, 4],
					"rotation": [0, -25, 0],
					"cubes": [
						{"origin": [0, 18, 4.01], "size": [26, 13, 0], "uv": [42, 42]}
					]
				},
				{
					"name": "wing_left_bottom2",
					"parent": "wing_left_bottom",
					"pivot": [22, 21, 4.02],
					"cubes": [
						{"origin": [20, 18, 4.02], "size": [20, 3, 0], "uv": [60, 32]}
					]
				},
				{
					"name": "wing_left_bottom3",
					"parent": "wing_left_bottom2",
					"pivot": [39, 21, 4.01],
					"cubes": [
						{"origin": [39, 15, 4.01], "size": [8, 6, 0], "uv": [119, 42]}
					]
				},
				{
					"name": "arm_left",
					"parent": "body2",
					"pivot": [4, 32, 0],
					"cubes": [
						{"origin": [4, 30, -1], "size": [7, 2, 2], "inflate": 0.01, "uv": [78, 38]}
					]
				},
				{
					"name": "arm_left2",
					"parent": "arm_left",
					"pivot": [11, 31, 1],
					"cubes": [
						{"origin": [11, 30, -1], "size": [9, 2, 2], "uv": [48, 17]},
						{"origin": [15, 29, -2], "size": [5, 4, 4], "inflate": 0.01, "uv": [62, 55]}
					]
				},
				{
					"name": "arm_fluff_top_left",
					"parent": "arm_left2",
					"pivot": [15, 33, 0.5],
					"rotation": [0, 0, 10],
					"cubes": [
						{"origin": [12, 33, -1], "size": [3, 0, 3], "uv": [0, 3]}
					]
				},
				{
					"name": "arm_fluff_front_left",
					"parent": "arm_left2",
					"pivot": [15, 31, -2],
					"rotation": [0, -15, 0],
					"cubes": [
						{"origin": [14, 30, -2], "size": [1, 2, 0], "uv": [0, 2]}
					]
				},
				{
					"name": "arm_fluff_back_left",
					"parent": "arm_left2",
					"pivot": [15, 31, 2],
					"rotation": [0, 15, 0],
					"cubes": [
						{"origin": [11, 29.5, 2], "size": [4, 3, 0], "uv": [31, 49]}
					]
				},
				{
					"name": "arm_fluff_bottom_left",
					"parent": "arm_left2",
					"pivot": [15, 29, 0.5],
					"rotation": [0, 0, -10],
					"cubes": [
						{"origin": [13, 29, -1], "size": [2, 0, 3], "uv": [10, 0]}
					]
				},
				{
					"name": "finger_left1",
					"parent": "arm_left2",
					"pivot": [20, 31.5, -1],
					"cubes": [
						{"origin": [19, 30.5, -1.5], "size": [3, 1, 1], "uv": [70, 63]}
					]
				},
				{
					"name": "claw_left1",
					"parent": "finger_left1",
					"pivot": [22, 31.5, -1],
					"cubes": [
						{"origin": [22, 30.5, -1], "size": [1, 1, 0], "uv": [7, 7]}
					]
				},
				{
					"name": "finger_left2",
					"parent": "arm_left2",
					"pivot": [20, 32, 0],
					"cubes": [
						{"origin": [19, 31, -0.5], "size": [3, 1, 1], "uv": [78, 63]}
					]
				},
				{
					"name": "claw_left2",
					"parent": "finger_left2",
					"pivot": [22, 32, 0],
					"cubes": [
						{"origin": [22, 31, 0], "size": [1, 1, 0], "uv": [7, 6]}
					]
				},
				{
					"name": "finger_left3",
					"parent": "arm_left2",
					"pivot": [20, 31.5, 1],
					"cubes": [
						{"origin": [19, 30.5, 0.5], "size": [3, 1, 1], "uv": [62, 65]}
					]
				},
				{
					"name": "claw_left3",
					"parent": "finger_left3",
					"pivot": [22, 31.5, 1],
					"cubes": [
						{"origin": [22, 30.5, 1], "size": [1, 1, 0], "uv": [0, 7]}
					]
				},
				{
					"name": "arm_right",
					"parent": "body2",
					"pivot": [-4, 32, 0],
					"cubes": [
						{"origin": [-11, 30, -1], "size": [7, 2, 2], "inflate": 0.01, "uv": [60, 38]}
					]
				},
				{
					"name": "arm_right2",
					"parent": "arm_right",
					"pivot": [-11, 31, 1],
					"cubes": [
						{"origin": [-20, 30, -1], "size": [9, 2, 2], "uv": [48, 13]},
						{"origin": [-20, 29, -2], "size": [5, 4, 4], "inflate": 0.01, "uv": [0, 31]}
					]
				},
				{
					"name": "arm_fluff_top_right",
					"parent": "arm_right2",
					"pivot": [-15, 33, 0.5],
					"rotation": [0, 0, -10],
					"cubes": [
						{"origin": [-15, 33, -1], "size": [3, 0, 3], "uv": [0, 0]}
					]
				},
				{
					"name": "arm_fluff_front_right",
					"parent": "arm_right2",
					"pivot": [-15, 31, -2],
					"rotation": [0, 15, 0],
					"cubes": [
						{"origin": [-15, 30, -2], "size": [1, 2, 0], "uv": [0, 0]}
					]
				},
				{
					"name": "arm_fluff_back_right",
					"parent": "arm_right2",
					"pivot": [-15, 31, 2],
					"rotation": [0, -15, 0],
					"cubes": [
						{"origin": [-15, 29.5, 2], "size": [4, 3, 0], "uv": [8, 39]}
					]
				},
				{
					"name": "arm_fluff_bottom_right",
					"parent": "arm_right2",
					"pivot": [-15, 29, 0.5],
					"rotation": [0, 0, 10],
					"cubes": [
						{"origin": [-15, 29, -1], "size": [2, 0, 3], "uv": [0, 6]}
					]
				},
				{
					"name": "finger_right1",
					"parent": "arm_right2",
					"pivot": [-20, 31.5, -1],
					"cubes": [
						{"origin": [-22, 30.5, -1.5], "size": [3, 1, 1], "uv": [62, 63]}
					]
				},
				{
					"name": "claw_right1",
					"parent": "finger_right1",
					"pivot": [-22, 31.5, -1],
					"cubes": [
						{"origin": [-23, 30.5, -1], "size": [1, 1, 0], "uv": [0, 6]}
					]
				},
				{
					"name": "finger_right2",
					"parent": "arm_right2",
					"pivot": [-20, 32, 0],
					"cubes": [
						{"origin": [-22, 31, -0.5], "size": [3, 1, 1], "uv": [60, 23]}
					]
				},
				{
					"name": "claw_right2",
					"parent": "finger_right2",
					"pivot": [-22, 32, 0],
					"cubes": [
						{"origin": [-23, 31, 0], "size": [1, 1, 0], "uv": [0, 5]}
					]
				},
				{
					"name": "finger_right3",
					"parent": "arm_right2",
					"pivot": [-20, 31.5, 1],
					"cubes": [
						{"origin": [-22, 30.5, 0.5], "size": [3, 1, 1], "uv": [60, 21]}
					]
				},
				{
					"name": "claw_right3",
					"parent": "finger_right3",
					"pivot": [-22, 31.5, 1],
					"cubes": [
						{"origin": [-23, 30.5, 1], "size": [1, 1, 0], "uv": [0, 4]}
					]
				},
				{
					"name": "neck_fluff",
					"parent": "body2",
					"pivot": [0, 33, 0],
					"cubes": [
						{"origin": [-5.5, 29, -5.5], "size": [11, 4, 11], "uv": [63, 65]}
					]
				},
				{
					"name": "fluff_front_middle",
					"parent": "neck_fluff",
					"pivot": [0, 33, -5.51],
					"rotation": [-45, 0, 0],
					"cubes": [
						{"origin": [-2, 26, -5.51], "size": [4, 7, 0], "uv": [44, 76]}
					]
				},
				{
					"name": "fluff_front_right",
					"parent": "neck_fluff",
					"pivot": [-2, 33, -5.51],
					"rotation": [-45, 30, 0],
					"cubes": [
						{"origin": [-5, 27, -5.51], "size": [3, 6, 0], "uv": [0, 87]}
					]
				},
				{
					"name": "fluff_front_left",
					"parent": "neck_fluff",
					"pivot": [2, 33, -5.51],
					"rotation": [-45, -30, 0],
					"cubes": [
						{"origin": [2, 27, -5.51], "size": [3, 6, 0], "uv": [80, 55]}
					]
				},
				{
					"name": "fluff_right_front",
					"parent": "neck_fluff",
					"pivot": [-5.51, 33, -2],
					"rotation": [-12.5, -12.5, 45],
					"cubes": [
						{"origin": [-5.51, 28, -5], "size": [0, 5, 3], "uv": [15, 12]}
					]
				},
				{
					"name": "fluff_right_middle",
					"parent": "neck_fluff",
					"pivot": [-5.51, 33, 0],
					"rotation": [0, 0, 50],
					"cubes": [
						{"origin": [-5.51, 26, -2], "size": [0, 7, 4], "uv": [0, 35]}
					]
				},
				{
					"name": "fluff_right_back",
					"parent": "neck_fluff",
					"pivot": [-5.51, 33, 2],
					"rotation": [17.5, 17.5, 45],
					"cubes": [
						{"origin": [-5.51, 27, 2], "size": [0, 6, 3], "uv": [13, 0]}
					]
				},
				{
					"name": "fluff_left_front",
					"parent": "neck_fluff",
					"pivot": [5.51, 33, -2],
					"rotation": [-12.5, 12.5, -45],
					"cubes": [
						{"origin": [5.51, 28, -5], "size": [0, 5, 3], "uv": [22, 63]}
					]
				},
				{
					"name": "fluff_left_middle",
					"parent": "neck_fluff",
					"pivot": [5.51, 33, 0],
					"rotation": [0, 0, -50],
					"cubes": [
						{"origin": [5.51, 26, -2], "size": [0, 7, 4], "uv": [31, 38]}
					]
				},
				{
					"name": "fluff_left_back",
					"parent": "neck_fluff",
					"pivot": [5.51, 33, 2],
					"rotation": [17.5, -17.5, -45],
					"cubes": [
						{"origin": [5.51, 27, 2], "size": [0, 6, 3], "uv": [0, 43]}
					]
				},
				{
					"name": "fluff_back_middle",
					"parent": "neck_fluff",
					"pivot": [0, 33, 5.51],
					"rotation": [50, 0, 0],
					"cubes": [
						{"origin": [-2, 27, 5.51], "size": [4, 6, 0], "uv": [56, 80]}
					]
				},
				{
					"name": "fluff_back_right",
					"parent": "neck_fluff",
					"pivot": [-2, 33, 5.51],
					"rotation": [45, -25, 0],
					"cubes": [
						{"origin": [-5, 28, 5.51], "size": [3, 5, 0], "uv": [89, 80]}
					]
				},
				{
					"name": "fluff_back_left",
					"parent": "neck_fluff",
					"pivot": [2, 33, 5.51],
					"rotation": [45, 25, 0],
					"cubes": [
						{"origin": [2, 28, 5.51], "size": [3, 5, 0], "uv": [0, 93]}
					]
				},
				{
					"name": "body3",
					"parent": "body2",
					"pivot": [0, 32, 0],
					"cubes": [
						{"origin": [-2.5, 30, -2.5], "size": [5, 11, 5], "uv": [0, 15]}
					]
				},
				{
					"name": "head",
					"parent": "body3",
					"pivot": [0, 39, 0],
					"cubes": [
						{"origin": [-4, 39, -6], "size": [8, 8, 10], "uv": [56, 80]},
						{"origin": [-4, 39, -7], "size": [8, 5, 1], "uv": [28, 118]},
						{"origin": [-5.5, 40, -5], "size": [2, 6, 8], "uv": [1, 1]},
						{"origin": [3.5, 40, -5], "size": [2, 6, 8], "uv": [124, 0]}
					]
				},
				{
					"name": "antenna_left",
					"parent": "head",
					"pivot": [4, 45, -5.5],
					"rotation": [10, 0, 0],
					"cubes": [
						{"origin": [3.5, 44, -5.5], "size": [1, 2, 7], "uv": [110, 42]}
					]
				},
				{
					"name": "antenna_left2",
					"parent": "antenna_left",
					"pivot": [4, 45, 1.5],
					"rotation": [15, 0, 0],
					"cubes": [
						{"origin": [3.5, 45, 1.5], "size": [1, 1, 7], "inflate": 0.01, "uv": [116, 83]},
						{"origin": [0.5, 45.5, 1.5], "size": [10, 0, 20], "inflate": 0.01, "uv": [20, 22]}
					]
				},
				{
					"name": "antenna_left3",
					"parent": "antenna_left2",
					"pivot": [4, 45, 8.5],
					"rotation": [15, 0, 0],
					"cubes": [
						{"origin": [3.5, 45, 8.5], "size": [1, 1, 5], "uv": [82, 80]}
					]
				},
				{
					"name": "antenna_right",
					"parent": "head",
					"pivot": [-4, 45, -5.5],
					"rotation": [10, 0, 0],
					"cubes": [
						{"origin": [-4.5, 44, -5.5], "size": [1, 2, 7], "uv": [110, 42], "mirror": true}
					]
				},
				{
					"name": "antenna_right2",
					"parent": "antenna_right",
					"pivot": [-4, 45, 1.5],
					"rotation": [15, 0, 0],
					"cubes": [
						{"origin": [-4.5, 45, 1.5], "size": [1, 1, 7], "inflate": 0.01, "uv": [116, 83], "mirror": true},
						{"origin": [-10.5, 45.5, 1.5], "size": [10, 0, 20], "inflate": 0.01, "uv": [20, 22], "mirror": true}
					]
				},
				{
					"name": "antenna_right3",
					"parent": "antenna_right2",
					"pivot": [-4, 45, 8.5],
					"rotation": [15, 0, 0],
					"cubes": [
						{"origin": [-4.5, 45, 8.5], "size": [1, 1, 5], "uv": [82, 80], "mirror": true}
					]
				},
				{
					"name": "eye_right",
					"parent": "head",
					"pivot": [-0.51, 42.5, -2],
					"cubes": [
						{"origin": [-5.51, 41, -4], "size": [0, 3, 4], "uv": [124, -4], "mirror": true}
					]
				},
				{
					"name": "eye_shine_right",
					"parent": "eye_right",
					"pivot": [-0.52, 42.5, -3],
					"cubes": [
						{"origin": [-5.52, 42, -3.5], "size": [0, 1, 1], "uv": [124, 2], "mirror": true},
						{"origin": [-5.53, 42.5, -2.75], "size": [0, 1, 1], "uv": [124, 3], "mirror": true}
					]
				},
				{
					"name": "eyelid_right",
					"parent": "eye_right",
					"pivot": [0.08, 42.5, -2],
					"cubes": [
						{"origin": [-5.42, 41, -4], "size": [1, 3, 4], "inflate": 0.01, "uv": [136, 0], "mirror": true}
					]
				},
				{
					"name": "eye_left",
					"parent": "head",
					"pivot": [0.51, 42.5, -2],
					"cubes": [
						{"origin": [5.51, 41, -4], "size": [0, 3, 4], "uv": [124, -4]}
					]
				},
				{
					"name": "eye_shine_left",
					"parent": "eye_left",
					"pivot": [0.52, 42.5, -3],
					"cubes": [
						{"origin": [5.52, 42, -3.5], "size": [0, 1, 1], "uv": [124, 2]},
						{"origin": [5.53, 42.5, -2.75], "size": [0, 1, 1], "uv": [124, 3]}
					]
				},
				{
					"name": "eyelid_left",
					"parent": "eye_left",
					"pivot": [-0.08, 42.5, -2],
					"cubes": [
						{"origin": [4.42, 41, -4], "size": [1, 3, 4], "inflate": 0.01, "uv": [136, 0]}
					]
				},
				{
					"name": "leg_left",
					"parent": "body",
					"pivot": [5, 22, 0],
					"cubes": [
						{"origin": [5, 17, -5], "size": [4, 7, 10], "uv": [104, 109]}
					]
				},
				{
					"name": "leg_left2",
					"parent": "leg_left",
					"pivot": [7, 19, -1],
					"cubes": [
						{"origin": [5, 10, -6], "size": [5, 9, 12], "inflate": 0.01, "uv": [22, 76]}
					]
				},
				{
					"name": "leg_left3",
					"parent": "leg_left2",
					"pivot": [7.5, 10, 4],
					"cubes": [
						{"origin": [6, 1, 1], "size": [3, 9, 3], "uv": [88, 13]}
					]
				},
				{
					"name": "hoof_left",
					"parent": "leg_left3",
					"pivot": [7.5, 3, 2],
					"cubes": [
						{"origin": [6, 0, 0], "size": [3, 3, 3], "inflate": 0.01, "uv": [109, 83]}
					]
				},
				{
					"name": "leg_right",
					"parent": "body",
					"pivot": [-5, 22, 0],
					"cubes": [
						{"origin": [-9, 17, -5], "size": [4, 7, 10], "uv": [104, 92]}
					]
				},
				{
					"name": "leg_right2",
					"parent": "leg_right",
					"pivot": [-7, 19, -1],
					"cubes": [
						{"origin": [-10, 10, -6], "size": [5, 9, 12], "inflate": 0.01, "uv": [0, 66]}
					]
				},
				{
					"name": "leg_right3",
					"parent": "leg_right2",
					"pivot": [-7.5, 10, 4],
					"cubes": [
						{"origin": [-9, 1, 1], "size": [3, 9, 3], "uv": [0, 66]}
					]
				},
				{
					"name": "hoof_right",
					"parent": "leg_right3",
					"pivot": [-7.5, 3, 2],
					"cubes": [
						{"origin": [-9, 0, 0], "size": [3, 3, 3], "inflate": 0.01, "uv": [100, 92]}
					]
				}
			]
		}
	]
}