{
	"format_version": "1.12.0",
	"minecraft:geometry": [
		{
			"description": {
				"identifier": "geometry.delta_fraxure",
				"texture_width": 128,
				"texture_height": 64,
				"visible_bounds_width": 4,
				"visible_bounds_height": 3.5,
				"visible_bounds_offset": [0, 1.25, 0]
			},
			"bones": [
				{
					"name": "delta_fraxure",
					"pivot": [0, 0, 0]
				},
				{
					"name": "body",
					"parent": "delta_fraxure",
					"pivot": [0, 0, 0]
				},
				{
					"name": "torso",
					"parent": "body",
					"pivot": [0, 7, -0.5],
					"cubes": [
						{"origin": [-4.5, 4, -5], "size": [9, 7, 9], "inflate": 0.01, "uv": [46, 9]}
					]
				},
				{
					"name": "chest",
					"parent": "torso",
					"pivot": [0, 11, -0.5],
					"cubes": [
						{"origin": [-4, 10, -5], "size": [8, 6, 9], "uv": [23, 25]}
					]
				},
				{
					"name": "back_spike",
					"parent": "chest",
					"pivot": [0, 14, 2],
					"rotation": [-15, 0, 0],
					"cubes": [
						{"origin": [-2, 19, 2.25], "size": [4, 4, 2], "uv": [116, 6]}
					]
				},
				{
					"name": "back_spike1",
					"parent": "back_spike",
					"pivot": [-1.25, 14.5, 4.5],
					"rotation": [-25, 0, 0],
					"cubes": [
						{"origin": [-4, 11.5, 0.25], "size": [8, 6, 5], "inflate": -0.01, "uv": [59, 26]}
					]
				},
				{
					"name": "back_spike2",
					"parent": "back_spike",
					"pivot": [2.5, 18.5, 4.25],
					"rotation": [-20, 0, 0],
					"cubes": [
						{"origin": [-3.5, 16, 1.75], "size": [7, 4, 3], "pivot": [2.5, 18.5, 4], "rotation": [5, 0, 0], "uv": [108, 18]}
					]
				},
				{
					"name": "neck",
					"parent": "chest",
					"pivot": [0, 16, -2.5],
					"cubes": [
						{"origin": [-2, 15, -4.75], "size": [4, 2, 5], "uv": [37, 11]}
					]
				},
				{
					"name": "head",
					"parent": "neck",
					"pivot": [0, 16, -2.5],
					"cubes": [
						{"origin": [-3, 16, -4], "size": [6, 6, 5], "uv": [19, 13]},
						{"origin": [-2.5, 17.5, -8], "size": [5, 4, 4], "uv": [0, 11]},
						{"origin": [-1.5, 17, -9], "size": [3, 3, 1], "uv": [11, 20]},
						{"origin": [0, 22, -4], "size": [0, 4, 5], "uv": [0, 15]},
						{"origin": [-13.5, 17.49, -7], "size": [11, 0, 3], "uv": [16, 0]},
						{"origin": [2.5, 17.49, -7], "size": [11, 0, 3], "uv": [16, 3]}
					]
				},
				{
					"name": "eye_right",
					"parent": "head",
					"pivot": [-1.5, 17.5, -8],
					"cubes": [
						{"origin": [-2.52, 18.5, -6.75], "size": [0, 1, 1], "pivot": [-2.51, 19, -6], "rotation": [5, 0, 0], "uv": [16, -1]},
						{"origin": [-2.51, 18, -7.5], "size": [0, 2, 3], "pivot": [-2.51, 19, -6], "rotation": [5, 0, 0], "uv": [8, -1]}
					]
				},
				{
					"name": "eyelid_right",
					"parent": "eye_right",
					"pivot": [-1.49, 19, -5],
					"cubes": [
						{"origin": [-2.43, 18, -7.5], "size": [1, 2, 3], "inflate": 0.01, "pivot": [-1.49, 19, -6], "rotation": [5, 0, 0], "uv": [67, 0], "mirror": true}
					]
				},
				{
					"name": "eye_left",
					"parent": "head",
					"pivot": [1.5, 17.5, -8],
					"cubes": [
						{"origin": [2.52, 18.5, -6.75], "size": [0, 1, 1], "pivot": [2.51, 19, -6], "rotation": [5, 0, 0], "uv": [16, -1], "mirror": true},
						{"origin": [2.51, 18, -7.5], "size": [0, 2, 3], "pivot": [2.51, 19, -6], "rotation": [5, 0, 0], "uv": [8, -1], "mirror": true}
					]
				},
				{
					"name": "eyelid_left",
					"parent": "eye_left",
					"pivot": [2.51, 19, -5],
					"cubes": [
						{"origin": [1.43, 18, -7.5], "size": [1, 2, 3], "inflate": 0.01, "pivot": [2.51, 19, -6], "rotation": [5, 0, 0], "uv": [67, 0], "mirror": true}
					]
				},
				{
					"name": "jaw",
					"parent": "head",
					"pivot": [0, 17.5, -4],
					"cubes": [
						{"origin": [-2.5, 16, -7.5], "size": [5, 2, 4], "inflate": -0.01, "uv": [92, 0]}
					]
				},
				{
					"name": "arm_right",
					"parent": "chest",
					"pivot": [-4, 15.5, 0],
					"cubes": [
						{"origin": [-7, 12.5, -1.5], "size": [4, 3, 3], "uv": [113, 0]}
					]
				},
				{
					"name": "arm_right2",
					"parent": "arm_right",
					"pivot": [-7, 15, 1],
					"cubes": [
						{"origin": [-11, 13, -1], "size": [4, 2, 2], "uv": [25, 8]}
					]
				},
				{
					"name": "hand_right",
					"parent": "arm_right2",
					"pivot": [-11, 15, 1],
					"cubes": [
						{"origin": [-12, 13, -1], "size": [1, 2, 2], "inflate": 0.01, "uv": [0, 0]}
					]
				},
				{
					"name": "finger_right1",
					"parent": "hand_right",
					"pivot": [-12, 14, -0.99],
					"cubes": [
						{"origin": [-13.5, 13.5, -0.99], "size": [2, 1, 0], "uv": [12, 0]}
					]
				},
				{
					"name": "finger_right2",
					"parent": "hand_right",
					"pivot": [-12, 14.99, 0],
					"cubes": [
						{"origin": [-13.5, 14.99, -0.5], "size": [2, 0, 1], "uv": [3, 0]}
					]
				},
				{
					"name": "finger_right3",
					"parent": "hand_right",
					"pivot": [-12, 14, 0.99],
					"cubes": [
						{"origin": [-13.5, 13.5, 0.99], "size": [2, 1, 0], "uv": [8, 0]}
					]
				},
				{
					"name": "arm_left",
					"parent": "chest",
					"pivot": [4, 15.5, 0],
					"cubes": [
						{"origin": [3, 12.5, -1.5], "size": [4, 3, 3], "uv": [14, 25]}
					]
				},
				{
					"name": "arm_left2",
					"parent": "arm_left",
					"pivot": [7, 15, 1],
					"cubes": [
						{"origin": [7, 13, -1], "size": [4, 2, 2], "uv": [0, 25]}
					]
				},
				{
					"name": "hand_left",
					"parent": "arm_left2",
					"pivot": [11, 15, 1],
					"cubes": [
						{"origin": [11, 13, -1], "size": [1, 2, 2], "inflate": 0.01, "uv": [0, 4]}
					]
				},
				{
					"name": "finger_left1",
					"parent": "hand_left",
					"pivot": [12, 14, -0.99],
					"cubes": [
						{"origin": [11.5, 13.5, -0.99], "size": [2, 1, 0], "uv": [8, 1]}
					]
				},
				{
					"name": "finger_left2",
					"parent": "hand_left",
					"pivot": [12, 14.99, 0],
					"cubes": [
						{"origin": [11.5, 14.99, -0.5], "size": [2, 0, 1], "uv": [3, 1]}
					]
				},
				{
					"name": "finger_left3",
					"parent": "hand_left",
					"pivot": [12, 14, 0.99],
					"cubes": [
						{"origin": [11.5, 13.5, 0.99], "size": [2, 1, 0], "uv": [12, 1]}
					]
				},
				{
					"name": "tail",
					"parent": "torso",
					"pivot": [0, 4, 2],
					"cubes": [
						{"origin": [-2.5, 4, 2], "size": [5, 4, 8], "uv": [73, 0]}
					]
				},
				{
					"name": "tail2",
					"parent": "tail",
					"pivot": [0, 6, 10],
					"cubes": [
						{"origin": [-1.5, 4.5, 9], "size": [3, 3, 6], "uv": [55, 0]}
					]
				},
				{
					"name": "tail3",
					"parent": "tail2",
					"pivot": [0, 6, 15],
					"cubes": [
						{"origin": [-1, 5, 14], "size": [2, 2, 5], "uv": [10, 3]}
					]
				},
				{
					"name": "back_flame",
					"parent": "torso",
					"pivot": [0, 16, 2.5],
					"cubes": [
						{"origin": [-4, 16, 1], "size": [8, 5, 3], "inflate": 0.01, "uv": [0, 31]}
					]
				},
				{
					"name": "back_flame_left",
					"parent": "back_flame",
					"pivot": [4, 18.5, 1],
					"cubes": [
						{"origin": [4, 16.5, 1], "size": [5, 4, 3], "uv": [0, 39]},
						{"origin": [3.5, 19.5, 3], "size": [3, 3, 2], "uv": [16, 40]}
					]
				},
				{
					"name": "back_flame_left3",
					"parent": "back_flame_left",
					"pivot": [8, 20.5, 2],
					"cubes": [
						{"origin": [8, 18.5, 2], "size": [3, 3, 2], "inflate": 0.01, "uv": [26, 40]}
					]
				},
				{
					"name": "back_flame_left4",
					"parent": "back_flame_left3",
					"pivot": [11, 20, 3],
					"cubes": [
						{"origin": [10, 17.5, 3], "size": [6, 4, 0], "uv": [36, 40]}
					]
				},
				{
					"name": "back_flame_right",
					"parent": "back_flame",
					"pivot": [-4, 18.5, 1],
					"cubes": [
						{"origin": [-9, 16.5, 1], "size": [5, 4, 3], "uv": [0, 46], "mirror": true},
						{"origin": [-6.5, 19.5, 3], "size": [3, 3, 2], "uv": [16, 45], "mirror": true}
					]
				},
				{
					"name": "back_flame_right3",
					"parent": "back_flame_right",
					"pivot": [-8, 20.5, 2],
					"cubes": [
						{"origin": [-11, 18.5, 2], "size": [3, 3, 2], "inflate": 0.01, "uv": [26, 45], "mirror": true}
					]
				},
				{
					"name": "back_flame_right4",
					"parent": "back_flame_right3",
					"pivot": [-11, 20, 3],
					"cubes": [
						{"origin": [-16, 17.5, 3], "size": [6, 4, 0], "uv": [36, 44], "mirror": true}
					]
				},
				{
					"name": "leg_right",
					"parent": "body",
					"pivot": [-4.5, 7, -0.5],
					"rotation": [-10, 0, 0],
					"cubes": [
						{"origin": [-6.5, 2, -3], "size": [4, 6, 5], "inflate": 0.01, "uv": [83, 13]}
					]
				},
				{
					"name": "foot_right",
					"parent": "leg_right",
					"pivot": [-4.5, 3, -2.25],
					"rotation": [10, 0, 0],
					"cubes": [
						{"origin": [-6, -0.35, -2.5], "size": [3, 3, 4], "uv": [41, 0]}
					]
				},
				{
					"name": "foot_right_claw1",
					"parent": "foot_right",
					"pivot": [-3, 0.63, -1.5],
					"cubes": [
						{"origin": [-3, -0.35, -1.5], "size": [1, 1, 0], "uv": [0, 0]}
					]
				},
				{
					"name": "foot_right_claw2",
					"parent": "foot_right",
					"pivot": [-3.75, 0.63, -2.5],
					"cubes": [
						{"origin": [-3.75, -0.35, -4.5], "size": [0, 1, 2], "uv": [4, 3]}
					]
				},
				{
					"name": "foot_right_claw3",
					"parent": "foot_right",
					"pivot": [-5.25, 0.63, -2.5],
					"cubes": [
						{"origin": [-5.25, -0.35, -4.5], "size": [0, 1, 2], "uv": [4, 2]}
					]
				},
				{
					"name": "leg_left",
					"parent": "body",
					"pivot": [4.5, 7, -0.5],
					"rotation": [-10, 0, 0],
					"cubes": [
						{"origin": [2.5, 2, -3], "size": [4, 6, 5], "inflate": 0.01, "uv": [99, 7], "mirror": true}
					]
				},
				{
					"name": "foot_left",
					"parent": "leg_left",
					"pivot": [4.5, 3, -2.25],
					"rotation": [10, 0, 0],
					"cubes": [
						{"origin": [3, -0.35, -2.5], "size": [3, 3, 4], "uv": [41, 0], "mirror": true}
					]
				},
				{
					"name": "foot_left_claw1",
					"parent": "foot_left",
					"pivot": [3, 0.63, -1.5],
					"cubes": [
						{"origin": [2, -0.35, -1.5], "size": [1, 1, 0], "uv": [0, 0], "mirror": true}
					]
				},
				{
					"name": "foot_left_claw2",
					"parent": "foot_left",
					"pivot": [3.75, 0.63, -2.5],
					"cubes": [
						{"origin": [3.75, -0.35, -4.5], "size": [0, 1, 2], "uv": [4, 3], "mirror": true}
					]
				},
				{
					"name": "foot_left_claw3",
					"parent": "foot_left",
					"pivot": [5.25, 0.63, -2.5],
					"cubes": [
						{"origin": [5.25, -0.35, -4.5], "size": [0, 1, 2], "uv": [4, 2], "mirror": true}
					]
				}
			]
		}
	]
}