{
	"format_version": "1.12.0",
	"minecraft:geometry": [
		{
			"description": {
				"identifier": "geometry.clodsire",
				"texture_width": 128,
				"texture_height": 128,
				"visible_bounds_width": 5,
				"visible_bounds_height": 3.5,
				"visible_bounds_offset": [0, 1.25, 0]
			},
			"bones": [
				{
					"name": "gastrodon_delta",
					"pivot": [0, 0, 0]
				},
				{
					"name": "body",
					"parent": "gastrodon_delta",
					"pivot": [0, 0, 0]
				},
				{
					"name": "bottom",
					"parent": "body",
					"pivot": [0, 0, 1.5],
					"cubes": [
						{"origin": [-10, 0, -12.5], "size": [20, 1, 25], "inflate": 0.01, "uv": [0, 0]}
					]
				},
				{
					"name": "torso",
					"parent": "bottom",
					"pivot": [0, 4, 0],
					"cubes": [
						{"origin": [-9, 0.5, -11.5], "size": [18, 3, 23], "inflate": 0.01, "uv": [0, 26]}
					]
				},
				{
					"name": "torso_2",
					"parent": "bottom",
					"pivot": [0, 2.5, 0],
					"cubes": [
						{"origin": [-8, 2.5, -11.49], "size": [16, 6, 22], "inflate": 0.01, "uv": [0, 52]}
					]
				},
				{
					"name": "spikes",
					"parent": "torso_2",
					"pivot": [0, 8.5, -2]
				},
				{
					"name": "spike_1",
					"parent": "spikes",
					"pivot": [3.5, 7, 4.01],
					"cubes": [
						{"origin": [2, 7, 4.51], "size": [3, 4, 3], "inflate": 0.01, "uv": [13, 0]},
						{"origin": [2.5, 10.5, 5.01], "size": [2, 2, 2], "inflate": 0.01, "uv": [13, 14]}
					]
				},
				{
					"name": "spikes_2",
					"parent": "spikes",
					"pivot": [-3.5, 7, 4.01],
					"cubes": [
						{"origin": [-5, 7, 4.51], "size": [3, 4, 3], "inflate": 0.01, "uv": [13, 7]},
						{"origin": [-4.5, 10.5, 5.01], "size": [2, 2, 2], "inflate": 0.01, "uv": [13, 18]}
					]
				},
				{
					"name": "spike_3",
					"parent": "spikes",
					"pivot": [-3, 7.5, 0],
					"cubes": [
						{"origin": [-5, 7.30304, -1.5], "size": [3, 5, 3], "inflate": 0.01, "uv": [0, 8]},
						{"origin": [-4.5, 11.80304, -1], "size": [2, 2, 2], "inflate": 0.01, "uv": [0, 16]}
					]
				},
				{
					"name": "spike_4",
					"parent": "spikes",
					"pivot": [4, 7.5, -1.99],
					"cubes": [
						{"origin": [2, 7, -1.5], "size": [3, 5, 3], "inflate": 0.01, "uv": [0, 0]},
						{"origin": [2.5, 11.5, -1], "size": [2, 2, 2], "inflate": 0.01, "uv": [0, 20]}
					]
				},
				{
					"name": "neck",
					"parent": "torso_2",
					"pivot": [0, 7.19192, -7.92042],
					"cubes": [
						{"origin": [-5.5, 2.75529, -13.2482], "size": [11, 7, 9], "inflate": 0.01, "uv": [0, 80]}
					]
				},
				{
					"name": "neck_2",
					"parent": "neck",
					"pivot": [0, 6.50529, -9.7582],
					"cubes": [
						{"origin": [-3.5, 5.75529, -13.2582], "size": [7, 8, 7], "inflate": 0.01, "uv": [0, 96]}
					]
				},
				{
					"name": "neck_3",
					"parent": "neck_2",
					"pivot": [0, 15.25529, -9.7482],
					"cubes": [
						{"origin": [-2.5, 12.75529, -12.2482], "size": [5, 5, 5], "inflate": 0.01, "uv": [0, 111]}
					]
				},
				{
					"name": "head",
					"parent": "neck_3",
					"pivot": [0, 18.75529, -11.7482],
					"cubes": [
						{"origin": [-4.5, 16.75529, -14.2482], "size": [9, 8, 9], "inflate": 0.01, "uv": [65, 0]}
					]
				},
				{
					"name": "eyes",
					"parent": "head",
					"pivot": [0, -3.24471, -5.2482],
					"cubes": [
						{"origin": [-3.5, 19.75529, -14.2582], "size": [2, 3, 0], "inflate": 0.01, "uv": [67, 1]},
						{"origin": [1.5, 19.75529, -14.2582], "size": [2, 3, 0], "inflate": 0.01, "uv": [67, 1]},
						{"origin": [-1, 22.25529, -14.2582], "size": [2, 2, 0], "inflate": 0.01, "uv": [67, 1]},
						{"origin": [-0.5, 22.75529, -14.2602], "size": [1, 1, 0], "inflate": 0.01, "uv": [67, 6]},
						{"origin": [2, 20.25529, -14.2602], "size": [1, 2, 0], "inflate": 0.01, "uv": [67, 5]},
						{"origin": [-3, 20.25529, -14.2602], "size": [1, 2, 0], "inflate": 0.01, "uv": [67, 5]}
					]
				},
				{
					"name": "beard",
					"parent": "head",
					"pivot": [0, 16.75529, -14.2482],
					"cubes": [
						{"origin": [-2.5, 10.75529, -14.2482], "size": [5, 6, 0], "inflate": 0.01, "uv": [11, 66]}
					]
				},
				{
					"name": "horns",
					"parent": "head",
					"pivot": [0, -1.24471, -7.2482]
				},
				{
					"name": "horn_left",
					"parent": "horns",
					"pivot": [-3.5, 24.25529, -12.7482],
					"cubes": [
						{"origin": [-7.5, 20.25529, -13.2482], "size": [4, 4, 5], "inflate": 0.01, "uv": [0, 26], "mirror": true}
					]
				},
				{
					"name": "horn_left2",
					"parent": "horn_left",
					"pivot": [-6.5, 24.25529, -12.7482],
					"cubes": [
						{"origin": [-10, 20.75529, -12.2482], "size": [3, 3, 3], "inflate": 0.01, "uv": [0, 35], "mirror": true}
					]
				},
				{
					"name": "horn_left3",
					"parent": "horn_left2",
					"pivot": [-9.5, 24.25529, -12.7482],
					"cubes": [
						{"origin": [-12, 21.25529, -11.7482], "size": [3, 2, 2], "inflate": 0.01, "uv": [0, 41], "mirror": true}
					]
				},
				{
					"name": "horn_right",
					"parent": "horns",
					"pivot": [3.5, 24.25529, -12.7482],
					"cubes": [
						{"origin": [3.5, 20.25529, -13.2482], "size": [4, 4, 5], "inflate": 0.01, "uv": [0, 26]}
					]
				},
				{
					"name": "horn_right2",
					"parent": "horn_right",
					"pivot": [6.5, 24.25529, -12.7482],
					"cubes": [
						{"origin": [7, 20.75529, -12.2482], "size": [3, 3, 3], "inflate": 0.01, "uv": [0, 35]}
					]
				},
				{
					"name": "horn_right3",
					"parent": "horn_right2",
					"pivot": [9.5, 24.25529, -12.7482],
					"cubes": [
						{"origin": [9, 21.25529, -11.7482], "size": [3, 2, 2], "inflate": 0.01, "uv": [0, 41]}
					]
				},
				{
					"name": "horn_middle",
					"parent": "horns",
					"pivot": [0, 24.75529, -10.2482],
					"cubes": [
						{"origin": [-1.5, 23.75529, -12.2482], "size": [3, 4, 4], "inflate": 0.01, "uv": [93, 0]},
						{"origin": [-1, 26.25529, -11.7482], "size": [2, 3, 3], "inflate": 0.01, "uv": [108, 1]}
					]
				},
				{
					"name": "horn_bottom_left",
					"parent": "horns",
					"pivot": [-3.5, 18.25529, -12.7482],
					"cubes": [
						{"origin": [-7, 16.75529, -12.2482], "size": [3, 3, 3], "inflate": 0.01, "uv": [0, 58], "mirror": true},
						{"origin": [-9, 17.25529, -11.7482], "size": [3, 2, 2], "inflate": 0.01, "uv": [0, 68], "mirror": true}
					]
				},
				{
					"name": "horn_bottom_right",
					"parent": "horns",
					"pivot": [3.5, 18.25529, -12.7482],
					"cubes": [
						{"origin": [4, 16.75529, -12.2482], "size": [3, 3, 3], "inflate": 0.01, "uv": [0, 52]},
						{"origin": [6, 17.25529, -11.7482], "size": [3, 2, 2], "inflate": 0.01, "uv": [0, 64]}
					]
				},
				{
					"name": "legs",
					"parent": "bottom",
					"pivot": [0, 2.25, 9],
					"cubes": [
						{"origin": [-10, 0.01, -10.5], "size": [2, 2, 10], "inflate": 0.01, "uv": [46, 83], "mirror": true},
						{"origin": [8, 0.01, -10.5], "size": [2, 2, 10], "inflate": 0.01, "uv": [46, 95]},
						{"origin": [8, 0.01, 3.5], "size": [2, 2, 7], "inflate": 0.01, "uv": [49, 98]},
						{"origin": [-10, 0.01, 3.5], "size": [2, 2, 7], "inflate": 0.01, "uv": [49, 98], "mirror": true}
					]
				},
				{
					"name": "leg_left1",
					"parent": "legs",
					"pivot": [-10, 1.01, -10],
					"cubes": [
						{"origin": [-15.5, 1.01, -11.5], "size": [6, 0, 3], "inflate": 0.01, "uv": [57, 37], "mirror": true}
					]
				},
				{
					"name": "leg_left2",
					"parent": "legs",
					"pivot": [-10, 1.01, -7],
					"cubes": [
						{"origin": [-17.5, 1.01, -8.5], "size": [8, 0, 3], "inflate": 0.01, "uv": [57, 33], "mirror": true}
					]
				},
				{
					"name": "leg_left3",
					"parent": "legs",
					"pivot": [-10, 1.01, -4],
					"cubes": [
						{"origin": [-17.5, 1.01, -5.5], "size": [8, 0, 3], "inflate": 0.01, "uv": [57, 33], "mirror": true}
					]
				},
				{
					"name": "leg_left4",
					"parent": "legs",
					"pivot": [-10, 1.01, -1],
					"cubes": [
						{"origin": [-15.5, 1.01, -2.5], "size": [6, 0, 3], "inflate": 0.01, "uv": [57, 37], "mirror": true}
					]
				},
				{
					"name": "leg_right1",
					"parent": "legs",
					"pivot": [9.75, 1.01, -10],
					"cubes": [
						{"origin": [9.5, 1.01, -11.5], "size": [6, 0, 3], "inflate": 0.01, "uv": [57, 37]}
					]
				},
				{
					"name": "leg_right2",
					"parent": "legs",
					"pivot": [10, 1.01, -7],
					"cubes": [
						{"origin": [9.5, 1.01, -8.5], "size": [8, 0, 3], "inflate": 0.01, "uv": [57, 33]}
					]
				},
				{
					"name": "leg_right3",
					"parent": "legs",
					"pivot": [10.5, 1.01, -4],
					"cubes": [
						{"origin": [9.5, 1.01, -5.5], "size": [8, 0, 3], "inflate": 0.01, "uv": [57, 33]}
					]
				},
				{
					"name": "leg_right4",
					"parent": "legs",
					"pivot": [10, 1.01, -1],
					"cubes": [
						{"origin": [9.5, 1.01, -2.5], "size": [6, 0, 3], "inflate": 0.01, "uv": [57, 37]}
					]
				},
				{
					"name": "leg_right_back1",
					"parent": "legs",
					"pivot": [10, 1.01, 4],
					"cubes": [
						{"origin": [9.5, 1.01, 2.5], "size": [5, 0, 3], "inflate": 0.01, "uv": [57, 41]}
					]
				},
				{
					"name": "leg_right_back2",
					"parent": "legs",
					"pivot": [10, 1.01, 7],
					"cubes": [
						{"origin": [9.5, 1.01, 5.5], "size": [6, 0, 3], "inflate": 0.01, "uv": [57, 45]}
					]
				},
				{
					"name": "leg_right_back3",
					"parent": "legs",
					"pivot": [10, 1.01, 10],
					"cubes": [
						{"origin": [9.5, 1.01, 8.5], "size": [5, 0, 3], "inflate": 0.01, "uv": [57, 41]}
					]
				},
				{
					"name": "leg_left_back1",
					"parent": "legs",
					"pivot": [-10, 1.01, 4],
					"cubes": [
						{"origin": [-14.5, 1.01, 2.5], "size": [5, 0, 3], "inflate": 0.01, "uv": [57, 41], "mirror": true}
					]
				},
				{
					"name": "leg_left_back2",
					"parent": "legs",
					"pivot": [-10, 1.01, 7],
					"cubes": [
						{"origin": [-15.5, 1.01, 5.5], "size": [6, 0, 3], "inflate": 0.01, "uv": [57, 45], "mirror": true}
					]
				},
				{
					"name": "leg_left_back3",
					"parent": "legs",
					"pivot": [-10, 1.01, 10],
					"cubes": [
						{"origin": [-14.5, 1.01, 8.5], "size": [5, 0, 3], "inflate": 0.01, "uv": [57, 41], "mirror": true}
					]
				},
				{
					"name": "tail",
					"parent": "bottom",
					"pivot": [0, 3, -3]
				},
				{
					"name": "tail_1",
					"parent": "tail",
					"pivot": [0, 3, 10],
					"cubes": [
						{"origin": [-5, 1, 9.5], "size": [10, 4, 4], "inflate": 0.01, "uv": [20, 111]}
					]
				},
				{
					"name": "tail_2",
					"parent": "tail_1",
					"pivot": [0, 2.5, 13],
					"cubes": [
						{"origin": [-3, 1, 12.5], "size": [6, 3, 5], "inflate": 0.01, "uv": [28, 103]}
					]
				},
				{
					"name": "tail_3",
					"parent": "tail_2",
					"pivot": [0, 2, 17],
					"cubes": [
						{"origin": [-2, 1, 16.5], "size": [4, 2, 5], "inflate": 0.01, "uv": [21, 96]}
					]
				},
				{
					"name": "tail_end",
					"parent": "tail_3",
					"pivot": [0, 2, 20],
					"cubes": [
						{"origin": [-8, 2, 19.5], "size": [16, 0, 11], "inflate": 0.01, "uv": [44, 62]}
					]
				}
			]
		}
	]
}