{
	"format_version": "1.12.0",
	"minecraft:geometry": [
		{
			"description": {
				"identifier": "geometry.delta_haxorus",
				"texture_width": 128,
				"texture_height": 128,
				"visible_bounds_width": 5,
				"visible_bounds_height": 3.5,
				"visible_bounds_offset": [0, 1.25, 0]
			},
			"bones": [
				{
					"name": "haxorus",
					"pivot": [0, 0, 0]
				},
				{
					"name": "body",
					"parent": "haxorus",
					"pivot": [0, 12, 0]
				},
				{
					"name": "torso",
					"parent": "body",
					"pivot": [0, 12, 0],
					"cubes": [
						{"origin": [-4.5, 9, -4], "size": [9, 6, 8], "inflate": 0.01, "uv": [30, 27]}
					]
				},
				{
					"name": "torso2",
					"parent": "torso",
					"pivot": [0, 9, -3.8],
					"rotation": [47.5, 0, 0],
					"cubes": [
						{"origin": [-4.5, 1.15, -3.95], "size": [9, 8, 8], "inflate": -0.01, "uv": [29, 9]}
					]
				},
				{
					"name": "chest",
					"parent": "torso",
					"pivot": [0, 15, 0],
					"cubes": [
						{"origin": [-4, 14, -4], "size": [8, 8, 8], "uv": [0, 35]},
						{"origin": [0, 17, 4], "size": [0, 5, 7], "uv": [88, 53]},
						{"origin": [-2.5, 16, 4], "size": [5, 5, 1], "inflate": 0.01, "uv": [39, 71]},
						{"origin": [-3, 21, -3.5], "size": [6, 2, 7], "uv": [56, 18]}
					]
				},
				{
					"name": "chest_spike",
					"parent": "chest",
					"pivot": [0, 18, 4],
					"rotation": [12.5, 0, 0],
					"cubes": [
						{"origin": [-0.5, 18, 3], "size": [1, 3, 5], "uv": [40, 55]}
					]
				},
				{
					"name": "chest_plating_right",
					"parent": "chest",
					"pivot": [-2.5, 19.5, 5],
					"rotation": [0, -15, 0],
					"cubes": [
						{"origin": [-7.5, 18, 4], "size": [5, 3, 1], "uv": [6, 72]}
					]
				},
				{
					"name": "chest_plating_left",
					"parent": "chest",
					"pivot": [2.5, 19.5, 5],
					"rotation": [0, 15, 0],
					"cubes": [
						{"origin": [2.5, 18, 4], "size": [5, 3, 1], "uv": [74, 34]}
					]
				},
				{
					"name": "neck",
					"parent": "chest",
					"pivot": [0, 21, 0],
					"cubes": [
						{"origin": [-3.5, 21, -4], "size": [7, 4, 8], "inflate": 0.01, "uv": [0, 51]},
						{"origin": [0.01, 20, 4], "size": [0, 6, 9], "inflate": 0.01, "uv": [102, 51]}
					]
				},
				{
					"name": "neck_spike1",
					"parent": "neck",
					"pivot": [0, 22, 4],
					"rotation": [12.5, 0, 0],
					"cubes": [
						{"origin": [-0.5, 22, 3], "size": [1, 3, 4], "uv": [0, 72]}
					]
				},
				{
					"name": "neck2",
					"parent": "neck",
					"pivot": [0, 25, 0],
					"cubes": [
						{"origin": [-3, 24, -3.5], "size": [6, 5, 7], "uv": [55, 0]},
						{"origin": [0, 24, 3.5], "size": [0, 6, 8], "uv": [104, 46]}
					]
				},
				{
					"name": "neck_spike2",
					"parent": "neck2",
					"pivot": [0, 26, 3.5],
					"rotation": [12.5, 0, 0],
					"cubes": [
						{"origin": [-0.5, 26, 2.5], "size": [1, 3, 4], "uv": [0, 16]}
					]
				},
				{
					"name": "neck3",
					"parent": "neck2",
					"pivot": [0, 29, 0],
					"cubes": [
						{"origin": [-2.5, 28, -3], "size": [5, 4, 6], "inflate": 0.01, "uv": [48, 61]},
						{"origin": [0.01, 28, 3], "size": [0, 5, 7], "inflate": 0.01, "uv": [90, 47]}
					]
				},
				{
					"name": "neck4",
					"parent": "neck3",
					"pivot": [0, 32, 0],
					"cubes": [
						{"origin": [-2.5, 31, -3], "size": [5, 3, 6], "uv": [0, 63]},
						{"origin": [0, 31, 3], "size": [0, 4, 6], "uv": [78, 50]},
						{"origin": [-1.5, 34, -2], "size": [3, 1, 4], "uv": [68, 29]}
					]
				},
				{
					"name": "head",
					"parent": "neck4",
					"pivot": [0, 34, 0],
					"cubes": [
						{"origin": [-2, 33.5, -2.5], "size": [4, 4, 5], "uv": [19, 69]},
						{"origin": [-0.01, 33, 2.5], "size": [0, 4, 5], "uv": [78, 47]},
						{"origin": [-1.5, 34, -5.5], "size": [3, 3, 3], "uv": [51, 71]},
						{"origin": [-1, 33.5, -6.5], "size": [2, 3, 1], "uv": [11, 0]},
						{"origin": [0, 36.5, -4.5], "size": [0, 2, 6], "uv": [84, 2]},
						{"origin": [-7, 34.01, -8.5], "size": [6, 0, 17], "uv": [0, 0], "mirror": true},
						{"origin": [1, 34.01, -8.5], "size": [6, 0, 17], "uv": [0, 0]}
					]
				},
				{
					"name": "eye_right",
					"parent": "head",
					"pivot": [-2, 35.5, 0],
					"rotation": [10, 0, 0],
					"cubes": [
						{"origin": [-2.02, 35, -0.75], "size": [0, 1, 1], "uv": [86, 15]},
						{"origin": [-2.01, 35, -1], "size": [0, 1, 2], "uv": [90, 11]},
						{"origin": [-2.03, 35.25, -0.505], "size": [0, 0.75, 0.5], "uv": [89, 22]}
					]
				},
				{
					"name": "eyelid_right",
					"parent": "eye_right",
					"pivot": [0, 34, 0],
					"cubes": [
						{"origin": [-1.94, 35, -1], "size": [1, 1, 2], "uv": [97, 11]}
					]
				},
				{
					"name": "eye_left",
					"parent": "head",
					"pivot": [2, 35.5, 0],
					"rotation": [10, 0, 0],
					"cubes": [
						{"origin": [2.01, 35, -1], "size": [0, 1, 2], "uv": [90, 11], "mirror": true},
						{"origin": [2.03, 35.25, -0.505], "size": [0, 0.75, 0.5], "uv": [89, 22], "mirror": true},
						{"origin": [2.02, 35, -0.75], "size": [0, 1, 1], "uv": [86, 15], "mirror": true}
					]
				},
				{
					"name": "eyelid_left",
					"parent": "eye_left",
					"pivot": [0, 34, 0],
					"cubes": [
						{"origin": [0.94, 35, -1], "size": [1, 1, 2], "uv": [97, 11], "mirror": true}
					]
				},
				{
					"name": "jaw",
					"parent": "head",
					"pivot": [0, 34, -2.25],
					"rotation": [-15, 0, 0],
					"cubes": [
						{"origin": [-1.5, 33, -5.25], "size": [3, 1, 5], "inflate": -0.01, "uv": [77, 0]}
					]
				},
				{
					"name": "arm_right",
					"parent": "chest",
					"pivot": [-4, 21, 0],
					"cubes": [
						{"origin": [-9, 18, -1.5], "size": [5, 3, 3], "uv": [56, 27]}
					]
				},
				{
					"name": "arm_right_elbow",
					"parent": "arm_right",
					"pivot": [-9, 19.5, 1],
					"cubes": [
						{"origin": [-11, 18.5, -1], "size": [2, 2, 2], "uv": [24, 39]}
					]
				},
				{
					"name": "arm_right2",
					"parent": "arm_right_elbow",
					"pivot": [-11, 19.5, 1],
					"cubes": [
						{"origin": [-16, 18, -1.5], "size": [5, 3, 3], "uv": [37, 0]}
					]
				},
				{
					"name": "arm_flame_right",
					"parent": "arm_right2",
					"pivot": [-15, 19.5, 1.5],
					"cubes": [
						{"origin": [-16, 19.5, 0.5], "size": [6, 0, 5], "uv": [76, 38]}
					]
				},
				{
					"name": "hand_right",
					"parent": "arm_right2",
					"pivot": [-16, 19.5, 0],
					"cubes": [
						{"origin": [-18, 18.5, -1], "size": [3, 2, 2], "uv": [0, 23]}
					]
				},
				{
					"name": "finger_right1",
					"parent": "hand_right",
					"pivot": [-18, 20.5, -0.5],
					"cubes": [
						{"origin": [-19, 20.5, -1], "size": [1, 0, 1], "uv": [2, 0]}
					]
				},
				{
					"name": "finger_right2",
					"parent": "hand_right",
					"pivot": [-18, 20, 1],
					"cubes": [
						{"origin": [-19, 19.5, 1], "size": [1, 1, 0], "uv": [13, 4]}
					]
				},
				{
					"name": "finger_right3",
					"parent": "hand_right",
					"pivot": [-18, 19, 1],
					"cubes": [
						{"origin": [-19, 18.5, 1], "size": [1, 1, 0], "uv": [11, 4]}
					]
				},
				{
					"name": "arm_left",
					"parent": "chest",
					"pivot": [4, 21, 0],
					"cubes": [
						{"origin": [4, 18, -1.5], "size": [5, 3, 3], "uv": [70, 46]}
					]
				},
				{
					"name": "arm_left_elbow",
					"parent": "arm_left",
					"pivot": [9, 19.5, 1],
					"cubes": [
						{"origin": [9, 18.5, -1], "size": [2, 2, 2], "uv": [0, 51]}
					]
				},
				{
					"name": "arm_left2",
					"parent": "arm_left_elbow",
					"pivot": [11, 19.5, 1],
					"cubes": [
						{"origin": [11, 18, -1.5], "size": [5, 3, 3], "uv": [63, 12]}
					]
				},
				{
					"name": "arm_flame_left",
					"parent": "arm_left2",
					"pivot": [15, 19.5, 1.5],
					"cubes": [
						{"origin": [10, 19.5, 0.5], "size": [6, 0, 5], "uv": [88, 38]}
					]
				},
				{
					"name": "hand_left",
					"parent": "arm_left2",
					"pivot": [16, 19.5, 0],
					"cubes": [
						{"origin": [15, 18.5, -1], "size": [3, 2, 2], "uv": [61, 75]}
					]
				},
				{
					"name": "finger_left1",
					"parent": "hand_left",
					"pivot": [18, 20.5, -0.5],
					"cubes": [
						{"origin": [18, 20.5, -1], "size": [1, 0, 1], "uv": [2, 8]}
					]
				},
				{
					"name": "finger_left2",
					"parent": "hand_left",
					"pivot": [18, 20, 1],
					"cubes": [
						{"origin": [18, 19.5, 1], "size": [1, 1, 0], "uv": [15, 4]}
					]
				},
				{
					"name": "finger_left3",
					"parent": "hand_left",
					"pivot": [18, 19, 1],
					"cubes": [
						{"origin": [18, 18.5, 1], "size": [1, 1, 0], "uv": [14, 8]}
					]
				},
				{
					"name": "tail",
					"parent": "torso",
					"pivot": [0, 3.55, 1.9],
					"cubes": [
						{"origin": [-4.5, 3.55, 1.9], "size": [9, 8, 10], "uv": [0, 17]}
					]
				},
				{
					"name": "tail2",
					"parent": "tail",
					"pivot": [0, 7.55, 11.9],
					"cubes": [
						{"origin": [-3.5, 4.55, 10.9], "size": [7, 6, 8], "inflate": 0.01, "uv": [32, 41]}
					]
				},
				{
					"name": "tail3",
					"parent": "tail2",
					"pivot": [0, 8.05, 18.9],
					"cubes": [
						{"origin": [-2.5, 5.55, 17.9], "size": [5, 5, 7], "uv": [57, 34]}
					]
				},
				{
					"name": "tail4",
					"parent": "tail3",
					"pivot": [0, 8.55, 24.9],
					"cubes": [
						{"origin": [-1.5, 6.55, 23.9], "size": [3, 4, 7], "inflate": -0.01, "uv": [65, 64]}
					]
				},
				{
					"name": "leg_right",
					"parent": "body",
					"pivot": [-4.5, 12, 0],
					"rotation": [90, 0, 0],
					"cubes": [
						{"origin": [-8.5, 9, -7], "size": [4, 6, 8], "uv": [54, 47]}
					]
				},
				{
					"name": "leg_right2",
					"parent": "leg_right",
					"pivot": [-6.5, 14, -7],
					"cubes": [
						{"origin": [-8, 11, -11], "size": [3, 3, 5], "uv": [0, 0]},
						{"origin": [-8.5, 10, -11], "size": [4, 2, 2], "uv": [95, 43]}
					]
				},
				{
					"name": "leg_flame_right2",
					"parent": "leg_right2",
					"pivot": [-8.51, 11, -11],
					"cubes": [
						{"origin": [-8.51, 6, -11], "size": [0, 5, 3], "uv": [111, 35]}
					]
				},
				{
					"name": "foot_right",
					"parent": "leg_right2",
					"pivot": [-6.5, 11, -11],
					"cubes": [
						{"origin": [-8, 11, -12], "size": [3, 4, 1], "inflate": 0.01, "uv": [0, 35]}
					]
				},
				{
					"name": "toe_right1",
					"parent": "foot_right",
					"pivot": [-7.5, 15, -11],
					"cubes": [
						{"origin": [-8, 15, -12], "size": [1, 2, 1], "uv": [11, 8]}
					]
				},
				{
					"name": "claw_right_foot1",
					"parent": "toe_right1",
					"pivot": [-7.5, 17, -11],
					"cubes": [
						{"origin": [-7.5, 17, -12], "size": [0, 2, 1], "uv": [0, 10]}
					]
				},
				{
					"name": "toe_right2",
					"parent": "foot_right",
					"pivot": [-5.75, 15, -11],
					"cubes": [
						{"origin": [-6.25, 15, -12], "size": [1, 2, 1], "uv": [0, 8]}
					]
				},
				{
					"name": "claw_right_foot2",
					"parent": "toe_right2",
					"pivot": [-5.75, 17, -11],
					"cubes": [
						{"origin": [-5.75, 17, -12], "size": [0, 2, 1], "uv": [2, 2]}
					]
				},
				{
					"name": "toe_right3",
					"parent": "foot_right",
					"pivot": [-5, 11.5, -11.5],
					"rotation": [0, 0, 50],
					"cubes": [
						{"origin": [-6, 11, -12], "size": [1, 2, 1], "uv": [0, 0]}
					]
				},
				{
					"name": "claw_right_foot3",
					"parent": "toe_right3",
					"pivot": [-5.5, 13, -11],
					"cubes": [
						{"origin": [-5.5, 13, -12], "size": [0, 2, 1], "uv": [0, 2]}
					]
				},
				{
					"name": "leg_left",
					"parent": "body",
					"pivot": [4.5, 12, 0],
					"rotation": [90, 0, 0],
					"cubes": [
						{"origin": [4.5, 9, -7], "size": [4, 6, 8], "uv": [24, 55]}
					]
				},
				{
					"name": "leg_left2",
					"parent": "leg_left",
					"pivot": [6.5, 14, -7],
					"cubes": [
						{"origin": [5, 11, -11], "size": [3, 3, 5], "uv": [0, 8]},
						{"origin": [4.5, 10, -11], "size": [4, 2, 2], "uv": [83, 43]}
					]
				},
				{
					"name": "leg_flame_left2",
					"parent": "leg_left2",
					"pivot": [8.51, 11, -11],
					"cubes": [
						{"origin": [8.51, 6, -11], "size": [0, 5, 3], "uv": [105, 35]}
					]
				},
				{
					"name": "foot_left",
					"parent": "leg_left2",
					"pivot": [6.5, 11, -11],
					"cubes": [
						{"origin": [5, 11, -12], "size": [3, 4, 1], "inflate": 0.01, "uv": [32, 41]}
					]
				},
				{
					"name": "toe_left1",
					"parent": "foot_left",
					"pivot": [7.5, 15, -11],
					"cubes": [
						{"origin": [7, 15, -12], "size": [1, 2, 1], "uv": [24, 35]}
					]
				},
				{
					"name": "claw_left_foot1",
					"parent": "toe_left1",
					"pivot": [7.5, 17, -11],
					"cubes": [
						{"origin": [7.5, 17, -12], "size": [0, 2, 1], "uv": [13, 10]}
					]
				},
				{
					"name": "toe_left2",
					"parent": "foot_left",
					"pivot": [5.75, 15, -11],
					"cubes": [
						{"origin": [5.25, 15, -12], "size": [1, 2, 1], "uv": [6, 16]}
					]
				},
				{
					"name": "claw_left_foot2",
					"parent": "toe_left2",
					"pivot": [5.75, 17, -11],
					"cubes": [
						{"origin": [5.75, 17, -12], "size": [0, 2, 1], "uv": [11, 10]}
					]
				},
				{
					"name": "toe_left3",
					"parent": "foot_left",
					"pivot": [5, 11.5, -11.5],
					"rotation": [0, 0, -50],
					"cubes": [
						{"origin": [5, 11, -12], "size": [1, 2, 1], "uv": [0, 16]}
					]
				},
				{
					"name": "claw_left_foot3",
					"parent": "toe_left3",
					"pivot": [5.5, 13, -11],
					"cubes": [
						{"origin": [5.5, 13, -12], "size": [0, 2, 1], "uv": [2, 10]}
					]
				}
			]
		}
	]
}