{
	"format_version": "1.12.0",
	"minecraft:geometry": [
		{
			"description": {
				"identifier": "geometry.honedge",
				"texture_width": 64,
				"texture_height": 64,
				"visible_bounds_width": 3,
				"visible_bounds_height": 5.5,
				"visible_bounds_offset": [0, 2.25, 0]
			},
			"bones": [
				{
					"name": "honedge",
					"pivot": [0, 0, 0]
				},
				{
					"name": "body",
					"parent": "honedge",
					"pivot": [0, 25, 0],
					"cubes": [
						{"origin": [-1, 22, -1], "size": [2, 6, 2], "uv": [22, 19]},
						{"origin": [-2, 18, -1], "size": [4, 4, 2], "inflate": 0.003, "uv": [20, 27]},
						{"origin": [-1.25, 16.25, -1.025], "size": [3, 3, 2], "inflate": 0.003, "pivot": [0, 17.5, 1], "rotation": [0, 0, -45], "uv": [20, 27]}
					]
				},
				{
					"name": "guard_left",
					"parent": "body",
					"pivot": [1.5, 22, 0],
					"rotation": [0, 0, 17.5],
					"cubes": [
						{"origin": [1.5, 19, -1], "size": [3, 3, 2], "inflate": 0.001, "uv": [10, 28]},
						{"origin": [2.575, 19.775, -1], "size": [3, 3, 2], "inflate": 0.002, "pivot": [4.5, 22, 0], "rotation": [0, 0, -40], "uv": [0, 23]}
					]
				},
				{
					"name": "guard_right",
					"parent": "body",
					"pivot": [-1.5, 22, 0],
					"rotation": [0, 0, -17.5],
					"cubes": [
						{"origin": [-4.5, 19, -1], "size": [3, 3, 2], "inflate": 0.001, "uv": [0, 28]},
						{"origin": [-5.575, 19.775, -1], "size": [3, 3, 2], "inflate": 0.002, "pivot": [-4.5, 22, 0], "rotation": [0, 0, 40], "uv": [0, 23], "mirror": true}
					]
				},
				{
					"name": "eye",
					"parent": "body",
					"pivot": [0, 19.75, -1],
					"cubes": [
						{"origin": [-1.5, 18.25, -1.5], "size": [3, 3, 1], "uv": [35, 33]}
					]
				},
				{
					"name": "eye2",
					"parent": "eye",
					"pivot": [0, 19.75, -1.001],
					"cubes": [
						{"origin": [-0.5, 18.75, -1.501], "size": [1, 2, 1], "uv": [24, 37]}
					]
				},
				{
					"name": "eyelid",
					"parent": "eye",
					"pivot": [0, 19.75, -0.9],
					"cubes": [
						{"origin": [-1.5, 18.25, -1.4], "size": [3, 3, 1], "inflate": 0.01, "uv": [30, 0]}
					]
				},
				{
					"name": "arm",
					"parent": "body",
					"pivot": [0, 27.61111, 0],
					"cubes": [
						{"origin": [-0.5, 27, 0], "size": [1, 2, 0], "uv": [0, 23]}
					]
				},
				{
					"name": "arm2",
					"parent": "arm",
					"pivot": [0, 29, 0],
					"cubes": [
						{"origin": [-1, 29, 0], "size": [2, 3, 0], "uv": [20, 37]}
					]
				},
				{
					"name": "arm3",
					"parent": "arm2",
					"pivot": [0, 32, 0],
					"cubes": [
						{"origin": [-1.5, 32, 0], "size": [3, 4, 0], "uv": [36, 12]}
					]
				},
				{
					"name": "arm4",
					"parent": "arm3",
					"pivot": [0, 36, 0],
					"cubes": [
						{"origin": [-2, 36, 0], "size": [4, 6, 0], "uv": [28, 15]}
					]
				},
				{
					"name": "arm5",
					"parent": "arm4",
					"pivot": [0, 42, 0],
					"cubes": [
						{"origin": [-2.5, 42, 0], "size": [5, 7, 0], "uv": [12, 21]}
					]
				},
				{
					"name": "hand",
					"parent": "arm5",
					"pivot": [0, 49, 0],
					"cubes": [
						{"origin": [-3, 49, 0], "size": [6, 8, 0], "uv": [0, 15]}
					]
				},
				{
					"name": "finger",
					"parent": "hand",
					"pivot": [-3, 57, 0],
					"cubes": [
						{"origin": [-4, 57, 0], "size": [2, 2, 0], "uv": [4, 37]}
					]
				},
				{
					"name": "finger2",
					"parent": "finger",
					"pivot": [-3, 59, 0],
					"cubes": [
						{"origin": [-4, 59, 0], "size": [2, 3, 0], "uv": [16, 36]}
					]
				},
				{
					"name": "finger3",
					"parent": "finger2",
					"pivot": [-3, 62, 0],
					"cubes": [
						{"origin": [-4, 62, 0], "size": [2, 2, 0], "uv": [8, 37]}
					]
				},
				{
					"name": "finger4",
					"parent": "hand",
					"pivot": [-1, 57, 0],
					"cubes": [
						{"origin": [-2, 57, 0], "size": [2, 2, 0], "uv": [28, 37]}
					]
				},
				{
					"name": "finger5",
					"parent": "finger4",
					"pivot": [-1, 59, 0],
					"cubes": [
						{"origin": [-2, 59, 0], "size": [2, 3, 0], "uv": [36, 16]}
					]
				},
				{
					"name": "finger6",
					"parent": "finger5",
					"pivot": [-1, 62, 0],
					"cubes": [
						{"origin": [-2, 62, 0], "size": [2, 2, 0], "uv": [12, 37]}
					]
				},
				{
					"name": "finger7",
					"parent": "hand",
					"pivot": [1, 57, 0],
					"cubes": [
						{"origin": [0, 57, 0], "size": [2, 2, 0], "uv": [36, 19]}
					]
				},
				{
					"name": "finger8",
					"parent": "finger7",
					"pivot": [1, 59, 0],
					"cubes": [
						{"origin": [0, 59, 0], "size": [2, 3, 0], "uv": [30, 12]}
					]
				},
				{
					"name": "finger9",
					"parent": "finger8",
					"pivot": [1, 62, 0],
					"cubes": [
						{"origin": [0, 62, 0], "size": [2, 2, 0], "uv": [0, 37]}
					]
				},
				{
					"name": "finger10",
					"parent": "hand",
					"pivot": [3, 57, 0],
					"cubes": [
						{"origin": [2, 57, 0], "size": [2, 2, 0], "uv": [8, 23]}
					]
				},
				{
					"name": "finger11",
					"parent": "finger10",
					"pivot": [3, 59, 0],
					"cubes": [
						{"origin": [2, 59, 0], "size": [2, 3, 0], "uv": [24, 15]}
					]
				},
				{
					"name": "finger12",
					"parent": "finger11",
					"pivot": [3, 62, 0],
					"cubes": [
						{"origin": [2, 62, 0], "size": [2, 2, 0], "uv": [8, 28]}
					]
				},
				{
					"name": "sheath_arm",
					"parent": "body",
					"pivot": [0, 27.61111, 0]
				},
				{
					"name": "sheath_arm2",
					"parent": "sheath_arm",
					"pivot": [0, 29, 0]
				},
				{
					"name": "sheath_arm3",
					"parent": "sheath_arm2",
					"pivot": [0, 32, 0]
				},
				{
					"name": "sheath_arm4",
					"parent": "sheath_arm3",
					"pivot": [0, 36, 0]
				},
				{
					"name": "sheath_arm5",
					"parent": "sheath_arm4",
					"pivot": [0, 42, 0]
				},
				{
					"name": "sheath_arm6",
					"parent": "sheath_arm5",
					"pivot": [0, 49, 0]
				},
				{
					"name": "blade",
					"parent": "body",
					"pivot": [0, 20, 0],
					"cubes": [
						{"origin": [0, 15.5, -0.5], "size": [3, 3, 1], "pivot": [0, 18.5, -1], "rotation": [0, 0, 45], "uv": [27, 33]},
						{"origin": [-3, 16.5, -0.5], "size": [5, 5, 1], "pivot": [0, 18.5, 0], "rotation": [0, 0, 45], "uv": [12, 15]},
						{"origin": [7, 8.5, -0.5], "size": [3, 3, 1], "inflate": 0.007, "pivot": [0, 18.5, -1], "rotation": [0, 0, 45], "uv": [8, 33]},
						{"origin": [8, 7.5, -0.5], "size": [3, 3, 1], "inflate": 0.008, "pivot": [0, 18.5, -1], "rotation": [0, 0, 45], "uv": [0, 33]},
						{"origin": [-3, 6.5, 0], "size": [15, 15, 0], "pivot": [0, 18.5, -1.5], "rotation": [0, 0, 45], "uv": [0, 0]},
						{"origin": [6, 9.5, -0.5], "size": [3, 3, 1], "inflate": 0.006, "pivot": [0, 18.5, -1], "rotation": [0, 0, 45], "uv": [19, 33]},
						{"origin": [5, 10.5, -0.5], "size": [3, 3, 1], "inflate": 0.005, "pivot": [0, 18.5, -1], "rotation": [0, 0, 45], "uv": [32, 29]},
						{"origin": [4, 11.5, -0.5], "size": [3, 3, 1], "inflate": 0.004, "pivot": [0, 18.5, -1], "rotation": [0, 0, 45], "uv": [32, 25]},
						{"origin": [3, 12.5, -0.5], "size": [3, 3, 1], "inflate": 0.003, "pivot": [0, 18.5, -1], "rotation": [0, 0, 45], "uv": [32, 21]},
						{"origin": [2, 13.5, -0.5], "size": [3, 3, 1], "inflate": 0.002, "pivot": [0, 18.5, -1], "rotation": [0, 0, 45], "uv": [30, 8]},
						{"origin": [1, 14.5, -0.5], "size": [3, 3, 1], "inflate": 0.001, "pivot": [0, 18.5, -1], "rotation": [0, 0, 45], "uv": [30, 4]}
					]
				}
			]
		}
	]
}