{
	"format_version": "1.12.0",
	"minecraft:geometry": [
		{
			"description": {
				"identifier": "geometry.cofagrigus_delta",
				"texture_width": 256,
				"texture_height": 256,
				"visible_bounds_width": 10,
				"visible_bounds_height": 7.5,
				"visible_bounds_offset": [0, 3.25, 0]
			},
			"bones": [
				{
					"name": "cofagrigus",
					"pivot": [0, 0, 0]
				},
				{
					"name": "body",
					"parent": "cofagrigus",
					"pivot": [0, 35, 0],
					"cubes": [
						{"origin": [-13, 11, -6], "size": [25, 47, 14], "uv": [0, 38]},
						{"origin": [-13, 58, -7], "size": [25, 2, 15], "uv": [54, 99]},
						{"origin": [-13, 9, -7], "size": [25, 2, 15], "uv": [91, 8]},
						{"origin": [11, 11, -7], "size": [1, 47, 1], "uv": [58, 116]},
						{"origin": [-13, 11, -7], "size": [1, 47, 1], "uv": [54, 116]},
						{"origin": [-12, 57, -7], "size": [23, 1, 1], "uv": [91, 27]},
						{"origin": [-12, 11, -7], "size": [23, 1, 1], "uv": [91, 25]}
					]
				},
				{
					"name": "shadow_body",
					"parent": "body",
					"pivot": [0, 11, 0],
					"cubes": [
						{"origin": [-14, 34, -18], "size": [27, 1, 37], "inflate": -27, "uv": [0, 0]}
					]
				},
				{
					"name": "point_top_left_front",
					"parent": "body",
					"pivot": [13.10923, 66.37863, -6.87055],
					"cubes": [
						{"origin": [9, 55, -7], "size": [3, 7, 3], "pivot": [12, 60, -7], "rotation": [35, 0, 35], "uv": [22, 12]},
						{"origin": [11.45309, 61.9979, -7.72584], "size": [2, 4, 2], "pivot": [12.45309, 64.2479, -6.72584], "rotation": [-0.99629, 5.90316, 15.85686], "uv": [54, 99]},
						{"origin": [11.85923, 65.62863, -6.87055], "size": [1, 2, 1], "pivot": [13.10923, 66.37863, -6.87055], "rotation": [-16.43289, 6.60902, -11.86674], "uv": [22, 22]}
					]
				},
				{
					"name": "shadow_point_top_left_front2",
					"parent": "point_top_left_front",
					"pivot": [13.10923, 66.37863, -6.87055],
					"cubes": [
						{"origin": [8.75, 59, -7], "size": [3.5, 1, 3], "inflate": -4, "pivot": [12, 60, -7], "rotation": [35, 0, 35], "uv": [25, 30]},
						{"origin": [11.45309, 62.9979, -7.72584], "size": [2, 3, 2], "inflate": -3, "pivot": [12.45309, 64.2479, -6.72584], "rotation": [-0.99629, 5.90316, 15.85686], "uv": [28, 22]},
						{"origin": [11.35923, 66.37863, -6.87055], "size": [2, 1.25, 1], "inflate": -2, "pivot": [13.10923, 66.37863, -6.87055], "rotation": [-16.43289, 6.60902, -11.86674], "uv": [19, 12]}
					]
				},
				{
					"name": "point_top_left_back",
					"parent": "body",
					"pivot": [13.10923, 66.37863, 7.87055],
					"cubes": [
						{"origin": [9, 55, 5], "size": [3, 7, 3], "pivot": [12, 60, 8], "rotation": [-35, 0, 35], "uv": [22, 12]},
						{"origin": [11.45309, 61.9979, 6.72584], "size": [2, 4, 2], "pivot": [12.45309, 64.2479, 7.72584], "rotation": [0.99629, -5.90316, 15.85686], "uv": [54, 99]},
						{"origin": [11.85923, 65.62863, 6.87055], "size": [1, 2, 1], "pivot": [13.10923, 66.37863, 7.87055], "rotation": [16.43289, -6.60902, -11.86674], "uv": [22, 22]}
					]
				},
				{
					"name": "shadow_point_top_left_back2",
					"parent": "point_top_left_back",
					"pivot": [13.10923, 66.37863, 7.87055],
					"cubes": [
						{"origin": [8.75, 59, 5], "size": [3.5, 1, 3], "inflate": -4, "pivot": [12, 60, 8], "rotation": [-35, 0, 35], "uv": [25, 30]},
						{"origin": [11.45309, 62.9979, 6.72584], "size": [2, 3, 2], "inflate": -3, "pivot": [12.45309, 64.2479, 7.72584], "rotation": [0.99629, -5.90316, 15.85686], "uv": [28, 22]},
						{"origin": [11.35923, 66.37863, 6.87055], "size": [2, 1.25, 1], "inflate": -2, "pivot": [13.10923, 66.37863, 7.87055], "rotation": [16.43289, -6.60902, -11.86674], "uv": [19, 12]}
					]
				},
				{
					"name": "point_top_right_back",
					"parent": "body",
					"pivot": [-13.10923, 66.37863, 7.87055],
					"cubes": [
						{"origin": [-12, 55, 5], "size": [3, 7, 3], "pivot": [-12, 60, 8], "rotation": [-35, 0, -35], "uv": [22, 12], "mirror": true},
						{"origin": [-13.45309, 61.9979, 6.72584], "size": [2, 4, 2], "pivot": [-12.45309, 64.2479, 7.72584], "rotation": [0.99629, 5.90316, -15.85686], "uv": [54, 99], "mirror": true},
						{"origin": [-12.85923, 65.62863, 6.87055], "size": [1, 2, 1], "pivot": [-13.10923, 66.37863, 7.87055], "rotation": [16.43289, 6.60902, 11.86674], "uv": [22, 22], "mirror": true}
					]
				},
				{
					"name": "shadow_point_top_right_back2",
					"parent": "point_top_right_back",
					"pivot": [-13.10923, 66.37863, 7.87055],
					"cubes": [
						{"origin": [-12.25, 59, 5], "size": [3.5, 1, 3], "inflate": -4, "pivot": [-12, 60, 8], "rotation": [-35, 0, -35], "uv": [25, 30], "mirror": true},
						{"origin": [-13.45309, 62.9979, 6.72584], "size": [2, 3, 2], "inflate": -3, "pivot": [-12.45309, 64.2479, 7.72584], "rotation": [0.99629, 5.90316, -15.85686], "uv": [28, 22], "mirror": true},
						{"origin": [-13.35923, 66.37863, 6.87055], "size": [2, 1.25, 1], "inflate": -2, "pivot": [-13.10923, 66.37863, 7.87055], "rotation": [16.43289, 6.60902, 11.86674], "uv": [19, 12], "mirror": true}
					]
				},
				{
					"name": "point_bottom_left_front",
					"parent": "body",
					"pivot": [13.10923, 3.12137, -6.87055],
					"cubes": [
						{"origin": [9, 7.5, -7], "size": [3, 7, 3], "pivot": [12, 9.5, -7], "rotation": [-35, 0, -35], "uv": [22, 12]},
						{"origin": [11.45309, 3.5021, -7.72584], "size": [2, 4, 2], "pivot": [12.45309, 5.2521, -6.72584], "rotation": [0.99629, 5.90316, -15.85686], "uv": [54, 99]},
						{"origin": [11.85923, 1.87137, -6.87055], "size": [1, 2, 1], "pivot": [13.10923, 3.12137, -6.87055], "rotation": [16.43289, 6.60902, 11.86674], "uv": [22, 22]}
					]
				},
				{
					"name": "shadow_point_bottom_left_front2",
					"parent": "point_bottom_left_front",
					"pivot": [13.10923, 3.12137, -6.87055],
					"cubes": [
						{"origin": [8.75, 9.5, -7], "size": [3.5, 1, 3], "inflate": -4, "pivot": [12, 9.5, -7], "rotation": [-35, 0, -35], "uv": [25, 30]},
						{"origin": [11.45309, 3.5021, -7.72584], "size": [2, 3, 2], "inflate": -3, "pivot": [12.45309, 5.2521, -6.72584], "rotation": [0.99629, 5.90316, -15.85686], "uv": [28, 22]},
						{"origin": [11.35923, 1.87137, -6.87055], "size": [2, 1.25, 1], "inflate": -2, "pivot": [13.10923, 3.12137, -6.87055], "rotation": [16.43289, 6.60902, 11.86674], "uv": [19, 12]}
					]
				},
				{
					"name": "point_bottom_right_front",
					"parent": "body",
					"pivot": [-13.10923, 3.12137, -6.87055],
					"cubes": [
						{"origin": [-12, 7.5, -7], "size": [3, 7, 3], "pivot": [-12, 9.5, -7], "rotation": [-35, 0, 35], "uv": [22, 12], "mirror": true},
						{"origin": [-13.45309, 3.5021, -7.72584], "size": [2, 4, 2], "pivot": [-12.45309, 5.2521, -6.72584], "rotation": [0.99629, -5.90316, 15.85686], "uv": [54, 99], "mirror": true},
						{"origin": [-12.85923, 1.87137, -6.87055], "size": [1, 2, 1], "pivot": [-13.10923, 3.12137, -6.87055], "rotation": [16.43289, -6.60902, -11.86674], "uv": [22, 22], "mirror": true}
					]
				},
				{
					"name": "shadow_point_bottom_right_front2",
					"parent": "point_bottom_right_front",
					"pivot": [-13.10923, 3.12137, -6.87055],
					"cubes": [
						{"origin": [-12.25, 9.5, -7], "size": [3.5, 1, 3], "inflate": -4, "pivot": [-12, 9.5, -7], "rotation": [-35, 0, 35], "uv": [25, 30], "mirror": true},
						{"origin": [-13.45309, 3.5021, -7.72584], "size": [2, 3, 2], "inflate": -3, "pivot": [-12.45309, 5.2521, -6.72584], "rotation": [0.99629, -5.90316, 15.85686], "uv": [28, 22], "mirror": true},
						{"origin": [-13.35923, 1.87137, -6.87055], "size": [2, 1.25, 1], "inflate": -2, "pivot": [-13.10923, 3.12137, -6.87055], "rotation": [16.43289, -6.60902, -11.86674], "uv": [19, 12], "mirror": true}
					]
				},
				{
					"name": "point_bottom_right_back",
					"parent": "body",
					"pivot": [-13.10923, 3.12137, 7.87055],
					"cubes": [
						{"origin": [-12, 7.5, 5], "size": [3, 7, 3], "pivot": [-12, 9.5, 8], "rotation": [35, 0, 35], "uv": [22, 12], "mirror": true},
						{"origin": [-13.45309, 3.5021, 6.72584], "size": [2, 4, 2], "pivot": [-12.45309, 5.2521, 7.72584], "rotation": [-0.99629, 5.90316, 15.85686], "uv": [54, 99], "mirror": true},
						{"origin": [-12.85923, 1.87137, 6.87055], "size": [1, 2, 1], "pivot": [-13.10923, 3.12137, 7.87055], "rotation": [-16.43289, 6.60902, -11.86674], "uv": [22, 22], "mirror": true}
					]
				},
				{
					"name": "shadow_point_bottom_right_back2",
					"parent": "point_bottom_right_back",
					"pivot": [-13.10923, 3.12137, 7.87055],
					"cubes": [
						{"origin": [-12.25, 9.5, 5], "size": [3.5, 1, 3], "inflate": -4, "pivot": [-12, 9.5, 8], "rotation": [35, 0, 35], "uv": [25, 30], "mirror": true},
						{"origin": [-13.45309, 3.5021, 6.72584], "size": [2, 3, 2], "inflate": -3, "pivot": [-12.45309, 5.2521, 7.72584], "rotation": [-0.99629, 5.90316, 15.85686], "uv": [28, 22], "mirror": true},
						{"origin": [-13.35923, 1.87137, 6.87055], "size": [2, 1.25, 1], "inflate": -2, "pivot": [-13.10923, 3.12137, 7.87055], "rotation": [-16.43289, 6.60902, -11.86674], "uv": [19, 12], "mirror": true}
					]
				},
				{
					"name": "point_bottom_left_back",
					"parent": "body",
					"pivot": [13.10923, 3.12137, 7.87055],
					"cubes": [
						{"origin": [9, 7.5, 5], "size": [3, 7, 3], "pivot": [12, 9.5, 8], "rotation": [35, 0, -35], "uv": [22, 12]},
						{"origin": [11.45309, 3.5021, 6.72584], "size": [2, 4, 2], "pivot": [12.45309, 5.2521, 7.72584], "rotation": [-0.99629, -5.90316, -15.85686], "uv": [54, 99]},
						{"origin": [11.85923, 1.87137, 6.87055], "size": [1, 2, 1], "pivot": [13.10923, 3.12137, 7.87055], "rotation": [-16.43289, -6.60902, 11.86674], "uv": [22, 22]}
					]
				},
				{
					"name": "shadow_point_bottom_left_back2",
					"parent": "point_bottom_left_back",
					"pivot": [13.10923, 3.12137, 7.87055],
					"cubes": [
						{"origin": [8.75, 9.5, 5], "size": [3.5, 1, 3], "inflate": -4, "pivot": [12, 9.5, 8], "rotation": [35, 0, -35], "uv": [25, 30]},
						{"origin": [11.45309, 3.5021, 6.72584], "size": [2, 3, 2], "inflate": -3, "pivot": [12.45309, 5.2521, 7.72584], "rotation": [-0.99629, -5.90316, -15.85686], "uv": [28, 22]},
						{"origin": [11.35923, 1.87137, 6.87055], "size": [2, 1.25, 1], "inflate": -2, "pivot": [13.10923, 3.12137, 7.87055], "rotation": [-16.43289, -6.60902, 11.86674], "uv": [19, 12]}
					]
				},
				{
					"name": "point_top_right_front",
					"parent": "body",
					"pivot": [-13.10923, 66.37863, -6.87055],
					"cubes": [
						{"origin": [-12, 55, -7], "size": [3, 7, 3], "pivot": [-12, 60, -7], "rotation": [35, 0, -35], "uv": [22, 12], "mirror": true},
						{"origin": [-13.45309, 61.9979, -7.72584], "size": [2, 4, 2], "pivot": [-12.45309, 64.2479, -6.72584], "rotation": [-0.99629, -5.90316, -15.85686], "uv": [54, 99], "mirror": true},
						{"origin": [-12.85923, 65.62863, -6.87055], "size": [1, 2, 1], "pivot": [-13.10923, 66.37863, -6.87055], "rotation": [-16.43289, -6.60902, 11.86674], "uv": [22, 22], "mirror": true}
					]
				},
				{
					"name": "shadow_point_top_right_front2",
					"parent": "point_top_right_front",
					"pivot": [-13.10923, 66.37863, -6.87055],
					"cubes": [
						{"origin": [-12.25, 59, -7], "size": [3.5, 1, 3], "inflate": -4, "pivot": [-12, 60, -7], "rotation": [35, 0, -35], "uv": [25, 30], "mirror": true},
						{"origin": [-13.45309, 62.9979, -7.72584], "size": [2, 3, 2], "inflate": -3, "pivot": [-12.45309, 64.2479, -6.72584], "rotation": [-0.99629, -5.90316, -15.85686], "uv": [28, 22], "mirror": true},
						{"origin": [-13.35923, 66.37863, -6.87055], "size": [2, 1.25, 1], "inflate": -2, "pivot": [-13.10923, 66.37863, -6.87055], "rotation": [-16.43289, -6.60902, 11.86674], "uv": [19, 12], "mirror": true}
					]
				},
				{
					"name": "door",
					"parent": "body",
					"pivot": [-12.5, 34.5, -7],
					"rotation": [0, 90, 0],
					"cubes": [
						{"origin": [-13, 11, -9], "size": [25, 47, 2], "uv": [0, 99]}
					]
				},
				{
					"name": "shadow_door",
					"parent": "door",
					"pivot": [0, 11, 5],
					"cubes": [
						{"origin": [-17.75, 6, -10], "size": [34.75, 57, 4], "inflate": -4, "uv": [78, 38]}
					]
				},
				{
					"name": "arm_left",
					"parent": "body",
					"pivot": [8.5, 32.5, 8],
					"rotation": [0, -57.5, 0],
					"cubes": [
						{"origin": [6.5, 31.5, 7], "size": [13, 2, 2], "uv": [0, 25]}
					]
				},
				{
					"name": "arm_left2",
					"parent": "arm_left",
					"pivot": [19.5, 32.5, 8],
					"cubes": [
						{"origin": [19.5, 31.5, 7], "size": [12, 2, 2], "uv": [0, 29]}
					]
				},
				{
					"name": "arm_left3",
					"parent": "arm_left2",
					"pivot": [31.5, 32.5, 8],
					"cubes": [
						{"origin": [31.5, 31, 6.5], "size": [12, 3, 3], "uv": [0, 6]}
					]
				},
				{
					"name": "arm_left4",
					"parent": "arm_left3",
					"pivot": [43.5, 32.5, 8],
					"cubes": [
						{"origin": [43.5, 31, 6.5], "size": [12, 3, 3], "uv": [0, 0]}
					]
				},
				{
					"name": "hand_left",
					"parent": "arm_left4",
					"pivot": [55.5, 32.5, 8],
					"cubes": [
						{"origin": [55.5, 27.5, 6.5], "size": [8, 10, 3], "uv": [0, 12]}
					]
				},
				{
					"name": "finger_left_index",
					"parent": "hand_left",
					"pivot": [63, 36, 9.5],
					"cubes": [
						{"origin": [63, 34.5, 6.5], "size": [5, 3, 3], "uv": [62, 122]}
					]
				},
				{
					"name": "finger_topleft_index2",
					"parent": "finger_left_index",
					"pivot": [68, 36, 9.5],
					"cubes": [
						{"origin": [68, 34.5, 6.5], "size": [5, 3, 3], "uv": [119, 105]}
					]
				},
				{
					"name": "finger_left_middle",
					"parent": "hand_left",
					"pivot": [63, 33.6, 9.5],
					"cubes": [
						{"origin": [63, 32.1, 6.5], "size": [6, 3, 3], "uv": [62, 116]}
					]
				},
				{
					"name": "finger_topleft_middle2",
					"parent": "finger_left_middle",
					"pivot": [69, 33.6, 9.5],
					"cubes": [
						{"origin": [69, 32.1, 6.5], "size": [6, 3, 3], "uv": [109, 29]}
					]
				},
				{
					"name": "finger_left_ring",
					"parent": "hand_left",
					"pivot": [63, 31.3, 9.5],
					"cubes": [
						{"origin": [63, 29.8, 6.5], "size": [6, 3, 3], "uv": [91, 29]}
					]
				},
				{
					"name": "finger_topleft_ring2",
					"parent": "finger_left_ring",
					"pivot": [69, 31.3, 9.5],
					"cubes": [
						{"origin": [69, 29.8, 6.5], "size": [5, 3, 3], "uv": [119, 99]}
					]
				},
				{
					"name": "finger_left_pinky",
					"parent": "hand_left",
					"pivot": [63, 29, 9.5],
					"cubes": [
						{"origin": [63, 27.5, 6.5], "size": [4, 3, 3], "uv": [0, 44]}
					]
				},
				{
					"name": "finger_topleft_pinky2",
					"parent": "finger_left_pinky",
					"pivot": [67, 29, 9.5],
					"cubes": [
						{"origin": [67, 27.5, 6.5], "size": [5, 3, 3], "uv": [112, 116]}
					]
				},
				{
					"name": "thumb_left",
					"parent": "hand_left",
					"pivot": [59, 37.5, 8],
					"cubes": [
						{"origin": [57.5, 36, 6.5], "size": [5, 3, 3], "uv": [96, 116]}
					]
				},
				{
					"name": "thumb_topleft2",
					"parent": "thumb_left",
					"pivot": [62.5, 36, 8],
					"cubes": [
						{"origin": [62.5, 36, 6.5], "size": [5, 3, 3], "uv": [80, 116]}
					]
				},
				{
					"name": "sword4",
					"parent": "hand_left",
					"pivot": [64.47529, 61.10747, 5.5],
					"rotation": [0, 0, 90],
					"cubes": [
						{"origin": [81, 59, 4], "size": [4, 3, 3], "inflate": 0.02, "uv": [0, 38]},
						{"origin": [81, 60, 4], "size": [4, 2, 3], "pivot": [85, 62, 5], "rotation": [0, 0, 70], "uv": [64, 47]},
						{"origin": [61.05, 36.525, 4], "size": [4, 2, 3], "pivot": [59, 62, 5], "rotation": [0, 0, -70], "uv": [64, 42]},
						{"origin": [85, 59.5, 4.5], "size": [8, 2, 2], "uv": [0, 33]},
						{"origin": [93, 59.5, 4.5], "size": [7, 2, 2], "inflate": 0.25, "uv": [64, 38]}
					]
				},
				{
					"name": "blade4",
					"parent": "sword4",
					"pivot": [63.75009, 60.5, 5.5],
					"cubes": [
						{"origin": [36, 57, 5], "size": [47, 7, 1], "inflate": 0.02, "uv": [91, 0]},
						{"origin": [32.475, 55.525, 5], "size": [5, 5, 1], "pivot": [32.5, 60.5, 5.5], "rotation": [0, 0, -45], "uv": [91, 8]}
					]
				},
				{
					"name": "arm_right",
					"parent": "body",
					"pivot": [-8.5, 52.5, 8],
					"rotation": [0, 57.5, 0],
					"cubes": [
						{"origin": [-19.5, 51.5, 7], "size": [13, 2, 2], "uv": [0, 25], "mirror": true}
					]
				},
				{
					"name": "arm_right2",
					"parent": "arm_right",
					"pivot": [-19.5, 52.5, 8],
					"cubes": [
						{"origin": [-31.5, 51.5, 7], "size": [12, 2, 2], "uv": [0, 29], "mirror": true}
					]
				},
				{
					"name": "arm_right3",
					"parent": "arm_right2",
					"pivot": [-31.5, 52.5, 8],
					"cubes": [
						{"origin": [-43.5, 51, 6.5], "size": [12, 3, 3], "uv": [0, 6], "mirror": true}
					]
				},
				{
					"name": "arm_right4",
					"parent": "arm_right3",
					"pivot": [-43.5, 52.5, 8],
					"cubes": [
						{"origin": [-55.5, 51, 6.5], "size": [12, 3, 3], "uv": [0, 0], "mirror": true}
					]
				},
				{
					"name": "hand_right",
					"parent": "arm_right4",
					"pivot": [-55.5, 52.5, 8],
					"cubes": [
						{"origin": [-63.5, 47.5, 6.5], "size": [8, 10, 3], "uv": [0, 12], "mirror": true}
					]
				},
				{
					"name": "finger_right_index",
					"parent": "hand_right",
					"pivot": [-63, 56, 9.5],
					"cubes": [
						{"origin": [-68, 54.5, 6.5], "size": [5, 3, 3], "uv": [62, 122], "mirror": true}
					]
				},
				{
					"name": "finger_topright_index2",
					"parent": "finger_right_index",
					"pivot": [-68, 56, 9.5],
					"cubes": [
						{"origin": [-73, 54.5, 6.5], "size": [5, 3, 3], "uv": [119, 105], "mirror": true}
					]
				},
				{
					"name": "finger_right_middle",
					"parent": "hand_right",
					"pivot": [-63, 53.6, 9.5],
					"cubes": [
						{"origin": [-69, 52.1, 6.5], "size": [6, 3, 3], "uv": [62, 116], "mirror": true}
					]
				},
				{
					"name": "finger_topright_middle2",
					"parent": "finger_right_middle",
					"pivot": [-69, 53.6, 9.5],
					"cubes": [
						{"origin": [-75, 52.1, 6.5], "size": [6, 3, 3], "uv": [109, 29], "mirror": true}
					]
				},
				{
					"name": "finger_right_ring",
					"parent": "hand_right",
					"pivot": [-63, 51.3, 9.5],
					"cubes": [
						{"origin": [-69, 49.8, 6.5], "size": [6, 3, 3], "uv": [91, 29], "mirror": true}
					]
				},
				{
					"name": "finger_topright_ring2",
					"parent": "finger_right_ring",
					"pivot": [-69, 51.3, 9.5],
					"cubes": [
						{"origin": [-74, 49.8, 6.5], "size": [5, 3, 3], "uv": [119, 99], "mirror": true}
					]
				},
				{
					"name": "finger_right_pinky",
					"parent": "hand_right",
					"pivot": [-63, 49, 9.5],
					"cubes": [
						{"origin": [-67, 47.5, 6.5], "size": [4, 3, 3], "uv": [0, 44], "mirror": true}
					]
				},
				{
					"name": "finger_topright_pinky2",
					"parent": "finger_right_pinky",
					"pivot": [-67, 49, 9.5],
					"cubes": [
						{"origin": [-72, 47.5, 6.5], "size": [5, 3, 3], "uv": [112, 116], "mirror": true}
					]
				},
				{
					"name": "thumb_right",
					"parent": "hand_right",
					"pivot": [-59, 57.5, 8],
					"cubes": [
						{"origin": [-62.5, 56, 6.5], "size": [5, 3, 3], "uv": [96, 116], "mirror": true}
					]
				},
				{
					"name": "thumb_topright2",
					"parent": "thumb_right",
					"pivot": [-62.5, 56, 8],
					"cubes": [
						{"origin": [-67.5, 56, 6.5], "size": [5, 3, 3], "uv": [80, 116], "mirror": true}
					]
				},
				{
					"name": "arm_right5",
					"parent": "body",
					"pivot": [-8.5, 16.5, 8],
					"rotation": [0, 57.5, 0],
					"cubes": [
						{"origin": [-19.5, 15.5, 7], "size": [13, 2, 2], "uv": [0, 25], "mirror": true}
					]
				},
				{
					"name": "arm_right6",
					"parent": "arm_right5",
					"pivot": [-19.5, 16.5, 8],
					"cubes": [
						{"origin": [-31.5, 15.5, 7], "size": [12, 2, 2], "uv": [0, 29], "mirror": true}
					]
				},
				{
					"name": "arm_right7",
					"parent": "arm_right6",
					"pivot": [-31.5, 16.5, 8],
					"cubes": [
						{"origin": [-43.5, 15, 6.5], "size": [12, 3, 3], "uv": [0, 6], "mirror": true}
					]
				},
				{
					"name": "arm_right8",
					"parent": "arm_right7",
					"pivot": [-43.5, 16.5, 8],
					"cubes": [
						{"origin": [-55.5, 15, 6.5], "size": [12, 3, 3], "uv": [0, 0], "mirror": true}
					]
				},
				{
					"name": "hand_right2",
					"parent": "arm_right8",
					"pivot": [-55.5, 16.5, 8],
					"cubes": [
						{"origin": [-63.5, 11.5, 6.5], "size": [8, 10, 3], "uv": [0, 12], "mirror": true}
					]
				},
				{
					"name": "finger_right_index2",
					"parent": "hand_right2",
					"pivot": [-63, 20, 9.5],
					"cubes": [
						{"origin": [-68, 18.5, 6.5], "size": [5, 3, 3], "uv": [62, 122], "mirror": true}
					]
				},
				{
					"name": "finger_topright_index3",
					"parent": "finger_right_index2",
					"pivot": [-68, 20, 9.5],
					"cubes": [
						{"origin": [-73, 18.5, 6.5], "size": [5, 3, 3], "uv": [119, 105], "mirror": true}
					]
				},
				{
					"name": "finger_right_middle2",
					"parent": "hand_right2",
					"pivot": [-63, 17.6, 9.5],
					"cubes": [
						{"origin": [-69, 16.1, 6.5], "size": [6, 3, 3], "uv": [62, 116], "mirror": true}
					]
				},
				{
					"name": "finger_topright_middle3",
					"parent": "finger_right_middle2",
					"pivot": [-69, 17.6, 9.5],
					"cubes": [
						{"origin": [-75, 16.1, 6.5], "size": [6, 3, 3], "uv": [109, 29], "mirror": true}
					]
				},
				{
					"name": "finger_right_ring2",
					"parent": "hand_right2",
					"pivot": [-63, 15.3, 9.5],
					"cubes": [
						{"origin": [-69, 13.8, 6.5], "size": [6, 3, 3], "uv": [91, 29], "mirror": true}
					]
				},
				{
					"name": "finger_topright_ring3",
					"parent": "finger_right_ring2",
					"pivot": [-69, 15.3, 9.5],
					"cubes": [
						{"origin": [-74, 13.8, 6.5], "size": [5, 3, 3], "uv": [119, 99], "mirror": true}
					]
				},
				{
					"name": "finger_right_pinky2",
					"parent": "hand_right2",
					"pivot": [-63, 13, 9.5],
					"cubes": [
						{"origin": [-67, 11.5, 6.5], "size": [4, 3, 3], "uv": [0, 44], "mirror": true}
					]
				},
				{
					"name": "finger_topright_pinky3",
					"parent": "finger_right_pinky2",
					"pivot": [-67, 13, 9.5],
					"cubes": [
						{"origin": [-72, 11.5, 6.5], "size": [5, 3, 3], "uv": [112, 116], "mirror": true}
					]
				},
				{
					"name": "thumb_right2",
					"parent": "hand_right2",
					"pivot": [-59, 21.5, 8],
					"cubes": [
						{"origin": [-62.5, 20, 6.5], "size": [5, 3, 3], "uv": [96, 116], "mirror": true}
					]
				},
				{
					"name": "thumb_topright3",
					"parent": "thumb_right2",
					"pivot": [-62.5, 20, 8],
					"cubes": [
						{"origin": [-67.5, 20, 6.5], "size": [5, 3, 3], "uv": [80, 116], "mirror": true}
					]
				},
				{
					"name": "sword3",
					"parent": "hand_right2",
					"pivot": [-62.52471, 45.10747, 5.5],
					"rotation": [0, 0, 90],
					"cubes": [
						{"origin": [-91, 41, 5], "size": [47, 7, 1], "inflate": 0.02, "uv": [91, 0]},
						{"origin": [-94.525, 39.525, 5], "size": [5, 5, 1], "pivot": [-94.5, 44.5, 5.5], "rotation": [0, 0, -45], "uv": [91, 8]},
						{"origin": [-46, 43, 4], "size": [4, 3, 3], "inflate": 0.02, "uv": [0, 38]},
						{"origin": [-46, 44, 4], "size": [4, 2, 3], "pivot": [-42, 46, 5], "rotation": [0, 0, 70], "uv": [64, 47]},
						{"origin": [-65.95, 20.525, 4], "size": [4, 2, 3], "pivot": [-68, 46, 5], "rotation": [0, 0, -70], "uv": [64, 42]},
						{"origin": [-42, 43.5, 4.5], "size": [8, 2, 2], "uv": [0, 33]},
						{"origin": [-34, 43.5, 4.5], "size": [7, 2, 2], "inflate": 0.25, "uv": [64, 38]}
					]
				},
				{
					"name": "sword1",
					"parent": "body",
					"pivot": [-1.52471, 39.10747, 25.5],
					"rotation": [0, 0, 90],
					"cubes": [
						{"origin": [-30, 35, 25], "size": [47, 7, 1], "inflate": 0.02, "uv": [91, 0]},
						{"origin": [-33.525, 33.525, 25], "size": [5, 5, 1], "pivot": [-33.5, 38.5, 25.5], "rotation": [0, 0, -45], "uv": [91, 8]},
						{"origin": [15, 37, 24], "size": [4, 3, 3], "inflate": 0.02, "uv": [0, 38]},
						{"origin": [15, 38, 24], "size": [4, 2, 3], "pivot": [19, 40, 25], "rotation": [0, 0, 70], "uv": [64, 47]},
						{"origin": [-4.95, 14.525, 24], "size": [4, 2, 3], "pivot": [-7, 40, 25], "rotation": [0, 0, -70], "uv": [64, 42]},
						{"origin": [19, 37.5, 24.5], "size": [8, 2, 2], "uv": [0, 33]},
						{"origin": [27, 37.5, 24.5], "size": [7, 2, 2], "inflate": 0.25, "uv": [64, 38]}
					]
				},
				{
					"name": "eyes",
					"parent": "body",
					"pivot": [-8.5, 16.5, 8]
				},
				{
					"name": "eye_left",
					"parent": "eyes",
					"pivot": [5.5, 39.5, -5.51167],
					"rotation": [0, 0, -27.5],
					"cubes": [
						{"origin": [3, 37, -6.01], "size": [5, 5, 1], "uv": [91, 14]},
						{"origin": [5, 35, -6.005], "size": [1, 9, 1], "uv": [30, 0]},
						{"origin": [5, 38, -6.02], "size": [1, 3, 1], "uv": [31, 10]}
					]
				},
				{
					"name": "eyelid_left",
					"parent": "eye_left",
					"pivot": [5.5, 39.5, -4.52],
					"rotation": [0, 0, 90],
					"cubes": [
						{"origin": [3, 37, -5.03], "size": [5, 5, 1], "uv": [91, 14]},
						{"origin": [5, 38, -5.04], "size": [1, 3, 1], "uv": [31, 10]}
					]
				},
				{
					"name": "eye_right",
					"parent": "eyes",
					"pivot": [-5.5, 39.5, -5.51167],
					"rotation": [0, 0, 27.5],
					"cubes": [
						{"origin": [-8, 37, -6.01], "size": [5, 5, 1], "uv": [91, 14], "mirror": true},
						{"origin": [-6, 35, -6.005], "size": [1, 9, 1], "uv": [30, 0], "mirror": true},
						{"origin": [-6, 38, -6.02], "size": [1, 3, 1], "uv": [31, 10], "mirror": true}
					]
				},
				{
					"name": "eyelid_right",
					"parent": "eye_right",
					"pivot": [-5.5, 39.5, -4.52],
					"rotation": [0, 0, -90],
					"cubes": [
						{"origin": [-8, 37, -5.03], "size": [5, 5, 1], "uv": [91, 14], "mirror": true},
						{"origin": [-6, 38, -5.04], "size": [1, 3, 1], "uv": [31, 10], "mirror": true}
					]
				},
				{
					"name": "sword2",
					"parent": "body",
					"pivot": [-1.52471, 39.10747, 41.5],
					"rotation": [0, 0, 90],
					"cubes": [
						{"origin": [-30, 35, 41], "size": [47, 7, 1], "inflate": 0.02, "uv": [91, 0]},
						{"origin": [-33.525, 33.525, 41], "size": [5, 5, 1], "pivot": [-33.5, 38.5, 41.5], "rotation": [0, 0, -45], "uv": [91, 8]},
						{"origin": [15, 37, 40], "size": [4, 3, 3], "inflate": 0.02, "uv": [0, 38]},
						{"origin": [15, 38, 40], "size": [4, 2, 3], "pivot": [19, 40, 41], "rotation": [0, 0, 70], "uv": [64, 47]},
						{"origin": [-4.95, 14.525, 40], "size": [4, 2, 3], "pivot": [-7, 40, 41], "rotation": [0, 0, -70], "uv": [64, 42]},
						{"origin": [19, 37.5, 40.5], "size": [8, 2, 2], "uv": [0, 33]},
						{"origin": [27, 37.5, 40.5], "size": [7, 2, 2], "inflate": 0.25, "uv": [64, 38]}
					]
				}
			]
		}
	]
}