{
	"format_version": "1.12.0",
	"minecraft:geometry": [
		{
			"description": {
				"identifier": "geometry.delta_palossand",
				"texture_width": 256,
				"texture_height": 128,
				"visible_bounds_width": 5,
				"visible_bounds_height": 3.5,
				"visible_bounds_offset": [0, 1.25, 0]
			},
			"bones": [
				{
					"name": "delta_palossand",
					"pivot": [0, 0, 0],
					"cubes": [
						{"origin": [-15, 0, -16], "size": [30, 2, 32], "inflate": 0.01, "uv": [0, 0]},
						{"origin": [15, 0, -16], "size": [6, 0, 32], "uv": [12, 34]},
						{"origin": [-21, 0, -16], "size": [6, 0, 32], "uv": [0, 34]},
						{"origin": [-15, 0, -21], "size": [30, 0, 5], "uv": [51, 34]},
						{"origin": [-15, 0, 16], "size": [30, 0, 9], "uv": [47, 67]},
						{"origin": [-7, 6, -12], "size": [3, 7, 24], "inflate": 0.01, "uv": [202, 5]},
						{"origin": [4, 6, -12], "size": [3, 7, 24], "inflate": 0.01, "uv": [148, 0]},
						{"origin": [7.02, 6, -0.5], "size": [0, 7, 1], "uv": [2, 92]},
						{"origin": [7.02, 8.5, -5.99], "size": [0, 2, 1], "uv": [0, 94]},
						{"origin": [7.02, 8.5, 4.99], "size": [0, 2, 1], "uv": [0, 92]},
						{"origin": [-7.02, 8.5, 4.99], "size": [0, 2, 1], "uv": [0, 92]},
						{"origin": [-7.02, 6, -0.5], "size": [0, 7, 1], "uv": [2, 92]},
						{"origin": [-7.02, 8.5, -5.99], "size": [0, 2, 1], "uv": [0, 94]},
						{"origin": [-4, 16, -12], "size": [8, 1, 24], "inflate": 0.01, "uv": [52, 42]},
						{"origin": [-4, 2, -12], "size": [8, 14, 0], "uv": [92, 0]},
						{"origin": [-4, 2, 12], "size": [8, 14, 0], "uv": [88, 79]},
						{"origin": [-6, 17, -12], "size": [12, 11, 0], "uv": [0, 34]},
						{"origin": [0.5, 16, -12.02], "size": [3, 6, 0], "uv": [14, 93]},
						{"origin": [-3.5, 16, -12.02], "size": [3, 6, 0], "uv": [8, 93]},
						{"origin": [-2, 18.5, -12.03], "size": [1, 2, 0], "uv": [6, 93]},
						{"origin": [1, 18.5, -12.03], "size": [1, 2, 0], "uv": [4, 93]},
						{"origin": [-2.5, 26, 6], "size": [5, 5, 7], "uv": [0, 0]},
						{"origin": [-2, 26, -13], "size": [4, 5, 6], "inflate": 0.01, "uv": [56, 76]},
						{"origin": [-9.5, 15, -13], "size": [4, 3, 4], "uv": [0, 57]},
						{"origin": [5.5, 15, -13], "size": [4, 4, 5], "uv": [0, 23]},
						{"origin": [-2, 27, -7], "size": [4, 3, 13], "uv": [103, 63]},
						{"origin": [-6, 17, 12], "size": [12, 11, 0], "uv": [0, 12]}
					]
				},
				{
					"name": "arm_right",
					"parent": "delta_palossand",
					"pivot": [-11.5, 2, -5],
					"cubes": [
						{"origin": [-14, 0, -8], "size": [5, 6, 6], "uv": [0, 45]}
					]
				},
				{
					"name": "hand_right",
					"parent": "arm_right",
					"pivot": [-11.5, 6, -3],
					"cubes": [
						{"origin": [-13.5, 5, -8], "size": [4, 5, 5], "inflate": 0.01, "uv": [56, 53]}
					]
				},
				{
					"name": "finger_right1",
					"parent": "hand_right",
					"pivot": [-11.5, 10, -5],
					"cubes": [
						{"origin": [-12.5, 10, -5], "size": [2, 2, 2], "uv": [24, 28]}
					]
				},
				{
					"name": "finger_right2",
					"parent": "hand_right",
					"pivot": [-11.5, 10, -7],
					"cubes": [
						{"origin": [-11.5, 10, -8], "size": [2, 2, 2], "uv": [24, 18]}
					]
				},
				{
					"name": "finger_right3",
					"parent": "hand_right",
					"pivot": [-11.5, 10, -7],
					"cubes": [
						{"origin": [-13.5, 10, -8], "size": [2, 2, 2], "uv": [24, 14]}
					]
				},
				{
					"name": "arm_left",
					"parent": "delta_palossand",
					"pivot": [11.5, 2, -5],
					"cubes": [
						{"origin": [9, 0, -8], "size": [5, 6, 6], "uv": [0, 81]}
					]
				},
				{
					"name": "hand_left",
					"parent": "arm_left",
					"pivot": [11.5, 6, -3],
					"cubes": [
						{"origin": [9.5, 5, -8], "size": [4, 5, 5], "inflate": 0.01, "uv": [22, 81]}
					]
				},
				{
					"name": "finger_left1",
					"parent": "hand_left",
					"pivot": [11.5, 10, -5],
					"cubes": [
						{"origin": [10.5, 10, -5], "size": [2, 2, 2], "uv": [24, 34]}
					]
				},
				{
					"name": "finger_left2",
					"parent": "hand_left",
					"pivot": [11.5, 10, -7],
					"cubes": [
						{"origin": [9.5, 10, -8], "size": [2, 2, 2], "uv": [16, 45]}
					]
				},
				{
					"name": "finger_left3",
					"parent": "hand_left",
					"pivot": [11.5, 10, -7],
					"cubes": [
						{"origin": [11.5, 10, -8], "size": [2, 2, 2], "uv": [24, 38]}
					]
				},
				{
					"name": "bone3",
					"parent": "delta_palossand",
					"pivot": [4, 6, 0],
					"rotation": [0, 0, -15],
					"cubes": [
						{"origin": [3, 1, -12], "size": [4, 5, 24], "inflate": -0.01, "uv": [92, 34]}
					]
				},
				{
					"name": "bone5",
					"parent": "delta_palossand",
					"pivot": [4, 13, 0],
					"rotation": [0, 0, 12.5],
					"cubes": [
						{"origin": [3, 13, -12], "size": [4, 5, 24], "inflate": -0.01, "uv": [88, 85]}
					]
				},
				{
					"name": "bone",
					"parent": "bone5",
					"pivot": [7, 18, 0],
					"rotation": [0, 0, -45],
					"cubes": [
						{"origin": [5, 18, -12], "size": [2, 13, 24], "inflate": 0.03, "uv": [28, 67]}
					]
				},
				{
					"name": "bone7",
					"parent": "bone",
					"pivot": [7, 18, 0],
					"rotation": [0, 0, -15],
					"cubes": [
						{"origin": [7, 16, -12], "size": [0, 2, 24], "inflate": 0.01, "uv": [0, 55]}
					]
				},
				{
					"name": "bone2",
					"parent": "delta_palossand",
					"pivot": [-4, 13, 0],
					"rotation": [0, 0, -12.5],
					"cubes": [
						{"origin": [-7, 13, -12], "size": [4, 5, 24], "inflate": -0.01, "uv": [56, 80]}
					]
				},
				{
					"name": "bone6",
					"parent": "bone2",
					"pivot": [-7, 18, 0],
					"rotation": [0, 0, 45],
					"cubes": [
						{"origin": [-7, 18, -12], "size": [2, 13, 24], "inflate": 0.03, "uv": [0, 42]}
					]
				},
				{
					"name": "bone8",
					"parent": "bone6",
					"pivot": [-7, 18, 0],
					"rotation": [0, 0, 15],
					"cubes": [
						{"origin": [-7, 16, -12], "size": [0, 2, 24], "uv": [56, 15]}
					]
				},
				{
					"name": "bone4",
					"parent": "delta_palossand",
					"pivot": [-4, 6, 0],
					"rotation": [0, 0, 15],
					"cubes": [
						{"origin": [-7, 1, -12], "size": [4, 5, 24], "inflate": -0.01, "uv": [92, 0]}
					]
				},
				{
					"name": "drizzle_right",
					"parent": "delta_palossand",
					"pivot": [-8, 15, -12.25],
					"rotation": [0, 30, 0],
					"cubes": [
						{"origin": [-9.5, 1, -12.25], "size": [3, 14, 0], "uv": [24, 0]}
					]
				},
				{
					"name": "drizzle_left",
					"parent": "delta_palossand",
					"pivot": [8.5, 15, -12],
					"rotation": [0, -45, 0],
					"cubes": [
						{"origin": [6.5, 8, -12], "size": [4, 7, 0], "uv": [18, 23]}
					]
				},
				{
					"name": "candy_cane",
					"parent": "delta_palossand",
					"pivot": [3, 25, -1],
					"rotation": [0, 25, 0],
					"cubes": [
						{"origin": [3, 24, -2], "size": [0, 12, 6], "uv": [56, 35]}
					]
				}
			]
		}
	]
}