{
	"format_version": "1.12.0",
	"minecraft:geometry": [
		{
			"description": {
				"identifier": "geometry.delta_persian",
				"texture_width": 96,
				"texture_height": 64,
				"visible_bounds_width": 5,
				"visible_bounds_height": 3.5,
				"visible_bounds_offset": [0, 1.25, 0]
			},
			"bones": [
				{
					"name": "delta_persian",
					"pivot": [0, 0, 0]
				},
				{
					"name": "body",
					"parent": "delta_persian",
					"pivot": [0, 10, 0.5]
				},
				{
					"name": "main_body",
					"parent": "body",
					"pivot": [0, 10, 0.5]
				},
				{
					"name": "torso",
					"parent": "main_body",
					"pivot": [0, 10, 5.5],
					"cubes": [
						{"origin": [-2, 7, -1.5], "size": [4, 5, 9], "uv": [0, 0]}
					]
				},
				{
					"name": "tail",
					"parent": "torso",
					"pivot": [0, 10, 7.5],
					"cubes": [
						{"origin": [-1.5, 8.5, 6.5], "size": [3, 3, 7], "uv": [35, 19]}
					]
				},
				{
					"name": "tail2",
					"parent": "tail",
					"pivot": [0, 10, 12.5],
					"cubes": [
						{"origin": [-2, 8, 12.5], "size": [4, 4, 6], "inflate": 0.01, "uv": [32, 30]}
					]
				},
				{
					"name": "tail3",
					"parent": "tail2",
					"pivot": [0, 8, 18.5],
					"cubes": [
						{"origin": [-2, 8, 18.5], "size": [4, 4, 6], "uv": [0, 32]}
					]
				},
				{
					"name": "tail4",
					"parent": "tail3",
					"pivot": [0, 8, 24.5],
					"cubes": [
						{"origin": [-2, 8, 24.5], "size": [4, 4, 6], "inflate": 0.01, "uv": [18, 26]}
					]
				},
				{
					"name": "tail5",
					"parent": "tail4",
					"pivot": [0, 8, 30.5],
					"cubes": [
						{"origin": [-2, 8, 30.5], "size": [4, 4, 5], "uv": [36, 10]}
					]
				},
				{
					"name": "tail6",
					"parent": "tail5",
					"pivot": [2, 8, 35.5],
					"cubes": [
						{"origin": [-2, 8, 35.5], "size": [4, 4, 6], "inflate": 0.01, "uv": [26, 0]}
					]
				},
				{
					"name": "tail7",
					"parent": "tail6",
					"pivot": [0, 8, 41.5],
					"cubes": [
						{"origin": [-2, 8, 41.5], "size": [4, 4, 6], "uv": [22, 16]}
					]
				},
				{
					"name": "chest",
					"parent": "torso",
					"pivot": [0, 9.5, -1.5],
					"cubes": [
						{"origin": [-2, 7, -6.5], "size": [4, 5, 5], "inflate": 0.01, "uv": [15, 37]},
						{"origin": [-1.5, 7.5, -1.5], "size": [3, 4, 1], "uv": [57, 26]}
					]
				},
				{
					"name": "neck_tail",
					"parent": "chest",
					"pivot": [0, 10, -7.5],
					"cubes": [
						{"origin": [-5, 11, -9.5], "size": [10, 4, 4], "uv": [0, 14]},
						{"origin": [1, 6, -9.5], "size": [4, 5, 4], "uv": [46, 0]},
						{"origin": [-5, 7, -9.5], "size": [4, 4, 4], "uv": [16, 47]}
					]
				},
				{
					"name": "neck_tail2",
					"parent": "neck_tail",
					"pivot": [4.5, 6, -9],
					"cubes": [
						{"origin": [1.5, 2, -9], "size": [3, 4, 3], "uv": [48, 19]}
					]
				},
				{
					"name": "neck_tail3",
					"parent": "neck_tail2",
					"pivot": [3, 2, -9],
					"cubes": [
						{"origin": [2, 0, -9], "size": [2, 2, 2], "uv": [32, 10]}
					]
				},
				{
					"name": "neck",
					"parent": "chest",
					"pivot": [0, 10, -6.5],
					"cubes": [
						{"origin": [-1.5, 8.5, -9.5], "size": [3, 3, 4], "uv": [44, 47]}
					]
				},
				{
					"name": "head",
					"parent": "neck",
					"pivot": [0.5, 10, -10.5],
					"cubes": [
						{"origin": [-3.5, 7.5, -13.5], "size": [7, 5, 5], "uv": [0, 22]},
						{"origin": [-0.5, 7.48, -9.75], "size": [1, 0, 1], "pivot": [0, 7.49, -9.25], "rotation": [0, -45, 0], "uv": [5, 0]}
					]
				},
				{
					"name": "eye_right",
					"parent": "head",
					"pivot": [-0.25, 0, -3.5],
					"cubes": [
						{"origin": [-3.51, 7.49, -12], "size": [3, 1, 1], "uv": [35, 60]}
					]
				},
				{
					"name": "pupil_right",
					"parent": "eye_right",
					"pivot": [-1.76, 7.48, -11.5],
					"cubes": [
						{"origin": [-2.26, 7.48, -12], "size": [1, 0, 1], "uv": [35, 60]}
					]
				},
				{
					"name": "eyelid_right",
					"parent": "eye_right",
					"pivot": [0.6, 0.1, -3.5],
					"cubes": [
						{"origin": [-3.42, 7.58, -12], "size": [3, 1, 1], "inflate": 0.01, "uv": [58, 2]}
					]
				},
				{
					"name": "eye_left",
					"parent": "head",
					"pivot": [0.25, 0, -3.5],
					"cubes": [
						{"origin": [0.51, 7.49, -12], "size": [3, 1, 1], "uv": [35, 60], "mirror": true}
					]
				},
				{
					"name": "pupil_left",
					"parent": "eye_left",
					"pivot": [1.76, 7.48, -11.5],
					"cubes": [
						{"origin": [1.26, 7.48, -12], "size": [1, 0, 1], "uv": [35, 60], "mirror": true}
					]
				},
				{
					"name": "eyelid_left",
					"parent": "eye_left",
					"pivot": [-0.6, 0.1, -3.5],
					"cubes": [
						{"origin": [0.42, 7.58, -12], "size": [3, 1, 1], "inflate": 0.01, "uv": [58, 2], "mirror": true}
					]
				},
				{
					"name": "mouth_closed",
					"parent": "head",
					"pivot": [0, 7.49, -9.75],
					"cubes": [
						{"origin": [-0.5, 7.49, -10.25], "size": [1, 0, 1], "pivot": [0, 7.49, -9.75], "rotation": [0, -45, 0], "uv": [5, 1]}
					]
				},
				{
					"name": "mouth_open",
					"parent": "head",
					"pivot": [0, 7.49, -9.75],
					"cubes": [
						{"origin": [-0.5, 7.59, -10.25], "size": [1, 0, 1], "pivot": [0, 7.49, -9.75], "rotation": [0, -45, 0], "uv": [-1, 1]}
					]
				},
				{
					"name": "whiskers_right",
					"parent": "head",
					"pivot": [-3.5, 7.5, -10.5],
					"rotation": [0, 0, 10],
					"cubes": [
						{"origin": [-7.5, 7.5, -12.5], "size": [4, 0, 4], "uv": [13, 0]}
					]
				},
				{
					"name": "whiskers_left",
					"parent": "head",
					"pivot": [3.5, 7.5, -10.5],
					"rotation": [0, 0, -10],
					"cubes": [
						{"origin": [3.5, 7.5, -12.5], "size": [4, 0, 4], "uv": [13, 4]}
					]
				},
				{
					"name": "coin",
					"parent": "head",
					"pivot": [0, 8.01, -13],
					"rotation": [-7.5, 0, 0],
					"cubes": [
						{"origin": [-1.5, 7, -17.5], "size": [3, 1, 5], "uv": [46, 29]},
						{"origin": [-1, 6.99, -16], "size": [2, 0, 2], "pivot": [0, 6.99, -15], "rotation": [0, -45, 0], "uv": [24, 10]},
						{"origin": [-1, 8.01, -16], "size": [2, 0, 2], "pivot": [0, 8.01, -15], "rotation": [0, -45, 0], "uv": [22, 16]},
						{"origin": [-2.5, 7.5, -15.5], "size": [2, 0, 1], "pivot": [-2, 7.5, -15], "rotation": [0, -10, 0], "uv": [0, 8]},
						{"origin": [-2.5, 7.5, -14.25], "size": [1, 0, 1], "pivot": [-2, 7.5, -13.75], "rotation": [0, -5, 0], "uv": [16, 8]},
						{"origin": [0.5, 7.5, -15.5], "size": [2, 0, 1], "pivot": [2, 7.5, -15], "rotation": [0, 10, 0], "uv": [4, 8]},
						{"origin": [1.5, 7.5, -14.25], "size": [1, 0, 1], "pivot": [2, 7.5, -13.75], "rotation": [0, 5, 0], "uv": [18, 8]}
					]
				},
				{
					"name": "ear_right",
					"parent": "head",
					"pivot": [-2, 10, -13.5],
					"cubes": [
						{"origin": [-4, 9.5, -17.5], "size": [4, 1, 6], "uv": [0, 42]},
						{"origin": [-3.5, 10, -20], "size": [3, 0, 3], "uv": [22, 3]}
					]
				},
				{
					"name": "ear_left",
					"parent": "head",
					"pivot": [2, 10, -13.5],
					"cubes": [
						{"origin": [0, 9.5, -17.5], "size": [4, 1, 6], "uv": [33, 40]},
						{"origin": [0.5, 10, -20], "size": [3, 0, 3], "uv": [22, 0]}
					]
				},
				{
					"name": "leg_front_left",
					"parent": "torso",
					"pivot": [2, 10, -2.5],
					"cubes": [
						{"origin": [1, 5, -3.5], "size": [2, 6, 2], "inflate": 0.01, "uv": [0, 55]}
					]
				},
				{
					"name": "leg_front_left2",
					"parent": "leg_front_left",
					"pivot": [2, 5, -1.5],
					"cubes": [
						{"origin": [1, 0, -3.5], "size": [2, 5, 2], "uv": [26, 55]}
					]
				},
				{
					"name": "paw_front_left",
					"parent": "leg_front_left2",
					"pivot": [2, 1, -2.5],
					"cubes": [
						{"origin": [0.5, -0.5, -4.5], "size": [3, 2, 2], "uv": [56, 35]}
					]
				},
				{
					"name": "leg_front_right",
					"parent": "torso",
					"pivot": [-2, 10, -2.5],
					"cubes": [
						{"origin": [-3, 5, -3.5], "size": [2, 6, 2], "inflate": 0.01, "uv": [10, 53]}
					]
				},
				{
					"name": "leg_front_right2",
					"parent": "leg_front_right",
					"pivot": [-2, 5, -1.5],
					"cubes": [
						{"origin": [-3, 0, -3.5], "size": [2, 5, 2], "uv": [18, 55]}
					]
				},
				{
					"name": "paw_front_right",
					"parent": "leg_front_right2",
					"pivot": [-2, 1, -2.5],
					"cubes": [
						{"origin": [-3.5, -0.5, -4.5], "size": [3, 2, 2], "uv": [40, 0]}
					]
				},
				{
					"name": "leg_back_left",
					"parent": "main_body",
					"pivot": [2, 10, 5.5],
					"cubes": [
						{"origin": [1, 6, 3.5], "size": [2, 5, 4], "inflate": 0.01, "uv": [48, 36]}
					]
				},
				{
					"name": "leg_back_left2",
					"parent": "leg_back_left",
					"pivot": [2, 6, 7.5],
					"cubes": [
						{"origin": [1, 0, 5.5], "size": [2, 6, 2], "uv": [53, 54]}
					]
				},
				{
					"name": "paw_back_left",
					"parent": "leg_back_left2",
					"pivot": [2, 1, 6.5],
					"cubes": [
						{"origin": [0.5, -0.5, 4.5], "size": [3, 2, 2], "uv": [54, 15]}
					]
				},
				{
					"name": "leg_back_right",
					"parent": "main_body",
					"pivot": [-2, 10, 5.5],
					"cubes": [
						{"origin": [-3, 6, 3.5], "size": [2, 5, 4], "inflate": 0.01, "uv": [32, 47]}
					]
				},
				{
					"name": "leg_back_right2",
					"parent": "leg_back_right",
					"pivot": [-2, 6, 7.5],
					"cubes": [
						{"origin": [-3, 0, 5.5], "size": [2, 6, 2], "uv": [0, 0]}
					]
				},
				{
					"name": "paw_back_right",
					"parent": "leg_back_right2",
					"pivot": [-2, 1, 6.5],
					"cubes": [
						{"origin": [-3.5, -0.5, 4.5], "size": [3, 2, 2], "uv": [24, 12]}
					]
				},
				{
					"name": "bell1",
					"parent": "body",
					"pivot": [-9.5, 13, -9.5],
					"cubes": [
						{"origin": [-11, 10, -11], "size": [3, 3, 3], "uv": [54, 45]},
						{"origin": [-10, 13, -10], "size": [1, 1, 1], "uv": [0, 24]}
					]
				},
				{
					"name": "bell2",
					"parent": "body",
					"pivot": [-3.5, 21, -9.5],
					"cubes": [
						{"origin": [-5, 18, -11], "size": [3, 3, 3], "uv": [41, 54]},
						{"origin": [-4, 21, -10], "size": [1, 1, 1], "uv": [0, 22]}
					]
				},
				{
					"name": "bell3",
					"parent": "body",
					"pivot": [3.5, 21, -9.5],
					"cubes": [
						{"origin": [2, 18, -11], "size": [3, 3, 3], "uv": [49, 9]},
						{"origin": [3, 21, -10], "size": [1, 1, 1], "uv": [0, 16]}
					]
				},
				{
					"name": "bell4",
					"parent": "body",
					"pivot": [9.5, 13, -9.5],
					"cubes": [
						{"origin": [8, 10, -11], "size": [3, 3, 3], "uv": [0, 49]},
						{"origin": [9, 13, -10], "size": [1, 1, 1], "uv": [0, 14]}
					]
				}
			]
		}
	]
}