{
	"format_version": "1.12.0",
	"minecraft:geometry": [
		{
			"description": {
				"identifier": "geometry.delta_quilava",
				"texture_width": 128,
				"texture_height": 64,
				"visible_bounds_width": 4,
				"visible_bounds_height": 3.5,
				"visible_bounds_offset": [0, 1.25, 0]
			},
			"bones": [
				{
					"name": "delta_quilava",
					"pivot": [0, 0, -7]
				},
				{
					"name": "body",
					"parent": "delta_quilava",
					"pivot": [0, 11, -7]
				},
				{
					"name": "torso",
					"parent": "body",
					"pivot": [-0.5, 7.75, 0.5],
					"rotation": [-90, 0, 0],
					"cubes": [
						{"origin": [-6, 3.25, -4.5], "size": [12, 9, 9], "uv": [0, 0]},
						{"origin": [-3.5, 12.25, -3.5], "size": [7, 2, 7], "uv": [13, 52]},
						{"origin": [3.51, 12.75, -2.5], "size": [0, 1, 1], "uv": [12, 56]},
						{"origin": [3.51, 12.75, -0.5], "size": [0, 1, 1], "uv": [12, 57]},
						{"origin": [3.51, 12.75, 1.5], "size": [0, 1, 1], "uv": [10, 56]},
						{"origin": [1.5, 12.75, 3.51], "size": [1, 1, 0], "uv": [10, 58]},
						{"origin": [-0.5, 12.75, 3.51], "size": [1, 1, 0], "uv": [10, 60]},
						{"origin": [-2.5, 12.75, 3.51], "size": [1, 1, 0], "uv": [10, 59]},
						{"origin": [-3.51, 12.75, 1.5], "size": [0, 1, 1], "uv": [16, 57]},
						{"origin": [-3.51, 12.75, -0.5], "size": [0, 1, 1], "uv": [14, 56]},
						{"origin": [-3.51, 12.75, -2.5], "size": [0, 1, 1], "uv": [14, 57]},
						{"origin": [-0.5, 12.75, -3.51], "size": [1, 1, 0], "uv": [18, 58]},
						{"origin": [-2.5, 12.75, -3.51], "size": [1, 1, 0], "uv": [18, 57]},
						{"origin": [1.5, 12.75, -3.51], "size": [1, 1, 0], "uv": [16, 57]}
					]
				},
				{
					"name": "tail",
					"parent": "torso",
					"pivot": [-1.25, 0.75, 1],
					"cubes": [
						{"origin": [-4.5, 14.25, -4.5], "size": [9, 7, 9], "uv": [41, 43]}
					]
				},
				{
					"name": "tail1_panel_back",
					"parent": "tail",
					"pivot": [0, 21.25, -0.5],
					"rotation": [15, 0, 0],
					"cubes": [
						{"origin": [-4.5, 21.25, -0.5], "size": [9, 0, 5], "uv": [36, 59]}
					]
				},
				{
					"name": "tail1_panel_top_left",
					"parent": "tail",
					"pivot": [0, 17.75, -4.5],
					"rotation": [0, 10, 0],
					"cubes": [
						{"origin": [0, 14.25, -4.5], "size": [5, 7, 0], "uv": [78, 43]}
					]
				},
				{
					"name": "tail1_panel_top_left2",
					"parent": "tail",
					"pivot": [0, 17.75, 4.5],
					"rotation": [0, -15, 0],
					"cubes": [
						{"origin": [0, 14.25, 4.5], "size": [5, 7, 0], "uv": [87, 50]}
					]
				},
				{
					"name": "tail1_panel_top_right",
					"parent": "tail",
					"pivot": [0, 17.75, -4.5],
					"rotation": [0, -10, 0],
					"cubes": [
						{"origin": [-5, 14.25, -4.5], "size": [5, 7, 0], "uv": [77, 50], "mirror": true}
					]
				},
				{
					"name": "tail1_panel_top_right2",
					"parent": "tail",
					"pivot": [0, 17.75, 4.5],
					"rotation": [0, 12.5, 0],
					"cubes": [
						{"origin": [-5, 14.25, 4.5], "size": [5, 7, 0], "uv": [88, 43], "mirror": true}
					]
				},
				{
					"name": "tail1_panel_left1",
					"parent": "tail",
					"pivot": [4.51, 17.75, -0.5],
					"rotation": [0, -15, 0],
					"cubes": [
						{"origin": [4.51, 14.25, -4.5], "size": [0, 7, 4], "uv": [76, 26]}
					]
				},
				{
					"name": "tail1_panel_right1",
					"parent": "tail",
					"pivot": [-4.51, 17.75, -0.5],
					"rotation": [0, 15, 0],
					"cubes": [
						{"origin": [-4.51, 14.25, -4.5], "size": [0, 7, 4], "uv": [77, 53], "mirror": true}
					]
				},
				{
					"name": "tail1_panel_left2",
					"parent": "tail",
					"pivot": [4.51, 17.75, -0.5],
					"rotation": [0, 15, 0],
					"cubes": [
						{"origin": [4.51, 14.25, -0.5], "size": [0, 7, 5], "uv": [68, 38]}
					]
				},
				{
					"name": "tail1_panel_right2",
					"parent": "tail",
					"pivot": [-4.51, 17.75, -0.5],
					"rotation": [0, -15, 0],
					"cubes": [
						{"origin": [-4.51, 14.25, -0.5], "size": [0, 7, 5], "uv": [84, 31], "mirror": true}
					]
				},
				{
					"name": "tail2",
					"parent": "tail",
					"pivot": [-1.25, 0.75, 1],
					"cubes": [
						{"origin": [-3.5, 20.25, -5.5], "size": [7, 6, 7], "uv": [55, 30]}
					]
				},
				{
					"name": "tail2_panel_top_right",
					"parent": "tail2",
					"pivot": [0, 23.25, -5.5],
					"rotation": [0, -10, 0],
					"cubes": [
						{"origin": [-4, 20.25, -5.5], "size": [4, 6, 0], "uv": [98, 42]}
					]
				},
				{
					"name": "tail2_panel_top_right2",
					"parent": "tail2",
					"pivot": [0, 23.25, 1.5],
					"rotation": [0, 10, 0],
					"cubes": [
						{"origin": [-4, 20.25, 1.5], "size": [4, 6, 0], "uv": [104, 48]}
					]
				},
				{
					"name": "tail2_panel_top_left",
					"parent": "tail2",
					"pivot": [0, 23.25, -5.5],
					"rotation": [0, 10, 0],
					"cubes": [
						{"origin": [0, 20.25, -5.5], "size": [4, 6, 0], "uv": [94, 36], "mirror": true}
					]
				},
				{
					"name": "tail2_panel_top_left2",
					"parent": "tail2",
					"pivot": [0, 23.25, 1.5],
					"rotation": [0, -10, 0],
					"cubes": [
						{"origin": [0, 20.25, 1.5], "size": [4, 6, 0], "uv": [102, 36], "mirror": true}
					]
				},
				{
					"name": "tail2_panel_back",
					"parent": "tail2",
					"pivot": [0, 26.25, -2.5],
					"rotation": [15, 0, 0],
					"cubes": [
						{"origin": [-3.5, 26.25, -2.5], "size": [7, 0, 4], "uv": [55, 59]}
					]
				},
				{
					"name": "tail2_panel_left1",
					"parent": "tail2",
					"pivot": [3.5, 23.25, -2.5],
					"rotation": [0, -15, 0],
					"cubes": [
						{"origin": [3.5, 20.25, -5.5], "size": [0, 6, 3], "uv": [85, 54]}
					]
				},
				{
					"name": "tail2_panel_right1",
					"parent": "tail2",
					"pivot": [-3.5, 23.25, -2.5],
					"rotation": [0, 15, 0],
					"cubes": [
						{"origin": [-3.5, 20.25, -5.5], "size": [0, 6, 3], "uv": [98, 45], "mirror": true}
					]
				},
				{
					"name": "tail2_panel_left2",
					"parent": "tail2",
					"pivot": [3.5, 23.25, -2.5],
					"rotation": [0, 15, 0],
					"cubes": [
						{"origin": [3.5, 20.25, -2.5], "size": [0, 6, 4], "uv": [91, 53]}
					]
				},
				{
					"name": "tail2_panel_right2",
					"parent": "tail2",
					"pivot": [-3.5, 23.25, -2.5],
					"rotation": [0, -15, 0],
					"cubes": [
						{"origin": [-3.5, 20.25, -2.5], "size": [0, 6, 4], "uv": [99, 50], "mirror": true}
					]
				},
				{
					"name": "tail3",
					"parent": "tail2",
					"pivot": [-1.25, 0.75, 1],
					"cubes": [
						{"origin": [-2, 25.25, -8.5], "size": [4, 4, 6], "uv": [69, 20]}
					]
				},
				{
					"name": "tail3_panel_top_left",
					"parent": "tail3",
					"pivot": [0, 27.25, -8.5],
					"rotation": [0, 10, 0],
					"cubes": [
						{"origin": [0, 25.25, -8.5], "size": [2, 4, 0], "uv": [107, 57]}
					]
				},
				{
					"name": "tail3_panel_top_left2",
					"parent": "tail3",
					"pivot": [0, 27.25, -2.5],
					"rotation": [0, -15, 0],
					"cubes": [
						{"origin": [0, 25.25, -2.5], "size": [2, 4, 0], "uv": [106, 44]}
					]
				},
				{
					"name": "tail3_panel_top_right",
					"parent": "tail3",
					"pivot": [0, 27.25, -8.5],
					"rotation": [0, -10, 0],
					"cubes": [
						{"origin": [-2, 25.25, -8.5], "size": [2, 4, 0], "uv": [111, 57], "mirror": true}
					]
				},
				{
					"name": "tail3_panel_top_right2",
					"parent": "tail3",
					"pivot": [0, 27.25, -2.5],
					"rotation": [0, 15, 0],
					"cubes": [
						{"origin": [-2, 25.25, -2.5], "size": [2, 4, 0], "uv": [110, 44], "mirror": true}
					]
				},
				{
					"name": "tail3_panel_back1",
					"parent": "tail3",
					"pivot": [0, 29.25, -5.5],
					"rotation": [-15, 0, 0],
					"cubes": [
						{"origin": [-2, 29.25, -8.5], "size": [4, 0, 3], "uv": [104, 54]}
					]
				},
				{
					"name": "tail3_panel_back3",
					"parent": "tail3",
					"pivot": [0, 25.25, -5.5],
					"rotation": [15, 0, 0],
					"cubes": [
						{"origin": [-2, 25.25, -8.5], "size": [4, 0, 3], "uv": [104, 61]}
					]
				},
				{
					"name": "tail3_panel_back2",
					"parent": "tail3",
					"pivot": [0, 29.25, -5.5],
					"rotation": [15, 0, 0],
					"cubes": [
						{"origin": [-2, 29.25, -5.5], "size": [4, 0, 3], "uv": [96, 60]}
					]
				},
				{
					"name": "tail3_panel_left1",
					"parent": "tail3",
					"pivot": [2, 27.25, -5.5],
					"rotation": [0, -15, 0],
					"cubes": [
						{"origin": [2, 25.25, -8.5], "size": [0, 4, 3], "uv": [110, 37]}
					]
				},
				{
					"name": "tail3_panel_right1",
					"parent": "tail3",
					"pivot": [-2, 27.25, -5.5],
					"rotation": [0, 15, 0],
					"cubes": [
						{"origin": [-2, 25.25, -8.5], "size": [0, 4, 3], "uv": [105, 29], "mirror": true}
					]
				},
				{
					"name": "tail3_panel_left2",
					"parent": "tail3",
					"pivot": [2, 27.25, -5.5],
					"rotation": [0, 15, 0],
					"cubes": [
						{"origin": [2, 25.25, -5.5], "size": [0, 4, 3], "uv": [110, 33]}
					]
				},
				{
					"name": "tail3_panel_right2",
					"parent": "tail3",
					"pivot": [-2, 27.25, -5.5],
					"rotation": [0, -15, 0],
					"cubes": [
						{"origin": [-2, 25.25, -5.5], "size": [0, 4, 3], "uv": [99, 29], "mirror": true}
					]
				},
				{
					"name": "torso2",
					"parent": "torso",
					"pivot": [-0.5, 11.75, -4.5],
					"cubes": [
						{"origin": [-5.5, 3.25, -10.5], "size": [11, 9, 6], "uv": [62, 0]}
					]
				},
				{
					"name": "torso3",
					"parent": "torso2",
					"pivot": [-0.5, 11.75, -10.5],
					"cubes": [
						{"origin": [-5, 3.75, -17.5], "size": [10, 8, 7], "uv": [0, 37]},
						{"origin": [-3.5, 4.25, -19.5], "size": [7, 7, 3], "uv": [42, 0]}
					]
				},
				{
					"name": "head",
					"parent": "torso3",
					"pivot": [-0.5, 7.75, -18],
					"cubes": [
						{"origin": [-4, 4.25, -28.5], "size": [8, 8, 11], "inflate": 0.01, "uv": [0, 18]}
					]
				},
				{
					"name": "fire_head",
					"parent": "head",
					"pivot": [0, 12.5, -27],
					"rotation": [12.5, 0, 0],
					"cubes": [
						{"origin": [0, 11.5, -29], "size": [0, 10, 5], "uv": [89, 21]}
					]
				},
				{
					"name": "fire_head2",
					"parent": "fire_head",
					"pivot": [0, 11, -25.5],
					"rotation": [-30, 0, 0],
					"cubes": [
						{"origin": [0, 11.5, -28.5], "size": [0, 14, 5], "inflate": 0.01, "uv": [96, -5]}
					]
				},
				{
					"name": "fire_head3",
					"parent": "fire_head",
					"pivot": [0, 11.5, -24],
					"rotation": [-57.5, 0, 0],
					"cubes": [
						{"origin": [0, 10.5, -27], "size": [0, 15, 5], "uv": [106, -5]}
					]
				},
				{
					"name": "fire_head4",
					"parent": "fire_head",
					"pivot": [0, 10, -21.25],
					"rotation": [-80, 0, 0],
					"cubes": [
						{"origin": [0, 9, -24.25], "size": [0, 11, 5], "inflate": 0.01, "uv": [89, 10]}
					]
				},
				{
					"name": "mouth",
					"parent": "head",
					"pivot": [-1, 4.35, -26.5],
					"cubes": [
						{"origin": [-1, 4.35, -25], "size": [2, 0, 2], "inflate": 0.02, "uv": [-2, 0]}
					]
				},
				{
					"name": "eyes",
					"parent": "head",
					"pivot": [-1.25, 1.75, -20]
				},
				{
					"name": "eye_right",
					"parent": "eyes",
					"pivot": [-4, 8, -23.25],
					"rotation": [17.5, 0, 0],
					"cubes": [
						{"origin": [-4, 6.5, -25.25], "size": [0, 3, 4], "inflate": 0.02, "uv": [0, 0]}
					]
				},
				{
					"name": "eyelid_right",
					"parent": "eye_right",
					"pivot": [-3.9, 8, -23.25],
					"cubes": [
						{"origin": [-3.9, 6.5, -25.25], "size": [1, 3, 4], "inflate": 0.03, "uv": [59, 15], "mirror": true}
					]
				},
				{
					"name": "eye_left",
					"parent": "eyes",
					"pivot": [4, 8, -23.25],
					"rotation": [17.5, 0, 0],
					"cubes": [
						{"origin": [4, 6.5, -25.25], "size": [0, 3, 4], "inflate": 0.02, "uv": [0, 20]}
					]
				},
				{
					"name": "eyelid_left",
					"parent": "eye_left",
					"pivot": [3.9, 8, -23.25],
					"cubes": [
						{"origin": [2.9, 6.5, -25.25], "size": [1, 3, 4], "inflate": 0.03, "uv": [59, 22]}
					]
				},
				{
					"name": "ear_right",
					"parent": "head",
					"pivot": [-4, 10, -20.5],
					"rotation": [-25, -15, -25],
					"cubes": [
						{"origin": [-4, 9.5, -22], "size": [0, 5, 3], "uv": [33, 1]}
					]
				},
				{
					"name": "ear_left",
					"parent": "head",
					"pivot": [4, 10, -20.5],
					"rotation": [-25, 15, 25],
					"cubes": [
						{"origin": [4, 9.5, -22], "size": [0, 5, 3], "uv": [44, 40]}
					]
				},
				{
					"name": "arm_right",
					"parent": "torso3",
					"pivot": [-5, 4.75, -13],
					"rotation": [0, 90, 0],
					"cubes": [
						{"origin": [-6.5, 1.75, -14], "size": [3, 4, 2], "inflate": 0.01, "uv": [0, 18]}
					]
				},
				{
					"name": "arm_right2",
					"parent": "arm_right",
					"pivot": [-7, 1.75, -14],
					"cubes": [
						{"origin": [-6.5, -1.25, -14], "size": [3, 3, 2], "uv": [10, 52]}
					]
				},
				{
					"name": "arm_right3",
					"parent": "arm_right2",
					"pivot": [-5, -1.25, -14],
					"cubes": [
						{"origin": [-6.5, -4.25, -14], "size": [3, 3, 2], "inflate": 0.01, "uv": [0, 52]}
					]
				},
				{
					"name": "arm_left",
					"parent": "torso3",
					"pivot": [5, 4.75, -13.5],
					"rotation": [0, -90, 0],
					"cubes": [
						{"origin": [4, 1.75, -14.5], "size": [3, 4, 2], "inflate": 0.01, "uv": [27, 22]}
					]
				},
				{
					"name": "arm_left2",
					"parent": "arm_left",
					"pivot": [7, 1.75, -14.5],
					"cubes": [
						{"origin": [4, -1.25, -14.5], "size": [3, 3, 2], "uv": [52, 10]}
					]
				},
				{
					"name": "arm_left3",
					"parent": "arm_left2",
					"pivot": [5, -1.25, -14.5],
					"cubes": [
						{"origin": [4, -4.25, -14.5], "size": [3, 3, 2], "inflate": 0.01, "uv": [34, 47]}
					]
				},
				{
					"name": "leg_right",
					"parent": "body",
					"pivot": [-4.75, 7, 0.25],
					"cubes": [
						{"origin": [-6.75, 2.5, -3.25], "size": [5, 6, 7], "uv": [35, 11]}
					]
				},
				{
					"name": "foot_right",
					"parent": "leg_right",
					"pivot": [-4.5, 2.5, 1],
					"cubes": [
						{"origin": [-6, 0.5, -1], "size": [3, 2, 4], "inflate": 0.01, "uv": [38, 24]}
					]
				},
				{
					"name": "foot_right2",
					"parent": "foot_right",
					"pivot": [-4.5, 0.5, -1],
					"cubes": [
						{"origin": [-6, 0.5, -3], "size": [3, 2, 2], "uv": [48, 24]}
					]
				},
				{
					"name": "leg_left",
					"parent": "body",
					"pivot": [4.75, 7, 0.25],
					"cubes": [
						{"origin": [1.75, 2.5, -3.25], "size": [5, 6, 7], "uv": [31, 30]}
					]
				},
				{
					"name": "foot_left",
					"parent": "leg_left",
					"pivot": [4.5, 2.5, 1],
					"cubes": [
						{"origin": [3, 0.5, -1], "size": [3, 2, 4], "inflate": 0.01, "uv": [0, 57]}
					]
				},
				{
					"name": "foot_left2",
					"parent": "foot_left",
					"pivot": [4.5, 0.5, -1],
					"cubes": [
						{"origin": [3, 0.5, -3], "size": [3, 2, 2], "uv": [34, 43]}
					]
				}
			]
		}
	]
}