{
	"format_version": "1.12.0",
	"minecraft:geometry": [
		{
			"description": {
				"identifier": "geometry.delta_roserade_male",
				"texture_width": 128,
				"texture_height": 128,
				"visible_bounds_width": 3,
				"visible_bounds_height": 3.5,
				"visible_bounds_offset": [0, 1.25, 0]
			},
			"bones": [
				{
					"name": "delta_roserade",
					"pivot": [0, 1, 0]
				},
				{
					"name": "body",
					"parent": "delta_roserade",
					"pivot": [0, 1, 0]
				},
				{
					"name": "torso",
					"parent": "body",
					"pivot": [0, 12, 0],
					"cubes": [
						{"origin": [-2, 11, -2], "size": [4, 3, 4], "uv": [58, 40]}
					]
				},
				{
					"name": "skirt_back_right",
					"parent": "torso",
					"pivot": [-1, 14, 2],
					"rotation": [32.5, 0, 0],
					"cubes": [
						{"origin": [-3, 11, 2], "size": [3, 3, 0], "uv": [14, 70]},
						{"origin": [-3, 11, 1], "size": [0, 3, 1], "uv": [49, 27]}
					]
				},
				{
					"name": "skirt_back_right2",
					"parent": "skirt_back_right",
					"pivot": [-1.5, 11, 2],
					"rotation": [-15, 0, 0],
					"cubes": [
						{"origin": [-5, 4, 2], "size": [5, 7, 0], "uv": [66, 8]},
						{"origin": [-5, 11, 0], "size": [2, 0, 2], "uv": [22, 0]},
						{"origin": [-5, 4, 0], "size": [0, 7, 2], "uv": [53, 70]}
					]
				},
				{
					"name": "skirt_back_left",
					"parent": "torso",
					"pivot": [1, 14, 2],
					"rotation": [32.5, 0, 0],
					"cubes": [
						{"origin": [0, 11, 2], "size": [3, 3, 0], "uv": [7, 67]},
						{"origin": [3, 11, 1], "size": [0, 3, 1], "uv": [40, 43]}
					]
				},
				{
					"name": "skirt_back_left2",
					"parent": "skirt_back_left",
					"pivot": [1.5, 11, 2],
					"rotation": [-15, 0, 0],
					"cubes": [
						{"origin": [0, 4, 2], "size": [5, 7, 0], "uv": [26, 65]},
						{"origin": [3, 11, 0], "size": [2, 0, 2], "uv": [0, 19]},
						{"origin": [5, 4, 0], "size": [0, 7, 2], "uv": [19, 24]}
					]
				},
				{
					"name": "skirt_top_right",
					"parent": "torso",
					"pivot": [-2, 14, 0],
					"rotation": [0, 0, -40],
					"cubes": [
						{"origin": [-5, 14, -2.5], "size": [3, 0, 5], "uv": [37, 19]},
						{"origin": [-5, 12, 2.51], "size": [3, 2, 0], "uv": [36, 60]},
						{"origin": [-2, 12, -2.5], "size": [0, 2, 3], "uv": [0, 14]},
						{"origin": [-5, 12, -2.51], "size": [3, 2, 0], "uv": [70, 41]}
					]
				},
				{
					"name": "skirt_top_right2",
					"parent": "skirt_top_right",
					"pivot": [-5, 14, 0],
					"rotation": [0, 0, -10],
					"cubes": [
						{"origin": [-12, 14, -2.5], "size": [7, 0, 5], "uv": [77, 0]},
						{"origin": [-12, 12, 2.5], "size": [7, 2, 0], "uv": [65, 20]},
						{"origin": [-12, 12, -2.5], "size": [7, 2, 0], "uv": [65, 60]}
					]
				},
				{
					"name": "skirt_top_left",
					"parent": "torso",
					"pivot": [2, 14, 0],
					"rotation": [0, 0, 40],
					"cubes": [
						{"origin": [2, 14, -2.5], "size": [3, 0, 5], "uv": [21, 32]},
						{"origin": [2, 12, 2.51], "size": [3, 2, 0], "uv": [42, 24]},
						{"origin": [2, 12, -2.5], "size": [0, 2, 3], "uv": [0, 12]},
						{"origin": [2, 12, -2.51], "size": [3, 2, 0], "uv": [24, 19]}
					]
				},
				{
					"name": "skirt_top_left2",
					"parent": "skirt_top_left",
					"pivot": [5, 14, 0],
					"rotation": [0, 0, 10],
					"cubes": [
						{"origin": [5, 14, -2.5], "size": [7, 0, 5], "uv": [77, 5]},
						{"origin": [5, 12, 2.5], "size": [7, 2, 0], "uv": [65, 18]},
						{"origin": [5, 12, -2.5], "size": [7, 2, 0], "uv": [64, 0]}
					]
				},
				{
					"name": "upper_torso",
					"parent": "torso",
					"pivot": [0, 13, 0],
					"cubes": [
						{"origin": [-1.5, 13, -1.5], "size": [3, 5, 3], "uv": [14, 62]}
					]
				},
				{
					"name": "collar_left",
					"parent": "upper_torso",
					"pivot": [1.5, 17.5, -0.5],
					"rotation": [40, 0, -10],
					"cubes": [
						{"origin": [0.5, 17.5, -0.5], "size": [6, 0, 3], "uv": [51, 13]}
					]
				},
				{
					"name": "collar_right",
					"parent": "upper_torso",
					"pivot": [-1.5, 17.5, -0.5],
					"rotation": [40, 0, 10],
					"cubes": [
						{"origin": [-6.5, 17.5, -0.5], "size": [6, 0, 3], "uv": [29, 8]}
					]
				},
				{
					"name": "neck",
					"parent": "upper_torso",
					"pivot": [0, 17, 0],
					"cubes": [
						{"origin": [-1, 17.5, -1], "size": [2, 3, 2], "uv": [74, 41]}
					]
				},
				{
					"name": "head",
					"parent": "neck",
					"pivot": [0, 19.5, 0],
					"cubes": [
						{"origin": [-4, 19.5, -4], "size": [8, 7, 8], "uv": [0, 0]},
						{"origin": [-4.5, 22.5, 1], "size": [9, 5, 6], "inflate": 0.01, "uv": [0, 15]},
						{"origin": [-4, 22, -4.02], "size": [0, 4, 2], "pivot": [-4, 22.5, -4], "rotation": [0, -15, 0], "uv": [48, 17]},
						{"origin": [-4, 21, -4.02], "size": [8, 5, 0], "uv": [60, 47]}
					]
				},
				{
					"name": "hair_back_middle",
					"parent": "head",
					"pivot": [0, 22.5, 1],
					"cubes": [
						{"origin": [-4.5, 18.5, 3], "size": [9, 4, 4], "uv": [28, 11]}
					]
				},
				{
					"name": "hair_back_middle1",
					"parent": "hair_back_middle",
					"pivot": [0, 18.5, 3],
					"cubes": [
						{"origin": [-4.5, 14.5, 3], "size": [9, 4, 4], "uv": [24, 0]}
					]
				},
				{
					"name": "hair_back_middle2",
					"parent": "hair_back_middle1",
					"pivot": [0, 14.5, 2],
					"rotation": [20, 0, 0],
					"cubes": [
						{"origin": [-3.5, 8.5, 4], "size": [7, 6, 3], "uv": [40, 44]}
					]
				},
				{
					"name": "hair_back_middle3",
					"parent": "hair_back_middle2",
					"pivot": [0, 8.5, 3],
					"rotation": [20, 0, 0],
					"cubes": [
						{"origin": [-2.5, 5.5, 5], "size": [5, 3, 2], "uv": [62, 3]}
					]
				},
				{
					"name": "hair_back_middle4",
					"parent": "hair_back_middle3",
					"pivot": [0, 5.5, 6],
					"rotation": [20, 0, 0],
					"cubes": [
						{"origin": [-1.5, 3.5, 6], "size": [3, 2, 1], "uv": [43, 68]}
					]
				},
				{
					"name": "hair_back_middle_left",
					"parent": "hair_back_middle",
					"pivot": [0.5, 22.5, 2],
					"rotation": [5, 7.5, -20],
					"cubes": [
						{"origin": [0.5, 16.5, 2], "size": [5, 7, 4], "uv": [48, 28]}
					]
				},
				{
					"name": "hair_back_middle_left2",
					"parent": "hair_back_middle_left",
					"pivot": [3, 16.5, 3],
					"rotation": [40, 0, 0],
					"cubes": [
						{"origin": [1, 11.5, 3], "size": [4, 5, 3], "uv": [40, 60]}
					]
				},
				{
					"name": "hair_back_middle_left3",
					"parent": "hair_back_middle_left2",
					"pivot": [3, 11.5, 5],
					"rotation": [30, 0, 0],
					"cubes": [
						{"origin": [2, 9.5, 5], "size": [2, 2, 1], "uv": [58, 66]}
					]
				},
				{
					"name": "hair_back_middle_right",
					"parent": "hair_back_middle",
					"pivot": [-0.5, 22.5, 2],
					"rotation": [5, -7.5, 20],
					"cubes": [
						{"origin": [-5.5, 16.5, 2], "size": [5, 7, 4], "uv": [22, 44]}
					]
				},
				{
					"name": "hair_back_middle_right2",
					"parent": "hair_back_middle_right",
					"pivot": [-3, 16.5, 3],
					"rotation": [40, 0, 0],
					"cubes": [
						{"origin": [-5, 11.5, 3], "size": [4, 5, 3], "uv": [0, 59]}
					]
				},
				{
					"name": "hair_back_middle_right3",
					"parent": "hair_back_middle_right2",
					"pivot": [-3, 11.5, 5],
					"rotation": [30, 0, 0],
					"cubes": [
						{"origin": [-4, 9.5, 5], "size": [2, 2, 1], "uv": [51, 60]}
					]
				},
				{
					"name": "hair_front_right",
					"parent": "head",
					"pivot": [-2, 26.5, -4.2],
					"rotation": [-15, 0, -20],
					"cubes": [
						{"origin": [-5, 26.5, -4.2], "size": [3, 4, 2], "uv": [16, 39]}
					]
				},
				{
					"name": "hair_front_right2",
					"parent": "hair_front_right",
					"pivot": [-4.5, 30.5, -2.2],
					"rotation": [10, 0, 10],
					"cubes": [
						{"origin": [-4.5, 30.5, -3.2], "size": [2, 2, 1], "uv": [44, 8]}
					]
				},
				{
					"name": "hair_top_middle",
					"parent": "head",
					"pivot": [0, 26.5, -4],
					"rotation": [-30, 0, 0],
					"cubes": [
						{"origin": [-3, 26.5, -4], "size": [6, 5, 4], "uv": [49, 19]}
					]
				},
				{
					"name": "hair_top_middle2",
					"parent": "hair_top_middle",
					"pivot": [0, 31.5, 0],
					"rotation": [20, 0, 0],
					"cubes": [
						{"origin": [-2, 31.5, -3], "size": [4, 3, 3], "uv": [54, 60]}
					]
				},
				{
					"name": "hair_top_middle3",
					"parent": "hair_top_middle2",
					"pivot": [0, 34.5, 0],
					"rotation": [5, 0, 0],
					"cubes": [
						{"origin": [-1, 34.5, -1], "size": [2, 3, 1], "uv": [75, 69]}
					]
				},
				{
					"name": "hair_top_left",
					"parent": "head",
					"pivot": [1, 26.5, -2],
					"rotation": [-5, 25, 0],
					"cubes": [
						{"origin": [1, 21.5, -1], "size": [5, 6, 6], "inflate": 0.01, "uv": [0, 39]}
					]
				},
				{
					"name": "hair_top_left2",
					"parent": "hair_top_left",
					"pivot": [4, 21.5, 5],
					"rotation": [20, 0, 0],
					"cubes": [
						{"origin": [2, 21.5, 5], "size": [4, 3, 4], "uv": [24, 58]}
					]
				},
				{
					"name": "hair_top_left3",
					"parent": "hair_top_left2",
					"pivot": [4, 23.5, 9],
					"rotation": [20, 0, 0],
					"cubes": [
						{"origin": [3, 23.5, 9], "size": [2, 1, 2], "uv": [75, 56]}
					]
				},
				{
					"name": "hair_top_right",
					"parent": "head",
					"pivot": [-1, 26.5, -2],
					"rotation": [-5, -25, 0],
					"cubes": [
						{"origin": [-6, 21.5, -1], "size": [5, 6, 6], "inflate": 0.01, "uv": [26, 32]}
					]
				},
				{
					"name": "hair_top_right2",
					"parent": "hair_top_right",
					"pivot": [-4, 21.5, 5],
					"rotation": [20, 0, 0],
					"cubes": [
						{"origin": [-6, 21.5, 5], "size": [4, 3, 4], "uv": [36, 53]}
					]
				},
				{
					"name": "hair_top_right3",
					"parent": "hair_top_right2",
					"pivot": [-4, 23.5, 9],
					"rotation": [20, 0, 0],
					"cubes": [
						{"origin": [-5, 23.5, 9], "size": [2, 1, 2], "uv": [74, 2]}
					]
				},
				{
					"name": "hair_top_left4",
					"parent": "head",
					"pivot": [2, 27.5, -2],
					"rotation": [12.5, 5, 0],
					"cubes": [
						{"origin": [0, 22.5, -2], "size": [6, 6, 7], "uv": [0, 26]}
					]
				},
				{
					"name": "hair_top_left5",
					"parent": "hair_top_left4",
					"pivot": [3, 22.5, 5],
					"rotation": [30, 0, 0],
					"cubes": [
						{"origin": [1, 22.5, 5], "size": [4, 3, 4], "uv": [12, 55]}
					]
				},
				{
					"name": "hair_top_left6",
					"parent": "hair_top_left5",
					"pivot": [3, 25.5, 9],
					"rotation": [20, 0, 0],
					"cubes": [
						{"origin": [2, 24.5, 8], "size": [2, 1, 3], "uv": [68, 56]}
					]
				},
				{
					"name": "hair_top_right4",
					"parent": "head",
					"pivot": [-2, 27.5, -2],
					"rotation": [12.5, -5, 0],
					"cubes": [
						{"origin": [-6, 22.5, -2], "size": [6, 6, 7], "uv": [23, 19]}
					]
				},
				{
					"name": "hair_top_right5",
					"parent": "hair_top_right4",
					"pivot": [-3, 22.5, 5],
					"rotation": [30, 0, 0],
					"cubes": [
						{"origin": [-5, 22.5, 5], "size": [4, 3, 4], "uv": [52, 53]}
					]
				},
				{
					"name": "hair_top_right6",
					"parent": "hair_top_right5",
					"pivot": [-3, 25.5, 9],
					"rotation": [20, 0, 0],
					"cubes": [
						{"origin": [-4, 24.5, 8], "size": [2, 1, 3], "uv": [12, 51]}
					]
				},
				{
					"name": "mask_point_top",
					"parent": "head",
					"pivot": [2, 26, -4.02],
					"rotation": [0, 0, 45],
					"cubes": [
						{"origin": [2, 26, -4.01], "size": [3, 7, 0], "uv": [0, 26]},
						{"origin": [2.5, 28, -4], "size": [2, 3, 0], "uv": [83, 56]}
					]
				},
				{
					"name": "mask_point_middle",
					"parent": "head",
					"pivot": [4, 21, -4.01],
					"rotation": [0, 0, -10],
					"cubes": [
						{"origin": [4, 21, -4.01], "size": [4, 3, 0], "uv": [75, 66]},
						{"origin": [4.75, 22, -4.02], "size": [1, 1, 0], "pivot": [5.25, 22.5, -4.02], "rotation": [0, 0, 45], "uv": [82, 61]}
					]
				},
				{
					"name": "mask_point_bottom",
					"parent": "head",
					"pivot": [4, 21, -4.01],
					"rotation": [0, 0, 55],
					"cubes": [
						{"origin": [2, 19, -4.01], "size": [4, 2, 0], "uv": [74, 28]}
					]
				},
				{
					"name": "face_petal",
					"parent": "head",
					"pivot": [-2.5, 26, -4.01],
					"rotation": [45, 0, 0],
					"cubes": [
						{"origin": [-4, 26, -4.01], "size": [4, 1, 0], "uv": [54, 18]}
					]
				},
				{
					"name": "face_petal2",
					"parent": "face_petal",
					"pivot": [-2, 27, -4.01],
					"rotation": [120, 0, 0],
					"cubes": [
						{"origin": [-4, 27, -4.01], "size": [4, 3, 0], "uv": [57, 75]},
						{"origin": [-2.5, 27, -4], "size": [1, 3, 0], "uv": [12, 51]}
					]
				},
				{
					"name": "face_petal3",
					"parent": "face_petal2",
					"pivot": [-2.5, 30, -4.01],
					"rotation": [20, 0, 0],
					"cubes": [
						{"origin": [-4, 30, -4.01], "size": [4, 4, 0], "uv": [0, 0]},
						{"origin": [-2.5, 30, -4], "size": [1, 2, 0], "uv": [4, 39]}
					]
				},
				{
					"name": "face_petal4",
					"parent": "face_petal3",
					"pivot": [-1, 34, -4.01],
					"rotation": [-16.93839, -4.46375, -14.33501],
					"cubes": [
						{"origin": [-4, 34, -4.01], "size": [3, 4, 0], "uv": [76, 5]}
					]
				},
				{
					"name": "eyes",
					"parent": "head",
					"pivot": [0, 23.25, -4]
				},
				{
					"name": "left_eye",
					"parent": "eyes",
					"pivot": [2, 22.75, -4],
					"cubes": [
						{"origin": [2, 22.5, -4.03], "size": [2, 2, 0], "uv": [78, 54]},
						{"origin": [1, 22, -4.03], "size": [1, 2, 0], "uv": [24, 39]}
					]
				},
				{
					"name": "right_eye",
					"parent": "eyes",
					"pivot": [-2, 22.75, -4],
					"cubes": [
						{"origin": [-2, 22, -4.03], "size": [1, 2, 0], "uv": [16, 39]},
						{"origin": [-4, 22.5, -4.03], "size": [2, 2, 0], "uv": [46, 0]}
					]
				},
				{
					"name": "right_eyelid",
					"parent": "eyes",
					"pivot": [-1.8, 22.75, -3.9],
					"cubes": [
						{"origin": [-3.82, 21, -3.92], "size": [3, 2, 0], "inflate": 0.03, "uv": [78, 0]},
						{"origin": [-3.82, 22, -3.92], "size": [0, 2, 1], "inflate": 0.01, "pivot": [-3.8, 22.75, -3.9], "rotation": [0, -7.5, 0], "uv": [0, 38]}
					]
				},
				{
					"name": "left_eyelid",
					"parent": "eyes",
					"pivot": [1.8, 22.75, -3.9],
					"cubes": [
						{"origin": [0.82, 21, -3.92], "size": [3, 2, 0], "inflate": 0.03, "uv": [77, 76]},
						{"origin": [3.82, 22, -3.92], "size": [0, 2, 1], "inflate": 0.01, "pivot": [3.8, 22.75, -3.9], "rotation": [0, 7.5, 0], "uv": [0, 18]}
					]
				},
				{
					"name": "standing_collar",
					"parent": "head",
					"pivot": [0, 19.5, 0]
				},
				{
					"name": "mouth",
					"parent": "head",
					"pivot": [0, 20, -4],
					"cubes": [
						{"origin": [-0.5, 19.5, -4.01], "size": [1, 1, 0], "uv": [19, 52]},
						{"origin": [-1.5, 19.75, -4.01], "size": [1, 1, 0], "uv": [19, 51]},
						{"origin": [0.5, 19.75, -4.01], "size": [1, 1, 0], "uv": [49, 31]}
					]
				},
				{
					"name": "mouth_open_happy",
					"parent": "head",
					"pivot": [0, 20.1, -3.9],
					"cubes": [
						{"origin": [-1.5, 20.1, -3.91], "size": [3, 1, 0], "uv": [26, 37]},
						{"origin": [-1, 19.6, -3.91], "size": [2, 1, 0], "inflate": 0.01, "uv": [42, 37]}
					]
				},
				{
					"name": "mouth_open_o",
					"parent": "head",
					"pivot": [0, 20, -3.9],
					"cubes": [
						{"origin": [-0.5, 19.75, -3.91], "size": [1, 1, 0], "uv": [46, 37]}
					]
				},
				{
					"name": "left_upper_arm",
					"parent": "upper_torso",
					"pivot": [1.5, 17.5, 0],
					"cubes": [
						{"origin": [1.5, 16.5, -0.5], "size": [5, 1, 1], "uv": [70, 39]}
					]
				},
				{
					"name": "left_lower_arm",
					"parent": "left_upper_arm",
					"pivot": [6, 17, 0.5],
					"cubes": [
						{"origin": [6, 16, -1], "size": [1, 2, 2], "uv": [76, 9]},
						{"origin": [7, 15, -2], "size": [4, 4, 4], "uv": [0, 51]},
						{"origin": [11, 16, -1], "size": [5, 2, 2], "uv": [64, 52]},
						{"origin": [16, 16.5, -0.5], "size": [7, 1, 1], "uv": [24, 55]}
					]
				},
				{
					"name": "arm_petal_top_left",
					"parent": "left_lower_arm",
					"pivot": [13, 18, 0],
					"rotation": [0, 0, -10],
					"cubes": [
						{"origin": [11, 18, -1.5], "size": [2, 3, 3], "uv": [27, 72]}
					]
				},
				{
					"name": "arm_petal_top_small_left",
					"parent": "arm_petal_top_left",
					"pivot": [13, 18, 0],
					"rotation": [0, 0, 20],
					"cubes": [
						{"origin": [13, 18, -1], "size": [0, 2, 2], "uv": [76, 50]}
					]
				},
				{
					"name": "arm_petal_top_small_left2",
					"parent": "arm_petal_top_small_left",
					"pivot": [13, 20, 0],
					"rotation": [0, 0, -25],
					"cubes": [
						{"origin": [13, 20, -0.5], "size": [0, 1, 1], "uv": [46, 32]}
					]
				},
				{
					"name": "arm_petal_top_left2",
					"parent": "arm_petal_top_left",
					"pivot": [13, 21, 0],
					"rotation": [0, 0, -25],
					"cubes": [
						{"origin": [12, 21, -1], "size": [1, 1, 2], "uv": [76, 49]}
					]
				},
				{
					"name": "arm_petal_top_left3",
					"parent": "arm_petal_top_left2",
					"pivot": [13, 22, 0],
					"rotation": [0, 0, -20],
					"cubes": [
						{"origin": [13, 22, -1], "size": [0, 2, 2], "uv": [14, 77]}
					]
				},
				{
					"name": "arm_petal_back_left",
					"parent": "left_lower_arm",
					"pivot": [13, 16, 1],
					"rotation": [25, -5, -5],
					"cubes": [
						{"origin": [11, 15.5, 1], "size": [2, 3, 3], "uv": [7, 70]}
					]
				},
				{
					"name": "arm_petal_back_small_left",
					"parent": "arm_petal_back_left",
					"pivot": [13, 17, 1],
					"rotation": [0, 20, 0],
					"cubes": [
						{"origin": [13, 16, 1], "size": [0, 2, 2], "uv": [26, 76]}
					]
				},
				{
					"name": "arm_petal_back_small_left2",
					"parent": "arm_petal_back_small_left",
					"pivot": [13, 17, 3],
					"rotation": [0, -25, 0],
					"cubes": [
						{"origin": [13, 16.5, 3], "size": [0, 1, 1], "uv": [24, 46]}
					]
				},
				{
					"name": "arm_petal_back_left2",
					"parent": "arm_petal_back_left",
					"pivot": [13, 17, 4],
					"rotation": [0, -25, 0],
					"cubes": [
						{"origin": [12, 16, 4], "size": [1, 2, 1], "uv": [76, 78]}
					]
				},
				{
					"name": "arm_petal_back_left3",
					"parent": "arm_petal_back_left2",
					"pivot": [13, 17, 5],
					"rotation": [0, -20, 0],
					"cubes": [
						{"origin": [13, 16, 5], "size": [0, 2, 2], "uv": [0, 77]}
					]
				},
				{
					"name": "arm_petal_front_left",
					"parent": "left_lower_arm",
					"pivot": [13, 16, -1],
					"rotation": [-25, 5, -5],
					"cubes": [
						{"origin": [11, 15.5, -4], "size": [2, 3, 3], "uv": [68, 70]}
					]
				},
				{
					"name": "arm_petal_front_small_left",
					"parent": "arm_petal_front_left",
					"pivot": [13, 17, -1],
					"rotation": [0, -20, 0],
					"cubes": [
						{"origin": [13, 16, -3], "size": [0, 2, 2], "uv": [30, 76]}
					]
				},
				{
					"name": "arm_petal_front_small_left2",
					"parent": "arm_petal_front_small_left",
					"pivot": [13, 17, -3],
					"rotation": [0, 25, 0],
					"cubes": [
						{"origin": [13, 16.5, -4], "size": [0, 1, 1], "uv": [46, 31]}
					]
				},
				{
					"name": "arm_petal_front_left2",
					"parent": "arm_petal_front_left",
					"pivot": [13, 17, -4],
					"rotation": [0, 25, 0],
					"cubes": [
						{"origin": [12, 16, -5], "size": [1, 2, 1], "uv": [78, 73]}
					]
				},
				{
					"name": "arm_petal_front_left3",
					"parent": "arm_petal_front_left2",
					"pivot": [13, 17, -5],
					"rotation": [0, 20, 0],
					"cubes": [
						{"origin": [13, 16, -7], "size": [0, 2, 2], "uv": [4, 77]}
					]
				},
				{
					"name": "arm_petal_bottom_back_left",
					"parent": "left_lower_arm",
					"pivot": [13, 16, 0],
					"rotation": [7.5, -5, 7.5],
					"cubes": [
						{"origin": [11, 13, 0], "size": [2, 3, 3], "uv": [43, 71]}
					]
				},
				{
					"name": "arm_petal_bottom_back_small_left",
					"parent": "arm_petal_bottom_back_left",
					"pivot": [13, 16, 1.5],
					"rotation": [0, 0, -20],
					"cubes": [
						{"origin": [13, 14, 0.5], "size": [0, 2, 2], "uv": [76, 11]}
					]
				},
				{
					"name": "arm_petal_bottom_back_small_left2",
					"parent": "arm_petal_bottom_back_small_left",
					"pivot": [13, 14, 1.5],
					"rotation": [0, 0, 25],
					"cubes": [
						{"origin": [13, 13, 1], "size": [0, 1, 1], "uv": [22, 46]}
					]
				},
				{
					"name": "arm_petal_bottom_back_left2",
					"parent": "arm_petal_bottom_back_left",
					"pivot": [13, 13, 1.5],
					"rotation": [0, 0, 25],
					"cubes": [
						{"origin": [12, 12, 0.5], "size": [1, 1, 2], "uv": [76, 35]}
					]
				},
				{
					"name": "arm_petal_bottom_back_left3",
					"parent": "arm_petal_bottom_back_left2",
					"pivot": [13, 12, 1.5],
					"rotation": [0, 0, 20],
					"cubes": [
						{"origin": [13, 10, 0.5], "size": [0, 2, 2], "uv": [57, 76]}
					]
				},
				{
					"name": "arm_petal_bottom_front_left",
					"parent": "left_lower_arm",
					"pivot": [13, 16, 0],
					"rotation": [-7.5, 5, 7.5],
					"cubes": [
						{"origin": [11, 13, -3], "size": [2, 3, 3], "uv": [17, 70]}
					]
				},
				{
					"name": "arm_petal_bottom_front_small_left",
					"parent": "arm_petal_bottom_front_left",
					"pivot": [13, 16, -1.5],
					"rotation": [0, 0, -20],
					"cubes": [
						{"origin": [13, 14, -2.5], "size": [0, 2, 2], "uv": [49, 75]}
					]
				},
				{
					"name": "arm_petal_bottom_front_small_left2",
					"parent": "arm_petal_bottom_front_small_left",
					"pivot": [13, 14, -1.5],
					"rotation": [0, 0, 25],
					"cubes": [
						{"origin": [13, 13, -2], "size": [0, 1, 1], "uv": [4, 43]}
					]
				},
				{
					"name": "arm_petal_bottom_front_left2",
					"parent": "arm_petal_bottom_front_left",
					"pivot": [13, 13, -1.5],
					"rotation": [0, 0, 25],
					"cubes": [
						{"origin": [12, 12, -2.5], "size": [1, 1, 2], "uv": [76, 46]}
					]
				},
				{
					"name": "arm_petal_bottom_front_left3",
					"parent": "arm_petal_bottom_front_left2",
					"pivot": [13, 12, -1.5],
					"rotation": [0, 0, 20],
					"cubes": [
						{"origin": [13, 10, -2.5], "size": [0, 2, 2], "uv": [61, 76]}
					]
				},
				{
					"name": "left_flower",
					"parent": "left_lower_arm",
					"pivot": [12.5, 17, 0]
				},
				{
					"name": "left_top_wrist_frill",
					"parent": "left_lower_arm",
					"pivot": [10, 18.5, 0],
					"rotation": [0, 0, 15],
					"cubes": [
						{"origin": [10, 18.5, -2], "size": [0, 2, 4], "uv": [48, 51]}
					]
				},
				{
					"name": "left_bottom_wrist_frill",
					"parent": "left_lower_arm",
					"pivot": [10, 15.5, 0],
					"rotation": [0, 0, -15],
					"cubes": [
						{"origin": [10, 13.5, -2], "size": [0, 2, 4], "uv": [48, 49]}
					]
				},
				{
					"name": "left_front_wrist_frill",
					"parent": "left_lower_arm",
					"pivot": [10, 16.5, -1.5],
					"rotation": [0, -15, 0],
					"cubes": [
						{"origin": [10, 15, -3.5], "size": [0, 4, 2], "uv": [50, 3]}
					]
				},
				{
					"name": "left_back_wrist_frill",
					"parent": "left_lower_arm",
					"pivot": [10, 17, 1.5],
					"rotation": [0, 15, 0],
					"cubes": [
						{"origin": [10, 15, 1.5], "size": [0, 4, 2], "uv": [0, 49]}
					]
				},
				{
					"name": "right_upper_arm",
					"parent": "upper_torso",
					"pivot": [-1.5, 17.5, 0],
					"cubes": [
						{"origin": [-6.5, 16.5, -0.5], "size": [5, 1, 1], "uv": [69, 15]}
					]
				},
				{
					"name": "right_lower_arm",
					"parent": "right_upper_arm",
					"pivot": [-6, 17, 0.5],
					"cubes": [
						{"origin": [-7, 16, -1], "size": [1, 2, 2], "uv": [8, 76]},
						{"origin": [-11, 15, -2], "size": [4, 4, 4], "uv": [50, 5]},
						{"origin": [-16, 16, -1], "size": [5, 2, 2], "uv": [62, 28]},
						{"origin": [-23, 16.5, -0.5], "size": [7, 1, 1], "uv": [54, 16]}
					]
				},
				{
					"name": "arm_petal_top_right",
					"parent": "right_lower_arm",
					"pivot": [-13, 18, 0],
					"rotation": [0, 0, 10],
					"cubes": [
						{"origin": [-13, 18, -1.5], "size": [2, 3, 3], "uv": [58, 69]}
					]
				},
				{
					"name": "arm_petal_top_small_right",
					"parent": "arm_petal_top_right",
					"pivot": [-13, 18, 0],
					"rotation": [0, 0, -20],
					"cubes": [
						{"origin": [-13, 18, -1], "size": [0, 2, 2], "uv": [45, 75]}
					]
				},
				{
					"name": "arm_petal_top_small_right2",
					"parent": "arm_petal_top_small_right",
					"pivot": [-13, 20, 0],
					"rotation": [0, 0, 25],
					"cubes": [
						{"origin": [-13, 20, -0.5], "size": [0, 1, 1], "uv": [2, 43]}
					]
				},
				{
					"name": "arm_petal_top_right2",
					"parent": "arm_petal_top_right",
					"pivot": [-13, 21, 0],
					"rotation": [0, 0, 25],
					"cubes": [
						{"origin": [-13, 21, -1], "size": [1, 1, 2], "uv": [76, 22]}
					]
				},
				{
					"name": "arm_petal_top_right3",
					"parent": "arm_petal_top_right2",
					"pivot": [-13, 22, 0],
					"rotation": [0, 0, 20],
					"cubes": [
						{"origin": [-13, 22, -1], "size": [0, 2, 2], "uv": [18, 74]}
					]
				},
				{
					"name": "arm_petal_back_right",
					"parent": "right_lower_arm",
					"pivot": [-13, 16, 1],
					"rotation": [25, 5, 5],
					"cubes": [
						{"origin": [-13, 15.5, 1], "size": [2, 3, 3], "uv": [69, 22]}
					]
				},
				{
					"name": "arm_petal_back_small_right",
					"parent": "arm_petal_back_right",
					"pivot": [-13, 17, 1],
					"rotation": [0, -20, 0],
					"cubes": [
						{"origin": [-13, 16, 1], "size": [0, 2, 2], "uv": [12, 74]}
					]
				},
				{
					"name": "arm_petal_back_small_right2",
					"parent": "arm_petal_back_small_right",
					"pivot": [-13, 17, 3],
					"rotation": [0, 25, 0],
					"cubes": [
						{"origin": [-13, 16.5, 3], "size": [0, 1, 1], "uv": [0, 43]}
					]
				},
				{
					"name": "arm_petal_back_right2",
					"parent": "arm_petal_back_right",
					"pivot": [-13, 17, 4],
					"rotation": [0, 25, 0],
					"cubes": [
						{"origin": [-13, 16, 4], "size": [1, 2, 1], "uv": [78, 61]}
					]
				},
				{
					"name": "arm_petal_back_right3",
					"parent": "arm_petal_back_right2",
					"pivot": [-13, 17, 5],
					"rotation": [0, 20, 0],
					"cubes": [
						{"origin": [-13, 16, 5], "size": [0, 2, 2], "uv": [65, 68]}
					]
				},
				{
					"name": "arm_petal_front_right",
					"parent": "right_lower_arm",
					"pivot": [-13, 16, -1],
					"rotation": [-25, -5, 5],
					"cubes": [
						{"origin": [-13, 15.5, -4], "size": [2, 3, 3], "uv": [36, 68]}
					]
				},
				{
					"name": "arm_petal_front_small_right",
					"parent": "arm_petal_front_right",
					"pivot": [-13, 17, -1],
					"rotation": [0, 20, 0],
					"cubes": [
						{"origin": [-13, 16, -3], "size": [0, 2, 2], "uv": [36, 63]}
					]
				},
				{
					"name": "arm_petal_front_small_right2",
					"parent": "arm_petal_front_small_right",
					"pivot": [-13, 17, -3],
					"rotation": [0, -25, 0],
					"cubes": [
						{"origin": [-13, 16.5, -4], "size": [0, 1, 1], "uv": [42, 32]}
					]
				},
				{
					"name": "arm_petal_front_right2",
					"parent": "arm_petal_front_right",
					"pivot": [-13, 17, -4],
					"rotation": [0, -25, 0],
					"cubes": [
						{"origin": [-13, 16, -5], "size": [1, 2, 1], "uv": [34, 78]}
					]
				},
				{
					"name": "arm_petal_front_right3",
					"parent": "arm_petal_front_right2",
					"pivot": [-13, 17, -5],
					"rotation": [0, -20, 0],
					"cubes": [
						{"origin": [-13, 16, -7], "size": [0, 2, 2], "uv": [24, 55]}
					]
				},
				{
					"name": "arm_petal_bottom_back_right",
					"parent": "right_lower_arm",
					"pivot": [-13, 16, 0],
					"rotation": [7.5, 5, -7.5],
					"cubes": [
						{"origin": [-13, 13, 0], "size": [2, 3, 3], "uv": [0, 67]}
					]
				},
				{
					"name": "arm_petal_bottom_back_small_right",
					"parent": "arm_petal_bottom_back_right",
					"pivot": [-13, 16, 1.5],
					"rotation": [0, 0, 20],
					"cubes": [
						{"origin": [-13, 14, 0.5], "size": [0, 2, 2], "uv": [50, 11]}
					]
				},
				{
					"name": "arm_petal_bottom_back_small_right2",
					"parent": "arm_petal_bottom_back_small_right",
					"pivot": [-13, 14, 1.5],
					"rotation": [0, 0, -25],
					"cubes": [
						{"origin": [-13, 13, 1], "size": [0, 1, 1], "uv": [42, 31]}
					]
				},
				{
					"name": "arm_petal_bottom_back_right2",
					"parent": "arm_petal_bottom_back_right",
					"pivot": [-13, 13, 1.5],
					"rotation": [0, 0, -25],
					"cubes": [
						{"origin": [-13, 12, 0.5], "size": [1, 1, 2], "uv": [20, 76]}
					]
				},
				{
					"name": "arm_petal_bottom_back_right3",
					"parent": "arm_petal_bottom_back_right2",
					"pivot": [-13, 12, 1.5],
					"rotation": [0, 0, -20],
					"cubes": [
						{"origin": [-13, 10, 0.5], "size": [0, 2, 2], "uv": [46, 0]}
					]
				},
				{
					"name": "arm_petal_bottom_front_right",
					"parent": "right_lower_arm",
					"pivot": [-13, 16, 0],
					"rotation": [-7.5, -5, -7.5],
					"cubes": [
						{"origin": [-13, 13, -3], "size": [2, 3, 3], "uv": [51, 66]}
					]
				},
				{
					"name": "arm_petal_bottom_front_small_right",
					"parent": "arm_petal_bottom_front_right",
					"pivot": [-13, 16, -1.5],
					"rotation": [0, 0, 20],
					"cubes": [
						{"origin": [-13, 14, -2.5], "size": [0, 2, 2], "uv": [22, 43]}
					]
				},
				{
					"name": "arm_petal_bottom_front_small_right2",
					"parent": "arm_petal_bottom_front_small_right",
					"pivot": [-13, 14, -1.5],
					"rotation": [0, 0, -25],
					"cubes": [
						{"origin": [-13, 13, -2], "size": [0, 1, 1], "uv": [23, 31]}
					]
				},
				{
					"name": "arm_petal_bottom_front_right2",
					"parent": "arm_petal_bottom_front_right",
					"pivot": [-13, 13, -1.5],
					"rotation": [0, 0, -25],
					"cubes": [
						{"origin": [-13, 12, -2.5], "size": [1, 1, 2], "uv": [14, 76]}
					]
				},
				{
					"name": "arm_petal_bottom_front_right3",
					"parent": "arm_petal_bottom_front_right2",
					"pivot": [-13, 12, -1.5],
					"rotation": [0, 0, -20],
					"cubes": [
						{"origin": [-13, 10, -2.5], "size": [0, 2, 2], "uv": [24, 0]}
					]
				},
				{
					"name": "right_flower",
					"parent": "right_lower_arm",
					"pivot": [-12.5, 17, 0]
				},
				{
					"name": "right_top_wrist_frill",
					"parent": "right_lower_arm",
					"pivot": [-10, 18.5, 0],
					"rotation": [0, 0, -15],
					"cubes": [
						{"origin": [-10, 18.5, -2], "size": [0, 2, 4], "uv": [0, 2]}
					]
				},
				{
					"name": "right_bottom_wrist_frill",
					"parent": "right_lower_arm",
					"pivot": [-10, 15.5, 0],
					"rotation": [0, 0, 15],
					"cubes": [
						{"origin": [-10, 13.5, -2], "size": [0, 2, 4], "uv": [0, 0]}
					]
				},
				{
					"name": "right_front_wrist_frill",
					"parent": "right_lower_arm",
					"pivot": [-10, 16.5, -1.5],
					"rotation": [0, 15, 0],
					"cubes": [
						{"origin": [-10, 15, -3.5], "size": [0, 4, 2], "uv": [36, 42]}
					]
				},
				{
					"name": "right_back_wrist_frill",
					"parent": "right_lower_arm",
					"pivot": [-10, 17, 1.5],
					"rotation": [0, -15, 0],
					"cubes": [
						{"origin": [-10, 15, 1.5], "size": [0, 4, 2], "uv": [24, 13]}
					]
				},
				{
					"name": "left_upper_leg",
					"parent": "body",
					"pivot": [2, 12, 0],
					"cubes": [
						{"origin": [1, 8, -1.5], "size": [2, 4, 3], "uv": [66, 32]},
						{"origin": [1, 6, -1], "size": [2, 2, 2], "uv": [37, 75]}
					]
				},
				{
					"name": "left_lower_leg",
					"parent": "left_upper_leg",
					"pivot": [2, 6, -1],
					"cubes": [
						{"origin": [1, 3, -1], "size": [2, 3, 2], "inflate": 0.01, "uv": [74, 30]},
						{"origin": [1.5, 0, -1], "size": [1, 3, 2], "uv": [42, 32]}
					]
				},
				{
					"name": "boot_flap_left",
					"parent": "left_lower_leg",
					"pivot": [2, 6, -1],
					"rotation": [17.5, 0, 0],
					"cubes": [
						{"origin": [0.5, 6, -1.01], "size": [3, 3, 0], "uv": [71, 76]}
					]
				},
				{
					"name": "right_upper_leg",
					"parent": "body",
					"pivot": [-2, 12, 0],
					"cubes": [
						{"origin": [-3, 8, -1.5], "size": [2, 4, 3], "uv": [65, 63]},
						{"origin": [-3, 6, -1], "size": [2, 2, 2], "uv": [72, 62]}
					]
				},
				{
					"name": "right_lower_leg",
					"parent": "right_upper_leg",
					"pivot": [-2, 6, -1],
					"cubes": [
						{"origin": [-3, 3, -1], "size": [2, 3, 2], "inflate": 0.01, "uv": [0, 74]},
						{"origin": [-2.5, 0, -1], "size": [1, 3, 2], "uv": [0, 39]}
					]
				},
				{
					"name": "boot_flap_right",
					"parent": "right_lower_leg",
					"pivot": [-2, 6, -1],
					"rotation": [17.5, 0, 0],
					"cubes": [
						{"origin": [-3.5, 6, -1.01], "size": [3, 3, 0], "uv": [65, 76]}
					]
				}
			]
		}
	]
}