{
	"format_version": "1.12.0",
	"minecraft:geometry": [
		{
			"description": {
				"identifier": "geometry.delta_sandygast",
				"texture_width": 128,
				"texture_height": 128,
				"visible_bounds_width": 4,
				"visible_bounds_height": 2.5,
				"visible_bounds_offset": [0, 0.75, 0]
			},
			"bones": [
				{
					"name": "delta_sandygast",
					"pivot": [0, 0, 0]
				},
				{
					"name": "body",
					"parent": "delta_sandygast",
					"pivot": [0, 1, 0],
					"cubes": [
						{"origin": [-13.5, 0, -7], "size": [27, 1, 14], "inflate": 0.01, "uv": [0, 0]},
						{"origin": [-10.5, 0, -4], "size": [3, 3, 9], "uv": [50, 36]},
						{"origin": [7.5, 0, -4], "size": [3, 3, 9], "uv": [53, 48]}
					]
				},
				{
					"name": "head",
					"parent": "body",
					"pivot": [0, 1, 0],
					"cubes": [
						{"origin": [3.5, 0, -6], "size": [4, 7, 12], "uv": [49, 17]},
						{"origin": [-7.5, 0, -6], "size": [4, 7, 12], "uv": [30, 38]},
						{"origin": [-3.5, 0, -6], "size": [7, 7, 0], "uv": [0, 65]},
						{"origin": [-3.5, 0, 6], "size": [7, 7, 0], "uv": [21, 62]},
						{"origin": [-7.5, 7, -6], "size": [15, 2, 12], "uv": [0, 15]}
					]
				},
				{
					"name": "head2",
					"parent": "head",
					"pivot": [0, 9, 0],
					"cubes": [
						{"origin": [-5.5, 8, -5], "size": [11, 5, 10], "uv": [30, 86]}
					]
				},
				{
					"name": "eye_right",
					"parent": "head2",
					"pivot": [-1.5, 12, -5.01],
					"rotation": [0, 0, 10],
					"cubes": [
						{"origin": [-2, 10.5, -5.01], "size": [1, 2, 0], "uv": [0, 15]}
					]
				},
				{
					"name": "eye_left",
					"parent": "head2",
					"pivot": [1.5, 12, -5.01],
					"rotation": [0, 0, -10],
					"cubes": [
						{"origin": [1, 10.5, -5.01], "size": [1, 2, 0], "uv": [2, 15], "mirror": true}
					]
				},
				{
					"name": "head3",
					"parent": "head2",
					"pivot": [0, 13, 0],
					"cubes": [
						{"origin": [-4, 12, -3.5], "size": [8, 3, 7], "uv": [0, 50]}
					]
				},
				{
					"name": "candy_cane",
					"parent": "head3",
					"pivot": [4, 13, 0],
					"rotation": [-10, -15, 15],
					"cubes": [
						{"origin": [-1, 12, 0], "size": [6, 11, 0], "uv": [0, 0]}
					]
				},
				{
					"name": "arm_right",
					"parent": "body",
					"pivot": [-7.5, 1, 0.5],
					"rotation": [0, 0, 0],
					"cubes": [
						{"origin": [-11.5, 0, -1.5], "size": [4, 6, 4], "uv": [42, 60]}
					]
				},
				{
					"name": "arm_left",
					"parent": "body",
					"pivot": [7.5, 1, 0.5],
					"cubes": [
						{"origin": [7.5, 0, -1.5], "size": [4, 6, 4], "uv": [58, 60]}
					]
				},
				{
					"name": "foot_front_right",
					"parent": "body",
					"pivot": [-6.5, 0, -7],
					"cubes": [
						{"origin": [-10.5, 0, -12], "size": [8, 0, 5], "uv": [25, 57]}
					]
				},
				{
					"name": "foot_front_left",
					"parent": "body",
					"pivot": [6.5, 0, -7],
					"cubes": [
						{"origin": [2.5, 0, -12], "size": [8, 0, 5], "uv": [0, 60]}
					]
				},
				{
					"name": "foot_right",
					"parent": "body",
					"pivot": [-13.5, 0, 0],
					"cubes": [
						{"origin": [-17.5, 0, -5], "size": [4, 0, 11], "uv": [31, 15]}
					]
				},
				{
					"name": "foot_left",
					"parent": "body",
					"pivot": [13.5, 0, 0],
					"cubes": [
						{"origin": [13.5, 0, -5], "size": [4, 0, 11], "uv": [39, 15]}
					]
				},
				{
					"name": "foot_back",
					"parent": "body",
					"pivot": [0, 0, 7],
					"cubes": [
						{"origin": [-10.5, 0, 7], "size": [21, 0, 7], "uv": [0, 29]}
					]
				}
			]
		}
	]
}