{
	"format_version": "1.12.0",
	"minecraft:geometry": [
		{
			"description": {
				"identifier": "geometry.shellos_delta",
				"texture_width": 128,
				"texture_height": 128,
				"visible_bounds_width": 5,
				"visible_bounds_height": 3.5,
				"visible_bounds_offset": [0, 1.25, 0]
			},
			"bones": [
				{
					"name": "shellos_delta",
					"pivot": [0, 0, 0]
				},
				{
					"name": "body",
					"parent": "shellos_delta",
					"pivot": [0, 2.25, 9],
					"cubes": [
						{"origin": [-5, 0, -6], "size": [10, 0, 12], "inflate": 0.01, "uv": [-12, 16]}
					]
				},
				{
					"name": "torso",
					"parent": "body",
					"pivot": [0, 1, -2],
					"cubes": [
						{"origin": [-4, -0.94856, -4.94674], "size": [8, 5, 10], "inflate": 0.01, "uv": [0, 0]}
					]
				},
				{
					"name": "neck",
					"parent": "torso",
					"pivot": [0, 2, -2],
					"cubes": [
						{"origin": [-3, 2.07741, -5.86925], "size": [6, 3, 4], "inflate": 0.01, "uv": [0, 29]}
					]
				},
				{
					"name": "neck2",
					"parent": "neck",
					"pivot": [0, 2.07741, -4.36925],
					"cubes": [
						{"origin": [-1.5, 4.07741, -5.87925], "size": [3, 4, 3], "inflate": 0.01, "uv": [18, 34]}
					]
				},
				{
					"name": "head",
					"parent": "neck2",
					"pivot": [0, 7.07741, -4.86925],
					"cubes": [
						{"origin": [-3, 7.07741, -6.86925], "size": [6, 5, 5], "inflate": 0.01, "uv": [0, 37]},
						{"origin": [3.01, 5.57741, -6.86925], "size": [0, 2, 1], "inflate": 0.01, "uv": [28, 33]},
						{"origin": [-3.01, 5.57741, -6.86925], "size": [0, 2, 1], "inflate": 0.01, "uv": [28, 33], "mirror": true}
					]
				},
				{
					"name": "mouth",
					"parent": "head",
					"pivot": [0, 0.07741, 3.63075],
					"cubes": [
						{"origin": [-2, 7.57741, -7.11925], "size": [4, 1, 1], "inflate": 0.01, "uv": [27, 7]},
						{"origin": [-1, 7.82741, -7.12925], "size": [2, 0.25, 0], "inflate": 0.01, "uv": [27, 5]},
						{"origin": [1, 8.07741, -7.12925], "size": [1, 0.25, 0], "inflate": 0.01, "uv": [27, 5]},
						{"origin": [-2, 8.07741, -7.12925], "size": [1, 0.25, 0], "inflate": 0.01, "uv": [27, 5]}
					]
				},
				{
					"name": "eye_left",
					"parent": "head",
					"pivot": [0, 0.07741, 3.63075],
					"cubes": [
						{"origin": [-2, 9.82741, -6.89925], "size": [1, 1, 0], "inflate": 0.01, "uv": [6, 1]},
						{"origin": [-2.25, 9.07741, -6.88925], "size": [1.5, 2, 0], "inflate": 0.01, "uv": [0, 2]},
						{"origin": [-2.5, 8.82741, -6.87925], "size": [1.5, 2.5, 0], "inflate": 0.01, "uv": [3, 0]}
					]
				},
				{
					"name": "eye_right",
					"parent": "head",
					"pivot": [0, 0.07741, 3.63075],
					"cubes": [
						{"origin": [1, 9.82741, -6.89925], "size": [1, 1, 0], "inflate": 0.01, "uv": [6, 0]},
						{"origin": [0.75, 9.07741, -6.88925], "size": [1.5, 2, 0], "inflate": 0.01, "uv": [0, 0]},
						{"origin": [1, 8.82741, -6.87925], "size": [1.5, 2.5, 0], "inflate": 0.01, "uv": [3, 2]}
					]
				},
				{
					"name": "horn",
					"parent": "head",
					"pivot": [0, 0.07741, 3.63075]
				},
				{
					"name": "horn_left",
					"parent": "horn",
					"pivot": [0, 0.07741, 3.63075]
				},
				{
					"name": "horn1",
					"parent": "horn_left",
					"pivot": [-1.6, 11.82741, -4.36925],
					"cubes": [
						{"origin": [-2.75, 11.32741, -5.46925], "size": [2, 2, 2], "inflate": 0.01, "uv": [21, 16]}
					]
				},
				{
					"name": "horn2",
					"parent": "horn1",
					"pivot": [-1.6, 12.82741, -4.36925],
					"cubes": [
						{"origin": [-2.5, 12.82741, -5.21925], "size": [1.5, 2, 1.5], "inflate": 0.01, "uv": [30, 16]}
					]
				},
				{
					"name": "horn3",
					"parent": "horn2",
					"pivot": [-1.6, 14.32741, -4.36925],
					"cubes": [
						{"origin": [-2.25, 13.82741, -4.96925], "size": [1, 2, 1], "inflate": 0.01, "uv": [35, 20]}
					]
				},
				{
					"name": "horn_right",
					"parent": "horn",
					"pivot": [0, -0.17259, 0.63075]
				},
				{
					"name": "horn4",
					"parent": "horn_right",
					"pivot": [1.5, 11.82741, -4.36925],
					"cubes": [
						{"origin": [0.75, 11.32741, -5.46925], "size": [2, 2, 2], "inflate": 0.01, "uv": [21, 26]}
					]
				},
				{
					"name": "horn5",
					"parent": "horn4",
					"pivot": [1.5, 12.82741, -4.36925],
					"cubes": [
						{"origin": [1, 12.82741, -5.21925], "size": [1.5, 2, 1.5], "inflate": 0.01, "uv": [30, 20]}
					]
				},
				{
					"name": "horn6",
					"parent": "horn5",
					"pivot": [1.5, 14.32741, -4.36925],
					"cubes": [
						{"origin": [1.25, 13.82741, -4.96925], "size": [1, 2, 1], "inflate": 0.01, "uv": [35, 24]}
					]
				},
				{
					"name": "horn_middle",
					"parent": "horn",
					"pivot": [0, 0.07741, 3.13075]
				},
				{
					"name": "horn7",
					"parent": "horn_middle",
					"pivot": [0, 11.82741, -4.86925],
					"cubes": [
						{"origin": [-1, 11.32741, -5.86925], "size": [2, 2, 2], "inflate": 0.01, "uv": [21, 21]}
					]
				},
				{
					"name": "horn8",
					"parent": "horn7",
					"pivot": [0, 12.82741, -4.86925],
					"cubes": [
						{"origin": [-0.75, 12.82741, -5.61925], "size": [1.5, 2, 1.5], "inflate": 0.01, "uv": [35, 16]}
					]
				},
				{
					"name": "horn9",
					"parent": "horn8",
					"pivot": [0, 14.32741, -4.86925],
					"cubes": [
						{"origin": [-0.5, 13.82741, -5.36925], "size": [1, 2, 1], "inflate": 0.01, "uv": [30, 24]}
					]
				},
				{
					"name": "horn_right2",
					"parent": "head",
					"pivot": [3, 10.82741, -4.11925],
					"cubes": [
						{"origin": [3, 9.07741, -4.86925], "size": [1.5, 2.5, 1.5], "inflate": 0.01, "uv": [39, 4]}
					]
				},
				{
					"name": "horn_right3",
					"parent": "horn_right2",
					"pivot": [3.75, 10.82741, -4.11925],
					"cubes": [
						{"origin": [3.25, 10.82741, -4.61925], "size": [1, 2, 1], "inflate": 0.01, "uv": [32, 0]}
					]
				},
				{
					"name": "horn_left2",
					"parent": "head",
					"pivot": [-2.5, 10.4854, -4.29026],
					"cubes": [
						{"origin": [-4.16845, 9.32849, -5.07414], "size": [1.5, 2.5, 1.5], "inflate": 0.01, "uv": [32, 3], "mirror": true}
					]
				},
				{
					"name": "horn_left3",
					"parent": "horn_left2",
					"pivot": [-3.41845, 11.07849, -4.32414],
					"cubes": [
						{"origin": [-3.91845, 11.07849, -4.82414], "size": [1, 2, 1], "inflate": 0.01, "uv": [27, 0], "mirror": true}
					]
				},
				{
					"name": "spikes",
					"parent": "torso",
					"pivot": [0, 0.05144, 3.55326]
				},
				{
					"name": "spike1",
					"parent": "spikes",
					"pivot": [-4, 4.05144, 1.55326],
					"cubes": [
						{"origin": [-6, 4.05144, 0.05326], "size": [2, 0, 3], "inflate": 0.01, "uv": [37, 24], "mirror": true}
					]
				},
				{
					"name": "spike2",
					"parent": "spikes",
					"pivot": [-2, 4.05144, 0.55326],
					"cubes": [
						{"origin": [-2, 2.55144, -0.94674], "size": [0, 3, 3], "inflate": 0.01, "uv": [30, 25]}
					]
				},
				{
					"name": "spike3",
					"parent": "spikes",
					"pivot": [0, 0.05144, 3.55326],
					"cubes": [
						{"origin": [0, 2.55144, 1.05326], "size": [0, 3, 3], "inflate": 0.01, "uv": [40, 13]}
					]
				},
				{
					"name": "spike4",
					"parent": "spikes",
					"pivot": [2, 4.05144, 0.55326],
					"cubes": [
						{"origin": [2, 2.55144, -0.94674], "size": [0, 3, 3], "inflate": 0.01, "uv": [40, 17]}
					]
				},
				{
					"name": "spike5",
					"parent": "spikes",
					"pivot": [4, 4.05144, 1.55326],
					"cubes": [
						{"origin": [4, 4.05144, 0.05326], "size": [2, 0, 3], "inflate": 0.01, "uv": [34, 28]}
					]
				},
				{
					"name": "spike6",
					"parent": "spikes",
					"pivot": [0, 4, 5],
					"cubes": [
						{"origin": [-1.5, 2.5, 5], "size": [3, 3, 0], "inflate": 0.01, "uv": [40, 12]}
					]
				},
				{
					"name": "legs_right",
					"parent": "body",
					"pivot": [0, 0, 3.5]
				},
				{
					"name": "leg1",
					"parent": "legs_right",
					"pivot": [3, 0.01, -3.5],
					"cubes": [
						{"origin": [3, 0.01, -5], "size": [5, 0, 2], "inflate": 0.01, "uv": [-2, 48]}
					]
				},
				{
					"name": "leg2",
					"parent": "legs_right",
					"pivot": [3, 0.01, -0.5],
					"cubes": [
						{"origin": [3, 0.01, -2.5], "size": [5, 0, 2], "inflate": 0.01, "uv": [-2, 48]}
					]
				},
				{
					"name": "leg3",
					"parent": "legs_right",
					"pivot": [3, 0.01, 2.5],
					"cubes": [
						{"origin": [3, 0.01, 0.5], "size": [5, 0, 2], "inflate": 0.01, "uv": [-2, 48]}
					]
				},
				{
					"name": "leg4",
					"parent": "legs_right",
					"pivot": [3, 0.01, 3.5],
					"cubes": [
						{"origin": [3, 0.01, 3], "size": [5, 0, 2], "inflate": 0.01, "uv": [-2, 48]}
					]
				},
				{
					"name": "legs_left",
					"parent": "body",
					"pivot": [0, 0, 3.5]
				},
				{
					"name": "leg5",
					"parent": "legs_left",
					"pivot": [-3, 0.01, -4],
					"cubes": [
						{"origin": [-8, 0.01, -5], "size": [5, 0, 2], "inflate": 0.01, "uv": [-2, 48], "mirror": true}
					]
				},
				{
					"name": "leg6",
					"parent": "legs_left",
					"pivot": [-3, 0.01, -1.5],
					"cubes": [
						{"origin": [-8, 0.01, -2.5], "size": [5, 0, 2], "inflate": 0.01, "uv": [-2, 48], "mirror": true}
					]
				},
				{
					"name": "leg7",
					"parent": "legs_left",
					"pivot": [-3, 0.01, 1.5],
					"cubes": [
						{"origin": [-8, 0.01, 0.5], "size": [5, 0, 2], "inflate": 0.01, "uv": [-2, 48], "mirror": true}
					]
				},
				{
					"name": "leg8",
					"parent": "legs_left",
					"pivot": [-3, 0.01, 4],
					"cubes": [
						{"origin": [-8, 0.01, 3], "size": [5, 0, 2], "inflate": 0.01, "uv": [-2, 48], "mirror": true}
					]
				}
			]
		}
	]
}