{
	"format_version": "1.12.0",
	"minecraft:geometry": [
		{
			"description": {
				"identifier": "geometry.shuckle_delta",
				"texture_width": 128,
				"texture_height": 128,
				"visible_bounds_width": 3,
				"visible_bounds_height": 3.5,
				"visible_bounds_offset": [0, 1.25, 0]
			},
			"bones": [
				{
					"name": "shuckle",
					"pivot": [0, 0, 0]
				},
				{
					"name": "body",
					"parent": "shuckle",
					"pivot": [0, 5.3625, -0.19275],
					"cubes": [
						{"origin": [-3, 11, -11], "size": [6, 6, 3], "pivot": [0, 9.5, -7.5], "rotation": [-82.5, 0, 0], "uv": [0, 0]},
						{"origin": [-6.5, 0, -9.5], "size": [13, 11, 19], "uv": [0, 0]}
					]
				},
				{
					"name": "mushroom_big",
					"parent": "body",
					"pivot": [3.70285, 13.48424, 2.39255],
					"cubes": [
						{"origin": [2.70285, 10.23424, 2.89255], "size": [3, 4, 3], "pivot": [3.70285, 13.48424, 2.39255], "rotation": [-7.5, 0, 22.5], "uv": [1, 10]},
						{"origin": [1.20285, 14.23424, 1.39255], "size": [6, 2, 6], "pivot": [3.70285, 13.48424, 2.39255], "rotation": [-7.5, 0, 22.5], "uv": [26, 30]}
					]
				},
				{
					"name": "mushroom_small",
					"parent": "body",
					"pivot": [7.15974, 9.63379, -4.5872],
					"rotation": [8.21888, -5.71617, 34.58897],
					"cubes": [
						{"origin": [6.20285, 6.58732, -5.60273], "size": [2, 4, 2], "pivot": [6.70285, 9.83732, -6.60273], "rotation": [-7.5, 0, 22.5], "uv": [19, 30]},
						{"origin": [5.20285, 10.58732, -6.60273], "size": [4, 1, 4], "pivot": [6.70285, 9.83732, -6.60273], "rotation": [-7.5, 0, 22.5], "uv": [0, 52]}
					]
				},
				{
					"name": "neck1",
					"parent": "body",
					"pivot": [0, 12.75, -3.55],
					"cubes": [
						{"origin": [-1.5, 11.75, -5.05], "size": [3, 6, 3], "uv": [13, 56]}
					]
				},
				{
					"name": "neck2",
					"parent": "neck1",
					"pivot": [0, 17.75, -5.05],
					"cubes": [
						{"origin": [-2, 17.75, -5.55], "size": [4, 5, 4], "inflate": 0.001, "uv": [25, 56]}
					]
				},
				{
					"name": "head",
					"parent": "neck2",
					"pivot": [0, 21.83333, -4.63333],
					"rotation": [15, 0, 0],
					"cubes": [
						{"origin": [-3, 22.25, -8.55], "size": [6, 5, 7], "inflate": 0.001, "uv": [0, 30]},
						{"origin": [-1, 27.25, -7.55], "size": [2, 2, 2], "inflate": 0.001, "uv": [32, 38]},
						{"origin": [-0.5, 29.25, -7.05], "size": [1, 1, 1], "inflate": 0.001, "uv": [0, 9]},
						{"origin": [-3, 21.75, -5.55], "size": [6, 1, 4], "uv": [44, 30]}
					]
				},
				{
					"name": "drip",
					"parent": "head",
					"pivot": [-0.5, 22.75, -8.75],
					"rotation": [-15, 0, 0],
					"cubes": [
						{"origin": [-2, 19.75, -8.75], "size": [3, 3, 0], "uv": [3, 64]}
					]
				},
				{
					"name": "drip2",
					"parent": "drip",
					"pivot": [-0.5, 4.75, 1.25],
					"cubes": [
						{"origin": [-1.5, 16.75, -8.75], "size": [2, 3, 0], "uv": [3, 67]}
					]
				},
				{
					"name": "eye_right",
					"parent": "head",
					"pivot": [-1.25, 25.75, -9.025]
				},
				{
					"name": "eyeopen_right",
					"parent": "eye_right",
					"pivot": [-1.5, 24.5, -8.6],
					"cubes": [
						{"origin": [-2, 23.5, -8.6], "size": [1, 2, 0], "uv": [12, 9]}
					]
				},
				{
					"name": "eyeclosed_right",
					"parent": "eye_right",
					"pivot": [-1.5, 24, -8.425],
					"cubes": [
						{"origin": [-2.5, 23.5, -8.425], "size": [2, 1, 0], "uv": [0, 11]}
					]
				},
				{
					"name": "eye_left",
					"parent": "head",
					"pivot": [-0.25, 4.75, 2.375]
				},
				{
					"name": "eyeopen_left",
					"parent": "eye_left",
					"pivot": [1.5, 24.5, -8.6],
					"cubes": [
						{"origin": [1, 23.5, -8.6], "size": [1, 2, 0], "uv": [0, 0]}
					]
				},
				{
					"name": "eyeclosed_left",
					"parent": "eye_left",
					"pivot": [1.5, 24, -8.475],
					"cubes": [
						{"origin": [0.5, 23.5, -8.425], "size": [2, 1, 0], "uv": [0, 12]}
					]
				},
				{
					"name": "jaw",
					"parent": "head",
					"pivot": [0, 22.75, -5.8],
					"cubes": [
						{"origin": [-3, 21.75, -8.05], "size": [6, 1, 3], "inflate": -0.001, "uv": [52, 35]}
					]
				},
				{
					"name": "arm_right_front",
					"parent": "body",
					"pivot": [-6, 2, -6.5],
					"rotation": [0, 60, 0],
					"cubes": [
						{"origin": [-8, 1, -11.5], "size": [3, 3, 7], "uv": [45, 0]}
					]
				},
				{
					"name": "arm_right_front2",
					"parent": "arm_right_front",
					"pivot": [-8, 1, -11.5],
					"cubes": [
						{"origin": [-8, 1, -16.5], "size": [3, 3, 5], "inflate": 0.001, "uv": [47, 48]}
					]
				},
				{
					"name": "arm_left_front",
					"parent": "body",
					"pivot": [6, 2, -6.5],
					"rotation": [0, -60, 0],
					"cubes": [
						{"origin": [5, 1, -11.5], "size": [3, 3, 7], "uv": [0, 42]}
					]
				},
				{
					"name": "arm_left_front2",
					"parent": "arm_left_front",
					"pivot": [8, 1, -11.5],
					"cubes": [
						{"origin": [5, 1, -16.5], "size": [3, 3, 5], "inflate": 0.001, "uv": [31, 48]}
					]
				},
				{
					"name": "arm_left_back",
					"parent": "body",
					"pivot": [6, 2, 6.5],
					"rotation": [0, 60, 0],
					"cubes": [
						{"origin": [5, 1, 4.5], "size": [3, 3, 7], "uv": [39, 38]}
					]
				},
				{
					"name": "arm_left_back2",
					"parent": "arm_left_back",
					"pivot": [8, 1, 11.5],
					"cubes": [
						{"origin": [5, 1, 11.5], "size": [3, 3, 5], "inflate": 0.001, "uv": [15, 48]}
					]
				},
				{
					"name": "arm_right_back",
					"parent": "body",
					"pivot": [-6, 2, 6.5],
					"rotation": [0, -60, 0],
					"cubes": [
						{"origin": [-8, 1, 4.5], "size": [3, 3, 7], "uv": [19, 38]}
					]
				},
				{
					"name": "arm_right_back2",
					"parent": "arm_right_back",
					"pivot": [-8, 1, 11.5],
					"cubes": [
						{"origin": [-8, 1, 11.5], "size": [3, 3, 5], "inflate": 0.001, "uv": [45, 10]}
					]
				}
			]
		}
	]
}