{
	"format_version": "1.12.0",
	"minecraft:geometry": [
		{
			"description": {
				"identifier": "geometry.unknown",
				"texture_width": 64,
				"texture_height": 64,
				"visible_bounds_width": 3,
				"visible_bounds_height": 2.5,
				"visible_bounds_offset": [0, 0.75, 0]
			},
			"bones": [
				{
					"name": "slaughtermaus",
					"pivot": [0, 0, 0]
				},
				{
					"name": "mainbody",
					"parent": "slaughtermaus",
					"pivot": [0, 0, 0]
				},
				{
					"name": "dead_body_4",
					"parent": "mainbody",
					"pivot": [-4, 6, 2],
					"rotation": [23.49664, 24.6467, -20.47818]
				},
				{
					"name": "leg_right7",
					"parent": "dead_body_4",
					"pivot": [-6.98158, 5.89944, 2],
					"rotation": [0, 0, 15]
				},
				{
					"name": "leg_left7",
					"parent": "dead_body_4",
					"pivot": [-4.74705, 5.91165, 2],
					"rotation": [0, 0, -17.5]
				},
				{
					"name": "torso6",
					"parent": "dead_body_4",
					"pivot": [-4, 5, 2]
				},
				{
					"name": "tail10",
					"parent": "torso6",
					"pivot": [-4, 5.7, 2.45],
					"rotation": [-42.5, 0, 0]
				},
				{
					"name": "tail11",
					"parent": "tail10",
					"pivot": [-4, 5.33577, 4.42631],
					"rotation": [-72.5, 0, 0]
				},
				{
					"name": "tail_tip6",
					"parent": "tail11",
					"pivot": [-3.975, 4.84774, 4.34781]
				},
				{
					"name": "head6",
					"parent": "torso6",
					"pivot": [-4, 7, 2],
					"rotation": [-35.36707, -7.14244, -8.53828]
				},
				{
					"name": "ear_right6",
					"parent": "head6",
					"pivot": [-7.99477, 12.62791, 0.69884],
					"rotation": [2.94919, 29.80954, -11.48053]
				},
				{
					"name": "ear_left6",
					"parent": "head6",
					"pivot": [-2.26646, 11.84255, 1.44884],
					"rotation": [-16.40417, -41.56254, 25.75785]
				},
				{
					"name": "bone8",
					"parent": "head6",
					"pivot": [-1.5, 9.775, -1.025]
				},
				{
					"name": "bone9",
					"parent": "head6",
					"pivot": [-6.5, 9.775, -1.025]
				},
				{
					"name": "arm_left6",
					"parent": "torso6",
					"pivot": [-4.13919, 6.50698, 1.70687],
					"rotation": [0, 17.5, 20]
				},
				{
					"name": "arm_right6",
					"parent": "torso6",
					"pivot": [-7.35319, 6.6477, 2],
					"rotation": [0, -59.25, -22.5]
				},
				{
					"name": "dead_body_2",
					"parent": "mainbody",
					"pivot": [3, 1, 2],
					"rotation": [79.19476, -22.13991, 4.11405]
				},
				{
					"name": "leg_right5",
					"parent": "dead_body_2",
					"pivot": [6.10658, 0.37444, 2],
					"rotation": [0, 0, -15]
				},
				{
					"name": "leg_left5",
					"parent": "dead_body_2",
					"pivot": [3.99705, 0.28665, 2],
					"rotation": [0, 0, 17.5]
				},
				{
					"name": "torso4",
					"parent": "dead_body_2",
					"pivot": [3, 0, 2]
				},
				{
					"name": "tail6",
					"parent": "torso4",
					"pivot": [3, 0.7, 2.45],
					"rotation": [-42.5, 0, 0]
				},
				{
					"name": "tail7",
					"parent": "tail6",
					"pivot": [3, 0.33577, 4.42631],
					"rotation": [-72.5, 0, 0]
				},
				{
					"name": "tail_tip4",
					"parent": "tail7",
					"pivot": [2.975, -0.15226, 4.34781]
				},
				{
					"name": "head4",
					"parent": "torso4",
					"pivot": [3, 2, 2],
					"rotation": [-56.45154, -12.67353, -11.67761]
				},
				{
					"name": "ear_right4",
					"parent": "head4",
					"pivot": [7.99477, 6.62791, 1.44884],
					"rotation": [0, 0, 12.5]
				},
				{
					"name": "ear_left4",
					"parent": "head4",
					"pivot": [2.76905, 6.37112, 1.44884],
					"rotation": [0, 11.25, -12.5]
				},
				{
					"name": "bone4",
					"parent": "head4",
					"pivot": [0.5, 4.775, -1.025]
				},
				{
					"name": "bone5",
					"parent": "head4",
					"pivot": [5.5, 4.775, -1.025]
				},
				{
					"name": "arm_left4",
					"parent": "torso4",
					"pivot": [3.07509, 1.48365, 2],
					"rotation": [0, 0, -20]
				},
				{
					"name": "arm_right4",
					"parent": "torso4",
					"pivot": [7.12819, 1.4727, 2],
					"rotation": [0, 0, 2.5]
				},
				{
					"name": "dead_body_1",
					"parent": "mainbody",
					"pivot": [-6, 1, 0],
					"rotation": [79.65473, 14.76689, -2.66399]
				},
				{
					"name": "leg_right4",
					"parent": "dead_body_1",
					"pivot": [-7, 0, 0]
				},
				{
					"name": "leg_left4",
					"parent": "dead_body_1",
					"pivot": [-5, 0, 0],
					"rotation": [0, 0, -17.5]
				},
				{
					"name": "torso3",
					"parent": "dead_body_1",
					"pivot": [-6, 0, 0]
				},
				{
					"name": "tail4",
					"parent": "torso3",
					"pivot": [-6, 0.7, 0.45],
					"rotation": [-42.5, 0, 0]
				},
				{
					"name": "tail5",
					"parent": "tail4",
					"pivot": [-6, 0.33577, 2.42631],
					"rotation": [-72.5, 0, 0]
				},
				{
					"name": "tail_tip3",
					"parent": "tail5",
					"pivot": [-5.975, -0.15226, 2.34781]
				},
				{
					"name": "head3",
					"parent": "torso3",
					"pivot": [-4.25197, 1.60005, -1.83127],
					"rotation": [-57.26905, 4.29357, 6.15518]
				},
				{
					"name": "ear_right3",
					"parent": "head3",
					"pivot": [-6.38991, 7.41274, -1.09282],
					"rotation": [20.75, 0, -12.5]
				},
				{
					"name": "ear_left3",
					"parent": "head3",
					"pivot": [-1.82172, 8.1187, -1.50413],
					"rotation": [20, 0, 12.5]
				},
				{
					"name": "bone3",
					"parent": "head3",
					"pivot": [-3.66491, 5.91274, -4.11782]
				},
				{
					"name": "bone2",
					"parent": "head3",
					"pivot": [-8.66491, 5.91274, -4.11782]
				},
				{
					"name": "arm_left3",
					"parent": "torso3",
					"pivot": [-2.32048, 0.20065, 0],
					"rotation": [0, 0, 20]
				},
				{
					"name": "arm_right3",
					"parent": "torso3",
					"pivot": [-6.37358, 0.76469, 0],
					"rotation": [0, 0, -2.5]
				},
				{
					"name": "dead_body_3",
					"parent": "mainbody",
					"pivot": [4, 6.25, 3.65],
					"rotation": [22.11034, -39.42273, -10.75586]
				},
				{
					"name": "leg_right6",
					"parent": "dead_body_3",
					"pivot": [5, 4.25, 3.65],
					"rotation": [-7.5, 0, -15]
				},
				{
					"name": "leg_left6",
					"parent": "dead_body_3",
					"pivot": [3, 4.25, 3.65],
					"rotation": [0, 0, 17.5]
				},
				{
					"name": "torso5",
					"parent": "dead_body_3",
					"pivot": [4, 5.25, 3.65]
				},
				{
					"name": "tail8",
					"parent": "torso5",
					"pivot": [4, 5.95, 4.1],
					"rotation": [-42.5, 0, 0]
				},
				{
					"name": "tail9",
					"parent": "tail8",
					"pivot": [4, 5.58577, 6.07631],
					"rotation": [-72.5, 0, 0]
				},
				{
					"name": "tail_tip5",
					"parent": "tail9",
					"pivot": [3.975, 5.09774, 5.99781]
				},
				{
					"name": "head5",
					"parent": "torso5",
					"pivot": [5.47368, 6.79722, 2.64271],
					"rotation": [-10.9112, 32.94634, 22.96359]
				},
				{
					"name": "ear_right5",
					"parent": "head5",
					"pivot": [7.4595, 11.60352, 2.25419],
					"rotation": [0, 0, 20]
				},
				{
					"name": "ear_left5",
					"parent": "head5",
					"pivot": [2.23377, 12.34673, 2.25419],
					"rotation": [0, 0, -18]
				},
				{
					"name": "bone7",
					"parent": "head5",
					"pivot": [5.96473, 9.75061, -0.21966]
				},
				{
					"name": "arm_left5",
					"parent": "torso5",
					"pivot": [2, 7.25, 3.65],
					"rotation": [0, 0, -20]
				},
				{
					"name": "arm_right5",
					"parent": "torso5",
					"pivot": [7.67819, 6.9727, 3.65],
					"rotation": [0, 0, 22.5]
				},
				{
					"name": "body_2",
					"parent": "mainbody",
					"pivot": [0.26971, 7, -0.04791]
				},
				{
					"name": "leg_right2",
					"parent": "body_2",
					"pivot": [-1.13633, 8.98368, -0.76317],
					"cubes": [
						{"origin": [-2.00822, 7, -1.76317], "size": [2, 2, 2], "pivot": [-1.00822, 8.95, -0.76317], "rotation": [0, 0, 7.75], "uv": [34, 11]}
					]
				},
				{
					"name": "leg_left2",
					"parent": "body_2",
					"pivot": [1.11252, 8.90791, -0.76317],
					"cubes": [
						{"origin": [-0.00822, 7, -1.76317], "size": [2, 2, 2], "pivot": [0.99178, 8.925, -0.76317], "rotation": [0, 0, -7.5], "uv": [10, 34]}
					]
				},
				{
					"name": "torso2",
					"parent": "body_2",
					"pivot": [-7.73029, 9, -0.04791],
					"cubes": [
						{"origin": [-2.00822, 9, -1.76317], "size": [4, 3, 2], "uv": [28, 6]}
					]
				},
				{
					"name": "tail2",
					"parent": "torso2",
					"pivot": [-0.00822, 9.52366, -0.09234],
					"rotation": [-30, 0, 0],
					"cubes": [
						{"origin": [-0.00822, 9.15936, -0.39127], "size": [0, 2, 2], "uv": [28, 20]}
					]
				},
				{
					"name": "tail3",
					"parent": "tail2",
					"pivot": [0.01678, 9.60815, 1.55352],
					"cubes": [
						{"origin": [0.01678, 9.07133, 1.43023], "size": [0, 2, 3], "pivot": [-9.03322, 9.29633, 1.43023], "rotation": [52.5, 0, 0], "uv": [0, 9]}
					]
				},
				{
					"name": "tail_tip2",
					"parent": "tail3",
					"pivot": [-7.70529, 9.29633, 2.14548],
					"cubes": [
						{"origin": [-0.98322, 10.74633, 2.10523], "size": [2, 2, 2], "uv": [34, 0]}
					]
				},
				{
					"name": "head2",
					"parent": "torso2",
					"pivot": [-0.00822, 12.125, -0.63817],
					"cubes": [
						{"origin": [-4.00822, 12, -3.76317], "size": [8, 6, 6], "uv": [0, 12]},
						{"origin": [-0.50822, 13.5, -3.76317], "size": [1, 1, 0], "inflate": 0.001, "uv": [28, 6]}
					]
				},
				{
					"name": "ear_right2",
					"parent": "head2",
					"pivot": [-2.6986, 16.5419, -0.76317],
					"rotation": [0, 0, -12.5],
					"cubes": [
						{"origin": [-7.81594, 15.44901, -0.76317], "size": [7, 7, 0], "uv": [0, 53]}
					]
				},
				{
					"name": "body_3",
					"parent": "ear_right2",
					"pivot": [-8.09438, 11.22197, 0]
				},
				{
					"name": "leg_right3",
					"parent": "body_3",
					"pivot": [-9.09438, 10.22197, 0]
				},
				{
					"name": "leg_left3",
					"parent": "body_3",
					"pivot": [-7.09438, 10.22197, 0]
				},
				{
					"name": "ear_left2",
					"parent": "head2",
					"pivot": [2.37739, 16.57351, -0.76317],
					"rotation": [0, 0, 12.5],
					"cubes": [
						{"origin": [0.73853, 15.39392, -0.76317], "size": [7, 7, 0], "uv": [45, 3]},
						{"origin": [3.71353, 21.79392, -0.76317], "size": [1, 1, 0], "uv": [28, 18]}
					]
				},
				{
					"name": "mouth2",
					"parent": "head2",
					"pivot": [-7.73029, 12, -0.04791]
				},
				{
					"name": "eyes2",
					"parent": "head2",
					"pivot": [-7.73029, 14, -3.04791]
				},
				{
					"name": "eye_left",
					"parent": "eyes2",
					"pivot": [2.49178, 15, -3.52317],
					"cubes": [
						{"origin": [1.99178, 14, -3.82317], "size": [1, 2, 0], "uv": [0, 4]},
						{"origin": [1.99178, 14, -3.72317], "size": [1, 2, 1], "inflate": 0.075, "uv": [-1, 49]}
					]
				},
				{
					"name": "eye_flame",
					"parent": "eye_left",
					"pivot": [-0.00822, 12, -0.76317],
					"cubes": [
						{"origin": [-0.00822, 6.95, -3.78817], "size": [10, 10, 0], "uv": [0, 24]}
					]
				},
				{
					"name": "bone",
					"parent": "eyes2",
					"pivot": [-0.00822, 12, -0.76317]
				},
				{
					"name": "eye_flame_2",
					"parent": "bone",
					"pivot": [-0.00822, 12, -0.76317],
					"cubes": [
						{"origin": [-9.00822, 6.95, -3.78817], "size": [10, 10, 0], "uv": [0, 39]}
					]
				},
				{
					"name": "eye_right",
					"parent": "bone",
					"pivot": [-2.5, 15, -3.52317],
					"cubes": [
						{"origin": [-2.99178, 14, -3.72317], "size": [1, 2, 1], "inflate": 0.075, "uv": [-1, 49], "mirror": true},
						{"origin": [-3.00822, 14, -3.82317], "size": [1, 2, 0], "uv": [0, 2]}
					]
				},
				{
					"name": "arm_right2",
					"parent": "torso2",
					"pivot": [-2.08637, 11.10935, -0.76317],
					"rotation": [0, 0, -20],
					"cubes": [
						{"origin": [-4.59455, 9.97082, -1.76317], "size": [3, 2, 2], "inflate": -0.001, "uv": [28, 18]}
					]
				},
				{
					"name": "arm_left2",
					"parent": "torso2",
					"pivot": [2.06137, 11.00935, -0.76317],
					"rotation": [0, 0, 20],
					"cubes": [
						{"origin": [1.55884, 9.97334, -1.76317], "size": [3, 2, 2], "inflate": -0.001, "uv": [0, 34]}
					]
				}
			]
		}
	]
}