{
	"format_version": "1.12.0",
	"minecraft:geometry": [
		{
			"description": {
				"identifier": "geometry.starly",
				"texture_width": 64,
				"texture_height": 32,
				"visible_bounds_width": 2,
				"visible_bounds_height": 2.5,
				"visible_bounds_offset": [0, 0.75, 0]
			},
			"bones": [
				{
					"name": "starly",
					"pivot": [0, 0, 0]
				},
				{
					"name": "body",
					"parent": "starly",
					"pivot": [0, 5, 0]
				},
				{
					"name": "torso",
					"parent": "body",
					"pivot": [0, 4.5, -1],
					"rotation": [-17.5, 0, 0],
					"cubes": [
						{"origin": [-3.5, 2.25, -5], "size": [7, 6, 6], "uv": [0, 0]},
						{"origin": [-3, 3, 0.5], "size": [6, 5, 3], "uv": [40, 4]}
					]
				},
				{
					"name": "tail",
					"parent": "torso",
					"pivot": [0, 5, 3.5]
				},
				{
					"name": "tail_middle",
					"parent": "tail",
					"pivot": [0, 5, 3.5],
					"cubes": [
						{"origin": [-1, 5, 3.5], "size": [2, 0, 5], "uv": [29, 5]}
					]
				},
				{
					"name": "tail_left",
					"parent": "tail",
					"pivot": [-0.75, 5, 3],
					"rotation": [0, 22.5, 0],
					"cubes": [
						{"origin": [-0.75, 5, 3], "size": [2, 0, 5], "inflate": 0.01, "uv": [29, 0]}
					]
				},
				{
					"name": "tail_right",
					"parent": "tail",
					"pivot": [0.75, 5, 3],
					"rotation": [0, -22.5, 0],
					"cubes": [
						{"origin": [-1.25, 5, 3], "size": [2, 0, 5], "inflate": 0.01, "uv": [51, 19]}
					]
				},
				{
					"name": "neck",
					"parent": "torso",
					"pivot": [0, 3.35, -5],
					"rotation": [22.5, 0, 0]
				},
				{
					"name": "head_ai",
					"parent": "neck",
					"pivot": [0, 5.34, -2.42514],
					"cubes": [
						{"origin": [-3, 3.34, -4.92514], "size": [6, 4, 6], "uv": [18, 17]}
					]
				},
				{
					"name": "head",
					"parent": "head_ai",
					"pivot": [0, 7.59, -2.42514],
					"rotation": [-5, 0, 0],
					"cubes": [
						{"origin": [-3, 5.09, -4.92514], "size": [6, 5, 6], "inflate": 0.01, "uv": [0, 12]},
						{"origin": [-1, 6.59, -7.92514], "size": [2, 1, 3], "inflate": 0.01, "pivot": [0, 7.59, -4.92514], "rotation": [7.5, 0, 0], "uv": [40, 12]}
					]
				},
				{
					"name": "jaw",
					"parent": "head",
					"pivot": [0, 6.59, -4.92514],
					"rotation": [-5, 0, 0],
					"cubes": [
						{"origin": [-1, 5.59, -6.42514], "size": [2, 1, 2], "uv": [47, 12]}
					]
				},
				{
					"name": "hair",
					"parent": "head",
					"pivot": [0, 10.09, -2.42514],
					"cubes": [
						{"origin": [0, 9.09, -2.42514], "size": [0, 6, 3], "uv": [3, 23]}
					]
				},
				{
					"name": "eye_left",
					"parent": "head",
					"pivot": [1.76, 7.59, -4.43514],
					"cubes": [
						{"origin": [1.51, 6.59, -5.06014], "size": [1, 2, 1], "inflate": -0.1, "uv": [60, 19]},
						{"origin": [1.51, 6.59, -4.63514], "size": [1, 2, 1], "inflate": 0.31, "uv": [49, 15]}
					]
				},
				{
					"name": "eyelid_left",
					"parent": "eye_left",
					"pivot": [1.91, 7.59, -4.33514],
					"cubes": [
						{"origin": [0.91, 6.09, -4.83514], "size": [2, 3, 1], "inflate": 0.04, "uv": [38, 0]}
					]
				},
				{
					"name": "eye_right",
					"parent": "head",
					"pivot": [-1.76, 7.59, -4.43514],
					"cubes": [
						{"origin": [-2.51, 6.59, -5.06014], "size": [1, 2, 1], "inflate": -0.1, "uv": [59, 23]},
						{"origin": [-2.51, 6.59, -4.63514], "size": [1, 2, 1], "inflate": 0.31, "uv": [55, 24]}
					]
				},
				{
					"name": "eyelid_right",
					"parent": "eye_right",
					"pivot": [-1.91, 7.59, -4.43514],
					"cubes": [
						{"origin": [-2.91, 6.09, -4.83514], "size": [2, 3, 1], "inflate": 0.04, "uv": [0, 2]}
					]
				},
				{
					"name": "wing_left",
					"parent": "torso",
					"pivot": [3.5, 6, -4.25],
					"cubes": [
						{"origin": [3.5, 6, -6.25], "size": [3, 0, 5], "uv": [45, 19]}
					]
				},
				{
					"name": "wing_left2",
					"parent": "wing_left",
					"pivot": [6.5, 6, -1.25],
					"cubes": [
						{"origin": [6.5, 6, -6.25], "size": [4, 0, 5], "inflate": 0.01, "uv": [27, 10]}
					]
				},
				{
					"name": "wing_left3",
					"parent": "wing_left2",
					"pivot": [10.5, 6, -6.25],
					"cubes": [
						{"origin": [10.5, 6, -6.25], "size": [7, 0, 5], "uv": [15, 0]}
					]
				},
				{
					"name": "wing_right",
					"parent": "torso",
					"pivot": [-3.5, 6, -4.25],
					"cubes": [
						{"origin": [-6.5, 6, -6.25], "size": [3, 0, 5], "uv": [53, 8]}
					]
				},
				{
					"name": "wing_right2",
					"parent": "wing_right",
					"pivot": [-6.5, 6, -1.25],
					"cubes": [
						{"origin": [-10.5, 6, -6.25], "size": [4, 0, 5], "inflate": 0.01, "uv": [21, 5]}
					]
				},
				{
					"name": "wing_right3",
					"parent": "wing_right2",
					"pivot": [-10.5, 6, -6.25],
					"cubes": [
						{"origin": [-17.5, 6, -6.25], "size": [7, 0, 5], "uv": [13, 12]}
					]
				},
				{
					"name": "leg_left",
					"parent": "body",
					"pivot": [1.5, 3, -0.75],
					"rotation": [5, 0, 0],
					"cubes": [
						{"origin": [1, 1.75, -1.25], "size": [1, 1, 1], "inflate": 0.01, "uv": [45, 24]}
					]
				},
				{
					"name": "leg_left2",
					"parent": "leg_left",
					"pivot": [1.5, 1.75, -0.25],
					"rotation": [-15, 0, 0],
					"cubes": [
						{"origin": [1, 0.75, -1.25], "size": [1, 1, 1], "uv": [32, 15]}
					]
				},
				{
					"name": "foot_left",
					"parent": "leg_left2",
					"pivot": [1.5, 0.75, -1.25],
					"rotation": [10, 0, 0],
					"cubes": [
						{"origin": [0.5, -0.25, -2], "size": [2, 1, 2], "uv": [47, 24]}
					]
				},
				{
					"name": "toe_back_left",
					"parent": "foot_left",
					"pivot": [1.5, 0.75, 0],
					"cubes": [
						{"origin": [1.5, -0.25, 0], "size": [0, 1, 1], "inflate": 0.01, "uv": [40, 11]}
					]
				},
				{
					"name": "claw_back_left",
					"parent": "toe_back_left",
					"pivot": [1.5, 0.75, 1],
					"cubes": [
						{"origin": [1.5, -0.25, 1], "size": [0, 1, 1], "uv": [29, 9]}
					]
				},
				{
					"name": "toe_inner_left",
					"parent": "foot_left",
					"pivot": [0.75, 0.75, -2],
					"cubes": [
						{"origin": [0.75, -0.25, -3], "size": [0, 1, 1], "inflate": 0.01, "uv": [15, 24]}
					]
				},
				{
					"name": "claw_inner_left",
					"parent": "toe_inner_left",
					"pivot": [0.75, 0.75, -3],
					"cubes": [
						{"origin": [0.75, -0.25, -4], "size": [0, 1, 1], "uv": [24, 4]}
					]
				},
				{
					"name": "toe_middle_left",
					"parent": "foot_left",
					"pivot": [1.5, 0.75, -2],
					"cubes": [
						{"origin": [1.5, -0.25, -3], "size": [0, 1, 1], "inflate": 0.01, "uv": [0, 23]}
					]
				},
				{
					"name": "claw_middle_left",
					"parent": "toe_middle_left",
					"pivot": [1.5, 0.75, -3],
					"cubes": [
						{"origin": [1.5, -0.25, -4], "size": [0, 1, 1], "uv": [22, 16]}
					]
				},
				{
					"name": "toe_outer_left",
					"parent": "foot_left",
					"pivot": [2.25, 0.75, -2],
					"cubes": [
						{"origin": [2.25, -0.25, -3], "size": [0, 1, 1], "inflate": 0.01, "uv": [0, 24]}
					]
				},
				{
					"name": "claw_outer_left",
					"parent": "toe_outer_left",
					"pivot": [2.25, 0.75, -3],
					"cubes": [
						{"origin": [2.25, -0.25, -4], "size": [0, 1, 1], "uv": [15, 23]}
					]
				},
				{
					"name": "leg_right",
					"parent": "body",
					"pivot": [-1.5, 3, -0.75],
					"rotation": [5, 0, 0],
					"cubes": [
						{"origin": [-2, 1.75, -1.25], "size": [1, 1, 1], "inflate": 0.01, "uv": [26, 10]}
					]
				},
				{
					"name": "leg_right2",
					"parent": "leg_right",
					"pivot": [-1.5, 1.75, -0.25],
					"rotation": [-15, 0, 0],
					"cubes": [
						{"origin": [-2, 0.75, -1.25], "size": [1, 1, 1], "uv": [0, 16]}
					]
				},
				{
					"name": "foot_right",
					"parent": "leg_right2",
					"pivot": [-1.5, 0.75, -1.25],
					"rotation": [10, 0, 0],
					"cubes": [
						{"origin": [-2.5, -0.25, -2], "size": [2, 1, 2], "uv": [53, 13]}
					]
				},
				{
					"name": "toe_back_right",
					"parent": "foot_right",
					"pivot": [-1.5, 0.75, 0],
					"cubes": [
						{"origin": [-1.5, -0.25, 0], "size": [0, 1, 1], "inflate": 0.01, "uv": [15, 22]}
					]
				},
				{
					"name": "claw_back_right",
					"parent": "toe_back_right",
					"pivot": [-1.5, 0.75, 1],
					"cubes": [
						{"origin": [-1.5, -0.25, 1], "size": [0, 1, 1], "uv": [22, 4]}
					]
				},
				{
					"name": "toe_inner_right",
					"parent": "foot_right",
					"pivot": [-0.75, 0.75, -2],
					"cubes": [
						{"origin": [-0.75, -0.25, -3], "size": [0, 1, 1], "inflate": 0.01, "uv": [0, 22]}
					]
				},
				{
					"name": "claw_inner_right",
					"parent": "toe_inner_right",
					"pivot": [-0.75, 0.75, -3],
					"cubes": [
						{"origin": [-0.75, -0.25, -4], "size": [0, 1, 1], "uv": [20, 16]}
					]
				},
				{
					"name": "toe_middle_right",
					"parent": "foot_right",
					"pivot": [-1.5, 0.75, -2],
					"cubes": [
						{"origin": [-1.5, -0.25, -3], "size": [0, 1, 1], "inflate": 0.01, "uv": [20, 4]}
					]
				},
				{
					"name": "claw_middle_right",
					"parent": "toe_middle_right",
					"pivot": [-1.5, 0.75, -3],
					"cubes": [
						{"origin": [-1.5, -0.25, -4], "size": [0, 1, 1], "uv": [18, 16]}
					]
				},
				{
					"name": "toe_outer_right",
					"parent": "foot_right",
					"pivot": [-2.25, 0.75, -2],
					"cubes": [
						{"origin": [-2.25, -0.25, -3], "size": [0, 1, 1], "inflate": 0.01, "uv": [4, 16]}
					]
				},
				{
					"name": "claw_outer_right",
					"parent": "toe_outer_right",
					"pivot": [-2.25, 0.75, -3],
					"cubes": [
						{"origin": [-2.25, -0.25, -4], "size": [0, 1, 1], "uv": [3, 15]}
					]
				}
			]
		}
	]
}