{
	"format_version": "1.12.0",
	"minecraft:geometry": [
		{
			"description": {
				"identifier": "geometry.unknown",
				"texture_width": 64,
				"texture_height": 64,
				"visible_bounds_width": 3,
				"visible_bounds_height": 3.5,
				"visible_bounds_offset": [0, 1.25, 0]
			},
			"bones": [
				{
					"name": "tangled_time",
					"pivot": [0, 0, 0]
				},
				{
					"name": "body",
					"parent": "tangled_time",
					"pivot": [0, 21, 0]
				},
				{
					"name": "torso",
					"parent": "body",
					"pivot": [0, 21, 0],
					"cubes": [
						{"origin": [-1.5, 18.5, -1.5], "size": [3, 4, 3], "inflate": 0.01, "uv": [16, 13]},
						{"origin": [-0.5, 22.5, -0.5], "size": [1, 1, 1], "uv": [26, 22]}
					]
				},
				{
					"name": "head",
					"parent": "torso",
					"pivot": [0, 23.5, 0],
					"cubes": [
						{"origin": [-3, 23.5, -3.5], "size": [6, 6, 7], "uv": [0, 0]},
						{"origin": [-2.51, 24.5, -3.51], "size": [1, 2, 0], "uv": [27, 26]},
						{"origin": [-3.01, 25, -2.51], "size": [0, 3, 3], "uv": [0, 0]}
					]
				},
				{
					"name": "hair",
					"parent": "head",
					"pivot": [-3, 26.5, 1.5],
					"rotation": [0, 50, 0],
					"cubes": [
						{"origin": [-9, 23.5, 1.5], "size": [6, 6, 0], "uv": [10, 33]}
					]
				},
				{
					"name": "left_horn",
					"parent": "head",
					"pivot": [2.5, 28.5375, -2],
					"rotation": [-22.5, 0, 25],
					"cubes": [
						{"origin": [2, 28.5, -2.5], "size": [1, 3, 1], "uv": [38, 2]},
						{"origin": [2, 28.5, -2.5], "size": [1, 1, 1], "inflate": 0.01, "uv": [38, 7]},
						{"origin": [2, 29.75, -2.5], "size": [1, 1, 1], "inflate": 0.01, "uv": [38, 9]},
						{"origin": [2, 31, -2.5], "size": [1, 1, 1], "inflate": 0.01, "uv": [38, 7]}
					]
				},
				{
					"name": "right_antenna",
					"parent": "head",
					"pivot": [-1.55, 27.525, -3.5],
					"cubes": [
						{"origin": [-2, 27.5, -3.5], "size": [1, 3, 0], "uv": [33, 2]}
					]
				},
				{
					"name": "right_antenna2",
					"parent": "right_antenna",
					"pivot": [-1.03333, 30.51667, -3.5],
					"cubes": [
						{"origin": [-2, 30.5, -3.5], "size": [1, 2, 0], "uv": [33, 6]}
					]
				},
				{
					"name": "right_antenna3",
					"parent": "right_antenna2",
					"pivot": [-2, 32.5, -3.5],
					"cubes": [
						{"origin": [-3, 32.5, -3.5], "size": [2, 3, 0], "uv": [33, 9]}
					]
				},
				{
					"name": "bone",
					"parent": "right_antenna3",
					"pivot": [-2, 35.5, -3.5],
					"cubes": [
						{"origin": [-3, 35.5, -3.5], "size": [2, 2, 0], "uv": [33, 13]}
					]
				},
				{
					"name": "bone2",
					"parent": "bone",
					"pivot": [-2, 37.49877, -3.5],
					"cubes": [
						{"origin": [-3, 37.5, -3.5], "size": [2, 4, 0], "uv": [33, 16]},
						{"origin": [-2, 37.5, -3.5], "size": [1, 2, 0], "pivot": [-1, 37.5, -3.5], "rotation": [0, 0, 45], "uv": [33, 21], "mirror": true},
						{"origin": [-3, 37.5, -3.5], "size": [1, 2, 0], "pivot": [-3, 37.5, -3.5], "rotation": [0, 0, -45], "uv": [33, 21]}
					]
				},
				{
					"name": "mouth",
					"parent": "head",
					"pivot": [0, 23.75, -0.5]
				},
				{
					"name": "mouth_open",
					"parent": "head",
					"pivot": [0, 23.75, -0.4],
					"cubes": [
						{"origin": [-1.5, 24, -3.42], "size": [3, 1, 0], "uv": [10, 28]},
						{"origin": [-1, 23.5, -3.43], "size": [2, 1, 0], "uv": [6, 28]}
					]
				},
				{
					"name": "right_eye",
					"parent": "head",
					"pivot": [0, 23.75, -0.5],
					"cubes": [
						{"origin": [-3.021, 25, -3.52], "size": [1, 2, 0], "uv": [19, 0]},
						{"origin": [-3.02, 25, -3.52], "size": [0, 2, 3], "uv": [7, 18]},
						{"origin": [-3.122, 25.1, -3.63], "size": [1, 2, 2], "inflate": -0.1, "uv": [0, 32]}
					]
				},
				{
					"name": "left_eye",
					"parent": "head",
					"pivot": [0, 23.75, -0.5],
					"cubes": [
						{"origin": [2.021, 25, -3.52], "size": [1, 2, 0], "uv": [46, 23], "mirror": true},
						{"origin": [3.02, 25, -3.52], "size": [0, 2, 3], "uv": [0, 38], "mirror": true},
						{"origin": [2.122, 25.1, -3.63], "size": [1, 2, 2], "inflate": -0.1, "uv": [0, 36], "mirror": true}
					]
				},
				{
					"name": "right_eye_closed",
					"parent": "head",
					"pivot": [0.1, 23.75, -0.4],
					"cubes": [
						{"origin": [-2.9, 25, -3.4], "size": [1, 2, 0], "inflate": 0.03, "uv": [14, 29], "mirror": true},
						{"origin": [-2.9, 25, -3.38], "size": [0, 2, 3], "inflate": 0.03, "uv": [16, 26], "mirror": true}
					]
				},
				{
					"name": "left_eye_closed",
					"parent": "head",
					"pivot": [-0.1, 23.75, -0.4],
					"cubes": [
						{"origin": [1.9, 25, -3.4], "size": [1, 2, 0], "inflate": 0.03, "uv": [6, 29]},
						{"origin": [2.9, 25, -3.38], "size": [0, 2, 3], "inflate": 0.03, "uv": [8, 26]}
					]
				},
				{
					"name": "onion",
					"parent": "head",
					"pivot": [0, 24.75, 3.5],
					"rotation": [35, 0, 0],
					"cubes": [
						{"origin": [-2, 24.75, 3.5], "size": [4, 4, 4], "uv": [0, 13]}
					]
				},
				{
					"name": "onion_bend",
					"parent": "onion",
					"pivot": [0, 24.75, 7.5],
					"rotation": [30, 0, 0],
					"cubes": [
						{"origin": [-1, 24.75, 7.5], "size": [2, 3, 2], "uv": [17, 24]}
					]
				},
				{
					"name": "onion_end",
					"parent": "onion_bend",
					"pivot": [0, 24.75, 9.5],
					"rotation": [15, 0, 0],
					"cubes": [
						{"origin": [0, 24.75, 9.5], "size": [0, 3, 3], "uv": [19, 1]}
					]
				},
				{
					"name": "spikes",
					"parent": "head",
					"pivot": [0, 23.5, 0]
				},
				{
					"name": "bone8",
					"parent": "spikes",
					"pivot": [0, 23.5, 0],
					"cubes": [
						{"origin": [2, 28.5, 2.5], "size": [1, 4, 0], "pivot": [2.5, 29.5, 2.5], "rotation": [-35, 0, 25], "uv": [36, 25], "mirror": true}
					]
				},
				{
					"name": "bone9",
					"parent": "spikes",
					"pivot": [0, 23.5, 0],
					"cubes": [
						{"origin": [-0.5, 29.5, 1.5], "size": [1, 6, 0], "pivot": [0, 29.5, 1.5], "rotation": [-20, 0, 0], "uv": [33, 25]}
					]
				},
				{
					"name": "bone10",
					"parent": "spikes",
					"pivot": [0, 23.5, 0],
					"cubes": [
						{"origin": [-3, 28.5, 2.5], "size": [1, 4, 0], "pivot": [-2.5, 29.5, 2.5], "rotation": [-35, 0, -25], "uv": [36, 25]}
					]
				},
				{
					"name": "right_arm",
					"parent": "torso",
					"pivot": [-1.5, 22, 0],
					"cubes": [
						{"origin": [-6.5, 21, -1], "size": [4, 2, 2], "uv": [14, 20]},
						{"origin": [-2.5, 21.5, -0.5], "size": [1, 1, 1], "uv": [27, 14]}
					]
				},
				{
					"name": "right_hand",
					"parent": "right_arm",
					"pivot": [-6.5, 22, 0],
					"cubes": [
						{"origin": [-7.5, 21.5, -0.5], "size": [1, 1, 1], "uv": [27, 12]},
						{"origin": [-7.5, 22, 0.5], "size": [1, 0, 1], "pivot": [-6.5, 22, 0.5], "rotation": [0, -32.5, 0], "uv": [4, 6]},
						{"origin": [-7.5, 22, -1.5], "size": [1, 0, 1], "pivot": [-6.5, 22, -0.5], "rotation": [0, 32.5, 0], "uv": [4, 6]}
					]
				},
				{
					"name": "left_arm",
					"parent": "torso",
					"pivot": [1.5, 22, 0],
					"cubes": [
						{"origin": [1.5, 21.5, -0.5], "size": [1, 1, 1], "uv": [26, 10]}
					]
				},
				{
					"name": "left_hand",
					"parent": "left_arm",
					"pivot": [3.06967, 22, 0],
					"cubes": [
						{"origin": [7, 22, -0.5], "size": [2, 0, 1], "inflate": 0.01, "uv": [0, 6]},
						{"origin": [6, 22, 0.5], "size": [1, 0, 2], "pivot": [6, 22, 0.5], "rotation": [0, 32.5, 0], "uv": [27, 7]},
						{"origin": [6, 22, -2.5], "size": [1, 0, 2], "pivot": [6, 22, -0.5], "rotation": [0, -32.5, 0], "uv": [27, 5]},
						{"origin": [3.5, 21.5, -1], "size": [4, 1, 2], "inflate": 0.01, "uv": [19, 0]},
						{"origin": [2.5, 21.5, -1], "size": [1, 1, 0], "inflate": 0.01, "uv": [31, 0]},
						{"origin": [2.5, 21.5, 1], "size": [1, 1, 0], "inflate": 0.01, "uv": [31, 0]}
					]
				},
				{
					"name": "right_wing",
					"parent": "torso",
					"pivot": [-0.75, 20.73333, 1.50833],
					"cubes": [
						{"origin": [-0.75, 20.75, 6.5], "size": [0, 3, 4], "uv": [12, 36]},
						{"origin": [-0.75, 21.25, 10.5], "size": [0, 2, 1], "uv": [8, 39]},
						{"origin": [-0.75, 19.25, 1.5], "size": [0, 3, 4], "uv": [50, 18]},
						{"origin": [-0.75, 17.5, 6.5], "size": [0, 3, 5], "uv": [11, 39]},
						{"origin": [-0.75, 18, 11.5], "size": [0, 2, 1], "uv": [7, 43]}
					]
				},
				{
					"name": "left_wing",
					"parent": "torso",
					"pivot": [0.75, 20.73333, 1.50833],
					"cubes": [
						{"origin": [0.75, 19.25, 1.5], "size": [0, 3, 4], "uv": [31, 33], "mirror": true}
					]
				},
				{
					"name": "bone3",
					"parent": "left_wing",
					"pivot": [0.75, 21.25, 5.53333],
					"cubes": [
						{"origin": [0.75, 19.25, 5.5], "size": [0, 4, 4], "uv": [40, 33], "mirror": true}
					]
				},
				{
					"name": "bone4",
					"parent": "bone3",
					"pivot": [0.75, 21.25, 9.5],
					"cubes": [
						{"origin": [0.75, 19.25, 9.5], "size": [0, 4, 3], "uv": [49, 34], "mirror": true}
					]
				},
				{
					"name": "bone5",
					"parent": "bone4",
					"pivot": [0.75, 21.25, 12.5],
					"cubes": [
						{"origin": [0.75, 19.25, 12.5], "size": [0, 4, 3], "uv": [57, 34], "mirror": true}
					]
				},
				{
					"name": "bone6",
					"parent": "bone5",
					"pivot": [0.75, 21.25, 15.5],
					"cubes": [
						{"origin": [0.75, 19.25, 15.5], "size": [0, 4, 2], "uv": [26, 35], "mirror": true}
					]
				},
				{
					"name": "bone7",
					"parent": "bone6",
					"pivot": [0.75, 21.25, 17.5],
					"cubes": [
						{"origin": [0.75, 19.25, 17.5], "size": [0, 4, 4], "uv": [22, 39], "mirror": true}
					]
				},
				{
					"name": "right_leg",
					"parent": "body",
					"pivot": [-0.75, 18.5, 0],
					"cubes": [
						{"origin": [-1.5, 16.5, -0.5], "size": [1, 2, 1], "uv": [25, 4]}
					]
				},
				{
					"name": "right_foot",
					"parent": "right_leg",
					"pivot": [-0.75, 16.5, 0],
					"cubes": [
						{"origin": [-2, 13.5, -1], "size": [2, 3, 2], "uv": [46, 4]}
					]
				},
				{
					"name": "left_leg",
					"parent": "body",
					"pivot": [0.75, 18.5, 0],
					"cubes": [
						{"origin": [0.5, 16.5, -0.5], "size": [1, 2, 1], "uv": [48, 10]},
						{"origin": [0.5, 16.5, -0.5], "size": [0, 2, 1], "pivot": [0.5, 18.5, 0], "rotation": [0, 0, 15], "uv": [60, 7]},
						{"origin": [0.5, 16.5, 0.5], "size": [1, 2, 0], "pivot": [1, 18.5, 0.5], "rotation": [17.5, 0, -22.5], "uv": [57, 8]},
						{"origin": [1.5, 17.5, -0.5], "size": [0, 1, 1], "pivot": [1.5, 18.5, 0], "rotation": [0, 0, -25], "uv": [57, 10]}
					]
				},
				{
					"name": "left_foot",
					"parent": "left_leg",
					"pivot": [1, 16.5, -0.5],
					"cubes": [
						{"origin": [0, 13.5, -3], "size": [2, 2, 4], "uv": [45, 15]},
						{"origin": [1, 13.5, 1], "size": [0, 2, 2], "uv": [55, 14]},
						{"origin": [0.5, 15.5, -0.5], "size": [1, 1, 1], "inflate": 0.01, "uv": [48, 10]}
					]
				}
			]
		}
	]
}