{
	"format_version": "1.12.0",
	"minecraft:geometry": [
		{
			"description": {
				"identifier": "geometry.unknown",
				"texture_width": 128,
				"texture_height": 128,
				"visible_bounds_width": 4,
				"visible_bounds_height": 4.5,
				"visible_bounds_offset": [0, 1.75, 0]
			},
			"bones": [
				{
					"name": "tapumumu",
					"pivot": [0, 0, 0]
				},
				{
					"name": "body",
					"parent": "tapumumu",
					"pivot": [0, 0, 0]
				},
				{
					"name": "torso",
					"parent": "body",
					"pivot": [0, 12, -2],
					"cubes": [
						{"origin": [-2.5, 12, -2], "size": [5, 3, 4], "uv": [0, 0]}
					]
				},
				{
					"name": "chest",
					"parent": "torso",
					"pivot": [0, 15, 0],
					"cubes": [
						{"origin": [-3.5, 15, -3], "size": [7, 6, 6], "uv": [70, 35]}
					]
				},
				{
					"name": "head_ai",
					"parent": "chest",
					"pivot": [0, 21, 1.5]
				},
				{
					"name": "neck",
					"parent": "head_ai",
					"pivot": [0, 21, 1.5],
					"cubes": [
						{"origin": [-1.5, 21, -1.5], "size": [3, 2, 3], "uv": [70, 47]}
					]
				},
				{
					"name": "head",
					"parent": "neck",
					"pivot": [0, 23, 0],
					"cubes": [
						{"origin": [-5.5, 23, -4], "size": [11, 9, 8], "inflate": -0.001, "uv": [64, 18]},
						{"origin": [1.5, 23.8, -4.4], "size": [3, 2, 0], "inflate": -0.2, "pivot": [3, 25, -4.1], "rotation": [180, 0, -172.5], "uv": [0, 7], "mirror": true},
						{"origin": [-4.5, 23.8, -4.4], "size": [3, 2, 0], "inflate": -0.2, "pivot": [-3, 25, -4.1], "rotation": [180, 0, 172.5], "uv": [0, 7]}
					]
				},
				{
					"name": "right_ear",
					"parent": "head",
					"pivot": [-3.6, 30, 0],
					"cubes": [
						{"origin": [-7.67868, 25.37868, -1], "size": [5, 3, 3], "inflate": -0.001, "pivot": [-6.92868, 26.87868, 0.5], "rotation": [0, 0, -62.5], "uv": [0, 25]}
					]
				},
				{
					"name": "right_ear2",
					"parent": "right_ear",
					"pivot": [-5.9, 26.3, 0],
					"cubes": [
						{"origin": [-9.73674, 24.62641, -0.5], "size": [4, 2, 2], "inflate": -0.001, "pivot": [-7.73674, 25.32641, 0.5], "rotation": [0, 0, -47.5], "uv": [0, 37]}
					]
				},
				{
					"name": "hat",
					"parent": "head",
					"pivot": [0, 33, 0],
					"cubes": [
						{"origin": [-11, 28, 8], "size": [22, 15, 3], "uv": [0, 64]},
						{"origin": [-11, 28, -11], "size": [22, 15, 3], "uv": [54, 0]},
						{"origin": [-11, 28, -8], "size": [3, 15, 16], "uv": [48, 36]},
						{"origin": [8, 28, -8], "size": [3, 15, 16], "uv": [48, 36], "mirror": true},
						{"origin": [-8, 32, -8], "size": [16, 11, 16], "uv": [0, 25]},
						{"origin": [-19, 43, -1], "size": [3, 10, 9], "pivot": [-9.5, 48, 0.5], "rotation": [0, -22.5, -67.5], "uv": [77, 58]},
						{"origin": [-9, 31, -3], "size": [6, 6, 5], "uv": [68, 81]},
						{"origin": [4, 30, -8], "size": [6, 6, 5], "uv": [68, 81], "mirror": true},
						{"origin": [-3, 31, -8], "size": [6, 6, 5], "uv": [68, 81], "mirror": true},
						{"origin": [-10, 30, -8], "size": [6, 6, 5], "uv": [68, 81]},
						{"origin": [16, 43, -1], "size": [3, 10, 9], "pivot": [9.5, 48, 0.5], "rotation": [0, 22.5, 67.5], "uv": [77, 58], "mirror": true},
						{"origin": [3, 31, -3], "size": [6, 6, 5], "uv": [68, 81], "mirror": true},
						{"origin": [3, 29, 0], "size": [6, 6, 5], "uv": [68, 81], "mirror": true},
						{"origin": [-9, 29, 0], "size": [6, 6, 5], "uv": [68, 81]},
						{"origin": [-9, 24, 2], "size": [6, 6, 5], "inflate": -0.001, "uv": [0, 82]},
						{"origin": [-3, 24, 4], "size": [6, 6, 5], "inflate": -0.001, "uv": [22, 82]},
						{"origin": [3, 24, 2], "size": [6, 6, 5], "inflate": -0.001, "uv": [0, 82], "mirror": true}
					]
				},
				{
					"name": "left_ear",
					"parent": "head",
					"pivot": [3.6, 30, 0],
					"cubes": [
						{"origin": [2.67868, 25.37868, -1], "size": [5, 3, 3], "inflate": -0.001, "pivot": [6.92868, 26.87868, 0.5], "rotation": [0, 0, 62.5], "uv": [0, 25], "mirror": true}
					]
				},
				{
					"name": "left_ear2",
					"parent": "left_ear",
					"pivot": [5.9, 26.3, 0],
					"cubes": [
						{"origin": [5.73674, 24.62641, -0.5], "size": [4, 2, 2], "inflate": -0.001, "pivot": [7.73674, 25.32641, 0.5], "rotation": [0, 0, 47.5], "uv": [0, 37], "mirror": true}
					]
				},
				{
					"name": "arms",
					"parent": "chest",
					"pivot": [0, 19, 0]
				},
				{
					"name": "right_arm",
					"parent": "arms",
					"pivot": [-3.5, 20, 1],
					"cubes": [
						{"origin": [-10.5, 18, -1], "size": [7, 2, 2], "uv": [44, 88]}
					]
				},
				{
					"name": "right_arm_accesory",
					"parent": "right_arm",
					"pivot": [-5, 19, 0],
					"cubes": [
						{"origin": [-6, 17, -2], "size": [2, 4, 4], "uv": [58, 88]}
					]
				},
				{
					"name": "right_arm2",
					"parent": "right_arm",
					"pivot": [-10.5, 20, 1],
					"cubes": [
						{"origin": [-14.4, 18, -1], "size": [4, 2, 2], "inflate": -0.001, "uv": [90, 85]}
					]
				},
				{
					"name": "right_arm3",
					"parent": "right_arm2",
					"pivot": [-14, 19, 0],
					"cubes": [
						{"origin": [-19, 17.5, -1.5], "size": [5, 3, 3], "inflate": -0.001, "uv": [0, 31]}
					]
				},
				{
					"name": "right_arm4",
					"parent": "right_arm3",
					"pivot": [-17, 19, 0],
					"cubes": [
						{"origin": [-24, 17, -2], "size": [7, 4, 4], "inflate": -0.001, "uv": [85, 77]}
					]
				},
				{
					"name": "shell_arm_right",
					"parent": "right_arm4",
					"pivot": [-19, 19, -2],
					"cubes": [
						{"origin": [-24, 16, -4], "size": [9, 7, 2], "uv": [86, 47]},
						{"origin": [-24, 16, -2], "size": [0, 7, 9], "uv": [50, 72]}
					]
				},
				{
					"name": "left_arm",
					"parent": "arms",
					"pivot": [3.5, 20, 1],
					"cubes": [
						{"origin": [3.5, 18, -1], "size": [7, 2, 2], "uv": [44, 88], "mirror": true}
					]
				},
				{
					"name": "left_arm_accesory",
					"parent": "left_arm",
					"pivot": [5, 19, 0],
					"cubes": [
						{"origin": [4, 17, -2], "size": [2, 4, 4], "uv": [58, 88], "mirror": true}
					]
				},
				{
					"name": "left_arm2",
					"parent": "left_arm",
					"pivot": [10.5, 20, 1],
					"cubes": [
						{"origin": [10.4, 18, -1], "size": [4, 2, 2], "inflate": -0.001, "uv": [90, 85], "mirror": true}
					]
				},
				{
					"name": "left_arm3",
					"parent": "left_arm2",
					"pivot": [14, 19, 0],
					"cubes": [
						{"origin": [14, 17.5, -1.5], "size": [5, 3, 3], "inflate": -0.001, "uv": [0, 31], "mirror": true}
					]
				},
				{
					"name": "left_arm4",
					"parent": "left_arm3",
					"pivot": [17, 19, 0],
					"cubes": [
						{"origin": [17, 17, -2], "size": [7, 4, 4], "inflate": -0.001, "uv": [85, 77], "mirror": true}
					]
				},
				{
					"name": "shell_arm_left",
					"parent": "left_arm4",
					"pivot": [19, 19, -2],
					"cubes": [
						{"origin": [15, 16, -4], "size": [9, 7, 2], "uv": [86, 47], "mirror": true},
						{"origin": [24, 16, -2], "size": [0, 7, 9], "uv": [50, 72], "mirror": true}
					]
				},
				{
					"name": "bottom",
					"parent": "body",
					"pivot": [0, 13, 0],
					"cubes": [
						{"origin": [-0.5, 9, -5], "size": [8, 4, 10], "pivot": [0, 11, 0], "rotation": [0, 0, 12.5], "uv": [50, 67]},
						{"origin": [-7.5, 9, -5], "size": [8, 4, 10], "pivot": [0, 11, 0], "rotation": [0, 0, -12.5], "uv": [50, 67], "mirror": true},
						{"origin": [-9, 4, -9], "size": [18, 7, 18], "uv": [0, 0]},
						{"origin": [-9, 11, -2], "size": [0, 7, 9], "uv": [0, 0]},
						{"origin": [9, 11, -2], "size": [0, 7, 9], "uv": [0, 0], "mirror": true},
						{"origin": [-9, 11, 7], "size": [18, 7, 2], "uv": [0, 52]}
					]
				},
				{
					"name": "leg_front_right",
					"parent": "bottom",
					"pivot": [-9, 10, -5],
					"cubes": [
						{"origin": [-12, 6, -6], "size": [4, 4, 3], "inflate": -0.001, "uv": [48, 32]}
					]
				},
				{
					"name": "leg_front_right2",
					"parent": "leg_front_right",
					"pivot": [-11, 8, -4.5],
					"cubes": [
						{"origin": [-15, 7, -5.5], "size": [4, 2, 2], "inflate": -0.001, "uv": [90, 35]}
					]
				},
				{
					"name": "leg_front_right3",
					"parent": "leg_front_right2",
					"pivot": [-14, 8, -5],
					"cubes": [
						{"origin": [-19, 6.5, -6], "size": [5, 3, 3], "inflate": -0.001, "uv": [0, 31]},
						{"origin": [-18, 7, -7], "size": [2, 2, 1], "inflate": -0.001, "uv": [40, 55]}
					]
				},
				{
					"name": "leg_front_right4",
					"parent": "leg_front_right3",
					"pivot": [-17, 8, -4.5],
					"cubes": [
						{"origin": [-24, 6, -6.5], "size": [7, 4, 4], "inflate": -0.001, "uv": [85, 77]},
						{"origin": [-23, 7, -7], "size": [2, 2, 1], "inflate": -0.001, "uv": [40, 52]}
					]
				},
				{
					"name": "leg_back_right",
					"parent": "bottom",
					"pivot": [-9, 8, 3.5],
					"cubes": [
						{"origin": [-12, 4, 2], "size": [4, 4, 3], "inflate": -0.001, "uv": [48, 25]}
					]
				},
				{
					"name": "leg_back_right2",
					"parent": "leg_back_right",
					"pivot": [-11, 6, 3.5],
					"cubes": [
						{"origin": [-15, 5, 2.5], "size": [4, 2, 2], "inflate": -0.001, "uv": [90, 35]}
					]
				},
				{
					"name": "leg_back_right3",
					"parent": "leg_back_right2",
					"pivot": [-14, 6, 3],
					"cubes": [
						{"origin": [-19, 4.5, 2], "size": [5, 3, 3], "inflate": -0.001, "uv": [0, 31]},
						{"origin": [-18, 5, 1], "size": [2, 2, 1], "inflate": -0.001, "uv": [40, 55]}
					]
				},
				{
					"name": "leg_back_right4",
					"parent": "leg_back_right3",
					"pivot": [-17, 6, 3.5],
					"cubes": [
						{"origin": [-24, 4, 1.5], "size": [7, 4, 4], "inflate": -0.001, "uv": [85, 77]},
						{"origin": [-23, 5, 1], "size": [2, 2, 1], "inflate": -0.001, "uv": [40, 52]}
					]
				},
				{
					"name": "leg_front_left",
					"parent": "bottom",
					"pivot": [9, 10, -5],
					"cubes": [
						{"origin": [8, 6, -6], "size": [4, 4, 3], "inflate": -0.001, "uv": [48, 32], "mirror": true}
					]
				},
				{
					"name": "leg_front_left2",
					"parent": "leg_front_left",
					"pivot": [11, 8, -4.5],
					"cubes": [
						{"origin": [11, 7, -5.5], "size": [4, 2, 2], "inflate": -0.001, "uv": [90, 35], "mirror": true}
					]
				},
				{
					"name": "leg_front_left3",
					"parent": "leg_front_left2",
					"pivot": [14, 8, -5],
					"cubes": [
						{"origin": [14, 6.5, -6], "size": [5, 3, 3], "inflate": -0.001, "uv": [0, 31], "mirror": true},
						{"origin": [16, 7, -7], "size": [2, 2, 1], "inflate": -0.001, "uv": [40, 55], "mirror": true}
					]
				},
				{
					"name": "leg_front_left4",
					"parent": "leg_front_left3",
					"pivot": [17, 8, -4.5],
					"cubes": [
						{"origin": [17, 6, -6.5], "size": [7, 4, 4], "inflate": -0.001, "uv": [85, 77], "mirror": true},
						{"origin": [21, 7, -7], "size": [2, 2, 1], "inflate": -0.001, "uv": [40, 52], "mirror": true}
					]
				},
				{
					"name": "leg_back_left",
					"parent": "bottom",
					"pivot": [9, 8, 3.5],
					"cubes": [
						{"origin": [8, 4, 2], "size": [4, 4, 3], "inflate": -0.001, "uv": [48, 25], "mirror": true}
					]
				},
				{
					"name": "leg_back_left2",
					"parent": "leg_back_left",
					"pivot": [11, 6, 3.5],
					"cubes": [
						{"origin": [11, 5, 2.5], "size": [4, 2, 2], "inflate": -0.001, "uv": [90, 35], "mirror": true}
					]
				},
				{
					"name": "leg_back_left3",
					"parent": "leg_back_left2",
					"pivot": [14, 6, 3],
					"cubes": [
						{"origin": [14, 4.5, 2], "size": [5, 3, 3], "inflate": -0.001, "uv": [0, 31], "mirror": true},
						{"origin": [16, 5, 1], "size": [2, 2, 1], "inflate": -0.001, "uv": [40, 55], "mirror": true}
					]
				},
				{
					"name": "leg_back_left4",
					"parent": "leg_back_left3",
					"pivot": [17, 6, 3.5],
					"cubes": [
						{"origin": [17, 4, 1.5], "size": [7, 4, 4], "inflate": -0.001, "uv": [85, 77], "mirror": true},
						{"origin": [21, 5, 1], "size": [2, 2, 1], "inflate": -0.001, "uv": [40, 52], "mirror": true}
					]
				}
			]
		}
	]
}