{
	"format_version": "1.12.0",
	"minecraft:geometry": [
		{
			"description": {
				"identifier": "geometry.tinkaton_delta",
				"texture_width": 64,
				"texture_height": 64,
				"visible_bounds_width": 4,
				"visible_bounds_height": 2.5,
				"visible_bounds_offset": [0, 0.75, 0]
			},
			"bones": [
				{
					"name": "tinkaton",
					"pivot": [0, 0, 0]
				},
				{
					"name": "body",
					"parent": "tinkaton",
					"pivot": [0, 0, 0]
				},
				{
					"name": "leg_left",
					"parent": "body",
					"pivot": [1.875, 2.96451, -0.42242],
					"cubes": [
						{"origin": [0.25, 0, -2], "size": [3, 3, 3], "uv": [38, 46]},
						{"origin": [3.3, 1, 1], "size": [0, 2, 3], "pivot": [3.25, 1, 1], "rotation": [35, 0, 0], "uv": [14, 36]},
						{"origin": [-3.3, 1, 1], "size": [0, 2, 3], "pivot": [-3.25, 1, 1], "rotation": [35, 0, 0], "uv": [14, 34]},
						{"origin": [1.25, -0.001, -1.5], "size": [1, 0, 2], "uv": [25, 25]}
					]
				},
				{
					"name": "leg_right",
					"parent": "body",
					"pivot": [-1.75, 2.9995, -0.5],
					"cubes": [
						{"origin": [-3.25, 0, -2], "size": [3, 3, 3], "uv": [0, 45]},
						{"origin": [-2.25, -0.001, -1.5], "size": [1, 0, 2], "uv": [16, 25]}
					]
				},
				{
					"name": "torso",
					"parent": "body",
					"pivot": [0, -1, -1],
					"cubes": [
						{"origin": [-2, 4, -2], "size": [4, 3, 3], "uv": [15, 42]},
						{"origin": [-2.5, 3, -2], "size": [5, 2, 3], "inflate": 0.1, "uv": [40, 18]}
					]
				},
				{
					"name": "head",
					"parent": "torso",
					"pivot": [0, 7, -0.5],
					"cubes": [
						{"origin": [-3, 7, -3.5], "size": [6, 6, 6], "uv": [0, 25]},
						{"origin": [-3.5, 10, -3.475], "size": [7, 3, 6], "inflate": 0.1, "uv": [24, 25]}
					]
				},
				{
					"name": "mouth",
					"parent": "head",
					"pivot": [0.025, 7.925, -3.5],
					"cubes": [
						{"origin": [-1.475, 7.175, -3.5], "size": [3, 1, 1], "inflate": 0.01, "uv": [26, 42]},
						{"origin": [-1.575, 7.825, -3.5], "size": [1, 1, 1], "inflate": 0.02, "pivot": [-0.975, 7.675, -3], "rotation": [0, 0, 45], "uv": [22, 48]},
						{"origin": [0.575, 7.825, -3.5], "size": [1, 1, 1], "inflate": 0.02, "pivot": [0.975, 7.675, -3], "rotation": [0, 0, -45], "uv": [46, 40]}
					]
				},
				{
					"name": "head_fin_left_1",
					"parent": "head",
					"pivot": [3.5, 12.75, -2.975],
					"rotation": [0, -10, 7.5],
					"cubes": [
						{"origin": [2, 12.75, -2.975], "size": [3, 6, 0], "uv": [6, 51]}
					]
				},
				{
					"name": "head_fin_right_1",
					"parent": "head",
					"pivot": [-3.5, 12.75, -2.975],
					"rotation": [0, 10, -7.5],
					"cubes": [
						{"origin": [-5, 12.75, -2.975], "size": [3, 6, 0], "uv": [50, 49]}
					]
				},
				{
					"name": "head_fin_left_3",
					"parent": "head",
					"pivot": [3.5, 12.75, 2.025],
					"rotation": [-10, -10, 7.5],
					"cubes": [
						{"origin": [2, 12.75, 2.025], "size": [3, 6, 0], "uv": [0, 51]}
					]
				},
				{
					"name": "head_fin_right_3",
					"parent": "head",
					"pivot": [-3.5, 12.75, 2.025],
					"rotation": [-10, 10, -7.5],
					"cubes": [
						{"origin": [-5, 12.75, 2.025], "size": [3, 6, 0], "uv": [0, 25]}
					]
				},
				{
					"name": "head_fin_left_2",
					"parent": "head",
					"pivot": [1.5, 12.75, 0.025],
					"rotation": [0, -10, 7.5],
					"cubes": [
						{"origin": [0, 12.75, 0.025], "size": [2, 5, 0], "uv": [52, 13]}
					]
				},
				{
					"name": "head_fin_right_2",
					"parent": "head",
					"pivot": [-1.5, 12.75, 0.025],
					"rotation": [0, 10, -7.5],
					"cubes": [
						{"origin": [-2, 12.75, 0.025], "size": [2, 5, 0], "uv": [52, 8]}
					]
				},
				{
					"name": "eye_left",
					"parent": "head",
					"pivot": [0, 10, -0.675],
					"cubes": [
						{"origin": [1, 8.5, -3.676], "size": [1, 2, 1], "inflate": 0.002, "uv": [35, 46]},
						{"origin": [1.71131, 9.95315, -3.651], "size": [1, 1, 1], "inflate": 0.001, "pivot": [2, 10, -3.676], "rotation": [-12.5, 0, -25], "uv": [36, 52]},
						{"origin": [2.46131, 9.95315, -3.651], "size": [1, 1, 1], "inflate": 0.001, "pivot": [2, 10, -3.676], "rotation": [-7.5, 0, -25], "uv": [28, 52]},
						{"origin": [-3.46131, 9.95315, -3.651], "size": [1, 1, 1], "inflate": 0.001, "pivot": [-2, 10, -3.676], "rotation": [-7.5, 0, 25], "uv": [48, 29]}
					]
				},
				{
					"name": "eyelid_left",
					"parent": "eye_left",
					"pivot": [0, 10, 0.325],
					"cubes": [
						{"origin": [1, 8.5, -2.676], "size": [1, 2, 1], "inflate": 0.003, "uv": [9, 45]}
					]
				},
				{
					"name": "eye_right",
					"parent": "head",
					"pivot": [0, 10, -0.675],
					"cubes": [
						{"origin": [-2, 8.5, -3.676], "size": [1, 2, 1], "inflate": 0.002, "uv": [40, 0]},
						{"origin": [-2.71131, 9.95315, -3.651], "size": [1, 1, 1], "inflate": 0.001, "pivot": [-2, 10, -3.676], "rotation": [-12.5, 0, 25], "uv": [32, 52]}
					]
				},
				{
					"name": "eyelid_right",
					"parent": "eye_right",
					"pivot": [0, 10, 0.325],
					"cubes": [
						{"origin": [-2, 8.5, -2.676], "size": [1, 2, 1], "inflate": 0.003, "uv": [0, 37]}
					]
				},
				{
					"name": "hair_left1",
					"parent": "head",
					"pivot": [2, 13, -0.5],
					"cubes": [
						{"origin": [2, 11, -2.5], "size": [5, 4, 4], "inflate": 0.01, "uv": [0, 37]}
					]
				},
				{
					"name": "hair_left2",
					"parent": "hair_left1",
					"pivot": [7, 13, -0.5],
					"cubes": [
						{"origin": [7, 11, -2.5], "size": [4, 4, 4], "uv": [40, 0]}
					]
				},
				{
					"name": "hair_left3",
					"parent": "hair_left2",
					"pivot": [11, 13, -0.5],
					"cubes": [
						{"origin": [11, 11.5, -2], "size": [3, 3, 3], "inflate": 0.01, "uv": [46, 34]}
					]
				},
				{
					"name": "hair_left4",
					"parent": "hair_left3",
					"pivot": [14, 13, -0.5],
					"cubes": [
						{"origin": [14, 11.5, -2], "size": [3, 3, 3], "uv": [26, 46]}
					]
				},
				{
					"name": "hair_left5",
					"parent": "hair_left4",
					"pivot": [17, 13, -0.5],
					"cubes": [
						{"origin": [17, 12, -1.5], "size": [3, 2, 2], "inflate": 0.01, "uv": [50, 40]}
					]
				},
				{
					"name": "hair_left6",
					"parent": "hair_left5",
					"pivot": [20, 13, -0.5],
					"cubes": [
						{"origin": [20, 12.5, -1], "size": [2, 1, 1], "uv": [42, 34]}
					]
				},
				{
					"name": "hair_right1",
					"parent": "head",
					"pivot": [-2, 13, -0.5],
					"cubes": [
						{"origin": [-7, 11, -2.5], "size": [5, 4, 4], "inflate": 0.01, "uv": [20, 34]}
					]
				},
				{
					"name": "hair_right2",
					"parent": "hair_right1",
					"pivot": [-7, 13, -0.5],
					"cubes": [
						{"origin": [-11, 11, -2.5], "size": [4, 4, 4], "uv": [34, 38]}
					]
				},
				{
					"name": "hair_right3",
					"parent": "hair_right2",
					"pivot": [-11, 13, -0.5],
					"cubes": [
						{"origin": [-14, 11.5, -2], "size": [3, 3, 3], "inflate": 0.01, "uv": [44, 23]}
					]
				},
				{
					"name": "hair_right4",
					"parent": "hair_right3",
					"pivot": [-14, 13, -0.5],
					"cubes": [
						{"origin": [-17, 11.5, -2], "size": [3, 3, 3], "uv": [18, 25]}
					]
				},
				{
					"name": "hair_right5",
					"parent": "hair_right4",
					"pivot": [-17, 13, -0.5],
					"cubes": [
						{"origin": [-20, 12, -1.5], "size": [3, 2, 2], "inflate": 0.01, "uv": [34, 34]}
					]
				},
				{
					"name": "hair_right6",
					"parent": "hair_right5",
					"pivot": [-20, 13, -0.5],
					"cubes": [
						{"origin": [-22, 12.5, -1], "size": [2, 1, 1], "uv": [40, 23]}
					]
				},
				{
					"name": "arm_left",
					"parent": "torso",
					"pivot": [2, 6, -0.5],
					"cubes": [
						{"origin": [2, 5, -1.5], "size": [2, 2, 2], "uv": [52, 0]}
					]
				},
				{
					"name": "arm_left2",
					"parent": "arm_left",
					"pivot": [4, 6, 0.5],
					"cubes": [
						{"origin": [4, 4.5, -1.5], "size": [3, 3, 2], "inflate": 0.001, "uv": [50, 29]}
					]
				},
				{
					"name": "fingers_left",
					"parent": "arm_left2",
					"pivot": [4.5, 5, -0.5]
				},
				{
					"name": "finger_left1",
					"parent": "fingers_left",
					"pivot": [7.125, 6, -0.5],
					"cubes": [
						{"origin": [6.625, 5.5, -0.5], "size": [1, 1, 0], "pivot": [7.125, 6, -0.5], "rotation": [0, 0, 45], "uv": [40, 18]}
					]
				},
				{
					"name": "finger_left2",
					"parent": "fingers_left",
					"pivot": [7.125, 5, -0.5],
					"rotation": [0, 0, 15],
					"cubes": [
						{"origin": [6.625, 4.5, -0.5], "size": [1, 1, 0], "pivot": [7.125, 5, -0.5], "rotation": [0, 0, 45], "uv": [40, 3]}
					]
				},
				{
					"name": "finger_left3",
					"parent": "fingers_left",
					"pivot": [7.125, 7, -0.5],
					"rotation": [0, 0, -15],
					"cubes": [
						{"origin": [6.625, 6.5, -0.5], "size": [1, 1, 0], "pivot": [7.125, 7, -0.5], "rotation": [0, 0, 45], "uv": [2, 40]}
					]
				},
				{
					"name": "finger_left4",
					"parent": "fingers_left",
					"pivot": [6.875, 7.75, -0.5],
					"rotation": [0, 0, -40],
					"cubes": [
						{"origin": [6.375, 7.25, -0.5], "size": [1, 1, 0], "pivot": [6.875, 7.75, -0.5], "rotation": [0, 0, 45], "uv": [0, 40]}
					]
				},
				{
					"name": "finger_left5",
					"parent": "fingers_left",
					"pivot": [6.89539, 4.38788, -0.5],
					"rotation": [0, 0, -60],
					"cubes": [
						{"origin": [14.51671, 2.28128, -0.5], "size": [1, 1, 0], "pivot": [9.01671, -6.21872, -0.5], "rotation": [0, 0, -45], "uv": [22, 37]}
					]
				},
				{
					"name": "arm_right",
					"parent": "torso",
					"pivot": [-2, 6, -0.5],
					"cubes": [
						{"origin": [-4, 5, -1.5], "size": [2, 2, 2], "uv": [20, 51]}
					]
				},
				{
					"name": "arm_right2",
					"parent": "arm_right",
					"pivot": [-4, 6, 0.5],
					"cubes": [
						{"origin": [-7, 4.5, -1.5], "size": [3, 3, 2], "inflate": 0.001, "uv": [48, 44]}
					]
				},
				{
					"name": "fingers_right",
					"parent": "arm_right2",
					"pivot": [-4.5, 5, -0.5]
				},
				{
					"name": "finger_right1",
					"parent": "fingers_right",
					"pivot": [-7.125, 6, -0.5],
					"cubes": [
						{"origin": [-7.625, 5.5, -0.5], "size": [1, 1, 0], "pivot": [-7.125, 6, -0.5], "rotation": [0, 0, -45], "uv": [20, 37]}
					]
				},
				{
					"name": "finger_right2",
					"parent": "fingers_right",
					"pivot": [-7.125, 5, -0.5],
					"rotation": [0, 0, -15],
					"cubes": [
						{"origin": [-7.625, 4.5, -0.5], "size": [1, 1, 0], "pivot": [-7.125, 5, -0.5], "rotation": [0, 0, -45], "uv": [34, 35]}
					]
				},
				{
					"name": "finger_right3",
					"parent": "fingers_right",
					"pivot": [-7.125, 7, -0.5],
					"rotation": [0, 0, 15],
					"cubes": [
						{"origin": [-7.625, 6.5, -0.5], "size": [1, 1, 0], "pivot": [-7.125, 7, -0.5], "rotation": [0, 0, -45], "uv": [34, 34]}
					]
				},
				{
					"name": "finger_right4",
					"parent": "fingers_right",
					"pivot": [-6.875, 7.75, -0.5],
					"rotation": [0, 0, 40],
					"cubes": [
						{"origin": [-7.375, 7.25, -0.5], "size": [1, 1, 0], "pivot": [-6.875, 7.75, -0.5], "rotation": [0, 0, -45], "uv": [27, 27]}
					]
				},
				{
					"name": "finger_right5",
					"parent": "fingers_right",
					"pivot": [-6.89539, 4.38788, -0.5],
					"rotation": [0, 0, 60],
					"cubes": [
						{"origin": [-15.51671, 2.28128, -0.5], "size": [1, 1, 0], "pivot": [-9.01671, -6.21872, -0.5], "rotation": [0, 0, 45], "uv": [18, 27]}
					]
				},
				{
					"name": "scissors",
					"parent": "arm_right2",
					"pivot": [-37.63011, 6.39575, -2.35714],
					"rotation": [0, 0, -180]
				},
				{
					"name": "scizzors_right",
					"parent": "scissors",
					"pivot": [-37.68532, 4.25, -2.1217],
					"rotation": [0, 0, 40],
					"cubes": [
						{"origin": [-39.26865, 8.5, -2.1217], "size": [6, 10, 0], "uv": [40, 8]},
						{"origin": [-43.76865, -18.5, -2.1217], "size": [10, 25, 0], "uv": [20, 0]},
						{"origin": [-38.76865, 6.5, -2.1217], "size": [2, 2, 0], "uv": [44, 29]}
					]
				},
				{
					"name": "scizzors_left",
					"parent": "scissors",
					"pivot": [-37.81468, 4.25, -2.3717],
					"rotation": [0, 0, -40],
					"cubes": [
						{"origin": [-41.23135, 8.5, -2.3717], "size": [5, 5, 0], "uv": [12, 48]},
						{"origin": [-41.73135, -18.5, -2.3717], "size": [10, 25, 0], "uv": [0, 0]},
						{"origin": [-38.73135, 6.5, -2.3717], "size": [2, 2, 0], "uv": [29, 44]}
					]
				}
			]
		}
	]
}