{
	"format_version": "1.12.0",
	"minecraft:geometry": [
		{
			"description": {
				"identifier": "geometry.tinkaton_delta",
				"texture_width": 64,
				"texture_height": 64,
				"visible_bounds_width": 5,
				"visible_bounds_height": 3.5,
				"visible_bounds_offset": [0, 1.25, 0]
			},
			"bones": [
				{
					"name": "tinkaton",
					"pivot": [0, 0, 0]
				},
				{
					"name": "body",
					"parent": "tinkaton",
					"pivot": [0, 5, 0]
				},
				{
					"name": "leg_left",
					"parent": "body",
					"pivot": [1.75, 3, -0.5],
					"cubes": [
						{"origin": [0.25, 0, -2], "size": [3, 3, 3], "uv": [46, 13]},
						{"origin": [0.25, 0.01, -3], "size": [3, 0, 1], "uv": [7, 5]},
						{"origin": [1.25, -0.001, -1.5], "size": [1, 0, 2], "uv": [4, 0]}
					]
				},
				{
					"name": "leg_right",
					"parent": "body",
					"pivot": [-1.75, 3, -0.5],
					"cubes": [
						{"origin": [-3.25, 0, -2], "size": [3, 3, 3], "uv": [46, 13], "mirror": true},
						{"origin": [-3.25, 0.01, -3], "size": [3, 0, 1], "uv": [7, 5], "mirror": true},
						{"origin": [-2.25, -0.001, -1.5], "size": [1, 0, 2], "uv": [4, 0], "mirror": true}
					]
				},
				{
					"name": "torso",
					"parent": "body",
					"pivot": [0, 4, 0],
					"cubes": [
						{"origin": [-2, 4, -2], "size": [4, 3, 3], "uv": [0, 42]},
						{"origin": [-0.5, 5.5, -2.15], "size": [1, 1, 0], "uv": [0, 1]},
						{"origin": [0.5, 5, -2.125], "size": [2, 2, 0], "pivot": [1.5, 6, -2.15], "rotation": [0, 0, 45], "uv": [44, 52]},
						{"origin": [-2.5, 5, -2.125], "size": [2, 2, 0], "pivot": [-1.5, 6, -2.15], "rotation": [0, 0, -45], "uv": [24, 52]},
						{"origin": [-2.5, 3, -2], "size": [5, 2, 3], "inflate": 0.1, "uv": [16, 38]}
					]
				},
				{
					"name": "head",
					"parent": "torso",
					"pivot": [0, 7, -0.5],
					"cubes": [
						{"origin": [-3, 7, -3.5], "size": [6, 6, 6], "uv": [8, 0]},
						{"origin": [-3.5, 10, -3.475], "size": [7, 3, 6], "inflate": 0.1, "uv": [8, 12]}
					]
				},
				{
					"name": "mouth",
					"parent": "head",
					"pivot": [0.025, 7.925, -3.5],
					"rotation": [-2.5, 0, 0],
					"cubes": [
						{"origin": [-0.475, 7.425, -3.5], "size": [1, 1, 0], "pivot": [0.025, 7.925, -3.5], "rotation": [0, 0, -45], "uv": [0, 0]}
					]
				},
				{
					"name": "eye_left",
					"parent": "head",
					"pivot": [0, 10, -0.675],
					"cubes": [
						{"origin": [1, 8.5, -3.676], "size": [1, 2, 1], "inflate": 0.002, "uv": [29, 38]},
						{"origin": [1.71131, 9.95315, -3.651], "size": [1, 1, 1], "inflate": 0.001, "pivot": [2, 10, -3.676], "rotation": [-12.5, 0, -25], "uv": [20, 52]},
						{"origin": [1.25, 9, -3.676], "size": [1, 1, 1], "inflate": 0.001, "pivot": [2, 9.5, -3.176], "rotation": [0, 0, 45], "uv": [8, 48]}
					]
				},
				{
					"name": "eyelid_left",
					"parent": "eye_left",
					"pivot": [0, 10, 0.325],
					"cubes": [
						{"origin": [1, 8.5, -2.676], "size": [1, 2, 1], "inflate": 0.003, "uv": [8, 21]}
					]
				},
				{
					"name": "eye_right",
					"parent": "head",
					"pivot": [0, 10, -0.675],
					"cubes": [
						{"origin": [-2, 8.5, -3.676], "size": [1, 2, 1], "inflate": 0.002, "uv": [29, 38], "mirror": true},
						{"origin": [-2.71131, 9.95315, -3.651], "size": [1, 1, 1], "inflate": 0.001, "pivot": [-2, 10, -3.676], "rotation": [-12.5, 0, 25], "uv": [20, 52], "mirror": true},
						{"origin": [-2.25, 9, -3.676], "size": [1, 1, 1], "inflate": 0.001, "pivot": [-2, 9.5, -3.176], "rotation": [0, 0, -45], "uv": [8, 48], "mirror": true}
					]
				},
				{
					"name": "eyelid_right",
					"parent": "eye_right",
					"pivot": [0, 10, 0.325],
					"cubes": [
						{"origin": [-2, 8.5, -2.676], "size": [1, 2, 1], "inflate": 0.003, "uv": [8, 21], "mirror": true}
					]
				},
				{
					"name": "tentacle_left1",
					"parent": "head",
					"pivot": [2, 13, -0.5],
					"cubes": [
						{"origin": [2, 11, -2.5], "size": [7, 4, 4], "inflate": 0.01, "uv": [8, 21]},
						{"origin": [5, 10, -2], "size": [3, 1, 3], "inflate": 0.01, "uv": [11, 47]}
					]
				},
				{
					"name": "tentacle_left2",
					"parent": "tentacle_left1",
					"pivot": [9, 13, -0.5],
					"cubes": [
						{"origin": [9, 11, -2.5], "size": [6, 4, 4], "uv": [26, 25]},
						{"origin": [11, 10, -2], "size": [3, 1, 3], "uv": [47, 6]}
					]
				},
				{
					"name": "tentacle_left3",
					"parent": "tentacle_left2",
					"pivot": [15, 13, -0.5],
					"cubes": [
						{"origin": [15, 11.5, -2], "size": [5, 3, 3], "inflate": 0.01, "uv": [0, 36]},
						{"origin": [17, 10.75, -1.5], "size": [2, 1, 2], "inflate": 0.01, "uv": [17, 29]}
					]
				},
				{
					"name": "tentacle_left4",
					"parent": "tentacle_left3",
					"pivot": [20, 13, -0.5],
					"cubes": [
						{"origin": [20, 11.5, -2], "size": [5, 3, 3], "uv": [35, 35]},
						{"origin": [22, 10.75, -1.5], "size": [2, 1, 2], "uv": [26, 0]}
					]
				},
				{
					"name": "tentacle_left5",
					"parent": "tentacle_left4",
					"pivot": [25, 13, -0.5],
					"cubes": [
						{"origin": [25, 12, -1.5], "size": [5, 2, 2], "inflate": 0.01, "uv": [44, 45]},
						{"origin": [28, 11.5, -1], "size": [1, 1, 1], "inflate": 0.01, "uv": [11, 42]},
						{"origin": [26, 11.5, -1], "size": [1, 1, 1], "inflate": 0.01, "uv": [40, 33]}
					]
				},
				{
					"name": "tentacle_left6",
					"parent": "tentacle_left5",
					"pivot": [30, 13, -0.5],
					"cubes": [
						{"origin": [30, 12.5, -1], "size": [4, 1, 1], "uv": [50, 22]}
					]
				},
				{
					"name": "starfish",
					"parent": "tentacle_left1",
					"pivot": [5.5, 15, -2.575],
					"rotation": [-25, 0, 0],
					"cubes": [
						{"origin": [5, 14.5, -2.575], "size": [1, 3, 0], "uv": [17, 36]},
						{"origin": [5, 14.5, -2.575], "size": [1, 3, 0], "pivot": [5.5, 15, -2.575], "rotation": [0, 0, -145], "uv": [26, 21]},
						{"origin": [5, 14.5, -2.575], "size": [1, 3, 0], "pivot": [5.5, 15, -2.575], "rotation": [0, 0, 145], "uv": [0, 29]},
						{"origin": [5, 14.5, -2.575], "size": [1, 3, 0], "pivot": [5.5, 15, -2.575], "rotation": [0, 0, -72.5], "uv": [20, 32]},
						{"origin": [5, 14.5, -2.575], "size": [1, 3, 0], "pivot": [5.5, 15, -2.575], "rotation": [0, 0, 72.5], "uv": [0, 36]}
					]
				},
				{
					"name": "tentacle_right1",
					"parent": "head",
					"pivot": [-2, 13, -0.5],
					"cubes": [
						{"origin": [-9, 11, -2.5], "size": [7, 4, 4], "inflate": 0.01, "uv": [8, 21], "mirror": true},
						{"origin": [-4, 14.5, -1.75], "size": [1, 1, 1], "inflate": 0.01, "uv": [36, 33], "mirror": true},
						{"origin": [-4.5, 14.75, -0.25], "size": [1, 1, 1], "inflate": 0.01, "uv": [28, 16], "mirror": true},
						{"origin": [-8, 10, -2], "size": [3, 1, 3], "inflate": 0.01, "uv": [11, 47], "mirror": true}
					]
				},
				{
					"name": "tentacle_right2",
					"parent": "tentacle_right1",
					"pivot": [-9, 13, -0.5],
					"cubes": [
						{"origin": [-15, 11, -2.5], "size": [6, 4, 4], "uv": [26, 25], "mirror": true},
						{"origin": [-14, 10, -2], "size": [3, 1, 3], "uv": [47, 6], "mirror": true}
					]
				},
				{
					"name": "tentacle_right3",
					"parent": "tentacle_right2",
					"pivot": [-15, 13, -0.5],
					"cubes": [
						{"origin": [-20, 11.5, -2], "size": [5, 3, 3], "inflate": 0.01, "uv": [0, 36], "mirror": true},
						{"origin": [-19, 10.75, -1.5], "size": [2, 1, 2], "inflate": 0.01, "uv": [17, 29], "mirror": true}
					]
				},
				{
					"name": "tentacle_right4",
					"parent": "tentacle_right3",
					"pivot": [-20, 13, -0.5],
					"cubes": [
						{"origin": [-25, 11.5, -2], "size": [5, 3, 3], "uv": [35, 35], "mirror": true},
						{"origin": [-24, 10.75, -1.5], "size": [2, 1, 2], "uv": [26, 0], "mirror": true}
					]
				},
				{
					"name": "tentacle_right5",
					"parent": "tentacle_right4",
					"pivot": [-25, 13, -0.5],
					"cubes": [
						{"origin": [-30, 12, -1.5], "size": [5, 2, 2], "inflate": 0.01, "uv": [44, 45], "mirror": true},
						{"origin": [-29, 11.5, -1], "size": [1, 1, 1], "inflate": 0.01, "uv": [11, 42], "mirror": true},
						{"origin": [-27, 11.5, -1], "size": [1, 1, 1], "inflate": 0.01, "uv": [40, 33], "mirror": true}
					]
				},
				{
					"name": "tentacle_right6",
					"parent": "tentacle_right5",
					"pivot": [-30, 13, -0.5],
					"cubes": [
						{"origin": [-34, 12.5, -1], "size": [4, 1, 1], "uv": [50, 22], "mirror": true}
					]
				},
				{
					"name": "arm_left",
					"parent": "torso",
					"pivot": [3, 6, -0.5],
					"cubes": [
						{"origin": [2, 5, -1.5], "size": [2, 2, 2], "uv": [51, 37]}
					]
				},
				{
					"name": "arm_left2",
					"parent": "arm_left",
					"pivot": [4, 6, 0.5],
					"cubes": [
						{"origin": [4, 4.5, -1.5], "size": [3, 3, 2], "inflate": 0.001, "uv": [0, 48]}
					]
				},
				{
					"name": "fingers_left",
					"parent": "arm_left2",
					"pivot": [4.5, 5, -0.5]
				},
				{
					"name": "finger_left1",
					"parent": "fingers_left",
					"pivot": [7.125, 6, -0.5],
					"cubes": [
						{"origin": [6.625, 5.5, -0.5], "size": [1, 1, 0], "pivot": [7.125, 6, -0.5], "rotation": [0, 0, 45], "uv": [10, 24]}
					]
				},
				{
					"name": "finger_left2",
					"parent": "fingers_left",
					"pivot": [7.125, 5, -0.5],
					"rotation": [0, 0, 15],
					"cubes": [
						{"origin": [6.625, 4.5, -0.5], "size": [1, 1, 0], "pivot": [7.125, 5, -0.5], "rotation": [0, 0, 45], "uv": [8, 24]}
					]
				},
				{
					"name": "finger_left3",
					"parent": "fingers_left",
					"pivot": [7.125, 7, -0.5],
					"rotation": [0, 0, -15],
					"cubes": [
						{"origin": [6.625, 6.5, -0.5], "size": [1, 1, 0], "pivot": [7.125, 7, -0.5], "rotation": [0, 0, 45], "uv": [12, 17]}
					]
				},
				{
					"name": "finger_left4",
					"parent": "fingers_left",
					"pivot": [6.875, 7.75, -0.5],
					"rotation": [0, 0, -40],
					"cubes": [
						{"origin": [6.375, 7.25, -0.5], "size": [1, 1, 0], "pivot": [6.875, 7.75, -0.5], "rotation": [0, 0, 45], "uv": [10, 17]}
					]
				},
				{
					"name": "finger_left5",
					"parent": "fingers_left",
					"pivot": [6.89539, 4.38788, -0.5],
					"rotation": [0, 0, -60],
					"cubes": [
						{"origin": [14.51671, 2.28128, -0.5], "size": [1, 1, 0], "pivot": [9.01671, -6.21872, -0.5], "rotation": [0, 0, -45], "uv": [8, 17]}
					]
				},
				{
					"name": "arm_right",
					"parent": "torso",
					"pivot": [-3, 6, -0.5],
					"cubes": [
						{"origin": [-4, 5, -1.5], "size": [2, 2, 2], "uv": [51, 37], "mirror": true}
					]
				},
				{
					"name": "arm_right2",
					"parent": "arm_right",
					"pivot": [-4, 6, 0.5],
					"cubes": [
						{"origin": [-7, 4.5, -1.5], "size": [3, 3, 2], "inflate": 0.001, "uv": [0, 48], "mirror": true}
					]
				},
				{
					"name": "fingers_right",
					"parent": "arm_right2",
					"pivot": [-4.5, 5, -0.5]
				},
				{
					"name": "finger_right1",
					"parent": "fingers_right",
					"pivot": [-7.125, 6, -0.5],
					"cubes": [
						{"origin": [-7.625, 5.5, -0.5], "size": [1, 1, 0], "pivot": [-7.125, 6, -0.5], "rotation": [0, 0, -45], "uv": [10, 24], "mirror": true}
					]
				},
				{
					"name": "finger_right2",
					"parent": "fingers_right",
					"pivot": [-7.125, 5, -0.5],
					"rotation": [0, 0, -15],
					"cubes": [
						{"origin": [-7.625, 4.5, -0.5], "size": [1, 1, 0], "pivot": [-7.125, 5, -0.5], "rotation": [0, 0, -45], "uv": [8, 24], "mirror": true}
					]
				},
				{
					"name": "finger_right3",
					"parent": "fingers_right",
					"pivot": [-7.125, 7, -0.5],
					"rotation": [0, 0, 15],
					"cubes": [
						{"origin": [-7.625, 6.5, -0.5], "size": [1, 1, 0], "pivot": [-7.125, 7, -0.5], "rotation": [0, 0, -45], "uv": [12, 17], "mirror": true}
					]
				},
				{
					"name": "finger_right4",
					"parent": "fingers_right",
					"pivot": [-6.875, 7.75, -0.5],
					"rotation": [0, 0, 40],
					"cubes": [
						{"origin": [-7.375, 7.25, -0.5], "size": [1, 1, 0], "pivot": [-6.875, 7.75, -0.5], "rotation": [0, 0, -45], "uv": [10, 17], "mirror": true}
					]
				},
				{
					"name": "finger_right5",
					"parent": "fingers_right",
					"pivot": [-6.89539, 4.38788, -0.5],
					"rotation": [0, 0, 60],
					"cubes": [
						{"origin": [-15.51671, 2.28128, -0.5], "size": [1, 1, 0], "pivot": [-9.01671, -6.21872, -0.5], "rotation": [0, 0, 45], "uv": [8, 17], "mirror": true}
					]
				},
				{
					"name": "anchor",
					"parent": "arm_right2",
					"pivot": [-7.13011, 6.39575, -2.35714],
					"rotation": [0, 0, -180],
					"cubes": [
						{"origin": [-8.26865, 10.5, -4.8717], "size": [2, 2, 4], "uv": [50, 49]},
						{"origin": [-9.26865, 8.5, -3.8717], "size": [4, 1, 3], "uv": [43, 30]},
						{"origin": [-9.26865, 9.5, -3.8717], "size": [1, 2, 3], "uv": [42, 24]},
						{"origin": [-6.26865, 9.5, -3.8717], "size": [1, 2, 3], "uv": [50, 24]},
						{"origin": [-8.26865, -18.5, -3.3717], "size": [2, 27, 2], "pivot": [-7.26865, -1.5, -2.3717], "rotation": [0, -45, 0], "uv": [0, 0]},
						{"origin": [-9.26865, -6.5, -2.8717], "size": [1, 10, 1], "inflate": 0.2, "pivot": [-7.26865, -1.5, -2.3717], "rotation": [0, 0, -90], "uv": [28, 43]},
						{"origin": [-9.76865, -23.5, -3.9217], "size": [6, 6, 3], "inflate": 0.03, "pivot": [-7.26865, -20, -2.4217], "rotation": [0, 0, 45], "uv": [32, 0]},
						{"origin": [-6.4688, -20.68325, -3.9217], "size": [7, 4, 3], "inflate": 0.02, "pivot": [-1.9688, -19.18325, -2.4217], "rotation": [0, 0, -20], "uv": [29, 9]},
						{"origin": [5.75635, -19.05, -2.9217], "size": [7, 3, 2], "inflate": 0.01, "pivot": [3.73135, -24, -1.4217], "rotation": [0, 0, -62.5], "uv": [20, 33]},
						{"origin": [0.62118, -9.26027, -1.9217], "size": [5, 2, 1], "inflate": 0.01, "pivot": [2.87118, -8.21027, -1.4217], "rotation": [0, 0, 35], "uv": [47, 0]},
						{"origin": [7.03135, -4, -1.9217], "size": [6, 3, 1], "pivot": [10.13135, -10.7, -1.4217], "rotation": [0, 0, -90], "uv": [44, 41]},
						{"origin": [-15.0685, -20.68325, -3.9217], "size": [7, 4, 3], "inflate": 0.02, "pivot": [-12.5685, -19.18325, -2.4217], "rotation": [0, 0, 20], "uv": [0, 29]},
						{"origin": [-27.29365, -19.05, -2.9217], "size": [7, 3, 2], "inflate": 0.01, "pivot": [-18.26865, -24, -1.4217], "rotation": [0, 0, 62.5], "uv": [32, 19]},
						{"origin": [-27.56865, -4, -1.9217], "size": [6, 3, 1], "pivot": [-24.66865, -10.7, -1.4217], "rotation": [0, 0, 90], "uv": [14, 43]},
						{"origin": [-20.15848, -9.26027, -1.9217], "size": [5, 2, 1], "inflate": 0.01, "pivot": [-17.40848, -8.21027, -1.4217], "rotation": [0, 0, -35], "uv": [34, 16]}
					]
				},
				{
					"name": "chain1",
					"parent": "anchor",
					"pivot": [-7.26865, 11.5, -4.6217],
					"cubes": [
						{"origin": [-7.26865, 10, -7.3717], "size": [0, 3, 3], "pivot": [-7.26865, 11.5, -5.8717], "rotation": [-45, 0, 0], "uv": [56, 52]}
					]
				},
				{
					"name": "chain2",
					"parent": "chain1",
					"pivot": [-7.26865, 11.5, -6.8717],
					"rotation": [0, 0, 90],
					"cubes": [
						{"origin": [-7.26865, 10, -9.6217], "size": [0, 3, 3], "pivot": [-7.26865, 11.5, -8.1217], "rotation": [-45, 0, 0], "uv": [56, 52]}
					]
				},
				{
					"name": "chain3",
					"parent": "chain2",
					"pivot": [-7.26865, 11.5, -9.1217],
					"rotation": [0, 0, 90],
					"cubes": [
						{"origin": [-7.26865, 10, -11.8717], "size": [0, 3, 3], "pivot": [-7.26865, 11.5, -10.3717], "rotation": [-45, 0, 0], "uv": [56, 52]}
					]
				},
				{
					"name": "chain4",
					"parent": "chain3",
					"pivot": [-7.26865, 11.5, -11.3717],
					"rotation": [0, 0, 90],
					"cubes": [
						{"origin": [-7.26865, 10, -14.1217], "size": [0, 3, 3], "pivot": [-7.26865, 11.5, -12.6217], "rotation": [-45, 0, 0], "uv": [56, 52]}
					]
				},
				{
					"name": "chain5",
					"parent": "chain4",
					"pivot": [-7.26865, 11.5, -13.6217],
					"rotation": [0, 0, 90],
					"cubes": [
						{"origin": [-7.26865, 10, -16.3717], "size": [0, 3, 3], "pivot": [-7.26865, 11.5, -14.8717], "rotation": [-45, 0, 0], "uv": [56, 52]}
					]
				},
				{
					"name": "chain6",
					"parent": "chain5",
					"pivot": [-7.26865, 11.5, -15.8717],
					"rotation": [0, 0, 90],
					"cubes": [
						{"origin": [-7.26865, 10, -18.6217], "size": [0, 3, 3], "pivot": [-7.26865, 11.5, -17.1217], "rotation": [-45, 0, 0], "uv": [56, 52]}
					]
				},
				{
					"name": "chain7",
					"parent": "chain6",
					"pivot": [-7.26865, 11.5, -18.1217],
					"rotation": [0, 0, 90],
					"cubes": [
						{"origin": [-7.26865, 10, -20.8717], "size": [0, 3, 3], "pivot": [-7.26865, 11.5, -19.3717], "rotation": [-45, 0, 0], "uv": [56, 52]}
					]
				},
				{
					"name": "chain8",
					"parent": "chain7",
					"pivot": [-7.26865, 11.5, -20.3717],
					"rotation": [0, 0, 90],
					"cubes": [
						{"origin": [-7.26865, 10, -23.1217], "size": [0, 3, 3], "pivot": [-7.26865, 11.5, -21.6217], "rotation": [-45, 0, 0], "uv": [56, 52]}
					]
				},
				{
					"name": "chain9",
					"parent": "chain8",
					"pivot": [-7.26865, 11.5, -22.6217],
					"rotation": [0, 0, 90],
					"cubes": [
						{"origin": [-7.26865, 10, -25.3717], "size": [0, 3, 3], "pivot": [-7.26865, 11.5, -23.8717], "rotation": [-45, 0, 0], "uv": [56, 52]}
					]
				},
				{
					"name": "chain10",
					"parent": "chain9",
					"pivot": [-7.26865, 11.5, -25.1217],
					"rotation": [0, 0, 90],
					"cubes": [
						{"origin": [-7.26865, 9, -28.8717], "size": [0, 4, 4], "pivot": [-7.26865, 11.5, -26.3717], "rotation": [-45, 0, 0], "uv": [48, 51]}
					]
				},
				{
					"name": "wheel",
					"parent": "anchor",
					"pivot": [-2.04788, -18.71248, -4.27884],
					"rotation": [0, 0, -180],
					"cubes": [
						{"origin": [-3.98454, -23.60425, -4.77884], "size": [4, 2, 1], "inflate": 0.001, "uv": [10, 51]},
						{"origin": [-3.98454, -15.94739, -4.77884], "size": [4, 2, 1], "inflate": 0.001, "uv": [48, 34]},
						{"origin": [0.84388, -20.77582, -4.77884], "size": [2, 4, 1], "inflate": 0.001, "uv": [8, 12]},
						{"origin": [-6.81297, -20.77582, -4.77884], "size": [2, 4, 1], "inflate": 0.001, "uv": [8, 0]},
						{"origin": [-0.39876, -24.60425, -4.77884], "size": [4, 2, 1], "pivot": [-1.39876, -23.60425, -4.27884], "rotation": [0, 0, -45], "uv": [50, 19]},
						{"origin": [1.13678, -17.96821, -4.77884], "size": [4, 2, 1], "pivot": [-1.86322, -25.96821, -4.27884], "rotation": [0, 0, -45], "uv": [44, 49]},
						{"origin": [-2.71678, -26.04359, -4.77884], "size": [1, 15, 1], "inflate": -0.1, "pivot": [-2.21678, -18.54359, -4.27884], "rotation": [0, 0, -30], "uv": [40, 41]},
						{"origin": [-2.71678, -26.04359, -4.77884], "size": [1, 15, 1], "inflate": -0.1, "pivot": [-2.21678, -18.54359, -4.27884], "rotation": [0, 0, 30], "uv": [36, 41]},
						{"origin": [-2.71678, -26.04359, -4.77884], "size": [1, 15, 1], "inflate": -0.1, "pivot": [-2.21678, -18.54359, -4.27884], "rotation": [0, 0, 90], "uv": [32, 40]},
						{"origin": [-6.69165, -22.48293, -4.77884], "size": [4, 2, 1], "pivot": [-4.69165, -21.48293, -4.27884], "rotation": [0, 0, 45], "uv": [50, 3]},
						{"origin": [-7.93429, -15.13978, -4.77884], "size": [4, 2, 1], "pivot": [-4.93429, -23.13978, -4.27884], "rotation": [0, 0, 45], "uv": [49, 10]},
						{"origin": [-3.19788, -19.46248, -4.77884], "size": [2, 2, 1], "uv": [26, 3]},
						{"origin": [-4.19788, -17.96248, -4.92884], "size": [2, 3, 0], "pivot": [-3.69788, -16.96248, -4.92884], "rotation": [10, 0, -47.5], "uv": [13, 36]},
						{"origin": [-5.19788, -17.71248, -4.82884], "size": [1, 3, 0], "pivot": [-3.69788, -16.96248, -4.92884], "rotation": [4.98198, 1.17774, -107.77569], "uv": [0, 42]}
					]
				}
			]
		}
	]
}