{
	"format_version": "1.12.0",
	"minecraft:geometry": [
		{
			"description": {
				"identifier": "geometry.delta_typhlosion",
				"texture_width": 192,
				"texture_height": 128,
				"visible_bounds_width": 7,
				"visible_bounds_height": 5.5,
				"visible_bounds_offset": [0, 2.25, 0]
			},
			"bones": [
				{
					"name": "delta_typhlosion",
					"pivot": [0, 0, 0]
				},
				{
					"name": "body",
					"parent": "delta_typhlosion",
					"pivot": [0, 24, 0]
				},
				{
					"name": "torso",
					"parent": "body",
					"pivot": [0, 10.75, 9.5],
					"cubes": [
						{"origin": [-9.5, 2.5, -2.5], "size": [19, 15, 16], "inflate": 0.01, "uv": [52, 0]}
					]
				},
				{
					"name": "bone",
					"parent": "torso",
					"pivot": [0, 1.5, 4]
				},
				{
					"name": "torso_cloud_back2",
					"parent": "bone",
					"pivot": [0, 38.5, -3],
					"rotation": [15, 0, 0],
					"cubes": [
						{"origin": [-3, 38.5, -8], "size": [6, 0, 5], "uv": [158, 33]}
					]
				},
				{
					"name": "torso2",
					"parent": "torso",
					"pivot": [0, 17, -2.5],
					"cubes": [
						{"origin": [-8.5, 3, -15.5], "size": [17, 14, 13], "uv": [1, 33]}
					]
				},
				{
					"name": "torso3",
					"parent": "torso2",
					"pivot": [0, 16.5, -15.5],
					"cubes": [
						{"origin": [-7, 3.5, -25.5], "size": [14, 13, 10], "uv": [52, 50]}
					]
				},
				{
					"name": "collar",
					"parent": "torso3",
					"pivot": [0, 10.5, -21.5],
					"cubes": [
						{"origin": [-8, 2.5, -23], "size": [16, 15, 3], "uv": [86, 106]},
						{"origin": [-6, 17.51, -22.5], "size": [2, 0, 2], "uv": [122, 110]},
						{"origin": [-1, 17.51, -22.5], "size": [2, 0, 2], "uv": [122, 112]},
						{"origin": [4, 17.51, -22.5], "size": [2, 0, 2], "uv": [122, 108]},
						{"origin": [8.01, 5.5, -22.5], "size": [0, 2, 2], "uv": [124, 120]},
						{"origin": [4, 2.49, -22.5], "size": [2, 0, 2], "uv": [122, 114]},
						{"origin": [-1, 2.49, -22.5], "size": [2, 0, 2], "uv": [122, 116]},
						{"origin": [-6, 2.49, -22.5], "size": [2, 0, 2], "uv": [122, 120]},
						{"origin": [-8.01, 5.5, -22.5], "size": [0, 2, 2], "uv": [124, 116], "mirror": true},
						{"origin": [8, 12.5, -22.5], "size": [6, 2, 2], "uv": [96, 124]},
						{"origin": [14, 11.5, -23.5], "size": [4, 4, 4], "uv": [112, 98]},
						{"origin": [-14, 12.5, -22.5], "size": [6, 2, 2], "uv": [112, 124], "mirror": true},
						{"origin": [-18, 11.5, -23.5], "size": [4, 4, 4], "uv": [96, 98], "mirror": true}
					]
				},
				{
					"name": "neck",
					"parent": "torso3",
					"pivot": [0.5, 16.5, -25.5],
					"cubes": [
						{"origin": [-6, 5.5, -34.5], "size": [12, 11, 9], "inflate": 0.01, "uv": [0, 60]}
					]
				},
				{
					"name": "head",
					"parent": "neck",
					"pivot": [0.5, 16.5, -33.5],
					"cubes": [
						{"origin": [-5, 6.5, -39.5], "size": [10, 10, 5], "inflate": 0.03, "uv": [4, 16]}
					]
				},
				{
					"name": "head2",
					"parent": "head",
					"pivot": [0, 16.5, -39.5],
					"rotation": [12.5, 0, 0],
					"cubes": [
						{"origin": [-5, 7.5, -45.5], "size": [10, 9, 6], "uv": [16, 0]}
					]
				},
				{
					"name": "eyes",
					"parent": "head2",
					"pivot": [0.5, 11.25, -42.5]
				},
				{
					"name": "eye_right",
					"parent": "eyes",
					"pivot": [-5, 11.25, -42.85],
					"rotation": [10, 0, 0],
					"cubes": [
						{"origin": [-5, 10.25, -45.35], "size": [0, 2, 5], "inflate": 0.01, "uv": [48, 7], "mirror": true}
					]
				},
				{
					"name": "eyelid_right",
					"parent": "eye_right",
					"pivot": [-4.4, 11.25, -42.85],
					"cubes": [
						{"origin": [-4.9, 10.25, -45.35], "size": [1, 2, 5], "inflate": 0.02, "uv": [36, 22], "mirror": true}
					]
				},
				{
					"name": "eye_left",
					"parent": "eyes",
					"pivot": [5, 11.25, -42.85],
					"rotation": [10, 0, 0],
					"cubes": [
						{"origin": [5, 10.25, -45.35], "size": [0, 2, 5], "inflate": 0.01, "uv": [48, 5]}
					]
				},
				{
					"name": "eyelid_left",
					"parent": "eye_left",
					"pivot": [4.4, 11.25, -42.85],
					"cubes": [
						{"origin": [3.9, 10.25, -45.35], "size": [1, 2, 5], "inflate": 0.02, "uv": [36, 15]}
					]
				},
				{
					"name": "head3",
					"parent": "head2",
					"pivot": [0, 16.5, -45.5],
					"rotation": [10, 0, 0],
					"cubes": [
						{"origin": [-4, 7.5, -49.5], "size": [8, 6, 4], "uv": [0, 80]},
						{"origin": [1.9, 4, -50.15], "size": [2, 4, 0], "pivot": [1.5, 7.5, -48.65], "rotation": [5, -67.5, 0], "uv": [12, 0], "mirror": true},
						{"origin": [-3.9, 4, -50.15], "size": [2, 4, 0], "pivot": [-1.5, 7.5, -48.65], "rotation": [5, 67.5, 0], "uv": [12, 0]},
						{"origin": [1.9, 4, -50.15], "size": [2, 4, 0], "pivot": [1.5, 7.5, -48.65], "rotation": [5, -67.5, 0], "uv": [12, 0], "mirror": true}
					]
				},
				{
					"name": "jaw",
					"parent": "head",
					"pivot": [0, 7.25, -39.5],
					"rotation": [15, 0, 0],
					"cubes": [
						{"origin": [-4, 6.5, -42.5], "size": [8, 1, 3], "uv": [77, 38]}
					]
				},
				{
					"name": "jaw2",
					"parent": "jaw",
					"pivot": [0, 7.5, -42.5],
					"rotation": [2.5, 0, 0],
					"cubes": [
						{"origin": [-3, 6.5, -45.5], "size": [6, 1, 3], "uv": [40, 81]},
						{"origin": [-1.85, 7, -44.6], "size": [1, 1, 0], "pivot": [-1.35, 7.5, -44.6], "rotation": [-24.25045, 22.32924, -49.856], "uv": [0, 3]},
						{"origin": [0.85, 7, -44.6], "size": [1, 1, 0], "pivot": [1.35, 7.5, -44.6], "rotation": [-24.25045, -22.32924, 49.856], "uv": [2, 3]}
					]
				},
				{
					"name": "ear_right",
					"parent": "head",
					"pivot": [-4.75, 16.5, -38],
					"rotation": [40, -7.5, -25],
					"cubes": [
						{"origin": [-4.75, 12.5, -38], "size": [0, 4, 8], "uv": [0, 0]}
					]
				},
				{
					"name": "ear_left",
					"parent": "head",
					"pivot": [4.75, 16.5, -38],
					"rotation": [40, 7.5, 25],
					"cubes": [
						{"origin": [4.75, 12.5, -38], "size": [0, 4, 8], "uv": [0, 4]}
					]
				},
				{
					"name": "fire",
					"parent": "torso3",
					"pivot": [0, 13.5, -21.75],
					"rotation": [7.5, 0, 0],
					"cubes": [
						{"origin": [-21, 9.5, -21.75], "size": [42, 32, 0], "uv": [0, 96]}
					]
				},
				{
					"name": "fire2",
					"parent": "torso3",
					"pivot": [0, 13.5, -21.25],
					"rotation": [-7.5, 0, 0],
					"cubes": [
						{"origin": [-21, 9.5, -21.25], "size": [42, 32, 0], "uv": [0, 96]}
					]
				},
				{
					"name": "arm_right",
					"parent": "torso3",
					"pivot": [-5.75, 3.5, -17.75],
					"cubes": [
						{"origin": [-7.25, -1, -19.75], "size": [3, 6, 4], "inflate": 0.01, "uv": [48, 0]}
					]
				},
				{
					"name": "arm_right2",
					"parent": "arm_right",
					"pivot": [-7.25, -1, -15.75],
					"cubes": [
						{"origin": [-7.25, -6, -19.75], "size": [3, 5, 4], "uv": [109, 43]}
					]
				},
				{
					"name": "finger_right_thumb",
					"parent": "arm_right2",
					"pivot": [-5.25, -5.75, -19.5],
					"cubes": [
						{"origin": [-5.75, -7.5, -20], "size": [1, 2, 1], "uv": [0, 19]}
					]
				},
				{
					"name": "finger_right_index",
					"parent": "arm_right2",
					"pivot": [-7.25, -6, -19.25],
					"cubes": [
						{"origin": [-7.25, -8, -19.75], "size": [1, 2, 1], "uv": [0, 25]}
					]
				},
				{
					"name": "finger_right_middle",
					"parent": "arm_right2",
					"pivot": [-7.25, -6, -18.25],
					"cubes": [
						{"origin": [-7.25, -8, -18.75], "size": [1, 2, 1], "uv": [4, 60]}
					]
				},
				{
					"name": "finger_right_ring",
					"parent": "arm_right2",
					"pivot": [-7.25, -6, -17.25],
					"cubes": [
						{"origin": [-7.25, -8, -17.75], "size": [1, 2, 1], "uv": [0, 60]}
					]
				},
				{
					"name": "finger_right_pinky",
					"parent": "arm_right2",
					"pivot": [-7.25, -6, -16.25],
					"cubes": [
						{"origin": [-7.25, -8, -16.75], "size": [1, 2, 1], "uv": [0, 22]}
					]
				},
				{
					"name": "arm_left",
					"parent": "torso3",
					"pivot": [5.75, 3.5, -17.75],
					"cubes": [
						{"origin": [4.25, -1, -19.75], "size": [3, 6, 4], "inflate": 0.01, "uv": [0, 32]}
					]
				},
				{
					"name": "arm_left2",
					"parent": "arm_left",
					"pivot": [7.25, -1, -15.75],
					"cubes": [
						{"origin": [4.25, -6, -19.75], "size": [3, 5, 4], "uv": [33, 60]}
					]
				},
				{
					"name": "finger_left_thumb",
					"parent": "arm_left2",
					"pivot": [5.25, -5.75, -19.5],
					"cubes": [
						{"origin": [4.75, -7.5, -20], "size": [1, 2, 1], "uv": [0, 16]}
					]
				},
				{
					"name": "finger_left_index",
					"parent": "arm_left2",
					"pivot": [7.25, -6, -19.25],
					"cubes": [
						{"origin": [6.25, -8, -19.75], "size": [1, 2, 1], "uv": [10, 32]}
					]
				},
				{
					"name": "finger_left_middle",
					"parent": "arm_left2",
					"pivot": [7.25, -6, -18.25],
					"cubes": [
						{"origin": [6.25, -8, -18.75], "size": [1, 2, 1], "uv": [0, 32]}
					]
				},
				{
					"name": "finger_left_ring",
					"parent": "arm_left2",
					"pivot": [7.25, -6, -17.25],
					"cubes": [
						{"origin": [6.25, -8, -17.75], "size": [1, 2, 1], "uv": [0, 28]}
					]
				},
				{
					"name": "finger_left_pinky",
					"parent": "arm_left2",
					"pivot": [7.25, -6, -16.25],
					"cubes": [
						{"origin": [6.25, -8, -16.75], "size": [1, 2, 1], "uv": [0, 0]}
					]
				},
				{
					"name": "cloud1",
					"parent": "torso",
					"pivot": [0, 10.75, 9.5],
					"cubes": [
						{"origin": [-6.5, 17.5, -2], "size": [13, 15, 13], "uv": [124, 73]}
					]
				},
				{
					"name": "torso_cloud_left2",
					"parent": "cloud1",
					"pivot": [6.5, 25, 4],
					"rotation": [0, 15, 0],
					"cubes": [
						{"origin": [6.5, 17.5, 4], "size": [0, 15, 7], "uv": [140, 94]}
					]
				},
				{
					"name": "torso_cloud_left1",
					"parent": "cloud1",
					"pivot": [6.5, 25, 4],
					"rotation": [0, -15, 0],
					"cubes": [
						{"origin": [6.5, 17.5, -2], "size": [0, 15, 6], "uv": [128, 95]}
					]
				},
				{
					"name": "torso_cloud_bottom_left",
					"parent": "cloud1",
					"pivot": [0, 25, 11],
					"rotation": [0, -10, 0],
					"cubes": [
						{"origin": [0, 17.5, 11], "size": [7, 15, 0], "uv": [154, 101]}
					]
				},
				{
					"name": "torso_cloud_bottom_right",
					"parent": "cloud1",
					"pivot": [0, 25, 11],
					"rotation": [0, 10, 0],
					"cubes": [
						{"origin": [-7, 17.5, 11], "size": [7, 15, 0], "uv": [168, 101], "mirror": true}
					]
				},
				{
					"name": "torso_cloud_right2",
					"parent": "cloud1",
					"pivot": [-6.5, 25, 4],
					"rotation": [0, -15, 0],
					"cubes": [
						{"origin": [-6.5, 17.5, 4], "size": [0, 15, 7], "uv": [176, 79], "mirror": true}
					]
				},
				{
					"name": "torso_cloud_right1",
					"parent": "cloud1",
					"pivot": [-6.5, 25, 4],
					"rotation": [0, 15, 0],
					"cubes": [
						{"origin": [-6.5, 17.5, -2], "size": [0, 15, 6], "uv": [163, 65], "mirror": true}
					]
				},
				{
					"name": "cloud2",
					"parent": "cloud1",
					"pivot": [0, 10.75, 9.5],
					"cubes": [
						{"origin": [-4.5, 31.5, -4], "size": [9, 9, 12], "uv": [123, 31]}
					]
				},
				{
					"name": "torso_cloud3_right1",
					"parent": "cloud2",
					"pivot": [-4.5, 36, 2],
					"rotation": [0, 15, 0],
					"cubes": [
						{"origin": [-4.5, 31.5, -4], "size": [0, 9, 6], "uv": [160, 46], "mirror": true}
					]
				},
				{
					"name": "torso_cloud3_right2",
					"parent": "cloud2",
					"pivot": [-4.5, 36, 2],
					"rotation": [0, -15, 0],
					"cubes": [
						{"origin": [-4.5, 31.5, 2], "size": [0, 9, 6], "uv": [166, 55], "mirror": true}
					]
				},
				{
					"name": "torso_cloud3_bottom_right",
					"parent": "cloud2",
					"pivot": [0, 36, 8],
					"rotation": [0, 10, 0],
					"cubes": [
						{"origin": [-5, 31.5, 8], "size": [5, 9, 0], "uv": [156, 61], "mirror": true}
					]
				},
				{
					"name": "torso_cloud3_bottom_left",
					"parent": "cloud2",
					"pivot": [0, 36, 8],
					"rotation": [0, -10, 0],
					"cubes": [
						{"origin": [0, 31.5, 8], "size": [5, 9, 0], "uv": [146, 61]}
					]
				},
				{
					"name": "torso_cloud3_left2",
					"parent": "cloud2",
					"pivot": [4.5, 36, 2],
					"rotation": [0, 15, 0],
					"cubes": [
						{"origin": [4.5, 31.5, 2], "size": [0, 9, 6], "uv": [148, 46]}
					]
				},
				{
					"name": "torso_cloud3_left1",
					"parent": "cloud2",
					"pivot": [4.5, 36, 2],
					"rotation": [0, -15, 0],
					"cubes": [
						{"origin": [4.5, 31.5, -4], "size": [0, 9, 6], "uv": [136, 46]}
					]
				},
				{
					"name": "torso_cloud3_bottom_left2",
					"parent": "cloud2",
					"pivot": [0, 36, -4],
					"rotation": [0, 10, 0],
					"cubes": [
						{"origin": [0, 31.5, -4], "size": [5, 9, 0], "uv": [178, 61]}
					]
				},
				{
					"name": "torso_cloud3_bottom_right2",
					"parent": "cloud2",
					"pivot": [0, 36, -4],
					"rotation": [0, -10, 0],
					"cubes": [
						{"origin": [-5, 31.5, -4], "size": [5, 9, 0], "uv": [175, 70], "mirror": true}
					]
				},
				{
					"name": "torso_cloud3_back",
					"parent": "cloud2",
					"pivot": [0, 40.5, 2],
					"rotation": [15, 0, 0],
					"cubes": [
						{"origin": [-4.5, 40.5, 2], "size": [9, 0, 6], "uv": [166, 55]}
					]
				},
				{
					"name": "cloud3",
					"parent": "cloud2",
					"pivot": [0, 10.75, 9.5],
					"cubes": [
						{"origin": [-3, 38.5, -8], "size": [6, 7, 10], "uv": [122, 14]}
					]
				},
				{
					"name": "torso_cloud4_bottom_left2",
					"parent": "cloud3",
					"pivot": [0, 42, -8],
					"rotation": [0, 15, 0],
					"cubes": [
						{"origin": [0, 38.5, -8], "size": [3, 7, 0], "uv": [165, 45]}
					]
				},
				{
					"name": "torso_cloud4_bottom_right2",
					"parent": "cloud3",
					"pivot": [0, 42, -8],
					"rotation": [0, -15, 0],
					"cubes": [
						{"origin": [-3, 38.5, -8], "size": [3, 7, 0], "uv": [119, 31], "mirror": true}
					]
				},
				{
					"name": "torso_cloud4_right1",
					"parent": "cloud3",
					"pivot": [-3, 42, -3],
					"rotation": [0, 15, 0],
					"cubes": [
						{"origin": [-3, 38.5, -8], "size": [0, 7, 5], "uv": [153, 31], "mirror": true}
					]
				},
				{
					"name": "torso_cloud4_right2",
					"parent": "cloud3",
					"pivot": [-3, 42, -3],
					"rotation": [0, -15, 0],
					"cubes": [
						{"origin": [-3, 38.5, -3], "size": [0, 7, 5], "uv": [125, 26], "mirror": true}
					]
				},
				{
					"name": "torso_cloud4_bottom_right",
					"parent": "cloud3",
					"pivot": [0, 42, 2],
					"rotation": [0, 15, 0],
					"cubes": [
						{"origin": [-3, 38.5, 2], "size": [3, 7, 0], "uv": [165, 38], "mirror": true}
					]
				},
				{
					"name": "torso_cloud4_bottom_left",
					"parent": "cloud3",
					"pivot": [0, 42, 2],
					"rotation": [0, -15, 0],
					"cubes": [
						{"origin": [0, 38.5, 2], "size": [3, 7, 0], "uv": [154, 29]}
					]
				},
				{
					"name": "torso_cloud4_left2",
					"parent": "cloud3",
					"pivot": [3, 42, -3],
					"rotation": [0, 15, 0],
					"cubes": [
						{"origin": [3, 38.5, -3], "size": [0, 7, 5], "uv": [182, 43]}
					]
				},
				{
					"name": "torso_cloud4_left1",
					"parent": "cloud3",
					"pivot": [3, 42, -3],
					"rotation": [0, -15, 0],
					"cubes": [
						{"origin": [3, 38.5, -8], "size": [0, 7, 5], "uv": [172, 43]}
					]
				},
				{
					"name": "torso_cloud_back1",
					"parent": "cloud3",
					"pivot": [0, 45.5, -3],
					"rotation": [-15, 0, 0],
					"cubes": [
						{"origin": [-3, 45.5, -8], "size": [6, 0, 5], "uv": [166, 38]}
					]
				},
				{
					"name": "torso_cloud_front",
					"parent": "cloud3",
					"pivot": [0, 45.5, -3],
					"rotation": [15, 0, 0],
					"cubes": [
						{"origin": [-3, 45.5, -3], "size": [6, 0, 5], "uv": [166, 43]}
					]
				},
				{
					"name": "cloud4",
					"parent": "cloud1",
					"pivot": [0, 10.75, 9.5],
					"cubes": [
						{"origin": [-4.5, 17, -10], "size": [9, 11, 10], "uv": [108, 52]}
					]
				},
				{
					"name": "torso_cloud2_back1",
					"parent": "cloud4",
					"pivot": [0, 28, -6],
					"rotation": [-15, 0, 0],
					"cubes": [
						{"origin": [-4.5, 28, -10], "size": [9, 0, 4], "uv": [144, 116]}
					]
				},
				{
					"name": "torso_cloud2_front1",
					"parent": "cloud4",
					"pivot": [0, 28, -6],
					"rotation": [15, 0, 0],
					"cubes": [
						{"origin": [-4.5, 28, -6], "size": [9, 0, 4], "uv": [162, 116]}
					]
				},
				{
					"name": "torso_cloud2_left1",
					"parent": "cloud4",
					"pivot": [4.51, 22.5, -6],
					"rotation": [0, -15, 0],
					"cubes": [
						{"origin": [4.51, 17, -10], "size": [0, 11, 4], "uv": [110, 69]}
					]
				},
				{
					"name": "torso_cloud2_left2",
					"parent": "cloud4",
					"pivot": [4.51, 22.5, -6],
					"rotation": [0, 15, 0],
					"cubes": [
						{"origin": [4.51, 17, -6], "size": [0, 11, 4], "uv": [100, 58]}
					]
				},
				{
					"name": "torso_cloud2_top_left",
					"parent": "cloud4",
					"pivot": [0, 22.5, -10],
					"rotation": [0, 10, 0],
					"cubes": [
						{"origin": [0, 17, -10], "size": [5, 11, 0], "uv": [128, 116], "mirror": true}
					]
				},
				{
					"name": "torso_cloud2_top_right",
					"parent": "cloud4",
					"pivot": [0, 22.5, -10],
					"rotation": [0, -10, 0],
					"cubes": [
						{"origin": [-5, 17, -10], "size": [5, 11, 0], "uv": [138, 116]}
					]
				},
				{
					"name": "torso_cloud2_right1",
					"parent": "cloud4",
					"pivot": [-4.51, 22.5, -6],
					"rotation": [0, 15, 0],
					"cubes": [
						{"origin": [-4.51, 17, -10], "size": [0, 11, 4], "uv": [121, 70], "mirror": true}
					]
				},
				{
					"name": "torso_cloud2_right2",
					"parent": "cloud4",
					"pivot": [-4.51, 22.5, -6],
					"rotation": [0, -15, 0],
					"cubes": [
						{"origin": [-4.51, 17, -6], "size": [0, 11, 4], "uv": [129, 71], "mirror": true}
					]
				},
				{
					"name": "leg_left",
					"parent": "body",
					"pivot": [8, 8.75, 5.5],
					"cubes": [
						{"origin": [5.5, 2.5, 0.5], "size": [5, 3, 9], "uv": [99, 31]}
					]
				},
				{
					"name": "leg_left_rotation",
					"parent": "leg_left",
					"pivot": [8, 10.5, 5],
					"cubes": [
						{"origin": [4.5, 5, -1], "size": [7, 11, 12], "uv": [46, 73]}
					]
				},
				{
					"name": "foot_left",
					"parent": "leg_left",
					"pivot": [8, 2.25, 5.5],
					"cubes": [
						{"origin": [6, 0.5, 2], "size": [4, 2, 7], "inflate": 0.01, "uv": [62, 38]}
					]
				},
				{
					"name": "foot_left2",
					"parent": "foot_left",
					"pivot": [8, 0.5, 2],
					"cubes": [
						{"origin": [6, 0.5, -2], "size": [4, 2, 4], "uv": [0, 0]},
						{"origin": [6.5, 0.5, -2], "size": [3, 2, 2], "inflate": 0.01, "uv": [58, 0]}
					]
				},
				{
					"name": "leg_right",
					"parent": "body",
					"pivot": [-8, 8.75, 5.5],
					"cubes": [
						{"origin": [-10.5, 2.5, 0.5], "size": [5, 3, 9], "uv": [90, 48], "mirror": true}
					]
				},
				{
					"name": "leg_right_rotation",
					"parent": "leg_right",
					"pivot": [-8, 10.5, 5],
					"cubes": [
						{"origin": [-11.5, 5, -1], "size": [7, 11, 12], "uv": [84, 73], "mirror": true}
					]
				},
				{
					"name": "foot_right",
					"parent": "leg_right",
					"pivot": [-8, 2.25, 5.5],
					"cubes": [
						{"origin": [-10, 0.5, 2], "size": [4, 2, 7], "inflate": 0.01, "uv": [24, 80], "mirror": true}
					]
				},
				{
					"name": "foot_right2",
					"parent": "foot_right",
					"pivot": [-8, 0.5, 2],
					"cubes": [
						{"origin": [-10, 0.5, -2], "size": [4, 2, 4], "uv": [80, 43], "mirror": true},
						{"origin": [-9.5, 0.5, -2], "size": [3, 2, 2], "inflate": 0.01, "uv": [58, 12], "mirror": true}
					]
				}
			]
		}
	]
}