{
	"format_version": "1.12.0",
	"minecraft:geometry": [
		{
			"description": {
				"identifier": "geometry.yamask_delta",
				"texture_width": 64,
				"texture_height": 64,
				"visible_bounds_width": 4,
				"visible_bounds_height": 3.5,
				"visible_bounds_offset": [0, 1.25, 0]
			},
			"bones": [
				{
					"name": "yamask",
					"pivot": [0, 0, 0]
				},
				{
					"name": "body",
					"parent": "yamask",
					"pivot": [0, 11.75, 0]
				},
				{
					"name": "head",
					"parent": "body",
					"pivot": [0, 18.5, 0],
					"cubes": [
						{"origin": [-1.5, 14.5, -4], "size": [3, 8, 8], "pivot": [0, 18.5, 0], "rotation": [25, 0, 0], "uv": [0, 0]},
						{"origin": [-1.5, 15.445, -5.325], "size": [3, 5, 3], "inflate": -0.01, "uv": [20, 0]},
						{"origin": [-1.5, 12.85, -0.5], "size": [3, 3, 3], "inflate": -0.01, "pivot": [0, 18.5, 0], "rotation": [75, 0, 0], "uv": [52, 0]}
					]
				},
				{
					"name": "head_thing",
					"parent": "head",
					"pivot": [0, 23.815, 1.935],
					"rotation": [55, 0, 0],
					"cubes": [
						{"origin": [-1, 23.815, -1.065], "size": [2, 4, 3], "uv": [0, 21]}
					]
				},
				{
					"name": "head_thing2",
					"parent": "head_thing",
					"pivot": [0, 27.815, 1.935],
					"rotation": [-50, 0, 0],
					"cubes": [
						{"origin": [-0.5, 22.815, -0.065], "size": [1, 5, 2], "uv": [0, 0]},
						{"origin": [-0.5, 25.815, -1.065], "size": [1, 2, 1], "uv": [0, 16]}
					]
				},
				{
					"name": "eyes",
					"parent": "head",
					"pivot": [0, 18.5, 0]
				},
				{
					"name": "eye_left",
					"parent": "eyes",
					"pivot": [0, 18.5, 0],
					"cubes": [
						{"origin": [1.51, 16.5, -3], "size": [0, 4, 5], "uv": [10, 23]},
						{"origin": [1.52, 18, -1.5], "size": [0, 1, 1], "uv": [0, 19]}
					]
				},
				{
					"name": "eyelid_left",
					"parent": "eye_left",
					"pivot": [0.92, 18.5, -0.5],
					"cubes": [
						{"origin": [0.42, 16.5, -3], "size": [1, 4, 5], "inflate": 0.01, "uv": [15, 19]}
					]
				},
				{
					"name": "eye_right",
					"parent": "eyes",
					"pivot": [0, 18.5, 0],
					"cubes": [
						{"origin": [-1.51, 16.5, -3], "size": [0, 4, 5], "uv": [0, 23]},
						{"origin": [-1.52, 18, -1.5], "size": [0, 1, 1], "uv": [0, 18]}
					]
				},
				{
					"name": "eyelid_right",
					"parent": "eye_right",
					"pivot": [-0.92, 18.5, -0.5],
					"cubes": [
						{"origin": [-1.42, 16.5, -3], "size": [1, 4, 5], "inflate": 0.01, "uv": [25, 14]}
					]
				},
				{
					"name": "mouth",
					"parent": "head",
					"pivot": [0, 18.5, 0],
					"cubes": [
						{"origin": [-1, 15.5, -3.91], "size": [2, 2, 0], "pivot": [0, 18.5, 0], "rotation": [25, 0, 0], "uv": [43, 0]}
					]
				},
				{
					"name": "arms",
					"parent": "head",
					"pivot": [0, 17.75, 0]
				},
				{
					"name": "arm_right",
					"parent": "arms",
					"pivot": [-1.5, 15, -0.5],
					"cubes": [
						{"origin": [-7.5, 14.5, -1.5], "size": [6, 1, 2], "uv": [22, 11]}
					]
				},
				{
					"name": "arm_right2",
					"parent": "arm_right",
					"pivot": [-7.5, 14.5, -0.9],
					"cubes": [
						{"origin": [-12.5, 14.5, -2], "size": [5, 1, 3], "uv": [38, 10]}
					]
				},
				{
					"name": "palm_right",
					"parent": "arm_right2",
					"pivot": [-12.5, 14.5, -0.5],
					"cubes": [
						{"origin": [-14.5, 14.5, -2.5], "size": [2, 1, 4], "uv": [8, 16]}
					]
				},
				{
					"name": "fingers_right",
					"parent": "palm_right",
					"pivot": [-14.5, 14.5, -0.5]
				},
				{
					"name": "finger_back_right",
					"parent": "fingers_right",
					"pivot": [-14.5, 14.5, 1],
					"cubes": [
						{"origin": [-16.5, 14.5, 0.5], "size": [2, 1, 1], "inflate": 0.01, "uv": [58, 6]}
					]
				},
				{
					"name": "finger_back_right2",
					"parent": "finger_back_right",
					"pivot": [-16.5, 14.5, 1],
					"cubes": [
						{"origin": [-18.5, 14.5, 0.5], "size": [2, 1, 1], "inflate": 0.02, "uv": [58, 8]}
					]
				},
				{
					"name": "finger_middle_right",
					"parent": "fingers_right",
					"pivot": [-14.5, 14.5, -0.5],
					"cubes": [
						{"origin": [-16.5, 14.5, -1], "size": [2, 1, 1], "inflate": 0.01, "uv": [58, 10]}
					]
				},
				{
					"name": "finger_middle_right2",
					"parent": "finger_middle_right",
					"pivot": [-16.5, 14.5, -0.5],
					"cubes": [
						{"origin": [-18.5, 14.5, -1], "size": [2, 1, 1], "inflate": 0.02, "uv": [58, 12]}
					]
				},
				{
					"name": "finger_front_right",
					"parent": "fingers_right",
					"pivot": [-14.5, 14.5, -2],
					"cubes": [
						{"origin": [-16.5, 14.5, -2.5], "size": [2, 1, 1], "inflate": 0.01, "uv": [58, 14]}
					]
				},
				{
					"name": "finger_front_right2",
					"parent": "finger_front_right",
					"pivot": [-16.5, 14.5, -2],
					"cubes": [
						{"origin": [-18.5, 14.5, -2.5], "size": [2, 1, 1], "inflate": 0.02, "uv": [58, 16]}
					]
				},
				{
					"name": "arm_left",
					"parent": "arms",
					"pivot": [1.5, 15, -0.5],
					"cubes": [
						{"origin": [1.5, 14.5, -1.5], "size": [6, 1, 2], "uv": [22, 8]}
					]
				},
				{
					"name": "arm_left2",
					"parent": "arm_left",
					"pivot": [7.5, 14.5, -0.5],
					"cubes": [
						{"origin": [7.5, 14.5, -2], "size": [5, 1, 3], "uv": [41, 6]}
					]
				},
				{
					"name": "palm_left",
					"parent": "arm_left2",
					"pivot": [12.5, 14.5, -0.5],
					"cubes": [
						{"origin": [12.5, 14.5, -2.5], "size": [2, 1, 4], "uv": [18, 14]}
					]
				},
				{
					"name": "fingers_left",
					"parent": "palm_left",
					"pivot": [14.5, 14.5, -0.5]
				},
				{
					"name": "finger_back_left",
					"parent": "fingers_left",
					"pivot": [14.5, 14.5, 1],
					"cubes": [
						{"origin": [14.5, 14.5, 0.5], "size": [2, 1, 1], "inflate": 0.01, "uv": [58, 18]}
					]
				},
				{
					"name": "finger_back_left2",
					"parent": "finger_back_left",
					"pivot": [16.5, 14.5, 1],
					"cubes": [
						{"origin": [16.5, 14.5, 0.5], "size": [2, 1, 1], "inflate": 0.02, "uv": [58, 20]}
					]
				},
				{
					"name": "finger_middle_left",
					"parent": "fingers_left",
					"pivot": [14.5, 14.5, -0.5],
					"cubes": [
						{"origin": [14.5, 14.5, -1], "size": [2, 1, 1], "inflate": 0.01, "uv": [58, 22]}
					]
				},
				{
					"name": "fingers_middleleft2",
					"parent": "finger_middle_left",
					"pivot": [16.5, 14.5, -1.5],
					"cubes": [
						{"origin": [16.5, 14.5, -1], "size": [2, 1, 1], "inflate": 0.02, "uv": [58, 24]}
					]
				},
				{
					"name": "finger_front_left",
					"parent": "fingers_left",
					"pivot": [14.5, 14.5, -2],
					"cubes": [
						{"origin": [14.5, 14.5, -2.5], "size": [2, 1, 1], "inflate": 0.01, "uv": [58, 26]}
					]
				},
				{
					"name": "fonger_front_left2",
					"parent": "finger_front_left",
					"pivot": [16.5, 14.5, -2],
					"cubes": [
						{"origin": [16.5, 14.5, -2.5], "size": [2, 1, 1], "inflate": 0.02, "uv": [58, 28]}
					]
				},
				{
					"name": "tail",
					"parent": "head",
					"pivot": [0, 15.5, 2],
					"cubes": [
						{"origin": [-1, 9.5, 1.5], "size": [2, 7, 1], "uv": [32, 0]}
					]
				},
				{
					"name": "tail2",
					"parent": "tail",
					"pivot": [0, 9.5, 2.5],
					"cubes": [
						{"origin": [-1, 3.5, 1.5], "size": [2, 6, 1], "inflate": -0.01, "uv": [38, 1]}
					]
				},
				{
					"name": "tail3",
					"parent": "tail2",
					"pivot": [0, 3.5, 2.5],
					"cubes": [
						{"origin": [-1, 1.53, 1.5], "size": [2, 2, 1], "inflate": -0.02, "uv": [14, 0]}
					]
				},
				{
					"name": "tail4",
					"parent": "tail3",
					"pivot": [0, 1.5, 2.5],
					"cubes": [
						{"origin": [-1, -0.42, 1.5], "size": [2, 2, 1], "inflate": -0.03, "uv": [14, 5]}
					]
				},
				{
					"name": "hat",
					"parent": "tail4",
					"pivot": [0, 6.5, -2],
					"cubes": [
						{"origin": [-3, 2.5, -7.5], "size": [6, 7, 6], "uv": [30, 35]},
						{"origin": [-5, 9.5, -9.5], "size": [2, 1, 10], "uv": [0, 32]},
						{"origin": [3, 9.5, -9.5], "size": [2, 1, 10], "uv": [0, 43]},
						{"origin": [-3, 9.5, -1.5], "size": [6, 1, 2], "uv": [14, 50]},
						{"origin": [-3, 9.5, -9.5], "size": [6, 1, 2], "uv": [14, 39]}
					]
				}
			]
		}
	]
}