{
	"format_version": "1.8.0",
	"animations": {
		"animation.blacephalon.render": {
			"loop": true,
			"bones": {
				"torso": {
					"rotation": [0, 0, -7.5]
				},
				"neck": {
					"rotation": [0, 0, 5]
				},
				"head": {
					"rotation": [0, 0, 0]
				},
				"left_arm": {
					"rotation": [2.73141, -32.38116, 29.09895]
				},
				"left_arm2": {
					"rotation": [-11.45696, 13.31791, -41.34198]
				},
				"left_hand": {
					"rotation": [-13.0867, 11.72145, -48.84912]
				},
				"right_arm": {
					"rotation": [-1.31845, -9.91358, -22.38565]
				},
				"right_arm2": {
					"rotation": [11.23272, -36.01651, -18.66201]
				},
				"right_hand": {
					"rotation": [-1.31845, -9.91358, 7.61435]
				},
				"torso2": {
					"rotation": [15, 0, 0]
				},
				"right_leg": {
					"rotation": [-9.87739, 1.93597, 7.24721]
				},
				"right_leg2": {
					"rotation": [17.5, 0, 0]
				},
				"left_leg": {
					"rotation": [17.5, 0, -20]
				},
				"left_leg2": {
					"rotation": [40, 0, 0]
				},
				"left_foot": {
					"rotation": [15, 0, 0]
				}
			}
		},
		"animation.blacephalon.ground_idle": {
			"loop": true,
			"animation_length": 2.9167,
			"bones": {
				"body": {
					"rotation": [0, 0, 0],
					"position": [0, "-1+math.clamp(math.sin(q.anim_time*90*6-180)*2,1,10)", 1.5]
				},
				"torso2": {
					"rotation": [
						12.5,
						"math.cos(q.anim_time*90*3)*20+math.sin(q.anim_time*90*12)*1+math.clamp(math.cos(q.anim_time*90*3-180)*10,-6,6)",
						"math.sin(q.anim_time*90*12)*1-math.sin(q.anim_time*90*3-90)*5"
					],
					"position": [0, "-1.25+math.cos(q.anim_time*90*6-45)*1", "-math.cos(q.anim_time*90*6-45)*0.7"]
				},
				"head": {
					"rotation": [0, 0, 0],
					"position": {
						"0.0": [0.5, -0.75, 0],
						"0.1667": [0.5, 2.25, 0],
						"0.2917": [0.5, 1.25, 1.5],
						"0.4167": [0.5, "0.25+math.cos(q.anim_time*90*15-45)*-0.2", 0.5],
						"0.5833": [0.5, -0.75, 0],
						"0.75": [0.5, 2.25, 0],
						"0.875": [0.5, 1.25, 1.5],
						"1.0": [0.5, "0.25+math.cos(q.anim_time*90*15-45)*-0.2", 0.5],
						"1.1667": [0.5, -0.75, 0],
						"1.3333": [0.5, 2.25, 0],
						"1.4583": [0.5, 1.25, 1.5],
						"1.5833": [0.5, "0.25+math.cos(q.anim_time*90*15-45)*-0.2", 0.5],
						"1.75": [0.5, -0.75, 0],
						"1.9167": [0.5, 2.25, 0],
						"2.0417": [0.5, 1.25, 1.5],
						"2.1667": [0.5, "0.25+math.cos(q.anim_time*90*15-45)*-0.2", 0.5],
						"2.3333": [0.5, -0.75, 0],
						"2.5": [0.5, 2.25, 0],
						"2.625": [0.5, 1.25, 1.5],
						"2.75": [0.5, "0.25+math.cos(q.anim_time*90*15-45)*-0.2", 0.5],
						"2.875": [0.5, -0.75, 0]
					}
				},
				"left_arm": {
					"rotation": [13.0704, "0-math.cos(q.anim_time*90*3)*24", "30+math.cos(q.anim_time*90*3-45)*8"]
				},
				"left_arm2": {
					"rotation": [13.0704, "0-math.cos(q.anim_time*90*3)*24", "-30+math.cos(q.anim_time*90*3-45)*8"]
				},
				"right_arm": {
					"rotation": [13.0704, "0-math.cos(q.anim_time*90*3)*24", "-30+math.cos(q.anim_time*90*3-45)*8"]
				},
				"right_arm2": {
					"rotation": [0.53607, "-10+math.cos(q.anim_time*90*3-180)*12", "20-math.clamp(-math.cos(q.anim_time*90*6+90)*12,-90,0)"]
				},
				"right_leg": {
					"rotation": {
						"0.0": [12.99, "30.86+math.cos(q.anim_time*90*12-45)*2", -0.47],
						"0.3333": [12.99203, 30.85845, -0.4684],
						"0.5": [-45.15169, 22.4346, -0.3371],
						"0.6667": [-16.46236, 6.21778, -7.83512],
						"0.8333": [-16.46236, 6.21778, -7.83512],
						"1.0": [-46.69788, 7.59873, 11.86588],
						"1.1667": [12.99203, 30.85845, -0.4684],
						"1.4167": [12.99, "30.86+math.cos(q.anim_time*90*12-45)*2", -0.47],
						"1.6667": [12.99203, 30.85845, -0.4684],
						"1.8333": [-45.15169, 22.4346, -0.3371],
						"2.0": [-16.46236, 6.21778, -7.83512],
						"2.1667": [-16.46236, 6.21778, -7.83512],
						"2.3333": [-45.15169, 22.4346, -0.3371],
						"2.5": [12.99203, 30.85845, -0.4684],
						"2.6667": [12.99, "30.86+math.cos(q.anim_time*90*12-45)*2", -0.47]
					},
					"position": {
						"0.0": [-0.5, "-1.75+math.cos(q.anim_time*90*15-45)*-0.2", 1.5],
						"0.3333": [-0.5, -1.75, 1.5],
						"0.6667": [-0.5, -0.75, -4],
						"0.8333": [-0.5, -0.75, -4],
						"1.1667": [-0.5, -1.75, 1.5],
						"1.4167": [-0.5, "-1.75+math.cos(q.anim_time*90*15-45)*-0.2", 1.5],
						"1.6667": [-0.5, -1.75, 1.5],
						"2.0": [-0.5, -0.75, -4],
						"2.1667": [-0.5, -0.75, -4],
						"2.5": [-0.5, -1.75, 1.5],
						"2.6667": [-0.5, "-1.75+math.cos(q.anim_time*90*15-45)*-0.2", 1.5]
					}
				},
				"left_leg": {
					"rotation": {
						"0.0": [-16.46236, -6.21778, 7.83512],
						"0.1667": [-16.46236, -6.21778, 7.83512],
						"0.3333": [-46.69788, -7.59873, -11.86588],
						"0.5": [12.99203, -30.85845, 0.4684],
						"0.75": [12.99, "-30.86+math.cos(q.anim_time*90*12-45)*2", 0.47],
						"1.0": [12.99203, -30.85845, 0.4684],
						"1.1667": [-45.15169, -22.4346, 0.3371],
						"1.3333": [-16.46236, -6.21778, 7.83512],
						"1.5": [-16.46236, -6.21778, 7.83512],
						"1.6667": [-45.15169, -22.4346, 0.3371],
						"1.8333": [12.99203, -30.85845, 0.4684],
						"2.0833": [12.99, "-30.86+math.cos(q.anim_time*90*12-45)*2", 0.47],
						"2.3333": [12.99203, -30.85845, 0.4684],
						"2.5": [-45.15169, -22.4346, 0.3371],
						"2.6667": [-16.46236, -6.21778, 7.83512]
					},
					"position": {
						"0.0": [0.5, -0.75, -4],
						"0.1667": [0.5, -0.75, -4],
						"0.5": [0.5, -1.75, 1.5],
						"0.75": [0.5, "-1.75+math.cos(q.anim_time*90*15-45)*-0.2", 1.5],
						"1.0": [0.5, -1.75, 1.5],
						"1.3333": [0.5, -0.75, -4],
						"1.5": [0.5, -0.75, -4],
						"1.8333": [0.5, -1.75, 1.5],
						"2.0833": [0.5, "-1.75+math.cos(q.anim_time*90*15-45)*-0.2", 1.5],
						"2.3333": [0.5, -1.75, 1.5],
						"2.6667": [0.5, -0.75, -4]
					}
				},
				"headholder": {
					"rotation": {
						"0.0": {
							"post": [0, 0, 0],
							"lerp_mode": "catmullrom"
						},
						"0.5833": {
							"post": [0, 0, 11],
							"lerp_mode": "catmullrom"
						},
						"1.1667": {
							"post": [0, 0, -12.5],
							"lerp_mode": "catmullrom"
						},
						"1.75": {
							"post": [0, 0, 11],
							"lerp_mode": "catmullrom"
						},
						"2.3333": {
							"post": [0, 0, -12.5],
							"lerp_mode": "catmullrom"
						},
						"2.875": {
							"post": [0, 0, 0],
							"lerp_mode": "catmullrom"
						}
					}
				}
			}
		},
		"animation.blacephalon.ground_walk": {
			"loop": true,
			"animation_length": 2,
			"bones": {
				"torso2": {
					"rotation": ["2.5+math.sin(q.anim_time*90*8-60)*2", "math.sin(q.anim_time*90*4+60)*20", "-math.sin(q.anim_time*90*4)*2"],
					"position": [0, "0-(8/11+(8*0.1))+math.abs(math.sin(((query.anim_time)-(1.1/8))*90*4)*(4/11+(4*0.1)))", "0.5+math.sin(q.anim_time*90*8)*0.5"]
				},
				"left_arm": {
					"rotation": ["-5.9227-math.sin(q.anim_time*90*4)*12", "-20.3169-math.sin(q.anim_time*90*4)*30", "15.4942-math.sin(q.anim_time*90*8-45)*2"]
				},
				"left_arm2": {
					"rotation": [-2.40081, "16.2463-math.sin(q.anim_time*90*4-90)*12", "-20-math.sin(q.anim_time*90*8+90)*1"]
				},
				"left_hand": {
					"rotation": [2.57366, 12.94466, "-17.7124-math.sin(q.anim_time*90*4+45)*2"]
				},
				"right_arm": {
					"rotation": ["13.0704+math.sin(q.anim_time*90*4)*12", "5.7465-math.sin(q.anim_time*90*4)*30", "-15+math.sin(q.anim_time*90*8-45)*2"]
				},
				"right_arm2": {
					"rotation": [-2.40081, "-16.2463-math.sin(q.anim_time*90*4-90)*12", "20-math.sin(q.anim_time*90*8+90)*1"]
				},
				"right_hand": {
					"rotation": [2.57366, -12.9447, "17.7124-math.sin(q.anim_time*90*4+45)*2"]
				},
				"right_leg": {
					"rotation": {
						"0.0": {
							"post": [2.64, -4.01, -9.99],
							"lerp_mode": "catmullrom"
						},
						"0.25": {
							"post": [15.08385, -1.29876, -7.38733],
							"lerp_mode": "catmullrom"
						},
						"0.5": {
							"post": [2.1153, 20.38198, 13.4154],
							"lerp_mode": "catmullrom"
						},
						"0.75": {
							"post": [-9.91615, -1.29876, -7.38733],
							"lerp_mode": "catmullrom"
						},
						"1.25": {
							"post": [15.08385, -1.29876, -7.38733],
							"lerp_mode": "catmullrom"
						},
						"1.5": {
							"post": [2.1153, 20.38198, 13.4154],
							"lerp_mode": "catmullrom"
						},
						"1.75": {
							"post": [-9.91615, -1.29876, -7.38733],
							"lerp_mode": "catmullrom"
						},
						"2.0": {
							"post": [2.64, -4.01, -9.99],
							"lerp_mode": "catmullrom"
						}
					},
					"position": ["-0.5-math.cos(q.anim_time*90*4)*0.5", "math.clamp(-math.cos(q.anim_time*90*4)*2,0,2)", "math.sin(q.anim_time*90*4)*1"]
				},
				"left_leg": {
					"rotation": {
						"0.0": {
							"post": [2.1153, -20.38198, -13.4154],
							"lerp_mode": "catmullrom"
						},
						"0.25": {
							"post": [-9.91615, 1.29876, 7.38733],
							"lerp_mode": "catmullrom"
						},
						"0.5": {
							"post": [2.46492, 4.12025, 7.48385],
							"lerp_mode": "catmullrom"
						},
						"0.75": {
							"post": [15.08385, 1.29876, 7.38733],
							"lerp_mode": "catmullrom"
						},
						"1.0": {
							"post": [2.1153, -20.38198, -13.4154],
							"lerp_mode": "catmullrom"
						},
						"1.25": {
							"post": [-9.91615, 1.29876, 7.38733],
							"lerp_mode": "catmullrom"
						},
						"1.5": {
							"post": [2.46492, 4.12025, 7.48385],
							"lerp_mode": "catmullrom"
						},
						"1.75": {
							"post": [15.08385, 1.29876, 7.38733],
							"lerp_mode": "catmullrom"
						},
						"2.0": {
							"post": [2.1153, -20.38198, -13.4154],
							"lerp_mode": "catmullrom"
						}
					},
					"position": ["0.5-math.cos(q.anim_time*90*4)*0.5", "math.clamp(math.cos(q.anim_time*90*4)*2,0,2)", "-math.sin(q.anim_time*90*4)*1"]
				},
				"headholder": {
					"rotation": [0, 0, "math.sin(q.anim_time*90*4)*6"],
					"position": [0, "0-(8/11+(8*0.1))+math.abs(math.sin(((query.anim_time)-(1.1/8))*90*4)*(4/11+(4*0.1)))", "0.5+math.sin(q.anim_time*90*8)*0.5"]
				}
			}
		},
		"animation.blacephalon.faint": {
			"animation_length": 4,
			"bones": {
				"blacephalon": {
					"rotation": [-7.5, 0, 0],
					"position": [0, -18, 0]
				},
				"body": {
					"rotation": [0, 0, 0],
					"position": {
						"0.4167": [0, 0, 0],
						"1.25": ["0+Math.cos((query.anim_time) * 90 * 48) * 1", "0+Math.cos((query.anim_time) * 90 * 48 - 45) * 1", 0],
						"1.5": ["0+Math.cos((query.anim_time) * 90 * 48 - 10) * 2", "0+Math.cos((query.anim_time) * 90 * 48 - 45) * 1", 0],
						"1.625": [0, 0, 0]
					}
				},
				"torso2": {
					"rotation": {
						"0.0": [15, 0, 0],
						"2.5": [15, 0, 0],
						"2.7917": {"pre": [15, 0, 0], "post": [0, 0, 0]}
					}
				},
				"torso": {
					"rotation": {
						"0.0": [0, 0, 0],
						"2.5": [0, 0, 0],
						"2.7917": {"pre": [0, 0, 0], "post": [0, 0, 0]}
					}
				},
				"headholder": {
					"rotation": {
						"0.0": [0, 0, 0],
						"0.1667": {
							"pre": [15, 0, 0],
							"post": [15, 0, 0],
							"lerp_mode": "catmullrom"
						},
						"0.4167": {
							"post": [18.06, 0, 0],
							"lerp_mode": "catmullrom"
						},
						"1.0417": [-3.25, 1080, 0],
						"1.25": [-5.61, 1440, 0],
						"1.5417": [-6.75, 0, 0],
						"1.5833": [0, 0, 0]
					},
					"position": {
						"0.0": [0, 0, 0],
						"0.125": [0, 0.89, 0],
						"0.9583": [0, 11.75, 0],
						"1.25": ["0+Math.cos((query.anim_time) * 90 * 48) * 1", "11.75+Math.cos((query.anim_time) * 90 * 48 - 45) * 1", 0],
						"1.5": ["0+Math.cos((query.anim_time) * 90 * 48 - 10) * 2", "13.5+Math.cos((query.anim_time) * 90 * 48 - 90) * 1", 0],
						"1.5833": [0, 0, 0],
						"1.625": [0, -3, 0],
						"1.6667": {"pre": [0, -3, 0], "post": [0, 15.25, 0]},
						"1.75": [0, 49, 0],
						"1.7917": {"pre": [0, 49, 0], "post": [0, 0, 0]}
					},
					"scale": {
						"0.4167": {
							"pre": [1, 1, 1],
							"post": [1, 1, 1],
							"lerp_mode": "catmullrom"
						},
						"1.0417": {
							"post": [2.3, 2.3, 2.3],
							"lerp_mode": "catmullrom"
						},
						"1.625": [1, 1, 1],
						"1.6667": {"pre": [1, 1, 1], "post": [0.4, 3.1, 0.3]},
						"1.75": [0, 3.1, 0],
						"1.7917": {"pre": [0, 3.1, 0], "post": [0, 0, 0]}
					}
				},
				"head": {
					"scale": 1
				},
				"left_arm2": {
					"rotation": {
						"0.0": {
							"post": [0, 0, -62.5],
							"lerp_mode": "catmullrom"
						},
						"1.0417": {
							"post": [0, 0, -32.5],
							"lerp_mode": "catmullrom"
						},
						"1.7083": [0, 0, -32.5],
						"1.7917": [0, 0, -15],
						"2.5": [0, 0, -15],
						"2.7917": {"pre": [0, 0, -15], "post": [0, 0, 87.5]}
					},
					"position": {
						"0.0": [0, 0, 0],
						"2.5": [0, 0, 0],
						"2.7917": {"pre": [0, 0, 0], "post": [-6, 0, 0]}
					}
				},
				"left_hand": {
					"rotation": {
						"0.0": [0, 0, -67.5],
						"2.5": [0, 0, -67.5],
						"2.7917": {"pre": [0, 0, -67.5], "post": [-180, -10, -272.5]}
					}
				},
				"right_arm2": {
					"rotation": {
						"0.0": {
							"post": [0, 0, 62.5],
							"lerp_mode": "catmullrom"
						},
						"1.0417": {
							"post": [0, 0, 32.5],
							"lerp_mode": "catmullrom"
						},
						"1.7083": [0, 0, 32.5],
						"1.7917": [0, 0, 15],
						"2.5": [0, 0, 15],
						"2.7917": {"pre": [0, 0, 15], "post": [0, 0, -82.5]}
					},
					"position": [0, 0, 0]
				},
				"right_hand": {
					"rotation": [0, 0, 67.5]
				},
				"right_leg": {
					"rotation": {
						"0.0": [-125, 0, 0],
						"2.5": [-125, 0, 0],
						"2.7917": {"pre": [-125, 0, 0], "post": [0, 0, 0]}
					}
				},
				"right_leg2": {
					"rotation": {
						"0.0": [57.5, 0, 0],
						"2.5": [57.5, 0, 0],
						"2.7917": {"pre": [57.5, 0, 0], "post": [152.2226, -79.84523, -75.91881]}
					}
				},
				"left_leg": {
					"rotation": {
						"0.0": [-125, 0, 0],
						"2.5": [-125, 0, 0],
						"2.7917": {"pre": [-125, 0, 0], "post": [-195.34703, -83.8578, 182.15297]}
					}
				},
				"left_leg2": {
					"rotation": {
						"0.0": [57.5, 0, 0],
						"2.5": [57.5, 0, 0],
						"2.7917": {"pre": [57.5, 0, 0], "post": [152.5, -5, -180]}
					},
					"position": {
						"2.5": [0, 0, 0],
						"2.7917": {"pre": [0, 0, 0], "post": [0, 1, 4]}
					}
				},
				"bodyody2": {
					"rotation": {
						"2.5": [0, 0, 0],
						"2.7917": {"pre": [0, 0, 0], "post": [-540, -82.5, -450]}
					},
					"position": {
						"2.5": [0, 0, 0],
						"2.7917": {"pre": [0, 0, 0], "post": [5, -13, 0]}
					}
				}
			}
		}
	}
}