{
	"format_version": "1.8.0",
	"animations": {
		"animation.celebi.ground_idle": {
			"loop": true,
			"bones": {
				"r_leg": {
					"rotation": [95, 0, 0]
				},
				"torso": {
					"rotation": [12.5, 0, 0]
				},
				"neck": {
					"rotation": [-10, 0, 0]
				},
				"head": {
					"rotation": [5, 0, 0]
				},
				"l_antenna_0": {
					"rotation": ["-66.4+Math.cos((query.anim_time-0.5) * 90 * 4) * 2", 0, 21.2]
				},
				"l_antenna_1": {
					"rotation": ["-55+Math.cos((query.anim_time-0.5) * 90 * 4) * 2", 0, 0]
				},
				"r_antenna_0": {
					"rotation": ["-66.4+Math.cos((query.anim_time-0.5) * 90 * 4) * 2", 0, -21.2]
				},
				"r_antenna_1": {
					"rotation": ["-55+Math.cos((query.anim_time-0.5) * 90 * 4) * 2", 0, 0]
				},
				"l_arm": {
					"rotation": [0, "-12.5+math.sin(q.anim_time*90*3+90)*0.5", "42.5+math.sin(q.anim_time*90*3+90)*0.5"]
				},
				"r_arm": {
					"rotation": [0, "12.5-math.sin(q.anim_time*90*3+90)*0.5", "-42.5-math.sin(q.anim_time*90*3+90)*0.5"]
				},
				"l_wing": {
					"rotation": [0, "-15-Math.cos((query.anim_time) * 90 * 32) * -20", 20]
				},
				"r_wing": {
					"rotation": [0, "15+Math.cos((query.anim_time) * 90 * 32) * -20", -20]
				},
				"l_leg": {
					"rotation": [77.5, 0, 0]
				},
				"celebi": {
					"rotation": ["2.5*math.sin(q.anim_time*90*2)*0.5", 0, "2.5*math.sin(q.anim_time*90*2+90)*0.5"],
					"position": ["0+math.sin(q.anim_time*90*1.5)*1", "8+math.sin(q.anim_time*90*3)*0.5", "0+math.sin(q.anim_time*90*3)*0.25"]
				}
			}
		},
		"animation.celebi.ground_walk": {
			"loop": true,
			"bones": {
				"r_leg": {
					"rotation": [95, 0, 0]
				},
				"torso": {
					"rotation": [80, 0, 0]
				},
				"neck": {
					"rotation": [-42.5, 0, 0]
				},
				"head": {
					"rotation": [-30, 0, 0]
				},
				"l_antenna_0": {
					"rotation": ["-66.4+Math.cos((query.anim_time-0.5) * 90 * 4) * 2", 0, 21.2]
				},
				"l_antenna_1": {
					"rotation": ["-55+Math.cos((query.anim_time-0.5) * 90 * 4) * 2", 0, 0]
				},
				"r_antenna_0": {
					"rotation": ["-66.4+Math.cos((query.anim_time-0.5) * 90 * 4) * 2", 0, -21.2]
				},
				"r_antenna_1": {
					"rotation": ["-55+Math.cos((query.anim_time-0.5) * 90 * 4) * 2", 0, 0]
				},
				"l_arm": {
					"rotation": [0, "-12.5+math.sin(q.anim_time*90*3+90)*0.5", "42.5+math.sin(q.anim_time*90*3+90)*0.5"]
				},
				"r_arm": {
					"rotation": [0, "12.5-math.sin(q.anim_time*90*3+90)*0.5", "-42.5-math.sin(q.anim_time*90*3+90)*0.5"]
				},
				"l_wing": {
					"rotation": [0, "-15-Math.cos((query.anim_time) * 90 * 32) * -20", 20]
				},
				"r_wing": {
					"rotation": [0, "15+Math.cos((query.anim_time) * 90 * 32) * -20", -20]
				},
				"l_leg": {
					"rotation": [77.5, 0, 0]
				},
				"celebi": {
					"rotation": ["7.5+math.cos(q.anim_time*90*variable.afspeed-180)*3", 0, "0+math.cos(q.anim_time*90*variable.afspeed-180)*3"],
					"position": ["0+math.sin(q.anim_time*90*1.5)*1.2", "8+math.sin(q.anim_time*90*3)*0.6", "0+math.sin(q.anim_time*90*3)*0.6"]
				}
			}
		},
		"animation.celebi.spin": {
			"animation_length": 3,
			"bones": {
				"r_leg": {
					"rotation": {
						"0.0": {
							"post": [60, 0, 0],
							"lerp_mode": "catmullrom"
						},
						"0.75": {
							"post": [0, 60, 0],
							"lerp_mode": "catmullrom"
						},
						"1.0417": {
							"post": [-65, 60, 0],
							"lerp_mode": "catmullrom"
						},
						"1.25": {
							"post": [-77.5, 60, 0],
							"lerp_mode": "catmullrom"
						},
						"2.3333": {
							"post": [60, 0, 0],
							"lerp_mode": "catmullrom"
						}
					}
				},
				"torso": {
					"rotation": [12.5, 0, 0]
				},
				"neck": {
					"rotation": [-10, 0, 0]
				},
				"head": {
					"rotation": {
						"0.0": [5, 0, 0],
						"0.4583": [22.5, 0, 0],
						"1.2917": [-7.5, 0, 0],
						"1.9583": [5, 0, 0]
					}
				},
				"l_antenna_0": {
					"rotation": ["-66.4+Math.cos((query.anim_time-0.5) * 90 * 4) * 2", 0, 21.2]
				},
				"l_antenna_1": {
					"rotation": ["-55+Math.cos((query.anim_time-0.5) * 90 * 4) * 2", 0, 0]
				},
				"r_antenna_0": {
					"rotation": ["-66.4+Math.cos((query.anim_time-0.5) * 90 * 4) * 2", 0, -21.2]
				},
				"r_antenna_1": {
					"rotation": ["-55+Math.cos((query.anim_time-0.5) * 90 * 4) * 2", 0, 0]
				},
				"l_arm": {
					"rotation": {
						"0.0": [0, "-12.5+math.sin(q.anim_time*90*3+90)*0.5", "42.5+math.sin(q.anim_time*90*3+90)*0.5"],
						"0.4583": [0, "-12.5+math.sin(q.anim_time*90*3+90)*0.5", "42.5+math.sin(q.anim_time*90*3+90)*0.5"],
						"1.0833": [6.97254, -7.6199, 0.63486],
						"1.3333": [11.45972, "-4.0845+math.sin(q.anim_time*90*3+90)*0.5", "-30.3597+math.sin(q.anim_time*90*3+90)*0.5"],
						"1.625": [8.67506, -5.5338, -14.96172],
						"1.9167": [1.68386, -9.97136, 29.35561],
						"2.25": [0, "-12.5+math.sin(q.anim_time*90*3+90)*0.5", "42.5+math.sin(q.anim_time*90*3+90)*0.5"]
					}
				},
				"r_arm": {
					"rotation": {
						"0.0": [0, "12.5-math.sin(q.anim_time*90*3+90)*0.5", "-42.5-math.sin(q.anim_time*90*3+90)*0.5"],
						"0.4583": [0, "12.5-math.sin(q.anim_time*90*3+90)*0.5", "-42.5-math.sin(q.anim_time*90*3+90)*0.5"],
						"1.0833": [6.74005, 8.34748, -5.89811],
						"1.3333": [11.31814, "5.1436-math.sin(q.anim_time*90*3+90)*0.5", "23.0199-math.sin(q.anim_time*90*3+90)*0.5"],
						"1.625": [8.37302, 6.6512, 7.32621],
						"1.9167": [1.34553, 10.49056, -33.46195],
						"2.25": [0, "12.5-math.sin(q.anim_time*90*3+90)*0.5", "-42.5-math.sin(q.anim_time*90*3+90)*0.5"]
					}
				},
				"l_wing": {
					"rotation": [0, "-15-Math.cos((query.anim_time) * 90 * 32) * -20", 20]
				},
				"r_wing": {
					"rotation": [0, "15+Math.cos((query.anim_time) * 90 * 32) * -20", -20]
				},
				"l_leg": {
					"rotation": {
						"0.0": {
							"post": [32.5, 0, 0],
							"lerp_mode": "catmullrom"
						},
						"0.75": {
							"post": [138.10617, -55.03389, -143.67935],
							"lerp_mode": "catmullrom"
						},
						"1.0417": {
							"post": [90.55854, -58.18738, -116.83314],
							"lerp_mode": "catmullrom"
						},
						"1.25": {
							"post": [78.05854, -58.18738, -116.83314],
							"lerp_mode": "catmullrom"
						},
						"2.3333": {
							"post": [32.5, 0, 0],
							"lerp_mode": "catmullrom"
						}
					}
				},
				"celebi": {
					"rotation": {
						"0.0": ["2.5*math.sin(q.anim_time*90*2)*0.5", 0, "2.5*math.sin(q.anim_time*90*2+90)*0.5"],
						"1.3333": ["2.5*math.sin(q.anim_time*90*2)*0.5", 0, "2.5*math.sin(q.anim_time*90*2+90)*0.5"],
						"2.9583": ["2.5*math.sin(q.anim_time*90*2)*0.5", 0, "2.5*math.sin(q.anim_time*90*2+90)*2"]
					},
					"position": ["0+math.sin(q.anim_time*90*1.5)*1", "8+math.sin(q.anim_time*90*3)*0.5", "0+math.sin(q.anim_time*90*3)*0.25"]
				},
				"l_foot": {
					"rotation": {
						"0.0": {
							"post": [0, 0, 0],
							"lerp_mode": "catmullrom"
						},
						"0.75": {
							"post": [90, 0, 0],
							"lerp_mode": "catmullrom"
						},
						"1.0417": {
							"post": [0, 0, 0],
							"lerp_mode": "catmullrom"
						},
						"2.3333": {
							"post": [0, 0, 0],
							"lerp_mode": "catmullrom"
						}
					}
				},
				"r_foot": {
					"rotation": {
						"0.0": {
							"post": [0, 0, 0],
							"lerp_mode": "catmullrom"
						},
						"0.75": {
							"post": [57.5, 0, 0],
							"lerp_mode": "catmullrom"
						},
						"1.0417": {
							"post": [37.5, 0, 0],
							"lerp_mode": "catmullrom"
						},
						"2.3333": {
							"post": [0, 0, 0],
							"lerp_mode": "catmullrom"
						}
					}
				},
				"body": {
					"rotation": {
						"0.0": {
							"post": [2.5, 360, 0],
							"lerp_mode": "catmullrom"
						},
						"0.5417": {
							"post": [5.025, 376.325, 0],
							"lerp_mode": "catmullrom"
						},
						"0.9167": {
							"post": [-1.4, -199, 0],
							"lerp_mode": "catmullrom"
						},
						"1.1667": {
							"post": [-1.275, -375.1, 0],
							"lerp_mode": "catmullrom"
						},
						"1.75": {
							"post": [1.33643, -352.50202, 0.17442],
							"lerp_mode": "catmullrom"
						},
						"1.875": {
							"post": [2.77369, -352.50869, 0.3619],
							"lerp_mode": "catmullrom"
						},
						"2.1667": {
							"post": [3.01144, -364.99313, -0.26234],
							"lerp_mode": "catmullrom"
						},
						"2.5417": {
							"post": [3.00285, -357.50343, 0.13092],
							"lerp_mode": "catmullrom"
						},
						"2.9583": {"pre": [2.5, -360, 0], "post": [2.5, 0, 0]}
					},
					"position": {
						"0.0": {
							"post": [0, 0, 0],
							"lerp_mode": "catmullrom"
						},
						"0.3333": {
							"post": [0, -1, 0],
							"lerp_mode": "catmullrom"
						},
						"0.625": {
							"post": [0, 0, 0],
							"lerp_mode": "catmullrom"
						},
						"1.0833": {
							"post": [0, 6, 0],
							"lerp_mode": "catmullrom"
						},
						"1.2917": {
							"post": [0, 7, 0],
							"lerp_mode": "catmullrom"
						},
						"1.7083": {
							"post": [0, 7, 0],
							"lerp_mode": "catmullrom"
						},
						"2.9583": {
							"post": [0, 1, 0],
							"lerp_mode": "catmullrom"
						}
					}
				}
			}
		},
		"animation.celebi.faint": {
			"animation_length": 1.875,
			"bones": {
				"r_leg": {
					"rotation": [95, 0, 0]
				},
				"torso": {
					"rotation": {
						"0.0": [57.5, 0, 0],
						"0.0833": [56.87402, 10.51794, -6.79286],
						"0.125": [54.31328, 22.91934, -15.62633],
						"0.25": [55.28776, 0.6389, 0.96138],
						"0.375": [54.45082, -11.65225, 9.61654],
						"0.5417": [55.2781, -1.41614, 2.38515],
						"0.625": [57.5, 0, 0]
					}
				},
				"neck": {
					"rotation": [-10, 0, 0]
				},
				"head": {
					"rotation": {
						"0.0": {
							"post": [-32.5, 0, 0],
							"lerp_mode": "catmullrom"
						},
						"0.0417": [-0.06463, 0, 0.02834],
						"0.0833": [-0.58, 0, 0],
						"0.125": [-0.41555, 0, -0.16407],
						"0.1667": [0.31895, 0, -0.35072],
						"0.2083": [1.99029, 0, -0.74279],
						"0.25": [4.11887, 0, -0.92332],
						"0.2917": [4.9, 0, -1.1],
						"0.3333": [5.01138, 0, -1.19911],
						"0.375": [4.43424, 0, -1.28882],
						"0.4167": [1.8813, 0, -1.44779],
						"0.5833": [-6.39991, 0, -1.72961],
						"0.625": [-7.74236, 0, -1.7632],
						"0.6667": [-8.89799, 0, -1.78751],
						"0.7083": [-9.85569, 0, -1.80141],
						"0.75": [-11.16279, 0, -1.7917],
						"0.7917": [-11.51452, 0, -1.76364],
						"0.8333": [-11.68, 0, -1.7],
						"0.875": [-11.63274, 0, -1.61698],
						"0.9167": [-11.04793, 0, -1.31505],
						"0.9583": [-10.35622, 0, -1.06263],
						"1.0": [-9.16159, 0, -0.70938],
						"1.0417": [-6.93542, 0, -0.24312],
						"1.0833": [-0.03996, 0, 0.62866],
						"1.125": [0.64, 0, 0.8],
						"1.1667": [1.01647, -0.46588, 0.95741],
						"1.2083": [1.01383, -2.1183, 1.06428],
						"1.25": [-0.34817, -8.24785, 1.06847],
						"1.2917": [-0.94383, -10.24559, 1.03274],
						"1.3333": [-1.17632, -10.99846, 1.01542],
						"1.375": [-1.12851, -10.95055, 1.01564],
						"1.4167": [-0.45198, -10.27257, 1.01875],
						"1.4583": [-0.22781, -10.04791, 1.01978],
						"1.5": [-0.18, -10, 1.02],
						"1.875": [-0.17632, -9.99846, 1.01542]
					}
				},
				"l_antenna_0": {
					"rotation": [-66.4, 0, 21.2]
				},
				"l_antenna_1": {
					"rotation": [-55, 0, 0]
				},
				"r_antenna_0": {
					"rotation": [-66.4, 0, -21.2]
				},
				"r_antenna_1": {
					"rotation": [-55, 0, 0]
				},
				"l_arm": {
					"rotation": {
						"0.0": [0, 0, -55],
						"0.0417": [-5.55925, -5.65695, -52.50539],
						"0.0833": [-16.66254, -14.78202, -45.6218],
						"0.125": [-21.80021, -18.40923, -40.6291],
						"0.1667": [-26.42025, -21.48389, -33.89652],
						"0.2083": [-30.37262, -24.04161, -25.26604],
						"0.25": [-35.81961, -27.70088, -11.66415],
						"0.2917": [-37.15833, -28.8315, -8.20778],
						"0.3333": [-37.51142, -29.50566, -5.97293],
						"0.375": [-37.55281, -29.77854, -4.47038],
						"0.4167": [-38.27326, -29.62865, -2.83894],
						"0.4583": [-38.80709, -29.34525, -2.52886],
						"0.5": [-39.41574, -28.97637, -2.47503],
						"0.5417": [-40.08317, -28.54717, -2.63464],
						"0.5833": [-41.55442, -27.57815, -3.46182],
						"0.625": [-42.34503, -27.06368, -4.07634],
						"0.875": [-48.60484, -23.59835, -10.21594],
						"0.9167": [-50.09, -22.98, -11.51],
						"0.9583": [-51.12143, -21.96897, -12.6432],
						"1.0": [-52.21701, -19.51396, -14.84606],
						"1.2083": [-27.29716, 54.12441, 26.38679]
					}
				},
				"r_arm": {
					"rotation": {
						"0.0": [0, 0, 55],
						"0.0417": [-6.1122, 5.77875, 53.70715],
						"0.0833": [-16.78449, 16.41717, 48.11395],
						"0.125": [-21.37901, 20.68943, 43.67565],
						"0.1667": [-25.47405, 24.10441, 38.23043],
						"0.2083": [-29.05096, 26.67939, 32.0986],
						"0.25": [-34.51522, 29.60364, 20.04843],
						"0.2917": [-36.30186, 30.12629, 15.25358],
						"0.3333": [-37.36261, 30.12956, 11.68376],
						"0.375": [-37.51142, 29.50566, 8.97293],
						"0.4167": [-36.52084, 27.34268, 8.34966],
						"0.4583": [-36.10334, 25.766, 9.28275],
						"0.5": [-35.81225, 23.92003, 10.71602],
						"0.5417": [-35.68352, 21.9277, 12.44679],
						"0.5833": [-36.01025, 18.20992, 16.128],
						"0.625": [-36.50035, 16.79276, 17.801],
						"0.6667": [-37.22487, 15.77112, 19.20973],
						"0.7083": [-38.19228, 15.14668, 20.26014],
						"0.75": [-40.88382, 14.95863, 20.97264],
						"0.7917": [-42.61766, 15.31082, 20.50675],
						"0.8333": [-44.61544, 15.90772, 19.42223],
						"0.875": [-46.88034, 16.71605, 17.67697],
						"0.9167": [-50.09, 17.98, 14.51],
						"0.9583": [-53.38588, 19.65722, 11.13322],
						"1.0": [-58.08488, 22.19851, 6.75217],
						"1.1667": [-109.57726, -4.74326, -26.72597]
					}
				},
				"l_wing": {
					"rotation": {
						"0.0": [0, "-15-Math.cos((query.anim_time) * 90 * 32) * -20", 20],
						"0.875": [0, "-15-Math.cos((query.anim_time) * 90 * 32) * -20", 20],
						"0.9167": [0, -15, 20]
					}
				},
				"r_wing": {
					"rotation": {
						"0.0": [0, "15+Math.cos((query.anim_time) * 90 * 32) * -20", -20],
						"0.875": [0, "-15-Math.cos((query.anim_time) * 90 * 32) * -20", 20],
						"0.9167": [-7.92945, 18.42031, -3.78773]
					}
				},
				"l_leg": {
					"rotation": [77.5, 0, 0]
				},
				"celebi": {
					"rotation": {
						"0.0": {
							"post": [2.5, 0, 0],
							"lerp_mode": "catmullrom"
						},
						"0.2917": [13.84238, 20.88709, 5.49855],
						"0.3333": [13.23613, 20.2648, 5.53075],
						"0.375": [11.79896, 18.78961, 5.59658],
						"0.4167": [7.64949, 14.53037, 5.72177],
						"0.5417": [0.4084, 7.09772, 5.64394],
						"0.5833": [-3.88165, 2.69417, 5.20639],
						"0.625": [-5.46512, 1.06882, 4.78229],
						"0.6667": [-6.37, 0.14, 3.93],
						"0.7083": [-6.32825, -0.23623, 3.0316],
						"0.75": [-5.7375, -5.55976, 0.75668],
						"0.7917": [-5.54175, -7.32377, -1.34524],
						"0.8333": [-5.5, -7.7, -4.3],
						"0.875": [-2.84251, -7.44424, -8.40221],
						"0.9167": [14.6054, -5.44249, -18.01265],
						"0.9583": [27.65825, -3.97861, -22.29086],
						"1.0": [42.7746, -2.5974, -25.82587],
						"1.0417": [59.34701, -1.57946, -28.39961],
						"1.0833": [44.35, -1.58, -28.4]
					},
					"position": {
						"0.0": {
							"post": [0, 8.3, 0],
							"lerp_mode": "catmullrom"
						},
						"0.1667": {
							"post": [2.1, 6.94, 2.7],
							"lerp_mode": "catmullrom"
						},
						"0.375": {
							"post": [2.4, 7.4, 6.1],
							"lerp_mode": "catmullrom"
						},
						"0.5417": {
							"post": [1.2, 2.78, 7.77],
							"lerp_mode": "catmullrom"
						},
						"0.75": {
							"post": [-0.5, 2.1, 7],
							"lerp_mode": "catmullrom"
						},
						"0.9167": {
							"post": [0, -1.59, 1.68],
							"lerp_mode": "catmullrom"
						},
						"0.9583": {
							"post": [0.3, 1.3, -1.3],
							"lerp_mode": "catmullrom"
						},
						"1.0833": {
							"post": [0, 0.3, -1.6],
							"lerp_mode": "catmullrom"
						},
						"1.125": {
							"post": [0, 1.3, -1.6],
							"lerp_mode": "catmullrom"
						},
						"1.25": {
							"post": [0, 0.3, -1.6],
							"lerp_mode": "catmullrom"
						},
						"1.4167": {
							"post": [0, 0.1, -1.6],
							"lerp_mode": "catmullrom"
						}
					}
				}
			}
		},
		"animation.celebi.cry": {
			"loop": true,
			"animation_length": 2,
			"bones": {
				"head": {
					"rotation": {
						"0.0": {
							"post": [0, 0, 0],
							"lerp_mode": "catmullrom"
						},
						"0.25": {
							"post": [7.225, 2.3, 0],
							"lerp_mode": "catmullrom"
						},
						"0.4583": {
							"post": [6.42, 2.7, 0],
							"lerp_mode": "catmullrom"
						},
						"0.7917": {
							"post": [-7.5, -0.1, 0],
							"lerp_mode": "catmullrom"
						},
						"1.2083": {
							"post": [-6.69, -2.1, 0],
							"lerp_mode": "catmullrom"
						},
						"1.6667": {
							"post": [-0.39, 0, 0],
							"lerp_mode": "catmullrom"
						},
						"2.0": {
							"post": [0, 0, 0],
							"lerp_mode": "catmullrom"
						}
					},
					"position": [0, 0, 0]
				}
			}
		}
	}
}