{
	"format_version": "1.8.0",
	"animations": {
		"pose": {
			"loop": true,
			"bones": {
				"tail": {
					"rotation": [-32.5, 0, 0]
				},
				"tail2": {
					"rotation": [85, 0, 0]
				},
				"tail3": {
					"rotation": [82.5, 0, 0]
				},
				"tail4": {
					"rotation": [75, 0, 0]
				},
				"neck": {
					"rotation": [0, 42.5, 0]
				},
				"neck2": {
					"rotation": [12.5, 35, 0]
				},
				"head": {
					"rotation": [-3.82569, 14.72394, -5.16529]
				},
				"ear_right": {
					"rotation": [0, 17.5, -7.5]
				},
				"leg_front_right": {
					"rotation": [0, 17.5, 5]
				},
				"leg_front_right2": {
					"rotation": [0, 5, -5]
				},
				"foot_front_right": {
					"rotation": [0, 12.5, 0]
				},
				"leg_back_right": {
					"rotation": [-7.5, 0, 12.5]
				},
				"leg_back_right2": {
					"rotation": [9.70078, 8.66098, -11.09518]
				},
				"foot_back_right": {
					"rotation": [0, 20, 0]
				},
				"ear_left": {
					"rotation": [0, 12.5, -2.5]
				},
				"leg_front_left": {
					"rotation": [0, 0, -12.5]
				},
				"leg_front_left2": {
					"rotation": [0, 0, 10]
				},
				"foot_front_left": {
					"rotation": [0, -15, 0]
				},
				"leg_back_left": {
					"rotation": [0, 0, -7.5]
				},
				"leg_back_left2": {
					"rotation": [0, 0, 7.5]
				},
				"foot_back_left": {
					"rotation": [0, -15, 0]
				},
				"sword_left": {
					"rotation": [-12.45392, -1.08089, -4.88206]
				},
				"sword_right": {
					"rotation": [-12.89807, -11.91276, -1.18603]
				},
				"iceicle_right": {
					"rotation": [0, 0, 10]
				},
				"iceicle_left": {
					"rotation": [0, 0, -5]
				}
			}
		},
		"ground_idle": {
			"loop": true
		},
		"animation.chienpao.ground_idle": {
			"loop": true,
			"bones": {
				"body": {
					"rotation": [0, -82.5, 0]
				},
				"torso": {
					"rotation": ["-5-5*math.clamp(math.sin(q.anim_time*-90*3/2)*1+1,0,1)+5*math.clamp(-math.sin(q.anim_time*-90*3/2)*1+1,0,1)", 0, 0]
				},
				"neck": {
					"rotation": [
						"30-3*math.clamp(math.sin(q.anim_time*100*3/2)*1+1,0,1)+3*math.clamp(-math.sin(q.anim_time*100*3/2)*1+1,0,1)",
						"60-1*math.clamp(math.sin(q.anim_time*100*3/2)*1+1,0,1)+1*math.clamp(-math.sin(q.anim_time*100*3/2)*1+1,0,1)",
						0
					]
				},
				"neck2": {
					"rotation": ["-10-3*math.clamp(math.sin(q.anim_time*120*3/2)*1+1,0,1)+3*math.clamp(-math.sin(q.anim_time*120*3/2)*1+1,0,1)", 20, -10]
				},
				"head": {
					"rotation": ["math.sin(query.anim_time *100) * 2", 0, 0]
				},
				"iceicle_left": {
					"rotation": [0, "math.sin(query.anim_time *180) * 5", "math.sin(query.anim_time *180) * -5"]
				},
				"iceicle_right": {
					"rotation": [0, "math.sin(query.anim_time *200) * 5", "math.sin(query.anim_time *180) * 5"]
				},
				"ear_right": {
					"rotation": [0, 0, "math.sin(query.anim_time *180) * -5"]
				},
				"ear_left": {
					"rotation": [0, 0, "math.sin(query.anim_time *180) * 5"]
				},
				"sword_left": {
					"rotation": ["-10-5*math.clamp(math.sin(q.anim_time*-90*3/2)*1+1,0,1)+5*math.clamp(-math.sin(q.anim_time*-90*3/2)*1+1,0,1)", 0, 0]
				},
				"sword_right": {
					"rotation": ["-10-5*math.clamp(math.sin(q.anim_time*-90*3/2)*1+1,0,1)+5*math.clamp(-math.sin(q.anim_time*-90*3/2)*1+1,0,1)", 0, 0]
				},
				"leg_front_right": {
					"rotation": [4.88206, -1.08089, 12.45392]
				},
				"leg_front_right2": {
					"rotation": [-5, 0, -15]
				},
				"foot_front_right": {
					"rotation": [0.35988, 24.97558, 2.63059]
				},
				"leg_back_right": {
					"rotation": [10, 0, 15],
					"position": [0, -0.2, 0]
				},
				"leg_back_right2": {
					"rotation": [-11.93845, -3.73171, -17.10967]
				},
				"foot_back_right": {
					"rotation": [0, 22.5, 0]
				},
				"leg_front_left": {
					"rotation": [0, 0, -10]
				},
				"leg_front_left2": {
					"rotation": [0, 0, 10]
				},
				"foot_front_left": {
					"rotation": [0, -15, 0]
				},
				"leg_back_left": {
					"rotation": [0, 0, -10]
				},
				"leg_back_left2": {
					"rotation": [-7.5, 0, 7.5]
				},
				"foot_back_left": {
					"rotation": [10.34527, -14.76689, -2.66399]
				},
				"back": {
					"rotation": [
						"-5-2*math.clamp(math.sin(q.anim_time*100*3/2)*1+1,0,1)+2*math.clamp(-math.sin(q.anim_time*100*3/2)*1+1,0,1)",
						"math.sin(query.anim_time *120) * 5",
						0
					]
				},
				"tail": {
					"rotation": [
						"-35-5*math.clamp(math.sin(q.anim_time*90*3/2)*1+1,0,1)+5*math.clamp(-math.sin(q.anim_time*90*3/2)*1+1,0,1)",
						"math.sin(query.anim_time *90) * -8",
						0
					]
				},
				"tail3": {
					"rotation": [
						"50-5*math.clamp(math.sin(q.anim_time*100*3/2)*1+1,0,1)+5*math.clamp(-math.sin(q.anim_time*100*3/2)*1+1,0,1)",
						"math.sin(query.anim_time *100) * -10",
						0
					]
				},
				"tail5": {
					"rotation": [
						"50-5*math.clamp(math.sin(q.anim_time*110*3/2)*1+1,0,1)+5*math.clamp(-math.sin(q.anim_time*110*3/2)*1+1,0,1)",
						"math.sin(query.anim_time *110) * -20",
						0
					]
				},
				"tail6": {
					"rotation": ["75-5*math.clamp(math.sin(q.anim_time*90*3/2)*1+1,0,1)+5*math.clamp(-math.sin(q.anim_time*90*3/2)*1+1,0,1)", 0, 0]
				},
				"tail4": {
					"rotation": [
						"47.5-5*math.clamp(math.sin(q.anim_time*110*3/2)*1+1,0,1)+5*math.clamp(-math.sin(q.anim_time*110*3/2)*1+1,0,1)",
						"math.sin(query.anim_time *110) * -10",
						0
					]
				},
				"tail2": {
					"rotation": ["27.5-5*math.clamp(math.sin(q.anim_time*100*3/2)*1+1,0,1)+5*math.clamp(-math.sin(q.anim_time*100*3/2)*1+1,0,1)", 0, 0]
				}
			}
		}
	},
	"geckolib_format_version": 2
}