{
	"format_version": "1.8.0",
	"animations": {
		"animation.diancie.ground_idle": {
			"loop": true,
			"bones": {
				"body": {
					"position": [0, 2.7, 0]
				},
				"jewelL": {
					"rotation": [0, 0, 0]
				},
				"jewelLL": {
					"rotation": [0, 0, 0]
				},
				"jewelR": {
					"rotation": [0, 0, 0]
				},
				"jewelRR": {
					"rotation": [0, 0, 0]
				}
			}
		},
		"animation.diancie.air_idle": {
			"loop": true,
			"animation_length": 2,
			"bones": {
				"head": {
					"relative_to": {
						"rotation": "entity"
					},
					"rotation": ["-1.6-math.sin(q.anim_time*90*2+60)*1.5+3 ", 0, 0]
				},
				"armR": {
					"rotation": {
						"0.0": [0, 0, -55],
						"0.4333": [0, 0, -51.7465],
						"0.6667": [0, 0, -51.1],
						"1.1": [0, 0, -52.45477],
						"1.4": [0, 0, -54.465],
						"1.6667": [0, 0, -55.95421],
						"1.9": [0, 0, -55.68836],
						"2.0": [0, 0, -55]
					}
				},
				"armL": {
					"rotation": {
						"0.0": [0, 0, 55],
						"0.4333": [0, 0, 51.7465],
						"0.6667": [0, 0, 51.1],
						"1.1": [0, 0, 52.45477],
						"1.4": [0, 0, 54.465],
						"1.6667": [0, 0, 55.95421],
						"1.9": [0, 0, 55.68836],
						"2.0": [0, 0, 55]
					}
				},
				"jewelL": {
					"rotation": {
						"0.0": [0, 0, 0],
						"0.4333": [-1.57845, 0, 0],
						"0.4667": [-1.6, 0, 0],
						"0.9": [-0.64758, 0, 0],
						"1.0333": [-0.04444, 0, 0],
						"1.4667": [1.12594, 0, 0],
						"1.5": [1.16875, 0, 0],
						"1.9333": [0.3446, 0, 0],
						"2.0": [0, 0, 0]
					}
				},
				"jewelLL": {
					"rotation": {
						"0.0": [0, 0, 0],
						"0.4333": [-1.57845, 0, 0],
						"0.4667": [-1.6, 0, 0],
						"0.9": [-0.64758, 0, 0],
						"1.0333": [-0.04444, 0, 0],
						"1.4667": [1.12594, 0, 0],
						"1.5": [1.16875, 0, 0],
						"1.9333": [0.3446, 0, 0],
						"2.0": [0, 0, 0]
					}
				},
				"jewelR": {
					"rotation": {
						"0.0": [0, 0, 0],
						"0.4333": [-1.57845, 0, 0],
						"0.4667": [-1.6, 0, 0],
						"0.9": [-0.64758, 0, 0],
						"1.0333": [-0.04444, 0, 0],
						"1.4667": [1.12594, 0, 0],
						"1.5": [1.16875, 0, 0],
						"1.9333": [0.3446, 0, 0],
						"2.0": [0, 0, 0]
					}
				},
				"jewelRR": {
					"rotation": {
						"0.0": [0, 0, 0],
						"0.4333": [-1.57845, 0, 0],
						"0.4667": [-1.6, 0, 0],
						"0.9": [-0.64758, 0, 0],
						"1.0333": [-0.04444, 0, 0],
						"1.4667": [1.12594, 0, 0],
						"1.5": [1.16875, 0, 0],
						"1.9333": [0.3446, 0, 0],
						"2.0": [0, 0, 0]
					}
				},
				"bangL": {
					"rotation": ["-32.5+math.sin(q.anim_time*90*2+30)*3 ", "-25+math.sin(q.anim_time*90*2+90)*2 ", "75+math.sin(q.anim_time*90*2+60)*2 "]
				},
				"bangR": {
					"rotation": ["-32.5+math.sin(q.anim_time*90*2+30)*3 ", "25-math.sin(q.anim_time*90*2+90)*2 ", "-75-math.sin(q.anim_time*90*2+60)*2 "]
				},
				"body": {
					"rotation": {
						"0.0": [2.5, 0, 0],
						"2.0": [2.5, 0, 0]
					},
					"position": [0, "2-math.sin(q.anim_time*90*2-90)*0.3", 0]
				},
				"torso": {
					"rotation": ["math.sin(q.anim_time*90*2+60)*1 ", 0, 0]
				},
				"lowerBody": {
					"rotation": ["-math.sin(q.anim_time*90*2+120)*1", 0, 0]
				}
			}
		},
		"animation.diancie.air_walk": {
			"loop": true,
			"animation_length": 3,
			"bones": {
				"body": {
					"rotation": [12.5, 0, 0],
					"position": ["0-math.sin(q.anim_time*30*4)*0.75", "0-math.sin(q.anim_time*30*8)*0.25", 0]
				},
				"head": {
					"rotation": {
						"0.0": [-12.5, 0, 0],
						"0.2667": [-11.26, 0, -0.6],
						"0.5333": [-10.38, 0, -1.2],
						"0.8667": [-10.7, 0, -1.6],
						"1.1667": [-11.76, 0, -1.5],
						"1.4667": [-12.42457, 0, -0.91235],
						"1.5": [-12.4, 0, -0.8],
						"1.8": [-11.06, 0, 0],
						"2.0333": [-10.58234, 0, 0.86463],
						"2.3": [-10.8, 0, 1.1],
						"2.5333": [-11.86, 0, 1],
						"2.9667": [-12.5534, 0, 0.12447],
						"3.0": [-12.5, 0, 0]
					}
				},
				"jewelL": {
					"rotation": {
						"0.0": [-12.5, 0, 0],
						"0.2667": [-11.26, 0, 0],
						"0.5333": [-10.38, 0, -0.7],
						"0.8667": [-10.7, 0, -1.4],
						"1.1333": [-11.51773, 0, -1.41921],
						"1.1667": [-11.76, 0, -1.4],
						"1.5": [-12.4, 0, -0.8],
						"1.8": [-11.06, 0, 0],
						"2.0333": [-10.58234, 0, 0.86463],
						"2.0667": {
							"pre": [-10.58, 0, 0.9],
							"post": [-10.58, 0, 0.9],
							"lerp_mode": "catmullrom"
						},
						"2.1333": [-10.58078, 0, 0.92028],
						"2.3": [-10.8, 0, 1.1],
						"2.5333": [-11.86, 0, 0.8],
						"2.9667": [-12.5534, 0, -0.01104],
						"3.0": [-12.5, 0, 0]
					}
				},
				"jewelLL": {
					"rotation": {
						"0.0": [-12.5, 0, 0],
						"0.2667": [-11.26, 0, 0],
						"0.5333": [-10.38, 0, -0.7],
						"0.8667": [-10.7, 0, -1.4],
						"1.1333": [-11.51773, 0, -1.41921],
						"1.1667": [-11.76, 0, -1.4],
						"1.5": [-12.4, 0, -0.8],
						"1.8": [-11.06, 0, 0],
						"2.0333": [-10.58234, 0, 0.86463],
						"2.0667": {
							"pre": [-10.58, 0, 0.9],
							"post": [-10.58, 0, 0.9],
							"lerp_mode": "catmullrom"
						},
						"2.1333": [-10.58078, 0, 0.92028],
						"2.3": [-10.8, 0, 1.1],
						"2.5333": [-11.86, 0, 0.8],
						"2.9667": [-12.5534, 0, -0.01104],
						"3.0": [-12.5, 0, 0]
					}
				},
				"jewelR": {
					"rotation": {
						"0.0": [-12.5, 0, 0],
						"0.2667": [-11.26, 0, 0],
						"0.5333": [-10.38, 0, -0.7],
						"0.8667": [-10.7, 0, -1.4],
						"1.1333": [-11.51773, 0, -1.41921],
						"1.1667": [-11.76, 0, -1.4],
						"1.5": [-12.4, 0, -0.8],
						"1.8": [-11.06, 0, 0],
						"2.0333": [-10.58234, 0, 0.86463],
						"2.0667": {
							"pre": [-10.58, 0, 0.9],
							"post": [-10.58, 0, 0.9],
							"lerp_mode": "catmullrom"
						},
						"2.1333": [-10.58078, 0, 0.92028],
						"2.3": [-10.8, 0, 1.1],
						"2.5333": [-11.86, 0, 0.8],
						"2.9667": [-12.5534, 0, -0.01104],
						"3.0": [-12.5, 0, 0]
					}
				},
				"jewelRR": {
					"rotation": {
						"0.0": [-12.5, 0, 0],
						"0.2667": [-11.26, 0, 0],
						"0.5333": [-10.38, 0, -0.7],
						"0.8667": [-10.7, 0, -1.4],
						"1.1333": [-11.51773, 0, -1.41921],
						"1.1667": [-11.76, 0, -1.4],
						"1.5": [-12.4, 0, -0.8],
						"1.8": [-11.06, 0, 0],
						"2.0333": [-10.58234, 0, 0.86463],
						"2.0667": {
							"pre": [-10.58, 0, 0.9],
							"post": [-10.58, 0, 0.9],
							"lerp_mode": "catmullrom"
						},
						"2.1333": [-10.58078, 0, 0.92028],
						"2.3": [-10.8, 0, 1.1],
						"2.5333": [-11.86, 0, 0.8],
						"2.9667": [-12.5534, 0, -0.01104],
						"3.0": [-12.5, 0, 0]
					}
				},
				"bangL": {
					"rotation": [
						"-57.7646-math.sin(q.anim_time*90*2.6666-120)*1",
						"-55.6842-math.sin(q.anim_time*90*2.6666-90)*2.5",
						"62.4878-math.sin(q.anim_time*90*2.6666-120)*2"
					]
				},
				"bangR": {
					"rotation": [
						"-57.7646+math.sin(q.anim_time*90*2.6666-120)*1",
						"55.6842+math.sin(q.anim_time*90*2.6666-90)*2.5",
						"-62.4878+math.sin(q.anim_time*90*2.6666-120)*2"
					]
				},
				"armR": {
					"rotation": {
						"0.0": [7.21515, 19.92483, -51.1837],
						"0.4333": [7.22, 18.92, -52.33],
						"0.9333": [7.21515, 18.92483, -52.2837],
						"1.1667": [7.21028, 19.79863, -51.26746],
						"1.2": [7.21, 19.93, -51.14],
						"1.6333": [7.21515, 19.92483, -51.6837],
						"1.8333": [7.21971, 19.49996, -53.18184],
						"1.8667": [7.22, 19.32, -53.52],
						"2.0667": [7.2161, 18.62565, -53.88254],
						"2.1667": [7.21515, 18.62483, -53.5837],
						"2.5": [7.21023, 19.39378, -51.62912],
						"2.5333": [7.21, 19.53, -51.44],
						"3.0": [7.21515, 19.92483, -51.1837]
					}
				},
				"armL": {
					"rotation": {
						"0.0": [7.21515, -19.92483, 51.1837],
						"0.4333": [7.22, -18.92, 52.33],
						"0.9333": [7.21515, -18.92483, 52.2837],
						"1.1667": [7.21028, -19.79863, 51.26746],
						"1.2": [7.21, -19.93, 51.14],
						"1.6333": [7.21515, -19.92483, 51.6837],
						"1.8333": [7.21971, -19.49996, 53.18184],
						"1.8667": [7.22, -19.32, 53.52],
						"2.0667": [7.2161, -18.62565, 53.88254],
						"2.1667": [7.21515, -18.62483, 53.5837],
						"2.5": [7.21023, -19.39378, 51.62912],
						"2.5333": [7.21, -19.53, 51.44],
						"3.0": [7.21515, -19.92483, 51.1837]
					},
					"position": {
						"0.0": [0, 0, 0],
						"3.0": [0, 0, 0]
					}
				},
				"torso": {
					"rotation": ["math.sin(q.anim_time*90*2.6666-60)*2", 0, "-math.sin(q.anim_time*90*1.3333+20)*0.5"]
				},
				"lowerBody": {
					"rotation": ["math.sin(q.anim_time*90*2.6666-90)*0.25+5", 0, "-math.sin(q.anim_time*90*1.3333-15)*2"]
				}
			}
		},
		"animation.diancie.blink": {
			"animation_length": 0.20833,
			"bones": {
				"eyeR": {
					"position": {
						"0.0": [-0.05, 0, -0.1],
						"0.1667": [-0.05, 0, -0.1],
						"0.2083": [0.05, 0, 0]
					}
				},
				"eyeL": {
					"position": {
						"0.0": [0.1, 0, -0.088],
						"0.1667": [0.1, 0, -0.088],
						"0.2083": [0, 0, 0]
					}
				}
			}
		},
		"animation.diancie.faint": {
			"loop": true,
			"animation_length": 3,
			"bones": {
				"body": {
					"rotation": {
						"0.0": {
							"post": [2.5, 0, 0],
							"lerp_mode": "catmullrom"
						},
						"0.3": [13.84238, 20.88709, 5.49855],
						"0.3333": [13.23613, 20.2648, 5.53075],
						"0.3667": [11.79896, 18.78961, 5.59658],
						"0.4": [9.87198, 16.81165, 5.66662],
						"0.4333": [7.64949, 14.53037, 5.72177],
						"0.5333": [0.4084, 7.09772, 5.64394],
						"0.5667": [-1.86584, 4.76332, 5.47987],
						"0.6": [-3.88165, 2.69417, 5.20639],
						"0.6333": [-5.46512, 1.06882, 4.78229],
						"0.6667": [-6.37, 0.14, 3.93],
						"0.7": [-6.32825, -0.23623, 3.0316],
						"0.7333": [-6.1325, -2.00024, 2.04438],
						"0.7667": [-5.7375, -5.55976, 0.75668],
						"0.8": [-5.54175, -7.32377, -1.34524],
						"0.8333": [-5.5, -7.7, -4.3],
						"0.8667": [-2.84251, -7.44424, -8.40221],
						"0.9": [4.19938, -6.66907, -13.25207],
						"0.9333": [14.6054, -5.44249, -18.01265],
						"0.9667": [27.65825, -3.97861, -22.29086],
						"1.0": [42.7746, -2.5974, -25.82587],
						"1.0333": [59.34701, -1.57946, -28.39961],
						"1.1": [83.26777, -0.99985, -29.98488],
						"1.1333": [88.9694, -1.00379, -30.10812],
						"1.1667": [90.13927, -1.04544, -31.41165],
						"1.2": [90.14, -1.07, -32.18],
						"1.2333": [90.13535, -1.06703, -32.08681],
						"1.2667": [89.72454, -1.05652, -31.75628],
						"1.3333": [88.72338, -1.01751, -30.5302],
						"1.3667": [88.40977, -1.00479, -30.1306],
						"1.4333": {
							"pre": [88.27, -1, -29.98],
							"post": [88.27, -1, -29.98],
							"lerp_mode": "catmullrom"
						}
					},
					"position": {
						"0.0": {
							"post": [0, 2.3, 0],
							"lerp_mode": "catmullrom"
						},
						"0.1667": {
							"post": [2.1, 0.94, 2.7],
							"lerp_mode": "catmullrom"
						},
						"0.3667": {
							"post": [2.4, 1.4, 6.1],
							"lerp_mode": "catmullrom"
						},
						"0.5333": {
							"post": [1.2, 2.78, 7.77],
							"lerp_mode": "catmullrom"
						},
						"0.7667": {
							"post": [-0.5, 2.1, 7],
							"lerp_mode": "catmullrom"
						},
						"0.9333": {
							"post": [0, -3.59, 1.68],
							"lerp_mode": "catmullrom"
						},
						"1.0333": {
							"post": [0.3, -14.7, -1.3],
							"lerp_mode": "catmullrom"
						},
						"1.2": {
							"post": [0, -14.7, -1.6],
							"lerp_mode": "catmullrom"
						}
					}
				},
				"head": {
					"rotation": {
						"0.0": {
							"post": [0, 0, 0],
							"lerp_mode": "catmullrom"
						},
						"0.0333": [-0.06463, 0, 0.02834],
						"0.1": [-0.58, 0, 0],
						"0.1333": [-0.41555, 0, -0.16407],
						"0.1667": [0.31895, 0, -0.35072],
						"0.2": [1.99029, 0, -0.74279],
						"0.2333": [4.11887, 0, -0.92332],
						"0.3": [4.9, 0, -1.1],
						"0.3333": [5.01138, 0, -1.19911],
						"0.3667": [4.43424, 0, -1.28882],
						"0.4": [3.33541, 0, -1.37153],
						"0.4333": [1.8813, 0, -1.44779],
						"0.5667": [-4.89088, 0, -1.68764],
						"0.6": [-6.39991, 0, -1.72961],
						"0.6333": [-7.74236, 0, -1.7632],
						"0.6667": [-8.89799, 0, -1.78751],
						"0.7": [-9.85569, 0, -1.80141],
						"0.7333": [-10.61078, 0, -1.80344],
						"0.7667": [-11.16279, 0, -1.7917],
						"0.8": [-11.51452, 0, -1.76364],
						"0.8333": [-11.68, 0, -1.7],
						"0.8667": [-11.63274, 0, -1.61698],
						"0.9": [-11.44052, 0, -1.49317],
						"0.9333": [-11.04793, 0, -1.31505],
						"0.9667": [-10.35622, 0, -1.06263],
						"1.0": [-9.16159, 0, -0.70938],
						"1.0333": [-6.93542, 0, -0.24312],
						"1.0667": [-2.75053, 0, 0.25506],
						"1.1": [-0.03996, 0, 0.62866],
						"1.1333": [0.64, 0, 0.8],
						"1.1667": [1.01647, -0.46588, 0.95741],
						"1.2": [1.01383, -2.1183, 1.06428],
						"1.2333": [0.48494, -5.0769, 1.09647],
						"1.2667": [-0.34817, -8.24785, 1.06847],
						"1.3": [-0.94383, -10.24559, 1.03274],
						"1.3333": [-1.17632, -10.99846, 1.01542],
						"1.3667": [-1.12851, -10.95055, 1.01564],
						"1.4": [-0.90433, -10.72589, 1.01667],
						"1.4333": [-0.45198, -10.27257, 1.01875],
						"1.4667": [-0.22781, -10.04791, 1.01978],
						"1.5": [-0.18, -10, 1.02],
						"1.8667": [-0.17632, -9.99846, 1.01542]
					}
				},
				"jewelL": {
					"rotation": {
						"0.0": {
							"post": [0, 0, 0],
							"lerp_mode": "catmullrom"
						},
						"0.0333": [-0.02457, 0, 0],
						"0.1667": [-0.5403, 0, 0],
						"0.2": [-0.58, 0, 0],
						"0.2333": [-0.41555, 0, 0],
						"0.2667": [0.31895, 0, 0],
						"0.3": [1.82384, 0, 0],
						"0.3333": [3.19029, 0, 0],
						"0.3667": [4.11887, 0, 0],
						"0.4333": [4.9, 0, 0],
						"0.4667": [5.01138, 0, 0],
						"0.5": [4.43424, 0, 0],
						"0.5333": [3.33541, 0, 0],
						"0.5667": [1.8813, 0, 0],
						"0.7": [-4.89088, 0, 0],
						"0.7333": [-6.39991, 0, 0],
						"0.7667": [-7.74236, 0, 0],
						"0.8": [-8.89799, 0, 0],
						"0.8333": [-9.85569, 0, 0],
						"0.8667": [-10.61078, 0, 0],
						"0.9": [-11.16279, 0, 0],
						"0.9333": [-11.51452, 0, 0],
						"0.9667": [-11.68, 0, 0],
						"1.0": [-11.59718, 0, 0],
						"1.0333": [-11.26168, 0, 0],
						"1.0667": [-10.53578, 0, 0],
						"1.1": [-9.10111, 0, 0],
						"1.1333": [-5.81207, 0, 0],
						"1.1667": [0.64, 0, 0],
						"1.2": [1.21562, 0, 0],
						"1.2333": [1.04164, 0, 0],
						"1.2667": [0.56264, 0, 0],
						"1.3667": [-1.2501, 0, 0],
						"1.4333": [-1.9, 0, 0],
						"1.4667": [-2.2093, 0, 0],
						"1.5": [-2.18697, 0, 0],
						"1.5333": [-1.54352, 0, 0],
						"1.5667": [-0.68283, 0, 0],
						"1.6": [0, 0, 0],
						"1.8667": [0, 0, 0]
					}
				},
				"jewelLL": {
					"rotation": {
						"0.0": {
							"post": [0, 0, 0],
							"lerp_mode": "catmullrom"
						},
						"0.0333": [-0.02457, 0, 0],
						"0.1667": [-0.5403, 0, 0],
						"0.2": [-0.58, 0, 0],
						"0.2333": [-0.41555, 0, 0],
						"0.2667": [0.31895, 0, 0],
						"0.3": [1.82384, 0, 0],
						"0.3333": [3.19029, 0, 0],
						"0.3667": [4.11887, 0, 0],
						"0.4333": [4.9, 0, 0],
						"0.4667": [5.01138, 0, 0],
						"0.5": [4.43424, 0, 0],
						"0.5333": [3.33541, 0, 0],
						"0.5667": [1.8813, 0, 0],
						"0.7": [-4.89088, 0, 0],
						"0.7333": [-6.39991, 0, 0],
						"0.7667": [-7.74236, 0, 0],
						"0.8": [-8.89799, 0, 0],
						"0.8333": [-9.85569, 0, 0],
						"0.8667": [-10.61078, 0, 0],
						"0.9": [-11.16279, 0, 0],
						"0.9333": [-11.51452, 0, 0],
						"0.9667": [-11.68, 0, 0],
						"1.0": [-11.59718, 0, 0],
						"1.0333": [-11.26168, 0, 0],
						"1.0667": [-10.53578, 0, 0],
						"1.1": [-9.10111, 0, 0],
						"1.1333": [-5.81207, 0, 0],
						"1.1667": [0.64, 0, 0],
						"1.2": [1.21562, 0, 0],
						"1.2333": [1.04164, 0, 0],
						"1.2667": [0.56264, 0, 0],
						"1.3667": [-1.2501, 0, 0],
						"1.4333": [-1.9, 0, 0],
						"1.4667": [-2.1343, 0, 0],
						"1.5": [-2.11197, 0, 0],
						"1.5333": [-1.54352, 0, 0],
						"1.5667": [-0.60783, 0, 0],
						"1.6": {
							"pre": [0.09, 0, 0],
							"post": [0.09, 0, 0],
							"lerp_mode": "catmullrom"
						},
						"1.8667": {
							"post": [0, 0, 0],
							"lerp_mode": "catmullrom"
						}
					}
				},
				"jewelR": {
					"rotation": {
						"0.0": {
							"post": [0, 0, 0],
							"lerp_mode": "catmullrom"
						},
						"0.0333": [-0.02457, 0, 0],
						"0.1667": [-0.5403, 0, 0],
						"0.2": [-0.58, 0, 0],
						"0.2333": [-0.41555, 0, 0],
						"0.2667": [0.31895, 0, 0],
						"0.3": [1.82384, 0, 0],
						"0.3333": [3.19029, 0, 0],
						"0.3667": [4.11887, 0, 0],
						"0.4333": [4.9, 0, 0],
						"0.4667": [5.01138, 0, 0],
						"0.5": [4.43424, 0, 0],
						"0.5333": [3.33541, 0, 0],
						"0.5667": [1.8813, 0, 0],
						"0.7": [-4.89088, 0, 0],
						"0.7333": [-6.39991, 0, 0],
						"0.7667": [-7.74236, 0, 0],
						"0.8": [-8.89799, 0, 0],
						"0.8333": [-9.85569, 0, 0],
						"0.8667": [-10.61078, 0, 0],
						"0.9": [-11.16279, 0, 0],
						"0.9333": [-11.51452, 0, 0],
						"0.9667": [-11.68, 0, 0],
						"1.0": [-11.59718, 0, 0],
						"1.0333": [-11.26168, 0, 0],
						"1.0667": [-10.53578, 0, 0],
						"1.1": [-9.10111, 0, 0],
						"1.1333": [-5.81207, 0, 0],
						"1.1667": [0.64, 0, 0],
						"1.2": [1.21562, 0, 0],
						"1.2333": [1.04164, 0, 0],
						"1.2667": [0.56264, 0, 0],
						"1.3667": [-1.2501, 0, 0],
						"1.4333": [-1.9, 0, 0],
						"1.4667": [-2.1343, 0, 0],
						"1.5": [-2.11197, 0, 0],
						"1.5333": [-1.54352, 0, 0],
						"1.5667": [-0.60783, 0, 0],
						"1.6": {
							"pre": [0.09, 0, 0],
							"post": [0.09, 0, 0],
							"lerp_mode": "catmullrom"
						},
						"1.8667": {
							"post": [0, 0, 0],
							"lerp_mode": "catmullrom"
						}
					}
				},
				"jewelRR": {
					"rotation": {
						"0.0": {
							"post": [0, 0, 0],
							"lerp_mode": "catmullrom"
						},
						"0.0333": [-0.02457, 0, 0],
						"0.1667": [-0.5403, 0, 0],
						"0.2": [-0.58, 0, 0],
						"0.2333": [-0.41555, 0, 0],
						"0.2667": [0.31895, 0, 0],
						"0.3": [1.82384, 0, 0],
						"0.3333": [3.19029, 0, 0],
						"0.3667": [4.11887, 0, 0],
						"0.4333": [4.9, 0, 0],
						"0.4667": [5.01138, 0, 0],
						"0.5": [4.43424, 0, 0],
						"0.5333": [3.33541, 0, 0],
						"0.5667": [1.8813, 0, 0],
						"0.7": [-4.89088, 0, 0],
						"0.7333": [-6.39991, 0, 0],
						"0.7667": [-7.74236, 0, 0],
						"0.8": [-8.89799, 0, 0],
						"0.8333": [-9.85569, 0, 0],
						"0.8667": [-10.61078, 0, 0],
						"0.9": [-11.16279, 0, 0],
						"0.9333": [-11.51452, 0, 0],
						"0.9667": [-11.68, 0, 0],
						"1.0": [-11.59718, 0, 0],
						"1.0333": [-11.26168, 0, 0],
						"1.0667": [-10.53578, 0, 0],
						"1.1": [-9.10111, 0, 0],
						"1.1333": [-5.81207, 0, 0],
						"1.1667": [0.64, 0, 0],
						"1.2": [1.21562, 0, 0],
						"1.2333": [1.04164, 0, 0],
						"1.2667": [0.56264, 0, 0],
						"1.3667": [-1.2501, 0, 0],
						"1.4333": [-1.9, 0, 0],
						"1.4667": [-2.1343, 0, 0],
						"1.5": [-2.11197, 0, 0],
						"1.5333": [-1.54352, 0, 0],
						"1.5667": [-0.60783, 0, 0],
						"1.6": {
							"pre": [0.09, 0, 0],
							"post": [0.09, 0, 0],
							"lerp_mode": "catmullrom"
						},
						"1.8667": {
							"post": [0, 0, 0],
							"lerp_mode": "catmullrom"
						}
					}
				},
				"bangL": {
					"rotation": {
						"0.0": {
							"post": [-32.5, -25, 75],
							"lerp_mode": "catmullrom"
						},
						"0.2667": {
							"post": [-36.13911, 2.08445, 67.90086],
							"lerp_mode": "catmullrom"
						},
						"0.5333": {
							"post": [-33.46814, -26.86392, 49.61026],
							"lerp_mode": "catmullrom"
						},
						"1.0": {
							"post": [-22.36877, -28.04503, 53.4877],
							"lerp_mode": "catmullrom"
						},
						"1.1667": {
							"post": [-26.62368, -24.41678, 55.09531],
							"lerp_mode": "catmullrom"
						},
						"1.3": {
							"post": [-35.82648, 7.92102, 71.38984],
							"lerp_mode": "catmullrom"
						},
						"1.5": {
							"post": [-35.64537, 5.8928, 71.85744],
							"lerp_mode": "catmullrom"
						},
						"1.8667": {
							"post": [-35.64537, 5.8928, 71.85744],
							"lerp_mode": "catmullrom"
						}
					}
				},
				"bangR": {
					"rotation": {
						"0.0": {
							"post": [-32.5, 25, -75],
							"lerp_mode": "catmullrom"
						},
						"0.2667": {
							"post": [-38.52928, -2.1038, -66.83859],
							"lerp_mode": "catmullrom"
						},
						"0.5333": {
							"post": [-41.74919, 31.57104, -77.88463],
							"lerp_mode": "catmullrom"
						},
						"0.8333": {
							"post": [-35.76124, 21.23309, -69.23517],
							"lerp_mode": "catmullrom"
						},
						"1.1667": {
							"post": [-34.45297, 29.41649, -72.7728],
							"lerp_mode": "catmullrom"
						},
						"1.3": {
							"post": [-28.3077, 10.29662, -57.28446],
							"lerp_mode": "catmullrom"
						},
						"1.5": {
							"post": [-29.28, 14.6, -62.37],
							"lerp_mode": "catmullrom"
						},
						"1.8667": {
							"post": [-29.28, 14.6, -62.37],
							"lerp_mode": "catmullrom"
						}
					}
				},
				"eyeL": {
					"position": {
						"0.7667": [0, 0, 0],
						"0.8": [0.1, 0, -0.09]
					}
				},
				"eyeR": {
					"position": {
						"0.7667": [0, 0, 0],
						"0.8": [0.1, 0, -0.1],
						"0.8333": [-0.05, 0, -0.09]
					}
				},
				"mouthOpen": {
					"position": {
						"0.0": [0, -0.17047, 0.09246],
						"0.0333": [0, -0.17047, 0.09246],
						"0.1": [0, -0.17, -0.11],
						"0.6333": [0, -0.17047, -0.10754],
						"0.8": [0, -0.17047, -0.10754],
						"1.8667": [0, -0.17047, -0.10754]
					},
					"scale": {
						"0.0": [0.6, 0.1, 1],
						"0.1": [0.6, 0.1, 1],
						"0.1667": [1, 1, 1]
					}
				},
				"armR": {
					"rotation": {
						"0.0": [0, 0, -55],
						"0.0333": [-5.55925, -5.65695, -52.50539],
						"0.0667": [-11.18325, -10.55345, -49.45455],
						"0.1": [-16.66254, -14.78202, -45.6218],
						"0.1333": [-21.80021, -18.40923, -40.6291],
						"0.1667": [-26.42025, -21.48389, -33.89652],
						"0.2": [-30.37262, -24.04161, -25.26604],
						"0.2333": [-33.53622, -26.10804, -17.14561],
						"0.2667": [-35.81961, -27.70088, -11.66415],
						"0.3": [-37.15833, -28.8315, -8.20778],
						"0.3333": [-37.51142, -29.50566, -5.97293],
						"0.3667": [-37.55281, -29.77854, -4.47038],
						"0.4": [-37.83987, -29.7909, -3.46129],
						"0.4333": [-38.27326, -29.62865, -2.83894],
						"0.4667": [-38.80709, -29.34525, -2.52886],
						"0.5": [-39.41574, -28.97637, -2.47503],
						"0.5333": [-40.08317, -28.54717, -2.63464],
						"0.5667": [-40.7986, -28.07635, -2.97312],
						"0.6": [-41.55442, -27.57815, -3.46182],
						"0.6333": [-42.34503, -27.06368, -4.07634],
						"0.8667": [-48.60484, -23.59835, -10.21594],
						"0.9": [-49.5886, -23.17905, -11.09937],
						"0.9333": [-50.09, -22.98, -11.51],
						"0.9667": [-51.12143, -21.96897, -12.6432],
						"1.0": [-52.21701, -19.51396, -14.84606],
						"1.0333": [-53.4421, -9.37039, -20.66632],
						"1.0667": [-54.53226, 6.57429, -27.91437],
						"1.1": [-55.28908, 9.80269, -26.32512],
						"1.1333": [-55.91255, 11.38826, -24.62673],
						"1.1667": [-56.41404, 12.24756, -23.81049],
						"1.2": [-56.83492, 12.61428, -23.72877],
						"1.2333": [-57.19409, 12.61491, -24.17177],
						"1.2667": [-57.50115, 12.32667, -24.89985],
						"1.3": [-57.76068, 11.79945, -25.68277],
						"1.3333": [-57.97373, 11.06698, -26.33023],
						"1.3667": [-58.13816, 10.15052, -26.70466],
						"1.4": [-58.24766, 9.06088, -26.71832],
						"1.4333": [-58.28908, 7.80269, -26.32512],
						"1.8667": [-58.28908, 7.80269, -26.32512]
					}
				},
				"armL": {
					"rotation": {
						"0.0": [0, 0, 55],
						"0.0333": [-6.1122, 5.77875, 53.70715],
						"0.0667": [-11.69805, 11.37105, 51.44518],
						"0.1": [-16.78449, 16.41717, 48.11395],
						"0.1333": [-21.37901, 20.68943, 43.67565],
						"0.1667": [-25.47405, 24.10441, 38.23043],
						"0.2": [-29.05096, 26.67939, 32.0986],
						"0.2333": [-32.07902, 28.48346, 25.82792],
						"0.2667": [-34.51522, 29.60364, 20.04843],
						"0.3": [-36.30186, 30.12629, 15.25358],
						"0.3333": [-37.36261, 30.12956, 11.68376],
						"0.3667": [-37.51142, 29.50566, 8.97293],
						"0.4": [-37.01459, 28.59201, 8.15389],
						"0.4333": [-36.52084, 27.34268, 8.34966],
						"0.4667": [-36.10334, 25.766, 9.28275],
						"0.5": [-35.81225, 23.92003, 10.71602],
						"0.5333": [-35.68352, 21.9277, 12.44679],
						"0.5667": [-35.74302, 19.96459, 14.30049],
						"0.6": [-36.01025, 18.20992, 16.128],
						"0.6333": [-36.50035, 16.79276, 17.801],
						"0.6667": [-37.22487, 15.77112, 19.20973],
						"0.7": [-38.19228, 15.14668, 20.26014],
						"0.7333": [-39.41008, 14.88949, 20.87048],
						"0.7667": [-40.88382, 14.95863, 20.97264],
						"0.8": [-42.61766, 15.31082, 20.50675],
						"0.8333": [-44.61544, 15.90772, 19.42223],
						"0.8667": [-46.88034, 16.71605, 17.67697],
						"0.9333": [-50.09, 17.98, 14.51],
						"0.9667": [-53.38588, 19.65722, 11.13322],
						"1.0": [-58.08488, 22.19851, 6.75217],
						"1.0333": [-64.88388, 26.0976, 0.80559],
						"1.0667": [-75.27366, 32.54361, -7.9756],
						"1.1": [-93.43971, 46.24601, -23.16804],
						"1.1333": [-124.15733, 70.61038, -42.92998],
						"1.1667": [-135.86638, 76.92369, -53.47926],
						"1.2": [-135.86638, 77.53195, -56.32379],
						"1.2333": [-135.86638, 77.43909, -57.99184],
						"1.2667": [-135.86638, 76.12348, -57.75646],
						"1.3": [-135.86638, 73.53161, -55.85677],
						"1.3333": [-135.86638, 71.59975, -54.17601],
						"1.3667": [-135.86638, 70.92369, -53.47926],
						"1.8": [-135.86638, 70.92369, -53.47926],
						"1.8667": [-135.86638, 70.92369, -53.47926]
					}
				},
				"eyeRH": {
					"position": {
						"0.0": [0, 0, 0],
						"0.0333": [0, 0, 0],
						"0.1": [0.1, 0, -0.1],
						"0.8": [0.1, 0, -0.1],
						"0.8333": [0, 0, 0]
					}
				},
				"eyeLH": {
					"position": {
						"0.0": [0.05, 0, 0],
						"0.0333": [0.05, 0, 0],
						"0.1": [-0.05, 0, -0.1],
						"0.8": [-0.05, 0, -0.1],
						"0.8333": [0.05, 0, 0]
					}
				},
				"torso": {
					"rotation": {
						"0.0": {
							"post": [0, 0, 0],
							"lerp_mode": "catmullrom"
						},
						"0.3333": {
							"post": [-13.10483, 0.53965, -0.68143],
							"lerp_mode": "catmullrom"
						},
						"0.5667": {
							"post": [-10.44792, 0.16533, -2.83903],
							"lerp_mode": "catmullrom"
						},
						"0.9333": {
							"post": [22.47292, 1.36221, -2.34098],
							"lerp_mode": "catmullrom"
						},
						"1.1333": {
							"post": [13.66566, 0.75097, -1.24365],
							"lerp_mode": "catmullrom"
						},
						"1.3333": {
							"post": [0, 0, 0],
							"lerp_mode": "catmullrom"
						}
					}
				},
				"lowerBody": {
					"rotation": {
						"0.0": {
							"post": [0, 0, 0],
							"lerp_mode": "catmullrom"
						},
						"0.3667": {
							"post": [-25.56513, -2.24759, -1.91255],
							"lerp_mode": "catmullrom"
						},
						"0.6667": {
							"post": [-6.4018, -1.18732, -0.59971],
							"lerp_mode": "catmullrom"
						},
						"0.9667": {
							"post": [11.94331, 2.0402, -2.74231],
							"lerp_mode": "catmullrom"
						},
						"1.2": [5.76455, -0.60715, -1.79468],
						"1.3": [0, 0, 0],
						"1.8667": [0, 0, 0]
					}
				}
			}
		},
		"animation.diancie.sleep": {
			"loop": true,
			"animation_length": 3,
			"bones": {
				"body": {
					"rotation": [12.5, 0, 0],
					"position": [0, -1.6, -1]
				},
				"torso": {
					"rotation": ["-5+math.sin(q.anim_time*90*1.333+60)*1 ", 0, 0],
					"position": [0, "0+math.sin(q.anim_time*90*1.333+60)*0.005", "0-math.sin(q.anim_time*90*1.333+60)*0.045"]
				},
				"lowerBody": {
					"rotation": ["-7.5-math.sin(q.anim_time*90*1.333+60)*1 ", 0, 0]
				},
				"head": {
					"rotation": ["5.9-math.sin(q.anim_time*90*1.333+60)*1.5+3 ", 0, 0]
				},
				"jewelL": {
					"rotation": {
						"0.0": [0, 0, 0],
						"0.6667": [-1.57845, 0, 0],
						"0.7": [-1.6, 0, 0],
						"1.3667": [-0.64758, 0, 0],
						"1.5667": [-0.04444, 0, 0],
						"2.2": [1.12594, 0, 0],
						"2.2667": [1.16875, 0, 0],
						"2.9": [0.3446, 0, 0],
						"3.0": [0, 0, 0]
					}
				},
				"jewelLL": {
					"rotation": {
						"0.0": [0, 0, 0],
						"0.6667": [-1.57845, 0, 0],
						"0.7": [-1.6, 0, 0],
						"1.3667": [-0.64758, 0, 0],
						"1.5667": [-0.04444, 0, 0],
						"2.2": [1.12594, 0, 0],
						"2.2667": [1.16875, 0, 0],
						"2.9": [0.3446, 0, 0],
						"3.0": [0, 0, 0]
					}
				},
				"jewelR": {
					"rotation": {
						"0.0": [0, 0, 0],
						"0.6667": [-1.57845, 0, 0],
						"0.7": [-1.6, 0, 0],
						"1.3667": [-0.64758, 0, 0],
						"1.5667": [-0.04444, 0, 0],
						"2.2": [1.12594, 0, 0],
						"2.2667": [1.16875, 0, 0],
						"2.9": [0.3446, 0, 0],
						"3.0": [0, 0, 0]
					}
				},
				"jewelRR": {
					"rotation": {
						"0.0": [0, 0, 0],
						"0.6667": [-1.57845, 0, 0],
						"0.7": [-1.6, 0, 0],
						"1.3667": [-0.64758, 0, 0],
						"1.5667": [-0.04444, 0, 0],
						"2.2": [1.12594, 0, 0],
						"2.2667": [1.16875, 0, 0],
						"2.9": [0.3446, 0, 0],
						"3.0": [0, 0, 0]
					}
				},
				"bangL": {
					"rotation": [
						"-33.8483+math.sin(q.anim_time*90*1.333+30)*2 ",
						"5.3629-math.sin(q.anim_time*90*1.333+70)*1 ",
						"75.7975+math.sin(q.anim_time*90*1.333+70)*1 "
					]
				},
				"bangR": {
					"rotation": [
						"-33.8483+math.sin(q.anim_time*90*1.333+30)*2 ",
						"-5.3629+math.sin(q.anim_time*90*1.333+70)*1 ",
						"-75.7975-math.sin(q.anim_time*90*1.333+70)*1 "
					]
				},
				"eyeL": {
					"position": [0.1, 0, -0.1]
				},
				"eyeR": {
					"position": [-0.05, 0, -0.1]
				},
				"mouthOpen": {
					"position": [0, -0.17047, -0.10754],
					"scale": ["0.5+math.sin(q.anim_time*90*1.333+100)*0.01 ", "0.5+math.sin(q.anim_time*90*1.333+100)*0.03 ", 1]
				},
				"armR": {
					"rotation": ["37.4793+math.sin(q.anim_time*90*1.333+30)*1.5", "-41.1559-math.sin(q.anim_time*90*1.333+30)*0.5 ", -95.14721]
				},
				"armL": {
					"rotation": ["44.9793+math.sin(q.anim_time*90*1.333+30)*1.5", "41.1559+math.sin(q.anim_time*90*1.333+30)*0.5 ", 95.1472]
				}
			}
		},
		"animation.diancie.cry": {
			"animation_length": 2,
			"bones": {
				"body": {
					"rotation": {
						"0.0": {
							"post": [0, 0, 0],
							"lerp_mode": "catmullrom"
						},
						"0.3": {
							"post": [1.15, 4, 0],
							"lerp_mode": "catmullrom"
						},
						"0.7667": {
							"post": [-1.72, -1.6, 0],
							"lerp_mode": "catmullrom"
						},
						"1.4667": {
							"post": [-0.05, 0.2, 0],
							"lerp_mode": "catmullrom"
						},
						"2.0": {
							"post": [0, 0, 0],
							"lerp_mode": "catmullrom"
						}
					},
					"position": {
						"0.0": {
							"post": [0, 0, 0],
							"lerp_mode": "catmullrom"
						},
						"0.2667": {
							"post": [0, -0.225, 0],
							"lerp_mode": "catmullrom"
						},
						"0.6": {
							"post": [0, 1.475, -0.05],
							"lerp_mode": "catmullrom"
						},
						"1.0": {
							"post": [0, 1.405, -0.1],
							"lerp_mode": "catmullrom"
						},
						"1.3": {
							"post": [0, 0.335, 0],
							"lerp_mode": "catmullrom"
						},
						"1.5333": {
							"post": [0, -0.175, 0.075],
							"lerp_mode": "catmullrom"
						},
						"1.7333": {
							"post": [0, -0.175, 0.05],
							"lerp_mode": "catmullrom"
						},
						"2.0": {
							"post": [0, 0, 0],
							"lerp_mode": "catmullrom"
						}
					}
				},
				"lowerBody": {
					"rotation": {
						"0.0": {
							"post": [0, 0, 0],
							"lerp_mode": "catmullrom"
						},
						"0.4333": {
							"post": [1.25, 0, 0],
							"lerp_mode": "catmullrom"
						},
						"1.1": {
							"post": [-0.4, 0, 0],
							"lerp_mode": "catmullrom"
						},
						"1.7": {
							"post": [0.435, 0, 0],
							"lerp_mode": "catmullrom"
						},
						"2.0": {
							"post": [0, 0, 0],
							"lerp_mode": "catmullrom"
						}
					}
				},
				"head": {
					"rotation": {
						"0.0": {
							"post": [0, 0, 0],
							"lerp_mode": "catmullrom"
						},
						"0.2333": {
							"post": [7.225, 2.3, 0],
							"lerp_mode": "catmullrom"
						},
						"0.4667": {
							"post": [6.42, 2.7, 0],
							"lerp_mode": "catmullrom"
						},
						"0.8": {
							"post": [-7.5, -0.1, 0],
							"lerp_mode": "catmullrom"
						},
						"1.2": {
							"post": [-6.69, -2.1, 0],
							"lerp_mode": "catmullrom"
						},
						"1.6667": {
							"post": [-0.39, 0, 0],
							"lerp_mode": "catmullrom"
						},
						"2.0": {
							"post": [0, 0, 0],
							"lerp_mode": "catmullrom"
						}
					},
					"position": [0, 0, 0]
				},
				"jewelL": {
					"rotation": {
						"0.0": {
							"post": [0, 0, 0],
							"lerp_mode": "catmullrom"
						},
						"0.3": {
							"post": [2.025, 0, 0],
							"lerp_mode": "catmullrom"
						},
						"0.6333": {
							"post": [2.22, 0, 0],
							"lerp_mode": "catmullrom"
						},
						"1.0667": {
							"post": [-4.3, 0, 0],
							"lerp_mode": "catmullrom"
						},
						"1.3667": {
							"post": [-3.49, 0, 0],
							"lerp_mode": "catmullrom"
						},
						"1.6667": {
							"post": [0.21, 0, 0],
							"lerp_mode": "catmullrom"
						},
						"2.0": {
							"post": [0, 0, 0],
							"lerp_mode": "catmullrom"
						}
					}
				},
				"jewelLL": {
					"rotation": {
						"0.0": {
							"post": [0, 0, 0],
							"lerp_mode": "catmullrom"
						},
						"0.3": {
							"post": [2.025, 0, 0],
							"lerp_mode": "catmullrom"
						},
						"0.6333": {
							"post": [2.22, 0, 0],
							"lerp_mode": "catmullrom"
						},
						"1.0667": {
							"post": [-4.3, 0, 0],
							"lerp_mode": "catmullrom"
						},
						"1.3667": {
							"post": [-3.49, 0, 0],
							"lerp_mode": "catmullrom"
						},
						"1.6667": {
							"post": [0.21, 0, 0],
							"lerp_mode": "catmullrom"
						},
						"2.0": {
							"post": [0, 0, 0],
							"lerp_mode": "catmullrom"
						}
					}
				},
				"jewelR": {
					"rotation": {
						"0.0": {
							"post": [0, 0, 0],
							"lerp_mode": "catmullrom"
						},
						"0.3": {
							"post": [2.025, 0, 0],
							"lerp_mode": "catmullrom"
						},
						"0.6333": {
							"post": [2.22, 0, 0],
							"lerp_mode": "catmullrom"
						},
						"1.0667": {
							"post": [-4.3, 0, 0],
							"lerp_mode": "catmullrom"
						},
						"1.3667": {
							"post": [-3.49, 0, 0],
							"lerp_mode": "catmullrom"
						},
						"1.6667": {
							"post": [0.21, 0, 0],
							"lerp_mode": "catmullrom"
						},
						"2.0": {
							"post": [0, 0, 0],
							"lerp_mode": "catmullrom"
						}
					}
				},
				"jewelRR": {
					"rotation": {
						"0.0": {
							"post": [0, 0, 0],
							"lerp_mode": "catmullrom"
						},
						"0.3": {
							"post": [2.025, 0, 0],
							"lerp_mode": "catmullrom"
						},
						"0.6333": {
							"post": [2.22, 0, 0],
							"lerp_mode": "catmullrom"
						},
						"1.0667": {
							"post": [-4.3, 0, 0],
							"lerp_mode": "catmullrom"
						},
						"1.3667": {
							"post": [-3.49, 0, 0],
							"lerp_mode": "catmullrom"
						},
						"1.6667": {
							"post": [0.21, 0, 0],
							"lerp_mode": "catmullrom"
						},
						"2.0": {
							"post": [0, 0, 0],
							"lerp_mode": "catmullrom"
						}
					}
				},
				"bangL": {
					"rotation": {
						"0.0": {
							"post": [0, 0, 0],
							"lerp_mode": "catmullrom"
						},
						"0.2333": {
							"post": [-0.15, -0.08, 2.04],
							"lerp_mode": "catmullrom"
						},
						"0.5": {
							"post": [0, 1.475, 0],
							"lerp_mode": "catmullrom"
						},
						"0.8333": {
							"post": [1, -1.74, -13.4],
							"lerp_mode": "catmullrom"
						},
						"1.4667": {
							"post": [0, -0.77, -0.3],
							"lerp_mode": "catmullrom"
						},
						"2.0": {
							"post": [0, 0, 0],
							"lerp_mode": "catmullrom"
						}
					}
				},
				"bangR": {
					"rotation": {
						"0.0": {
							"post": [0, 0, 0],
							"lerp_mode": "catmullrom"
						},
						"0.2333": {
							"post": [-0.15, 0.08, -2.04],
							"lerp_mode": "catmullrom"
						},
						"0.5": {
							"post": [0, -1.475, 0.8],
							"lerp_mode": "catmullrom"
						},
						"1.4667": {
							"post": [0, 0.77, 0.3],
							"lerp_mode": "catmullrom"
						},
						"2.0": {
							"post": [0, 0, 0],
							"lerp_mode": "catmullrom"
						}
					}
				},
				"eyeL": {
					"position": {
						"0.0": [0, 0, 0],
						"0.0667": [0, 0, 0],
						"0.1": [0.1, 0, -0.1],
						"0.4667": [0.1, 0, -0.1],
						"0.5": [0, 0, 0]
					}
				},
				"eyeR": {
					"position": {
						"0.0": [0.05, 0, 0],
						"0.0667": [0.05, 0, 0],
						"0.1": [-0.05, 0, -0.09],
						"0.4667": [-0.05, 0, -0.09],
						"0.5": [0.05, 0, 0]
					}
				},
				"mouthOpen": {
					"position": {
						"0.0": [0, -0.17047, -0.00754],
						"0.4": [0, -0.17047, -0.00754],
						"0.4667": [0, -0.17, -0.11],
						"1.2": [0, -0.17, -0.11],
						"1.2667": [0, -0.17047, -0.00754]
					}
				},
				"armR": {
					"rotation": {
						"0.0": {
							"post": [0, 0, 0],
							"lerp_mode": "catmullrom"
						},
						"0.2333": {
							"post": [0, 0, 1.55],
							"lerp_mode": "catmullrom"
						},
						"0.5333": {
							"post": [0, 0, 1.35],
							"lerp_mode": "catmullrom"
						},
						"0.9": {
							"post": [-17, -18, 11.45],
							"lerp_mode": "catmullrom"
						},
						"1.2": {
							"post": [-17.41, -17.14, 11.82],
							"lerp_mode": "catmullrom"
						},
						"1.5333": {
							"post": [0, 0, 0],
							"lerp_mode": "catmullrom"
						},
						"2.0": {
							"post": [0, 0, 0],
							"lerp_mode": "catmullrom"
						}
					}
				},
				"armL": {
					"rotation": {
						"0.0": {
							"post": [0, 0, 0],
							"lerp_mode": "catmullrom"
						},
						"0.2333": {
							"post": [0, 0, -1.55],
							"lerp_mode": "catmullrom"
						},
						"0.5333": {
							"post": [0, 0, -1.35],
							"lerp_mode": "catmullrom"
						},
						"1.2": {
							"post": [-17.41, 17.14, -11.82],
							"lerp_mode": "catmullrom"
						},
						"1.5333": {
							"post": [0, 0, 0],
							"lerp_mode": "catmullrom"
						},
						"2.0": {
							"post": [0, 0, 0],
							"lerp_mode": "catmullrom"
						}
					}
				}
			}
		},
		"animation.diancie.spin": {
			"animation_length": 3,
			"bones": {
				"body": {
					"rotation": {
						"0.0": {
							"post": [2.5, 0, 0],
							"lerp_mode": "catmullrom"
						},
						"0.5333": {
							"post": [5.025, 16.325, 0],
							"lerp_mode": "catmullrom"
						},
						"1.1": {
							"post": [-1.4, -199, 0],
							"lerp_mode": "catmullrom"
						},
						"1.7333": {
							"post": [-1.275, -375.1, 0],
							"lerp_mode": "catmullrom"
						},
						"2.2": {
							"post": [1.325, -360, 0],
							"lerp_mode": "catmullrom"
						},
						"2.5333": {
							"post": [2.75, -360, 0],
							"lerp_mode": "catmullrom"
						},
						"2.7333": {
							"post": [3, -360, 0],
							"lerp_mode": "catmullrom"
						},
						"2.9667": {
							"pre": [2.5, -360, 0],
							"post": [2.5, 0, 0]
						}
					},
					"position": {
						"0.0": {
							"post": [0, 2, 0],
							"lerp_mode": "catmullrom"
						},
						"0.4": {
							"post": [0, 1.35, -0.1],
							"lerp_mode": "catmullrom"
						},
						"0.6": {
							"post": [0.46, 1.56, 0.14],
							"lerp_mode": "catmullrom"
						},
						"0.9": {
							"post": [0.675, 2.35, 0.925],
							"lerp_mode": "catmullrom"
						},
						"1.2333": {
							"post": [0.03, 2.94, 1.67],
							"lerp_mode": "catmullrom"
						},
						"1.5667": {
							"post": [-0.625, 2.85, 1.025],
							"lerp_mode": "catmullrom"
						},
						"2.2": {
							"post": [-0.1, 1.59, -0.1],
							"lerp_mode": "catmullrom"
						},
						"2.6333": {
							"post": [0, 2.005, 0.1],
							"lerp_mode": "catmullrom"
						},
						"3.0": {
							"post": [0, 2, 0],
							"lerp_mode": "catmullrom"
						}
					}
				},
				"torso": {
					"rotation": {
						"0.0": {
							"post": [0, 0, 0],
							"lerp_mode": "catmullrom"
						},
						"0.3333": {
							"post": [0, -3.81, 0],
							"lerp_mode": "catmullrom"
						},
						"0.6": {
							"post": [0, 9.06, 0],
							"lerp_mode": "catmullrom"
						},
						"0.9": {
							"post": [0, 12.7, 0],
							"lerp_mode": "catmullrom"
						},
						"1.9": {
							"post": [0, -1, 0],
							"lerp_mode": "catmullrom"
						},
						"2.3333": {
							"post": [0, 1.35, 0],
							"lerp_mode": "catmullrom"
						},
						"2.6": {
							"post": [0, -0.855, 0],
							"lerp_mode": "catmullrom"
						},
						"2.8": {
							"post": [0, 0.075, 0],
							"lerp_mode": "catmullrom"
						},
						"3.0": [0, 0, 0]
					}
				},
				"lowerBody": {
					"rotation": {
						"0.0": {
							"post": [0, 0, 0],
							"lerp_mode": "catmullrom"
						},
						"0.2": {
							"post": [0, -7.56, 0],
							"lerp_mode": "catmullrom"
						},
						"0.4667": {
							"post": [0, 3.31, 0],
							"lerp_mode": "catmullrom"
						},
						"0.7667": {
							"post": [0, 6.95, 0],
							"lerp_mode": "catmullrom"
						},
						"2.0": {
							"post": [0, -2, 0],
							"lerp_mode": "catmullrom"
						},
						"2.3333": {
							"post": [0, 0.625, 0],
							"lerp_mode": "catmullrom"
						},
						"2.6": {
							"post": [0, -0.45, 0],
							"lerp_mode": "catmullrom"
						},
						"2.8": {
							"post": [0, 0, 0],
							"lerp_mode": "catmullrom"
						},
						"3.0": [0, 0, 0]
					}
				},
				"head": {
					"rotation": {
						"0.0": {
							"post": [-1.6, 0, 0],
							"lerp_mode": "catmullrom"
						},
						"0.2667": {
							"post": [4.035, 8.1, -1.51],
							"lerp_mode": "catmullrom"
						},
						"0.7333": {
							"post": [5.85095, 18.4812, -3.39951],
							"lerp_mode": "catmullrom"
						},
						"1.1333": {
							"post": [-9.1, 12.89, -1.99],
							"lerp_mode": "catmullrom"
						},
						"1.6667": {
							"post": [-9.6861, -4.88466, 2.48016],
							"lerp_mode": "catmullrom"
						},
						"2.0667": {
							"post": [-2.68989, -0.29265, -0.52258],
							"lerp_mode": "catmullrom"
						},
						"2.2333": {
							"post": [-0.78424, 4.28565, 0.3334],
							"lerp_mode": "catmullrom"
						},
						"2.4333": {
							"post": [1.80197, 2.0218, 0.49952],
							"lerp_mode": "catmullrom"
						},
						"2.7333": {
							"post": [-1.22, -1.46, 0.31],
							"lerp_mode": "catmullrom"
						},
						"3.0": {
							"post": [-1.6, 0, 0],
							"lerp_mode": "catmullrom"
						}
					}
				},
				"jewelL": {
					"rotation": {
						"0.0": {
							"post": [-1.6, 0, 0],
							"lerp_mode": "catmullrom"
						},
						"0.2333": {
							"post": [-1.6, 0, 0],
							"lerp_mode": "catmullrom"
						},
						"0.5": {
							"post": [4.035, 8.1, -1.51],
							"lerp_mode": "catmullrom"
						},
						"0.9667": {
							"post": [5.85095, 18.4812, -3.39951],
							"lerp_mode": "catmullrom"
						},
						"1.3667": {
							"post": [-9.1, 12.89, -1.99],
							"lerp_mode": "catmullrom"
						},
						"1.9": {
							"post": [-9.6861, -4.88466, 2.48016],
							"lerp_mode": "catmullrom"
						},
						"2.2": {
							"post": [-2.68989, 1.70735, -0.52258],
							"lerp_mode": "catmullrom"
						},
						"2.4": {
							"post": [-0.78424, 2.28565, 0.3334],
							"lerp_mode": "catmullrom"
						},
						"2.7": {
							"post": [1.80197, -1.9782, 0.49952],
							"lerp_mode": "catmullrom"
						},
						"2.9667": {
							"post": [-1.6, 0, 0],
							"lerp_mode": "catmullrom"
						}
					}
				},
				"jewelLL": {
					"rotation": {
						"0.0": {
							"post": [-1.6, 0, 0],
							"lerp_mode": "catmullrom"
						},
						"0.2333": {
							"post": [-1.6, 0, 0],
							"lerp_mode": "catmullrom"
						},
						"0.5": {
							"post": [4.035, 8.1, -1.51],
							"lerp_mode": "catmullrom"
						},
						"0.9667": {
							"post": [5.85095, 18.4812, -3.39951],
							"lerp_mode": "catmullrom"
						},
						"1.3667": {
							"post": [-9.1, 12.89, -1.99],
							"lerp_mode": "catmullrom"
						},
						"1.9": {
							"post": [-9.6861, -4.88466, 2.48016],
							"lerp_mode": "catmullrom"
						},
						"2.2": {
							"post": [-2.68989, 1.70735, -0.52258],
							"lerp_mode": "catmullrom"
						},
						"2.4": {
							"post": [-0.78424, 2.28565, 0.3334],
							"lerp_mode": "catmullrom"
						},
						"2.7": {
							"post": [1.80197, -1.9782, 0.49952],
							"lerp_mode": "catmullrom"
						},
						"2.9667": {
							"post": [-1.6, 0, 0],
							"lerp_mode": "catmullrom"
						}
					}
				},
				"jewelR": {
					"rotation": {
						"0.0": {
							"post": [-1.6, 0, 0],
							"lerp_mode": "catmullrom"
						},
						"0.2333": {
							"post": [-1.6, 0, 0],
							"lerp_mode": "catmullrom"
						},
						"0.5": {
							"post": [4.035, 8.1, -1.51],
							"lerp_mode": "catmullrom"
						},
						"0.9667": {
							"post": [5.85095, 18.4812, -3.39951],
							"lerp_mode": "catmullrom"
						},
						"1.3667": {
							"post": [-9.1, 12.89, -1.99],
							"lerp_mode": "catmullrom"
						},
						"1.9": {
							"post": [-9.6861, -4.88466, 2.48016],
							"lerp_mode": "catmullrom"
						},
						"2.2": {
							"post": [-2.68989, 1.70735, -0.52258],
							"lerp_mode": "catmullrom"
						},
						"2.4": {
							"post": [-0.78424, 2.28565, 0.3334],
							"lerp_mode": "catmullrom"
						},
						"2.7": {
							"post": [1.80197, -1.9782, 0.49952],
							"lerp_mode": "catmullrom"
						},
						"2.9667": {
							"post": [-1.6, 0, 0],
							"lerp_mode": "catmullrom"
						}
					}
				},
				"jewelRR": {
					"rotation": {
						"0.0": {
							"post": [-1.6, 0, 0],
							"lerp_mode": "catmullrom"
						},
						"0.2333": {
							"post": [-1.6, 0, 0],
							"lerp_mode": "catmullrom"
						},
						"0.5": {
							"post": [4.035, 8.1, -1.51],
							"lerp_mode": "catmullrom"
						},
						"0.9667": {
							"post": [5.85095, 18.4812, -3.39951],
							"lerp_mode": "catmullrom"
						},
						"1.3667": {
							"post": [-9.1, 12.89, -1.99],
							"lerp_mode": "catmullrom"
						},
						"1.9": {
							"post": [-9.6861, -4.88466, 2.48016],
							"lerp_mode": "catmullrom"
						},
						"2.2": {
							"post": [-2.68989, 1.70735, -0.52258],
							"lerp_mode": "catmullrom"
						},
						"2.4": {
							"post": [-0.78424, 2.28565, 0.3334],
							"lerp_mode": "catmullrom"
						},
						"2.7": {
							"post": [1.80197, -1.9782, 0.49952],
							"lerp_mode": "catmullrom"
						},
						"2.9667": {
							"post": [-1.6, 0, 0],
							"lerp_mode": "catmullrom"
						}
					}
				},
				"bangL": {
					"rotation": {
						"0.0": {
							"post": [-32.5, -25, 75],
							"lerp_mode": "catmullrom"
						},
						"0.2667": {
							"post": [-20, -37.5, 92.5],
							"lerp_mode": "catmullrom"
						},
						"0.4667": {
							"post": [-37.41, -32.93, 74.03],
							"lerp_mode": "catmullrom"
						},
						"0.6333": {
							"post": [-27.5, -4.5, 40],
							"lerp_mode": "catmullrom"
						},
						"0.8333": {
							"post": [-25, 17.5, 22.5],
							"lerp_mode": "catmullrom"
						},
						"1.7667": {
							"post": [-24, 17.5, 22.5],
							"lerp_mode": "catmullrom"
						},
						"2.1333": {
							"post": [-35.41, -32.93, 88.03],
							"lerp_mode": "catmullrom"
						},
						"2.4667": {
							"post": [-28.41, -21.43, 68.53],
							"lerp_mode": "catmullrom"
						},
						"2.7333": {
							"post": [-32.5, -25, 75],
							"lerp_mode": "catmullrom"
						},
						"3.0": {
							"post": [-32.5, -25, 75],
							"lerp_mode": "catmullrom"
						}
					}
				},
				"bangR": {
					"rotation": {
						"0.0": {
							"post": [147.5, 154, 109],
							"lerp_mode": "catmullrom"
						},
						"0.2667": {
							"post": [170, 141.5, 126.5],
							"lerp_mode": "catmullrom"
						},
						"0.4667": {
							"post": [152.59, 142.07, 108.03],
							"lerp_mode": "catmullrom"
						},
						"0.6333": {
							"post": [162.5, 123, 74],
							"lerp_mode": "catmullrom"
						},
						"0.8333": {
							"post": [162.5, 117, 74],
							"lerp_mode": "catmullrom"
						},
						"1.7333": {
							"post": [162.91, 109.07, 76.06],
							"lerp_mode": "catmullrom"
						},
						"2.1": {
							"post": [154.59, 157.57, 138.03],
							"lerp_mode": "catmullrom"
						},
						"2.4333": {
							"post": [161.59, 144.82, 92.78],
							"lerp_mode": "catmullrom"
						},
						"2.7333": {
							"post": [147.5, 154, 109],
							"lerp_mode": "catmullrom"
						},
						"3.0": {
							"post": [147.5, 154, 109],
							"lerp_mode": "catmullrom"
						}
					}
				},
				"armR": {
					"rotation": {
						"0.0": {
							"post": [0, 0, -55],
							"lerp_mode": "catmullrom"
						},
						"0.2667": {
							"post": [0, -23, -65],
							"lerp_mode": "catmullrom"
						},
						"0.5": {
							"post": [0, 0, -50.35],
							"lerp_mode": "catmullrom"
						},
						"0.8333": {
							"post": [0, 31, -34.75],
							"lerp_mode": "catmullrom"
						},
						"1.5": {
							"post": [0, 28.79, -34.75],
							"lerp_mode": "catmullrom"
						},
						"1.9": {
							"post": [0, 3, -49],
							"lerp_mode": "catmullrom"
						},
						"2.1667": {
							"post": [0, -5.325, -55],
							"lerp_mode": "catmullrom"
						},
						"2.5": {
							"post": [0, 2, -55],
							"lerp_mode": "catmullrom"
						},
						"2.7333": {
							"post": [0, 1, -55],
							"lerp_mode": "catmullrom"
						},
						"3.0": {
							"post": [0, 0, -55],
							"lerp_mode": "catmullrom"
						}
					}
				},
				"armL": {
					"rotation": {
						"0.0": {
							"post": [0, 0, 55],
							"lerp_mode": "catmullrom"
						},
						"0.2667": {
							"post": [0, 7, 62.5],
							"lerp_mode": "catmullrom"
						},
						"0.5": {
							"post": [0, 0, 50.35],
							"lerp_mode": "catmullrom"
						},
						"0.8333": {
							"post": [0, 43, 34.75],
							"lerp_mode": "catmullrom"
						},
						"1.5333": {
							"post": [0, 40.79, 34.75],
							"lerp_mode": "catmullrom"
						},
						"1.9333": {
							"post": [0, 5, 49],
							"lerp_mode": "catmullrom"
						},
						"2.1667": {
							"post": [0, -5.325, 55],
							"lerp_mode": "catmullrom"
						},
						"2.5": {
							"post": [0, 2, 55],
							"lerp_mode": "catmullrom"
						},
						"2.7333": {
							"post": [0, 1, 55],
							"lerp_mode": "catmullrom"
						},
						"3.0": {
							"post": [0, 0, 55],
							"lerp_mode": "catmullrom"
						}
					}
				},
				"eyeL": {
					"position": {
						"0.0": [0, 0, 0],
						"0.1": [0, 0, 0],
						"0.1667": [0.1, 0, -0.1],
						"0.8667": [0.1, 0, -0.1],
						"0.9": [0, 0, 0]
					}
				},
				"eyeR": {
					"position": {
						"0.0": [0.05, 0, 0],
						"0.1": [0.05, 0, 0],
						"0.1667": [-0.05, 0, -0.09],
						"0.8667": [-0.05, 0, -0.09],
						"0.9": [0.05, 0, 0]
					}
				},
				"mouthOpen": {
					"position": {
						"0.0": [0, -0.17047, 0.09246],
						"0.6": [0, -0.17047, 0.09246],
						"0.6667": [0, -0.17, -0.11],
						"1.8667": [0, -0.17, -0.11],
						"1.9667": [0, -0.17047, 0.09246]
					},
					"scale": {
						"0.0": [1, 0.66, 1],
						"0.6667": [0.45, 0.09, 1],
						"0.8667": [1.31, 0.51, 1],
						"1.7": [1.31, 0.51, 1],
						"1.8667": [1.23, 0.1, 1]
					}
				}
			}
		},
		"animation.diancie.render": {
			"loop": true,
			"bones": {
				"body": {
					"rotation": [3.42917, 14.59243, -9.28685],
					"position": [0.5, 1.5, 0]
				},
				"torso": {
					"rotation": [-7.78101, 10.64775, 7.66643]
				},
				"lowerBody": {
					"rotation": [-9.31746, 8.77531, 15.17335]
				},
				"head": {
					"rotation": [-7.09036, -2.86063, -9.99667]
				},
				"jewelL": {
					"rotation": [3, 0, 5]
				},
				"jewelLL": {
					"rotation": [0, 0, 15]
				},
				"jewelR": {
					"rotation": [0, 0, 6]
				},
				"jewelRR": {
					"rotation": [0, 0, 2]
				},
				"bangL": {
					"rotation": [-5.73073, -34.07196, 78.27581]
				},
				"bangR": {
					"rotation": [-17.99744, 0.309, -15.04893]
				},
				"eyeL": {
					"position": [0.1, 0, -0.09]
				},
				"mouthOpen": {
					"position": [0, -0.025, -0.1]
				},
				"armR": {
					"rotation": [-285.87, -87.18336, 227.96371]
				},
				"armL": {
					"rotation": [-21.31221, -9.68276, 29.86947]
				}
			}
		}
	}
}