{
	"format_version": "1.8.0",
	"animations": {
		"animation.diggersby.ground_walk": {
			"loop": true,
			"animation_length": 4,
			"bones": {
				"torso": {
					"rotation": ["-0.0003-5*math.sin(q.anim_time*90*4-90)", "0.2227+15*math.sin(q.anim_time*90*2-20)", "-0.2187+5*math.sin(q.anim_time*90*2-90)"],
					"position": [0, "0.5*math.sin(q.anim_time*90*4+20)", 0]
				},
				"upper_torso": {
					"rotation": ["-1*math.sin(q.anim_time*90*4-20)", "-2*math.sin(q.anim_time*90*2-20)", 0]
				},
				"left_whiskers": {
					"rotation": [0, "-7.5-2*math.sin(q.anim_time*90*16-20)", "-6*math.sin(q.anim_time*90*4-90)"]
				},
				"left_ear": {
					"rotation": [-13.80291, -11.61056, "17.7299-3*math.sin(q.anim_time*90*4-100)"]
				},
				"left_ear2": {
					"rotation": [12.51153, -2.4407, -0.54143]
				},
				"left_ear3": {
					"rotation": [12.54624, -4.88119, -1.08482]
				},
				"left_ear4": {
					"rotation": ["74.9694-3*math.sin(q.anim_time*90*2-120)", -2.34255, -2.83099]
				},
				"left_upper_arm": {
					"rotation": [48.17579, 66.55356, 46.12302]
				},
				"left_lower_arm": {
					"rotation": [-15.93798, 68.95003, -17.27381]
				},
				"left_leg": {
					"rotation": {
						"0.0": {
							"post": [27.84324, -3.57352, -1.12826],
							"lerp_mode": "catmullrom"
						},
						"0.4167": {
							"post": [-17.5, 0, 0],
							"lerp_mode": "catmullrom"
						},
						"0.5": {
							"post": [-10, 0, 0],
							"lerp_mode": "catmullrom"
						},
						"1.5": {
							"post": [15, -15, 0],
							"lerp_mode": "catmullrom"
						},
						"1.75": {
							"post": [31.04225, -6.11013, -1.64367],
							"lerp_mode": "catmullrom"
						},
						"2.0": {
							"post": [27.84324, -3.57352, -1.12826],
							"lerp_mode": "catmullrom"
						},
						"2.4167": {
							"post": [-17.5, 0, 0],
							"lerp_mode": "catmullrom"
						},
						"2.5": {
							"post": [-10, 0, 0],
							"lerp_mode": "catmullrom"
						},
						"3.5": {
							"post": [15, -15, 0],
							"lerp_mode": "catmullrom"
						},
						"3.75": {
							"post": [31.04225, -6.11013, -1.64367],
							"lerp_mode": "catmullrom"
						},
						"4.0": {
							"post": [27.84324, -3.57352, -1.12826],
							"lerp_mode": "catmullrom"
						}
					},
					"position": {
						"0.0": [0, 1.63, 0.5],
						"0.4167": [0, 0.25, -4.5],
						"0.5": [0, -0.75, -4.25],
						"1.5": [0, 0.75, 5.5],
						"2.0": [0, 1.63, 0.5],
						"2.4167": [0, 0.25, -4.5],
						"2.5": [0, -0.75, -4.25],
						"3.5": [0, 0.75, 5.5],
						"4.0": [0, 1.63, 0.5]
					}
				},
				"left_foot": {
					"rotation": {
						"0.0": {
							"post": [0.93113, -11.96822, 0.70282],
							"lerp_mode": "catmullrom"
						},
						"0.4167": {
							"post": [10.27284, -9.84716, -3.11909],
							"lerp_mode": "catmullrom"
						},
						"0.5": {
							"post": [29.76281, -6.93522, -1.08319],
							"lerp_mode": "catmullrom"
						},
						"1.5": {
							"post": [33.72109, -14.51349, 5.28912],
							"lerp_mode": "catmullrom"
						},
						"2.0": {
							"post": [0.93113, -11.96822, 0.70282],
							"lerp_mode": "catmullrom"
						},
						"2.4167": {
							"post": [10.27284, -9.84716, -3.11909],
							"lerp_mode": "catmullrom"
						},
						"2.5": {
							"post": [29.76281, -6.93522, -1.08319],
							"lerp_mode": "catmullrom"
						},
						"3.5": {
							"post": [33.72109, -14.51349, 5.28912],
							"lerp_mode": "catmullrom"
						},
						"4.0": {
							"post": [0.93113, -11.96822, 0.70282],
							"lerp_mode": "catmullrom"
						}
					},
					"position": {
						"0.0": [0, 0, 0],
						"0.5": [0, 0, 0],
						"1.25": [-0.0005, 0.24693, 0.03903],
						"1.5": [0, 0, 0],
						"2.0": [0, 0, 0],
						"2.5": [0, 0, 0],
						"3.25": [-0.0005, 0.24693, 0.03903],
						"3.5": [0, 0, 0],
						"4.0": [0, 0, 0]
					}
				},
				"left_toes": {
					"rotation": {
						"0.0": [-20.45, 0, 0],
						"0.4167": [-30, 0, 0],
						"0.5": [-20, 0, 0],
						"1.5": [-47.5, 0, 0],
						"2.0": [-20.45, 0, 0],
						"2.4167": [-30, 0, 0],
						"2.5": [-20, 0, 0],
						"3.5": [-47.5, 0, 0],
						"4.0": [-20.45, 0, 0]
					}
				},
				"belt": {
					"rotation": [-1.5, 0, 0]
				},
				"left_hand": {
					"rotation": [-39.62782, 20.71847, 49.17583]
				},
				"right_leg": {
					"rotation": {
						"0.0": {
							"post": [1.97, 8.06, -0.1],
							"lerp_mode": "catmullrom"
						},
						"0.5": {
							"post": [15, 15, 0],
							"lerp_mode": "catmullrom"
						},
						"0.75": {
							"post": [31.04225, 6.11013, 1.64367],
							"lerp_mode": "catmullrom"
						},
						"1.0": {
							"post": [27.84324, 3.57352, 1.12826],
							"lerp_mode": "catmullrom"
						},
						"1.4167": {
							"post": [-17.5, 0, 0],
							"lerp_mode": "catmullrom"
						},
						"1.5": {
							"post": [-10, 0, 0],
							"lerp_mode": "catmullrom"
						},
						"2.5": {
							"post": [15, 15, 0],
							"lerp_mode": "catmullrom"
						},
						"2.75": {
							"post": [31.04225, 6.11013, 1.64367],
							"lerp_mode": "catmullrom"
						},
						"3.0": {
							"post": [27.84324, 3.57352, 1.12826],
							"lerp_mode": "catmullrom"
						},
						"3.4167": {
							"post": [-17.5, 0, 0],
							"lerp_mode": "catmullrom"
						},
						"3.5": {
							"post": [-10, 0, 0],
							"lerp_mode": "catmullrom"
						},
						"4.0": {
							"post": [1.97, 8.06, -0.1],
							"lerp_mode": "catmullrom"
						}
					},
					"position": {
						"0.0": [0, 0, 0.63],
						"0.5": [0, 0.75, 5.5],
						"1.0": [0, 1.63, 0.5],
						"1.4167": [0, 0.25, -4.5],
						"1.5": [0, -0.75, -4.25],
						"2.5": [0, 0.75, 5.5],
						"3.0": [0, 1.63, 0.5],
						"3.4167": [0, 0.25, -4.5],
						"3.5": [0, -0.75, -4.25],
						"4.0": [0, 0, 0.63]
					}
				},
				"right_foot": {
					"rotation": {
						"0.0": {
							"post": [35.01, 10.7, -2.52],
							"lerp_mode": "catmullrom"
						},
						"0.5": {
							"post": [33.72109, 14.51349, -5.28912],
							"lerp_mode": "catmullrom"
						},
						"1.0": {
							"post": [0.93113, 11.96822, -0.70282],
							"lerp_mode": "catmullrom"
						},
						"1.4167": {
							"post": [10.27284, 9.84716, 3.11909],
							"lerp_mode": "catmullrom"
						},
						"1.5": {
							"post": [29.76281, 6.93522, 1.08319],
							"lerp_mode": "catmullrom"
						},
						"2.5": {
							"post": [33.72109, 14.51349, -5.28912],
							"lerp_mode": "catmullrom"
						},
						"3.0": {
							"post": [0.93113, 11.96822, -0.70282],
							"lerp_mode": "catmullrom"
						},
						"3.4167": {
							"post": [10.27284, 9.84716, 3.11909],
							"lerp_mode": "catmullrom"
						},
						"3.5": {
							"post": [29.76281, 6.93522, 1.08319],
							"lerp_mode": "catmullrom"
						},
						"4.0": {
							"post": [35.01, 10.7, -2.52],
							"lerp_mode": "catmullrom"
						}
					},
					"position": {
						"0.0": [0, 0.16, 0.03],
						"0.25": [0.0005, 0.24693, 0.03903],
						"0.5": [0, 0, 0],
						"1.0": [0, 0, 0],
						"1.5": [0, 0, 0],
						"2.25": [0.0005, 0.24693, 0.03903],
						"2.5": [0, 0, 0],
						"3.0": [0, 0, 0],
						"3.5": [0, 0, 0],
						"4.0": [0, 0.16, 0.03]
					}
				},
				"right_toes": {
					"rotation": {
						"0.0": [-33.75, 0, 0],
						"0.5": [-47.5, 0, 0],
						"1.0": [-20.45, 0, 0],
						"1.4167": [-30, 0, 0],
						"1.5": [-20, 0, 0],
						"2.5": [-47.5, 0, 0],
						"3.0": [-20.45, 0, 0],
						"3.4167": [-30, 0, 0],
						"3.5": [-20, 0, 0],
						"4.0": [-33.75, 0, 0]
					}
				},
				"right_upper_arm": {
					"rotation": [48.17579, -66.55356, -46.12302]
				},
				"right_lower_arm": {
					"rotation": [-15.93798, -66.45003, 17.27381]
				},
				"right_hand": {
					"rotation": [-33.45667, -24.9657, -54.00438]
				},
				"right_whiskers": {
					"rotation": [0, "7.5-2*math.sin(q.anim_time*90*16-20)", "6*math.sin(q.anim_time*90*4-90)"]
				},
				"left_ear_finger_middle": {
					"rotation": [52.5, 0, 0]
				},
				"left_ear_finger_middle2": {
					"rotation": [62.5, 0, 0]
				},
				"left_ear_finger_outer": {
					"rotation": [62.52717, 1.68868, 1.84373]
				},
				"left_ear_finger_outer2": {
					"rotation": [72.5, 0, 0]
				},
				"left_ear_finger_inner": {
					"rotation": ["57.6088+3*math.sin(q.anim_time*90*1-160)", -1.6887, -1.8437]
				},
				"left_ear_finger_inner2": {
					"rotation": [65, 0, 0]
				},
				"left_ear_fluff": {
					"rotation": [25, 0, 0]
				},
				"right_ear": {
					"rotation": [-13.80291, 11.61056, "-17.7299+5*math.sin(q.anim_time*90*4-100)"]
				},
				"right_ear2": {
					"rotation": [12.51153, 2.4407, 0.5414]
				},
				"right_ear3": {
					"rotation": [12.54624, 4.88119, 1.08482]
				},
				"right_ear4": {
					"rotation": ["74.9694-3*math.sin(q.anim_time*90*2-160)", 2.34255, 2.83099]
				},
				"right_ear_finger_inner": {
					"rotation": ["57.6088+3*math.sin(q.anim_time*90*1-160)", 1.6887, 1.8437]
				},
				"right_ear_finger_inner2": {
					"rotation": [65, 0, 0]
				},
				"right_ear_finger_middle": {
					"rotation": [52.5, 0, 0]
				},
				"right_ear_finger_middle2": {
					"rotation": [62.5, 0, 0]
				},
				"right_ear_finger_outer": {
					"rotation": [62.52717, -1.68868, -1.84373]
				},
				"right_ear_finger_outer2": {
					"rotation": [75, 0, 0]
				},
				"right_ear_fluff": {
					"rotation": [25, 0, 0]
				},
				"head": {
					"rotation": ["-3+6*math.sin(q.anim_time*90*4-20)", "-10*math.sin(q.anim_time*90*2-20)", "2*math.sin(q.anim_time*90*2-40)"]
				},
				"left_ear5": {
					"rotation": [10, 0, 0]
				},
				"right_ear5": {
					"rotation": [10, 0, 0]
				},
				"body": {
					"position": {
						"0.0": [0, 0.4, 0],
						"0.5": [0, 0.4, 0],
						"0.5833": [0, 0.15, 0],
						"0.6667": [0, 0.5, 0],
						"0.75": [0, 0.3, 0],
						"0.875": [0, 0.5, 0],
						"1.5": [0, 0.4, 0],
						"1.5833": [0, 0.15, 0],
						"1.6667": [0, 0.5, 0],
						"1.75": [0, 0.3, 0],
						"1.875": [0, 0.5, 0],
						"2.5": [0, 0.4, 0],
						"2.5833": [0, 0.15, 0],
						"2.6667": [0, 0.5, 0],
						"2.75": [0, 0.3, 0],
						"2.875": [0, 0.5, 0],
						"3.5": [0, 0.4, 0],
						"3.5833": [0, 0.15, 0],
						"3.6667": [0, 0.5, 0],
						"3.75": [0, 0.3, 0],
						"3.875": [0, 0.5, 0],
						"4.0": [0, 0.4, 0]
					}
				},
				"neck": {
					"rotation": [2.5, 0, 0]
				},
				"tail": {
					"rotation": [0, "6*math.cos(q.anim_time*90*4-90)", 0]
				}
			}
		},
		"animation.diggersby.ground_idle": {
			"loop": true,
			"animation_length": 4,
			"bones": {
				"torso": {
					"rotation": ["2.5+1*math.sin(q.anim_time*90*2-90)", 0, "1*math.sin(q.anim_time*90*1-90)"],
					"position": [0, "0.1*math.sin(q.anim_time*90*2)", 0]
				},
				"upper_torso": {
					"rotation": [-5, 0, 0]
				},
				"left_whiskers": {
					"rotation": [0, -7.5, 0]
				},
				"left_ear": {
					"rotation": [-13.80291, -11.61056, "17.7299-3*math.sin(q.anim_time*90*1-160)"]
				},
				"left_ear2": {
					"rotation": [12.51153, -2.4407, -0.54143]
				},
				"left_ear3": {
					"rotation": [12.54624, -4.88119, -1.08482]
				},
				"left_ear4": {
					"rotation": ["74.9694+3*math.sin(q.anim_time*90*1-120)", -2.34255, -2.83099]
				},
				"left_upper_arm": {
					"rotation": [48.17579, 66.55356, 46.12302]
				},
				"left_lower_arm": {
					"rotation": [-15.93798, 63.95003, -17.27381]
				},
				"left_leg": {
					"rotation": [8.7943, -14.29093, -5.11583]
				},
				"left_foot": {
					"rotation": [15.70577, -17.38783, 7.4156]
				},
				"left_toes": {
					"rotation": [-22.5, 0, 0]
				},
				"belt": {
					"rotation": [-1.5, 0, 0]
				},
				"left_hand": {
					"rotation": [-39.62782, 20.71847, 49.17583]
				},
				"right_leg": {
					"rotation": [8.7943, 14.29093, 5.11583]
				},
				"right_foot": {
					"rotation": [15.70577, 17.38783, -7.4156]
				},
				"right_toes": {
					"rotation": [-22.5, 0, 0]
				},
				"right_upper_arm": {
					"rotation": [48.17579, -66.55356, -46.12302]
				},
				"right_lower_arm": {
					"rotation": [-15.93798, -63.95003, 17.27381]
				},
				"right_hand": {
					"rotation": [-39.62782, -20.71847, -49.17583]
				},
				"right_whiskers": {
					"rotation": [0, 7.5, 0]
				},
				"left_ear_finger_middle": {
					"rotation": [52.5, 0, 0]
				},
				"left_ear_finger_middle2": {
					"rotation": [62.5, 0, 0]
				},
				"left_ear_finger_outer": {
					"rotation": [62.52717, 1.68868, 1.84373]
				},
				"left_ear_finger_outer2": {
					"rotation": [72.5, 0, 0]
				},
				"left_ear_finger_inner": {
					"rotation": ["57.6088+3*math.sin(q.anim_time*90*1-160)", -1.6887, -1.8437]
				},
				"left_ear_finger_inner2": {
					"rotation": [65, 0, 0]
				},
				"left_ear_fluff": {
					"rotation": [25, 0, 0]
				},
				"right_ear": {
					"rotation": [-13.80291, 11.61056, "-17.7299+3*math.sin(q.anim_time*90*1-160)"]
				},
				"right_ear2": {
					"rotation": [12.51153, 2.4407, 0.54143]
				},
				"right_ear3": {
					"rotation": [12.54624, 4.88119, 1.08482]
				},
				"right_ear4": {
					"rotation": ["74.9694+3*math.sin(q.anim_time*90*1-160)", 2.34255, 2.83099]
				},
				"right_ear_finger_inner": {
					"rotation": ["57.6088+3*math.sin(q.anim_time*90*1-160)", 1.6887, 1.8437]
				},
				"right_ear_finger_inner2": {
					"rotation": [65, 0, 0]
				},
				"right_ear_finger_middle": {
					"rotation": [52.5, 0, 0]
				},
				"right_ear_finger_middle2": {
					"rotation": [62.5, 0, 0]
				},
				"right_ear_finger_outer": {
					"rotation": [62.52717, -1.68868, -1.84373]
				},
				"right_ear_finger_outer2": {
					"rotation": [75, 0, 0]
				},
				"right_ear_fluff": {
					"rotation": [25, 0, 0]
				},
				"head": {
					"rotation": ["2+1*math.sin(q.anim_time*90*2-90)", 0, "-0.5*math.sin(q.anim_time*90*3-40)"]
				},
				"left_ear5": {
					"rotation": [10, 0, 0]
				},
				"right_ear5": {
					"rotation": [10, 0, 0]
				},
				"tail": {
					"rotation": [0, "3*math.cos(q.anim_time*90*2-90)", 0]
				},
				"body": {
					"position": [0, 0.2, 0]
				}
			}
		},
		"animation.diggersby.battle_idle": {
			"loop": true,
			"animation_length": 4,
			"bones": {
				"torso": {
					"rotation": ["7.4992+1*math.sin(q.anim_time*90*2-90)", 0.08715, "0.0039+1*math.sin(q.anim_time*90*1-90)"],
					"position": [0, "0.75+0.1*math.sin(q.anim_time*90*4)", 0]
				},
				"upper_torso": {
					"rotation": [5, 0, 0]
				},
				"left_whiskers": {
					"rotation": [0, -7.5, 0]
				},
				"left_ear": {
					"rotation": [-8.80291, -11.61056, "17.7299+3*math.sin(q.anim_time*90*1-160)"]
				},
				"left_ear2": {
					"rotation": [12.51153, -2.4407, -0.54143]
				},
				"left_ear3": {
					"rotation": [25.04624, -4.88119, -1.08482]
				},
				"left_ear4": {
					"rotation": ["47.4694+3*math.sin(q.anim_time*90*1-160)", -2.34255, -2.83099]
				},
				"left_upper_arm": {
					"rotation": ["33.5201+5*math.sin(q.anim_time*90*2-90)", -20.96644, 2.29236],
					"position": [0, -1, -0.75]
				},
				"left_lower_arm": {
					"rotation": [0, "74.4269+2*math.sin(q.anim_time*90*2-60)", 0]
				},
				"left_leg": {
					"rotation": ["10.3097-0.5*math.sin(q.anim_time*90*4)", -29.22532, "-5.6824-0.1*math.sin(q.anim_time*90*4)"],
					"position": [0.65, "0.75+0.05*math.sin(q.anim_time*90*4)", -0.75]
				},
				"left_foot": {
					"rotation": ["36.0116+1*math.sin(q.anim_time*90*4)", -7.47808, 6.04098]
				},
				"left_toes": {
					"rotation": [-40, 0, 0]
				},
				"belt": {
					"rotation": [-1.5, 0, 0]
				},
				"left_hand": {
					"rotation": [-12.22505, "4.4678+5*math.sin(q.anim_time*90*2-90)", 10.2772]
				},
				"right_leg": {
					"rotation": ["10.3097-0.5*math.sin(q.anim_time*90*4)", 29.22532, "5.6824+0.1*math.sin(q.anim_time*90*4)"],
					"position": [-0.65, "0.75+0.05*math.sin(q.anim_time*90*4)", -0.75]
				},
				"right_foot": {
					"rotation": ["36.0116+1*math.sin(q.anim_time*90*4)", 7.47808, -6.04098]
				},
				"right_toes": {
					"rotation": [-40, 0, 0]
				},
				"right_upper_arm": {
					"rotation": ["33.553+5*math.sin(q.anim_time*90*2-90)", 19.96133, -7.1791],
					"position": [0, -1, -0.75]
				},
				"right_lower_arm": {
					"rotation": [0, "-73.2843-2*math.sin(q.anim_time*90*2-60)", 0]
				},
				"right_hand": {
					"rotation": [-12.24157, "-4.4827-5*math.sin(q.anim_time*90*2-90)", -10.25655]
				},
				"right_whiskers": {
					"rotation": [0, 7.5, 0]
				},
				"left_ear_finger_middle": {
					"rotation": ["-20-3*math.sin(q.anim_time*90*1-220)", 0, 0]
				},
				"left_ear_finger_middle2": {
					"rotation": [85, 0, 0]
				},
				"left_ear_finger_outer": {
					"rotation": ["-6.9956-3*math.sin(q.anim_time*90*1-280)", 8.22546, 13.64711]
				},
				"left_ear_finger_outer2": {
					"rotation": [82.5, 0, 0]
				},
				"left_ear_finger_inner": {
					"rotation": ["-14.8912-3*math.sin(q.anim_time*90*1-160)", -1.6887, -1.8437]
				},
				"left_ear_finger_inner2": {
					"rotation": [90, 0, 0]
				},
				"left_ear_fluff": {
					"rotation": [25, 0, 0]
				},
				"right_ear": {
					"rotation": [-8.80291, 11.61056, "-17.7299+3*math.sin(q.anim_time*90*1-160)"]
				},
				"right_ear2": {
					"rotation": [12.51153, 2.4407, 0.54143]
				},
				"right_ear3": {
					"rotation": [25.04624, 4.88119, 1.08482]
				},
				"right_ear4": {
					"rotation": ["47.4694+3*math.sin(q.anim_time*90*1-160)", 2.34255, 2.83099]
				},
				"right_ear_finger_inner": {
					"rotation": ["-14.3782+3*math.sin(q.anim_time*90*2-160)", 4.39451, 11.48519]
				},
				"right_ear_finger_inner2": {
					"rotation": [90, 0, 0]
				},
				"right_ear_finger_middle": {
					"rotation": ["-20+3*math.sin(q.anim_time*90*1-220)", 0, 0]
				},
				"right_ear_finger_middle2": {
					"rotation": [85, 0, 0]
				},
				"right_ear_finger_outer": {
					"rotation": ["-6.9956+3*math.sin(q.anim_time*90*1-280)", -8.22546, -13.64711]
				},
				"right_ear_finger_outer2": {
					"rotation": [82.5, 0, 0]
				},
				"right_ear_fluff": {
					"rotation": [25, 0, 0]
				},
				"head": {
					"rotation": ["-8+1*math.sin(q.anim_time*90*2-90)", 0.00107, "0.0152-0.5*math.sin(q.anim_time*90*3-40)"]
				},
				"left_ear5": {
					"rotation": [20, 0, 0]
				},
				"right_ear5": {
					"rotation": [20, 0, 0]
				},
				"mouth": {
					"position": [-0.00004, -0.00871, 0.09962]
				},
				"left_pupil": {
					"rotation": [0, 0, -12.5]
				},
				"right_pupil": {
					"rotation": [0, 0, 12.5]
				},
				"mouth_frown": {
					"position": [0.00004, 0.00871, -0.09962]
				},
				"neck": {
					"rotation": [5, 0, 0]
				},
				"tail": {
					"rotation": ["6*math.cos(q.anim_time*90*2-90)", "6*math.cos(q.anim_time*90*4-90)", 0]
				},
				"body": {
					"position": [0, 0.3, 0]
				}
			}
		},
		"animation.diggersby.cry": {
			"animation_length": 2,
			"bones": {
				"neck": {
					"rotation": {
						"0.0": [0, 0, 0],
						"0.25": [-2.5, 0, 0],
						"1.0": [-2.5, 0, 0],
						"1.25": [0, 0, 0]
					}
				},
				"head": {
					"rotation": {
						"0.0": {
							"post": [0, 0, 0],
							"lerp_mode": "catmullrom"
						},
						"0.0833": {
							"post": [3.15, 0, 0],
							"lerp_mode": "catmullrom"
						},
						"0.25": {
							"post": [-5, 0, 0],
							"lerp_mode": "catmullrom"
						},
						"0.4167": {
							"post": [5, 0, 0],
							"lerp_mode": "catmullrom"
						},
						"0.875": {
							"post": [-5, 0, 0],
							"lerp_mode": "catmullrom"
						},
						"0.9583": {
							"post": [-6.67, 0, 0],
							"lerp_mode": "catmullrom"
						},
						"1.0": {
							"post": [-5.64, 0, 0],
							"lerp_mode": "catmullrom"
						},
						"1.0833": {
							"post": [-6.61, 0, 0],
							"lerp_mode": "catmullrom"
						},
						"1.125": {
							"post": [-5, 0, 0],
							"lerp_mode": "catmullrom"
						},
						"1.4583": {
							"post": [2.5, 0, 0],
							"lerp_mode": "catmullrom"
						},
						"1.8333": {
							"post": [0, 0, 0],
							"lerp_mode": "catmullrom"
						}
					}
				},
				"snout": {
					"rotation": {
						"0.0": [0, 0, 0],
						"0.25": [0, 0, 0],
						"1.0": [0, 0, 0],
						"1.25": [0, 0, 0]
					}
				},
				"mouth": {
					"position": {
						"0.5417": [0, 0, 0],
						"0.5833": {"pre": [0, 0, 0], "post": [0, 0, 0.1]},
						"1.375": {"pre": [0, 0, 0.1], "post": [0, 0, 0.1]},
						"1.4167": {"pre": [0, 0, 0.1], "post": [0, 0, 0]}
					}
				},
				"mouth_open": {
					"position": {
						"0.5417": [0, 0, 0],
						"0.5833": {"pre": [0, 0, 0], "post": [0, 0, -0.1]},
						"1.375": {"pre": [0, 0, -0.1], "post": [0, 0, -0.1]},
						"1.4167": {"pre": [0, 0, -0.1], "post": [0, 0, 0]}
					}
				},
				"belt": {
					"scale": 1
				},
				"upper_torso": {
					"rotation": {
						"0.0": {
							"post": [0, 0, 0],
							"lerp_mode": "catmullrom"
						},
						"0.375": {
							"post": [5, 0, 0],
							"lerp_mode": "catmullrom"
						},
						"1.5": {
							"post": [-2.5, 0, 0],
							"lerp_mode": "catmullrom"
						},
						"2.0": {
							"post": [0, 0, 0],
							"lerp_mode": "catmullrom"
						}
					}
				},
				"left_upper_arm": {
					"rotation": {
						"0.0": {
							"post": [0, 0, 0],
							"lerp_mode": "catmullrom"
						},
						"0.5": {
							"post": [-10, 0, 0],
							"lerp_mode": "catmullrom"
						},
						"1.0": {
							"post": [0, 0, 0],
							"lerp_mode": "catmullrom"
						}
					}
				},
				"left_lower_arm": {
					"rotation": {
						"0.0": {
							"post": [0, 0, 0],
							"lerp_mode": "catmullrom"
						},
						"0.5": {
							"post": [0, 7.5, 0],
							"lerp_mode": "catmullrom"
						},
						"1.2917": {
							"post": [0, 0, 0],
							"lerp_mode": "catmullrom"
						}
					}
				},
				"right_upper_arm": {
					"rotation": {
						"0.0": {
							"post": [0, 0, 0],
							"lerp_mode": "catmullrom"
						},
						"0.5": {
							"post": [-10, 0, 0],
							"lerp_mode": "catmullrom"
						},
						"1.0": {
							"post": [0, 0, 0],
							"lerp_mode": "catmullrom"
						}
					}
				},
				"right_lower_arm": {
					"rotation": {
						"0.0": {
							"post": [0, 0, 0],
							"lerp_mode": "catmullrom"
						},
						"0.5": {
							"post": [0, -7.5, 0],
							"lerp_mode": "catmullrom"
						},
						"1.2917": {
							"post": [0, 0, 0],
							"lerp_mode": "catmullrom"
						}
					}
				},
				"nose": {
					"rotation": {
						"0.0417": [0, 0, 0],
						"0.1667": [10, 0, 0],
						"0.25": [0, 0, 0],
						"0.4167": [0, 0, 0],
						"0.5417": [10, 0, 0],
						"0.625": [0, 0, 0]
					}
				},
				"left_pupil": {
					"rotation": {
						"0.0": {
							"post": [0, 0, 0],
							"lerp_mode": "catmullrom"
						},
						"0.375": {
							"post": [0, 0, -7.5],
							"lerp_mode": "catmullrom"
						},
						"1.0": {
							"post": [0, 0, 0],
							"lerp_mode": "catmullrom"
						}
					}
				},
				"right_pupil": {
					"rotation": {
						"0.0": {
							"post": [0, 0, 0],
							"lerp_mode": "catmullrom"
						},
						"0.375": {
							"post": [0, 0, 7.5],
							"lerp_mode": "catmullrom"
						},
						"1.0": {
							"post": [0, 0, 0],
							"lerp_mode": "catmullrom"
						}
					}
				},
				"left_ear3": {
					"rotation": {
						"0.7917": [0, 0, 0],
						"1.0417": [0, 0, 0],
						"1.5": [0, 0, 0]
					}
				},
				"left_ear4": {
					"rotation": {
						"0.4583": [0, 0, 0],
						"0.7083": ["5+1*math.sin(q.anim_time*90*50-120)", 0, 0],
						"1.4167": [0, 0, 0]
					}
				},
				"right_ear4": {
					"rotation": {
						"0.4583": [0, 0, 0],
						"0.7083": ["5+1*math.sin(q.anim_time*90*50-120)", 0, 0],
						"1.4167": [0, 0, 0]
					}
				},
				"torso": {
					"rotation": {
						"0.0": {
							"post": [0, 0, 0],
							"lerp_mode": "catmullrom"
						},
						"0.2083": {
							"post": [2.5, 0, 0],
							"lerp_mode": "catmullrom"
						},
						"2.0": {
							"post": [0, 0, 0],
							"lerp_mode": "catmullrom"
						}
					}
				}
			},
			"sound_effects": {
				"0.0": {
					"effect": "pokemon.diggersby.cry"
				}
			}
		},
		"animation.diggersby.sleep": {
			"loop": true,
			"animation_length": 8,
			"bones": {
				"body": {
					"rotation": [-90, 0, -10],
					"position": [0, 6, -16]
				},
				"upper_torso": {
					"rotation": ["1*math.sin(q.anim_time*90*1-20)", 0, 0]
				},
				"left_upper_arm": {
					"rotation": [-12.98386, 62.75749, 4.91881],
					"position": [0, -0.5, -3.75]
				},
				"left_lower_arm": {
					"rotation": [0, 47.5, 0]
				},
				"left_hand": {
					"rotation": [-81.73868, 72.32786, 7.87648]
				},
				"right_upper_arm": {
					"rotation": [-92.53852, "9.9904+1*math.sin(q.anim_time*90*1-20)", -0.4407],
					"position": [0, -1.5, 2]
				},
				"right_lower_arm": {
					"rotation": [0, -25, 0]
				},
				"right_hand": {
					"rotation": [-9.99067, 0.43399, -17.53793]
				},
				"head": {
					"rotation": ["-20+1*math.sin(q.anim_time*90*1-90)", 0, 0]
				},
				"left_whiskers": {
					"rotation": [0, -25, 0]
				},
				"right_whiskers": {
					"rotation": [0, 15, 0]
				},
				"left_pupil": {
					"rotation": [0, 0, 15]
				},
				"right_pupil": {
					"rotation": [0, 0, -15]
				},
				"left_ear": {
					"rotation": [30, 0, 0]
				},
				"left_ear2": {
					"rotation": [32.5, 0, 0]
				},
				"left_ear3": {
					"rotation": [42.74529, -5.52235, -5.08269]
				},
				"left_ear4": {
					"rotation": [70, 0, 0]
				},
				"left_ear5": {
					"rotation": [15, 0, 0]
				},
				"left_ear_finger_inner": {
					"rotation": ["2.4203-3*math.sin(q.anim_time*90*1-60)", -5.37619, -32.92539]
				},
				"left_ear_finger_inner2": {
					"rotation": [35, 0, 0]
				},
				"left_ear_finger_middle": {
					"rotation": ["2.5-3*math.sin(q.anim_time*90*1-60)", 0, 0]
				},
				"left_ear_finger_middle2": {
					"rotation": [15, 0, 0]
				},
				"left_ear_finger_outer": {
					"rotation": ["2.5-3*math.sin(q.anim_time*90*1-60)", 0, 12.5]
				},
				"left_ear_finger_outer2": {
					"rotation": [17.5, 0, 0]
				},
				"right_ear": {
					"rotation": ["-8.9824-3*math.sin(q.anim_time*90*1-60)", 7.49201, -19.77999],
					"position": [-1.25, 0, 0]
				},
				"right_ear2": {
					"rotation": [22.5, 0, 0]
				},
				"right_ear3": {
					"rotation": [10, 0, 0]
				},
				"right_ear4": {
					"rotation": ["52.5+2*math.sin(q.anim_time*90*1-130)", 0, 0]
				},
				"right_ear5": {
					"rotation": ["45+3*math.sin(q.anim_time*90*1-60)", 0, 0]
				},
				"right_ear_finger_inner": {
					"rotation": [57.08682, -8.17773, 5.77509]
				},
				"right_ear_finger_inner2": {
					"rotation": [57.5, 0, 0]
				},
				"right_ear_finger_middle": {
					"rotation": [57.5, 0, 0]
				},
				"right_ear_finger_middle2": {
					"rotation": [47.5, 0, 0]
				},
				"right_ear_finger_outer": {
					"rotation": ["56.8569-3*math.sin(q.anim_time*90*1-60)", 7.13136, -10.29284]
				},
				"right_ear_finger_outer2": {
					"rotation": [30, 0, 0]
				},
				"left_leg": {
					"rotation": [22.5591, -7.44048, -0.54553],
					"position": [-0.17365, 0, 0.98481]
				},
				"left_foot": {
					"rotation": ["19.5198+4*math.cos(q.anim_time*90*1-90)", -29.4322, 3.91016]
				},
				"left_toes": {
					"rotation": [15.46305, 0.05328, -3.28125]
				},
				"right_leg": {
					"rotation": [22.8799, 3.90095, 4.89255]
				},
				"right_foot": {
					"rotation": ["9.1078+2*math.cos(q.anim_time*90*1-20)", 24.498, -4.81779]
				},
				"right_toes": {
					"rotation": [15.46305, -0.05328, 3.28125]
				}
			}
		},
		"animation.diggersby.walkspeedtest": {
			"loop": true,
			"bones": {
				"diggersby": {
					"position": [0, 0, "-q.anim_time*90*0.15"]
				}
			}
		},
		"animation.diggersby.quirk_sleep": {
			"animation_length": 2.5,
			"bones": {
				"left_ear_finger_inner": {
					"rotation": {
						"0.0": {
							"post": [0, 0, 0],
							"lerp_mode": "catmullrom"
						},
						"0.7917": {
							"post": [-15, 0, 12.5],
							"lerp_mode": "catmullrom"
						},
						"0.9583": {
							"post": [-14.63, 0, 10.19],
							"lerp_mode": "catmullrom"
						},
						"1.0833": {
							"post": [-13.84, 0, 12.56],
							"lerp_mode": "catmullrom"
						},
						"1.2917": {
							"post": [-12.26, 0, 10.3],
							"lerp_mode": "catmullrom"
						},
						"2.0": {
							"post": [-9.52, 0, 1.27],
							"lerp_mode": "catmullrom"
						},
						"2.2083": {
							"post": [0, 0, 0],
							"lerp_mode": "catmullrom"
						}
					}
				},
				"left_ear_finger_inner2": {
					"rotation": {
						"0.0": {
							"post": [0, 0, 0],
							"lerp_mode": "catmullrom"
						},
						"1.3333": {
							"post": [12.5, 0, 0],
							"lerp_mode": "catmullrom"
						},
						"2.5": {
							"post": [0, 0, 0],
							"lerp_mode": "catmullrom"
						}
					}
				},
				"left_ear_finger_middle": {
					"rotation": {
						"0.0": {
							"post": [0, 0, 0],
							"lerp_mode": "catmullrom"
						},
						"0.4583": {
							"post": [-20, 0, 0],
							"lerp_mode": "catmullrom"
						},
						"0.7083": {
							"post": [-23.98, 0, 0],
							"lerp_mode": "catmullrom"
						},
						"0.8333": {
							"post": [-21.23, 0, 0],
							"lerp_mode": "catmullrom"
						},
						"0.9583": {
							"post": [-23.38, 0, 0],
							"lerp_mode": "catmullrom"
						},
						"1.0833": {
							"post": [-20.33, 0, 0],
							"lerp_mode": "catmullrom"
						},
						"1.2083": {
							"post": [-22.59, 0, 0],
							"lerp_mode": "catmullrom"
						},
						"1.4167": {
							"post": [-20, 0, 0],
							"lerp_mode": "catmullrom"
						},
						"1.875": {
							"post": [-17.79, 0, 0],
							"lerp_mode": "catmullrom"
						},
						"2.5": {
							"post": [0, 0, 0],
							"lerp_mode": "catmullrom"
						}
					}
				},
				"left_ear_finger_middle2": {
					"rotation": {
						"0.0": {
							"post": [0, 0, 0],
							"lerp_mode": "catmullrom"
						},
						"0.375": {
							"post": [25, 0, 0],
							"lerp_mode": "catmullrom"
						},
						"0.6667": {
							"post": [55, 0, 0],
							"lerp_mode": "catmullrom"
						},
						"0.7917": {
							"post": [50, 0, 0],
							"lerp_mode": "catmullrom"
						},
						"0.9167": {
							"post": [57.5, 0, 0],
							"lerp_mode": "catmullrom"
						},
						"1.0417": {
							"post": [55, 0, 0],
							"lerp_mode": "catmullrom"
						},
						"1.1667": {
							"post": [57.5, 0, 0],
							"lerp_mode": "catmullrom"
						},
						"2.5": {
							"post": [0, 0, 0],
							"lerp_mode": "catmullrom"
						}
					}
				},
				"left_ear_finger_outer": {
					"rotation": {
						"0.0": {
							"post": [0, 0, 0],
							"lerp_mode": "catmullrom"
						},
						"0.6667": {
							"post": [-20, 0, 0],
							"lerp_mode": "catmullrom"
						},
						"0.9167": {
							"post": [-23.98, 0, 0],
							"lerp_mode": "catmullrom"
						},
						"1.0417": {
							"post": [-21.23, 0, 0],
							"lerp_mode": "catmullrom"
						},
						"1.1667": {
							"post": [-23.38, 0, 0],
							"lerp_mode": "catmullrom"
						},
						"1.2917": {
							"post": [-20.33, 0, 0],
							"lerp_mode": "catmullrom"
						},
						"1.4167": {
							"post": [-22.59, 0, 0],
							"lerp_mode": "catmullrom"
						},
						"1.625": {
							"post": [-20, 0, 0],
							"lerp_mode": "catmullrom"
						},
						"2.0833": {
							"post": [-17.79, 0, 0],
							"lerp_mode": "catmullrom"
						},
						"2.5": {
							"post": [0, 0, 0],
							"lerp_mode": "catmullrom"
						}
					}
				},
				"left_ear_finger_outer2": {
					"rotation": {
						"0.0": {
							"post": [0, 0, 0],
							"lerp_mode": "catmullrom"
						},
						"0.5": {
							"post": [25, 0, 0],
							"lerp_mode": "catmullrom"
						},
						"0.7917": {
							"post": [55, 0, 0],
							"lerp_mode": "catmullrom"
						},
						"0.9167": {
							"post": [50, 0, 0],
							"lerp_mode": "catmullrom"
						},
						"1.0417": {
							"post": [57.5, 0, 0],
							"lerp_mode": "catmullrom"
						},
						"1.1667": {
							"post": [55, 0, 0],
							"lerp_mode": "catmullrom"
						},
						"1.2917": {
							"post": [57.5, 0, 0],
							"lerp_mode": "catmullrom"
						},
						"2.5": {
							"post": [0, 0, 0],
							"lerp_mode": "catmullrom"
						}
					}
				},
				"belt": {
					"rotation": {
						"0.5833": [0, 0, 0],
						"0.7917": ["-0.5*math.sin(q.anim_time*90*20)", 0, 0],
						"1.2083": ["-0.5*math.sin(q.anim_time*90*10)", 0, 0],
						"1.4167": [0, 0, 0]
					}
				},
				"left_ear5": {
					"rotation": {
						"0.5417": [0, 0, 0],
						"0.6667": {
							"pre": [-1, 0, 0],
							"post": [-1, 0, 0],
							"lerp_mode": "catmullrom"
						},
						"0.75": {
							"post": [0.14, 0, 0],
							"lerp_mode": "catmullrom"
						},
						"0.9167": {
							"post": [-0.91, 0, 0],
							"lerp_mode": "catmullrom"
						},
						"1.0417": {
							"post": [0.43, 0, 0],
							"lerp_mode": "catmullrom"
						},
						"1.25": [0, 0, 0]
					}
				}
			}
		},
		"animation.diggersby.test": {
			"loop": true,
			"bones": {
				"diggersby": {
					"position": [0, 0.5, 0]
				},
				"torso": {
					"rotation": [2.5, 0, 0]
				},
				"upper_torso": {
					"rotation": [-5, 0, 0]
				},
				"left_whiskers": {
					"rotation": [0, -7.5, 0]
				},
				"left_ear": {
					"rotation": [-13.80291, -11.61056, 17.72991]
				},
				"left_ear2": {
					"rotation": [12.51153, -2.4407, -0.54143]
				},
				"left_ear3": {
					"rotation": [12.54624, -4.88119, -1.08482]
				},
				"left_ear4": {
					"rotation": [79.96941, -2.34255, -2.83099]
				},
				"left_upper_arm": {
					"rotation": [48.17579, 66.55356, 46.12302]
				},
				"left_lower_arm": {
					"rotation": [-15.93798, 63.95003, -17.27381]
				},
				"left_leg": {
					"rotation": [7.47178, 0.65182, -4.95744]
				},
				"left_foot": {
					"rotation": [15.89059, -12.43385, 6.71496]
				},
				"left_toes": {
					"rotation": [-22.5, 0, 0]
				},
				"belt": {
					"rotation": [-1.5, 0, 0]
				},
				"left_hand": {
					"rotation": [-39.62782, 20.71847, 49.17583]
				},
				"right_leg": {
					"rotation": [7.47178, -0.65182, 4.95744]
				},
				"right_foot": {
					"rotation": [15.89059, 12.43385, -6.71496]
				},
				"right_toes": {
					"rotation": [-22.5, 0, 0]
				},
				"right_upper_arm": {
					"rotation": [48.17579, -66.55356, -46.12302]
				},
				"right_lower_arm": {
					"rotation": [-15.93798, -63.95003, 17.27381]
				},
				"right_hand": {
					"rotation": [-39.62782, -20.71847, -49.17583]
				},
				"right_whiskers": {
					"rotation": [0, 7.5, 0]
				},
				"left_ear_finger_middle": {
					"rotation": [52.5, 0, 0]
				},
				"left_ear_finger_middle2": {
					"rotation": [62.5, 0, 0]
				},
				"left_ear_finger_outer": {
					"rotation": [57.52717, 1.68868, 1.84373]
				},
				"left_ear_finger_outer2": {
					"rotation": [65, 0, 0]
				},
				"left_ear_finger_inner": {
					"rotation": [57.60879, -1.6887, -1.8437]
				},
				"left_ear_finger_inner2": {
					"rotation": [65, 0, 0]
				},
				"left_ear_fluff": {
					"rotation": [25, 0, 0]
				},
				"right_ear": {
					"rotation": [-13.80291, 11.61056, -17.72991]
				},
				"right_ear2": {
					"rotation": [12.51153, 2.4407, 0.54143]
				},
				"right_ear3": {
					"rotation": [12.54624, 4.88119, 1.08482]
				},
				"right_ear4": {
					"rotation": [79.96941, 2.34255, 2.83099]
				},
				"right_ear_finger_inner": {
					"rotation": [57.60879, 1.6887, 1.8437]
				},
				"right_ear_finger_inner2": {
					"rotation": [65, 0, 0]
				},
				"right_ear_finger_middle": {
					"rotation": [52.5, 0, 0]
				},
				"right_ear_finger_middle2": {
					"rotation": [62.5, 0, 0]
				},
				"right_ear_finger_outer": {
					"rotation": [57.52717, -1.68868, -1.84373]
				},
				"right_ear_finger_outer2": {
					"rotation": [65, 0, 0]
				},
				"right_ear_fluff": {
					"rotation": [25, 0, 0]
				}
			}
		}
	}
}