{
	"format_version": "1.8.0",
	"animations": {
		"animation.enamorus_therian.pose": {
			"loop": true,
			"bones": {
				"cloud_tail": {
					"rotation": [-7.5, 0, 0]
				},
				"cloud_tail2": {
					"rotation": [10, 0, 0]
				},
				"leg_back_left": {
					"rotation": [-22.26914, -24.30509, 44.85385]
				},
				"leg_back_left2": {
					"rotation": [0, -15, 0]
				},
				"foot_back_left": {
					"rotation": [0, -15, 0]
				},
				"toe_back_left1_2": {
					"rotation": [0, -30, 0]
				},
				"toe_back_left2_2": {
					"rotation": [0, -30, 0]
				},
				"toe_back_left3_2": {
					"rotation": [0, -30, 0]
				},
				"leg_back_right": {
					"rotation": [-22.2691, 24.3051, -44.8538]
				},
				"leg_back_right2": {
					"rotation": [0, 15, 0]
				},
				"foot_back_right": {
					"rotation": [0, 15, 0]
				},
				"toe_back_right1_2": {
					"rotation": [0, 30, 0]
				},
				"toe_back_right2_2": {
					"rotation": [0, 30, 0]
				},
				"toe_back_right3_2": {
					"rotation": [0, 30, 0]
				},
				"arm_front_left": {
					"rotation": [20.01187, 33.25826, 36.55989]
				},
				"hand_front_left": {
					"rotation": [0, 0, -15]
				},
				"finger_front_left1_2": {
					"rotation": [0, 0, 30]
				},
				"finger_front_left2_2": {
					"rotation": [0, 0, 30]
				},
				"finger_front_left3_2": {
					"rotation": [0, 0, 30]
				},
				"arm_front_right": {
					"rotation": [20.0119, -33.2583, -36.5599]
				},
				"hand_front_right": {
					"rotation": [0, 0, 15]
				},
				"finger_front_right1_2": {
					"rotation": [0, 0, -30]
				},
				"finger_front_right2_2": {
					"rotation": [0, 0, -30]
				},
				"finger_front_right3_2": {
					"rotation": [0, 0, -30]
				},
				"tail10": {
					"rotation": [24.52925, 1.4968, -15.28849]
				},
				"tail11": {
					"rotation": [42.5, 0, 0]
				},
				"tail_head": {
					"rotation": [27.47941, -4.52515, 3.28323]
				},
				"neck": {
					"rotation": [-17.5, 0, 0]
				},
				"neck2": {
					"rotation": [-10, 0, 0]
				},
				"head": {
					"rotation": [30, 0, 0]
				}
			}
		},
		"animation.enamorus_therian.ground_idle": {
			"loop": true,
			"bones": {
				"cloud_tail": {
					"rotation": [-7.5, 0, 0]
				},
				"cloud_tail2": {
					"rotation": [10, 0, 0]
				},
				"leg_back_left": {
					"rotation": [-22.26914, -24.30509, 44.85385]
				},
				"leg_back_left2": {
					"rotation": [0, -15, 0]
				},
				"foot_back_left": {
					"rotation": [0, -15, 0]
				},
				"toe_back_left1_2": {
					"rotation": [0, -30, 0]
				},
				"toe_back_left2_2": {
					"rotation": [0, -30, 0]
				},
				"toe_back_left3_2": {
					"rotation": [0, -30, 0]
				},
				"leg_back_right": {
					"rotation": [-22.2691, 24.3051, -44.8538]
				},
				"leg_back_right2": {
					"rotation": [0, 15, 0]
				},
				"foot_back_right": {
					"rotation": [0, 15, 0]
				},
				"toe_back_right1_2": {
					"rotation": [0, 30, 0]
				},
				"toe_back_right2_2": {
					"rotation": [0, 30, 0]
				},
				"toe_back_right3_2": {
					"rotation": [0, 30, 0]
				},
				"arm_front_left": {
					"rotation": [20.01187, 33.25826, 36.55989]
				},
				"hand_front_left": {
					"rotation": [0, 0, -15]
				},
				"finger_front_left1_2": {
					"rotation": [0, 0, 30]
				},
				"finger_front_left2_2": {
					"rotation": [0, 0, 30]
				},
				"finger_front_left3_2": {
					"rotation": [0, 0, 30]
				},
				"arm_front_right": {
					"rotation": [20.0119, -33.2583, -36.5599]
				},
				"hand_front_right": {
					"rotation": [0, 0, 15]
				},
				"finger_front_right1_2": {
					"rotation": [0, 0, -30]
				},
				"finger_front_right2_2": {
					"rotation": [0, 0, -30]
				},
				"finger_front_right3_2": {
					"rotation": [0, 0, -30]
				},
				"tail10": {
					"rotation": [24.52925, 1.4968, -15.28849]
				},
				"tail11": {
					"rotation": [42.5, 0, 0]
				},
				"tail_head": {
					"rotation": [27.47941, -4.52515, 3.28323]
				},
				"neck": {
					"rotation": [-17.5, 0, 0]
				},
				"neck2": {
					"rotation": [-10, 0, 0]
				},
				"head": {
					"rotation": [30, 0, 0]
				},
				"body": {
					"rotation": [0, 0, "Math.cos((query.anim_time) * 90 * 1) * 0.5"],
					"position": [0, "5+Math.cos((query.anim_time) * 90 * 2) * 0.1", 0]
				}
			}
		},
		"animation.enamorus_therian.ground_walk": {
			"loop": true,
			"bones": {
				"cloud_tail": {
					"rotation": [-7.5, 0, 0]
				},
				"cloud_tail2": {
					"rotation": [10, 0, 0]
				},
				"leg_back_left": {
					"rotation": [-22.26914, "-24.3051+math.cos(q.anim_time*90*3)*9", 44.85385]
				},
				"leg_back_left2": {
					"rotation": [0, -15, 0]
				},
				"foot_back_left": {
					"rotation": [0, -15, 0]
				},
				"toe_back_left1_2": {
					"rotation": [0, -30, 0]
				},
				"toe_back_left2_2": {
					"rotation": [0, -30, 0]
				},
				"toe_back_left3_2": {
					"rotation": [0, -30, 0]
				},
				"leg_back_right": {
					"rotation": [4.52795, "1.2138-math.cos(q.anim_time*90*3)*9", -30.3083]
				},
				"leg_back_right2": {
					"rotation": [0, 15, 0]
				},
				"foot_back_right": {
					"rotation": [0, 15, 0]
				},
				"toe_back_right1_2": {
					"rotation": [0, 30, 0]
				},
				"toe_back_right2_2": {
					"rotation": [0, 30, 0]
				},
				"toe_back_right3_2": {
					"rotation": [0, 30, 0]
				},
				"arm_front_left": {
					"rotation": [9.21472, "27.953-math.cos(q.anim_time*90*3)*9", 26.54136]
				},
				"hand_front_left": {
					"rotation": [0, 0, -15]
				},
				"finger_front_left1_2": {
					"rotation": [0, 0, 30]
				},
				"finger_front_left2_2": {
					"rotation": [0, 0, 30]
				},
				"finger_front_left3_2": {
					"rotation": [0, 0, 30]
				},
				"arm_front_right": {
					"rotation": [20.0119, "-33.2583+math.cos(q.anim_time*90*3)*9", -36.5599]
				},
				"hand_front_right": {
					"rotation": [0, 0, 15]
				},
				"finger_front_right1_2": {
					"rotation": [0, 0, -30]
				},
				"finger_front_right2_2": {
					"rotation": [0, 0, -30]
				},
				"finger_front_right3_2": {
					"rotation": [0, 0, -30]
				},
				"tail10": {
					"rotation": [24.52925, 1.4968, -15.28849]
				},
				"tail11": {
					"rotation": [50, "0+math.sin(q.anim_time*90*2+90)*5", "math.sin(q.anim_time*90*4)*1.5"]
				},
				"tail_head": {
					"rotation": [22.5, "-22.5+math.sin(q.anim_time*90*2+90)*5", "math.sin(q.anim_time*90*4)*1.5"]
				},
				"neck": {
					"rotation": [-17.5, 0, 0]
				},
				"neck2": {
					"rotation": [-10, 0, 0]
				},
				"head": {
					"rotation": [30, 0, 0]
				},
				"body": {
					"rotation": ["math.cos(q.anim_time*90*3)*0.5", 0, 0],
					"position": [0, 5, 0]
				}
			}
		},
		"animation.enamorus_therian.blink": {
			"animation_length": 0.16667,
			"bones": {
				"eyelid_left": {
					"position": {
						"0.125": [0.1, 0, 0],
						"0.1667": [0, 0, 0]
					}
				},
				"eyelid_right": {
					"position": {
						"0.0": [0, 0, 0],
						"0.125": [-0.1, 0, 0],
						"0.1667": [0, 0, 0]
					}
				}
			}
		},
		"animation.enamorus_therian.mouth": {
			"animation_length": 0.16667,
			"bones": {
				"mouth": {
					"position": {
						"0.0": [0, 0, -1],
						"0.1667": [0, 0, 0]
					}
				}
			}
		}
	}
}