{
	"format_version": "1.8.0",
	"animations": {
		"animation.fluttermane.ground_idle": {
			"loop": true,
			"animation_length": 22.83333,
			"bones": {
				"hair_back_inner_left": {
					"rotation": [6, 0, 0]
				},
				"torso": {
					"rotation": ["12.5+0.03*(math.sin(q.anim_time*90*2)*1)+4*(math.sin(q.anim_time*90*2/2)*1)", 0, 0]
				},
				"necklace": {
					"position": [0, 0, 0.25]
				},
				"flap_front": {
					"rotation": ["-20+4*(math.sin(q.anim_time*90*1.2)*1)+4*(math.sin(q.anim_time*90*2/2)*1)", 0, 0]
				},
				"flap_right": {
					"rotation": [0, 0, "25-4*(math.sin(q.anim_time*90*1.2)*1)-4*(math.sin(q.anim_time*90*2/2)*1)"]
				},
				"flap_left": {
					"rotation": [0, 0, "-25+4*(math.sin(q.anim_time*90*1.2)*1)+4*(math.sin(q.anim_time*90*2/2)*1)"]
				},
				"flap_back": {
					"rotation": ["30-4*(math.sin(q.anim_time*90*1.2)*1)-4*(math.sin(q.anim_time*90*2/2)*1)", 0, 0]
				},
				"head": {
					"rotation": [5, 0, 0]
				},
				"body": {
					"position": [0, "0.3*(math.sin(q.anim_time*90*1.5+45)*1+1)", 0]
				},
				"hair_back_inner_right": {
					"rotation": [6, 0, 0]
				},
				"left_hair": {
					"rotation": [0, "-30+4*(math.sin(q.anim_time*90*1.2)*1)+4*(math.sin(q.anim_time*90*2/2)*1)", 0]
				},
				"left_hair2": {
					"rotation": [0, -25, 0]
				},
				"left_hair3": {
					"rotation": [0, -17.5, 0]
				},
				"left_hair4": {
					"rotation": [0, 17.5, 0]
				},
				"left_hair5": {
					"rotation": [0, 22.5, 0]
				},
				"bone6": {
					"rotation": [-57.5, 0, 0]
				},
				"bone7": {
					"rotation": [10.348, -25.91106, -19.45345]
				},
				"bone8": {
					"rotation": [0, -22.5, -10]
				},
				"bone9": {
					"rotation": [0, 17.5, -15]
				},
				"bone10": {
					"rotation": [-57.5, 0, 0]
				},
				"bone11": {
					"rotation": [10.34799, 25.91106, 19.45345]
				},
				"bone12": {
					"rotation": [0, 22.5, 10]
				},
				"bone13": {
					"rotation": [0, -17.5, 15]
				},
				"right_hair": {
					"rotation": [0, "30+4*(math.sin(q.anim_time*90*1.2)*1)+4*(math.sin(q.anim_time*90*2/2)*1)", 0]
				},
				"right_hair2": {
					"rotation": [0, 25, 0]
				},
				"right_hair3": {
					"rotation": [0, 17.5, 0]
				},
				"right_hair4": {
					"rotation": [0, -17.5, 0]
				},
				"right_hair5": {
					"rotation": [0, -22.5, 0]
				},
				"hair_front_left": {
					"rotation": ["1*(math.sin(q.anim_time*90*2)*1)+4*(math.sin(q.anim_time*90*2/2)*1)", 0, 0]
				},
				"hair_front_right": {
					"rotation": ["0+1*(math.sin(q.anim_time*90*2)*1)+4*(math.sin(q.anim_time*90*2/2)*1)", 0, 0]
				},
				"hair_back": {
					"rotation": [0, 0, 0]
				}
			}
		},
		"animation.fluttermane.ground_walk": {
			"loop": true,
			"bones": {
				"hair_back_inner_left": {
					"rotation": [6, 0, 0]
				},
				"torso": {
					"rotation": ["27.5+0.03*(math.sin(q.anim_time*90*2)*1)+4*(math.sin(q.anim_time*90*3)*1)", 0, 0]
				},
				"necklace": {
					"rotation": [-22.5, 0, 0],
					"position": [0, -0.25, 0.25]
				},
				"flap_front": {
					"rotation": ["-20+4*(math.sin(q.anim_time*90*1.2)*1)+4*(math.sin(q.anim_time*90*2/2)*1)", 0, 0]
				},
				"flap_right": {
					"rotation": [0, 0, "25-4*(math.sin(q.anim_time*90*1.2)*1)-4*(math.sin(q.anim_time*90*2/2)*1)"]
				},
				"flap_left": {
					"rotation": [0, 0, "-25+4*(math.sin(q.anim_time*90*1.2)*1)+4*(math.sin(q.anim_time*90*2/2)*1)"]
				},
				"flap_back": {
					"rotation": ["30-4*(math.sin(q.anim_time*90*1.2)*1)-4*(math.sin(q.anim_time*90*2/2)*1)", 0, 0]
				},
				"head": {
					"rotation": [5, 0, 0]
				},
				"body": {
					"rotation": [17.5, 0, 0],
					"position": [0, "0.3*(math.sin(q.anim_time*90*3+45)*1+1)", 0]
				},
				"hair_back_inner_right": {
					"rotation": [6, 0, 0]
				},
				"left_hair": {
					"rotation": [0, "-30+4*(math.sin(q.anim_time*90*1.2)*1)+4*(math.sin(q.anim_time*90*4)*1)", 0]
				},
				"left_hair2": {
					"rotation": [0, -25, 0]
				},
				"left_hair3": {
					"rotation": [0, -17.5, 0]
				},
				"left_hair4": {
					"rotation": [0, 17.5, 0]
				},
				"left_hair5": {
					"rotation": [0, 22.5, 0]
				},
				"bone6": {
					"rotation": ["-57.5+1*(math.sin(q.anim_time*90*2)*1)+4*(math.sin(q.anim_time*90*4)*1)", 0, 0]
				},
				"bone7": {
					"rotation": [10.34799, -25.91106, -19.45345]
				},
				"bone8": {
					"rotation": [0, -22.5, -10]
				},
				"bone9": {
					"rotation": [0, 17.5, -15]
				},
				"bone10": {
					"rotation": ["-57.5+1*(math.sin(q.anim_time*90*2)*1)+4*(math.sin(q.anim_time*90*4)*1)", 0, 0]
				},
				"bone11": {
					"rotation": [10.34799, 25.91106, 19.45345]
				},
				"bone12": {
					"rotation": [0, 22.5, 10]
				},
				"bone13": {
					"rotation": [0, -17.5, 15]
				},
				"right_hair": {
					"rotation": [0, "30+4*(math.sin(q.anim_time*90*1.2)*1)+4*(math.sin(q.anim_time*90*4)*1)", 0]
				},
				"right_hair2": {
					"rotation": [0, 25, 0]
				},
				"right_hair3": {
					"rotation": [0, 17.5, 0]
				},
				"right_hair4": {
					"rotation": [0, -17.5, 0]
				},
				"right_hair5": {
					"rotation": [0, -22.5, 0]
				}
			}
		}
	}
}