{
	"format_version": "1.8.0",
	"animations": {
		"animation.greattusk.ground_idle": {
			"loop": true,
			"bones": {
				"head": {
					"rotation": [7.5, 0, 0]
				},
				"front_plate": {
					"rotation": [0, 0, 0]
				},
				"head_plate": {
					"rotation": [0, 0, 0]
				},
				"trunk": {
					"rotation": [40, 0, 0]
				},
				"trunk2": {
					"rotation": [35, 0, 0]
				},
				"back_plate": {
					"rotation": [0, 0, 0]
				},
				"tail2": {
					"rotation": [7.5, "math.cos(q.anim_time*90*1-60)*3", "math.sin(q.anim_time*90*1-60)*2"]
				},
				"trunk3": {
					"rotation": [35, 0, 0]
				},
				"tread4": {
					"rotation": [0, 0, 0]
				},
				"tread5": {
					"rotation": [22.5, 0, 0],
					"position": [0, 0, 0]
				},
				"tread6": {
					"rotation": [7.5, 0, 0]
				},
				"tail3": {
					"rotation": [12.5, "math.cos(q.anim_time*90*1-90)*6", "math.sin(q.anim_time*90*1-90)*2"]
				},
				"tail4": {
					"rotation": [12.5, 0, 0]
				},
				"ear_left": {
					"rotation": [0, 0, "20-math.sin(q.anim_time*90*1-90)*2"]
				},
				"ear_left2": {
					"rotation": [0, 0, -12.5]
				},
				"ear_right": {
					"rotation": [0, 0, "-20+math.sin(q.anim_time*90*1-90)*2"]
				},
				"ear_right2": {
					"rotation": [0, 0, 12.5]
				},
				"torso": {
					"rotation": ["math.sin(q.anim_time*90*2)*0.6", 0, "math.cos(q.anim_time*90*1)*-1"],
					"position": [0, "math.sin(q.anim_time*90*2)*-0.2", 0]
				},
				"tail": {
					"rotation": [0, "0+math.cos(q.anim_time*90*1-30)*4", "0+math.sin(q.anim_time*90*1-40)*2"]
				}
			}
		},
		"animation.greattusk.ground_walk": {
			"loop": true,
			"animation_length": 2,
			"bones": {
				"head": {
					"rotation": [7.5, 0, 0]
				},
				"front_plate": {
					"rotation": [0, 0, 0]
				},
				"head_plate": {
					"rotation": [0, 0, 0]
				},
				"trunk": {
					"rotation": [40, 0, 0]
				},
				"trunk2": {
					"rotation": [35, 0, 0]
				},
				"back_plate": {
					"rotation": [0, 0, 0]
				},
				"tail2": {
					"rotation": [7.5, "0+math.cos(q.anim_time*90*2-90)*4", "0-math.cos(q.anim_time*90*2-60)*2"]
				},
				"trunk3": {
					"rotation": [35, 0, 0]
				},
				"tread4": {
					"rotation": [0, 0, 0]
				},
				"tread5": {
					"rotation": [22.5, 0, 0],
					"position": [0, 0, 0]
				},
				"tread6": {
					"rotation": [7.5, 0, 0]
				},
				"tail3": {
					"rotation": [12.5, "0+math.cos(q.anim_time*90*2-120)*6", "0-math.cos(q.anim_time*90*2-90)*2"]
				},
				"tail4": {
					"rotation": [12.5, 0, 0]
				},
				"ear_left": {
					"rotation": [0, 0, "20-math.cos(q.anim_time*90*2-30)*4"]
				},
				"ear_left2": {
					"rotation": [0, 0, -12.5]
				},
				"ear_right": {
					"rotation": [0, 0, "-20+math.cos(q.anim_time*90*2-30)*4"]
				},
				"ear_right2": {
					"rotation": [0, 0, 12.5]
				},
				"torso": {
					"rotation": ["0+math.sin(q.anim_time*90*2*2)*1", "0+math.cos(q.anim_time*90*2)*3", "0-math.sin(q.anim_time*90*2)*3"],
					"position": {
						"0.0": [0, -0.01, 0],
						"0.0417": [0, -0.12, 0],
						"0.5833": [0, "0+math.sin(q.anim_time*90*2*2)*0.6", 0],
						"0.625": [0, "0.4+math.sin(q.anim_time*90*2*2)*0.4", 0],
						"0.7083": [0, "-0.1+math.sin(q.anim_time*90*2*2)*0.4", 0],
						"0.7917": [0, "0.4+math.sin(q.anim_time*90*2*2)*0.4", 0],
						"0.875": [0, "0+math.sin(q.anim_time*90*2*2)*0.4", 0],
						"0.9583": [0, 0.1, 0],
						"1.0417": [0, -0.12, 0],
						"1.5833": [0, "0+math.sin(q.anim_time*90*2*2)*0.6", 0],
						"1.625": [0, "0.4+math.sin(q.anim_time*90*2*2)*0.4", 0],
						"1.7083": [0, "-0.1+math.sin(q.anim_time*90*2*2)*0.4", 0],
						"1.7917": [0, "0.4+math.sin(q.anim_time*90*2*2)*0.4", 0],
						"1.875": [0, "0+math.sin(q.anim_time*90*2*2)*0.4", 0],
						"1.9583": [0, 0.1, 0],
						"2.0": [0, -0.01, 0]
					}
				},
				"tail": {
					"rotation": [0, "math.cos(q.anim_time*90*2-30)*8", "0-math.cos(q.anim_time*90*2-30)*4"]
				},
				"leg_front_right": {
					"rotation": {
						"0.0": ["0-math.sin(q.anim_time*90*2)*10", "0-math.sin(q.anim_time*90*2)*8", 10],
						"0.4167": ["0-math.sin(q.anim_time*90*2)*10", "0-math.sin(q.anim_time*90*2)*8", 10],
						"0.625": ["-0.25-math.sin(q.anim_time*90*2)*10", "-math.sin(q.anim_time*90*2)*8", 10],
						"0.8333": ["-1-math.sin(q.anim_time*90*2)*10", "-math.sin(q.anim_time*90*2)*8", 10],
						"1.0": ["0-math.sin(q.anim_time*90*2)*10", "0-math.sin(q.anim_time*90*2)*8", 10]
					},
					"position": {
						"0.0": ["0-math.cos(q.anim_time*90*2)*0.2", "math.clamp(math.cos(q.anim_time*90*2)*1.5,0,10)", "0-math.sin(q.anim_time*90*2)*0.7"],
						"0.4167": ["0-math.cos(q.anim_time*90*2)*0.2", "math.clamp(math.cos(q.anim_time*90*2)*1.5,0,10)", "0-math.sin(q.anim_time*90*2)*0.7"],
						"0.5": ["0-math.cos(q.anim_time*90*2)*0.2", "-1+math.clamp(math.cos(q.anim_time*90*2)*1.5,0,10)", "0-math.sin(q.anim_time*90*2)*0.7"],
						"0.75": ["0-math.cos(q.anim_time*90*2)*0.2", "-0.75+math.clamp(math.cos(q.anim_time*90*2)*1.5,0,10)", "0-math.sin(q.anim_time*90*2)*0.7"],
						"1.5": ["0-math.cos(q.anim_time*90*2)*0.2", "math.clamp(math.cos(q.anim_time*90*2)*1.5,0,10)", "0-math.sin(q.anim_time*90*2)*0.7"]
					}
				},
				"leg_front_left": {
					"rotation": ["0-math.sin(q.anim_time*90*2-180)*10", "0+math.sin(q.anim_time*90*2-180)*8", -10],
					"position": {
						"0.0": ["0+math.cos(q.anim_time*90*2-180)*0.2", "-0.5+math.clamp(math.cos(q.anim_time*90*2-180)*1.5,0,10)", "0-math.sin(q.anim_time*90*2-180)*0.8"],
						"0.5": ["0+math.cos(q.anim_time*90*2-180)*0.2", "math.clamp(math.cos(q.anim_time*90*2-180)*1.5,0,10)", "0-math.sin(q.anim_time*90*2-180)*0.8"],
						"1.4583": ["0+math.cos(q.anim_time*90*2-180)*0.2", "math.clamp(math.cos(q.anim_time*90*2-180)*1.5,0,10)", "0-math.sin(q.anim_time*90*2-180)*0.8"],
						"1.5": ["0+math.cos(q.anim_time*90*2-180)*0.2", "-1+math.clamp(math.cos(q.anim_time*90*2-180)*1.5,0,10)", "0-math.sin(q.anim_time*90*2-180)*0.8"],
						"2.0": ["0+math.cos(q.anim_time*90*2-180)*0.2", "-0.5+math.clamp(math.cos(q.anim_time*90*2-180)*1.5,0,10)", "0-math.sin(q.anim_time*90*2-180)*0.8"]
					}
				},
				"leg_back_left": {
					"rotation": ["0-math.sin(q.anim_time*90*2-60)*10", "0+math.sin(q.anim_time*90*2-60)*8", -10],
					"position": {
						"0.0": ["0+math.cos(q.anim_time*90*2-60)*0.2", "math.clamp(math.cos(q.anim_time*90*2-60)*1.5,0,10)", "-0.75-math.sin(q.anim_time*90*2-60)*0.7"],
						"0.75": [
							"0+math.cos(q.anim_time*90*2-60)*0.2",
							"0.25+math.clamp(math.cos(q.anim_time*90*2-60)*1.5,0,10)",
							"-0.75-math.sin(q.anim_time*90*2-60)*0.7"
						],
						"0.8333": ["0+math.cos(q.anim_time*90*2-60)*0.2", "-1+math.clamp(math.cos(q.anim_time*90*2-60)*1.5,0,10)", "-0.75-math.sin(q.anim_time*90*2-60)*0.7"],
						"1.8333": ["0+math.cos(q.anim_time*90*2-60)*0.2", "math.clamp(math.cos(q.anim_time*90*2-60)*1.5,0,10)", "-0.75-math.sin(q.anim_time*90*2-60)*0.7"]
					}
				},
				"leg_back_right": {
					"rotation": ["0-math.sin(q.anim_time*90*2-240)*10", "0-math.sin(q.anim_time*90*2-240)*8", 10],
					"position": {
						"0.0": [
							"0-math.cos(q.anim_time*90*2-240)*0.2",
							"-0.75+math.clamp(math.cos(q.anim_time*90*2-240)*1.5,0,10)",
							"-0.75-math.sin(q.anim_time*90*2-240)*0.8"
						],
						"0.8333": ["0-math.cos(q.anim_time*90*2-240)*0.2", "math.clamp(math.cos(q.anim_time*90*2-240)*1.5,0,10)", "-0.75-math.sin(q.anim_time*90*2-240)*0.8"],
						"1.7917": ["0-math.cos(q.anim_time*90*2-240)*0.2", "math.clamp(math.cos(q.anim_time*90*2-240)*1.5,0,10)", "-0.75-math.sin(q.anim_time*90*2-240)*0.8"],
						"1.8333": [
							"0-math.cos(q.anim_time*90*2-240)*0.2",
							"-1+math.clamp(math.cos(q.anim_time*90*2-240)*1.5,0,10)",
							"-0.75-math.sin(q.anim_time*90*2-240)*0.8"
						],
						"2.0": [
							"0-math.cos(q.anim_time*90*2-240)*0.2",
							"-0.75+math.clamp(math.cos(q.anim_time*90*2-240)*1.5,0,10)",
							"-0.75-math.sin(q.anim_time*90*2-240)*0.8"
						]
					}
				}
			}
		},
		"animation.greattusk.blink": {
			"animation_length": 0.1667,
			"bones": {
				"eyelid_left": {
					"position": {
						"0.0": [0.1, 0, -0.1],
						"0.125": [0.1, 0, -0.1],
						"0.1667": [0, 0, 0]
					}
				},
				"eyelid_right": {
					"position": {
						"0.0": [-0.1, 0, -0.1],
						"0.125": [-0.1, 0, -0.1],
						"0.1667": [0, 0, 0]
					}
				}
			}
		}
	}
}