{
	"format_version": "1.8.0",
	"animations": {
		"animation.grimer_alolan.ground_idle": {
			"loop": true,
			"bones": {
				"arm_right": {
					"rotation": [9.0072, -20.7048, "-24.1487-math.sin(q.anim_time*90*3)*4"]
				},
				"arm_right2": {
					"rotation": [-22.5, "-55-math.sin(q.anim_time*90*3-90)*5", 22.5]
				},
				"finger_right_index": {
					"rotation": [0, -22.5, -22.5]
				},
				"finger_right_ring": {
					"rotation": [0, 22.5, -22.5]
				},
				"arm_left": {
					"rotation": [9.0072, 20.70481, "24.1487+math.sin(q.anim_time*90*3)*4"]
				},
				"arm_left2": {
					"rotation": [-22.5, "55+math.sin(q.anim_time*90*3-90)*5", -22.5]
				},
				"finger_left_index": {
					"rotation": [0, 22.5, 22.5]
				},
				"finger_left_ring": {
					"rotation": [0, -22.5, 22.5]
				},
				"torso": {
					"position": [0, "math.sin(q.anim_time*90*3+45)*0.15", 0]
				},
				"torso2": {
					"rotation": ["math.sin(q.anim_time*90*3+45)*1", 0, 0],
					"position": [0, "math.sin(q.anim_time*90*3)*0.25", 0]
				},
				"torso3": {
					"rotation": ["math.sin(q.anim_time*90*3)*1", 0, 0],
					"position": [0, "math.sin(q.anim_time*90*3-45)*0.25", 0]
				},
				"head": {
					"rotation": ["math.sin(q.anim_time*90*3-90)*-2", 0, 0]
				},
				"jaw": {
					"rotation": ["math.sin(q.anim_time*90*3-90)*8", 0, 0]
				}
			}
		},
		"animation.grimer_alolan.ground_walk": {
			"loop": true,
			"bones": {
				"arm_right": {
					"rotation": [9.0072, -20.7048, "-24.1487-math.sin(q.anim_time*90*3)*4"]
				},
				"arm_right2": {
					"rotation": [-22.5, "-55-math.sin(q.anim_time*90*3-90)*5", 22.5]
				},
				"finger_right_index": {
					"rotation": [0, -22.5, -22.5]
				},
				"finger_right_ring": {
					"rotation": [0, 22.5, -22.5]
				},
				"arm_left": {
					"rotation": [9.0072, 20.70481, "24.1487+math.sin(q.anim_time*90*3)*4"]
				},
				"arm_left2": {
					"rotation": [-22.5, "55+math.sin(q.anim_time*90*3-90)*5", -22.5]
				},
				"finger_left_index": {
					"rotation": [0, 22.5, 22.5]
				},
				"finger_left_ring": {
					"rotation": [0, -22.5, 22.5]
				},
				"torso": {
					"position": [0, "math.sin(q.anim_time*90*3+45)*0.15", "math.sin(q.anim_time*90*3)*0.5"]
				},
				"torso2": {
					"rotation": ["math.sin(q.anim_time*90*3+45)*1", 0, 0],
					"position": [0, "math.sin(q.anim_time*90*3)*0.25", "math.sin(q.anim_time*90*3-90)*0.5"]
				},
				"torso3": {
					"rotation": ["math.sin(q.anim_time*90*3)*1", 0, 0],
					"position": [0, "math.sin(q.anim_time*90*3-45)*0.25", "math.sin(q.anim_time*90*3-180)*0.5"]
				},
				"head": {
					"rotation": ["math.sin(q.anim_time*90*3-90)*-2", 0, 0]
				},
				"jaw": {
					"rotation": ["math.sin(q.anim_time*90*3-90)*8", 0, 0]
				}
			}
		},
		"animation.grimer_alolan.blink": {
			"animation_length": 0.1667,
			"bones": {
				"eyelid_right": {
					"position": {
						"0.0": [-0.1, 0, -0.1],
						"0.125": [-0.1, 0, -0.1],
						"0.1667": [0, 0, 0]
					}
				},
				"eyelid_left": {
					"position": {
						"0.0": [0.1, 0, -0.1],
						"0.125": [0.1, 0, -0.1],
						"0.1667": [0, 0, 0]
					}
				}
			}
		}
	}
}