{
	"format_version": "1.8.0",
	"animations": {
		"animation.groudon.ground_idle": {
			"loop": true,
			"bones": {
				"torso": {
					"rotation": ["0-0.5*math.clamp(math.sin(q.anim_time*-110*3/2)*1+1,0,1)+0.5*math.clamp(-math.sin(q.anim_time*-110*3/2)*1+1,0,1)", 0, 0]
				},
				"neck": {
					"rotation": ["0-0.8*math.clamp(math.sin(q.anim_time*-110*3/2)*1+1,0,1)+0.8*math.clamp(-math.sin(q.anim_time*-110*3/2)*1+1,0,1)", 0, 0]
				},
				"head": {
					"rotation": [
						"0-1*math.clamp(math.sin(q.anim_time*-110*3/2)*1+1,0,1)+1*math.clamp(-math.sin(q.anim_time*-110*3/2)*1+1,0,1)",
						"math.sin(query.anim_time *60) * -3",
						0
					]
				},
				"top_head": {
					"rotation": ["math.sin(query.anim_time *-100) * -3", 0, 0]
				},
				"bottom_head": {
					"rotation": ["8-8*math.clamp(math.sin(q.anim_time*-100*3/2)*1+1,0,1)+8*math.clamp(-math.sin(q.anim_time*-100*3/2)*1+1,0,1)", 0, 0]
				},
				"arm_right": {
					"rotation": [
						"0-2*math.clamp(math.sin(q.anim_time*80*3/2)*1+1,0,1)+2*math.clamp(-math.sin(q.anim_time*80*3/2)*1+1,0,1)",
						0,
						"30-2*math.clamp(math.sin(q.anim_time*80*3/2)*1+1,0,1)+2*math.clamp(-math.sin(q.anim_time*80*3/2)*1+1,0,1)"
					]
				},
				"arm_right2": {
					"rotation": [
						"0-1*math.clamp(math.sin(q.anim_time*80*3/2)*1+1,0,1)+1*math.clamp(-math.sin(q.anim_time*80*3/2)*1+1,0,1)",
						0,
						"-20-2*math.clamp(math.sin(q.anim_time*60*3/2)*1+1,0,1)+2*math.clamp(-math.sin(q.anim_time*60*3/2)*1+1,0,1)"
					]
				},
				"fingie1": {
					"rotation": [0, 0, "-5-5*math.clamp(math.sin(q.anim_time*80*3/2)*1+1,0,1)+5*math.clamp(-math.sin(q.anim_time*80*3/2)*1+1,0,1)"]
				},
				"fingie2": {
					"rotation": [0, 0, "-5-5*math.clamp(math.sin(q.anim_time*80*3/2)*1+1,0,1)+5*math.clamp(-math.sin(q.anim_time*80*3/2)*1+1,0,1)"]
				},
				"fingie3": {
					"rotation": [0, 0, "-5-5*math.clamp(math.sin(q.anim_time*80*3/2)*1+1,0,1)+5*math.clamp(-math.sin(q.anim_time*80*3/2)*1+1,0,1)"]
				},
				"fingie4": {
					"rotation": [0, 0, "0-5*math.clamp(math.sin(q.anim_time*80*3/2)*1+1,0,1)+5*math.clamp(-math.sin(q.anim_time*80*3/2)*1+1,0,1)"]
				},
				"arm_left": {
					"rotation": [
						"0-2*math.clamp(math.sin(q.anim_time*80*3/2)*1+1,0,1)+2*math.clamp(-math.sin(q.anim_time*80*3/2)*1+1,0,1)",
						0,
						"-30-2*math.clamp(math.sin(q.anim_time*-80*3/2)*1+1,0,1)+2*math.clamp(-math.sin(q.anim_time*-80*3/2)*1+1,0,1)"
					]
				},
				"arm_left2": {
					"rotation": [
						"0-1*math.clamp(math.sin(q.anim_time*80*3/2)*1+1,0,1)+1*math.clamp(-math.sin(q.anim_time*80*3/2)*1+1,0,1)",
						0,
						"20-2*math.clamp(math.sin(q.anim_time*-60*3/2)*1+1,0,1)+2*math.clamp(-math.sin(q.anim_time*-60*3/2)*1+1,0,1)"
					]
				},
				"fingie5": {
					"rotation": [0, 0, "5-5*math.clamp(math.sin(q.anim_time*-80*3/2)*1+1,0,1)+5*math.clamp(-math.sin(q.anim_time*-80*3/2)*1+1,0,1)"]
				},
				"fingie6": {
					"rotation": [0, 0, "5-5*math.clamp(math.sin(q.anim_time*-80*3/2)*1+1,0,1)+5*math.clamp(-math.sin(q.anim_time*-80*3/2)*1+1,0,1)"]
				},
				"fingie7": {
					"rotation": [0, 0, "5-5*math.clamp(math.sin(q.anim_time*-80*3/2)*1+1,0,1)+5*math.clamp(-math.sin(q.anim_time*-80*3/2)*1+1,0,1)"]
				},
				"fingie8": {
					"rotation": [0, 0, "0-5*math.clamp(math.sin(q.anim_time*-80*3/2)*1+1,0,1)+5*math.clamp(-math.sin(q.anim_time*-80*3/2)*1+1,0,1)"]
				},
				"tail": {
					"rotation": ["0-2*math.clamp(math.sin(q.anim_time*-80*3/2)*1+1,0,1)+2*math.clamp(-math.sin(q.anim_time*-80*3/2)*1+1,0,1)", 0, 0]
				},
				"tail2": {
					"rotation": ["5-3*math.clamp(math.sin(q.anim_time*-60*3/2)*1+1,0,1)+3*math.clamp(-math.sin(q.anim_time*-60*3/2)*1+1,0,1)", 0, 0]
				},
				"tail_segment": {
					"rotation": ["10-3*math.clamp(math.sin(q.anim_time*-40*3/2)*1+1,0,1)+3*math.clamp(-math.sin(q.anim_time*-40*3/2)*1+1,0,1)", 0, 0]
				},
				"tail_segment2": {
					"rotation": ["10-3*math.clamp(math.sin(q.anim_time*-40*3/2)*1+1,0,1)+3*math.clamp(-math.sin(q.anim_time*-40*3/2)*1+1,0,1)", 0, 0]
				},
				"tail_segment3": {
					"rotation": ["10-3*math.clamp(math.sin(q.anim_time*-40*3/2)*1+1,0,1)+3*math.clamp(-math.sin(q.anim_time*-40*3/2)*1+1,0,1)", 0, 0]
				},
				"tail_segment4": {
					"rotation": ["10-3*math.clamp(math.sin(q.anim_time*-40*3/2)*1+1,0,1)+3*math.clamp(-math.sin(q.anim_time*-40*3/2)*1+1,0,1)", 0, 0]
				}
			}
		},
		"animation.groudon.pose": {
			"loop": true,
			"bones": {
				"neck": {
					"rotation": [-3.06743, 21.06636, -6.26948]
				},
				"head": {
					"rotation": [15, 0, 0]
				},
				"top_head": {
					"rotation": [-20, 0, 0]
				},
				"bottom_head": {
					"rotation": [5, 0, 0]
				},
				"arm_right": {
					"rotation": [36.71245, 30.62788, 54.15972]
				},
				"arm_right2": {
					"rotation": [-19.37006, -5.07855, -14.13272]
				},
				"fingie1": {
					"rotation": [0, 0, -15]
				},
				"fingie2": {
					"rotation": [0, 0, -15]
				},
				"fingie3": {
					"rotation": [0, 0, -22.5]
				},
				"fingie4": {
					"rotation": [-7.5, 0, 0]
				},
				"arm_left": {
					"rotation": [-31.82468, -13.58062, -13.55068]
				},
				"arm_left2": {
					"rotation": [7.24721, 1.93597, 2.62261]
				},
				"fingie8": {
					"rotation": [-7.5, 0, 0]
				},
				"tail": {
					"rotation": [12.56397, -7.43547, -0.98448]
				},
				"tail2": {
					"rotation": [19.81213, -0.5244, 1.87762]
				},
				"tail_segment2": {
					"rotation": [5, 0, 0]
				},
				"tail_segment3": {
					"rotation": [15, 0, 0]
				},
				"tail_segment4": {
					"rotation": [7.5, 0, 0]
				},
				"leg_right": {
					"rotation": [0, 22.5, 0]
				},
				"leg_left": {
					"rotation": [0, -12.5, 0]
				},
				"neck2": {
					"rotation": [0, 5, 0]
				}
			}
		}
	},
	"geckolib_format_version": 2
}