{
	"format_version": "1.8.0",
	"animations": {
		"animation.heatran.ground_idle": {
			"loop": true,
			"bones": {
				"bone": {
					"rotation": [0, 0, 45]
				},
				"bone10": {
					"rotation": [-32.5, 0, 0]
				},
				"bone11": {
					"rotation": [52.5, 0, 0]
				},
				"bone12": {
					"rotation": [0, 0, -32.5]
				},
				"bone13": {
					"rotation": [-35, 0, 0]
				},
				"bone14": {
					"rotation": [0, 0, 57.5]
				},
				"bone15": {
					"rotation": [50, 0, 0]
				},
				"bone16": {
					"rotation": [0, 0, -42.5]
				},
				"bone17": {
					"rotation": [0, 0, -67.5]
				},
				"bone18": {
					"rotation": [50, 0, 0]
				},
				"bone19": {
					"rotation": [-55, 0, 0]
				},
				"bone20": {
					"rotation": [0, 0, 52.5]
				},
				"bone21": {
					"rotation": [0, 0, 40]
				},
				"bone22": {
					"rotation": [47.5, 0, 0]
				},
				"bone23": {
					"rotation": [0, 0, -42.5]
				},
				"bone24": {
					"rotation": [-42.5, 0, 0]
				},
				"limb": {
					"rotation": [0, 0, 35]
				},
				"bone5": {
					"rotation": [0, 0, 52.5]
				},
				"limb3": {
					"rotation": [0, 0, -35]
				},
				"bone6": {
					"rotation": [0, 0, -52.5]
				},
				"limb2": {
					"rotation": [0, 0, 35]
				},
				"bone2": {
					"rotation": [0, 0, 52.5]
				},
				"limb4": {
					"rotation": [0, 0, -35]
				},
				"bone8": {
					"rotation": [0, 0, -52.5]
				},
				"body2": {
					"rotation": ["math.sin(q.anim_time*90*2)*0.6", 0, "math.cos(q.anim_time*90*1)*-1"],
					"position": [0, "math.sin(q.anim_time*90*2)*-0.2", 0]
				},
				"jaw": {
					"rotation": ["4+math.sin(q.anim_time*90*2+30)*-2", "math.cos(q.anim_time*90*1)*1", 0]
				}
			}
		},
		"animation.heatran.ground_walk": {
			"loop": true,
			"animation_length": 2,
			"bones": {
				"bone": {
					"rotation": [0, 0, 45]
				},
				"bone10": {
					"rotation": [-32.5, 0, 0]
				},
				"bone11": {
					"rotation": [52.5, 0, 0]
				},
				"bone12": {
					"rotation": [0, 0, -32.5]
				},
				"bone13": {
					"rotation": [-35, 0, 0]
				},
				"bone14": {
					"rotation": [0, 0, 57.5]
				},
				"bone15": {
					"rotation": [50, 0, 0]
				},
				"bone16": {
					"rotation": [0, 0, -42.5]
				},
				"bone17": {
					"rotation": [0, 0, -67.5]
				},
				"bone18": {
					"rotation": [50, 0, 0]
				},
				"bone19": {
					"rotation": [-55, 0, 0]
				},
				"bone20": {
					"rotation": [0, 0, 52.5]
				},
				"bone21": {
					"rotation": [0, 0, 40]
				},
				"bone22": {
					"rotation": [47.5, 0, 0]
				},
				"bone23": {
					"rotation": [0, 0, -42.5]
				},
				"bone24": {
					"rotation": [-42.5, 0, 0]
				},
				"body2": {
					"rotation": ["0+math.sin(q.anim_time*90*2*2)*1", "0+math.cos(q.anim_time*90*2)*3", "0-math.sin(q.anim_time*90*2)*3"],
					"position": {
						"0.0": [0, -0.01, 0],
						"0.0417": [0, -0.12, 0],
						"0.5833": [0, "0+math.sin(q.anim_time*90*2*2)*0.6", 0],
						"0.625": [0, "0.4+math.sin(q.anim_time*90*2*2)*0.4", 0],
						"0.7083": [0, "-0.1+math.sin(q.anim_time*90*2*2)*0.4", 0],
						"0.7917": [0, "0.4+math.sin(q.anim_time*90*2*2)*0.4", 0],
						"0.875": [0, "0+math.sin(q.anim_time*90*2*2)*0.4", 0],
						"0.9583": [0, 0.1, 0],
						"1.0417": [0, -0.12, 0],
						"1.5833": [0, "0+math.sin(q.anim_time*90*2*2)*0.6", 0],
						"1.625": [0, "0.4+math.sin(q.anim_time*90*2*2)*0.4", 0],
						"1.7083": [0, "-0.1+math.sin(q.anim_time*90*2*2)*0.4", 0],
						"1.7917": [0, "0.4+math.sin(q.anim_time*90*2*2)*0.4", 0],
						"1.875": [0, "0+math.sin(q.anim_time*90*2*2)*0.4", 0],
						"1.9583": [0, 0.1, 0],
						"2.0": [0, -0.01, 0]
					}
				},
				"limb": {
					"rotation": ["-math.sin(q.anim_time*90*2-180)*10", "math.sin(q.anim_time*90*2-180)*8", 37.5],
					"position": {
						"0.0": ["0+math.cos(q.anim_time*90*2-180)*0.2", "-0.5+math.clamp(math.cos(q.anim_time*90*2-180)*1.5,0,10)", "0-math.sin(q.anim_time*90*2-180)*0.8"],
						"0.5": ["0+math.cos(q.anim_time*90*2-180)*0.2", "math.clamp(math.cos(q.anim_time*90*2-180)*1.5,0,10)", "0-math.sin(q.anim_time*90*2-180)*0.8"],
						"1.4583": ["0+math.cos(q.anim_time*90*2-180)*0.2", "math.clamp(math.cos(q.anim_time*90*2-180)*1.5,0,10)", "0-math.sin(q.anim_time*90*2-180)*0.8"],
						"1.5": ["0+math.cos(q.anim_time*90*2-180)*0.2", "-1+math.clamp(math.cos(q.anim_time*90*2-180)*1.5,0,10)", "0-math.sin(q.anim_time*90*2-180)*0.8"],
						"2.0": ["0+math.cos(q.anim_time*90*2-180)*0.2", "-0.5+math.clamp(math.cos(q.anim_time*90*2-180)*1.5,0,10)", "0-math.sin(q.anim_time*90*2-180)*0.8"]
					}
				},
				"bone5": {
					"rotation": [0, 0, 52.5]
				},
				"limb3": {
					"rotation": {
						"0.0": ["0-math.sin(q.anim_time*90*2)*10", "0-math.sin(q.anim_time*90*2)*8", -37.5],
						"0.4167": ["0-math.sin(q.anim_time*90*2)*10", "0-math.sin(q.anim_time*90*2)*8", -37.5],
						"0.625": ["-0.25-math.sin(q.anim_time*90*2)*10", "-math.sin(q.anim_time*90*2)*8", -37.5],
						"0.8333": ["-1-math.sin(q.anim_time*90*2)*10", "-math.sin(q.anim_time*90*2)*8", -37.5],
						"1.0": ["0-math.sin(q.anim_time*90*2)*10", "0-math.sin(q.anim_time*90*2)*8", -37.5]
					},
					"position": {
						"0.0": ["0-math.cos(q.anim_time*90*2)*0.2", "math.clamp(math.cos(q.anim_time*90*2)*1.5,0,10)", "0-math.sin(q.anim_time*90*2)*0.7"],
						"0.4167": ["0-math.cos(q.anim_time*90*2)*0.2", "math.clamp(math.cos(q.anim_time*90*2)*1.5,0,10)", "0-math.sin(q.anim_time*90*2)*0.7"],
						"0.5": ["0-math.cos(q.anim_time*90*2)*0.2", "-1+math.clamp(math.cos(q.anim_time*90*2)*1.5,0,10)", "0-math.sin(q.anim_time*90*2)*0.7"],
						"0.75": ["0-math.cos(q.anim_time*90*2)*0.2", "-0.75+math.clamp(math.cos(q.anim_time*90*2)*1.5,0,10)", "0-math.sin(q.anim_time*90*2)*0.7"],
						"1.5": ["0-math.cos(q.anim_time*90*2)*0.2", "math.clamp(math.cos(q.anim_time*90*2)*1.5,0,10)", "0-math.sin(q.anim_time*90*2)*0.7"]
					}
				},
				"bone6": {
					"rotation": [0, 0, -52.5]
				},
				"limb2": {
					"rotation": ["-0.8972-math.sin(q.anim_time*90*2-60)*10", "2.1928+math.sin(q.anim_time*90*2-60)*8", 41.46895],
					"position": {
						"0.0": ["0+math.cos(q.anim_time*90*2-60)*0.2", "math.clamp(math.cos(q.anim_time*90*2-60)*1.5,0,10)", "-0.75-math.sin(q.anim_time*90*2-60)*0.7"],
						"0.75": [
							"0+math.cos(q.anim_time*90*2-60)*0.2",
							"0.25+math.clamp(math.cos(q.anim_time*90*2-60)*1.5,0,10)",
							"-0.75-math.sin(q.anim_time*90*2-60)*0.7"
						],
						"0.8333": ["0+math.cos(q.anim_time*90*2-60)*0.2", "-1+math.clamp(math.cos(q.anim_time*90*2-60)*1.5,0,10)", "-0.75-math.sin(q.anim_time*90*2-60)*0.7"],
						"1.8333": ["0+math.cos(q.anim_time*90*2-60)*0.2", "math.clamp(math.cos(q.anim_time*90*2-60)*1.5,0,10)", "-0.75-math.sin(q.anim_time*90*2-60)*0.7"]
					}
				},
				"bone2": {
					"rotation": [0, 0, 52.5]
				},
				"limb4": {
					"rotation": ["7.9567-math.sin(q.anim_time*90*2-240)*10", "-4.1235-math.sin(q.anim_time*90*2-240)*8", -37.95717],
					"position": {
						"0.0": [
							"0-math.cos(q.anim_time*90*2-240)*0.2",
							"-0.75+math.clamp(math.cos(q.anim_time*90*2-240)*1.5,0,10)",
							"-0.75-math.sin(q.anim_time*90*2-240)*0.8"
						],
						"0.8333": ["0-math.cos(q.anim_time*90*2-240)*0.2", "math.clamp(math.cos(q.anim_time*90*2-240)*1.5,0,10)", "-0.75-math.sin(q.anim_time*90*2-240)*0.8"],
						"1.7917": ["0-math.cos(q.anim_time*90*2-240)*0.2", "math.clamp(math.cos(q.anim_time*90*2-240)*1.5,0,10)", "-0.75-math.sin(q.anim_time*90*2-240)*0.8"],
						"1.8333": [
							"0-math.cos(q.anim_time*90*2-240)*0.2",
							"-1+math.clamp(math.cos(q.anim_time*90*2-240)*1.5,0,10)",
							"-0.75-math.sin(q.anim_time*90*2-240)*0.8"
						],
						"2.0": [
							"0-math.cos(q.anim_time*90*2-240)*0.2",
							"-0.75+math.clamp(math.cos(q.anim_time*90*2-240)*1.5,0,10)",
							"-0.75-math.sin(q.anim_time*90*2-240)*0.8"
						]
					}
				},
				"bone8": {
					"rotation": [0, 0, -52.5]
				}
			}
		},
		"animation.heatran.cry": {
			"animation_length": 1.83333,
			"bones": {
				"bone": {
					"rotation": [0, 0, 45]
				},
				"bone10": {
					"rotation": [-32.5, 0, 0]
				},
				"bone11": {
					"rotation": [52.5, 0, 0]
				},
				"bone12": {
					"rotation": [0, 0, -32.5]
				},
				"bone13": {
					"rotation": [-35, 0, 0]
				},
				"bone14": {
					"rotation": [0, 0, 57.5]
				},
				"bone15": {
					"rotation": [50, 0, 0]
				},
				"bone16": {
					"rotation": [0, 0, -42.5]
				},
				"bone17": {
					"rotation": [0, 0, -67.5]
				},
				"bone18": {
					"rotation": [50, 0, 0]
				},
				"bone19": {
					"rotation": [-55, 0, 0]
				},
				"bone20": {
					"rotation": [0, 0, 52.5]
				},
				"bone21": {
					"rotation": [0, 0, 40]
				},
				"bone22": {
					"rotation": [47.5, 0, 0]
				},
				"bone23": {
					"rotation": [0, 0, -42.5]
				},
				"bone24": {
					"rotation": [-42.5, 0, 0]
				},
				"limb": {
					"rotation": [0, 0, 35]
				},
				"bone5": {
					"rotation": [0, 0, 52.5]
				},
				"limb3": {
					"rotation": [0, 0, -35]
				},
				"bone6": {
					"rotation": [0, 0, -52.5]
				},
				"limb2": {
					"rotation": [0, 0, 35]
				},
				"bone2": {
					"rotation": [0, 0, 52.5]
				},
				"limb4": {
					"rotation": [0, 0, -35]
				},
				"bone8": {
					"rotation": [0, 0, -52.5]
				},
				"body2": {
					"rotation": {
						"0.0": [0, 0, 0],
						"0.1667": [2.77, 0, 0],
						"0.375": [-5.56333, 0, 0.31062],
						"0.7917": [-7.23, 0, "-1+math.cos(q.anim_time*90*18+30)*2"],
						"1.0417": [-11.23, 0, "-1+math.cos(q.anim_time*90*18+30)*4"],
						"1.7083": [-0.31947, 0, -1.14357],
						"1.8333": [0, 0, 0]
					}
				},
				"jaw": {
					"rotation": {
						"0.0": [0, 0, 0],
						"0.125": [4.17, 0, 0],
						"0.25": [20, 0, 0],
						"0.5": [37.5, 0, 0],
						"0.7083": [16.25, 0, 0],
						"1.0": [38.5, 0, 0],
						"1.375": [25, 0, 0],
						"1.5833": [0, 0, 0]
					}
				}
			}
		}
	}
}