{
	"format_version": "1.8.0",
	"animations": {
		"animation.ironvaliant.ground_idle": {
			"loop": true,
			"bones": {
				"skirt_left_bone": {
					"rotation": [0, 0, -7.5],
					"position": [1, 0, 0]
				},
				"skirt_back_bone": {
					"rotation": [12.5, 0, 0],
					"position": [0, 0, 1]
				},
				"skirt_back_bone_left": {
					"rotation": [7.5, 22.5, 0],
					"position": [1, 0, 0.5]
				},
				"skirt_back_bone_right": {
					"rotation": [7.5, -22.5, 0],
					"position": [-1, 0, 0.5]
				},
				"skirt_right_bone": {
					"rotation": [0, 0, 7.5],
					"position": [-1, 0, 0]
				},
				"arm_left2": {
					"rotation": [0, 2.5, 62.5]
				},
				"forearm_left": {
					"rotation": [0, 20, 0]
				},
				"arm_right2": {
					"rotation": [0, -2.5, -62.5]
				},
				"forearm_right": {
					"rotation": [0, -20, 0]
				},
				"spear": {
					"rotation": [0, 90, 0],
					"position": [4, -1, 0],
					"scale": 0.1
				},
				"head": {
					"rotation": [10, 0, 0]
				},
				"leg_right": {
					"rotation": [0, 0, -2.5]
				},
				"leg_right2": {
					"rotation": [5, 0, 0]
				},
				"leg_left": {
					"rotation": [-7.5, 0, 2.5]
				},
				"leg_left2": {
					"rotation": [5, 0, 0]
				},
				"body": {
					"position": [0, "0+Math.cos((query.anim_time) * 90 * 1) * 0.15", "0+Math.cos((query.anim_time) * 90 * 1) * -0.2"]
				},
				"torso": {
					"rotation": ["0+Math.cos((query.anim_time) * 90 * 1 - 90) * -1", 0, 0],
					"position": [0, "0+Math.cos((query.anim_time) * 90 * 1) * 0.1", 0]
				},
				"arm_left": {
					"rotation": [0, "0+Math.cos((query.anim_time) * 90 * 1 - 90) * 3", "0+Math.cos((query.anim_time) * 90 * 1 - 130) * 1"]
				},
				"arm_right": {
					"rotation": [0, "0+Math.cos((query.anim_time) * 90 * 1) * -2", "0+Math.cos((query.anim_time) * 90 * 1 - 130) * -1"]
				},
				"neck": {
					"rotation": ["0+Math.cos((query.anim_time) * 90 * 1 - 90) * 3", 0, 0]
				}
			}
		},
		"animation.ironvaliant.battle_idle": {
			"loop": true,
			"bones": {
				"body": {
					"rotation": [0, 30, 0],
					"position": [0, -1.5, 0]
				},
				"waist": {
					"rotation": [-7.5, 17.5, 0]
				},
				"chest": {
					"rotation": [15, 0, 0]
				},
				"arm_left": {
					"rotation": [-10, 0, 0]
				},
				"arm_left2": {
					"rotation": [0, 0, 47.5]
				},
				"forearm_left": {
					"rotation": [-6.93255, 34.39275, 25.35213]
				},
				"head": {
					"rotation": [-5.43327, -47.2626, 7.37872]
				},
				"leg_right": {
					"rotation": [-16.49959, 40.71453, 22.38151]
				},
				"leg_right2": {
					"rotation": [20, 0, 0]
				},
				"leg_left": {
					"rotation": [-8.19694, -34.4721, -25.83861]
				},
				"leg_left2": {
					"rotation": [27.41063, -2.30644, 4.43745]
				},
				"arm_right": {
					"rotation": [52.92277, -6.06809, -7.96341]
				},
				"arm_right2": {
					"rotation": [0, 0, -27.5]
				},
				"forearm_right": {
					"rotation": [-81.59942, -30.92826, 17.62617]
				},
				"skirt_left": {
					"rotation": [0, 0, 10]
				},
				"skirt_left3": {
					"rotation": [0, 0, 7.5]
				},
				"skirt_left_bone": {
					"rotation": [-10, 0, -55]
				},
				"skirt_right_bone": {
					"rotation": [-12.5, 0, 55]
				},
				"skirt_right": {
					"rotation": [0, 0, -10]
				},
				"skirt_right3": {
					"rotation": [0, 0, -7.5]
				},
				"skirt_back_bone": {
					"rotation": [57.74206, 1.26289, -0.9307]
				},
				"skirt_back": {
					"rotation": [-15, 0, 0]
				},
				"skirt_back3": {
					"rotation": [-7.5, 0, 0]
				},
				"skirt_back_bone_right": {
					"rotation": [49.10525, -42.9926, 9.93707]
				},
				"skirt_back_bone_left": {
					"rotation": [49.10525, 42.9926, -9.93707]
				},
				"skirt_back4": {
					"rotation": [-15, 0, 0]
				},
				"skirt_back6": {
					"rotation": [-7.5, 0, 0]
				},
				"skirt_back7": {
					"rotation": [-15, 0, 0]
				},
				"foot_right": {
					"rotation": [0, 0, -5]
				},
				"foot_left": {
					"rotation": [0, 0, 7.5]
				}
			}
		},
		"animation.ironvaliant.ground_walk": {
			"loop": true,
			"animation_length": 1.5,
			"bones": {
				"skirt_left_bone": {
					"rotation": [0, 0, -7.5],
					"position": [1, 0, 0]
				},
				"skirt_back_bone": {
					"rotation": [12.5, 0, 0],
					"position": [0, 0, 1]
				},
				"skirt_back_bone_left": {
					"rotation": [7.5, 22.5, 0],
					"position": [1, 0, 0.5]
				},
				"skirt_back_bone_right": {
					"rotation": [7.5, -22.5, 0],
					"position": [-1, 0, 0.5]
				},
				"skirt_right_bone": {
					"rotation": [0, 0, 7.5],
					"position": [-1, 0, 0]
				},
				"arm_left2": {
					"rotation": [0, 5, 62.5]
				},
				"forearm_left": {
					"rotation": [0, "20+Math.cos((query.anim_time) * 90 * 8/3 - 90) * -20", 0]
				},
				"arm_right2": {
					"rotation": [0, -5, -62.5]
				},
				"forearm_right": {
					"rotation": [0, "-20+Math.cos((query.anim_time) * 90 * 8/3 - 90) * -20", 0]
				},
				"spear": {
					"rotation": [-180, -2.5, -265],
					"position": [-2, -2, 0],
					"scale": 1
				},
				"head": {
					"rotation": [10, 0, 0]
				},
				"leg_right": {
					"rotation": {
						"0.0": [22.75, 3, 2],
						"0.0833": [21, 3, 2],
						"0.625": [-38.25, 3, 2],
						"0.75": [-42.5, 3, 2],
						"0.875": [-40, 3, 2],
						"1.4167": [19.5, 3, 2],
						"1.5": [22.75, 3, 2]
					},
					"position": {
						"0.0": [0, -0.75, 0],
						"0.75": [0, 0, 0],
						"1.0833": [0, 0, 0],
						"1.25": [0, 1, 0],
						"1.5": [0, -0.75, 0]
					}
				},
				"leg_right2": {
					"rotation": {
						"0.0": {
							"post": [4.5, 0, 0],
							"lerp_mode": "catmullrom"
						},
						"0.375": {
							"post": [51.25, 0, 0],
							"lerp_mode": "catmullrom"
						},
						"0.75": {
							"post": [25, 0, 0],
							"lerp_mode": "catmullrom"
						},
						"1.0833": {
							"post": [0.28, 0, 0],
							"lerp_mode": "catmullrom"
						},
						"1.2917": {
							"post": [-6.11, 0, 0],
							"lerp_mode": "catmullrom"
						},
						"1.5": {
							"post": [4.5, 0, 0],
							"lerp_mode": "catmullrom"
						}
					}
				},
				"leg_left": {
					"rotation": {
						"0.0": [-42.5, -3, -2],
						"0.125": [-40, -3, -2],
						"0.6667": [19.5, -3, -2],
						"0.75": [22.75, -3, -2],
						"0.8333": [21, -3, -2],
						"1.375": [-38.25, -3, -2],
						"1.5": [-42.5, -3, -2]
					},
					"position": {
						"0.0": [0, 0, 0],
						"0.3333": [0, 0, 0],
						"0.5": [0, 1, 0],
						"0.75": [0, -0.75, 0],
						"1.5": [0, 0, 0]
					}
				},
				"leg_left2": {
					"rotation": {
						"0.0": {
							"post": [25, 0, 0],
							"lerp_mode": "catmullrom"
						},
						"0.3333": {
							"post": [0.28, 0, 0],
							"lerp_mode": "catmullrom"
						},
						"0.75": {
							"post": [-2.5, 0, 0],
							"lerp_mode": "catmullrom"
						},
						"1.125": {
							"post": [51.25, 0, 0],
							"lerp_mode": "catmullrom"
						},
						"1.5": {
							"post": [25, 0, 0],
							"lerp_mode": "catmullrom"
						}
					}
				},
				"torso": {
					"rotation": ["0+Math.cos((query.anim_time) * 90 * 8/3 * 2 - 90) * 2", 0, "0+Math.cos((query.anim_time) * 90 * 8/3 - 90) * -3"],
					"position": [0, "0+Math.cos((query.anim_time) * 90 * 8/3 * 2 - 90) * 0.2", 0]
				},
				"waist": {
					"rotation": ["0+Math.cos((query.anim_time) * 90 * 8/3 * 2 - 160) * 2", 0, "0+Math.cos((query.anim_time) * 90 * 8/3 - 90) * 3"]
				},
				"arm_left": {
					"rotation": [0, "0+Math.cos((query.anim_time) * 90 * 8/3) * -20", 0]
				},
				"arm_right": {
					"rotation": [0, "0+Math.cos((query.anim_time) * 90 * 8/3) * -20", 0]
				},
				"neck": {
					"rotation": ["0+Math.cos((query.anim_time) * 90 * 8/3 * 2 - 90) * -4", 0, 0]
				},
				"foot_right": {
					"rotation": {
						"0.0": {
							"post": [2.5, 0, 0],
							"lerp_mode": "catmullrom"
						},
						"0.3333": {
							"post": [22.5, 0, 0],
							"lerp_mode": "catmullrom"
						},
						"0.75": {
							"post": [15, 0, 0],
							"lerp_mode": "catmullrom"
						},
						"1.0417": {
							"post": [4.5, 0, 0],
							"lerp_mode": "catmullrom"
						},
						"1.3333": {
							"post": [0, 0, 0],
							"lerp_mode": "catmullrom"
						},
						"1.5": {
							"post": [2.5, 0, 0],
							"lerp_mode": "catmullrom"
						}
					}
				},
				"foot_left": {
					"rotation": {
						"0.0": {
							"post": [15, 0, 0],
							"lerp_mode": "catmullrom"
						},
						"0.2917": {
							"post": [4.5, 0, 0],
							"lerp_mode": "catmullrom"
						},
						"0.5833": {
							"post": [0, 0, 0],
							"lerp_mode": "catmullrom"
						},
						"0.75": {
							"post": [2.5, 0, 0],
							"lerp_mode": "catmullrom"
						},
						"1.0833": {
							"post": [22.5, 0, 0],
							"lerp_mode": "catmullrom"
						},
						"1.5": {
							"post": [15, 0, 0],
							"lerp_mode": "catmullrom"
						}
					}
				}
			}
		}
	}
}