{
	"format_version": "1.8.0",
	"animations": {
		"animation.ironthorns.ground_idle": {
			"loop": true,
			"bones": {
				"arm_left": {
					"rotation": [100, 0, "20-math.clamp(math.sin(q.anim_time*90*1.5-30)*5,0,5)-math.clamp(math.sin(q.anim_time*90*1.5-30)*2,-2,0)"]
				},
				"torso": {
					"rotation": ["2.5+math.sin(q.anim_time*90*1.5+120)*1.5+1.5", 0, 0],
					"position": [0, "math.sin(q.anim_time*90*1.5)*0.1", 0]
				},
				"tail": {
					"rotation": [7.45826, -0.7877, -0.13707]
				},
				"tail2": {
					"rotation": [7.5, 0, 0]
				},
				"tail3": {
					"rotation": [7.5, 0, 0]
				},
				"tail4": {
					"rotation": [15, 0, 0]
				},
				"leg_left": {
					"rotation": [0, -17.5, 0]
				},
				"leg_right": {
					"rotation": [0, 17.5, 0]
				},
				"arm_right": {
					"rotation": [100, 0, "-20+math.clamp(math.sin(q.anim_time*90*1.5-30)*5,0,5)+math.clamp(math.sin(q.anim_time*90*1.5-30)*2,-2,0)"]
				}
			}
		},
		"animation.ironthorns.ground_walk": {
			"loop": true,
			"bones": {
				"arm_left": {
					"rotation": [100, "math.sin(query.anim_time*90*3.5+30+180*1)*12+math.clamp(math.sin(query.anim_time*90*3.5+30+180*1)*5,0,30)+5", 20]
				},
				"torso": {
					"rotation": [2.5, 0, "-math.clamp(math.sin(query.anim_time*90*3.5+60)*2,-10,10)"],
					"position": [
						0,
						"-math.clamp(math.sin(query.anim_time*90*3.5*2+20+180*0)*0.75,0,30)-math.clamp(math.sin(query.anim_time*90*3.5*2+20+180*0)*0.5,-10,0)",
						0
					]
				},
				"tail": {
					"rotation": [7.45826, -0.7877, -0.13707]
				},
				"tail2": {
					"rotation": [7.5, 0, 0]
				},
				"tail3": {
					"rotation": [7.5, 0, 0]
				},
				"tail4": {
					"rotation": [15, 0, 0]
				},
				"leg_left": {
					"rotation": [
						"0-math.clamp(math.sin(query.anim_time*90*3.5+45+180*0)*10,-1,10)+math.clamp(-math.sin(query.anim_time*90*3.5+20+180)*12,5,12)",
						"-17.5+math.clamp(math.sin(query.anim_time*90*3.5+30+180*0)*6,0,20)",
						"0-math.clamp(math.sin(query.anim_time*90*3.5+20+180*0)*2,0,30)+math.clamp(math.sin(query.anim_time*90*3.5+20+180*1)*3.5,1,30)"
					],
					"position": [
						0,
						"-math.clamp(-math.sin(query.anim_time*90*3.5+20+180*0)*0.4,0.3,3)+math.clamp(-math.sin(query.anim_time*90*3.5-30+180)*0.8,0.5,1)-math.clamp(-math.sin(query.anim_time*90*3.5-120+180)*0.7,0,1)+math.clamp(-math.sin(query.anim_time*90*3.5-45+180*0)*2.6,1,1.8)-1.3",
						"-math.clamp(math.sin(query.anim_time*90*3.5+180*0)*1,-0.2,1)-math.clamp(math.sin(query.anim_time*90*3.5+90+180*0)*2,0.5,2)-math.clamp(math.sin(query.anim_time*90*3.5+180*0)*0.4,-0.8,0)"
					]
				},
				"leg_right": {
					"rotation": [
						"0-math.clamp(math.sin(query.anim_time*90*3.5+45+180)*10,-1,10)+math.clamp(-math.sin(query.anim_time*90*3.5+20)*12,5,12)",
						"17.5-math.clamp(math.sin(query.anim_time*90*3.5+30+180)*6,0,20)",
						"0+math.clamp(math.sin(query.anim_time*90*3.5+20+180)*2,0,30)-math.clamp(math.sin(query.anim_time*90*3.5+20+180*0)*3.5,1,30)"
					],
					"position": [
						0,
						"-math.clamp(-math.sin(query.anim_time*90*3.5+20+180)*0.4,0.3,3)+math.clamp(-math.sin(query.anim_time*90*3.5-30)*0.8,0.5,1)-math.clamp(-math.sin(query.anim_time*90*3.5-120)*0.7,0,1)+math.clamp(-math.sin(query.anim_time*90*3.5-45+180)*2.6,1,1.8)-1.3",
						"-math.clamp(math.sin(query.anim_time*90*3.5+180)*1,-0.2,1)-math.clamp(math.sin(query.anim_time*90*3.5+90+180)*2,0.5,2)-math.clamp(math.sin(query.anim_time*90*3.5+180)*0.4,-0.8,0)"
					]
				},
				"arm_right": {
					"rotation": [100, "-math.sin(query.anim_time*90*3.5+30)*12-math.clamp(math.sin(query.anim_time*90*3.5+30+180*0)*5,0,30)-5", -20]
				}
			}
		}
	}
}