{
	"format_version": "1.8.0",
	"animations": {
		"animation.ironbundle.ground_idle": {
			"loop": true,
			"bones": {
				"arm_left": {
					"rotation": [-1.3378, 14.94159, 19.82456]
				},
				"leg_left": {
					"rotation": [0, -30, 0]
				},
				"leg_right": {
					"rotation": [0, 30, 0]
				},
				"tail_wire": {
					"rotation": [5.019, 4.98093, 0.43688]
				},
				"tail_wire2": {
					"rotation": [8.64388, -29.7174, -4.30963]
				},
				"tail_wire3": {
					"rotation": [15.14371, -34.05444, -8.61775]
				},
				"tail_wire4": {
					"rotation": [0, -30, 0]
				},
				"tail_wire5": {
					"rotation": [-3.89886, -32.94503, -0.48884]
				},
				"tail_wire6": {
					"rotation": [5.12098, -29.99026, -0.25149]
				},
				"tail_wire7": {
					"rotation": [9.73973, -30.03698, 0.50131]
				},
				"tail_wire8": {
					"position": [0, 0, -5]
				},
				"tail_wire9": {
					"position": [0, 0, -5]
				},
				"tail_wire10": {
					"rotation": [12.68664, -9.76061, -2.18558]
				},
				"torso": {
					"rotation": [-2.5, 0, 0]
				},
				"arm_left2": {
					"rotation": [0.66963, -14.98539, -2.58807]
				},
				"bone": {
					"rotation": [0, 0, 12.5]
				},
				"arm_right": {
					"rotation": [0, 0, -5]
				},
				"arm_right2": {
					"rotation": [0, 0, 40]
				}
			}
		},
		"animation.ironbundle.blink": {
			"animation_length": 0.16667,
			"bones": {
				"eyelid_left": {
					"position": {
						"0.0": [0, 0, -0.1],
						"0.125": [0, 0, -0.1],
						"0.1667": [0, 0, 0]
					}
				},
				"eyelid_right": {
					"position": {
						"0.0": [0, 0, -0.1],
						"0.125": [0, 0, -0.1],
						"0.1667": [0, 0, 0]
					}
				}
			}
		}
	}
}