{
	"format_version": "1.8.0",
	"animations": {
		"animation.ironmoth.ground_idle": {
			"loop": true,
			"animation_length": 4.04167,
			"bones": {
				"body": {
					"position": [0, "1*(math.sin(q.anim_time*90*3+45)*1+1)", 0]
				},
				"wing_right": {
					"position": {
						"1.25": [0, 0, 0],
						"1.5": [5, 0, 0],
						"2.5": [5, 0, 0],
						"2.75": [0, 0, 0]
					}
				},
				"wing_right_top": {
					"position": {
						"0.0": [0, 0, 0],
						"0.25": [4, -4, 0],
						"1.25": [4, -4, 0],
						"1.5": [0, 0, 0]
					}
				},
				"wing_right_bottom": {
					"position": {
						"2.5": [0, 0, 0],
						"2.75": [4, 4, 0],
						"3.75": [4, 4, 0],
						"4.0": [0, 0, 0]
					}
				},
				"wing_left": {
					"position": {
						"1.25": [0, 0, 0],
						"1.5": [-5, 0, 0],
						"2.5": [-5, 0, 0],
						"2.75": [0, 0, 0]
					}
				},
				"wing_left_top": {
					"position": {
						"0.0": [0, 0, 0],
						"0.25": [-4, -4, 0],
						"1.25": [-4, -4, 0],
						"1.5": [0, 0, 0]
					}
				},
				"wing_left_bottom": {
					"position": {
						"2.5": [0, 0, 0],
						"2.75": [-4, 4, 0],
						"3.75": [-4, 4, 0],
						"4.0": [0, 0, 0]
					}
				},
				"head": {
					"rotation": ["0-math.sin(q.anim_time*90*3+45)*1", 0, 0]
				}
			}
		},
		"animation.ironmoth.ground_walk": {
			"loop": true,
			"animation_length": 4.04167,
			"bones": {
				"body": {
					"position": [0, "1*(math.sin(q.anim_time*90*3+45)*1+1)", 0]
				},
				"wing_right": {
					"position": {
						"1.25": [0, 0, 0],
						"1.5": [5, 0, 0],
						"2.5": [5, 0, 0],
						"2.75": [0, 0, 0]
					}
				},
				"wing_right_top": {
					"position": {
						"0.0": [0, 0, 0],
						"0.25": [4, -4, 0],
						"1.25": [4, -4, 0],
						"1.5": [0, 0, 0]
					}
				},
				"wing_right_bottom": {
					"position": {
						"2.5": [0, 0, 0],
						"2.75": [4, 4, 0],
						"3.75": [4, 4, 0],
						"4.0": [0, 0, 0]
					}
				},
				"wing_left": {
					"position": {
						"1.25": [0, 0, 0],
						"1.5": [-5, 0, 0],
						"2.5": [-5, 0, 0],
						"2.75": [0, 0, 0]
					}
				},
				"wing_left_top": {
					"position": {
						"0.0": [0, 0, 0],
						"0.25": [-4, -4, 0],
						"1.25": [-4, -4, 0],
						"1.5": [0, 0, 0]
					}
				},
				"wing_left_bottom": {
					"position": {
						"2.5": [0, 0, 0],
						"2.75": [-4, 4, 0],
						"3.75": [-4, 4, 0],
						"4.0": [0, 0, 0]
					}
				},
				"head": {
					"rotation": ["0-math.sin(q.anim_time*90*3+45)*1", 0, 0]
				}
			}
		}
	}
}