{
	"format_version": "1.8.0",
	"animations": {
		"animation.kingambit.ground_idle": {
			"loop": true,
			"bones": {
				"torso": {
					"position": [0, "0+math.sin(q.anim_time*90*2)*0.3", 0]
				},
				"arm_right": {
					"rotation": [-18.2172, -11.1531, -37.0054]
				},
				"arm_right2": {
					"rotation": [28.24912, -36.6102, -42.01738]
				},
				"arm_left": {
					"rotation": [18.21725, 11.15309, 37.00541]
				},
				"arm_left2": {
					"rotation": [0, 60, 0]
				},
				"neck": {
					"rotation": ["0+math.sin(q.anim_time*90*5)*0.7", 0, 0]
				}
			}
		},
		"animation.kingambit.cry": {
			"animation_length": 1.25,
			"bones": {
				"arm_right": {
					"rotation": [-18.2172, -11.1531, -37.0054]
				},
				"arm_right2": {
					"rotation": [28.24912, -36.6102, -42.01738]
				},
				"arm_left": {
					"rotation": [18.21725, 11.15309, 37.00541]
				},
				"arm_left2": {
					"rotation": [0, 60, 0]
				},
				"neck": {
					"rotation": ["0+math.sin(q.anim_time*90*5)*0.7", 0, 0]
				},
				"head": {
					"rotation": {
						"0.0": {
							"post": [0, 0, 0],
							"lerp_mode": "catmullrom"
						},
						"0.125": {
							"post": [-17.5, 0, 0],
							"lerp_mode": "catmullrom"
						},
						"0.9583": {
							"post": [-17.5, 0, 0],
							"lerp_mode": "catmullrom"
						},
						"1.2083": {
							"post": [0, 0, 0],
							"lerp_mode": "catmullrom"
						}
					}
				},
				"hair_back": {
					"rotation": {
						"0.0": {
							"post": [0, 0, 0],
							"lerp_mode": "catmullrom"
						},
						"0.125": {
							"post": [17.5, 0, 0],
							"lerp_mode": "catmullrom"
						},
						"0.9583": {
							"post": [17.5, 0, 0],
							"lerp_mode": "catmullrom"
						},
						"1.2083": {
							"post": [0, 0, 0],
							"lerp_mode": "catmullrom"
						}
					}
				}
			}
		},
		"animation.kingambit.ground_walk": {
			"loop": true,
			"bones": {
				"body": {
					"rotation": [-12.5, 0, 0],
					"position": [0, "0+Math.cos((query.anim_time) * 90 * 4) * 0.3", 0]
				},
				"torso": {
					"position": [0, "0+math.sin(q.anim_time*90*2)*0.3", 0]
				},
				"arm_right": {
					"rotation": [-60.7172, -11.1531, -37.0054]
				},
				"arm_right2": {
					"rotation": [28.24912, -36.6102, -42.01738]
				},
				"arm_left": {
					"rotation": [-24.28275, 11.15309, 37.00541]
				},
				"arm_left2": {
					"rotation": [0, 60, 0]
				},
				"head": {
					"rotation": [-25, 0, 0]
				},
				"hair_back": {
					"rotation": [20, 0, 0]
				}
			}
		}
	}
}