{
	"format_version": "1.8.0",
	"animations": {
		"animation.komala_cafe.ground_idle": {
			"loop": true,
			"bones": {
				"body": {
					"rotation": [-25, 0, 0],
					"position": [0, -3.5, 1]
				},
				"mug": {
					"rotation": ["20+(math.sin(q.anim_time*90)*0.8)", 0, 0],
					"position": [0, 0.07286, "1.9618+(math.sin(q.anim_time*90)*-0.05)"]
				},
				"head": {
					"rotation": ["-32.832+2*(math.sin(q.anim_time*90-90)*-0.5)", -18.75796, 15.79946]
				},
				"ear_left": {
					"rotation": [0, "-15+(math.sin(q.anim_time*90-20)*-2)", -25]
				},
				"ear_right": {
					"rotation": [0, "22.5+(math.sin(q.anim_time*90-20)*2)", 25]
				},
				"arm_left": {
					"rotation": [-45, 47.5, 27.5],
					"position": [0, "(math.sin(q.anim_time*90)*0.03)", -0.5]
				},
				"arm_left2": {
					"rotation": [0, 25, 0]
				},
				"arm_right": {
					"rotation": [-45, -47.5, -27.5],
					"position": [0, "(math.sin(q.anim_time*90)*-0.1)", -0.5]
				},
				"arm_right2": {
					"rotation": [0, -25, 0]
				},
				"fluff_left": {
					"rotation": [0, 0, 32.5]
				},
				"leg_left": {
					"rotation": [-67.18981, -44.53273, 1.60385]
				},
				"leg_right": {
					"rotation": [-67.18981, 44.53273, -1.60385]
				},
				"fluff_right": {
					"rotation": [0, 0, -32.5],
					"position": [0, 0.5, 0]
				},
				"torso": {
					"rotation": ["7.5+4*(math.sin(q.anim_time*90*2/2)*0.5)", 0, 0],
					"position": [0, 0, "-1+(math.sin(q.anim_time*90)*-0.08)"]
				},
				"coffee": {
					"rotation": ["0-(math.sin(q.anim_time*90)*0.8)", 0, 0]
				},
				"steam": {
					"rotation": ["7.5-(math.sin(q.anim_time*90)*0.8)", -25, -7.5],
					"scale": "1-0.05*(math.sin(q.anim_time*90)*0.8)"
				}
			}
		},
		"animation.komala_cafe.cry": {
			"animation_length": 1.5,
			"bones": {
				"mouth": {
					"position": {
						"0.0": [0, 0, 0],
						"0.25": [0, -2, 0],
						"1.25": [0, -2, 0],
						"1.5": [0, 0, 0]
					}
				},
				"mouth2": {
					"position": {
						"0.0": [0, 0, 0],
						"0.25": [0, -5, 0],
						"1.25": [0, -5, 0],
						"1.5": [0, 0, 0]
					}
				},
				"jaw": {
					"position": {
						"0.0": [0, 0, 0],
						"0.25": [0, -3, 0],
						"1.25": [0, -3, 0],
						"1.5": [0, 0, 0]
					}
				},
				"head2": {
					"rotation": {
						"0.0": [0, 0, 0],
						"0.25": [-15, 0, 0],
						"1.25": [-15, 0, 0],
						"1.5": [0, 0, 0]
					}
				},
				"mouth_closed2": {
					"position": {
						"0.25": [0, 0, -0.1],
						"0.3333": [0, 0, 0],
						"1.1667": [0, 0, 0],
						"1.25": [0, 0, -0.1]
					}
				},
				"mouth_open2": {
					"position": {
						"0.0": [0, 0, 0.1],
						"0.25": [0, 0, 0],
						"1.25": [0, 0, 0],
						"1.5": [0, 0, 0.1]
					}
				},
				"head3": {
					"rotation": {
						"0.0": [0, 0, 0],
						"0.25": [-15, 0, 0],
						"1.25": [-15, 0, 0],
						"1.5": [0, 0, 0]
					}
				},
				"mouth_closed3": {
					"position": {
						"0.25": [0, 0, -0.1],
						"0.3333": [0, 0, 0],
						"1.1667": [0, 0, 0],
						"1.25": [0, 0, -0.1]
					}
				},
				"mouth_open3": {
					"position": {
						"0.0": [0, 0, 0.1],
						"0.25": [0, 0, 0],
						"1.25": [0, 0, 0],
						"1.5": [0, 0, 0.1]
					}
				},
				"neck": {
					"rotation": {
						"0.0": [0, 0, 0],
						"0.25": [10, 0, 0],
						"1.25": [10, 0, 0],
						"1.5": [0, 0, 0]
					}
				},
				"mouth_hair": {
					"rotation": {
						"0.0": [0, 0, 0],
						"0.25": [30, 0, 0],
						"1.25": [30, 0, 0],
						"1.5": [0, 0, 0]
					}
				},
				"head": {
					"rotation": {
						"0.0": [0, 0, 0],
						"0.25": [-7.5, 0, 0],
						"1.25": [-7.5, 0, 0],
						"1.5": [0, 0, 0]
					}
				},
				"mouth_closed": {
					"position": {
						"0.1667": [0, 0, 0],
						"0.25": {"pre": [0, 0, 0], "post": [0, 0, 0.1]},
						"1.25": {"pre": [0, 0, 0.1], "post": [0, 0, 0]}
					}
				},
				"mouth_open": {
					"position": {
						"0.0": [0, 0, 0],
						"0.25": {"pre": [0, 0, 0], "post": [0, 0, -0.1]},
						"1.25": {"pre": [0, 0, -0.1], "post": [0, 0, 0]}
					}
				},
				"body": {
					"rotation": [0, 0, 0]
				}
			}
		},
		"animation.komala_cafe.quirk_doze_off": {
			"animation_length": 2.75,
			"bones": {
				"mug": {
					"rotation": {
						"0.0": {
							"post": [0, 0, 0],
							"lerp_mode": "catmullrom"
						},
						"0.7917": {
							"post": [-17.5, 0, 0],
							"lerp_mode": "catmullrom"
						},
						"0.9583": {
							"post": [0, 0, 0],
							"lerp_mode": "catmullrom"
						},
						"1.0833": {
							"post": [10, 0, 0],
							"lerp_mode": "catmullrom"
						},
						"1.2083": {
							"post": [10, 0, 0],
							"lerp_mode": "catmullrom"
						},
						"1.375": {
							"post": [2.5, 0, 0],
							"lerp_mode": "catmullrom"
						},
						"1.5417": {
							"post": [-6.85, 0, 0],
							"lerp_mode": "catmullrom"
						},
						"1.75": {
							"post": [0, 0, 0],
							"lerp_mode": "catmullrom"
						},
						"2.125": {
							"post": [0, 0, 0],
							"lerp_mode": "catmullrom"
						}
					},
					"position": {
						"0.0": {
							"post": [0, 0, 0],
							"lerp_mode": "catmullrom"
						},
						"0.7917": {
							"post": [0, 1.77012, 0.46842],
							"lerp_mode": "catmullrom"
						},
						"0.9583": {
							"post": [0, 0, 0],
							"lerp_mode": "catmullrom"
						},
						"1.0833": {
							"post": [0, 0.03054, -1.11762],
							"lerp_mode": "catmullrom"
						},
						"1.2083": {
							"post": [0, 0.03054, -1.11762],
							"lerp_mode": "catmullrom"
						},
						"1.375": {
							"post": [0, -0.11565, -0.20658],
							"lerp_mode": "catmullrom"
						},
						"1.5417": {
							"post": [0, 0.52223, 0.15092],
							"lerp_mode": "catmullrom"
						},
						"1.7917": {
							"post": [0, 0, 0],
							"lerp_mode": "catmullrom"
						},
						"1.9583": {
							"post": [0, 0, 0],
							"lerp_mode": "catmullrom"
						}
					}
				},
				"torso": {
					"rotation": {
						"0.0": {
							"post": [0, 0, 0],
							"lerp_mode": "catmullrom"
						},
						"0.375": {
							"post": [-7.5, 0, 0],
							"lerp_mode": "catmullrom"
						},
						"0.9167": {
							"post": [-22.5, 0, 0],
							"lerp_mode": "catmullrom"
						},
						"1.25": {
							"post": [7.5, 0, 0],
							"lerp_mode": "catmullrom"
						},
						"1.5": {
							"post": [-2.31, 0, 0],
							"lerp_mode": "catmullrom"
						},
						"2.0417": {
							"post": [0, 0, 0],
							"lerp_mode": "catmullrom"
						}
					},
					"position": {
						"0.0": {
							"post": [0, 0, 0],
							"lerp_mode": "catmullrom"
						},
						"0.375": {
							"post": [0, 0.21131, 0.45315],
							"lerp_mode": "catmullrom"
						},
						"0.9167": {
							"post": [0, 0.73827, 1.58288],
							"lerp_mode": "catmullrom"
						},
						"1.25": {
							"post": [0, -0.21131, -0.45315],
							"lerp_mode": "catmullrom"
						},
						"1.5": {
							"post": [0, 0.13131, 0.28315],
							"lerp_mode": "catmullrom"
						},
						"1.8333": {
							"post": [0, 0, 0],
							"lerp_mode": "catmullrom"
						}
					}
				},
				"head": {
					"rotation": {
						"0.0": {
							"post": [0, 0, 0],
							"lerp_mode": "catmullrom"
						},
						"0.5833": {
							"post": [-10, -10, 0],
							"lerp_mode": "catmullrom"
						},
						"0.875": {
							"post": [-10, 0, 0],
							"lerp_mode": "catmullrom"
						},
						"1.0833": {
							"post": [25.88, 0, 0],
							"lerp_mode": "catmullrom"
						},
						"1.375": {
							"post": [-17.5, 0, 0],
							"lerp_mode": "catmullrom"
						},
						"1.5417": {
							"post": [-17.5, 0, 0],
							"lerp_mode": "catmullrom"
						},
						"1.875": {
							"post": [3.42, 0, 0],
							"lerp_mode": "catmullrom"
						},
						"2.75": {
							"post": [0, 0, 0],
							"lerp_mode": "catmullrom"
						}
					},
					"position": {
						"0.0": {
							"post": [0, 0, 0],
							"lerp_mode": "catmullrom"
						},
						"1.375": {
							"post": [0, 0, 0],
							"lerp_mode": "catmullrom"
						}
					}
				},
				"ear_left": {
					"rotation": {
						"0.0": {
							"post": [0, 0, 0],
							"lerp_mode": "catmullrom"
						},
						"0.5833": {
							"post": [0, 30, 0],
							"lerp_mode": "catmullrom"
						},
						"0.75": {
							"post": [0, 30, 0],
							"lerp_mode": "catmullrom"
						},
						"1.0833": {
							"post": [0, -25, 0],
							"lerp_mode": "catmullrom"
						},
						"1.25": {
							"post": [0, -0.42, 0],
							"lerp_mode": "catmullrom"
						},
						"1.4583": {
							"post": [0, 30.06, 0],
							"lerp_mode": "catmullrom"
						},
						"1.5833": {
							"post": [0, -1.84, 0],
							"lerp_mode": "catmullrom"
						},
						"1.7917": {
							"post": [0, -15, 0],
							"lerp_mode": "catmullrom"
						},
						"2.25": {
							"post": [0, 0, 0],
							"lerp_mode": "catmullrom"
						}
					}
				},
				"ear_right": {
					"rotation": {
						"0.0": {
							"post": [0, 0, 0],
							"lerp_mode": "catmullrom"
						},
						"0.5833": {
							"post": [0, -25, 0],
							"lerp_mode": "catmullrom"
						},
						"0.75": {
							"post": [0, -25, 0],
							"lerp_mode": "catmullrom"
						},
						"1.0833": {
							"post": [0, 22.5, 0],
							"lerp_mode": "catmullrom"
						},
						"1.25": {
							"post": [0, 6.32, 0],
							"lerp_mode": "catmullrom"
						},
						"1.4583": {
							"post": [0, -22.56, 0],
							"lerp_mode": "catmullrom"
						},
						"1.5833": {
							"post": [0, -3.47, 0],
							"lerp_mode": "catmullrom"
						},
						"1.7917": {
							"post": [0, 12.5, 0],
							"lerp_mode": "catmullrom"
						},
						"2.25": {
							"post": [0, 0, 0],
							"lerp_mode": "catmullrom"
						}
					}
				},
				"mouth_closed": {
					"position": {
						"0.8333": [0, 0, 0],
						"0.875": {"pre": [0, 0, 0], "post": [0, 0, 0.25]},
						"2.0417": [0, 0, 0.25],
						"2.0833": {"pre": [0, 0, 0.25], "post": [0, 0, 0]}
					}
				},
				"mouth_open": {
					"position": {
						"0.8333": [0, 0, 0],
						"0.875": {"pre": [0, 0, 0], "post": [0, 0, -0.25]},
						"2.0417": [0, 0, -0.25],
						"2.0833": {"pre": [0, 0, -0.25], "post": [0, 0, 0]}
					}
				},
				"arm_left": {
					"rotation": {
						"0.0": {
							"post": [0, 0, 0],
							"lerp_mode": "catmullrom"
						},
						"0.8333": {
							"post": [0, -12.5, 17.5],
							"lerp_mode": "catmullrom"
						},
						"1.25": {
							"post": [-20, 15, 0],
							"lerp_mode": "catmullrom"
						},
						"1.4583": {
							"post": [0, 0, 0],
							"lerp_mode": "catmullrom"
						}
					},
					"position": [0, 0, 0]
				},
				"arm_left2": {
					"rotation": {
						"0.0": {
							"post": [0, 0, 0],
							"lerp_mode": "catmullrom"
						},
						"0.8333": {
							"post": [0, -12.5, 0],
							"lerp_mode": "catmullrom"
						},
						"1.0417": {
							"post": [0, 0, 0],
							"lerp_mode": "catmullrom"
						},
						"1.25": {
							"post": [0, -10, -5],
							"lerp_mode": "catmullrom"
						},
						"1.4583": {
							"post": [0, 0, 0],
							"lerp_mode": "catmullrom"
						}
					}
				},
				"arm_right": {
					"rotation": {
						"0.0": {
							"post": [0, 0, 0],
							"lerp_mode": "catmullrom"
						},
						"0.8333": {
							"post": [0, 5, -27.5],
							"lerp_mode": "catmullrom"
						},
						"1.0417": {
							"post": [15, -10.51, -22.17],
							"lerp_mode": "catmullrom"
						},
						"1.25": {
							"post": [-19.91, -9.18, -1.61],
							"lerp_mode": "catmullrom"
						},
						"1.4583": {
							"post": [0, 0, 0],
							"lerp_mode": "catmullrom"
						}
					},
					"position": [0, 0, 0]
				},
				"arm_right2": {
					"rotation": {
						"0.0": {
							"post": [0, 0, 0],
							"lerp_mode": "catmullrom"
						},
						"0.8333": {
							"post": [0, 17.5, 0],
							"lerp_mode": "catmullrom"
						},
						"1.0417": {
							"post": [0, 0, 0],
							"lerp_mode": "catmullrom"
						}
					}
				},
				"leg_left": {
					"rotation": {
						"0.0": {
							"post": [0, 0, 0],
							"lerp_mode": "catmullrom"
						},
						"0.4167": {
							"post": [0, 0, 0],
							"lerp_mode": "catmullrom"
						},
						"1.0417": {
							"post": [-22.5, 0, 0],
							"lerp_mode": "catmullrom"
						},
						"1.2917": {
							"post": [0, 0, 0],
							"lerp_mode": "catmullrom"
						}
					}
				},
				"leg_right": {
					"rotation": {
						"0.0": {
							"post": [0, 0, 0],
							"lerp_mode": "catmullrom"
						},
						"0.4167": {
							"post": [0, 0, 0],
							"lerp_mode": "catmullrom"
						},
						"1.0417": {
							"post": [-15, 0, 0],
							"lerp_mode": "catmullrom"
						},
						"1.2917": {
							"post": [0, 0, 0],
							"lerp_mode": "catmullrom"
						}
					}
				},
				"coffee": {
					"rotation": {
						"0.0": {
							"post": [0, 0, 0],
							"lerp_mode": "catmullrom"
						},
						"0.7917": {
							"post": [12.5, 0, 0],
							"lerp_mode": "catmullrom"
						},
						"1.1667": {
							"post": [-12.5, 0, 0],
							"lerp_mode": "catmullrom"
						},
						"1.5417": {
							"post": [10, 0, 0],
							"lerp_mode": "catmullrom"
						},
						"1.7917": {
							"post": [2.5, 0, 0],
							"lerp_mode": "catmullrom"
						},
						"2.0": {
							"post": [-2.5, 0, 0],
							"lerp_mode": "catmullrom"
						},
						"2.2083": {
							"post": [-2.5, 0, 0],
							"lerp_mode": "catmullrom"
						},
						"2.4167": {
							"post": [0, 0, 0],
							"lerp_mode": "catmullrom"
						}
					},
					"position": {
						"0.0": {
							"post": [0, 0, 0],
							"lerp_mode": "catmullrom"
						},
						"0.7917": {
							"post": [0, 0, 0.66],
							"lerp_mode": "catmullrom"
						},
						"1.1667": {
							"post": [0, 0, -1],
							"lerp_mode": "catmullrom"
						},
						"1.5417": {
							"post": [0, 0, 0.75],
							"lerp_mode": "catmullrom"
						},
						"1.7917": {
							"post": [0, 0, 0.25],
							"lerp_mode": "catmullrom"
						},
						"2.0": {
							"post": [0, 0, -0.25],
							"lerp_mode": "catmullrom"
						},
						"2.2083": {
							"post": [0, 0, -0.25],
							"lerp_mode": "catmullrom"
						},
						"2.4167": {
							"post": [0, 0, 0],
							"lerp_mode": "catmullrom"
						}
					}
				},
				"steam": {
					"rotation": {
						"0.0": {
							"post": [0, 0, 0],
							"lerp_mode": "catmullrom"
						},
						"0.7917": {
							"post": [17.5, 0, 0],
							"lerp_mode": "catmullrom"
						},
						"1.0417": {
							"post": [-8, 0, 0],
							"lerp_mode": "catmullrom"
						},
						"1.1667": {
							"post": [-11, 0, 0],
							"lerp_mode": "catmullrom"
						},
						"1.4167": {
							"post": [0, 0, 0],
							"lerp_mode": "catmullrom"
						},
						"1.5417": {
							"post": [7, 0, 0],
							"lerp_mode": "catmullrom"
						},
						"1.75": {
							"post": [0, 0, 0],
							"lerp_mode": "catmullrom"
						}
					}
				}
			}
		}
	}
}