{
	"format_version": "1.8.0",
	"animations": {
		"animation.koraidon.ground_idle": {
			"loop": true,
			"bones": {
				"body": {
					"rotation": [0, 0, 0],
					"position": [0, -5, 0]
				},
				"leg_right": {
					"rotation": [-24, 73, 41]
				},
				"leg_right_2": {
					"rotation": [52, 4, -2]
				},
				"foot_right": {
					"rotation": [40, -74, -44]
				},
				"leg_left": {
					"rotation": [-24, -73, -41]
				},
				"leg_left_2": {
					"rotation": [52, -4, 2]
				},
				"foot_left": {
					"rotation": [40, 74, 44]
				},
				"tail": {
					"rotation": [-15, 0, 0]
				},
				"tail_2": {
					"rotation": [20, 0, 0]
				},
				"tail_3": {
					"rotation": [17.5, 0, 0]
				},
				"tail_4": {
					"rotation": [-12.5, 0, 0]
				},
				"tail_5": {
					"rotation": [-17.5, 0, 0]
				},
				"tail_6": {
					"rotation": [-12.5, 0, 0]
				},
				"tail_7": {
					"rotation": [-15, 0, 0]
				},
				"tail_8": {
					"rotation": [-20, 0, 0]
				},
				"arm_left": {
					"rotation": [0, -15, 15]
				},
				"arm_left_2": {
					"rotation": [58.23983, 29.8742, 38.82005]
				},
				"hand_left": {
					"rotation": [55.18392, 14.90835, 20.30179]
				},
				"arm_right": {
					"rotation": [-9.68558, 9.76061, -32.68664]
				},
				"arm_right_2": {
					"rotation": [58.23983, -29.8742, -38.82005]
				},
				"hand_right": {
					"rotation": [66.70645, -12.0174, -16.10644]
				},
				"neck": {
					"rotation": [12.5, 0, 0]
				},
				"neck_2": {
					"rotation": [10, 0, 0]
				},
				"head": {
					"rotation": [-12.5, 10, -5]
				}
			}
		},
		"animation.koraidon.ground_walk": {
			"loop": true,
			"bones": {
				"body": {
					"rotation": [90, 0, 0],
					"position": [0, 13, 19]
				},
				"leg_right": {
					"rotation": [-77.5, 0, 0]
				},
				"leg_right_2": {
					"rotation": [60, 0, 0]
				},
				"leg_left": {
					"rotation": [-77.5, 0, 0]
				},
				"leg_left_2": {
					"rotation": [60, 0, 0]
				},
				"tail": {
					"rotation": [-97.5, 0, 0]
				},
				"tail_2": {
					"rotation": [-12.5, 0, 0]
				},
				"tail_3": {
					"rotation": [-10, 0, 0]
				},
				"tail_4": {
					"rotation": [7.5, 0, 0]
				},
				"tail_5": {
					"rotation": [15, 0, 0]
				},
				"arm_left": {
					"rotation": [0, 90, 0]
				},
				"arm_left_2": {
					"rotation": [90, 0, -15]
				},
				"hand_left": {
					"rotation": [0, -90, 0]
				},
				"arm_right": {
					"rotation": [0, -90, 0]
				},
				"arm_right_2": {
					"rotation": [90, 0, 15]
				},
				"hand_right": {
					"rotation": [0, 90, 0]
				},
				"neck": {
					"rotation": [-75, 0, 0]
				},
				"feathers": {
					"rotation": [0, 0, 0]
				},
				"feather1": {
					"rotation": [-10, 0, 0]
				},
				"feather2": {
					"rotation": [-2.5, 0, 0],
					"position": [0, 0, -1]
				},
				"feather3": {
					"scale": 0
				},
				"feather4": {
					"scale": 0
				},
				"feather5": {
					"scale": 0
				},
				"feather6": {
					"scale": 0
				},
				"feather7": {
					"scale": 0
				},
				"feather8": {
					"scale": 0
				},
				"feather9": {
					"rotation": [0, 0, -95],
					"position": [-10.5, -11, -3],
					"scale": 1
				},
				"feather10": {
					"rotation": [-360, -15, -362.5],
					"position": [0, 0, -1]
				},
				"feather11": {
					"rotation": [-10, 0, 0]
				}
			}
		}
	}
}