{
	"format_version": "1.8.0",
	"animations": {
		"animation.kyogre.pose": {
			"loop": true,
			"bones": {
				"body": {
					"rotation": [-9.25249, -3.81024, -22.19157]
				},
				"head": {
					"rotation": [5, 0, 0]
				},
				"jaw": {
					"rotation": [10, 0, 0]
				},
				"torso": {
					"rotation": [12.5, 0, 0]
				},
				"torso2": {
					"rotation": [12.68664, -9.76061, -2.18558]
				},
				"torso3": {
					"rotation": [-11.24314, -27.0478, 5.16524]
				},
				"torso4": {
					"rotation": [25, 0, 0]
				},
				"tail_right": {
					"rotation": [0, -15, 0]
				},
				"tail_left": {
					"rotation": [0, -30, 0]
				},
				"arm_right": {
					"rotation": [0, 12.5, -17.5]
				},
				"arm_right2": {
					"rotation": [-0.87038, 4.92385, 12.46258]
				},
				"arm_right3": {
					"rotation": [0.54143, 2.4407, 22.51153]
				},
				"fingies_right": {
					"rotation": [0, 0, 20]
				},
				"body_fin_right": {
					"rotation": [0, 0, 27.5]
				},
				"body_fin_left": {
					"rotation": [0, 0, -17.5]
				},
				"tails": {
					"rotation": [2.5, 0, 0]
				},
				"arm_left": {
					"rotation": [0, -12.5, -17.5]
				},
				"arm_left2": {
					"rotation": [0, 0, -25]
				},
				"arm_left3": {
					"rotation": [0, 0, -12.5]
				},
				"fingies_left": {
					"rotation": [0, 0, -22.5]
				}
			}
		},
		"animation.kyogre.ground_idle": {
			"loop": true
		}
	}
}