{
	"format_version": "1.8.0",
	"animations": {
		"animation.magearna.ground_idle": {
			"loop": true,
			"bones": {
				"head": {
					"rotation": ["0+Math.cos((query.anim_time-0.3) * 90 * 1) * -3", 0, 0]
				},
				"ear_plate_left": {
					"rotation": [0, 0, "-15+Math.cos((query.anim_time-0.3) * 90 * 2) * -3"]
				},
				"ear_plate_right": {
					"rotation": [0, 0, "15-Math.cos((query.anim_time-0.3) * 90 * 2) * -3"]
				},
				"arm_left": {
					"rotation": [0, 0, "25-Math.cos((query.anim_time-0.3) * 90 * 2) * -3"]
				},
				"arm_left_2": {
					"rotation": [0, 0, "10-Math.cos((query.anim_time-0.3) * 90 * 2) * -3"]
				},
				"arm_right": {
					"rotation": [0, 0, "-25+Math.cos((query.anim_time-0.3) * 90 * 2) * -3"]
				},
				"arm_right_2": {
					"rotation": [0, 0, "-10+Math.cos((query.anim_time-0.3) * 90 * 2) * -3"]
				},
				"ball_plates": {
					"rotation": [0, "0+Math.cos((query.anim_time-0.3) * 90 * 2) * -2", 0]
				}
			}
		},
		"animation.magearna.ground_walk": {
			"loop": true,
			"bones": {
				"ear_plate_left": {
					"rotation": [0, 0, "-15+Math.cos((query.anim_time-0.3) * 90 * 8) * -3"]
				},
				"ear_plate_right": {
					"rotation": [0, 0, "15-Math.cos((query.anim_time-0.3) * 90 * 8) * -3"]
				},
				"arm_left": {
					"rotation": [0, "0-math.sin(query.anim_time*90*6)*6", "25-2*(math.sin(q.anim_time*90*6*2)*1+1)"]
				},
				"arm_left_2": {
					"rotation": [0, 0, 10]
				},
				"arm_right": {
					"rotation": [0, "0-math.sin(query.anim_time*90*6)*6", "-25+2*(math.sin(q.anim_time*90*6*2)*1+1)"]
				},
				"arm_right_2": {
					"rotation": [0, 0, -10]
				},
				"body": {
					"rotation": [
						"math.clamp(math.sin(query.anim_time*180*4*1.5/2+20)*1,0.2,1)+math.clamp(-math.sin(query.anim_time*180*4*1.5/2)*1,0.2,1)-0.8",
						"-math.clamp(math.sin(query.anim_time*90*4*1.5+90)*0.3,-0.3,0.3)*5",
						0
					],
					"position": [
						0,
						"-math.clamp(math.sin(-query.anim_time*90*4*1.5+45/2)*0.6,0,1)-math.clamp(math.sin(-query.anim_time*90*4*1.5+45/2+180)*0.6,0,1)+0.6",
						"-math.clamp(math.sin(query.anim_time*90*4*1.5)*0.3,0,0.3)-math.clamp(math.sin(-query.anim_time*90*4*1.5)*0.3,0,0.3)"
					]
				},
				"head": {
					"rotation": ["0+Math.cos((query.anim_time-0.3) * 90 * 8) * -2", 0, 0]
				},
				"leg_left_2": {
					"rotation": ["0+Math.cos((query.anim_time-0.3) * 90 * 8) * -16", 0, 0]
				},
				"leg_right_2": {
					"rotation": ["0-Math.cos((query.anim_time-0.3) * 90 * 8) * -16", 0, 0]
				}
			}
		}
	}
}