{
	"format_version": "1.8.0",
	"animations": {
		"animation.mareanie.ground_idle": {
			"loop": true,
			"bones": {
				"body_top": {
					"rotation": ["-1.25+math.sin(q.anim_time*90*1.5-60)*4", 0, "-math.sin(q.anim_time*90*0.75)*3"],
					"position": [0, "math.sin(q.anim_time*90*1.5+30)*0.1", 0]
				},
				"body_bot": {
					"position": [0, "0+math.sin(q.anim_time*90*1.5+30)*0.1", 0]
				}
			}
		},
		"animation.mareanie.ground_walk": {
			"loop": true,
			"bones": {
				"body_bot": {
					"rotation": ["15-math.sin(q.anim_time*90*4-30)*10", 0, 0],
					"position": [
						0,
						"-1+math.clamp(math.sin(q.anim_time*90*4+60)*0.25,-4,0)+math.clamp(math.sin(q.anim_time*90*4+60)*0.4,0,4)",
						"2+math.sin(q.anim_time*90*4-120)*1"
					]
				},
				"body_top": {
					"rotation": ["-8.75+math.sin(q.anim_time*90*1.5-60)*4", 0, "0-math.sin(q.anim_time*90*0.75)*3"],
					"position": [0, "math.sin(q.anim_time*90*1.5+30)*0.25", 0]
				}
			}
		},
		"animation.mareanie.blink": {
			"animation_length": 0.16667,
			"bones": {
				"eye_right": {
					"position": {
						"0.0": [0, 0, 0.9],
						"0.1667": [0, 0, 0]
					}
				},
				"eye_left": {
					"position": {
						"0.0": [0, 0, 0.9],
						"0.1667": [0, 0, 0]
					}
				}
			}
		}
	}
}