{
	"format_version": "1.8.0",
	"animations": {
		"animation.melmetal.render": {
			"loop": true,
			"bones": {
				"nut": {
					"rotation": [7.5, 0, 0]
				},
				"arm_left_3": {
					"rotation": [19.9718, -0.6518, 35.0426]
				},
				"arm_left_2": {
					"rotation": [0, 0, 52.5]
				},
				"leg_left": {
					"rotation": [-22.5, -17.5, 0],
					"position": [1, 0, -1]
				},
				"leg_left_2": {
					"rotation": [22.5, 0, 0]
				},
				"leg_right": {
					"rotation": [-22.5, 17.5, 0],
					"position": [-1, 0, -1]
				},
				"leg_right_2": {
					"rotation": [20, 0, 0]
				},
				"arm_right_2": {
					"rotation": [0, 0, -52.5]
				},
				"arm_right_3": {
					"rotation": [-19.97178, 0.65182, -35.04256]
				},
				"tail": {
					"rotation": [7.5, 17.5, 0],
					"position": [2, 0, 0]
				}
			}
		},
		"animation.melmetal.ground_idle": {
			"loop": true,
			"bones": {
				"nut": {
					"rotation": [0, -27.5, 0],
					"position": [0, "-0.05*(math.sin(q.anim_time*90*4-90)*1+1)", 0]
				},
				"arm_left_3": {
					"rotation": [38.9551, "26.0455-2*(math.sin(q.anim_time*90*4-90)*1+1)", 12.61209]
				},
				"arm_left_2": {
					"rotation": [0, "0.5*math.sin(q.anim_time*90*4-30)*10", 52.5]
				},
				"leg_left": {
					"rotation": [-22.5, -17.5, 0],
					"position": [1, 0, -1]
				},
				"leg_left_2": {
					"rotation": [22.5, 0, 0]
				},
				"leg_right": {
					"rotation": [-22.5, 17.5, 0],
					"position": [-1, 0, -1]
				},
				"leg_right_2": {
					"rotation": [20, 0, 0]
				},
				"arm_right_2": {
					"rotation": [0, "0.5-math.sin(q.anim_time*90*4-30)*10", -52.5]
				},
				"arm_right_3": {
					"rotation": [-19.97178, "0.6518-60+2*(math.sin(q.anim_time*90*4-90)*1+1)", -35.04256]
				},
				"tail": {
					"rotation": [7.5, 17.5, 0],
					"position": [2, 0, 0]
				},
				"body": {
					"position": [0, 0, "-0.09*(math.sin(q.anim_time*90*4-90)*3+1)"]
				},
				"eye": {
					"position": ["0.3+math.sin(q.anim_time*90*3)*0.2", "1+math.sin(q.anim_time*90*3)*0.2", 0]
				}
			}
		},
		"animation.melmetal.ground_walk": {
			"loop": true,
			"animation_length": 1.5,
			"bones": {
				"nut": {
					"rotation": [0, -27.5, 0]
				},
				"arm_left_3": {
					"rotation": [19.9718, -0.6518, 35.0426]
				},
				"arm_left_2": {
					"rotation": [0, 0, 52.5]
				},
				"leg_left": {
					"rotation": {
						"0.0": [30, 0, 0],
						"0.5": {
							"pre": [35, 0, 0],
							"post": [35, 0, 0],
							"lerp_mode": "catmullrom"
						},
						"0.75": {
							"post": [-70.9, 0, 0],
							"lerp_mode": "catmullrom"
						},
						"0.9583": {
							"post": [-87.27, 0, 0],
							"lerp_mode": "catmullrom"
						},
						"1.2083": {
							"post": [-67.5, 0, 0],
							"lerp_mode": "catmullrom"
						},
						"1.5": [30, 0, 0]
					},
					"position": [1, 0, -1]
				},
				"leg_left_2": {
					"rotation": [22.5, 0, 0]
				},
				"leg_right": {
					"rotation": {
						"0.0": [-64.9, 0, 0],
						"0.2083": [-74.77, 0, 0],
						"0.4583": {
							"pre": [-61.5, 0, 0],
							"post": [-61.5, 0, 0],
							"lerp_mode": "catmullrom"
						},
						"0.75": {
							"post": [30, 0, 0],
							"lerp_mode": "catmullrom"
						},
						"1.25": {
							"post": [35, 0, 0],
							"lerp_mode": "catmullrom"
						},
						"1.5": [-64.9, 0, 0]
					},
					"position": [-1, 0, -1]
				},
				"leg_right_2": {
					"rotation": [20, 0, 0]
				},
				"arm_right_2": {
					"rotation": [0, 0, -52.5]
				},
				"arm_right_3": {
					"rotation": [-19.97178, 0.65182, -35.04256]
				},
				"tail": {
					"rotation": [7.5, 17.5, 0],
					"position": [2, 0, 0]
				},
				"body": {
					"position": [0, 0, "0+Math.cos((query.anim_time) * 90 * 8/3 * 2 - 70) * -0.9"]
				},
				"arm_left": {
					"rotation": [-6.91781, "-11.5607+Math.cos((query.anim_time) * 90 * 8/3 - 90) * -30", "-9.8468+Math.cos((query.anim_time) * 90 * 8/3*2 - 120) * -5"]
				},
				"melmetal": {
					"rotation": ["-10+Math.cos((query.anim_time) * 90 * 8/3 * 2 - 120) * -2", 0, "0+Math.cos((query.anim_time) * 90 * 8/3 - 90) * -8"],
					"position": {
						"0.5417": [0, "0+math.sin(q.anim_time*90*2*2)*0.6", 0],
						"0.5833": [0, "0.4+math.sin(q.anim_time*90*2*2)*0.4", 0],
						"0.6667": [0, "-0.1+math.sin(q.anim_time*90*2*2)*0.4", 0],
						"0.75": [0, "0.4+math.sin(q.anim_time*90*2*2)*0.4", 0],
						"0.8333": [0, "0+math.sin(q.anim_time*90*2*2)*0.4", 0],
						"0.9167": [0, 0.1, 0],
						"1.0": [0, -0.12, 0],
						"1.125": [0, "0+math.sin(q.anim_time*90*2*2)*0.6", 0],
						"1.1667": [0, "0.4+math.sin(q.anim_time*90*2*2)*0.4", 0],
						"1.25": [0, "-0.1+math.sin(q.anim_time*90*2*2)*0.4", 0],
						"1.3333": [0, "0.4+math.sin(q.anim_time*90*2*2)*0.4", 0],
						"1.4167": [0, "0+math.sin(q.anim_time*90*2*2)*0.4", 0]
					}
				},
				"eye": {
					"position": ["0+math.sin(q.anim_time*90*3)*0.5", "0+math.sin(q.anim_time*90*3)*0.5", 0]
				},
				"arm_right": {
					"rotation": [-10.45278, "-8.5087+Math.cos((query.anim_time) * 90 * 8/3 - 90) * -30", "10.2317+Math.cos((query.anim_time) * 90 * 8/3*2 - 120) * -5"]
				}
			}
		}
	}
}