{
	"format_version": "1.8.0",
	"animations": {
		"animation.meltan.render": {
			"loop": true,
			"bones": {
				"head": {
					"rotation": [-10, 0, -5]
				},
				"hand_left": {
					"rotation": [-0.019, 3.67881, -32.2973]
				},
				"body": {
					"rotation": [0, -15, 0]
				},
				"eye": {
					"position": [1, 0.75, 0]
				},
				"tail": {
					"rotation": [57.5, -62.5, 0],
					"position": [-2, 0, 0]
				},
				"hand_right": {
					"rotation": [0, 0, 25]
				},
				"torso": {
					"rotation": [0, 0, -7.5]
				}
			}
		},
		"animation.meltan.ground_idle": {
			"loop": true,
			"bones": {
				"head": {
					"scale": ["1-math.sin(q.anim_time*90*1.5)*-0.065", "1-math.sin(q.anim_time*90*1.5)*0.09", "1-math.sin(q.anim_time*90*1.5)*-0.065"]
				},
				"hand_left": {
					"rotation": [0, 0, "-10-math.sin(q.anim_time*90*1.5+30)*8"]
				},
				"body": {
					"position": [0, "-0.25+math.sin(q.anim_time*90*1.5+30)*0.001", 0],
					"scale": ["1+math.sin(q.anim_time*90*1.5)*-0.065", "1+math.sin(q.anim_time*90*1.5)*0.09", "1+math.sin(q.anim_time*90*1.5)*-0.065"]
				},
				"eye": {
					"rotation": [0, 0, 0],
					"position": ["0+math.sin(q.anim_time*90*3)*0.5", "0+math.sin(q.anim_time*90*3)*0.5", 0]
				},
				"tail": {
					"rotation": [57.5, -62.5, 0],
					"position": [-2, 0, 0]
				},
				"hand_right": {
					"rotation": [0, 0, "10+math.sin(q.anim_time*90*1.5+30)*8"]
				},
				"meltan": {
					"position": [0, "0+math.sin(q.anim_time*90*1.5+30)*0.6", 0]
				}
			}
		},
		"animation.meltan.ground_walk": {
			"loop": true,
			"bones": {
				"head": {
					"rotation": ["math.sin(q.anim_time*90*4-120)*0.5-math.clamp(math.sin(q.anim_time*90*4+120)*10,0,10)", 0, "math.sin(q.anim_time*90*2+60)*2"],
					"position": [0, "math.clamp(math.sin(q.anim_time*90*4+130)*0.5,0,1)+math.clamp(math.sin(q.anim_time*90*4+130)*0.2,-1,0)", 0]
				},
				"body": {
					"rotation": ["5-math.sin(q.anim_time*90*4-30)*10", 0, 0],
					"position": [
						0,
						"-0.5+math.clamp(math.sin(q.anim_time*90*4+60)*0.25,-4,0)+math.clamp(math.sin(q.anim_time*90*4+60)*0.4,0,4)",
						"-1+math.sin(q.anim_time*90*4-120)*1"
					],
					"scale": ["1+math.sin(q.anim_time*90*4-30)*-0.08", "1+math.sin(q.anim_time*90*4-30)*0.2", "1+math.sin(q.anim_time*90*4-30)*-0.2"]
				},
				"eye": {
					"position": ["1*math.sin(q.anim_time*90*2)*0.5", "0.75*math.sin(q.anim_time*90*2)*0.5", 0]
				},
				"tail": {
					"rotation": [57.5, -62.5, 0],
					"position": [-2, 0, 0]
				}
			}
		},
		"animation.meltan.shoulder_left": {
			"loop": true,
			"bones": {
				"head": {
					"scale": ["1-math.sin(q.anim_time*90*1.5)*-0.065", "1-math.sin(q.anim_time*90*1.5)*0.09", "1-math.sin(q.anim_time*90*1.5)*-0.065"]
				},
				"hand_left": {
					"rotation": [0, 0, "-10-math.sin(q.anim_time*90*1.5+30)*8"]
				},
				"body": {
					"position": [3, "-0.25+math.sin(q.anim_time*90*1.5+30)*0.001", 0],
					"scale": ["1+math.sin(q.anim_time*90*1.5)*-0.065", "1+math.sin(q.anim_time*90*1.5)*0.09", "1+math.sin(q.anim_time*90*1.5)*-0.065"]
				},
				"eye": {
					"rotation": [0, 0, 0],
					"position": ["0+math.sin(q.anim_time*90*3)*0.5", "0+math.sin(q.anim_time*90*3)*0.5", 0]
				},
				"tail": {
					"rotation": [57.5, -62.5, 0],
					"position": [-2, 0, 0]
				},
				"hand_right": {
					"rotation": [0, 0, "10+math.sin(q.anim_time*90*1.5+30)*8"]
				},
				"meltan": {
					"position": [0, "0+math.sin(q.anim_time*90*1.5+30)*0.6", 0]
				}
			}
		},
		"animation.meltan.shoulder_right": {
			"loop": true,
			"bones": {
				"head": {
					"scale": ["1-math.sin(q.anim_time*90*1.5)*-0.065", "1-math.sin(q.anim_time*90*1.5)*0.09", "1-math.sin(q.anim_time*90*1.5)*-0.065"]
				},
				"hand_left": {
					"rotation": [0, 0, "-10-math.sin(q.anim_time*90*1.5+30)*8"]
				},
				"body": {
					"position": [-3, "-0.25+math.sin(q.anim_time*90*1.5+30)*0.001", 0],
					"scale": ["1+math.sin(q.anim_time*90*1.5)*-0.065", "1+math.sin(q.anim_time*90*1.5)*0.09", "1+math.sin(q.anim_time*90*1.5)*-0.065"]
				},
				"eye": {
					"rotation": [0, 0, 0],
					"position": ["0+math.sin(q.anim_time*90*3)*0.5", "0+math.sin(q.anim_time*90*3)*0.5", 0]
				},
				"tail": {
					"rotation": [57.5, -62.5, 0],
					"position": [-2, 0, 0]
				},
				"hand_right": {
					"rotation": [0, 0, "10+math.sin(q.anim_time*90*1.5+30)*8"]
				},
				"meltan": {
					"position": [0, "0+math.sin(q.anim_time*90*1.5+30)*0.6", 0]
				}
			}
		}
	}
}