{
	"format_version": "1.8.0",
	"animations": {
		"animation.mimikyu_sylveon.ground_idle": {
			"loop": true,
			"bones": {
				"hand_right": {
					"position": [7, 0, 0]
				},
				"hand_right2": {
					"position": [4, 0, 0]
				},
				"hand_right3": {
					"position": [4, 0, 0]
				},
				"hand_right4": {
					"position": [4, 0, 0]
				},
				"hand_right5": {
					"position": [4, 0, 0]
				},
				"hand_left": {
					"position": [-7, 0, 0]
				},
				"hand_left2": {
					"position": [-4, 0, 0]
				},
				"hand_left3": {
					"position": [-4, 0, 0]
				},
				"hand_left4": {
					"position": [-4, 0, 0]
				},
				"hand_left5": {
					"position": [-4, 0, 0]
				},
				"torso_top": {
					"rotation": [-4.99527, 0.21782, 2.4905]
				},
				"head": {
					"rotation": [-9.85108, 1.72794, 9.85108]
				},
				"chest_leaf": {
					"rotation": [-4.20651, 20.8333, -12.75968]
				},
				"right_flop": {
					"rotation": [0, 15, 17.5]
				},
				"right_flop_bend": {
					"rotation": [20, 0, 0]
				},
				"left_flop": {
					"rotation": [0, -10, -20]
				},
				"left_flop_bend": {
					"rotation": [12.5, 0, 0]
				},
				"ear_bow_right": {
					"rotation": [1.63219, -7.32123, -12.60443]
				},
				"ear_bow_right_bend": {
					"rotation": [-6.25038, 39.58992, -9.7516]
				},
				"ear_bow_right_mid": {
					"rotation": [17.58347, -21.48944, -40.86212]
				},
				"ear_bow_right_mid_bend": {
					"rotation": [0, -10, -15]
				},
				"ear_bow_right_end": {
					"rotation": [-155.21493, -38.84468, 143.63976]
				},
				"ear_bow_right_end_bend": {
					"rotation": [0, -25, 0]
				},
				"ear_bow_left": {
					"rotation": [0, 12.5, 0]
				},
				"ear_bow_left_mid": {
					"rotation": [5.49985, -39.43254, -42.76757]
				},
				"ear_bow_left_end": {
					"rotation": [0, 12.5, -22.5]
				},
				"ear_bow_left_end_bend": {
					"rotation": [0, 45, 0]
				},
				"ear_bow_left_mid_bend": {
					"rotation": [0, -37.5, -37.5]
				},
				"bow_right": {
					"rotation": [0, -12.5, 0]
				},
				"bow_right_bend": {
					"rotation": [-19.32397, 38.62085, -29.32794]
				},
				"bow_right_mid": {
					"rotation": [0, 50, 0]
				},
				"bow_right_mid_bend": {
					"rotation": [14.46375, 48.4076, 19.02909]
				},
				"bow_right_end": {
					"rotation": [6.69062, 8.99546, 17.29152]
				},
				"bow_right_end_bend": {
					"rotation": [0, -45, 0]
				},
				"bow_left": {
					"rotation": [1.69921, 23.92614, 6.60279]
				},
				"bow_left_bend": {
					"rotation": [0, -57.5, 0]
				},
				"bow_left_mid": {
					"rotation": [24.14611, -56.77406, -28.18679]
				},
				"bow_left_mid_bend": {
					"rotation": [0, -27.5, 0]
				},
				"bow_left_end": {
					"rotation": [0, 0, 22.5]
				},
				"bow_left_end_bend": {
					"rotation": [0, 17.5, 0]
				}
			}
		},
		"animation.mimikyu_sylveon.shoulder_left": {
			"loop": true,
			"bones": {
				"body": {
					"rotation": [0, 0, 17.5],
					"position": [0, -6, 8]
				},
				"head": {
					"rotation": [-10, 0, 10],
					"position": [0, 0, -0.5]
				},
				"ear_left1": {
					"rotation": [0, 0, 15]
				},
				"torso_bottom": {
					"rotation": [-17.5, 0, -12.5]
				},
				"right_torso": {
					"rotation": [0, 0, 20]
				},
				"front_torso": {
					"rotation": [-45, 0, 0]
				},
				"left_torso": {
					"rotation": [0, 0, -20]
				},
				"tail1": {
					"rotation": [20, 45.5, 21.5]
				},
				"hand_right": {
					"rotation": [113.5, -81, -123.5],
					"position": [2, -0.5, 0]
				},
				"hand_right2": {
					"rotation": [0, 0, 75]
				},
				"hand_right3": {
					"rotation": [0, 0, 40]
				},
				"hand_right4": {
					"rotation": [0, 0, -75]
				},
				"hand_right5": {
					"rotation": [0, 0, -46.5]
				},
				"finger_right1": {
					"rotation": [0, 0, -10]
				},
				"finger_right_joint1": {
					"rotation": [0, 0, -12.5]
				},
				"finger_right2": {
					"rotation": [0, 0, -17.5]
				},
				"finger_right_joint2": {
					"rotation": [0, 0, -20]
				},
				"finger_right3": {
					"rotation": [0, 0, -20]
				},
				"hand_left": {
					"rotation": [98, 70, 83],
					"position": [0, 0.5, 0]
				},
				"hand_left2": {
					"rotation": [0, 0, -87.5]
				},
				"hand_left3": {
					"rotation": [0, 0, -37.5]
				},
				"hand_left4": {
					"rotation": [0, 0, 67.5]
				},
				"hand_left5": {
					"rotation": [0, 0, 51]
				},
				"finger_left1": {
					"rotation": [0, 0, 17.5]
				},
				"finger_left_joint1": {
					"rotation": [0, 0, 25]
				},
				"finger_left2": {
					"rotation": [0, 0, 22.5]
				},
				"finger_left_joint2": {
					"rotation": [0, 0, 20]
				},
				"finger_left3": {
					"rotation": [0, 0, 15]
				},
				"finger_left_joint3": {
					"rotation": [0, 0, 20]
				}
			}
		},
		"animation.mimikyu_sylveon.shoulder_right": {
			"loop": true,
			"bones": {
				"body": {
					"rotation": [0, 0, -17.5],
					"position": [0, -6, 8]
				},
				"head": {
					"rotation": [-10, 0, -10],
					"position": [0, 0, -0.5]
				},
				"ear_right1": {
					"rotation": [0, 0, -15]
				},
				"torso_bottom": {
					"rotation": [-17.5, 0, 12.5]
				},
				"right_torso": {
					"rotation": [0, 0, 20]
				},
				"front_torso": {
					"rotation": [-40, 0, 0]
				},
				"left_torso": {
					"rotation": [0, 0, -20]
				},
				"tail1": {
					"rotation": [20, -45.5, -21.5]
				},
				"hand_right": {
					"rotation": [98, -70, -83],
					"position": [0, 0.5, 0]
				},
				"hand_right2": {
					"rotation": [0, 0, 87.5]
				},
				"hand_right3": {
					"rotation": [0, 0, 35]
				},
				"hand_right4": {
					"rotation": [0, 0, -67.5]
				},
				"hand_right5": {
					"rotation": [0, 0, -51]
				},
				"finger_right1": {
					"rotation": [0, 0, -17.5]
				},
				"finger_right_joint1": {
					"rotation": [0, 0, -25]
				},
				"finger_right2": {
					"rotation": [0, 0, -22.5]
				},
				"finger_right_joint2": {
					"rotation": [0, 0, -20]
				},
				"finger_right3": {
					"rotation": [0, 0, -15]
				},
				"finger_right_joint3": {
					"rotation": [0, 0, -20]
				},
				"hand_left": {
					"rotation": [113.5, 81, 123.5],
					"position": [-2, -0.5, 0]
				},
				"hand_left2": {
					"rotation": [0, 0, -75]
				},
				"hand_left3": {
					"rotation": [0, 0, -40]
				},
				"hand_left4": {
					"rotation": [0, 0, 75]
				},
				"hand_left5": {
					"rotation": [0, 0, 46.5]
				},
				"finger_left1": {
					"rotation": [0, 0, 10]
				},
				"finger_left_joint1": {
					"rotation": [0, 0, 12.5]
				},
				"finger_left2": {
					"rotation": [0, 0, 17.5]
				},
				"finger_left_joint2": {
					"rotation": [0, 0, 20]
				},
				"finger_left3": {
					"rotation": [0, 0, 20]
				},
				"finger_left_joint3": {
					"rotation": [0, 0, 20]
				}
			}
		},
		"animation.mimikyu_sylveon.cry": {
			"animation_length": 1,
			"bones": {
				"body": {
					"rotation": {
						"0.0": [0, 0, 0],
						"0.0833": [0, 5, 0],
						"0.125": [0, 5, 0],
						"0.2083": [0, -4, 0],
						"0.25": [0, -5, 0],
						"0.3333": {
							"pre": [0, -3.84, 0],
							"post": [0, -3.84, 0],
							"lerp_mode": "catmullrom"
						},
						"0.4167": {
							"post": [0, -0.67, 0],
							"lerp_mode": "catmullrom"
						},
						"0.6667": {
							"post": [0, 2.16, 0],
							"lerp_mode": "catmullrom"
						},
						"1.0": {
							"post": [0, 0, 0],
							"lerp_mode": "catmullrom"
						}
					},
					"position": {
						"0.0": [0, 0, 0],
						"0.0417": [0, -0.65, 0],
						"0.0833": [0, -0.75, 0],
						"0.125": [0, -0.65, 0],
						"0.1667": [0, 0, 0]
					}
				},
				"torso_top": {
					"rotation": {
						"0.0": [0, 0, 0],
						"0.0833": [-10, 0, 0],
						"0.1667": {
							"pre": [0, 0, -7.5],
							"post": [0, 0, -7.5],
							"lerp_mode": "catmullrom"
						},
						"0.2083": {
							"post": [9.99067, 0.43399, -6.21207],
							"lerp_mode": "catmullrom"
						},
						"0.25": {
							"post": [10, 0, 0],
							"lerp_mode": "catmullrom"
						},
						"0.3333": {
							"post": [2.5, 0, 2.5],
							"lerp_mode": "catmullrom"
						},
						"0.5417": {
							"post": [13.64192, 0, 0.5555],
							"lerp_mode": "catmullrom"
						},
						"0.9167": [0, 0, 0]
					},
					"position": {
						"0.0417": [0, 0, 0],
						"0.0833": [0, -0.5, 0],
						"0.1667": [0, -0.5, 0],
						"0.2083": [0, 0, 0]
					}
				},
				"head": {
					"rotation": {
						"0.0417": [0, 0, 0],
						"0.125": {
							"pre": [-10, 0, 0],
							"post": [-10, 0, 0],
							"lerp_mode": "catmullrom"
						},
						"0.2083": {
							"post": [0, 0, -7.5],
							"lerp_mode": "catmullrom"
						},
						"0.25": {
							"post": [9.99067, 0.43399, -6.21207],
							"lerp_mode": "catmullrom"
						},
						"0.2917": {
							"post": [10, 0, 0],
							"lerp_mode": "catmullrom"
						},
						"0.375": {
							"post": [-12.54292, -7.4713, 3.1574],
							"lerp_mode": "catmullrom"
						},
						"0.5833": {
							"post": [10, 0, 0],
							"lerp_mode": "catmullrom"
						},
						"1.0": [0, 0, 0]
					}
				},
				"ear_right1": {
					"rotation": {
						"0.0833": [0, 0, 0],
						"0.1667": {
							"pre": [-10, 0, 0],
							"post": [-10, 0, 0],
							"lerp_mode": "catmullrom"
						},
						"0.25": {
							"post": [0, 0, -15],
							"lerp_mode": "catmullrom"
						},
						"0.3333": {
							"post": [14.99067, 0.43399, -6.21207],
							"lerp_mode": "catmullrom"
						},
						"0.375": {
							"post": [10, 0, 0],
							"lerp_mode": "catmullrom"
						},
						"0.5417": {
							"post": [2.5, 0, 2.5],
							"lerp_mode": "catmullrom"
						},
						"0.6667": [0, 0, 0]
					}
				},
				"ear_left1": {
					"rotation": {
						"0.0833": [0, 0, 0],
						"0.1667": [-10, 0, 0],
						"0.25": {
							"pre": [0, 0, -17.5],
							"post": [0, 0, -17.5],
							"lerp_mode": "catmullrom"
						},
						"0.3333": {
							"post": [16.93331, 0.56011, -13.9582],
							"lerp_mode": "catmullrom"
						},
						"0.375": {
							"post": [10, 0, 0],
							"lerp_mode": "catmullrom"
						},
						"0.5417": {
							"post": [2.5, 0, 2.5],
							"lerp_mode": "catmullrom"
						},
						"0.6667": [0, 0, 0]
					}
				},
				"tail_bottom": {
					"position": {
						"0.0": [0, 0, 0],
						"0.0417": [0, 0.75, 0],
						"0.125": [0, 0.75, 0],
						"0.1667": [0, 0, 0]
					}
				},
				"right_torso": {
					"rotation": {
						"0.0": [0, 0, 0],
						"0.0417": [0, 0, 7.5],
						"0.125": [0, 0, 7.5],
						"0.1667": [0, 0, 0]
					},
					"position": {
						"0.0": [0, 0, 0],
						"0.0417": [0, 0.35, 0],
						"0.125": [0, 0.35, 0],
						"0.1667": [0, 0, 0]
					}
				},
				"front_torso": {
					"rotation": {
						"0.0": [0, 0, 0],
						"0.0417": [-7.5, 0, 0],
						"0.125": [-7.5, 0, 0],
						"0.1667": [0, 0, 0]
					},
					"position": {
						"0.0": [0, 0, 0],
						"0.0417": [0, 0.35, 0],
						"0.125": [0, 0.35, 0],
						"0.1667": [0, 0, 0]
					}
				},
				"left_torso": {
					"rotation": {
						"0.0": [0, 0, 0],
						"0.0417": [0, 0, -7.5],
						"0.125": [0, 0, -7.5],
						"0.1667": [0, 0, 0]
					},
					"position": {
						"0.0": [0, 0, 0],
						"0.0417": [0, 0.35, 0],
						"0.125": [0, 0.35, 0],
						"0.1667": [0, 0, 0]
					}
				},
				"back_torso": {
					"rotation": {
						"0.0": [0, 0, 0],
						"0.0417": [7.5, 0, 0],
						"0.125": [7.5, 0, 0],
						"0.1667": [0, 0, 0]
					},
					"position": {
						"0.0": [0, 0, 0],
						"0.0417": [0, 0.35, 0],
						"0.125": [0, 0.35, 0],
						"0.1667": [0, 0, 0]
					}
				},
				"tail1": {
					"rotation": {
						"0.0": [0, 0, 0],
						"0.0417": [7.5, 0, 0],
						"0.125": [0, 0, 0],
						"0.1667": [-5, 0, 0],
						"0.25": [2.5, 0, 0],
						"0.3333": [0, 0, 0]
					}
				}
			},
			"sound_effects": {
				"0.0": {
					"effect": "pokemon.mimikyu_sylveon.cry"
				}
			}
		},
		"animation.mimikyu_sylveon.glare": {
			"animation_length": 0.75,
			"bones": {
				"eye_right": {
					"position": {
						"0.0": [0, 0, 0],
						"0.25": [0, 0, 0],
						"0.2917": [0, 0, 1]
					}
				},
				"eye_left": {
					"position": {
						"0.0": [0, 0, 0],
						"0.25": [0, 0, 0],
						"0.2917": [0, 0, 1]
					}
				},
				"eye_left_glare": {
					"rotation": {
						"0.0": [0, 0, -360],
						"0.1667": {
							"pre": [0, 0, -157.5],
							"post": [0, 0, -157.5],
							"lerp_mode": "catmullrom"
						},
						"0.375": [0, 0, -7.5]
					},
					"position": [0, 0, -3],
					"scale": {
						"0.0": [0, 0, 0],
						"0.2083": {
							"pre": [1.05, 1.05, 1.05],
							"post": [1.05, 1.05, 1.05],
							"lerp_mode": "catmullrom"
						},
						"0.4583": [1.25, 1.25, 1.25]
					}
				},
				"eye_right_glare": {
					"rotation": {
						"0.0833": {
							"pre": [0, 0, -360],
							"post": [0, 0, -360],
							"lerp_mode": "catmullrom"
						},
						"0.25": {
							"post": [0, 0, -180],
							"lerp_mode": "catmullrom"
						},
						"0.375": [0, 0, 7.5]
					},
					"position": [0, 0, -3],
					"scale": {
						"0.0833": [0, 0, 0],
						"0.2917": {
							"pre": [1.05, 1.05, 1.05],
							"post": [1.05, 1.05, 1.05],
							"lerp_mode": "catmullrom"
						},
						"0.375": {
							"post": [1, 1, 1],
							"lerp_mode": "catmullrom"
						},
						"0.4583": [1, 1, 1]
					}
				}
			}
		},
		"animation.mimikyu_sylveon.render": {
			"loop": true,
			"bones": {
				"torso_top": {
					"rotation": [-17.35932, 2.24944, 7.15656]
				},
				"head": {
					"rotation": [-21.56177, -7.71401, 15.65029]
				},
				"ear_right1": {
					"rotation": [0, 0, 15]
				},
				"ear_right2": {
					"rotation": [0, 0, -7.5]
				},
				"ear_right3": {
					"rotation": [0, 0, -5]
				},
				"ear_left2": {
					"rotation": [0, 0, 12.5]
				},
				"ear_left3": {
					"rotation": [0, 0, 20]
				},
				"tail1": {
					"rotation": [16.0129, -37.15855, -25.41377]
				},
				"eye_right": {
					"position": [0, 0, 1]
				},
				"eye_left": {
					"position": [0, 0, 1]
				},
				"hand_right": {
					"rotation": [0, -32.5, 0]
				},
				"hand_right2": {
					"rotation": [1.35486, -17.4409, 17.2634]
				},
				"hand_right3": {
					"rotation": [0, -17.5, 17.5]
				},
				"hand_right4": {
					"rotation": [0, 0, 15]
				},
				"hand_right5": {
					"rotation": [0, 0, 20]
				},
				"finger_right1": {
					"rotation": [0, 12.5, 30]
				},
				"finger_right_joint1": {
					"rotation": [0, 0, 22.5]
				},
				"finger_right2": {
					"rotation": [0, 0, 32.5]
				},
				"finger_right_joint2": {
					"rotation": [0, 0, 30]
				},
				"finger_right3": {
					"rotation": [0, -12.5, 32.5]
				},
				"finger_right_joint3": {
					"rotation": [0, 0, 32.5]
				},
				"hand_left": {
					"rotation": [0, 45, 0]
				},
				"hand_left2": {
					"rotation": [0, 5, -15]
				},
				"hand_left3": {
					"rotation": [-0.55404, 12.48791, -15.06062]
				},
				"hand_left4": {
					"rotation": [-1.10693, 12.45167, -25.12076]
				},
				"hand_left5": {
					"rotation": [0, 0, -25]
				},
				"finger_left1": {
					"rotation": [5.123, -16.93857, -25.9936]
				},
				"finger_left_joint1": {
					"rotation": [0, 0, -20]
				},
				"finger_left2": {
					"rotation": [0, 0, -20]
				},
				"finger_left_joint2": {
					"rotation": [0, 0, -20]
				},
				"finger_left3": {
					"rotation": [0, 15, -22.5]
				},
				"finger_left_joint3": {
					"rotation": [0, 0, -25]
				},
				"eye_left_glare": {
					"position": [0, 0, -3.1]
				},
				"eye_right_glare": {
					"position": [0, 0, -3]
				},
				"tail_bend": {
					"rotation": [-19.18246, -23.7695, 7.98205]
				},
				"leaf_forehead": {
					"rotation": [7.5, 0, 15]
				},
				"chest_leaf": {
					"rotation": [-6.07995, 28.13738, -13.53779]
				},
				"right_flop": {
					"rotation": [0, 15, 40]
				},
				"right_flop_bend": {
					"rotation": [42.5, 0, 0]
				},
				"left_flop": {
					"rotation": [-12.08681, -3.21132, -47.15993]
				},
				"left_flop_bend": {
					"rotation": [-17.5, 0, 0]
				},
				"bow_right": {
					"rotation": [-0.6574, -7.4713, 5.04292]
				},
				"bow_right_bend": {
					"rotation": [0, 40, 0]
				},
				"bow_right_mid": {
					"rotation": [0, 32.5, 0]
				},
				"bow_right_mid_bend": {
					"rotation": [5.68592, 1.39729, 21.94544]
				},
				"bow_right_end": {
					"rotation": [0, -30, 0]
				},
				"bow_right_end_bend": {
					"rotation": [0, -20, 0]
				},
				"bow_left": {
					"rotation": [0.43688, 4.98093, 5.019]
				},
				"bow_left_bend": {
					"rotation": [0, -25, 0]
				},
				"bow_left_mid": {
					"rotation": [0, -60, 0]
				},
				"bow_left_mid_bend": {
					"rotation": [0.50529, -33.46965, -22.77315]
				},
				"bow_left_end": {
					"rotation": [-4.50432, 19.50645, -13.27463]
				},
				"bow_left_end_bend": {
					"rotation": [0, 17.5, 0]
				},
				"ear_bow_right": {
					"rotation": [0, -7.5, 0]
				},
				"ear_bow_right_bend": {
					"rotation": [-9.64728, 30.39872, -28.57858]
				},
				"ear_bow_right_mid": {
					"rotation": [-4.60659, 14.2906, -18.07779]
				},
				"ear_bow_right_mid_bend": {
					"rotation": [0, -50, 0]
				},
				"ear_bow_right_end": {
					"rotation": [0, -40, 0]
				},
				"ear_bow_right_end_bend": {
					"rotation": [0, 27.5, 0]
				},
				"ear_bow_left": {
					"rotation": [1.31845, 9.91358, 7.61435]
				},
				"ear_bow_left_mid": {
					"rotation": [0, 0, -30]
				},
				"ear_bow_left_mid_bend": {
					"rotation": [28.84452, -45.97382, -37.4519]
				},
				"ear_bow_left_end": {
					"rotation": [5.23619, -14.0761, -20.6469]
				},
				"ear_bow_left_end_bend": {
					"rotation": [0, 37.5, 0]
				}
			}
		}
	}
}