{
	"format_version": "1.8.0",
	"animations": {
		"animation.morpeko.ground_idle": {
			"loop": true,
			"bones": {
				"tail": {
					"rotation": [12.5, 0, 0]
				},
				"tail2": {
					"rotation": [12.5, 0, 0]
				},
				"arm_right": {
					"rotation": [75, "-35+Math.cos((query.anim_time-0.2) * 90 * 2) * -2", "-90+Math.cos((query.anim_time-0.2) * 90 * 4) * -2"],
					"position": [1, -0.75, -2.5]
				},
				"arm_right2": {
					"rotation": [0, -25, 0]
				},
				"finger_right": {
					"rotation": [0, 0, -20]
				},
				"finger_right2": {
					"rotation": [20, 0, 0]
				},
				"arm_left": {
					"rotation": [75, "35-Math.cos((query.anim_time-0.2) * 90 * 2) * -2", "90+Math.cos((query.anim_time-0.2) * 90 * 4) * -2"],
					"position": [-1, -0.75, -2.5]
				},
				"arm_left2": {
					"rotation": [0, 25, 0]
				},
				"finger_left": {
					"rotation": [0, 0, 20]
				},
				"finger_left2": {
					"rotation": [20, 0, 0]
				},
				"hand_left": {
					"rotation": [0, 17.5, 0]
				},
				"hand_right": {
					"rotation": [0, -17.5, 0]
				},
				"leg_left": {
					"rotation": [0, -7.5, 0]
				},
				"leg_right": {
					"rotation": [0, 7.5, 0]
				},
				"finger_left3": {
					"rotation": [0, 0, 20]
				},
				"finger_right3": {
					"rotation": [0, 0, -20]
				},
				"torso": {
					"position": [0, 0, 0]
				},
				"thumb_left": {
					"rotation": [35, -43, -26]
				},
				"thumb_right": {
					"rotation": [35, 43, 26]
				},
				"foot_right": {
					"rotation": [0, 12.5, 0]
				},
				"foot_left": {
					"rotation": [0, -10, 0]
				},
				"body": {
					"rotation": ["Math.cos((query.anim_time-0.5) * 90 * 4) * 1", "Math.cos((query.anim_time-0.1) * 90 * 2) * 2", 0]
				},
				"head": {
					"rotation": [0, 0, 0]
				}
			}
		},
		"animation.morpeko.ground_walk": {
			"loop": true,
			"bones": {
				"tail": {
					"rotation": [12.5, 0, 0]
				},
				"tail2": {
					"rotation": [12.5, 0, 0]
				},
				"arm_right": {
					"rotation": [75, -35, -90],
					"position": [1, -0.75, -2.5]
				},
				"arm_right2": {
					"rotation": [0, -25, 0]
				},
				"finger_right": {
					"rotation": [0, 0, -20]
				},
				"finger_right2": {
					"rotation": [20, 0, 0]
				},
				"arm_left": {
					"rotation": [75, 35, 90],
					"position": [-1, -0.75, -2.5]
				},
				"arm_left2": {
					"rotation": [0, 25, 0]
				},
				"finger_left": {
					"rotation": [0, 0, 20]
				},
				"finger_left2": {
					"rotation": [20, 0, 0]
				},
				"hand_left": {
					"rotation": [0, 17.5, 0]
				},
				"hand_right": {
					"rotation": [0, -17.5, 0]
				},
				"leg_left": {
					"rotation": [0, -7.5, 0]
				},
				"leg_right": {
					"rotation": [0, 7.5, 0]
				},
				"finger_left3": {
					"rotation": [0, 0, 20]
				},
				"finger_right3": {
					"rotation": [0, 0, -20]
				},
				"torso": {
					"position": [0, 0, 0]
				},
				"thumb_left": {
					"rotation": [35, -43, -26]
				},
				"thumb_right": {
					"rotation": [35, 43, 26]
				},
				"foot_right": {
					"rotation": ["-8+Math.cos((query.anim_time+0.6) * 90 * 3) * -8", 12.5, 0],
					"position": [0, "0.2+Math.cos((query.anim_time+0.6-0.6) * 90 * 3) * -0.2", "-1.5-Math.cos((query.anim_time-1.5) * 90 * 3) * -0.5"]
				},
				"foot_left": {
					"rotation": ["-8+Math.cos((query.anim_time+0) * 90 * 3) * -8", -10, 0],
					"position": [0, "0.2-Math.cos((query.anim_time+0.6-0.6) * 90 * 3) * -0.2", "-1.5+Math.cos((query.anim_time-0.5) * 90 * 3) * -0.5"]
				},
				"body": {
					"rotation": [
						"Math.cos((query.anim_time-0.5) * 90 * 6) * 1",
						"Math.cos((query.anim_time-0) * 90 * 3) * 3",
						"-Math.cos((query.anim_time-0.5) * 90 * 3) * 4"
					]
				},
				"head": {
					"rotation": [
						"0+Math.cos((query.anim_time-0.6) * 90 * 6) * 1",
						"-Math.cos((query.anim_time-0.2) * 90 * 3) * 1",
						"Math.cos((query.anim_time-0.2) * 90 * 3) * 3"
					]
				},
				"ear_left": {
					"rotation": ["2*Math.cos((query.anim_time-0.2) * 90 * 6) * -1", 0, 0]
				},
				"ear_right": {
					"rotation": ["2*Math.cos((query.anim_time-0.2) * 90 * 6) * -1", 0, 0]
				}
			}
		},
		"animation.morpeko.blink": {
			"animation_length": 0.16667,
			"bones": {
				"eyelid_right": {
					"position": {
						"0.0": [0, 0, -0.1],
						"0.125": [0, 0, -0.1],
						"0.1667": [0, 0, 0]
					}
				},
				"eyelid_left": {
					"position": {
						"0.0": [0, 0, -0.1],
						"0.125": [0, 0, -0.1],
						"0.1667": [0, 0, 0]
					}
				}
			}
		},
		"animation.morpeko.cry": {
			"animation_length": 1,
			"bones": {
				"mouth_closed": {
					"position": {
						"0.0833": [0, 0, 0],
						"0.1667": {"pre": [0, 0, 0], "post": [0, 0, 0.1]},
						"0.9167": [0, 0, 0.1],
						"1.0": {"pre": [0, 0, 0.1], "post": [0, 0, 0]}
					}
				},
				"mouth_open": {
					"position": {
						"0.0833": [0, 0, 0],
						"0.1667": {"pre": [0, 0, 0], "post": [0, 0, -0.1]},
						"0.9167": [0, 0, -0.1],
						"1.0": {"pre": [0, 0, -0.1], "post": [0, 0, 0]}
					}
				},
				"head": {
					"rotation": {
						"0.0833": [0, 0, 0],
						"0.1667": [-5, 0, 0],
						"0.9167": [-5, 0, 0],
						"1.0": [0, 0, 0]
					}
				}
			}
		}
	}
}