{
	"format_version": "1.8.0",
	"animations": {
		"animation.nihilego_fused.ground_idle": {
			"loop": true,
			"bones": {
				"nihilego_fused": {
					"position": [-29, 0, 0]
				},
				"body": {
					"position": [-1, 0, 15]
				},
				"leg_left_front": {
					"rotation": ["63.1484+math.sin(q.anim_time*90*1-60)*3", -10.21235, -7.24677]
				},
				"leg_left_front2": {
					"rotation": ["-10+math.sin(q.anim_time*90*1-120)*6", 0, 0]
				},
				"leg_left_front3": {
					"rotation": ["-10+math.sin(q.anim_time*90*1-180)*9", 0, 0]
				},
				"leg_left_front4": {
					"rotation": ["-12.5+math.sin(q.anim_time*90*1-210)*12", 0, 0]
				},
				"finger_left1": {
					"rotation": [0, 0, 17.5]
				},
				"finger_left2": {
					"rotation": [-15.77241, -0.41054, 21.63402]
				},
				"finger_left3": {
					"rotation": [-22.66667, -2.066, -31.51303]
				},
				"finger_left4": {
					"rotation": [0, 0, -12.5]
				},
				"leg_left_side": {
					"rotation": ["0+math.sin(q.anim_time*90*1-60)*3", 0, 30]
				},
				"leg_left_side2": {
					"rotation": ["-5+math.sin(q.anim_time*90*1-120)*6", -12.5, 0]
				},
				"leg_left_side3": {
					"rotation": ["-10+math.sin(q.anim_time*90*1-180)*9", -12.5, 0]
				},
				"leg_left_side4": {
					"rotation": ["-12.5+math.sin(q.anim_time*90*1-210)*12", -12.5, 0]
				},
				"finger_side1": {
					"rotation": [0, 0, -22.5]
				},
				"finger_side2": {
					"rotation": [-19.56319, 6.38315, -39.00382]
				},
				"finger_side3": {
					"rotation": [-24.74382, 1.65268, 42.16477]
				},
				"finger_side4": {
					"rotation": [0, 0, 15]
				},
				"leg_back_front_left": {
					"rotation": ["41.4928+math.sin(q.anim_time*90*1-60)*3", -23.44712, -4.50687]
				},
				"leg_back_front_left2": {
					"rotation": ["12.5462+math.sin(q.anim_time*90*1-120)*6", -4.88119, -1.08482]
				},
				"leg_back_front_left3": {
					"rotation": ["20+math.sin(q.anim_time*90*1-180)*9", 0, 0]
				},
				"leg_back_front_left4": {
					"rotation": ["7.5283+math.sin(q.anim_time*90*1-210)*12", 4.95712, 0.65426]
				},
				"leg_back_left": {
					"rotation": ["0-math.sin(q.anim_time*90*1-60)*3", 0, 35]
				},
				"leg_back_left2": {
					"rotation": [-10.34527, 14.76689, -2.66399]
				},
				"leg_back_left3": {
					"rotation": ["-10-math.sin(q.anim_time*90*1-180)*9", 0, 0]
				},
				"leg_back_left4": {
					"rotation": [-12.51153, 2.4407, -0.54143]
				},
				"leg_right_front": {
					"rotation": ["60.9182+math.sin(q.anim_time*90*1-60)*3", -5.05325, 24.02135]
				},
				"leg_right_front2": {
					"rotation": ["-12.5+math.sin(q.anim_time*90*1-120)*6", 10, 0]
				},
				"leg_right_front3": {
					"rotation": ["-7.5+math.sin(q.anim_time*90*1-180)*9", 10, 0]
				},
				"leg_right_front4": {
					"rotation": ["-7.5+math.sin(q.anim_time*90*1-210)*12", 10, 0]
				},
				"finger_right1": {
					"rotation": [0, 0, -20]
				},
				"finger_right2": {
					"rotation": [-32.15235, 1.15535, -45.69505]
				},
				"finger_right3": {
					"rotation": [-24.75948, 3.07169, 34.61432]
				},
				"finger_right4": {
					"rotation": [0, 0, 17.5]
				},
				"leg_right_side": {
					"rotation": ["0+math.sin(q.anim_time*90*1-60)*3", 0, -25]
				},
				"leg_right_side2": {
					"rotation": ["-7.6144+math.sin(q.anim_time*90*1-120)*6", 9.91358, -1.31845]
				},
				"leg_right_side3": {
					"rotation": ["-12.6866+math.sin(q.anim_time*90*1-180)*9", 9.76061, -2.18558]
				},
				"leg_right_side4": {
					"rotation": ["-15.1235+math.sin(q.anim_time*90*1-210)*12", 7.24305, -1.95155]
				},
				"finger_side5": {
					"rotation": [0, 0, 25]
				},
				"finger_side6": {
					"rotation": [-20.46806, 1.14672, 28.3133]
				},
				"finger_side7": {
					"rotation": [-33.59794, -9.20256, -48.63781]
				},
				"finger_side8": {
					"rotation": [0, 0, -40]
				},
				"leg_back_front_right": {
					"rotation": ["32.6103-math.sin(q.anim_time*90*1-60)*3", 15.36534, 1.90753]
				},
				"leg_back_front_right2": {
					"rotation": ["12.5462-math.sin(q.anim_time*90*1-120)*6", 4.88119, 1.08482]
				},
				"leg_back_front_right3": {
					"rotation": ["15-math.sin(q.anim_time*90*1-180)*9", 0, 0]
				},
				"leg_back_front_right4": {
					"rotation": ["15.0547-math.sin(q.anim_time*90*1-210)*12", -4.82922, -1.29717]
				},
				"leg_back_right": {
					"rotation": ["0+math.sin(q.anim_time*90*1-60)*3", 0, -35]
				},
				"leg_back_right2": {
					"rotation": [-20, 0, 0]
				},
				"leg_back_right3": {
					"rotation": ["-25.1891+math.sin(q.anim_time*90*1-180)*9", -6.79382, 3.18458]
				},
				"leg_back_right4": {
					"rotation": [-15.12353, -7.24305, 1.95155]
				},
				"leg_left": {
					"rotation": [0, 0, "0-math.sin(q.anim_time*90*1-60)*9"]
				},
				"leg_right": {
					"rotation": [0, 0, "+math.sin(q.anim_time*90*1-60)*9"]
				},
				"leg_back": {
					"rotation": ["+math.sin(q.anim_time*90*1-60)*3", 0, 0]
				}
			}
		},
		"animation.nihilego_fused.shoulder_left": {
			"loop": true,
			"bones": {
				"nihilego_fused": {
					"position": [-29, 0, 0]
				},
				"body": {
					"position": [25.5, -22, -6]
				},
				"leg_left_front": {
					"rotation": [63.1484, -10.21235, -7.24677]
				},
				"leg_left_front2": {
					"rotation": [-10, 0, 0]
				},
				"leg_left_front3": {
					"rotation": [-10, 0, 0]
				},
				"leg_left_front4": {
					"rotation": [-12.5, 0, 0]
				},
				"finger_left1": {
					"rotation": [0, 0, 17.5]
				},
				"finger_left2": {
					"rotation": [-15.77241, -0.41054, 21.63402]
				},
				"finger_left3": {
					"rotation": [-22.66667, -2.066, -31.51303]
				},
				"finger_left4": {
					"rotation": [0, 0, -12.5]
				},
				"leg_left_side": {
					"rotation": [0, 0, 30]
				},
				"leg_left_side2": {
					"rotation": [-5, -12.5, 0]
				},
				"leg_left_side3": {
					"rotation": [-10, -12.5, 0]
				},
				"leg_left_side4": {
					"rotation": [-12.5, -12.5, 0]
				},
				"finger_side1": {
					"rotation": [0, 0, -22.5]
				},
				"finger_side2": {
					"rotation": [-19.56319, 6.38315, -39.00382]
				},
				"finger_side3": {
					"rotation": [-24.74382, 1.65268, 42.16477]
				},
				"finger_side4": {
					"rotation": [0, 0, 15]
				},
				"leg_back_front_left": {
					"rotation": [41.49283, -23.44712, -4.50687]
				},
				"leg_back_front_left2": {
					"rotation": [12.54624, -4.88119, -1.08482]
				},
				"leg_back_front_left3": {
					"rotation": [20, 0, 0]
				},
				"leg_back_front_left4": {
					"rotation": [7.52832, 4.95712, 0.65426]
				},
				"leg_back_left": {
					"rotation": [0, 0, 35]
				},
				"leg_back_left2": {
					"rotation": [-10.34527, 14.76689, -2.66399]
				},
				"leg_back_left3": {
					"rotation": [-10, 0, 0]
				},
				"leg_back_left4": {
					"rotation": [-12.51153, 2.4407, -0.54143]
				},
				"leg_right_front": {
					"rotation": [60.91823, -5.05325, 24.02135]
				},
				"leg_right_front2": {
					"rotation": [-12.5, 10, 0]
				},
				"leg_right_front3": {
					"rotation": [-7.5, 10, 0]
				},
				"leg_right_front4": {
					"rotation": [-7.5, 10, 0]
				},
				"finger_right1": {
					"rotation": [0, 0, -20]
				},
				"finger_right2": {
					"rotation": [-32.15235, 1.15535, -45.69505]
				},
				"finger_right3": {
					"rotation": [-24.75948, 3.07169, 34.61432]
				},
				"finger_right4": {
					"rotation": [0, 0, 17.5]
				},
				"leg_right_side": {
					"rotation": [0, 0, -25]
				},
				"leg_right_side2": {
					"rotation": [-7.61435, 9.91358, -1.31845]
				},
				"leg_right_side3": {
					"rotation": [-12.68664, 9.76061, -2.18558]
				},
				"leg_right_side4": {
					"rotation": [-15.12353, 7.24305, -1.95155]
				},
				"finger_side5": {
					"rotation": [0, 0, 25]
				},
				"finger_side6": {
					"rotation": [-20.46806, 1.14672, 28.3133]
				},
				"finger_side7": {
					"rotation": [-33.59794, -9.20256, -48.63781]
				},
				"finger_side8": {
					"rotation": [0, 0, -40]
				},
				"leg_back_front_right": {
					"rotation": [32.61025, 15.36534, 1.90753]
				},
				"leg_back_front_right2": {
					"rotation": [12.54624, 4.88119, 1.08482]
				},
				"leg_back_front_right3": {
					"rotation": [15, 0, 0]
				},
				"leg_back_front_right4": {
					"rotation": [15.0547, -4.82922, -1.29717]
				},
				"leg_back_right": {
					"rotation": [0, 0, -35]
				},
				"leg_back_right2": {
					"rotation": [-20, 0, 0]
				},
				"leg_back_right3": {
					"rotation": [-25.18908, -6.79382, 3.18458]
				},
				"leg_back_right4": {
					"rotation": [-15.12353, -7.24305, 1.95155]
				}
			}
		}
	}
}