{
	"format_version": "1.8.0",
	"animations": {
		"animation.pancham.ground_idle": {
			"loop": true,
			"bones": {
				"torso": {
					"rotation": [0, 10, 0]
				},
				"head": {
					"rotation": [5, -10, 0]
				},
				"arm_left": {
					"rotation": [0, 0, -40]
				},
				"arm_right": {
					"rotation": [0, 0, 40]
				},
				"left_leg": {
					"rotation": [0, 10, 0]
				},
				"right_leg": {
					"rotation": [0, -10, 0]
				},
				"elbow_right": {
					"rotation": [0, 0, 5]
				},
				"eblow_left": {
					"rotation": [0, 0, -5]
				}
			}
		},
		"animation.pancham.cry": {
			"animation_length": 1.25,
			"bones": {
				"head": {
					"rotation": {
						"0.0": [0, 0, 0],
						"0.1667": [-15, 0, 0],
						"0.25": [-17.5, 0, 0],
						"0.8333": [-17.78, 0, 0],
						"0.9167": [-15, 0, 0],
						"1.0833": [0, 0, 0]
					}
				},
				"mouth_opened": {
					"position": {
						"0.0": [0, 0, 0],
						"0.1667": [0, 0, -0.1],
						"0.8333": [0, 0, -0.1],
						"1.0833": [0, 0, 0]
					}
				}
			}
		},
		"animation.pancham.blink": {
			"animation_length": 0.16667,
			"bones": {
				"eye_left_closed": {
					"position": {
						"0.0": [0, 0, -0.1],
						"0.125": [0, 0, -0.1],
						"0.1667": [0, 0, 0]
					}
				},
				"eye_right_closed": {
					"position": {
						"0.0": [0, 0, -0.1],
						"0.125": [0, 0, -0.1],
						"0.1667": [0, 0, 0]
					}
				}
			}
		},
		"animation.pancham.render": {
			"loop": true,
			"bones": {
				"torso": {
					"rotation": [0, 32.5, 0]
				},
				"head": {
					"rotation": [7.5, -12.5, 0]
				},
				"leaf": {
					"rotation": [-5, 0, 0]
				},
				"arm_left": {
					"rotation": [-351.6967, -40.9039, -396.03587]
				},
				"left_leg": {
					"rotation": [7.5, 20, 0]
				},
				"arm_right": {
					"rotation": [-20, -7.5, 52.5]
				},
				"right_leg": {
					"rotation": [0, -10, 0]
				},
				"pancham": {
					"rotation": [0, -20, 0]
				}
			}
		}
	}
}