{
	"format_version": "1.8.0",
	"animations": {
		"animation.pidgeot_mega.ground_idle": {
			"loop": true,
			"bones": {
				"body": {
					"position": [0, -0.1, 0]
				},
				"torso": {
					"rotation": [-15, 0, 0]
				},
				"wing_closed_left": {
					"rotation": [-15.01365, 2.41476, -0.64743]
				},
				"wing_closed_left2": {
					"rotation": [27.58957, -4.43385, -2.31336]
				},
				"wing_closed_left3": {
					"rotation": [17.64168, -7.15102, -2.26708]
				},
				"tail": {
					"rotation": [-10, 0, 0]
				},
				"neck": {
					"rotation": [20, 0, 0]
				},
				"head": {
					"rotation": [-2.5, 0, 0]
				},
				"leg_right": {
					"rotation": [2.56834, 13.90237, 10.26538]
				},
				"foot_right": {
					"rotation": [0, 0, -10]
				},
				"leg_left": {
					"rotation": [1.94714, -14.21826, -7.70881]
				},
				"foot_left": {
					"rotation": [0, 0, 7.5]
				},
				"wing_open_right": {
					"scale": 0
				},
				"wing_open_right2": {
					"rotation": [2.82275, 60.05071, -2.38486],
					"position": [0, 0.75, -0.75]
				},
				"wing_open_right3": {
					"rotation": [-1.44261, 29.96852, -2.88614]
				},
				"wing_open_left": {
					"scale": 0
				},
				"wing_closed_right": {
					"rotation": [-15.01365, -2.41476, 0.64743]
				},
				"wing_closed_right2": {
					"rotation": [27.58957, 4.43385, 2.31336]
				},
				"wing_closed_right3": {
					"rotation": [17.64168, 7.15102, 2.26708]
				},
				"hair3": {
					"rotation": [-10, 0, 0]
				},
				"hair6": {
					"rotation": [15, 0, 0]
				},
				"hair_back": {
					"rotation": [-19.93938, -12.48791, -0.55404]
				},
				"bone10": {
					"rotation": [10.59148, -19.75167, -3.17522]
				},
				"bone11": {
					"rotation": [-15.91527, -19.291, 5.38152]
				},
				"bone12": {
					"rotation": [-20.10443, 7.32123, -1.63219]
				},
				"bone13": {
					"rotation": [-17.79362, 12.19908, -2.74715]
				},
				"bone14": {
					"rotation": [10.11435, -9.91358, -1.31845]
				},
				"bone15": {
					"rotation": [20.91527, -19.291, -5.38152]
				}
			}
		},
		"animation.pidgeot_mega.air_idle": {
			"loop": true,
			"animation_length": 1.33333,
			"bones": {
				"body": {
					"rotation": ["-10+math.sin(q.anim_time*90*3-60)*-1", 0, 0],
					"position": [0, "10+math.sin(q.anim_time*90*3-30)*-2", "math.sin(q.anim_time*90*3-30)*-0.5"]
				},
				"torso": {
					"rotation": ["-15+math.sin(q.anim_time*90*3-60)*-3", 0, 0]
				},
				"wing_closed_left": {
					"rotation": [-93.47882, -7.48957, -87.29442],
					"position": [0, -1, 6],
					"scale": 0
				},
				"wing_closed_left2": {
					"rotation": [5.08957, -4.43385, -2.31336]
				},
				"wing_closed_left3": {
					"rotation": [0.14168, -7.15102, -2.26708]
				},
				"tail": {
					"rotation": ["-10+math.sin(q.anim_time*90*3)*10", 0, 0]
				},
				"tail_left": {
					"rotation": [8.0352, -0.67621, 4.9829]
				},
				"tail_right": {
					"rotation": [8.27991, 1.031, -7.46967]
				},
				"tail_left2": {
					"rotation": [12.64619, -1.47498, 22.81474]
				},
				"tail_right2": {
					"rotation": [12.64619, 1.47498, -22.81474]
				},
				"neck": {
					"rotation": ["30+math.sin(q.anim_time*90*3-70)*-5", 0, 0]
				},
				"head": {
					"rotation": ["-5+math.sin(q.anim_time*90*3-70)*10", 0, 0]
				},
				"leg_right": {
					"rotation": ["40+math.sin(q.anim_time*90*3-90)*-10", 0, 0]
				},
				"foot_right": {
					"rotation": ["15+math.sin(q.anim_time*90*3-150)*5", 0, -7.5]
				},
				"leg_left": {
					"rotation": ["40+math.sin(q.anim_time*90*3-90)*-10", 0, 0]
				},
				"foot_left": {
					"rotation": ["15+math.sin(q.anim_time*90*3-150)*5", 0, 7.5]
				},
				"wing_open_right": {
					"rotation": [-10, -5, "-5+math.sin(q.anim_time*90*3)*60"],
					"position": [0, "math.sin(q.anim_time*90*3)*-0.5", 0]
				},
				"wing_open_right2": {
					"rotation": [0.3024, -7.01899, "-7.218+math.sin(q.anim_time*90*3-70)*40"]
				},
				"wing_open_right3": {
					"rotation": [0, 0, "math.sin(q.anim_time*90*3-120)*30"]
				},
				"hair2": {
					"rotation": ["math.sin(q.anim_time*90*3-90)*1", 0, 0]
				},
				"hair3": {
					"rotation": ["math.sin(q.anim_time*90*3-90)*5+4", 0, 0]
				},
				"hair6": {
					"rotation": ["math.sin(q.anim_time*90*3-300)*20+2.5", 0, 0]
				},
				"leg_right2": {
					"rotation": ["-15+math.sin(q.anim_time*90*3-120)*15", 0, 0]
				},
				"toe_back_right": {
					"rotation": [-60, 0, 0]
				},
				"claw_back_right": {
					"rotation": [-23.06545, 0.03421, 1.5838]
				},
				"toe_inner_right": {
					"rotation": [37.5, 0, 0]
				},
				"claw_inner_right": {
					"rotation": [25, 0, 0]
				},
				"toe_middle_right": {
					"rotation": [35, 0, 0]
				},
				"claw_middle_right": {
					"rotation": [20, 0, 0]
				},
				"toe_outer_right": {
					"rotation": [55, 0, 0]
				},
				"claw_outer_right": {
					"rotation": [20, 0, 0]
				},
				"leg_left2": {
					"rotation": ["-15+math.sin(q.anim_time*90*3-120)*15", 0, 0]
				},
				"toe_back_left": {
					"rotation": [-60, 0, 0]
				},
				"claw_back_left": {
					"rotation": [-23.06545, -0.03421, -1.5838]
				},
				"toe_inner_left": {
					"rotation": [37.5, 0, 0]
				},
				"claw_inner_left": {
					"rotation": [25, 0, 0]
				},
				"toe_middle_left": {
					"rotation": [35, 0, 0]
				},
				"claw_middle_left": {
					"rotation": [20, 0, 0]
				},
				"toe_outer_left": {
					"rotation": [55, 0, 0]
				},
				"claw_outer_left": {
					"rotation": [20, 0, 0]
				},
				"wing_open_right4": {
					"rotation": [0, 0, "math.sin(q.anim_time*90*3-140)*40"]
				},
				"wing_open_left": {
					"rotation": [-10, 5, "5+math.sin(q.anim_time*90*3)*-60"],
					"position": [0, "math.sin(q.anim_time*90*3)*-0.5", 0]
				},
				"wing_open_left2": {
					"rotation": [0.30239, 7.01899, "7.218+math.sin(q.anim_time*90*3-70)*-40"]
				},
				"wing_open_left3": {
					"rotation": [0, 0, "-(math.sin(q.anim_time*90*3-120)*30)"]
				},
				"wing_open_left4": {
					"rotation": [0, 0, "-(math.sin(q.anim_time*90*3-140)*40)"]
				},
				"wing_closed_right": {
					"rotation": [-93.47882, 7.48957, 87.29442],
					"position": [0, -1, 6],
					"scale": 0
				},
				"wing_closed_right2": {
					"rotation": [5.08957, 4.43385, 2.31336]
				},
				"wing_closed_right3": {
					"rotation": [0.14168, 7.15102, 2.26708]
				},
				"bone2": {
					"rotation": [-3.17805, -32.36121, 5.92236]
				},
				"bone3": {
					"rotation": [3.09472, 22.29711, 8.11003]
				},
				"bone5": {
					"rotation": [0, -65, 0]
				},
				"bone4": {
					"rotation": [0, 0, -7.5]
				},
				"bone6": {
					"rotation": [0, 65, 0]
				},
				"bone7": {
					"rotation": [-3.17805, 32.36121, -5.92236]
				},
				"bone8": {
					"rotation": [3.09472, -22.29711, -8.11003]
				},
				"bone9": {
					"rotation": [0, 0, 7.5]
				},
				"hair_back": {
					"rotation": [-19.93938, -12.48791, -0.55404]
				},
				"bone10": {
					"rotation": [10.59148, -19.75167, -3.17522]
				},
				"bone11": {
					"rotation": [-15.91527, -19.291, 5.38152]
				},
				"bone12": {
					"rotation": [-20.10443, 7.32123, -1.63219]
				},
				"bone13": {
					"rotation": [-17.79362, 12.19908, -2.74715]
				},
				"bone14": {
					"rotation": [10.11435, -9.91358, -1.31845]
				},
				"bone15": {
					"rotation": [20.91527, -19.291, -5.38152]
				}
			}
		},
		"animation.pidgeot_mega.sleep": {
			"loop": true,
			"bones": {
				"torso": {
					"rotation": [0, 0, 0],
					"position": [0, -3, 0]
				},
				"crest": {
					"rotation": [7.5, 0, 0]
				},
				"eyelid_right": {
					"position": [-0.1, 0, -0.1]
				},
				"eyelid_left": {
					"position": [0.1, 0, -0.1]
				},
				"tail": {
					"rotation": [42.5, 0, 0]
				},
				"hair6": {
					"rotation": [50, 0, 0]
				},
				"toe_outer_right": {
					"rotation": [0, -5, 0]
				},
				"toe_inner_right": {
					"rotation": [0, 5, 0]
				},
				"toe_inner_left": {
					"rotation": [0, -5, 0]
				},
				"toe_outer_left": {
					"rotation": [0, 5, 0]
				},
				"wing_closed_left": {
					"rotation": [-17.67121, 7.05748, -2.4683]
				},
				"wing_closed_left2": {
					"rotation": [14.94561, -17.54607, -2.14103]
				},
				"wing_closed_left3": {
					"rotation": [15.50409, -14.47751, -3.96713]
				},
				"wing_closed_right": {
					"rotation": [-17.67121, -7.0575, 2.4683]
				},
				"wing_closed_right2": {
					"rotation": [14.94561, 17.5461, 2.141]
				},
				"wing_closed_right3": {
					"rotation": [15.50409, 14.4775, 3.9671]
				},
				"wing_open_right": {
					"scale": 0
				},
				"wing_open_left": {
					"scale": 0
				},
				"neck": {
					"rotation": [20, 0, 0]
				},
				"head": {
					"rotation": [-7.5, 0, 0]
				},
				"hair3": {
					"rotation": [-7.5, 0, 0]
				}
			}
		},
		"animation.pidgeot_mega.air_fly": {
			"loop": true,
			"animation_length": 0.75,
			"bones": {
				"torso": {
					"rotation": [-5, 0, 0]
				},
				"tail": {
					"rotation": [7.5, 0, 0]
				},
				"leg_right": {
					"position": [0, 1, 0.25]
				},
				"leg_right2": {
					"rotation": [-60, 0, 0]
				},
				"foot_right": {
					"rotation": [35, 0, 0]
				},
				"claw_back_right": {
					"rotation": [-45, 0, 0]
				},
				"toe_inner_right": {
					"rotation": [45, 0, 0]
				},
				"toe_outer_right": {
					"rotation": [45, 0, 0]
				},
				"claw_outer_right": {
					"rotation": [45, 0, 0]
				},
				"leg_left": {
					"position": [0, 1, 0.25]
				},
				"leg_left2": {
					"rotation": [-65, 0, 0]
				},
				"foot_left": {
					"rotation": [45, 0, 0]
				},
				"toe_back_left": {
					"rotation": [-60, 0, 0]
				},
				"toe_inner_left": {
					"rotation": [45, 0, 0]
				},
				"toe_outer_left": {
					"rotation": [45, 0, 0]
				},
				"body": {
					"rotation": [12.5, 0, 0]
				},
				"head": {
					"rotation": [-75, 0, 0],
					"position": [0, 0.5, 0]
				},
				"toe_back_right": {
					"rotation": [-60, 0, 0]
				},
				"claw_inner_right": {
					"rotation": [45, 0, 0]
				},
				"claw_back_left": {
					"rotation": [-45, 0, 0]
				},
				"claw_inner_left": {
					"rotation": [45, 0, 0]
				},
				"claw_outer_left": {
					"rotation": [45, 0, 0]
				},
				"neck": {
					"rotation": [70.5, 0, 0]
				},
				"hair2": {
					"rotation": [0, 0, 0]
				},
				"hair3": {
					"rotation": [30, 0, 0]
				},
				"hair6": {
					"rotation": [7.5, 0, 0]
				},
				"toe_outer_right2": {
					"rotation": [60, 0, 0]
				},
				"toe_middle_right": {
					"rotation": [45, 0, 0]
				},
				"toe_middle_right2": {
					"rotation": [60, 0, 0]
				},
				"claw_middle_right": {
					"rotation": [45, 0, 0]
				},
				"toe_inner_right2": {
					"rotation": [60, 0, 0]
				},
				"toe_inner_left2": {
					"rotation": [60, 0, 0]
				},
				"toe_middle_left": {
					"rotation": [45, 0, 0]
				},
				"toe_middle_left2": {
					"rotation": [60, 0, 0]
				},
				"claw_middle_left": {
					"rotation": [45, 0, 0]
				},
				"toe_outer_left2": {
					"rotation": [60, 0, 0]
				},
				"wing_closed_left": {
					"scale": [1, 0, 0]
				},
				"wing_closed_right": {
					"scale": 0
				},
				"hair_back": {
					"rotation": [-19.93938, -12.48791, -0.55404]
				},
				"bone10": {
					"rotation": [10.59148, -19.75167, -3.17522]
				},
				"bone11": {
					"rotation": [-15.91527, -19.291, 5.38152]
				},
				"bone12": {
					"rotation": [-20.10443, 7.32123, -1.63219]
				},
				"bone13": {
					"rotation": [-17.79362, 12.19908, -2.74715]
				},
				"bone14": {
					"rotation": [10.11435, -9.91358, -1.31845]
				},
				"bone15": {
					"rotation": [20.91527, -19.291, -5.38152]
				}
			}
		},
		"animation.pidgeot_mega.cry": {
			"animation_length": 1.08333,
			"bones": {
				"neck": {
					"rotation": {
						"0.0": {
							"post": [0, 0, 0],
							"lerp_mode": "catmullrom"
						},
						"0.2083": {
							"post": [-10, 0, 0],
							"lerp_mode": "catmullrom"
						},
						"0.5": {
							"post": [2.5, 0, 0],
							"lerp_mode": "catmullrom"
						},
						"0.625": {
							"post": [0, 0, 0],
							"lerp_mode": "catmullrom"
						},
						"0.8333": {
							"post": [0, 0, 0],
							"lerp_mode": "catmullrom"
						}
					},
					"position": {
						"0.0": {
							"post": [0, 0, 0],
							"lerp_mode": "catmullrom"
						},
						"0.8333": {
							"post": [0, 0, 0],
							"lerp_mode": "catmullrom"
						}
					}
				},
				"head": {
					"rotation": {
						"0.0": {
							"post": [0, 0, 0],
							"lerp_mode": "catmullrom"
						},
						"0.2083": {
							"post": [7.5, 0, 0],
							"lerp_mode": "catmullrom"
						},
						"0.5": {
							"post": [-2.94, 0, 0],
							"lerp_mode": "catmullrom"
						},
						"0.8333": {
							"post": [0, 0, 0],
							"lerp_mode": "catmullrom"
						}
					},
					"position": {
						"0.0": {
							"post": [0, 0, 0],
							"lerp_mode": "catmullrom"
						},
						"0.8333": {
							"post": [0, 0, 0],
							"lerp_mode": "catmullrom"
						}
					}
				},
				"jaw": {
					"rotation": {
						"0.0": {
							"post": [0, 0, 0],
							"lerp_mode": "catmullrom"
						},
						"0.2083": {
							"post": [45, 0, 0],
							"lerp_mode": "catmullrom"
						},
						"0.4167": {
							"post": [45, 0, 0],
							"lerp_mode": "catmullrom"
						},
						"0.5": {
							"post": [0, 0, 0],
							"lerp_mode": "catmullrom"
						},
						"0.5833": {
							"post": [47.5, 0, 0],
							"lerp_mode": "catmullrom"
						},
						"0.8333": {
							"post": [0, 0, 0],
							"lerp_mode": "catmullrom"
						}
					},
					"position": {
						"0.0": {
							"post": [0, 0, 0],
							"lerp_mode": "catmullrom"
						},
						"0.8333": {
							"post": [0, 0, 0],
							"lerp_mode": "catmullrom"
						}
					}
				}
			},
			"sound_effects": {
				"0.0": {
					"effect": "pokemon.pidgeot_mega.cry"
				}
			}
		},
		"animation.pidgeot_mega.blink": {
			"animation_length": 0.1667,
			"bones": {
				"eyelid_left": {
					"position": {
						"0.0": [0.1, 0, -0.1],
						"0.125": [0.1, 0, -0.1],
						"0.1667": [0, 0, 0]
					}
				},
				"eyelid_right": {
					"position": {
						"0.0": [-0.1, 0, -0.1],
						"0.125": [-0.1, 0, -0.1],
						"0.1667": [0, 0, 0]
					}
				}
			}
		},
		"animation.pidgeot_mega.pose": {
			"loop": true,
			"bones": {
				"body": {
					"position": [0, -0.1, 0]
				},
				"torso": {
					"rotation": [-15, 0, 0]
				},
				"wing_closed_left": {
					"rotation": [-15.22074, 9.65594, -2.61298]
				},
				"wing_closed_left2": {
					"rotation": [24.305, 23.27529, -2.65233]
				},
				"wing_closed_left3": {
					"rotation": [18.29388, -16.66577, -5.41615]
				},
				"tail": {
					"rotation": [-10, 0, 0]
				},
				"tail_left": {
					"rotation": [0, -5, 0]
				},
				"tail_right": {
					"rotation": [0, 5, 0]
				},
				"tail_left2": {
					"rotation": [-2.34484, -17.48462, 0.75259]
				},
				"tail_right2": {
					"rotation": [-2.35248, 14.98672, -0.64986]
				},
				"neck": {
					"rotation": [30.02824, -9.90705, -2.84919]
				},
				"head": {
					"rotation": [-10.21794, -4.66522, 0.19098]
				},
				"hair2": {
					"rotation": [4.95392, -1.08089, 4.88206]
				},
				"hair3": {
					"rotation": [-0.45572, -1.76309, -5.67259]
				},
				"hair6": {
					"rotation": [-26.93488, 2.86313, 9.82648],
					"position": [0, -0.75, 0]
				},
				"pupil_left": {
					"position": [0.25, -0.25, 0]
				},
				"pupil_right": {
					"position": [0.25, -0.25, 0]
				},
				"leg_right": {
					"rotation": [2.56834, 13.90237, 10.26538]
				},
				"foot_right": {
					"rotation": [0, 0, -10]
				},
				"leg_left": {
					"rotation": [1.94714, -14.21826, -7.70881]
				},
				"foot_left": {
					"rotation": [0, 0, 7.5]
				},
				"wing_open_right": {
					"rotation": [-25.57342, -1.43504, -15.40247]
				},
				"wing_open_right2": {
					"rotation": [3.09472, -22.29711, -8.11003],
					"position": [1.5, 0, 0]
				},
				"wing_open_right3": {
					"rotation": [0, 10, 0]
				},
				"wing_open_right4": {
					"rotation": [0, 0, -10]
				},
				"wing_open_left": {
					"scale": 0
				},
				"wing_closed_right": {
					"scale": 0
				}
			}
		},
		"animation.pidgeot_mega.render": {
			"loop": true,
			"bones": {
				"body": {
					"rotation": [-42.5, 0, 0],
					"position": [0, 11, 0]
				},
				"torso": {
					"rotation": [-2.50954, -4.99523, 0.21865]
				},
				"wing_closed_left": {
					"scale": 0
				},
				"wing_closed_right": {
					"scale": 0
				},
				"wing_open_right": {
					"rotation": [-12.69486, -20.60959, 10.97199],
					"position": [0.5, -1, 0]
				},
				"wing_open_right2": {
					"rotation": [3.81397, -11.91276, 19.60193]
				},
				"wing_open_right3": {
					"rotation": [-2.59943, 9.5349, 1.3316]
				},
				"wing_open_right4": {
					"rotation": [0, 15, 0]
				},
				"wing_open_left": {
					"rotation": [-18.95891, 15.09492, -31.18939],
					"position": [-0.5, -1, 0]
				},
				"wing_open_left2": {
					"rotation": [3.28396, 12.06754, -22.15279]
				},
				"wing_open_left3": {
					"rotation": [-2.59943, -9.53488, -1.33157]
				},
				"wing_open_left4": {
					"rotation": [0, -15, 0]
				},
				"tail_left2": {
					"rotation": [0, 15, 0]
				},
				"tail_right2": {
					"rotation": [0, -12.5, 0]
				},
				"neck": {
					"rotation": [49.8924, 3.82821, -3.21873]
				},
				"head": {
					"rotation": [-4.96258, 4.92385, 0.87038],
					"position": [0, -1, -1]
				},
				"hair3": {
					"rotation": [9.27698, 7.95531, -15.83156]
				},
				"hair6": {
					"rotation": [27.86082, -8.86042, -4.65468]
				},
				"jaw": {
					"rotation": [65, 0, 0]
				},
				"leg_right": {
					"rotation": [-30.17583, -1.61888, 12.39638]
				},
				"leg_right2": {
					"rotation": [-27.24682, 17.04679, -14.9092]
				},
				"foot_right": {
					"rotation": [18.85088, 8.57499, -3.70573]
				},
				"toe_back_right": {
					"rotation": [-42.5, 0, 0]
				},
				"claw_back_right": {
					"rotation": [-47.5, 0, 0]
				},
				"toe_inner_right": {
					"rotation": [35, -15, 0]
				},
				"claw_inner_right": {
					"rotation": [22.5, 0, 0]
				},
				"toe_middle_right": {
					"rotation": [15, 0, 0]
				},
				"claw_middle_right": {
					"rotation": [30, 0, 0]
				},
				"toe_outer_right": {
					"rotation": [30.39441, 10.95195, 6.6922]
				},
				"claw_outer_right": {
					"rotation": [57.5, 0, 0]
				},
				"leg_left": {
					"rotation": [20, 0, -17.5]
				},
				"leg_left2": {
					"rotation": [-21.54514, 9.06524, 12.0012]
				},
				"foot_left": {
					"rotation": [-7.41193, -14.98539, -0.66963]
				},
				"toe_back_left": {
					"rotation": [-35, 0, 0]
				},
				"claw_back_left": {
					"rotation": [-35, 0, 0]
				},
				"toe_inner_left": {
					"rotation": [42.5, 22.5, 0]
				},
				"claw_inner_left": {
					"rotation": [33.88502, -0.71144, 1.94739]
				},
				"toe_middle_left": {
					"rotation": [32.5, 0, 0]
				},
				"claw_middle_left": {
					"rotation": [22.5, 0, 0]
				},
				"toe_outer_left": {
					"rotation": [27.5, -20, 0]
				},
				"claw_outer_left": {
					"rotation": [47.5, 0, 0]
				},
				"bone5": {
					"rotation": [0, -65, 0]
				},
				"bone2": {
					"rotation": [-3.17805, -32.36121, 5.92236]
				},
				"bone3": {
					"rotation": [3.09472, 22.29711, 8.11003]
				},
				"pupil_left": {
					"position": [-0.5, -0.5, 0]
				},
				"pupil_right": {
					"position": [-0.25, -0.5, 0]
				},
				"bone4": {
					"rotation": [0, 10, -7.5]
				},
				"bone6": {
					"rotation": [0, 65, 0]
				},
				"bone7": {
					"rotation": [-3.17805, 32.36121, -5.92236]
				},
				"bone8": {
					"rotation": [3.09472, -22.29711, -8.11003]
				},
				"bone9": {
					"rotation": [0, -10, 7.5]
				},
				"hair_back": {
					"rotation": [-19.93938, -12.48791, -0.55404]
				},
				"bone10": {
					"rotation": [10.59148, -19.75167, -3.17522]
				},
				"bone11": {
					"rotation": [-15.91527, -19.291, 5.38152]
				},
				"bone12": {
					"rotation": [-20.10443, 7.32123, -1.63219]
				},
				"bone13": {
					"rotation": [-17.79362, 12.19908, -2.74715]
				},
				"bone14": {
					"rotation": [10.11435, -9.91358, -1.31845]
				},
				"bone15": {
					"rotation": [20.91527, -19.291, -5.38152]
				}
			}
		}
	}
}