{
	"format_version": "1.8.0",
	"animations": {
		"animation.poltchageist.ground_idle": {
			"loop": true,
			"bones": {
				"hand_right": {
					"rotation": ["-22.0182+math.sin(q.anim_time*90*3)*10", 4.75113, "11.5752+math.sin(q.anim_time*90*1.5-120)*10"],
					"position": [10.3, "-12.5+math.sin(q.anim_time*90*3-120)*-0.4", -12.2]
				},
				"hand_right2": {
					"rotation": [0, -58, 0]
				},
				"finger_1": {
					"rotation": [-35.97845, -61.77771, 39.48564]
				},
				"finger_2": {
					"rotation": [0, -67.5, 0]
				},
				"finger_3": {
					"rotation": [24.47573, -71.26211, -25.67324]
				},
				"hand_left": {
					"rotation": ["-21.8957+math.sin(q.anim_time*90*3)*10", 5.31202, "12.9718+math.sin(q.anim_time*90*1.5-90)*10"],
					"position": [-10.1, "-5+math.sin(q.anim_time*90*3-90)*0.4", -10]
				},
				"hand_left2": {
					"rotation": [0, 9, 0]
				},
				"finger_4": {
					"rotation": [0, 67.5, 0]
				},
				"finger_5": {
					"rotation": [0, 60, 0]
				},
				"finger_6": {
					"rotation": [0, 72.5, 0]
				},
				"lid": {
					"rotation": [0, 0, 0],
					"position": [0, -0.75, 0]
				},
				"goop": {
					"rotation": [0, "0+math.sin(q.anim_time*90*2-90)*0.5", 0],
					"position": [0, 1, 0]
				},
				"stick": {
					"rotation": [0, 21, 0],
					"position": [-1, 0, 0]
				},
				"body": {
					"rotation": ["0+math.sin(q.anim_time*90*0.75-90)*3", 0, "0+math.sin(q.anim_time*90*1.5-90)*3"],
					"position": ["0+math.sin(q.anim_time*90*1.5)*3", "18+math.sin(q.anim_time*90*3)*1", "0+math.sin(q.anim_time*90*3)*0.5"]
				},
				"goop2": {
					"rotation": [0, 0, 0],
					"position": [0, -1, 0]
				}
			}
		},
		"animation.poltchageist.ground_walk": {
			"loop": true,
			"bones": {
				"hand_right": {
					"rotation": ["-22.0182+math.sin(q.anim_time*90*3)*10", 4.75113, "11.5752+math.sin(q.anim_time*90*1.5-120)*10"],
					"position": [10.3, "-12.5+math.sin(q.anim_time*90*3-120)*-0.4", -12.2]
				},
				"hand_right2": {
					"rotation": [0, -58, 0]
				},
				"finger_1": {
					"rotation": [-35.97845, -61.77771, 39.48564]
				},
				"finger_2": {
					"rotation": [0, -67.5, 0]
				},
				"finger_3": {
					"rotation": [24.47573, -71.26211, -25.67324]
				},
				"hand_left": {
					"rotation": ["-21.8957+math.sin(q.anim_time*90*3)*10", 5.31202, "12.9718+math.sin(q.anim_time*90*1.5-90)*10"],
					"position": [-10.1, "-5+math.sin(q.anim_time*90*3-90)*0.4", -10]
				},
				"hand_left2": {
					"rotation": [0, 9, 0]
				},
				"finger_4": {
					"rotation": [0, 67.5, 0]
				},
				"finger_5": {
					"rotation": [0, 60, 0]
				},
				"finger_6": {
					"rotation": [0, 72.5, 0]
				},
				"lid": {
					"rotation": [0, 0, 0],
					"position": [0, "-2+0.25", 0]
				},
				"goop": {
					"rotation": [0, "0+math.sin(q.anim_time*90*2-90)*0.5", 0],
					"position": [0, "12+math.sin(q.anim_time*90*2-90)*0.5", 0]
				},
				"stick": {
					"rotation": [0, 21, 0],
					"position": [-1, 0, 0]
				},
				"body": {
					"rotation": [0, "0+math.sin(q.anim_time*90*1.5-90)*4", "0+math.sin(q.anim_time*90*1.5+60)*3"],
					"position": ["0+math.sin(q.anim_time*90*1.5)*2", "17+math.sin(q.anim_time*90*3)*1", "0+math.sin(q.anim_time*90*3)*0.5"]
				},
				"goop2": {
					"rotation": [0, 0, 0]
				}
			}
		}
	}
}