{
	"format_version": "1.8.0",
	"animations": {
		"animation.ragingbolt.ground_idle": {
			"loop": true,
			"bones": {
				"body": {
					"position": [0, -2.8, 0]
				},
				"leg_front_left": {
					"rotation": [-7.61947, 0.18532, -4.99533],
					"position": [2, 1.2, -0.5]
				},
				"leg_left": {
					"rotation": [-10, 0, 0]
				},
				"leg_left2": {
					"rotation": [17.43745, -1.50179, 4.76968]
				},
				"neck": {
					"rotation": [20, 0, 0]
				},
				"neck2": {
					"rotation": ["-10+math.sin(q.anim_time*90*1-90)*1.5", 0, 0]
				},
				"neck3": {
					"rotation": [-12.50106, -0.02202, -0.06972],
					"position": [0, -1, 0]
				},
				"torso": {
					"rotation": ["7.5+math.sin(q.anim_time*90*2-30)*1", 0, "0+math.cos(q.anim_time*90*1-90)*-0.5"],
					"position": [0, 1, 0]
				},
				"leg_back_right": {
					"rotation": [30.1512, -9.27101, -13.99013],
					"position": [1, -0.7, -1]
				},
				"leg_back_right2": {
					"rotation": [-37.07723, 6.06809, 3.99291]
				},
				"foot_back_right": {
					"rotation": [7.43656, -0.9762, 7.43656]
				},
				"bone2": {
					"rotation": [15, 0, 0]
				},
				"bone4": {
					"rotation": [-22.5, 0, 0]
				},
				"head": {
					"rotation": [17.5, 0, 0]
				},
				"leg_front_right": {
					"rotation": [-7.61947, -0.18532, 4.99533],
					"position": [-2, 1.2, -0.5]
				},
				"leg_right": {
					"rotation": [-10, 0, 0]
				},
				"leg_right2": {
					"rotation": [17.43745, 1.50179, -4.76968]
				},
				"leg_back_left": {
					"rotation": [30.1512, 9.27101, 13.99013],
					"position": [-1, -0.7, -1]
				},
				"leg_back_left2": {
					"rotation": [-37.07723, -6.06809, -3.99291]
				},
				"foot_back_left": {
					"rotation": [7.43656, 0.9762, -7.43656]
				},
				"bone24": {
					"rotation": [0, -26, 0]
				},
				"bone23": {
					"rotation": [0, -26, 0]
				},
				"bone22": {
					"rotation": [0, -26, 0]
				},
				"bone21": {
					"rotation": [0, -26, 0]
				},
				"bone20": {
					"rotation": [0, -26, 0]
				},
				"bone19": {
					"rotation": [0, -26, 0]
				},
				"bone18": {
					"rotation": [0, -26, 0]
				},
				"mane2": {
					"rotation": [0, -90, 0],
					"position": [2, 0.5, 9]
				},
				"bone10": {
					"rotation": [0, -26, 0]
				},
				"bone9": {
					"rotation": [0, -26, 0]
				},
				"bone11": {
					"rotation": [0, -26, 0]
				},
				"bone12": {
					"rotation": [0, -26, 0]
				},
				"bone13": {
					"rotation": [0, -26, 0]
				},
				"bone14": {
					"rotation": [0, -26, 0]
				},
				"bone": {
					"rotation": [-17.5, "math.sin(q.anim_time*90*2-45)*4", 0]
				},
				"middlepiece": {
					"rotation": [0, "-15 + q.anim_time * - 90", 0]
				}
			}
		},
		"animation.ragingbolt.ground_walk": {
			"loop": true,
			"animation_length": 5.125,
			"bones": {
				"body": {
					"position": [0, -2.8, 0]
				},
				"leg_front_left": {
					"rotation": ["0-math.sin(q.anim_time*90*2-180)*10", "0+math.sin(q.anim_time*90*2-180)*8", -10],
					"position": {
						"0.0": ["2+math.cos(q.anim_time*90*2-180)*0.2", "-0.5+math.clamp(math.cos(q.anim_time*90*2-180)*1.5,0,10)", "0-math.sin(q.anim_time*90*2-180)*0.8"],
						"0.5": ["0+math.cos(q.anim_time*90*2-180)*0.2", "math.clamp(math.cos(q.anim_time*90*2-180)*1.5,0,10)", "0-math.sin(q.anim_time*90*2-180)*0.8"],
						"1.4583": ["0+math.cos(q.anim_time*90*2-180)*0.2", "math.clamp(math.cos(q.anim_time*90*2-180)*1.5,0,10)", "0-math.sin(q.anim_time*90*2-180)*0.8"],
						"1.5": ["0+math.cos(q.anim_time*90*2-180)*0.2", "-1+math.clamp(math.cos(q.anim_time*90*2-180)*1.5,0,10)", "0-math.sin(q.anim_time*90*2-180)*0.8"],
						"2.0": ["0+math.cos(q.anim_time*90*2-180)*0.2", "-0.5+math.clamp(math.cos(q.anim_time*90*2-180)*1.5,0,10)", "0-math.sin(q.anim_time*90*2-180)*0.8"]
					}
				},
				"leg_left": {
					"rotation": [-10, 0, 0]
				},
				"leg_left2": {
					"rotation": [17.43745, -1.50179, 4.76968]
				},
				"neck": {
					"rotation": ["15+math.sin(q.anim_time*90*5)*1", 0, "0+math.sin(q.anim_time*90*2.5-45)*1"]
				},
				"neck2": {
					"rotation": ["-10+math.sin(q.anim_time*90*5-45)*2", 0, 0]
				},
				"neck3": {
					"rotation": [-12.50106, -0.02202, -0.06972],
					"position": [0, -1, 0]
				},
				"torso": {
					"rotation": ["0+math.sin(q.anim_time*90*2*2)*1", "0+math.cos(q.anim_time*90*2)*3", "0-math.sin(q.anim_time*90*2)*3"],
					"position": {
						"0.0": [0, -0.01, 0],
						"0.0417": [0, -0.12, 0],
						"0.5833": [0, "0+math.sin(q.anim_time*90*2*2)*0.6", 0],
						"0.625": [0, "0.4+math.sin(q.anim_time*90*2*2)*0.4", 0],
						"0.7083": [0, "-0.1+math.sin(q.anim_time*90*2*2)*0.4", 0],
						"0.7917": [0, "0.4+math.sin(q.anim_time*90*2*2)*0.4", 0],
						"0.875": [0, "0+math.sin(q.anim_time*90*2*2)*0.4", 0],
						"0.9583": [0, 0.1, 0],
						"1.0417": [0, -0.12, 0],
						"1.5833": [0, "0+math.sin(q.anim_time*90*2*2)*0.6", 0],
						"1.625": [0, "0.4+math.sin(q.anim_time*90*2*2)*0.4", 0],
						"1.7083": [0, "-0.1+math.sin(q.anim_time*90*2*2)*0.4", 0],
						"1.7917": [0, "0.4+math.sin(q.anim_time*90*2*2)*0.4", 0],
						"1.875": [0, "0+math.sin(q.anim_time*90*2*2)*0.4", 0],
						"1.9583": [0, 0.1, 0],
						"2.0": [0, -0.01, 0]
					}
				},
				"leg_back_right": {
					"rotation": ["33.3943-math.sin(q.anim_time*90*2-240)*10", "8.2964-math.sin(q.anim_time*90*2-240)*8", -8.23577],
					"position": {
						"0.0": [
							"0-math.cos(q.anim_time*90*2-240)*0.2",
							"-0.75+math.clamp(math.cos(q.anim_time*90*2-240)*1.5,0,10)",
							"-0.75-math.sin(q.anim_time*90*2-240)*0.8"
						],
						"0.8333": ["0-math.cos(q.anim_time*90*2-240)*0.2", "math.clamp(math.cos(q.anim_time*90*2-240)*1.5,0,10)", "-0.75-math.sin(q.anim_time*90*2-240)*0.8"],
						"1.7917": ["0-math.cos(q.anim_time*90*2-240)*0.2", "math.clamp(math.cos(q.anim_time*90*2-240)*1.5,0,10)", "-0.75-math.sin(q.anim_time*90*2-240)*0.8"],
						"1.8333": [
							"0-math.cos(q.anim_time*90*2-240)*0.2",
							"-1+math.clamp(math.cos(q.anim_time*90*2-240)*1.5,0,10)",
							"-0.75-math.sin(q.anim_time*90*2-240)*0.8"
						],
						"2.0": [
							"0-math.cos(q.anim_time*90*2-240)*0.2",
							"-0.75+math.clamp(math.cos(q.anim_time*90*2-240)*1.5,0,10)",
							"-0.75-math.sin(q.anim_time*90*2-240)*0.8"
						]
					}
				},
				"leg_back_right2": {
					"rotation": [-37.07723, 6.06809, 3.99291]
				},
				"foot_back_right": {
					"rotation": [7.43656, -0.9762, 7.43656]
				},
				"bone2": {
					"rotation": [15, 0, 0]
				},
				"bone4": {
					"rotation": [-22.5, 0, 0]
				},
				"head": {
					"rotation": [17.5, 0, 0]
				},
				"leg_front_right": {
					"rotation": {
						"0.0": ["0-math.sin(q.anim_time*90*2)*10", "0-math.sin(q.anim_time*90*2)*8", 10],
						"0.4167": ["0-math.sin(q.anim_time*90*2)*10", "0-math.sin(q.anim_time*90*2)*8", 10],
						"0.625": ["-0.25-math.sin(q.anim_time*90*2)*10", "-math.sin(q.anim_time*90*2)*8", 10],
						"0.8333": ["-1-math.sin(q.anim_time*90*2)*10", "-math.sin(q.anim_time*90*2)*8", 10],
						"1.0": ["0-math.sin(q.anim_time*90*2)*10", "0-math.sin(q.anim_time*90*2)*8", 10]
					},
					"position": {
						"0.0": ["-2-math.cos(q.anim_time*90*2)*0.2", "math.clamp(math.cos(q.anim_time*90*2)*1.5,0,10)", "0-math.sin(q.anim_time*90*2)*0.7"],
						"0.4167": ["0-math.cos(q.anim_time*90*2)*0.2", "math.clamp(math.cos(q.anim_time*90*2)*1.5,0,10)", "0-math.sin(q.anim_time*90*2)*0.7"],
						"0.5": ["0-math.cos(q.anim_time*90*2)*0.2", "-1+math.clamp(math.cos(q.anim_time*90*2)*1.5,0,10)", "0-math.sin(q.anim_time*90*2)*0.7"],
						"0.75": ["0-math.cos(q.anim_time*90*2)*0.2", "-0.75+math.clamp(math.cos(q.anim_time*90*2)*1.5,0,10)", "0-math.sin(q.anim_time*90*2)*0.7"],
						"1.5": ["0-math.cos(q.anim_time*90*2)*0.2", "math.clamp(math.cos(q.anim_time*90*2)*1.5,0,10)", "0-math.sin(q.anim_time*90*2)*0.7"]
					}
				},
				"leg_right": {
					"rotation": [-10, 0, 0]
				},
				"leg_right2": {
					"rotation": [17.43745, 1.50179, -4.76968]
				},
				"leg_back_left": {
					"rotation": ["13.771-math.sin(q.anim_time*90*2-60)*10", "4.1797+math.sin(q.anim_time*90*2-60)*8", 11.05987],
					"position": {
						"0.0": ["0+math.cos(q.anim_time*90*2-60)*0.2", "math.clamp(math.cos(q.anim_time*90*2-60)*1.5,0,10)", "-0.75-math.sin(q.anim_time*90*2-60)*0.7"],
						"0.75": [
							"0+math.cos(q.anim_time*90*2-60)*0.2",
							"0.25+math.clamp(math.cos(q.anim_time*90*2-60)*1.5,0,10)",
							"-0.75-math.sin(q.anim_time*90*2-60)*0.7"
						],
						"0.8333": ["0+math.cos(q.anim_time*90*2-60)*0.2", "-1+math.clamp(math.cos(q.anim_time*90*2-60)*1.5,0,10)", "-0.75-math.sin(q.anim_time*90*2-60)*0.7"],
						"1.8333": ["0+math.cos(q.anim_time*90*2-60)*0.2", "math.clamp(math.cos(q.anim_time*90*2-60)*1.5,0,10)", "-0.75-math.sin(q.anim_time*90*2-60)*0.7"]
					}
				},
				"leg_back_left2": {
					"rotation": [-17.07723, -6.06809, -3.99291]
				},
				"foot_back_left": {
					"rotation": [7.43656, 0.9762, -7.43656]
				},
				"bone24": {
					"rotation": [0, -26, 0]
				},
				"bone23": {
					"rotation": [0, -26, 0]
				},
				"bone22": {
					"rotation": [0, -26, 0]
				},
				"bone21": {
					"rotation": [0, -26, 0]
				},
				"bone20": {
					"rotation": [0, -26, 0]
				},
				"bone19": {
					"rotation": [0, -26, 0]
				},
				"bone18": {
					"rotation": [0, -26, 0]
				},
				"mane2": {
					"rotation": [0, -90, 0],
					"position": [2, 0.5, 9]
				},
				"bone10": {
					"rotation": [0, -26, 0]
				},
				"bone9": {
					"rotation": [0, -26, 0]
				},
				"bone11": {
					"rotation": [0, -26, 0]
				},
				"bone12": {
					"rotation": [0, -26, 0]
				},
				"bone13": {
					"rotation": [0, -26, 0]
				},
				"bone14": {
					"rotation": [0, -26, 0]
				},
				"bone": {
					"rotation": [-17.5, "math.sin(q.anim_time*90*2-45)*4", 0]
				},
				"middlepiece": {
					"rotation": [0, "-15 + q.anim_time * - 90", 0]
				}
			}
		}
	}
}