{
	"format_version": "1.8.0",
	"animations": {
		"animation.roserade_delta.test": {
			"loop": true,
			"bones": {
				"torso": {
					"rotation": [17.5, 0, 5]
				},
				"upper_torso": {
					"rotation": [-10, 0, -2.5]
				},
				"neck": {
					"rotation": [-5, 0, -2.5]
				},
				"left_upper_leg": {
					"rotation": [-30, -15, -2.5]
				},
				"left_lower_leg": {
					"rotation": [50, 0, 0]
				},
				"right_upper_leg": {
					"rotation": [22.5, 2.5, 5]
				},
				"right_lower_leg": {
					"rotation": [-2.5, 0, 0]
				},
				"head": {
					"rotation": [-2.5, 0, -2.5]
				},
				"left_upper_arm": {
					"rotation": [31.79227, -39.45544, 42.2466]
				},
				"left_lower_arm": {
					"rotation": [0, 10, 0]
				},
				"left_flower": {
					"rotation": [0, 0, 5]
				},
				"left_bottom_wrist_frill": {
					"rotation": [0, 0, 10]
				},
				"left_top_wrist_frill": {
					"rotation": [0, 0, 5]
				},
				"left_front_wrist_frill": {
					"rotation": [0, 5, 0]
				},
				"left_back_wrist_frill": {
					"rotation": [0, -5, 0]
				},
				"right_upper_arm": {
					"rotation": [37.9032, 33.72355, -32.02499]
				},
				"right_lower_arm": {
					"rotation": [0, -10, 0]
				},
				"right_flower": {
					"rotation": [0, 0, -5]
				},
				"right_top_wrist_frill": {
					"rotation": [0, 0, -5]
				},
				"right_bottom_wrist_frill": {
					"rotation": [0, 0, -10]
				},
				"right_front_wrist_frill": {
					"rotation": [0, -5, 0]
				},
				"right_back_wrist_frill": {
					"rotation": [0, 5, 0]
				},
				"cape2": {
					"rotation": [12.5, 0, 0]
				},
				"cape": {
					"rotation": [-37.5, 0, 0]
				},
				"cape3": {
					"rotation": [12.5, 0, 0]
				}
			}
		},
		"animation.roserade_delta.test2": {
			"animation_length": 5.79167,
			"bones": {
				"body": {
					"position": [0, -0.5, 0]
				},
				"torso": {
					"rotation": [1.95857, 2.4407, -12.51153]
				},
				"upper_torso": {
					"rotation": [-2.39088, 2.49762, 7.50238]
				},
				"neck": {
					"rotation": [0, 0, 7.5]
				},
				"head": {
					"rotation": [-4.91594, 20.00935, 0.23181]
				},
				"left_upper_arm": {
					"rotation": [69.99623, -17.59046, 19.92125]
				},
				"left_lower_arm": {
					"rotation": [0, 90, 0]
				},
				"left_flower": {
					"rotation": [-10, -55, 0],
					"position": [-0.5, 0, 0.5]
				},
				"left_top_wrist_frill": {
					"rotation": [0, 0, 0]
				},
				"left_front_wrist_frill": {
					"rotation": [0, -65, 0]
				},
				"right_upper_arm": {
					"rotation": [-57.7417, 2.18642, -26.72322],
					"position": [0, 0, 0.5]
				},
				"right_lower_arm": {
					"rotation": [0, -67.5, 0]
				},
				"right_flower": {
					"rotation": [62.5, 5, 0]
				},
				"right_top_wrist_frill": {
					"rotation": [0, 0, 5]
				},
				"right_bottom_wrist_frill": {
					"rotation": [0, 0, -5]
				},
				"right_front_wrist_frill": {
					"rotation": [0, 5, 0]
				},
				"right_back_wrist_frill": {
					"rotation": [0, 10, 0]
				},
				"cape": {
					"rotation": [-70, 0, 0]
				},
				"cape2": {
					"rotation": [12.5, 0, 0]
				},
				"cape3": {
					"rotation": [15, 0, 0]
				},
				"left_upper_leg": {
					"rotation": [-12.5, 0, 5]
				},
				"left_lower_leg": {
					"rotation": [12.5, 0, -2.5]
				},
				"right_upper_leg": {
					"rotation": [0, 12.5, 15]
				},
				"right_lower_leg": {
					"rotation": [2.5, 0, -2.5]
				},
				"head_flower": {
					"rotation": [0, 0, 0]
				}
			}
		},
		"animation.roserade_delta.test3": {
			"loop": true,
			"bones": {
				"torso": {
					"rotation": [5, 0, 0],
					"position": [0, 0, 0]
				},
				"upper_torso": {
					"rotation": [-7.5, 0, 0]
				},
				"neck": {
					"rotation": [-5, 0, 0]
				},
				"head": {
					"rotation": [10, 0, 0]
				},
				"left_upper_arm": {
					"rotation": [67.26615, 56.65741, 87.4115]
				},
				"left_lower_arm": {
					"rotation": [-53.78108, 74.34094, -67.26931]
				},
				"left_flower": {
					"rotation": [10.88236, -13.9692, 6.98851],
					"position": [0, -0.75, 0]
				},
				"right_upper_arm": {
					"rotation": [67.26615, -56.65741, -87.4115]
				},
				"right_lower_arm": {
					"rotation": [27.17271, -79.67282, -15.09338]
				},
				"right_flower": {
					"rotation": [13.13313, 11.88329, 3.04709],
					"position": [0, 0.75, 0]
				},
				"cape": {
					"rotation": [-65, 0, 0]
				},
				"cape2": {
					"rotation": [5, 0, 0]
				},
				"cape3": {
					"rotation": [20, 0, 0]
				},
				"left_upper_leg": {
					"rotation": [-7.5, 0, 15]
				},
				"left_lower_leg": {
					"rotation": [2.5, 0, -5]
				},
				"right_upper_leg": {
					"rotation": [7.5, 0, -15]
				},
				"right_lower_leg": {
					"rotation": [-2.5, 0, 5]
				},
				"left_petal": {
					"position": [0, 0, 0]
				},
				"body": {
					"position": [0, -0.1, 0]
				},
				"left_front_wrist_frill": {
					"rotation": [0, -15, 0]
				},
				"left_back_wrist_frill": {
					"rotation": [0, -25, 0]
				},
				"right_front_wrist_frill": {
					"rotation": [0, 15, 0]
				},
				"right_back_wrist_frill": {
					"rotation": [0, 25, 0]
				}
			}
		},
		"animation.roserade_delta.ground_idle": {
			"loop": true,
			"bones": {
				"torso": {
					"rotation": [5, 0, 0],
					"position": [0, 0, 0]
				},
				"upper_torso": {
					"rotation": [-7.5, "0+math.sin(q.anim_time*90*1)*1", "0-math.sin(q.anim_time*90*1)*2"]
				},
				"neck": {
					"rotation": [-5, 0, 0]
				},
				"head": {
					"rotation": ["0-math.sin(q.anim_time*90*1-60)*3", 0, "-math.sin(q.anim_time*90*2)*2"]
				},
				"left_upper_arm": {
					"rotation": [67.26615, 56.65741, 87.4115]
				},
				"left_lower_arm": {
					"rotation": [-53.78108, 74.34094, -67.26931]
				},
				"left_flower": {
					"rotation": [10.88236, -13.9692, 6.98851],
					"position": [0, -0.75, 0]
				},
				"right_upper_arm": {
					"rotation": [67.26615, -56.65741, -87.4115]
				},
				"right_lower_arm": {
					"rotation": [27.17271, -79.67282, -15.09338]
				},
				"right_flower": {
					"rotation": [13.13313, 11.88329, 3.04709],
					"position": [0, 0.75, 0]
				},
				"cape": {
					"rotation": ["-65+math.sin(q.anim_time*90*1-60)*3", 0, 0]
				},
				"cape2": {
					"rotation": ["5+math.sin(q.anim_time*90*1-120)*6", 0, 0]
				},
				"cape3": {
					"rotation": ["20+math.sin(q.anim_time*90*1-180)*9", 0, 0]
				},
				"left_upper_leg": {
					"rotation": [-7.5, 0, 15]
				},
				"left_lower_leg": {
					"rotation": [2.5, 0, -5]
				},
				"right_upper_leg": {
					"rotation": [7.5, 0, -15]
				},
				"right_lower_leg": {
					"rotation": [-2.5, 0, 5]
				},
				"left_petal": {
					"position": [0, 0, 0]
				},
				"body": {
					"position": [0, -0.1, 0]
				},
				"left_front_wrist_frill": {
					"rotation": [0, -15, 0]
				},
				"left_back_wrist_frill": {
					"rotation": [0, -25, 0]
				},
				"right_front_wrist_frill": {
					"rotation": [0, 15, 0]
				},
				"right_back_wrist_frill": {
					"rotation": [0, 25, 0]
				}
			}
		},
		"animation.roserade_delta.blink": {
			"animation_length": 0.16667,
			"bones": {
				"right_eyelid": {
					"position": {
						"0.0": [-0.2, 0, -0.1],
						"0.125": {"pre": [-0.2, 0, -0.1], "post": [0, 0, 0]},
						"0.1667": [0, 0, 0]
					}
				},
				"left_eyelid": {
					"position": {
						"0.0": [0.2, 0, -0.1],
						"0.125": {"pre": [0.2, 0, -0.1], "post": [0, 0, 0]},
						"0.1667": [0, 0, 0]
					}
				}
			}
		},
		"animation.roserade_delta.cry": {
			"animation_length": 1.375,
			"bones": {
				"torso": {
					"rotation": {
						"0.0": [0, 0, 0],
						"0.25": {
							"pre": [5, 0, 0],
							"post": [5, 0, 0],
							"lerp_mode": "catmullrom"
						},
						"0.7083": {
							"post": [0, 0, 0],
							"lerp_mode": "catmullrom"
						}
					}
				},
				"upper_torso": {
					"rotation": {
						"0.0": [0, 0, 0],
						"0.2917": {
							"pre": [-2.5, 0, 0],
							"post": [-2.5, 0, 0],
							"lerp_mode": "catmullrom"
						},
						"0.75": {
							"post": [-1.5, 0, 0],
							"lerp_mode": "catmullrom"
						},
						"1.0": {
							"post": [0, 0, 0],
							"lerp_mode": "catmullrom"
						}
					}
				},
				"neck": {
					"rotation": {
						"0.0": [0, 0, 0],
						"0.3333": {
							"pre": [3, 0, 0],
							"post": [3, 0, 0],
							"lerp_mode": "catmullrom"
						},
						"0.7083": {
							"post": [-1, 0, 0],
							"lerp_mode": "catmullrom"
						},
						"0.9167": {
							"post": [0, 0, 0],
							"lerp_mode": "catmullrom"
						}
					}
				},
				"head": {
					"rotation": {
						"0.0": [0, 0, 0],
						"0.2917": {
							"pre": [-8.5, 0, 0],
							"post": [-8.5, 0, 0],
							"lerp_mode": "catmullrom"
						},
						"0.75": {
							"post": [1, 0, 0],
							"lerp_mode": "catmullrom"
						},
						"1.125": {
							"post": [0, 0, 0],
							"lerp_mode": "catmullrom"
						}
					}
				},
				"front_petal": {
					"rotation": {
						"0.0417": [0, 0, 0],
						"0.3333": {
							"pre": [-5, 0, 0],
							"post": [-5, 0, 0],
							"lerp_mode": "catmullrom"
						},
						"0.7917": {
							"post": [2.5, 0, 0],
							"lerp_mode": "catmullrom"
						},
						"1.1667": {
							"post": [0, 0, 0],
							"lerp_mode": "catmullrom"
						}
					}
				},
				"left_petal": {
					"rotation": {
						"0.0417": {
							"pre": [0, 0, 0],
							"post": [0, 0, 0],
							"lerp_mode": "catmullrom"
						},
						"0.25": {
							"post": [-2.5, 0, 0],
							"lerp_mode": "catmullrom"
						},
						"0.5": {
							"post": [0, 0, 0],
							"lerp_mode": "catmullrom"
						}
					}
				},
				"right_petal": {
					"rotation": {
						"0.0417": {
							"pre": [0, 0, 0],
							"post": [0, 0, 0],
							"lerp_mode": "catmullrom"
						},
						"0.25": {
							"post": [-2.5, 0, 0],
							"lerp_mode": "catmullrom"
						},
						"0.5": {
							"post": [0, 0, 0],
							"lerp_mode": "catmullrom"
						}
					}
				},
				"back_petal": {
					"rotation": {
						"0.0833": {
							"pre": [0, 0, 0],
							"post": [0, 0, 0],
							"lerp_mode": "catmullrom"
						},
						"0.375": {
							"post": [-5, 0, 0],
							"lerp_mode": "catmullrom"
						},
						"0.8333": {
							"post": [2.5, 0, 0],
							"lerp_mode": "catmullrom"
						},
						"1.2083": {
							"post": [0, 0, 0],
							"lerp_mode": "catmullrom"
						}
					}
				},
				"back_collar": {
					"rotation": {
						"0.0833": {
							"pre": [0, 0, 0],
							"post": [0, 0, 0],
							"lerp_mode": "catmullrom"
						},
						"0.375": {
							"post": [-3, 0, 0],
							"lerp_mode": "catmullrom"
						},
						"0.8333": {
							"post": [1, 0, 0],
							"lerp_mode": "catmullrom"
						},
						"1.2083": {
							"post": [0, 0, 0],
							"lerp_mode": "catmullrom"
						}
					}
				},
				"left_collar": {
					"rotation": {
						"0.0833": {
							"pre": [0, 0, 0],
							"post": [0, 0, 0],
							"lerp_mode": "catmullrom"
						},
						"0.375": {
							"post": [-3, 0, 0],
							"lerp_mode": "catmullrom"
						},
						"0.8333": {
							"post": [1, 0, 0],
							"lerp_mode": "catmullrom"
						},
						"1.2083": {
							"post": [0, 0, 0],
							"lerp_mode": "catmullrom"
						}
					}
				},
				"left_collar2": {
					"rotation": {
						"0.0833": {
							"pre": [0, 0, 0],
							"post": [0, 0, 0],
							"lerp_mode": "catmullrom"
						},
						"0.375": {
							"post": [-3, 0, 0],
							"lerp_mode": "catmullrom"
						},
						"0.8333": {
							"post": [1, 0, 0],
							"lerp_mode": "catmullrom"
						},
						"1.2083": {
							"post": [0, 0, 0],
							"lerp_mode": "catmullrom"
						}
					}
				},
				"right_collar2": {
					"rotation": {
						"0.0833": {
							"pre": [0, 0, 0],
							"post": [0, 0, 0],
							"lerp_mode": "catmullrom"
						},
						"0.375": {
							"post": [-3, 0, 0],
							"lerp_mode": "catmullrom"
						},
						"0.8333": {
							"post": [1, 0, 0],
							"lerp_mode": "catmullrom"
						},
						"1.2083": {
							"post": [0, 0, 0],
							"lerp_mode": "catmullrom"
						}
					}
				},
				"mouth": {
					"position": {
						"0.0": [0, 0, 0],
						"0.0417": {"pre": [0, 0, 0], "post": [0, 0, 0.1]},
						"0.8333": {"pre": [0, 0, 0.1], "post": [0, 0, 0]}
					}
				},
				"left_upper_arm": {
					"rotation": {
						"0.0": [0, 0, 0],
						"0.3333": {
							"pre": [0, -3, -5],
							"post": [0, -3, -5],
							"lerp_mode": "catmullrom"
						},
						"0.9167": {
							"post": [0, 0, 0],
							"lerp_mode": "catmullrom"
						}
					}
				},
				"left_lower_arm": {
					"rotation": {
						"0.0": [0, 0, 0],
						"0.375": {
							"pre": [0, 45, -30],
							"post": [0, 45, -30],
							"lerp_mode": "catmullrom"
						},
						"0.8333": {
							"post": [0, 0, 0],
							"lerp_mode": "catmullrom"
						}
					},
					"position": {
						"0.0": [0, 0, 0],
						"0.375": [0.5, 0, 0],
						"0.8333": [0, 0, 0]
					}
				},
				"left_flower": {
					"rotation": {
						"0.0": [0, 0, 0],
						"0.1667": {
							"pre": [-10, -10, 0],
							"post": [-10, -10, 0],
							"lerp_mode": "catmullrom"
						},
						"0.4167": {
							"post": [-20, 2.5, 0],
							"lerp_mode": "catmullrom"
						},
						"0.7083": {
							"post": [-10, 10, 0],
							"lerp_mode": "catmullrom"
						},
						"0.9583": {
							"post": [0, 0, 0],
							"lerp_mode": "catmullrom"
						}
					}
				},
				"right_upper_arm": {
					"rotation": {
						"0.0": [0, 0, 0],
						"0.3333": {
							"pre": [0, 3, 5],
							"post": [0, 3, 5],
							"lerp_mode": "catmullrom"
						},
						"0.9167": {
							"post": [0, 0, 0],
							"lerp_mode": "catmullrom"
						}
					}
				},
				"right_lower_arm": {
					"rotation": {
						"0.0": [0, 0, 0],
						"0.375": {
							"pre": [0, -45, 30],
							"post": [0, -45, 30],
							"lerp_mode": "catmullrom"
						},
						"0.8333": {
							"post": [0, 0, 0],
							"lerp_mode": "catmullrom"
						}
					},
					"position": {
						"0.0": [0, 0, 0],
						"0.375": [-0.5, 0, 0],
						"0.8333": [0, 0, 0]
					}
				},
				"right_flower": {
					"rotation": {
						"0.0": [0, 0, 0],
						"0.1667": {
							"pre": [-10, 10, 0],
							"post": [-10, 10, 0],
							"lerp_mode": "catmullrom"
						},
						"0.4167": {
							"post": [-20, -2.5, 0],
							"lerp_mode": "catmullrom"
						},
						"0.7083": {
							"post": [-10, -10, 0],
							"lerp_mode": "catmullrom"
						},
						"0.9583": {
							"post": [0, 0, 0],
							"lerp_mode": "catmullrom"
						}
					}
				},
				"cape": {
					"rotation": {
						"0.0833": {
							"pre": [0, 0, 0],
							"post": [0, 0, 0],
							"lerp_mode": "catmullrom"
						},
						"0.375": {
							"post": [2, 0, 0],
							"lerp_mode": "catmullrom"
						},
						"0.8333": {
							"post": [0, 0, 0],
							"lerp_mode": "catmullrom"
						}
					}
				},
				"cape2": {
					"rotation": {
						"0.125": {
							"pre": [0, 0, 0],
							"post": [0, 0, 0],
							"lerp_mode": "catmullrom"
						},
						"0.4167": {
							"post": [4, 0, 0],
							"lerp_mode": "catmullrom"
						},
						"0.9167": {
							"post": [0, 0, 0],
							"lerp_mode": "catmullrom"
						}
					}
				},
				"cape3": {
					"rotation": {
						"0.1667": {
							"pre": [0, 0, 0],
							"post": [0, 0, 0],
							"lerp_mode": "catmullrom"
						},
						"0.4583": {
							"post": [7, 0, 0],
							"lerp_mode": "catmullrom"
						},
						"1.0": {
							"post": [0, 0, 0],
							"lerp_mode": "catmullrom"
						}
					}
				},
				"mouth_open_happy": {
					"position": {
						"0.0": [0, 0, 0],
						"0.0417": {"pre": [0, 0, 0], "post": [0, -0.1, -0.1]},
						"0.3333": {"pre": [0, -0.1, -0.1], "post": [0, 0, 0]}
					}
				},
				"mouth_open_o": {
					"position": {
						"0.0": [0, 0, 0],
						"0.3333": {"pre": [0, 0, 0], "post": [0, 0, -0.1]},
						"0.4167": {
							"pre": [0, 0.05, -0.1],
							"post": [0, 0.05, -0.1],
							"lerp_mode": "catmullrom"
						},
						"0.5": {
							"post": [0, -0.05, -0.1],
							"lerp_mode": "catmullrom"
						},
						"0.5833": {
							"post": [0, 0.05, -0.1],
							"lerp_mode": "catmullrom"
						},
						"0.6667": {
							"post": [0, -0.05, -0.1],
							"lerp_mode": "catmullrom"
						},
						"0.75": {
							"post": [0, 0.05, -0.1],
							"lerp_mode": "catmullrom"
						},
						"0.8333": [0, 0, 0]
					}
				},
				"left_front_wrist_frill": {
					"rotation": {
						"0.0": [0, 0, 0],
						"0.1667": {
							"pre": [0, -15, 0],
							"post": [0, -15, 0],
							"lerp_mode": "catmullrom"
						},
						"0.4167": {
							"post": [0, 0, 0],
							"lerp_mode": "catmullrom"
						},
						"0.7083": {
							"post": [0, 20, 0],
							"lerp_mode": "catmullrom"
						},
						"0.9583": {
							"post": [0, 0, 0],
							"lerp_mode": "catmullrom"
						}
					}
				},
				"left_back_wrist_frill": {
					"rotation": {
						"0.0": [0, 0, 0],
						"0.1667": {
							"pre": [0, -17.5, 0],
							"post": [0, -17.5, 0],
							"lerp_mode": "catmullrom"
						},
						"0.4167": {
							"post": [0, 0, 0],
							"lerp_mode": "catmullrom"
						},
						"0.7083": {
							"post": [0, 15, 0],
							"lerp_mode": "catmullrom"
						},
						"0.9583": {
							"post": [0, 0, 0],
							"lerp_mode": "catmullrom"
						}
					}
				},
				"right_front_wrist_frill": {
					"rotation": {
						"0.0": [0, 0, 0],
						"0.1667": {
							"pre": [0, 15, 0],
							"post": [0, 15, 0],
							"lerp_mode": "catmullrom"
						},
						"0.4167": {
							"post": [0, 0, 0],
							"lerp_mode": "catmullrom"
						},
						"0.7083": {
							"post": [0, -20, 0],
							"lerp_mode": "catmullrom"
						},
						"0.9583": {
							"post": [0, 0, 0],
							"lerp_mode": "catmullrom"
						}
					}
				},
				"right_back_wrist_frill": {
					"rotation": {
						"0.0": [0, 0, 0],
						"0.1667": {
							"pre": [0, 17.5, 0],
							"post": [0, 17.5, 0],
							"lerp_mode": "catmullrom"
						},
						"0.4167": {
							"post": [0, 0, 0],
							"lerp_mode": "catmullrom"
						},
						"0.7083": {
							"post": [0, -15, 0],
							"lerp_mode": "catmullrom"
						},
						"0.9583": {
							"post": [0, 0, 0],
							"lerp_mode": "catmullrom"
						}
					}
				}
			},
			"sound_effects": {
				"0.0417": {
					"effect": "roserade_delta_cry"
				}
			}
		},
		"animation.roserade_delta.ground_walk": {
			"loop": true,
			"bones": {
				"torso": {
					"rotation": ["2.5-math.sin(q.anim_time*90*4*2)*1", "math.sin(q.anim_time*90*4*2+20)*2", 0]
				},
				"upper_torso": {
					"rotation": [-2.5, "0-math.sin(q.anim_time*90*4*2+20)*1", 0]
				},
				"neck": {
					"rotation": [-2.5, 0, 0]
				},
				"head": {
					"rotation": [
						"3.5-math.clamp(math.sin(query.anim_time*180*4/2+20)*1,0.2,2)-math.clamp(-math.sin(query.anim_time*180*4/2+20)*1,0.2,2)+math.sin(q.anim_time*90*4*2)*2",
						"-math.sin(query.anim_time*90*4+20)*8",
						"-math.sin(query.anim_time*90*4+20)*2"
					]
				},
				"left_upper_arm": {
					"rotation": [0, "-40+math.sin(query.anim_time*90*4+20)*10", 50]
				},
				"left_lower_arm": {
					"rotation": [0, 22.5, -25],
					"position": [-0.5, 0, 0]
				},
				"left_flower": {
					"rotation": [10, 0, 0]
				},
				"left_upper_leg": {
					"rotation": [
						"-math.clamp(math.sin(query.anim_time*90*4+45)*14,-1,14)+math.clamp(-math.sin(query.anim_time*90*4+180+20)*12,5,12)-30+math.clamp(math.sin(query.anim_time*90*4+40+180)*2,0.5,2)*6+math.clamp(math.sin(query.anim_time*90*4+180)*1,0.5,1)*24+math.clamp(math.sin(query.anim_time*90*4+45+180)*14,-1,14)+math.clamp(math.sin(query.anim_time*90*4+45)*14,10,14)-15",
						"-math.clamp(math.sin(query.anim_time*90*4+20+180)*2,0,30)+math.sin(query.anim_time*90*4+20+180)*10",
						0
					],
					"position": [
						0,
						"-math.clamp(-math.sin(query.anim_time*90*4+50)*0.1,0.5,1)*1.2-math.clamp(-math.sin(query.anim_time*90*4-75+180)*0.7,0.6,1)+1.6-math.clamp(-math.sin(query.anim_time*90*4-15+180)*0.6,0.5,1)+math.clamp(-math.sin(query.anim_time*90*4-35)*1.2,0,3)-0.5",
						0
					]
				},
				"left_lower_leg": {
					"rotation": [2.5, 0, -2.5]
				},
				"right_upper_arm": {
					"rotation": [0, "-40-math.sin(query.anim_time*90*4+20)*10", "-50-math.sin(q.anim_time*90*1)*3"]
				},
				"body": {
					"rotation": [
						"math.clamp(math.sin(query.anim_time*180*4/2+20)*1,0.2,2)+math.clamp(-math.sin(query.anim_time*180*4/2+20)*1,0.2,2)+10",
						"math.sin(query.anim_time*90*4+20)*10",
						"math.sin(query.anim_time*90*4+20)*2"
					],
					"position": [
						0,
						"9-math.clamp(math.sin(q.anim_time*90*4*2-90)*0.5,1,1)-math.clamp(math.sin(-query.anim_time*90*4+45/2)*1,0.02,1)-math.clamp(math.sin(-query.anim_time*90*4+45/2+180)*1,0.02,1)-math.clamp(math.sin(-query.anim_time*90*4-105)*1,1,1)*3-math.clamp(math.sin(-query.anim_time*90*4-105+180)*1,1,1)*3",
						"2.5-math.clamp(math.sin(query.anim_time*90*4)*1,0,1)-math.clamp(math.sin(-query.anim_time*90*4)*1,0,1)"
					]
				},
				"right_lower_arm": {
					"rotation": [0, -22.5, 25]
				},
				"right_upper_leg": {
					"rotation": [
						"-math.clamp(math.sin(query.anim_time*90*4+45+180)*14,-1,14)+math.clamp(-math.sin(query.anim_time*90*4+20)*12,5,12)-30+math.clamp(math.sin(query.anim_time*90*4+40)*2,0.5,2)*6+math.clamp(math.sin(query.anim_time*90*4)*1,0.5,1)*24+math.clamp(math.sin(query.anim_time*90*4+45)*14,-1,14)+math.clamp(math.sin(query.anim_time*90*4+45+180)*14,10,14)-15",
						"math.clamp(math.sin(query.anim_time*90*4+20)*2,0,30)-math.sin(query.anim_time*90*4+20)*10",
						0
					],
					"position": [
						0,
						"-math.clamp(-math.sin(query.anim_time*90*4+50+180)*0.1,0.5,1)*1.2-math.clamp(-math.sin(query.anim_time*90*4-75)*0.7,0.6,1)+1.6-math.clamp(-math.sin(query.anim_time*90*4-15)*0.6,0.5,1)+math.clamp(-math.sin(query.anim_time*90*4-35+180)*1.2,0,3)-0.5",
						0
					]
				}
			}
		}
	}
}