{
	"format_version": "1.8.0",
	"animations": {
		"animation.screamtail.ground_idle": {
			"loop": true,
			"bones": {
				"tuft": {
					"rotation": [10, 0, 0]
				},
				"tuft2": {
					"rotation": ["-15-math.sin(query.anim_time*90*6-90)*1+1*1", 0, 0]
				},
				"a": {
					"rotation": ["-42.5-math.sin(query.anim_time*90*6-90)*1+1*1", 0, 0]
				},
				"a3": {
					"rotation": [27.5, 0, 0]
				},
				"a4": {
					"rotation": [22.5, 0, 0]
				},
				"a5": {
					"rotation": [20, 0, 0]
				},
				"arm_left": {
					"rotation": [0, "45-math.sin(query.anim_time*90*1.5-90)*4", "-5*(-math.sin(query.anim_time*90*3-90)*1+1)+15"]
				},
				"arm_right": {
					"rotation": [0, "-45-math.sin(query.anim_time*90*1.5-90)*4", "-5*(math.sin(query.anim_time*90*3-90)*1-1)-15"]
				},
				"bone2": {
					"rotation": [22.5, 0, 0]
				},
				"bone": {
					"rotation": [15, 0, 0]
				},
				"a2": {
					"rotation": [-22.5, 0, 0]
				},
				"torso": {
					"rotation": [0, 0, "math.sin(q.anim_time*90*1.5-90)*2"],
					"position": [0, "0+math.sin(q.anim_time*90*6-90)*0.1", 0]
				},
				"ear_right": {
					"rotation": ["(-math.sin(query.anim_time*90*6-90)*1+1)*1", 0, 0]
				},
				"ear_left": {
					"rotation": ["(-math.sin(query.anim_time*90*6-90)*1+1)*1", 0, 0]
				}
			}
		},
		"animation.screamtail.ground_walk": {
			"loop": true,
			"bones": {
				"tuft": {
					"rotation": [10, 0, 0]
				},
				"tuft2": {
					"rotation": ["-15+math.sin(query.anim_time*90*4+20)*5", 0, 0]
				},
				"a": {
					"rotation": ["-42.5+math.sin(query.anim_time*90*4+20)*5", 0, 0]
				},
				"a3": {
					"rotation": [27.5, 0, 0]
				},
				"a4": {
					"rotation": [22.5, 0, 0]
				},
				"a5": {
					"rotation": [20, 0, 0]
				},
				"arm_left": {
					"rotation": [0, 45, 0]
				},
				"arm_right": {
					"rotation": [0, -45, 0]
				},
				"bone2": {
					"rotation": [22.5, 0, 0]
				},
				"bone": {
					"rotation": [15, 0, 0]
				},
				"a2": {
					"rotation": [-22.5, 0, 0]
				},
				"body": {
					"position": [
						0,
						"1.75-math.clamp(math.sin(-query.anim_time*90*4+45/2)*1,0,1)-math.clamp(math.sin(-query.anim_time*90*4+45/2+180)*1,0,1)-4.6+math.clamp(math.sin(-query.anim_time*90*4+45/2-50)*3,2.2,3)+math.clamp(math.sin(-query.anim_time*90*4+45/2-50+180)*3,2.2,3)",
						"-math.clamp(math.sin(query.anim_time*90*4)*0.7,0.1,0.6)-math.clamp(math.sin(-query.anim_time*90*4)*0.7,0.1,0.6)+0.2"
					]
				},
				"torso": {
					"rotation": [
						"-math.clamp(math.sin(query.anim_time*90*4+20)*12,0,40)-math.clamp(math.sin(query.anim_time*90*4+20+180)*12,0,40)+7.5",
						"math.clamp(math.sin(query.anim_time*90*4*2+45)*2,-2,0)-math.clamp(math.sin(query.anim_time*90*4*2+45+180)*0.5,-2,0)",
						"math.sin(query.anim_time*90*4+20)*1"
					]
				},
				"ear_right": {
					"rotation": ["(-math.sin(query.anim_time*90*8-90)*1+1)*4", 0, 0]
				},
				"ear_left": {
					"rotation": ["(-math.sin(query.anim_time*90*8-90)*1+1)*4", 0, 0]
				},
				"leg_right": {
					"rotation": [
						"math.clamp(math.sin(-query.anim_time*90*4-45+180)*25,0,25)+math.clamp(math.sin(-query.anim_time*90*4-45+180)*10,-25,0)-15*(math.clamp(math.sin(-query.anim_time*90*4+30+180)*1,-1,-0.5)*1+0.5)",
						0,
						"-math.clamp(math.sin(query.anim_time*90*4+180)*0.7,0.1,0.6)-math.clamp(math.sin(-query.anim_time*90*4+180)*0.7,0.1,0.6)+0.2"
					],
					"position": [
						0,
						"-0.25+math.clamp(math.sin(query.anim_time*90*4+90+180)*1,-0.5,0)+math.clamp(math.sin(query.anim_time*90*4+150+180)*1,0,0.5)+2*(math.clamp(math.sin(-query.anim_time*90*4-20+180)*1,-1,-0.7)*1+0.7)",
						"-0.5-math.clamp(math.sin(query.anim_time*90*4+45+180)*2,-2,1.5)"
					]
				},
				"leg_left": {
					"rotation": [
						"math.clamp(math.sin(-query.anim_time*90*4-45)*25,0,25)+math.clamp(math.sin(-query.anim_time*90*4-45)*10,-25,0)-15*(math.clamp(math.sin(-query.anim_time*90*4+30)*1,-1,-0.5)*1+0.5)",
						0,
						"-math.clamp(math.sin(query.anim_time*90*4)*0.7,0.1,0.6)-math.clamp(math.sin(-query.anim_time*90*4+180)*0.7,0.1,0.6)+0.2"
					],
					"position": [
						0,
						"-0.25+math.clamp(math.sin(query.anim_time*90*4+90)*1,-0.5,0)+math.clamp(math.sin(query.anim_time*90*4+150)*1,0,0.5)+2*(math.clamp(math.sin(-query.anim_time*90*4-20)*1,-1,-0.7)*1+0.7)",
						"-0.5-math.clamp(math.sin(query.anim_time*90*4+45)*2,-2,1.5)"
					]
				}
			}
		}
	}
}