{
	"format_version": "1.8.0",
	"animations": {
		"animation.shaymin_sky.new": {
			"loop": true,
			"bones": {
				"head": {
					"rotation": [0, -12.5, 0]
				},
				"red_fur": {
					"rotation": [0, 0, 0]
				},
				"red_fur2": {
					"rotation": [0, -52.5, 0]
				}
			}
		},
		"animation.shaymin_sky.ground_idle": {
			"loop": true,
			"bones": {
				"head": {
					"rotation": [0, -12.5, 0]
				},
				"red_fur": {
					"rotation": [0, 0, 0]
				},
				"red_fur2": {
					"rotation": [0, -52.5, 0]
				},
				"body": {
					"rotation": ["2.5*math.sin(q.anim_time*90*2)*0.5", 0, "2.5*math.sin(q.anim_time*90*2+90)*0.5"],
					"position": ["0+math.sin(q.anim_time*90*1.5)*2", "6+math.sin(q.anim_time*90*3)*1", "0+math.sin(q.anim_time*90*3)*0.5"]
				}
			}
		}
	}
}