{
	"format_version": "1.8.0",
	"animations": {
		"animation.sinistcha.ground_idle": {
			"loop": true,
			"bones": {
				"body": {
					"rotation": ["-1.2387+math.sin(q.anim_time*90*0.75-90)*3", -44.92153, "2.9959+math.sin(q.anim_time*90*1.5-90)*3"],
					"position": ["0+math.sin(q.anim_time*90*1.5-90)*3", "5+math.sin(q.anim_time*90*3)*1", "0+math.sin(q.anim_time*90*3)*0.5"]
				},
				"torso": {
					"rotation": [0, 35, 0],
					"position": [1, 0, 0]
				},
				"arm_left": {
					"rotation": [2.00307, 14.8687, 7.7614]
				},
				"arm_right2": {
					"rotation": [14.30024, 31.1859, 35.14026]
				},
				"hand_left": {
					"rotation": [0, 0, 70]
				},
				"arm_right3": {
					"rotation": [5.29549, -27.13115, -16.89044]
				},
				"arm_right4": {
					"rotation": [12.54707, -18.82943, -34.58859]
				},
				"hand_right2": {
					"rotation": [0, 0, -55]
				}
			}
		},
		"animation.sinistcha.ground_walk": {
			"loop": true,
			"bones": {
				"body": {
					"rotation": [32.65382, "-28.7969+math.sin(q.anim_time*90*1.5-90)*4", "-18.8566+math.sin(q.anim_time*90*1.5+60)*3"],
					"position": ["0+math.sin(q.anim_time*90*1.5)*2", "5+math.sin(q.anim_time*90*3)*1", "0+math.sin(q.anim_time*90*3)*0.5"]
				},
				"torso": {
					"rotation": [0, 35, 0],
					"position": [1, 0, 0]
				},
				"arm_left": {
					"rotation": [2.00307, 14.8687, 7.7614]
				},
				"arm_right2": {
					"rotation": [14.30024, 31.1859, 35.14026]
				},
				"hand_left": {
					"rotation": [0, 0, 70]
				},
				"arm_right3": {
					"rotation": [5.29549, -27.13115, -16.89044]
				},
				"arm_right4": {
					"rotation": [12.54707, -18.82943, -34.58859]
				},
				"hand_right2": {
					"rotation": [0, 0, -55]
				}
			}
		}
	}
}