{
	"format_version": "1.8.0",
	"animations": {
		"animation.slitherwing.pose": {
			"loop": true,
			"bones": {
				"body": {
					"rotation": [7.5, 0, 0]
				},
				"neck": {
					"rotation": [15.34721, -12.06754, -3.28396]
				},
				"head": {
					"rotation": [-5.00474, -2.49048, 0.21803]
				},
				"left_wings": {
					"rotation": [0, 0, 20]
				},
				"right_wings": {
					"rotation": [0, 0, -20]
				},
				"tail": {
					"rotation": [-17.5, 0, 0]
				},
				"bone2": {
					"rotation": [-12.5, 0, 0]
				},
				"bone3": {
					"rotation": [-10, 0, 0]
				},
				"bone4": {
					"rotation": [10, 0, 0]
				},
				"bone5": {
					"rotation": [10, 0, 0]
				},
				"left_front_leg": {
					"rotation": [-18, 5, -26],
					"position": [0, -1, 0]
				},
				"left_front_foot": {
					"rotation": [5, 0, 22.5]
				},
				"right_front_leg": {
					"rotation": [-18, -5, 26],
					"position": [0, -1, 0]
				},
				"right_front_foot": {
					"rotation": [5, 0, -22.5]
				},
				"left_back_leg": {
					"rotation": [-20, -32.5, 0],
					"position": [0, -0.25, 0]
				},
				"left_back_foot": {
					"rotation": [17, -30.5, -8.5]
				},
				"right_back_leg": {
					"rotation": [-20, 32.5, 0],
					"position": [0, -0.25, 0]
				},
				"right_back_foot": {
					"rotation": [17, 30.5, 8.5]
				}
			}
		},
		"animation.slitherwing.ground_idle": {
			"loop": true,
			"bones": {
				"body": {
					"rotation": [-62.5, 0, 0],
					"position": [0, -4, -2]
				},
				"left_wings": {
					"rotation": [0, 0, "40-math.sin(q.anim_time*90*2-90)*2"]
				},
				"right_wings": {
					"rotation": [0, 0, "-40+math.sin(q.anim_time*90*2-90)*2"]
				},
				"tail": {
					"rotation": [50, 0, 0]
				},
				"bone2": {
					"rotation": [12.5, 0, 0]
				},
				"bone3": {
					"rotation": [-10, 0, 0]
				},
				"bone4": {
					"rotation": [10, 0, 0]
				},
				"bone5": {
					"rotation": [10, 0, 0]
				},
				"left_front_leg": {
					"rotation": ["29.5+math.sin(q.anim_time*90*2-90)*1", 5, -26],
					"position": [0, -1, 0]
				},
				"left_front_foot": {
					"rotation": [5, 0, 22.5]
				},
				"right_front_leg": {
					"rotation": ["29.5+math.sin(q.anim_time*90*2-90)*1", -5, 26],
					"position": [0, -1, 0]
				},
				"right_front_foot": {
					"rotation": [5, 0, -22.5]
				},
				"left_back_leg": {
					"rotation": [-20, -32.5, 0],
					"position": [0, -0.25, 0]
				},
				"left_back_foot": {
					"rotation": [17, -30.5, -8.5]
				},
				"right_back_leg": {
					"rotation": [-20, 32.5, 0],
					"position": [0, -0.25, 0]
				},
				"right_back_foot": {
					"rotation": [17, 30.5, 8.5]
				},
				"head": {
					"rotation": [67.5, 0, 0]
				},
				"left_front_tuft": {
					"rotation": [0, 0, "22.5-math.sin(q.anim_time*90*2-90)*2"]
				},
				"right_front_tuft": {
					"rotation": [0, 0, "-22.5+math.sin(q.anim_time*90*2-90)*2"]
				},
				"left_wing_front": {
					"rotation": [0, 0, 0]
				}
			}
		},
		"animation.slitherwing.ground_walk": {
			"loop": true,
			"animation_length": 2,
			"bones": {
				"body": {
					"rotation": [
						"7.5+math.clamp(math.sin(query.anim_time*180*3/2)*1.5,0.5,1.5)+math.clamp(-math.sin(query.anim_time*180*3/2)*1.5,0.5,1.5)-1",
						0,
						"-math.sin(query.anim_time*180*3/2)*1.5"
					],
					"position": [
						0,
						"0-math.clamp(math.sin(-query.anim_time*90*3+45/2)*0.6,0,1)-math.clamp(math.sin(-query.anim_time*90*3+45/2+180)*0.6,0,1)+0.6",
						"0-math.clamp(math.sin(query.anim_time*90*3*2)*0.4,0,0.35)+math.clamp(math.sin(-query.anim_time*90*3*2)*0.4,0,0.35)"
					]
				},
				"left_wings": {
					"rotation": [0, 0, -12.5]
				},
				"right_wings": {
					"rotation": [0, 0, 12.5]
				},
				"tail": {
					"rotation": [-17.5, 0, 0]
				},
				"bone2": {
					"rotation": [-12.5, 0, 0]
				},
				"bone3": {
					"rotation": [-10, 0, 0]
				},
				"bone4": {
					"rotation": [10, 0, 0]
				},
				"bone5": {
					"rotation": [10, 0, 0]
				},
				"left_front_leg": {
					"rotation": [
						"-18-math.clamp(math.sin(query.anim_time*90*3+45+180)*10,-15,14)+math.clamp(-math.sin(query.anim_time*90*3+180*2)*12,5,13)-5",
						"5-math.clamp(-math.sin(query.anim_time*90*3+180*2)*7.5,0,10)-math.clamp(-math.sin(query.anim_time*90*3-90+180*2)*2,0,10)",
						-26
					],
					"position": [
						0,
						"-1-math.clamp(-math.sin(query.anim_time*90*3+45+180)*0.5,0.3,3)+math.clamp(-math.sin(query.anim_time*90*3-30)*1.5,0.7,0.9)+math.clamp(-math.sin(query.anim_time*90*3-35+180)*2,1,2)-1.4",
						"-math.clamp(math.sin(query.anim_time*90*3+180)*0.6,-0.5,1)-math.clamp(math.sin(query.anim_time*90*3+180)*0.2,-0.8,0)"
					]
				},
				"left_front_foot": {
					"rotation": [5, 0, 22.5]
				},
				"right_front_leg": {
					"rotation": [
						"-18-math.clamp(math.sin(query.anim_time*90*3+45)*10,-15,14)+math.clamp(-math.sin(query.anim_time*90*3+180)*12,5,13)-5",
						"-5+math.clamp(-math.sin(query.anim_time*90*3+180*1)*7.5,0,10)+math.clamp(-math.sin(query.anim_time*90*3-90+180*1)*2,0,10)",
						26
					],
					"position": [
						0,
						"-1-math.clamp(-math.sin(query.anim_time*90*3+45)*0.5,0.3,3)+math.clamp(-math.sin(query.anim_time*90*3-30+180)*1.5,0.7,0.9)+math.clamp(-math.sin(query.anim_time*90*3-35)*2,1,2)-1.4",
						"0-math.clamp(math.sin(query.anim_time*90*3)*0.6,-0.5,1)-math.clamp(math.sin(query.anim_time*90*3)*0.2,-0.8,0)"
					]
				},
				"right_front_foot": {
					"rotation": [5, 0, -22.5]
				},
				"left_back_leg": {
					"rotation": [
						"-20-math.clamp(math.sin(query.anim_time*90*3+45)*10,-15,14)+math.clamp(-math.sin(query.anim_time*90*3+180)*12,5,13)-5",
						"-32.5+math.clamp(-math.sin(query.anim_time*90*3+180*1)*7.5,0,10)+math.clamp(-math.sin(query.anim_time*90*3-90+180*1)*2,0,10)",
						0
					],
					"position": [
						0,
						"-0.25+math.clamp(-math.sin(query.anim_time*90*3+45)*0.6,0.3,2)-0.3-math.clamp(-math.sin(query.anim_time*90*3+45+180)*0.9,0.6,0.9)-0.4+math.clamp(-math.sin(query.anim_time*90*3-40+180)*1.5,0.7,0.9)+math.clamp(-math.sin(query.anim_time*90*3-35)*2,1,2)-1",
						"0-math.clamp(math.sin(query.anim_time*90*3)*0.6,-0.5,1)-math.clamp(math.sin(query.anim_time*90*3)*0.2,-0.8,0)"
					]
				},
				"left_back_foot": {
					"rotation": [17, -30.5, -8.5]
				},
				"right_back_leg": {
					"rotation": [
						"-20-math.clamp(math.sin(query.anim_time*90*3+45+180)*10,-15,14)+math.clamp(-math.sin(query.anim_time*90*3+180*2)*12,5,13)-5",
						"32.5-math.clamp(-math.sin(query.anim_time*90*3+180*2)*7.5,0,10)-math.clamp(-math.sin(query.anim_time*90*3-90+180*2)*2,0,10)",
						0
					],
					"position": [
						0,
						"-0.25+math.clamp(-math.sin(query.anim_time*90*3+45+180)*0.6,0.3,2)-0.3-math.clamp(-math.sin(query.anim_time*90*3+45)*0.9,0.6,0.9)-0.4+math.clamp(-math.sin(query.anim_time*90*3-40)*1.5,0.7,0.9)+math.clamp(-math.sin(query.anim_time*90*3-35+180)*2,1,2)-1",
						"0-math.clamp(math.sin(query.anim_time*90*3+180)*0.6,-0.5,1)-math.clamp(math.sin(query.anim_time*90*3+180)*0.2,-0.8,0)"
					]
				},
				"right_back_foot": {
					"rotation": [17, 30.5, 8.5]
				},
				"neck": {
					"position": [0, "0-math.clamp(math.sin(-query.anim_time*90*3+45/2)*0.3,0,1)-math.clamp(math.sin(-query.anim_time*90*3+45/2+180)*0.3,0,1)", 0]
				},
				"head": {
					"position": [0, 0, 0]
				}
			}
		}
	}
}