{
	"format_version": "1.8.0",
	"animations": {
		"animation.stakataka.new": {
			"loop": true,
			"bones": {
				"torso": {
					"rotation": [-7.5, 0, 0]
				},
				"left_front_leg": {
					"rotation": [-102.5, -42.5, 0]
				},
				"left_front_leg2": {
					"rotation": [27.5, 0, 0],
					"position": [0, -3, 0]
				},
				"left_front_leg3": {
					"rotation": [27.5, 0, 0]
				},
				"right_front_leg": {
					"rotation": [-37.5, 42.5, 0]
				},
				"right_front_leg2": {
					"rotation": [27.5, 0, 0]
				},
				"right_front_leg3": {
					"rotation": [27.5, 0, 0]
				},
				"right_back_leg": {
					"rotation": [137.5, -137.5, -180]
				},
				"right_back_leg2": {
					"rotation": [20, 0, 0]
				},
				"right_back_leg3": {
					"rotation": [12.5, 0, 0]
				},
				"left_back_leg": {
					"rotation": [-201.03148, 128.80471, 157.6236]
				},
				"left_back_leg2": {
					"rotation": [27.5, 0, 0]
				},
				"left_back_leg3": {
					"rotation": [27.5, 0, 0]
				}
			}
		},
		"animation.stakataka.ground_idle": {
			"loop": true,
			"bones": {
				"stakataka": {
					"position": [0, 0, 0]
				},
				"body": {
					"position": [0, -4, 0]
				},
				"torso": {
					"rotation": ["math.sin(q.anim_time*90*2)*0.6", 0, "math.cos(q.anim_time*90*1)*-1"],
					"position": [0, "math.sin(q.anim_time*90*2)*-0.2", 0]
				},
				"left_front_leg": {
					"rotation": [-15.84766, 19.58991, -40.25298]
				},
				"left_front_leg2": {
					"rotation": [0, 0, 40]
				},
				"right_front_leg": {
					"rotation": [-15.84766, -19.5899, 40.253]
				},
				"right_front_leg2": {
					"rotation": [0, 0, -40]
				},
				"right_back_leg": {
					"rotation": [-15.84766, 19.5899, 40.253]
				},
				"right_back_leg2": {
					"rotation": [0, 0, 40]
				},
				"left_back_leg": {
					"rotation": [-15.84766, -19.5899, -40.25298]
				},
				"left_back_leg2": {
					"rotation": [0, 0, -40]
				}
			}
		},
		"animation.stakataka.ground_walk": {
			"loop": true,
			"animation_length": 2,
			"bones": {
				"stakataka": {
					"position": [0, 0, 0]
				},
				"body": {
					"position": [0, -4, 0]
				},
				"torso": {
					"rotation": ["0+math.sin(q.anim_time*90*2*2)*1", "0+math.cos(q.anim_time*90*2)*3", "0-math.sin(q.anim_time*90*2)*3"],
					"position": {
						"0.0": [0, -0.01, 0],
						"0.0417": [0, -0.12, 0],
						"0.5833": [0, "0+math.sin(q.anim_time*90*2*2)*0.6", 0],
						"0.625": [0, "0.4+math.sin(q.anim_time*90*2*2)*0.4", 0],
						"0.7083": [0, "-0.1+math.sin(q.anim_time*90*2*2)*0.4", 0],
						"0.7917": [0, "0.4+math.sin(q.anim_time*90*2*2)*0.4", 0],
						"0.875": [0, "0+math.sin(q.anim_time*90*2*2)*0.4", 0],
						"0.9583": [0, 0.1, 0],
						"1.0417": [0, -0.12, 0],
						"1.5833": [0, "0+math.sin(q.anim_time*90*2*2)*0.6", 0],
						"1.625": [0, "0.4+math.sin(q.anim_time*90*2*2)*0.4", 0],
						"1.7083": [0, "-0.1+math.sin(q.anim_time*90*2*2)*0.4", 0],
						"1.7917": [0, "0.4+math.sin(q.anim_time*90*2*2)*0.4", 0],
						"1.875": [0, "0+math.sin(q.anim_time*90*2*2)*0.4", 0],
						"1.9583": [0, 0.1, 0],
						"2.0": [0, -0.01, 0]
					}
				},
				"left_front_leg": {
					"rotation": [-15.84766, 19.58991, -40.25298],
					"position": {
						"0.0": ["0+math.cos(q.anim_time*90*2-180)*0.2", "-0.5+math.clamp(math.cos(q.anim_time*90*2-180)*1.5,0,10)", "0-math.sin(q.anim_time*90*2-180)*0.8"],
						"0.5": ["0+math.cos(q.anim_time*90*2-180)*0.2", "math.clamp(math.cos(q.anim_time*90*2-180)*1.5,0,10)", "0-math.sin(q.anim_time*90*2-180)*0.8"],
						"1.4583": ["0+math.cos(q.anim_time*90*2-180)*0.2", "math.clamp(math.cos(q.anim_time*90*2-180)*1.5,0,10)", "0-math.sin(q.anim_time*90*2-180)*0.8"],
						"1.5": ["0+math.cos(q.anim_time*90*2-180)*0.2", "-1+math.clamp(math.cos(q.anim_time*90*2-180)*1.5,0,10)", "0-math.sin(q.anim_time*90*2-180)*0.8"],
						"2.0": ["0+math.cos(q.anim_time*90*2-180)*0.2", "-0.5+math.clamp(math.cos(q.anim_time*90*2-180)*1.5,0,10)", "0-math.sin(q.anim_time*90*2-180)*0.8"]
					}
				},
				"left_front_leg2": {
					"rotation": {
						"0.0": ["-2.5+math.clamp(math.sin(q.anim_time*90*2-90)*15,0,20)+math.clamp(math.sin(q.anim_time*90*2+90)*2,-2,20)", 0, 40],
						"1.4167": ["0+math.clamp(math.sin(q.anim_time*90*2-90)*15,0,20)+math.clamp(math.sin(q.anim_time*90*2+90)*2,-2,20)", 0, 40],
						"1.5": ["10+math.clamp(math.sin(q.anim_time*90*2-90)*15,0,20)+math.clamp(math.sin(q.anim_time*90*2+90)*2,-2,20)", 0, 40],
						"1.75": ["5+math.clamp(math.sin(q.anim_time*90*2-90)*15,0,20)+math.clamp(math.sin(q.anim_time*90*2+90)*2,-2,20)", 0, 40],
						"2.0": ["-2.5+math.clamp(math.sin(q.anim_time*90*2-90)*15,0,20)+math.clamp(math.sin(q.anim_time*90*2+90)*2,-2,20)", 0, 40]
					}
				},
				"right_front_leg": {
					"rotation": [-15.84766, -19.5899, 40.253],
					"position": {
						"0.0": ["0-math.cos(q.anim_time*90*2)*0.2", "math.clamp(math.cos(q.anim_time*90*2)*1.5,0,10)", "0-math.sin(q.anim_time*90*2)*0.7"],
						"0.4167": ["0-math.cos(q.anim_time*90*2)*0.2", "math.clamp(math.cos(q.anim_time*90*2)*1.5,0,10)", "0-math.sin(q.anim_time*90*2)*0.7"],
						"0.5": ["0-math.cos(q.anim_time*90*2)*0.2", "-1+math.clamp(math.cos(q.anim_time*90*2)*1.5,0,10)", "0-math.sin(q.anim_time*90*2)*0.7"],
						"0.75": ["0-math.cos(q.anim_time*90*2)*0.2", "-0.75+math.clamp(math.cos(q.anim_time*90*2)*1.5,0,10)", "0-math.sin(q.anim_time*90*2)*0.7"],
						"1.5": ["0-math.cos(q.anim_time*90*2)*0.2", "math.clamp(math.cos(q.anim_time*90*2)*1.5,0,10)", "0-math.sin(q.anim_time*90*2)*0.7"]
					}
				},
				"right_front_leg2": {
					"rotation": {
						"0.0": ["0+math.clamp(math.sin(q.anim_time*90*2+90)*15,0,20)-math.clamp(math.sin(q.anim_time*90*2+270)*2,-2,20)", 0, -40],
						"0.4167": ["0+math.clamp(math.sin(q.anim_time*90*2+90)*15,0,20)-math.clamp(math.sin(q.anim_time*90*2+270)*2,-2,20)", 0, -40],
						"0.5": ["12.5+math.clamp(math.sin(q.anim_time*90*2+90)*15,0,20)-math.clamp(math.sin(q.anim_time*90*2+270)*2,-2,20)", 0, -40],
						"0.75": ["7.5+math.clamp(math.sin(q.anim_time*90*2+90)*15,0,20)-math.clamp(math.sin(q.anim_time*90*2+270)*2,-2,20)", 0, -40],
						"1.0": ["0+math.clamp(math.sin(q.anim_time*90*2+90)*15,0,20)-math.clamp(math.sin(q.anim_time*90*2+270)*2,-2,20)", 0, -40]
					}
				},
				"right_back_leg": {
					"rotation": [-15.84766, 19.5899, 40.253],
					"position": {
						"0.0": [
							"0-math.cos(q.anim_time*90*2-240)*0.2",
							"-0.75+math.clamp(math.cos(q.anim_time*90*2-240)*1.5,0,10)",
							"-0.75-math.sin(q.anim_time*90*2-240)*0.8"
						],
						"0.8333": ["0-math.cos(q.anim_time*90*2-240)*0.2", "math.clamp(math.cos(q.anim_time*90*2-240)*1.5,0,10)", "-0.75-math.sin(q.anim_time*90*2-240)*0.8"],
						"1.7917": ["0-math.cos(q.anim_time*90*2-240)*0.2", "math.clamp(math.cos(q.anim_time*90*2-240)*1.5,0,10)", "-0.75-math.sin(q.anim_time*90*2-240)*0.8"],
						"1.8333": [
							"0-math.cos(q.anim_time*90*2-240)*0.2",
							"-1+math.clamp(math.cos(q.anim_time*90*2-240)*1.5,0,10)",
							"-0.75-math.sin(q.anim_time*90*2-240)*0.8"
						],
						"2.0": [
							"0-math.cos(q.anim_time*90*2-240)*0.2",
							"-0.75+math.clamp(math.cos(q.anim_time*90*2-240)*1.5,0,10)",
							"-0.75-math.sin(q.anim_time*90*2-240)*0.8"
						]
					}
				},
				"right_back_leg2": {
					"rotation": {
						"0.0": ["7.5+math.clamp(math.sin(q.anim_time*90*2-150)*15,0,20)+math.clamp(math.sin(q.anim_time*90*2+150)*2,-2,20)", 0, 40],
						"0.8333": ["-5+math.clamp(math.sin(q.anim_time*90*2-150)*15,0,20)+math.clamp(math.sin(q.anim_time*90*2+150)*2,-2,20)", 0, 40],
						"1.75": ["1.75+math.clamp(math.sin(q.anim_time*90*2-150)*15,0,20)+math.clamp(math.sin(q.anim_time*90*2+150)*2,-2,20)", 0, 40],
						"1.8333": ["7.5+math.clamp(math.sin(q.anim_time*90*2-150)*15,0,20)+math.clamp(math.sin(q.anim_time*90*2+150)*2,-2,20)", 0, 40]
					}
				},
				"left_back_leg": {
					"rotation": [-15.84766, -19.5899, -40.25298],
					"position": {
						"0.0": ["0+math.cos(q.anim_time*90*2-60)*0.2", "math.clamp(math.cos(q.anim_time*90*2-60)*1.5,0,10)", "-0.75-math.sin(q.anim_time*90*2-60)*0.7"],
						"0.75": [
							"0+math.cos(q.anim_time*90*2-60)*0.2",
							"0.25+math.clamp(math.cos(q.anim_time*90*2-60)*1.5,0,10)",
							"-0.75-math.sin(q.anim_time*90*2-60)*0.7"
						],
						"0.8333": ["0+math.cos(q.anim_time*90*2-60)*0.2", "-1+math.clamp(math.cos(q.anim_time*90*2-60)*1.5,0,10)", "-0.75-math.sin(q.anim_time*90*2-60)*0.7"],
						"1.8333": ["0+math.cos(q.anim_time*90*2-60)*0.2", "math.clamp(math.cos(q.anim_time*90*2-60)*1.5,0,10)", "-0.75-math.sin(q.anim_time*90*2-60)*0.7"]
					}
				},
				"left_back_leg2": {
					"rotation": {
						"0.0": ["0+math.clamp(math.sin(q.anim_time*90*2+30)*15,0,20)-math.clamp(math.sin(q.anim_time*90*2+210)*2,-2,20)", 0, -40],
						"0.75": ["0+math.clamp(math.sin(q.anim_time*90*2+30)*15,0,20)-math.clamp(math.sin(q.anim_time*90*2+210)*2,-2,20)", 0, -40],
						"0.8333": ["7.5+math.clamp(math.sin(q.anim_time*90*2+30)*15,0,20)-math.clamp(math.sin(q.anim_time*90*2+210)*2,-2,20)", 0, -40],
						"1.25": [3.32, 0, -40],
						"1.8333": ["-8.5+math.clamp(math.sin(q.anim_time*90*2+30)*15,0,20)-math.clamp(math.sin(q.anim_time*90*2+210)*2,-2,20)", 0, -40],
						"2.0": ["0+math.clamp(math.sin(q.anim_time*90*2+30)*15,0,20)-math.clamp(math.sin(q.anim_time*90*2+210)*2,-2,20)", 0, -40]
					}
				}
			}
		},
		"animation.stakataka.faint": {
			"animation_length": 3.75,
			"bones": {
				"body": {
					"position": {
						"0.7083": [0, 0, 0],
						"0.7917": [0, -0.4, 0],
						"0.8333": [0, 0.2, 0],
						"0.9583": [0, -0.2, 0],
						"1.0833": [0, 0.1, 0],
						"1.2083": [0, 0, 0],
						"1.4167": [0, 0, 0],
						"1.7083": [0, 0, 1.1],
						"1.7917": [0, 0.2, -0.4],
						"1.8333": [0, -0.48, -2.3],
						"2.0833": [0, -33.5, -8.4],
						"2.1667": [0, -32.5, -8.4],
						"2.25": [0, -33.5, -8.4],
						"2.3333": [0, -32.5, -8.4],
						"2.5": [0, -35.5, -8.4]
					}
				},
				"torso": {
					"rotation": {
						"0.0": [0, 0, 0],
						"0.375": [-3.98055, -0.27829, -8.99519],
						"0.6667": [-1.48284, 0.24323, -1.51332],
						"0.8333": ["-13.9828+math.cos(q.anim_time*90*20+30)*-0.2", 0.24323, -1.51332],
						"1.625": [-3.9828, 0.24323, 0],
						"1.875": [-11.4828, 0.24323, 0],
						"2.0": [-7, 0, 0],
						"2.2083": [0, 0, 0]
					},
					"position": {
						"0.0": [0, 0, 0],
						"0.6667": [0, 0.04, 0],
						"0.7083": [0, -0.18, 0],
						"0.8333": [0, "0.1+math.cos(q.anim_time*90*20+30)*0.2", 0],
						"1.625": [0, 0, 0],
						"1.875": [0, 1.1, 0]
					}
				},
				"left_front_leg": {
					"rotation": {
						"0.0": [0, 0, 0],
						"0.4583": [-44.51332, -3.14572, -29.65833],
						"0.5833": [-22.28003, 8.64682, -13.84667],
						"0.6667": [0, 0, 10],
						"1.4583": {
							"pre": [0, 0, 10],
							"post": [0, 0, 10],
							"lerp_mode": "catmullrom"
						},
						"1.75": [-5, 0, 0],
						"1.875": [-29.41732, -10.54654, 5.02049],
						"1.9583": [-55.67171, -11.09361, 0.81913],
						"2.0417": [-74.42611, -11.64069, -3.38223],
						"2.1667": [-78.61982, -18.52156, -6.47484]
					},
					"position": {
						"0.0": [0, 0, 0],
						"0.4583": [3.05, 0, -0.6],
						"0.5833": [2.03, 1.3, -0.4],
						"0.6667": [0, -0.3, 0],
						"1.4583": [0, -0.3, 0],
						"1.75": [0, 0.2, 0],
						"1.875": [0.3, 0.1, -1.5],
						"1.9583": [1.1, 0.05, -2.35],
						"2.0417": [1.9, 0.3, -1.8],
						"2.1667": [1.9, 0, -1.7],
						"2.25": [1.9, -0.4, -1.7],
						"2.375": [1.9, -0.1, -1.7],
						"2.5833": [1.9, -0.3, -1.7]
					}
				},
				"right_front_leg": {
					"rotation": {
						"0.0": [0, 0, 0],
						"0.375": [0, 0, 7.5],
						"0.8333": [0, 0, 0],
						"1.4583": [0, 0, 0],
						"1.75": [-5, 0, 0],
						"1.875": [-29.41732, 10.54654, -5.02049],
						"1.9583": [-55.67171, 11.09361, -0.81913],
						"2.0417": [-74.42611, 11.64069, 3.38223],
						"2.1667": [-78.61982, 18.52156, 6.47484]
					},
					"position": {
						"0.0": [0, 0, 0],
						"0.375": [0.7, -0.3, 0],
						"0.8333": [0, 0, 0],
						"1.4583": [0, 0, 0],
						"1.75": [0, 0.2, 0],
						"1.875": [-0.3, 0.1, -1.5],
						"1.9583": [-1.1, 0.05, -2.35],
						"2.0417": [-1.9, 0.3, -1.8],
						"2.1667": [-1.9, 0, -1.7],
						"2.25": [-1.9, -0.4, -1.7],
						"2.375": [-1.9, -0.1, -1.7],
						"2.5833": [-1.9, -0.3, -1.7]
					}
				},
				"right_back_leg": {
					"rotation": {
						"0.0": [0, 0, 0],
						"1.4583": [0, 0, 0],
						"1.75": [-11.67, 0, 0],
						"1.8333": [5, 0, 0],
						"2.125": [-93.7123, -18.42031, 7.92945],
						"2.2917": [-83.7123, -18.42031, 7.92945]
					},
					"position": {
						"0.0": [0, 0, 0],
						"1.4583": [0, 0, 0],
						"1.75": [0, -0.7, 0],
						"1.8333": [0, 0, 0],
						"2.125": [-1.5, -0.1, 1.5],
						"2.2917": [-1.5, -0.7, 1.5]
					}
				},
				"left_back_leg": {
					"rotation": {
						"0.0": [0, 0, 0],
						"1.4583": [0, 0, 0],
						"1.75": [-11.67, 0, 0],
						"1.8333": [5, 0, 0],
						"2.125": [-93.7123, 18.42031, -7.92945],
						"2.2917": [-83.7123, 18.42031, -7.92945]
					},
					"position": {
						"0.0": [0, 0, 0],
						"1.4583": [0, 0, 0],
						"1.75": [0, -0.7, 0],
						"1.8333": [0, 0, 0],
						"2.125": [1.5, -0.1, 1.5],
						"2.2917": [1.5, -0.7, 1.5]
					}
				}
			}
		},
		"animation.stakataka.cry": {
			"animation_length": 1.83333,
			"bones": {
				"torso": {
					"rotation": {
						"0.0": [0, 0, 0],
						"0.1667": [2.77, 0, 0],
						"0.375": [-5.56333, 0, 0.31062],
						"0.7917": [-7.23, 0, "-1+math.cos(q.anim_time*90*18+30)*2"],
						"1.0417": [-11.23, 0, "-1+math.cos(q.anim_time*90*18+30)*4"],
						"1.7083": [-0.31947, 0, -1.14357],
						"1.8333": [0, 0, 0]
					}
				}
			}
		},
		"animation.stakataka.blink": {
			"animation_length": 0.16667,
			"bones": {
				"pupilfront": {
					"position": {
						"0.0": [0, 0, 0.1],
						"0.125": [0, 0, -0.1],
						"0.1667": [0, 0, 0]
					}
				},
				"pupilback": {
					"position": {
						"0.0": [0, 0, 0.1],
						"0.125": [0, 0, -0.1],
						"0.1667": [0, 0, 0]
					}
				},
				"pupil_right": {
					"position": {
						"0.0": [0, 0, 0.1],
						"0.125": [0, 0, -0.1],
						"0.1667": [0, 0, 0]
					}
				},
				"pupil_left": {
					"position": {
						"0.0": [0, 0, 0.1],
						"0.125": [0, 0, -0.1],
						"0.1667": [0, 0, 0]
					}
				}
			}
		}
	}
}