{
	"format_version": "1.8.0",
	"animations": {
		"animation.volcanion.new": {
			"loop": true,
			"bones": {
				"ring_left": {
					"rotation": [0, 0, -17.5]
				},
				"ring_left2": {
					"rotation": [0, 0, -47.5]
				},
				"ring_left3": {
					"rotation": [0, 0, -45]
				},
				"ring_left4": {
					"rotation": [0, 0, -45]
				},
				"ring_right": {
					"rotation": [0, 0, 17.5]
				},
				"ring_right2": {
					"rotation": [0, 0, 47.5]
				},
				"ring_right3": {
					"rotation": [0, 0, 45]
				},
				"ring_right4": {
					"rotation": [0, 0, 45]
				}
			}
		},
		"animation.volcanion.ground_idle": {
			"loop": true,
			"bones": {
				"ring_left": {
					"rotation": ["12.5+Math.cos((query.anim_time) * 90 * 1) * 8", "10+Math.sin((query.anim_time) * 90 * 1) * 8", 17.5]
				},
				"ring_left2": {
					"rotation": ["19.4115+Math.cos((query.anim_time-0.4) * 90 * 1) * 4", "29.438+Math.sin((query.anim_time-0.4) * 90 * 1) * 4", -30.81778]
				},
				"ring_left3": {
					"rotation": ["4.6293+Math.cos((query.anim_time-0.8) * 90 * 1) * 6", "24.5948+Math.sin((query.anim_time-0.8) * 90 * 1) * 6", -33.99034]
				},
				"ring_left4": {
					"rotation": ["0+Math.cos((query.anim_time-1.2) * 90 * 1) * 4", "0+Math.sin((query.anim_time-1.2) * 90 * 1) * 4", -35]
				},
				"ring_right": {
					"rotation": ["12.5+Math.cos((query.anim_time+1) * 90 * 1) * 8", "-10-(Math.sin((query.anim_time+1) * 90 * 1) * 8)", -17.5]
				},
				"ring_right2": {
					"rotation": ["15+Math.cos((query.anim_time-1.4) * 90 * 1) * 4", "-30-(Math.sin((query.anim_time-1.4) * 90 * 1) * 4)", 32.5]
				},
				"ring_right3": {
					"rotation": ["4.6293+Math.cos((query.anim_time-1.8) * 90 * 1) * 6", "-24.5948-(Math.sin((query.anim_time-1.8) * 90 * 1) * 6)", 33.99034]
				},
				"ring_right4": {
					"rotation": ["Math.cos((query.anim_time-2.2) * 90 * 1) * 4", "0-(Math.sin((query.anim_time-2.2) * 90 * 1) * 4)", 35]
				},
				"neck": {
					"rotation": [10, 0, 0]
				},
				"jaw": {
					"rotation": [7.5, 0, 0]
				},
				"leg_front_left": {
					"rotation": [0, 15, 0]
				},
				"leg_front_left1": {
					"rotation": [0, -22.5, 0]
				},
				"leg_front_right": {
					"rotation": [0, -15, 0]
				},
				"leg_front_right1": {
					"rotation": [0, 22.5, 0]
				},
				"leg_back_left": {
					"rotation": [0, -12.5, 0]
				},
				"leg_back_right": {
					"rotation": [0, 12.5, 0]
				},
				"torso": {
					"rotation": ["math.sin(q.anim_time*90*2)*0.6", 0, "math.cos(q.anim_time*90*1)*-1"],
					"position": [0, "math.sin(q.anim_time*90*2)*-0.2", 0]
				},
				"head": {
					"rotation": ["math.sin(q.anim_time*90*2+30)*-2", "math.cos(q.anim_time*90*1)*1", 0]
				}
			}
		},
		"animation.volcanion.ground_walk": {
			"loop": true,
			"animation_length": 2,
			"bones": {
				"ring_left": {
					"rotation": [0, 0, -17.5]
				},
				"ring_left2": {
					"rotation": [0, 0, -47.5]
				},
				"ring_left3": {
					"rotation": [0, 0, -45]
				},
				"ring_left4": {
					"rotation": [0, 0, -45]
				},
				"ring_right": {
					"rotation": [0, 0, 17.5]
				},
				"ring_right2": {
					"rotation": [0, 0, 47.5]
				},
				"ring_right3": {
					"rotation": [0, 0, 45]
				},
				"ring_right4": {
					"rotation": [0, 0, 45]
				},
				"neck": {
					"rotation": [10, 0, 0]
				},
				"jaw": {
					"rotation": [7.5, 0, 0]
				},
				"leg_front_left": {
					"rotation": ["0-math.sin(q.anim_time*90*2-180)*10", "0+math.sin(q.anim_time*90*2-180)*8", -10],
					"position": {
						"0.0": ["0+math.cos(q.anim_time*90*2-180)*0.2", "-0.5+math.clamp(math.cos(q.anim_time*90*2-180)*1.5,0,10)", "0-math.sin(q.anim_time*90*2-180)*0.8"],
						"0.5": ["0+math.cos(q.anim_time*90*2-180)*0.2", "math.clamp(math.cos(q.anim_time*90*2-180)*1.5,0,10)", "0-math.sin(q.anim_time*90*2-180)*0.8"],
						"1.4583": ["0+math.cos(q.anim_time*90*2-180)*0.2", "math.clamp(math.cos(q.anim_time*90*2-180)*1.5,0,10)", "0-math.sin(q.anim_time*90*2-180)*0.8"],
						"1.5": ["0+math.cos(q.anim_time*90*2-180)*0.2", "-1+math.clamp(math.cos(q.anim_time*90*2-180)*1.5,0,10)", "0-math.sin(q.anim_time*90*2-180)*0.8"],
						"2.0": ["0+math.cos(q.anim_time*90*2-180)*0.2", "-0.5+math.clamp(math.cos(q.anim_time*90*2-180)*1.5,0,10)", "0-math.sin(q.anim_time*90*2-180)*0.8"]
					}
				},
				"leg_front_left1": {
					"rotation": [0, -22.5, 0]
				},
				"leg_front_right": {
					"rotation": {
						"0.0": ["0-math.sin(q.anim_time*90*2)*10", "0-math.sin(q.anim_time*90*2)*8", 10],
						"0.4167": ["0-math.sin(q.anim_time*90*2)*10", "0-math.sin(q.anim_time*90*2)*8", 10],
						"0.625": ["-0.25-math.sin(q.anim_time*90*2)*10", "-math.sin(q.anim_time*90*2)*8", 10],
						"0.8333": ["-1-math.sin(q.anim_time*90*2)*10", "-math.sin(q.anim_time*90*2)*8", 10],
						"1.0": ["0-math.sin(q.anim_time*90*2)*10", "0-math.sin(q.anim_time*90*2)*8", 10]
					},
					"position": {
						"0.0": ["0-math.cos(q.anim_time*90*2)*0.2", "math.clamp(math.cos(q.anim_time*90*2)*1.5,0,10)", "0-math.sin(q.anim_time*90*2)*0.7"],
						"0.4167": ["0-math.cos(q.anim_time*90*2)*0.2", "math.clamp(math.cos(q.anim_time*90*2)*1.5,0,10)", "0-math.sin(q.anim_time*90*2)*0.7"],
						"0.5": ["0-math.cos(q.anim_time*90*2)*0.2", "-1+math.clamp(math.cos(q.anim_time*90*2)*1.5,0,10)", "0-math.sin(q.anim_time*90*2)*0.7"],
						"0.75": ["0-math.cos(q.anim_time*90*2)*0.2", "-0.75+math.clamp(math.cos(q.anim_time*90*2)*1.5,0,10)", "0-math.sin(q.anim_time*90*2)*0.7"],
						"1.5": ["0-math.cos(q.anim_time*90*2)*0.2", "math.clamp(math.cos(q.anim_time*90*2)*1.5,0,10)", "0-math.sin(q.anim_time*90*2)*0.7"]
					}
				},
				"leg_front_right1": {
					"rotation": [0, 22.5, 0]
				},
				"leg_back_left": {
					"rotation": ["0-math.sin(q.anim_time*90*2-60)*10", "0+math.sin(q.anim_time*90*2-60)*8", -10],
					"position": {
						"0.0": ["0+math.cos(q.anim_time*90*2-60)*0.2", "math.clamp(math.cos(q.anim_time*90*2-60)*1.5,0,10)", "-0.75-math.sin(q.anim_time*90*2-60)*0.7"],
						"0.75": [
							"0+math.cos(q.anim_time*90*2-60)*0.2",
							"0.25+math.clamp(math.cos(q.anim_time*90*2-60)*1.5,0,10)",
							"-0.75-math.sin(q.anim_time*90*2-60)*0.7"
						],
						"0.8333": ["0+math.cos(q.anim_time*90*2-60)*0.2", "-1+math.clamp(math.cos(q.anim_time*90*2-60)*1.5,0,10)", "-0.75-math.sin(q.anim_time*90*2-60)*0.7"],
						"1.8333": ["0+math.cos(q.anim_time*90*2-60)*0.2", "math.clamp(math.cos(q.anim_time*90*2-60)*1.5,0,10)", "-0.75-math.sin(q.anim_time*90*2-60)*0.7"]
					}
				},
				"leg_back_right": {
					"rotation": ["0-math.sin(q.anim_time*90*2-240)*10", "0-math.sin(q.anim_time*90*2-240)*8", 10],
					"position": {
						"0.0": [
							"0-math.cos(q.anim_time*90*2-240)*0.2",
							"-0.75+math.clamp(math.cos(q.anim_time*90*2-240)*1.5,0,10)",
							"-0.75-math.sin(q.anim_time*90*2-240)*0.8"
						],
						"0.8333": ["0-math.cos(q.anim_time*90*2-240)*0.2", "math.clamp(math.cos(q.anim_time*90*2-240)*1.5,0,10)", "-0.75-math.sin(q.anim_time*90*2-240)*0.8"],
						"1.7917": ["0-math.cos(q.anim_time*90*2-240)*0.2", "math.clamp(math.cos(q.anim_time*90*2-240)*1.5,0,10)", "-0.75-math.sin(q.anim_time*90*2-240)*0.8"],
						"1.8333": [
							"0-math.cos(q.anim_time*90*2-240)*0.2",
							"-1+math.clamp(math.cos(q.anim_time*90*2-240)*1.5,0,10)",
							"-0.75-math.sin(q.anim_time*90*2-240)*0.8"
						],
						"2.0": [
							"0-math.cos(q.anim_time*90*2-240)*0.2",
							"-0.75+math.clamp(math.cos(q.anim_time*90*2-240)*1.5,0,10)",
							"-0.75-math.sin(q.anim_time*90*2-240)*0.8"
						]
					}
				},
				"body": {
					"position": {
						"0.0": [0, -0.3, 0],
						"0.0833": [0, -0.1, 0],
						"0.4583": [0, -0.1, 0],
						"0.6667": [0, -0.4, 0],
						"0.8333": [0, -0.1, 0],
						"0.875": [0, -0.1, 0],
						"0.9583": [0, -0.3, 0],
						"1.0417": [0, -0.1, 0],
						"1.5417": [0, -0.1, 0],
						"1.75": [0, -0.4, 0],
						"1.9167": [0, -0.1, 0],
						"2.0": [0, -0.3, 0]
					}
				},
				"torso": {
					"rotation": ["0+math.sin(q.anim_time*90*2*2)*1", "0+math.cos(q.anim_time*90*2)*3", "0-math.sin(q.anim_time*90*2)*3"],
					"position": {
						"0.0": [0, -0.01, 0],
						"0.0417": [0, -0.12, 0],
						"0.5833": [0, "0+math.sin(q.anim_time*90*2*2)*0.6", 0],
						"0.625": [0, "0.4+math.sin(q.anim_time*90*2*2)*0.4", 0],
						"0.7083": [0, "-0.1+math.sin(q.anim_time*90*2*2)*0.4", 0],
						"0.7917": [0, "0.4+math.sin(q.anim_time*90*2*2)*0.4", 0],
						"0.875": [0, "0+math.sin(q.anim_time*90*2*2)*0.4", 0],
						"0.9583": [0, 0.1, 0],
						"1.0417": [0, -0.12, 0],
						"1.5833": [0, "0+math.sin(q.anim_time*90*2*2)*0.6", 0],
						"1.625": [0, "0.4+math.sin(q.anim_time*90*2*2)*0.4", 0],
						"1.7083": [0, "-0.1+math.sin(q.anim_time*90*2*2)*0.4", 0],
						"1.7917": [0, "0.4+math.sin(q.anim_time*90*2*2)*0.4", 0],
						"1.875": [0, "0+math.sin(q.anim_time*90*2*2)*0.4", 0],
						"1.9583": [0, 0.1, 0],
						"2.0": [0, -0.01, 0]
					}
				}
			}
		}
	}
}