{
	"format_version": "1.8.0",
	"animations": {
		"pose": {
			"loop": true,
			"bones": {
				"torso": {
					"rotation": [-32.5, 0, 0]
				},
				"chest": {
					"rotation": [17.5, 0, 0]
				},
				"neck": {
					"rotation": ["10+math.sin(q.anim_time*90*3-75)*1", 0, 0]
				},
				"neck2": {
					"rotation": [22.5, 0, 0]
				},
				"head": {
					"rotation": [15, 0, 0]
				},
				"jaw": {
					"rotation": [20, 0, 0]
				},
				"tail": {
					"rotation": ["-20+math.sin(q.anim_time*90*3+150)*2", 0, 0]
				},
				"tail2": {
					"rotation": ["-35+math.sin(q.anim_time*90*3+125)*2.5", 0, 0]
				},
				"tail3": {
					"rotation": ["-42.5+math.sin(q.anim_time*90*3+80)*2", 0, 0]
				},
				"leg_left": {
					"rotation": [-26.94093, -5.73576, -11.12501]
				},
				"leg_left2": {
					"rotation": [20, 0, 0]
				},
				"leg_left3": {
					"rotation": [22.5, 0, 0]
				},
				"toe_left": {
					"rotation": [22.5, 0, 0]
				},
				"claw_left": {
					"rotation": [42.5, 0, 0]
				},
				"toe_left2": {
					"rotation": [22.5, 0, 0]
				},
				"claw_left2": {
					"rotation": [42.5, 0, 0]
				},
				"toe_left3": {
					"rotation": [-37.5, 0, 0]
				},
				"claw_left3": {
					"rotation": [-40, 0, 0]
				},
				"body": {
					"rotation": [-32.5, 0, 0],
					"position": [0, "40+math.sin(q.anim_time*90*3-55)*1", 0]
				},
				"arm_left": {
					"rotation": ["math.sin(q.anim_time*90*3+0)*1.5", 25, "-10+math.sin(q.anim_time*90*3+0)*5"]
				},
				"hand_left": {
					"rotation": [0, "25+math.sin(q.anim_time*90*3-50)*1", "37.5+math.sin(q.anim_time*90*3-50)*3"]
				},
				"arm_right": {
					"rotation": ["math.sin(q.anim_time*90*3+0)*1.5", -25, "10-math.sin(q.anim_time*90*3+0)*5"]
				},
				"hand_right": {
					"rotation": [0, "-25+math.sin(q.anim_time*90*3-50)*1", "-37.5-math.sin(q.anim_time*90*3-50)*3"]
				},
				"leg_right": {
					"rotation": [-26.94093, 5.73576, 11.12501]
				},
				"leg_right2": {
					"rotation": [20, 0, 0]
				},
				"leg_right3": {
					"rotation": [22.5, 0, 0]
				},
				"toe_right": {
					"rotation": [22.5, 0, 0]
				},
				"claw_right": {
					"rotation": [42.5, 0, 0]
				},
				"toe_right2": {
					"rotation": [22.5, 0, 0]
				},
				"claw_right2": {
					"rotation": [42.5, 0, 0]
				},
				"toe_right3": {
					"rotation": [-37.5, 0, 0]
				},
				"claw_right3": {
					"rotation": [-40, 0, 0]
				},
				"scarf4": {
					"rotation": [65, 0, 0]
				},
				"scarf": {
					"rotation": [-50, 0, 0]
				},
				"scarf2": {
					"rotation": [-40, 0, 0]
				},
				"scarf3": {
					"rotation": [22.5, 0, 0]
				},
				"tail_finger": {
					"rotation": ["math.sin(q.anim_time*90*3+80)*2", 0, 0]
				},
				"tail_finger_left": {
					"rotation": ["math.sin(q.anim_time*90*3+80)*2", 0, 0]
				},
				"tail_finger_right": {
					"rotation": ["math.sin(q.anim_time*90*3+80)*2", 0, 0]
				}
			}
		},
		"animation.yveltal.air_fly": {
			"loop": true,
			"bones": {
				"torso": {
					"rotation": [-32.5, 0, 0]
				},
				"chest": {
					"rotation": [17.5, 0, 0]
				},
				"neck": {
					"rotation": ["-2.5+math.sin(q.anim_time*90*3-75)*5", 0, 0]
				},
				"neck2": {
					"rotation": [12.5, 0, 0]
				},
				"head": {
					"rotation": ["15+math.sin(q.anim_time*90*3-85)*3", 0, 0]
				},
				"jaw": {
					"rotation": [20, 0, 0]
				},
				"tail": {
					"rotation": ["12.5+math.sin(q.anim_time*90*3+150)*10", 0, 0]
				},
				"tail2": {
					"rotation": ["-20+math.sin(q.anim_time*90*3+125)*12.5", 0, 0]
				},
				"tail3": {
					"rotation": {
						"0.0": ["-20+math.sin(q.anim_time*90*3+80)*20", 0, 0],
						"16.25": [20, 0, 0]
					}
				},
				"leg_left": {
					"rotation": [-26.94093, -5.73576, -11.12501]
				},
				"leg_left2": {
					"rotation": [20, 0, 0]
				},
				"leg_left3": {
					"rotation": [22.5, 0, 0]
				},
				"toe_left": {
					"rotation": [22.5, 0, 0]
				},
				"claw_left": {
					"rotation": [42.5, 0, 0]
				},
				"toe_left2": {
					"rotation": [22.5, 0, 0]
				},
				"claw_left2": {
					"rotation": [42.5, 0, 0]
				},
				"toe_left3": {
					"rotation": [-37.5, 0, 0]
				},
				"claw_left3": {
					"rotation": [-40, 0, 0]
				},
				"body": {
					"rotation": [22.5, 0, 0],
					"position": [0, "26+math.sin(q.anim_time*90*3-55)*5", 0]
				},
				"arm_left": {
					"rotation": ["math.sin(q.anim_time*90*3+0)*15", -2.5, "-10+math.sin(q.anim_time*90*3+0)*45"]
				},
				"hand_left": {
					"rotation": [0, "25+math.sin(q.anim_time*90*3-50)*5", "37.5+math.sin(q.anim_time*90*3-50)*35"]
				},
				"arm_right": {
					"rotation": ["math.sin(q.anim_time*90*3+0)*15", -2.5, "10+math.sin(q.anim_time*90*3+0+180)*45"]
				},
				"hand_right": {
					"rotation": [0, "-25+math.sin(q.anim_time*90*3-50+190)*5", "-37.5+math.sin(q.anim_time*90*3-50+180)*35"]
				},
				"leg_right": {
					"rotation": [-26.94093, 5.73576, 11.12501]
				},
				"leg_right2": {
					"rotation": [20, 0, 0]
				},
				"leg_right3": {
					"rotation": [22.5, 0, 0]
				},
				"toe_right": {
					"rotation": [22.5, 0, 0]
				},
				"claw_right": {
					"rotation": [42.5, 0, 0]
				},
				"toe_right2": {
					"rotation": [22.5, 0, 0]
				},
				"claw_right2": {
					"rotation": [42.5, 0, 0]
				},
				"toe_right3": {
					"rotation": [-37.5, 0, 0]
				},
				"claw_right3": {
					"rotation": [-40, 0, 0]
				},
				"scarf4": {
					"rotation": [65, 0, 0]
				},
				"scarf": {
					"rotation": ["-50+math.sin(q.anim_time*90*3+125)*2.5", 0, 0]
				},
				"scarf2": {
					"rotation": ["-40+math.sin(q.anim_time*90*3+125)*2.5", 0, 0]
				},
				"scarf3": {
					"rotation": ["22.5+math.sin(q.anim_time*90*3+125)*2.5", 0, 0]
				},
				"tail_finger": {
					"rotation": ["math.sin(q.anim_time*90*3+80)*20", 0, 0]
				},
				"tail_finger_left": {
					"rotation": ["math.sin(q.anim_time*90*3+80)*20", 0, 0]
				},
				"tail_finger_right": {
					"rotation": ["math.sin(q.anim_time*90*3+80)*20", 0, 0]
				}
			}
		}
	}
}