{
 "parent": "minecraft:block/carved_pumpkin",
 "textures": {
  "layer0": "item/carved_pumpkin"
 },
 
 "overrides": [
    {"predicate": {"custom_model_data":101}, "model": "block/custom/pkmnredhat"},
    {"predicate": {"custom_model_data":102}, "model": "block/custom/pkmnleafhat"},
    {"predicate": {"custom_model_data":201}, "model": "block/custom/pkmngoldhat"},
    {"predicate": {"custom_model_data":202}, "model": "block/custom/pkmnkrishat"},
    {"predicate": {"custom_model_data":301}, "model": "block/custom/pkmnbrendanhat"},
    {"predicate": {"custom_model_data":302}, "model": "block/custom/pkmnmayhat"},
    {"predicate": {"custom_model_data":401}, "model": "block/custom/pkmnlucashat"},
    {"predicate": {"custom_model_data":402}, "model": "block/custom/pkmndawnhat"},
    {"predicate": {"custom_model_data":501}, "model": "block/custom/pkmnhilberthat"},
    {"predicate": {"custom_model_data":502}, "model": "block/custom/pkmnhildahat"},
    {"predicate": {"custom_model_data":503}, "model": "block/custom/pkmnnatehat"},
    {"predicate": {"custom_model_data":504}, "model": "block/custom/pkmnrosahat"},
    {"predicate": {"custom_model_data":601}, "model": "block/custom/pkmncalemhat"},
    {"predicate": {"custom_model_data":602}, "model": "block/custom/pkmnserenahat"},
    {"predicate": {"custom_model_data":701}, "model": "block/custom/pkmneliohat"},
    {"predicate": {"custom_model_data":702}, "model": "block/custom/pkmnselenehat"},
    {"predicate": {"custom_model_data":801}, "model": "block/custom/pkmnvictorhat"},
    {"predicate": {"custom_model_data":802}, "model": "block/custom/pkmngloriahat"},
    {"predicate": {"custom_model_data":1011}, "model": "block/custom/pkmnredhatnh"},
    {"predicate": {"custom_model_data":1022}, "model": "block/custom/pkmnleafhatnh"},
    {"predicate": {"custom_model_data":2011}, "model": "block/custom/pkmngoldhatnh"},
    {"predicate": {"custom_model_data":3022}, "model": "block/custom/pkmnmayhatnh"},
    {"predicate": {"custom_model_data":4011}, "model": "block/custom/pkmnlucashatnh"},
    {"predicate": {"custom_model_data":4022}, "model": "block/custom/pkmndawnhatnh"},
    {"predicate": {"custom_model_data":5011}, "model": "block/custom/pkmnhilberthatnh"},
    {"predicate": {"custom_model_data":5022}, "model": "block/custom/pkmnhildahatnh"},
    {"predicate": {"custom_model_data":5033}, "model": "block/custom/pkmnnatehatnh"},
    {"predicate": {"custom_model_data":5044}, "model": "block/custom/pkmnrosahatnh"},
    {"predicate": {"custom_model_data":6011}, "model": "block/custom/pkmncalemhatnh"},
    {"predicate": {"custom_model_data":6022}, "model": "block/custom/pkmnserenahatnh"},
    {"predicate": {"custom_model_data":7011}, "model": "block/custom/pkmneliohatnh"},
    {"predicate": {"custom_model_data":7022}, "model": "block/custom/pkmnselenehatnh"},
    {"predicate": {"custom_model_data":8011}, "model": "block/custom/pkmnvictorhatnh"},
    {"predicate": {"custom_model_data":8022}, "model": "block/custom/pkmngloriahatnh"}
 ]
}