{
	"format_version": "1.8.0",
	"animations": {
		"animation.aegislash_delta.ground_idle": {
			"loop": true,
			"bones": {
				"body": {
					"rotation": ["5+Math.cos((query.anim_time-0.6) * 90 * 1) * 1.5", 0, "0+Math.cos((query.anim_time-0.3) * 90 * 0.5) * 3"],
					"position": [0, "1+Math.cos((query.anim_time) * 90 * 1) * 1.2", 0]
				},
				"shield_arm": {
					"rotation": [0, 37.5, 0]
				},
				"shield_arm2": {
					"rotation": [0, 0, "15+Math.cos((query.anim_time-0.1) * 90 * 1) * 2"]
				},
				"shield_arm3": {
					"rotation": [0, 20, "17.5+Math.cos((query.anim_time-0.2) * 90 * 1) * 1"]
				},
				"shield_arm4": {
					"rotation": [0, 12.5, "7.5+Math.cos((query.anim_time-0.3) * 90 * 1) * 2"]
				},
				"shield_arm5": {
					"rotation": [0, 0, "20+Math.cos((query.anim_time-0.6) * 90 * 1) * 2"]
				},
				"shield_arm6": {
					"rotation": [0, 10, 10]
				},
				"shield_arm7": {
					"rotation": [15, 22.5, "27.5+Math.cos((query.anim_time-0.8) * 90 * 1) * 3"]
				},
				"shield_hand": {
					"rotation": [12.5, -2.5, 50]
				},
				"shield": {
					"position": [-2, 0, 0]
				},
				"arm": {
					"rotation": [0, 37.5, 0]
				},
				"arm2": {
					"rotation": [0, 0, "15+Math.cos((query.anim_time-0.1) * 90 * 1) * 2"]
				},
				"arm3": {
					"rotation": [0, 20, "17.5+Math.cos((query.anim_time-0.2) * 90 * 1) * 1"]
				},
				"arm4": {
					"rotation": [0, 12.5, "7.5+Math.cos((query.anim_time-0.3) * 90 * 1) * 2"]
				},
				"arm5": {
					"rotation": [0, 0, "20+Math.cos((query.anim_time-0.6) * 90 * 1) * 2"]
				},
				"arm6": {
					"rotation": [0, 10, 10]
				},
				"arm7": {
					"rotation": [15, 22.5, "27.5+Math.cos((query.anim_time-0.8) * 90 * 1) * 3"]
				},
				"hand": {
					"rotation": [12.5, -2.5, 50]
				},
				"finger": {
					"rotation": [0, -15, 30]
				},
				"finger2": {
					"rotation": [0, 0, 12.5]
				},
				"finger3": {
					"rotation": [0, 0, 52.5]
				},
				"finger4": {
					"rotation": [0, -10, 5]
				},
				"finger5": {
					"rotation": [0, 0, 17.5]
				},
				"finger6": {
					"rotation": [0, 0, 52.5]
				},
				"finger7": {
					"rotation": [0, 0, 7.5]
				},
				"finger8": {
					"rotation": [0, 0, 17.5]
				},
				"finger9": {
					"rotation": [0, 0, 30]
				},
				"finger10": {
					"rotation": [0, 5, 22.5]
				},
				"finger11": {
					"rotation": [0, 0, 15]
				},
				"finger12": {
					"rotation": [0, 0, 15]
				}
			}
		},
		"animation.aegislash_delta.ground_walk": {
			"loop": true,
			"bones": {
				"body": {
					"rotation": ["25+Math.cos((query.anim_time-0.3) * 90 * 4) * 3", 0, "12.5+Math.cos((query.anim_time-0.3) * 90 * 2) * -3"],
					"position": [0, "1+Math.cos((query.anim_time+0.1) * 90 * 4) * 1.6", 0]
				},
				"shield_arm": {
					"rotation": [0, -22.5, 0]
				},
				"shield_arm2": {
					"rotation": [0, 15, "-12.5+Math.cos((query.anim_time-0.1) * 90 * 4) * -3"]
				},
				"shield_arm3": {
					"rotation": [0, 0, 17.5]
				},
				"shield_arm4": {
					"rotation": [0, 17.5, "15+Math.cos((query.anim_time-0.3) * 90 * 4) * 3"]
				},
				"shield_arm5": {
					"rotation": [0, 15, 25]
				},
				"shield_arm6": {
					"rotation": [0, 25, "17.5+Math.cos((query.anim_time-0.5) * 90 * 4) * 5"]
				},
				"shield_arm7": {
					"rotation": [0, 12.5, 22.5]
				},
				"shield_hand": {
					"rotation": [0, 17.5, "27.5+Math.cos((query.anim_time-0.7) * 90 * 4) * 6"]
				},
				"arm": {
					"rotation": [0, -22.5, 0]
				},
				"arm2": {
					"rotation": [0, 15, "-12.5+Math.cos((query.anim_time-0.1) * 90 * 4) * -3"]
				},
				"arm3": {
					"rotation": [0, 0, 17.5]
				},
				"arm4": {
					"rotation": [0, 17.5, "15+Math.cos((query.anim_time-0.3) * 90 * 4) * 3"]
				},
				"arm5": {
					"rotation": [0, 15, 25]
				},
				"arm6": {
					"rotation": [0, 25, "17.5+Math.cos((query.anim_time-0.5) * 90 * 4) * 5"]
				},
				"arm7": {
					"rotation": [0, 12.5, 22.5]
				},
				"hand": {
					"rotation": [0, 17.5, "27.5+Math.cos((query.anim_time-0.7) * 90 * 4) * 6"]
				},
				"finger": {
					"rotation": [0, 0, -7.5]
				},
				"finger2": {
					"rotation": [0, 0, 27.5]
				},
				"finger3": {
					"rotation": [0, 0, 25]
				},
				"finger4": {
					"rotation": [0, 0, -10]
				},
				"finger5": {
					"rotation": [0, 0, 22.5]
				},
				"finger6": {
					"rotation": [0, 0, 27.5]
				},
				"finger7": {
					"rotation": [0, 7.5, -15]
				},
				"finger8": {
					"rotation": [0, 0, 17.5]
				},
				"finger9": {
					"rotation": [0, 0, 17.5]
				},
				"finger10": {
					"rotation": [0, 15, -10]
				},
				"finger11": {
					"rotation": [0, 0, 17.5]
				},
				"finger12": {
					"rotation": [0, 0, 17.5]
				}
			}
		},
		"animation.aegislash_delta.sleep": {
			"loop": true,
			"bones": {
				"body": {
					"rotation": [-15, 0, 15],
					"position": [0, -8, 0]
				},
				"eyelid": {
					"position": [0, 0, -0.075]
				},
				"shield_arm": {
					"rotation": [0, 32.5, 0]
				},
				"shield_arm2": {
					"rotation": [0, -12.5, "35+Math.cos((query.anim_time) * 90 * 1) * 1"]
				},
				"shield_arm3": {
					"rotation": [0, 20, 15]
				},
				"shield_arm4": {
					"rotation": [0, 2.5, 12.5]
				},
				"shield_arm5": {
					"rotation": [0, -7.5, 20]
				},
				"shield_arm6": {
					"rotation": [0, 0, -7.5]
				},
				"shield_arm7": {
					"rotation": [0, 0, -22.5]
				},
				"shield_hand": {
					"rotation": [0, 0, "-40+Math.cos((query.anim_time) * 90 * 1) * -1"]
				},
				"shield": {
					"rotation": [0, 17.5, -20]
				},
				"arm": {
					"rotation": [0, 32.5, 0]
				},
				"arm2": {
					"rotation": [0, -12.5, "35+Math.cos((query.anim_time) * 90 * 1) * 1"]
				},
				"arm3": {
					"rotation": [0, 20, 15]
				},
				"arm4": {
					"rotation": [0, 2.5, 12.5]
				},
				"arm5": {
					"rotation": [0, -7.5, 20]
				},
				"arm6": {
					"rotation": [0, 0, -7.5]
				},
				"arm7": {
					"rotation": [0, 0, -22.5]
				},
				"hand": {
					"rotation": [0, 0, "-40+Math.cos((query.anim_time) * 90 * 1) * -1"]
				},
				"finger": {
					"rotation": [0, -17.5, -27.5]
				},
				"finger4": {
					"rotation": [0, -7.5, -27.5]
				},
				"finger7": {
					"rotation": [0, 0, -27.5]
				},
				"finger10": {
					"rotation": [0, 12.5, -27.5]
				}
			}
		},
		"animation.aegislash_delta.faint": {
			"loop": true,
			"animation_length": 3,
			"bones": {
				"body": {
					"rotation": {
						"0.0": [0, 0, 0],
						"0.3333": [4.12, 0, 0],
						"0.625": [5, 0, 0],
						"0.75": [-3.5, 223, 0],
						"0.9167": [-6.75, 308.5, 0],
						"1.125": [-7.5, 340, 0],
						"1.375": [3.32, 360, 0],
						"1.5833": [5, 360, 0],
						"1.75": [-24.5, 360, 0],
						"2.0417": [-15.08, 360, 0],
						"2.1667": [2.5, 360, 0]
					},
					"position": {
						"0.0": [0, 3, 0],
						"0.2917": [0, 1.1, 0],
						"0.5833": [0, 0.5, 0],
						"0.6667": [0, -1.75, 0],
						"0.75": [0, 8.5, 0],
						"0.875": [0, 11.35, 0],
						"1.0833": [0, 12.25, 0],
						"1.4167": [0, "10+Math.cos((query.anim_time) * 90 * 32) * 1", 0],
						"1.6667": [0, "5+Math.cos((query.anim_time) * 90 * 32) * 3", 0],
						"1.7083": [0, 4.25, 0],
						"1.75": [0, 23.25, 0],
						"1.875": [0, 28.5, 0],
						"2.0": [0, 27.625, 0],
						"2.125": [0, 24.5, 0],
						"2.2083": [0, -5.5, 0],
						"2.2917": [0, -8.75, 0],
						"2.5": [0, -10.5, 0]
					}
				},
				"eyelid": {
					"position": {
						"0.5833": [0, 0, 0],
						"0.625": [0, 0, -0.175],
						"1.25": [0, 0, -0.175],
						"1.2917": [0, 0, 0],
						"1.7083": [0, 0, 0],
						"1.75": [0, 0, -0.175]
					}
				},
				"shield_arm2": {
					"rotation": {
						"0.0": [0, 0, 30],
						"0.2917": [0, 16, 30],
						"0.625": [0, 20, 30],
						"0.7083": [0, -17.5, 30],
						"1.2083": [0, 0, 30],
						"1.4167": [0, 15, 30],
						"2.2917": [0, 15, 52.5]
					}
				},
				"shield_arm3": {
					"rotation": {
						"0.0": [0, 0, 27.5],
						"0.2917": [0, 8, 27.5],
						"0.625": [0, 10, 27.5],
						"1.0417": [0, 0, 27.5],
						"1.4167": [0, -2.5, 27.5],
						"2.125": [0, -2.5, 0],
						"2.2917": [0, -2.5, 25]
					}
				},
				"shield_arm4": {
					"rotation": {
						"0.0": [0, 0, 22.5],
						"0.2917": [0, 12, 28.5],
						"0.625": [0, 15, 30],
						"0.7083": [0, -15, 22.5],
						"1.0417": [0, 0, 22.5],
						"1.4167": [0, 7.5, 22.5],
						"1.6667": [0, 7.5, 17.5],
						"2.1667": [0, 7.5, -22.5],
						"2.2917": [0, 7.5, -2.5]
					}
				},
				"shield_arm5": {
					"rotation": {
						"0.0": [0, 0, 20],
						"0.2917": [0, 6, 30],
						"0.625": [0, 7.5, 32.5],
						"0.7083": [0, -20, 20],
						"1.0417": [0, 0, 20],
						"1.4167": [0, 17.5, 20],
						"1.6667": [0, 17.5, 17.5],
						"1.75": [0, 17.5, -15],
						"2.2083": [0, 17.5, -37.5],
						"2.2917": [0, 2.5, -15]
					}
				},
				"shield_arm6": {
					"rotation": {
						"0.0": [0, 0, -10],
						"0.2917": [0, 4, -20],
						"0.625": [0, 5, -22.5],
						"0.7083": [0, -20, -7.5],
						"0.75": [0, -20, 15],
						"1.0417": [0, 0, -10],
						"1.5": [0, 17.5, 7.5],
						"1.6667": [0, 17.5, 10],
						"1.75": [0, 17.5, -15],
						"2.375": [0, 2.5, 0]
					}
				},
				"shield_arm7": {
					"rotation": {
						"0.0": [0, 0, -25],
						"0.2917": [0, 4, -41],
						"0.625": [0, 5, -45],
						"0.75": [0, 5, 27.5],
						"1.0417": [0, 0, -25],
						"1.5": [0, 0, 32.5],
						"1.6667": [0, 0, 37.5],
						"1.75": [0, 0, -15],
						"2.4167": [0, 0, 10],
						"2.6667": [0, 0, 10.75]
					}
				},
				"shield_hand": {
					"rotation": {
						"0.0": [0, 0, -25],
						"0.2917": [0, 6, -33],
						"0.625": [0, 7.5, -35],
						"0.8333": [0, 7.5, 30],
						"1.0417": [0, 0, -25],
						"1.5": [0, 0, 20],
						"1.6667": [0, 0, 27.5],
						"1.75": [0, 0, -20],
						"2.4583": [0, 0, -42.5]
					}
				},
				"arm2": {
					"rotation": {
						"0.0": [0, 0, 30],
						"0.2917": [0, 16, 30],
						"0.625": [0, 20, 30],
						"0.7083": [0, -17.5, 30],
						"1.2083": [0, 0, 30],
						"1.4167": [0, 15, 30],
						"2.2917": [0, 15, 52.5]
					}
				},
				"arm3": {
					"rotation": {
						"0.0": [0, 0, 27.5],
						"0.2917": [0, 8, 27.5],
						"0.625": [0, 10, 27.5],
						"1.0417": [0, 0, 27.5],
						"1.4167": [0, -2.5, 27.5],
						"2.125": [0, -2.5, 0],
						"2.2917": [0, -2.5, 25]
					}
				},
				"arm4": {
					"rotation": {
						"0.0": [0, 0, 22.5],
						"0.2917": [0, 12, 28.5],
						"0.625": [0, 15, 30],
						"0.7083": [0, -15, 22.5],
						"1.0417": [0, 0, 22.5],
						"1.4167": [0, 7.5, 22.5],
						"1.6667": [0, 7.5, 17.5],
						"2.1667": [0, 7.5, -22.5],
						"2.2917": [0, 7.5, -2.5]
					}
				},
				"arm5": {
					"rotation": {
						"0.0": [0, 0, 20],
						"0.2917": [0, 6, 30],
						"0.625": [0, 7.5, 32.5],
						"0.7083": [0, -20, 20],
						"1.0417": [0, 0, 20],
						"1.4167": [0, 17.5, 20],
						"1.6667": [0, 17.5, 17.5],
						"1.75": [0, 17.5, -15],
						"2.2083": [0, 17.5, -37.5],
						"2.2917": [0, 2.5, -15]
					}
				},
				"arm6": {
					"rotation": {
						"0.0": [0, 0, -10],
						"0.2917": [0, 4, -20],
						"0.625": [0, 5, -22.5],
						"0.7083": [0, -20, -7.5],
						"0.75": [0, -20, 15],
						"1.0417": [0, 0, -10],
						"1.5": [0, 17.5, 7.5],
						"1.6667": [0, 17.5, 10],
						"1.75": [0, 17.5, -15],
						"2.375": [0, 2.5, 0]
					}
				},
				"arm7": {
					"rotation": {
						"0.0": [0, 0, -25],
						"0.2917": [0, 4, -41],
						"0.625": [0, 5, -45],
						"0.75": [0, 5, 27.5],
						"1.0417": [0, 0, -25],
						"1.5": [0, 0, 32.5],
						"1.6667": [0, 0, 37.5],
						"1.75": [0, 0, -15],
						"2.4167": [0, 0, 10],
						"2.6667": [0, 0, 10.75]
					}
				},
				"hand": {
					"rotation": {
						"0.0": [0, 0, -25],
						"0.2917": [0, 6, -33],
						"0.625": [0, 7.5, -35],
						"0.8333": [0, 7.5, 30],
						"1.0417": [0, 0, -25],
						"1.5": [0, 0, 20],
						"1.6667": [0, 0, 27.5],
						"1.75": [0, 0, -20],
						"2.4583": [0, 0, -42.5]
					}
				}
			}
		},
		"animation.aegislash_delta.blink": {
			"animation_length": 0.16667,
			"bones": {
				"eyelid": {
					"position": {
						"0.0": [0, 0, -0.075],
						"0.125": [0, 0, -0.075],
						"0.1667": [0, 0, 0]
					}
				}
			}
		}
	}
}