{
	"format_version": "1.8.0",
	"animations": {
		"animation.ambipom_delta.pose": {
			"loop": true,
			"bones": {
				"ambipom_delta": {
					"position": [
						0,
						"-1.25+math.clamp(math.sin(query.anim_time*90*4*1+200)*0.45,-0.45,0)",
						"0+math.clamp(math.sin(query.anim_time*90*4*1+200+180)*0.5,-0,0.5)"
					]
				},
				"body": {
					"rotation": ["17.5+math.sin(q.anim_time*90*2+10)*4", 0, 0],
					"position": [0, "-0.15+math.sin(q.anim_time*90*2+200)*0.15", 0]
				},
				"chest": {
					"rotation": ["-7.5+math.sin(q.anim_time*90*4+35)*1.5", 0, "0+math.sin(q.anim_time*90*2+100)*1.5"]
				},
				"head": {
					"rotation": ["11.5041+math.sin(q.anim_time*90*4+90)*1.5", -5.00502, "-13.0934+math.sin(q.anim_time*90*2+135)*2.5"]
				},
				"ear_left": {
					"rotation": ["0+math.sin(q.anim_time*90*4+110+180)*2.5", "0+math.sin(q.anim_time*90*4+120+180)*5", 0]
				},
				"ear_right": {
					"rotation": ["0+math.sin(q.anim_time*90*4+110+180)*2.5", "0+math.sin(q.anim_time*90*4+120)*5", 0]
				},
				"bangs": {
					"rotation": ["0+math.sin(q.anim_time*90*4+120)*5", 0, 0]
				},
				"leg_left": {
					"rotation": [-67.4516, -14.8978, -10.92703]
				},
				"leg_left2": {
					"rotation": [90, 0, 0]
				},
				"foot_left": {
					"rotation": [10.53474, 3.5875, 6.5318]
				},
				"leg_right": {
					"rotation": [-72.8746, 9.72534, 5.01422]
				},
				"leg_right2": {
					"rotation": [95, 0, 0]
				},
				"foot_right": {
					"rotation": [17.46258, -4.9238, 0.8704]
				},
				"finger_left3_2": {
					"rotation": [0, 0, 77.5]
				},
				"finger_left3": {
					"rotation": [0, 0, 15]
				},
				"arm_left5": {
					"rotation": [0, 0, 5]
				},
				"arm_left4": {
					"rotation": [0, 0, 15]
				},
				"arm_left3": {
					"rotation": [-17.44844, 1.3991, 37.30445],
					"position": [-3.72268, -1.12777, -1.17646]
				},
				"arm_left2": {
					"rotation": [0, 0, -40]
				},
				"arm_left": {
					"rotation": [0.79487, -3.01598, -19.52329]
				},
				"branch1_2": {
					"rotation": [0, 0, -32.5]
				},
				"branch2": {
					"rotation": [0, 0, -5]
				},
				"branch2_2": {
					"rotation": [0, 0, -27.5]
				},
				"finger_left1": {
					"rotation": [0, 0, -7.5]
				},
				"finger_left1_2": {
					"rotation": [0, 0, -80]
				},
				"finger_left2": {
					"rotation": [22.48072, -0.95645, 2.30991]
				},
				"finger_left2_2": {
					"rotation": [67.5, 0, 0]
				},
				"finger_left2_3": {
					"rotation": [0, 0, 0]
				},
				"arm_right": {
					"rotation": [-25.06885, -29.14089, 28.93803]
				},
				"arm_right2": {
					"rotation": [0, 0, 45]
				},
				"arm_right3": {
					"rotation": [-8.72627, 46.6122, -62.11604],
					"position": [3.28948, -0.06924, -1.47463]
				},
				"branch3": {
					"rotation": [0, 0, 12.5]
				},
				"branch1_3": {
					"rotation": [0, 0, -30]
				},
				"branch4": {
					"rotation": [0, 0, -32.5]
				},
				"branch2_3": {
					"rotation": [0, 0, -22.5]
				},
				"finger_right1": {
					"rotation": [0, 0, 5]
				},
				"finger_right1_2": {
					"rotation": [0, 0, 82.5]
				},
				"finger_right2": {
					"rotation": [32.49527, 0.21782, -2.4905]
				},
				"finger_right2_2": {
					"rotation": [62.5, 0, 0]
				},
				"finger_right3": {
					"rotation": [-0.43189, 11.24281, -12.76652]
				},
				"finger_right3_2": {
					"rotation": [0, 0, -80]
				}
			}
		},
		"animation.ambipom_delta.pose2": {
			"loop": true,
			"bones": {
				"head": {
					"rotation": [22.61678, -6.8156, -49.88415]
				},
				"arm_left": {
					"rotation": [-28.22975, 52.42246, -34.11397]
				},
				"arm_left2": {
					"rotation": [0, 0, -52.5]
				},
				"arm_left3": {
					"rotation": [0, -90, 35]
				},
				"arm_left5": {
					"rotation": [-17.5, 0, 0]
				},
				"hand_left": {
					"rotation": [24.81594, -2.15393, 9.76758]
				},
				"finger_left1": {
					"rotation": [-35, 0, -15]
				},
				"finger_left1_2": {
					"rotation": [0, 0, -47.5]
				},
				"finger_left2": {
					"rotation": [7.5, 0, 0]
				},
				"finger_left2_2": {
					"rotation": [37.5, 0, 0]
				},
				"finger_left3": {
					"rotation": [-31.60659, 7.99365, 12.73415]
				},
				"finger_left3_2": {
					"rotation": [0, 0, 47.5]
				},
				"leg_left": {
					"rotation": [-95.92236, -32.36121, 3.17805]
				},
				"leg_left2": {
					"rotation": [85, 0, 0]
				},
				"foot_left": {
					"rotation": [17.5, 0, 0]
				},
				"toes_left": {
					"rotation": [35, 0, 0]
				},
				"leg_right": {
					"rotation": [-77.07362, 14.63639, 3.31914]
				},
				"leg_right2": {
					"rotation": [87.5, 0, 0]
				},
				"foot_right": {
					"rotation": [27.24141, 0.18168, 1.09592]
				},
				"toes_right": {
					"rotation": [25, 0, 0]
				},
				"arm_right": {
					"rotation": [-18.74227, 12.67956, -57.10087]
				},
				"arm_right2": {
					"rotation": [0, 0, 80]
				},
				"arm_right3": {
					"rotation": [0, 70, -25]
				},
				"arm_right5": {
					"rotation": [-17.5, 0, 0]
				},
				"hand_right": {
					"rotation": [17.5, 0, 0]
				},
				"finger_right1": {
					"rotation": [0, -27.5, 7.5]
				},
				"finger_right1_2": {
					"rotation": [0, 0, 82.5]
				},
				"finger_right2": {
					"rotation": [20, 0, 0]
				},
				"finger_right2_2": {
					"rotation": [70, 0, 0]
				},
				"finger_right3": {
					"rotation": [0, 32.5, -7.5]
				},
				"finger_right3_2": {
					"rotation": [0, 0, -82.5]
				}
			}
		},
		"animation.ambipom_delta.ground_walk": {
			"loop": true,
			"bones": {
				"ambipom_delta": {
					"position": [0, "math.clamp(math.sin(q.anim_time*90*4*1+180*0-90)*1,0,60)+math.clamp(math.sin(q.anim_time*90*4*1+180*0-90)*1,-40,30)", 0]
				},
				"body": {
					"rotation": ["17.5+math.sin(q.anim_time*90*2+10)*4", 0, 0],
					"position": [0, "-0.15+math.sin(q.anim_time*90*2+200)*0.15", 0]
				},
				"chest": {
					"rotation": ["-7.5+math.sin(q.anim_time*90*4+35)*1.5", 0, "0+math.sin(q.anim_time*90*2+100)*1.5"]
				},
				"head": {
					"rotation": ["11.5041+math.sin(q.anim_time*90*4+90)*1.5", -5.00502, "-13.0934+math.sin(q.anim_time*90*5+135)*2.5"]
				},
				"ear_left": {
					"rotation": ["0+math.sin(q.anim_time*90*4+110+180)*2.5", "0+math.sin(q.anim_time*90*4+120+180)*5", 0]
				},
				"ear_right": {
					"rotation": ["0+math.sin(q.anim_time*90*4+110+180)*2.5", "0+math.sin(q.anim_time*90*4+120)*5", 0]
				},
				"bangs": {
					"rotation": ["0+math.sin(q.anim_time*90*4+120)*5", 0, 0]
				},
				"leg_left": {
					"rotation": [-67.4516, -14.8978, "-10.927-5*(math.sin(q.anim_time*90*2)*3+1)"]
				},
				"leg_left2": {
					"rotation": [90, 0, 0]
				},
				"foot_left": {
					"rotation": [10.53474, 3.5875, 6.5318]
				},
				"leg_right": {
					"rotation": [-72.8746, 9.72534, "5.0142-5*(math.sin(q.anim_time*90*2)*3+1)"]
				},
				"leg_right2": {
					"rotation": [95, 0, 0]
				},
				"foot_right": {
					"rotation": [17.46258, -4.9238, 0.8704]
				},
				"finger_left3_2": {
					"rotation": [0, 0, 77.5]
				},
				"finger_left3": {
					"rotation": [0, 0, 15]
				},
				"arm_left5": {
					"rotation": [0, 0, 5]
				},
				"arm_left4": {
					"rotation": [0, 0, 15]
				},
				"arm_left3": {
					"rotation": [-17.44844, 1.3991, 37.30445],
					"position": [-3.72268, -1.12777, -1.17646]
				},
				"arm_left2": {
					"rotation": [0, 0, -40]
				},
				"arm_left": {
					"rotation": ["0.7949+math.clamp(math.sin(q.anim_time*90*2*1+180*0-90)*31,0,60)+math.clamp(math.sin(q.anim_time*90*2*1+180*0-90)*17,-40,30)", -3.01598, -19.52329]
				},
				"branch1_2": {
					"rotation": [0, 0, -32.5]
				},
				"branch2": {
					"rotation": [0, 0, -5]
				},
				"branch2_2": {
					"rotation": [0, 0, -27.5]
				},
				"finger_left1": {
					"rotation": [0, 0, -7.5]
				},
				"finger_left1_2": {
					"rotation": [0, 0, -80]
				},
				"finger_left2": {
					"rotation": [22.48072, -0.95645, 2.30991]
				},
				"finger_left2_2": {
					"rotation": [67.5, 0, 0]
				},
				"finger_left2_3": {
					"rotation": [0, 0, 0]
				},
				"arm_right": {
					"rotation": ["-25.0688+math.clamp(math.sin(q.anim_time*90*2*1+180*1-90)*31,0,60)+math.clamp(math.sin(q.anim_time*90*2*1+180*1-90)*17,-40,30)", -29.14089, 28.93803]
				},
				"arm_right2": {
					"rotation": [0, 0, 45]
				},
				"arm_right3": {
					"rotation": [-8.72627, 46.6122, -62.11604],
					"position": [3.28948, -0.06924, -1.47463]
				},
				"branch3": {
					"rotation": [0, 0, 12.5]
				},
				"branch1_3": {
					"rotation": [0, 0, -30]
				},
				"branch4": {
					"rotation": [0, 0, -32.5]
				},
				"branch2_3": {
					"rotation": [0, 0, -22.5]
				},
				"finger_right1": {
					"rotation": [0, 0, 5]
				},
				"finger_right1_2": {
					"rotation": [0, 0, 82.5]
				},
				"finger_right2": {
					"rotation": [32.49527, 0.21782, -2.4905]
				},
				"finger_right2_2": {
					"rotation": [62.5, 0, 0]
				},
				"finger_right3": {
					"rotation": [-0.43189, 11.24281, -12.76652]
				},
				"finger_right3_2": {
					"rotation": [0, 0, -80]
				}
			}
		},
		"animation.ambipom_delta.ground_idle": {
			"loop": true,
			"bones": {
				"ambipom_delta": {
					"position": [0, 0, 0]
				},
				"body": {
					"rotation": ["17.5+math.sin(q.anim_time*90*2+10)*4", 0, 0],
					"position": [0, "-0.15+math.sin(q.anim_time*90*2+200)*0.15", 0]
				},
				"chest": {
					"rotation": ["-7.5+math.sin(q.anim_time*90*4+35)*1.5", 0, "0+math.sin(q.anim_time*90*2+100)*1.5"]
				},
				"head": {
					"rotation": ["11.5041+math.sin(q.anim_time*90*4+90)*1.5", -5.00502, "-13.0934+math.sin(q.anim_time*90*5+135)*2.5"]
				},
				"ear_left": {
					"rotation": ["0+math.sin(q.anim_time*90*4+110+180)*2.5", "0+math.sin(q.anim_time*90*4+120+180)*5", 0]
				},
				"ear_right": {
					"rotation": ["0+math.sin(q.anim_time*90*4+110+180)*2.5", "0+math.sin(q.anim_time*90*4+120)*5", 0]
				},
				"bangs": {
					"rotation": ["0+math.sin(q.anim_time*90*4+120)*5", 0, 0]
				},
				"leg_left": {
					"rotation": [-67.4516, -14.8978, "-10.927-5*(math.sin(q.anim_time*90*2)*3+1)"]
				},
				"leg_left2": {
					"rotation": [90, 0, 0]
				},
				"foot_left": {
					"rotation": [10.53474, 3.5875, 6.5318]
				},
				"leg_right": {
					"rotation": [-72.8746, 9.72534, "5.0142-5*(math.sin(q.anim_time*90*2)*3+1)"]
				},
				"leg_right2": {
					"rotation": [95, 0, 0]
				},
				"foot_right": {
					"rotation": [17.46258, -4.9238, 0.8704]
				},
				"finger_left3_2": {
					"rotation": [0, 0, 77.5]
				},
				"finger_left3": {
					"rotation": [0, 0, 15]
				},
				"arm_left5": {
					"rotation": [0, 0, 5]
				},
				"arm_left4": {
					"rotation": [0, 0, 15]
				},
				"arm_left3": {
					"rotation": [-17.44844, 1.3991, 37.30445],
					"position": [-3.72268, -1.12777, -1.17646]
				},
				"arm_left2": {
					"rotation": [0, 0, -40]
				},
				"arm_left": {
					"rotation": [0.7949, -3.01598, -19.52329]
				},
				"branch1_2": {
					"rotation": [0, 0, -32.5]
				},
				"branch2": {
					"rotation": [0, 0, -5]
				},
				"branch2_2": {
					"rotation": [0, 0, -27.5]
				},
				"finger_left1": {
					"rotation": [0, 0, -7.5]
				},
				"finger_left1_2": {
					"rotation": [0, 0, -80]
				},
				"finger_left2": {
					"rotation": [22.48072, -0.95645, 2.30991]
				},
				"finger_left2_2": {
					"rotation": [67.5, 0, 0]
				},
				"finger_left2_3": {
					"rotation": [0, 0, 0]
				},
				"arm_right": {
					"rotation": [-25.0688, -29.14089, 28.93803]
				},
				"arm_right2": {
					"rotation": [0, 0, 45]
				},
				"arm_right3": {
					"rotation": [-8.72627, 46.6122, -62.11604],
					"position": [3.28948, -0.06924, -1.47463]
				},
				"branch3": {
					"rotation": [0, 0, 12.5]
				},
				"branch1_3": {
					"rotation": [0, 0, -30]
				},
				"branch4": {
					"rotation": [0, 0, -32.5]
				},
				"branch2_3": {
					"rotation": [0, 0, -22.5]
				},
				"finger_right1": {
					"rotation": [0, 0, 5]
				},
				"finger_right1_2": {
					"rotation": [0, 0, 82.5]
				},
				"finger_right2": {
					"rotation": [32.49527, 0.21782, -2.4905]
				},
				"finger_right2_2": {
					"rotation": [62.5, 0, 0]
				},
				"finger_right3": {
					"rotation": [-0.43189, 11.24281, -12.76652]
				},
				"finger_right3_2": {
					"rotation": [0, 0, -80]
				}
			}
		},
		"animation.ambipom_delta.faint": {
			"loop": true,
			"animation_length": 3,
			"bones": {
				"delta_aipom": {
					"rotation": {
						"1.7917": [0, 0, 0],
						"1.9583": [18.93, 0, 0],
						"2.0833": [72.5, 0, 0]
					},
					"position": {
						"0.0": [0, 2.25, 0],
						"0.2917": [0, 2.25, 0.75],
						"0.4167": [0, 4.75, 3.6],
						"0.5": [0, 4, 5.5],
						"0.625": [0, 2, 6.5],
						"0.75": [0, 4.5, 9.75],
						"0.9583": [0, -0.5, 10.25],
						"1.0417": [0, 0.5, 10.25],
						"1.1667": [0, 9.5, 10.25],
						"1.2917": [0, 11, 10.25],
						"1.5": [0, 11.5, 10.25],
						"1.7917": [0, 11.5, 10.25],
						"1.9583": [0, 10, 10.25],
						"2.0833": [0, -3, 10.25],
						"2.1667": [0, -3.75, 10.25],
						"2.2083": [0, -2.25, 10.25],
						"2.2917": [0, -1.5, 10.25],
						"2.4167": [0, -2.25, 10.25]
					}
				},
				"body": {
					"rotation": [22.5, 0, 0],
					"position": {
						"0.0": [0, 0, 0],
						"0.2083": [0, 0, 0],
						"0.375": [0, 2, 0],
						"0.5833": [0, 0, 0],
						"0.8333": [0, 2, 0],
						"1.0417": [0, 0, 0],
						"1.25": [0, 0, 0],
						"1.3333": ["0+Math.cos((query.anim_time) * 90 * 40 - 90) * 0.5", 0, 0],
						"1.75": ["0+Math.cos((query.anim_time) * 90 * 40 - 90) * 0.2", 0, 0],
						"2.0": [0, 0, 0]
					}
				},
				"chest": {
					"rotation": {
						"0.0": [15, 0, 0],
						"0.2083": [15, 0, 0],
						"0.375": [35, 0, -27.5],
						"0.5833": [-7.5, 0, -17.5],
						"0.75": [27.19, 0, 26.5],
						"0.9167": [7, 0, 20.25],
						"1.0417": [16.5, 0, 0],
						"1.125": [55, 0, 0],
						"1.2917": [-11, 0, 0],
						"1.4167": [-27.5, 0, 0]
					},
					"position": [0, 0, 0]
				},
				"head": {
					"rotation": {
						"0.0": [-30, -7.5, -17.5],
						"0.1667": [-30, -7.5, -17.5],
						"0.2083": [-30, -80, -11.25],
						"0.25": [-30, -7.5, -7.5],
						"0.3333": [-30, -7.5, -7.5],
						"0.4583": [10, -7.5, -7.5],
						"0.625": [10, -7.5, -7.5],
						"0.6667": [39.5, 50, -7.5],
						"0.7083": [10, -7.5, -7.5],
						"0.7917": [17.5, -7.5, -7.5],
						"1.0": [37, -7.5, -7.5],
						"1.0417": [39.5, 50, -7.5],
						"1.0833": [37, -7.5, -7.5],
						"1.1667": [49.5, -7.5, -7.5],
						"1.2083": [45.75, -7.5, -4.25],
						"1.3333": [-8.75, 239.75, 11],
						"1.5": [-23.25, "652+7.5((query.anim_time) * 90 * 40 - 90) * 20", 17.5],
						"1.625": [-23.25, "845.25+7.5((query.anim_time) * 90 * 40 - 90) * 20", 17.5],
						"1.7917": [-23.25, 1000.13, 17.5],
						"2.0": [-23.25, "1077.5+7.5((query.anim_time) * 90 * 40 - 90) * 20", 17.5],
						"2.1667": [26.75, "1084+7.5((query.anim_time) * 90 * 40 - 90) * 20", 0],
						"2.2917": [14.25, "1084+7.5((query.anim_time) * 90 * 40 - 90) * 20", 0],
						"2.4167": [11.75, "1084+7.5((query.anim_time) * 90 * 40 - 90) * 20", 0],
						"2.5833": [19.25, "1084+7.5((query.anim_time) * 90 * 40 - 90) * 20", 0]
					}
				},
				"hair_tie": {
					"rotation": {
						"0.0": [0, 0, 0],
						"0.4167": [-15, 0, 0],
						"0.5833": [5, 0, 0],
						"0.7917": [-22.5, 0, 0],
						"1.0417": [-2.5, 0, 0],
						"1.25": [35, 0, 0],
						"1.8333": [0, 0, 0],
						"2.0833": [-30, 0, 0],
						"2.25": [42.5, 0, 0],
						"2.375": [12.5, 0, 0],
						"2.5417": [5, 0, 0],
						"2.7083": [21.25, 0, 0],
						"2.8333": [25.75, 0, 0]
					}
				},
				"arm_right": {
					"rotation": {
						"0.0": [0, 0, -10],
						"0.2083": [0, -2.5, -10],
						"0.375": [0, -11.61, -15],
						"0.5833": [0, -12.5, -10],
						"0.75": [0, 25, 2.5],
						"0.875": [0, 15.75, -5.25],
						"1.0": [-5, 2.75, 4],
						"1.1667": [-5, 2.75, -37.25],
						"1.3333": [-5, 2.75, -48.5],
						"1.7917": [-5, 2.75, -49.5],
						"1.9583": [-20.71, -14.39, -50.57],
						"2.0833": [-67.5, -47.25, -29.5],
						"2.1667": [-67.5, -47.25, -27]
					},
					"position": {
						"0.5417": [0, 0, 0],
						"0.7083": [0, 4, 0],
						"0.9167": [0, 0, 0],
						"1.7917": [0, 0, 0],
						"1.9583": [-0.75, -1.57, 8.86],
						"2.0417": [-0.25, -9.77, 22.95],
						"2.0833": [0, -18, 30],
						"2.1667": [0, -18, 30.75],
						"2.2083": [0, -18, 28.5],
						"2.2917": [0, -18, 25],
						"2.3333": [0, -18, 24.08],
						"2.4167": [0, -18, 25.5]
					}
				},
				"arm_right2": {
					"rotation": {
						"0.0": [0, 0, 45],
						"0.5833": [0, 0, 45],
						"0.7083": [0, 0, 32.5],
						"0.8333": [0, 0, 42.5],
						"1.0417": [0, 0, 33.54],
						"1.3333": [0, 0, 14.5]
					}
				},
				"arm_right3": {
					"rotation": {
						"0.0": [-17.5, 0, -30],
						"0.5417": [-17.5, 0, -30],
						"0.7083": [-47.5, 0, 0],
						"0.9167": [-22.5, 0, -17.5],
						"1.0833": [-22.5, 0, -28.5],
						"1.2083": [-22.5, 0, 14.75],
						"1.3333": [-22.5, 0, 39]
					},
					"position": {
						"0.0": [0, 0, 0],
						"0.25": [0, 0, 0],
						"0.375": [0, -2, 0],
						"0.5": [0, 0, 0],
						"0.6667": [2, -3, 0],
						"0.875": [0, 0, 0],
						"1.0": [0, -1, 0],
						"1.3333": [0, 0, 0]
					}
				},
				"arm_right4": {
					"rotation": {
						"0.0": [0, 0, 7.5],
						"0.5833": [0, 0, 7.5],
						"0.75": [0, 0, -20],
						"0.9583": [0, 0, 0]
					}
				},
				"arm_right5": {
					"rotation": [0, 0, -10]
				},
				"finger_right1": {
					"rotation": {
						"0.2917": [0, 0, 22.5],
						"0.5833": [0, 0, 22.5],
						"0.7083": [0, 0, 7.5],
						"0.8333": [0, 0, 7.5],
						"0.9167": [0, 0, 22.5],
						"2.1667": [0, 0, 22.5],
						"2.2917": [0, 0, 7.5]
					}
				},
				"finger_right1_2": {
					"rotation": {
						"0.2917": [0, 0, 40],
						"0.5833": [0, 0, 40],
						"0.7083": [0, 0, 7.5],
						"0.8333": [0, 0, 7.5],
						"0.9167": [0, 0, 40],
						"2.1667": [0, 0, 40],
						"2.2917": [0, 0, 7.5]
					}
				},
				"finger_right2": {
					"rotation": {
						"0.2917": [32.5, 0, 0],
						"0.5833": [32.5, 0, 0],
						"0.7083": [5, 0, 0],
						"0.8333": [5, 0, 0],
						"0.9167": [32.5, 0, 0],
						"2.1667": [32.5, 0, 0],
						"2.2917": [5, 0, 0]
					}
				},
				"finger_right2_2": {
					"rotation": {
						"0.2917": [27.5, 0, 0],
						"0.5833": [27.5, 0, 0],
						"0.7083": [15, 0, 0],
						"0.8333": [15, 0, 0],
						"0.9167": [27.5, 0, 0],
						"2.1667": [27.5, 0, 0],
						"2.2917": [15, 0, 0]
					}
				},
				"finger_right3": {
					"rotation": {
						"0.2917": [0, 0, -35],
						"0.5833": [0, 0, -35],
						"0.7083": [0, 0, -12.5],
						"0.875": [0, 0, -12.5],
						"0.9583": [0, 0, -35],
						"2.2083": [0, 0, -35],
						"2.3333": [0, 0, -12.5]
					}
				},
				"finger_right3_2": {
					"rotation": {
						"0.2917": [0, 0, -35],
						"0.5833": [0, 0, -35],
						"0.7083": [0, 0, -20],
						"0.875": [0, 0, -20],
						"0.9583": [0, 0, -35],
						"2.2083": [0, 0, -35],
						"2.3333": [0, 0, -20]
					}
				},
				"arm_left": {
					"rotation": {
						"0.0": [0, 0, 10],
						"0.2917": [0, 2.5, 10],
						"0.4583": [0, -25, -2.5],
						"0.5833": [0, -15.75, 5.25],
						"0.7083": [0, -10.25, 7],
						"0.9583": [-5, -2.75, -3],
						"1.1667": [-5, -2.75, 47],
						"1.2917": [-5, -2.75, 49.5],
						"1.7917": [-5, -2.75, 49.5],
						"1.9583": [-20.71, 14.39, 50.57],
						"2.0833": [-67.5, 47.25, 29.5],
						"2.1667": [-67.5, 47.25, 27]
					},
					"position": {
						"0.0": [0, 0, 0],
						"0.25": [0, 0, 0],
						"0.4167": [0, 4, 0],
						"0.625": [0, 0, 0],
						"1.7917": [0, 0, 0],
						"1.9583": [0.75, -1.57, 8.86],
						"2.0417": [0.25, -9.77, 22.95],
						"2.0833": [0, -18, 30],
						"2.1667": [0, -18, 30.75],
						"2.25": [0, -18, 28.5],
						"2.3333": [0, -18, 25],
						"2.375": [0, -18, 24.08],
						"2.4583": [0, -18, 25.5]
					}
				},
				"arm_left2": {
					"rotation": {
						"0.0": [0, 0, -45],
						"0.2917": [0, 0, -45],
						"0.4167": [0, 0, -32.5],
						"0.5417": [0, 0, -42.5],
						"0.75": [0, 0, -37.5],
						"1.0417": [0, 0, -31.54],
						"1.2917": [0, 0, -12.5]
					}
				},
				"arm_left3": {
					"rotation": {
						"0.0": [-17.5, 0, 30],
						"0.25": [-17.5, 0, 30],
						"0.4167": [-47.5, 0, 0],
						"0.625": [-22.5, 0, 17.5],
						"0.7917": [-22.5, 0, 30],
						"0.9583": [-22.5, 0, 27.5],
						"1.0833": [-22.5, 0, -15.75],
						"1.2917": [-22.5, 0, -40]
					},
					"position": {
						"0.0": [0, 0, 0],
						"0.2083": [0, 0, 0],
						"0.375": [-2, -3, 0],
						"0.5833": [0, 0, 0],
						"0.7083": [0, -2.25, 0],
						"0.7917": [-3, -4.78, 0],
						"0.9583": [-0.79, -0.3, 0],
						"1.0833": [0, 0, 0]
					}
				},
				"arm_left4": {
					"rotation": {
						"0.0": [0, 0, -7.5],
						"0.25": [0, 0, -7.5],
						"0.4167": [0, 0, 20],
						"0.625": [0, 0, 0]
					}
				},
				"arm_left5": {
					"rotation": [0, 0, 10]
				},
				"finger_left1": {
					"rotation": {
						"0.0": [0, 0, -22.5],
						"0.2917": [0, 0, -22.5],
						"0.4167": [0, 0, -7.5],
						"0.5417": [0, 0, -7.5],
						"0.625": [0, 0, -22.5],
						"2.2083": [0, 0, -22.5],
						"2.3333": [0, 0, -7.5]
					}
				},
				"finger_left1_2": {
					"rotation": {
						"0.0": [0, 0, -40],
						"0.2917": [0, 0, -40],
						"0.4167": [0, 0, -7.5],
						"0.5417": [0, 0, -7.5],
						"0.625": [0, 0, -40],
						"2.2083": [0, 0, -40],
						"2.3333": [0, 0, -7.5]
					}
				},
				"finger_left2": {
					"rotation": {
						"0.0": [32.5, 0, 0],
						"0.2917": [32.5, 0, 0],
						"0.4167": [5, 0, 0],
						"0.5417": [5, 0, 0],
						"0.625": [32.5, 0, 0],
						"2.2083": [32.5, 0, 0],
						"2.3333": [5, 0, 0]
					}
				},
				"finger_left2_2": {
					"rotation": {
						"0.0": [27.5, 0, 0],
						"0.2917": [27.5, 0, 0],
						"0.4167": [15, 0, 0],
						"0.5417": [15, 0, 0],
						"0.625": [27.5, 0, 0],
						"2.2083": [27.5, 0, 0],
						"2.3333": [15, 0, 0]
					}
				},
				"finger_left3": {
					"rotation": {
						"0.0": [0, 0, 35],
						"0.2917": [0, 0, 35],
						"0.4167": [0, 0, 12.5],
						"0.5833": [0, 0, 12.5],
						"0.6667": [0, 0, 35],
						"2.25": [0, 0, 35],
						"2.375": [0, 0, 12.5]
					}
				},
				"finger_left3_2": {
					"rotation": {
						"0.0": [0, 0, 35],
						"0.2917": [0, 0, 35],
						"0.4167": [0, 0, 20],
						"0.5833": [0, 0, 20],
						"0.6667": [0, 0, 35],
						"2.25": [0, 0, 35],
						"2.375": [0, 0, 20]
					}
				},
				"leg_left": {
					"rotation": {
						"0.0": [2.5, -12.5, -2.5],
						"0.2917": [2.5, -12.5, -2.5],
						"0.4583": [-32.5, -12.5, -2.5],
						"0.6667": [-17.5, -12.5, -15],
						"1.0": [-47.5, -12.5, -15],
						"1.25": [-7.5, -12.5, -15],
						"1.9583": [-2.5, -12.5, -15],
						"2.0833": [75, -12.5, -15],
						"2.2083": [7.5, -12.5, -15],
						"2.2917": [30, -12.5, -15],
						"2.4167": [37.5, -12.5, -15],
						"2.5833": [32.5, -12.5, -15],
						"2.7083": [5, -12.5, -15]
					}
				},
				"leg_left2": {
					"rotation": {
						"0.0": [30, 0, 0],
						"0.2917": [30, 0, 0],
						"0.4583": [75, 0, 0],
						"0.7917": [30, 0, 0],
						"1.0833": [80, 0, 0],
						"1.25": [12.5, 0, 0],
						"1.5": [4.5, 0, 0],
						"1.7083": [15.2, 0, 0],
						"1.9167": [63.5, 0, 0],
						"2.0": [45, 0, 0],
						"2.125": [45, 0, 0],
						"2.25": [10, 0, 0]
					}
				},
				"foot_left": {
					"rotation": {
						"0.2917": [0, 0, 0],
						"0.4583": [32.5, 0, 0],
						"0.8333": [25, 0, 0],
						"1.0833": [55, 0, 0],
						"1.4167": [70, 0, 0]
					}
				},
				"leg_right": {
					"rotation": {
						"0.0": [2.5, 45, 15],
						"0.2917": [2.5, 12.5, 2.5],
						"0.4583": [-32.5, 12.5, 2.5],
						"0.6667": [-17.5, 12.5, 15],
						"1.0": [-47.5, 12.5, 15],
						"1.25": [-7.5, 12.5, 15],
						"1.9583": [-2.5, 12.5, 15],
						"2.0833": [75, 12.5, 15],
						"2.2083": [7.5, 12.5, 15],
						"2.2917": [30, 12.5, 15],
						"2.4167": [37.5, 12.5, 15],
						"2.5833": [32.5, 12.5, 15],
						"2.7083": [5, 12.5, 15]
					}
				},
				"leg_right2": {
					"rotation": {
						"0.0": [30, 0, 0],
						"0.2917": [30, 0, 0],
						"0.4583": [75, 0, 0],
						"0.7917": [30, 0, 0],
						"1.0833": [80, 0, 0],
						"1.25": [12.5, 0, 0],
						"1.5": [4.5, 0, 0],
						"1.7083": [15.2, 0, 0],
						"1.9167": [63.5, 0, 0],
						"2.0": [45, 0, 0],
						"2.125": [45, 0, 0],
						"2.25": [10, 0, 0]
					}
				},
				"foot_right": {
					"rotation": {
						"0.0": [27.5, 0, 0],
						"0.2917": [0, 0, 0],
						"0.4583": [32.5, 0, 0],
						"0.8333": [25, 0, 0],
						"1.0833": [55, 0, 0],
						"1.4167": [70, 0, 0]
					}
				}
			}
		},
		"animation.ambipom_delta.sleep": {
			"loop": true,
			"bones": {
				"head": {
					"rotation": [40.11678, -6.8156, -12.38415],
					"position": [0, -2, -4]
				},
				"arm_left": {
					"rotation": [-23.22975, 2.42246, 35.88603],
					"position": [0, "0+Math.cos((query.anim_time) * 90 * 1) * -1", "0+Math.cos((query.anim_time) * 90 * 1) * -0.4"]
				},
				"arm_left2": {
					"rotation": [0, 0, -52.5]
				},
				"arm_left3": {
					"rotation": [-17.5, -90, 35],
					"position": [0, "0+Math.cos((query.anim_time) * 90 * 1) * -0.4", 0]
				},
				"arm_left5": {
					"rotation": [-17.5, 0, 0]
				},
				"hand_left": {
					"rotation": [17.31594, -2.15393, -2.73242]
				},
				"finger_left1": {
					"rotation": [0, 27.5, "-7.5+Math.cos((query.anim_time) * 90 * 1) * 5"]
				},
				"finger_left1_2": {
					"rotation": [0, 0, "-82.5+Math.cos((query.anim_time) * 90 * 1 - 30) * -5"]
				},
				"finger_left2": {
					"rotation": ["20+Math.cos((query.anim_time) * 90 * 1 - 30) * -5", 0, 0]
				},
				"finger_left2_2": {
					"rotation": ["70+Math.cos((query.anim_time) * 90 * 1 - 30) * 5", 0, 0]
				},
				"finger_left3": {
					"rotation": [0, -32.5, "7.5+Math.cos((query.anim_time) * 90 * 1) * -5"]
				},
				"finger_left3_2": {
					"rotation": [0, 0, "82.5+Math.cos((query.anim_time) * 90 * 1 - 30) * 5"]
				},
				"leg_left": {
					"rotation": ["-33.4224+Math.cos((query.anim_time) * 90 * 1 - 60) * -6", -32.36121, 3.17805],
					"position": [0, "0+Math.cos((query.anim_time) * 90 * 1) * 1", 0]
				},
				"leg_left2": {
					"rotation": [52.5, 0, 0]
				},
				"foot_left": {
					"rotation": [17.5, 0, 0]
				},
				"toes_left": {
					"rotation": [35, 0, 0]
				},
				"leg_right": {
					"rotation": ["-27.0736+Math.cos((query.anim_time) * 90 * 1 - 60) * -6", 14.63639, 3.31914],
					"position": [0, "0+Math.cos((query.anim_time) * 90 * 1) * 1", 0]
				},
				"leg_right2": {
					"rotation": [87.5, 0, 0]
				},
				"foot_right": {
					"rotation": [27.24141, 0.18168, 1.09592]
				},
				"toes_right": {
					"rotation": [25, 0, 0]
				},
				"arm_right": {
					"rotation": [-26.24227, -12.32044, -52.10087],
					"position": [0, "0+Math.cos((query.anim_time) * 90 * 1) * -1", "0+Math.cos((query.anim_time) * 90 * 1) * -0.4"]
				},
				"arm_right2": {
					"rotation": [0, 0, 80]
				},
				"arm_right3": {
					"rotation": [0, 70, -25],
					"position": [0, "0+Math.cos((query.anim_time) * 90 * 1) * -0.4", 0]
				},
				"arm_right5": {
					"rotation": [-17.5, 0, 0]
				},
				"hand_right": {
					"rotation": [17.5, 0, 0]
				},
				"finger_right1": {
					"rotation": [0, -27.5, "7.5+Math.cos((query.anim_time) * 90 * 1) * -5"]
				},
				"finger_right1_2": {
					"rotation": [0, 0, "82.5+Math.cos((query.anim_time) * 90 * 1 - 30) * 5"]
				},
				"finger_right2": {
					"rotation": ["20+Math.cos((query.anim_time) * 90 * 1 - 30) * -5", 0, 0]
				},
				"finger_right2_2": {
					"rotation": ["70+Math.cos((query.anim_time) * 90 * 1 - 30) * 5", 0, 0]
				},
				"finger_right3": {
					"rotation": [0, 32.5, "-7.5+Math.cos((query.anim_time) * 90 * 1) * 5"]
				},
				"finger_right3_2": {
					"rotation": [0, 0, "-82.5+Math.cos((query.anim_time) * 90 * 1 - 30) * -5"]
				},
				"delta_aipom": {
					"position": [0, 4, 0]
				},
				"body": {
					"rotation": [20, 0, 0],
					"position": [0, "0+Math.cos((query.anim_time) * 90 * 1) * 1", 0]
				},
				"chest": {
					"rotation": ["20+Math.cos((query.anim_time) * 90 * 1 - 90) * -2", 0, 0]
				},
				"hair_tie": {
					"rotation": ["0+Math.cos((query.anim_time) * 90 * 1 - 150) * -8", 0, 0]
				}
			}
		}
	}
}