{
	"format_version": "1.8.0",
	"animations": {
		"animation.beldum_delta.ground_idle": {
			"loop": true,
			"bones": {
				"head": {
					"rotation": ["17.3746+1*math.sin(q.anim_time*90*2-150)", -0.96258, "1*math.sin(q.anim_time*90*1-60)"],
					"position": [0, -0.28915, -0.29737]
				},
				"body": {
					"rotation": ["-15+1*math.sin(q.anim_time*90*2-60)", 0, "1*math.sin(q.anim_time*90*0.5-150)"],
					"position": ["0.5*math.sin(q.anim_time*90*0.5)", "0.2*math.sin(q.anim_time*90*2)", 0]
				}
			}
		},
		"animation.beldum_delta.ground_walk": {
			"loop": true,
			"animation_length": 4,
			"bones": {
				"head": {
					"rotation": ["7.3746+1*math.sin(q.anim_time*90*2-150)", -0.96258, "4*math.sin(q.anim_time*90*1-60)"],
					"position": [0, 0.21085, "-0.0474+0.1*math.sin(q.anim_time*90*2-60)"]
				},
				"body": {
					"rotation": ["-2.5+5*math.sin(q.anim_time*90*2-60)", 0, "0+3*math.sin(q.anim_time*90*3-150)"],
					"position": ["0.5*math.sin(q.anim_time*90*0.5)", "-1*math.sin(q.anim_time*90*2+60)", "1*math.sin(q.anim_time*90*2)"]
				}
			}
		},
		"animation.beldum_delta.air_idle": {
			"loop": true,
			"bones": {
				"head": {
					"rotation": ["17.3746+1*math.sin(q.anim_time*90*2-150)", -0.96258, "1*math.sin(q.anim_time*90*1-60)"],
					"position": [0, -0.28915, -0.29737]
				},
				"body": {
					"rotation": ["-15+1*math.sin(q.anim_time*90*2-60)", 0, "1*math.sin(q.anim_time*90*0.5-150)"],
					"position": ["0.5*math.sin(q.anim_time*90*0.5)", "0.2*math.sin(q.anim_time*90*2)", 0]
				},
				"vine_right": {
					"rotation": [-57.4986, -0.46888, 0.10724]
				},
				"vine_left": {
					"rotation": [-64.99871, -0.51481, 0.1538]
				},
				"vine_front": {
					"rotation": [-57.4986, -0.46888, 0.10724]
				}
			}
		},
		"animation.beldum_delta.air_fly": {
			"loop": true,
			"animation_length": 4,
			"bones": {
				"head": {
					"rotation": ["7.3746+1*math.sin(q.anim_time*90*2-150)", -0.96258, "4*math.sin(q.anim_time*90*1-60)"],
					"position": [0, 0.21085, "-0.0474+0.1*math.sin(q.anim_time*90*2-60)"]
				},
				"body": {
					"rotation": ["-2.5+5*math.sin(q.anim_time*90*2-60)", 0, "0+3*math.sin(q.anim_time*90*3-150)"],
					"position": ["0.5*math.sin(q.anim_time*90*0.5)", "-1*math.sin(q.anim_time*90*2+60)", "1*math.sin(q.anim_time*90*2)"]
				}
			}
		},
		"animation.beldum_delta.battle_idle": {
			"loop": true,
			"animation_length": 8,
			"bones": {
				"head": {
					"rotation": ["94.8746+1*math.sin(q.anim_time*90*2-150)", "-0.9626-10*math.sin(q.anim_time*90*0.5)", "1*math.sin(q.anim_time*90*1-60)"],
					"position": [0, -0.53915, -0.29737]
				},
				"body": {
					"rotation": ["-90+1*math.sin(q.anim_time*90*2-60)", 0, "8*math.sin(q.anim_time*90*0.5-150)"],
					"position": ["0.5*math.sin(q.anim_time*90*0.5)", "3+0.2*math.sin(q.anim_time*90*2)", 0]
				}
			}
		},
		"animation.beldum_delta.blink": {
			"animation_length": 0.125,
			"bones": {
				"eye": {
					"position": {
						"0.0": [0, 0, 0.1],
						"0.0833": [0, 0, 0.1],
						"0.125": [0, 0, 0]
					}
				},
				"eye_closed": {
					"position": {
						"0.0": [0, 0, -0.1],
						"0.0833": [0, 0, -0.1],
						"0.125": [0, 0, 0]
					}
				}
			}
		},
		"animation.beldum_delta.sleep": {
			"loop": true,
			"bones": {
				"head": {
					"rotation": ["102.3746+3*math.sin(q.anim_time*90*0.5-150)", "-0.9626+1*math.sin(q.anim_time*90*2-150)", 0],
					"position": [0, -0.28915, "-0.0474-0.1*math.sin(q.anim_time*90*0.5-120)"]
				},
				"body": {
					"rotation": [-90, 0, 0],
					"position": [0, -1, 0]
				},
				"eye": {
					"position": [0, 0, 0.1]
				},
				"eye_closed": {
					"position": [0, 0, -0.1]
				}
			}
		},
		"animation.beldum_delta.cry": {
			"animation_length": 1.5,
			"bones": {
				"body": {
					"position": {
						"0.2917": [0, 0, 0],
						"0.5417": [0, "0.2*math.sin(q.anim_time*90*40-60)", 0],
						"0.8333": [0, 0, 0]
					}
				},
				"head": {
					"rotation": {
						"0.0": [0, 0, 0],
						"0.375": [0, 0, -2.5],
						"0.5417": [0, 0, "5*math.sin(q.anim_time*90*40-60)"],
						"1.0417": [0, 0, "1*math.sin(q.anim_time*90*10-60)"],
						"1.5": [0, 0, 0]
					}
				}
			},
			"sound_effects": {
				"0.4167": {
					"effect": "pokemon.beldum_delta.cry"
				}
			}
		},
		"animation.beldum_delta.quirk_spin": {
			"animation_length": 2.25,
			"bones": {
				"body": {
					"rotation": {
						"0.0": {
							"post": [0, 0, 0],
							"lerp_mode": "catmullrom"
						},
						"0.4583": {
							"post": [0, 0, 0],
							"lerp_mode": "catmullrom"
						},
						"0.9167": {
							"post": [0, 0, 197.16],
							"lerp_mode": "catmullrom"
						},
						"1.3333": {
							"post": [0, 0, 314.78],
							"lerp_mode": "catmullrom"
						},
						"1.625": {
							"post": [0, 0, 367.32],
							"lerp_mode": "catmullrom"
						},
						"1.9583": [0, 0, 360],
						"2.2083": [0, 0, 360],
						"2.25": {"pre": [0, 0, 360], "post": [0, 0, 0]}
					}
				},
				"head": {
					"rotation": {
						"0.0": [0, 0, 0],
						"0.25": {
							"pre": [0, 0, -7.5],
							"post": [0, 0, -7.5],
							"lerp_mode": "catmullrom"
						},
						"0.6667": {
							"post": [0, 0, 22.5],
							"lerp_mode": "catmullrom"
						},
						"1.4167": {
							"post": [0, 0, 27.5],
							"lerp_mode": "catmullrom"
						},
						"1.9167": {
							"post": [0, 0, -2.5],
							"lerp_mode": "catmullrom"
						},
						"2.25": [0, 0, 0]
					}
				},
				"vine_right": {
					"rotation": [-24.60831, 4.55213, -0.99337]
				},
				"vine_left": {
					"rotation": [-22.13865, 4.1212, -0.80659]
				},
				"vine_front": {
					"rotation": [-19.67169, 3.68265, -0.63869]
				}
			}
		}
	}
}