{
	"format_version": "1.8.0",
	"animations": {
		"animation.cursola.render": {
			"loop": true
		},
		"animation.cursola.disassembled": {
			"loop": true,
			"bones": {
				"head": {
					"position": [0, 8, 0]
				},
				"eye_left": {
					"position": [0, 0, -16]
				},
				"eyelid_left": {
					"position": [0, 0, 5]
				},
				"branch_front_left": {
					"position": [10, 0, 0]
				},
				"leaf1": {
					"position": [0, 0, -17]
				},
				"branch_front_left2": {
					"position": [10, 0, 0]
				},
				"branch_front_left3": {
					"position": [9, 0, 0]
				},
				"branch_front_left4": {
					"position": [10, 0, 0]
				},
				"branch_back_left": {
					"position": [11, 0, 8]
				},
				"branch_back_left2": {
					"position": [8, 0, -13]
				},
				"branch_back_left3": {
					"position": [13, -6, -2]
				},
				"branch_top_left": {
					"position": [14, 0, 0]
				},
				"branch_top_left2": {
					"position": [8, 0, 0]
				},
				"branch_top_left3": {
					"position": [7, 0, 0]
				},
				"branch_top_left4": {
					"position": [0, -17, 0]
				},
				"leaf9": {
					"position": [0, 0, 12]
				},
				"eye_right": {
					"position": [0, 0, -16]
				},
				"eyelid_right": {
					"position": [0, 0, 5]
				},
				"leaf": {
					"position": [0, 8, 0]
				},
				"leaf11": {
					"position": [0, 0, 12]
				},
				"leaf12": {
					"position": [0, 0, 10]
				},
				"trunk_bottom": {
					"position": [0, 5, 0]
				},
				"trunk_mid": {
					"position": [0, 5, 0]
				},
				"trunk_top": {
					"position": [0, 6, 0]
				}
			}
		},
		"animation.curesola.ground_idle": {
			"loop": true,
			"bones": {
				"trunk_bottom": {
					"rotation": [0, 0, "math.sin(q.anim_time*90*4)*0.2"]
				}
			}
		},
		"animation.curesola.ground_walk": {
			"loop": true,
			"bones": {
				"trunk_bottom": {
					"rotation": [0, 0, "math.sin(q.anim_time*90*4)*0.8"]
				}
			}
		}
	}
}