{
	"format_version": "1.8.0",
	"animations": {
		"animation.doublade_delta.ground_idle": {
			"loop": true,
			"bones": {
				"body_left": {
					"rotation": [0, 0, "0+Math.cos((query.anim_time) * 90 * 1 - 90) * -2"],
					"position": [-2, "0+Math.cos((query.anim_time) * 90 * 1) * 0.7", 4]
				},
				"arm_left2": {
					"rotation": [30, 0, 0]
				},
				"arm_left3": {
					"rotation": [75, 0, 0]
				},
				"arm_left4": {
					"rotation": [70, "20+Math.cos((query.anim_time) * 90 * 1 - 110) * 2", 0]
				},
				"arm_left5": {
					"rotation": [12.5, 0, "-15+Math.cos((query.anim_time) * 90 * 1 - 130) * 2"]
				},
				"hand_left": {
					"rotation": [10, 0, "-12.5+Math.cos((query.anim_time) * 90 * 1 - 160) * 5"]
				},
				"finger_left": {
					"rotation": [-25, 0, 12.5]
				},
				"finger_left2": {
					"rotation": [25, 0, 0]
				},
				"finger_left3": {
					"rotation": [22.5, 0, 0]
				},
				"finger_left4": {
					"rotation": [-17.5, 0, 2.5]
				},
				"finger_left5": {
					"rotation": [40, 0, 0]
				},
				"finger_left6": {
					"rotation": [17.5, 0, 0]
				},
				"finger_left7": {
					"rotation": [-12.5, 0, 0]
				},
				"finger_left8": {
					"rotation": [35, 0, 0]
				},
				"finger_left9": {
					"rotation": [27.5, 0, 0]
				},
				"finger_left10": {
					"rotation": [-20, 0, -15]
				},
				"finger_left11": {
					"rotation": [55, 0, 0]
				},
				"finger_left12": {
					"rotation": [35, 0, 0]
				},
				"body_right": {
					"rotation": [0, 0, "0+Math.sin((query.anim_time) * 90 * 1 - 90) * 2"],
					"position": [2, "0+Math.sin((query.anim_time) * 90 * 1) * 0.7", 4]
				},
				"arm_right2": {
					"rotation": [-27.5, 0, 0]
				},
				"arm_right3": {
					"rotation": [-57.5, 0, 0]
				},
				"arm_right4": {
					"rotation": [-70, "17.5+Math.sin((query.anim_time) * 90 * 1 - 110) * -2", 0]
				},
				"arm_right5": {
					"rotation": [-25, 0, "10+Math.sin((query.anim_time) * 90 * 1 - 130) * -2"]
				},
				"hand_right": {
					"rotation": [-7.5, 0, "15+Math.sin((query.anim_time) * 90 * 1 - 160) * -4"]
				},
				"finger_right": {
					"rotation": [17.5, 0, -7.5]
				},
				"finger_right2": {
					"rotation": [-17.5, 0, 0]
				},
				"finger_right3": {
					"rotation": [-37.5, 0, 0]
				},
				"finger_right4": {
					"rotation": [12.5, 0, -2.5]
				},
				"finger_right5": {
					"rotation": [-10, 0, 0]
				},
				"finger_right6": {
					"rotation": [-47.5, 0, 0]
				},
				"finger_right7": {
					"rotation": [27.5, 0, 0]
				},
				"finger_right8": {
					"rotation": [-45, 0, 0]
				},
				"finger_right9": {
					"rotation": [-37.5, 0, 0]
				},
				"finger_right10": {
					"rotation": [22.5, 0, 7.5]
				},
				"finger_right11": {
					"rotation": [-52.5, 0, 0]
				},
				"finger_right12": {
					"rotation": [-42.5, 0, 0]
				}
			}
		},
		"animation.doublade_delta.ground_walk": {
			"loop": true,
			"bones": {
				"body_left": {
					"rotation": [25, 0, "Math.cos((query.anim_time) * 90 * 2 - 90) * -3"],
					"position": [-2, "0+Math.cos((query.anim_time) * 90 * 2) * 0.7", 4]
				},
				"arm_left2": {
					"rotation": [30, 0, 0]
				},
				"arm_left3": {
					"rotation": [75, 0, 0]
				},
				"arm_left4": {
					"rotation": [22.5, "20+Math.cos((query.anim_time) * 90 * 2 - 110) * -4", 0]
				},
				"arm_left5": {
					"rotation": [-12.5, 0, "-15+Math.cos((query.anim_time) * 90 * 2 - 130) * 4"]
				},
				"hand_left": {
					"rotation": [-15, 0, "-12.5+Math.cos((query.anim_time) * 90 * 2 - 160) * 8"]
				},
				"finger_left": {
					"rotation": [-25, 0, 12.5]
				},
				"finger_left2": {
					"rotation": [25, 0, 0]
				},
				"finger_left3": {
					"rotation": [22.5, 0, 0]
				},
				"finger_left4": {
					"rotation": [-17.5, 0, 2.5]
				},
				"finger_left5": {
					"rotation": [40, 0, 0]
				},
				"finger_left6": {
					"rotation": [17.5, 0, 0]
				},
				"finger_left7": {
					"rotation": [-12.5, 0, 0]
				},
				"finger_left8": {
					"rotation": [35, 0, 0]
				},
				"finger_left9": {
					"rotation": [27.5, 0, 0]
				},
				"finger_left10": {
					"rotation": [-20, 0, -15]
				},
				"finger_left11": {
					"rotation": [55, 0, 0]
				},
				"finger_left12": {
					"rotation": [35, 0, 0]
				},
				"body_right": {
					"rotation": [25, 0, "Math.sin((query.anim_time) * 90 * 2 - 90) * 3"],
					"position": [2, "0+Math.sin((query.anim_time) * 90 * 2) * 0.7", 4]
				},
				"arm_right2": {
					"rotation": [-27.5, 0, 0]
				},
				"arm_right3": {
					"rotation": [-57.5, 0, 0]
				},
				"arm_right4": {
					"rotation": [-75, "17.5+Math.sin((query.anim_time) * 90 * 2 - 110) * -2", 0]
				},
				"arm_right5": {
					"rotation": [-32.5, 0, "10+Math.sin((query.anim_time) * 90 * 2 - 130) * -2"]
				},
				"hand_right": {
					"rotation": [-32.5, 0, "15+Math.sin((query.anim_time) * 90 * 2 - 160) * -4"]
				},
				"finger_right": {
					"rotation": [17.5, 0, -7.5]
				},
				"finger_right2": {
					"rotation": [-17.5, 0, 0]
				},
				"finger_right3": {
					"rotation": [-37.5, 0, 0]
				},
				"finger_right4": {
					"rotation": [12.5, 0, -2.5]
				},
				"finger_right5": {
					"rotation": [-10, 0, 0]
				},
				"finger_right6": {
					"rotation": [-47.5, 0, 0]
				},
				"finger_right7": {
					"rotation": [27.5, 0, 0]
				},
				"finger_right8": {
					"rotation": [-45, 0, 0]
				},
				"finger_right9": {
					"rotation": [-37.5, 0, 0]
				},
				"finger_right10": {
					"rotation": [22.5, 0, 7.5]
				},
				"finger_right11": {
					"rotation": [-52.5, 0, 0]
				},
				"finger_right12": {
					"rotation": [-42.5, 0, 0]
				}
			}
		},
		"animation.doublade_delta.sleep": {
			"loop": true,
			"bones": {
				"body_left": {
					"rotation": [-90, 32.5, -45],
					"position": [-3, "-9.5+Math.cos((query.anim_time-0.6) * 90 * 1) * 0.1", 3]
				},
				"eyelid": {
					"position": [0, 0, -0.1]
				},
				"arm_left2": {
					"rotation": [15, 0, 0]
				},
				"arm_left3": {
					"rotation": ["-166.4334+Math.cos((query.anim_time-0.6) * 90 * 1 - 90) * -1", -9.08661, 17.89244]
				},
				"arm_left4": {
					"rotation": [-22.01816, -4.75113, -11.57518]
				},
				"arm_left5": {
					"rotation": [-4.88206, 1.08089, 12.45392]
				},
				"hand_left": {
					"rotation": ["-7.5+Math.cos((query.anim_time-0.6) * 90 * 1 - 90) * 1", 0, 20]
				},
				"finger_left": {
					"rotation": [7.5, -10, 12.5]
				},
				"finger_left2": {
					"rotation": [-5, 0, 0]
				},
				"finger_left3": {
					"rotation": [-42.5, 0, 0]
				},
				"finger_left4": {
					"rotation": [10, 0, 5]
				},
				"finger_left5": {
					"rotation": [-2.5, 0, 0]
				},
				"finger_left6": {
					"rotation": [-30, 0, 0]
				},
				"finger_left7": {
					"rotation": [12.48637, 0.64686, -2.41492]
				},
				"finger_left8": {
					"rotation": [-7.5, 0, 0]
				},
				"finger_left9": {
					"rotation": [-7.5, 0, 0]
				},
				"finger_left10": {
					"rotation": [7.5, -5, -7.5]
				},
				"finger_left11": {
					"rotation": [5, 0, 0]
				},
				"finger_left12": {
					"rotation": [-22.5, 0, 0]
				},
				"body_right": {
					"rotation": [-93.5, -52.5, 45],
					"position": [5, "-8+Math.sin((query.anim_time-0.6) * 90 * 1) * 0.1", 0]
				},
				"eyelid2": {
					"position": [0, 0, -0.175]
				},
				"arm_right2": {
					"rotation": [15, 0, 0]
				},
				"arm_right3": {
					"rotation": ["-166.4334+Math.sin((query.anim_time-0.6) * 90 * 1 - 90) * -1", 9.08661, -17.89244]
				},
				"arm_right4": {
					"rotation": [-22.01816, 4.75113, 11.57518]
				},
				"arm_right5": {
					"rotation": [-4.88206, -1.08089, -12.45392]
				},
				"hand_right": {
					"rotation": ["-7.5+Math.sin((query.anim_time-0.6) * 90 * 1 - 90) * 1", 0, -20]
				},
				"finger_right": {
					"rotation": [7.5, 10, -12.5]
				},
				"finger_right2": {
					"rotation": [-5, 0, 0]
				},
				"finger_right3": {
					"rotation": [-42.5, 0, 0]
				},
				"finger_right4": {
					"rotation": [10, 0, -5]
				},
				"finger_right5": {
					"rotation": [-2.5, 0, 0]
				},
				"finger_right6": {
					"rotation": [-30, 0, 0]
				},
				"finger_right7": {
					"rotation": [12.48637, -0.64686, 2.41492]
				},
				"finger_right8": {
					"rotation": [-7.5, 0, 0]
				},
				"finger_right9": {
					"rotation": [-7.5, 0, 0]
				},
				"finger_right10": {
					"rotation": [7.5, 5, 7.5]
				},
				"finger_right11": {
					"rotation": [5, 0, 0]
				},
				"finger_right12": {
					"rotation": [-22.5, 0, 0]
				}
			}
		},
		"animation.doublade_delta.faint": {
			"loop": true,
			"animation_length": 3,
			"bones": {
				"body_left": {
					"rotation": {
						"0.0": [0, 0, 0],
						"0.1667": [7.98, 262.78, -32.32],
						"0.3333": [8.46, 365.67, -34.28],
						"0.5": [8.94, 411.68, -36.24],
						"0.625": [9.42649, 422.69497, -38.19917],
						"0.8333": [14.6, 422.69, -38.2],
						"1.0": [16.93, 422.69, -38.2],
						"1.2917": [16.93, 422.69, -38.2],
						"1.4167": [10.22, 445.99, -38.2],
						"1.6667": [-45.15, 514.02, -38.2],
						"1.8333": [-53.07, 525.69, -38.2],
						"1.9167": [-73.07, 306.69, -38.2],
						"2.0417": [-73.07, 298.69, -38.2],
						"2.1667": [-73.07, 207.49, -38.2],
						"2.375": [-77.595, 136.44, -38.2],
						"2.625": [-82.12, 97.94, -38.2],
						"2.875": [-83.07, 89.94, -38.2]
					},
					"position": {
						"0.0": [0, 0, 0],
						"0.0417": [0.64, -2, 0.74],
						"0.1667": [3.5, -0.5, 4.25],
						"0.3333": [5.33, 0, 6.245],
						"0.5833": [6, 0, 7],
						"0.7917": [6, -0.25, "7+Math.cos((query.anim_time) * 90 * 32) * 0.8"],
						"1.0": [6, -1, "7+Math.cos((query.anim_time) * 90 * 32) * 0.8"],
						"1.2917": [6, -1.25, "7+Math.cos((query.anim_time) * 90 * 32) * 0.8"],
						"1.4583": [6, -1.25, 7],
						"1.5417": [10.5, -1.25, 7],
						"1.7917": [14.275, -1.25, 7],
						"1.9167": [14.73, -1.25, 7],
						"1.9583": [8.995, -1.25, 7],
						"2.0417": [6, -1.25, 7],
						"2.5833": [6, -8.01, 7],
						"2.7083": [6, -9.07, 7],
						"2.8333": [6, -9.5, 7]
					}
				},
				"eyelid": {
					"position": {
						"0.0": [0, 0, -0.15],
						"0.3333": [0, 0, -0.15],
						"0.375": [0, 0, 0],
						"1.9167": [0, 0, 0],
						"1.9583": [0, 0, -0.15]
					}
				},
				"arm_left": {
					"rotation": {
						"1.6667": [0, 0, 0],
						"1.8333": [-57.5, 0, 0],
						"2.0833": [0, 0, 0]
					}
				},
				"arm_left2": {
					"rotation": {
						"0.0": [-57.5, 0, 0],
						"0.125": [-57.5, -27.5, 0],
						"1.3333": [-57.5, -27.5, 0],
						"1.5": [-57.5, -70, 0],
						"1.7083": [-57.5, -90, 0],
						"1.9167": [32.5, -105, 0],
						"2.125": [32.5, -90, 7.5],
						"2.9167": [32.5, -95, 7.5]
					}
				},
				"arm_left3": {
					"rotation": {
						"0.0": [-52.5, 0, 0],
						"0.125": [-52.5, 0, -30],
						"0.375": [-52.5, 0, -22.5],
						"1.1667": [-25, 0, -22.5],
						"1.75": [-45, 0, -22.5],
						"1.9583": [35, 0, -5]
					}
				},
				"arm_left4": {
					"rotation": {
						"0.0": [-32.5, -27.5, 0],
						"0.1667": [-32.5, -27.5, -17.5],
						"0.375": [-32.5, -27.5, -5],
						"1.1667": [-27.5, -27.5, -5],
						"2.0417": [30, -27.5, -5]
					}
				},
				"arm_left5": {
					"rotation": {
						"0.0": [-32.5, 0, -7.5],
						"0.1667": [-32.5, 0, -37.5],
						"0.4167": [-32.5, 0, -12.5],
						"1.1667": [-37.5, 0, -12.5],
						"1.4583": [-37.5, 0, -25],
						"2.125": [15, 0, -25],
						"2.9167": [15, 0, -30]
					}
				},
				"hand_left": {
					"rotation": {
						"0.0": [-25, 0, -5],
						"0.2083": [-25, 0, -37.5],
						"0.5833": [-25, 0, -7.5],
						"1.1667": [-60, 0, -7.5],
						"1.5833": [-60, 0, -40],
						"2.2083": [42.5, 0, -40],
						"2.9583": [52.5, 0, -40]
					}
				},
				"finger_left": {
					"rotation": {
						"0.0": [0, 0, 10],
						"0.6667": [17.5, 0, 10]
					}
				},
				"finger_left2": {
					"rotation": {
						"0.6667": [-17.5, 0, 0],
						"1.2917": [-57.5, 0, 0]
					}
				},
				"finger_left3": {
					"rotation": {
						"0.6667": [-20, 0, 0],
						"1.2917": [-80, 0, 0]
					}
				},
				"finger_left4": {
					"rotation": {
						"0.0": [0, 0, 5],
						"0.6667": [20, 0, 5]
					}
				},
				"finger_left5": {
					"rotation": {
						"0.6667": [-17.5, 0, 0],
						"1.2917": [-60, 0, 0]
					}
				},
				"finger_left6": {
					"rotation": {
						"0.6667": [-32.5, 0, 0],
						"1.2917": [-92.5, 0, 0]
					}
				},
				"finger_left7": {
					"rotation": [22.5, 0, 0]
				},
				"finger_left8": {
					"rotation": {
						"0.6667": [-27.5, 0, 0],
						"1.2917": [-70, 0, 0]
					}
				},
				"finger_left9": {
					"rotation": {
						"0.6667": [-27.5, 0, 0],
						"1.2917": [-92.5, 0, 0]
					}
				},
				"finger_left10": {
					"rotation": {
						"0.0": [0, 0, -5],
						"0.6667": [27.5, 0, -5]
					}
				},
				"finger_left11": {
					"rotation": {
						"0.6667": [-20, 0, 0],
						"1.2917": [-102.5, 0, 0]
					}
				},
				"finger_left12": {
					"rotation": {
						"0.6667": [-32.5, 0, 0],
						"1.2917": [-80, 0, 0]
					}
				},
				"body_right": {
					"rotation": {
						"0.0": [0, 0, 0],
						"0.1667": [-69.99, -18.72, 10.19],
						"0.375": [-78.89, -42.12, 22.92],
						"0.5417": [-60.26, -53.35, 29.03],
						"0.75": [0.42649, -70.19497, 38.19917],
						"0.875": [10.43, -70.19, 40.075],
						"1.0": [10.43, -70.19, 39.25],
						"1.0833": [10.43, -70.19, 37.48],
						"1.1667": [10.43, -70.19, 26.95],
						"1.25": [10.43, -70.19, 26.2],
						"1.3333": [10.43, -70.19, 30.7],
						"1.4583": [10.43, -70.19, 32.7],
						"1.625": [22.93, -70.19, 32.7],
						"1.75": [0.43, -70.19, 32.7],
						"1.9583": [0.43, -97.69, 32.7],
						"2.0417": [-48.82, -254.69, 47.7],
						"2.25": [-59.57, -323.69, 47.7],
						"2.375": [-37.07, -342.69, 47.7],
						"2.4583": [-87.07, -342.69, 47.7]
					},
					"position": {
						"0.0": [0, 0, 0],
						"0.0417": [-0.64, -2, 0.74],
						"0.1667": [-3.5, -0.5, 4.25],
						"0.3333": [-5.33, 0, 6.245],
						"0.5833": [-6, 0, 7],
						"0.875": [-5.125, -0.5, 7],
						"1.0417": [-5.12, -1.75, 7],
						"1.1667": [-5.12, 0.75, 7],
						"1.3333": [-5.12, 1.25, 7],
						"1.875": [-5.12, 1.25, 7],
						"1.9583": [-3.12, 1.25, 13.75],
						"2.0417": [-11.37, 4.25, -16.5],
						"2.1667": [-14.27, 4.75, -24.25],
						"2.3333": [-15.72, 2.825, -27.625],
						"2.4167": [-15.72, -9.92, -27.62],
						"2.4583": [-15.72, -10.92, -27.62],
						"2.5417": [-15.72, -9.67, -27.62],
						"2.6667": [-15.72, -10.17, -27.62]
					}
				},
				"eyelid2": {
					"position": {
						"0.0": [0, 0, -0.125],
						"0.625": [0, 0, -0.125],
						"0.6667": [0, 0, 0],
						"1.875": [0, 0, 0],
						"1.9167": [0, 0, -0.125]
					}
				},
				"arm_right2": {
					"rotation": {
						"0.0": [-57.5, 0, 0],
						"0.125": [-27.5, 0, 0],
						"0.4583": [-12.5, 0, 0],
						"0.625": [-45, 0, 0],
						"0.9167": [-45, 52.5, 0],
						"1.0833": [-45, 59, 0],
						"1.2917": [-45, 62.5, 0],
						"1.5417": [-42.5, 62.5, 0],
						"1.625": [-55, 45, 0],
						"1.9583": [-55, 45, 0],
						"2.375": [-90, 45, 0],
						"2.5": [-25, 10, 0]
					}
				},
				"arm_right3": {
					"rotation": {
						"0.0": [-52.5, 0, 0],
						"0.1667": [-20, 0, 0],
						"0.7083": [-32.5, 0, 0],
						"1.9583": [-32.5, 0, 0],
						"2.0417": [-47.5, 25, 32.5],
						"2.2083": [10, 25, 32.5],
						"2.375": [10, 25, 0],
						"2.5": [30, -12.5, 0]
					}
				},
				"arm_right4": {
					"rotation": {
						"0.0": [-32.5, 27.5, 0],
						"0.1667": [-25, 27.5, 0],
						"0.625": [-55, 27.5, 0],
						"1.5417": [-52.5, 27.5, 0],
						"1.9583": [-52.5, 27.5, 0],
						"2.0417": [-82.5, 27.5, 0],
						"2.2917": [-20, 27.5, 0],
						"2.5833": [0, 2.5, 0],
						"2.6667": [-5, 2.5, 0]
					}
				},
				"arm_right5": {
					"rotation": {
						"0.0": [-32.5, 0, 7.5],
						"0.2083": [-7.5, 0, 7.5],
						"0.7083": [-32.5, 0, 7.5],
						"0.875": [-45, 0, 7.5],
						"1.0": [-35, 0, 7.5],
						"1.125": [-45, 0, 7.5],
						"1.2917": [-37.5, 0, 7.5],
						"1.5": [-51.56, 0, 7.5],
						"1.625": [-20, 0, 7.5],
						"1.9583": [-20, 0, 7.5],
						"2.0417": [-37.5, 0, 7.5],
						"2.3333": [-30, 0, 7.5],
						"2.5": [-55, 0, 7.5],
						"2.5833": [-10, 0, 7.5],
						"2.6667": [-2.5, 0, 7.5]
					}
				},
				"hand_right": {
					"rotation": {
						"0.0": [-25, 0, 5],
						"0.75": [-40, 0, 5],
						"0.9167": [-57.5, 0, 5],
						"1.375": [-57.5, 0, 5],
						"1.5": [-58.75, 0, 5],
						"1.625": [-15, 0, 5],
						"1.9583": [-15, 0, 5],
						"2.0417": [-62.5, 0, 5],
						"2.5417": [-67.5, 0, 5],
						"2.6667": [-2.5, 0, 5],
						"2.75": [0, 0, 5]
					}
				},
				"finger_right": {
					"rotation": {
						"0.0": [22.5, 0, -12.5],
						"1.4167": [0, 0, -6.57],
						"1.7917": [22.5, 0, -5],
						"2.75": [0, 0, -10]
					}
				},
				"finger_right2": {
					"rotation": {
						"0.0": [-30, 0, 0],
						"1.0": [-57.5, 0, 0],
						"1.4167": [-65.83, 0, 0],
						"1.625": [-40, 0, 0],
						"2.75": [0, 0, 0]
					}
				},
				"finger_right3": {
					"rotation": {
						"0.0": [-40, 0, 0],
						"1.4167": [-32.33, 0, 0],
						"1.7917": [-5, 0, 0]
					}
				},
				"finger_right4": {
					"rotation": {
						"0.0": [7.5, 0, -5],
						"2.75": [0, 0, 0]
					}
				},
				"finger_right5": {
					"rotation": {
						"0.0": [-17.5, 0, 0],
						"1.0": [-55, 0, 0],
						"1.625": [-32.5, 0, 0],
						"2.75": [0, 0, 0]
					}
				},
				"finger_right6": {
					"rotation": {
						"0.0": [-47.5, 0, 0],
						"1.7917": [-12.5, 0, 0]
					}
				},
				"finger_right7": {
					"rotation": {
						"0.0": [10, 0, 0],
						"1.0": [-17.5, 0, 0],
						"1.625": [10, 0, 0],
						"2.75": [0, 0, 5]
					}
				},
				"finger_right8": {
					"rotation": {
						"0.0": [-25, 0, 0],
						"1.0": [-57.5, 0, 0],
						"1.2083": [-83.15, 0, 0],
						"1.4583": [-32.17, 0, 0],
						"2.75": [0, 0, 0]
					}
				},
				"finger_right9": {
					"rotation": {
						"0.0": [-37.5, 0, 0],
						"1.7917": [-7.5, 0, 0]
					}
				},
				"finger_right10": {
					"rotation": {
						"0.0": [22.5, 0, 5],
						"1.0": [-47.5, 0, 5],
						"1.625": [0, 0, 5],
						"1.7917": [0, 0, 0],
						"2.75": [0, 0, 15]
					}
				},
				"finger_right11": {
					"rotation": {
						"0.0": [-27.5, 0, 0],
						"1.0": [-42.5, 0, 0],
						"1.2083": [-67.44, 0, 0],
						"1.4167": [-18.33, 0, 0],
						"2.75": [0, 0, 0]
					}
				},
				"finger_right12": {
					"rotation": {
						"0.0": [-37.5, 0, 0],
						"2.75": [0, 0, 0]
					}
				}
			}
		},
		"animation.doublade_delta.blink": {
			"animation_length": 0.16667,
			"bones": {
				"eyelid": {
					"position": {
						"0.0": [0, 0, -0.1],
						"0.125": [0, 0, -0.1],
						"0.1667": [0, 0, 0]
					}
				},
				"eyelid2": {
					"position": {
						"0.0": [0, 0, -0.1],
						"0.125": [0, 0, -0.1],
						"0.1667": [0, 0, 0]
					}
				}
			}
		}
	}
}