{
	"format_version": "1.8.0",
	"animations": {
		"animation.energeist.ground_idle": {
			"loop": true,
			"bones": {
				"sinistea": {
					"rotation": ["-math.sin(q.anim_time*90*2+90)*8", "math.sin(q.anim_time*90*45)*0.5*math.sin(q.anim_time*90*20)*3", "math.sin(q.anim_time*90*2)*8"],
					"position": ["math.sin(q.anim_time*90*2)*1", 0.5, "math.sin(q.anim_time*90*2+90)*1"]
				},
				"torso_sec_1": {
					"rotation": ["-0.1882+math.sin(q.anim_time*90*2-30)*7", 26.73642, "-1.5584+13.13180.205+math.sin(q.anim_time*90*2-30)*4"]
				},
				"head": {
					"rotation": [3.40419, "-22.2768+math.sin(q.anim_time*90*2-30)*4", "-8.2323+math.sin(q.anim_time*90*2+30)*2"],
					"position": [-0.55, -1, 0.95]
				},
				"bone6": {
					"rotation": ["0+math.sin(q.anim_time*90*2-60)*3", 0, "0+math.sin(q.anim_time*90*2-60)*15"]
				},
				"ligthing": {
					"rotation": ["0+math.sin(q.anim_time*90*2-60)*9", "0+math.sin(q.anim_time*90*1.5-90)*10", 0]
				},
				"l2": {
					"rotation": ["0+math.sin(q.anim_time*90*3-90)*2", "0-math.sin(q.anim_time*90*3-90)*5", 0]
				},
				"arm_r": {
					"rotation": [0, "2.6149-math.sin(query.anim_time*90*1.5-90)*4", "-5*(-math.sin(query.anim_time*90*3-90)*1+1)+36.0632"]
				},
				"top_bolt": {
					"rotation": ["0+math.sin(q.anim_time*90*2-60)*5", "math.sin(q.anim_time*90*45)*0.5*math.sin(q.anim_time*90*20)*5", "0+math.sin(q.anim_time*90*2-60)*9"],
					"position": [0, 0, 0.95]
				},
				"bot_bolt": {
					"rotation": ["-math.sin(q.anim_time*90*2+90)*8", "math.sin(q.anim_time*90*45)*0.5*math.sin(q.anim_time*90*20)*3", "math.sin(q.anim_time*90*2)*8"]
				},
				"overall": {
					"position": ["0+math.sin(q.anim_time*90*2)*1", "-2.575-math.sin(q.anim_time*90*4)*1", 0]
				},
				"arm_r2": {
					"rotation": [0, "-3.32-math.sin(query.anim_time*90*1.5-90)*4", "-5*(math.sin(query.anim_time*90*3-90)*1-1)-33.9259"]
				}
			}
		},
		"animation.energeist.ground_walk": {
			"loop": true,
			"bones": {
				"sinistea": {
					"rotation": ["-math.sin(q.anim_time*90*2+90)*8", "math.sin(q.anim_time*90*45)*0.5*math.sin(q.anim_time*90*20)*3", "math.sin(q.anim_time*90*2)*8"],
					"position": ["math.sin(q.anim_time*90*2)*1", 0.5, "math.sin(q.anim_time*90*2+90)*1"]
				},
				"torso_sec_1": {
					"rotation": ["-0.1882+math.sin(q.anim_time*90*2-30)*7", 26.73642, "-1.5584+13.13180.205+math.sin(q.anim_time*90*2-30)*4"]
				},
				"head": {
					"rotation": [2.28522, "-14.8501+math.sin(q.anim_time*90*2-30)*4", "-7.8385+math.sin(q.anim_time*90*2+30)*2"],
					"position": [-0.55, -1, 0.95]
				},
				"bone6": {
					"rotation": ["0+math.sin(q.anim_time*90*2-60)*3", 0, "0+math.sin(q.anim_time*90*2-60)*15"]
				},
				"ligthing": {
					"rotation": ["0+math.sin(q.anim_time*90*2-60)*9", "0+math.sin(q.anim_time*90*1.5-90)*10", 0]
				},
				"l2": {
					"rotation": ["0+math.sin(q.anim_time*90*3-90)*2", "0-math.sin(q.anim_time*90*3-90)*5", 0]
				},
				"arm_r": {
					"rotation": [0, "2.6149-math.sin(query.anim_time*90*1.5-90)*4", "-5*(-math.sin(query.anim_time*90*3-90)*1+1)+36.0632"]
				},
				"top_bolt": {
					"rotation": [
						"-0.1047+math.sin(q.anim_time*90*2-60)*5",
						"12.4638+math.sin(q.anim_time*90*45)*0.5*math.sin(q.anim_time*90*20)*5",
						"-0.9589+math.sin(q.anim_time*90*2-60)*9"
					],
					"position": [0, 0, 0.95]
				},
				"bot_bolt": {
					"rotation": ["-math.sin(q.anim_time*90*2+90)*8", "math.sin(q.anim_time*90*45)*0.5*math.sin(q.anim_time*90*20)*3", "math.sin(q.anim_time*90*2)*8"]
				},
				"overall": {
					"position": ["0+math.sin(q.anim_time*90*2)*1", "-2.575-math.sin(q.anim_time*90*4)*1", 0]
				},
				"arm_r2": {
					"rotation": [0, "-3.32-math.sin(query.anim_time*90*1.5-90)*4", "-5*(math.sin(query.anim_time*90*3-90)*1-1)-33.9259"]
				}
			}
		}
	}
}