{
	"format_version": "1.8.0",
	"animations": {
		"animation.flygon_mega.pose": {
			"loop": true,
			"bones": {
				"torso": {
					"rotation": [20, 0, 0]
				},
				"neck": {
					"rotation": [22.5, 0, 0]
				},
				"neck2": {
					"rotation": [12.5, 0, 0]
				},
				"neck3": {
					"rotation": [10, 0, 0]
				},
				"head": {
					"rotation": [-32.5, 0, 0],
					"position": [0, 1, -1]
				},
				"tail": {
					"rotation": [-42.5, 0, 0]
				},
				"legs": {
					"rotation": [-5, 0, 0]
				},
				"body": {
					"rotation": [17.5, 0, 0],
					"position": [0, 0.75, -3]
				},
				"leg_right": {
					"rotation": [-12.79362, 12.19908, 2.25285],
					"position": [0, -1, 0]
				},
				"leg_right2": {
					"rotation": [20, 5, 0]
				},
				"foot_right": {
					"rotation": [32.53729, -0.86717, -4.92442]
				},
				"foot_right2": {
					"rotation": [12.5, 0, 0]
				},
				"wing_left": {
					"rotation": [0, 22.5, -10]
				},
				"wing_left_rotation": {
					"rotation": [-2.04412, -53.2171, 11.88076]
				},
				"wing_left2": {
					"rotation": [0, -7.5, 0]
				},
				"chest": {
					"rotation": [-5, 0, 0]
				},
				"wing_left_top": {
					"rotation": [0, 0, -10],
					"scale": 0.8
				},
				"wing_left_bot": {
					"rotation": [0, 0, 10],
					"scale": 0.8
				},
				"wing_right": {
					"rotation": [0, -22.5, 10]
				},
				"wing_right_rotation": {
					"rotation": [-4.23561, 73.19126, -14.29861]
				},
				"wing_right2": {
					"rotation": [0, 7.5, 0]
				},
				"leg_left": {
					"rotation": [6.47469, -15.46286, -19.96611]
				},
				"leg_left2": {
					"rotation": [20, -5, 0]
				},
				"foot_left": {
					"rotation": [22.53729, 0.86717, 4.92442]
				},
				"foot_left2": {
					"rotation": [12.5, 0, 0]
				},
				"wing_right_top": {
					"rotation": [0, 0, 10],
					"scale": 0.8
				},
				"wing_right_bot": {
					"rotation": [0, 0, -10],
					"scale": 0.8
				},
				"front_antenna": {
					"rotation": [53.00557, -50.98071, -58.51635]
				},
				"front_antenna2": {
					"rotation": [0.43688, 4.98093, 12.519]
				},
				"front_antenna3": {
					"rotation": [0, 0, 20]
				},
				"front_antenna4": {
					"rotation": [0, 0, 7.5]
				},
				"tail2": {
					"rotation": [-20.44582, 11.73507, -4.3361]
				},
				"tail3": {
					"rotation": [-25.18908, 6.79382, -3.18458]
				},
				"tail4": {
					"rotation": [-25.33761, 9.05478, -4.26175]
				},
				"tail5": {
					"rotation": [-32.68908, -6.79382, 3.18458]
				},
				"tail6": {
					"rotation": [-28.39454, -22.87473, 15.53685]
				},
				"tail7": {
					"rotation": [-38.39454, -22.87473, 15.53685]
				},
				"tail8": {
					"rotation": [-21.81937, -31.60494, 15.79473]
				},
				"tail9": {
					"rotation": [-23.86577, -38.51934, 19.34975]
				},
				"tail10": {
					"rotation": [-22.42534, -33.92098, 16.91423]
				},
				"tail11": {
					"rotation": [-21.27963, -29.27961, 14.7297]
				},
				"tail12": {
					"rotation": [-20.37546, -24.60582, 12.736]
				},
				"tail13": {
					"rotation": [-20.37546, -24.60582, 12.736]
				},
				"tail14": {
					"rotation": [0, -25, 0]
				},
				"tail15": {
					"rotation": [-15, -20, 0]
				},
				"tail16": {
					"rotation": [-25, 40, 0]
				},
				"tail17": {
					"rotation": [0, 35, 0]
				},
				"tail18": {
					"rotation": [-17.5, 35, 0]
				},
				"tail_spike": {
					"rotation": [0, 0, 37.5]
				},
				"tail_spike2": {
					"rotation": [0, 0, 45]
				},
				"tail_spike3": {
					"rotation": [0, 0, 45]
				},
				"bone": {
					"rotation": [-45.41554, 13.20177, -28.7959]
				},
				"bone2": {
					"rotation": [0, 45, 0]
				},
				"front_antenna5": {
					"rotation": [53.00557, 50.98071, 58.51635]
				},
				"front_antenna6": {
					"rotation": [0.43688, -4.98093, -12.519]
				},
				"front_antenna7": {
					"rotation": [0, 0, -20]
				},
				"front_antenna8": {
					"rotation": [0, 0, -7.5]
				},
				"arm_left": {
					"rotation": [41.26307, -11.32685, 47.66418]
				},
				"arm_left2": {
					"rotation": [0, 0, -60]
				},
				"hand_left": {
					"rotation": [-152.5, 0, 0]
				},
				"finger_back_left_rotation": {
					"rotation": [0, 0, 17.5]
				},
				"finger_back_left2": {
					"rotation": [0, 0, 55]
				},
				"finger_back_left3": {
					"rotation": [0, 0, 27.5]
				},
				"finger_center_left": {
					"rotation": [0, 0, 0]
				},
				"finger_center_left2": {
					"rotation": [0, 0, 35]
				},
				"finger_center_left3": {
					"rotation": [0, 0, 27.5]
				},
				"finger_front_left_rotation": {
					"rotation": [0, 0, 15]
				},
				"finger_front_left2": {
					"rotation": [0, 0, 45]
				},
				"finger_front_left3": {
					"rotation": [0, 0, 27.5]
				},
				"arm_right": {
					"rotation": [41.26307, 11.32685, -47.66418]
				},
				"arm_right2": {
					"rotation": [0, 0, 60]
				},
				"hand_right": {
					"rotation": [-152.5, 0, 0]
				},
				"finger_back_right_rotation": {
					"rotation": [0, 0, -17.5]
				},
				"finger_back_right2": {
					"rotation": [0, 0, -55]
				},
				"finger_back_right3": {
					"rotation": [0, 0, -27.5]
				},
				"finger_center_right": {
					"rotation": [0, 0, 0]
				},
				"finger_center_right2": {
					"rotation": [0, 0, -35]
				},
				"finger_center_right3": {
					"rotation": [0, 0, -27.5]
				},
				"finger_front_right_rotation": {
					"rotation": [0, 0, -15]
				},
				"finger_front_right2": {
					"rotation": [0, 0, -45]
				},
				"finger_front_right3": {
					"rotation": [0, 0, -27.5]
				}
			}
		},
		"animation.flygon_mega.ground_idle": {
			"loop": true,
			"bones": {
				"torso": {
					"rotation": [20, 0, 0]
				},
				"neck": {
					"rotation": [22.5, 0, 0]
				},
				"neck2": {
					"rotation": [12.5, 0, 0]
				},
				"neck3": {
					"rotation": [10, 0, 0]
				},
				"head": {
					"rotation": [-32.5, 0, 0],
					"position": [0, 1, -1]
				},
				"tail": {
					"rotation": ["-42.5+Math.cos((query.anim_time-0.5) * 90 * 4) * 1", 0, 0]
				},
				"legs": {
					"rotation": [-5, 0, 0]
				},
				"body": {
					"rotation": ["17.5-Math.cos((query.anim_time-0.2) * 90 * 5) * 1", 0, 0],
					"position": [0, "62.75+Math.cos((query.anim_time) * 90 * 4) * 0.6", -3]
				},
				"leg_right": {
					"rotation": ["-12.7936-Math.cos((query.anim_time-0.3) * 90 * 4) * -3", 12.19908, 2.25285],
					"position": [0, -1, 0]
				},
				"leg_right2": {
					"rotation": [20, 5, 0]
				},
				"foot_right": {
					"rotation": [32.53729, -0.86717, -4.92442]
				},
				"foot_right2": {
					"rotation": [12.5, 0, 0]
				},
				"wing_left": {
					"rotation": [0, 22.5, -10]
				},
				"wing_left_rotation": {
					"rotation": [-2.04412, "-53.2171-Math.cos((query.anim_time) * 90 * 5) * -20", 11.88076]
				},
				"wing_left2": {
					"rotation": [0, "-7.5-Math.cos((query.anim_time) * 90 * 5) * -20", 0]
				},
				"chest": {
					"rotation": [-5, 0, 0]
				},
				"wing_left_top": {
					"rotation": [0, 0, -10],
					"scale": 0.8
				},
				"wing_left_bot": {
					"rotation": [0, 0, 10],
					"scale": 0.8
				},
				"wing_right": {
					"rotation": [0, -22.5, 10]
				},
				"wing_right_rotation": {
					"rotation": [-4.23561, "73.1913+Math.cos((query.anim_time) * 90 * 5) * -20", -14.29861]
				},
				"wing_right2": {
					"rotation": [0, "7.5+Math.cos((query.anim_time) * 90 * 5) * -20", 0]
				},
				"leg_left": {
					"rotation": ["6.4747-Math.cos((query.anim_time-0.3) * 90 * 4) * -3", -15.46286, -19.96611]
				},
				"leg_left2": {
					"rotation": [20, -5, 0]
				},
				"foot_left": {
					"rotation": [22.53729, 0.86717, 4.92442]
				},
				"foot_left2": {
					"rotation": [12.5, 0, 0]
				},
				"wing_right_top": {
					"rotation": [0, 0, 10],
					"scale": 0.8
				},
				"wing_right_bot": {
					"rotation": [0, 0, -10],
					"scale": 0.8
				},
				"front_antenna": {
					"rotation": [53.00557, -50.98071, -58.51635]
				},
				"front_antenna2": {
					"rotation": [0.43688, 4.98093, 12.519]
				},
				"front_antenna3": {
					"rotation": [0, 0, 20]
				},
				"front_antenna4": {
					"rotation": [0, 0, 7.5]
				},
				"tail2": {
					"rotation": [-20.44582, 11.73507, -4.3361]
				},
				"tail3": {
					"rotation": [-25.18908, 6.79382, -3.18458]
				},
				"tail4": {
					"rotation": [-25.33761, 9.05478, -4.26175]
				},
				"tail5": {
					"rotation": [-32.68908, -6.79382, 3.18458]
				},
				"tail6": {
					"rotation": [-28.39454, -22.87473, 15.53685]
				},
				"tail7": {
					"rotation": [-38.39454, -22.87473, 15.53685]
				},
				"tail8": {
					"rotation": [-21.81937, -31.60494, 15.79473]
				},
				"tail9": {
					"rotation": [-23.86577, -38.51934, 19.34975]
				},
				"tail10": {
					"rotation": [-22.42534, -33.92098, 16.91423]
				},
				"tail11": {
					"rotation": [-21.27963, -29.27961, 14.7297]
				},
				"tail12": {
					"rotation": [-20.37546, -24.60582, 12.736]
				},
				"tail13": {
					"rotation": [-20.37546, -24.60582, 12.736]
				},
				"tail14": {
					"rotation": [0, -25, 0]
				},
				"tail15": {
					"rotation": [-15, -20, 0]
				},
				"tail16": {
					"rotation": [-25, 40, 0]
				},
				"tail17": {
					"rotation": [0, 35, 0]
				},
				"tail18": {
					"rotation": [-17.5, 35, 0]
				},
				"tail_spike": {
					"rotation": [0, 0, 37.5]
				},
				"tail_spike2": {
					"rotation": [0, 0, 45]
				},
				"tail_spike3": {
					"rotation": [0, 0, 45]
				},
				"bone": {
					"rotation": [-45.41554, 13.20177, -28.7959]
				},
				"bone2": {
					"rotation": [0, 45, 0]
				},
				"front_antenna5": {
					"rotation": [53.00557, 50.98071, 58.51635]
				},
				"front_antenna6": {
					"rotation": [0.43688, -4.98093, -12.519]
				},
				"front_antenna7": {
					"rotation": [0, 0, -20]
				},
				"front_antenna8": {
					"rotation": [0, 0, -7.5]
				},
				"arm_left": {
					"rotation": [41.26307, -11.32685, 47.66418]
				},
				"arm_left2": {
					"rotation": [0, 0, -60]
				},
				"hand_left": {
					"rotation": [-152.5, 0, 0]
				},
				"finger_back_left_rotation": {
					"rotation": [0, 0, 17.5]
				},
				"finger_back_left2": {
					"rotation": [0, 0, 55]
				},
				"finger_back_left3": {
					"rotation": [0, 0, 27.5]
				},
				"finger_center_left": {
					"rotation": [0, 0, 0]
				},
				"finger_center_left2": {
					"rotation": [0, 0, 35]
				},
				"finger_center_left3": {
					"rotation": [0, 0, 27.5]
				},
				"finger_front_left_rotation": {
					"rotation": [0, 0, 15]
				},
				"finger_front_left2": {
					"rotation": [0, 0, 45]
				},
				"finger_front_left3": {
					"rotation": [0, 0, 27.5]
				},
				"arm_right": {
					"rotation": [41.26307, 11.32685, -47.66418]
				},
				"arm_right2": {
					"rotation": [0, 0, 60]
				},
				"hand_right": {
					"rotation": [-152.5, 0, 0]
				},
				"finger_back_right_rotation": {
					"rotation": [0, 0, -17.5]
				},
				"finger_back_right2": {
					"rotation": [0, 0, -55]
				},
				"finger_back_right3": {
					"rotation": [0, 0, -27.5]
				},
				"finger_center_right": {
					"rotation": [0, 0, 0]
				},
				"finger_center_right2": {
					"rotation": [0, 0, -35]
				},
				"finger_center_right3": {
					"rotation": [0, 0, -27.5]
				},
				"finger_front_right_rotation": {
					"rotation": [0, 0, -15]
				},
				"finger_front_right2": {
					"rotation": [0, 0, -45]
				},
				"finger_front_right3": {
					"rotation": [0, 0, -27.5]
				}
			}
		}
	}
}