{
	"format_version": "1.8.0",
	"animations": {
		"animation.lucaurus.ground_idle": {
			"loop": true,
			"bones": {
				"tail21": {
					"rotation": ["-22.5-2*Math.cos((query.anim_time-0.5) * 50 * 4) * 1", "0-3*Math.cos((query.anim_time-0.25) * 50 * 2) * 1", 0]
				},
				"tail22": {
					"rotation": ["62.5-2*Math.cos((query.anim_time-0.75) * 50 * 4) * 1", "0-3*Math.cos((query.anim_time-0.5) * 50 * 2) * 1", 0]
				},
				"tail23": {
					"rotation": ["82.5-2*Math.cos((query.anim_time-1) * 50 * 4) * 1", "0-3*Math.cos((query.anim_time-0.75) * 50 * 2) * 1", 0]
				},
				"lucario": {
					"position": [0, -0.75, 0]
				},
				"torso": {
					"rotation": [7.5, 0, 0],
					"position": [0, "0-0.25*Math.cos((query.anim_time-0.5) * 50 * 4) * 0.5", 0]
				},
				"head": {
					"rotation": ["-10+0.1*Math.cos((query.anim_time-0) * 50 * 4) * 10", 0, 0]
				},
				"ear_left": {
					"rotation": [0, 0, "0-0.1*Math.cos((query.anim_time-0.5) * 50 * 4) * 10"]
				},
				"leg_front_right": {
					"rotation": ["10+1*Math.cos((query.anim_time-0.5) * 50 * 4) * 1", 0, -17.5],
					"position": [0, "0+0.25*Math.cos((query.anim_time-0.5) * 50 * 4) * 0.25", 0]
				},
				"leg_front_right2": {
					"rotation": ["-42.5-1*Math.cos((query.anim_time-0.5) * 50 * 4) * 2", -17, "2.5+0.1*Math.cos((query.anim_time-0.5) * 50 * 4) * 10"]
				},
				"leg_front_right3": {
					"rotation": ["27+1*Math.cos((query.anim_time-0.5) * 50 * 4) * 1", -2, 23]
				},
				"leg_back_left": {
					"rotation": ["9.5-1*Math.cos((query.anim_time-0.5) * 50 * 4) * 1", 2, -14],
					"position": [0, "0+0.25*Math.cos((query.anim_time-0.5) * 50 * 4) * 0.75", 0]
				},
				"leg_back_left2": {
					"rotation": ["-17.5+1*Math.cos((query.anim_time-0.5) * 50 * 4) * 2", 0, 0]
				},
				"leg_back_left3": {
					"rotation": ["0-1*Math.cos((query.anim_time-0.5) * 50 * 4) * 1", 0, 14]
				},
				"leg_back_right": {
					"rotation": ["9.5-1*Math.cos((query.anim_time-0.5) * 50 * 4) * 1", 2, 14],
					"position": [0, "0+0.25*Math.cos((query.anim_time-0.5) * 50 * 4) * 0.75", 0]
				},
				"leg_back_right2": {
					"rotation": ["-17.5+1*Math.cos((query.anim_time-0.5) * 50 * 4) * 2", 0, 0]
				},
				"leg_back_right3": {
					"rotation": ["0-1*Math.cos((query.anim_time-0.5) * 50 * 4) * 1", 0, -14]
				},
				"leg_front_left": {
					"rotation": ["10+1*Math.cos((query.anim_time-0.5) * 50 * 4) * 1", 0, 17.5],
					"position": [0, "0+0.25*Math.cos((query.anim_time-0.5) * 50 * 4) * 0.25", 0]
				},
				"leg_front_left2": {
					"rotation": ["-42.5-1*Math.cos((query.anim_time-0.5) * 50 * 4) * 2", 17, "-2.5-0.1*Math.cos((query.anim_time-0.5) * 50 * 4) * 10"]
				},
				"leg_front_left3": {
					"rotation": ["27+1*Math.cos((query.anim_time-0.5) * 50 * 4) * 1", 2, -23]
				},
				"ear_right": {
					"rotation": [0, 0, "0+0.1*Math.cos((query.anim_time-0.5) * 50 * 4) * 10"]
				},
				"torso2_tuft": {
					"rotation": ["5-0.1*Math.cos((query.anim_time-0.25) * 50 * 4) * 10", 0, 0]
				},
				"left_scarf_ear": {
					"rotation": [0, 0, "0-0.3*Math.cos((query.anim_time-0.25) * 50 * 4) * 10"]
				},
				"right_scarf_ear": {
					"rotation": [0, 0, "0+0.1*Math.cos((query.anim_time-0.25) * 50 * 4) * 10"]
				},
				"scarf_tuft": {
					"rotation": ["-7.5+0.1*Math.cos((query.anim_time-0.5) * 50 * 4) * 10", 0, 0]
				},
				"closed_right": {
					"position": [0, 0, 13]
				},
				"neck": {
					"rotation": ["0+0.1*Math.cos((query.anim_time-0.5) * 50 * 4) * 10", 0, 0]
				}
			}
		},
		"animation.lucaurus.ground_walk": {
			"loop": true,
			"animation_length": 1,
			"bones": {
				"torso": {
					"rotation": ["0+Math.cos((query.anim_time+0.2) * 90 * 8) * -1", 0, 0],
					"position": [0, "0+Math.cos((query.anim_time+0.3) * 90 * 8) * -0.2", 0]
				},
				"leg_back_left": {
					"rotation": {
						"0.0": [21.56, 0, 0],
						"0.125": [25, 0, 0],
						"0.25": [21.56, 0, 0],
						"0.375": [-3.56, 0, 0],
						"0.5": [-10, 0, 0],
						"0.5833": [-10.975, 0, 0],
						"0.7083": [-8, 0, 0],
						"0.7917": [-2.38, 0, 0],
						"1.0": [21.56, 0, 0]
					},
					"position": [0, "0+Math.cos((query.anim_time) * 90 * 4) * -0.5", 0]
				},
				"leg_back_left2": {
					"rotation": {
						"0.0": [-17.02, 0.34, -1.21],
						"0.125": [-19.73346, 0.53923, -1.94268],
						"0.3333": [-34.05, 0.24, -0.86],
						"0.5": [-27.5, 0, 0],
						"0.7917": [-12.5, 0, 0],
						"1.0": [-17.02, 0.34, -1.21]
					}
				},
				"leg_back_left3": {
					"rotation": {
						"0.0": [13.13, 0, 0],
						"0.125": [7.5, 0, 0],
						"0.2917": [5.28, 0, 0],
						"0.5": [25, 0, 0],
						"0.7917": [22.5, 0, 0],
						"1.0": [13.13, 0, 0]
					}
				},
				"leg_back_right": {
					"rotation": {
						"0.0": [-10, 0, 0],
						"0.0833": [-10.975, 0, 0],
						"0.2083": [-7.25, 0, 0],
						"0.2917": [-2.38, 0, 0],
						"0.5": [20.06, 0, 0],
						"0.625": [23.5, 0, 0],
						"0.75": [20.06, 0, 0],
						"0.875": [-3.06, 0, 0],
						"1.0": [-10, 0, 0]
					},
					"position": [0, "0+Math.cos((query.anim_time+0.3) * 90 * 4) * 0.5", 0]
				},
				"leg_back_right2": {
					"rotation": {
						"0.0": [-27.5, 0, 0],
						"0.2917": [-12.5, 0, 0],
						"0.625": [-19.73346, -0.53923, 1.94268],
						"0.8333": [-34.05, -0.24, 0.86],
						"1.0": [-27.5, 0, 0]
					}
				},
				"leg_back_right3": {
					"rotation": {
						"0.0": [25, 0, 0],
						"0.2917": [22.5, 0, 0],
						"0.625": [7.5, 0, 0],
						"0.7917": [5.28, 0, 0],
						"1.0": [25, 0, 0]
					}
				},
				"torso2": {
					"rotation": ["0+Math.cos((query.anim_time+0.1) * 90 * 8) * 1", 0, 0]
				},
				"leg_front_left": {
					"rotation": {
						"0.0": [10, 0, 0],
						"0.125": [16.25, 0, 0],
						"0.2083": [13.12, 0, 0],
						"0.4167": [-17.94, 0, 0],
						"0.5": [-23.25, 0, 0],
						"0.7917": [-12.5, 0, 0],
						"1.0": [10, 0, 0]
					},
					"position": [0, "-0.5+Math.cos((query.anim_time) * 90 * 4) * -0.5", 0]
				},
				"leg_front_left2": {
					"rotation": {
						"0.0": [-8.75, 0, 0],
						"0.0417": [-10, 0, 0],
						"0.2083": [-35.25, 0, 0],
						"0.25": [-40.25, 0, 0],
						"0.3333": [-35.56, 0, 0],
						"0.5": [-17.5, 0, 0],
						"0.7917": [-2.5, 0, 0],
						"1.0": [-8.75, 0, 0]
					}
				},
				"leg_front_left3": {
					"rotation": {
						"0.0": [3.25, 0, 0],
						"0.0417": [0, 0, 0],
						"0.125": [6.5, 0, 0],
						"0.25": [32.5, 0, 0],
						"0.5": [42.5, 0, 0],
						"0.7917": [20, 0, 0],
						"0.9583": [6.5, 0, 0],
						"1.0": [3.25, 0, 0]
					}
				},
				"leg_front_right": {
					"rotation": {
						"0.0": [-23.25, 0, 0],
						"0.2917": [-12.5, 0, 0],
						"0.5": [10, 0, 0],
						"0.625": [16.25, 0, 0],
						"0.7083": [13.12, 0, 0],
						"0.9167": [-17.94, 0, 0],
						"1.0": [-23.25, 0, 0]
					},
					"position": [0, "-0.5+Math.cos((query.anim_time+0.3) * 90 * 4) * 0.5", 0]
				},
				"leg_front_right2": {
					"rotation": {
						"0.0": [-17.5, 0, 0],
						"0.2917": [-2.5, 0, 0],
						"0.5417": [-10, 0, 0],
						"0.7083": [-35.25, 0, 0],
						"0.75": [-40.25, 0, 0],
						"0.8333": [-35.56, 0, 0],
						"1.0": [-17.5, 0, 0]
					}
				},
				"leg_front_right3": {
					"rotation": {
						"0.0": [42.5, 0, 0],
						"0.2917": [20, 0, 0],
						"0.4583": [6.5, 0, 0],
						"0.5417": [0, 0, 0],
						"0.625": [6.5, 0, 0],
						"0.75": [32.5, 0, 0],
						"1.0": [42.5, 0, 0]
					}
				},
				"neck": {
					"rotation": ["0+Math.cos((query.anim_time) * 90 * 8) * -2", 0, 0]
				},
				"head": {
					"rotation": ["0+Math.cos((query.anim_time) * 90 * 8) * 2", 0, 0]
				},
				"tail21": {
					"rotation": ["17.5+Math.cos((query.anim_time+0.1) * 90 * 8) * -3", "0+Math.cos((query.anim_time-0.1) * 90 * 4) * 5", 0]
				},
				"tail22": {
					"rotation": [42.5, "0+Math.cos((query.anim_time-0.2) * 90 * 4) * 9", 0]
				},
				"tail23": {
					"rotation": [70, 0, "0+Math.cos((query.anim_time-0.3) * 90 * 4) * 12"]
				}
			}
		},
		"animation.lucaurus.blink": {
			"animation_length": 0.16667,
			"bones": {
				"opened_right": {
					"position": {
						"0.0": [-1, 0, 0],
						"0.0833": {"pre": [-1, 0, 0], "post": [0, 0, 0]}
					}
				},
				"closed_right": {
					"position": {
						"0.0": [0, 0, 0],
						"0.0833": {"pre": [0, 0, 0], "post": [-1, 0, 0]}
					}
				},
				"closed_left": {
					"position": {
						"0.0": [1, 0, 0],
						"0.0833": {"pre": [1, 0, 0], "post": [0, 0, 0]}
					}
				},
				"opened_left": {
					"position": {
						"0.0": [1, 0, 0],
						"0.0833": {"pre": [1, 0, 0], "post": [0, 0, 0]}
					}
				}
			}
		}
	}
}