{
	"format_version": "1.8.0",
	"animations": {
		"animation.malevorus_therian.ground_idle": {
			"loop": true,
			"animation_length": 4,
			"bones": {
				"hip_cloud_left": {
					"rotation": [0, 0, "-32.5+math.cos(q.anim_time*90*4)*3"]
				},
				"hip_cloud_left2": {
					"rotation": [0, 0, "math.cos(q.anim_time*90*4-60)*5"]
				},
				"hip_cloud_left3": {
					"rotation": [0, 0, "math.cos(q.anim_time*90*4-120)*5"]
				},
				"hip_cloud_left4": {
					"rotation": [0, 0, "math.cos(q.anim_time*90*4-180)*5"]
				},
				"hip_cloud_right": {
					"rotation": [0, 0, "32.5+math.cos(q.anim_time*90*4)*3"]
				},
				"hip_cloud_right2": {
					"rotation": [0, 0, "-(math.cos(q.anim_time*90*4-60)*5)"]
				},
				"hip_cloud_right3": {
					"rotation": [0, 0, "-(math.cos(q.anim_time*90*4-120)*5)"]
				},
				"hip_cloud_right4": {
					"rotation": [0, 0, "-(math.cos(q.anim_time*90*4-180)*5)"]
				},
				"body2": {
					"rotation": ["-47.5+math.cos(q.anim_time*90-30)*2", 0, 0]
				},
				"body3": {
					"rotation": ["-40+math.cos(q.anim_time*90)*2", 0, 0]
				},
				"body4": {
					"rotation": ["-30+math.cos(q.anim_time*90+30)*2", 0, 0]
				},
				"body5": {
					"rotation": ["-30+math.cos(q.anim_time*90+60)*2", 0, 0]
				},
				"torso": {
					"rotation": ["30+math.cos(q.anim_time*90+90)*2", 0, 0]
				},
				"arm_left": {
					"rotation": [-125.38482, "-14.6914+math.cos(q.anim_time*90-60)*5", "56.2576+math.cos(q.anim_time*90)*5"]
				},
				"arm_left2": {
					"rotation": [0, 0, "35+math.cos(q.anim_time*90)*5"]
				},
				"hand_left": {
					"rotation": [0, "8+math.cos(q.anim_time*90-180)*8", "55+math.cos(q.anim_time*90-60)*10"]
				},
				"claw_left1": {
					"rotation": [0, -57.5, 0]
				},
				"claw_left3": {
					"rotation": [0, 52.5, 0]
				},
				"hand_tail_left": {
					"rotation": [0, 0, "-65+math.cos(q.anim_time*90*6)*5"]
				},
				"arm_right": {
					"rotation": [-125.38482, "14.6914-math.cos(q.anim_time*90-60)*5", "-56.2576-math.cos(q.anim_time*90)*5"]
				},
				"arm_right2": {
					"rotation": [0, 0, "-35+math.cos(q.anim_time*90)*5"]
				},
				"hand_right": {
					"rotation": [0, "-8-math.cos(q.anim_time*90-180)*8", "-55-math.cos(q.anim_time*90-60)*10"]
				},
				"claw_right1": {
					"rotation": [0, 57.5, 0]
				},
				"claw_right3": {
					"rotation": [0, -52.5, 0]
				},
				"hand_tail_right": {
					"rotation": [0, 0, "65-math.cos(q.anim_time*90*6)*5"]
				},
				"neck1": {
					"rotation": ["37.5+math.cos(q.anim_time*90+120)*2", 0, 0]
				},
				"neck2": {
					"rotation": ["47.5+math.cos(q.anim_time*90+150)*2", 0, 0]
				},
				"neck3": {
					"rotation": ["22.5+math.cos(q.anim_time*90+180)*2", 0, 0]
				},
				"neck4": {
					"rotation": ["32.5+math.cos(q.anim_time*90+210)*2", 0, 0]
				},
				"head": {
					"rotation": ["math.cos(q.anim_time*90+270)*5", 0, 0]
				},
				"hair": {
					"rotation": ["-40+math.cos(q.anim_time*90*3-60)*5", 0, 0]
				},
				"hair_left": {
					"rotation": ["math.cos(q.anim_time*90*3-120)*5", 0, 0]
				},
				"hair_right": {
					"rotation": ["math.cos(q.anim_time*90*3-120)*5", 0, 0]
				},
				"moustache_left": {
					"rotation": [0, 0, "-5+math.cos(q.anim_time*90*4)*3"]
				},
				"moustache_left2": {
					"rotation": [0, 0, "math.cos(q.anim_time*90*4-60)*3"]
				},
				"moustache_left3": {
					"rotation": [0, 0, "math.cos(q.anim_time*90*4-120)*3"]
				},
				"moustache_right": {
					"rotation": [0, 0, "5-math.cos(q.anim_time*90*4)*3"]
				},
				"moustache_right2": {
					"rotation": [0, 0, "-math.cos(q.anim_time*90*4-60)*3"]
				},
				"moustache_right3": {
					"rotation": [0, 0, "-math.cos(q.anim_time*90*4-120)*3"]
				},
				"jaw": {
					"rotation": [20, 0, 0]
				},
				"tail1": {
					"rotation": ["20-math.cos(q.anim_time*90)*3", 0, "-math.cos(q.anim_time*90*2)*5"]
				},
				"tail2": {
					"rotation": ["20-math.cos(q.anim_time*90-30)*3", 0, "-math.cos(q.anim_time*90*2-30)*5"]
				},
				"tail3": {
					"rotation": ["20-math.cos(q.anim_time*90-60)*3", 0, "-math.cos(q.anim_time*90*2-60)*5"]
				},
				"tail4": {
					"rotation": ["-10-math.cos(q.anim_time*90-90)*3", 0, "-math.cos(q.anim_time*90*2-90)*5"]
				},
				"tail5": {
					"rotation": ["-10-math.cos(q.anim_time*90-120)*3", 0, "-math.cos(q.anim_time*90*2-120)*5"]
				},
				"tail6": {
					"rotation": ["-10-math.cos(q.anim_time*90-150)*3", 0, "-math.cos(q.anim_time*90*2-150)*5"]
				},
				"tail7": {
					"rotation": ["-10-math.cos(q.anim_time*90-180)*3", 0, "-math.cos(q.anim_time*90*2-180)*5"]
				},
				"tail8": {
					"rotation": ["-10-math.cos(q.anim_time*90-210)*3", 0, "-math.cos(q.anim_time*90*2-210)*5"]
				},
				"leg_right": {
					"rotation": ["-40-math.cos(q.anim_time*90-60)*10", 10, 0]
				},
				"leg_right2": {
					"rotation": ["20+math.cos(q.anim_time*90+60)*10", 0, 0]
				},
				"knee_cloud_right": {
					"rotation": ["math.cos(q.anim_time*90-60)*10", 0, "math.cos(q.anim_time*90*3-30)*10"]
				},
				"knee_cloud_right2": {
					"rotation": ["math.cos(q.anim_time*90-60)*10", 0, "math.cos(q.anim_time*90*3-90)*10"]
				},
				"knee_cloud_right3": {
					"rotation": ["10+math.cos(q.anim_time*90-60)*10", 0, "math.cos(q.anim_time*90*3-150)*10"]
				},
				"foot_right": {
					"rotation": ["-25+math.cos(q.anim_time*90+120)*15", 0, 0]
				},
				"toe_right1": {
					"rotation": ["20+math.cos(q.anim_time*90+30)*15", 0, 0]
				},
				"toe_right1_2": {
					"rotation": ["25+math.cos(q.anim_time*90-30)*15", 0, 0]
				},
				"toe_right2": {
					"rotation": ["20+math.cos(q.anim_time*90+30)*15", 0, 0]
				},
				"toe_right2_1": {
					"rotation": ["25+math.cos(q.anim_time*90-30)*15", 0, 0]
				},
				"toe_right3": {
					"rotation": ["20+math.cos(q.anim_time*90+30)*15", 0, 0]
				},
				"toe_right3_2": {
					"rotation": ["25+math.cos(q.anim_time*90-30)*15", 0, 0]
				},
				"leg_left": {
					"rotation": ["-40-math.cos(q.anim_time*90-30)*10", -10, 0]
				},
				"leg_left2": {
					"rotation": ["20+math.cos(q.anim_time*90+90)*10", 0, 0]
				},
				"knee_cloud_left5": {
					"rotation": ["math.cos(q.anim_time*90-30)*10", 0, "math.cos(q.anim_time*90*3)*10"]
				},
				"knee_cloud_left": {
					"rotation": ["math.cos(q.anim_time*90-30)*10", 0, "math.cos(q.anim_time*90*3-60)*10"]
				},
				"knee_cloud_left2": {
					"rotation": ["10+math.cos(q.anim_time*90-60)*10", 0, "math.cos(q.anim_time*90*3-120)*10"]
				},
				"foot_left": {
					"rotation": ["-25+math.cos(q.anim_time*90+150)*15", 0, 0]
				},
				"toe_left1": {
					"rotation": ["20+math.cos(q.anim_time*90+60)*15", 0, 0]
				},
				"toe_left1_2": {
					"rotation": ["25+math.cos(q.anim_time*90)*15", 0, 0]
				},
				"toe_left2": {
					"rotation": ["20+math.cos(q.anim_time*90+60)*15", 0, 0]
				},
				"toe_left2_1": {
					"rotation": ["25+math.cos(q.anim_time*90)*15", 0, 0]
				},
				"toe_left3": {
					"rotation": ["20+math.cos(q.anim_time*90+60)*15", 0, 0]
				},
				"toe_left3_2": {
					"rotation": ["25+math.cos(q.anim_time*90)*15", 0, 0]
				},
				"Body": {
					"rotation": ["5+math.cos(q.anim_time*90-60)*3", 0, 0],
					"position": [0, "1+math.cos(q.anim_time*90)", 0]
				}
			}
		},
		"animation.malevorus_therian.air_idle": {
			"loop": true,
			"animation_length": 4,
			"bones": {
				"hip_cloud_left": {
					"rotation": [0, 0, "-32.5+math.cos(q.anim_time*90*4)*3"]
				},
				"hip_cloud_left2": {
					"rotation": [0, 0, "math.cos(q.anim_time*90*4-60)*5"]
				},
				"hip_cloud_left3": {
					"rotation": [0, 0, "math.cos(q.anim_time*90*4-120)*5"]
				},
				"hip_cloud_left4": {
					"rotation": [0, 0, "math.cos(q.anim_time*90*4-180)*5"]
				},
				"hip_cloud_right": {
					"rotation": [0, 0, "32.5+math.cos(q.anim_time*90*4)*3"]
				},
				"hip_cloud_right2": {
					"rotation": [0, 0, "-(math.cos(q.anim_time*90*4-60)*5)"]
				},
				"hip_cloud_right3": {
					"rotation": [0, 0, "-(math.cos(q.anim_time*90*4-120)*5)"]
				},
				"hip_cloud_right4": {
					"rotation": [0, 0, "-(math.cos(q.anim_time*90*4-180)*5)"]
				},
				"body2": {
					"rotation": ["-47.5+math.cos(q.anim_time*90-30)*2", 0, 0]
				},
				"body3": {
					"rotation": ["-40+math.cos(q.anim_time*90)*2", 0, 0]
				},
				"body4": {
					"rotation": ["-30+math.cos(q.anim_time*90+30)*2", 0, 0]
				},
				"body5": {
					"rotation": ["-30+math.cos(q.anim_time*90+60)*2", 0, 0]
				},
				"torso": {
					"rotation": ["30+math.cos(q.anim_time*90+90)*2", 0, 0]
				},
				"arm_left": {
					"rotation": [-125.38482, "-14.6914+math.cos(q.anim_time*90-60)*5", "56.2576+math.cos(q.anim_time*90)*5"]
				},
				"arm_left2": {
					"rotation": [0, 0, "35+math.cos(q.anim_time*90)*5"]
				},
				"hand_left": {
					"rotation": [0, "8+math.cos(q.anim_time*90-180)*8", "55+math.cos(q.anim_time*90-60)*10"]
				},
				"claw_left1": {
					"rotation": [0, -57.5, 0]
				},
				"claw_left3": {
					"rotation": [0, 52.5, 0]
				},
				"hand_tail_left": {
					"rotation": [0, 0, "-65+math.cos(q.anim_time*90*6)*5"]
				},
				"arm_right": {
					"rotation": [-125.38482, "14.6914-math.cos(q.anim_time*90-60)*5", "-56.2576-math.cos(q.anim_time*90)*5"]
				},
				"arm_right2": {
					"rotation": [0, 0, "-35+math.cos(q.anim_time*90)*5"]
				},
				"hand_right": {
					"rotation": [0, "-8-math.cos(q.anim_time*90-180)*8", "-55-math.cos(q.anim_time*90-60)*10"]
				},
				"claw_right1": {
					"rotation": [0, 57.5, 0]
				},
				"claw_right3": {
					"rotation": [0, -52.5, 0]
				},
				"hand_tail_right": {
					"rotation": [0, 0, "65-math.cos(q.anim_time*90*6)*5"]
				},
				"neck1": {
					"rotation": ["37.5+math.cos(q.anim_time*90+120)*2", 0, 0]
				},
				"neck2": {
					"rotation": ["47.5+math.cos(q.anim_time*90+150)*2", 0, 0]
				},
				"neck3": {
					"rotation": ["22.5+math.cos(q.anim_time*90+180)*2", 0, 0]
				},
				"neck4": {
					"rotation": ["32.5+math.cos(q.anim_time*90+210)*2", 0, 0]
				},
				"head": {
					"rotation": ["math.cos(q.anim_time*90+270)*5", 0, 0]
				},
				"hair": {
					"rotation": ["-40+math.cos(q.anim_time*90*3-60)*5", 0, 0]
				},
				"hair_left": {
					"rotation": ["math.cos(q.anim_time*90*3-120)*5", 0, 0]
				},
				"hair_right": {
					"rotation": ["math.cos(q.anim_time*90*3-120)*5", 0, 0]
				},
				"moustache_left": {
					"rotation": [0, 0, "-5+math.cos(q.anim_time*90*4)*3"]
				},
				"moustache_left2": {
					"rotation": [0, 0, "math.cos(q.anim_time*90*4-60)*3"]
				},
				"moustache_left3": {
					"rotation": [0, 0, "math.cos(q.anim_time*90*4-120)*3"]
				},
				"moustache_right": {
					"rotation": [0, 0, "5-math.cos(q.anim_time*90*4)*3"]
				},
				"moustache_right2": {
					"rotation": [0, 0, "-math.cos(q.anim_time*90*4-60)*3"]
				},
				"moustache_right3": {
					"rotation": [0, 0, "-math.cos(q.anim_time*90*4-120)*3"]
				},
				"jaw": {
					"rotation": [20, 0, 0]
				},
				"tail1": {
					"rotation": ["20-math.cos(q.anim_time*90)*3", 0, "-math.cos(q.anim_time*90*2)*5"]
				},
				"tail2": {
					"rotation": ["20-math.cos(q.anim_time*90-30)*3", 0, "-math.cos(q.anim_time*90*2-30)*5"]
				},
				"tail3": {
					"rotation": ["20-math.cos(q.anim_time*90-60)*3", 0, "-math.cos(q.anim_time*90*2-60)*5"]
				},
				"tail4": {
					"rotation": ["-10-math.cos(q.anim_time*90-90)*3", 0, "-math.cos(q.anim_time*90*2-90)*5"]
				},
				"tail5": {
					"rotation": ["-10-math.cos(q.anim_time*90-120)*3", 0, "-math.cos(q.anim_time*90*2-120)*5"]
				},
				"tail6": {
					"rotation": ["-10-math.cos(q.anim_time*90-150)*3", 0, "-math.cos(q.anim_time*90*2-150)*5"]
				},
				"tail7": {
					"rotation": ["-10-math.cos(q.anim_time*90-180)*3", 0, "-math.cos(q.anim_time*90*2-180)*5"]
				},
				"tail8": {
					"rotation": ["-10-math.cos(q.anim_time*90-210)*3", 0, "-math.cos(q.anim_time*90*2-210)*5"]
				},
				"leg_right": {
					"rotation": ["-40-math.cos(q.anim_time*90-60)*10", 10, 0]
				},
				"leg_right2": {
					"rotation": ["20+math.cos(q.anim_time*90+60)*10", 0, 0]
				},
				"knee_cloud_right": {
					"rotation": ["math.cos(q.anim_time*90-60)*10", 0, "math.cos(q.anim_time*90*3-30)*10"]
				},
				"knee_cloud_right2": {
					"rotation": ["math.cos(q.anim_time*90-60)*10", 0, "math.cos(q.anim_time*90*3-90)*10"]
				},
				"knee_cloud_right3": {
					"rotation": ["10+math.cos(q.anim_time*90-60)*10", 0, "math.cos(q.anim_time*90*3-150)*10"]
				},
				"foot_right": {
					"rotation": ["-25+math.cos(q.anim_time*90+120)*15", 0, 0]
				},
				"toe_right1": {
					"rotation": ["20+math.cos(q.anim_time*90+30)*15", 0, 0]
				},
				"toe_right1_2": {
					"rotation": ["25+math.cos(q.anim_time*90-30)*15", 0, 0]
				},
				"toe_right2": {
					"rotation": ["20+math.cos(q.anim_time*90+30)*15", 0, 0]
				},
				"toe_right2_1": {
					"rotation": ["25+math.cos(q.anim_time*90-30)*15", 0, 0]
				},
				"toe_right3": {
					"rotation": ["20+math.cos(q.anim_time*90+30)*15", 0, 0]
				},
				"toe_right3_2": {
					"rotation": ["25+math.cos(q.anim_time*90-30)*15", 0, 0]
				},
				"leg_left": {
					"rotation": ["-40-math.cos(q.anim_time*90-30)*10", -10, 0]
				},
				"leg_left2": {
					"rotation": ["20+math.cos(q.anim_time*90+90)*10", 0, 0]
				},
				"knee_cloud_left5": {
					"rotation": ["math.cos(q.anim_time*90-30)*10", 0, "math.cos(q.anim_time*90*3)*10"]
				},
				"knee_cloud_left": {
					"rotation": ["math.cos(q.anim_time*90-30)*10", 0, "math.cos(q.anim_time*90*3-60)*10"]
				},
				"knee_cloud_left2": {
					"rotation": ["10+math.cos(q.anim_time*90-60)*10", 0, "math.cos(q.anim_time*90*3-120)*10"]
				},
				"foot_left": {
					"rotation": ["-25+math.cos(q.anim_time*90+150)*15", 0, 0]
				},
				"toe_left1": {
					"rotation": ["20+math.cos(q.anim_time*90+60)*15", 0, 0]
				},
				"toe_left1_2": {
					"rotation": ["25+math.cos(q.anim_time*90)*15", 0, 0]
				},
				"toe_left2": {
					"rotation": ["20+math.cos(q.anim_time*90+60)*15", 0, 0]
				},
				"toe_left2_1": {
					"rotation": ["25+math.cos(q.anim_time*90)*15", 0, 0]
				},
				"toe_left3": {
					"rotation": ["20+math.cos(q.anim_time*90+60)*15", 0, 0]
				},
				"toe_left3_2": {
					"rotation": ["25+math.cos(q.anim_time*90)*15", 0, 0]
				},
				"Body": {
					"rotation": ["5+math.cos(q.anim_time*90-60)*3", 0, 0],
					"position": [0, "math.cos(q.anim_time*90)", 0]
				}
			}
		},
		"animation.malevorus_therian.ground_walk": {
			"loop": true,
			"animation_length": 4,
			"bones": {
				"hip_cloud_left": {
					"rotation": [0, 0, "-32.5+math.cos(q.anim_time*90*4)*3"]
				},
				"hip_cloud_left2": {
					"rotation": [0, 0, "math.cos(q.anim_time*90*4-60)*5"]
				},
				"hip_cloud_left3": {
					"rotation": [0, 0, "math.cos(q.anim_time*90*4-120)*5"]
				},
				"hip_cloud_left4": {
					"rotation": [0, 0, "math.cos(q.anim_time*90*4-180)*5"]
				},
				"hip_cloud_right": {
					"rotation": [0, 0, "32.5+math.cos(q.anim_time*90*4)*3"]
				},
				"hip_cloud_right2": {
					"rotation": [0, 0, "-(math.cos(q.anim_time*90*4-60)*5)"]
				},
				"hip_cloud_right3": {
					"rotation": [0, 0, "-(math.cos(q.anim_time*90*4-120)*5)"]
				},
				"hip_cloud_right4": {
					"rotation": [0, 0, "-(math.cos(q.anim_time*90*4-180)*5)"]
				},
				"body2": {
					"rotation": ["-25+math.cos(q.anim_time*90-30)*2", 0, 0]
				},
				"body3": {
					"rotation": ["-25+math.cos(q.anim_time*90)*2", 0, 0]
				},
				"body4": {
					"rotation": ["-52.5+math.cos(q.anim_time*90+30)*2", 0, 0]
				},
				"body5": {
					"rotation": ["-32.5+math.cos(q.anim_time*90+60)*2", 0, 0]
				},
				"torso": {
					"rotation": ["20+math.cos(q.anim_time*90+90)*2", 0, 0]
				},
				"arm_left": {
					"rotation": [-125.38482, "-14.6914+math.cos(q.anim_time*90-60)*5", "56.2576+math.cos(q.anim_time*90)*5"]
				},
				"arm_left2": {
					"rotation": [0, 0, "35+math.cos(q.anim_time*90)*5"]
				},
				"hand_left": {
					"rotation": [0, "8+math.cos(q.anim_time*90-180)*8", "55+math.cos(q.anim_time*90-60)*10"]
				},
				"claw_left1": {
					"rotation": [0, -57.5, 0]
				},
				"claw_left3": {
					"rotation": [0, 52.5, 0]
				},
				"hand_tail_left": {
					"rotation": [0, 0, "-65+math.cos(q.anim_time*90*6)*5"]
				},
				"arm_right": {
					"rotation": [-125.38482, "14.6914-math.cos(q.anim_time*90-60)*5", "-56.2576-math.cos(q.anim_time*90)*5"]
				},
				"arm_right2": {
					"rotation": [0, 0, "-35+math.cos(q.anim_time*90)*5"]
				},
				"hand_right": {
					"rotation": [0, "-8-math.cos(q.anim_time*90-180)*8", "-55-math.cos(q.anim_time*90-60)*10"]
				},
				"claw_right1": {
					"rotation": [0, 57.5, 0]
				},
				"claw_right3": {
					"rotation": [0, -52.5, 0]
				},
				"hand_tail_right": {
					"rotation": [0, 0, "65-math.cos(q.anim_time*90*6)*5"]
				},
				"neck1": {
					"rotation": ["27.5+math.cos(q.anim_time*90+120)*2", 0, 0]
				},
				"neck2": {
					"rotation": ["47.5+math.cos(q.anim_time*90+150)*2", 0, 0]
				},
				"neck3": {
					"rotation": ["22.5+math.cos(q.anim_time*90+180)*2", 0, 0]
				},
				"neck4": {
					"rotation": ["32.5+math.cos(q.anim_time*90+210)*2", 0, 0]
				},
				"head": {
					"rotation": ["math.cos(q.anim_time*90+270)*5", 0, 0]
				},
				"hair": {
					"rotation": ["-40+math.cos(q.anim_time*90*3-60)*5", 0, 0]
				},
				"hair_left": {
					"rotation": ["math.cos(q.anim_time*90*3-120)*5", 0, 0]
				},
				"hair_right": {
					"rotation": ["math.cos(q.anim_time*90*3-120)*5", 0, 0]
				},
				"moustache_left": {
					"rotation": [0, 0, "-5+math.cos(q.anim_time*90*4)*3"]
				},
				"moustache_left2": {
					"rotation": [0, 0, "math.cos(q.anim_time*90*4-60)*3"]
				},
				"moustache_left3": {
					"rotation": [0, 0, "math.cos(q.anim_time*90*4-120)*3"]
				},
				"moustache_right": {
					"rotation": [0, 0, "5-math.cos(q.anim_time*90*4)*3"]
				},
				"moustache_right2": {
					"rotation": [0, 0, "-math.cos(q.anim_time*90*4-60)*3"]
				},
				"moustache_right3": {
					"rotation": [0, 0, "-math.cos(q.anim_time*90*4-120)*3"]
				},
				"jaw": {
					"rotation": [20, 0, 0]
				},
				"tail1": {
					"rotation": ["7.5-math.cos(q.anim_time*90)*3", 0, "0-math.cos(q.anim_time*90*2)*5"]
				},
				"tail2": {
					"rotation": ["-math.cos(q.anim_time*90-30)*3", 0, "-math.cos(q.anim_time*90*2-30)*5"]
				},
				"tail3": {
					"rotation": ["-math.cos(q.anim_time*90-60)*3", 0, "-math.cos(q.anim_time*90*2-60)*5"]
				},
				"tail4": {
					"rotation": ["-math.cos(q.anim_time*90-90)*3", 0, "-math.cos(q.anim_time*90*2-90)*5"]
				},
				"tail5": {
					"rotation": ["-math.cos(q.anim_time*90-120)*3", 0, "-math.cos(q.anim_time*90*2-120)*5"]
				},
				"tail6": {
					"rotation": ["-math.cos(q.anim_time*90-150)*3", 0, "-math.cos(q.anim_time*90*2-150)*5"]
				},
				"tail7": {
					"rotation": ["-math.cos(q.anim_time*90-180)*3", 0, "-math.cos(q.anim_time*90*2-180)*5"]
				},
				"tail8": {
					"rotation": ["-math.cos(q.anim_time*90-210)*3", 0, "-math.cos(q.anim_time*90*2-210)*5"]
				},
				"leg_right": {
					"rotation": ["-87.5-math.cos(q.anim_time*90-60)*10", 10, 0]
				},
				"leg_right2": {
					"rotation": ["20+math.cos(q.anim_time*90+60)*10", 0, 0]
				},
				"knee_cloud_right": {
					"rotation": ["math.cos(q.anim_time*90-60)*10", 0, "math.cos(q.anim_time*90*3-30)*10"]
				},
				"knee_cloud_right2": {
					"rotation": ["45+math.cos(q.anim_time*90-60)*10", 0, "math.cos(q.anim_time*90*3-90)*10"]
				},
				"knee_cloud_right3": {
					"rotation": ["10+math.cos(q.anim_time*90-60)*10", 0, "math.cos(q.anim_time*90*3-150)*10"]
				},
				"foot_right": {
					"rotation": ["12.5+math.cos(q.anim_time*90+120)*15", 0, 0]
				},
				"toe_right1": {
					"rotation": ["20+math.cos(q.anim_time*90+30)*15", 0, 0]
				},
				"toe_right1_2": {
					"rotation": ["25+math.cos(q.anim_time*90-30)*15", 0, 0]
				},
				"toe_right2": {
					"rotation": ["20+math.cos(q.anim_time*90+30)*15", 0, 0]
				},
				"toe_right2_1": {
					"rotation": ["25+math.cos(q.anim_time*90-30)*15", 0, 0]
				},
				"toe_right3": {
					"rotation": ["20+math.cos(q.anim_time*90+30)*15", 0, 0]
				},
				"toe_right3_2": {
					"rotation": ["25+math.cos(q.anim_time*90-30)*15", 0, 0]
				},
				"leg_left": {
					"rotation": ["-40-math.cos(q.anim_time*90-30)*10", -10, 0]
				},
				"leg_left2": {
					"rotation": ["5+math.cos(q.anim_time*90+90)*10", 0, 0]
				},
				"knee_cloud_left5": {
					"rotation": ["math.cos(q.anim_time*90-30)*10", 0, "math.cos(q.anim_time*90*3)*10"]
				},
				"knee_cloud_left": {
					"rotation": ["math.cos(q.anim_time*90-30)*10", 0, "math.cos(q.anim_time*90*3-60)*10"]
				},
				"knee_cloud_left2": {
					"rotation": ["10+math.cos(q.anim_time*90-60)*10", 0, "math.cos(q.anim_time*90*3-120)*10"]
				},
				"foot_left": {
					"rotation": ["-5+math.cos(q.anim_time*90+150)*15", 0, 0]
				},
				"toe_left1": {
					"rotation": ["20+math.cos(q.anim_time*90+60)*15", 0, 0]
				},
				"toe_left1_2": {
					"rotation": ["25+math.cos(q.anim_time*90)*15", 0, 0]
				},
				"toe_left2": {
					"rotation": ["20+math.cos(q.anim_time*90+60)*15", 0, 0]
				},
				"toe_left2_1": {
					"rotation": ["25+math.cos(q.anim_time*90)*15", 0, 0]
				},
				"toe_left3": {
					"rotation": ["20+math.cos(q.anim_time*90+60)*15", 0, 0]
				},
				"toe_left3_2": {
					"rotation": ["25+math.cos(q.anim_time*90)*15", 0, 0]
				},
				"Body": {
					"rotation": ["5+math.cos(q.anim_time*90-60)*5", 0, 0],
					"position": [0, "3.5+math.cos(q.anim_time*90)", "-math.cos(q.anim_time*90-60)*4"]
				}
			}
		},
		"animation.malevorus_therian.air_fly": {
			"loop": true,
			"animation_length": 4,
			"bones": {
				"hip_cloud_left": {
					"rotation": [0, 0, "-32.5+math.cos(q.anim_time*90*4)*3"]
				},
				"hip_cloud_left2": {
					"rotation": [0, 0, "math.cos(q.anim_time*90*4-60)*5"]
				},
				"hip_cloud_left3": {
					"rotation": [0, 0, "math.cos(q.anim_time*90*4-120)*5"]
				},
				"hip_cloud_left4": {
					"rotation": [0, 0, "math.cos(q.anim_time*90*4-180)*5"]
				},
				"hip_cloud_right": {
					"rotation": [0, 0, "32.5+math.cos(q.anim_time*90*4)*3"]
				},
				"hip_cloud_right2": {
					"rotation": [0, 0, "-(math.cos(q.anim_time*90*4-60)*5)"]
				},
				"hip_cloud_right3": {
					"rotation": [0, 0, "-(math.cos(q.anim_time*90*4-120)*5)"]
				},
				"hip_cloud_right4": {
					"rotation": [0, 0, "-(math.cos(q.anim_time*90*4-180)*5)"]
				},
				"body2": {
					"rotation": ["-25+math.cos(q.anim_time*90-30)*2", 0, 0]
				},
				"body3": {
					"rotation": ["-25+math.cos(q.anim_time*90)*2", 0, 0]
				},
				"body4": {
					"rotation": ["-52.5+math.cos(q.anim_time*90+30)*2", 0, 0]
				},
				"body5": {
					"rotation": ["-32.5+math.cos(q.anim_time*90+60)*2", 0, 0]
				},
				"torso": {
					"rotation": ["20+math.cos(q.anim_time*90+90)*2", 0, 0]
				},
				"arm_left": {
					"rotation": [-125.38482, "-14.6914+math.cos(q.anim_time*90-60)*5", "56.2576+math.cos(q.anim_time*90)*5"]
				},
				"arm_left2": {
					"rotation": [0, 0, "35+math.cos(q.anim_time*90)*5"]
				},
				"hand_left": {
					"rotation": [0, "8+math.cos(q.anim_time*90-180)*8", "55+math.cos(q.anim_time*90-60)*10"]
				},
				"claw_left1": {
					"rotation": [0, -57.5, 0]
				},
				"claw_left3": {
					"rotation": [0, 52.5, 0]
				},
				"hand_tail_left": {
					"rotation": [0, 0, "-65+math.cos(q.anim_time*90*6)*5"]
				},
				"arm_right": {
					"rotation": [-125.38482, "14.6914-math.cos(q.anim_time*90-60)*5", "-56.2576-math.cos(q.anim_time*90)*5"]
				},
				"arm_right2": {
					"rotation": [0, 0, "-35+math.cos(q.anim_time*90)*5"]
				},
				"hand_right": {
					"rotation": [0, "-8-math.cos(q.anim_time*90-180)*8", "-55-math.cos(q.anim_time*90-60)*10"]
				},
				"claw_right1": {
					"rotation": [0, 57.5, 0]
				},
				"claw_right3": {
					"rotation": [0, -52.5, 0]
				},
				"hand_tail_right": {
					"rotation": [0, 0, "65-math.cos(q.anim_time*90*6)*5"]
				},
				"neck1": {
					"rotation": ["27.5+math.cos(q.anim_time*90+120)*2", 0, 0]
				},
				"neck2": {
					"rotation": ["47.5+math.cos(q.anim_time*90+150)*2", 0, 0]
				},
				"neck3": {
					"rotation": ["22.5+math.cos(q.anim_time*90+180)*2", 0, 0]
				},
				"neck4": {
					"rotation": ["32.5+math.cos(q.anim_time*90+210)*2", 0, 0]
				},
				"head": {
					"rotation": ["math.cos(q.anim_time*90+270)*5", 0, 0]
				},
				"hair": {
					"rotation": ["-40+math.cos(q.anim_time*90*3-60)*5", 0, 0]
				},
				"hair_left": {
					"rotation": ["math.cos(q.anim_time*90*3-120)*5", 0, 0]
				},
				"hair_right": {
					"rotation": ["math.cos(q.anim_time*90*3-120)*5", 0, 0]
				},
				"moustache_left": {
					"rotation": [0, 0, "-5+math.cos(q.anim_time*90*4)*3"]
				},
				"moustache_left2": {
					"rotation": [0, 0, "math.cos(q.anim_time*90*4-60)*3"]
				},
				"moustache_left3": {
					"rotation": [0, 0, "math.cos(q.anim_time*90*4-120)*3"]
				},
				"moustache_right": {
					"rotation": [0, 0, "5-math.cos(q.anim_time*90*4)*3"]
				},
				"moustache_right2": {
					"rotation": [0, 0, "-math.cos(q.anim_time*90*4-60)*3"]
				},
				"moustache_right3": {
					"rotation": [0, 0, "-math.cos(q.anim_time*90*4-120)*3"]
				},
				"jaw": {
					"rotation": [20, 0, 0]
				},
				"tail1": {
					"rotation": ["7.5-math.cos(q.anim_time*90)*3", 0, "0-math.cos(q.anim_time*90*2)*5"]
				},
				"tail2": {
					"rotation": ["-math.cos(q.anim_time*90-30)*3", 0, "-math.cos(q.anim_time*90*2-30)*5"]
				},
				"tail3": {
					"rotation": ["-math.cos(q.anim_time*90-60)*3", 0, "-math.cos(q.anim_time*90*2-60)*5"]
				},
				"tail4": {
					"rotation": ["-math.cos(q.anim_time*90-90)*3", 0, "-math.cos(q.anim_time*90*2-90)*5"]
				},
				"tail5": {
					"rotation": ["-math.cos(q.anim_time*90-120)*3", 0, "-math.cos(q.anim_time*90*2-120)*5"]
				},
				"tail6": {
					"rotation": ["-math.cos(q.anim_time*90-150)*3", 0, "-math.cos(q.anim_time*90*2-150)*5"]
				},
				"tail7": {
					"rotation": ["-math.cos(q.anim_time*90-180)*3", 0, "-math.cos(q.anim_time*90*2-180)*5"]
				},
				"tail8": {
					"rotation": ["-math.cos(q.anim_time*90-210)*3", 0, "-math.cos(q.anim_time*90*2-210)*5"]
				},
				"leg_right": {
					"rotation": ["-87.5-math.cos(q.anim_time*90-60)*10", 10, 0]
				},
				"leg_right2": {
					"rotation": ["20+math.cos(q.anim_time*90+60)*10", 0, 0]
				},
				"knee_cloud_right": {
					"rotation": ["math.cos(q.anim_time*90-60)*10", 0, "math.cos(q.anim_time*90*3-30)*10"]
				},
				"knee_cloud_right2": {
					"rotation": ["45+math.cos(q.anim_time*90-60)*10", 0, "math.cos(q.anim_time*90*3-90)*10"]
				},
				"knee_cloud_right3": {
					"rotation": ["10+math.cos(q.anim_time*90-60)*10", 0, "math.cos(q.anim_time*90*3-150)*10"]
				},
				"foot_right": {
					"rotation": ["12.5+math.cos(q.anim_time*90+120)*15", 0, 0]
				},
				"toe_right1": {
					"rotation": ["20+math.cos(q.anim_time*90+30)*15", 0, 0]
				},
				"toe_right1_2": {
					"rotation": ["25+math.cos(q.anim_time*90-30)*15", 0, 0]
				},
				"toe_right2": {
					"rotation": ["20+math.cos(q.anim_time*90+30)*15", 0, 0]
				},
				"toe_right2_1": {
					"rotation": ["25+math.cos(q.anim_time*90-30)*15", 0, 0]
				},
				"toe_right3": {
					"rotation": ["20+math.cos(q.anim_time*90+30)*15", 0, 0]
				},
				"toe_right3_2": {
					"rotation": ["25+math.cos(q.anim_time*90-30)*15", 0, 0]
				},
				"leg_left": {
					"rotation": ["-40-math.cos(q.anim_time*90-30)*10", -10, 0]
				},
				"leg_left2": {
					"rotation": ["5+math.cos(q.anim_time*90+90)*10", 0, 0]
				},
				"knee_cloud_left5": {
					"rotation": ["math.cos(q.anim_time*90-30)*10", 0, "math.cos(q.anim_time*90*3)*10"]
				},
				"knee_cloud_left": {
					"rotation": ["math.cos(q.anim_time*90-30)*10", 0, "math.cos(q.anim_time*90*3-60)*10"]
				},
				"knee_cloud_left2": {
					"rotation": ["10+math.cos(q.anim_time*90-60)*10", 0, "math.cos(q.anim_time*90*3-120)*10"]
				},
				"foot_left": {
					"rotation": ["-5+math.cos(q.anim_time*90+150)*15", 0, 0]
				},
				"toe_left1": {
					"rotation": ["20+math.cos(q.anim_time*90+60)*15", 0, 0]
				},
				"toe_left1_2": {
					"rotation": ["25+math.cos(q.anim_time*90)*15", 0, 0]
				},
				"toe_left2": {
					"rotation": ["20+math.cos(q.anim_time*90+60)*15", 0, 0]
				},
				"toe_left2_1": {
					"rotation": ["25+math.cos(q.anim_time*90)*15", 0, 0]
				},
				"toe_left3": {
					"rotation": ["20+math.cos(q.anim_time*90+60)*15", 0, 0]
				},
				"toe_left3_2": {
					"rotation": ["25+math.cos(q.anim_time*90)*15", 0, 0]
				},
				"Body": {
					"rotation": ["5+math.cos(q.anim_time*90-60)*5", 0, 0],
					"position": [0, "math.cos(q.anim_time*90)", "-math.cos(q.anim_time*90-60)*4"]
				}
			}
		},
		"animation.malevorus_therian.pose": {
			"loop": true,
			"bones": {
				"FullTorso": {
					"rotation": [-2.5, 0, 0]
				},
				"body2": {
					"rotation": [-37.26251, -4.55749, -5.96275]
				},
				"body3": {
					"rotation": [-52.66131, 0.9334, 7.00497]
				},
				"body4": {
					"rotation": [-40, 0, 0]
				},
				"body5": {
					"rotation": [-32.5, 0, 0]
				},
				"torso": {
					"rotation": [42.26251, -4.55749, 5.96275]
				},
				"neck1": {
					"rotation": [54.75778, 4.81281, -5.7589]
				},
				"neck2": {
					"rotation": [42.39743, 2.86544, -4.09918]
				},
				"neck3": {
					"rotation": [55.22267, 4.02155, 6.33586]
				},
				"neck4": {
					"rotation": [45, 0, 0]
				},
				"head": {
					"rotation": [-35.36971, 31.63814, 14.89638]
				},
				"jaw": {
					"rotation": [20, 0, 0]
				},
				"tail1": {
					"rotation": [9.91615, -1.29876, 29.88733]
				},
				"tail2": {
					"rotation": [7.47178, -0.65182, 32.45744]
				},
				"tail3": {
					"rotation": [9.81594, 2.15393, 15.23242]
				},
				"leg_right": {
					"rotation": [0, 0, 12.5]
				},
				"leg_right2": {
					"rotation": [-12.5, 0, 0]
				},
				"foot_right": {
					"rotation": [-20, 0, 0]
				},
				"toe_right1_2": {
					"rotation": [55, 0, 0]
				},
				"toe_right2_1": {
					"rotation": [55, 0, 0]
				},
				"toe_right3_2": {
					"rotation": [55, 0, 0]
				},
				"leg_left": {
					"rotation": [0, 0, -15]
				},
				"leg_left2": {
					"rotation": [-12.5, 0, 0]
				},
				"foot_left": {
					"rotation": [-20, 0, 0]
				},
				"toe_left1_2": {
					"rotation": [55, 0, 0]
				},
				"toe_left2_1": {
					"rotation": [55, 0, 0]
				},
				"toe_left3_2": {
					"rotation": [55, 0, 0]
				},
				"arm_left": {
					"rotation": [-24.18586, -14.43867, 6.46546]
				},
				"arm_left2": {
					"rotation": [0, 65, 0]
				},
				"claw_left2": {
					"rotation": [0, 0, 55]
				},
				"hand_tail_left": {
					"rotation": [35.2867, 23.56608, 44.06512]
				},
				"claw_left1": {
					"rotation": [55, 0, 0]
				},
				"claw_left3": {
					"rotation": [-55, 0, 0]
				},
				"arm_right": {
					"rotation": [-26.33792, 26.95191, -17.85322]
				},
				"arm_right2": {
					"rotation": [0, -65, 0]
				},
				"hand_right": {
					"rotation": [0, -15, 0]
				},
				"claw_right1": {
					"rotation": [55, 0, 0]
				},
				"claw_right2": {
					"rotation": [0, 0, -55]
				},
				"claw_right3": {
					"rotation": [-55, 0, 0]
				},
				"hand_tail_right": {
					"rotation": [27.42891, -15.65347, -40.55115]
				},
				"tail4": {
					"rotation": [7.47864, -0.32621, 7.49294]
				},
				"tail5": {
					"rotation": [25, 0, 0]
				},
				"tail6": {
					"rotation": [20, 0, 0]
				},
				"tail7": {
					"rotation": [27.5, 0, 0]
				},
				"tail8": {
					"rotation": [10, 0, 0]
				},
				"hair": {
					"rotation": [-20, 0, 0]
				},
				"hip_cloud_left": {
					"rotation": [7.5, 0, 0]
				},
				"hip_cloud_left2": {
					"rotation": [12.39638, -1.61888, 7.32417]
				},
				"hip_cloud_left3": {
					"rotation": [-30, 0, 0]
				},
				"hip_cloud_left4": {
					"rotation": [35, 0, 0]
				},
				"hip_cloud_right": {
					"rotation": [10, 0, 0]
				},
				"hip_cloud_right2": {
					"rotation": [32.40109, -2.68407, 4.22005]
				},
				"hip_cloud_right3": {
					"rotation": [-47.5, 0, 0]
				},
				"hip_cloud_right4": {
					"rotation": [37.5, 0, 0]
				},
				"back_cloud": {
					"rotation": [35, 0, 0]
				},
				"pupil_left": {
					"position": [0, 0, 0.5]
				},
				"pupil_right": {
					"position": [0, 0, 0.5]
				},
				"knee_cloud_left": {
					"rotation": [25, 0, 0]
				},
				"knee_cloud_left2": {
					"rotation": [22.5, 0, 0]
				},
				"knee_cloud_right2": {
					"rotation": [30, 0, 0]
				},
				"knee_cloud_right3": {
					"rotation": [40, 0, 0]
				},
				"knee_cloud_right": {
					"rotation": [-12.5, 0, 0]
				},
				"knee_cloud_left5": {
					"rotation": [15, 0, 0]
				}
			}
		},
		"animation.malevorus_therian.blink": {
			"animation_length": 0.16667,
			"bones": {
				"eyelid_left": {
					"position": {
						"0.125": [0, 0.1, 0],
						"0.1667": [0, 0, 0]
					}
				},
				"eyelid_right": {
					"position": {
						"0.125": [0, 0.1, 0],
						"0.1667": [0, 0, 0]
					}
				}
			}
		}
	}
}