{
	"format_version": "1.8.0",
	"animations": {
		"animation.perrception.ground_idle": {
			"loop": true,
			"bones": {
				"torso": {
					"rotation": ["2.5+Math.cos((query.anim_time) * 90 * 1) * 1", 0, 0]
				},
				"tail": {
					"rotation": [-40.73074, "0+Math.cos((query.anim_time) * 90 * 1/2) * 10", 0]
				},
				"tail2": {
					"rotation": [31.50703, "0+Math.cos((query.anim_time) * 90 * 1/2 - 60) * 20", 10.72858]
				},
				"tail3": {
					"rotation": [21.50703, "0+Math.cos((query.anim_time) * 90 * 1/2 - 120) * 20", 0]
				},
				"tail4": {
					"rotation": [32.5, "0+Math.cos((query.anim_time) * 90 * 1/2 - 180) * 20", "0+Math.cos((query.anim_time) * 90 * 1/2 - 180) * 20"]
				},
				"tail5": {
					"rotation": [17.5, "0+Math.cos((query.anim_time) * 90 * 1/2 - 240) * 20", 0]
				},
				"tail6": {
					"rotation": [40, "0+Math.cos((query.anim_time) * 90 * 1/2 - 300) * 30", 0]
				},
				"tail7": {
					"rotation": [27.5, "0+Math.cos((query.anim_time) * 90 * 1/2 - 360) * 20", 0]
				},
				"chest": {
					"rotation": ["-5+Math.cos((query.anim_time) * 90 * 1 - 45) * -1", 0, 0]
				},
				"neck_tail": {
					"rotation": [-47.5, 0, 0]
				},
				"neck_tail2": {
					"rotation": ["27.5+Math.cos((query.anim_time) * 90 * 1 - 60) * 5", 0, 40]
				},
				"neck_tail3": {
					"rotation": [18.74227, -12.67956, 5.39913]
				},
				"neck": {
					"rotation": [-67.5, 0, 0]
				},
				"head": {
					"rotation": ["-20+Math.cos((query.anim_time) * 90 * 1 - 45) * 2", 0, 0]
				},
				"ear_right": {
					"rotation": [0, "20+Math.cos((query.anim_time) * 90 * 1 - 60) * 5", 0]
				},
				"ear_left": {
					"rotation": [0, "-20+Math.cos((query.anim_time) * 90 * 1 - 60) * -5", 0]
				},
				"leg_front_left": {
					"rotation": ["2.5606+Math.cos((query.anim_time) * 90 * 1) * -1", -12.48791, -0.55404],
					"position": [0, "0.5+Math.cos((query.anim_time) * 90 * 1) * 0.15", 0]
				},
				"leg_front_left2": {
					"rotation": [-15, 0, 0]
				},
				"paw_front_left": {
					"rotation": [12.5, 0, 0]
				},
				"leg_front_right": {
					"rotation": ["2.5606+Math.cos((query.anim_time) * 90 * 1) * -1", 12.48791, 0.55404],
					"position": [0, "0.5+Math.cos((query.anim_time) * 90 * 1) * 0.15", 0]
				},
				"leg_front_right2": {
					"rotation": [-15, 0, 0]
				},
				"paw_front_right": {
					"rotation": [12.5, 0, 0]
				},
				"leg_back_left": {
					"rotation": [-2.53852, -9.99038, 0.44067],
					"position": [0, -0.25, 0]
				},
				"leg_back_left2": {
					"rotation": [-17.5, 0, 0]
				},
				"paw_back_left": {
					"rotation": [17.5, 0, 0]
				},
				"leg_back_right": {
					"rotation": [-2.53852, 9.99038, -0.44067],
					"position": [0, -0.25, 0]
				},
				"leg_back_right2": {
					"rotation": [-17.5, 0, 0]
				},
				"paw_back_right": {
					"rotation": [17.5, 0, 0]
				},
				"bell1": {
					"position": [0, 0, 4]
				},
				"bell2": {
					"position": [-3, 0, 6]
				},
				"bell3": {
					"position": [3, 0, 6]
				},
				"bell4": {
					"position": [0, 0, 4]
				}
			}
		},
		"animation.perrception.ground_walk": {
			"loop": true,
			"animation_length": 1,
			"bones": {
				"torso": {
					"rotation": ["0+Math.cos((query.anim_time) * 90 * 4*2 - 90) * 1", 0, "0+Math.cos((query.anim_time) * 90 * 4) * -4"],
					"position": [0, "0+Math.cos((query.anim_time) * 90 * 4*2) * 0.3", 0]
				},
				"tail": {
					"rotation": ["-25+Math.cos((query.anim_time) * 90 * 4*2 - 45) * 3", "0+Math.cos((query.anim_time) * 90 * 4 - 90) * 5", 0]
				},
				"tail2": {
					"rotation": ["20+Math.cos((query.anim_time) * 90 * 4*2 - 135) * 5", "0+Math.cos((query.anim_time) * 90 * 4 - 180) * 8", 0]
				},
				"tail3": {
					"rotation": ["20+Math.cos((query.anim_time) * 90 * 4*2 - 225) * 6", "0+Math.cos((query.anim_time) * 90 * 4 - 270) * 13", 0]
				},
				"tail4": {
					"rotation": ["20+Math.cos((query.anim_time) * 90 * 4*2 - 315) * 16", "0+Math.cos((query.anim_time) * 90 * 4 - 360) * 16", 0]
				},
				"tail5": {
					"rotation": ["22.6289+Math.cos((query.anim_time) * 90 * 4*2 - 405) * 15", "Math.cos((query.anim_time) * 90 * 4 - 450) * 12", 0]
				},
				"tail6": {
					"rotation": ["20+Math.cos((query.anim_time) * 90 * 4*2 - 495) * 25", "0+Math.cos((query.anim_time) * 90 * 4 - 540) * 5", 0]
				},
				"tail7": {
					"rotation": ["37.5+Math.cos((query.anim_time) * 90 * 4*2 - 585) * 10", 0, 0]
				},
				"chest": {
					"rotation": ["0+Math.cos((query.anim_time) * 90 * 4*2 - 45) * 2", 0, "0+Math.cos((query.anim_time) * 90 * 4 - 45) * 4"]
				},
				"neck_tail": {
					"rotation": [-47.5, 0, 0],
					"position": [0, "0.5+Math.cos((query.anim_time) * 90 * 4*2 - 45) * 0.3", 0]
				},
				"neck_tail2": {
					"rotation": ["40+Math.cos((query.anim_time) * 90 * 4*2 - 45) * -5", 0, 17.5]
				},
				"neck_tail3": {
					"rotation": ["30+Math.cos((query.anim_time) * 90 * 4*2 - 90) * -5", 0, 0]
				},
				"neck": {
					"rotation": [-67.5, 0, 0]
				},
				"head": {
					"rotation": ["-20+Math.cos((query.anim_time) * 90 * 4*2 - 90) * -3", "0+Math.cos((query.anim_time) * 90 * 4) * -2", 0]
				},
				"ear_right": {
					"rotation": [-20, "25+Math.cos((query.anim_time) * 90 * 4*2 - 150) * 5", 0]
				},
				"ear_left": {
					"rotation": [-20, "-25+Math.cos((query.anim_time) * 90 * 4*2 - 150) * -5", 0]
				},
				"leg_front_left": {
					"rotation": {
						"0.0": [-22.5, 0, 0],
						"0.125": [-17.71, 0, 0],
						"0.375": [21.88, 0, 0],
						"0.5": [30, 0, 0],
						"0.6667": [21.25, 0, 0],
						"0.9167": [-17.71, 0, 0],
						"1.0": [-22.5, 0, 0]
					},
					"position": {
						"0.0": [0, 0, 0],
						"0.125": [0, 0.25, 0],
						"0.25": [0, 0.75, 0],
						"0.4583": [0, 0.25, 0],
						"0.5833": [0, 0.38, 0],
						"0.7083": [0, 1, 0],
						"0.9167": [0, 0.75, 0],
						"1.0": [0, 0, 0]
					}
				},
				"leg_front_left2": {
					"rotation": {
						"0.0": [-18.5, 0, 0],
						"0.1667": [-9.83, 0, 0],
						"0.375": [-21.5, 0, 0],
						"0.625": [-64.67, 0, 0],
						"0.75": [-75, 0, 0],
						"0.9167": [-45, 0, 0],
						"1.0": [-18.5, 0, 0]
					}
				},
				"paw_front_left": {
					"rotation": {
						"0.0": [27.5, 0, 0],
						"0.1667": [18.33, 0, 0],
						"0.3333": [1.67, 0, 0],
						"0.5": [30, 0, 0],
						"0.7917": [61.04, 0, 0],
						"1.0": [27.5, 0, 0]
					}
				},
				"leg_front_right": {
					"rotation": {
						"0.0": [30, 0, 0],
						"0.1667": [21.25, 0, 0],
						"0.4167": [-17.71, 0, 0],
						"0.5": [-22.5, 0, 0],
						"0.625": [-17.71, 0, 0],
						"0.875": [21.88, 0, 0],
						"1.0": [30, 0, 0]
					},
					"position": {
						"0.0": [0, 0.29, 0],
						"0.0833": [0, 0.38, 0],
						"0.2083": [0, 1, 0],
						"0.4167": [0, 0.75, 0],
						"0.5": [0, 0, 0],
						"0.625": [0, 0.25, 0],
						"0.75": [0, 0.75, 0],
						"0.9583": [0, 0.25, 0],
						"1.0": [0, 0.29, 0]
					}
				},
				"leg_front_right2": {
					"rotation": {
						"0.0": [-43.08, 0, 0],
						"0.125": [-64.67, 0, 0],
						"0.25": [-75, 0, 0],
						"0.4167": [-45, 0, 0],
						"0.5": [-18.5, 0, 0],
						"0.6667": [-9.83, 0, 0],
						"0.875": [-21.5, 0, 0],
						"1.0": [-43.08, 0, 0]
					}
				},
				"paw_front_right": {
					"rotation": {
						"0.0": [30, 0, 0],
						"0.2917": [61.04, 0, 0],
						"0.5": [27.5, 0, 0],
						"0.6667": [18.33, 0, 0],
						"0.8333": [1.67, 0, 0],
						"1.0": [30, 0, 0]
					}
				},
				"leg_back_left": {
					"rotation": {
						"0.0": [30, 0, 0],
						"0.1667": [21.25, 0, 0],
						"0.4167": [-17.71, 0, 0],
						"0.5": [-22.5, 0, 0],
						"0.625": [-17.71, 0, 0],
						"0.875": [21.88, 0, 0],
						"1.0": [30, 0, 0]
					},
					"position": {
						"0.0": [0, 0.29, 0],
						"0.0833": [0, 0.38, 0],
						"0.2083": [0, 1, 0],
						"0.4167": [0, 0.75, 0],
						"0.5": [0, 0, 0],
						"0.625": [0, 0.25, 0],
						"0.75": [0, 0.75, 0],
						"0.9583": [0, 0.25, 0],
						"1.0": [0, 0.29, 0]
					}
				},
				"leg_back_left2": {
					"rotation": {
						"0.0": [-31.83, 0, 0],
						"0.125": [-42.17, 0, 0],
						"0.25": [-47.75, 0, 0],
						"0.4167": [-33.25, 0, 0],
						"0.5": [-18.5, 0, 0],
						"0.6667": [-9.83, 0, 0],
						"0.875": [-21.5, 0, 0],
						"1.0": [-31.83, 0, 0]
					}
				},
				"paw_back_left": {
					"rotation": {
						"0.0": [25, 0, 0],
						"0.2083": [50, 0, 0],
						"0.5": [0, 0, 0],
						"0.75": [12.5, 0, 0],
						"1.0": [25, 0, 0]
					}
				},
				"leg_back_right": {
					"rotation": {
						"0.0": [-22.5, 0, 0],
						"0.125": [-17.71, 0, 0],
						"0.375": [21.88, 0, 0],
						"0.5": [30, 0, 0],
						"0.6667": [21.25, 0, 0],
						"0.9167": [-17.71, 0, 0],
						"1.0": [-22.5, 0, 0]
					},
					"position": {
						"0.0": [0, 0, 0],
						"0.125": [0, 0.25, 0],
						"0.25": [0, 0.75, 0],
						"0.4583": [0, 0.25, 0],
						"0.5833": [0, 0.38, 0],
						"0.7083": [0, 1, 0],
						"0.9167": [0, 0.75, 0],
						"1.0": [0, 0, 0]
					}
				},
				"leg_back_right2": {
					"rotation": {
						"0.0": [-18.5, 0, 0],
						"0.1667": [-9.83, 0, 0],
						"0.375": [-21.5, 0, 0],
						"0.625": [-42.17, 0, 0],
						"0.75": [-47.75, 0, 0],
						"0.9167": [-33.25, 0, 0],
						"1.0": [-18.5, 0, 0]
					}
				},
				"paw_back_right": {
					"rotation": {
						"0.0": [0, 0, 0],
						"0.25": [12.5, 0, 0],
						"0.5": [25, 0, 0],
						"0.7083": [50, 0, 0],
						"1.0": [0, 0, 0]
					}
				},
				"bell1": {
					"rotation": ["0+Math.cos((query.anim_time) * 90 * 4*2 - 135) * -10", 0, 0],
					"position": [0, "0+Math.cos((query.anim_time) * 90 * 4*2 - 45) * 0.5", 5]
				},
				"bell2": {
					"rotation": ["0+Math.cos((query.anim_time) * 90 * 4*2 - 225) * -10", 0, 0],
					"position": [-3, "0+Math.cos((query.anim_time) * 90 * 4*2 - 75) * 0.5", 6]
				},
				"bell3": {
					"rotation": ["0+Math.cos((query.anim_time) * 90 * 4*2 - 225) * -10", 0, 0],
					"position": [3, "0+Math.cos((query.anim_time) * 90 * 4*2 - 45) * 0.5", 5]
				},
				"bell4": {
					"rotation": ["0+Math.cos((query.anim_time) * 90 * 4*2 - 135) * -10", 0, 0],
					"position": [0, "0+Math.cos((query.anim_time) * 90 * 4*2 - 45) * 0.5", 5]
				},
				"main_body": {
					"position": [0, -1, 0]
				}
			}
		},
		"animation.perrception.sleep": {
			"loop": true,
			"bones": {
				"torso": {
					"rotation": ["0+Math.cos((query.anim_time) * 90 * 1) * 1", 0, 0],
					"position": [0, -1, 0]
				},
				"tail": {
					"rotation": ["-7.5+Math.cos((query.anim_time) * 90 * 1) * -1", 35, 5]
				},
				"tail2": {
					"rotation": [45, -10, 87.5]
				},
				"tail3": {
					"rotation": [40, 0, 0]
				},
				"tail4": {
					"rotation": [42.5, 0, 0]
				},
				"tail5": {
					"rotation": [35, 0, 0]
				},
				"tail6": {
					"rotation": [12.5, 0, 0]
				},
				"tail7": {
					"rotation": [15, 0, 0]
				},
				"chest": {
					"rotation": ["0+Math.cos((query.anim_time) * 90 * 1) * -2", 15, 0]
				},
				"neck_tail": {
					"rotation": [-52.5, 0, 0]
				},
				"neck_tail2": {
					"rotation": ["-25+Math.cos((query.anim_time) * 90 * 1) * 2", 0, 37.5]
				},
				"neck_tail3": {
					"rotation": [12.5, 0, 20]
				},
				"head": {
					"rotation": ["-75+Math.cos((query.anim_time) * 90 * 1 - 90) * -1", 15, 7.5],
					"position": [0, 1, 1.75]
				},
				"eyelid_right": {
					"position": [-0.1, -0.1, 0]
				},
				"eyelid_left": {
					"position": [0.1, -0.1, 0]
				},
				"ear_right": {
					"rotation": [30, "52.5+Math.cos((query.anim_time) * 90 * 1 - 130) * -3", 17.5]
				},
				"ear_left": {
					"rotation": [30, "-52.5+Math.cos((query.anim_time) * 90 * 1 - 130) * 3", -17.5]
				},
				"leg_front_left": {
					"rotation": [77.5, 5, -17.5],
					"position": [0, "1+Math.cos((query.anim_time) * 90 * 1) * 0.1", 0]
				},
				"leg_front_left2": {
					"rotation": [-122.5, 0, 0],
					"position": [0, 0, -1]
				},
				"paw_front_left": {
					"rotation": [32.5, 0, 0]
				},
				"leg_front_right": {
					"rotation": [77.5, -5, 17.5],
					"position": [0, "1+Math.cos((query.anim_time) * 90 * 1) * 0.1", 0]
				},
				"leg_front_right2": {
					"rotation": [-122.5, 0, 0],
					"position": [0, 0, -1]
				},
				"paw_front_right": {
					"rotation": [32.5, 0, 0]
				},
				"leg_back_left": {
					"rotation": [67.28625, -0.2414, -38.48714]
				},
				"leg_back_left2": {
					"rotation": [-77.5, 0, 0]
				},
				"paw_back_left": {
					"rotation": [0, 0, 20]
				},
				"leg_back_right": {
					"rotation": [67.28625, 0.2414, 38.48714]
				},
				"leg_back_right2": {
					"rotation": [-77.5, 0, 0]
				},
				"paw_back_right": {
					"rotation": [0, 0, -20]
				},
				"bell1": {
					"position": [0, -4, 0]
				},
				"bell2": {
					"rotation": [0, -40, 0],
					"position": [-2, -12, -2]
				},
				"bell3": {
					"rotation": [0, 27.5, 0],
					"position": [1, -12, 0]
				},
				"bell4": {
					"rotation": [-37.5, 0, 87.5],
					"position": [0, -5.75, 0]
				},
				"body": {
					"position": [0, -6, 0]
				}
			}
		},
		"animation.perrception.faint": {
			"loop": true,
			"animation_length": 3,
			"bones": {
				"tail": {
					"rotation": {
						"0.0": [-25, 0, 0],
						"0.4167": [-35, 0, 0],
						"1.1667": [-35, 0, 0],
						"1.375": [-5, 0, 0]
					}
				},
				"tail2": {
					"rotation": {
						"0.0": [27.5, 0, 0],
						"0.5": [17.5, 0, 0],
						"0.9167": [7.5, -7.5, -22.5],
						"1.2917": [7.5, -7.5, -12.5]
					}
				},
				"tail3": {
					"rotation": {
						"0.0": [27.5, 0, 0],
						"0.5833": [15, 0, 0],
						"1.25": [15, 0, 0],
						"1.4167": [5, -17.5, 0],
						"1.4583": [5, -17.5, -12.14],
						"1.7083": [5, -17.5, 2.5],
						"1.7917": [5, -17.5, 5]
					}
				},
				"tail4": {
					"rotation": {
						"0.0": [27.5, 0, 0],
						"0.6667": [15.47415, 2.21195, 2.38122],
						"0.75": [13.08099, 2.72336, 2.79963],
						"1.3333": [13.08099, 2.72336, 2.79963],
						"1.5417": [-1.92, -22.28, 2.8]
					}
				},
				"tail5": {
					"rotation": {
						"0.0": [27.5, 0, 0],
						"0.75": [7.5, 0, 0],
						"1.5417": [7.5, -25, 0]
					}
				},
				"tail6": {
					"rotation": {
						"0.0": [27.5, 0, 0],
						"0.8333": [10, 0, 0],
						"1.5417": [0, -25, 0]
					}
				},
				"tail7": {
					"rotation": {
						"0.0": [27.5, 0, 0],
						"0.9167": [2.5, 0, 0],
						"1.7917": [2.5, -30, 0]
					}
				},
				"chest": {
					"rotation": {
						"2.1667": [0, 0, 0],
						"2.3333": {
							"pre": [5, 0, 0],
							"post": [5, 0, 0],
							"lerp_mode": "catmullrom"
						},
						"2.5": {
							"post": [1, 0, 0],
							"lerp_mode": "catmullrom"
						},
						"2.6667": [0, 0, 0]
					}
				},
				"neck_tail": {
					"rotation": {
						"0.0": [-47.5, 0, 0],
						"1.2083": [-47.5, 0, 0],
						"1.2917": [0, 0, 0]
					},
					"position": {
						"1.125": [0, 0, 0],
						"1.2083": [-2, 0, 0],
						"1.2917": [0, -2, 0]
					}
				},
				"neck_tail2": {
					"rotation": {
						"0.0": [27.5, 0, 20],
						"0.4583": {
							"pre": [27.5, 0, 27.5],
							"post": [27.5, 0, 27.5],
							"lerp_mode": "catmullrom"
						},
						"0.8333": [27.5, 0, 15],
						"1.0833": [27.5, 0, 10],
						"1.1667": [27.5, 0, 22.5],
						"1.375": [10, 0, -45],
						"1.5417": [25, 0, 51.25],
						"1.7083": [30.5, 0, 58.25],
						"1.875": [25.5, 0, 58.25]
					}
				},
				"neck_tail3": {
					"rotation": {
						"0.0": [22.5, 0, 0],
						"1.25": [22.5, 0, 0],
						"1.4167": [22.5, 0, -50],
						"1.6667": [22.5, 0, 45],
						"1.875": [22.5, 0, 30],
						"2.0833": [22.5, 0, 25]
					}
				},
				"neck": {
					"rotation": {
						"0.0": [-52.5, 0, 0],
						"1.125": [-52.5, 0, 0],
						"1.25": [-5, 0, 30],
						"1.375": [2.5, 0, 0]
					}
				},
				"head": {
					"rotation": {
						"0.0": [-37.5, 0, 0],
						"0.1667": {
							"pre": [-12.5, 0, -12.5],
							"post": [-12.5, 0, -12.5],
							"lerp_mode": "catmullrom"
						},
						"0.2917": {
							"post": [-30.98, 2.5, 10.47],
							"lerp_mode": "catmullrom"
						},
						"0.4167": {
							"post": [-45, 5, 20],
							"lerp_mode": "catmullrom"
						},
						"0.6667": {
							"post": [-52.25, 5, 20],
							"lerp_mode": "catmullrom"
						},
						"0.9583": {
							"post": [-50, 5, 20],
							"lerp_mode": "catmullrom"
						},
						"1.0833": {
							"post": [-50, 12, 20],
							"lerp_mode": "catmullrom"
						},
						"1.2083": {
							"post": [-51, 30, 0],
							"lerp_mode": "catmullrom"
						},
						"1.2917": [-10, 0, 0],
						"1.8333": {
							"pre": [-10, 0, -5],
							"post": [-10, 0, -5],
							"lerp_mode": "catmullrom"
						},
						"2.1667": {
							"post": [-12.5, 0, -5],
							"lerp_mode": "catmullrom"
						},
						"2.25": {
							"post": [-7.5, 0, -5],
							"lerp_mode": "catmullrom"
						},
						"2.4167": [-3, 0, -5],
						"2.6667": [-1.5, 0, -5]
					}
				},
				"eyelid_right": {
					"position": {
						"0.0": [-0.1, -0.1, 0],
						"0.25": [-0.1, -0.1, 0],
						"0.2917": [0, 0, 0],
						"1.0833": [0, 0, 0],
						"1.125": [-0.1, -0.1, 0]
					}
				},
				"eyelid_left": {
					"position": {
						"0.0": [0.1, -0.1, 0],
						"0.25": [0.1, -0.1, 0],
						"0.2917": [0, 0, 0],
						"1.0833": [0, 0, 0],
						"1.125": [0.1, -0.1, 0]
					}
				},
				"ear_right": {
					"rotation": [0, 20, 0]
				},
				"ear_left": {
					"rotation": [0, -20, 0]
				},
				"leg_front_left": {
					"rotation": {
						"0.0": [0, 0, 0],
						"0.4167": [17.33, 0, -8.67],
						"0.625": [20, 0, -10],
						"1.0417": [20, 0, -12.5],
						"1.1667": [20, 0, 22.5],
						"1.375": [20, 0, -30],
						"1.5": [20, 0, -1.25],
						"1.75": [20, 0, 5.75],
						"1.9167": [20, 0, 3.75],
						"2.0833": {
							"pre": [-1.67, 0, -7.5],
							"post": [-1.67, 0, -7.5],
							"lerp_mode": "catmullrom"
						},
						"2.1667": {
							"post": [-5, 0, -10],
							"lerp_mode": "catmullrom"
						},
						"2.25": {
							"post": [-2.5, 0, -10],
							"lerp_mode": "catmullrom"
						},
						"2.3333": {
							"post": [22.5, 0, -10],
							"lerp_mode": "catmullrom"
						},
						"2.5": {
							"post": [30, 0, -10],
							"lerp_mode": "catmullrom"
						},
						"2.625": [25, 0, -10]
					}
				},
				"leg_front_left2": {
					"rotation": {
						"0.0": [0, 0, 0],
						"0.4167": [-21.67, 0, 0],
						"0.625": [-25, 0, 0],
						"1.875": [-25, 0, 0],
						"2.0": {
							"pre": [-17.5, 0, 0],
							"post": [-17.5, 0, 0],
							"lerp_mode": "catmullrom"
						},
						"2.1667": {
							"post": [-35, 0, 0],
							"lerp_mode": "catmullrom"
						},
						"2.3333": {
							"post": [-37.5, 0, 0],
							"lerp_mode": "catmullrom"
						},
						"2.5": {
							"post": [-20, 0, 0],
							"lerp_mode": "catmullrom"
						},
						"2.6667": {
							"post": [-15, 0, 0],
							"lerp_mode": "catmullrom"
						},
						"2.875": [-35, 0, 0]
					}
				},
				"leg_front_right": {
					"rotation": {
						"0.0": [0, 0, 0],
						"0.4167": [16.07, 0, 20.54],
						"0.5833": [22.5, 0, 25.25],
						"0.9167": [22.5, 0.67, 32.5],
						"1.0833": [22.5, 1, 35],
						"1.2083": [22.5, 1, 55],
						"1.5417": [22.5, 0, 65],
						"1.7917": [22.5, 0, 52.5]
					}
				},
				"leg_front_right2": {
					"rotation": {
						"0.0": [0, 0, 0],
						"0.5833": [-65, 0, 0]
					}
				},
				"leg_back_left": {
					"rotation": {
						"0.0": [0, 0, 0],
						"0.4167": [17.33, 0, -8.67],
						"0.625": [20, 0, -10],
						"1.0417": [20, 0, -12.5],
						"1.1667": [20, 0, 22.5],
						"1.375": [20, 0, -20],
						"1.5": [20, 0, -12.5],
						"1.75": [20, 0, -20],
						"1.9167": [20, 0, -35],
						"2.125": [20, 0, -40]
					}
				},
				"leg_back_left2": {
					"rotation": {
						"0.0": [0, 0, 0],
						"0.4167": [-21.67, 0, 0],
						"0.625": [-25, 0, 0],
						"1.375": [-25, 0, 0],
						"1.5833": {
							"pre": [-64, 0, 0],
							"post": [-64, 0, 0],
							"lerp_mode": "catmullrom"
						},
						"1.8333": {
							"post": [-59, 0, 0],
							"lerp_mode": "catmullrom"
						},
						"2.0833": [-56.5, 0, 0]
					}
				},
				"leg_back_right": {
					"rotation": {
						"0.0": [0, 0, 0],
						"0.4167": [41.07, 0, 20.54],
						"0.5833": [47.5, 0, 25.25],
						"1.0417": [51.75, 0.67, 32.5],
						"1.2083": [51.75, 1, 35],
						"1.3333": [51.75, 1, 55],
						"1.6667": [51.75, 0, 65],
						"1.9167": [51.75, 0, 52.5]
					}
				},
				"leg_back_right2": {
					"rotation": {
						"0.0": [0, 0, 0],
						"0.375": {
							"pre": [-22.5, 0, 0],
							"post": [-22.5, 0, 0],
							"lerp_mode": "catmullrom"
						},
						"0.75": {
							"post": [-57.25, 0, 0],
							"lerp_mode": "catmullrom"
						},
						"0.9167": [-60, 0, 0]
					}
				},
				"bell1": {
					"rotation": {
						"0.0": [0, 0, 0],
						"0.0833": [-57.5, 0, 0],
						"0.1667": [-85, 0, 0],
						"0.5417": [-262.5, 0, 0],
						"0.5833": [-270, 0, 0],
						"0.6667": [-267.5, 0, 0]
					},
					"position": {
						"0.0": {
							"post": [0, 0, 0],
							"lerp_mode": "catmullrom"
						},
						"0.0833": {
							"post": [0, -1, 3.75],
							"lerp_mode": "catmullrom"
						},
						"0.1667": {
							"post": [0, -12, 4.75],
							"lerp_mode": "catmullrom"
						},
						"0.2083": {
							"post": [0, -7, 7.25],
							"lerp_mode": "catmullrom"
						},
						"0.3333": {
							"post": [0, -6, 9.75],
							"lerp_mode": "catmullrom"
						},
						"0.5": {
							"post": [0, -7, 11.5],
							"lerp_mode": "catmullrom"
						},
						"0.5833": [0, -12, 11.75]
					}
				},
				"bell2": {
					"rotation": {
						"0.0": [0, 0, 0],
						"0.2917": {
							"pre": [-47.5, 0, -40],
							"post": [-47.5, 0, -40],
							"lerp_mode": "catmullrom"
						},
						"0.7083": {
							"post": [12.5, 0, 15],
							"lerp_mode": "catmullrom"
						},
						"1.0417": {
							"post": [0, 0, 0],
							"lerp_mode": "catmullrom"
						},
						"1.2917": {
							"post": [0, 0, 22.5],
							"lerp_mode": "catmullrom"
						},
						"1.625": {
							"post": [0, 0, 75],
							"lerp_mode": "catmullrom"
						},
						"1.9167": {
							"post": [0, 0, -7.25],
							"lerp_mode": "catmullrom"
						},
						"2.0417": {
							"post": [-7.25, 0, 0],
							"lerp_mode": "catmullrom"
						},
						"2.1667": {
							"post": [-22, 0, 0],
							"lerp_mode": "catmullrom"
						},
						"2.3333": {
							"post": [-40.75, 0, 0],
							"lerp_mode": "catmullrom"
						},
						"2.5417": {
							"post": [40, 0, 0],
							"lerp_mode": "catmullrom"
						},
						"2.6667": {
							"post": [43.75, 0, 0],
							"lerp_mode": "catmullrom"
						},
						"2.75": {
							"post": [26, 0, 0],
							"lerp_mode": "catmullrom"
						},
						"2.8333": {
							"post": [3, 0, 0],
							"lerp_mode": "catmullrom"
						},
						"3.0": [-5, 0, 0]
					},
					"position": {
						"0.0": [0, 0, 0],
						"0.125": {
							"pre": [-2, 1, 2],
							"post": [-2, 1, 2],
							"lerp_mode": "catmullrom"
						},
						"0.5417": {
							"post": [-4, 2.25, 6],
							"lerp_mode": "catmullrom"
						},
						"1.0417": {
							"post": [-5, 2.5, 7],
							"lerp_mode": "catmullrom"
						},
						"1.375": {
							"post": [-4, 1.5, 7],
							"lerp_mode": "catmullrom"
						},
						"1.5": {
							"post": [-2.09, 0.34, 7],
							"lerp_mode": "catmullrom"
						},
						"1.7083": {
							"post": [8.24, -3.27, 7],
							"lerp_mode": "catmullrom"
						},
						"1.8333": {
							"post": [11, -5, 7],
							"lerp_mode": "catmullrom"
						},
						"2.0": {
							"post": [12, -6.5, 7],
							"lerp_mode": "catmullrom"
						},
						"2.1667": {
							"post": [11, -7, 6],
							"lerp_mode": "catmullrom"
						},
						"2.25": {
							"post": [11, -7, 5.75],
							"lerp_mode": "catmullrom"
						},
						"2.3333": {
							"post": [11, -7, 7.29],
							"lerp_mode": "catmullrom"
						},
						"2.4583": {
							"post": [11, -6, 12.75],
							"lerp_mode": "catmullrom"
						},
						"2.5833": {
							"post": [11, -3.5, 15.5],
							"lerp_mode": "catmullrom"
						},
						"2.7083": [11, -1.75, 17],
						"2.8333": [11, -1.75, 17.5]
					}
				},
				"bell3": {
					"rotation": {
						"0.0": [0, 0, 0],
						"0.0833": {
							"pre": [0, 0, -52.5],
							"post": [0, 0, -52.5],
							"lerp_mode": "catmullrom"
						},
						"0.375": {
							"post": [0, 0, -37.5],
							"lerp_mode": "catmullrom"
						},
						"0.8333": {
							"post": [0, 0, 15],
							"lerp_mode": "catmullrom"
						},
						"1.125": {
							"post": [0, 0, 22.5],
							"lerp_mode": "catmullrom"
						},
						"1.4583": [0, 0, 2.5],
						"1.6667": [0, 0, -2.5],
						"1.9167": [0, 0, 2.5],
						"2.2083": [0, 0, 0],
						"2.5833": [2.5, 0, 0],
						"2.6667": [0, 0, 0]
					},
					"position": {
						"0.0": [0, 0, 0],
						"0.125": {
							"pre": [-10.25, 6, 0],
							"post": [-10.25, 6, 0],
							"lerp_mode": "catmullrom"
						},
						"0.375": {
							"post": [-15.25, 9, 0],
							"lerp_mode": "catmullrom"
						},
						"0.75": {
							"post": [-18, 10, 0],
							"lerp_mode": "catmullrom"
						},
						"1.2917": {
							"post": [-18, 9, 0],
							"lerp_mode": "catmullrom"
						},
						"1.5": {
							"post": [-18, 7, 0],
							"lerp_mode": "catmullrom"
						},
						"1.5833": {
							"post": [-18, 2.5, 0],
							"lerp_mode": "catmullrom"
						},
						"1.6667": {
							"post": [-18, -18, 0],
							"lerp_mode": "catmullrom"
						},
						"1.75": {
							"post": [-18, -11.25, 0],
							"lerp_mode": "catmullrom"
						},
						"1.9167": {
							"post": [-18, -9.25, 0],
							"lerp_mode": "catmullrom"
						},
						"2.0833": {
							"post": [-18, -11.25, 0],
							"lerp_mode": "catmullrom"
						},
						"2.1667": {
							"post": [-18, -18, 0],
							"lerp_mode": "catmullrom"
						},
						"2.25": {
							"post": [-18, -16, 0],
							"lerp_mode": "catmullrom"
						},
						"2.375": {
							"post": [-18, -15.25, 0],
							"lerp_mode": "catmullrom"
						},
						"2.5": [-18, -18.25, 0]
					}
				},
				"bell4": {
					"rotation": {
						"0.0": [0, 0, 0],
						"0.25": {
							"pre": [0, 0, 15],
							"post": [0, 0, 15],
							"lerp_mode": "catmullrom"
						},
						"0.5417": {
							"post": [-7.5, 0, 42.5],
							"lerp_mode": "catmullrom"
						},
						"0.875": {
							"post": [-32.5, -20, 42.5],
							"lerp_mode": "catmullrom"
						},
						"1.2917": {
							"post": [-7.5, -29, 15],
							"lerp_mode": "catmullrom"
						},
						"1.5": {
							"post": [37.5, -55, -42.5],
							"lerp_mode": "catmullrom"
						},
						"1.75": {
							"post": [50.5, -63, -51.5],
							"lerp_mode": "catmullrom"
						},
						"2.0": {
							"post": [28, -78, -26.5],
							"lerp_mode": "catmullrom"
						},
						"2.0417": [0, -77.5, 0]
					},
					"position": {
						"0.0": [0, 0, 0],
						"0.1667": {
							"pre": [1.08, -0.125, 0],
							"post": [1.08, -0.125, 0],
							"lerp_mode": "catmullrom"
						},
						"0.6667": {
							"post": [12.32, 1.2, 3.25],
							"lerp_mode": "catmullrom"
						},
						"0.9583": {
							"post": [15.66, 3.6, 7],
							"lerp_mode": "catmullrom"
						},
						"1.25": {
							"post": [17, 6, 9.25],
							"lerp_mode": "catmullrom"
						},
						"1.4583": {
							"post": [17, 7, 9.25],
							"lerp_mode": "catmullrom"
						},
						"1.75": {
							"post": [17, 6.5, 9.25],
							"lerp_mode": "catmullrom"
						},
						"1.9167": {
							"post": [17, 3.5, 9.25],
							"lerp_mode": "catmullrom"
						},
						"2.0417": [17, -10.5, 9.25],
						"2.0833": {
							"pre": [17, -7.5, 9.25],
							"post": [17, -7.5, 9.25],
							"lerp_mode": "catmullrom"
						},
						"2.2083": {
							"post": [17, -6.5, 9.25],
							"lerp_mode": "catmullrom"
						},
						"2.375": {
							"post": [17, -7.5, 9.25],
							"lerp_mode": "catmullrom"
						},
						"2.4583": [17, -10.5, 9.25]
					}
				},
				"main_body": {
					"rotation": {
						"0.0": [0, 0, 0],
						"0.3333": [0, 0, 10.58],
						"0.5": [0, 0, 12.5],
						"0.7917": [0, 0, 13.5],
						"1.0417": [0, 0, 13.825],
						"1.1667": [0, 0, 36.33],
						"1.2917": [0, 0, 136.58],
						"1.375": [0, 0, 173.58],
						"1.4583": [0, 0, 183.83],
						"1.5833": [0, 0, 184.355],
						"1.75": [0, 0, 178.83]
					},
					"position": {
						"0.0": [0, -0.25, 0],
						"0.3333": [1.42, -0.825, 0],
						"0.5": [1.81, -1.1, 0],
						"0.7917": [2, -1.25, 0],
						"1.0417": [2, -1.25, 0],
						"1.1667": {
							"pre": [5, -4, 0],
							"post": [5, -4, 0],
							"lerp_mode": "catmullrom"
						},
						"1.2083": {
							"post": [6.25, -9.25, 0],
							"lerp_mode": "catmullrom"
						},
						"1.3333": {
							"post": [10.15, -8.25, 0],
							"lerp_mode": "catmullrom"
						},
						"1.4167": {
							"post": [11, -8.25, 0],
							"lerp_mode": "catmullrom"
						},
						"1.5833": {
							"post": [11.5, -8.25, 0],
							"lerp_mode": "catmullrom"
						},
						"1.75": [11.25, -8.25, 0]
					}
				}
			}
		},
		"animation.perrception.blink": {
			"animation_length": 0.16667,
			"bones": {
				"eyelid_left": {
					"position": {
						"0.125": [0.1, -0.1, 0],
						"0.1667": [0, 0, 0]
					}
				},
				"eyelid_right": {
					"position": {
						"0.125": [-0.1, -0.1, 0],
						"0.1667": [0, 0, 0]
					}
				}
			}
		},
		"animation.perrception.cry": {
			"animation_length": 1.54167,
			"bones": {
				"head": {
					"rotation": {
						"0.0": [0, 0, 0],
						"0.0833": {
							"pre": [12.5, 0, 0],
							"post": [12.5, 0, 0],
							"lerp_mode": "catmullrom"
						},
						"0.2917": {
							"post": [-17.5, 0, 0],
							"lerp_mode": "catmullrom"
						},
						"1.2083": {
							"post": [-12.5, 0, 0],
							"lerp_mode": "catmullrom"
						},
						"1.4167": {
							"post": [-2.19, 0, 0],
							"lerp_mode": "catmullrom"
						},
						"1.5417": [0, 0, 0]
					}
				},
				"mouth_closed": {
					"position": {
						"0.125": [0, 0, 0],
						"0.1667": [0, 0.1, 0],
						"1.25": [0, 0.1, 0],
						"1.2917": [0, 0, 0]
					}
				},
				"mouth_open": {
					"position": {
						"0.125": [0, 0, 0],
						"0.1667": [0, -0.1, 0],
						"1.25": [0, -0.1, 0],
						"1.2917": [0, 0, 0]
					}
				}
			}
		},
		"animation.perrception.bell_overlay": {
			"loop": true,
			"bones": {
				"bell1": {
					"rotation": [0, 0, "0+Math.cos((query.anim_time) * 90 * 1/2 - 60) * 25"],
					"position": [0, "0+Math.cos((query.anim_time) * 90 * 1 - 60) * 0.5", 0]
				},
				"bell2": {
					"rotation": [0, 0, "0+Math.cos((query.anim_time) * 90 * 1/2 - 40) * 25"],
					"position": [0, "0+Math.cos((query.anim_time) * 90 * 1 - 40) * 0.5", 0]
				},
				"bell3": {
					"rotation": [0, 0, "0+Math.cos((query.anim_time) * 90 * 1/2 - 20) * 25"],
					"position": [0, "0+Math.cos((query.anim_time) * 90 * 1 - 20) * 0.5", 0]
				},
				"bell4": {
					"rotation": [0, 0, "0+Math.cos((query.anim_time) * 90 * 1/2) * 25"],
					"position": [0, "0+Math.cos((query.anim_time) * 90 * 1) * 0.5", 0]
				}
			}
		}
	}
}