{
	"format_version": "1.8.0",
	"animations": {
		"animation.quaxolotl.ground_idle": {
			"loop": true,
			"bones": {
				"torso": {
					"rotation": ["5+Math.cos((query.anim_time-0.3) * 90 * 2) * 1", 0, 0],
					"position": [0, "Math.cos((query.anim_time) * 90 * 2) * 0.5", 0]
				},
				"arm_left": {
					"rotation": [2.5, 0, 0],
					"position": [0, "Math.cos((query.anim_time+0.12) * 90 * 2) * -0.5", 0]
				},
				"neck": {
					"rotation": ["-10+Math.cos((query.anim_time-0.5) * 90 * 2) * -3", 0, 0]
				},
				"tail": {
					"rotation": ["12.7936+Math.cos((query.anim_time-0.6) * 90 * 2) * 5", 12.19908, 2.74715]
				},
				"tail2": {
					"rotation": ["21.1728+Math.cos((query.anim_time-0.8) * 90 * 2) * 3", 18.74724, 7.09597]
				},
				"tail3": {
					"rotation": ["17.5+Math.cos((query.anim_time-1) * 90 * 2) * 5", 0, 0]
				},
				"arm_right": {
					"rotation": [2.5, 0, 0],
					"position": [0, "Math.cos((query.anim_time+0.12) * 90 * 2) * -0.5", 0]
				},
				"head": {
					"rotation": ["22.5+Math.cos((query.anim_time-0.6) * 90 * 2) * 5", 0, 0]
				},
				"torso2": {
					"rotation": [-5.24133, 17.43127, -1.5741]
				},
				"torso3": {
					"rotation": ["-2.5269+Math.cos((query.anim_time-0.4) * 90 * 2) * -2", 7.48883, -0.41029]
				},
				"body": {
					"rotation": [0, -17.5, 0],
					"position": [3, 0, 0]
				},
				"ear_right": {
					"rotation": [0, 17.5, "0+Math.cos((query.anim_time-0.6) * 90 * 2) * 3"]
				},
				"ear_left": {
					"rotation": [0, -17.5, "0+Math.cos((query.anim_time-0.6) * 90 * 2) * -3"]
				},
				"leg_left": {
					"position": [0, 0, 0]
				}
			}
		},
		"animation.quaxolotl.ground_walk": {
			"loop": true,
			"bones": {
				"torso": {
					"rotation": [-10, 0, 0],
					"position": [0, "Math.cos((query.anim_time) * 90 * (8/3)*2) * 0.5", 0]
				},
				"torso2": {
					"rotation": ["17.5+Math.cos((query.anim_time) * 90 * (8/3)*1) * 2", 0, 0]
				},
				"torso3": {
					"rotation": ["-7.5+Math.cos((query.anim_time-0.1) * 90 * (8/3)*1) * -4", 0, 0]
				},
				"arm_right": {
					"rotation": ["Math.cos((query.anim_time) * 90 * (8/3)) * 20", 0, 0],
					"position": [0, "0.75+0.2*math.clamp(math.sin((q.anim_time)*90*(8/3))*1+0,0,1.3)+0.4*math.clamp(math.sin((q.anim_time)*90*(8/3))*2+1,-0.2,3)", 0]
				},
				"arm_left": {
					"rotation": ["Math.cos((query.anim_time) * 90 * (8/3)) * -20", 0, 0],
					"position": [0, "0.75+0.2*math.clamp(math.sin((q.anim_time)*90*(8/3))*-1+0,0,1.3)+0.4*math.clamp(math.sin((q.anim_time)*90*(8/3))*-2+1,-0.2,3)", 0]
				},
				"neck": {
					"rotation": ["-30+Math.cos((query.anim_time-0.2) * 90 * (8/3)*2) * 2", 0, 0]
				},
				"head": {
					"rotation": ["25+Math.cos((query.anim_time-0.2) * 90 * (8/3)*2) * -4", 0, "0+Math.cos((query.anim_time-0.2) * 90 * (8/3)*1) * 6"]
				},
				"ear_right": {
					"rotation": [0, 25, "0+Math.cos((query.anim_time-0.3) * 90 * (8/3)*2) * -2"]
				},
				"ear_left": {
					"rotation": [0, -25, "0+Math.cos((query.anim_time-0.3) * 90 * (8/3)*2) * 2"]
				},
				"tail": {
					"rotation": ["7.5+Math.cos((query.anim_time-0.3) * 90 * (8/3)*2) * 3", "0+Math.cos((query.anim_time-0.5) * 90 * (8/3)*1) * 9", 0]
				},
				"tail2": {
					"rotation": [17.5, "Math.cos((query.anim_time-0.7) * 90 * (8/3)*1) * 9", 0]
				},
				"tail3": {
					"rotation": [20, "Math.cos((query.anim_time-0.9) * 90 * (8/3)*1) * 12", 0]
				},
				"leg_right": {
					"rotation": ["Math.cos((query.anim_time) * 90 * (8/3)) * -20", 0, 0],
					"position": [0, "0.2*math.clamp(math.sin((q.anim_time)*90*(8/3))*-1+0,0,1.3)+0.4*math.clamp(math.sin((q.anim_time)*90*(8/3))*-2+1,-0.2,3)", 0]
				},
				"leg_left": {
					"rotation": ["Math.cos((query.anim_time) * 90 * (8/3)) * 20", 0, 0],
					"position": [0, "0.2*math.clamp(math.sin((q.anim_time)*90*(8/3))*1+0,0,1.3)+0.4*math.clamp(math.sin((q.anim_time)*90*(8/3))*2+1,-0.2,3)", 0]
				}
			}
		},
		"animation.quaxolotl.water_swim": {
			"loop": true,
			"bones": {
				"body": {
					"rotation": ["0+Math.sin((query.anim_time-0.3) * 90 * 4) * 2", 0, "0+Math.cos((query.anim_time-0.3) * 90 * 8) * -1"],
					"position": [0, "-5+Math.cos((query.anim_time-0.3) * 90 * 4) * 0.5", 0]
				},
				"torso": {
					"rotation": [0, "0+Math.cos((query.anim_time) * 90 * 8) * 3", 0]
				},
				"torso2": {
					"rotation": ["0+Math.sin((query.anim_time-0.5) * 90 * 4) * 1", "0+Math.cos((query.anim_time+0.2) * 90 * 8) * 4", 0]
				},
				"torso3": {
					"rotation": [0, "0+Math.cos((query.anim_time+0.3) * 90 * 8) * 3", 0]
				},
				"arm_right": {
					"rotation": [69.99467, "-28.4804+Math.cos((query.anim_time-0.1) * 90 * 8) * -6", 9.8491]
				},
				"arm_left": {
					"rotation": [69.99467, "28.4804+Math.cos((query.anim_time-0.1) * 90 * 8) * 6", -9.8491]
				},
				"neck": {
					"rotation": [0, "0+Math.cos((query.anim_time+0.4) * 90 * 8) * 3", 0]
				},
				"head": {
					"rotation": [0, "0+Math.cos((query.anim_time+0.5) * 90 * 8) * 2", 0]
				},
				"ear_right": {
					"rotation": [0, "37.5+Math.cos((query.anim_time+0.3) * 90 * 8) * 5", 0]
				},
				"ear_left": {
					"rotation": [0, "-37.5+Math.cos((query.anim_time+0.3) * 90 * 8) * 5", 0]
				},
				"tail": {
					"rotation": [0, "0+Math.cos((query.anim_time-0.15) * 90 * 8) * 6", 0]
				},
				"tail2": {
					"rotation": [0, "0+Math.cos((query.anim_time-0.3) * 90 * 8) * 12", 0]
				},
				"tail3": {
					"rotation": [0, "0+Math.cos((query.anim_time-0.45) * 90 * 8) * 12", 0]
				},
				"leg_right": {
					"rotation": [82.14048, "-17.3455+Math.cos((query.anim_time-0.1) * 90 * 8) * -3", 2.35666]
				},
				"leg_left": {
					"rotation": [82.14048, "17.3455+Math.cos((query.anim_time-0.1) * 90 * 8) * 3", -2.35666]
				}
			}
		},
		"animation.quaxolotl.water_idle": {
			"loop": true,
			"bones": {
				"body": {
					"rotation": [0, 15, 0],
					"position": [-2, "-7+Math.cos((query.anim_time-0.2) * 90 * 1) * 0.6", 0]
				},
				"torso": {
					"rotation": ["0+Math.cos((query.anim_time) * 90 * 1) * -2", 0, 0]
				},
				"torso2": {
					"rotation": [-5, -10, 0]
				},
				"torso3": {
					"rotation": ["-15+Math.cos((query.anim_time-0.2) * 90 * 1) * 3", -5, 0]
				},
				"arm_right": {
					"rotation": [-22.01816, 4.75113, "76.5752+Math.cos((query.anim_time-0.3) * 90 * 2) * -4"]
				},
				"arm_left": {
					"rotation": [-22.01816, -4.75113, "-76.5752+Math.cos((query.anim_time-0.3) * 90 * 2) * 4"]
				},
				"neck": {
					"rotation": ["12.5+Math.cos((query.anim_time-0.2) * 90 * 1) * -3", 0, 0]
				},
				"head": {
					"rotation": [10, 0, 0]
				},
				"ear_right": {
					"rotation": [0, 22.5, 0]
				},
				"ear_left": {
					"rotation": [0, -22.5, 0]
				},
				"tail": {
					"rotation": [-10, "-17.5+Math.cos((query.anim_time) * 90 * 1) * 10", 0]
				},
				"tail2": {
					"rotation": [-17.5, "Math.cos((query.anim_time-0.4) * 90 * 1) * 10", 0]
				},
				"tail3": {
					"rotation": [-20, "Math.cos((query.anim_time-0.6) * 90 * 1) * 10", 0]
				},
				"leg_right": {
					"rotation": [22.5, 0, "65+Math.cos((query.anim_time-0.3) * 90 * 2) * -4"]
				},
				"leg_left": {
					"rotation": [22.5, 0, "-65+Math.cos((query.anim_time-0.3) * 90 * 2) * 4"]
				}
			}
		},
		"animation.quaxolotl.sleep": {
			"loop": true,
			"bones": {
				"body": {
					"rotation": [0, 0, -180],
					"position": [0, 15, 0]
				},
				"torso2": {
					"rotation": ["-2.2623+Math.cos((query.anim_time-0.2) * 90 * 1) * 2", -12.3071, -2.20462]
				},
				"torso3": {
					"rotation": ["7.0252+Math.cos((query.anim_time) * 90 * 1) * -3", -17.22575, 3.13388]
				},
				"arm_right": {
					"rotation": [47.5, 0, -55],
					"position": [-1, -1.5, 0]
				},
				"arm_left": {
					"rotation": [0, 0, -117.5]
				},
				"neck": {
					"rotation": [7.5, 0, 0]
				},
				"head": {
					"rotation": [0, 0, -20]
				},
				"ear_right": {
					"rotation": [-33.00413, 6.59409, -36.72936]
				},
				"ear_left": {
					"rotation": [-32.89927, 7.15775, 57.65798],
					"position": [1, -2, 0]
				},
				"tail": {
					"rotation": [-7.5, 0, 0]
				},
				"tail2": {
					"rotation": [8.26511, -24.77164, -3.48303]
				},
				"tail3": {
					"rotation": [0, -40, 0]
				},
				"leg_right": {
					"rotation": [87.59228, -37.39566, 22.55022],
					"position": [-1, 2, 0]
				},
				"leg_left": {
					"rotation": [52.39445, 3.9649, -108.04868],
					"position": [2, 0, 0]
				}
			}
		}
	}
}