{
	"format_version": "1.8.0",
	"animations": {
		"animation.tinkaton_omega.exploded": {
			"loop": true,
			"bones": {
				"leg_left": {
					"position": [9, 0, 0]
				},
				"head": {
					"position": [0, 6, 0]
				},
				"eye_left": {
					"position": [0, 0, -17]
				},
				"eyelid_left": {
					"position": [0, 0, 4]
				},
				"hair_left1": {
					"position": [8, 0, 0]
				},
				"hair_left2": {
					"position": [7, 0, 0]
				},
				"hair_left3": {
					"position": [6, 0, 0]
				},
				"hair_left4": {
					"position": [6, 0, 0]
				},
				"hair_left5": {
					"position": [4, 0, 0]
				},
				"hair_left6": {
					"position": [5, 0, 0]
				},
				"arm_left": {
					"position": [10, 0, 0]
				},
				"arm_left2": {
					"position": [5, 0, 0]
				},
				"scissors": {
					"position": [0, 0, -13]
				},
				"leg_right": {
					"position": [-9, 0, 0]
				},
				"arm_right": {
					"position": [-10, 0, 0]
				},
				"arm_right2": {
					"position": [-5, 0, 0]
				},
				"eye_right": {
					"position": [0, 0, -17]
				},
				"eyelid_right": {
					"position": [0, 0, 4]
				},
				"scizzors_right": {
					"position": [0, 0, 7]
				},
				"scizzors_left": {
					"position": [0, 0, -13]
				}
			}
		},
		"animation.tinkaton_omega.ground_idle": {
			"loop": true,
			"bones": {
				"leg_left": {
					"position": [-0.75, 0, 0]
				},
				"leg_right": {
					"position": [-0.75, 0, 0]
				},
				"torso": {
					"rotation": ["0+Math.cos((query.anim_time) * 90 * 2 - 90) * -1", 0, -5],
					"position": [-0.25, "0+Math.cos((query.anim_time) * 90 * 2) * 0.1", 0]
				},
				"head_fin_left_1": {
					"rotation": [0, 0, 22.5]
				},
				"head_fin_left_3": {
					"rotation": [0, 0, 12.5]
				},
				"hair_left1": {
					"rotation": [0, 0, "32.5+math.sin(q.anim_time*90*1-60)*3"]
				},
				"hair_left2": {
					"rotation": [0, 0, "42.5+math.sin(q.anim_time*90*1-120)*6"]
				},
				"hair_left3": {
					"rotation": [0, 0, -22.5]
				},
				"hair_left4": {
					"rotation": [6.56444, 2.71111, -28.68808]
				},
				"hair_left5": {
					"rotation": [0, 0, "-52.5+math.sin(q.anim_time*90*1-180)*9"]
				},
				"hair_left6": {
					"rotation": [0, 0, -27.5]
				},
				"arm_left": {
					"rotation": [-107.5, 67.5, 0],
					"position": [-0.5, -1.25, 0.75]
				},
				"arm_right": {
					"rotation": [77.5, -65, 0],
					"position": [-0.75, -2, 0]
				},
				"scissors": {
					"rotation": [-259.69332, 16.73271, -241.23288],
					"position": [30.5, 0.5, 3.5]
				},
				"head_fin_right_1": {
					"rotation": [0, 0, -20]
				},
				"head_fin_right_3": {
					"rotation": [0, 0, -15]
				},
				"hair_right1": {
					"rotation": [-16.48457, 0, "-29.651-math.sin(q.anim_time*90*1-60)*3"]
				},
				"hair_right2": {
					"rotation": [-1.83752, -1.83657, "-50.6035-math.sin(q.anim_time*90*1-120)*6"]
				},
				"hair_right3": {
					"rotation": [0, 0, 20]
				},
				"hair_right4": {
					"rotation": [0, 0, 40]
				},
				"hair_right5": {
					"rotation": [15.36844, -10.51293, "39.8237-math.sin(q.anim_time*90*1-180)*9"]
				},
				"hair_right6": {
					"rotation": [0, 0, 22.5]
				},
				"head": {
					"rotation": [0, 0, 10]
				},
				"scizzors_right": {
					"rotation": [0, 0, 5],
					"position": [0, 0, -0.75]
				},
				"scizzors_left": {
					"rotation": [0, 0, 40]
				}
			}
		},
		"animation.tinkaton_omega.ground_walk": {
			"loop": true,
			"animation_length": 1.5,
			"bones": {
				"leg_left": {
					"rotation": {
						"0.0": [-64.9, 0, 0],
						"0.2083": [-74.77, 0, 0],
						"0.4583": {
							"pre": [-61.5, 0, 0],
							"post": [-61.5, 0, 0],
							"lerp_mode": "catmullrom"
						},
						"0.75": {
							"post": [30, 0, 0],
							"lerp_mode": "catmullrom"
						},
						"1.25": {
							"post": [35, 0, 0],
							"lerp_mode": "catmullrom"
						},
						"1.5": [-64.9, 0, 0]
					}
				},
				"leg_right": {
					"rotation": {
						"0.0": [30, 0, 0],
						"0.5": {
							"pre": [35, 0, 0],
							"post": [35, 0, 0],
							"lerp_mode": "catmullrom"
						},
						"0.75": {
							"post": [-70.9, 0, 0],
							"lerp_mode": "catmullrom"
						},
						"0.9583": {
							"post": [-87.27, 0, 0],
							"lerp_mode": "catmullrom"
						},
						"1.2083": {
							"post": [-67.5, 0, 0],
							"lerp_mode": "catmullrom"
						},
						"1.5": [30, 0, 0]
					}
				},
				"torso": {
					"rotation": ["-10+Math.cos((query.anim_time) * 90 * 8/3 * 2 - 120) * -2", 0, "0+Math.cos((query.anim_time) * 90 * 8/3 - 90) * -8"],
					"position": {
						"0.0": [0, 0.18, 0],
						"0.0833": [0, 0.645, 0],
						"0.2917": {
							"pre": [0, 0.875, 0],
							"post": [0, 0.875, 0],
							"lerp_mode": "catmullrom"
						},
						"0.5": {
							"post": [0, 0.645, 0],
							"lerp_mode": "catmullrom"
						},
						"0.6667": {
							"post": [0, -0.5, 0],
							"lerp_mode": "catmullrom"
						},
						"0.8333": {
							"post": [0, 0.645, 0],
							"lerp_mode": "catmullrom"
						},
						"1.0417": {
							"post": [0, 0.9, 0],
							"lerp_mode": "catmullrom"
						},
						"1.25": {
							"post": [0, 0.645, 0],
							"lerp_mode": "catmullrom"
						},
						"1.4167": [0, -0.5, 0],
						"1.5": [0, 0.18, 0]
					}
				},
				"head_fin_left_1": {
					"rotation": [0, 0, 22.5]
				},
				"head_fin_left_3": {
					"rotation": [0, 0, 12.5]
				},
				"hair_left1": {
					"rotation": [0, 0, "32.5+math.sin(q.anim_time*90*1-60)*3"]
				},
				"hair_left2": {
					"rotation": [0, 0, "42.5+math.sin(q.anim_time*90*1-120)*6"]
				},
				"hair_left3": {
					"rotation": [0, 0, -22.5]
				},
				"hair_left4": {
					"rotation": [6.56444, 2.71111, -28.68808]
				},
				"hair_left5": {
					"rotation": [0, 0, "-52.5+math.sin(q.anim_time*90*1-180)*9"]
				},
				"hair_left6": {
					"rotation": [0, 0, -27.5]
				},
				"arm_left": {
					"rotation": [-107.5, 67.5, 0],
					"position": [-0.5, -1.25, 0.75]
				},
				"arm_right": {
					"rotation": [77.5, -65, 0],
					"position": [-0.75, -2, 0]
				},
				"scissors": {
					"rotation": [-259.69332, 16.73271, -241.23288],
					"position": [30.5, 0.5, 3.5]
				},
				"head_fin_right_1": {
					"rotation": [0, 0, -20]
				},
				"head_fin_right_3": {
					"rotation": [0, 0, -15]
				},
				"hair_right1": {
					"rotation": [-16.48457, 0, "-29.651-math.sin(q.anim_time*90*1-60)*3"]
				},
				"hair_right2": {
					"rotation": [-1.83752, -1.83657, "-50.6035-math.sin(q.anim_time*90*1-120)*6"]
				},
				"hair_right3": {
					"rotation": [0, 0, 20]
				},
				"hair_right4": {
					"rotation": [0, 0, 40]
				},
				"hair_right5": {
					"rotation": [15.36844, -10.51293, "39.8237-math.sin(q.anim_time*90*1-180)*9"]
				},
				"hair_right6": {
					"rotation": [0, 0, 22.5]
				},
				"head": {
					"rotation": [0, 0, 10]
				},
				"scizzors_right": {
					"rotation": [0, 0, 5],
					"position": [0, 0, -0.75]
				},
				"scizzors_left": {
					"rotation": [0, 0, "40+Math.cos((query.anim_time) * 90 * 8/3 * 2 - 70) * -2.9"]
				},
				"body": {
					"position": [0, 0, "0+Math.cos((query.anim_time) * 90 * 8/3 * 2 - 70) * -0.9"]
				}
			}
		},
		"animation.tinkaton_omega.ground_run": {
			"loop": true,
			"animation_length": 0.5,
			"bones": {
				"leg_left": {
					"rotation": {
						"0.0": [-55, 0, 0],
						"0.0833": [-32.08, 0, 0],
						"0.1667": [36.67, 0, 0],
						"0.25": [55, 0, 0],
						"0.3333": [36.67, 0, 0],
						"0.4167": [-32.08, 0, 0],
						"0.5": [-55, 0, 0]
					}
				},
				"leg_right": {
					"rotation": {
						"0.0": [55, 0, 0],
						"0.0833": [36.67, 0, 0],
						"0.1667": [-32.08, 0, 0],
						"0.25": [-55, 0, 0],
						"0.3333": [-32.08, 0, 0],
						"0.4167": [36.67, 0, 0],
						"0.5": [55, 0, 0]
					},
					"position": [0, 0.25, -2]
				},
				"torso": {
					"rotation": ["15+Math.cos((query.anim_time) * 90 * 8*2 - 90) * 2", 0, "0+Math.cos((query.anim_time) * 90 * 8 - 90) * 2"]
				},
				"head_fin_left_1": {
					"rotation": [0, 0, 22.5]
				},
				"head_fin_left_3": {
					"rotation": [0, 0, 12.5]
				},
				"hair_left1": {
					"rotation": ["-16.5+Math.cos((query.anim_time) * 90 * 8*2 - 40) * 6", -31.3, 30]
				},
				"hair_left2": {
					"rotation": [-2.5978, -20, "5+Math.cos((query.anim_time) * 90 * 8*2 - 40) * 6"]
				},
				"hair_left3": {
					"rotation": [0, -15, "-20-Math.cos((query.anim_time) * 90 * 8*2 - 40) * 6"]
				},
				"hair_left4": {
					"rotation": [0, -17.5, -15]
				},
				"hair_left5": {
					"rotation": [-18.5484, -19.0377, 6]
				},
				"hair_left6": {
					"rotation": [0, 0, -15]
				},
				"arm_left": {
					"rotation": [-90, 67.5, 0]
				},
				"arm_right": {
					"rotation": [77.5, -65, 0]
				},
				"scissors": {
					"rotation": [-174.1113, 9.34982, -242.58907],
					"position": [28, 4.75, 1]
				},
				"head_fin_right_1": {
					"rotation": [0, 0, -20]
				},
				"head_fin_right_3": {
					"rotation": [0, 0, -15]
				},
				"hair_right1": {
					"rotation": ["-16.4846+Math.cos((query.anim_time) * 90 * 8*2 - 40) * 6", 31.3213, -29.65098]
				},
				"hair_right2": {
					"rotation": [-2.59775, 27.38656, "-5.633+Math.cos((query.anim_time) * 90 * 8*2 - 40) * 6"]
				},
				"hair_right3": {
					"rotation": [0, 15, "20+Math.cos((query.anim_time) * 90 * 8*2 - 40) * 6"]
				},
				"hair_right4": {
					"rotation": [0, 17.5, 15]
				},
				"hair_right5": {
					"rotation": [18.54835, 19.03771, 6.24605]
				},
				"hair_right6": {
					"rotation": [0, 0, 22.5]
				},
				"body": {
					"position": {
						"0.0": [0, 1.85, 0],
						"0.0417": [0, 1.67, 0],
						"0.125": [0, 0, 0],
						"0.2083": {
							"pre": [0, 1.67, 0],
							"post": [0, 1.67, 0],
							"lerp_mode": "catmullrom"
						},
						"0.25": {
							"post": [0, 1.85, 0],
							"lerp_mode": "catmullrom"
						},
						"0.2917": {
							"post": [0, 1.67, 0],
							"lerp_mode": "catmullrom"
						},
						"0.375": [0, 0, 0],
						"0.4583": [0, 1.67, 0],
						"0.5": [0, 1.85, 0]
					}
				},
				"head": {
					"rotation": ["-10+Math.cos((query.anim_time) * 90 * 8*2 - 120) * 6", 0, 0]
				},
				"scizzors_right": {
					"rotation": [0, 0, "0-Math.cos((query.anim_time) * 90 * 8*2 - 40) * 6"]
				},
				"scizzors_left": {
					"rotation": [0, 0, "0+Math.cos((query.anim_time) * 90 * 8*2 - 40) * 6"]
				}
			}
		},
		"animation.tinkaton_omega.snipsnip": {
			"animation_length": 2.75,
			"bones": {
				"leg_left": {
					"position": [-0.75, 0, 0]
				},
				"leg_right": {
					"position": [-0.75, 0, 0]
				},
				"torso": {
					"rotation": ["0+Math.cos((query.anim_time) * 90 * 2 - 90) * -1", 0, -5],
					"position": [-0.25, "0+Math.cos((query.anim_time) * 90 * 2) * 0.1", 0]
				},
				"head_fin_left_1": {
					"rotation": [0, 0, 22.5]
				},
				"head_fin_left_3": {
					"rotation": [0, 0, 12.5]
				},
				"hair_left1": {
					"rotation": [0, 0, "32.5+math.sin(q.anim_time*90*1-60)*3"]
				},
				"hair_left2": {
					"rotation": [0, 0, "42.5+math.sin(q.anim_time*90*1-120)*6"]
				},
				"hair_left3": {
					"rotation": [0, 0, -22.5]
				},
				"hair_left4": {
					"rotation": [6.56444, 2.71111, -28.68808]
				},
				"hair_left5": {
					"rotation": [0, 0, "-52.5+math.sin(q.anim_time*90*1-180)*9"]
				},
				"hair_left6": {
					"rotation": [0, 0, -27.5]
				},
				"arm_left": {
					"rotation": [-107.5, 67.5, 0],
					"position": {
						"0.0": [-0.5, -1.25, 0.75],
						"1.0": [-0.5, -1.25, 0.75],
						"1.125": [-2, -3.25, 0.75],
						"1.375": [-0.5, -1.25, 0.75],
						"1.5": [-2, -3.25, 0.75],
						"1.75": [-0.5, -1.25, 0.75],
						"1.875": [-2, -3.25, 0.75],
						"2.125": [-0.5, -1.25, 0.75]
					}
				},
				"arm_right": {
					"rotation": [77.5, -65, 0],
					"position": [-0.75, -2, 0]
				},
				"scissors": {
					"rotation": [-259.69332, 16.73271, -241.23288],
					"position": [30.5, 0.5, 3.5]
				},
				"head_fin_right_1": {
					"rotation": [0, 0, -20]
				},
				"head_fin_right_3": {
					"rotation": [0, 0, -15]
				},
				"hair_right1": {
					"rotation": [-16.48457, 0, "-29.651-math.sin(q.anim_time*90*1-60)*3"]
				},
				"hair_right2": {
					"rotation": [-1.83752, -1.83657, "-50.6035-math.sin(q.anim_time*90*1-120)*6"]
				},
				"hair_right3": {
					"rotation": [0, 0, 20]
				},
				"hair_right4": {
					"rotation": [0, 0, 40]
				},
				"hair_right5": {
					"rotation": [15.36844, -10.51293, "39.8237-math.sin(q.anim_time*90*1-180)*9"]
				},
				"hair_right6": {
					"rotation": [0, 0, 22.5]
				},
				"head": {
					"rotation": {
						"0.0": {
							"post": [0, 0, 10],
							"lerp_mode": "catmullrom"
						},
						"0.25": {
							"post": [0, 0, 10],
							"lerp_mode": "catmullrom"
						},
						"0.75": {
							"post": [0, 0, 27.5],
							"lerp_mode": "catmullrom"
						},
						"2.25": {
							"post": [0, 0, 27.5],
							"lerp_mode": "catmullrom"
						},
						"2.6667": {
							"post": [0, 0, 10],
							"lerp_mode": "catmullrom"
						}
					}
				},
				"scizzors_right": {
					"rotation": {
						"0.0": [0, 0, 5],
						"1.0": {
							"pre": [0, 0, 5],
							"post": [0, 0, 5],
							"lerp_mode": "catmullrom"
						},
						"1.125": {
							"post": [0, 0, -17.5],
							"lerp_mode": "catmullrom"
						},
						"1.375": {
							"post": [0, 0, 5],
							"lerp_mode": "catmullrom"
						},
						"1.5": {
							"post": [0, 0, -17.5],
							"lerp_mode": "catmullrom"
						},
						"1.75": {
							"post": [0, 0, 5],
							"lerp_mode": "catmullrom"
						},
						"1.875": {
							"post": [0, 0, -17.5],
							"lerp_mode": "catmullrom"
						},
						"2.125": {
							"post": [0, 0, 5],
							"lerp_mode": "catmullrom"
						}
					},
					"position": [0, 0, -0.75]
				},
				"scizzors_left": {
					"rotation": {
						"0.0": [0, 0, 40],
						"1.0": {
							"pre": [0, 0, 40],
							"post": [0, 0, 40],
							"lerp_mode": "catmullrom"
						},
						"1.125": {
							"post": [0, 0, 60],
							"lerp_mode": "catmullrom"
						},
						"1.375": {
							"post": [0, 0, 40],
							"lerp_mode": "catmullrom"
						},
						"1.5": {
							"post": [0, 0, 60],
							"lerp_mode": "catmullrom"
						},
						"1.75": {
							"post": [0, 0, 40],
							"lerp_mode": "catmullrom"
						},
						"1.875": {
							"post": [0, 0, 60],
							"lerp_mode": "catmullrom"
						},
						"2.125": {
							"post": [0, 0, 40],
							"lerp_mode": "catmullrom"
						}
					}
				}
			}
		},
		"animation.tinkaton_omega.blink": {
			"animation_length": 0.16667,
			"bones": {
				"eyelid_left": {
					"position": {
						"0.0": [0, 0, -1.1],
						"0.125": [0, 0, -1],
						"0.1667": [0, 0, 0]
					}
				},
				"eyelid_right": {
					"position": {
						"0.0": [0, 0, -1.1],
						"0.125": [0, 0, -1.1],
						"0.1667": [0, 0, 0]
					}
				}
			}
		},
		"animation.tinkaton_omega.cry": {
			"animation_length": 1.5,
			"bones": {
				"head": {
					"rotation": {
						"0.0": [0, 0, 0],
						"0.25": [-15, 0, 0],
						"1.25": [-15, 0, 0],
						"1.5": [0, 0, 0]
					}
				}
			}
		}
	}
}