{
	"format_version": "1.8.0",
	"animations": {
		"animation.tinkatuff_omega.ground_idle": {
			"loop": true,
			"bones": {
				"tail2": {
					"rotation": ["-5.7939+math.sin(q.anim_time*90*1-120)*6", 16.66577, -5.41615]
				},
				"tail3": {
					"rotation": ["46.2677+math.sin(q.anim_time*90*1-180)*9", -7.52076, 18.58597]
				},
				"arm_right": {
					"rotation": [-75.29484, 34.89321, -22.85555]
				},
				"blade_right": {
					"rotation": [25, -87.5, -40],
					"position": [1.5, -1.5, 0]
				},
				"arm_left": {
					"rotation": [19.23137, 29.8742, -27.88066],
					"position": [0, 0, -1]
				},
				"leg_right": {
					"rotation": [0, 20, 0],
					"position": [-0.5, 0, 0]
				},
				"leg_left": {
					"rotation": [0, -20, 0],
					"position": [0.25, 0, 0]
				},
				"body": {
					"rotation": [0, 32.5, 0]
				},
				"head": {
					"rotation": [0, -27.5, 0]
				},
				"blade_left": {
					"rotation": [0, -75, 22.5]
				},
				"torso": {
					"rotation": ["-2.5+Math.cos((query.anim_time) * 180 * 2 - 90) * -1", 0, 0],
					"position": [0, "0+Math.cos((query.anim_time) * 180 * 2) * -0.15", 0]
				},
				"tail1": {
					"rotation": ["0+math.sin(q.anim_time*90*1-60)*3", 0, 0]
				}
			}
		},
		"animation.tinkatuff_omega.ground_walk": {
			"loop": true,
			"animation_length": 0.5,
			"bones": {
				"arm_left2": {
					"rotation": [-15, -2.5, 62.5]
				},
				"finger_left3": {
					"rotation": [0, 0, 52.5]
				},
				"arm_right2": {
					"rotation": [0, -70, 0]
				},
				"hammer2": {
					"rotation": [0, 0, 160]
				},
				"ponytail": {
					"rotation": ["0+Math.cos((query.anim_time) * 90 * 8*2-160) * 5", 0, 0]
				},
				"hair3": {
					"rotation": ["0+Math.cos((query.anim_time) * 90 * 8*2-120) * -2", 0, 0]
				},
				"leg_left2": {
					"rotation": {
						"0.0": [-7.75, 0, 0],
						"0.0417": [-10.17, 0, 0],
						"0.125": [0, 0, 0],
						"0.25": [22.5, 0, 0],
						"0.375": [65, 0, 0],
						"0.4167": [57.25, 0, 0],
						"0.5": [-7.75, 0, 0]
					}
				},
				"leg_right2": {
					"rotation": {
						"0.0": [22.5, 0, 0],
						"0.125": [65, 0, 0],
						"0.1667": [57.25, 0, 0],
						"0.25": [-7.75, 0, 0],
						"0.2917": [-10.17, 0, 0],
						"0.375": [0, 0, 0],
						"0.5": [22.5, 0, 0]
					}
				},
				"arm_hammer_right": {
					"rotation": [22.5, -10, -35]
				},
				"arm_hammer_right2": {
					"rotation": [0, -70, 0]
				},
				"tinkatuff": {
					"position": [0, 0, 4]
				},
				"body": {
					"position": {
						"0.0": [0, 0.5, 0],
						"0.0417": [0, 0.455, 0],
						"0.125": [0, 0, 0],
						"0.2083": [0, 0.455, 0],
						"0.25": [0, 0.5, 0],
						"0.2917": [0, 0.455, 0],
						"0.375": [0, 0, 0],
						"0.4583": [0, 0.455, 0],
						"0.5": [0, 0.5, 0]
					}
				},
				"torso": {
					"rotation": ["32.5+Math.cos((query.anim_time) * 90 * 8*2-90) * 3", 0, "0+Math.cos((query.anim_time) * 90 * 8) * -3"],
					"position": [0, "0.5+Math.cos((query.anim_time) * 90 * 8*2) * 0.4", -0.5]
				},
				"head": {
					"rotation": ["-22.5+Math.cos((query.anim_time) * 90 * 8*2-100) * -5", 0, "0+Math.cos((query.anim_time) * 90 * 8) * 3"]
				},
				"arm_right": {
					"rotation": [22.5, -10, -35],
					"position": [0, "0+Math.cos((query.anim_time) * 90 * 8*2-45) * 0.2", 0]
				},
				"blade_right": {
					"rotation": [-155, 0, 0]
				},
				"arm_left": {
					"rotation": [-110, 47.5, 30],
					"position": [0, "0+Math.cos((query.anim_time) * 90 * 8*2-45) * 0.2", 0]
				},
				"leg_right": {
					"rotation": {
						"0.0": [45, 0, 0],
						"0.0833": [33.17, 0, 0],
						"0.125": [5, 0, 0],
						"0.1667": [-16.67, 0, 0],
						"0.25": [-32.5, 0, 0],
						"0.3333": [-16.67, 0, 0],
						"0.375": [2.5, 0, 0],
						"0.4167": [31.42, 0, 0],
						"0.5": [45, 0, 0]
					},
					"position": [0, "0.25+Math.cos((query.anim_time) * 90 * 8-90) * 0.5", -2.25]
				},
				"leg_left": {
					"rotation": {
						"0.0": [-32.5, 0, 0],
						"0.0833": [-16.67, 0, 0],
						"0.125": [2.5, 0, 0],
						"0.1667": [31.42, 0, 0],
						"0.25": [45, 0, 0],
						"0.3333": [33.17, 0, 0],
						"0.375": [5, 0, 0],
						"0.4167": [-16.67, 0, 0],
						"0.5": [-32.5, 0, 0]
					},
					"position": [0, "0.25+Math.cos((query.anim_time) * 90 * 8) * -0.5", -3]
				}
			}
		},
		"animation.tinkatuff_omega.exploded": {
			"loop": true,
			"bones": {
				"torso": {
					"position": [0, 3, 0]
				},
				"head": {
					"position": [0, 5, 0]
				},
				"tail1": {
					"position": [0, 0, 7]
				},
				"tail2": {
					"position": [0, 0, 5]
				},
				"tail3": {
					"position": [0, 5, 0]
				},
				"eye_right": {
					"position": [0, 0, -9]
				},
				"eyelid_right": {
					"position": [0, 0, 3]
				},
				"arm_right": {
					"position": [-7, 0, 0]
				},
				"arm_left": {
					"position": [7, 0, 0]
				},
				"leg_right": {
					"position": [-4, 0, 0]
				},
				"leg_left": {
					"position": [4, 0, 0]
				},
				"blade_right": {
					"position": [-9, 0, 0]
				}
			}
		},
		"animation.tinkatuff_omega.blink": {
			"animation_length": 0.16667,
			"bones": {
				"eyelid_right": {
					"position": {
						"0.0": [0, 0, -1.1],
						"0.125": [0, 0, -1.1],
						"0.1667": [0, 0, 0]
					}
				},
				"eyelid_left": {
					"position": {
						"0.0": [0, 0, -1.1],
						"0.125": [0, 0, -1.1],
						"0.1667": [0, 0, 0]
					}
				}
			}
		}
	}
}