{
	"format_version": "1.8.0",
	"animations": {
		"animation.tinkatuff_delta.ground_idle": {
			"loop": true,
			"bones": {
				"tail": {
					"rotation": [12.5, 0, 0]
				},
				"arm_right2": {
					"rotation": [0, -45, 0]
				},
				"finger_right": {
					"rotation": [0, 0, -5]
				},
				"finger_right2": {
					"rotation": [0, 0, 37.5]
				},
				"arm_left2": {
					"rotation": [0, -15, 55]
				},
				"finger_left": {
					"rotation": [0, 0, -25]
				},
				"finger_left2": {
					"rotation": [20, 0, 0]
				},
				"hand_left": {
					"rotation": [0, 17.5, 0]
				},
				"hand_right": {
					"rotation": [0, -17.5, 0]
				},
				"finger_left3": {
					"rotation": [0, 0, 57.5]
				},
				"finger_right3": {
					"rotation": [0, 0, -20]
				},
				"hammer": {
					"rotation": [-2.18122, -7.58318, 51.29667]
				},
				"skirt_left": {
					"rotation": [-10, 0, "-15+Math.cos((query.anim_time) * 90 * 2 - 150) * 2"]
				},
				"skirt_right": {
					"rotation": [-10, 0, "15+Math.cos((query.anim_time) * 90 * 2 - 150) * -2"]
				},
				"leg_left2": {
					"rotation": [2.5, 0, 0]
				},
				"leg_right2": {
					"rotation": [2.5, 0, 0]
				},
				"mouth_closed": {
					"position": [0, 0, 0]
				},
				"ponytail": {
					"rotation": ["0+Math.cos((query.anim_time) * 90 * 2 - 120) * 1", 0, 0]
				},
				"hair3": {
					"rotation": ["0+Math.cos((query.anim_time) * 90 * 2 - 120) * 1", 0, 0]
				},
				"arm_hammer_right2": {
					"rotation": [0, -45, 0]
				},
				"arm_hammer_right": {
					"rotation": [55.98303, 0.22836, "-40.7651+Math.cos((query.anim_time) * 90 * 2 - 120) * 1"]
				},
				"body": {
					"position": [0, 0.1, 0]
				},
				"torso": {
					"rotation": ["-10+Math.cos((query.anim_time) * 90 * 2 - 90) * -1", 0, 0],
					"position": [0, "-0.25+Math.cos((query.anim_time) * 90 * 2) * -0.15", 0]
				},
				"head": {
					"rotation": ["12.5+Math.cos((query.anim_time) * 90 * 2 - 50) * 2", 0, 0]
				},
				"tail1": {
					"rotation": ["0+Math.cos((query.anim_time) * 90 * 2 - 120) * 2", 0, 0]
				},
				"tail2": {
					"rotation": ["0+Math.cos((query.anim_time) * 90 * 2 - 180) * 2", 0, 0]
				},
				"tail3": {
					"rotation": ["0+Math.cos((query.anim_time) * 90 * 2 - 240) * 5", 0, 0]
				},
				"tail4_left": {
					"rotation": [-17.5, 0, 0]
				},
				"tail5_left": {
					"rotation": [-35, 0, 0]
				},
				"tail4_right": {
					"rotation": [-17.5, 0, 0]
				},
				"tail5_right": {
					"rotation": [-35, 0, 0]
				},
				"arm_right": {
					"rotation": [73.48303, 0.22836, "-40.7651+Math.cos((query.anim_time) * 90 * 2 - 120) * 1"],
					"position": [-0.25, -0.5, 0]
				},
				"chain1": {
					"rotation": ["-67.5+Math.cos((query.anim_time) * 90 * 2 - 45) * 3", 42.5, 0]
				},
				"chain3": {
					"rotation": [0, 32.5, 0]
				},
				"chain5": {
					"rotation": [0, 32.5, 0]
				},
				"chain7": {
					"rotation": [0, 57.5, 0]
				},
				"arm_left": {
					"rotation": [-84.39003, 4.58778, "53.5046+Math.cos((query.anim_time) * 90 * 2 - 120) * 1"]
				},
				"leg_right": {
					"rotation": [0, 12.5, 5]
				},
				"leg_left": {
					"rotation": [0, -12.5, -5]
				}
			}
		},
		"animation.tinkatuff_delta.ground_walk": {
			"loop": true,
			"animation_length": 1,
			"bones": {
				"arm_left2": {
					"rotation": [-11.40353, -10.12052, 73.1839]
				},
				"arm_hammer_right": {
					"rotation": [30, -10, "-35+Math.cos((query.anim_time) * 90 * 8 - 130) * -2"]
				},
				"arm_hammer_right2": {
					"rotation": [0, -60, 0]
				},
				"hammer": {
					"rotation": [15, -10, 0]
				},
				"arm_right2": {
					"rotation": [0, -60, 0]
				},
				"leg_left2": {
					"rotation": {
						"0.0": [22.5, 0, 0],
						"0.125": [0, 0, 0],
						"0.25": [7.5, 0, 0],
						"0.5": [-2.5, 0, 0],
						"0.75": [35, 0, 0],
						"1.0": [22.5, 0, 0]
					}
				},
				"leg_right2": {
					"rotation": {
						"0.0": [-2.5, 0, 0],
						"0.25": [35, 0, 0],
						"0.5": [22.5, 0, 0],
						"0.625": [0, 0, 0],
						"0.75": [7.5, 0, 0],
						"1.0": [-2.5, 0, 0]
					}
				},
				"body": {
					"position": [0, 0.5, 0]
				},
				"torso": {
					"rotation": ["5+Math.cos((query.anim_time) * 90 * 8 - 90) * -2", 0, 0],
					"position": [0, "-0.5+Math.cos((query.anim_time) * 90 * 8) * -0.3", 0]
				},
				"head": {
					"rotation": ["-2.5+Math.cos((query.anim_time) * 90 * 8 - 60) * 2", 0, 0]
				},
				"tail1": {
					"rotation": ["0+Math.cos((query.anim_time) * 90 * 8 - 120) * 2", 0, 0]
				},
				"tail2": {
					"rotation": ["0+Math.cos((query.anim_time) * 90 * 8 - 180) * 2", 0, 0]
				},
				"tail3": {
					"rotation": ["0+Math.cos((query.anim_time) * 90 * 8 - 240) * 5", 0, 0]
				},
				"tail4_left": {
					"rotation": ["0+Math.cos((query.anim_time) * 90 * 8 - 320) * 5", 0, 0]
				},
				"tail5_left": {
					"rotation": [-15, 0, 0]
				},
				"tail4_right": {
					"rotation": ["0+Math.cos((query.anim_time) * 90 * 8 - 320) * 5", 0, 0]
				},
				"tail5_right": {
					"rotation": [-15, 0, 0]
				},
				"arm_right": {
					"rotation": [85, "-7.5+Math.cos((query.anim_time) * 90 * 4 - 130) * 10", -52.5]
				},
				"trident": {
					"rotation": [0, 45, 0]
				},
				"chain1": {
					"rotation": [-80, 0, "0+Math.cos((query.anim_time) * 90 * 4 - 200) * -10"]
				},
				"chain2": {
					"rotation": [0, "22.5+Math.cos((query.anim_time) * 90 * 4 - 290) * 10", 0]
				},
				"chain3": {
					"rotation": [-7.5, 0, 0]
				},
				"chain4": {
					"rotation": [0, -10, 0]
				},
				"chain5": {
					"rotation": [0, -7.5, 0]
				},
				"chain7": {
					"rotation": [0, "0+Math.cos((query.anim_time) * 90 * 4 - 380) * -10", 0]
				},
				"arm_left": {
					"rotation": [20, "7.5+Math.cos((query.anim_time) * 90 * 4 - 130) * 10", 52.5]
				},
				"leg_right": {
					"rotation": {
						"0.0": [10, 0.825, 0],
						"0.25": [-10, 5, 0],
						"0.375": [-8.75, 6.25, 0],
						"0.5": [-3.75, 1.25, 0],
						"0.625": [-0.75, 0.275, 0],
						"0.75": [0, 0, 0],
						"1.0": [10, 0.825, 0]
					},
					"position": {
						"0.0": [0, 0, 0.75],
						"0.125": [0, 0.75, 0.5],
						"0.25": [0, 1, -0.05],
						"0.375": [0, 0.75, -0.575],
						"0.5": [0, 0, -0.825],
						"0.5417": [0, -0.275, -0.74],
						"0.625": [0, 0, -0.575],
						"0.875": [0, 0, 0.42],
						"1.0": [0, 0, 0.75]
					}
				},
				"leg_left": {
					"rotation": {
						"0.0": [-3.75, -1.25, 0],
						"0.125": [-0.75, -0.275, 0],
						"0.25": [0, 0, 0],
						"0.5": [10, -0.825, 0],
						"0.75": [-10, -5, 0],
						"0.875": [-8.75, -6.25, 0],
						"1.0": [-3.75, -1.25, 0]
					},
					"position": {
						"0.0": [0, 0, -0.825],
						"0.0417": [0, -0.275, -0.74],
						"0.125": [0, 0, -0.575],
						"0.375": [0, 0, 0.42],
						"0.5": [0, 0, 0.75],
						"0.625": [0, 0.75, 0.5],
						"0.75": [0, 1, -0.05],
						"0.875": [0, 0.75, -0.575],
						"1.0": [0, 0, -0.825]
					}
				}
			}
		},
		"animation.tinkatuff_delta.water_idle": {
			"loop": true,
			"bones": {
				"tail": {
					"rotation": [12.5, 0, 0]
				},
				"arm_right2": {
					"rotation": [0, -45, 0]
				},
				"finger_right": {
					"rotation": [0, 0, -5]
				},
				"finger_right2": {
					"rotation": [0, 0, 37.5]
				},
				"arm_left2": {
					"rotation": [0, -15, 55]
				},
				"finger_left": {
					"rotation": [0, 0, -25]
				},
				"finger_left2": {
					"rotation": [20, 0, 0]
				},
				"hand_left": {
					"rotation": [0, 17.5, 0]
				},
				"hand_right": {
					"rotation": [0, -17.5, 0]
				},
				"finger_left3": {
					"rotation": [0, 0, 57.5]
				},
				"finger_right3": {
					"rotation": [0, 0, -20]
				},
				"hammer": {
					"rotation": [-2.18122, -7.58318, 51.29667]
				},
				"skirt_left": {
					"rotation": [-10, 0, "-15+Math.cos((query.anim_time) * 90 * 2 - 150) * 2"]
				},
				"skirt_right": {
					"rotation": [-10, 0, "15+Math.cos((query.anim_time) * 90 * 2 - 150) * -2"]
				},
				"leg_left2": {
					"rotation": [2.5, 0, 0]
				},
				"leg_right2": {
					"rotation": [2.5, 0, 0]
				},
				"mouth_closed": {
					"position": [0, 0, 0]
				},
				"ponytail": {
					"rotation": ["0+Math.cos((query.anim_time) * 90 * 2 - 120) * 1", 0, 0]
				},
				"hair3": {
					"rotation": ["0+Math.cos((query.anim_time) * 90 * 2 - 120) * 1", 0, 0]
				},
				"arm_hammer_right2": {
					"rotation": [0, -45, 0]
				},
				"arm_hammer_right": {
					"rotation": [55.98303, 0.22836, "-40.7651+Math.cos((query.anim_time) * 90 * 2 - 120) * 1"]
				},
				"body": {
					"rotation": [30, 0, 0],
					"position": [0, "-1.9+Math.cos((query.anim_time) * 90 * 2) * -0.15", 0]
				},
				"torso": {
					"rotation": ["-10+Math.cos((query.anim_time) * 90 * 2 - 90) * -1", 0, 0],
					"position": [0, -0.25, 0]
				},
				"head": {
					"rotation": ["-15+Math.cos((query.anim_time) * 90 * 2 - 50) * 2", 0, 0]
				},
				"tail1": {
					"rotation": ["0+Math.cos((query.anim_time) * 90 * 2 - 120) * 2", 0, 0]
				},
				"tail2": {
					"rotation": ["0+Math.cos((query.anim_time) * 90 * 2 - 180) * 2", 0, 0]
				},
				"tail3": {
					"rotation": ["0+Math.cos((query.anim_time) * 90 * 2 - 240) * 5", 0, 0]
				},
				"tail4_left": {
					"rotation": [-17.5, 0, 0]
				},
				"tail5_left": {
					"rotation": [-35, 0, 0]
				},
				"tail4_right": {
					"rotation": [-17.5, 0, 0]
				},
				"tail5_right": {
					"rotation": [-35, 0, 0]
				},
				"arm_right": {
					"rotation": [100.98303, 0.22836, "-40.7651+Math.cos((query.anim_time) * 90 * 2 - 120) * 1"],
					"position": [-0.25, -0.5, 0]
				},
				"chain1": {
					"rotation": ["-120+Math.cos((query.anim_time) * 90 * 2 - 45) * -3", 42.5, 0]
				},
				"chain3": {
					"rotation": [0, 32.5, 0]
				},
				"chain5": {
					"rotation": ["0+Math.cos((query.anim_time) * 90 * 2 - 135) * -10", 32.5, 0]
				},
				"chain7": {
					"rotation": [0, 57.5, 0]
				},
				"arm_left": {
					"rotation": [-84.39003, 4.58778, "53.5046+Math.cos((query.anim_time) * 90 * 2 - 120) * 1"]
				},
				"leg_right": {
					"rotation": [32.5, 12.5, 5]
				},
				"leg_left": {
					"rotation": [32.5, -12.5, -5]
				}
			}
		},
		"animation.tinkatuff_delta.water_swim": {
			"loop": true,
			"bones": {
				"body": {
					"rotation": ["85+Math.cos((query.anim_time) * 90 * 8 - 90) * -2", 0, 0],
					"position": [0, "-1.75+Math.cos((query.anim_time) * 90 * 8) * -0.2", 0]
				},
				"torso": {
					"rotation": [0, 0, "0+Math.cos((query.anim_time) * 90 * 2 - 30) * 4 "]
				},
				"head": {
					"rotation": ["-80+Math.cos((query.anim_time) * 90 * 8 - 30) * -2", 0, "0+Math.cos((query.anim_time) * 90 * 2) * -3 "],
					"position": [0, 1.75, -1.25]
				},
				"tail1": {
					"rotation": ["-30+Math.cos((query.anim_time) * 90 * 8 - 120) * -3", 0, 0]
				},
				"tail2": {
					"rotation": ["37.5+Math.cos((query.anim_time) * 90 * 8 - 210) * -6", 0, 0]
				},
				"tail3": {
					"rotation": ["12.5+Math.cos((query.anim_time) * 90 * 8 - 300) * -12", 0, 0]
				},
				"tail4_left": {
					"rotation": ["0+Math.cos((query.anim_time) * 90 * 8 - 390) * -6", 0, 0]
				},
				"tail5_left": {
					"rotation": [-20, 0, 0]
				},
				"tail4_right": {
					"rotation": ["0+Math.cos((query.anim_time) * 90 * 8 - 390) * -6", 0, 0]
				},
				"tail5_right": {
					"rotation": [-20, 0, 0]
				},
				"arm_right": {
					"rotation": [0, 0, -67.5],
					"position": [0.25, -0.75, 0]
				},
				"trident": {
					"rotation": [-5, -40, -72.5]
				},
				"chain1": {
					"rotation": [0, -162.5, 0]
				},
				"chain2": {
					"rotation": [0, 32.5, 12.5]
				},
				"chain3": {
					"rotation": [0, 42.5, 0]
				},
				"chain4": {
					"rotation": [0, 22.5, 0]
				},
				"chain5": {
					"rotation": [0, 27.5, 0]
				},
				"chain6": {
					"rotation": [0, 7.5, 0]
				},
				"chain7": {
					"rotation": [0, 17.5, 0]
				},
				"chain8": {
					"rotation": [0, 10, 0]
				},
				"arm_left": {
					"rotation": [0, 0, 67.5],
					"position": [-0.25, -0.75, 0]
				},
				"leg_right": {
					"rotation": ["12.5+Math.cos((query.anim_time) * 90 * 8 - 30) * -20", 0, 0]
				},
				"leg_left": {
					"rotation": ["12.5+Math.cos((query.anim_time) * 90 * 8 - 30) * 20", 0, 0]
				}
			}
		},
		"animation.tinkatuff_delta.sleep": {
			"loop": true,
			"bones": {
				"body": {
					"rotation": [87.5, 0, 0],
					"position": [0, -3, 0]
				},
				"torso": {
					"rotation": ["0+Math.cos((query.anim_time) * 90 * 1) * 1", 0, 0]
				},
				"head": {
					"rotation": ["-80+Math.cos((query.anim_time) * 90 * 1) * -1", 0, 0],
					"position": [0, 2, -1.75]
				},
				"tail1": {
					"rotation": [-32.5, 0, 0]
				},
				"tail2": {
					"rotation": [25, 12.5, 0]
				},
				"tail3": {
					"rotation": ["0+Math.cos((query.anim_time) * 90 * 1) * 1", 0, 12.5]
				},
				"tail4_left": {
					"rotation": [-22.5, 0, 0]
				},
				"tail5_left": {
					"rotation": [35, 0, 0]
				},
				"tail4_right": {
					"rotation": [-2.5, 0, 17.5]
				},
				"tail5_right": {
					"rotation": [20, 0, 0]
				},
				"eyelid_left": {
					"position": [0, 0, -1.025]
				},
				"eyelid_right": {
					"position": [0, 0, -1.025]
				},
				"arm_right": {
					"rotation": [0, -22.5, 15]
				},
				"trident": {
					"rotation": ["-5+Math.cos((query.anim_time) * 90 * 1) * -1", 17.5, -17.5]
				},
				"chain1": {
					"rotation": [-87.5, 0, 0]
				},
				"chain4": {
					"rotation": [0, 20, 0]
				},
				"chain6": {
					"rotation": [0, 37.5, 0]
				},
				"arm_left": {
					"rotation": [0, 22.5, -15]
				},
				"leg_right": {
					"rotation": [25, 0, 27.5]
				},
				"leg_left": {
					"rotation": [25, 0, -27.5]
				}
			}
		},
		"animation.tinkatuff_delta.blink": {
			"animation_length": 0.16667,
			"bones": {
				"eyelid_left": {
					"position": {
						"0.0": [0, 0, -1],
						"0.125": [0, 0, -1],
						"0.1667": [0, 0, 0]
					}
				},
				"eyelid_right": {
					"position": {
						"0.0": [0, 0, -1],
						"0.125": [0, 0, -1],
						"0.1667": [0, 0, 0]
					}
				}
			}
		},
		"animation.tinkatuff_delta.pose": {
			"loop": true,
			"bones": {
				"tail2": {
					"rotation": [-5.79388, 16.66577, -5.41615]
				},
				"tail3": {
					"rotation": [46.26765, -7.52076, 18.58597]
				},
				"tail4_left": {
					"rotation": [17.5, 0, 0]
				},
				"tail5_left": {
					"rotation": [50, 0, 0]
				},
				"tail4_right": {
					"rotation": [22.5, 0, 0]
				},
				"tail5_right": {
					"rotation": [35, 0, 0]
				},
				"arm_right": {
					"rotation": [50, 0, 42.5]
				},
				"trident": {
					"rotation": [0, -87.5, -40],
					"position": [1.5, -1.5, 0]
				},
				"chain1": {
					"rotation": [30.48811, 75.4534, 121.31066]
				},
				"chain2": {
					"rotation": [17.5, 0, 0]
				},
				"chain3": {
					"rotation": [17.5, 0, 0]
				},
				"chain4": {
					"rotation": [22.5, 0, 0]
				},
				"chain7": {
					"rotation": [2.5, 0, 0]
				},
				"chain8": {
					"rotation": [-7.5, 0, -35]
				},
				"arm_left": {
					"rotation": [90, 0, -25]
				},
				"leg_right": {
					"rotation": [20, 0, 0],
					"position": [0, 0.75, 0]
				},
				"leg_left": {
					"rotation": [-35, 0, 0],
					"position": [0, 0, -0.5]
				}
			}
		},
		"animation.tinkatuff_delta.exploded": {
			"loop": true,
			"bones": {
				"torso": {
					"position": [0, 3, 0]
				},
				"shell_right": {
					"position": [-4, 0, 0]
				},
				"shell_left": {
					"position": [4, 0, 0]
				},
				"head": {
					"position": [0, 5, 0]
				},
				"tail1": {
					"position": [0, 0, 7]
				},
				"tail2": {
					"position": [0, 0, 5]
				},
				"tail3": {
					"position": [0, 5, 0]
				},
				"tail4_left": {
					"position": [4, 0, 0]
				},
				"tail4_right": {
					"position": [-5, 0, 0]
				},
				"eye_left": {
					"position": [0, 0, -9]
				},
				"eyelid_left": {
					"position": [0, 0, 3]
				},
				"eye_right": {
					"position": [0, 0, -9]
				},
				"eyelid_right": {
					"position": [0, 0, 3]
				},
				"arm_right": {
					"position": [-7, 0, 0]
				},
				"arm_left": {
					"position": [7, 0, 0]
				},
				"leg_right": {
					"position": [-4, 0, 0]
				},
				"leg_left": {
					"position": [4, 0, 0]
				},
				"trident": {
					"position": [-9, 0, 0]
				}
			}
		}
	}
}