{
	"format_version": "1.8.0",
	"animations": {
		"animation.trainer_generic.idle": {
			"loop": true,
			"bones": {
				"torso": {
					"rotation": ["2.5-math.sin(q.anim_time*90*2.5-45)*0.75", 0, 0],
					"position": [0, "-math.sin(q.anim_time*90*2.5-45)*0.10", 0]
				},
				"head": {
					"rotation": [0, 0, 0]
				},
				"arm_ball": {
					"rotation": [0, "10-math.sin(q.anim_time*90*2.5+45)", 5]
				},
				"pokeball": {
					"scale": 0
				},
				"arm_left": {
					"rotation": [0, "-12.5+math.sin(q.anim_time*90*2.5+45)*2", -5]
				},
				"leg_right": {
					"rotation": [0, 7.5, 0],
					"position": [-0.2, 0, 0]
				},
				"leg_left": {
					"rotation": [0, -7.5, 0],
					"position": [0.2, 0, 0]
				}
			}
		},
		"animation.trainer_generic.walk": {
			"loop": true,
			"animation_length": 1,
			"bones": {
				"body": {
					"position": {
						"0.0": {
							"post": [0, 0, 0],
							"lerp_mode": "catmullrom"
						},
						"0.0833": {
							"post": [0, 0, 0],
							"lerp_mode": "catmullrom"
						},
						"0.1667": {
							"post": [0, 0.8, 0],
							"lerp_mode": "catmullrom"
						},
						"0.625": {
							"post": [0, 0, 0],
							"lerp_mode": "catmullrom"
						},
						"0.7083": {
							"post": [0, 0.625, 0],
							"lerp_mode": "catmullrom"
						},
						"1.0": {
							"post": [0, 0, 0],
							"lerp_mode": "catmullrom"
						}
					}
				},
				"head": {
					"rotation": {
						"0.0": {
							"post": [-2.5, 0, 0],
							"lerp_mode": "catmullrom"
						},
						"0.2917": {
							"post": [5, 0, 0],
							"lerp_mode": "catmullrom"
						},
						"1.0": {
							"post": [-2.5, 0, 0],
							"lerp_mode": "catmullrom"
						}
					}
				},
				"arm_ball": {
					"rotation": {
						"0.0": {
							"post": [-25, 0, 0],
							"lerp_mode": "catmullrom"
						},
						"0.5": {
							"post": [22.5, 0, 0],
							"lerp_mode": "catmullrom"
						},
						"1.0": {
							"post": [-25, 0, 0],
							"lerp_mode": "catmullrom"
						}
					}
				},
				"arm_left": {
					"rotation": {
						"0.0": {
							"post": [22.5, 0, 0],
							"lerp_mode": "catmullrom"
						},
						"0.5": {
							"post": [-25, 0, 0],
							"lerp_mode": "catmullrom"
						},
						"1.0": {
							"post": [22.5, 0, 0],
							"lerp_mode": "catmullrom"
						}
					}
				},
				"leg_right": {
					"rotation": {
						"0.0": {
							"post": [15, 0, 0],
							"lerp_mode": "catmullrom"
						},
						"0.5": {
							"post": [-13, 0, 0],
							"lerp_mode": "catmullrom"
						},
						"1.0": {
							"post": [15, 0, 0],
							"lerp_mode": "catmullrom"
						}
					},
					"position": {
						"0.0": {
							"post": [0, 0, 0.925],
							"lerp_mode": "catmullrom"
						},
						"0.5": {
							"post": [0.3, 1.225, -1.65],
							"lerp_mode": "catmullrom"
						},
						"0.625": {
							"post": [0.22, -0.08, -1.01],
							"lerp_mode": "catmullrom"
						},
						"1.0": {
							"post": [0, 0, 0.925],
							"lerp_mode": "catmullrom"
						}
					}
				},
				"leg_left": {
					"rotation": {
						"0.0": {
							"post": [-13, 0, 0],
							"lerp_mode": "catmullrom"
						},
						"0.5": {
							"post": [15, 0, 0],
							"lerp_mode": "catmullrom"
						},
						"1.0": {
							"post": [-13, 0, 0],
							"lerp_mode": "catmullrom"
						}
					},
					"position": {
						"0.0": {
							"post": [0.3, 1.225, -1.65],
							"lerp_mode": "catmullrom"
						},
						"0.125": {
							"post": [0.22, -0.08, -1.01],
							"lerp_mode": "catmullrom"
						},
						"0.5": {
							"post": [0, 0, 0.925],
							"lerp_mode": "catmullrom"
						},
						"1.0": {
							"post": [0.3, 1.225, -1.65],
							"lerp_mode": "catmullrom"
						}
					}
				}
			}
		},
		"animation.trainer_generic.idle_battle": {
			"loop": true,
			"bones": {
				"arm_right": {
					"position": [0, 0.1, 0]
				},
				"torso": {
					"rotation": ["-1.538-math.sin(q.anim_time*90*2.5-45)*0.75", 0.02091, -0.43359],
					"position": [0, "-math.sin(q.anim_time*90*2.5-45)*0.15", 0]
				},
				"head": {
					"rotation": [6.45148, -17.49725, 0.31528]
				},
				"arm_left": {
					"rotation": ["2.5+Math.cos((query.anim_time) * 90 * 2) * 6", 0, "-3.5-2*(math.sin(q.anim_time*90*1-90)*1+1)"],
					"position": [0, 0.1, 0]
				},
				"leg_right": {
					"rotation": [0, 8, 0.5],
					"position": [-0.2, 0, 0]
				},
				"leg_left": {
					"rotation": [0, -8, -0.5],
					"position": [0.2, 0, 0]
				},
				"body": {
					"rotation": [0, 32.5, 0]
				},
				"arm_ball": {
					"rotation": ["-2.4283-Math.cos((query.anim_time) * 90 * 2) * 6", 1.10547, 7.41854]
				}
			}
		}
	}
}