{
	"format_version": "1.8.0",
	"animations": {
		"animation.volcarona_delta.exploded": {
			"loop": true,
			"bones": {
				"wing_left_bot": {
					"position": [27, 0, 0]
				},
				"wing_left_top": {
					"position": [18, 0, 0]
				},
				"wing_right_bot": {
					"position": [-27, 0, 0]
				},
				"wing_right_top": {
					"position": [-30, 0, 0]
				}
			}
		},
		"animation.volcarona_delta.pose": {
			"loop": true
		},
		"animation.volcarona_delta.ground_idle": {
			"loop": true,
			"bones": {
				"body": {
					"rotation": ["0+Math.cos((query.anim_time) * 90 * 2 - 90) * -1", 0, "0+Math.cos((query.anim_time) * 90 * 1 - 90) * -3"],
					"position": [0, "0+Math.cos((query.anim_time) * 90 * 2) * 0.4", 0]
				},
				"wing_left_bot": {
					"rotation": [0, "0+Math.cos((query.anim_time) * 90 * 1 - 130) * -3", 0]
				},
				"wing_left_top": {
					"rotation": [0, "0+Math.cos((query.anim_time) * 90 * 1 - 130) * -3", 0]
				},
				"wing_right_bot": {
					"rotation": [0, "0-Math.cos((query.anim_time) * 90 * 1 - 130) * -3", 0]
				},
				"wing_right_top": {
					"rotation": [0, "0-Math.cos((query.anim_time) * 90 * 1 - 130) * -3", 0]
				},
				"abdomen1": {
					"rotation": ["0+Math.cos((query.anim_time) * 90 * 1 - 130) * -1", 0, 0]
				}
			}
		},
		"animation.volcarona_delta.ground_walk": {
			"loop": true,
			"bones": {
				"body": {
					"rotation": ["0+Math.cos((query.anim_time) * 90 * 4 - 90) * 3", "0+Math.cos((query.anim_time) * 90 * 1) * 5", 0],
					"position": [0, "0+Math.cos((query.anim_time) * 90 * 4) * 0.8", 0]
				},
				"wing_left_bot": {
					"rotation": [0, "0+Math.cos((query.anim_time) * 90 * 4) * 2.8", 0]
				},
				"wing_left_top": {
					"rotation": [0, "0+Math.cos((query.anim_time) * 90 * 4) * 2.8", 0]
				},
				"wing_right_bot": {
					"rotation": [0, "0-Math.cos((query.anim_time) * 90 * 4) * 2.8", 0]
				},
				"wing_right_top": {
					"rotation": [0, "0-Math.cos((query.anim_time) * 90 * 4) * 2.8", 0]
				}
			}
		}
	}
}