{
	"format_version": "1.8.0",
	"animations": {
		"animation.whirlingabyss.ground_idle": {
			"loop": true,
			"bones": {
				"body": {
					"rotation": ["85+Math.cos((query.anim_time) * 90 * 1 - 90) * -2", 0, 0],
					"position": [0, "0+Math.cos((query.anim_time) * 90 * 1 - 30) * 4", 0]
				},
				"torso": {
					"rotation": [-35, 0, 0]
				},
				"chest": {
					"rotation": [-12.5, 0, 0]
				},
				"neck": {
					"rotation": ["-35-Math.cos((query.anim_time) * 90 * 1 - 90) * -2", 0, 0]
				},
				"neck3": {
					"rotation": [22.5, 0, 0]
				},
				"neck4": {
					"rotation": [27.5, 0, 0]
				},
				"wing_left": {
					"rotation": [-21.2288, "22.754+Math.cos((query.anim_time) * 90 * 1) * 5", "21.9512+Math.cos((query.anim_time) * 90 * 1) * 5"]
				},
				"finger_left": {
					"rotation": [-1.37833, -39.97095, 3.15157]
				},
				"finger_left2": {
					"rotation": [0, -5, 0]
				},
				"finger_left3": {
					"rotation": [-2.74715, 12.19908, -12.79362]
				},
				"finger_left4": {
					"rotation": [-5.72511, 29.4987, -11.50839]
				},
				"tail": {
					"rotation": [20, 0, 0]
				},
				"tail2": {
					"rotation": [40, 0, 0]
				},
				"tail3": {
					"rotation": [25, 0, 0]
				},
				"tail4": {
					"rotation": [-17.5, 0, 0]
				},
				"tail6": {
					"rotation": [-25, 0, 0]
				},
				"tail7": {
					"rotation": [27.5, 0, 0]
				},
				"tail5": {
					"rotation": [-20, 0, 0]
				},
				"bone": {
					"rotation": [22.5, 0, 0]
				},
				"neck2": {
					"rotation": ["-30-Math.cos((query.anim_time) * 90 * 1 - 130) * -2 ", 0, 0]
				},
				"neck5": {
					"rotation": [25, 0, 0]
				},
				"finger_left2_2": {
					"rotation": [-1.3378, -14.94159, 5.17544]
				},
				"finger_left3_2": {
					"rotation": [-1.6575, -12.39135, 7.67995]
				},
				"wing_left2": {
					"rotation": [0, 15, 15]
				},
				"wing_left3": {
					"rotation": [0, 12.5, -7.5]
				},
				"hand_left": {
					"rotation": [0, -2.5, -5]
				},
				"finger_left1_2": {
					"rotation": [-3.31914, -14.63639, 12.92638]
				},
				"finger_left4_2": {
					"rotation": [-2.20462, -12.3071, 10.23772]
				},
				"head": {
					"rotation": [-32.5, 0, 0]
				},
				"jaw": {
					"rotation": [0, 0, 0]
				},
				"scale_eye_left2": {
					"rotation": [0, 15, 0]
				},
				"scale_eye_left3": {
					"rotation": [15, 17.5, 0]
				},
				"scale_eye_left4": {
					"rotation": [0, -32.5, 0]
				},
				"spike_left": {
					"rotation": [-27.5, 0, 0]
				},
				"torso_spike_left2": {
					"rotation": [-25, 0, 0]
				},
				"torso_spike_right2": {
					"rotation": [-25, 0, 0]
				},
				"torso_spike_right3": {
					"rotation": [-37.5, 0, 0]
				},
				"abyssal_wyrm": {
					"position": [19, 0, 0]
				},
				"tail_spike_left3": {
					"rotation": [0, 0, 27.5]
				},
				"tail_spike_left4": {
					"rotation": [0, 0, -35]
				},
				"wing_right": {
					"rotation": [-22.5, "-10+Math.cos((query.anim_time) * 90 * 1) * -5", "-35+Math.cos((query.anim_time) * 90 * 1) * -5"]
				},
				"wing_right2": {
					"rotation": [0, -15, -15]
				},
				"wing_right3": {
					"rotation": [0, -12.5, 7.5]
				},
				"hand_right": {
					"rotation": [0, 2.5, 5]
				},
				"finger_right": {
					"rotation": [-1.37833, 39.97095, -3.15157]
				},
				"finger_right1_2": {
					"rotation": [-3.31914, 14.63639, -12.92638]
				},
				"finger_right2": {
					"rotation": [0, 5, 0]
				},
				"finger_right2_2": {
					"rotation": [-1.3378, 14.94159, -5.17544]
				},
				"finger_right3": {
					"rotation": [-2.74715, -12.19908, 12.79362]
				},
				"finger_right3_2": {
					"rotation": [-1.6575, 12.39135, -7.67995]
				},
				"finger_right4": {
					"rotation": [-5.72511, -29.4987, 11.50839]
				},
				"finger_right4_2": {
					"rotation": [-2.20462, 12.3071, -10.23772]
				}
			}
		},
		"animation.whirlingabyss.ground_walk": {
			"loop": true,
			"bones": {
				"body": {
					"rotation": [85, 0, 0]
				},
				"torso": {
					"rotation": [-35, 0, 0]
				},
				"chest": {
					"rotation": [-12.5, 0, 0]
				},
				"neck": {
					"rotation": [-35, 0, 0]
				},
				"neck3": {
					"rotation": [22.5, 0, 0]
				},
				"neck4": {
					"rotation": [27.5, 0, 0]
				},
				"wing_left": {
					"rotation": [-21.2288, 22.75402, 21.95123]
				},
				"finger_left": {
					"rotation": [-1.37833, -39.97095, 3.15157]
				},
				"finger_left2": {
					"rotation": [0, -5, 0]
				},
				"finger_left3": {
					"rotation": [-2.74715, 12.19908, -12.79362]
				},
				"finger_left4": {
					"rotation": [-5.72511, 29.4987, -11.50839]
				},
				"tail": {
					"rotation": [20, 0, 0]
				},
				"tail2": {
					"rotation": [40, 0, 0]
				},
				"tail3": {
					"rotation": [25, 0, 0]
				},
				"tail4": {
					"rotation": [-17.5, 0, 0]
				},
				"tail6": {
					"rotation": [-25, 0, 0]
				},
				"tail7": {
					"rotation": [27.5, 0, 0]
				},
				"tail5": {
					"rotation": [-20, 0, 0]
				},
				"bone": {
					"rotation": [22.5, 0, 0]
				},
				"neck2": {
					"rotation": [-30, 0, 0]
				},
				"neck5": {
					"rotation": [25, 0, 0]
				},
				"finger_left2_2": {
					"rotation": [-1.3378, -14.94159, 5.17544]
				},
				"finger_left3_2": {
					"rotation": [-1.6575, -12.39135, 7.67995]
				},
				"wing_left2": {
					"rotation": [0, 15, 15]
				},
				"wing_left3": {
					"rotation": [0, 12.5, -7.5]
				},
				"hand_left": {
					"rotation": [0, -2.5, -5]
				},
				"finger_left1_2": {
					"rotation": [-3.31914, -14.63639, 12.92638]
				},
				"finger_left4_2": {
					"rotation": [-2.20462, -12.3071, 10.23772]
				},
				"head": {
					"rotation": [-57.5, 0, 0]
				},
				"jaw": {
					"rotation": [37.5, 0, 0]
				},
				"scale_eye_left2": {
					"rotation": [0, 15, 0]
				},
				"scale_eye_left3": {
					"rotation": [15, 17.5, 0]
				},
				"scale_eye_left4": {
					"rotation": [0, -32.5, 0]
				},
				"spike_left": {
					"rotation": [-27.5, 0, 0]
				},
				"torso_spike_left2": {
					"rotation": [-25, 0, 0]
				},
				"torso_spike_right2": {
					"rotation": [-25, 0, 0]
				},
				"torso_spike_right3": {
					"rotation": [-37.5, 0, 0]
				},
				"abyssal_wyrm": {
					"position": [19, 0, 0]
				},
				"tail_spike_left3": {
					"rotation": [0, 0, 27.5]
				},
				"tail_spike_left4": {
					"rotation": [0, 0, -35]
				},
				"wing_right": {
					"rotation": [-22.5, -10, -35]
				},
				"wing_right2": {
					"rotation": [0, -15, -15]
				},
				"wing_right3": {
					"rotation": [0, -12.5, 7.5]
				},
				"hand_right": {
					"rotation": [0, 2.5, 5]
				},
				"finger_right": {
					"rotation": [-1.37833, 39.97095, -3.15157]
				},
				"finger_right1_2": {
					"rotation": [-3.31914, 14.63639, -12.92638]
				},
				"finger_right2": {
					"rotation": [0, 5, 0]
				},
				"finger_right2_2": {
					"rotation": [-1.3378, 14.94159, -5.17544]
				},
				"finger_right3": {
					"rotation": [-2.74715, -12.19908, 12.79362]
				},
				"finger_right3_2": {
					"rotation": [-1.6575, 12.39135, -7.67995]
				},
				"finger_right4": {
					"rotation": [-5.72511, -29.4987, 11.50839]
				},
				"finger_right4_2": {
					"rotation": [-2.20462, 12.3071, -10.23772]
				}
			}
		}
	}
}