{
	"format_version": "1.8.0",
	"animations": {
		"animation.wooper.ground_idle": {
			"loop": true,
			"bones": {
				"tail": {
					"rotation": ["-7.5+10*math.sin(q.anim_time*90*5-180)", 0, 0]
				},
				"tail2": {
					"rotation": ["12.5+10*math.sin(q.anim_time*90*5-270)", 0, 0]
				},
				"head": {
					"rotation": ["3*math.sin(q.anim_time*90*5-90)", 0, 0],
					"position": [0, "-0.1*math.sin(q.anim_time*90*5)-0.1", 0]
				},
				"gills_left": {
					"rotation": ["2*math.sin(q.anim_time*90*5-135)", 0, 0]
				},
				"gills_right": {
					"rotation": ["2*math.sin(q.anim_time*90*5-135)", 0, 0]
				},
				"foot_right": {
					"rotation": ["5+5*math.sin(q.anim_time*90*5-90)", 7.5, 0],
					"position": [0, "0.4 -0.4*math.sin(q.anim_time*90*5+90)", "-0.125 + 0.125*math.sin(q.anim_time*90*5+90)"]
				},
				"foot_left": {
					"rotation": ["5+5*math.sin(q.anim_time*90*5-90)", -7.5, 0],
					"position": [0, "0.4 -0.4*math.sin(q.anim_time*90*5+90)", "-0.125 + 0.125*math.sin(q.anim_time*90*5+90)"]
				},
				"torso": {
					"rotation": ["2*math.sin(q.anim_time*90*5)", 0, 0],
					"position": [0, "0.3*math.sin(q.anim_time*90*5-90)", "-0.15+0.15*math.sin(q.anim_time*90*2.5+90)"]
				}
			}
		},
		"animation.wooper.ground_walk": {
			"loop": true,
			"bones": {
				"head": {
					"rotation": ["10*math.sin(q.anim_time*90*8.2-180)", 0, 0],
					"position": [0, "0.5*math.sin(q.anim_time*90*8.2-180)-0.25", 0]
				},
				"gills_left": {
					"rotation": ["5*math.sin(q.anim_time*90*8.2-90)", "-7.5 - 15*math.sin(q.anim_time*90*8.2-90)", "math.sin(q.anim_time*90*4.1*2)*10"]
				},
				"gills_right": {
					"rotation": ["5*math.sin(q.anim_time*90*8.2-90)", "7.5 + 15*math.sin(q.anim_time*90*8.2-90)", "math.sin(q.anim_time*90*4.1*2)*-10"]
				},
				"tail": {
					"rotation": ["30*math.sin(q.anim_time*90*8.2-180-30)", 0, 0]
				},
				"tail2": {
					"rotation": ["math.clamp(20*math.sin(q.anim_time*90*8.2-180-90),-20,20)", 0, 0]
				},
				"body": {
					"position": [
						0,
						"7*math.clamp(math.abs(math.sin(q.anim_time*90*4.1)),0.4,1)-2.8",
						"-3.5*math.sin(q.anim_time*90*8.2-180+math.sin(q.anim_time*90*8.2-180)*-20)"
					]
				},
				"foot_left": {
					"rotation": ["-5+math.clamp(120*math.sin(q.anim_time*90*8.2-30),-20,120)+math.clamp(60*math.sin(q.anim_time*90*8.2-30),-120,-10)", -12.5, 0],
					"position": [0, "3*math.abs(math.sin(q.anim_time*90*4.1))", "-1.6+1.5*math.sin(q.anim_time*90*8.2)"]
				},
				"foot_right": {
					"rotation": ["-5+math.clamp(120*math.sin(q.anim_time*90*8.2-30),-20,120)+math.clamp(60*math.sin(q.anim_time*90*8.2-30),-120,-10)", 12.5, 0],
					"position": [0, "3*math.abs(math.sin(q.anim_time*90*4.1))", "-1.6+1.5*math.sin(q.anim_time*90*8.2)"]
				},
				"torso": {
					"rotation": ["2.5+7.5*math.sin(q.anim_time*90*8.2-270)", 0, 0],
					"position": [0, "5*math.clamp(math.abs(math.sin(q.anim_time*90*4.1)),0.4,1)-2.0", 0]
				}
			}
		},
		"animation.wooper.water_idle": {
			"loop": true,
			"bones": {
				"head": {
					"rotation": [-10, 0, 0]
				},
				"tail": {
					"rotation": [-30, 0, 0]
				},
				"tail2": {
					"rotation": [7.5, 0, 0]
				},
				"foot_left": {
					"rotation": [15, 0, 0]
				},
				"foot_right": {
					"rotation": [15, 0, 0]
				},
				"torso": {
					"rotation": [15, 0, 0]
				}
			}
		},
		"animation.wooper.water_swim": {
			"loop": true,
			"bones": {
				"head": {
					"rotation": [-45, 0, 0]
				},
				"tail": {
					"rotation": [-60, 0, 0]
				},
				"tail2": {
					"rotation": [7.5, 0, 0]
				},
				"gills_left": {
					"rotation": [0, -15, 0]
				},
				"gills_right": {
					"rotation": [0, 15, 0]
				},
				"foot_left": {
					"rotation": [30, 0, 0]
				},
				"foot_right": {
					"rotation": [30, 0, 0]
				},
				"torso": {
					"rotation": [60, 0, 0]
				}
			}
		},
		"animation.wooper.sleep": {
			"loop": true,
			"bones": {
				"head": {
					"rotation": ["10+2*math.sin(q.anim_time*90*1.5-90)", 0, 0]
				},
				"lefteyelid": {
					"position": [0, 0, -0.1]
				},
				"righteyelid": {
					"position": [0, 0, -0.1]
				},
				"gills_left": {
					"rotation": ["1.5*math.sin(q.anim_time*90*1.5-90)", 0, 0]
				},
				"gills_right": {
					"rotation": ["1.5*math.sin(q.anim_time*90*1.5-90)", 0, 0]
				},
				"mouth_closed": {
					"position": [0, 0, 0.1]
				},
				"mouth_open_small": {
					"position": [0, 0, -0.1]
				},
				"tail": {
					"rotation": ["-25+(-2.5)*math.sin(q.anim_time*90*1.5)", 0, 0]
				},
				"tail2": {
					"rotation": ["12.5+(2.5)*math.sin(q.anim_time*90*1.5)", 0, 0]
				},
				"foot_left": {
					"rotation": ["-50+1*math.sin(q.anim_time*90*1.5-45)", -25, 0],
					"position": [0, 0.5, -3]
				},
				"foot_right": {
					"rotation": ["-50+1*math.sin(q.anim_time*90*1.5-45)", 25, 0],
					"position": [0, 0.5, -3]
				},
				"torso": {
					"rotation": ["5+2*math.sin(q.anim_time*90*1.5)", 0, 0],
					"position": [0, -1, "0.1-0.1*math.sin(q.anim_time*90*1.5)"]
				}
			}
		},
		"animation.wooper.faint": {
			"animation_length": 3,
			"bones": {
				"body": {
					"position": {
						"0.9167": [0, 0, 0],
						"1.0": [0, 0, -4],
						"1.0833": [0, -0.5, -6],
						"1.1667": [0, 0, -7],
						"1.2917": [0, 0, -7.75],
						"1.5": [0, 0, -8]
					}
				},
				"head": {
					"rotation": {
						"0.0": [0, "20*math.sin(q.anim_time*90*4)*math.sin(q.anim_time*90*6)", 0],
						"0.0833": [-5, 3.54, 0],
						"0.1667": [0, 0, 0],
						"0.25": [5, 0, 0],
						"0.3333": [10, "20*math.sin(q.anim_time*90*4)*math.sin(q.anim_time*90*6)", 0],
						"0.9167": [-7.5, 0, 0],
						"1.0833": [-45, 0, 0],
						"1.125": [20, 0, 0],
						"1.2083": [4.17, 0, 0],
						"1.25": [7.5, 0, 0]
					}
				},
				"lefteyelid": {
					"position": {
						"0.0": [0, 0, 0],
						"0.0833": [0, 0, 0],
						"0.125": [0, 0, -0.1],
						"0.3333": [0, 0, -0.1],
						"0.375": [0, 0, 0],
						"0.875": [0, 0, 0],
						"0.9167": [0, 0, -0.1]
					}
				},
				"righteyelid": {
					"position": {
						"0.0": [0, 0, 0],
						"0.0833": [0, 0, 0],
						"0.125": [0, 0, -0.1],
						"0.3333": [0, 0, -0.1],
						"0.375": [0, 0, 0],
						"0.875": [0, 0, 0],
						"0.9167": [0, 0, -0.1]
					}
				},
				"gills_left": {
					"rotation": {
						"0.0": [0, 0, 0],
						"0.0833": [0, 0, -5],
						"0.2083": [0, 0, 0],
						"0.3333": [0, 0, 7.5],
						"0.5833": [0, 0, 0],
						"0.8333": [0, 0, 0],
						"0.9167": [0, 0, 0],
						"1.0": [0, -22.5, 0],
						"1.0833": [0, -22.5, 0],
						"1.1667": [0, 15, 0],
						"1.25": [0, -5, 0],
						"1.3333": [0, 0, 0]
					}
				},
				"gills_right": {
					"rotation": {
						"0.0": [0, 0, 0],
						"0.0833": [0, 0, 5],
						"0.2083": [0, 0, 0],
						"0.3333": [0, 0, -7.5],
						"0.5833": [0, 0, 0],
						"0.8333": [0, 0, 0],
						"0.9167": [0, 0, 0],
						"1.0": [0, 22.5, 0],
						"1.0833": [0, 22.5, 0],
						"1.1667": [0, -15, 0],
						"1.25": [0, 5, 0],
						"1.3333": [0, 0, 0]
					}
				},
				"mouth_closed": {
					"position": [0, 0, 0.1]
				},
				"mouth_open_small": {
					"position": [0, 0, -0.1]
				},
				"tail": {
					"rotation": {
						"0.0": [-12.5, 0, 0],
						"0.125": [5, 0, 0],
						"0.2083": [5, 0, 0],
						"0.2917": [-15.5, 0, 0],
						"0.5417": [0, 0, 0],
						"0.9583": [25, 0, 0],
						"1.0417": [-80, 0, 0],
						"1.1667": [-40.25, 0, 0],
						"1.2917": [-70, 0, 0]
					}
				},
				"tail2": {
					"rotation": {
						"0.0": [5, 0, 0],
						"0.0833": [-2.5, 0, 0],
						"0.1667": [0, 0, 0],
						"0.25": [-7.5, 0, 0],
						"0.2917": [-5, 0, 0],
						"0.375": [4.17, 0, 0],
						"0.7917": [-5, 0, 0],
						"0.9583": [0, 0, 0],
						"1.0": [15, 0, 0],
						"1.0417": [0, 0, 0],
						"1.0833": [-32.5, 0, 0],
						"1.1667": {
							"pre": [7.5, 0, 0],
							"post": [7.5, 0, 0],
							"lerp_mode": "catmullrom"
						},
						"1.25": {
							"post": [12.5, 0, 0],
							"lerp_mode": "catmullrom"
						},
						"1.3333": [-25, 0, 0],
						"1.4167": [-12.5, 0, 0]
					}
				},
				"foot_left": {
					"rotation": {
						"0.0": [0, -7.5, 0],
						"0.2083": {
							"pre": [-3, -7.5, 0],
							"post": [-3, -7.5, 0],
							"lerp_mode": "catmullrom"
						},
						"0.4583": [17.5, -7.5, 0],
						"0.75": [22.5, -7.5, 0],
						"0.9167": [22.5, -7.5, 0],
						"0.9583": [35, -7.5, 0],
						"1.0": [67.5, -7.5, -25],
						"1.0833": [137.5, 45, 0],
						"1.1667": [212.5, 45, 0],
						"1.25": [145, 45, 0],
						"1.3333": [160, 45, 0]
					},
					"position": {
						"0.0": [0, 0, 0],
						"0.2083": {
							"pre": [0, -0.3, 0.1],
							"post": [0, -0.3, 0.1],
							"lerp_mode": "catmullrom"
						},
						"0.4583": [0, 1.2, -0.4],
						"0.75": [0, 1.6, -0.6],
						"0.875": [0, 1.6, -0.6],
						"0.9583": [0, 1.6, 0],
						"1.0": [0, 2.4, 0.7],
						"1.0833": [0, 2.5, -1.6],
						"1.25": [0, 3.5, -1.6],
						"1.3333": [0, 3.5, -1.6]
					}
				},
				"foot_right": {
					"rotation": {
						"0.0": [0, 7.5, 0],
						"0.2083": {
							"pre": [-3, 7.5, 0],
							"post": [-3, 7.5, 0],
							"lerp_mode": "catmullrom"
						},
						"0.4583": [17.5, 7.5, 0],
						"0.75": [22.5, 7.5, 0],
						"0.9167": [22.5, 7.5, 0],
						"0.9583": [35, 7.5, 0],
						"1.0": [67.5, 7.5, 25],
						"1.0833": [137.5, -45, 0],
						"1.1667": [212.5, -45, 0],
						"1.25": [145, -45, 0],
						"1.3333": [160, -45, 0]
					},
					"position": {
						"0.0": [0, 0, 0],
						"0.2083": {
							"pre": [0, -0.3, 0.1],
							"post": [0, -0.3, 0.1],
							"lerp_mode": "catmullrom"
						},
						"0.4583": [0, 1.2, -0.4],
						"0.75": [0, 1.6, -0.6],
						"0.875": [0, 1.6, -0.6],
						"0.9583": [0, 1.6, 0],
						"1.0": [0, 2.4, 0.7],
						"1.0833": [0, 2.5, -1.6],
						"1.25": [0, 3.5, -1.6],
						"1.3333": [0, 3.5, -1.6]
					}
				},
				"torso": {
					"rotation": {
						"0.0": {
							"post": [0, 0, 0],
							"lerp_mode": "catmullrom"
						},
						"0.1667": {
							"post": [2.5, 0, 0],
							"lerp_mode": "catmullrom"
						},
						"0.25": {
							"post": [10, 0, 0],
							"lerp_mode": "catmullrom"
						},
						"0.875": [-2.5, 0, 0],
						"0.9583": [-11.25, 0, 0],
						"1.0": [26.25, 0, 0],
						"1.0833": [92.5, 0, 0],
						"1.1667": [85, 0, 0],
						"1.25": [85, 0, 0]
					},
					"position": {
						"0.0": [0, 0, 0],
						"0.1667": [0, -0.5, 0.25],
						"0.3333": {
							"pre": [0, 0.7, 0.05],
							"post": [0, 0.7, 0.05],
							"lerp_mode": "catmullrom"
						},
						"0.875": [0, 1, 0],
						"1.0": [0, -0.12, -2.64],
						"1.0833": [0, -1.7, -4.4],
						"1.125": [0, -1.3, -4.4],
						"1.1667": [0, -1.1, -4.4],
						"1.2083": [0, -1.25, -4.45],
						"1.25": [0, -1.6, -4.5],
						"1.2917": [0, -1.5, -4.5],
						"1.3333": [0, -1.6, -4.5]
					},
					"scale": {
						"1.0417": [1, 1, 1],
						"1.0833": [1.1, 1, 0.7],
						"1.125": [0.8, 1, 1.2],
						"1.1667": [1, 1, 1]
					}
				}
			}
		},
		"animation.wooper.cry": {
			"animation_length": 1.58333,
			"bones": {
				"head": {
					"rotation": {
						"0.0": {
							"post": [0, 0, 0],
							"lerp_mode": "catmullrom"
						},
						"0.0833": {
							"post": [-2.5, 0, 0],
							"lerp_mode": "catmullrom"
						},
						"0.1667": {
							"post": [0, 0, 0],
							"lerp_mode": "catmullrom"
						},
						"0.25": [2.5, 0, 0],
						"0.3333": [2.33, 0, 0],
						"0.4583": {
							"pre": [-3.53, 0, 0],
							"post": [-3.53, 0, 0],
							"lerp_mode": "catmullrom"
						},
						"0.75": {
							"post": [-2.5, 0, 0],
							"lerp_mode": "catmullrom"
						},
						"1.125": {
							"post": [2.5, 0, 0],
							"lerp_mode": "catmullrom"
						},
						"1.375": {
							"post": [0, 0, 0],
							"lerp_mode": "catmullrom"
						}
					}
				},
				"lefteyelid": {
					"position": {
						"0.0": [0, 0, 0],
						"0.0417": [0, 0, -0.1],
						"0.25": [0, 0, -0.1],
						"0.2917": [0, 0, 0]
					}
				},
				"righteyelid": {
					"position": {
						"0.0": [0, 0, 0],
						"0.0417": [0, 0, -0.1],
						"0.25": [0, 0, -0.1],
						"0.2917": [0, 0, 0]
					}
				},
				"mouth_closed": {
					"position": {
						"0.25": [0, 0, 0],
						"0.2917": [0, 0, 0.1],
						"0.875": [0, 0, 0.1],
						"0.9167": [0, 0, 0]
					}
				},
				"mouth_open_wide": {
					"position": {
						"0.25": [0, 0, 0],
						"0.2917": {"pre": [0, 0, 0], "post": [0, 0, -0.1]},
						"0.875": {"pre": [0, 0, -0.1], "post": [0, 0, -0.1]},
						"0.9167": {"pre": [0, 0, -0.1], "post": [0, 0, 0]}
					}
				},
				"foot_left": {
					"rotation": {
						"0.0": [0, 0, 0],
						"0.125": [-5, 0, 0],
						"0.2083": {
							"pre": [-5, 0, 0],
							"post": [-5, 0, 0],
							"lerp_mode": "catmullrom"
						},
						"0.3333": {
							"post": [9.07, 0, 0],
							"lerp_mode": "catmullrom"
						},
						"0.5833": {
							"post": [15, 0, 0],
							"lerp_mode": "catmullrom"
						},
						"0.9583": {
							"post": [-2.5, 0, 0],
							"lerp_mode": "catmullrom"
						},
						"1.25": [0, 0, 0]
					},
					"position": {
						"0.0": [0, 0, 0],
						"0.125": [0, -0.4, 0.2],
						"0.2083": {
							"pre": [0, -0.4, 0.2],
							"post": [0, -0.4, 0.2],
							"lerp_mode": "catmullrom"
						},
						"0.3333": {
							"post": [0, 0.66, -0.22],
							"lerp_mode": "catmullrom"
						},
						"0.5833": {
							"post": [0, 1.1, -0.4],
							"lerp_mode": "catmullrom"
						},
						"0.9583": {
							"post": [0, -0.2, 0.1],
							"lerp_mode": "catmullrom"
						},
						"1.25": [0, 0, 0]
					}
				},
				"foot_right": {
					"rotation": {
						"0.0": [0, 0, 0],
						"0.125": [-5, 0, 0],
						"0.2083": {
							"pre": [-5, 0, 0],
							"post": [-5, 0, 0],
							"lerp_mode": "catmullrom"
						},
						"0.3333": {
							"post": [9.07, 0, 0],
							"lerp_mode": "catmullrom"
						},
						"0.5833": {
							"post": [15, 0, 0],
							"lerp_mode": "catmullrom"
						},
						"0.9583": {
							"post": [-2.5, 0, 0],
							"lerp_mode": "catmullrom"
						},
						"1.25": [0, 0, 0]
					},
					"position": {
						"0.0": [0, 0, 0],
						"0.125": [0, -0.4, 0.2],
						"0.2083": {
							"pre": [0, -0.4, 0.2],
							"post": [0, -0.4, 0.2],
							"lerp_mode": "catmullrom"
						},
						"0.3333": {
							"post": [0, 0.66, -0.22],
							"lerp_mode": "catmullrom"
						},
						"0.5833": {
							"post": [0, 1.1, -0.4],
							"lerp_mode": "catmullrom"
						},
						"0.9583": {
							"post": [0, -0.2, 0.1],
							"lerp_mode": "catmullrom"
						},
						"1.25": [0, 0, 0]
					}
				},
				"torso": {
					"position": {
						"0.0": [0, 0, 0],
						"0.1667": {
							"pre": [0, -0.4, 0.2],
							"post": [0, -0.4, 0.2],
							"lerp_mode": "catmullrom"
						},
						"0.3333": {
							"post": [0, 0.7, 0.4],
							"lerp_mode": "catmullrom"
						},
						"0.5833": {
							"post": [0, 0.8, -0.2],
							"lerp_mode": "catmullrom"
						},
						"0.9583": {
							"post": [0, -0.1, -0.1],
							"lerp_mode": "catmullrom"
						},
						"1.25": [0, 0, 0]
					}
				}
			}
		},
		"animation.wooper.blink": {
			"animation_length": 0.20833,
			"bones": {
				"lefteyelid": {
					"position": {
						"0.0": [0, 0, -0.1],
						"0.1667": [0, 0, -0.1],
						"0.2083": [0, 0, 0]
					}
				},
				"righteyelid": {
					"position": {
						"0.0": [0, 0, -0.1],
						"0.1667": [0, 0, -0.1],
						"0.2083": [0, 0, 0]
					}
				}
			}
		},
		"animation.wooper.ground_idle_old": {
			"loop": true,
			"bones": {
				"tail": {
					"rotation": ["-12.5+2*math.sin(q.anim_time*90*2-90)", 0, 0]
				},
				"tail2": {
					"rotation": ["7.5-3*math.sin(q.anim_time*90*2+45)", 0, 0]
				},
				"torso": {
					"rotation": ["math.sin(q.anim_time*90*2)", 0, 0],
					"position": [0, "-0.1+0.1*math.sin(q.anim_time*90*2-90)", 0]
				},
				"head": {
					"rotation": ["2*math.sin(q.anim_time*90*2-45)", 0, 0],
					"position": [0, "-.1+.1*math.sin(q.anim_time*90*2-90)", 0]
				},
				"gills_left": {
					"rotation": ["2*math.sin(q.anim_time*90*2)", 0, 0]
				},
				"gills_right": {
					"rotation": ["2*math.sin(q.anim_time*90*2)", 0, 0]
				}
			}
		}
	}
}