{
	"credit": "Made with Blockbench",
	"texture_size": [32, 32],
	"textures": {
		"0": "block/custom/nhdawn",
		"particle": "block/custom/nhdawn"
	},
	"elements": [
		{
			"name": "hatbase",
			"from": [4.5, 4.5, 4.5],
			"to": [11.5, 8.5, 11.5],
			"rotation": {"angle": 0, "axis": "y", "origin": [0, 4, 0]},
			"faces": {
				"north": {"uv": [0, 7, 3.5, 9], "texture": "#0"},
				"east": {"uv": [7, 0, 10.5, 2], "texture": "#0"},
				"south": {"uv": [7, 2, 10.5, 4], "texture": "#0"},
				"west": {"uv": [3.5, 7, 7, 9], "texture": "#0"},
				"up": {"uv": [3.5, 3.5, 0, 0], "texture": "#0"},
				"down": {"uv": [3.5, 3.5, 0, 7], "texture": "#0"}
			}
		},
		{
			"name": "hatflop",
			"from": [6, 7, 10],
			"to": [10, 10.5, 13.5],
			"rotation": {"angle": 45, "axis": "x", "origin": [8, 9, 9.5]},
			"faces": {
				"north": {"uv": [7, 4, 9, 5.75], "texture": "#0"},
				"east": {"uv": [2, 9, 3.75, 10.75], "texture": "#0"},
				"south": {"uv": [7, 6, 9, 7.75], "texture": "#0"},
				"west": {"uv": [4, 9, 5.75, 10.75], "texture": "#0"},
				"up": {"uv": [9, 9.75, 7, 8], "texture": "#0"},
				"down": {"uv": [2, 9, 0, 10.75], "texture": "#0"}
			}
		}
	],
	"display": {
		"thirdperson_righthand": {
			"rotation": [50, 0, 0],
			"translation": [0.75, 2, 0],
			"scale": [0.75, 0.75, 0.75]
		},
		"thirdperson_lefthand": {
			"rotation": [50, 0, 0],
			"translation": [0.75, 2, 0],
			"scale": [0.75, 0.75, 0.75]
		},
		"firstperson_righthand": {
			"rotation": [0, 130, 0],
			"translation": [0, 4, 0],
			"scale": [0.8, 0.8, 0.8]
		},
		"firstperson_lefthand": {
			"rotation": [0, 130, 0],
			"translation": [0, 4, 0],
			"scale": [0.8, 0.8, 0.8]
		},
		"ground": {
			"translation": [0, 4, 0],
			"scale": [0.7, 0.7, 0.7]
		},
		"gui": {
			"rotation": [-153.5, 31.25, -180],
			"translation": [0, 2.5, 0]
		},
		"head": {
			"translation": [0, 7.75, 0],
			"scale": [2.15, 2.15, 2.15]
		},
		"fixed": {
			"rotation": [-90, 0, 0],
			"translation": [0, 0, -6.5],
			"scale": [2, 2, 2]
		}
	}
}