{
	"credit": "Made with Blockbench",
	"texture_size": [32, 32],
	"textures": {
		"0": "block/custom/nhlucas",
		"particle": "block/custom/nhlucas"
	},
	"elements": [
		{
			"name": "hatback",
			"from": [4.5, 1, 6.5],
			"to": [11.5, 4.5, 12],
			"faces": {
				"north": {"uv": [3.5, 6, 7, 7.75], "texture": "#0"},
				"east": {"uv": [7, 3, 9.75, 4.75], "texture": "#0"},
				"south": {"uv": [0, 7, 3.5, 8.75], "texture": "#0"},
				"west": {"uv": [7, 5, 9.75, 6.75], "texture": "#0"},
				"up": {"uv": [7, 2.75, 3.5, 0], "texture": "#0"},
				"down": {"uv": [7, 3, 3.5, 5.75], "texture": "#0"}
			}
		},
		{
			"name": "hatbrim",
			"from": [4.75, 0.5, 5],
			"to": [11.25, 1, 11.75],
			"faces": {
				"north": {"uv": [3.5, 9.5, 6.75, 9.75], "texture": "#0"},
				"east": {"uv": [0, 9, 3.5, 9.25], "texture": "#0"},
				"south": {"uv": [0, 10, 3.25, 10.25], "texture": "#0"},
				"west": {"uv": [0, 9.5, 3.5, 9.75], "texture": "#0"},
				"up": {"uv": [3.25, 3.5, 0, 0], "texture": "#0"},
				"down": {"uv": [3.25, 3.5, 0, 7], "texture": "#0"}
			}
		},
		{
			"name": "hatfront",
			"from": [4.5, 1, 4.25],
			"to": [11.5, 4, 6.5],
			"faces": {
				"north": {"uv": [7, 0, 10.5, 1.5], "texture": "#0"},
				"east": {"uv": [7, 8.5, 8.25, 10], "texture": "#0"},
				"south": {"uv": [7, 1.5, 10.5, 3], "texture": "#0"},
				"west": {"uv": [8.5, 8.5, 9.75, 10], "texture": "#0"},
				"up": {"uv": [10.5, 8.25, 7, 7], "texture": "#0"},
				"down": {"uv": [7, 8, 3.5, 9.25], "texture": "#0"}
			}
		}
	],
	"display": {
		"thirdperson_righthand": {
			"rotation": [30, 0, 0],
			"translation": [0, 4.5, 1.5],
			"scale": [0.75, 0.75, 0.75]
		},
		"thirdperson_lefthand": {
			"rotation": [30, 0, 0],
			"translation": [0, 4.5, 1.5],
			"scale": [0.75, 0.75, 0.75]
		},
		"firstperson_righthand": {
			"rotation": [0, 25, 0],
			"translation": [0, 7, 0],
			"scale": [0.8, 0.8, 0.8]
		},
		"firstperson_lefthand": {
			"rotation": [0, 25, 0],
			"translation": [0, 7, 0],
			"scale": [0.8, 0.8, 0.8]
		},
		"ground": {
			"translation": [0, 3, 0],
			"scale": [0.75, 0.75, 0.75]
		},
		"gui": {
			"rotation": [-160.75, 47, -180],
			"translation": [0, 4.25, 0]
		},
		"head": {
			"translation": [0, 16.5, -0.75],
			"scale": [2.25, 2.25, 2.25]
		},
		"fixed": {
			"rotation": [-90, 0, 0],
			"translation": [0, 0, -14.75],
			"scale": [2, 2, 2]
		}
	},
	"groups": [
		{
			"name": "hat",
			"origin": [0, 0, 0],
			"color": 0,
			"children": [0, 1, 2]
		}
	]
}