{
	"credit": "Made with Blockbench",
	"texture_size": [32, 32],
	"textures": {
		"0": "block/custom/dawnhat",
		"particle": "block/custom/dawnhat"
	},
	"elements": [
		{
			"name": "hatbase",
			"from": [4.5, 4.5, 4.5],
			"to": [11.5, 8.5, 11.5],
			"rotation": {"angle": 0, "axis": "y", "origin": [0, 4, 0]},
			"faces": {
				"north": {"uv": [0, 7, 3.5, 9], "texture": "#0"},
				"east": {"uv": [7, 0, 10.5, 2], "texture": "#0"},
				"south": {"uv": [7, 2, 10.5, 4], "texture": "#0"},
				"west": {"uv": [3.5, 7, 7, 9], "texture": "#0"},
				"up": {"uv": [3.5, 3.5, 0, 0], "texture": "#0"},
				"down": {"uv": [3.5, 3.5, 0, 7], "texture": "#0"}
			}
		},
		{
			"name": "hatflop",
			"from": [6, 7, 10],
			"to": [10, 10.5, 13.5],
			"rotation": {"angle": 45, "axis": "x", "origin": [8, 9, 9.5]},
			"faces": {
				"north": {"uv": [7, 4, 9, 5.75], "texture": "#0"},
				"east": {"uv": [2, 9, 3.75, 10.75], "texture": "#0"},
				"south": {"uv": [7, 6, 9, 7.75], "texture": "#0"},
				"west": {"uv": [4, 9, 5.75, 10.75], "texture": "#0"},
				"up": {"uv": [9, 9.75, 7, 8], "texture": "#0"},
				"down": {"uv": [2, 9, 0, 10.75], "texture": "#0"}
			}
		},
		{
			"name": "hairclipL",
			"from": [4.25, 3.5, 4.25],
			"to": [5.5, 4.5, 5.5],
			"faces": {
				"north": {"uv": [10.5, 0, 11.25, 0.5], "texture": "#0"},
				"east": {"uv": [10.5, 0.5, 11.25, 1], "texture": "#0"},
				"south": {"uv": [10.5, 1, 11.25, 1.5], "texture": "#0"},
				"west": {"uv": [10.5, 1.5, 11.25, 2], "texture": "#0"},
				"up": {"uv": [10.75, 8.75, 10, 8], "texture": "#0"},
				"down": {"uv": [9.75, 10, 9, 10.75], "texture": "#0"}
			}
		},
		{
			"name": "hairclipR",
			"from": [10.5, 3.5, 4.25],
			"to": [11.75, 4.5, 5.5],
			"faces": {
				"north": {"uv": [10.5, 2, 11.25, 2.5], "texture": "#0"},
				"east": {"uv": [10.5, 2.5, 11.25, 3], "texture": "#0"},
				"south": {"uv": [10.5, 3, 11.25, 3.5], "texture": "#0"},
				"west": {"uv": [10.5, 3.5, 11.25, 4], "texture": "#0"},
				"up": {"uv": [10.75, 9.75, 10, 9], "texture": "#0"},
				"down": {"uv": [10.75, 10, 10, 10.75], "texture": "#0"}
			}
		},
		{
			"name": "bangL",
			"from": [4, -0.5, 4.75],
			"to": [6, 3.5, 4.75],
			"rotation": {"angle": 45, "axis": "y", "origin": [5, 3.5, 5]},
			"faces": {
				"north": {"uv": [6, 9, 7, 11], "texture": "#0"},
				"east": {"uv": [0, 0, 0, 2], "texture": "#0"},
				"south": {"uv": [9, 8, 10, 10], "texture": "#0"},
				"west": {"uv": [0, 0, 0, 2], "texture": "#0"},
				"up": {"uv": [1, 0, 0, 0], "texture": "#0"},
				"down": {"uv": [1, 0, 0, 0], "texture": "#0"}
			}
		},
		{
			"name": "bangR",
			"from": [10, -0.5, 4.75],
			"to": [12, 3.5, 4.75],
			"rotation": {"angle": -45, "axis": "y", "origin": [11, 3.5, 5]},
			"faces": {
				"north": {"uv": [7, 10, 8, 12], "texture": "#0"},
				"east": {"uv": [0, 0, 0, 2], "texture": "#0"},
				"south": {"uv": [8, 10, 9, 12], "texture": "#0"},
				"west": {"uv": [0, 0, 0, 2], "texture": "#0"},
				"up": {"uv": [1, 0, 0, 0], "texture": "#0"},
				"down": {"uv": [1, 0, 0, 0], "texture": "#0"}
			}
		},
		{
			"name": "hairL",
			"from": [4.5, 2.5, 5.5],
			"to": [4.5, 4.5, 11.1],
			"rotation": {"angle": 0, "axis": "y", "origin": [11, 4, 5.5]},
			"faces": {
				"north": {"uv": [0, 0, 0, 1], "texture": "#0"},
				"east": {"uv": [9, 6, 11.75, 7], "texture": "#0"},
				"south": {"uv": [0, 0, 0, 1], "texture": "#0"},
				"west": {"uv": [9, 7, 11.75, 8], "texture": "#0"},
				"up": {"uv": [0, 2.75, 0, 0], "texture": "#0"},
				"down": {"uv": [0, 0, 0, 2.75], "texture": "#0"}
			}
		},
		{
			"name": "hairR",
			"from": [11.5, 2.5, 5.5],
			"to": [11.5, 4.5, 11.1],
			"rotation": {"angle": 0, "axis": "y", "origin": [11, 4, 5.5]},
			"faces": {
				"north": {"uv": [0, 0, 0, 1], "texture": "#0"},
				"east": {"uv": [9, 4, 11.75, 5], "texture": "#0"},
				"south": {"uv": [0, 0, 0, 1], "texture": "#0"},
				"west": {"uv": [9, 5, 11.75, 6], "texture": "#0"},
				"up": {"uv": [0, 2.75, 0, 0], "texture": "#0"},
				"down": {"uv": [0, 0, 0, 2.75], "texture": "#0"}
			}
		},
		{
			"name": "hairback",
			"from": [4.5, -2.5, 11.1],
			"to": [11.5, 4.5, 11.1],
			"rotation": {"angle": 0, "axis": "y", "origin": [0, 4, 0]},
			"faces": {
				"north": {"uv": [3.5, 0, 7, 3.5], "texture": "#0"},
				"east": {"uv": [0, 0, 0, 3.5], "texture": "#0"},
				"south": {"uv": [3.5, 3.5, 7, 7], "texture": "#0"},
				"west": {"uv": [0, 0, 0, 3.5], "texture": "#0"},
				"up": {"uv": [3.5, 0, 0, 0], "texture": "#0"},
				"down": {"uv": [3.5, 0, 0, 0], "texture": "#0"}
			}
		}
	],
	"display": {
		"thirdperson_righthand": {
			"rotation": [50, 0, 0],
			"translation": [0.75, 2, 0],
			"scale": [0.75, 0.75, 0.75]
		},
		"thirdperson_lefthand": {
			"rotation": [50, 0, 0],
			"translation": [0.75, 2, 0],
			"scale": [0.75, 0.75, 0.75]
		},
		"firstperson_righthand": {
			"rotation": [0, 130, 0],
			"translation": [0, 4, 0],
			"scale": [0.8, 0.8, 0.8]
		},
		"firstperson_lefthand": {
			"rotation": [0, 130, 0],
			"translation": [0, 4, 0],
			"scale": [0.8, 0.8, 0.8]
		},
		"ground": {
			"translation": [0, 4, 0],
			"scale": [0.7, 0.7, 0.7]
		},
		"gui": {
			"rotation": [-153.5, 31.25, -180],
			"translation": [0, 2.5, 0]
		},
		"head": {
			"translation": [0, 7.75, 0],
			"scale": [2.1, 2.1, 2.1]
		},
		"fixed": {
			"rotation": [-90, 0, 0],
			"translation": [0, 0, -6.5],
			"scale": [2, 2, 2]
		}
	}
}