{
	"credit": "Made with Blockbench",
	"texture_size": [32, 32],
	"textures": {
		"0": "block/custom/krishat",
		"particle": "block/custom/krishat"
	},
	"elements": [
		{
			"name": "bang_L1",
			"from": [7.96574, -1.8, 5.22292],
			"to": [13.71574, 4.45, 5.22292],
			"rotation": {"angle": 45, "axis": "y", "origin": [8, -1, 6]},
			"faces": {
				"north": {"uv": [6.5, 7, 3.5, 10.25], "texture": "#0"},
				"east": {"uv": [0, 0, 0, 3.25], "texture": "#0"},
				"south": {"uv": [10, 3.5, 7, 6.75], "texture": "#0"},
				"west": {"uv": [0, 0, 0, 3.25], "texture": "#0"},
				"up": {"uv": [0, 0, 0, 3], "rotation": 270, "texture": "#0"},
				"down": {"uv": [0, 3, 0, 0], "rotation": 90, "texture": "#0"}
			}
		},
		{
			"name": "bang_L2",
			"from": [8.25, -3.6, 5.25],
			"to": [15, 2.9, 5.25],
			"rotation": {"angle": 45, "axis": "y", "origin": [8.5, -1, 3.5]},
			"faces": {
				"north": {"uv": [7, 0, 3.5, 3.25], "texture": "#0"},
				"east": {"uv": [0, 0, 0, 3.25], "texture": "#0"},
				"south": {"uv": [7, 3.5, 3.5, 6.75], "texture": "#0"},
				"west": {"uv": [0, 0, 0, 3.25], "texture": "#0"},
				"up": {"uv": [0, 0, 3.5, 0], "texture": "#0"},
				"down": {"uv": [0, 0, 3.5, 0], "texture": "#0"}
			}
		},
		{
			"name": "bang_R1",
			"from": [2.28426, -1.8, 5.22292],
			"to": [8.03426, 4.45, 5.22292],
			"rotation": {"angle": -45, "axis": "y", "origin": [8, -1, 6]},
			"faces": {
				"north": {"uv": [3.5, 7, 6.5, 10.25], "texture": "#0"},
				"east": {"uv": [0, 0, 0, 3.25], "texture": "#0"},
				"south": {"uv": [7, 3.5, 10, 6.75], "texture": "#0"},
				"west": {"uv": [0, 0, 0, 3.25], "texture": "#0"},
				"up": {"uv": [0, 3, 0, 0], "rotation": 270, "texture": "#0"},
				"down": {"uv": [0, 0, 0, 3], "rotation": 90, "texture": "#0"}
			}
		},
		{
			"name": "bang_R2",
			"from": [1, -3.6, 5.25],
			"to": [7.75, 2.9, 5.25],
			"rotation": {"angle": -45, "axis": "y", "origin": [7.5, -1, 3.5]},
			"faces": {
				"north": {"uv": [3.5, 0, 7, 3.25], "texture": "#0"},
				"east": {"uv": [0, 0, 0, 3.25], "texture": "#0"},
				"south": {"uv": [3.5, 3.5, 7, 6.75], "texture": "#0"},
				"west": {"uv": [0, 0, 0, 3.25], "texture": "#0"},
				"up": {"uv": [3.5, 0, 0, 0], "texture": "#0"},
				"down": {"uv": [3.5, 0, 0, 0], "texture": "#0"}
			}
		},
		{
			"name": "hair_L1",
			"from": [3.3, -3.35, 10.5],
			"to": [8, 0.1, 10.5],
			"rotation": {"angle": 22.5, "axis": "y", "origin": [8, 1.25, 10.5]},
			"faces": {
				"north": {"uv": [12.5, 8, 14.75, 9.75], "texture": "#0"},
				"east": {"uv": [0, 0, 0, 1.75], "texture": "#0"},
				"south": {"uv": [9.5, 12.5, 11.75, 14.25], "texture": "#0"},
				"west": {"uv": [0, 0, 0, 1.75], "texture": "#0"},
				"up": {"uv": [2.25, 0, 0, 0], "texture": "#0"},
				"down": {"uv": [2.25, 0, 0, 0], "texture": "#0"}
			}
		},
		{
			"name": "hair_L2",
			"from": [0.12827, -3.35, 14.85429],
			"to": [6.32827, 1.1, 14.85429],
			"rotation": {"angle": -45, "axis": "y", "origin": [8.07827, 1.25, 10.35429]},
			"faces": {
				"north": {"uv": [10.5, 0, 13.5, 2.25], "texture": "#0"},
				"east": {"uv": [0, 0, 0, 2.25], "texture": "#0"},
				"south": {"uv": [3, 10.5, 6, 12.75], "texture": "#0"},
				"west": {"uv": [0, 0, 0, 2.25], "texture": "#0"},
				"up": {"uv": [3, 0, 0, 0], "texture": "#0"},
				"down": {"uv": [3, 0, 0, 0], "texture": "#0"}
			}
		},
		{
			"name": "hair_R1",
			"from": [8, -3.35, 10.5],
			"to": [12.7, 0.1, 10.5],
			"rotation": {"angle": -22.5, "axis": "y", "origin": [8, 1.25, 10.5]},
			"faces": {
				"north": {"uv": [14.75, 8, 12.5, 9.75], "texture": "#0"},
				"east": {"uv": [0, 0, 0, 1.75], "texture": "#0"},
				"south": {"uv": [11.75, 12.5, 9.5, 14.25], "texture": "#0"},
				"west": {"uv": [0, 0, 0, 1.75], "texture": "#0"},
				"up": {"uv": [0, 0, 2.25, 0], "texture": "#0"},
				"down": {"uv": [0, 0, 2.25, 0], "texture": "#0"}
			}
		},
		{
			"name": "hair_R2",
			"from": [9.67173, -3.35, 14.85429],
			"to": [15.87173, 1.1, 14.85429],
			"rotation": {"angle": 45, "axis": "y", "origin": [7.92173, 1.25, 10.35429]},
			"faces": {
				"north": {"uv": [13.5, 0, 10.5, 2.25], "texture": "#0"},
				"east": {"uv": [0, 0, 0, 2.25], "texture": "#0"},
				"south": {"uv": [6, 10.5, 3, 12.75], "texture": "#0"},
				"west": {"uv": [0, 0, 0, 2.25], "texture": "#0"},
				"up": {"uv": [0, 0, 3, 0], "texture": "#0"},
				"down": {"uv": [0, 0, 3, 0], "texture": "#0"}
			}
		}
	],
	"display": {
		"thirdperson_righthand": {
			"rotation": [35.25, 0, 0],
			"translation": [0, 5.25, 1.75],
			"scale": [0.5, 0.5, 0.5]
		},
		"thirdperson_lefthand": {
			"rotation": [35.25, 0, 0],
			"translation": [0, 5.25, 1.75],
			"scale": [0.5, 0.5, 0.5]
		},
		"firstperson_righthand": {
			"rotation": [-152, 50, 170],
			"translation": [0.25, 7.75, 0],
			"scale": [0.75, 0.75, 0.75]
		},
		"firstperson_lefthand": {
			"rotation": [-152, 50, 170],
			"translation": [0.25, 7.75, 0],
			"scale": [0.75, 0.75, 0.75]
		},
		"ground": {
			"translation": [0, 5.5, 0],
			"scale": [0.75, 0.75, 0.75]
		},
		"gui": {
			"rotation": [15.87, 25.7, 1.03],
			"translation": [0, 6.75, 0],
			"scale": [0.8, 0.8, 0.8]
		},
		"head": {
			"rotation": [7.75, 0, 0],
			"translation": [0, 16.25, 3.25],
			"scale": [2.25, 2.25, 2.25]
		},
		"fixed": {
			"translation": [0, 6.75, 0]
		}
	},
	"groups": [
		{
			"name": "bangs",
			"origin": [6.25, -1, 2.5],
			"color": 0,
			"children": [0, 1, 2, 3]
		},
		{
			"name": "hair",
			"origin": [14.06923, 0.5, 13.18335],
			"color": 0,
			"children": [4, 5, 6, 7]
		}
	]
}